image,context,cloud_frac,edge_density,big_blob_frac,n_candidates,prefilter_ms,gate_score,gate_keep,n_fp_0.05,n_tp_0.05,n_fp_0.25,n_tp_0.25,n_fp_0.4,n_tp_0.4,n_ships,ctx3
0002756f7.jpg,candidates,0.0,0.0884246826171875,0.0,7,85.24470002157614,0.5471787452697754,True,1,3,0,2,0,2,2,ships
00113a75c.jpg,candidates,0.0,0.0013682047526041667,0.0,11,54.138500010594726,0.9723090529441833,True,0,9,0,8,0,6,7,ships
001bcf222.jpg,land_coast,0.09331597222222222,0.0016698956410756114,0.12863928343517023,3,48.566099983872846,0.21173973381519318,True,0,3,0,1,0,0,1,coast
001db1e48.jpg,candidates,0.0,0.004550509982638889,0.0,99,50.42669997783378,0.4692758023738861,True,0,0,0,0,0,0,0,empty
0022f64e5.jpg,land_coast,0.0,0.3036007351345486,0.0,4,52.76120000053197,0.7808488607406616,True,0,1,0,1,0,1,1,coast
00293fb9e.jpg,empty_sea,0.0,0.0,0.0,0,48.69999998481944,0.08039592206478119,False,0,0,0,0,0,0,0,empty
002aa3894.jpg,candidates,0.015830145941840276,0.0012565666439618072,0.04359159677556333,52,55.162300006486475,0.30995726585388184,True,0,0,0,0,0,0,0,empty
00808d376.jpg,candidates,0.0,0.015092637803819444,0.0,17,49.78910001227632,0.013537809252738953,False,0,0,0,0,0,0,0,empty
0098456ff.jpg,candidates,0.0,0.006598578559027778,0.017625596788194444,19,50.2097999851685,0.9997157454490662,True,0,3,0,3,0,2,4,ships
009c1116c.jpg,land_coast,0.0,0.04633755154079861,0.1844024658203125,71,50.36969998036511,0.9987241625785828,True,4,2,1,1,0,0,1,coast
00a9adaa4.jpg,candidates,0.156982421875,0.0011431401275199637,0.056694798093390834,42,51.20250000618398,0.3637771010398865,True,0,6,0,5,0,4,5,ships
00b101ed7.jpg,candidates,0.0,0.0,0.0,1,49.112899985630065,0.6313344836235046,True,0,1,0,1,0,1,1,ships
00b3e6991.jpg,land_coast,0.0,0.2644195556640625,0.0,3,52.97589997644536,0.1266760677099228,True,1,2,0,1,0,1,1,coast
00c3aee3d.jpg,candidates,0.0,0.0042572021484375,0.0,36,48.66430000402033,0.9894894957542419,True,6,6,2,4,0,4,4,ships
00e603959.jpg,candidates,0.0,0.002600775824652778,0.0,2,51.567999995313585,0.9468654990196228,True,1,2,0,1,0,1,1,ships
00f34434e.jpg,candidates,0.0,0.013729519314236112,0.0,53,51.69310001656413,0.9798572659492493,True,2,5,0,4,0,3,3,ships
010cbbfa0.jpg,land_coast,0.0,0.17204793294270834,0.0,68,51.95720001938753,0.9651535749435425,True,0,6,0,0,0,0,3,coast
010e15afe.jpg,land_coast,0.0,0.042731391059027776,0.13090684678819445,55,49.35929999919608,0.9973115921020508,True,4,14,1,10,0,8,9,coast
0114cb925.jpg,candidates,0.0,0.003980848524305556,0.0,7,50.950300006661564,0.9421645998954773,True,12,4,3,2,0,2,2,ships
01178499a.jpg,candidates,0.0,0.0013020833333333333,0.0,17,48.481800011359155,0.9425647854804993,True,0,1,0,1,0,1,1,ships
012635ffd.jpg,candidates,0.0,0.0016699896918402778,0.0,3,50.31919997418299,0.9480426907539368,True,0,1,0,1,0,1,1,ships
014773cfa.jpg,candidates,0.0,5.9339735243055555e-05,0.0,1,49.69739998341538,0.824953556060791,True,0,2,0,1,0,1,1,ships
014c589c5.jpg,land_coast,0.0,0.18171861436631945,0.0,8,51.558999984990805,0.5690489411354065,True,0,5,0,2,0,0,2,coast
014f2454d.jpg,candidates,0.0,0.06665717230902778,0.0,55,52.37740001757629,0.8141859173774719,True,0,2,0,0,0,0,1,ships
014f42813.jpg,candidates,0.0,0.0004831949869791667,0.0,4,48.65300000528805,0.7955713868141174,True,0,1,0,1,0,1,1,ships
015369fd9.jpg,candidates,0.0,0.004338582356770833,0.0,45,49.25640000146814,0.6887058615684509,True,4,4,1,4,0,3,4,ships
015e56b00.jpg,candidates,0.0,0.00029839409722222225,0.0,9,50.643599999602884,0.8814244270324707,True,4,1,1,1,1,1,2,ships
0171499be.jpg,candidates,0.0,0.045249091254340276,0.0,51,50.4335000005085,0.653564453125,True,1,4,0,3,0,3,3,ships
017b8be5a.jpg,candidates,0.0,0.025080362955729168,0.0,4,49.96539998683147,0.5400194525718689,True,0,2,0,1,0,1,1,ships
01834cb80.jpg,candidates,0.0,0.002648247612847222,0.0,24,50.57269998360425,0.9289388656616211,True,0,1,0,1,0,1,1,ships
01933be65.jpg,candidates,0.0,7.120768229166667e-05,0.0,1,48.318699991796166,0.6676362752914429,True,0,1,0,1,0,1,1,ships
019637cee.jpg,candidates,0.0,0.00018649631076388888,0.0,16,49.2120000126306,0.885009229183197,True,5,1,0,0,0,0,1,ships
0198713b4.jpg,candidates,0.0,0.0005069308810763889,0.0,4,51.096599985612556,0.7838665246963501,True,0,1,0,1,0,1,1,ships
01a441c31.jpg,candidates,0.0,0.0001678466796875,0.0478057861328125,48,50.94950000056997,0.33875709772109985,True,0,0,0,0,0,0,0,empty
01acf3a1a.jpg,candidates,0.0,0.00041876898871527775,0.0,3,49.54159999033436,0.6283470988273621,True,0,1,0,1,0,1,1,ships
01c99b29b.jpg,candidates,0.0,0.0016377766927083333,0.03303697374131945,55,49.10520001430996,0.9534290432929993,True,1,4,0,1,0,0,1,ships
01cecb9b6.jpg,candidates,0.0,0.1030917697482639,0.0,8,50.77899998286739,0.6321768760681152,True,0,3,0,1,0,0,1,ships
01ed38a14.jpg,candidates,0.0,0.08223809136284722,0.0,7,52.59429998113774,0.28219130635261536,True,3,3,0,0,0,0,1,ships
020aa1a39.jpg,candidates,0.0,0.016927083333333332,0.019493950737847224,46,50.07230001501739,0.9383016228675842,True,0,1,0,1,0,1,1,ships
020f1afe8.jpg,candidates,0.0,0.0,0.0,12,48.438899975735694,0.8590924143791199,True,0,2,0,2,0,1,2,ships
022ecd2ce.jpg,land_coast,0.0,0.2602623833550347,0.0,22,53.070199996000156,0.8273515105247498,True,2,2,0,2,0,1,1,coast
02340e46d.jpg,candidates,0.0,0.0,0.0,5,50.13750001671724,0.1714671552181244,True,0,0,0,0,0,0,0,empty
023aec5ee.jpg,candidates,0.0,0.0005950927734375,0.0,37,49.10529998596758,0.3403066098690033,True,1,2,0,2,0,1,1,ships
024e6ba29.jpg,cloud,0.9995642768012153,0.0,0.0,0,31.066700001247227,0.0724979117512703,False,0,0,0,0,0,0,0,cloud
02641ca93.jpg,candidates,0.0,0.0015784369574652778,0.0,9,50.212200003443286,0.9999349117279053,True,0,10,0,8,0,7,9,ships
02765ce9b.jpg,land_coast,0.0,0.07293701171875,0.19959004720052084,33,49.05140001210384,0.745153546333313,True,3,15,0,6,0,3,10,coast
027d9c067.jpg,candidates,0.0,0.0014902750651041667,0.0,1,49.71520000253804,0.44400230050086975,True,0,0,0,0,0,0,0,empty
02884baad.jpg,candidates,0.0,0.0015852186414930555,0.0,4,49.90189999807626,0.9598782062530518,True,2,3,0,2,0,1,2,ships
02ae62f2c.jpg,land_coast,0.0,0.3290032280815972,0.0,3,52.11300001246855,0.7985109090805054,True,0,1,0,1,0,1,1,coast
02bd946c3.jpg,land_coast,0.0,0.2639482286241319,0.0,0,51.52030001045205,0.17750920355319977,True,0,0,0,0,0,0,0,coast
02c5b00e8.jpg,candidates,0.0,0.0,0.018971761067708332,37,50.83369999192655,0.0919404998421669,False,0,0,0,0,0,0,0,empty
02d35ca31.jpg,candidates,0.0,0.0006849500868055555,0.0,5,50.17910001333803,0.809514582157135,True,1,2,0,2,0,0,1,ships
02dfc6a62.jpg,candidates,0.0,0.005820380316840278,0.05753750271267361,66,51.14789999788627,0.09036911278963089,False,0,0,0,0,0,0,0,empty
02e440917.jpg,candidates,0.0,0.005216810438368056,0.022516886393229168,31,52.363700000569224,0.9861052632331848,True,0,1,0,1,0,1,1,ships
02e9b1860.jpg,land_coast,0.0,0.2632259792751736,0.0,2,50.255399983143434,0.08228065073490143,False,0,0,0,0,0,0,0,coast
02fa41846.jpg,land_coast,0.0,0.23018391927083334,0.0,3,53.48709999816492,0.930827260017395,True,1,2,0,2,0,2,2,coast
02fb4e152.jpg,candidates,0.0,0.0020158555772569445,0.0,16,48.742699989816174,0.9712879657745361,True,2,3,1,2,0,2,2,ships
03007ae96.jpg,land_coast,0.0,0.2746717664930556,0.0,15,51.43989998032339,0.8398101329803467,True,0,1,0,1,0,1,1,coast
031101e01.jpg,candidates,0.0,0.10205925835503472,0.0,33,52.519300021231174,0.5707077980041504,True,0,1,0,1,0,1,1,ships
0318cd222.jpg,candidates,0.0,0.0005238850911458334,0.0,6,50.41029999847524,0.8771175146102905,True,2,6,0,4,0,0,2,ships
0318e0afc.jpg,land_coast,0.0,0.0002492268880208333,0.1500888400607639,38,49.620999983744696,0.03589772433042526,False,0,0,0,0,0,0,0,coast
03204a586.jpg,land_coast,0.0,0.2909274631076389,0.0,7,52.04139999113977,0.9441022276878357,True,2,4,0,3,0,3,3,coast
0325c0ae2.jpg,land_coast,0.0,0.3631167941623264,0.0,5,56.347700010519475,0.9864960312843323,True,0,1,0,1,0,1,1,coast
0328935b6.jpg,candidates,0.0,7.968478732638889e-05,0.0,2,50.72069997549988,0.700671911239624,True,2,2,1,0,0,0,1,ships
0334b5c53.jpg,candidates,0.0,0.0015394422743055555,0.0,60,51.230199984274805,0.06629333645105362,False,0,0,0,0,0,0,0,empty
0337e7947.jpg,candidates,0.0,0.012727525499131944,0.04596116807725695,82,51.715899986447766,0.8277114629745483,True,0,2,0,2,0,1,1,ships
033f61c0d.jpg,candidates,0.0,0.0006951226128472222,0.0,5,49.886199994944036,0.9983620047569275,True,2,7,0,5,0,5,5,ships
0348a8d7f.jpg,candidates,0.0,0.0006696912977430555,0.0,1,49.600500002270564,0.7515012621879578,True,0,1,0,1,0,1,1,ships
0354f47d7.jpg,candidates,0.0,0.00025261773003472225,0.0,3,50.618100009160116,0.5082045793533325,True,3,3,1,2,0,1,2,ships
0360b2e7f.jpg,candidates,0.0,0.004396226671006944,0.026926676432291668,29,56.08010001014918,0.3211415708065033,True,0,1,0,1,0,1,1,ships
036d3ecb1.jpg,candidates,0.0,0.1108584933810764,0.0,12,51.593199983472005,0.4529961347579956,True,1,1,1,1,1,1,1,ships
0384a0b91.jpg,candidates,0.0,0.012939453125,0.0,165,51.50160001358017,0.9206932187080383,True,0,3,0,1,0,0,1,ships
0390a1104.jpg,candidates,0.0,0.007068210177951389,0.0,32,48.91860001953319,0.9792933464050293,True,0,1,0,1,0,1,1,ships
0393722ec.jpg,candidates,0.0,0.005216810438368056,0.012722439236111112,3,50.94829999143258,0.9916540384292603,True,2,4,0,1,0,0,1,ships
03aba0a7c.jpg,land_coast,0.0,0.06406656901041667,0.16091749403211805,49,50.06440001307055,0.9993060827255249,True,3,3,0,3,0,3,3,coast
03b1bb0da.jpg,land_coast,0.0,0.2619951036241319,0.0,1,50.978299987036735,0.5638654232025146,True,0,0,0,0,0,0,1,coast
03b1ddf8a.jpg,candidates,0.0,0.003653632269965278,0.0,7,51.631099981023,0.9934723377227783,True,3,7,2,3,0,2,4,ships
03b9ccd94.jpg,candidates,0.0742068820529514,0.0,0.04532564576860907,13,49.074599985033274,0.19975575804710388,True,0,0,0,0,0,0,0,empty
03e12b25c.jpg,candidates,0.0,0.004170735677083333,0.0,11,51.619699981529266,0.9996304512023926,True,0,2,0,2,0,2,2,ships
03e4a01d9.jpg,candidates,0.0,0.0,0.0,11,49.09789998782799,0.19641809165477753,True,0,0,0,0,0,0,0,empty
03e984e0d.jpg,land_coast,0.0,0.3356238471137153,0.0,1,53.536999999778345,0.921953022480011,True,0,1,0,1,0,1,1,coast
03eaa8a5e.jpg,candidates,0.0,0.023298475477430556,0.0,21,51.94070001016371,0.9236235618591309,True,0,1,0,1,0,1,1,ships
03ed3a56b.jpg,candidates,0.0,0.011176215277777778,0.0,37,52.32109999633394,0.7252873778343201,True,0,1,0,1,0,1,1,ships
03f00631b.jpg,land_coast,0.007593790690104167,0.003954756760183756,0.22102258220942048,8,50.31099999905564,0.6299716234207153,True,0,1,0,1,0,1,1,coast
040d0634b.jpg,candidates,0.0,0.025399102105034724,0.05566236707899305,31,51.71050000353716,0.9942988157272339,True,3,7,0,2,0,0,3,ships
0413cfbde.jpg,candidates,0.0,0.08189900716145833,0.0660519070095486,83,51.60569999134168,0.9647519588470459,True,4,1,1,1,1,1,1,ships
042837669.jpg,candidates,0.0,0.0005154079861111111,0.0,3,51.256799983093515,0.9141820669174194,True,1,1,0,1,0,1,1,ships
042c8028f.jpg,candidates,0.0,0.00025770399305555556,0.0,2,51.55529998592101,0.7773266434669495,True,1,4,1,2,0,1,2,ships
043693d8f.jpg,land_coast,0.0,0.2756941053602431,0.0,0,53.0991000123322,0.0756862685084343,False,0,0,0,0,0,0,0,coast
04557dd8c.jpg,candidates,0.0,0.047515869140625,0.0,76,53.08270000386983,0.1396944522857666,True,0,0,0,0,0,0,0,empty
04823f766.jpg,candidates,0.0,0.009660508897569444,0.0,19,51.311499992152676,0.6493363976478577,True,0,1,0,1,0,1,1,ships
04867fe84.jpg,candidates,0.0,0.0005289713541666666,0.0,13,50.12559998431243,0.9557501673698425,True,1,1,0,1,0,1,1,ships
04a628f65.jpg,candidates,0.0,8.646647135416667e-05,0.0,1,49.9740999948699,0.7171258330345154,True,0,5,0,1,0,0,1,ships
04cb74d0a.jpg,land_coast,0.0,0.007102118598090278,0.2298550075954861,61,49.24100000062026,0.8627169728279114,True,10,2,4,1,2,1,1,coast
0502d4700.jpg,candidates,0.0,0.002953423394097222,0.0,21,51.55659999581985,0.9788994193077087,True,1,1,0,1,0,1,1,ships
0510a3765.jpg,candidates,0.0,2.8822157118055555e-05,0.0,3,52.936799998860806,0.32055720686912537,True,0,3,0,1,0,1,1,ships
05150a041.jpg,candidates,0.0,0.00494384765625,0.0,41,51.942999998573214,0.14104077219963074,True,0,0,0,0,0,0,0,empty
05201af27.jpg,land_coast,0.0,0.04691908094618055,0.1731448703342014,65,50.89199999929406,0.9999715089797974,True,0,2,0,2,0,2,2,coast
0526e0f27.jpg,empty_sea,0.0,0.0,0.0,0,50.11479998938739,0.10133179277181625,False,0,0,0,0,0,0,0,empty
052c068ff.jpg,candidates,0.0,0.00022210015190972222,0.0,26,50.88979998254217,0.7287083268165588,True,0,1,0,1,0,1,1,ships
05320baaa.jpg,land_coast,0.2196892632378472,0.29178770259699266,0.0,12,50.08909999742173,0.7781080007553101,True,1,1,0,0,0,0,1,coast
053b2aee5.jpg,land_coast,0.0,0.027806599934895832,0.1428460015190972,96,49.59550002240576,0.9954677820205688,True,2,2,0,1,0,1,1,coast
0546baefb.jpg,land_coast,0.0,0.17135111490885416,0.0,12,51.44770001061261,0.9988301396369934,True,2,2,1,2,1,2,1,coast
054b37244.jpg,land_coast,0.0,0.24273851182725695,0.0,5,56.45629999344237,0.6773200631141663,True,0,1,0,1,0,1,1,coast
054fadf93.jpg,candidates,0.0,0.00016954210069444444,0.0,2,49.95970000163652,0.3341958522796631,True,4,3,1,2,0,1,2,ships
0565f85d9.jpg,candidates,0.0,0.0,0.0,2,51.11820000456646,0.5312418937683105,True,0,0,0,0,0,0,0,empty
056949650.jpg,candidates,0.0,0.0027669270833333335,0.0,4,50.224100006744266,0.9963656663894653,True,0,1,0,1,0,1,1,ships
056f0d58d.jpg,land_coast,0.0,0.12774658203125,0.07169257269965278,24,51.76890001166612,0.29652729630470276,True,0,1,0,1,0,1,1,coast
057836607.jpg,candidates,0.0,0.00034247504340277775,0.0,1,50.28759999549948,0.6375421285629272,True,2,4,0,1,0,1,2,ships
0580b46cf.jpg,candidates,0.0,0.002414279513888889,0.0,11,51.03079997934401,0.28909561038017273,True,2,1,0,1,0,1,1,ships
0586bf2da.jpg,land_coast,0.1355556911892361,0.0005787787767809921,0.1667960603127401,14,49.06680001295172,0.5462663769721985,True,0,3,0,1,0,0,1,coast
058a7bd3a.jpg,candidates,0.0,0.0015716552734375,0.0,9,54.4553000072483,0.887151300907135,True,0,1,0,1,0,1,1,ships
0595684d6.jpg,empty_sea,0.0,0.0,0.0,0,49.67559999204241,0.4196179211139679,True,0,0,0,0,0,0,0,empty
059aa33cd.jpg,candidates,0.0,0.05261400010850695,0.0,7,52.63220000779256,0.6754708886146545,True,0,3,0,1,0,0,1,ships
05bf3db82.jpg,candidates,0.0,0.0023752848307291665,0.0,3,49.165000003995374,0.9539293050765991,True,0,3,0,2,0,0,1,ships
05d407505.jpg,land_coast,0.0,0.243621826171875,0.0,5,51.39710000366904,0.8737245202064514,True,0,2,0,2,0,2,2,coast
05d523c71.jpg,land_coast,0.0,0.2628343370225694,0.0,9,52.007999998750165,0.999395489692688,True,0,7,0,6,0,4,6,coast
05ee80d40.jpg,candidates,0.0,0.0,0.0,3,50.23379999329336,0.24474215507507324,True,0,0,0,0,0,0,0,empty
05ef7a103.jpg,candidates,0.0,0.054448445638020836,0.0,65,49.705599987646565,0.4210215210914612,True,0,5,0,2,0,2,4,ships
05fa5fdb6.jpg,land_coast,0.0,0.17197672526041666,0.0,0,50.42210000101477,0.2557048201560974,True,0,0,0,0,0,0,0,coast
06042c03e.jpg,land_coast,0.0,0.2605726453993056,0.0,0,52.188799978466704,0.2807038426399231,True,0,0,0,0,0,0,0,coast
060da5393.jpg,land_coast,0.0,0.1961279975043403,0.0,51,50.692199991317466,0.17885330319404602,True,0,0,0,0,0,0,0,coast
06145c246.jpg,candidates,0.0,0.00040520562065972225,0.0,4,49.92069999570958,0.6490293741226196,True,2,1,1,1,0,1,1,ships
06157d332.jpg,candidates,0.015974256727430556,0.005922274042600269,0.07029804976369677,68,51.038899982813746,0.029957853257656097,False,0,0,0,0,0,0,0,empty
0618dc91e.jpg,candidates,0.0,0.007407294379340278,0.0,6,50.435899989679456,0.7313064336776733,True,1,2,0,0,0,0,1,ships
0624ddeef.jpg,candidates,0.0,0.014495849609375,0.04915025499131945,40,49.3477999989409,0.9988993406295776,True,7,0,2,0,2,0,2,ships
0638ae9ab.jpg,candidates,0.0,0.017223782009548612,0.0796051025390625,54,51.39199999393895,0.9994274377822876,True,9,7,0,3,0,0,2,ships
063c4aa67.jpg,land_coast,0.0,0.053914388020833336,0.0926700168185764,59,51.81619999348186,0.997968852519989,True,1,9,0,5,0,5,5,coast
063de49ca.jpg,land_coast,0.0,0.20425923665364584,0.0,13,50.76879999251105,0.19942516088485718,True,0,3,0,2,0,1,1,coast
063e5628f.jpg,land_coast,0.0,0.0884433322482639,0.14139302571614584,48,50.94499999540858,0.9495477676391602,True,5,1,0,1,0,1,1,coast
0657903ff.jpg,candidates,0.0,0.0003848605685763889,0.0,15,50.46289999154396,0.34662848711013794,True,0,2,0,1,0,1,1,ships
0658e6598.jpg,candidates,0.0,0.007720947265625,0.0,31,50.97070001647808,0.9999765157699585,True,1,8,0,7,0,4,7,ships
068e7e7eb.jpg,candidates,0.0,0.0015309651692708333,0.0,3,51.37010000180453,0.9434689879417419,True,3,3,1,1,0,0,1,ships
06b6b6570.jpg,land_coast,0.0,0.3128390842013889,0.0,0,54.34870001045056,0.9779307842254639,True,4,3,0,3,0,3,3,coast
06c6a0cf0.jpg,candidates,0.0,0.0017038981119791667,0.0,8,51.01860000286251,0.9851365089416504,True,0,3,0,3,0,3,3,ships
06dd3e135.jpg,candidates,0.0,0.005588107638888889,0.0,14,50.8673999866005,0.7497840523719788,True,0,2,0,2,0,2,2,ships
070d37c1e.jpg,candidates,0.0,0.0015580919053819445,0.0,5,50.495400006184354,0.9932236671447754,True,0,1,0,1,0,1,1,ships
0710ef74f.jpg,candidates,0.0,0.0017072889539930555,0.0,7,48.857999994652346,0.9782885313034058,True,1,3,0,3,0,3,3,ships
0712a9f82.jpg,candidates,0.0,0.0861477322048611,0.0,2,49.923500017030165,0.003550533438101411,False,0,0,0,0,0,0,0,empty
071be1a26.jpg,candidates,0.0,0.0019582112630208335,0.0,80,49.52000000048429,0.013264816254377365,False,0,0,0,0,0,0,0,empty
07605d36c.jpg,candidates,0.0,0.0030975341796875,0.0,6,51.66249998728745,0.9969334602355957,True,18,5,3,3,0,3,3,ships
076a91663.jpg,candidates,0.0,0.002144707573784722,0.0,13,50.77869998058304,0.9386839270591736,True,0,1,0,1,0,1,1,ships
077f24a16.jpg,candidates,0.17263624403211805,0.0,0.0,24,47.623999998904765,0.5020111799240112,True,4,2,1,2,0,2,3,ships
07a03de23.jpg,candidates,0.0,0.013114081488715278,0.060358683268229164,42,48.53410000214353,0.9985621571540833,True,8,0,2,0,2,0,2,ships
07ae92b4f.jpg,candidates,0.0,0.0032331678602430555,0.0,6,50.52129999967292,0.6871499419212341,True,0,1,0,1,0,1,1,ships
07bb53be1.jpg,candidates,0.0,0.0,0.0,3,50.265800004126504,0.38644400238990784,True,0,1,0,1,0,1,1,ships
07ec57541.jpg,land_coast,0.0,0.23529561360677084,0.0,65,52.145599998766556,0.9465361833572388,True,0,3,0,1,0,0,1,coast
07f567c9d.jpg,empty_sea,0.0,0.11534288194444445,0.0,0,51.09049999737181,0.6598832011222839,True,0,0,0,0,0,0,1,ships
07f7c9615.jpg,candidates,0.007554796006944444,0.03242423566665923,0.04841163786818627,34,50.24429998593405,0.9452323317527771,True,6,7,0,1,0,0,3,ships
07fbf1523.jpg,candidates,0.0,0.006011962890625,0.0,20,50.79049998312257,0.8225708603858948,True,0,1,0,1,0,1,1,ships
08008bee4.jpg,candidates,0.0,0.0,0.030602349175347224,48,49.080199998570606,0.8501242399215698,True,0,11,0,7,0,6,3,ships
080334c8e.jpg,land_coast,0.017189873589409724,0.271816020301496,0.10666634199115375,22,50.77430000528693,0.9357534646987915,True,8,3,0,2,0,2,3,coast
0804e3632.jpg,candidates,0.0,0.0024566650390625,0.0,10,51.30379999172874,0.9996358156204224,True,1,4,0,4,0,4,4,ships
080cf3003.jpg,candidates,0.0,0.00017123752170138888,0.0,9,49.902799975825474,0.8684995770454407,True,0,1,0,1,0,1,1,ships
080fc5847.jpg,land_coast,0.0,0.1446041531032986,0.0,2,52.50469999737106,0.6169009208679199,True,1,4,0,0,0,0,1,coast
08199c617.jpg,candidates,0.0,0.002288818359375,0.0,9,50.17750000115484,0.727296769618988,True,0,1,0,1,0,1,1,ships
081b7aa66.jpg,candidates,0.0,0.00025770399305555556,0.0,14,50.82790000597015,0.036843106150627136,False,0,0,0,0,0,0,0,empty
08203d2af.jpg,candidates,0.0,0.0009104410807291666,0.0,3,49.52890001004562,0.9387610554695129,True,0,1,0,1,0,1,1,ships
08218d8a0.jpg,land_coast,0.0,0.003857082790798611,0.2710689968532986,70,52.760499995201826,0.8704771399497986,True,0,2,0,1,0,1,1,coast
08372c55f.jpg,candidates,0.0,7.62939453125e-05,0.0,1,49.95190000045113,0.6898268461227417,True,0,3,0,1,0,0,1,ships
083a42e6d.jpg,land_coast,0.0,0.3009236653645833,0.0,0,52.58920000051148,0.146245077252388,True,0,3,0,0,0,0,1,coast
083c79cf2.jpg,candidates,0.0,7.798936631944444e-05,0.0,1,50.80379999708384,0.578581690788269,True,0,1,0,1,0,1,1,ships
084501564.jpg,land_coast,0.0,0.21837022569444445,0.0,19,51.94659999688156,0.06524333357810974,False,1,0,0,0,0,0,0,coast
0845c0106.jpg,candidates,0.0,0.0037553575303819445,0.0,15,50.1982000132557,0.730685293674469,True,1,2,0,2,0,2,2,ships
0846c1f88.jpg,land_coast,0.01263427734375,9.334630962279448e-05,0.13811450826374136,22,49.43029998685233,0.016385847702622414,False,0,0,0,0,0,0,0,coast
08606a74e.jpg,candidates,0.0,0.0029008653428819445,0.0,12,51.24900001101196,0.9858223795890808,True,0,3,0,2,0,2,3,ships
086307a36.jpg,candidates,0.0,0.0,0.0,2,50.698400009423494,0.5124329328536987,True,0,4,0,0,0,0,1,ships
0864ffd70.jpg,candidates,0.0,0.004750569661458333,0.0,18,49.88989999401383,0.9585617780685425,True,1,1,0,1,0,1,1,ships
08692dd80.jpg,land_coast,0.0,0.1873440212673611,0.016949123806423612,31,51.13040001015179,0.4876411557197571,True,9,1,1,1,0,1,1,coast
087072320.jpg,candidates,0.0,0.041525946723090276,0.0,12,51.45880000782199,0.5050137639045715,True,0,1,0,1,0,1,1,ships
0878ba05f.jpg,candidates,0.0,0.0004831949869791667,0.0,4,49.91649999283254,0.7839732766151428,True,0,1,0,1,0,1,1,ships
0878ca34d.jpg,land_coast,0.7377115885416666,0.21359240113948272,0.0,2,46.838600013870746,0.5860176086425781,True,5,3,0,0,0,0,2,coast
0884a8c44.jpg,land_coast,0.0,0.1309017605251736,0.0,84,50.302600022405386,0.7478476166725159,True,6,2,0,0,0,0,1,coast
0884ca333.jpg,candidates,0.0,0.0014360215928819445,0.0,4,50.37029998493381,0.9917678833007812,True,0,3,0,2,0,1,2,ships
0890f05fd.jpg,land_coast,0.0,0.2530975341796875,0.0,0,51.86340000363998,0.19063739478588104,True,0,0,0,0,0,0,0,coast
089f21dd9.jpg,land_coast,0.0,0.2938215467664931,0.0,1,54.811400012113154,0.9565963745117188,True,0,7,0,3,0,2,3,coast
08a878518.jpg,candidates,0.0,0.0023515489366319445,0.0,3,50.279100018087775,0.9821316003799438,True,0,7,0,4,0,1,2,ships
08bec270e.jpg,land_coast,0.0,0.23808119032118055,0.0,1,51.07719998341054,0.0861039012670517,False,0,0,0,0,0,0,0,coast
08c1142b9.jpg,candidates,0.0,0.0018463134765625,0.0,2,48.782500001834705,0.8895766139030457,True,3,2,1,1,0,0,1,ships
08d2cef6f.jpg,candidates,0.0,0.006471421983506944,0.0,3,51.009299990255386,0.9121230840682983,True,0,1,0,1,0,1,1,ships
08f71ff06.jpg,candidates,0.0,0.0036451551649305555,0.0,25,51.4860000112094,0.9820881485939026,True,1,1,0,1,0,1,1,ships
090c44412.jpg,land_coast,0.0,0.016715155707465276,0.13306681315104166,85,49.90909999469295,0.07706336677074432,False,0,0,0,0,0,0,0,coast
0912360a7.jpg,empty_sea,0.0,0.003116183810763889,0.0,0,49.316099990392104,0.09197498112916946,False,0,0,0,0,0,0,0,empty
0914f3874.jpg,candidates,0.0,0.002880520290798611,0.0,12,52.440800005570054,0.999671459197998,True,0,13,0,9,0,7,9,ships
0919e159e.jpg,land_coast,0.10314263237847222,0.005452440455136717,0.2823788180129614,48,48.978100006934255,0.7351077198982239,True,0,0,0,0,0,0,1,coast
094f143b7.jpg,candidates,0.0,4.916720920138889e-05,0.0,2,51.45929998252541,0.6763598918914795,True,0,1,0,1,0,1,1,ships
09525b367.jpg,land_coast,0.015489366319444444,0.0009673929626496165,0.23722625206307818,50,49.0128000092227,0.00764207961037755,False,0,0,0,0,0,0,0,coast
0957ff5f9.jpg,candidates,0.0,0.006212022569444444,0.0,50,51.028599991695955,0.16343557834625244,True,2,0,0,0,0,0,0,empty
0967e5ea0.jpg,land_coast,0.0,0.20638529459635416,0.0,19,52.752000017790124,0.268934965133667,True,2,2,0,1,0,0,1,coast
096f867ec.jpg,land_coast,0.0,0.3046485053168403,0.0,12,52.11859999690205,0.8027414679527283,True,0,2,0,2,0,2,2,coast
097293761.jpg,candidates,0.0,0.0016937255859375,0.0,1,50.332099985098466,0.9733909368515015,True,1,5,0,4,0,3,3,ships
0974c9772.jpg,candidates,0.0,0.00010511610243055556,0.0,1,50.61609999393113,0.3913980722427368,True,2,2,0,2,0,0,1,ships
09c49fb3d.jpg,candidates,0.0,0.00022718641493055556,0.0,7,47.896400006720796,0.7738934755325317,True,1,0,1,0,1,0,0,empty
09c54c3a7.jpg,candidates,0.0,0.0029856363932291665,0.0,25,50.951599987456575,0.992774486541748,True,3,5,2,4,0,4,4,ships
09cee96fd.jpg,candidates,0.0,0.0002492268880208333,0.0,18,50.30920001445338,0.3582097887992859,True,2,0,1,0,1,0,1,ships
09d8bdfe6.jpg,land_coast,0.0,0.3042365180121528,0.0,5,54.59610000252724,0.9286513328552246,True,0,1,0,1,0,1,1,coast
09da9a17e.jpg,candidates,0.0,0.0024159749348958335,0.024744669596354168,14,51.394600013736635,0.9860792756080627,True,4,4,1,3,0,2,2,ships
09e183b5a.jpg,candidates,0.0,0.00044080946180555556,0.0,6,49.82640000525862,0.6467390656471252,True,3,4,0,2,0,2,2,ships
09f22d2e6.jpg,candidates,0.0,0.0002797444661458333,0.0,4,49.529399984749034,0.7001368999481201,True,0,3,0,1,0,1,1,ships
0a09da25f.jpg,land_coast,0.0,0.3338572184244792,0.0,1,53.61450000782497,0.839563250541687,True,0,1,0,1,0,1,1,coast
0a1156125.jpg,candidates,0.0,0.00010342068142361111,0.0,1,49.85139999189414,0.675616979598999,True,1,4,0,1,0,0,1,ships
0a20b9924.jpg,candidates,0.0,0.00037468804253472225,0.0,44,50.54339999333024,0.31505778431892395,True,1,1,0,1,0,1,1,ships
0a2b3828a.jpg,empty_sea,0.0,0.0,0.0,0,50.838900002418086,0.17757123708724976,True,0,0,0,0,0,0,0,empty
0a2c6480e.jpg,land_coast,0.0,0.3034294976128472,0.0,10,52.008099999511614,0.9623813033103943,True,0,2,0,2,0,2,2,coast
0a430f5f4.jpg,candidates,0.0,0.006169637044270833,0.0761532253689236,52,49.753100000089034,0.5029061436653137,True,4,1,0,1,0,1,1,ships
0a467e92a.jpg,land_coast,0.0,0.13411966959635416,0.0,1,51.396199996815994,0.45888546109199524,True,0,0,0,0,0,0,0,coast
0a474030e.jpg,candidates,0.0,0.0,0.0,1,49.61469999398105,0.15780554711818695,True,0,0,0,0,0,0,0,empty
0a4864b49.jpg,candidates,0.0,0.0008460150824652778,0.0,3,51.31189999519847,0.9601387977600098,True,0,2,0,2,0,2,2,ships
0a49a473f.jpg,candidates,0.0,0.014244927300347222,0.0,10,52.07669999799691,0.8601929545402527,True,0,5,0,3,0,2,2,ships
0a4ad0982.jpg,land_coast,0.12355211046006945,0.08358970011142872,0.28715703373544565,36,49.74919999949634,0.8978527784347534,True,2,3,0,0,0,0,2,coast
0a4c56694.jpg,candidates,0.0,0.0009002685546875,0.0,3,51.23360001016408,0.9726082682609558,True,0,1,0,1,0,1,1,ships
0a78f9786.jpg,candidates,0.0,0.016686333550347224,0.0,20,51.144099998055026,0.6456307768821716,True,2,1,1,1,1,1,1,ships
0a7a0fa38.jpg,candidates,0.0,0.00032721625434027775,0.0,1,50.692499993601814,0.9097632765769958,True,0,3,0,1,0,0,1,ships
0a7b289e5.jpg,candidates,0.0,0.0022752549913194445,0.017069498697916668,18,50.48860001261346,0.9979633092880249,True,0,2,0,2,0,2,2,ships
0a94e5dd1.jpg,land_coast,0.0,0.23150126139322916,0.0,8,53.123699995921925,0.9486768841743469,True,4,1,0,1,0,1,1,coast
0a975dc66.jpg,land_coast,0.0,0.2772640652126736,0.0,0,53.12110000522807,0.4756257236003876,True,1,1,0,1,0,1,1,coast
0a9eca6d6.jpg,candidates,0.0,0.0006391737196180555,0.0,80,51.495499996235594,0.586971640586853,True,10,2,2,0,0,0,4,ships
0aa980023.jpg,candidates,0.0,0.0016733805338541667,0.0,6,50.50219999975525,0.9058728218078613,True,0,1,0,1,0,1,1,ships
0ac12b127.jpg,candidates,0.0,0.003387451171875,0.0,3,49.94060000171885,0.9995781779289246,True,3,1,0,1,0,1,1,ships
0ac4c59c7.jpg,land_coast,0.0,0.1783175998263889,0.0,1,52.29950000648387,0.14858786761760712,True,0,0,0,0,0,0,0,coast
0acbf7968.jpg,candidates,0.0,7.290310329861111e-05,0.0,1,49.69339998206124,0.26412633061408997,True,2,0,2,0,0,0,1,ships
0acd25a1b.jpg,candidates,0.0,0.00011867947048611111,0.0,2,50.46009999932721,0.31204119324684143,True,2,2,0,1,0,1,1,ships
0acfb1627.jpg,land_coast,0.0,0.1556311713324653,0.045740763346354164,41,51.77950000506826,0.9607782959938049,True,0,0,0,0,0,0,1,coast
0ad77edcb.jpg,candidates,0.0,0.0034739176432291665,0.012000189887152778,11,51.526499999454245,0.9756166934967041,True,0,1,0,1,0,1,1,ships
0ad7c2758.jpg,land_coast,0.0,0.2770521375868056,0.0,6,53.842199995415285,0.9190821647644043,True,0,1,0,1,0,1,1,coast
0addd33a3.jpg,candidates,0.0,0.0,0.0,1,49.649499997030944,0.34743764996528625,True,0,0,0,0,0,0,0,empty
0ae3c476e.jpg,land_coast,0.0,0.17809041341145834,0.0,64,50.526500010164455,0.27477413415908813,True,0,0,0,0,0,0,0,coast
0ae71fbc2.jpg,candidates,0.0,0.0010833740234375,0.0,4,49.86649999045767,0.9928152561187744,True,0,1,0,1,0,1,1,ships
0aefb4539.jpg,land_coast,0.0,0.17543538411458334,0.0,35,51.513400016119704,0.9999504089355469,True,2,1,0,1,0,1,1,coast
0afa40357.jpg,candidates,0.0,0.028215196397569444,0.0,51,51.5505000075791,0.999163031578064,True,0,1,0,1,0,1,1,ships
0b01dbc89.jpg,candidates,0.0,0.03783840603298611,0.0,1,50.36100000143051,0.6945738196372986,True,0,1,0,1,0,1,1,ships
0b15ad41b.jpg,land_coast,0.0286407470703125,0.034025124896248815,0.11108088995267366,78,50.13139999937266,0.9873995780944824,True,17,20,0,7,0,3,6,coast
0b1bc8662.jpg,candidates,0.0,0.001278347439236111,0.0,6,50.090899982023984,0.33841612935066223,True,3,1,0,1,0,1,4,ships
0b2bc8131.jpg,candidates,0.0,0.06239657931857639,0.0306243896484375,41,51.81900001480244,0.996206521987915,True,4,4,0,3,0,2,2,ships
0b392db6f.jpg,empty_sea,0.0,0.0,0.0,0,49.39329999615438,0.0561818853020668,False,0,0,0,0,0,0,0,empty
0b40b432c.jpg,candidates,0.0,0.001071506076388889,0.016684638129340276,43,50.461100006941706,0.2582278251647949,True,2,2,0,2,0,2,2,ships
0b4244187.jpg,candidates,0.0,0.0012834337022569445,0.0,4,50.16020001494326,0.7621870636940002,True,0,2,0,1,0,1,1,ships
0b4e11e35.jpg,candidates,0.0,0.0003102620442708333,0.0,2,49.28109998581931,0.8848991990089417,True,1,1,0,1,0,1,2,ships
0b5ef3b0c.jpg,candidates,0.0,0.013524373372395834,0.024285210503472224,22,53.13659997773357,0.9656323790550232,True,1,1,0,1,0,1,1,ships
0b5effb9c.jpg,candidates,0.0,0.0004069010416666667,0.0,7,50.927699980093166,0.29935434460639954,True,1,2,0,2,0,2,2,ships
0b6b38300.jpg,candidates,0.0,0.002743191189236111,0.0,20,49.482000002171844,0.9766818284988403,True,3,4,0,3,0,3,4,ships
0b752a803.jpg,candidates,0.0,0.0013495551215277778,0.0,17,49.44829997839406,0.7535784840583801,True,0,4,0,2,0,2,2,ships
0b92571d6.jpg,candidates,0.0,0.00013224283854166666,0.0,7,50.367799995001405,0.4727177321910858,True,0,4,0,1,0,0,1,ships
0bb0453d9.jpg,candidates,0.0,0.019282023111979168,0.0,42,51.4891000057105,0.5643410682678223,True,0,1,0,1,0,0,1,ships
0bb09ef89.jpg,candidates,0.0,0.001976860894097222,0.0,18,51.006599998800084,0.9863277673721313,True,0,1,0,1,0,1,1,ships
0bb2329f7.jpg,empty_sea,0.0,0.0,0.0,0,49.713100015651435,0.16218005120754242,True,0,0,0,0,0,0,0,empty
0bbc681ee.jpg,candidates,0.0,0.0007239447699652778,0.0,2,50.825499987695366,0.9380788803100586,True,0,1,0,1,0,1,1,ships
0bbf29b74.jpg,candidates,0.0,0.014119466145833334,0.0,41,49.41150001832284,0.9023624062538147,True,0,1,0,1,0,1,1,ships
0bc11ad09.jpg,land_coast,0.0,0.17276170518663195,0.0,0,50.630199984880164,0.3667302429676056,True,0,0,0,0,0,0,0,coast
0bd2bd3f0.jpg,candidates,0.0,0.0030805799696180555,0.021360609266493056,22,51.45339999580756,0.9753676056861877,True,1,1,0,1,0,1,1,ships
0bde4207e.jpg,candidates,0.0,0.0,0.0,38,50.76730001019314,0.5785199999809265,True,0,3,0,0,0,0,1,ships
0bfb71a47.jpg,candidates,0.0,0.004742092556423611,0.0,16,51.69809999642894,0.6438484787940979,True,1,2,0,1,0,0,1,ships
0c0861189.jpg,candidates,0.0,0.0006679958767361111,0.0,82,50.113000004785135,0.7397788763046265,True,0,1,0,1,0,1,1,ships
0c299ccaf.jpg,candidates,0.0,0.002804226345486111,0.0,9,51.534099999116734,0.37899407744407654,True,2,2,0,1,0,0,1,ships
0c5bf1395.jpg,candidates,0.007103814019097222,0.017126700939476866,0.010324655530857516,72,50.08659997838549,0.6955078840255737,True,11,0,1,0,0,0,0,empty
0c64825df.jpg,candidates,0.0,0.00020005967881944444,0.0,30,51.064300001598895,0.8424885272979736,True,0,2,0,0,0,0,1,ships
0c64ce5c9.jpg,candidates,0.0,0.002185397677951389,0.0,8,62.0780999888666,0.9593712687492371,True,0,1,0,1,0,1,2,ships
0c669f94c.jpg,candidates,0.0,0.0371856689453125,0.0,2,51.1883000144735,0.9568784832954407,True,3,1,1,1,1,1,1,ships
0c6b7bca1.jpg,candidates,0.054901123046875,0.01782664566025873,0.0,65,50.79559999285266,0.6881315112113953,True,0,1,0,1,0,1,1,ships
0c748082f.jpg,candidates,0.0,0.012819078233506944,0.0,92,49.93790001026355,0.9170674681663513,True,22,3,1,0,0,0,1,ships
0c7e7a597.jpg,land_coast,0.0,0.184814453125,0.1057773166232639,0,50.7940000097733,0.6365740299224854,True,0,0,0,0,0,0,0,coast
0c83c2cd8.jpg,candidates,0.0,0.0018700493706597222,0.0,2,50.52889999933541,0.3343808650970459,True,0,1,0,1,0,1,1,ships
0c8bf76ab.jpg,candidates,0.0,0.002465142144097222,0.0,18,49.86050000297837,0.8954561352729797,True,31,2,8,1,2,1,1,ships
0ca6d4877.jpg,land_coast,0.0,0.3178812662760417,0.0,14,53.537200001301244,0.9429476261138916,True,0,4,0,2,0,0,1,coast
0cb7d1e84.jpg,candidates,0.0,0.00026109483506944444,0.0,5,50.11820001527667,0.6678895950317383,True,0,1,0,1,0,1,1,ships
0cb8234c9.jpg,candidates,0.0,0.012474907769097222,0.0135345458984375,3,50.794600014341995,0.7139438390731812,True,0,2,0,1,0,1,1,ships
0cba20fa6.jpg,candidates,0.0,0.0,0.0,12,49.03980001108721,0.045673634856939316,False,0,0,0,0,0,0,0,empty
0cbf8d68c.jpg,candidates,0.0,0.0015716552734375,0.0,12,50.32239999854937,0.734266996383667,True,0,2,0,2,0,2,2,ships
0cdcd25e1.jpg,candidates,0.0,0.029061211480034724,0.0,80,51.31340000662021,0.47321566939353943,True,7,1,1,1,0,1,1,ships
0cefc8948.jpg,candidates,0.0,0.0008629692925347222,0.025078667534722224,28,50.059900007909164,0.7965336441993713,True,0,2,0,2,0,2,2,ships
0cf84269c.jpg,candidates,0.0,0.00140380859375,0.0,5,50.12109997915104,0.9158908724784851,True,0,2,0,2,0,1,2,ships
0cf8a35ea.jpg,candidates,0.0,0.002838134765625,0.011015150282118056,25,51.87090000254102,0.9827284216880798,True,0,1,0,1,0,1,1,ships
0cfc3c00b.jpg,candidates,0.0,0.008302476671006944,0.0,118,51.6840000054799,0.22182443737983704,True,0,0,0,0,0,0,0,empty
0d062f06b.jpg,candidates,0.0,0.09627787272135417,0.0,21,51.51349998777732,0.8317909836769104,True,15,1,1,0,0,0,1,ships
0d0697409.jpg,candidates,0.0,0.0009867350260416667,0.0,7,50.94600000302307,0.9808470606803894,True,4,4,2,2,0,1,2,ships
0d0f80e85.jpg,candidates,0.0,0.0013071695963541667,0.0,7,51.14809999940917,0.9156986474990845,True,0,1,0,1,0,1,1,ships
0d1270a81.jpg,candidates,0.0,0.0,0.0,6,49.44539998541586,0.2191506177186966,True,0,0,0,0,0,0,0,empty
0d1e9e8ad.jpg,candidates,0.0,6.781684027777778e-05,0.0,1,49.65319999610074,0.18384955823421478,True,0,1,0,1,0,1,1,ships
0d2255fcd.jpg,candidates,0.0,0.027491251627604168,0.0,11,49.86889997962862,0.08001859486103058,False,0,3,0,0,0,0,1,ships
0d291df5e.jpg,land_coast,0.0,0.3453097873263889,0.0,1,55.074800009606406,0.9604170322418213,True,0,1,0,1,0,1,1,coast
0d2f9770f.jpg,candidates,0.0,0.07230461968315972,0.05778842502170139,47,51.987099985126406,0.6414631009101868,True,4,1,1,1,1,1,1,ships
0d34fb0bc.jpg,candidates,0.0,0.0006985134548611111,0.0,2,52.406600007088855,0.8680143356323242,True,1,3,0,2,0,1,2,ships
0d3516189.jpg,candidates,0.0,0.0010121663411458333,0.0,7,51.20250000618398,0.9733949899673462,True,0,1,0,1,0,1,1,ships
0d363847d.jpg,empty_sea,0.0,0.004231770833333333,0.0,0,50.669999996898696,0.5425253510475159,True,0,0,0,0,0,0,0,empty
0d37760fb.jpg,candidates,0.0,0.00043402777777777775,0.0,2,51.37429997557774,0.8168861269950867,True,0,1,0,1,0,1,1,ships
0d38420ac.jpg,candidates,0.027818467881944444,0.060081568566706156,0.0,118,51.052299997536466,0.9492746591567993,True,4,1,0,1,0,0,1,ships
0d3f105ab.jpg,candidates,0.0,0.001491970486111111,0.0,9,52.54939998849295,0.9362186193466187,True,0,1,0,1,0,1,1,ships
0d4d2af8e.jpg,candidates,0.0,0.0,0.0,30,50.10809999657795,0.1120138168334961,False,0,0,0,0,0,0,0,empty
0d71e6b72.jpg,land_coast,0.1306491427951389,0.0,0.30695200283278834,19,48.61389999859966,0.28048157691955566,True,0,0,0,0,0,0,0,coast
0d7416980.jpg,candidates,0.0,0.002356635199652778,0.0,2,49.82889999519102,0.9840534329414368,True,0,4,0,3,0,1,3,ships
0d7c1d566.jpg,land_coast,0.0,0.013253106011284722,0.08653089735243055,64,52.34529997687787,0.9662590622901917,True,2,4,1,3,0,2,3,coast
0dadcb924.jpg,land_coast,0.011050754123263888,0.3051780130419427,0.029955119866996303,8,51.7614999844227,0.7597342729568481,True,1,0,0,0,0,0,1,coast
0db77441f.jpg,candidates,0.0,2.712673611111111e-05,0.0,3,51.82159997639246,0.3804192543029785,True,0,2,0,1,0,1,1,ships
0dbb00adb.jpg,candidates,0.0,0.0007154676649305555,0.07256571451822917,67,51.66340002324432,0.4998875558376312,True,0,2,0,1,0,1,1,ships
0dcaad2e8.jpg,candidates,0.0,0.0007646348741319445,0.0,2,50.65889999968931,0.972113311290741,True,0,1,0,1,0,1,1,ships
0dd92e511.jpg,candidates,0.0,0.011827256944444444,0.015401204427083334,50,52.71139999968,0.9978018403053284,True,0,1,0,1,0,1,1,ships
0ddc8badf.jpg,land_coast,0.0,0.2946624755859375,0.0,6,52.58529999991879,0.6583815217018127,True,0,1,0,1,0,1,1,coast
0de34ade8.jpg,candidates,0.0,3.390842013888889e-05,0.0,1,48.404499975731596,0.6607636213302612,True,0,2,0,1,0,0,1,ships
0debcd8ae.jpg,candidates,0.0,0.0120086669921875,0.0,54,52.49509998247959,0.5651844143867493,True,0,0,0,0,0,0,0,empty
0dec35751.jpg,candidates,0.0,0.018834431966145832,0.05006069607204861,76,50.034599989885464,0.929557740688324,True,4,2,1,2,0,2,2,ships
0e011db65.jpg,land_coast,0.11126030815972222,0.008937150326899707,0.31168874373059,37,48.708599992096424,0.007659979164600372,False,0,0,0,0,0,0,0,coast
0e0827831.jpg,candidates,0.0,0.002983940972222222,0.0,23,50.938500004122034,0.9082329273223877,True,0,1,0,1,0,1,1,ships
0e1ff2cb7.jpg,candidates,0.0,0.011711968315972222,0.0,9,50.800600001821294,0.1301378756761551,True,0,0,0,0,0,0,0,empty
0e2a3ff67.jpg,candidates,0.0,0.0007985432942708334,0.0,7,52.77290000231005,0.8108197450637817,True,0,5,0,1,0,0,1,ships
0e2dd8e76.jpg,candidates,0.0,0.0017852783203125,0.0,5,51.01719999220222,0.963508665561676,True,0,1,0,1,0,1,1,ships
0e3c1baba.jpg,candidates,0.0,0.003256903754340278,0.0,20,52.34969998127781,0.9838025569915771,True,3,1,0,1,0,1,1,ships
0e4298511.jpg,candidates,0.0,0.00021701388888888888,0.0,2,49.82470002141781,0.6218442320823669,True,0,1,0,1,0,1,1,ships
0e4a5ae51.jpg,land_coast,0.004247029622395833,0.2622756963736016,0.0,3,53.6671000008937,0.5100980401039124,True,0,0,0,0,0,0,1,coast
0e4aa6703.jpg,candidates,0.0,0.005098130967881944,0.0,28,52.06210000324063,0.9914769530296326,True,0,1,0,1,0,1,1,ships
0e6445a14.jpg,land_coast,0.0,0.1451941596137153,0.0,51,52.483699982985854,0.970212996006012,True,0,6,0,2,0,0,1,coast
0e65a7093.jpg,empty_sea,0.0,0.0,0.0,0,51.61599998245947,0.47040194272994995,True,0,0,0,0,0,0,0,empty
0e67d3434.jpg,candidates,0.0,0.003055148654513889,0.019982231987847224,62,51.868800015654415,0.8580245971679688,True,0,1,0,1,0,1,1,ships
0e68c6286.jpg,candidates,0.0,0.0008951822916666666,0.0,2,51.31519999122247,0.8991333842277527,True,1,2,0,2,0,2,2,ships
0e6990305.jpg,candidates,0.0,0.0285186767578125,0.0,6,51.63050000555813,0.4510667324066162,True,0,0,0,0,0,0,1,ships
0e699dde0.jpg,candidates,0.0,0.029754638671875,0.045267740885416664,56,56.85789999552071,0.9999977350234985,True,6,1,1,1,0,1,1,ships
0e6a7fe30.jpg,candidates,0.0,0.04458279079861111,0.0,24,51.111599983414635,0.32314160466194153,True,3,8,0,5,0,4,5,ships
0e7975fc6.jpg,candidates,0.0,0.018566555447048612,0.0,127,51.696900016395375,0.9443829655647278,True,38,7,2,1,1,0,2,ships
0e7b65cab.jpg,candidates,0.0,0.0009579128689236111,0.0,3,51.29500001203269,0.4646393060684204,True,0,0,0,0,0,0,0,empty
0e7e0f76d.jpg,candidates,0.0,0.0030924479166666665,0.0,66,52.102700021350756,0.303251713514328,True,2,0,0,0,0,0,0,empty
0e81ee44b.jpg,candidates,0.0,0.0005018446180555555,0.0,22,49.822600005427375,0.8797610402107239,True,0,2,0,2,0,2,2,ships
0e845b123.jpg,land_coast,0.0,0.22479417588975695,0.0,10,52.652599988505244,0.4178171157836914,True,0,3,0,1,0,1,1,coast
0e99e0e40.jpg,candidates,0.0,0.0005442301432291666,0.0,7,50.157399993622676,0.4007326066493988,True,2,5,0,1,0,0,1,ships
0ebbee9f9.jpg,land_coast,0.0,0.272857666015625,0.0,21,53.089499997440726,0.47324317693710327,True,0,2,0,2,0,2,4,coast
0ec205f2b.jpg,candidates,0.0,0.029742770724826388,0.0517578125,64,51.3587000023108,0.7941504716873169,True,0,1,0,1,0,1,1,ships
0ec6df41c.jpg,candidates,0.0,0.00014580620659722222,0.0,1,50.699799990979955,0.5905933380126953,True,0,2,0,1,0,0,1,ships
0ed86b44b.jpg,candidates,0.0,0.0007137722439236111,0.0,2,50.57330001727678,0.9533767104148865,True,2,4,0,3,0,1,2,ships
0edd66a67.jpg,candidates,0.0,8.816189236111111e-05,0.0,1,50.07119997753762,0.4892306923866272,True,0,2,0,1,0,1,1,ships
0ee8a4ea8.jpg,candidates,0.0,0.001193576388888889,0.0,27,51.0266000055708,0.8934242725372314,True,0,2,0,1,0,0,1,ships
0eecb8a16.jpg,candidates,0.0,0.011942545572916666,0.0617218017578125,50,52.020000002812594,0.9110850691795349,True,4,1,1,1,0,1,1,ships
0efbf3431.jpg,land_coast,0.0,0.033866034613715276,0.12308586968315972,74,50.84440001519397,0.8160989880561829,True,19,7,5,3,2,1,9,coast
0f34bea30.jpg,candidates,0.0,0.0018598768446180555,0.0,6,50.60809999122284,0.6770167350769043,True,0,1,0,1,0,1,1,ships
0f5b253f0.jpg,land_coast,0.0,0.2045525444878472,0.0,52,51.29430000670254,0.8050237894058228,True,5,0,0,0,0,0,1,coast
0f5bf2f15.jpg,empty_sea,0.0,0.0,0.0,0,49.68110000481829,0.12536969780921936,False,0,0,0,0,0,0,0,empty
0f6f01e69.jpg,land_coast,0.1693878173828125,4.6207615014954464e-05,0.10852278455489464,49,48.083100002259016,0.7680167555809021,True,0,2,0,2,0,2,3,coast
0f7a3efdf.jpg,land_coast,0.025868733723958332,0.004956882156278894,0.22051446108847508,28,49.708699982147664,0.0611736960709095,False,2,2,1,1,1,1,1,coast
0f7aba2e0.jpg,land_coast,0.050650702582465276,0.005430919892575211,0.08492164681839966,13,52.05160001059994,0.9808760285377502,True,8,7,3,0,2,0,4,coast
0f7cb7b56.jpg,candidates,0.0,0.0120086669921875,0.029062906901041668,45,51.24420000356622,0.839518666267395,True,0,1,0,1,0,1,1,ships
0f8134343.jpg,candidates,0.0,0.0006985134548611111,0.0,32,49.18790000374429,0.15998919308185577,True,0,0,0,0,0,0,0,empty
0f81bc382.jpg,land_coast,0.0,0.24521043565538195,0.0,57,53.90959998476319,0.5746682286262512,True,0,1,0,1,0,1,1,coast
0f8b47d44.jpg,land_coast,0.0,0.0011461046006944445,0.0934566921657986,56,49.701099982485175,0.4939909279346466,True,0,3,0,2,0,1,1,coast
0fa4ddf64.jpg,land_coast,0.0,0.011593288845486112,0.22953287760416666,70,50.38349999813363,0.80672287940979,True,1,8,0,4,0,2,8,coast
0ff239dd3.jpg,candidates,0.0,0.00014071994357638888,0.0,1,49.13099997793324,0.20252405107021332,True,0,2,0,1,0,1,1,ships
100383c25.jpg,candidates,0.0,0.020089043511284724,0.0,13,50.508299987996,0.27337875962257385,True,0,2,0,1,0,1,1,ships
101bf6dad.jpg,candidates,0.0,0.0017683241102430555,0.06302727593315972,42,50.51259999163449,0.9673945307731628,True,0,1,0,1,0,1,1,ships
10213647d.jpg,land_coast,0.0,0.2987518310546875,0.0,0,53.759100002935156,0.48811474442481995,True,0,0,0,0,0,0,0,coast
102193b0a.jpg,empty_sea,0.0,0.0,0.0,0,50.78850002610125,0.1344681680202484,True,0,0,0,0,0,0,0,empty
10306ca2a.jpg,candidates,0.0,0.0007849799262152778,0.0,3,49.769300007028505,0.9670625329017639,True,0,2,0,1,0,1,1,ships
104f9a4c8.jpg,candidates,0.0,0.002966986762152778,0.0,3,50.85480000707321,0.9511345028877258,True,0,2,0,1,0,0,1,ships
105dc5604.jpg,candidates,0.0,0.000213623046875,0.0,31,49.637500022072345,0.803000271320343,True,2,4,0,2,0,2,2,ships
1076a4e9e.jpg,candidates,0.0,0.0005917019314236111,0.0,80,50.83410002407618,0.12316229939460754,False,0,0,0,0,0,0,0,empty
107dc1bc4.jpg,candidates,0.0,0.031275431315104164,0.0,43,51.73730000387877,0.9980140924453735,True,13,3,4,1,3,1,3,ships
1093ebba2.jpg,land_coast,0.21530659993489584,0.24318375117839452,0.0,0,50.535500020487234,0.43152034282684326,True,0,1,0,0,0,0,1,coast
1097748b8.jpg,land_coast,0.0,0.24761962890625,0.0,44,51.73129998729564,0.4743412435054779,True,0,1,0,1,0,1,1,coast
109de8d41.jpg,candidates,0.0,0.0,0.0,1,49.86679999274202,0.7122970223426819,True,0,0,0,0,0,0,0,empty
10a5cb97d.jpg,candidates,0.0,0.0007392035590277778,0.0,6,50.71039998438209,0.7650466561317444,True,0,2,0,2,0,2,2,ships
10acf3589.jpg,candidates,0.0,0.00044080946180555556,0.0,15,49.6704000106547,0.014769529923796654,False,0,0,0,0,0,0,0,empty
10c100962.jpg,candidates,0.0,0.00032212999131944444,0.0,8,50.81600000266917,0.6706951260566711,True,0,2,0,2,0,2,3,ships
10c786126.jpg,candidates,0.0,0.002987331814236111,0.0,14,51.141399977495894,0.9984703660011292,True,0,8,0,6,0,5,6,ships
10c9d2e4a.jpg,candidates,0.0,0.0011376274956597222,0.0,9,50.429999973857775,0.7351565957069397,True,0,2,0,2,0,2,2,ships
10cfc8ca8.jpg,candidates,0.0,0.007620917426215278,0.0,2,51.81430000811815,0.6601170301437378,True,0,4,0,3,0,2,2,ships
10defd098.jpg,candidates,0.0,0.006578233506944444,0.0,16,52.24439999437891,0.9993101358413696,True,0,2,0,2,0,2,2,ships
10e334e8d.jpg,land_coast,0.5952538384331597,0.014880427498148214,0.2201950548481535,20,47.025200008647516,0.6634055972099304,True,0,0,0,0,0,0,2,coast
10f8ab308.jpg,candidates,0.0,0.004823472764756944,0.0,35,50.99109999719076,0.9091741442680359,True,0,1,0,1,0,1,1,ships
1106253f8.jpg,candidates,0.0,0.0004781087239583333,0.0,4,50.24299997603521,0.7624711990356445,True,1,1,1,1,1,1,1,ships
110aa83cb.jpg,empty_sea,0.0,0.09596421983506945,0.0,0,52.746000001206994,0.05886131897568703,False,0,0,0,0,0,0,0,empty
1117dbd46.jpg,candidates,0.0,0.0009256998697916666,0.0,25,50.12259999057278,0.10581105202436447,False,0,1,0,1,0,1,1,ships
111c59e0d.jpg,candidates,0.0,0.028650919596354168,0.052466498480902776,11,48.979599989252165,0.8812249898910522,True,8,2,1,1,0,0,1,ships
112b48a92.jpg,candidates,0.0,0.0015106201171875,0.06357828776041667,46,49.33480001636781,0.4370673894882202,True,5,0,2,0,0,0,0,empty
11319bd4d.jpg,land_coast,0.0,0.21955702039930555,0.0,1,52.42640001233667,0.5518608093261719,True,0,0,0,0,0,0,0,coast
11374fdd1.jpg,land_coast,0.0,0.3472934299045139,0.0,0,51.43130000215024,0.9042395949363708,True,1,1,0,1,0,1,2,coast
113b5371f.jpg,candidates,0.0,0.0010002983940972222,0.0,2,51.0571000049822,0.5608140826225281,True,0,3,0,2,0,0,1,ships
113c5965a.jpg,candidates,0.0,0.012049357096354166,0.0,18,52.48389998450875,0.03327883407473564,False,0,0,0,0,0,0,0,empty
115f9bef0.jpg,candidates,0.0,0.0,0.0,2,51.95000002277084,0.5284550189971924,True,0,2,0,1,0,1,1,ships
1165285c5.jpg,empty_sea,0.0,0.0,0.0,0,50.133800017647445,0.10726059973239899,False,0,0,0,0,0,0,0,empty
1169a2c66.jpg,candidates,0.0,0.008660210503472222,0.018039279513888888,87,48.93839999567717,0.959696888923645,True,0,1,0,0,0,0,1,ships
116dc2a67.jpg,candidates,0.0,0.010089450412326388,0.011335584852430556,12,48.96220000227913,0.9592593312263489,True,1,2,0,2,0,2,2,ships
1172ecf76.jpg,candidates,0.0,0.0012461344401041667,0.0,6,50.566299993079156,0.9796605706214905,True,3,5,1,3,0,3,4,ships
11790c78f.jpg,candidates,0.0,5.764431423611111e-05,0.0,14,52.593100001104176,0.8310219645500183,True,0,1,0,1,0,1,1,ships
1179e005f.jpg,candidates,0.0,0.003345065646701389,0.0,2,50.81340001197532,0.6780785918235779,True,0,2,0,1,0,1,1,ships
118992fba.jpg,land_coast,0.0,0.2536129421657986,0.0,3,52.4720000103116,0.4438953697681427,True,0,2,0,0,0,0,2,coast
1195f6082.jpg,candidates,0.021343655056423612,0.0007921676603659675,0.05696627703882843,14,50.63259997405112,0.7308472394943237,True,0,1,0,1,0,1,1,ships
11bdd3b25.jpg,candidates,0.0,0.005072699652777778,0.0,15,51.27979998360388,0.9640949964523315,True,9,4,2,2,0,1,2,ships
11ef28b6d.jpg,land_coast,0.0,0.07029045952690972,0.3160925971137153,42,52.53269997774623,0.9999964237213135,True,5,3,1,3,1,1,3,coast
11f1398df.jpg,land_coast,0.0,0.3232947455512153,0.0,2,56.289800006197765,0.7246026992797852,True,0,0,0,0,0,0,0,coast
11f537a9a.jpg,candidates,0.0,0.002956814236111111,0.0,30,51.914900017436594,0.48821592330932617,True,0,0,0,0,0,0,0,empty
1215892e3.jpg,candidates,0.0,0.007422553168402778,0.0,93,51.984099991386756,0.1737847924232483,True,0,1,0,1,0,1,1,ships
1232d4183.jpg,candidates,0.0,0.00012037489149305556,0.0,1,51.563599990913644,0.2962396442890167,True,0,1,0,1,0,1,1,ships
123b7ff5f.jpg,candidates,0.011252509223090278,0.00014789948338366502,0.019557127035337657,18,50.68990000290796,0.7193761467933655,True,0,2,0,2,0,0,1,ships
125cb02ff.jpg,empty_sea,0.0,0.0,0.0,0,51.6875000030268,0.15875087678432465,True,0,0,0,0,0,0,0,empty
125fb4347.jpg,land_coast,0.0,0.015953911675347224,0.2966664632161458,49,52.188899979228154,0.9156589508056641,True,0,1,0,1,0,1,1,coast
127ede551.jpg,land_coast,0.0,0.053292168511284724,0.1070556640625,64,50.4425999824889,0.331870973110199,True,5,4,1,2,0,2,3,coast
1281987a7.jpg,candidates,0.0,0.00103759765625,0.0,5,51.20170000009239,0.9595393538475037,True,0,1,0,1,0,1,1,ships
1286d5f8e.jpg,land_coast,0.0,0.3003997802734375,0.0,5,52.888300007907674,0.9360063672065735,True,0,6,0,2,0,2,2,coast
1293fb3e1.jpg,candidates,0.0,5.764431423611111e-05,0.0,2,48.54079999495298,0.4144477844238281,True,1,1,1,1,1,0,1,ships
12ac8d91f.jpg,candidates,0.0,0.020853678385416668,0.0,17,52.32119999709539,0.8982798457145691,True,0,3,0,2,0,2,2,ships
12c41b236.jpg,land_coast,0.0,0.2812550862630208,0.0,0,54.19439999968745,0.08521346002817154,False,0,0,0,0,0,0,0,coast
12c9ea516.jpg,candidates,0.0,0.000640869140625,0.0,2,53.71139998896979,0.8951127529144287,True,0,1,0,1,0,1,1,ships
12d2ca743.jpg,land_coast,0.0,0.3037974039713542,0.0,13,54.98529999749735,0.9015687704086304,True,0,1,0,1,0,1,1,coast
12d7e1a24.jpg,land_coast,0.009838528103298612,0.00038505041753904653,0.11342657054158028,60,49.61060002096929,0.7502953410148621,True,0,13,0,8,0,7,7,coast
12f42a9bd.jpg,candidates,0.0,0.007439507378472222,0.0,1,51.51049999403767,0.6016815900802612,True,0,0,0,0,0,0,0,empty
13038001c.jpg,land_coast,0.0,0.007422553168402778,0.2983245849609375,82,50.0119999924209,0.41423499584198,True,0,0,0,0,0,0,0,coast
13148ae99.jpg,candidates,0.0,0.0009104410807291666,0.0,3,51.096800016239285,0.4136050343513489,True,0,1,0,1,0,1,1,ships
131ecea79.jpg,candidates,0.0,0.014309353298611112,0.0306243896484375,60,52.74630000349134,0.9683058857917786,True,2,1,0,1,0,1,1,ships
13291b6f8.jpg,candidates,0.0,0.0025804307725694445,0.0,11,52.38370000733994,0.9977654218673706,True,0,3,0,3,0,3,3,ships
133b13bda.jpg,candidates,0.0,0.05019972059461805,0.0,57,51.547299983212724,0.4378392696380615,True,0,0,0,0,0,0,0,empty
133e519f7.jpg,land_coast,0.0,0.2933485243055556,0.0,6,55.03869999665767,0.9479072690010071,True,11,2,5,2,3,2,2,coast
13466bcf9.jpg,candidates,0.0,0.0004119873046875,0.0,14,51.456800021696836,0.6374147534370422,True,1,4,0,1,0,0,1,ships
134c1a225.jpg,candidates,0.0,0.0004696316189236111,0.0,3,51.94749997463077,0.9250199198722839,True,1,1,1,1,1,1,1,ships
135099204.jpg,empty_sea,0.0,0.0,0.0,0,51.53140000766143,0.10133382678031921,False,0,0,0,0,0,0,0,empty
13522033c.jpg,candidates,0.0,0.0005679660373263889,0.0,2,50.70970000815578,0.7096077799797058,True,0,1,0,1,0,1,1,ships
135a2a350.jpg,candidates,0.0,0.002621120876736111,0.0,4,51.34219999308698,0.9611583948135376,True,1,1,0,1,0,1,3,ships
135f22189.jpg,land_coast,0.0,0.015006171332465278,0.08207024468315972,63,53.80340002011508,0.9893362522125244,True,0,2,0,1,0,1,1,coast
136c2dbcd.jpg,land_coast,0.006134033203125,0.13214198361780113,0.0,24,50.24680000497028,0.9890060424804688,True,4,11,1,5,0,2,5,coast
1373dbd93.jpg,candidates,0.0,0.026880900065104168,0.014967176649305556,30,52.67579999053851,0.9763079881668091,True,0,4,0,3,0,0,1,ships
1385a619b.jpg,candidates,0.0,0.0013953314887152778,0.0,2,52.11570000392385,0.7935073971748352,True,0,2,0,1,0,0,1,ships
139b3ab79.jpg,candidates,0.0,0.0010325113932291667,0.0,4,48.93759998958558,0.9670754671096802,True,1,1,0,1,0,1,3,ships
13aa7315c.jpg,candidates,0.0,0.004106309678819444,0.0,15,50.793200003681704,0.9998643398284912,True,0,3,0,3,0,3,3,ships
13e5d5e5a.jpg,candidates,0.0,0.00011359320746527778,0.0,1,51.34260002523661,0.6145576238632202,True,2,4,1,0,0,0,1,ships
13f654053.jpg,candidates,0.0,0.0,0.0,5,50.431500014383346,0.17294059693813324,True,0,0,0,0,0,0,0,empty
144a5986b.jpg,empty_sea,0.0,7.120768229166667e-05,0.0,0,51.99840001296252,0.3493662476539612,True,0,0,0,0,0,0,0,empty
1453d4c00.jpg,candidates,0.0,0.00025770399305555556,0.0,2,49.20509998919442,0.6288110017776489,True,0,2,0,2,0,2,2,ships
1453e0557.jpg,land_coast,0.0,0.12162102593315972,0.0,6,50.49140000483021,0.23883740603923798,True,0,1,0,1,0,1,1,coast
1469c3a5a.jpg,land_coast,0.0,0.24863179524739584,0.0,0,51.96839998825453,0.32072317600250244,True,0,0,0,0,0,0,0,coast
1476c98b9.jpg,candidates,0.0,0.0008833143446180555,0.0,6,49.868400004925206,0.8620591759681702,True,1,1,0,1,0,1,1,ships
147bc43db.jpg,candidates,0.0,0.0014801025390625,0.0,12,49.25889999140054,0.9029591679573059,True,6,8,2,5,0,1,5,ships
14814c9cd.jpg,land_coast,0.0,0.1417728000217014,0.0,48,51.735199987888336,0.593253493309021,True,0,3,0,1,0,0,4,coast
148559881.jpg,candidates,0.0,0.004813300238715278,0.0,26,52.40099999355152,0.9542831778526306,True,0,1,0,1,0,1,1,ships
149454555.jpg,candidates,0.0,0.0007832845052083334,0.0,5,51.47649999707937,0.9500942230224609,True,0,1,0,1,0,1,1,ships
149f806bd.jpg,land_coast,0.7367570665147569,0.08697374123836141,0.23527521633214268,15,48.07170000276528,0.9654552340507507,True,1,3,0,1,0,0,1,coast
14a1efc07.jpg,candidates,0.0019480387369791667,0.03787041414282265,0.07712164446364134,74,50.54520000703633,0.9694483876228333,True,5,7,1,4,1,4,6,ships
14a63d1fe.jpg,candidates,0.0,0.0016276041666666667,0.0,10,54.276199982268736,0.9595000743865967,True,2,5,0,4,0,3,4,ships
14ac0acf1.jpg,candidates,0.0,0.007939656575520834,0.045784844292534724,53,54.54099999042228,0.749053955078125,True,1,8,1,1,1,0,5,ships
14d37f915.jpg,land_coast,0.0791965060763889,0.0020147889664340313,0.14428872473488624,24,49.75960002047941,0.7426766157150269,True,2,3,0,2,0,1,4,coast
14db79c5f.jpg,candidates,0.0,0.00043572319878472225,0.021124945746527776,41,50.80679999082349,0.18346001207828522,True,0,0,0,0,0,0,0,empty
14ea69373.jpg,candidates,0.0,0.0005035400390625,0.0,3,50.04990001907572,0.34121081233024597,True,0,1,0,1,0,1,1,ships
14f4fb908.jpg,candidates,0.0,0.00022549099392361112,0.0,3,49.8290000250563,0.6359459757804871,True,0,1,0,1,0,1,1,ships
14fb01cab.jpg,candidates,0.0,0.09937540690104167,0.0,16,51.04099999880418,0.10307479649782181,False,25,6,4,4,2,4,6,ships
1508c94ab.jpg,land_coast,0.0,0.23032633463541666,0.025639851888020832,27,53.38379999739118,0.9453946948051453,True,4,7,0,6,0,5,7,coast
15224645e.jpg,candidates,0.0,2.3735894097222223e-05,0.0,50,50.47709998325445,0.11167542636394501,False,0,0,0,0,0,0,0,empty
1523f641a.jpg,land_coast,0.059458414713541664,0.13394526168500143,0.11910739597643141,13,50.733899988699704,0.045323193073272705,False,0,0,0,0,0,0,0,coast
15333d228.jpg,candidates,0.0,0.0008205837673611111,0.0,52,52.67279999679886,0.017959177494049072,False,0,0,0,0,0,0,0,empty
15391f0a2.jpg,candidates,0.0,0.0005527072482638889,0.0,16,50.999200000660494,0.7877498269081116,True,0,1,0,1,0,1,1,ships
153ae1870.jpg,candidates,0.0,0.009282430013020834,0.0,4,49.797599989688024,0.21024876832962036,True,0,0,0,0,0,0,0,empty
153dc6955.jpg,candidates,0.0,0.003638373480902778,0.0,32,52.501199999824166,0.9997567534446716,True,0,5,0,5,0,5,6,ships
15560bcc0.jpg,candidates,0.0,0.002288818359375,0.0,21,51.38389999046922,0.9959166646003723,True,1,3,0,3,0,2,3,ships
1582eecfe.jpg,land_coast,0.0,0.020402696397569444,0.08544413248697917,36,50.83239998202771,0.7654933333396912,True,4,4,1,1,1,0,1,coast
1583986c9.jpg,candidates,0.0,0.004152086046006944,0.0,21,52.51129998941906,0.999998927116394,True,0,3,0,3,0,3,3,ships
15a38a09e.jpg,candidates,0.0,0.0,0.0,23,49.772099999245256,0.11569832265377045,False,0,0,0,0,0,0,0,empty
15acbd70e.jpg,land_coast,0.0,0.006742689344618056,0.1850314670138889,42,52.25360000622459,0.7107690572738647,True,3,4,0,2,0,1,4,coast
15ad76fce.jpg,candidates,0.0,0.0007442898220486111,0.0,3,51.74629998509772,0.7796036005020142,True,0,2,0,1,0,1,1,ships
15b6f3223.jpg,land_coast,0.0,0.3144022623697917,0.0,25,52.950400015106425,0.9282175302505493,True,0,2,0,1,0,1,1,coast
15b8b2e75.jpg,candidates,0.0,0.00017632378472222222,0.0,2,50.763300008838996,0.565834641456604,True,0,3,0,2,0,1,2,ships
15bb3c734.jpg,candidates,0.0,0.003811306423611111,0.0,14,50.913100014440715,0.9941394329071045,True,1,6,0,4,0,4,4,ships
15c1347cd.jpg,land_coast,0.0,0.04575941297743055,0.21182759602864584,28,51.258199993753806,0.9992634654045105,True,0,1,0,1,0,1,1,coast
15d775515.jpg,candidates,0.0,0.00014241536458333334,0.0,1,51.150199986295775,0.502961277961731,True,0,1,0,1,0,1,1,ships
15e51def6.jpg,candidates,0.0,0.0013580322265625,0.0,42,52.58800002047792,0.8727496862411499,True,0,2,0,2,0,2,2,ships
15f212f47.jpg,candidates,0.0,0.0003306070963541667,0.0,2,50.68720001145266,0.6383229494094849,True,2,1,1,1,1,1,1,ships
1603a3ccb.jpg,land_coast,0.0,0.023101806640625,0.2269134521484375,48,54.6815000125207,0.9997307658195496,True,7,1,1,1,1,1,1,coast
160d1b5ec.jpg,candidates,0.0,0.0008154975043402778,0.0,14,51.85879999771714,0.6877580285072327,True,0,1,0,1,0,1,1,ships
160f8490b.jpg,candidates,0.0,0.0003611246744791667,0.0,5,52.330899983644485,0.3660834729671478,True,0,2,0,1,0,1,1,ships
16139c28d.jpg,candidates,0.0,0.0,0.01416015625,56,51.60880001494661,0.028451502323150635,False,0,0,0,0,0,0,0,empty
1622e4344.jpg,land_coast,0.0,0.3158603244357639,0.0,3,54.71980001311749,0.727982759475708,True,0,1,0,1,0,1,1,coast
1626de534.jpg,candidates,0.0,0.001163058810763889,0.0,4,52.922100003343076,0.8643243312835693,True,0,3,0,3,0,3,3,ships
162af9297.jpg,land_coast,0.0,0.23752000596788195,0.0,4,52.957599982619286,0.5550318360328674,True,0,1,0,1,0,1,1,coast
1635616e4.jpg,land_coast,0.006030612521701389,0.047302884673002484,0.29401955530597323,36,51.928100001532584,0.9591299295425415,True,1,2,1,2,0,2,2,coast
16372685c.jpg,candidates,0.0,0.000640869140625,0.0,20,48.9258999878075,0.7963557839393616,True,0,6,0,3,0,2,2,ships
163ae7fca.jpg,land_coast,0.0,0.15482076009114584,0.0,15,51.67879999498837,0.895110547542572,True,0,1,0,1,0,1,1,coast
1645884a0.jpg,candidates,0.0,0.00036451551649305556,0.0,4,49.825499998405576,0.5931126475334167,True,0,1,0,1,0,1,1,ships
164e834c9.jpg,candidates,0.0,0.10628594292534722,0.0,29,52.50510000041686,0.7346460819244385,True,0,1,0,1,0,1,1,ships
16623c042.jpg,land_coast,0.0,0.3044891357421875,0.0,7,53.39980000280775,0.6471273899078369,True,0,1,0,1,0,1,1,coast
166ba286d.jpg,candidates,0.0,0.00201416015625,0.0,7,53.22539998451248,0.9664117693901062,True,0,1,0,1,0,1,1,ships
1674b8918.jpg,candidates,0.0,0.0,0.0,1,50.77590001747012,0.3543365001678467,True,0,0,0,0,0,0,0,empty
1676c8e96.jpg,land_coast,0.0,0.3726382785373264,0.0,5,60.28910001623444,0.5522920489311218,True,2,2,0,1,0,1,2,coast
168f1d71b.jpg,land_coast,0.0,0.2987603081597222,0.0,5,53.282400011084974,0.5283946394920349,True,0,1,0,1,0,1,1,coast
1696a45bc.jpg,candidates,0.0,0.0,0.0,10,50.61919998843223,0.7498751878738403,True,0,2,0,0,0,0,1,ships
169cdc96b.jpg,candidates,0.0,0.0002848307291666667,0.0,1,50.887899997178465,0.6337400078773499,True,0,1,0,1,0,1,1,ships
16a164a9c.jpg,candidates,0.0,0.001888699001736111,0.0,6,51.47569999098778,0.9977506995201111,True,0,1,0,1,0,1,1,ships
16a32fd9b.jpg,candidates,0.0,0.00013224283854166666,0.0,1,49.74509999738075,0.7261288166046143,True,2,5,0,1,0,0,2,ships
16af068ec.jpg,candidates,0.0,0.012208726671006944,0.0,36,49.753200000850484,0.05288061127066612,False,0,0,0,0,0,0,0,empty
16b620c6d.jpg,land_coast,0.11328803168402778,0.2934547512884934,0.0,16,50.889299978734925,0.8459450006484985,True,2,0,0,0,0,0,1,coast
16bf0c215.jpg,candidates,0.0,0.003100925021701389,0.0,21,51.14620001404546,0.8610754013061523,True,0,1,0,1,0,1,1,ships
16c2999b1.jpg,candidates,0.0,0.006590101453993056,0.0,8,51.04520000168122,0.9769598245620728,True,1,4,1,2,0,1,2,ships
16cc45aca.jpg,candidates,0.0,0.00010172526041666667,0.0,5,50.098300009267405,0.8411321640014648,True,0,1,0,1,0,1,1,ships
16f25a174.jpg,candidates,0.0,0.00016954210069444444,0.028986612955729168,6,50.893699983134866,0.020821137353777885,False,0,0,0,0,0,0,0,empty
16f539801.jpg,candidates,0.0,0.005683051215277778,0.0,1,49.784000002546236,0.8457472920417786,True,0,2,0,2,0,1,1,ships
16ff0f0da.jpg,candidates,0.0,0.0001068115234375,0.0,41,52.231700014090165,0.6417741179466248,True,0,2,0,1,0,1,1,ships
170db3f05.jpg,land_coast,0.0,0.2764383951822917,0.0,8,53.72180000995286,0.09014828503131866,False,0,0,0,0,0,0,0,coast
1721f5d2f.jpg,land_coast,0.0,0.2924109564887153,0.0,0,53.83240000810474,0.1871379315853119,True,0,0,0,0,0,0,1,coast
17246c643.jpg,candidates,0.0,0.0016276041666666667,0.0,4,50.10980000952259,0.9841467142105103,True,2,3,0,1,0,1,2,ships
1726d40b1.jpg,candidates,0.0,0.00040351019965277775,0.0,20,51.376999996136874,0.875577986240387,True,7,2,1,2,0,2,2,ships
17281a4dd.jpg,candidates,0.0,0.0021226671006944445,0.023447672526041668,28,53.08139999397099,0.9648140668869019,True,0,1,0,1,0,1,1,ships
173d98541.jpg,candidates,0.0,0.0033518473307291665,0.02215576171875,14,52.14769998565316,0.9771173596382141,True,4,2,0,2,0,2,2,ships
1740e9502.jpg,candidates,0.0,4.916720920138889e-05,0.0,3,49.71939997631125,0.29305481910705566,True,0,3,0,1,0,0,1,ships
1751d5562.jpg,candidates,0.0,0.0004764133029513889,0.023623996310763888,3,50.328100012848154,0.7380602955818176,True,0,1,0,1,0,1,1,ships
175f0bc4e.jpg,candidates,0.0,0.0588531494140625,0.0,28,50.42800001683645,0.9999854564666748,True,2,6,2,6,2,6,6,ships
17770f2a8.jpg,candidates,0.0,0.0008205837673611111,0.0,57,51.470099977450445,0.01980465278029442,False,0,0,0,0,0,0,0,empty
177b90121.jpg,candidates,0.0,0.0009663899739583334,0.0,2,50.52459999569692,0.6744507551193237,True,1,1,0,1,0,1,1,ships
17804f4a5.jpg,candidates,0.0,0.001086764865451389,0.028527153862847224,22,51.52570002246648,0.9890308976173401,True,2,6,0,3,0,2,3,ships
178bec095.jpg,land_coast,0.0,0.02142333984375,0.3589731852213542,32,49.80689997319132,0.8641120791435242,True,1,4,1,3,0,2,5,coast
178c34d1c.jpg,candidates,0.0,0.0009324815538194445,0.0,4,51.264299981994554,0.9676613807678223,True,0,1,0,1,0,1,1,ships
17980f5e4.jpg,land_coast,0.0,0.00032212999131944444,0.09586079915364583,57,50.70180000620894,0.07214430719614029,False,0,5,0,2,0,0,2,coast
179f643cb.jpg,candidates,0.0,0.0010833740234375,0.010219997829861112,59,51.04239998036064,0.9085379242897034,True,10,2,2,2,1,2,2,ships
17c234248.jpg,candidates,0.0,0.0,0.0,14,50.24020001292229,0.7119019031524658,True,0,1,0,1,0,1,1,ships
17d0b06e1.jpg,candidates,0.0,0.0006849500868055555,0.0,5,52.40869999397546,0.8139380216598511,True,1,2,0,2,0,0,1,ships
17d340b7c.jpg,land_coast,0.1052127414279514,0.00882690921839394,0.26638490154451433,64,51.3556000078097,0.15227504074573517,True,0,0,0,0,0,0,0,coast
17db77366.jpg,candidates,0.0,0.0014478895399305555,0.0,2,51.148500002454966,0.9749161005020142,True,0,1,0,1,0,1,1,ships
17e4b69db.jpg,candidates,0.0,0.00028143988715277775,0.0,6,51.342899998417124,0.14068087935447693,True,2,2,1,2,0,0,1,ships
17e60f700.jpg,land_coast,0.0,0.24730088975694445,0.0,3,53.80299998796545,0.4366424083709717,True,0,0,0,0,0,0,0,coast
17e831210.jpg,candidates,0.0,0.013631184895833334,0.0,38,50.51339999772608,0.5282434225082397,True,0,1,0,0,0,0,1,ships
17f2cca1d.jpg,candidates,0.0,0.004969278971354167,0.0,30,50.1075999927707,0.9788150191307068,True,26,6,11,5,8,4,5,ships
17f5d54f5.jpg,candidates,0.0,0.013761732313368056,0.0,45,49.78800000390038,0.5804404616355896,True,3,8,1,5,0,4,4,ships
17f6ab7cd.jpg,candidates,0.0,0.011006673177083334,0.0,70,50.43490001116879,0.8708122968673706,True,1,2,0,2,0,2,2,ships
180ff73ff.jpg,land_coast,0.0,0.3254021538628472,0.0,1,53.60250000376254,0.9237450361251831,True,0,1,0,1,0,1,1,coast
1818c134a.jpg,land_coast,0.0,0.3389027913411458,0.0,0,54.55550001352094,0.7927902340888977,True,0,1,0,1,0,1,1,coast
1837bdb41.jpg,land_coast,0.0,0.019904242621527776,0.08524407280815972,77,54.635000007692724,0.9824684262275696,True,1,4,0,2,0,2,2,coast
183896083.jpg,candidates,0.0,0.002093844943576389,0.0,7,50.92519999016076,0.7346541881561279,True,0,2,0,1,0,1,1,ships
183e6fdd2.jpg,candidates,0.0,0.0,0.0,7,51.18089998723008,0.2062213122844696,True,0,0,0,0,0,0,0,empty
184004e89.jpg,land_coast,0.0,0.3229777018229167,0.0,4,51.76390000269748,0.6125813126564026,True,0,1,0,1,0,1,1,coast
1844eddf2.jpg,candidates,0.0,0.022304958767361112,0.037053426106770836,116,51.308800000697374,0.8521077632904053,True,10,3,0,3,0,3,3,ships
1850926b8.jpg,candidates,0.0,0.0023634168836805555,0.0,14,50.9017999866046,0.6852988600730896,True,4,7,0,2,0,0,2,ships
185d6e84c.jpg,empty_sea,0.0,0.0,0.0,0,50.32020001090132,0.46179506182670593,True,0,0,0,0,0,0,0,empty
185e9982c.jpg,candidates,0.0,0.0025312635633680555,0.0,10,53.13509999541566,0.8357363939285278,True,0,1,0,1,0,1,1,ships
18722fb07.jpg,land_coast,0.0,0.3441908094618056,0.0,0,52.26050000055693,0.761198103427887,True,0,1,0,1,0,1,1,coast
187e5a6a6.jpg,empty_sea,0.0,0.0,0.0,0,50.130599993281066,0.01352327223867178,False,0,0,0,0,0,0,0,empty
188b06cf8.jpg,candidates,0.0,0.0004526774088541667,0.0,3,50.04440000629984,0.8462393283843994,True,0,4,0,2,0,2,2,ships
18acc0aeb.jpg,candidates,0.0,0.004584418402777778,0.0,9,49.901299993507564,0.21460005640983582,True,0,1,0,1,0,1,1,ships
18b9332f9.jpg,candidates,0.0,2.3735894097222223e-05,0.0,10,50.28540000785142,0.32462939620018005,True,0,0,0,0,0,0,0,empty
18e2acdec.jpg,candidates,0.0,3.5603841145833336e-05,0.0,29,50.20830000285059,0.01736920140683651,False,0,0,0,0,0,0,0,empty
18e50fa4d.jpg,candidates,0.0,0.0003102620442708333,0.0,2,50.41140000685118,0.6137416958808899,True,2,3,0,3,0,2,2,ships
18ea7b5c6.jpg,candidates,0.0,0.0008205837673611111,0.0,17,48.78069998812862,0.8543667197227478,True,1,5,0,5,0,3,3,ships
18ee4f771.jpg,empty_sea,0.0,0.0,0.0,0,50.24549999507144,0.10530690103769302,False,0,0,0,0,0,0,0,empty
18f538988.jpg,land_coast,0.0,0.3236202663845486,0.0,1,56.72210000921041,0.7726351618766785,True,0,0,0,0,0,0,1,coast
18fb7fa98.jpg,candidates,0.015311347113715278,0.10360465740938102,0.010929558329390928,29,52.6798999926541,0.9805516004562378,True,4,1,2,1,0,1,1,ships
1908aba09.jpg,land_coast,0.0,0.1612311469184028,0.0,8,52.13960001128726,0.757278561592102,True,0,0,0,0,0,0,1,coast
1911d1261.jpg,candidates,0.0,0.0008629692925347222,0.041344536675347224,40,50.99250000785105,0.9865998029708862,True,0,1,0,1,0,1,1,ships
19179714c.jpg,candidates,0.0,0.0012223985460069445,0.048195732964409724,35,51.653900009114295,0.05980429798364639,False,0,1,0,1,0,0,1,ships
1923f24c9.jpg,candidates,0.0,0.000396728515625,0.0,4,49.08259998774156,0.8833285570144653,True,5,2,1,2,0,1,1,ships
1928d1ad2.jpg,candidates,0.0,0.0,0.0,1,51.21810000855476,0.5975659489631653,True,0,3,0,2,0,1,1,ships
1929aba96.jpg,candidates,0.0,0.001720852322048611,0.0,11,52.126499998848885,0.9363023638725281,True,0,1,0,1,0,1,1,ships
192bd6793.jpg,land_coast,0.0,0.2210845947265625,0.0,0,51.62650000420399,0.4282333254814148,True,0,0,0,0,0,0,0,coast
194704730.jpg,candidates,0.0,0.001849704318576389,0.0,7,51.69650001334958,0.9979440569877625,True,2,9,1,5,1,3,5,ships
194ee5699.jpg,candidates,0.0,0.024785359700520832,0.0,76,51.568100025178865,0.41411736607551575,True,0,1,0,1,0,1,1,ships
195f6f0e5.jpg,candidates,0.0,0.00030348036024305556,0.0,5,50.26160000124946,0.620387613773346,True,0,4,0,2,0,1,2,ships
196ee962f.jpg,land_coast,0.0,0.22401258680555555,0.0,41,55.75290002161637,0.867525577545166,True,1,1,0,1,0,1,1,coast
19956a879.jpg,candidates,0.0,0.002453274197048611,0.0,15,51.97879998013377,0.89509516954422,True,0,3,0,3,0,2,2,ships
199f91554.jpg,candidates,0.0,0.0,0.0,6,49.964900012128055,0.5627105236053467,True,0,1,0,1,0,1,1,ships
19a6c3326.jpg,candidates,0.0,0.00017462836371527778,0.0,2,50.967799994396046,0.46436792612075806,True,0,2,0,2,0,2,2,ships
19acbe356.jpg,land_coast,0.0,0.07514105902777778,0.1192287868923611,62,51.519100001314655,0.9998512268066406,True,6,2,0,2,0,2,2,coast
19c8196e0.jpg,candidates,0.0,0.00039503309461805556,0.0,5,48.47979999613017,0.8930313587188721,True,2,1,0,1,0,1,1,ships
19d0217b0.jpg,candidates,0.0,4.916720920138889e-05,0.0,1,49.43690000800416,0.8680950403213501,True,0,2,0,2,0,0,1,ships
19d659f8a.jpg,candidates,0.0,0.00042894151475694444,0.0,11,52.840799995465204,0.819434642791748,True,3,3,1,1,0,0,1,ships
19dcd64f2.jpg,candidates,0.0,0.04484897189670139,0.0,2,51.5140000206884,0.6689087748527527,True,0,0,0,0,0,0,0,empty
19e27883d.jpg,candidates,0.0,0.0014394124348958333,0.0,5,51.95960000855848,0.9922182559967041,True,0,1,0,1,0,1,1,ships
19e2fd98c.jpg,land_coast,0.0,0.2207302517361111,0.0,29,50.152999989222735,0.7627274990081787,True,2,1,1,1,0,1,1,coast
19e954db4.jpg,land_coast,0.0,0.2591027153862847,0.0,2,52.230300003429875,0.4531020522117615,True,0,2,0,0,0,0,1,coast
19f41b89f.jpg,land_coast,0.0,0.13603379991319445,0.0,44,53.85900000692345,0.017656585201621056,False,0,0,0,0,0,0,0,coast
19f577039.jpg,candidates,0.021796332465277776,0.0007706398398182473,0.03920521460492966,31,50.926399999298155,0.9575605988502502,True,2,1,0,1,0,1,1,ships
19f7a193d.jpg,candidates,0.3915540907118056,0.0006167437106825884,0.0,30,49.77409998537041,0.40847572684288025,True,0,1,0,1,0,1,1,ships
1a0129a7c.jpg,candidates,0.0,0.002322726779513889,0.0,14,51.21140001574531,0.9899790287017822,True,0,1,0,1,0,1,1,ships
1a093117c.jpg,candidates,0.0,0.0004153781467013889,0.0,19,50.19350000657141,0.6990314722061157,True,0,2,0,1,0,1,1,ships
1a116c81a.jpg,land_coast,0.0,0.2848036024305556,0.0,15,52.815400005783886,0.9409920573234558,True,7,3,1,2,0,2,3,coast
1a359dac8.jpg,candidates,0.0,4.916720920138889e-05,0.0,1,49.616700009210035,0.24540437757968903,True,0,2,0,1,0,1,1,ships
1a3bedc55.jpg,candidates,0.0,0.0019243028428819445,0.0,20,51.66610001469962,0.9959537982940674,True,0,3,0,3,0,3,3,ships
1a3e096cc.jpg,candidates,0.0,0.028257581922743056,0.0,4,50.65600000671111,0.7888355255126953,True,2,2,0,2,0,1,1,ships
1a47330cf.jpg,candidates,0.0,0.003195868598090278,0.0,10,49.89719999139197,0.8471453785896301,True,4,1,0,1,0,1,2,ships
1a4cdc3a6.jpg,candidates,0.0,0.001391940646701389,0.0,70,52.50829999567941,0.020599037408828735,False,0,0,0,0,0,0,0,empty
1a510701f.jpg,candidates,0.0,0.00011528862847222222,0.0,16,49.83130001346581,0.12387320399284363,False,0,0,0,0,0,0,0,empty
1a5838dc6.jpg,candidates,0.0,0.002205742730034722,0.027199639214409724,34,49.39830000512302,0.8932793736457825,True,0,3,0,3,0,3,3,ships
1a61e4579.jpg,candidates,0.0,0.0006035698784722222,0.0,16,51.7866000009235,0.8906287550926208,True,4,1,1,1,0,1,1,ships
1a7261884.jpg,candidates,0.0,0.002773708767361111,0.0,9,52.160599996568635,0.9959093332290649,True,3,6,2,4,1,3,4,ships
1a8944c02.jpg,land_coast,0.0,0.19557698567708334,0.0,7,52.031800005352125,0.02091890573501587,False,0,0,0,0,0,0,0,coast
1a8d8df1c.jpg,land_coast,0.0,0.1920623779296875,0.0,20,50.97280000336468,0.6104463338851929,True,5,1,0,1,0,1,1,coast
1aa8eac4c.jpg,candidates,0.0,0.023730807834201388,0.016854180230034724,71,50.63329997938126,0.9605843424797058,True,0,2,0,2,0,2,2,ships
1aab43e74.jpg,candidates,0.0,0.00390625,0.0166473388671875,19,54.12640000577085,0.9975997805595398,True,2,1,1,1,1,1,1,ships
1ac0edfc8.jpg,candidates,0.0,0.044581095377604164,0.0,47,50.85309999412857,0.08050639927387238,False,0,0,0,0,0,0,0,empty
1ae955a67.jpg,land_coast,0.0,0.2805396185980903,0.0,3,52.954799990402535,0.7863562703132629,True,1,1,1,1,1,1,1,coast
1af142c38.jpg,candidates,0.0,0.0007951524522569445,0.0,1,51.79800000041723,0.961361289024353,True,0,1,0,1,0,1,1,ships
1b0d32b96.jpg,candidates,0.0,0.1188930935329861,0.0,4,51.49040001560934,0.4884936213493347,True,0,1,0,1,0,1,1,ships
1b18bbcf0.jpg,candidates,0.09851582845052083,0.04426361902434461,0.0,21,49.8727000085637,0.0057577588595449924,False,0,0,0,0,0,0,0,empty
1b3f699ee.jpg,candidates,0.0,0.009365505642361112,0.0,3,52.3875999788288,0.6090127825737,True,0,4,0,2,0,1,1,ships
1b42c0672.jpg,candidates,0.0,0.0025278727213541665,0.0,6,52.3420000099577,0.9999202489852905,True,2,7,0,4,0,4,4,ships
1b45008a3.jpg,land_coast,0.0,0.12686326768663195,0.0,79,52.17779998201877,0.5060733556747437,True,0,1,0,1,0,1,1,coast
1b4e72ce1.jpg,candidates,0.0,2.8822157118055555e-05,0.0,1,50.23429999710061,0.0959833562374115,False,2,0,0,0,0,0,0,empty
1b4f0af31.jpg,candidates,0.0,0.0020497639973958335,0.0,1,50.86069999379106,0.34899967908859253,True,0,1,0,1,0,0,1,ships
1b515cbb5.jpg,candidates,0.0745086669921875,0.05095118080836367,0.0,7,50.311800005147234,0.005384153686463833,False,0,0,0,0,0,0,0,empty
1b5dbf730.jpg,land_coast,0.0,0.2640957302517361,0.0,19,56.83410001802258,0.7422893047332764,True,0,1,0,1,0,1,1,coast
1b5de27c9.jpg,candidates,0.0,0.006964789496527778,0.06595696343315972,16,52.26409999886528,0.9956641793251038,True,0,10,0,6,0,3,3,ships
1b603cc1a.jpg,candidates,0.0,0.003916422526041667,0.0,7,50.804799975594506,0.46003836393356323,True,0,1,0,1,0,1,1,ships
1b715e252.jpg,candidates,0.0,0.040257771809895836,0.0,66,50.77739999978803,0.11913029104471207,False,0,0,0,0,0,0,0,empty
1b7acafbc.jpg,candidates,0.0,0.005930582682291667,0.0,34,58.935899985954165,0.9751019477844238,True,0,2,0,2,0,0,1,ships
1baf4d5e3.jpg,candidates,0.0,0.06942070855034722,0.0,9,50.45559999416582,0.6139103770256042,True,0,1,0,1,0,1,1,ships
1bb8b189d.jpg,empty_sea,0.0,0.0,0.0,0,50.23690001689829,0.018192460760474205,False,0,0,0,0,0,0,0,empty
1be0cb03d.jpg,candidates,0.0,0.0037553575303819445,0.0,10,51.365099992835894,0.9948660135269165,True,0,2,0,2,0,2,2,ships
1be2043f6.jpg,land_coast,0.0,0.043451944986979164,0.2517378065321181,79,51.528000010875985,0.9897333979606628,True,3,1,1,1,1,1,1,coast
1bed86771.jpg,land_coast,0.0,0.3181525336371528,0.0,5,51.5822000161279,0.9162192940711975,True,0,1,0,1,0,1,1,coast
1befd25a3.jpg,land_coast,0.0,0.048375447591145836,0.1698947482638889,63,52.24129999987781,0.9997844099998474,True,3,3,1,3,0,3,3,coast
1bfbbc7fe.jpg,land_coast,0.0,0.22357177734375,0.0,43,53.56130001018755,0.9844107627868652,True,0,3,0,3,0,3,4,coast
1c063bba8.jpg,candidates,0.0,0.0040130615234375,0.07987128363715278,31,50.97020001267083,0.9791781902313232,True,3,2,1,0,0,0,1,ships
1c2c07392.jpg,candidates,0.0,0.0002933078342013889,0.0,66,51.000699982978404,0.11189456284046173,False,0,0,0,0,0,0,0,empty
1c4696ab5.jpg,candidates,0.0,5.0862630208333336e-05,0.0,3,50.66350000561215,0.6268934607505798,True,1,7,1,2,0,0,3,ships
1c4cfbc3d.jpg,candidates,0.6613989935980903,0.0016303439852980994,0.05904380037215626,16,46.8496999819763,0.09181282669305801,False,0,0,0,0,0,0,0,empty
1c4fef539.jpg,land_coast,0.0,0.19475301106770834,0.0,16,54.23229999723844,0.07771449536085129,False,1,0,0,0,0,0,0,coast
1c56dd2a5.jpg,candidates,0.0,0.002280341254340278,0.0,11,52.12460001348518,0.8082901239395142,True,1,2,0,1,0,0,1,ships
1c5e228f7.jpg,candidates,0.0,0.00040520562065972225,0.0,4,52.136699989205226,0.6826379299163818,True,2,1,1,1,0,1,1,ships
1ca5e609a.jpg,candidates,0.0,0.03971523708767361,0.0,5,52.00690001947805,0.5315905809402466,True,0,2,0,0,0,0,2,ships
1ca6b86e9.jpg,land_coast,0.0,0.3740437825520833,0.0,1,57.21949998405762,0.7260286808013916,True,0,1,0,1,0,1,1,coast
1cc126201.jpg,empty_sea,0.0,0.0,0.0,0,50.16849999083206,0.605413019657135,True,0,0,0,0,0,0,0,empty
1cca0635a.jpg,candidates,0.0,0.024217393663194444,0.033528645833333336,43,53.974000009475276,0.9994812607765198,True,2,3,1,1,1,1,2,ships
1cddb958d.jpg,candidates,0.0,0.00019158257378472222,0.0,6,49.324699997669086,0.3220248520374298,True,1,3,1,1,0,0,1,ships
1cf894541.jpg,candidates,0.11943223741319445,0.0005999011927447244,0.07675010390445496,52,49.239200016018,0.6694809198379517,True,0,2,0,1,0,0,1,ships
1cfb2fcfa.jpg,candidates,0.0,0.0005476209852430555,0.0,2,50.87219999404624,0.9510700702667236,True,0,3,0,2,0,2,2,ships
1d0fa5bb1.jpg,candidates,0.0,0.0006035698784722222,0.0,9,51.13779997918755,0.39074647426605225,True,0,1,0,1,0,1,1,ships
1d193e3c5.jpg,candidates,0.0,0.04002210828993055,0.0,21,52.2824999934528,0.06499838083982468,False,0,0,0,0,0,0,0,empty
1d1bdb67f.jpg,candidates,0.0,0.008192274305555556,0.0,1,51.04260001098737,0.5513864159584045,True,0,1,0,1,0,0,1,ships
1d234ae63.jpg,candidates,0.005532158745659722,5.640167564250909e-05,0.03731739957510738,44,50.24519999278709,0.1529601514339447,True,0,0,0,0,0,0,0,empty
1d321bdfa.jpg,land_coast,0.0,0.2324150933159722,0.0,11,50.71280000265688,0.1696733832359314,True,0,1,0,1,0,1,1,coast
1d3a33ab8.jpg,land_coast,0.0,0.0783877902560764,0.11375257703993055,46,50.747200002660975,0.987065851688385,True,1,0,0,0,0,0,1,coast
1d3fdbd3a.jpg,candidates,0.0,0.021253797743055556,0.020672268337673612,93,54.27989998133853,0.960107147693634,True,0,1,0,1,0,1,1,ships
1d40bac5c.jpg,candidates,0.0,0.00018141004774305556,0.0,7,55.75229998794384,0.17019832134246826,True,0,1,0,1,0,1,1,ships
1d47b0040.jpg,candidates,0.0,0.001434326171875,0.0,8,51.67939999955706,0.9212847352027893,True,1,1,0,1,0,1,1,ships
1d47d390b.jpg,land_coast,0.0,0.3615349663628472,0.0,0,53.74780000420287,0.9200093150138855,True,1,1,0,1,0,1,2,coast
1d5241461.jpg,land_coast,0.0,0.075286865234375,0.094207763671875,43,50.84310000529513,0.9989796280860901,True,2,3,0,3,0,1,4,coast
1d5aa07c3.jpg,candidates,0.0,0.0005425347222222222,0.0,5,50.971000018762425,0.8280249238014221,True,0,1,0,1,0,1,1,ships
1d6d38c25.jpg,candidates,0.0,0.0004831949869791667,0.0,4,50.899599998956546,0.7915095090866089,True,0,1,0,1,0,1,1,ships
1d82b4da4.jpg,candidates,0.0,0.0004119873046875,0.0,4,50.89939999743365,0.7354668378829956,True,0,4,0,2,0,2,2,ships
1d9059c82.jpg,candidates,0.0,0.0013648139105902778,0.0,13,53.29360000905581,0.9523494243621826,True,0,1,0,1,0,1,1,ships
1d94b37b7.jpg,empty_sea,0.0,0.0,0.0,0,50.28620001394302,0.13513517379760742,True,0,0,0,0,0,0,0,empty
1d94e25d2.jpg,candidates,0.0,0.023529052734375,0.0,75,52.22939999657683,0.582551896572113,True,9,7,2,5,1,5,5,ships
1d9a0bc29.jpg,land_coast,0.0,0.3181694878472222,0.0,1,57.09510002634488,0.9852992296218872,True,3,5,0,1,0,0,2,coast
1dc5d9d58.jpg,candidates,0.0,0.021106296115451388,0.0,12,52.93340000207536,0.26153287291526794,True,0,1,0,1,0,1,1,ships
1dd26e14e.jpg,candidates,0.0,0.0007646348741319445,0.0,2,50.8399999816902,0.967560350894928,True,0,1,0,1,0,1,1,ships
1df3f6784.jpg,candidates,0.0,0.00010002983940972222,0.0,1,49.167699995450675,0.7870022058486938,True,1,4,0,2,0,1,1,ships
1dfce9923.jpg,land_coast,0.0,0.2113104926215278,0.0,7,52.60180000914261,0.4543614387512207,True,0,5,0,2,0,2,5,coast
1e061c5a6.jpg,land_coast,0.0,0.3690253363715278,0.0,15,53.59570001019165,0.9708039164543152,True,0,1,0,1,0,1,1,coast
1e09597fc.jpg,candidates,0.0,0.001736111111111111,0.0,6,53.06199999176897,0.9209581613540649,True,2,1,1,1,1,1,2,ships
1e1fa8ac7.jpg,candidates,0.0,0.0010918511284722222,0.0,4,51.10640000202693,0.9623533487319946,True,1,5,0,1,0,1,2,ships
1e1fd136c.jpg,candidates,0.4538116455078125,0.05253075807324056,0.0,23,49.19109999900684,0.9429294466972351,True,8,0,0,0,0,0,2,ships
1e2595fed.jpg,candidates,0.0,0.020524766710069444,0.06600782606336805,83,52.88880001171492,0.39821070432662964,True,0,3,0,1,0,0,1,ships
1e281ee37.jpg,candidates,0.0,0.012585110134548612,0.0,118,51.2587999983225,0.22056765854358673,True,0,0,0,0,0,0,0,empty
1e3843f36.jpg,candidates,0.0,0.0032484266493055555,0.0,5,51.08269999618642,0.9996117949485779,True,1,4,0,2,0,2,4,ships
1e43ac50a.jpg,candidates,0.0,0.05224778917100695,0.0,28,50.12699999497272,0.9812591671943665,True,1,3,0,2,0,2,2,ships
1e43cb918.jpg,candidates,0.0,0.0008104112413194445,0.0,3,50.75510000460781,0.5898270606994629,True,0,1,0,1,0,1,1,ships
1e4407baa.jpg,land_coast,0.5645090738932291,0.2614964252009744,0.0,0,49.460899987025186,0.44137904047966003,True,0,2,0,1,0,0,1,coast
1e53a7748.jpg,candidates,0.0,0.001971774631076389,0.011762830946180556,3,51.16119998274371,0.9306924939155579,True,0,1,0,1,0,1,1,ships
1e596b4c1.jpg,candidates,0.0,0.0005391438802083334,0.0,35,51.28310000873171,0.23258432745933533,True,0,0,0,0,0,0,0,empty
1e5a70d2d.jpg,candidates,0.0,0.006595187717013889,0.011532253689236112,18,51.38160000205971,0.9513023495674133,True,0,1,0,1,0,1,1,ships
1e63bbe29.jpg,candidates,0.0,0.0,0.0,2,51.600499980850145,0.47780922055244446,True,0,0,0,0,0,0,0,empty
1e7e5caba.jpg,candidates,0.0,0.00040351019965277775,0.0,3,50.81740001332946,0.49808984994888306,True,0,1,0,1,0,1,2,ships
1e958ee2c.jpg,candidates,0.0,0.11034478081597222,0.0,9,50.7688999932725,0.18304775655269623,True,0,0,0,0,0,0,0,empty
1e9b83944.jpg,candidates,0.0,0.004630194769965278,0.0,64,52.26179998135194,0.43714773654937744,True,0,0,0,0,0,0,0,empty
1ec5ea69b.jpg,land_coast,0.0,0.2931688096788194,0.0,22,53.745799988973886,0.9891954660415649,True,1,10,0,5,0,2,4,coast
1ee566913.jpg,candidates,0.0,0.0003102620442708333,0.0,1,50.81439999048598,0.703422486782074,True,0,1,0,1,0,1,1,ships
1f2defddc.jpg,land_coast,0.0,0.1267361111111111,0.0,37,49.41460001282394,0.8014707565307617,True,1,0,0,0,0,0,0,coast
1f3dbd7bf.jpg,candidates,0.0,0.0009731716579861111,0.0,13,51.77649998222478,0.7693291902542114,True,0,2,0,2,0,2,2,ships
1f6553c8d.jpg,candidates,0.0,0.00030348036024305556,0.0,1,52.75570001685992,0.41060131788253784,True,0,1,0,1,0,1,1,ships
1f71a4c21.jpg,candidates,0.01373291015625,0.0,0.0,7,51.10010001226328,0.4846689701080322,True,4,0,0,0,0,0,0,empty
1f7515895.jpg,candidates,0.0,0.010326809353298612,0.05200025770399305,11,55.32319998019375,0.9881151914596558,True,1,2,0,1,0,1,1,ships
1f88c0e49.jpg,candidates,0.0,0.0002712673611111111,0.0,1,49.615399999311194,0.8323676586151123,True,0,1,0,1,0,1,1,ships
1f9c22f7e.jpg,empty_sea,0.0,0.0,0.0,0,49.69459999119863,0.3092057704925537,True,0,0,0,0,0,0,0,empty
1fa5c23ba.jpg,candidates,0.0,0.0038960774739583335,0.017903645833333332,27,51.63380000158213,0.9284006953239441,True,0,1,0,1,0,1,1,ships
1fb0a6803.jpg,candidates,0.0,0.003977457682291667,0.022747463650173612,38,50.66229999647476,0.9915633201599121,True,2,5,0,4,0,2,3,ships
1fb6143f8.jpg,candidates,0.0,0.00011189778645833333,0.0,31,50.350300007266924,0.6556488871574402,True,1,3,0,1,0,0,1,ships
1fd7821ce.jpg,candidates,0.0,0.003228081597222222,0.0,16,51.59980000462383,0.9963758587837219,True,0,17,0,10,0,6,10,ships
1fedfea51.jpg,candidates,0.0,0.0016072591145833333,0.0,14,51.311699993675575,0.9762004017829895,True,0,1,0,1,0,1,1,ships
1ffa69995.jpg,land_coast,0.0,0.3084394666883681,0.0,9,53.71989999548532,0.9896038770675659,True,0,4,0,4,0,4,4,coast
1ffbd91fb.jpg,candidates,0.0,0.0016649034288194445,0.0,4,51.65029998170212,0.7092949151992798,True,0,5,0,3,0,3,4,ships
2004656f6.jpg,candidates,0.0,0.014782375759548612,0.014517890082465278,87,53.67980001028627,0.7275579571723938,True,4,1,1,1,0,0,1,ships
200ec548f.jpg,candidates,0.0,0.005708482530381944,0.0,8,52.877699985401705,0.7119796276092529,True,1,1,0,1,0,1,1,ships
20131eb6a.jpg,land_coast,0.0,0.2743326822916667,0.0,36,52.97939997399226,0.48987993597984314,True,0,3,0,1,0,0,1,coast
2024cdb52.jpg,candidates,0.0,0.010384453667534722,0.015474107530381944,29,50.526400009403005,0.9837380647659302,True,0,1,0,0,0,0,1,ships
2027e5d0d.jpg,land_coast,0.0,0.3162468804253472,0.0,2,53.194900014204904,0.7959157228469849,True,0,1,0,1,0,1,1,coast
203abde9d.jpg,candidates,0.0,2.3735894097222223e-05,0.0,6,49.83979999087751,0.7760162353515625,True,0,5,0,3,0,3,3,ships
203ae5c9e.jpg,candidates,0.0,0.0006120469835069445,0.0,9,50.65849999664351,0.017258420586586,False,0,3,0,2,0,0,1,ships
20443c097.jpg,candidates,0.0,0.005705091688368056,0.0,26,50.74739997508004,0.7014014720916748,True,0,1,0,1,0,1,1,ships
20459ad07.jpg,candidates,0.0,0.0028737386067708335,0.0,46,50.61790000763722,0.1328320950269699,True,0,0,0,0,0,0,0,empty
205658f77.jpg,candidates,0.0,0.09850226508246528,0.0,54,51.73269999795593,0.9578486680984497,True,3,5,1,0,0,0,3,ships
2067bb6dc.jpg,candidates,0.0,0.0781521267361111,0.0,15,51.38970000552945,0.12951047718524933,True,0,0,0,0,0,0,2,ships
206fa123f.jpg,land_coast,0.0,0.2522956000434028,0.0,0,54.63550001149997,0.5689635872840881,True,0,0,0,0,0,0,1,coast
2070ea3ca.jpg,candidates,0.0,0.00177001953125,0.0,12,50.42010001488961,0.9924231171607971,True,4,7,1,4,0,3,4,ships
2078f13e6.jpg,candidates,0.0,0.014623006184895834,0.030219184027777776,66,54.20579999918118,0.9388155341148376,True,3,4,0,4,0,2,4,ships
209631ac6.jpg,land_coast,0.0,0.3192782931857639,0.0,9,53.23729998781346,0.9686757326126099,True,3,17,1,9,0,6,9,coast
209f69e03.jpg,land_coast,0.0,0.3005913628472222,0.0,9,52.338500012410805,0.9458765387535095,True,0,7,0,4,0,4,4,coast
20b4417aa.jpg,empty_sea,0.0,0.0,0.0,0,50.034699990646914,0.7614023089408875,True,2,1,0,1,0,1,1,ships
20ba82685.jpg,land_coast,0.0,0.2704840766059028,0.0,8,52.71660001017153,0.9353027939796448,True,0,1,0,1,0,1,1,coast
20d26c027.jpg,land_coast,0.0,0.15385945638020834,0.0,31,52.92780001764186,0.7789689898490906,True,0,9,0,5,0,5,6,coast
20d356fc4.jpg,candidates,0.0,0.0019429524739583333,0.0,2,52.77209999621846,0.9284337759017944,True,0,1,0,1,0,1,1,ships
20d79dd2f.jpg,land_coast,0.0,0.1694403754340278,0.0,37,54.642399976728484,0.9668682813644409,True,1,2,0,2,0,2,2,coast
20dbbb702.jpg,land_coast,0.0,0.1963840060763889,0.0,131,54.51279997942038,0.6536791324615479,True,1,3,0,1,0,0,1,coast
20f6211e2.jpg,candidates,0.0,0.0,0.0,5,49.924799997825176,0.4688780903816223,True,0,4,0,3,0,2,2,ships
20fa80660.jpg,candidates,0.0,0.0002780490451388889,0.0,14,53.13899999600835,0.8827270269393921,True,0,1,0,1,0,1,1,ships
2103fe959.jpg,land_coast,0.10127936469184028,0.24913408674107396,0.12262615301139447,24,53.45339997438714,0.9949872493743896,True,10,0,0,0,0,0,1,coast
210a4223e.jpg,candidates,0.0,0.001293606228298611,0.0,11,52.25050001172349,0.8631292581558228,True,0,1,0,1,0,1,1,ships
21125597b.jpg,land_coast,0.0,0.19947306315104166,0.050969441731770836,17,54.45229998440482,0.904132068157196,True,0,2,0,1,0,1,1,coast
21133ac70.jpg,land_coast,0.0,0.060862223307291664,0.19182332356770834,107,51.74690001877025,0.976148247718811,True,2,12,1,7,1,7,7,coast
2138567a0.jpg,candidates,0.0,0.0004696316189236111,0.0,3,52.47499997494742,0.15303944051265717,True,0,0,0,0,0,0,0,empty
213d473fa.jpg,land_coast,0.21131727430555555,0.28811091369762953,0.0,1,50.60869999579154,0.4494751989841461,True,2,4,0,0,0,0,1,coast
213ed55c2.jpg,candidates,0.0,0.0017005072699652778,0.0,48,51.37890001060441,0.7786506414413452,True,0,3,0,3,0,3,3,ships
213f9167f.jpg,land_coast,0.0,0.18430921766493055,0.1224551730685764,1,51.37739999918267,0.34479689598083496,True,3,7,0,3,0,2,3,coast
2140931ae.jpg,candidates,0.0,0.00034925672743055556,0.0,1,51.034499978413805,0.5322999358177185,True,4,1,1,0,0,0,1,ships
21436b065.jpg,candidates,0.0,0.0005628797743055555,0.0,6,51.445100019918755,0.9440780878067017,True,1,1,1,1,1,1,1,ships
214d4bf28.jpg,land_coast,0.0,0.3060319688585069,0.0,2,56.68310000328347,0.9229679107666016,True,0,1,0,1,0,1,1,coast
2152f7486.jpg,candidates,0.0,0.002541436089409722,0.0,5,53.44610000611283,0.9947636127471924,True,1,5,1,1,0,0,2,ships
215858266.jpg,candidates,0.0,0.0003323025173611111,0.0,2,51.849299983587116,0.8917373418807983,True,0,2,0,2,0,2,2,ships
218da0bdb.jpg,land_coast,0.0,0.028467814127604168,0.0896572536892361,41,50.27539998991415,1.0,True,10,4,3,3,2,2,2,coast
21a87b31d.jpg,empty_sea,0.0,0.0,0.0,0,51.89480000990443,0.655087947845459,True,0,0,0,0,0,0,0,empty
21ad21ac2.jpg,land_coast,0.0,0.004738701714409722,0.0961422390407986,38,51.70089998864569,0.9834274053573608,True,1,3,0,3,0,3,3,coast
21afbfaa5.jpg,land_coast,0.0,0.3233913845486111,0.0,1,56.952199985971674,0.19426387548446655,True,0,2,0,1,0,1,1,coast
21b5d9a4d.jpg,candidates,0.0,0.0012139214409722222,0.0,15,50.549999985378236,0.4645676016807556,True,0,6,0,6,0,6,6,ships
21b77f1b1.jpg,candidates,0.0,0.002346462673611111,0.0,8,50.256899994565174,0.530125617980957,True,0,1,0,1,0,1,1,ships
21b93fa24.jpg,candidates,0.0,4.0690104166666664e-05,0.0,3,50.49039999721572,0.5637195706367493,True,0,4,0,1,0,0,1,ships
21c7d7861.jpg,candidates,0.0,0.0003509521484375,0.0,1,49.95409998809919,0.5471835136413574,True,2,0,0,0,0,0,0,empty
21d7ea9bf.jpg,candidates,0.0,0.022769504123263888,0.012485080295138888,98,53.423000004841015,0.887370228767395,True,0,5,0,4,0,3,6,ships
21da572f9.jpg,candidates,0.0,0.0,0.0,1,49.81500000576489,0.23605148494243622,True,3,0,2,0,1,0,0,empty
21eb38456.jpg,land_coast,0.06316290961371528,0.016696840193726987,0.18855094949524837,36,53.72249998617917,0.9551165103912354,True,6,7,3,0,2,0,4,coast
21f54d20d.jpg,land_coast,0.0,0.09426710340711805,0.3602854410807292,39,50.3683999995701,0.9843884706497192,True,3,2,0,2,0,2,2,coast
21fbda3ac.jpg,land_coast,0.0,0.044525146484375,0.0812225341796875,61,53.43820000416599,0.9911728501319885,True,2,6,1,4,0,3,5,coast
22086d8ba.jpg,land_coast,0.17044576009114584,0.02572087609955217,0.10574676775940153,51,51.08429997926578,0.7815720438957214,True,1,25,0,9,0,4,14,coast
220a6c93c.jpg,land_coast,0.0,0.24990336100260416,0.0,3,52.71390001871623,0.09368517249822617,False,0,0,0,0,0,0,0,coast
222ec40d0.jpg,candidates,0.0,0.002972073025173611,0.0,10,50.14460001257248,0.8729979991912842,True,0,1,0,1,0,1,1,ships
223f80646.jpg,candidates,0.0,0.048065185546875,0.0,57,53.52710001170635,0.07576996833086014,False,0,0,0,0,0,0,0,empty
2241c0623.jpg,land_coast,0.21842447916666666,0.002465747260905757,0.2747913338882765,45,48.6840000085067,0.05016281083226204,False,0,0,0,0,0,0,0,coast
224813566.jpg,land_coast,0.0,0.24391682942708334,0.0,8,53.70259998016991,0.7868289351463318,True,0,1,0,1,0,1,1,coast
224add326.jpg,candidates,0.0,0.001300387912326389,0.0,16,51.556300022639334,0.7412173748016357,True,0,4,0,2,0,2,2,ships
225509155.jpg,candidates,0.0,0.0005662706163194445,0.0,7,51.36440001660958,0.6102889776229858,True,0,1,0,1,0,1,1,ships
22555f286.jpg,land_coast,0.0,0.3090888129340278,0.0,13,53.369399975053966,0.9755939841270447,True,0,1,0,1,0,1,1,coast
227cd50b3.jpg,candidates,0.0,0.0,0.0,2,52.26840000250377,0.649269163608551,True,1,1,1,1,0,0,1,ships
228b04e51.jpg,candidates,0.0,0.0,0.0,4,50.04460000782274,0.15617522597312927,True,0,0,0,0,0,0,0,empty
228b43b7c.jpg,candidates,0.0,0.015574137369791666,0.0,57,53.16920002223924,0.8478102684020996,True,3,0,0,0,0,0,1,ships
2293e64a0.jpg,candidates,0.0,0.05346510145399305,0.0,2,52.563600009307265,0.2371560037136078,True,0,0,0,0,0,0,0,empty
229e2c773.jpg,land_coast,0.0,0.2205284966362847,0.0,1,52.38530001952313,0.3532947301864624,True,0,2,0,1,0,0,1,coast
22bc48bec.jpg,empty_sea,0.0,0.0732150607638889,0.0,0,51.67079999228008,0.0036061310674995184,False,0,0,0,0,0,0,0,empty
22d18a90b.jpg,land_coast,0.0,0.19938829210069445,0.025229560004340276,6,54.145899979630485,0.04109954088926315,False,0,0,0,0,0,0,0,coast
22f4988da.jpg,candidates,0.0,0.0,0.0,7,49.432899977546185,0.8018353581428528,True,0,0,0,0,0,0,0,empty
230f15ff9.jpg,candidates,0.0,0.00013902452256944444,0.0,63,51.400399999693036,0.7387912273406982,True,0,0,0,0,0,0,0,empty
2317cf6dd.jpg,candidates,0.0,0.04388597276475695,0.016454060872395832,179,51.77489999914542,0.9886470437049866,True,0,3,0,2,0,2,2,ships
2320d17dc.jpg,land_coast,0.0,0.1581386990017361,0.0,70,52.243499987525865,0.4031065106391907,True,1,0,0,0,0,0,0,coast
232da691a.jpg,land_coast,0.0,0.2033114963107639,0.0,0,52.29659998440184,0.24461472034454346,True,0,0,0,0,0,0,0,coast
234c6db69.jpg,empty_sea,0.0,0.0,0.0,0,52.48740001115948,0.13843253254890442,True,0,0,0,0,0,0,0,empty
2355209cd.jpg,candidates,0.0,2.5431315104166668e-05,0.0,2,49.74780001793988,0.6686112284660339,True,0,9,0,5,0,5,5,ships
235653b93.jpg,candidates,0.0,0.05292934841579861,0.0,9,52.01370001304895,0.9258323907852173,True,0,2,0,2,0,2,2,ships
235c208e4.jpg,candidates,0.0,0.004102918836805556,0.0,6,50.661099987337366,0.9757290482521057,True,3,3,0,0,0,0,1,ships
235c55969.jpg,candidates,0.0,0.002270168728298611,0.0,12,53.506099997321144,0.9784080982208252,True,0,3,0,3,0,2,3,ships
236dff385.jpg,candidates,0.0,0.00021701388888888888,0.0,2,49.69939999864437,0.6402889490127563,True,0,1,0,1,0,1,1,ships
23753972e.jpg,candidates,0.0,0.006725735134548611,0.0,33,52.10800000349991,0.9997312426567078,True,2,3,1,2,0,1,2,ships
23775dd8f.jpg,candidates,0.0,0.0074920654296875,0.0,14,52.025599987246096,0.3425731658935547,True,0,1,0,1,0,1,1,ships
237ae75c3.jpg,candidates,0.0,7.120768229166667e-05,0.0,1,52.55570000736043,0.5494613647460938,True,2,1,0,1,0,1,1,ships
237dfd0cd.jpg,candidates,0.0,0.0,0.0,1,49.796099978266284,0.5492096543312073,True,0,0,0,0,0,0,0,empty
23889b713.jpg,candidates,0.009489271375868056,0.008459346468622687,0.021637629044157478,40,52.93730000266805,0.9961318969726562,True,1,1,1,1,0,1,1,ships
239ed3484.jpg,empty_sea,0.0,0.0,0.0,0,50.330700003542006,0.2091595083475113,True,0,0,0,0,0,0,0,empty
23ad7ad79.jpg,candidates,0.0,0.0016496446397569445,0.0,10,50.959100015461445,0.974831223487854,True,0,1,0,1,0,1,1,ships
23ade71e0.jpg,candidates,0.0,0.004116482204861111,0.0,4,51.44260000088252,0.8559868931770325,True,0,4,0,3,0,0,1,ships
23aee43b3.jpg,land_coast,0.0,0.1925506591796875,0.0,79,52.35250000259839,0.3852425813674927,True,0,0,0,0,0,0,0,coast
23ce668dc.jpg,land_coast,0.0,0.12219068739149305,0.054931640625,39,51.44539999309927,0.918520987033844,True,3,5,0,1,0,0,5,coast
23dd5b605.jpg,land_coast,0.0,3.5603841145833336e-05,0.19123331705729166,50,50.94899999676272,0.034992944449186325,False,0,0,0,0,0,0,0,coast
23e0646d2.jpg,candidates,0.0,0.0018242730034722222,0.0,6,51.51109999860637,0.9738178253173828,True,0,1,0,1,0,1,1,ships
23eed698b.jpg,land_coast,0.328887939453125,0.2462369967331557,0.0,0,50.204900006065145,0.47345736622810364,True,1,1,0,0,0,0,1,coast
2400bea19.jpg,candidates,0.0,0.025026109483506944,0.027635362413194444,54,56.53640002128668,0.9938116073608398,True,3,2,0,2,0,2,2,ships
240edb900.jpg,candidates,0.0,0.002185397677951389,0.0,9,52.227399981347844,0.9673723578453064,True,0,1,0,1,0,1,2,ships
241315833.jpg,candidates,0.0,0.007670084635416667,0.0,1,51.477800006978214,0.9488512873649597,True,0,1,0,1,0,1,1,ships
24151a6b6.jpg,candidates,0.0,0.10713026258680555,0.030480278862847224,64,50.98669999279082,0.35978832840919495,True,0,0,0,0,0,0,0,empty
2428bf494.jpg,candidates,0.0,0.0013478597005208333,0.0,1,51.950199995189905,0.6586093306541443,True,1,3,0,2,0,0,1,ships
2428f2d1e.jpg,candidates,0.0,0.0097503662109375,0.0,29,54.50379999820143,0.326816201210022,True,0,1,0,1,0,1,1,ships
242d52852.jpg,candidates,0.0,0.004414876302083333,0.0,26,52.273199980845675,0.9212291836738586,True,0,2,0,2,0,2,2,ships
245e7d855.jpg,candidates,0.0,5.0862630208333336e-05,0.0,6,53.92639999627136,0.18491795659065247,True,0,0,0,0,0,0,0,empty
246039b42.jpg,empty_sea,0.0,0.0,0.0,0,52.427099988562986,0.3784257471561432,True,0,0,0,0,0,0,0,empty
24628eee8.jpg,candidates,0.0,0.003333197699652778,0.0,24,51.311499992152676,0.7572178244590759,True,9,10,0,7,0,3,4,ships
24760ac60.jpg,candidates,0.0,0.003938462999131944,0.0,10,52.71240000729449,0.9858688116073608,True,0,2,0,2,0,2,2,ships
247750a87.jpg,candidates,0.0,0.004908243815104167,0.0,3,50.92740000691265,0.8203734159469604,True,1,1,0,1,0,1,1,ships
249d4d960.jpg,candidates,0.0,0.0025075276692708335,0.0,20,52.22819998743944,0.978995144367218,True,1,8,0,8,0,8,8,ships
249f1fbab.jpg,candidates,0.0,0.00014071994357638888,0.0,18,52.63150000246242,0.17051102221012115,True,0,0,0,0,0,0,0,empty
24a80e743.jpg,candidates,0.0,0.057213677300347224,0.0,5,52.12410000967793,0.6474413275718689,True,0,1,0,1,0,1,1,ships
24b02cf31.jpg,candidates,0.0,2.3735894097222223e-05,0.0,12,53.20039999787696,0.06170233339071274,False,0,0,0,0,0,0,0,empty
24b04b023.jpg,candidates,0.0,0.019707573784722224,0.0,5,52.33579999185167,0.08824120461940765,False,0,0,0,0,0,0,0,empty
24b25ff32.jpg,candidates,0.0,0.00787353515625,0.0,4,50.49709999002516,0.15434539318084717,True,1,4,0,1,0,0,1,ships
24bd2691b.jpg,candidates,0.0,0.0005476209852430555,0.0,16,50.081900000805035,0.2779140770435333,True,0,0,0,0,0,0,0,empty
25010755f.jpg,candidates,0.0,6.781684027777778e-05,0.0,17,51.84830000507645,0.2599206566810608,True,0,1,0,1,0,1,1,ships
25112a9ec.jpg,candidates,0.0,0.00034247504340277775,0.0,1,51.21770000550896,0.5441951155662537,True,2,4,0,1,0,1,2,ships
25127d0f6.jpg,candidates,0.0,0.001697116427951389,0.0,13,52.742700005182996,0.996254563331604,True,0,9,0,9,0,8,8,ships
25194e577.jpg,candidates,0.0,0.003155178493923611,0.0,16,53.05970000335947,0.9164764285087585,True,0,1,0,1,0,1,1,ships
252fb3868.jpg,candidates,0.0,0.03224012586805555,0.026404486762152776,63,51.533799996832386,0.972047746181488,True,4,3,0,1,0,1,2,ships
25333a301.jpg,candidates,0.0,0.004030015733506944,0.027798122829861112,17,54.463200009195134,0.9978750944137573,True,0,6,0,3,0,2,4,ships
253f51944.jpg,candidates,0.0,0.008838229709201388,0.0,2,53.689799999119714,0.8337368965148926,True,0,1,0,1,0,1,1,ships
2543b6098.jpg,candidates,0.0,0.0023600260416666665,0.0,2,51.13629999686964,0.7014918923377991,True,0,1,0,1,0,1,1,ships
25584dc84.jpg,land_coast,0.10913255479600695,0.1698086010082361,0.0,49,51.30510000162758,0.6564993858337402,True,1,3,0,2,0,2,3,coast
25646f16e.jpg,candidates,0.0,8.477105034722222e-05,0.0,6,50.77500001061708,0.5027191638946533,True,0,1,0,1,0,1,1,ships
2565c26d9.jpg,candidates,0.0,0.0,0.0,1,49.72090001683682,0.7573970556259155,True,0,2,0,0,0,0,2,ships
2587025dc.jpg,candidates,0.0,0.001864963107638889,0.0,6,51.86390000744723,0.9775087833404541,True,1,1,0,1,0,1,1,ships
259021213.jpg,candidates,0.0,0.008302476671006944,0.0,8,52.530999993905425,0.5963665246963501,True,0,3,0,2,0,1,1,ships
259c985dd.jpg,candidates,0.0,0.0017022026909722222,0.0,3,51.819999993313104,0.9947755336761475,True,0,1,0,1,0,1,1,ships
25b8cd9b0.jpg,candidates,0.0,0.0,0.0,1,51.936899981228635,0.20646348595619202,True,0,0,0,0,0,0,0,empty
25d1b72c8.jpg,candidates,0.0,0.0,0.012981838650173612,20,50.26089999591932,0.07169213891029358,False,0,0,0,0,0,0,0,empty
25e83a857.jpg,land_coast,0.0,0.21214124891493055,0.0,1,51.224199996795505,0.2432035505771637,True,0,0,0,0,0,0,0,coast
25ec1c12b.jpg,candidates,0.0,0.0007544623480902778,0.0,5,51.517499989131466,0.7722697257995605,True,3,3,2,2,1,0,1,ships
26097bc5c.jpg,candidates,0.0,0.0027669270833333335,0.0,4,51.12180000287481,0.997814416885376,True,0,1,0,1,0,1,1,ships
261525225.jpg,candidates,0.0,0.0,0.0,7,51.18530002073385,0.6136807203292847,True,0,0,0,0,0,0,0,empty
262429314.jpg,land_coast,0.0,0.1849704318576389,0.0,18,53.84030001005158,0.34878185391426086,True,0,1,0,1,0,1,1,coast
2627d789a.jpg,land_coast,0.0,0.03413560655381945,0.16421000162760416,33,51.4975999831222,0.9910386204719543,True,1,1,0,1,0,1,1,coast
2658f9202.jpg,candidates,0.0,0.00020005967881944444,0.0,6,51.66110000573099,0.5896899700164795,True,0,1,0,1,0,1,2,ships
2659080c5.jpg,candidates,0.0,0.0037129720052083335,0.0,14,52.50759999034926,0.9999961853027344,True,0,20,0,14,0,12,14,ships
2670216ac.jpg,candidates,0.0,0.10601128472222222,0.0,29,52.22899999353103,0.0574873648583889,False,0,1,0,1,0,1,1,ships
267c0a26e.jpg,land_coast,0.0655364990234375,0.09719815323138171,0.1319038360668499,105,52.91749999742024,0.8501774072647095,True,1,2,0,0,0,0,4,coast
26959c163.jpg,candidates,0.0,0.0003153483072916667,0.0,23,51.59250000724569,0.76473468542099,True,0,2,0,2,0,1,2,ships
26a816ded.jpg,candidates,0.0,0.00021531846788194444,0.017498440212673612,44,53.50370000815019,0.35567453503608704,True,0,0,0,0,0,0,0,empty
26ab807de.jpg,empty_sea,0.0,0.0,0.0,0,52.033200016012415,0.6390766501426697,True,0,0,0,0,0,0,0,empty
26ac0de33.jpg,land_coast,0.0,0.3051435682508681,0.0,15,53.83250000886619,0.7248624563217163,True,0,1,0,1,0,1,1,coast
26affe090.jpg,candidates,0.0,0.0010121663411458333,0.0,7,51.36030001449399,0.978038489818573,True,0,1,0,1,0,1,1,ships
26c05da1d.jpg,candidates,0.0,0.0004323323567708333,0.0,3,51.50550001417287,0.8673626780509949,True,0,4,0,2,0,2,2,ships
26d49661c.jpg,candidates,0.0,0.0,0.0,8,50.01130001619458,0.10683853924274445,False,0,0,0,0,0,0,0,empty
26f7651dc.jpg,land_coast,0.0,0.2885555691189236,0.0,0,59.235500026261434,0.09403450787067413,False,0,0,0,0,0,0,0,coast
26fa39178.jpg,land_coast,0.0,0.17666456434461805,0.04156833224826389,42,53.76770001021214,0.9979769587516785,True,1,1,0,1,0,1,1,coast
26fb78845.jpg,land_coast,0.0,0.3095143636067708,0.0,6,52.56290000397712,0.885248064994812,True,0,2,0,2,0,2,2,coast
271581fae.jpg,candidates,0.0,0.0,0.0,2,50.42299997876398,0.7804317474365234,True,5,0,2,0,0,0,1,ships
27284d1f9.jpg,candidates,0.0,0.003204345703125,0.0,4,54.94709999766201,0.9984656572341919,True,1,7,0,3,0,1,3,ships
272be8800.jpg,candidates,0.0,0.0,0.0,37,53.005099995061755,0.1133512333035469,False,0,0,0,0,0,0,0,empty
274288a4a.jpg,land_coast,0.0,0.1883460150824653,0.0,61,53.65960000199266,0.6156517863273621,True,0,1,0,1,0,1,1,coast
2750a60d1.jpg,candidates,0.0,0.0009392632378472222,0.0,9,51.70899999211542,0.5932631492614746,True,0,1,0,1,0,1,1,ships
27614fff3.jpg,candidates,0.0,0.00014071994357638888,0.0,38,51.908699999330565,0.2731514573097229,True,0,1,0,1,0,1,1,ships
276f787c6.jpg,candidates,0.0,0.0026262071397569445,0.0,10,53.12570001115091,0.999987006187439,True,0,4,0,4,0,4,4,ships
27714ff59.jpg,candidates,0.0,0.00043402777777777775,0.0,5,51.335500000277534,0.6536424160003662,True,0,1,0,1,0,1,1,ships
2778c6377.jpg,candidates,0.0,0.024278428819444444,0.019173516167534724,58,55.714999994961545,0.9795420169830322,True,2,2,0,2,0,2,2,ships
277c74f86.jpg,candidates,0.0,0.006841023763020833,0.0,34,52.87660000612959,0.9948586225509644,True,0,1,0,1,0,1,1,ships
279132cd2.jpg,candidates,0.0,0.0019243028428819445,0.0,1,51.57619999954477,0.94521164894104,True,3,2,0,2,0,0,1,ships
2793c8f64.jpg,candidates,0.0,0.06290351019965278,0.0,88,51.99439998250455,0.7672760486602783,True,2,1,0,1,0,1,1,ships
2793f45b4.jpg,candidates,0.0,5.5948893229166664e-05,0.0,2,51.547099981689826,0.8371593356132507,True,0,5,0,1,0,0,2,ships
2796ad5b4.jpg,candidates,0.0,0.011210123697916666,0.0,7,53.51440000231378,0.8171625137329102,True,4,1,2,1,0,1,1,ships
27a4aaf93.jpg,land_coast,0.0,0.2635515001085069,0.0,2,53.09020000277087,0.21015237271785736,True,0,0,0,0,0,0,0,coast
27aa19327.jpg,candidates,0.0,0.0006256103515625,0.0,2,52.29490000056103,0.8975512981414795,True,0,1,0,1,0,1,1,ships
27be49052.jpg,empty_sea,0.0,0.0,0.0,0,51.62949999794364,0.17700409889221191,True,0,0,0,0,0,0,0,empty
27befafef.jpg,candidates,0.0,0.002368503146701389,0.0,2,51.60900001646951,0.9132900238037109,True,0,3,0,1,0,0,1,ships
27bfd9e9b.jpg,candidates,0.0,0.004870944552951389,0.0,17,52.79140002676286,0.9637050032615662,True,0,1,0,1,0,1,1,ships
27d5155de.jpg,land_coast,0.004004584418402778,0.19811943562598194,0.0,123,52.97650001011789,0.825647234916687,True,0,0,0,0,0,0,0,coast
27d6b33c2.jpg,candidates,0.0,0.045050726996527776,0.072509765625,48,52.18949998379685,0.9466682076454163,True,9,9,0,7,0,7,7,ships
27f4a02be.jpg,candidates,0.0,0.00032891167534722225,0.0,14,50.726299989037216,0.8955011367797852,True,7,1,1,1,1,1,2,ships
2806919ab.jpg,land_coast,0.0,0.20219930013020834,0.0,5,52.89449999690987,0.1803848296403885,True,0,0,0,0,0,0,0,coast
281235167.jpg,candidates,0.0,0.0008782280815972222,0.022074381510416668,40,51.9594999786932,0.44486331939697266,True,0,2,0,1,0,0,1,ships
281703513.jpg,land_coast,0.0,0.2770724826388889,0.0,2,53.488000005017966,0.9060195088386536,True,0,1,0,1,0,1,1,coast
281769dda.jpg,candidates,0.0,0.0007307264539930555,0.0,2,52.117800019914284,0.9601458311080933,True,0,1,0,1,0,1,1,ships
2822a6b62.jpg,land_coast,0.0,0.24073282877604166,0.0,7,54.71130000660196,0.08990764617919922,False,2,6,0,1,0,0,1,coast
283984a02.jpg,land_coast,0.022535536024305556,0.00204678821761913,0.10337065711847815,15,51.54519999632612,0.7906453609466553,True,1,1,0,1,0,1,1,coast
2858a342a.jpg,candidates,0.0,0.00022379557291666666,0.0,1,51.79430000134744,0.8365721106529236,True,0,3,0,1,0,1,2,ships
286d840a9.jpg,candidates,0.0,0.0014631483289930555,0.0,2,54.22069999622181,0.969092607498169,True,17,2,7,1,4,1,1,ships
287acf1d7.jpg,candidates,0.0,0.0013936360677083333,0.0,15,53.15269998391159,0.9033656120300293,True,3,1,1,1,1,1,1,ships
288ab3de3.jpg,candidates,0.0,0.00029161241319444444,0.0,1,51.38099999749102,0.7134069204330444,True,0,1,0,1,0,1,1,ships
28c5a3d25.jpg,candidates,0.0,0.0008561876085069445,0.0,45,51.48409999674186,0.21174238622188568,True,1,0,0,0,0,0,0,empty
28cb15835.jpg,candidates,0.0,0.0013495551215277778,0.0,5,53.34260000381619,0.9632213711738586,True,0,1,0,1,0,1,1,ships
28cbd698b.jpg,candidates,0.0,8.307562934027778e-05,0.0,43,51.199100009398535,0.6875700354576111,True,1,2,1,0,0,0,1,ships
28cd31c22.jpg,candidates,0.0,0.003029717339409722,0.0,18,50.589999998919666,0.9797967076301575,True,0,1,0,1,0,1,1,ships
28cd6b67a.jpg,candidates,0.0,0.0005713568793402778,0.0,7,51.929500012192875,0.26645827293395996,True,0,1,0,1,0,1,1,ships
28d0879eb.jpg,candidates,0.0,0.00029161241319444444,0.031280517578125,43,51.42989999148995,0.8691514134407043,True,0,2,0,1,0,1,1,ships
28d0e41f0.jpg,candidates,0.0,0.00031365288628472225,0.0,3,51.92689999239519,0.6562707424163818,True,0,1,0,1,0,1,1,ships
28d73ba1c.jpg,land_coast,0.0,0.0107879638671875,0.2231835259331597,31,52.508699998725206,0.8843759298324585,True,5,2,1,1,0,1,1,coast
28eb167fe.jpg,candidates,0.0,0.014973958333333334,0.0,54,52.88990002009086,0.9977195858955383,True,9,13,0,9,0,6,8,ships
292521cea.jpg,candidates,0.0,0.0016920301649305555,0.0,5,51.7831000033766,0.4453637897968292,True,5,2,0,1,0,1,1,ships
292870b3f.jpg,candidates,0.0,0.016247219509548612,0.0,38,51.64259998127818,0.49219030141830444,True,0,6,0,2,0,1,2,ships
292a2f22b.jpg,land_coast,0.0045928955078125,0.13423752301860775,0.33429418420688845,31,53.39870002353564,0.9970782995223999,True,5,12,1,8,0,7,8,coast
2932bd7ef.jpg,land_coast,0.0,0.12416924370659722,0.0,3,51.5505000075791,0.176713228225708,True,0,0,0,0,0,0,0,coast
2942e10c4.jpg,candidates,0.0,2.8822157118055555e-05,0.0,2,52.67590002040379,0.5415536165237427,True,0,3,0,1,0,0,1,ships
294cd1974.jpg,candidates,0.0,0.0012953016493055555,0.0,4,51.40860000392422,0.999440610408783,True,2,4,0,3,0,3,3,ships
2959ab9c2.jpg,candidates,0.0,0.07140096028645833,0.0,44,53.597799997078255,0.8315937519073486,True,0,1,0,1,0,1,1,ships
295e54f3f.jpg,candidates,0.0,0.000244140625,0.0,2,51.30619998089969,0.6532576084136963,True,0,3,0,2,0,1,2,ships
296aed836.jpg,candidates,0.0,0.0006527370876736111,0.0,4,51.13880001590587,0.8118269443511963,True,1,2,0,2,0,2,2,ships
296e91d16.jpg,candidates,0.0,0.002709282769097222,0.0,58,50.61619999469258,0.6829715371131897,True,0,1,0,0,0,0,1,ships
29794b4a5.jpg,candidates,0.0,0.019802517361111112,0.0,10,52.44699999457225,0.9888885617256165,True,2,7,0,4,0,1,3,ships
297dc4ef4.jpg,candidates,0.0,7.459852430555556e-05,0.0,66,52.19950000173412,0.12624309957027435,True,0,0,0,0,0,0,0,empty
298554c67.jpg,land_coast,0.0027177598741319445,0.036612157729630675,0.11099284378608336,58,50.93450000276789,0.9925009608268738,True,16,3,7,3,2,1,3,coast
29aa209e4.jpg,candidates,0.0,0.020714653862847224,0.058929443359375,69,50.74620002415031,0.955396831035614,True,4,14,0,9,0,8,9,ships
29b94fcd7.jpg,candidates,0.0,0.0012766520182291667,0.0,34,52.38350000581704,0.009460286237299442,False,0,0,0,0,0,0,0,empty
29c203ca6.jpg,candidates,0.0,0.10742865668402778,0.0,10,53.156199981458485,0.7918910384178162,True,0,2,0,2,0,2,2,ships
29ca9fba4.jpg,candidates,0.0,0.0021514892578125,0.0,2,54.06709999078885,0.9564469456672668,True,0,2,0,1,0,0,1,ships
29cd1ce18.jpg,candidates,0.0,0.002020941840277778,0.0,7,53.76010001054965,0.9803904294967651,True,1,2,0,1,0,1,1,ships
29dad21c8.jpg,candidates,0.0,3.0517578125e-05,0.0,3,51.8881999887526,0.1568460911512375,True,0,0,0,0,0,0,0,empty
29ecb4a7c.jpg,candidates,0.0,0.008572048611111112,0.049290974934895836,33,50.17719999887049,0.9994173049926758,True,6,0,3,0,3,0,1,ships
29fcfd98e.jpg,candidates,0.0,0.0005018446180555555,0.0,4,51.271500007715076,0.019223054870963097,False,1,2,0,2,0,0,1,ships
29fdae2dd.jpg,candidates,0.0,0.007843017578125,0.0,6,55.33370000193827,0.5431181192398071,True,0,4,0,1,0,0,1,ships
2a0f1a5cd.jpg,land_coast,0.0,0.316864013671875,0.0,7,53.622900013579056,0.9098270535469055,True,0,1,0,1,0,1,1,coast
2a1aff1cf.jpg,candidates,0.0,0.00030348036024305556,0.0,3,52.25269999937154,0.5057274699211121,True,0,2,0,1,0,1,1,ships
2a3673f99.jpg,candidates,0.0,0.004993014865451389,0.0,8,51.858099992387,0.48515886068344116,True,0,1,0,1,0,1,1,ships
2a4bca9a7.jpg,candidates,0.0,0.0012732611762152778,0.0,3,52.218500000890344,0.9987335801124573,True,0,3,0,3,0,3,3,ships
2a668a742.jpg,candidates,0.0,8.477105034722222e-05,0.0,7,51.74670001724735,0.5025579929351807,True,0,4,0,1,0,1,2,ships
2a7bf5bfa.jpg,candidates,0.0,0.006422254774305556,0.0,20,51.32910000975244,0.86976158618927,True,5,0,2,0,0,0,2,ships
2a8942c29.jpg,candidates,0.0,0.0037367078993055555,0.0,26,51.95550000644289,0.9995057582855225,True,0,2,0,2,0,2,2,ships
2abab7a20.jpg,candidates,0.0,0.027921888563368056,0.0,43,51.62939999718219,0.01602162793278694,False,0,0,0,0,0,0,0,empty
2ac35b494.jpg,candidates,0.0,0.0052032470703125,0.014921400282118056,7,50.81270000664517,0.9622625112533569,True,0,1,0,1,0,1,1,ships
2ac81c05d.jpg,candidates,0.0,0.001217312282986111,0.014789157443576388,14,50.3997000050731,0.7658693194389343,True,0,3,0,3,0,3,3,ships
2aea51424.jpg,land_coast,0.0,0.1669243706597222,0.0,21,52.17139999149367,0.996980607509613,True,3,5,0,5,0,5,5,coast
2b0054d79.jpg,candidates,0.0,0.0006222195095486111,0.0,32,50.96910000429489,0.7504306435585022,True,3,6,1,2,0,1,2,ships
2b1e12567.jpg,candidates,0.0,0.0027414957682291665,0.0,8,50.43780000414699,0.9187716841697693,True,0,1,0,1,0,1,1,ships
2b1fa0083.jpg,candidates,0.014987521701388888,0.030940270636509795,0.0,10,51.58250001841225,0.9268261194229126,True,0,0,0,0,0,0,0,empty
2b2a75acc.jpg,candidates,0.0,0.0032789442274305555,0.0,35,52.90229999809526,0.9228410124778748,True,4,5,0,2,0,1,2,ships
2b40dac8f.jpg,candidates,0.0,0.0008392333984375,0.0,5,51.169199985451996,0.9385806918144226,True,0,2,0,2,0,2,2,ships
2b5db6f9f.jpg,candidates,0.0,0.09725104437934028,0.0,6,53.46220001229085,0.9301635026931763,True,0,1,0,1,0,1,1,ships
2b722474e.jpg,candidates,0.0,0.006539238823784722,0.0,19,52.151800016872585,0.9803808331489563,True,0,1,0,1,0,1,1,ships
2b7349ec0.jpg,candidates,0.0,0.0004950629340277778,0.0,2,51.67070002062246,0.7688930034637451,True,1,2,0,1,0,0,1,ships
2b788b466.jpg,candidates,0.0,0.0006679958767361111,0.0,2,49.839099985547364,0.7476033568382263,True,0,2,0,2,0,1,1,ships
2b81cf769.jpg,land_coast,0.7084282769097222,0.2491042291668626,0.0,0,47.4398999940604,0.4588918387889862,True,0,2,0,1,0,0,1,coast
2b88c5998.jpg,candidates,0.0,0.003182305230034722,0.0,55,55.15910001122393,0.2160676270723343,True,0,0,0,0,0,0,0,empty
2b9b519c7.jpg,candidates,0.0,0.0,0.0,8,51.111800014041364,0.3329591155052185,True,0,0,0,0,0,0,0,empty
2ba373b72.jpg,candidates,0.0,0.04679531521267361,0.0,8,51.664400001754984,0.11899825930595398,False,0,2,0,1,0,1,1,ships
2ba46f8ff.jpg,candidates,0.0,0.002295600043402778,0.0,24,51.54210000182502,0.33914420008659363,True,0,3,0,3,0,1,1,ships
2bb4838e1.jpg,candidates,0.0,0.0396270751953125,0.0,8,51.62540002493188,0.2862282991409302,True,0,3,0,1,0,0,1,ships
2bc159c55.jpg,candidates,0.0,0.00042894151475694444,0.0,2,50.236200011568144,0.9586480855941772,True,4,1,0,1,0,1,1,ships
2bcb022a0.jpg,land_coast,0.0,0.2942216661241319,0.0,11,56.07230000896379,0.9681006669998169,True,5,23,1,12,0,8,10,coast
2bd6788e9.jpg,candidates,0.0,0.03736707899305555,0.014299180772569444,133,52.60159997851588,0.9449474215507507,True,2,3,1,2,0,0,1,ships
2bf239a5b.jpg,candidates,0.0,0.016984727647569444,0.0,63,50.72679999284446,0.8590066432952881,True,0,0,0,0,0,0,1,ships
2bfa0be83.jpg,candidates,0.0,0.004708184136284722,0.0,45,50.37040001479909,0.6678727865219116,True,0,1,0,1,0,1,1,ships
2c10b281c.jpg,candidates,0.0,0.0005171034071180555,0.0,4,51.89050000626594,0.7170622944831848,True,0,3,0,1,0,1,1,ships
2c1e9cdd3.jpg,candidates,0.048424614800347224,0.0035355201445762398,0.030164871416072634,9,51.73589999321848,0.9299623370170593,True,0,2,0,1,0,1,1,ships
2c4e15cc4.jpg,candidates,0.0,0.0,0.0,4,51.587199995992705,0.10093062371015549,False,0,0,0,0,0,0,0,empty
2c68a25b5.jpg,candidates,0.0,0.004784478081597222,0.0,27,55.384800012689084,0.9913240671157837,True,0,1,0,1,0,1,1,ships
2c7082725.jpg,empty_sea,0.0,0.0,0.0,0,50.82540001603775,0.4663289189338684,True,0,0,0,0,0,0,0,empty
2c725cb0c.jpg,candidates,0.0,0.033487955729166664,0.010423448350694444,60,51.61749999388121,0.8831816911697388,True,15,1,4,1,2,1,1,ships
2c786192a.jpg,candidates,0.0,0.005969577365451389,0.0,105,53.54390002321452,0.3908468186855316,True,0,1,0,1,0,1,1,ships
2c7dcb355.jpg,land_coast,0.0,0.3087938096788194,0.0,1,54.25379998632707,0.25288912653923035,True,0,0,0,0,0,0,0,coast
2c8fd83a9.jpg,candidates,0.0,0.05040317111545139,0.0,12,53.58649999834597,0.11210671067237854,False,0,0,0,0,0,0,0,empty
2c9f24c2a.jpg,candidates,0.0,0.0021955702039930555,0.0,7,52.17899999115616,0.9928458333015442,True,0,3,0,3,0,3,3,ships
2caec60a4.jpg,candidates,0.0,0.0,0.0,2,50.07960001239553,0.6676694750785828,True,1,1,1,1,0,1,1,ships
2cc65e215.jpg,candidates,0.0,0.047507392035590276,0.04345703125,56,51.436300011118874,0.7232508659362793,True,4,7,0,2,0,1,3,ships
2cca5203a.jpg,candidates,0.0,0.0666927761501736,0.0,12,52.154499979224056,0.8467302918434143,True,2,4,1,2,0,0,1,ships
2cd3db7cc.jpg,candidates,0.0,0.006880018446180556,0.0,90,51.44019998260774,0.054859135299921036,False,0,0,0,0,0,0,0,empty
2cd9a46b1.jpg,land_coast,0.0,0.3222096761067708,0.0,1,54.305800003930926,0.6956636905670166,True,0,1,0,1,0,1,1,coast
2cdb83b1c.jpg,land_coast,0.0,0.2997097439236111,0.0,0,57.789399987086654,0.12109111249446869,False,0,0,0,0,0,0,0,coast
2ce8cd818.jpg,candidates,0.0,0.0002475314670138889,0.0,25,50.13170000165701,0.6277027726173401,True,0,1,0,1,0,1,1,ships
2cee0b7fc.jpg,candidates,0.0,0.003204345703125,0.0,14,54.06850000144914,0.9999434947967529,True,3,6,0,3,0,2,3,ships
2cef1836f.jpg,candidates,0.0,0.0014750162760416667,0.0,5,51.39700000290759,0.9548456072807312,True,0,1,0,1,0,1,1,ships
2cf06799f.jpg,candidates,0.0,0.05949571397569445,0.0,106,51.861099986126646,0.9999128580093384,True,2,5,0,3,0,3,5,ships
2cf6a8330.jpg,land_coast,0.0,0.2534315321180556,0.0,23,52.828899992164224,0.8252933621406555,True,0,1,0,1,0,1,1,coast
2d0320a13.jpg,candidates,0.0,0.0038299560546875,0.0673641628689236,6,52.01189999934286,0.9651389122009277,True,0,6,0,4,0,1,3,ships
2d03da5c7.jpg,empty_sea,0.0,0.0,0.0,0,51.190300000598654,0.2641209363937378,True,0,0,0,0,0,0,0,empty
2d32b39d5.jpg,candidates,0.0,0.016369289822048612,0.0,79,50.110200012568384,0.3981438875198364,True,0,0,0,0,0,0,0,empty
2d506f484.jpg,empty_sea,0.0,0.0,0.0,0,52.01329998089932,0.127810999751091,True,0,0,0,0,0,0,0,empty
2d66f6ea0.jpg,candidates,0.0,0.03890652126736111,0.0,62,50.32720000599511,0.8739941120147705,True,13,2,1,2,1,2,2,ships
2d732b2c2.jpg,land_coast,0.0,0.3341742621527778,0.0,1,58.360999973956496,0.8706883788108826,True,0,1,0,1,0,1,1,coast
2d7540351.jpg,candidates,0.0,0.00039503309461805556,0.0,5,49.747100012609735,0.8758553266525269,True,2,1,0,1,0,1,1,ships
2d762d92d.jpg,candidates,0.0,0.00035264756944444444,0.0,2,52.09770001238212,0.5687554478645325,True,0,1,0,1,0,1,1,ships
2d891aca8.jpg,candidates,0.0,0.003467135959201389,0.028291490342881944,15,50.98299999372102,0.647417426109314,True,3,1,0,1,0,1,1,ships
2d9a55ed9.jpg,land_coast,0.0,0.2818027072482639,0.0,0,54.53779999515973,0.048064202070236206,False,0,0,0,0,0,0,0,coast
2da2ed7ce.jpg,candidates,0.0,5.5948893229166664e-05,0.0,4,51.83939999551512,0.807793915271759,True,0,1,0,1,0,1,1,ships
2daaa0e5f.jpg,candidates,0.0,0.004247029622395833,0.012310451931423612,48,52.06780001753941,0.9798597693443298,True,0,1,0,1,0,1,1,ships
2db76922e.jpg,candidates,0.0,0.0812564425998264,0.04792955186631945,1,53.04430000251159,0.024729501456022263,False,0,0,0,0,0,0,0,empty
2de1f9bf0.jpg,candidates,0.0,0.004599677191840278,0.0,10,51.12079999526031,0.9650502800941467,True,0,1,0,1,0,1,1,ships
2de4d34dc.jpg,candidates,0.0,0.0021769205729166665,0.0,10,52.028900012373924,0.7031366229057312,True,0,1,0,1,0,1,1,ships
2e1d8beed.jpg,candidates,0.0,0.007268269856770833,0.0,37,52.98180002137087,0.9759878516197205,True,4,3,1,2,0,2,2,ships
2e339981f.jpg,candidates,0.0,0.11294386121961805,0.0,48,55.703199992422014,0.8131052255630493,True,0,1,0,1,0,1,1,ships
2e3a5d90f.jpg,candidates,0.0,0.002465142144097222,0.0,10,51.34919998818077,0.9855390787124634,True,2,6,0,3,0,2,5,ships
2e443e16b.jpg,candidates,0.0,0.06465827094184028,0.0,1,53.470600018044934,0.657672643661499,True,0,1,0,1,0,1,1,ships
2e7940360.jpg,land_coast,0.0,0.1649865044487847,0.059441460503472224,18,52.283600001828745,0.956877589225769,True,6,1,0,0,0,0,1,coast
2e804f988.jpg,candidates,0.0,0.00035773383246527775,0.0,2,53.485099982935935,0.8496080636978149,True,2,1,0,1,0,1,1,ships
2e8453982.jpg,candidates,0.0,0.004725138346354167,0.012958102756076388,10,51.59079999430105,0.9907022714614868,True,1,1,0,1,0,1,1,ships
2e8545c74.jpg,candidates,0.0,0.00023735894097222222,0.0,2,51.6195000091102,0.49823373556137085,True,0,1,0,1,0,1,1,ships
2e8ab5e46.jpg,land_coast,0.0,0.2689310709635417,0.0,8,54.37769999844022,0.777277410030365,True,1,2,0,2,0,2,3,coast
2e8ebd3d8.jpg,candidates,0.0,0.0005255805121527778,0.038397894965277776,46,52.76920000324026,0.8202074766159058,True,4,3,0,2,0,0,1,ships
2e909ee8f.jpg,candidates,0.0,0.0596771240234375,0.0,4,51.541499997256324,0.2940044403076172,True,0,0,0,0,0,0,0,empty
2e93d344b.jpg,candidates,0.0,2.712673611111111e-05,0.0,3,51.598999998532236,0.19704250991344452,True,0,0,0,0,0,0,0,empty
2e948d489.jpg,candidates,0.0,0.10677591959635417,0.010281032986111112,61,51.35269998572767,0.6652212738990784,True,3,4,0,1,0,0,8,ships
2ea416a8f.jpg,candidates,0.0,0.0008799235026041666,0.0,4,52.94799999683164,0.9950042366981506,True,1,2,1,2,1,2,2,ships
2eb0e3664.jpg,candidates,0.0,0.09311760796440972,0.0,3,52.55269998451695,0.09243085235357285,False,0,0,0,0,0,0,0,empty
2eb531a47.jpg,candidates,0.0,9.494357638888889e-05,0.0,11,51.75990000134334,0.0920882523059845,False,0,0,0,0,0,0,0,empty
2ebde71c1.jpg,candidates,0.0,0.0,0.0,3,51.19850000482984,0.5505165457725525,True,3,1,0,1,0,1,2,ships
2ee6eee21.jpg,candidates,0.0,0.0006239149305555555,0.0,3,50.95209999126382,0.6840669512748718,True,0,1,0,1,0,1,1,ships
2eee5b48f.jpg,land_coast,0.0,0.1485256618923611,0.1994866265190972,39,52.32739998609759,0.9276584982872009,True,1,3,1,2,0,1,2,coast
2f18e80c1.jpg,candidates,0.8072035047743056,0.0014386884514582055,0.0,8,47.52699998789467,0.1259058713912964,False,0,0,0,0,0,0,0,empty
2f19e0b50.jpg,candidates,0.0,0.00042555067274305556,0.0,5,52.957600011723116,0.678351104259491,True,0,2,0,1,0,1,1,ships
2f37dc1f9.jpg,candidates,0.0,0.00012037489149305556,0.0,4,52.03360001905821,0.12223473191261292,False,0,1,0,1,0,1,1,ships
2f50f1b31.jpg,candidates,0.0,0.0020701090494791665,0.0,8,51.548799994634464,0.9756786823272705,True,0,5,0,3,0,2,4,ships
2f5cb64eb.jpg,land_coast,0.0,0.3255293104383681,0.0,0,58.10080000082962,0.8793675303459167,True,0,1,0,1,0,1,1,coast
2f6449e53.jpg,land_coast,0.0,0.3641560872395833,0.0,0,56.88970000483096,0.865268349647522,True,0,1,0,1,0,1,1,coast
2f6f8d443.jpg,candidates,0.0,0.1032833523220486,0.0,55,52.20320000080392,0.5814504623413086,True,0,0,0,0,0,0,1,ships
2f7682a03.jpg,candidates,0.05436367458767361,0.07472954702180457,0.0,69,52.373900020029396,0.9280269145965576,True,0,1,0,1,0,1,1,ships
2f7ac2fd7.jpg,candidates,0.0,0.008234659830729166,0.0,49,50.962099980097264,0.3824101984500885,True,1,0,0,0,0,0,0,empty
2faf5a01f.jpg,candidates,0.0,0.007422553168402778,0.0,5,55.52460000035353,0.9316056966781616,True,0,3,0,2,0,0,1,ships
2fe9f6986.jpg,cloud,0.9990030924479166,0.0,0.0,0,33.181100006913766,0.09759988635778427,False,0,0,0,0,0,0,0,cloud
2ff0d9fa0.jpg,candidates,0.0,0.005048963758680556,0.0,28,53.196099994238466,0.8171293139457703,True,0,2,0,2,0,2,2,ships
301e92aa0.jpg,candidates,0.0,0.001842922634548611,0.0,25,52.73180000949651,0.9017545580863953,True,0,1,0,1,0,1,1,ships
302ed981d.jpg,candidates,0.0,0.0010698106553819445,0.0,2,52.40610000328161,0.8626347780227661,True,0,1,0,1,0,1,1,ships
30484cd3b.jpg,candidates,0.0,0.0023701985677083335,0.0,7,51.182900002459064,0.7737957239151001,True,0,2,0,2,0,2,2,ships
305c600f2.jpg,land_coast,0.0,0.18046400282118055,0.028667873806423612,18,51.357399992411956,0.5632647275924683,True,21,6,7,1,3,1,3,coast
305cd8864.jpg,land_coast,0.0,0.05378892686631945,0.1385311550564236,41,52.76610000873916,0.9909750819206238,True,2,1,1,1,1,1,1,coast
3062b6786.jpg,candidates,0.0,8.138020833333333e-05,0.0,10,50.99999997764826,0.8519498109817505,True,1,2,0,2,0,2,2,ships
3067d76f5.jpg,empty_sea,0.0,0.06764729817708333,0.0,0,53.21010001352988,0.09525662660598755,False,0,0,0,0,0,0,0,empty
3077323f1.jpg,land_coast,0.0,0.1950615776909722,0.0,8,54.39959999057464,0.33751678466796875,True,0,0,0,0,0,0,0,coast
3087ddd59.jpg,land_coast,0.0,0.2890811496310764,0.0,1,53.5249000240583,0.6098465919494629,True,0,3,0,2,0,1,2,coast
3092a2cd0.jpg,candidates,0.0,0.005986531575520833,0.023039076063368056,22,53.166500001680106,0.4034361243247986,True,0,1,0,1,0,1,1,ships
30970217c.jpg,candidates,0.0,6.103515625e-05,0.0,1,50.75090000173077,0.30058950185775757,True,0,1,0,1,0,1,1,ships
30aa04ebf.jpg,empty_sea,0.0,0.0,0.0,0,51.13060001167469,0.45751309394836426,True,0,0,0,0,0,0,0,empty
30b59ece8.jpg,candidates,0.0,8.477105034722222e-05,0.0,2,51.30310001550242,0.3698381185531616,True,0,4,0,2,0,2,2,ships
30b5e7713.jpg,land_coast,0.006137424045138889,0.09614699697951412,0.4442271734142449,36,53.28560000634752,0.9999986886978149,True,3,1,0,1,0,1,1,coast
30c4213b6.jpg,land_coast,0.0,0.2832319471571181,0.0,29,53.040600003441796,0.9362003803253174,True,0,1,0,1,0,1,1,coast
30e0ec084.jpg,land_coast,0.0,0.2597842746310764,0.0,7,52.64399998122826,0.7649497389793396,True,0,1,0,1,0,1,1,coast
310a28e3f.jpg,candidates,0.0,0.0022142198350694445,0.0,6,51.47210002178326,0.8890573978424072,True,3,3,0,2,0,1,1,ships
310bc1656.jpg,candidates,0.0,0.0,0.0,3,50.67339999368414,0.37774530053138733,True,0,1,0,1,0,1,1,ships
311423f79.jpg,land_coast,0.0,0.2858123779296875,0.0,5,56.77070000092499,0.949137806892395,True,0,2,0,2,0,2,2,coast
312381d01.jpg,candidates,0.0,0.0021209716796875,0.0,2,51.037500001257285,0.991517961025238,True,0,1,0,1,0,1,1,ships
313b581e9.jpg,land_coast,0.0,0.029568142361111112,0.2108832465277778,69,52.89789999369532,0.9844998121261597,True,1,2,0,2,0,2,2,coast
313f0c410.jpg,empty_sea,0.0,0.0,0.0,0,52.45340001420118,0.11703209578990936,False,0,0,0,0,0,0,0,empty
314036ea0.jpg,candidates,0.0,0.0,0.0,13,51.852399978088215,0.4303458333015442,True,0,1,0,1,0,1,1,ships
3143e72f0.jpg,land_coast,0.0,0.2670983208550347,0.0,5,55.664600018644705,0.9025176167488098,True,0,1,0,1,0,1,1,coast
3147eef20.jpg,land_coast,0.0,0.0013410780164930555,0.08907572428385417,44,51.424399978714064,0.9448308348655701,True,1,3,1,1,0,0,1,coast
3153d4286.jpg,candidates,0.0,0.0004306369357638889,0.0,2,51.9542999973055,0.6869481801986694,True,0,1,0,1,0,1,1,ships
3153e53de.jpg,candidates,0.0,0.003517998589409722,0.0,23,52.372299978742376,0.9926315546035767,True,3,8,0,5,0,4,5,ships
3170415a0.jpg,candidates,0.005349053276909722,0.0055942861048458754,0.06486398742396282,35,52.781400008825585,0.9844214916229248,True,2,11,0,4,0,3,6,ships
317216526.jpg,land_coast,0.1187286376953125,0.006707520360697899,0.23461239263998476,25,50.4681000020355,0.5416534543037415,True,0,0,0,0,0,0,3,coast
31744dbbe.jpg,candidates,0.007127549913194444,0.000904586665570198,0.029006736429486785,25,51.33709998335689,0.7945968508720398,True,0,2,0,2,0,2,2,ships
3187bddf0.jpg,land_coast,0.0,0.347320556640625,0.0,0,53.79079998238012,0.9445471167564392,True,0,1,0,1,0,1,1,coast
31aa7693b.jpg,candidates,0.0,0.0006985134548611111,0.0,2,50.24099998991005,0.8677840232849121,True,1,3,0,2,0,1,2,ships
31ab675db.jpg,candidates,0.0,0.1010470920138889,0.0,90,53.25440000160597,0.6484529376029968,True,11,2,1,2,0,1,2,ships
31c86313a.jpg,candidates,0.0,0.004701402452256944,0.0,10,52.1403000166174,0.7606651186943054,True,0,1,0,1,0,1,1,ships
31dce9e4f.jpg,land_coast,0.0,0.3069186740451389,0.0,11,54.772500006947666,0.6964704990386963,True,1,5,0,2,0,2,2,coast
31ff299f2.jpg,candidates,0.0,0.0009019639756944445,0.0,7,52.48910002410412,0.9821817278862,True,1,5,1,2,0,2,2,ships
3220a767d.jpg,candidates,0.0,0.0018022325303819445,0.0,13,53.036900004372,0.9945833086967468,True,0,8,0,7,0,6,5,ships
3224933c1.jpg,land_coast,0.7532365587022569,0.19279706929467003,0.0,0,48.41630000737496,0.3754386603832245,True,0,1,0,0,0,0,1,coast
3253a285e.jpg,candidates,0.0,0.0,0.0,1,51.347200002055615,0.12283299118280411,False,0,0,0,0,0,0,0,empty
3253c25ee.jpg,candidates,0.0,0.001437717013888889,0.0,43,50.32150002080016,0.6370781660079956,True,10,5,3,4,2,4,4,ships
325503718.jpg,candidates,0.0,0.006417168511284722,0.0,12,52.06210000324063,0.7203157544136047,True,0,1,0,1,0,1,1,ships
325725cf5.jpg,candidates,0.0,0.013081868489583334,0.0,30,51.941299985628575,0.029219558462500572,False,0,0,0,0,0,0,0,empty
326c55611.jpg,candidates,0.0,0.04788038465711805,0.0,43,54.10999999730848,0.2763166129589081,True,0,0,0,0,0,0,2,ships
3277867b4.jpg,candidates,0.0,0.0008985731336805555,0.0,4,54.02630000025965,0.8816550970077515,True,0,2,0,2,0,2,2,ships
329575712.jpg,land_coast,0.0,0.3365834554036458,0.0,1,55.710800021188334,0.9392229914665222,True,0,1,0,1,0,1,1,coast
3298c4dbb.jpg,land_coast,0.0,0.23525492350260416,0.0,11,53.947300009895116,0.28363731503486633,True,3,0,0,0,0,0,0,coast
329b13dbc.jpg,candidates,0.0,0.0009816487630208333,0.0,2,53.61189998802729,0.9438822269439697,True,0,1,0,1,0,1,1,ships
329d37dd9.jpg,candidates,0.0,0.0004730224609375,0.0,15,52.26689999108203,0.3566857576370239,True,0,0,0,0,0,0,0,empty
329def919.jpg,candidates,0.0,2.5431315104166668e-05,0.0,1,51.83559999568388,0.6211968064308167,True,0,4,0,1,0,1,1,ships
32ae0c592.jpg,candidates,0.0,0.0010986328125,0.0,18,54.3646999867633,0.8672176003456116,True,0,4,0,3,0,3,3,ships
32b395327.jpg,candidates,0.0,0.026692708333333332,0.0,14,51.9573999918066,0.06716276705265045,False,0,3,0,0,0,0,1,ships
32b62bf76.jpg,candidates,0.0,0.002037896050347222,0.0135345458984375,2,51.84559998451732,0.9384481906890869,True,0,1,0,1,0,1,1,ships
32c22f8d9.jpg,candidates,0.0,0.028749254014756944,0.0,77,52.77639999985695,0.1454804241657257,True,0,0,0,0,0,0,0,empty
32ccf0d88.jpg,candidates,0.0,0.0003170437282986111,0.0,3,52.71960000391118,0.8982583284378052,True,1,2,0,1,0,0,1,ships
32d95107e.jpg,candidates,0.0,7.120768229166667e-05,0.0,2,51.142899988917634,0.5862229466438293,True,3,1,0,1,0,1,1,ships
32e3b6335.jpg,empty_sea,0.0,0.0,0.0,0,52.12769997888245,0.4428485035896301,True,0,0,0,0,0,0,0,empty
32f5686a7.jpg,land_coast,0.5879567464192709,0.18058570450767575,0.0,7,48.93900000024587,0.3510723412036896,True,0,0,0,0,0,0,1,coast
3309ccebf.jpg,candidates,0.0,2.2040473090277777e-05,0.0,51,50.753099989378825,0.04412057623267174,False,0,0,0,0,0,0,0,empty
3311e56a6.jpg,candidates,0.0,0.003261990017361111,0.0,18,52.360500005306676,0.9876177906990051,True,6,7,0,6,0,4,5,ships
332556767.jpg,land_coast,0.0,0.2644670274522569,0.0,13,54.3959999922663,0.36640027165412903,True,0,0,0,0,0,0,1,coast
3327a9dc8.jpg,candidates,0.1334923638237847,0.014230890947911534,0.040773856020638294,21,51.840600004652515,0.009132361970841885,False,0,0,0,0,0,0,0,empty
3330ef548.jpg,empty_sea,0.0,0.0,0.0,0,52.06670000916347,0.10728523880243301,False,0,0,0,0,0,0,0,empty
335f53314.jpg,candidates,0.0,0.002895779079861111,0.0,28,53.42539999401197,0.8821613192558289,True,1,6,0,5,0,4,4,ships
336d03a6d.jpg,land_coast,0.0,0.18250868055555555,0.015716552734375,36,53.71670000022277,0.6870911717414856,True,4,4,0,1,0,1,3,coast
3372d8023.jpg,candidates,0.0,0.0024770100911458335,0.0,64,52.416999998968095,0.05265438184142113,False,0,0,0,0,0,0,0,empty
3398b4f45.jpg,candidates,0.0,0.00015936957465277778,0.0,1,50.24010001216084,0.5140559077262878,True,1,1,1,1,0,0,1,ships
33ac4a732.jpg,candidates,0.0,0.002631293402777778,0.0,15,51.81069998070598,0.2985258102416992,True,0,1,0,1,0,1,1,ships
33aed36ad.jpg,candidates,0.0,0.0012834337022569445,0.0,10,52.087899995967746,0.13333822786808014,True,0,0,0,0,0,0,0,empty
33b2a9163.jpg,candidates,0.0,0.007124159071180556,0.0,61,52.17810001340695,0.8459234237670898,True,0,0,0,0,0,0,0,empty
33bf5dcb6.jpg,land_coast,0.0,0.2820536295572917,0.0,0,54.566600010730326,0.8362269401550293,True,0,1,0,1,0,1,1,coast
33e3232b2.jpg,candidates,0.0,0.0007205539279513889,0.0,9,52.728000009665266,0.7859876751899719,True,0,1,0,1,0,1,1,ships
33e6b0058.jpg,candidates,0.0,9.833441840277778e-05,0.0,1,51.38190000434406,0.3812267482280731,True,0,3,0,2,0,1,1,ships
341dfd438.jpg,candidates,0.0,0.0084075927734375,0.0,41,56.63699997239746,0.9887773394584656,True,2,7,0,7,0,6,3,ships
3438ddd99.jpg,candidates,0.0,0.04215833875868055,0.017800225151909724,114,55.83979998482391,0.9536386728286743,True,0,1,0,1,0,1,1,ships
34400982a.jpg,candidates,0.0,0.0003458658854166667,0.0,6,53.37880001752637,0.7837192416191101,True,0,1,0,1,0,1,1,ships
3440823c3.jpg,candidates,0.0,0.001861572265625,0.011142306857638888,16,53.31680001108907,0.9438846707344055,True,0,1,0,1,0,1,1,ships
3453cf632.jpg,candidates,0.05800035264756945,0.06723399892343578,0.0,56,52.36289999447763,0.6331712007522583,True,0,1,0,0,0,0,2,ships
34549828e.jpg,candidates,0.0,0.0249176025390625,0.0268402099609375,42,54.97139997896738,0.9999943971633911,True,8,1,1,1,0,1,1,ships
34773c433.jpg,candidates,0.0,0.050226847330729164,0.0,66,52.68310001702048,0.04377932474017143,False,0,0,0,0,0,0,0,empty
348400ef5.jpg,candidates,0.0,0.0005425347222222222,0.0,1,51.007800007937476,0.9143171906471252,True,0,3,0,2,0,2,1,ships
3486e398b.jpg,land_coast,0.0,0.3015340169270833,0.0,40,53.729700011899695,0.7138780355453491,True,0,1,0,1,0,1,1,coast
34923be6c.jpg,candidates,0.0,0.00041876898871527775,0.0,3,50.32290000235662,0.5880141854286194,True,0,1,0,1,0,1,1,ships
349b6cd8b.jpg,land_coast,0.0,0.12311469184027778,0.0,14,52.35959999845363,0.286225289106369,True,0,0,0,0,0,0,1,coast
349e6e3ef.jpg,candidates,0.0,4.57763671875e-05,0.0,2,52.65060000238009,0.4391454756259918,True,0,2,0,2,0,1,1,ships
34a49faed.jpg,land_coast,0.0,0.1655053032769097,0.0186920166015625,18,53.28480000025593,0.32763177156448364,True,0,0,0,0,0,0,1,coast
34ad8b175.jpg,candidates,0.0,0.005098130967881944,0.0,39,55.11679998016916,0.9360177516937256,True,0,3,0,1,0,1,1,ships
34ce5bd83.jpg,candidates,0.0,0.00311279296875,0.0,9,51.55370000284165,0.9992793202400208,True,0,6,0,6,0,6,6,ships
34fa551f4.jpg,candidates,0.0,0.0007239447699652778,0.0,5,53.04450000403449,0.33670279383659363,True,0,1,0,1,0,1,1,ships
3506e1464.jpg,candidates,0.0,0.0015767415364583333,0.0,9,52.582900010747835,0.9943293929100037,True,0,10,0,9,0,8,10,ships
350ced10c.jpg,candidates,0.0,0.024388631184895832,0.0,36,53.504399984376505,0.9419765472412109,True,5,5,1,3,0,3,3,ships
3522d78c7.jpg,land_coast,0.0,0.2691073947482639,0.0,0,55.46060000779107,0.6479910016059875,True,0,1,0,1,0,1,1,coast
3527527f7.jpg,candidates,0.0,0.008309258355034722,0.0,18,52.3795000044629,0.9879248142242432,True,0,5,0,3,0,2,3,ships
3534bcb0b.jpg,candidates,0.0,0.0014936659071180555,0.0,2,52.28550001629628,0.9276290535926819,True,0,1,0,1,0,1,1,ships
354cd2d58.jpg,candidates,0.0,0.0033925374348958335,0.0,16,53.48490001051687,0.987096905708313,True,0,1,0,1,0,1,1,ships
357e14a4e.jpg,candidates,0.0,0.0014563666449652778,0.0,35,52.32240000623278,0.7780029773712158,True,9,16,3,11,3,9,13,ships
35874dcc9.jpg,land_coast,0.0,0.1912384033203125,0.0,70,53.16319997655228,0.6657297611236572,True,0,1,0,1,0,1,1,coast
358d83d37.jpg,candidates,0.0,0.0008154975043402778,0.0,7,51.64869999862276,0.9396581053733826,True,0,2,0,2,0,1,2,ships
359675a23.jpg,land_coast,0.0,0.2631581624348958,0.0,7,53.031799994641915,0.7412156462669373,True,0,1,0,1,0,1,1,coast
35a075c81.jpg,candidates,0.020863850911458332,0.0019316912217685939,0.0,54,56.160900014219806,0.9314767718315125,True,0,2,0,1,0,1,1,ships
35a629fb2.jpg,land_coast,0.0,0.010826958550347222,0.1431206597222222,60,52.51979999593459,0.9739876389503479,True,3,12,0,2,0,2,9,coast
35bbc3d7b.jpg,land_coast,0.0,0.15876261393229166,0.0,5,52.3788999998942,0.8691048622131348,True,0,2,0,2,0,0,1,coast
35cf4b6e1.jpg,land_coast,0.0,0.16532728407118055,0.06530083550347222,57,54.86989999189973,0.15499578416347504,True,0,1,0,1,0,1,1,coast
35e19298b.jpg,empty_sea,0.0,0.0,0.0,0,53.14969999017194,0.43230223655700684,True,0,0,0,0,0,0,0,empty
35e3bc3c4.jpg,candidates,0.0,0.0,0.0,2,52.32770001748577,0.25969401001930237,True,0,0,0,0,0,0,0,empty
360bb8772.jpg,candidates,0.0,0.0018225775824652778,0.0,5,56.96049999096431,0.9550571441650391,True,0,1,0,1,0,1,1,ships
3612dbf3d.jpg,land_coast,0.0,0.1299709743923611,0.0,45,54.98840002110228,0.6106510162353516,True,0,11,0,3,0,2,12,coast
3614a1e31.jpg,candidates,0.0,0.0019632975260416665,0.0,18,52.374099992448464,0.9190794229507446,True,0,1,0,1,0,1,1,ships
3617720aa.jpg,candidates,0.0,0.00021701388888888888,0.0,1,51.72990000573918,0.8947291374206543,True,1,4,1,1,0,0,1,ships
3618853e6.jpg,land_coast,0.0,0.2641516791449653,0.010850694444444444,13,57.38829998881556,0.9074484705924988,True,2,0,0,0,0,0,1,coast
3628f44bb.jpg,land_coast,0.011644151475694444,0.05578456758156396,0.32336095287415845,55,52.18470000545494,0.9747469425201416,True,0,0,0,0,0,0,0,coast
363999258.jpg,candidates,0.0,0.0,0.0,2,51.35240001254715,0.6695389747619629,True,9,1,2,1,1,0,3,ships
365c7b32c.jpg,candidates,0.030977037217881944,0.0,0.0,2,50.68710001069121,0.504236102104187,True,3,3,1,0,0,0,1,ships
3679c695e.jpg,land_coast,0.0,0.2737002902560764,0.0,1,56.01930001284927,0.6981459856033325,True,0,1,0,1,0,0,1,coast
367eb945c.jpg,empty_sea,0.0,0.0632781982421875,0.0,0,54.276499984553084,0.35890084505081177,True,0,0,0,0,0,0,0,empty
368295ebd.jpg,candidates,0.0,0.004063924153645833,0.0,49,52.296899986686185,0.8960129618644714,True,0,3,0,1,0,0,1,ships
36838c969.jpg,candidates,0.0,0.0013207329644097222,0.0,3,52.75410000467673,0.8875960111618042,True,0,2,0,1,0,0,1,ships
3691b11a4.jpg,candidates,0.0,0.005396525065104167,0.0,10,53.58249999699183,0.23023493587970734,True,0,0,0,0,0,0,0,empty
36952dd67.jpg,candidates,0.0,0.016757541232638888,0.0,47,51.32610001601279,0.921893835067749,True,3,4,0,1,0,1,1,ships
36a678205.jpg,candidates,0.0,0.030527750651041668,0.0,19,52.052400016691536,0.7350285649299622,True,1,1,1,1,1,1,1,ships
36ad17902.jpg,land_coast,0.0,0.2208014594184028,0.0,54,52.914600004442036,0.3608214557170868,True,0,0,0,0,0,0,1,coast
36bffb553.jpg,candidates,0.0,0.014909532335069444,0.0,74,53.699799987953156,0.890558123588562,True,1,4,1,0,0,0,1,ships
36c3af550.jpg,candidates,0.0,2.2040473090277777e-05,0.0,3,52.35230000107549,0.17210330069065094,True,0,0,0,0,0,0,0,empty
36c817765.jpg,candidates,0.0,0.0138092041015625,0.0,49,53.38189998292364,0.7029408812522888,True,0,1,0,1,0,1,1,ships
36d14adfc.jpg,land_coast,0.0,0.024892171223958332,0.2988603379991319,35,52.800600009504706,0.9995816349983215,True,0,1,0,1,0,1,1,coast
36d226661.jpg,candidates,0.0,0.002037896050347222,0.0,7,51.325000007636845,0.9878649115562439,True,0,6,0,3,0,2,2,ships
36dc92104.jpg,candidates,0.0,0.0,0.0,6,51.16410000482574,0.1978570520877838,True,0,0,0,0,0,0,0,empty
36f7c9675.jpg,candidates,0.0,0.0,0.0,12,51.9792000122834,0.8296133279800415,True,0,2,0,2,0,1,2,ships
36fb375e4.jpg,candidates,0.0,0.0007358127170138889,0.0,4,50.79119998845272,0.877220630645752,True,0,1,0,1,0,1,1,ships
371371749.jpg,land_coast,0.0,0.030973646375868056,0.14039442274305555,81,52.53720001201145,0.9999977350234985,True,2,2,0,2,0,2,2,coast
372caa58e.jpg,candidates,0.0,0.005757649739583333,0.0,6,52.07440000958741,0.5761461853981018,True,0,1,0,1,0,1,1,ships
372e7818b.jpg,land_coast,0.0,0.2374844021267361,0.0,0,52.569699997548014,0.4749879240989685,True,0,0,0,0,0,0,0,coast
373799227.jpg,candidates,0.0,0.003899468315972222,0.0,34,51.351700007217005,0.7601245045661926,True,5,1,2,1,2,1,1,ships
373f6dcfb.jpg,land_coast,0.0,0.1028561062282986,0.4011247422960069,77,53.40490001253784,0.3393664062023163,True,11,23,0,7,0,4,12,coast
37571538d.jpg,land_coast,0.0031636555989583335,0.0038289431980451432,0.21896034053226912,45,51.975599984871224,0.31449222564697266,True,0,1,0,1,0,1,1,coast
37589382b.jpg,candidates,0.0,0.005635579427083333,0.025510999891493056,32,54.48419999447651,0.983380138874054,True,1,1,0,1,0,1,1,ships
3758a6c69.jpg,candidates,0.0,0.00024583604600694444,0.0,3,52.093899983447045,0.6735687851905823,True,0,1,0,1,0,1,1,ships
37616dcc5.jpg,candidates,0.0,0.0021870930989583335,0.0,63,51.496900006895885,0.06543946266174316,False,0,0,0,0,0,0,0,empty
376216106.jpg,candidates,0.0,0.0001678466796875,0.0,4,51.77629998070188,0.7013878226280212,True,0,5,0,2,0,0,1,ships
376aa104b.jpg,candidates,0.0,0.00041876898871527775,0.0,2,56.18830001913011,0.7826642394065857,True,1,1,0,1,0,1,1,ships
376d86456.jpg,candidates,0.0,0.009394327799479166,0.03885057237413195,44,57.42579998332076,0.8718495965003967,True,1,1,0,1,0,1,1,ships
37722e7ee.jpg,candidates,0.0,0.0022989908854166665,0.0,14,52.3481999989599,0.08256100863218307,False,0,0,0,0,0,0,0,empty
377b5694b.jpg,candidates,0.0,0.00038825141059027775,0.0,7,50.85500000859611,0.739788293838501,True,0,6,0,1,0,0,1,ships
37a66079b.jpg,candidates,0.0,0.00028313530815972225,0.0,16,52.59710000245832,0.23491184413433075,True,2,0,0,0,0,0,0,empty
37a906df6.jpg,land_coast,0.0,0.028578016493055556,0.14953443739149305,87,52.32849999447353,0.9993836879730225,True,8,1,3,0,1,0,1,coast
37b0ef950.jpg,candidates,0.0,0.0005238850911458334,0.0,6,53.88610000954941,0.402136892080307,True,0,1,0,1,0,1,1,ships
37c75e67a.jpg,candidates,0.0,0.0179290771484375,0.06915961371527778,56,53.38339999434538,0.9876424074172974,True,1,4,0,3,0,3,3,ships
37d593f07.jpg,candidates,0.0,0.047119140625,0.0,96,51.861499989172444,0.9483712315559387,True,46,2,4,1,1,1,6,ships
37d83bf16.jpg,land_coast,0.0,0.3001590304904514,0.0,4,56.88069999450818,0.7325770258903503,True,0,3,0,2,0,2,2,coast
37e2381d7.jpg,candidates,0.0,0.006295098198784722,0.0,18,51.588800008175895,0.8645052909851074,True,0,1,0,1,0,1,1,ships
37e4582b5.jpg,land_coast,0.0,0.0022939046223958335,0.149993896484375,46,53.39819999062456,0.020308176055550575,False,0,0,0,0,0,0,0,coast
37e91ccf0.jpg,candidates,0.0,0.00017971462673611112,0.0,1,52.71850002463907,0.491672545671463,True,0,3,0,1,0,0,1,ships
37f02b3d2.jpg,candidates,0.0,0.003696017795138889,0.0,5,52.89069999707863,0.9717270731925964,True,0,3,0,2,0,1,2,ships
37fca4719.jpg,candidates,0.0,0.0023328993055555555,0.0,6,52.21630001324229,0.9907785654067993,True,0,1,0,1,0,1,1,ships
37fd98d8e.jpg,candidates,0.0,0.004136827256944444,0.011954413519965278,15,54.301399999530986,0.9545557498931885,True,0,1,0,1,0,1,1,ships
3818abe8a.jpg,land_coast,0.0,0.0035756429036458335,0.17483350965711805,45,50.718799990136176,0.8954917788505554,True,0,4,0,4,0,3,5,coast
3819f925c.jpg,candidates,0.0,0.002570258246527778,0.0,6,52.82539999461733,0.9947729706764221,True,0,1,0,1,0,1,1,ships
381c6060f.jpg,candidates,0.0,0.028618706597222224,0.026599460177951388,38,53.0706999998074,0.9918428659439087,True,0,1,0,1,0,1,1,ships
38309afa8.jpg,land_coast,0.0,0.2608693440755208,0.0,12,54.87709998851642,0.6496116518974304,True,0,1,0,1,0,1,1,coast
38314e5ea.jpg,land_coast,0.0,0.2504662407769097,0.0,24,57.03019999782555,0.9065774083137512,True,0,3,0,0,0,0,1,coast
383a66e13.jpg,candidates,0.0,0.10444810655381945,0.0,58,54.73740000161342,0.9841648936271667,True,4,8,2,4,1,3,14,ships
383d74eed.jpg,land_coast,0.0,0.028089735243055556,0.1441497802734375,40,52.90510001941584,0.9712645411491394,True,7,5,2,3,1,3,4,coast
384387ae9.jpg,land_coast,0.0,0.3273569742838542,0.0,1,56.05370001285337,0.9222332835197449,True,0,1,0,1,0,1,1,coast
384b2f4f1.jpg,land_coast,0.0,0.27435302734375,0.0,20,53.8931000046432,0.4348042905330658,True,0,1,0,1,0,1,1,coast
384c595e3.jpg,candidates,0.0,0.026073879665798612,0.052100287543402776,54,53.88130000210367,0.9943827390670776,True,5,1,0,1,0,1,1,ships
3859f31cc.jpg,candidates,0.0,0.0014394124348958333,0.0,5,52.390199998626485,0.9866507053375244,True,0,1,0,1,0,1,1,ships
38669c62c.jpg,land_coast,0.03168063693576389,0.08229500446965698,0.3601814876226934,48,54.36440001358278,0.6679298281669617,True,1,2,0,1,0,0,1,coast
386b0984b.jpg,land_coast,0.0,0.3456929524739583,0.0,0,54.10980002488941,0.6908043026924133,True,0,0,0,0,0,0,0,coast
3874e91b7.jpg,candidates,0.0,0.001147800021701389,0.0,3,51.962199999252334,0.9713530540466309,True,0,1,0,1,0,1,1,ships
388dea368.jpg,land_coast,0.0,0.2183074951171875,0.0,3,54.554799979086965,0.8563392162322998,True,0,1,0,1,0,1,1,coast
38956b250.jpg,candidates,0.018829345703125,0.0,0.0,13,50.12150001130067,0.5348436236381531,True,0,4,0,3,0,1,1,ships
38a68fcb3.jpg,candidates,0.0,0.031607733832465276,0.0,61,53.86230000294745,0.021036667749285698,False,0,0,0,0,0,0,0,empty
38c07f05a.jpg,candidates,0.0,0.0016733805338541667,0.0,6,52.15420000604354,0.86700838804245,True,0,1,0,1,0,1,1,ships
38c45a197.jpg,candidates,0.0,0.002554999457465278,0.0,16,53.53079998167232,0.9466654658317566,True,19,6,7,5,6,4,5,ships
38d4bbe23.jpg,candidates,0.0,0.00016445583767361112,0.024205525716145832,26,51.65470001520589,0.36128371953964233,True,0,3,0,1,0,0,1,ships
38edd52e5.jpg,candidates,0.0,0.0,0.0,1,52.056699991226196,0.4940751791000366,True,0,0,0,0,0,0,0,empty
390c39956.jpg,land_coast,0.0,0.2516055636935764,0.020287407769097224,2,52.82620000070892,0.12084779143333435,False,0,0,0,0,0,0,1,coast
3941352fd.jpg,candidates,0.0,4.916720920138889e-05,0.0,1,52.39229998551309,0.8763726949691772,True,0,2,0,2,0,0,1,ships
394d93708.jpg,land_coast,0.0,0.2835371229383681,0.0,0,58.91429999610409,0.18683023750782013,True,0,0,0,0,0,0,0,coast
395856098.jpg,land_coast,0.0,0.1405249701605903,0.22342088487413195,1,52.79839999275282,0.9521610140800476,True,7,3,1,3,1,1,6,coast
395fe220d.jpg,candidates,0.0,0.0007137722439236111,0.0,3,52.68990001059137,0.3123127222061157,True,0,1,0,1,0,1,1,ships
396ec75fd.jpg,candidates,0.0,0.0016496446397569445,0.0,26,52.276100002927706,0.9157082438468933,True,3,0,1,0,0,0,1,ships
3976f920f.jpg,land_coast,0.0,0.2884487575954861,0.0,5,56.01330002536997,0.40779349207878113,True,0,2,0,1,0,1,1,coast
398b3eaf9.jpg,candidates,0.0,6.103515625e-05,0.0,2,51.82040002546273,0.6921368837356567,True,2,0,0,0,0,0,1,ships
399b9afeb.jpg,candidates,0.0061187744140625,0.07835873227632682,0.0,31,53.603900014422834,0.9965782761573792,True,12,13,0,7,0,6,6,ships
39a308133.jpg,candidates,0.0,0.013838026258680556,0.042444864908854164,65,61.59500000649132,0.9987442493438721,True,2,6,1,3,1,3,4,ships
39a31ef1b.jpg,cloud,0.9199608696831597,0.0,0.0,0,33.73919997829944,0.21709024906158447,True,0,0,0,0,0,0,0,cloud
39cdfb04c.jpg,land_coast,0.0,0.2308586968315972,0.0,21,57.31040000682697,0.9844373464584351,True,0,1,0,1,0,1,1,coast
39d8f6b42.jpg,land_coast,0.0,0.0344390869140625,0.10268317328559028,60,54.9202999973204,0.9975306391716003,True,0,3,0,1,0,1,2,coast
39e5cef83.jpg,empty_sea,0.0,0.0,0.0,0,52.041999995708466,0.44602441787719727,True,0,0,0,0,0,0,0,empty
3a0eb0243.jpg,candidates,0.0,0.019334581163194444,0.0,36,53.78779998864047,0.02968727797269821,False,0,0,0,0,0,0,0,empty
3a10de0e2.jpg,candidates,0.0,0.005521986219618056,0.013673570421006944,14,52.48840001877397,0.8822619318962097,True,0,1,0,1,0,1,1,ships
3a162077a.jpg,candidates,0.0,0.0022735595703125,0.0,2,53.18989997613244,0.809692919254303,True,0,1,0,1,0,1,1,ships
3a25d66bc.jpg,candidates,0.0,0.010523478190104166,0.0,33,53.86939999880269,0.9365410208702087,True,1,5,1,2,0,0,2,ships
3a446fb40.jpg,land_coast,0.0,0.2871195475260417,0.0,11,53.396300005260855,0.9702881574630737,True,6,5,0,3,0,1,2,coast
3a4ce6532.jpg,land_coast,0.0,0.17880079481336805,0.0,47,56.32800000603311,0.9087472558021545,True,2,0,0,0,0,0,2,coast
3a6393ddd.jpg,land_coast,0.0,0.2058037651909722,0.0,3,54.443600005470216,0.07883486896753311,False,0,0,0,0,0,0,0,coast
3a6bc3af3.jpg,candidates,0.0,0.0002288818359375,0.011559380425347222,41,53.234599996358156,0.12642185389995575,True,0,0,0,0,0,0,0,empty
3a6fee078.jpg,candidates,0.0,0.0011461046006944445,0.0,1,51.94070001016371,0.9753546714782715,True,0,2,0,2,0,0,1,ships
3a71ba92f.jpg,candidates,0.0,0.0003170437282986111,0.0,1,52.90029998286627,0.5282684564590454,True,0,2,0,1,0,1,1,ships
3a77e81b5.jpg,candidates,0.0,0.0009646945529513889,0.0,4,52.95679997652769,0.9548947215080261,True,0,1,0,1,0,1,1,ships
3a79a8197.jpg,land_coast,0.0,0.24540201822916666,0.0,31,52.96689999522641,0.6783623099327087,True,1,1,1,1,0,1,1,coast
3a8144c1f.jpg,candidates,0.0,0.0005527072482638889,0.0,11,52.133899996988475,0.7507875561714172,True,0,1,0,1,0,1,1,ships
3a8638fdb.jpg,candidates,0.0,0.0015547010633680555,0.024007161458333332,45,54.283699981169775,0.9871547222137451,True,1,5,1,3,1,3,3,ships
3a8901b53.jpg,land_coast,0.0,0.2232632107204861,0.0,15,53.48190001677722,0.16220393776893616,True,2,2,0,0,0,0,1,coast
3a8952d74.jpg,candidates,0.0,0.0,0.0,5,51.50309999589808,0.7800948619842529,True,1,0,1,0,1,0,1,ships
3a97e02c0.jpg,candidates,0.0,0.00044080946180555556,0.0,6,51.90479999873787,0.646956741809845,True,3,4,0,2,0,2,2,ships
3aa04fd6e.jpg,land_coast,0.0,0.2562747531467014,0.0,2,53.59820000012405,0.0697813406586647,False,0,0,0,0,0,0,0,coast
3adf7c300.jpg,candidates,0.0,0.004248725043402778,0.0,14,54.57139998907223,0.9575220942497253,True,0,1,0,1,0,1,1,ships
3af2c6bcb.jpg,candidates,0.0,0.0216827392578125,0.0,14,51.18640000000596,0.4444681704044342,True,0,0,0,0,0,0,1,ships
3b010d21f.jpg,land_coast,0.0,0.0008697509765625,0.09330919053819445,60,52.9122999869287,0.041220907121896744,False,0,0,0,0,0,0,0,coast
3b0c7d3a5.jpg,candidates,0.0,0.0,0.0,1,51.66209998424165,0.5432106852531433,True,0,3,0,2,0,2,2,ships
3b250499b.jpg,empty_sea,0.0,0.0,0.0,0,51.12720001488924,0.5713582634925842,True,0,0,0,0,0,0,0,empty
3b279e35d.jpg,candidates,0.0,0.0029313829210069445,0.0,16,52.68910000449978,0.9997867941856384,True,0,6,0,6,0,6,6,ships
3b2d4bd02.jpg,candidates,0.0,0.00262451171875,0.0,3,53.65059999166988,0.9355133771896362,True,1,5,0,1,0,0,1,ships
3b315bbf3.jpg,empty_sea,0.0,0.0660552978515625,0.0,0,53.705900005297735,0.3049648404121399,True,0,0,0,0,0,0,0,empty
3b3cc8ea7.jpg,land_coast,0.0,0.2692226833767361,0.0,0,53.20310001843609,0.2869982421398163,True,0,0,0,0,0,0,0,coast
3b4c3fa46.jpg,candidates,0.0,0.0008985731336805555,0.0,5,52.5154999922961,0.9749611616134644,True,0,1,0,1,0,1,1,ships
3b5b15907.jpg,land_coast,0.3529391818576389,0.2828942518907284,0.0,2,51.20970000280067,0.5797597169876099,True,1,2,0,0,0,0,2,coast
3b6341ad5.jpg,candidates,0.0,0.0009206136067708334,0.0,6,55.85380000411533,0.917478621006012,True,0,4,0,4,0,3,2,ships
3b6aa514c.jpg,land_coast,0.0,0.3010118272569444,0.0,23,55.402199999662116,0.7309057712554932,True,0,2,0,2,0,2,2,coast
3b70b34c0.jpg,candidates,0.0,0.08362833658854167,0.017742580837673612,93,53.61480001010932,0.994331955909729,True,4,4,1,4,1,4,4,ships
3b7e0d72f.jpg,empty_sea,0.0,0.0,0.0,0,52.08850000053644,0.7393263578414917,True,0,0,0,0,0,0,0,empty
3b821d503.jpg,land_coast,0.0,0.1440497504340278,0.0,9,54.22029999317601,0.15900954604148865,True,0,0,0,0,0,0,0,coast
3b8590e93.jpg,land_coast,0.0,0.2728864881727431,0.0,2,56.16070001269691,0.09112736582756042,False,0,0,0,0,0,0,0,coast
3b8ec9ac2.jpg,land_coast,0.4579739040798611,0.010493877718170277,0.2365746618070628,28,49.38140002195723,0.14057588577270508,True,0,0,0,0,0,0,0,coast
3b8efc0d9.jpg,candidates,0.0,0.008639865451388888,0.0,8,52.83299999427982,0.6456310153007507,True,0,2,0,1,0,1,1,ships
3b9557cd7.jpg,candidates,0.0,0.001079983181423611,0.0,15,52.47049999888986,0.9512947201728821,True,5,1,0,1,0,1,1,ships
3b9a770a7.jpg,candidates,0.0,0.0009290907118055555,0.0,2,52.5721000158228,0.5625552535057068,True,0,1,0,1,0,1,1,ships
3b9a9b124.jpg,land_coast,0.0,0.030251397026909724,0.0926055908203125,90,53.42969999765046,0.9998800754547119,True,1,2,0,2,0,2,2,coast
3ba9afbd3.jpg,candidates,0.0,0.03891160753038195,0.0,6,52.20549998921342,0.04244086518883705,False,0,0,0,0,0,0,0,empty
3bb995cbc.jpg,candidates,0.0,0.003838433159722222,0.0,21,52.06069999258034,0.8172886371612549,True,0,1,0,1,0,1,1,ships
3bcc868f8.jpg,candidates,0.0,7.62939453125e-05,0.0,1,52.72690000128932,0.47584280371665955,True,0,3,0,2,0,2,2,ships
3bd478c53.jpg,land_coast,0.0,0.3547617594401042,0.0,6,58.14129998907447,0.9420392513275146,True,0,1,0,1,0,1,1,coast
3bea324fc.jpg,candidates,0.0,0.0006985134548611111,0.0,3,52.7169999841135,0.9463999271392822,True,0,2,0,2,0,2,2,ships
3beab760e.jpg,candidates,0.0,0.023903740776909724,0.010359022352430556,61,54.77970000356436,0.9434041380882263,True,2,1,0,1,0,1,1,ships
3bf45c4fc.jpg,candidates,0.0,0.0001220703125,0.0,1,53.01140001392923,0.8073095083236694,True,0,2,0,1,0,0,1,ships
3bf554155.jpg,candidates,0.0,0.05175442165798611,0.0,32,55.728200008161366,0.9084194898605347,True,0,1,0,0,0,0,1,ships
3c0a27072.jpg,candidates,0.0,0.002117580837673611,0.0,3,52.683799993246794,0.7543317675590515,True,0,1,0,1,0,1,1,ships
3c105bdb7.jpg,candidates,0.0,7.798936631944444e-05,0.0,2,53.49019999266602,0.7304880023002625,True,4,1,0,0,0,0,1,ships
3c10c9fb6.jpg,candidates,0.0,0.002193874782986111,0.057305230034722224,48,52.360800007591024,0.9973650574684143,True,1,4,0,3,0,3,4,ships
3c1645748.jpg,land_coast,0.147613525390625,0.056912512407073554,0.0888164158243361,104,52.32850002357736,0.791161060333252,True,18,19,0,6,0,3,6,coast
3c1b0cc0e.jpg,candidates,0.0,0.0013020833333333333,0.0,20,52.547500003129244,0.9248457551002502,True,1,1,0,1,0,1,1,ships
3c279e5f6.jpg,candidates,0.0,0.001636081271701389,0.0,4,53.07539997738786,0.9416377544403076,True,0,1,0,1,0,1,1,ships
3c2952f27.jpg,candidates,0.0,0.0017852783203125,0.0,5,54.68939998536371,0.9655969142913818,True,0,1,0,1,0,1,1,ships
3c2b7c0a3.jpg,empty_sea,0.0,0.0,0.0,0,51.941600017016754,0.6523756980895996,True,0,0,0,0,0,0,0,empty
3c2d3f333.jpg,candidates,0.0,0.0032806396484375,0.0,13,51.91280000144616,0.9788966774940491,True,1,5,1,4,0,4,4,ships
3c35ac79f.jpg,candidates,0.0,0.034734090169270836,0.0,133,52.01220000162721,0.028889097273349762,False,0,0,0,0,0,0,0,empty
3c5ec62f9.jpg,candidates,0.0,0.0003102620442708333,0.0,29,53.37080001481809,0.513555645942688,True,0,0,0,0,0,0,0,empty
3c6d1cf3a.jpg,candidates,0.0,0.00026618109809027775,0.0,2,52.441899984842166,0.5583043098449707,True,0,3,0,3,0,1,2,ships
3c7a7aa6a.jpg,candidates,0.0,0.045298258463541664,0.0,47,54.65090001234785,0.28224557638168335,True,0,0,0,0,0,0,0,empty
3c7ca5044.jpg,candidates,0.0,0.002200656467013889,0.0,12,52.757800003746524,0.2847060561180115,True,2,1,0,1,0,1,1,ships
3c85119cc.jpg,candidates,0.0,0.023500230577256944,0.033545600043402776,61,52.893799991579726,0.8777724504470825,True,0,2,0,2,0,2,2,ships
3c8bdfdb3.jpg,candidates,0.0,0.0205535888671875,0.0,15,53.11150001944043,0.9768954515457153,True,0,1,0,1,0,1,1,ships
3c95ba2f3.jpg,candidates,0.0,6.103515625e-05,0.0,23,54.5200000051409,0.16764934360980988,True,0,1,0,1,0,1,1,ships
3c9a4b6ad.jpg,candidates,0.0,0.0,0.0,1,52.601999981561676,0.1586845964193344,True,0,0,0,0,0,0,0,empty
3c9e785ff.jpg,land_coast,0.0,0.2957746717664931,0.0,0,54.38629997661337,0.08350391685962677,False,0,0,0,0,0,0,0,coast
3c9ffb788.jpg,candidates,0.0,0.0005527072482638889,0.0,8,55.223200004547834,0.024991000071167946,False,1,2,0,2,0,0,1,ships
3cab5b14f.jpg,land_coast,0.014573838975694444,0.0018052949543565303,0.14450329267088363,7,51.47219999344088,0.6860153675079346,True,0,1,0,1,0,1,1,coast
3cad31947.jpg,candidates,0.0,0.00039503309461805556,0.0,5,54.1261000034865,0.9174554347991943,True,0,1,0,1,0,1,1,ships
3cbe7318f.jpg,candidates,0.0150604248046875,0.00037505682024408074,0.0,31,53.2351000001654,0.2061799168586731,True,0,9,0,4,0,0,5,ships
3cc1bdaa3.jpg,candidates,0.0,0.00016954210069444444,0.0,16,51.132199994754046,0.5907368659973145,True,2,2,0,0,0,0,1,ships
3cdac0854.jpg,candidates,0.0,0.001934475368923611,0.012022230360243056,9,53.98239998612553,0.9714644551277161,True,1,1,0,1,0,1,1,ships
3cdd4ef66.jpg,land_coast,0.0,0.002544826931423611,0.09453837076822917,40,51.91069998545572,0.947357714176178,True,2,1,0,1,0,1,1,coast
3cf5ff5b2.jpg,candidates,0.0,2.2040473090277777e-05,0.0,29,53.822899993974715,0.1029701977968216,False,0,0,0,0,0,0,0,empty
3cf898015.jpg,empty_sea,0.0,0.0,0.0,0,52.33750000479631,0.20017069578170776,True,0,0,0,0,0,0,0,empty
3cf8e3abb.jpg,candidates,0.0,3.729926215277778e-05,0.0,2,53.21340000955388,0.6194665431976318,True,0,2,0,1,0,1,1,ships
3cff25c03.jpg,candidates,0.0,0.006323920355902778,0.0,118,54.0915000019595,0.5478717088699341,True,0,2,0,1,0,0,1,ships
3d04d0e48.jpg,candidates,0.0,0.002200656467013889,0.0,6,53.99669997859746,0.916061520576477,True,4,5,0,2,0,1,2,ships
3d077d28f.jpg,land_coast,0.0,0.0023668077256944445,0.08069864908854167,6,57.045599998673424,0.7712154984474182,True,2,2,0,1,0,0,1,coast
3d13f18ac.jpg,candidates,0.0,0.0015309651692708333,0.0,3,51.67070002062246,0.6421140432357788,True,0,1,0,1,0,1,1,ships
3d192187a.jpg,candidates,0.0,0.0028584798177083335,0.0,13,51.90230000880547,0.9999771118164062,True,0,17,0,11,0,9,11,ships
3d2f841a8.jpg,land_coast,0.0,0.038909912109375,0.2553948296440972,63,53.246499999659136,0.957133948802948,True,12,3,2,1,2,1,1,coast
3d37aa292.jpg,candidates,0.0,0.0,0.012858072916666666,18,51.82550000608899,0.11719992756843567,False,0,0,0,0,0,0,0,empty
3d3aebc0a.jpg,land_coast,0.0,0.3483564588758681,0.0,0,55.860300024505705,0.704513430595398,True,0,1,0,1,0,1,1,coast
3d51043d5.jpg,candidates,0.0,0.03767564561631945,0.018210517035590276,129,53.68699997779913,0.6156710386276245,True,11,12,1,4,0,4,7,ships
3d6039ae2.jpg,candidates,0.0,0.06806267632378472,0.019387139214409724,5,52.411099983146414,0.04327945411205292,False,0,0,0,0,0,0,0,empty
3d61b732b.jpg,candidates,0.0,0.0014665391710069445,0.051796807183159724,40,52.966799994464964,0.9655313491821289,True,1,4,1,2,1,2,2,ships
3d6cccde2.jpg,candidates,0.0,0.0181427001953125,0.0,1,52.021300012711436,0.562182605266571,True,0,1,0,1,0,1,1,ships
3d75d9cf8.jpg,candidates,0.0,0.004021538628472222,0.0,6,51.79980001412332,0.9546268582344055,True,0,2,0,1,0,1,1,ships
3d7e3902d.jpg,land_coast,0.0,0.2925974527994792,0.0,0,56.48130000918172,0.19609540700912476,True,4,0,0,0,0,0,1,coast
3d9a26f9c.jpg,candidates,0.0,0.0010698106553819445,0.0,2,51.69140000361949,0.8318207859992981,True,0,1,0,1,0,1,1,ships
3da46e885.jpg,candidates,0.0,0.07567681206597222,0.029318915473090276,30,53.762099996674806,0.9997398257255554,True,2,4,0,4,0,4,4,ships
3dce18ae2.jpg,land_coast,0.0,0.3124542236328125,0.0,27,53.61329999868758,0.9127743244171143,True,0,3,0,2,0,2,2,coast
3dce4a975.jpg,candidates,0.0,0.00042046440972222225,0.0,4,52.45380001724698,0.3943748474121094,True,1,1,0,1,0,1,1,ships
3dd50f6b4.jpg,candidates,0.0,7.459852430555556e-05,0.0,20,52.12010000832379,0.12269584834575653,False,0,0,0,0,0,0,0,empty
3dd9e6aab.jpg,land_coast,0.032923380533854164,0.18667758793329772,0.01932038113569379,4,54.14970000856556,0.033754777163267136,False,0,0,0,0,0,0,0,coast
3de9473c0.jpg,land_coast,0.0,0.2929755316840278,0.0,20,53.39840002125129,0.8985682129859924,True,0,1,0,1,0,1,1,coast
3de9ff590.jpg,candidates,0.0,0.001208835177951389,0.0,7,52.875800000038,0.9847768545150757,True,0,7,0,4,0,4,4,ships
3df6ef309.jpg,candidates,0.0,0.002410888671875,0.0,13,53.134099987801164,0.9201620817184448,True,0,1,0,1,0,1,1,ships
3df7a5277.jpg,candidates,0.0,0.0004425048828125,0.0,1,54.998100007651374,0.8204711079597473,True,0,1,0,1,0,1,1,ships
3e0086c9e.jpg,land_coast,0.0,0.08175828721788195,0.19939676920572916,50,52.56919999374077,0.9979415535926819,True,7,1,3,1,2,1,1,coast
3e0dd9c9b.jpg,land_coast,0.0,0.2780507405598958,0.0,10,54.23700000392273,0.6759508848190308,True,0,1,0,1,0,1,1,coast
3e2a5fd08.jpg,candidates,0.0,0.001312255859375,0.0,21,53.29650000203401,0.13961787521839142,True,0,0,0,0,0,0,0,empty
3e3e2b503.jpg,empty_sea,0.0,0.00015767415364583334,0.0,0,53.79959999118,0.13622614741325378,True,0,0,0,0,0,0,0,empty
3e473fcce.jpg,candidates,0.0,0.002093844943576389,0.0,14,53.8529000186827,0.8971880674362183,True,0,2,0,2,0,2,2,ships
3e4e7490d.jpg,land_coast,0.0,0.1809624565972222,0.0,8,52.53809998976067,0.11193463206291199,False,0,1,0,1,0,1,1,coast
3e6d5f010.jpg,land_coast,0.0,0.1691962348090278,0.0,12,53.074600000400096,0.3502429723739624,True,0,0,0,0,0,0,4,coast
3e7ef0b6d.jpg,candidates,0.0,0.0885196261935764,0.0,72,52.10560001432896,0.4732856750488281,True,3,0,0,0,0,0,0,empty
3e9201e47.jpg,empty_sea,0.0,0.0034535725911458335,0.011608547634548612,0,54.23310000333004,0.97121262550354,True,0,1,0,1,0,1,1,ships
3e93c193f.jpg,candidates,0.6630198160807291,0.027572288801378613,0.0,11,48.34619999746792,0.7035331130027771,True,0,1,0,0,0,0,2,ships
3ea250275.jpg,candidates,0.0,0.006812201605902778,0.0,58,53.39590000221506,0.9280886054039001,True,7,1,0,1,0,1,1,ships
3eb941d75.jpg,candidates,0.0,0.006549411349826389,0.0,45,53.042299987282604,0.9767009615898132,True,0,2,0,1,0,1,1,ships
3ec4320cf.jpg,candidates,0.0,0.0456390380859375,0.0592193603515625,70,53.79299999913201,0.9832419157028198,True,1,1,1,1,0,1,1,ships
3ec985aaa.jpg,land_coast,0.0,0.01806640625,0.12750244140625,77,52.05320002278313,0.9609171748161316,True,2,5,1,2,0,2,3,coast
3ec9cde7f.jpg,candidates,0.0,0.012861463758680556,0.04838901095920139,13,51.83409998426214,1.0,True,4,4,0,4,0,4,4,ships
3ed1d45b4.jpg,candidates,0.0,0.0018480088975694445,0.0,60,54.055699991295114,0.13664816319942474,True,0,0,0,0,0,0,0,empty
3ed47493a.jpg,candidates,0.0,0.001422458224826389,0.0,38,51.85290001099929,0.8719620704650879,True,10,11,2,7,1,6,6,ships
3ed913d43.jpg,land_coast,0.0,0.2884860568576389,0.0,5,54.165199981071055,0.7345970273017883,True,4,1,1,1,1,1,1,coast
3ee37a460.jpg,candidates,0.0,9.1552734375e-05,0.0,11,52.09059998742305,0.8825609683990479,True,0,1,0,1,0,1,1,ships
3efc950a3.jpg,land_coast,0.0,0.14554002549913195,0.04256015353732639,87,55.55910000111908,0.6125090718269348,True,2,1,0,1,0,1,1,coast
3f0ae1e0c.jpg,candidates,0.018614027235243056,0.04806127133853667,0.011260556228000613,59,53.285100002540275,0.9577937722206116,True,2,2,2,0,2,0,1,ships
3f17d6902.jpg,candidates,0.0,0.00017462836371527778,0.011572943793402778,43,53.89199999626726,0.3071277439594269,True,0,0,0,0,0,0,0,empty
3f477dc12.jpg,candidates,0.0,0.09393310546875,0.0,27,54.96489998768084,0.9015393257141113,True,0,2,0,1,0,1,1,ships
3f4e1ce2b.jpg,candidates,0.0,0.0003102620442708333,0.0,1,53.24909999035299,0.8103316426277161,True,0,1,0,1,0,1,1,ships
3f5e476cd.jpg,candidates,0.0,0.0018937852647569445,0.0,6,52.983100002165884,0.9737996459007263,True,0,1,0,1,0,1,1,ships
3f5fd01f4.jpg,candidates,0.0,0.00046454535590277775,0.0,8,53.14470001030713,0.7741228938102722,True,1,1,0,1,0,1,1,ships
3f6b248e9.jpg,candidates,0.0,0.039147271050347224,0.0,87,52.33959999168292,0.21296772360801697,True,0,0,0,0,0,0,0,empty
3f6be30d7.jpg,candidates,0.0,0.004118177625868056,0.0,99,53.86849999194965,0.07364892214536667,False,0,0,0,0,0,0,0,empty
3f8219477.jpg,land_coast,0.0,0.3144107394748264,0.0,14,56.341699993936345,0.9685648083686829,True,0,1,0,1,0,1,1,coast
3fad94568.jpg,land_coast,0.0,0.2364162868923611,0.0,2,54.0356999845244,0.9185701012611389,True,0,2,0,2,0,2,2,coast
3fc0a74ab.jpg,candidates,0.0,3.5603841145833336e-05,0.0,1,53.85289998957887,0.7429598569869995,True,0,1,0,1,0,1,1,ships
3fd3e6246.jpg,land_coast,0.0,0.19265577528211805,0.06432257758246528,13,55.75579998549074,0.9912998080253601,True,0,1,0,1,0,1,1,coast
3fd4eb711.jpg,land_coast,0.0,0.20543077256944445,0.0,8,55.18120000488125,0.6365485191345215,True,6,4,0,2,0,0,1,coast
3fe17e276.jpg,land_coast,0.0,0.007826063368055556,0.15924580891927084,27,53.42240000027232,0.9925010800361633,True,1,6,0,4,0,4,4,coast
3fe82fd2e.jpg,land_coast,0.0034620496961805555,0.25973492435542295,0.0,28,55.12609999277629,0.5755335688591003,True,0,1,0,1,0,1,1,coast
3ff475406.jpg,land_coast,0.0,0.38055419921875,0.0,8,58.62749999505468,0.4761134088039398,True,2,4,0,0,0,0,1,coast
3ffc3a555.jpg,candidates,0.0,0.0014936659071180555,0.0,1,51.725099998293445,0.9354469180107117,True,0,1,0,1,0,1,2,ships
40034f94f.jpg,land_coast,0.0,0.2996673583984375,0.0,0,55.23999998695217,0.13508029282093048,True,0,0,0,0,0,0,1,coast
40099a5a6.jpg,candidates,0.0,0.0032365587022569445,0.0,11,55.51740000373684,0.9690614938735962,True,4,14,1,7,0,2,5,ships
4021b56d6.jpg,land_coast,0.0,0.1466437445746528,0.0,11,55.40280000423081,0.4538154900074005,True,0,0,0,0,0,0,0,coast
402677695.jpg,land_coast,0.0,0.0010782877604166667,0.10892232259114583,57,51.88849999103695,0.06620576232671738,False,0,0,0,0,0,0,0,coast
402a1d27f.jpg,candidates,0.0,5.9339735243055555e-05,0.0,1,51.73859998467378,0.5845330357551575,True,0,1,0,1,0,1,1,ships
402b8c1f8.jpg,candidates,0.0,0.0002780490451388889,0.0,14,51.77589997765608,0.8923162817955017,True,0,1,0,1,0,1,1,ships
402fa9eb2.jpg,land_coast,0.0,0.1994967990451389,0.019865247938368056,17,57.78549998649396,0.9834523797035217,True,0,1,0,1,0,1,1,coast
4030513da.jpg,candidates,0.0,0.009614732530381944,0.0308990478515625,82,53.784399991855025,0.9618956446647644,True,0,1,0,1,0,1,1,ships
403213db3.jpg,candidates,0.0,0.0007561577690972222,0.0,16,53.91459999373183,0.8043442964553833,True,0,1,0,1,0,1,1,ships
403351dad.jpg,candidates,0.0,0.002834743923611111,0.0,19,55.87089998880401,0.41306424140930176,True,0,1,0,1,0,1,1,ships
403acf5c0.jpg,candidates,0.0,0.0008663601345486111,0.0,14,53.22790000354871,0.7787543535232544,True,0,3,0,2,0,1,2,ships
406e8cc87.jpg,candidates,0.0,4.916720920138889e-05,0.0,5,52.17909999191761,0.14437055587768555,True,1,2,0,0,0,0,1,ships
4071187d0.jpg,candidates,0.0,0.0,0.0,3,52.06970000290312,0.10854098945856094,False,0,0,0,0,0,0,0,empty
4073a7e1e.jpg,candidates,0.0,0.002600775824652778,0.0,15,52.966399991419166,0.5410344004631042,True,0,1,0,1,0,1,1,ships
4073b0eb1.jpg,candidates,0.0,0.0,0.0,3,51.12710001412779,0.7929277420043945,True,0,2,0,2,0,2,2,ships
4074ff463.jpg,land_coast,0.0,0.06480238172743055,0.15069410536024305,53,51.901300001190975,0.9999562501907349,True,3,3,0,3,0,3,3,coast
407f39acc.jpg,candidates,0.0,0.059395684136284724,0.0,22,53.516399988438934,0.0689370185136795,False,0,3,0,1,0,0,1,ships
4084a2c92.jpg,candidates,0.0,0.007010565863715278,0.0,20,51.501300011295825,0.4679153263568878,True,0,1,0,1,0,1,1,ships
4086a8dfc.jpg,candidates,0.0,0.000995212131076389,0.0,5,52.809599990723655,0.9936136603355408,True,0,2,0,2,0,2,2,ships
4089f465e.jpg,candidates,0.0,0.004085964626736111,0.0,19,51.242200017441064,0.999980092048645,True,1,15,0,13,0,10,13,ships
409f8725a.jpg,candidates,0.0,0.0027177598741319445,0.0,16,52.77780001051724,0.9975208640098572,True,0,3,0,3,0,3,3,ships
40a0415ef.jpg,land_coast,0.0,0.23272705078125,0.0,11,55.51000000559725,0.24930821359157562,True,0,6,0,2,0,0,1,coast
40a063a6b.jpg,candidates,0.0,0.0007154676649305555,0.0,6,51.74019999685697,0.9572665095329285,True,1,5,0,4,0,3,4,ships
40a3703ec.jpg,land_coast,0.0,0.3007829454210069,0.0,5,54.40360002103262,0.8737328052520752,True,3,1,0,0,0,0,1,coast
40b08613e.jpg,candidates,0.0,0.0016004774305555555,0.0,74,52.8078000061214,0.14619414508342743,True,0,0,0,0,0,0,0,empty
40b41aee6.jpg,empty_sea,0.0,0.0,0.0,0,51.059699995676056,0.11320333182811737,False,0,0,0,0,0,0,0,empty
40b66f998.jpg,candidates,0.0,0.0028127034505208335,0.010199652777777778,4,52.128000010270625,0.9985241293907166,True,0,4,0,2,0,2,2,ships
40bc60e5d.jpg,land_coast,0.0,0.2460513644748264,0.0,10,52.4157999898307,0.760660707950592,True,1,3,0,3,0,1,1,coast
40c7b07b4.jpg,land_coast,0.0,0.281005859375,0.0,0,57.41779998061247,0.3816910684108734,True,0,0,0,0,0,0,0,coast
40cb96d56.jpg,candidates,0.0,0.0034434000651041665,0.0,10,52.17360000824556,0.9842698574066162,True,1,9,0,3,0,2,3,ships
40d8f1fb5.jpg,candidates,0.0,0.00046624077690972225,0.03369310167100695,18,54.923899995628744,0.2561602294445038,True,0,2,0,1,0,0,1,ships
40e97d711.jpg,candidates,0.0,0.0001983642578125,0.0,1,53.316100005758926,0.5865390300750732,True,0,3,0,2,0,0,1,ships
40f0e9509.jpg,candidates,0.0,0.0010087754991319445,0.0,19,52.483800012851134,0.768754243850708,True,0,2,0,2,0,1,1,ships
410251d55.jpg,candidates,0.0,0.0,0.0,3,51.78460001479834,0.8000501394271851,True,0,5,0,4,0,3,3,ships
4112f51e4.jpg,land_coast,0.0,0.20626661512586805,0.0,1,56.36659997981042,0.1028786152601242,False,0,0,0,0,0,0,0,coast
41150fe77.jpg,candidates,0.0,0.002326117621527778,0.0,17,55.188999976962805,0.9697837233543396,True,0,2,0,2,0,2,2,ships
413d8c1b7.jpg,land_coast,0.0,0.2555491129557292,0.08840094672309028,21,53.8994999951683,0.7683382034301758,True,0,0,0,0,0,0,1,coast
4140138cd.jpg,candidates,0.0,0.003536648220486111,0.03457980685763889,9,52.181300008669496,0.9989197254180908,True,1,2,0,2,0,0,1,ships
414a15420.jpg,candidates,0.04956224229600695,0.0022609068324786078,0.011297270204698328,14,49.96279999613762,0.1529468446969986,True,1,0,0,0,0,0,1,ships
414aadda5.jpg,candidates,0.0,0.030117458767361112,0.0,59,53.262899979017675,0.14464853703975677,True,0,0,0,0,0,0,0,empty
414da43c6.jpg,candidates,0.0,0.0027313232421875,0.0,3,53.811100020539016,0.9795800447463989,True,0,3,0,2,0,2,2,ships
4151943b9.jpg,candidates,0.0,0.004442003038194444,0.0,11,53.31829999340698,0.9991820454597473,True,2,4,0,4,0,4,4,ships
4163827ad.jpg,candidates,0.0,0.004341973198784722,0.026689317491319444,34,52.58509999839589,0.956475019454956,True,2,1,0,1,0,1,1,ships
417e6c55e.jpg,land_coast,0.0,0.21945359971788195,0.0,1,53.50059998454526,0.6964516639709473,True,0,0,0,0,0,0,0,coast
41841b013.jpg,cloud,0.99224853515625,0.0,0.0,0,33.33500001463108,0.5231998562812805,True,0,3,0,2,0,2,2,cloud
418943434.jpg,land_coast,0.5964219835069444,0.26574652268987126,0.0,0,50.40290000033565,0.4593809247016907,True,0,2,0,1,0,0,1,coast
418baabc2.jpg,candidates,0.0,0.049774169921875,0.010801527235243056,47,52.513100003125146,0.9977691173553467,True,5,3,0,3,0,3,3,ships
41936fbd5.jpg,candidates,0.0,0.0005306667751736111,0.0,2,51.5882000036072,0.7771528959274292,True,0,2,0,2,0,2,2,ships
4193b8be1.jpg,land_coast,0.0,0.3046332465277778,0.0,4,57.80330000561662,0.9654877185821533,True,0,1,0,1,0,1,1,coast
41aceadf8.jpg,candidates,0.0,0.0017293294270833333,0.0,13,52.872500004014,0.8766123652458191,True,1,10,0,4,0,0,3,ships
41aec10e5.jpg,candidates,0.0,0.0009697808159722222,0.03575473361545139,44,51.9481000083033,0.030434679239988327,False,0,0,0,0,0,0,0,empty
41b682e28.jpg,land_coast,0.0,0.2782338460286458,0.0,5,58.759900013683364,0.6692817807197571,True,0,3,0,3,0,3,3,coast
41ccfe7e1.jpg,candidates,0.0,0.00017632378472222222,0.0,3,51.72889999812469,0.8668283224105835,True,0,6,0,4,0,1,4,ships
41d658e5b.jpg,candidates,0.0,0.03955247667100695,0.0,67,51.57619999954477,0.03441881388425827,False,0,0,0,0,0,0,0,empty
41dd57ede.jpg,candidates,0.0,0.005822075737847222,0.06834581163194445,33,52.856900001643226,0.9713051319122314,True,4,1,1,1,1,1,2,ships
41ebf903d.jpg,candidates,0.0,0.00023735894097222222,0.030687120225694444,36,53.82520001148805,0.172454372048378,True,0,0,0,0,0,0,0,empty
41ee21436.jpg,land_coast,0.0,0.1613430447048611,0.0267486572265625,64,55.84359998465516,0.9698030352592468,True,5,4,1,3,1,3,3,coast
41f15a6e7.jpg,candidates,0.0,0.031348334418402776,0.011423746744791666,23,52.8383000055328,0.8610442280769348,True,0,1,0,1,0,1,1,ships
41fddc5eb.jpg,candidates,0.0,0.005703396267361111,0.0,12,53.33009999594651,0.752974808216095,True,1,2,1,1,0,0,1,ships
41fff9476.jpg,candidates,0.0,0.00012037489149305556,0.0,2,51.34609999367967,0.7774993181228638,True,0,1,0,1,0,1,1,ships
420234b88.jpg,candidates,0.0,0.004809909396701389,0.0,23,51.01480000303127,0.9678534269332886,True,1,4,1,3,1,3,3,ships
420a7681c.jpg,candidates,0.0,0.012990315755208334,0.0,5,52.665900002466515,0.09930124878883362,False,0,0,0,0,0,0,0,empty
421ab75e7.jpg,candidates,0.0,0.0013342963324652778,0.0,15,52.927999990060925,0.9290961027145386,True,0,2,0,2,0,2,2,ships
42232696d.jpg,candidates,0.0,0.0,0.0,2,52.209400018909946,0.5703047513961792,True,0,1,0,1,0,1,1,ships
4236073e2.jpg,land_coast,0.028895060221354168,0.16543938984284848,0.28258998704688393,151,54.23300000256859,0.7553535103797913,True,10,10,1,5,0,3,10,coast
4247cc4ab.jpg,candidates,0.0,0.04535081651475695,0.0,42,51.89920001430437,0.8788565993309021,True,12,19,0,13,0,5,13,ships
426fd7245.jpg,land_coast,0.0,0.2974582248263889,0.0,1,57.80899999081157,0.09130789339542389,False,0,0,0,0,0,0,0,coast
427ac1c45.jpg,candidates,0.0,0.0017310248480902778,0.0,1,52.281999989645556,0.9964698553085327,True,0,1,0,1,0,1,1,ships
429638fa2.jpg,candidates,0.0,0.04181077745225695,0.07798936631944445,62,54.06510000466369,0.9998778104782104,True,2,1,2,1,1,1,2,ships
429756fba.jpg,land_coast,0.0,0.1457604302300347,0.0,59,53.503100003581494,0.9986163377761841,True,0,5,0,5,0,5,5,coast
42b5c9d2a.jpg,candidates,0.0,0.0015428331163194445,0.036231146918402776,29,50.748800014844164,0.934398353099823,True,0,2,0,2,0,2,2,ships
42bee6533.jpg,candidates,0.0,0.001369900173611111,0.0,4,51.23559999628924,0.9236029386520386,True,1,15,0,13,0,9,12,ships
42c71fb45.jpg,candidates,0.0,0.0004170735677083333,0.0,5,53.40550001710653,0.8059382438659668,True,0,3,0,3,0,3,4,ships
42d5ffa51.jpg,candidates,0.0,0.00031873914930555556,0.0,37,52.6491999917198,0.8180909156799316,True,0,5,0,3,0,0,1,ships
42f272b67.jpg,land_coast,0.0,0.19781494140625,0.0,91,54.782999999588355,0.9793724417686462,True,1,5,0,1,0,1,4,coast
42f3a4bc5.jpg,candidates,0.0,0.001068115234375,0.0,11,52.13180001010187,0.9344163537025452,True,0,1,0,1,0,1,1,ships
42fc3e103.jpg,candidates,0.0,0.00015767415364583334,0.0,3,52.89890000130981,0.4707927703857422,True,0,1,0,1,0,1,1,ships
43074326f.jpg,candidates,0.0,0.0015343560112847222,0.0,7,52.29620001045987,0.800324559211731,True,0,1,0,1,0,1,1,ships
431a404fd.jpg,land_coast,0.0696292453342014,0.3110265486399194,0.0,22,55.53049998707138,0.5764306783676147,True,0,2,0,1,0,1,1,coast
43215f9bc.jpg,candidates,0.6487664116753472,0.02061512700093705,0.0,16,49.830100004328415,0.8414388298988342,True,2,5,0,1,0,0,1,ships
433595bed.jpg,candidates,0.0,0.0015207926432291667,0.0,4,53.61780000384897,0.8037709593772888,True,1,2,0,1,0,0,1,ships
43374827b.jpg,land_coast,0.0,0.18147786458333334,0.0,63,55.547500000102445,0.7486922144889832,True,0,1,0,1,0,1,1,coast
433898bef.jpg,candidates,0.0,0.0015614827473958333,0.0,8,54.988799995044246,0.9900582432746887,True,0,2,0,2,0,2,2,ships
4342978a3.jpg,candidates,0.0,0.00043402777777777775,0.0,2,54.467700014356524,0.9143896698951721,True,0,1,0,1,0,1,1,ships
4344dc460.jpg,candidates,0.0,0.014812893337673612,0.024285210503472224,21,54.44450001232326,0.9791260957717896,True,1,1,0,1,0,1,1,ships
4350e9b0f.jpg,candidates,0.0,0.0002950032552083333,0.0,2,51.63139998330735,0.6676966547966003,True,1,1,0,1,0,1,1,ships
435714c96.jpg,candidates,0.0,0.016350640190972224,0.0680508083767361,37,53.04410000098869,0.9964068531990051,True,18,8,5,6,4,5,6,ships
4385255d9.jpg,candidates,0.0,0.0078125,0.0302734375,32,55.00500000198372,0.7274006009101868,True,0,1,0,1,0,1,1,ships
438ed403a.jpg,candidates,0.022467719184027776,0.0038382893791043524,0.0636702420913792,36,52.19120002584532,0.9995954632759094,True,4,5,0,5,0,5,6,ships
4390a9651.jpg,candidates,0.0,0.09468756781684028,0.0,50,52.698600018629804,0.6111443638801575,True,1,2,1,2,1,2,3,ships
43ab0c4e5.jpg,land_coast,0.0,0.3127848307291667,0.0,5,54.105999995954335,0.7432206273078918,True,2,3,0,2,0,1,1,coast
43b30620e.jpg,candidates,0.0,0.001495361328125,0.0,12,54.49079998652451,0.8865451216697693,True,1,4,0,2,0,1,2,ships
43bfbfa50.jpg,candidates,0.0,0.002265082465277778,0.0,19,54.71160000888631,0.999411940574646,True,12,3,1,2,0,1,2,ships
43c11e6f8.jpg,land_coast,0.0,0.2880316840277778,0.0,0,55.027700000209734,0.31590694189071655,True,0,0,0,0,0,0,0,coast
43cee3daa.jpg,candidates,0.0,5.255805121527778e-05,0.0,1,51.24689999502152,0.41955795884132385,True,0,1,0,1,0,1,1,ships
43d10723a.jpg,candidates,0.0,0.09362623426649305,0.0,66,54.759299993747845,0.06398085504770279,False,0,1,0,1,0,1,1,ships
43e9a0907.jpg,candidates,0.06391398111979167,0.11486689276388848,0.01186260091839491,33,55.12710000039078,0.7848528027534485,True,0,1,0,1,0,1,1,ships
43f4acdc2.jpg,candidates,0.0,0.0016309950086805555,0.0,5,52.135199977783486,0.9840286374092102,True,0,1,0,1,0,1,1,ships
4402f513e.jpg,candidates,0.0,0.00048658582899305556,0.0,2,52.71049999282695,0.9730972051620483,True,1,2,0,2,0,2,2,ships
441b224b9.jpg,candidates,0.0,0.015903049045138888,0.0,75,52.47439999948256,0.8243643641471863,True,0,1,0,1,0,1,1,ships
441b3befd.jpg,candidates,0.0,0.0036790635850694445,0.019246419270833332,39,54.233400005614385,0.9802238941192627,True,0,3,0,3,0,3,3,ships
441cf4d9c.jpg,candidates,0.0,0.0015021430121527778,0.012240939670138888,16,53.89460001606494,0.9575499892234802,True,0,1,0,1,0,1,1,ships
44286579d.jpg,candidates,0.0,0.03336927625868055,0.0,43,53.35979998926632,0.5067364573478699,True,0,1,0,1,0,1,1,ships
44332fe33.jpg,candidates,0.0,0.028094821506076388,0.0,5,53.49649998242967,0.6608747839927673,True,0,1,0,1,0,1,1,ships
443d09a36.jpg,land_coast,0.0,0.2622850206163194,0.0,2,54.05499998596497,0.6177040934562683,True,0,1,0,1,0,1,1,coast
444db3028.jpg,candidates,0.0,0.011237250434027778,0.0,36,52.879399998346344,0.9957226514816284,True,1,4,0,3,0,3,7,ships
4482d89c5.jpg,candidates,0.0,0.004677666558159722,0.013297186957465278,34,65.51349998335354,0.9990736246109009,True,2,1,0,1,0,0,1,ships
448dd8e9a.jpg,candidates,0.0,0.0009579128689236111,0.0,4,51.66349999490194,0.9978628754615784,True,0,2,0,2,0,2,2,ships
449145852.jpg,candidates,0.0,0.002846611870659722,0.0,11,51.2905000068713,0.995273768901825,True,6,8,0,1,0,0,4,ships
449638e41.jpg,candidates,0.0,0.0,0.0,2,51.01500000455417,0.6660878658294678,True,2,1,1,1,1,0,2,ships
44a897282.jpg,candidates,0.0,0.0037180582682291665,0.0118408203125,2,51.00759997731075,0.9961457252502441,True,0,2,0,2,0,2,2,ships
44aa7e83a.jpg,land_coast,0.0,0.3560909695095486,0.0,1,53.90659999102354,0.9055349826812744,True,0,1,0,1,0,1,2,coast
44bd37e8d.jpg,land_coast,0.1904296875,0.12999984813608742,0.04967251631994689,0,51.28020001575351,0.01932215876877308,False,0,0,0,0,0,0,0,coast
44c592564.jpg,candidates,0.0,0.0005374484592013889,0.0,1,52.55939997732639,0.9223304390907288,True,0,1,0,1,0,1,1,ships
44e36ac80.jpg,land_coast,0.0,0.3392486572265625,0.0,0,54.67729998053983,0.9428184032440186,True,0,1,0,1,0,1,1,coast
44e39b2e3.jpg,candidates,0.0,0.0001983642578125,0.0,1,53.56460000621155,0.5823540091514587,True,0,3,0,2,0,0,1,ships
44e67acb0.jpg,candidates,0.0,0.0020395914713541665,0.0,23,53.16000001039356,0.8531882762908936,True,0,1,0,1,0,1,1,ships
44f2c0a33.jpg,candidates,0.0,0.06635877821180555,0.0,1,53.33939997944981,0.003788800211623311,False,0,0,0,0,0,0,0,empty
45175b8f5.jpg,candidates,0.0,0.0,0.0,1,53.14100001123734,0.09861496835947037,False,0,0,0,0,0,0,0,empty
452350dfd.jpg,land_coast,0.0,0.03897264268663195,0.13828023274739584,70,53.50119998911396,0.9998190999031067,True,6,7,0,3,0,0,2,coast
45647fe43.jpg,empty_sea,0.0,0.0,0.0,0,53.37629999849014,0.5401676893234253,True,0,0,0,0,0,0,0,empty
457473d8e.jpg,land_coast,0.0,0.23724365234375,0.0,5,53.132400003960356,0.6376745700836182,True,0,3,0,0,0,0,1,coast
457ccfd29.jpg,land_coast,0.0,0.301910400390625,0.0,8,56.200799997895956,0.8250768184661865,True,0,3,0,3,0,2,2,coast
4584a6187.jpg,candidates,0.0,0.003750271267361111,0.0,25,52.872500004014,0.8976030945777893,True,1,1,0,1,0,1,1,ships
4589cba92.jpg,candidates,0.0,0.0010172526041666667,0.0,40,51.88469999120571,0.7845062613487244,True,0,1,0,1,0,1,1,ships
458aba0b4.jpg,land_coast,0.0,0.15596177842881945,0.010338677300347222,0,56.16629999713041,0.5758026242256165,True,0,3,0,0,0,0,1,coast
45971ad97.jpg,candidates,0.0,0.0034637451171875,0.0,2,53.307499998481944,0.6749085783958435,True,0,2,0,1,0,1,1,ships
45977598b.jpg,empty_sea,0.0,0.0,0.0,0,50.64370000036433,0.133560448884964,True,0,0,0,0,0,0,0,empty
459de5394.jpg,land_coast,0.0,0.0018310546875,0.18549601236979166,68,52.24749998888001,0.629014253616333,True,0,2,0,1,0,1,1,coast
45a321911.jpg,land_coast,0.0,0.2349514431423611,0.0,6,58.99499999941327,0.08907949924468994,False,0,0,0,0,0,0,0,coast
45a3d8946.jpg,candidates,0.0,0.05070834689670139,0.0,5,52.90410001180135,0.0541808120906353,False,1,8,0,0,0,0,2,ships
45bb159c6.jpg,land_coast,0.0,0.2888641357421875,0.0,11,54.40590000944212,0.7622908353805542,True,0,1,0,1,0,1,1,coast
45c3dffcd.jpg,candidates,0.0,0.0023057725694444445,0.0,11,53.66180001874454,0.9983918070793152,True,0,1,0,1,0,1,1,ships
45e9ff7f2.jpg,candidates,0.0,9.663899739583333e-05,0.016562567816840276,12,52.225699997507036,0.01825432851910591,False,2,0,2,0,0,0,0,empty
45eaace17.jpg,candidates,0.0,0.07061089409722222,0.0,97,54.1226000059396,0.16639162600040436,True,0,0,0,0,0,0,0,empty
45f460faa.jpg,candidates,0.0,0.00035264756944444444,0.0,4,51.57220002729446,0.666016161441803,True,1,1,1,1,1,1,1,ships
45fe47755.jpg,land_coast,0.0,0.028603447808159724,0.2500525580512153,66,52.56270000245422,0.9704681038856506,True,2,20,0,9,0,4,10,coast
460dfa822.jpg,candidates,0.0,0.083160400390625,0.0,14,53.58179999166168,0.46860986948013306,True,0,1,0,1,0,1,1,ships
461f9e3e6.jpg,candidates,0.0,0.007837931315104166,0.0,82,53.568000002996996,0.29718658328056335,True,7,1,1,1,0,1,2,ships
4623c9168.jpg,candidates,0.0,0.007676866319444444,0.0,49,53.32750000525266,0.9647206664085388,True,0,1,0,1,0,1,1,ships
4637d51ca.jpg,candidates,0.0,0.0014936659071180555,0.0,1,50.48589999205433,0.9323043823242188,True,0,1,0,1,0,1,2,ships
463b8e02c.jpg,candidates,0.038123236762152776,0.10147040171210424,0.0669389169654453,19,51.52999999700114,0.275145024061203,True,0,0,0,0,0,0,1,ships
463be5d05.jpg,land_coast,0.0,0.3042195638020833,0.0,3,57.701699988683686,0.9140217900276184,True,2,2,0,2,0,2,2,coast
464a4d12a.jpg,candidates,0.0,0.0,0.0,10,52.05920001026243,0.20124463737010956,True,0,0,0,0,0,0,0,empty
4655f8793.jpg,candidates,0.0,0.006501939561631944,0.0,8,53.07510000420734,0.9801375269889832,True,0,5,0,5,0,5,5,ships
466670bdc.jpg,candidates,0.0,0.0008833143446180555,0.07018873426649305,61,53.43960001482628,0.1576111763715744,True,0,0,0,0,0,0,0,empty
4673287ee.jpg,candidates,0.0,0.0034840901692708335,0.0,8,52.28029997670092,0.9912652373313904,True,0,1,0,1,0,1,1,ships
46738732d.jpg,candidates,0.0,0.007503933376736111,0.019410875108506944,20,55.19680000725202,0.9733077883720398,True,0,1,0,1,0,1,1,ships
4684ece3a.jpg,candidates,0.0,5.255805121527778e-05,0.0,1,53.972800000337884,0.5123951435089111,True,0,1,0,1,0,1,1,ships
46904ccab.jpg,candidates,0.0,0.007804022894965278,0.0,44,54.21060000662692,0.9563936591148376,True,1,4,0,3,0,3,3,ships
469469108.jpg,candidates,0.0,0.0006120469835069445,0.0,1,51.460099988617,0.9032636880874634,True,0,3,0,1,0,1,1,ships
46afb91b4.jpg,candidates,0.0,8.985731336805556e-05,0.0,9,50.97869999008253,0.7401857376098633,True,1,8,0,2,0,0,2,ships
46b3bd9a2.jpg,candidates,0.0,0.011218600802951388,0.0,5,52.99349999404512,0.8241395354270935,True,0,3,0,2,0,1,2,ships
46b90a610.jpg,candidates,0.0,0.0022413465711805555,0.0,15,53.45140001736581,0.8024111390113831,True,0,1,0,1,0,1,1,ships
46c361771.jpg,candidates,0.0,0.00011189778645833333,0.0,40,53.53490001289174,0.6707004904747009,True,1,3,0,1,0,0,1,ships
46cd5b9e0.jpg,candidates,0.0,0.0004221598307291667,0.0,3,52.7730000030715,0.5842819809913635,True,2,2,0,1,0,1,1,ships
46da9ed20.jpg,land_coast,0.0,0.2503729926215278,0.0,0,54.55840000649914,0.4442899227142334,True,0,0,0,0,0,0,1,coast
46dd54208.jpg,candidates,0.0,0.004986233181423611,0.015313042534722222,5,52.347999997437,0.9793480634689331,True,1,2,0,1,0,0,1,ships
46def5bb7.jpg,candidates,0.009645250108506944,0.012118031658637302,0.0,2,52.362200018251315,0.2128356695175171,True,0,0,0,0,0,0,0,empty
46e3b9905.jpg,candidates,0.0,0.0001220703125,0.0,1,49.9497999844607,0.5349903702735901,True,0,4,0,2,0,0,1,ships
46fc11c7e.jpg,candidates,0.0,0.0,0.0,2,50.92089998652227,0.5462894439697266,True,0,0,0,0,0,0,0,empty
470dd8fc3.jpg,candidates,0.0,0.001285129123263889,0.0,10,52.40749998483807,0.8873148560523987,True,1,1,0,1,0,1,1,ships
470e822a3.jpg,candidates,0.0,0.0010630289713541667,0.0,12,52.59059998206794,0.7900838851928711,True,0,1,0,1,0,1,1,ships
471789c33.jpg,land_coast,0.0,0.1864844428168403,0.0,57,53.13759998534806,0.8561475276947021,True,2,15,0,10,0,8,8,coast
4721c48a7.jpg,candidates,0.0,0.00015428331163194444,0.0,3,51.38350001652725,0.5944780707359314,True,6,0,0,0,0,0,0,empty
476c0eca7.jpg,candidates,0.0,0.0022989908854166665,0.0,1,51.6563999990467,0.9294233322143555,True,0,1,0,1,0,1,1,ships
477d7b21a.jpg,candidates,0.0,9.663899739583333e-05,0.0,1,51.824399997713044,0.4813174307346344,True,2,1,0,1,0,1,1,ships
47aecfd34.jpg,land_coast,0.0,0.2963680691189236,0.0,19,54.66379999415949,0.9679683446884155,True,0,6,0,5,0,4,4,coast
47b0f0836.jpg,candidates,0.0,6.273057725694444e-05,0.0,1,51.46529999910854,0.7223429679870605,True,5,5,1,1,0,0,1,ships
47bf505ca.jpg,land_coast,0.0,0.15817769368489584,0.04227871365017361,28,52.29930000496097,0.8731982707977295,True,0,0,0,0,0,0,5,coast
47cede9f5.jpg,land_coast,0.0,0.3090922037760417,0.0,1,56.86250000144355,0.935955822467804,True,1,4,0,3,0,3,4,coast
47df617be.jpg,land_coast,0.0,0.1739010281032986,0.0,18,51.7610999813769,0.6099463701248169,True,0,5,0,1,0,0,1,coast
47f604bcf.jpg,candidates,0.0,0.002575344509548611,0.043848673502604164,16,51.50610001874156,0.9133325815200806,True,0,1,0,1,0,1,1,ships
47f8568e4.jpg,candidates,0.0,0.007459852430555556,0.0,5,55.03899999894202,0.9257697463035583,True,0,3,0,2,0,0,1,ships
4808c9479.jpg,candidates,0.0,0.007115681966145833,0.0,38,51.83730000862852,0.8969053626060486,True,0,1,0,1,0,1,1,ships
4813d4902.jpg,candidates,0.0,0.0005967881944444445,0.0,15,52.64989999704994,0.8763660192489624,True,1,5,0,3,0,2,2,ships
481de4313.jpg,candidates,0.0,0.0014885796440972222,0.0,11,52.462799998465925,0.984160840511322,True,0,3,0,3,0,3,3,ships
481e3da38.jpg,candidates,0.0,0.0003102620442708333,0.0,14,51.431699976092204,0.7896739840507507,True,0,1,0,1,0,1,1,ships
481fab8cc.jpg,candidates,0.0,0.0001220703125,0.0,1,53.06810000911355,0.7912773489952087,True,0,2,0,1,0,0,1,ships
482010962.jpg,land_coast,0.0,0.0904964870876736,0.2792443169487847,53,51.62650000420399,0.9951955676078796,True,9,5,1,4,0,2,3,coast
482794d96.jpg,candidates,0.0,0.0,0.0,1,51.48100000224076,0.41975516080856323,True,0,0,0,0,0,0,0,empty
484068fb7.jpg,candidates,0.0,0.0027414957682291665,0.0,33,52.880500006722286,0.9765534996986389,True,5,6,0,4,0,3,3,ships
484f3b0a2.jpg,candidates,0.0,0.0013834635416666667,0.0,7,52.62309999670833,0.8923947811126709,True,0,5,0,3,0,0,2,ships
487f71148.jpg,candidates,0.0,0.00028313530815972225,0.0,3,51.86080001294613,0.8100911378860474,True,0,3,0,3,0,3,3,ships
48813ea14.jpg,candidates,0.0,0.06818135579427083,0.06322733561197917,55,53.989000007277355,0.9795340299606323,True,0,3,0,1,0,1,1,ships
48832940c.jpg,land_coast,0.0,0.04999966091579861,0.148651123046875,20,51.77319998620078,0.013407417573034763,False,0,0,0,0,0,0,0,coast
4888422cb.jpg,candidates,0.0,0.00012546115451388888,0.0,5,52.80710000079125,0.8300067782402039,True,0,3,0,2,0,2,2,ships
488c93cff.jpg,candidates,0.0,0.003409491644965278,0.0,6,52.818600001046434,0.9988511800765991,True,0,1,0,1,0,1,1,ships
488d85e68.jpg,candidates,0.0,0.001324123806423611,0.0,8,51.14809999940917,0.9796981811523438,True,0,1,0,1,0,1,1,ships
488f5a173.jpg,candidates,0.0,2.712673611111111e-05,0.0,3,52.55960000795312,0.18014158308506012,True,0,0,0,0,0,0,0,empty
488fb7cec.jpg,candidates,0.0,0.0005713568793402778,0.0,2,54.91119998623617,0.9007456302642822,True,0,3,0,2,0,2,2,ships
48bae3234.jpg,land_coast,0.0,0.14528062608506945,0.032277425130208336,60,56.71850001090206,0.9946112632751465,True,0,1,0,1,0,1,1,coast
48bcbbac2.jpg,land_coast,0.0,0.16456773546006945,0.0,38,55.49030000111088,0.15984030067920685,True,0,0,0,0,0,0,1,coast
48c9a949d.jpg,candidates,0.0,9.494357638888889e-05,0.0,26,53.69440000504255,0.8417688608169556,True,3,1,2,0,0,0,1,ships
48cffba29.jpg,candidates,0.0,0.1123928493923611,0.014129638671875,22,53.38950001168996,0.942948579788208,True,4,2,1,2,1,2,2,ships
48e0b2a3c.jpg,candidates,0.0,0.0005696614583333334,0.0,11,51.72260000836104,0.549928605556488,True,0,1,0,1,0,1,1,ships
48e2b156c.jpg,candidates,0.0,0.0016191270616319445,0.041264851888020836,23,53.61329999868758,0.8870751857757568,True,0,8,0,8,0,8,8,ships
48eb5eac0.jpg,land_coast,0.0,0.3196004231770833,0.0,24,55.11759998626076,0.3959648609161377,True,2,3,0,1,0,0,1,coast
49112920a.jpg,land_coast,0.0,0.3093482123480903,0.0,3,59.0739999897778,0.8087679147720337,True,0,1,0,1,0,1,1,coast
49164130a.jpg,candidates,0.0,0.004392835828993056,0.0,13,54.39740000292659,0.9848818182945251,True,1,1,0,1,0,1,1,ships
491b74e4f.jpg,land_coast,0.0,0.20303514268663195,0.0,1,52.0842999976594,0.0807410180568695,False,0,0,0,0,0,0,0,coast
492245c35.jpg,land_coast,0.021636962890625,0.003998174062239292,0.13756097390343167,5,51.74179997993633,0.9694291353225708,True,0,4,0,1,0,0,1,coast
492aaff1f.jpg,candidates,0.022544013129340276,0.002393153408842054,0.07681041354601915,41,53.0365000013262,0.40243810415267944,True,0,0,0,0,0,0,0,empty
492b171a5.jpg,candidates,0.0,0.013636271158854166,0.0,22,53.508800017880276,0.6932097673416138,True,0,3,0,3,0,2,2,ships
4948153c1.jpg,candidates,0.0,0.004464043511284722,0.0,52,52.630300022428855,0.32824715971946716,True,0,2,0,1,0,0,1,ships
495e9bde5.jpg,land_coast,0.0,0.2587805853949653,0.0,32,56.546300009358674,0.7850807309150696,True,0,1,0,1,0,1,1,coast
496f2e669.jpg,candidates,0.0,0.0005832248263888889,0.0,2,53.41630001203157,0.9594990015029907,True,0,1,0,1,0,1,1,ships
49a9b79c4.jpg,candidates,0.0,0.0009223090277777778,0.0,41,55.08310001459904,0.8230593204498291,True,0,1,0,1,0,1,1,ships
49b3e4602.jpg,candidates,0.0,0.0005120171440972222,0.0,4,52.78779999935068,0.6860161423683167,True,1,4,0,3,0,2,2,ships
49bb13db9.jpg,empty_sea,0.0,0.0,0.0,0,53.611200011800975,0.3861038386821747,True,0,0,0,0,0,0,0,empty
49c087fe9.jpg,land_coast,0.3306918674045139,0.08398931082835896,0.16447949902931747,10,52.89669998455793,0.30402320623397827,True,0,8,0,5,0,3,5,coast
49c4a9024.jpg,candidates,0.0,0.0,0.0,6,52.74660000577569,0.2253098338842392,True,0,0,0,0,0,0,0,empty
49d2cb011.jpg,empty_sea,0.0,0.0,0.0,0,52.40149999735877,0.2667064070701599,True,0,0,0,0,0,0,0,empty
49d59532d.jpg,candidates,0.0,0.00091552734375,0.0,67,51.969599997391924,0.713923990726471,True,0,1,0,1,0,1,1,ships
49dfe969e.jpg,candidates,0.0,0.008332994249131944,0.0,58,52.93489998439327,0.9929816722869873,True,3,1,0,1,0,1,1,ships
49e25920f.jpg,candidates,0.16234842936197916,0.0397199617532758,0.013234515616728428,65,50.93910000869073,0.9679237604141235,True,2,1,0,0,0,0,1,ships
49ec07a16.jpg,empty_sea,0.0,0.11812845865885417,0.0,0,53.51140000857413,0.0519215352833271,False,0,0,0,0,0,0,0,empty
49ed1faba.jpg,candidates,0.0,0.0009596082899305555,0.0,53,52.33649999718182,0.29882779717445374,True,0,1,0,1,0,1,1,ships
49f629913.jpg,candidates,0.0,0.002663506401909722,0.0,12,52.382900001248345,0.9999344348907471,True,0,18,0,12,0,10,12,ships
49fd215b4.jpg,candidates,0.0,0.002677069769965278,0.0,16,50.72140000993386,0.9703490138053894,True,1,1,0,1,0,1,1,ships
4a016fb73.jpg,candidates,0.0,9.494357638888889e-05,0.0,13,51.680700009455904,0.6527008414268494,True,0,3,0,1,0,0,1,ships
4a14ec421.jpg,land_coast,0.0,0.3224402533637153,0.0,1,58.70900000445545,0.8016446232795715,True,0,0,0,0,0,0,1,coast
4a1a7ea2f.jpg,candidates,0.0,0.0005018446180555555,0.0,14,51.754699990851805,0.855643630027771,True,0,2,0,2,0,2,2,ships
4a2753273.jpg,land_coast,0.0,0.2841864691840278,0.0,2,56.1079999897629,0.32059207558631897,True,3,0,0,0,0,0,0,coast
4a2bd4d7b.jpg,candidates,0.0,0.0016988118489583333,0.0,3,50.55819998960942,0.7772777080535889,True,0,1,0,1,0,1,1,ships
4a2be955d.jpg,candidates,0.0,0.0,0.0,5,51.94949998985976,0.6208115220069885,True,0,1,0,1,0,1,1,ships
4a31f722e.jpg,candidates,0.0,0.0019361707899305555,0.0,5,52.98330000368878,0.9827489852905273,True,0,1,0,1,0,1,1,ships
4a32da6a0.jpg,land_coast,0.0,0.021124945746527776,0.4135114881727431,32,52.9969000199344,0.9989827275276184,True,0,1,0,1,0,1,1,coast
4a36d86bf.jpg,candidates,0.0,0.030492146809895832,0.0,99,53.48620002041571,0.9978972673416138,True,10,2,1,0,0,0,2,ships
4a566b7c3.jpg,land_coast,0.0,0.2554694281684028,0.0,17,53.39980000280775,0.939164936542511,True,3,3,1,1,1,1,2,coast
4a5f7531f.jpg,candidates,0.23340352376302084,0.001610980295239599,0.0,46,51.22100000153296,0.7587809562683105,True,10,2,1,1,1,1,1,ships
4a6f5791f.jpg,candidates,0.0,0.004726833767361111,0.05365159776475695,37,52.929500001482666,0.8296861052513123,True,2,2,0,1,0,0,1,ships
4a7342a52.jpg,candidates,0.0,0.0036485460069444445,0.017088148328993056,23,52.5467999977991,0.9782196283340454,True,1,2,0,2,0,2,2,ships
4a73910cc.jpg,land_coast,0.0,0.05853441026475695,0.09964836968315972,62,52.76400002185255,0.7960268259048462,True,26,4,5,1,3,1,3,coast
4a7512d17.jpg,candidates,0.0,0.018261379665798612,0.0,15,52.62260002200492,0.19161106646060944,True,0,2,0,1,0,1,1,ships
4a86316a8.jpg,candidates,0.0,0.011043972439236112,0.07740275065104167,13,55.96060000243597,0.9917985200881958,True,0,3,0,1,0,0,2,ships
4a8d2399e.jpg,land_coast,0.0,0.13321940104166666,0.0,8,54.23259999952279,0.7209782004356384,True,0,1,0,1,0,1,1,coast
4a90a100b.jpg,candidates,0.0,0.09057447645399305,0.03209262424045139,115,55.272099998546764,0.43656259775161743,True,0,1,0,1,0,1,1,ships
4a9f14309.jpg,candidates,0.0,0.0037434895833333335,0.013042873806423612,27,54.89890000899322,0.9890517592430115,True,0,2,0,2,0,2,2,ships
4aa0dc3d9.jpg,land_coast,0.0,0.1623806423611111,0.0,3,56.00429998594336,0.6324564814567566,True,0,2,0,1,0,1,1,coast
4ab4453de.jpg,candidates,0.0,0.0005442301432291666,0.0,1,53.746099991258234,0.7371767163276672,True,0,1,0,1,0,1,1,ships
4ad7f511d.jpg,candidates,0.0,6.781684027777778e-05,0.0,1,51.83579999720678,0.8428168296813965,True,2,3,0,2,0,1,2,ships
4ae200e55.jpg,candidates,0.0,0.00033399793836805556,0.0,8,53.70920000132173,0.9001189470291138,True,0,9,0,7,0,3,8,ships
4b000df5b.jpg,candidates,0.0,0.0012274848090277778,0.0,4,52.637699991464615,0.8268438577651978,True,0,2,0,2,0,2,2,ships
4b2d1a964.jpg,cloud,0.9626939561631944,0.0,0.0,0,31.181300000753254,0.31645962595939636,True,4,0,1,0,0,0,1,cloud
4b3968b98.jpg,candidates,0.0,0.004848904079861111,0.0,36,52.10489997989498,0.9084064960479736,True,1,0,0,0,0,0,0,empty
4b5993c9a.jpg,candidates,0.004314846462673611,0.05145595470552623,0.0,8,52.61430001701228,0.018206151202321053,False,0,0,0,0,0,0,0,empty
4b622a74c.jpg,candidates,0.0,0.00653076171875,0.0,3,52.90929999318905,0.29068583250045776,True,0,4,0,2,0,2,2,ships
4b661b951.jpg,land_coast,0.0,0.1430172390407986,0.0,26,51.855500001693144,0.9376344084739685,True,0,0,0,0,0,0,0,coast
4b756254e.jpg,land_coast,0.17616102430555555,0.004830928021272886,0.09008210477232677,25,50.397699989844114,0.7472783923149109,True,0,0,0,0,0,0,0,coast
4b8425913.jpg,land_coast,0.0,0.12288750542534722,0.0,10,52.75149998487905,0.13177995383739471,True,0,0,0,0,0,0,0,coast
4b8cc615b.jpg,candidates,0.0,0.0008392333984375,0.010243733723958334,4,50.86099999607541,0.9865843653678894,True,0,4,0,4,0,4,4,ships
4bb0dedef.jpg,candidates,0.0,0.006603664822048611,0.031707763671875,44,61.13689998164773,0.9365671277046204,True,1,1,0,1,0,1,1,ships
4bbb5d0ad.jpg,candidates,0.0,0.0984225802951389,0.0,12,52.39070000243373,0.005926176905632019,False,1,9,0,3,0,0,2,ships
4bc9e7730.jpg,candidates,0.0,0.004009670681423611,0.0,13,51.08879998442717,0.7097114324569702,True,0,1,0,1,0,1,1,ships
4bdc36f7a.jpg,candidates,0.0,0.00390625,0.018537733289930556,17,53.855600010138005,0.9943742752075195,True,0,1,0,1,0,1,1,ships
4bdfdb73d.jpg,land_coast,0.0,0.2705468071831597,0.0,1,54.759500024374574,0.687475860118866,True,0,1,0,1,0,1,1,coast
4bed371a7.jpg,candidates,0.0,0.00048828125,0.0,2,52.37779999151826,0.7331463694572449,True,0,6,0,2,0,1,2,ships
4bfc4cc05.jpg,candidates,0.0,0.005420260959201389,0.0,14,51.51540000224486,0.8549620509147644,True,5,0,2,0,0,0,2,ships
4c0c8bc0c.jpg,candidates,0.0,0.003689236111111111,0.0,23,53.71269999886863,0.8244052529335022,True,0,2,0,2,0,2,2,ships
4c30c9117.jpg,candidates,0.0,0.0012410481770833333,0.0,22,52.14330001035705,0.7633942365646362,True,0,1,0,1,0,1,1,ships
4c54809d2.jpg,candidates,0.0,0.010959201388888888,0.0,107,55.27839998831041,0.35910752415657043,True,0,0,0,0,0,0,0,empty
4c56d2f00.jpg,candidates,0.0,0.002373589409722222,0.0,11,54.33600000105798,0.8896830677986145,True,0,1,0,1,0,1,1,ships
4c792b511.jpg,land_coast,0.0,0.2619984944661458,0.0,24,54.12430001888424,0.9246775507926941,True,0,1,0,1,0,1,1,coast
4ca6495b6.jpg,candidates,0.0,0.0030364990234375,0.0,21,53.854300000239164,0.9093483090400696,True,0,1,0,1,0,1,1,ships
4cab25392.jpg,candidates,0.0,0.0002644856770833333,0.022065904405381944,34,50.924900016980246,0.7939473390579224,True,0,2,0,2,0,2,2,ships
4caf9808f.jpg,candidates,0.0,0.023288302951388888,0.03928968641493055,3,52.62490001041442,0.03225196152925491,False,0,0,0,0,0,0,0,empty
4cd05cfbf.jpg,candidates,0.0,0.001953125,0.0,1,52.63389999163337,0.9825451374053955,True,0,1,0,1,0,1,1,ships
4cdb5e282.jpg,candidates,0.0,0.03470187717013889,0.0,40,52.33170001883991,0.2629675567150116,True,0,0,0,0,0,0,0,empty
4cfe8d6e9.jpg,candidates,0.0,0.010662502712673612,0.0,9,53.46399999689311,0.8452839255332947,True,1,1,0,1,0,1,1,ships
4d06395ab.jpg,land_coast,0.03239271375868055,0.00341188816510141,0.1885404445010733,47,53.18620000616647,0.13003651797771454,True,0,0,0,0,0,0,0,coast
4d09521a8.jpg,land_coast,0.0,0.018768310546875,0.2197299533420139,81,52.27509999531321,0.9061164855957031,True,2,9,0,4,0,3,10,coast
4d395184a.jpg,candidates,0.0,0.004208034939236111,0.0,22,53.25060000177473,0.8555663228034973,True,0,1,0,1,0,1,1,ships
4d42dee53.jpg,land_coast,0.0,0.3019392225477431,0.0,13,59.38220000825822,0.9952182173728943,True,2,5,1,2,1,1,2,coast
4d4520868.jpg,empty_sea,0.0,0.0,0.0,0,54.045199998654425,0.11462799459695816,False,0,0,0,0,0,0,0,empty
4d48b15e4.jpg,candidates,0.0,0.007939656575520834,0.019916110568576388,45,53.23560000397265,0.9993197917938232,True,10,10,0,4,0,3,6,ships
4d68584b1.jpg,candidates,0.0,0.09115091959635417,0.0,47,54.00450000888668,0.8682161569595337,True,0,3,0,2,0,2,2,ships
4d70f9947.jpg,land_coast,0.0,0.1612430148654514,0.0,3,51.562100008595735,0.10631274431943893,False,0,2,0,1,0,0,1,coast
4d7cd4378.jpg,candidates,0.0,0.0004730224609375,0.0,5,53.227199998218566,0.02333030104637146,False,0,3,0,2,0,0,1,ships
4d8f330b9.jpg,candidates,0.0,0.004692925347222222,0.011349148220486112,83,54.21050000586547,0.1426219791173935,True,0,0,0,0,0,0,0,empty
4d96f0aa3.jpg,land_coast,0.0,0.1776360405815972,0.0164031982421875,29,54.09229997894727,0.936926543712616,True,0,3,0,3,0,3,3,coast
4d99b9511.jpg,candidates,0.0,0.002529568142361111,0.0,9,53.19519998738542,0.9990542531013489,True,4,15,0,7,0,3,10,ships
4da128f56.jpg,candidates,0.09389580620659722,0.07659356293137694,0.0,21,51.66399999870919,0.7145057916641235,True,2,1,0,1,0,1,1,ships
4daa85aa7.jpg,candidates,0.0,0.0009731716579861111,0.0,3,52.447900001425296,0.9652845859527588,True,3,1,1,1,0,1,1,ships
4dbb14c2a.jpg,empty_sea,0.0,0.0,0.0,0,52.16099999961443,0.25890812277793884,True,0,0,0,0,0,0,0,empty
4dc0c6800.jpg,land_coast,0.0,0.1882205539279514,0.0,7,55.07219998980872,0.7870048880577087,True,2,1,1,1,1,1,1,coast
4dc83b95d.jpg,candidates,0.0,4.0690104166666664e-05,0.0,8,53.52109999512322,0.26106974482536316,True,0,0,0,0,0,0,0,empty
4dcece4b9.jpg,candidates,0.0,0.008785671657986112,0.0,24,52.24770001950674,0.19647106528282166,True,0,0,0,0,0,0,0,empty
4dd043d49.jpg,land_coast,0.0,0.273101806640625,0.0,4,58.17540001589805,0.9791862368583679,True,0,1,0,1,0,1,1,coast
4df59feaa.jpg,candidates,0.0,0.012927585177951388,0.05119154188368055,49,55.648200010182336,0.6266396641731262,True,2,1,0,1,0,1,1,ships
4e0e64ca2.jpg,candidates,0.0,0.00032721625434027775,0.0,1,54.09739998867735,0.9202476739883423,True,0,3,0,1,0,0,1,ships
4e49a710c.jpg,candidates,0.0,0.0,0.0,1,53.371099987998605,0.6066234707832336,True,0,3,0,2,0,1,1,ships
4e515e5c3.jpg,candidates,0.0,0.11984931098090278,0.0,37,54.56640000920743,0.6922845244407654,True,0,1,0,1,0,1,1,ships
4e6fe1b43.jpg,candidates,0.0,0.028611924913194444,0.0,16,53.09969998779707,0.48690059781074524,True,0,4,0,0,0,0,3,ships
4e77d51e3.jpg,candidates,0.0,0.0014105902777777778,0.0,3,53.25680001988076,0.9771791100502014,True,0,4,0,2,0,1,1,ships
4e78ce744.jpg,empty_sea,0.0,0.0,0.0,0,53.260600019712,0.3758848309516907,True,0,0,0,0,0,0,0,empty
4e99f1107.jpg,candidates,0.0,0.00023905436197916666,0.0,4,51.80610000388697,0.523980975151062,True,0,4,0,2,0,2,2,ships
4e9d674a3.jpg,candidates,0.0,5.9339735243055555e-05,0.0,5,52.20529998769052,0.765722393989563,True,1,2,0,1,0,0,1,ships
4ea6edffd.jpg,candidates,0.0,0.008951822916666666,0.0,56,54.205199994612485,0.9029003381729126,True,0,1,0,1,0,1,1,ships
4eb46538a.jpg,land_coast,0.0,0.2479163275824653,0.0,0,52.36729999887757,0.11958517134189606,False,0,0,0,0,0,0,0,coast
4ebb35108.jpg,candidates,0.0,9.833441840277778e-05,0.0,2,54.14980000932701,0.5793110132217407,True,0,2,0,1,0,1,1,ships
4ed20f5a9.jpg,land_coast,0.0,0.07499525282118055,0.2939724392361111,43,54.29459997685626,0.9225003123283386,True,4,2,1,2,1,1,1,coast
4ed22a051.jpg,land_coast,0.0,0.045328776041666664,0.22060648600260416,71,53.68319997796789,0.9997132420539856,True,1,0,0,0,0,0,0,coast
4ed28e415.jpg,land_coast,0.0,0.3036431206597222,0.0,24,54.62629999965429,0.7564898133277893,True,5,0,0,0,0,0,1,coast
4eea8b576.jpg,land_coast,0.0,0.3400082058376736,0.0,0,55.68130000028759,0.9393776059150696,True,0,1,0,1,0,1,1,coast
4ef7aa594.jpg,candidates,0.0,0.078399658203125,0.020543416341145832,22,53.4001000050921,0.42149588465690613,True,1,2,0,1,0,1,2,ships
4f0733181.jpg,empty_sea,0.0,0.0,0.0,0,51.67419998906553,0.6440361142158508,True,0,3,0,1,0,0,1,ships
4f0a0fa67.jpg,candidates,0.0,0.0,0.0,2,52.305899997008964,0.5361378788948059,True,0,0,0,0,0,0,0,empty
4f197ced7.jpg,candidates,0.0,0.012797037760416666,0.0,2,51.58939998364076,0.1867300122976303,True,0,3,0,2,0,0,1,ships
4f3f47e80.jpg,candidates,0.0,0.001708984375,0.0,7,50.883500021882355,0.7615485191345215,True,0,1,0,1,0,1,1,ships
4f44e82c9.jpg,candidates,0.0,0.035010443793402776,0.0,65,54.26669999724254,0.07061881572008133,False,0,0,0,0,0,0,0,empty
4f651c7f0.jpg,candidates,0.0,7.120768229166667e-05,0.0,1,52.12720000417903,0.5921003818511963,True,0,1,0,1,0,1,1,ships
4f6881caa.jpg,land_coast,0.0,0.1294589572482639,0.057456122504340276,1,54.08760000136681,0.970535933971405,True,1,2,1,2,0,1,2,coast
4f8959291.jpg,candidates,0.0082550048828125,0.010219797767509904,0.036030281645401174,70,60.771899996325374,0.6281729936599731,True,0,1,0,1,0,1,1,ships
4f909f7fb.jpg,candidates,0.0,0.012159559461805556,0.0438232421875,106,53.59840000164695,0.14123934507369995,True,0,0,0,0,0,0,0,empty
4f98941eb.jpg,land_coast,0.0,0.2627427842881944,0.0,4,54.338700021617115,0.7472386360168457,True,0,1,0,1,0,1,1,coast
4f9cd41b8.jpg,candidates,0.0,0.005577935112847222,0.0,26,53.25669999001548,0.9902154207229614,True,0,4,0,3,0,2,3,ships
4fa623943.jpg,land_coast,0.0,0.18510267469618055,0.0,2,55.89659998076968,0.09916220605373383,False,0,0,0,0,0,0,0,coast
4fb8ca0c3.jpg,candidates,0.0,0.0009002685546875,0.0,5,52.13950001052581,0.9825248122215271,True,0,1,0,1,0,1,1,ships
4fc021083.jpg,land_coast,0.0,0.24351331922743055,0.0,22,55.021600011968985,0.9732714295387268,True,0,4,0,3,0,3,3,coast
4fca80780.jpg,candidates,0.0,0.00023566351996527778,0.0,1,50.258400005986914,0.4703984558582306,True,3,1,1,1,0,0,1,ships
4fcd62eac.jpg,candidates,0.0,0.005549112955729167,0.0,7,52.847899991320446,0.011079738847911358,False,1,0,0,0,0,0,1,ships
4fecab7ec.jpg,candidates,0.0,0.0074462890625,0.0,10,51.74679998890497,0.8201617002487183,True,2,2,0,2,0,2,2,ships
4ff279eeb.jpg,candidates,0.0,0.0008748372395833334,0.0,19,51.90799999400042,0.5708580613136292,True,0,1,0,1,0,1,1,ships
5002fe710.jpg,candidates,0.0,0.003879123263888889,0.012507120768229166,15,51.85139999957755,0.9961179494857788,True,0,1,0,1,0,1,1,ships
501313860.jpg,candidates,0.0,0.007493760850694444,0.0,42,54.50560001190752,0.2719670236110687,True,0,0,0,0,0,0,0,empty
501446101.jpg,land_coast,0.0,0.3336656358506944,0.0,1,58.87919999076985,0.8657114505767822,True,0,1,0,1,0,1,1,coast
5021a06c2.jpg,candidates,0.0,0.009046766493055556,0.0,64,52.913099993020296,0.3831211030483246,True,1,1,0,1,0,1,1,ships
5022708c6.jpg,candidates,0.0,0.0004611545138888889,0.0,2,52.38530001952313,0.8268863558769226,True,2,2,1,1,0,1,1,ships
5025dd6f1.jpg,candidates,0.0,0.0015343560112847222,0.0,6,52.51090001547709,0.759294867515564,True,0,1,0,1,0,1,1,ships
50328f2c1.jpg,land_coast,0.0,0.3250918918185764,0.0,2,54.07400001422502,0.8771738409996033,True,0,2,0,2,0,2,2,coast
503ac5b28.jpg,candidates,0.0,0.002002292209201389,0.0,7,52.27079999167472,0.527626633644104,True,0,1,0,1,0,1,1,ships
50458b6ea.jpg,candidates,0.0,0.0014970567491319445,0.0,5,53.64269998972304,0.9966112971305847,True,2,7,1,5,0,4,6,ships
50473a19c.jpg,candidates,0.0,0.0010138617621527778,0.0,11,53.45619999570772,0.734859049320221,True,0,4,0,3,0,3,5,ships
506f02d11.jpg,land_coast,0.05720689561631945,0.0011856959962756053,0.14674260940409684,17,52.038899972103536,0.5840539932250977,True,0,3,0,3,0,3,3,coast
506f09cf3.jpg,candidates,0.0,0.00034247504340277775,0.0,1,53.234799997881055,0.7463988661766052,True,0,1,0,1,0,1,1,ships
5088fbed2.jpg,candidates,0.0,0.0005272759331597222,0.0,3,52.03120000078343,0.7436661720275879,True,0,1,0,1,0,1,1,ships
5096a18c5.jpg,candidates,0.0,0.0037384033203125,0.0,35,52.062699978705496,0.7971724271774292,True,2,1,0,1,0,1,2,ships
50b05e394.jpg,land_coast,0.0,0.3003556993272569,0.0,9,54.719400010071695,0.7937078475952148,True,3,1,1,1,0,1,1,coast
50b3e9e1c.jpg,land_coast,0.0,0.03299289279513889,0.1469387478298611,69,53.12779999803752,0.8812018632888794,True,5,5,0,1,0,0,1,coast
50ce93e55.jpg,candidates,0.0,0.022199842664930556,0.0,61,53.33640001481399,0.4478015899658203,True,0,0,0,0,0,0,0,empty
50dbf4f4c.jpg,candidates,0.0,0.0009646945529513889,0.0,4,53.57479999656789,0.9342843890190125,True,2,1,0,1,0,1,1,ships
50f0ea2f1.jpg,candidates,0.0,0.0003933376736111111,0.0,2,51.98990000644699,0.826377809047699,True,1,1,0,1,0,1,1,ships
50f2d35e7.jpg,land_coast,0.0,0.24254862467447916,0.0,5,55.2404000191018,0.7874971032142639,True,0,6,0,6,0,6,6,coast
50f4358f2.jpg,candidates,0.0,0.08731248643663195,0.07452392578125,53,54.03510000905953,0.8232772350311279,True,5,1,1,1,1,1,1,ships
51080a099.jpg,candidates,0.0,0.004179212782118056,0.0,1,53.938600001856685,0.22084940969944,True,0,0,0,0,0,0,0,empty
510940e17.jpg,candidates,0.0,0.06440904405381945,0.0,13,53.68139999336563,0.06831305474042892,False,0,0,0,0,0,0,0,empty
511d30ed8.jpg,candidates,0.0,0.020745171440972224,0.0,10,52.66769998706877,0.8982497453689575,True,0,2,0,2,0,1,1,ships
5129c08e4.jpg,land_coast,0.0,0.00018649631076388888,0.10554673936631945,29,52.65330002293922,0.011484273709356785,False,0,0,0,0,0,0,0,coast
5135dde45.jpg,candidates,0.0,0.005211724175347222,0.0,4,52.356300002429634,0.9767063856124878,True,0,3,0,3,0,3,3,ships
5140f63a7.jpg,candidates,0.0,0.0007883707682291666,0.0,12,53.12310002045706,0.9570593237876892,True,4,3,2,2,0,1,2,ships
51707f72f.jpg,land_coast,0.0504150390625,0.00033134286200565635,0.1477300298027514,27,51.74510000506416,0.2675759494304657,True,0,2,0,1,0,1,1,coast
5186615e9.jpg,candidates,0.0,0.0007222493489583334,0.0,3,52.117600018391386,0.5333534479141235,True,5,1,0,1,0,1,1,ships
518f05554.jpg,candidates,0.0,0.00038316514756944444,0.0,5,54.32130000554025,0.7983730435371399,True,1,6,0,2,0,0,1,ships
519a98c42.jpg,empty_sea,0.0,0.0,0.0,0,52.91880000731908,0.4649239480495453,True,0,0,0,0,0,0,0,empty
519f3d337.jpg,land_coast,0.0,0.3111114501953125,0.0,8,56.0591000248678,0.8683719038963318,True,3,10,1,6,0,3,4,coast
51a56e049.jpg,candidates,0.0,0.002953423394097222,0.0,5,52.510400011669844,0.9449840188026428,True,1,2,1,2,1,2,2,ships
51b977cc5.jpg,candidates,0.0,0.011020236545138888,0.0,28,53.748999984236434,0.8511003851890564,True,1,1,0,1,0,1,1,ships
51c5269d8.jpg,land_coast,0.0,0.17457411024305555,0.0,27,55.91419999836944,0.11963144689798355,False,0,0,0,0,0,0,0,coast
51c613db1.jpg,land_coast,0.18564012315538195,0.0,0.1615615383624963,25,51.624399988213554,0.1148468628525734,False,0,0,0,0,0,0,0,coast
5203de422.jpg,candidates,0.0,0.0034162733289930555,0.0,75,53.19149998831563,0.10182512551546097,False,0,0,0,0,0,0,0,empty
521b76192.jpg,candidates,0.0,0.03239101833767361,0.0,4,52.47740002232604,0.8362359404563904,True,0,3,0,2,0,1,2,ships
5223daf26.jpg,candidates,0.0,8.477105034722222e-05,0.0,1,53.825900016818196,0.37738001346588135,True,0,1,0,1,0,1,1,ships
5224d95ac.jpg,candidates,0.0,0.003996107313368056,0.0,72,56.81350000668317,0.09517733752727509,False,0,0,0,0,0,0,0,empty
5225440ac.jpg,candidates,0.0,0.0021379258897569445,0.0,14,52.264199999626726,0.9998855590820312,True,1,10,0,6,0,6,8,ships
5236c4d25.jpg,candidates,0.0,0.002556694878472222,0.0,31,54.08490000991151,0.964949369430542,True,1,4,0,1,0,1,2,ships
5240bf0bd.jpg,candidates,0.0,0.010284423828125,0.0,32,51.532599987694994,0.9774810075759888,True,5,2,0,1,0,1,1,ships
52489c5ff.jpg,land_coast,0.0,0.3471493191189236,0.0,7,55.649900023126975,0.9478555917739868,True,0,2,0,0,0,0,1,coast
52554d6ee.jpg,candidates,0.0,0.007524278428819444,0.011149088541666666,48,55.957999982638285,0.9994993209838867,True,0,12,0,9,0,7,9,ships
5257540c4.jpg,land_coast,0.0,0.13604227701822916,0.0,2,54.79070000001229,0.1423395425081253,True,1,0,1,0,1,0,1,coast
525b98915.jpg,candidates,0.0,0.00047471788194444444,0.0,2,52.97029999201186,0.630745530128479,True,0,1,0,1,0,1,1,ships
52703a6e0.jpg,candidates,0.0,0.0019310845269097222,0.0,9,54.42790000233799,0.9139702320098877,True,0,1,0,1,0,1,1,ships
5289bdbbd.jpg,candidates,0.0,0.0003458658854166667,0.0,69,52.68740002065897,0.1517297476530075,True,0,0,0,0,0,0,0,empty
528fb7b90.jpg,land_coast,0.0,0.2705145941840278,0.0,1,53.96889999974519,0.6176702976226807,True,0,7,0,0,0,0,1,coast
5296ecd31.jpg,land_coast,0.0,0.17790052625868055,0.0,6,54.04160000034608,0.06685665994882584,False,0,0,0,0,0,0,0,coast
52993a461.jpg,candidates,0.0,0.0005255805121527778,0.0,1,52.06550000002608,0.893883466720581,True,0,1,0,1,0,1,1,ships
529c6831e.jpg,candidates,0.0,0.016450670030381944,0.0,105,53.13440001918934,0.27097439765930176,True,0,0,0,0,0,0,0,empty
52b8a6b7b.jpg,land_coast,0.0,0.2996944851345486,0.0,0,60.7280999829527,0.9837589263916016,True,0,4,0,2,0,2,2,coast
52bd61051.jpg,candidates,0.0,0.012271457248263888,0.025612725151909724,24,50.853799999458715,0.9977492690086365,True,3,3,0,2,0,2,2,ships
52d416ad6.jpg,candidates,0.0,0.0032145182291666665,0.0,7,52.825699996901676,0.9964086413383484,True,1,1,0,1,0,1,1,ships
52deed575.jpg,land_coast,0.0,0.018361409505208332,0.1366611056857639,46,54.81030000373721,0.8150460720062256,True,0,2,0,0,0,0,15,coast
52edd602d.jpg,empty_sea,0.0,0.0,0.0,0,52.32190000242554,0.39182764291763306,True,0,0,0,0,0,0,0,empty
52f4119ad.jpg,candidates,0.0,0.0016004774305555555,0.0,9,53.258600004483014,0.4409262239933014,True,0,0,0,0,0,0,0,empty
52f502baa.jpg,candidates,0.0,0.0011986626519097222,0.0,22,53.285200003301725,0.9097557067871094,True,0,1,0,1,0,1,1,ships
53019f435.jpg,candidates,0.0,0.002227783203125,0.0,11,52.568400016753,0.98015296459198,True,0,1,0,1,0,1,1,ships
5301c06b0.jpg,land_coast,0.0,0.2913089328342014,0.0,6,55.90199999278411,0.5402844548225403,True,0,1,0,1,0,1,2,coast
5308253c9.jpg,candidates,0.0,0.011766221788194444,0.0,1,53.16489998949692,0.5521630048751831,True,0,2,0,1,0,0,1,ships
5315edf2b.jpg,candidates,0.0,0.005109998914930556,0.0,79,53.42069998732768,0.2426741123199463,True,0,0,0,0,0,0,0,empty
53331228d.jpg,candidates,0.0,0.003304375542534722,0.0,17,54.66130000422709,0.9773527383804321,True,2,1,0,1,0,1,1,ships
53587f9f4.jpg,land_coast,0.0,0.3019443088107639,0.0,3,59.961300023132935,0.9126796126365662,True,0,2,0,2,0,2,2,coast
5360e7f42.jpg,candidates,0.0,0.002373589409722222,0.0,11,53.07579998043366,0.9284138083457947,True,0,1,0,1,0,1,1,ships
5389801a5.jpg,land_coast,0.0,0.2591908772786458,0.0,1,53.609800001140684,0.5978901386260986,True,0,0,0,0,0,0,0,coast
539cab1eb.jpg,candidates,0.0,0.0012868245442708333,0.0,1,52.49329999787733,0.9096144437789917,True,0,1,0,1,0,1,1,ships
539fbe684.jpg,land_coast,0.0,0.21323649088541666,0.012971666124131944,29,54.34390000300482,0.7426679730415344,True,2,1,0,1,0,1,1,coast
53a7bbf1f.jpg,candidates,0.0,6.103515625e-05,0.0,8,53.5272000124678,0.8026116490364075,True,0,3,0,1,0,0,1,ships
53b260be4.jpg,candidates,0.0,0.002280341254340278,0.0,10,53.92550001852214,0.9990205764770508,True,0,2,0,2,0,2,2,ships
53d5c88cb.jpg,land_coast,0.0,0.008819580078125,0.1335822211371528,58,54.05310000060126,0.8465595245361328,True,5,4,0,0,0,0,3,coast
53d7d0fc0.jpg,candidates,0.0,0.0001068115234375,0.0,1,52.01350001152605,0.6627283096313477,True,0,2,0,1,0,1,1,ships
53db3ed83.jpg,candidates,0.0,0.0013105604383680555,0.011232164171006944,13,51.082200021483004,0.8189663887023926,True,0,1,0,1,0,1,1,ships
53eb17de6.jpg,candidates,0.0,0.0,0.0,10,53.07209998136386,0.10962453484535217,False,0,0,0,0,0,0,0,empty
53ec90b6d.jpg,candidates,0.0,0.003936767578125,0.020540025499131944,5,52.51409998163581,0.9994982481002808,True,0,1,0,1,0,1,1,ships
53ee5a490.jpg,land_coast,0.0,0.010403103298611112,0.08396233452690972,12,53.233199985697865,0.987127423286438,True,0,3,0,1,0,0,2,coast
5413c2733.jpg,candidates,0.0,0.0024888780381944445,0.0,27,54.2165000224486,0.9241127967834473,True,3,5,0,3,0,1,3,ships
54160ea3e.jpg,land_coast,0.0,0.026816474066840276,0.1563229031032986,103,53.713399975094944,0.9753095507621765,True,5,2,0,1,0,1,2,coast
541a3dd2c.jpg,candidates,0.0,0.0006120469835069445,0.0,9,52.81890000333078,0.2768661379814148,True,0,1,0,1,0,1,1,ships
5420f242d.jpg,land_coast,0.0,0.1612887912326389,0.0,25,56.2013000017032,0.9954337477684021,True,1,1,1,1,1,1,1,coast
542e6c911.jpg,candidates,0.0,0.0030229356553819445,0.0,11,53.85460000252351,0.9605355858802795,True,0,3,0,2,0,2,3,ships
54391cb81.jpg,candidates,0.0,0.00011189778645833333,0.0,38,54.20149999554269,0.6674495935440063,True,1,2,0,1,0,0,1,ships
543d39900.jpg,candidates,0.0,0.008594089084201388,0.010233561197916666,19,53.676200011977926,0.999045193195343,True,0,1,0,1,0,1,1,ships
5442b4e2d.jpg,candidates,0.0,0.003395928276909722,0.0,12,54.34349999995902,0.9905829429626465,True,3,4,2,3,1,3,3,ships
5451810a9.jpg,candidates,0.0,0.001995510525173611,0.0,5,54.07450001803227,0.9832079410552979,True,0,4,0,2,0,0,1,ships
545a56afc.jpg,candidates,0.0,0.007151285807291667,0.0,46,54.31249999674037,0.7450640201568604,True,0,2,0,2,0,2,2,ships
54604a0a5.jpg,candidates,0.0,0.0011800130208333333,0.0,3,51.57649997272529,0.38971957564353943,True,0,2,0,1,0,1,2,ships
54718c8e3.jpg,empty_sea,0.0,0.0,0.0,0,50.06459998548962,0.793498694896698,True,0,0,0,0,0,0,0,empty
5479776f5.jpg,land_coast,0.0,0.2739596896701389,0.0,3,59.22710002050735,0.8526222109794617,True,5,1,1,1,0,1,2,coast
5488109de.jpg,candidates,0.0,0.036019219292534724,0.0,243,54.71830000169575,0.36522865295410156,True,0,0,0,0,0,0,0,empty
54a4f358a.jpg,candidates,0.0,0.0012190077039930555,0.0,15,52.982699999120086,0.5912764668464661,True,0,2,0,1,0,1,1,ships
54e8ae406.jpg,land_coast,0.006237453884548611,0.0065816353568870405,0.09408661432129663,11,54.21390000265092,0.9970837235450745,True,0,11,0,6,0,1,4,coast
54f26faa5.jpg,candidates,0.0,0.0138702392578125,0.0,37,56.33330001728609,0.9961579442024231,True,0,7,0,5,0,3,4,ships
54f4d4f03.jpg,candidates,0.0,0.003965589735243056,0.0,2,51.97790000238456,0.5804213285446167,True,0,1,0,1,0,1,1,ships
550e65871.jpg,land_coast,0.0,0.1884918212890625,0.011227077907986112,58,56.75330001395196,0.9496764540672302,True,0,3,0,3,0,3,3,coast
5517c5e5b.jpg,candidates,0.0,0.004716661241319444,0.0,28,53.29050001455471,0.9999902248382568,True,2,9,0,9,0,8,9,ships
551b423fe.jpg,candidates,0.0,0.0034739176432291665,0.012012057834201388,11,51.482100010616705,0.9705570340156555,True,0,1,0,1,0,1,1,ships
553768325.jpg,land_coast,0.0,0.21126302083333334,0.0,76,54.28469998878427,0.8087440729141235,True,0,0,0,0,0,0,0,coast
5545f84bc.jpg,candidates,0.0,5.425347222222222e-05,0.0,1,51.78019998129457,0.4066506624221802,True,0,2,0,1,0,1,1,ships
554d79bcb.jpg,candidates,0.0,0.0019514295789930555,0.0,9,51.870299997972324,0.621364414691925,True,0,1,0,1,0,1,1,ships
556c9f4ec.jpg,candidates,0.0,0.001797146267361111,0.0,2,53.44859999604523,0.7753549814224243,True,2,3,0,2,0,0,1,ships
557bf583e.jpg,candidates,0.0,0.0842929416232639,0.010433620876736112,67,52.94940000749193,0.9997190833091736,True,8,15,1,5,0,2,12,ships
558022404.jpg,land_coast,0.0,0.3085445827907986,0.0,5,53.74120001215488,0.745166540145874,True,0,1,0,1,0,1,1,coast
55934a76a.jpg,candidates,0.0,0.024317423502604168,0.0,63,53.56569998548366,0.0279325470328331,False,0,0,0,0,0,0,0,empty
55a95a0da.jpg,candidates,0.0,0.0035959879557291665,0.0,8,53.51399999926798,0.3627879321575165,True,2,2,1,1,0,0,1,ships
55ab796d2.jpg,land_coast,0.19986470540364584,0.0019629671104201937,0.16774585943486747,29,50.40820001158863,0.11579392850399017,False,0,1,0,0,0,0,1,coast
55de990d5.jpg,candidates,0.0,0.0013885498046875,0.0,1,53.05200000293553,0.8729119896888733,True,0,3,0,2,0,0,1,ships
55e23a0ba.jpg,candidates,0.0,0.10222032335069445,0.0,50,54.21240002033301,0.9997352957725525,True,4,13,1,8,1,7,15,ships
55e450dda.jpg,land_coast,0.0,0.24107191297743055,0.0,0,54.13289999705739,0.4137851297855377,True,0,0,0,0,0,0,0,coast
55e96dc18.jpg,candidates,0.0,0.0007375081380208334,0.0,2,53.6355999938678,0.6326645016670227,True,0,3,0,1,0,0,1,ships
55eff49e8.jpg,candidates,0.0,0.006841023763020833,0.0,59,55.289699987042695,0.9463026523590088,True,1,1,0,1,0,1,1,ships
55f15197a.jpg,candidates,0.0,0.001895480685763889,0.0,6,53.33059999975376,0.9880353808403015,True,0,1,0,1,0,1,1,ships
55f238f2c.jpg,candidates,0.0,0.009258694118923612,0.0,14,54.80039998656139,0.9040749073028564,True,0,2,0,1,0,1,2,ships
56178ee20.jpg,land_coast,0.0,0.17349073621961805,0.0,49,54.999399988446385,0.9570053219795227,True,12,15,4,6,3,6,6,coast
5619ffe4d.jpg,candidates,0.0,0.0021107991536458335,0.0,3,54.51370001537725,0.9474747776985168,True,0,3,0,2,0,1,1,ships
5623df1aa.jpg,land_coast,0.0,0.1346011691623264,0.0,1,54.67470001894981,0.646553635597229,True,2,2,0,1,0,0,1,coast
56317f238.jpg,candidates,0.0,0.00031873914930555556,0.0,1,52.523599995765835,0.7619350552558899,True,0,1,0,1,0,1,1,ships
56389fabe.jpg,candidates,0.0,2.5431315104166668e-05,0.0,3,52.86090000299737,0.6034724116325378,True,0,4,0,1,0,1,1,ships
56431b49c.jpg,empty_sea,0.0,0.0,0.0,0,51.37800000375137,0.2180202454328537,True,0,0,0,0,0,0,0,empty
5648b7b15.jpg,candidates,0.0,0.004579332139756944,0.0,17,51.74959998112172,0.43759235739707947,True,2,2,0,2,0,0,1,ships
564e51762.jpg,candidates,0.0,0.00048828125,0.0,3,53.230199991958216,0.8452803492546082,True,0,1,0,1,0,1,1,ships
565df2a34.jpg,land_coast,0.7350701226128472,0.17393767705382437,0.0,3,49.21339999418706,0.45530426502227783,True,3,1,0,0,0,0,2,coast
566a63bf9.jpg,candidates,0.0843471950954861,0.023040895054486067,0.0,16,53.270400007022545,0.8569851517677307,True,0,0,0,0,0,0,1,ships
5676dac91.jpg,candidates,0.030309041341145832,0.005656667187991488,0.0,81,54.69749998883344,0.7705011367797852,True,2,14,1,9,1,7,14,ships
569d2bbea.jpg,candidates,0.0,0.034829033745659724,0.0,9,53.57429999276064,0.6513193845748901,True,0,4,0,2,0,1,1,ships
56b0644e9.jpg,candidates,0.0,4.916720920138889e-05,0.0,1,51.84130000998266,0.2593924403190613,True,0,2,0,1,0,1,1,ships
56c76ee08.jpg,candidates,0.0,0.0014631483289930555,0.0,12,50.6240000249818,0.98521488904953,True,9,9,3,5,0,4,6,ships
56d712106.jpg,candidates,0.0,2.8822157118055555e-05,0.0,1,52.29009999311529,0.5476486086845398,True,0,2,0,0,0,0,1,ships
56eb29104.jpg,candidates,0.0,0.00024074978298611112,0.0,2,53.60299997846596,0.17825649678707123,True,0,2,0,1,0,1,1,ships
5704b4870.jpg,land_coast,0.0,0.1734246148003472,0.0,53,54.32009999640286,0.7597455382347107,True,2,5,0,4,0,3,7,coast
570fec891.jpg,land_coast,0.0,0.026363796657986112,0.10443623860677083,74,54.643599985865876,0.986224889755249,True,1,3,1,1,1,1,1,coast
571d65401.jpg,candidates,0.0,0.0,0.0,1,53.70839999523014,0.7457096576690674,True,0,3,0,2,0,0,1,ships
573cd511c.jpg,land_coast,0.0,0.2984347873263889,0.0,34,56.1734999937471,0.953738272190094,True,0,2,0,2,0,2,2,coast
57468bf12.jpg,land_coast,0.0,0.22125413682725695,0.0,5,55.27430001529865,0.6982915997505188,True,0,1,0,1,0,1,1,coast
575f08435.jpg,candidates,0.0,0.022335476345486112,0.0,22,53.93379999441095,0.9431435465812683,True,0,3,0,2,0,2,2,ships
57610d682.jpg,candidates,0.0,5.255805121527778e-05,0.0,1,52.13959998218343,0.4611448645591736,True,0,3,0,1,0,0,1,ships
576c9af90.jpg,candidates,0.0,0.058127509223090276,0.0,20,54.74540000432171,0.05452754721045494,False,0,0,0,0,0,0,0,empty
5775eda78.jpg,candidates,0.0,0.013422648111979166,0.028018527560763888,73,54.528300010133535,0.6686740517616272,True,0,1,0,1,0,1,1,ships
577f495a3.jpg,candidates,0.0,0.00011867947048611111,0.0,1,53.09000000124797,0.40896204113960266,True,0,1,0,1,0,1,1,ships
579710af7.jpg,candidates,0.0,0.0005713568793402778,0.0,4,53.643899998860434,0.9361609816551208,True,0,1,0,1,0,1,1,ships
5799a1c0d.jpg,candidates,0.0,0.0006832546657986111,0.010187784830729166,75,52.23939998541027,0.7648909687995911,True,2,0,0,0,0,0,0,empty
579edd68a.jpg,candidates,0.0,0.0,0.0,28,53.144399978918955,0.2342374175786972,True,0,0,0,0,0,0,0,empty
57af469c2.jpg,candidates,0.0,0.0,0.0,16,53.180100017925724,0.11923058331012726,False,0,0,0,0,0,0,0,empty
57da7c3ba.jpg,land_coast,0.0,0.1284908718532986,0.0,3,54.11289999028668,0.3913037180900574,True,2,6,0,0,0,0,1,coast
57db7dee0.jpg,candidates,0.0,0.001178317599826389,0.0,5,52.82650000299327,0.9889248013496399,True,0,3,0,3,0,3,3,ships
57e141421.jpg,empty_sea,0.0,0.0,0.0,0,53.46169997937977,0.24133844673633575,True,0,0,0,0,0,0,0,empty
580460a3c.jpg,land_coast,0.0,0.0314483642578125,0.117034912109375,43,55.55730001651682,0.9991863369941711,True,2,1,0,1,0,1,1,coast
58132f5da.jpg,land_coast,0.0,0.20502217610677084,0.014940049913194444,22,55.196400004206225,0.131889209151268,True,0,0,0,0,0,0,2,coast
582294c70.jpg,land_coast,0.0,0.2972089979383681,0.0,0,57.248299999628216,0.13004249334335327,True,0,0,0,0,0,0,0,coast
582793043.jpg,candidates,0.0,0.033294677734375,0.0,103,56.77610001293942,0.999993085861206,True,2,1,0,1,0,1,1,ships
583975b3c.jpg,land_coast,0.0,0.005830552842881944,0.1404266357421875,44,54.009699990274385,0.41990426182746887,True,8,8,1,6,0,3,6,coast
58478be45.jpg,candidates,0.0,0.03425767686631945,0.031624688042534724,85,54.13089998182841,0.9987767338752747,True,0,1,0,1,0,1,1,ships
5857a91a0.jpg,candidates,0.0,0.012539333767361112,0.0,172,53.996500006178394,0.9062710404396057,True,0,3,0,1,0,0,1,ships
585d347ae.jpg,candidates,0.0,0.0019785563151041665,0.0,4,53.35679999552667,0.4470309019088745,True,3,2,0,1,0,1,2,ships
585def405.jpg,candidates,0.0,0.015004475911458334,0.0,62,53.35010000271723,0.9839357137680054,True,1,2,0,1,0,0,1,ships
586c3b15d.jpg,candidates,0.0,0.021045260959201388,0.0,46,53.639299992937595,0.2493685930967331,True,0,2,0,0,0,0,1,ships
587e9ce0c.jpg,candidates,0.0,9.663899739583333e-05,0.0,1,54.02650000178255,0.41895002126693726,True,0,1,0,1,0,1,1,ships
587f05106.jpg,candidates,0.0,0.00026109483506944444,0.0,2,53.814099985174835,0.5945988893508911,True,0,1,0,1,0,1,1,ships
5882eaf47.jpg,candidates,0.0,0.002449883355034722,0.0,1,54.145999980391935,0.9494448304176331,True,0,2,0,1,0,1,1,ships
58895f2ef.jpg,candidates,0.0,0.005989922417534722,0.0,53,53.312999982154,0.9043497443199158,True,0,1,0,1,0,1,1,ships
588ae766a.jpg,candidates,0.1884494357638889,0.013628900556657945,0.0240596519570829,49,51.193899998907,0.66448575258255,True,17,17,1,7,0,3,6,ships
58a34c5d5.jpg,candidates,0.0,0.0,0.0,3,50.31960000633262,0.173419788479805,True,0,0,0,0,0,0,0,empty
58acb8a45.jpg,candidates,0.0,0.0013970269097222222,0.0,1,54.07539999578148,0.9476711750030518,True,1,1,1,0,0,0,1,ships
58acdc0e5.jpg,candidates,0.0,0.0023752848307291665,0.0,2,51.57879999023862,0.08352553099393845,False,0,0,0,0,0,0,0,empty
58b878cb9.jpg,candidates,0.0,0.0015174018012152778,0.04005093044704861,52,51.095400005578995,0.9686050415039062,True,0,6,0,4,0,3,3,ships
58cab45c3.jpg,land_coast,0.0,0.2825639512803819,0.0,27,55.36639998899773,0.7994406819343567,True,0,2,0,2,0,2,2,coast
58f8fb3e8.jpg,land_coast,0.0,0.010114881727430556,0.1924370659722222,41,57.432100002188236,0.9361824989318848,True,3,1,0,1,0,1,1,coast
590d5161f.jpg,candidates,0.0,0.002109103732638889,0.0,11,55.10789999971166,0.9816790819168091,True,0,2,0,2,0,2,2,ships
591cc837a.jpg,candidates,0.0,0.00035264756944444444,0.0,1,53.06659999769181,0.8561998009681702,True,1,1,0,1,0,1,1,ships
592fea2dd.jpg,candidates,0.0,0.0012953016493055555,0.0,2,52.62520001269877,0.8925724029541016,True,0,4,0,2,0,0,1,ships
593f1f5a8.jpg,candidates,0.003806220160590278,0.0,0.0,18,53.63119998946786,0.18721213936805725,True,0,0,0,0,0,0,0,empty
59478f3f5.jpg,land_coast,0.0,0.07206556532118055,0.4119906955295139,19,51.91289997310378,0.9999452829360962,True,2,2,2,1,2,0,1,coast
596092e66.jpg,land_coast,0.0,0.20071241590711805,0.0,2,54.41599999903701,0.5658982992172241,True,14,0,4,0,1,0,1,coast
5960c09d9.jpg,land_coast,0.0,0.3003997802734375,0.0,35,55.25810000835918,0.9171363711357117,True,0,2,0,2,0,2,2,coast
5974abe64.jpg,candidates,0.0,0.005520290798611111,0.03491550021701389,29,56.479499995475635,0.9822391271591187,True,2,3,0,3,0,2,2,ships
59839bb17.jpg,candidates,0.0,0.006220499674479167,0.0,10,52.43439998594113,0.9953790903091431,True,0,6,0,3,0,3,3,ships
599bd10c7.jpg,candidates,0.0,0.11289299858940972,0.0,2,54.56849999609403,0.44443586468696594,True,0,3,0,0,0,0,1,ships
59a1be1f9.jpg,candidates,0.0,0.0006442599826388889,0.0,5,53.65290000918321,0.7630652785301208,True,0,3,0,1,0,0,1,ships
59a39d3b7.jpg,land_coast,0.0,0.2299736870659722,0.0,2,57.60940001346171,0.05580459162592888,False,0,0,0,0,0,0,0,coast
59a589dff.jpg,empty_sea,0.0,0.0,0.0,0,53.64739999640733,0.2315777689218521,True,0,0,0,0,0,0,0,empty
59bb7d5b8.jpg,candidates,0.0,0.0037824842664930555,0.0,3,54.101700021419674,0.8956136703491211,True,0,1,0,1,0,1,1,ships
59bf5d1b7.jpg,candidates,0.0,0.030760023328993056,0.0,60,55.559300002641976,0.637363851070404,True,0,1,0,1,0,1,1,ships
59c472665.jpg,candidates,0.0,0.07233683268229167,0.0,46,54.31879998650402,0.78957599401474,True,0,2,0,1,0,1,1,ships
59c89fe1a.jpg,candidates,0.0,0.0011545817057291667,0.0,3,53.19710000185296,0.9605444073677063,True,0,1,0,1,0,1,1,ships
59d82efa5.jpg,candidates,0.0,0.012556287977430556,0.0,2,52.47080000117421,0.46161800622940063,True,0,0,0,0,0,0,0,empty
59e406b7e.jpg,candidates,0.0,0.00030517578125,0.0,19,54.975600010948256,0.7687207460403442,True,0,2,0,1,0,1,1,ships
59f0b98e7.jpg,land_coast,0.0,0.2141944037543403,0.011372884114583334,0,55.35740000777878,0.024068230763077736,False,0,0,0,0,0,0,0,coast
59f4e4cf9.jpg,candidates,0.0,0.00038825141059027775,0.0,1,51.68019997654483,0.725024402141571,True,2,4,0,1,0,0,2,ships
5a04ee754.jpg,land_coast,0.0,0.3127254909939236,0.0,0,55.670400004601106,0.258476197719574,True,0,0,0,0,0,0,0,coast
5a167eb1f.jpg,land_coast,0.0,0.2997385660807292,0.0,8,53.93910000566393,0.8465089201927185,True,2,4,1,3,0,3,3,coast
5a243dfc1.jpg,candidates,0.0,0.0,0.0,1,53.29159999382682,0.26952990889549255,True,0,0,0,0,0,0,1,ships
5a324478f.jpg,empty_sea,0.0,0.0,0.0,0,51.37729999842122,0.699554979801178,True,0,0,0,0,0,0,0,empty
5a51097a5.jpg,candidates,0.0,0.0031721327039930555,0.0,3,52.88599999039434,0.8548186421394348,True,0,1,0,1,0,1,1,ships
5a515f355.jpg,candidates,0.0,0.0016394721137152778,0.0,7,52.14769998565316,0.9603054523468018,True,1,5,0,2,0,1,2,ships
5a5775ea1.jpg,land_coast,0.0,0.3376990424262153,0.0,0,56.014100002357736,0.6675655245780945,True,0,1,0,1,0,1,1,coast
5a5dd5955.jpg,land_coast,0.0,0.2627699110243056,0.13825480143229166,51,56.3722999941092,0.9985332489013672,True,0,4,0,1,0,0,1,coast
5a5e8d038.jpg,candidates,0.0,0.0060272216796875,0.0,8,56.52149999514222,0.6011288166046143,True,0,4,0,2,0,2,2,ships
5a6a1958b.jpg,candidates,0.0,0.0010613335503472222,0.0,3,56.255800009239465,0.8412371277809143,True,0,3,0,2,0,1,2,ships
5a92876a4.jpg,candidates,0.0,0.007185194227430556,0.0,36,54.01220000931062,0.9995214939117432,True,0,1,0,1,0,1,1,ships
5aaccbeb9.jpg,land_coast,0.0,0.22495015462239584,0.0,18,56.327099999180064,0.6655917167663574,True,1,1,0,1,0,1,1,coast
5acfea976.jpg,candidates,0.0,0.032706366644965276,0.0,80,53.87659999541938,0.9997730851173401,True,5,2,2,2,0,2,2,ships
5ad76b591.jpg,empty_sea,0.0,0.0,0.0,0,54.54539999482222,0.10415586829185486,False,0,0,0,0,0,0,0,empty
5ae8a36e7.jpg,candidates,0.0,0.0005289713541666666,0.0,6,53.50060001364909,0.7798256874084473,True,0,2,0,1,0,0,1,ships
5afcf25e6.jpg,land_coast,0.0,0.20221964518229166,0.0,9,57.34279999160208,0.9198538661003113,True,0,5,0,0,0,0,1,coast
5b1a9d6d2.jpg,candidates,0.0,0.009009467230902778,0.0,2,56.32440000772476,0.9064719080924988,True,0,2,0,2,0,2,2,ships
5b2ec9852.jpg,candidates,0.0,0.001922607421875,0.0,8,56.08060001395643,0.9482810497283936,True,0,5,0,3,0,3,3,ships
5b3f685a0.jpg,candidates,0.0,0.0,0.0,3,52.96869997982867,0.6634811162948608,True,1,0,0,0,0,0,0,empty
5b5ee5ecb.jpg,candidates,0.0,0.003192477756076389,0.014809502495659722,5,53.74770000344142,0.9965994954109192,True,0,2,0,2,0,2,2,ships
5b5efcd3a.jpg,candidates,0.0,0.0027414957682291665,0.031890869140625,22,52.51539999153465,0.953969419002533,True,0,4,0,4,0,4,4,ships
5b686f606.jpg,candidates,0.0,0.0019972059461805555,0.0,16,53.06830001063645,0.7745366096496582,True,0,1,0,1,0,1,1,ships
5b8112f79.jpg,land_coast,0.0,0.2593010796440972,0.0,19,59.602600027574226,0.9777102470397949,True,3,1,1,1,0,0,1,coast
5b8d4908d.jpg,land_coast,0.0,0.0938720703125,0.4312862820095486,49,54.73539998638444,0.5597776770591736,True,0,5,0,2,0,0,2,coast
5b91642be.jpg,land_coast,0.0,0.027058919270833332,0.16787211100260416,75,54.81970001710579,0.9954688549041748,True,0,2,0,1,0,1,1,coast
5b957582b.jpg,cloud,1.0,0.0,0.0,0,34.27060000831261,0.20238950848579407,True,0,0,0,0,0,0,0,cloud
5b9a12be9.jpg,candidates,0.0,0.0006306966145833334,0.0,3,54.36950002331287,0.6992199420928955,True,0,4,0,0,0,0,1,ships
5ba195ac8.jpg,candidates,0.0,0.004696316189236111,0.0,4,54.131400014739484,0.8969283699989319,True,2,2,1,2,1,2,2,ships
5ba9557ef.jpg,land_coast,0.0,0.15024820963541666,0.011345757378472222,21,55.032000003848225,0.7764431834220886,True,1,10,0,1,0,1,15,coast
5bbf96e5c.jpg,candidates,0.0,0.0,0.0,2,53.5076999804005,0.0809205025434494,False,0,0,0,0,0,0,0,empty
5bc117ac2.jpg,candidates,0.0,0.10175916883680555,0.0,3,53.49530000239611,0.1732238084077835,True,0,0,0,0,0,0,0,empty
5bd3a9e70.jpg,candidates,0.0,0.009179009331597222,0.0,2,53.64480000571348,0.4934270977973938,True,1,4,0,3,0,0,1,ships
5bdbe7e78.jpg,land_coast,0.0,0.2144843207465278,0.0,7,56.21660000178963,0.7583317160606384,True,0,0,0,0,0,0,0,coast
5bfdbe3f2.jpg,candidates,0.0,0.0007239447699652778,0.0,2,53.57670001103543,0.985308825969696,True,0,1,0,1,0,1,1,ships
5c1a4ef79.jpg,candidates,0.0,0.0659332275390625,0.0,25,53.708799998275936,0.4229584336280823,True,0,0,0,0,0,0,1,ships
5c1c6a22d.jpg,candidates,0.0,0.004581027560763889,0.014344957139756944,46,53.53350000223145,0.941927969455719,True,1,3,0,2,0,2,2,ships
5c1ebb538.jpg,candidates,0.0,0.001708984375,0.0,7,54.97310002101585,0.7773377895355225,True,0,1,0,1,0,1,1,ships
5c2166eeb.jpg,land_coast,0.0,0.3069373236762153,0.0,13,56.15819999366067,0.7306649088859558,True,0,1,0,1,0,1,1,coast
5c26ac9cb.jpg,land_coast,0.0,0.2613711886935764,0.0,20,54.27419999614358,0.4434034526348114,True,3,1,0,1,0,0,1,coast
5c26aff76.jpg,land_coast,0.0,0.0006561279296875,0.0969696044921875,22,52.66820001997985,0.09162628650665283,False,0,0,0,0,0,0,0,coast
5c29df2f0.jpg,candidates,0.0,0.008675469292534722,0.022801717122395832,14,53.56909998226911,0.9955806136131287,True,0,1,0,1,0,1,1,ships
5c378381f.jpg,candidates,0.0,5.0862630208333336e-05,0.0,2,54.00940001709387,0.528209388256073,True,1,2,0,1,0,0,1,ships
5c3b38449.jpg,land_coast,0.7898898654513888,0.1757406830979937,0.0,0,50.21320001105778,0.3697648346424103,True,1,2,0,1,0,0,1,coast
5c48ac422.jpg,candidates,0.0,0.0977969699435764,0.0,33,54.96899998979643,0.5201804637908936,True,5,8,0,2,0,1,5,ships
5c512aff1.jpg,land_coast,0.0,0.2128482394748264,0.0,10,55.680499994196,0.993520200252533,True,0,6,0,4,0,4,6,coast
5c6268e92.jpg,candidates,0.0,0.0014851888020833333,0.0,8,53.267400013282895,0.7071802616119385,True,0,1,0,1,0,1,1,ships
5c62944ca.jpg,candidates,0.0,0.0,0.0,8,53.33129997598007,0.1448844075202942,True,0,0,0,0,0,0,0,empty
5c6a26d22.jpg,candidates,0.0,0.002677069769965278,0.0,11,56.77809999906458,0.9871014356613159,True,0,2,0,2,0,2,2,ships
5c80aade3.jpg,candidates,0.0,0.0,0.0,1,54.21449997811578,0.10172382742166519,False,0,0,0,0,0,0,0,empty
5c81946ab.jpg,candidates,0.0,0.0003696017795138889,0.0,37,54.684000002453104,0.39567941427230835,True,0,0,0,0,0,0,0,empty
5c89344fa.jpg,candidates,0.0,0.0015004475911458333,0.0,2,55.703300022287294,0.8262144327163696,True,3,2,1,0,0,0,1,ships
5c9fae21c.jpg,candidates,0.0,0.0,0.0,6,53.39230000390671,0.2771777808666229,True,0,1,0,1,0,0,1,ships
5cd6511f8.jpg,land_coast,0.0,0.1868065728081597,0.0,5,56.24370000441559,0.5648255348205566,True,0,0,0,0,0,0,1,coast
5ce319150.jpg,candidates,0.0,0.00038316514756944444,0.0,7,55.22859998745844,0.3608268201351166,True,0,4,0,2,0,1,1,ships
5d13bfeca.jpg,candidates,0.005238850911458333,0.04693111189320139,0.0,67,52.47049999888986,0.9342581629753113,True,1,4,0,2,0,1,4,ships
5d171e4ac.jpg,candidates,0.0,0.0009426540798611111,0.0,4,54.09530000179075,0.99326092004776,True,0,8,0,4,0,1,3,ships
5d34a48b8.jpg,candidates,0.0,0.004133436414930556,0.0,24,54.623000003630295,0.9964472651481628,True,0,6,0,6,0,6,6,ships
5d3fdfcfc.jpg,candidates,0.0,0.04363844129774305,0.0,76,54.1345999808982,0.01372477225959301,False,0,0,0,0,0,0,0,empty
5d44cf827.jpg,candidates,0.0,0.012032402886284722,0.029425726996527776,57,54.58689999068156,0.9925877451896667,True,2,7,0,5,0,2,4,ships
5d518d410.jpg,land_coast,0.0,0.0028228759765625,0.1170993381076389,30,54.532600013772026,0.6560320258140564,True,1,1,0,1,0,1,1,coast
5d580dbe1.jpg,candidates,0.0,6.103515625e-05,0.0,1,53.42069998732768,0.5055126547813416,True,0,1,0,1,0,1,1,ships
5d6757316.jpg,land_coast,0.0,0.24883863661024305,0.0,28,58.82000000565313,0.9293082356452942,True,0,2,0,2,0,2,2,coast
5d6d16fbc.jpg,candidates,0.0,0.0007358127170138889,0.0,4,55.23470000480302,0.8838557600975037,True,0,1,0,1,0,1,1,ships
5da7d74ab.jpg,land_coast,0.0,0.3069678412543403,0.0,2,59.71420000423677,0.9669626355171204,True,1,8,0,7,0,5,7,coast
5daf1913c.jpg,land_coast,0.225311279296875,0.005680916855379169,0.22910349108548964,29,51.99229999561794,0.027704177424311638,False,0,0,0,0,0,0,0,coast
5dc8eca89.jpg,candidates,0.0,0.05961269802517361,0.0,39,55.21890000090934,0.17644229531288147,True,0,0,0,0,0,0,0,empty
5dd4c8fcc.jpg,land_coast,0.0,0.2883453369140625,0.0,0,58.30560001777485,0.14142665266990662,True,0,0,0,0,0,0,0,coast
5e02a0604.jpg,candidates,0.0,0.0090484619140625,0.010828653971354166,86,53.99059999035671,0.736990213394165,True,15,2,1,1,1,0,1,ships
5e05db88b.jpg,candidates,0.0,0.007146199544270833,0.0,7,55.305999994743615,0.9706206917762756,True,1,2,0,2,0,2,2,ships
5e0615a63.jpg,candidates,0.18304612901475695,0.029605615450521205,0.0,4,52.34770002425648,0.2192205786705017,True,0,0,0,0,0,0,0,empty
5e0b48427.jpg,candidates,0.0,0.0005950927734375,0.0,37,55.614400014746934,0.18026116490364075,True,2,2,0,1,0,0,1,ships
5e10b2a05.jpg,candidates,0.0,0.0029161241319444445,0.0,6,54.82200000551529,0.9951521158218384,True,0,1,0,1,0,1,1,ships
5e18d3150.jpg,land_coast,0.6700625949435763,0.28058052867344324,0.0,8,50.479099998483434,0.9529350399971008,True,2,0,0,0,0,0,1,coast
5e1b9f458.jpg,candidates,0.0,0.0080413818359375,0.0201873779296875,14,51.8885999917984,0.9984190464019775,True,6,11,2,4,1,3,6,ships
5e2ecc92b.jpg,candidates,0.0,0.024831136067708332,0.0,24,52.50839999644086,0.6579841375350952,True,0,3,0,1,0,0,1,ships
5e31f3b00.jpg,land_coast,0.0,0.2982059054904514,0.0,12,55.57920000865124,0.9376791715621948,True,2,4,0,4,0,4,4,coast
5e3966066.jpg,empty_sea,0.0,0.0,0.0,0,52.6086000027135,0.2302163541316986,True,0,0,0,0,0,0,0,empty
5e40211e9.jpg,candidates,0.0,0.0,0.0,2,53.90669999178499,0.5962992310523987,True,0,0,0,0,0,0,0,empty
5e4318f79.jpg,candidates,0.0,0.013609144422743056,0.017281426323784724,34,55.857400002423674,0.7861239910125732,True,1,3,0,3,0,2,2,ships
5e4389b28.jpg,candidates,0.0,0.00015597873263888888,0.0,1,53.230499994242564,0.5874751806259155,True,0,1,0,1,0,1,1,ships
5e4b96122.jpg,land_coast,0.0,0.3302239312065972,0.0,1,55.55079999612644,0.9330692291259766,True,0,1,0,1,0,1,1,coast
5e57020b7.jpg,land_coast,0.0,0.2247161865234375,0.0,0,55.507700017187744,0.13200275599956512,True,0,0,0,0,0,0,0,coast
5e5c558c4.jpg,land_coast,0.7239261203342013,0.13504127852442702,0.0,0,49.38969999784604,0.29868385195732117,True,0,0,0,0,0,0,0,coast
5e61b3464.jpg,candidates,0.0,0.005293104383680556,0.0,1,54.82050002319738,0.972201406955719,True,0,1,0,1,0,1,1,ships
5e65f927a.jpg,candidates,0.0,0.0,0.0,4,54.08249999163672,0.2230382263660431,True,0,0,0,0,0,0,0,empty
5e7670d13.jpg,candidates,0.0,0.0023210313585069445,0.0,1,53.51960001280531,0.8182780742645264,True,1,4,0,0,0,0,1,ships
5e76f1c26.jpg,candidates,0.0,0.0030687120225694445,0.0,8,52.14489999343641,0.9981670379638672,True,0,10,0,6,0,3,5,ships
5e7e13572.jpg,candidates,0.0,0.00044928656684027775,0.0,28,54.00450000888668,0.7785038352012634,True,1,3,0,2,0,1,2,ships
5eb0a58bc.jpg,candidates,0.0,0.0317840576171875,0.0,5,54.12330001126975,0.5912813544273376,True,0,1,0,1,0,1,1,ships
5eb713fd8.jpg,land_coast,0.0,0.3181237114800347,0.0,19,57.65220001921989,0.8991027474403381,True,0,1,0,1,0,1,1,coast
5ec7f2338.jpg,candidates,0.0,0.023510403103298612,0.016532050238715276,28,54.8768000153359,0.9973496198654175,True,1,3,0,3,0,3,3,ships
5ecea870b.jpg,candidates,0.0,0.0009528266059027778,0.0,6,57.245500007411465,0.9920207858085632,True,0,7,0,3,0,2,5,ships
5ed922c43.jpg,candidates,0.0,0.0052032470703125,0.015155368381076388,7,53.08339998009615,0.9752644896507263,True,0,1,0,1,0,1,1,ships
5ef3977df.jpg,candidates,0.0,0.0004323323567708333,0.0,4,54.569700005231425,0.44667384028434753,True,0,2,0,1,0,1,1,ships
5ef5e8aa9.jpg,candidates,0.0,0.014989217122395834,0.017430623372395832,46,53.360499994596466,0.9779219031333923,True,14,11,6,5,4,4,10,ships
5efecf273.jpg,candidates,0.0,0.05395168728298611,0.043051825629340276,67,55.25889998534694,0.8880350589752197,True,9,2,3,1,2,1,1,ships
5efee2828.jpg,candidates,0.0,0.001976860894097222,0.0,18,53.52299998048693,0.9887443780899048,True,0,1,0,1,0,1,1,ships
5f12dd678.jpg,candidates,0.0,0.0,0.025188869900173612,11,52.19560000114143,0.08035939931869507,False,0,0,0,0,0,0,0,empty
5f1817b60.jpg,land_coast,0.0,0.3435567220052083,0.0,1,57.96070001088083,0.8913584351539612,True,0,1,0,1,0,1,1,coast
5f1a5d81a.jpg,candidates,0.0,0.029942830403645832,0.0,7,53.292600001441315,0.07411767542362213,False,0,0,0,0,0,0,0,empty
5f4ad3032.jpg,candidates,0.0,0.0027635362413194445,0.0,35,54.10049998317845,0.9915184378623962,True,3,8,0,6,0,6,6,ships
5f525b723.jpg,candidates,0.10873921712239583,0.061561776000507794,0.0,14,53.99089999264106,0.8001556992530823,True,1,1,1,1,0,1,1,ships
5f68036bb.jpg,candidates,0.0,0.0013071695963541667,0.0,78,53.94720000913367,0.03428880125284195,False,0,0,0,0,0,0,0,empty
5f7482430.jpg,land_coast,0.0,0.1538204616970486,0.010270860460069444,18,57.31990002095699,0.7362890839576721,True,1,10,0,5,0,4,4,coast
5fac14abb.jpg,candidates,0.0,0.001788669162326389,0.0,4,54.362199996830896,0.999875545501709,True,1,3,1,3,0,3,4,ships
5fad659cd.jpg,land_coast,0.0,0.16122266981336805,0.0,5,56.701699999393895,0.6590445637702942,True,3,2,0,2,0,2,2,coast
5fb258778.jpg,candidates,0.0,0.001922607421875,0.0,6,53.7631000042893,0.997510552406311,True,1,7,0,5,0,2,3,ships
5fbe0d723.jpg,candidates,0.0,0.0695037841796875,0.04072909884982639,119,53.22619999060407,0.9979530572891235,True,9,5,3,4,1,4,4,ships
5fbe53511.jpg,candidates,0.1612209743923611,0.0004882702309025819,0.012411911331767313,30,52.80539998784661,0.91512531042099,True,7,1,2,1,1,1,1,ships
5fc456f68.jpg,candidates,0.0,0.00299072265625,0.015404595269097222,8,54.56259998027235,0.9984515905380249,True,0,1,0,1,0,1,1,ships
5fd44dd8b.jpg,candidates,0.0,0.0004967583550347222,0.0,1,53.98689999128692,0.867275059223175,True,0,2,0,1,0,0,1,ships
5fe5af744.jpg,candidates,0.0,0.0006256103515625,0.0,39,54.22999997972511,0.07248370349407196,False,0,0,0,0,0,0,0,empty
5fe620edf.jpg,candidates,0.0,0.00015597873263888888,0.0,2,54.5202000066638,0.5320159792900085,True,4,1,2,1,0,1,1,ships
5fe8fdae8.jpg,candidates,0.0,0.005025227864583333,0.0,14,54.23969999537803,0.957956850528717,True,0,1,0,1,0,1,1,ships
5fffefe8f.jpg,candidates,0.0,0.011308458116319444,0.0,5,54.57010000827722,0.8405607342720032,True,0,1,0,1,0,1,1,ships
600bfedf2.jpg,land_coast,0.0,0.3695763481987847,0.019085354275173612,11,61.044400004902855,0.814448356628418,True,0,9,0,3,0,2,4,coast
6013e1698.jpg,land_coast,0.0,0.1962398952907986,0.026936848958333332,20,57.3986999806948,0.8357313871383667,True,0,3,0,1,0,1,2,coast
60338a3a3.jpg,land_coast,0.0,0.24649217393663195,0.0,2,59.19739999808371,0.08573121577501297,False,0,3,0,2,0,1,1,coast
6051efdfb.jpg,land_coast,0.8258819580078125,0.2778442271160205,0.0,0,49.70390000380576,0.44240647554397583,True,0,0,0,0,0,0,0,coast
605df5867.jpg,candidates,0.0,0.0017852783203125,0.0,14,52.27300000842661,0.9764012694358826,True,0,2,0,1,0,1,2,ships
6071c4d05.jpg,candidates,0.0,0.0,0.0,1,52.19430002034642,0.6406780481338501,True,0,1,0,1,0,1,1,ships
607a6818b.jpg,land_coast,0.0,0.3151465521918403,0.0,3,58.55879999580793,0.7727625966072083,True,0,1,0,1,0,1,1,coast
608183831.jpg,candidates,0.0,0.0011494954427083333,0.0,11,53.64100000588223,0.981810450553894,True,0,1,0,1,0,1,1,ships
6084eb347.jpg,land_coast,0.0,0.049163818359375,0.3179372151692708,53,51.88079999061301,0.9967965483665466,True,2,11,1,7,0,4,6,coast
6086db4b3.jpg,candidates,0.0,0.0003916422526041667,0.0,4,53.44320001313463,0.580160915851593,True,0,1,0,1,0,1,1,ships
6097b137c.jpg,empty_sea,0.0,0.0,0.0,0,52.98959999345243,0.6845939755439758,True,0,0,0,0,0,0,0,empty
60c19b344.jpg,candidates,0.0,0.002087063259548611,0.0,3,53.20610001217574,0.9837840795516968,True,0,1,0,1,0,1,1,ships
60d951c13.jpg,candidates,0.0,0.001095241970486111,0.0,30,52.45330001343973,0.8645216822624207,True,0,2,0,2,0,1,1,ships
60fa60ce1.jpg,cloud,1.0,0.0,0.0,0,32.59369998704642,0.03757987543940544,False,0,0,0,0,0,0,0,cloud
60fb74cec.jpg,candidates,0.0,0.09193589952256945,0.0,25,54.30659998091869,0.5002622604370117,True,0,2,0,1,0,0,1,ships
60fca886c.jpg,land_coast,0.0,0.2680002848307292,0.0,4,54.89299999317154,0.5951635837554932,True,0,3,0,2,0,1,1,coast
6109bea53.jpg,land_coast,0.0,0.21758863661024305,0.0,4,60.36599999060854,0.6074717044830322,True,1,2,0,1,0,1,1,coast
611b87d1b.jpg,candidates,0.0,0.0033128526475694445,0.0,27,54.27009999402799,0.8427642583847046,True,0,2,0,2,0,2,2,ships
611bdd0f6.jpg,land_coast,0.0,0.2371826171875,0.0,16,55.18539997865446,0.9934340715408325,True,0,2,0,2,0,2,2,coast
611c6d977.jpg,candidates,0.0,0.0012986924913194445,0.0,2,53.89049998484552,0.9800668954849243,True,1,4,0,3,0,2,2,ships
612475f72.jpg,land_coast,0.0,0.1487036810980903,0.0,0,54.002399992896244,0.4981272220611572,True,0,0,0,0,0,0,0,coast
612f58fd0.jpg,candidates,0.0,0.001422458224826389,0.0,13,54.1232000105083,0.7687702775001526,True,4,5,0,3,0,3,3,ships
613439502.jpg,candidates,0.0,0.00029839409722222225,0.0,27,53.95679999492131,0.013882885687053204,False,0,0,0,0,0,0,0,empty
61482ae75.jpg,candidates,0.018688625759548612,0.10763974787368596,0.0,1,54.96769997989759,0.6744943261146545,True,4,2,0,2,0,0,1,ships
6171d14ca.jpg,land_coast,0.0,0.3238406711154514,0.0,3,57.136000017635524,0.8214237093925476,True,0,1,0,1,0,1,1,coast
6172d21ee.jpg,candidates,0.0,0.0,0.0,1,55.20160001469776,0.5140314102172852,True,0,0,0,0,0,0,0,empty
618df3664.jpg,candidates,0.0,0.003277248806423611,0.0,39,54.31589999352582,0.13912169635295868,True,0,0,0,0,0,0,0,empty
6192d732b.jpg,land_coast,0.0,0.05868360731336805,0.2143673366970486,55,54.96499998844229,0.9823009967803955,True,4,6,1,4,0,3,2,coast
619969782.jpg,candidates,0.0,3.2212999131944445e-05,0.0,4,52.88010000367649,0.23921366035938263,True,0,2,0,1,0,1,1,ships
61a8246ec.jpg,candidates,0.0,0.0,0.0,24,53.477799985557795,0.6397227644920349,True,0,0,0,0,0,0,0,empty
61b351949.jpg,candidates,0.0,0.0015801323784722222,0.0,2,53.86769998585805,0.9937919974327087,True,3,2,0,2,0,1,2,ships
61b63d0b4.jpg,land_coast,0.0,0.24160257975260416,0.0,7,57.73669999325648,0.09695011377334595,False,2,6,0,1,0,0,1,coast
61b77138e.jpg,land_coast,0.0,0.2555694580078125,0.0,71,55.817100015701726,0.5478063821792603,True,0,0,0,0,0,0,1,coast
61b798331.jpg,candidates,0.0,0.011064317491319444,0.0,60,55.085200001485646,0.9549086689949036,True,1,2,1,1,1,1,1,ships
61bca572a.jpg,candidates,0.0,0.0006035698784722222,0.0,12,52.62539998511784,0.7013207077980042,True,0,2,0,1,0,1,1,ships
61c31088d.jpg,empty_sea,0.029681735568576388,0.0,0.0,0,50.97999999998137,0.12924113869667053,True,0,0,0,0,0,0,0,empty
61d58ee7b.jpg,candidates,0.0,0.0,0.0,1,52.11689998395741,0.5210874080657959,True,0,1,0,1,0,1,1,ships
61dc40fd1.jpg,land_coast,0.0,0.23498026529947916,0.04316880967881945,8,59.41990000428632,0.9925766587257385,True,0,1,0,1,0,1,1,coast
61dc82daf.jpg,land_coast,0.0,0.2470821804470486,0.0,41,56.80360001861118,0.7698444724082947,True,0,1,0,1,0,1,1,coast
61df3baf8.jpg,candidates,0.0,0.0016089545355902778,0.0,17,55.009900010190904,0.9839575290679932,True,0,1,0,1,0,1,1,ships
61e0635a9.jpg,candidates,0.0,0.004097832573784722,0.0,3,53.796199994394556,0.918674111366272,True,0,1,0,1,0,1,1,ships
61e13ffc2.jpg,candidates,0.0,0.009738498263888888,0.0,6,53.76629999955185,0.3145522475242615,True,0,0,0,0,0,0,0,empty
61ead3a8f.jpg,land_coast,0.0,0.08606126573350695,0.3109639485677083,38,53.7596000067424,0.9703285694122314,True,0,3,0,1,0,1,2,coast
61eea7bd2.jpg,candidates,0.0,0.0004425048828125,0.0,8,55.41470000753179,0.756941020488739,True,1,3,0,2,0,1,1,ships
61f4b7093.jpg,candidates,0.0,0.10409715440538195,0.0,29,54.90429999190383,0.734978973865509,True,0,1,0,1,0,1,1,ships
61fef9752.jpg,candidates,0.0,0.0402984619140625,0.0,6,54.15860001812689,0.7005165219306946,True,0,1,0,1,0,1,1,ships
6202c708c.jpg,candidates,0.0,0.002663506401909722,0.0,67,52.766599983442575,0.07553968578577042,False,0,0,0,0,0,0,0,empty
620efe0a7.jpg,land_coast,0.0,0.2711249457465278,0.0,0,58.09840001165867,0.6341003775596619,True,0,1,0,1,0,1,1,coast
621c68c03.jpg,candidates,0.0,0.0,0.05828518337673611,18,53.14350000116974,0.07003062963485718,False,0,0,0,0,0,0,0,empty
622d6d0d4.jpg,candidates,0.0,0.000988430447048611,0.0,2,54.7872000024654,0.6343647837638855,True,0,2,0,1,0,1,1,ships
62316abde.jpg,candidates,0.0,0.00047980414496527775,0.0,1,53.72879997594282,0.2059934288263321,True,0,0,0,0,0,0,0,empty
624499178.jpg,land_coast,0.0,0.247314453125,0.1687130398220486,51,55.82390000927262,0.8603723645210266,True,27,6,4,0,0,0,9,coast
6258df304.jpg,candidates,0.0,0.0018208821614583333,0.0,4,54.25240000477061,0.9711467027664185,True,0,4,0,2,0,1,2,ships
6260359bc.jpg,candidates,0.0,0.0004306369357638889,0.043921576605902776,52,54.76269999053329,0.8055766820907593,True,0,1,0,1,0,1,1,ships
627b570cb.jpg,candidates,0.0,0.0009223090277777778,0.0,31,54.043700016336516,0.8114227056503296,True,0,1,0,1,0,1,1,ships
628bda4f0.jpg,candidates,0.0,0.0008104112413194445,0.0,32,51.96119999163784,0.8207456469535828,True,0,3,0,2,0,2,2,ships
629e69227.jpg,candidates,0.0,0.08538987901475695,0.0,51,54.92870000307448,0.9632917046546936,True,0,1,0,1,0,1,1,ships
62b0f23b5.jpg,empty_sea,0.0,0.0,0.0,0,54.12700001033954,0.28428447246551514,True,0,0,0,0,0,0,0,empty
62b6cdf6a.jpg,candidates,0.0,0.00022210015190972222,0.0,35,54.56449999473989,0.2303025871515274,True,0,0,0,0,0,0,0,empty
62b783d1a.jpg,candidates,0.0,0.029468112521701388,0.018664889865451388,45,54.28889999166131,0.7412868142127991,True,0,1,0,1,0,1,1,ships
62bb9b5ca.jpg,land_coast,0.8961012098524306,0.24103045473508553,0.0,0,49.4901999772992,0.31162703037261963,True,1,0,0,0,0,0,1,coast
62bebb389.jpg,candidates,0.0,0.002051459418402778,0.0,9,54.00929998722859,0.9360164999961853,True,0,2,0,2,0,2,2,ships
62bf57d05.jpg,candidates,0.0,4.916720920138889e-05,0.0,3,52.53600000287406,0.5577176809310913,True,2,0,1,0,0,0,0,empty
62c360fc7.jpg,candidates,0.0,0.0005984836154513889,0.0,3,54.19509997591376,0.8960326910018921,True,0,1,0,1,0,1,1,ships
62ccf1448.jpg,candidates,0.0,6.612141927083333e-05,0.0,1,53.35160001413897,0.4098788797855377,True,0,1,0,0,0,0,1,ships
62d04cd06.jpg,empty_sea,0.0,0.0,0.0,0,54.18970002210699,0.5087208151817322,True,0,0,0,0,0,0,0,empty
62dc7c9bc.jpg,land_coast,0.0659976535373264,0.12876189981620545,0.23508639827592923,92,54.953599988948554,0.943878710269928,True,1,3,0,2,0,1,7,coast
62f9ef30e.jpg,land_coast,0.3560774061414931,0.006438351850632527,0.35798839436264895,30,50.43360000126995,0.12202928215265274,False,0,0,0,0,0,0,0,coast
62faad686.jpg,candidates,0.0,0.001330905490451389,0.0,2,55.07150001358241,0.9433774948120117,True,0,1,0,1,0,1,1,ships
62fbfe8e6.jpg,land_coast,0.0,0.2880079481336806,0.0,17,59.029399999417365,0.9491541385650635,True,0,1,0,1,0,1,1,coast
6309f9044.jpg,candidates,0.0,8.816189236111111e-05,0.0,14,54.585700010648,0.30207905173301697,True,2,0,1,0,1,0,1,ships
6323b94b0.jpg,candidates,0.0,0.002956814236111111,0.0,10,53.27400000533089,0.9862890243530273,True,1,9,0,3,0,2,3,ships
63276a6d2.jpg,empty_sea,0.0,0.0,0.0,0,53.15550000523217,0.538138747215271,True,0,0,0,0,0,0,0,empty
63340414f.jpg,candidates,0.0,0.004060533311631944,0.0,16,56.74959998577833,0.8819814920425415,True,2,2,0,2,0,2,2,ships
633b0cc46.jpg,candidates,0.0,0.013419257269965278,0.0,79,54.41499999142252,0.9089252352714539,True,4,1,0,1,0,1,1,ships
6341a8392.jpg,candidates,0.0,0.00012885199652777778,0.0,2,53.46690001897514,0.5280865430831909,True,0,2,0,1,0,1,1,ships
63421669e.jpg,candidates,0.0,0.027406480577256944,0.0,82,54.68000000109896,0.19708555936813354,True,0,0,0,0,0,0,0,empty
63488d54b.jpg,land_coast,0.0975613064236111,0.002523829737969359,0.24105854204453364,31,52.99809999996796,0.041592128574848175,False,0,0,0,0,0,0,1,coast
635879d30.jpg,candidates,0.0,0.002917819552951389,0.014350043402777778,11,53.596099984133616,0.9772965312004089,True,2,7,1,4,0,2,5,ships
6359bb31f.jpg,land_coast,0.0655364990234375,0.09894594809994495,0.1342058097961771,104,53.84629999753088,0.6919673681259155,True,2,2,0,0,0,0,4,coast
636e10852.jpg,candidates,0.0,0.00023566351996527778,0.0,1,52.7083000051789,0.5090240836143494,True,3,1,1,1,0,0,1,ships
6371e60a3.jpg,candidates,0.0,0.002068413628472222,0.0,3,55.777300003683195,0.9800555109977722,True,0,1,0,1,0,1,1,ships
6375178e4.jpg,candidates,0.0,0.019885592990451388,0.0,1,54.70390000846237,0.6912448406219482,True,0,5,0,2,0,1,1,ships
63760ae99.jpg,candidates,0.0,0.03451707628038195,0.0,2,54.190300026675686,0.1274208128452301,True,0,0,0,0,0,0,0,empty
63948cf16.jpg,candidates,0.0,0.09691365559895833,0.025648328993055556,70,53.68260000250302,0.2557094097137451,True,0,6,0,3,0,3,4,ships
63b04978d.jpg,candidates,0.0,0.0016225179036458333,0.0,9,56.11969999154098,0.956762433052063,True,0,1,0,1,0,1,1,ships
63b70edf2.jpg,candidates,0.0,0.0005120171440972222,0.0,4,54.50830000336282,0.9118949174880981,True,0,3,0,2,0,2,2,ships
63d15cc3f.jpg,land_coast,0.0,0.08841451009114583,0.1770901150173611,50,54.82849999680184,0.9981480836868286,True,3,2,0,1,0,1,1,coast
63e3e34f5.jpg,candidates,0.0,0.11067877875434028,0.0,16,54.47120001190342,0.49000251293182373,True,1,1,1,1,1,1,1,ships
63f047d76.jpg,candidates,0.0,0.00023566351996527778,0.0,23,55.54869998013601,0.8746263980865479,True,0,1,0,1,0,1,1,ships
63f91fd81.jpg,candidates,0.0,0.0011088053385416667,0.0,8,55.125400016549975,0.9785090088844299,True,1,5,1,2,0,2,2,ships
643e4e5aa.jpg,cloud,0.9272596571180556,0.0,0.0,0,33.41960001853295,0.4357313811779022,True,0,0,0,0,0,0,0,cloud
644203589.jpg,land_coast,0.0,0.2985059950086806,0.0,1,56.46409999462776,0.16114966571331024,True,2,0,0,0,0,0,0,coast
644426a8d.jpg,land_coast,0.0,0.2981296115451389,0.0,0,64.16340000578202,0.24467985332012177,True,0,0,0,0,0,0,0,coast
6448b9251.jpg,candidates,0.0,0.0002627902560763889,0.0,1,54.83710000407882,0.6636752486228943,True,0,1,0,1,0,1,1,ships
644ab05a7.jpg,candidates,0.0,0.015657212999131944,0.0,189,56.517900025937706,0.06966198235750198,False,0,0,0,0,0,0,0,empty
646d868da.jpg,candidates,0.0,0.0015174018012152778,0.0,10,54.734400007873774,0.9591318964958191,True,0,10,0,7,0,5,7,ships
646fe7e2b.jpg,candidates,0.0,0.0008375379774305555,0.0,12,55.04499998642132,0.8893361687660217,True,0,4,0,4,0,4,4,ships
647f1ade6.jpg,candidates,0.0,0.061238606770833336,0.0,11,54.5542000036221,0.3631492853164673,True,2,4,1,1,1,1,2,ships
6487b626e.jpg,candidates,0.0,0.0007731119791666666,0.0,6,54.90200000349432,0.7910314798355103,True,0,4,0,3,0,2,2,ships
648bca076.jpg,candidates,0.0,0.0023752848307291665,0.0,3,53.862800006754696,0.9509484171867371,True,0,3,0,2,0,0,1,ships
649b2e8ec.jpg,candidates,0.0,0.06146579318576389,0.0,17,56.49160000029951,0.8003108501434326,True,0,1,0,1,0,1,1,ships
649bc21de.jpg,land_coast,0.6546274820963541,0.21951824154030491,0.0,0,51.770999998552725,0.4265255630016327,True,0,0,0,0,0,0,1,coast
64a7549ff.jpg,candidates,0.0,0.0022413465711805555,0.0,16,54.35900000156835,0.9402235746383667,True,2,0,0,0,0,0,11,ships
64b2eba37.jpg,candidates,0.0,0.003811306423611111,0.0,27,54.36589999590069,0.9995408058166504,True,0,2,0,2,0,2,2,ships
64c6a0837.jpg,candidates,0.0,0.0020345052083333335,0.0,7,54.23750000772998,0.9528757333755493,True,0,1,0,1,0,1,1,ships
64c745c64.jpg,land_coast,0.142974853515625,0.0009811002768749248,0.27552867059909314,38,52.77469998691231,0.09000632911920547,False,0,0,0,0,0,0,0,coast
64cfe2eee.jpg,candidates,0.0,0.005810207790798611,0.0,13,56.04290001792833,0.9725554585456848,True,0,2,0,2,0,2,2,ships
64d4a0a5c.jpg,candidates,0.0,0.0011545817057291667,0.0,2,52.03809999511577,0.9240913391113281,True,0,2,0,2,0,2,2,ships
64d4d6ee0.jpg,candidates,0.0,0.0,0.0,13,53.78220000420697,0.36872342228889465,True,0,0,0,0,0,0,0,empty
64d632f12.jpg,candidates,0.0,0.0,0.0,40,53.859799983911216,0.2865985631942749,True,0,0,0,0,0,0,0,empty
64e99cf7f.jpg,candidates,0.0,0.00011528862847222222,0.0,1,53.17629998899065,0.7295917272567749,True,0,3,0,1,0,0,1,ships
650485548.jpg,candidates,0.0,0.006568060980902778,0.0,40,53.20560000836849,0.5192919373512268,True,0,2,0,1,0,1,1,ships
65119ed3f.jpg,land_coast,0.0,0.17771742078993055,0.0,6,55.85490001249127,0.9943898320198059,True,0,1,0,1,0,1,1,coast
6511aeb37.jpg,candidates,0.0,0.0005476209852430555,0.0,4,53.861499996855855,0.6858304738998413,True,0,2,0,1,0,1,1,ships
651e8a037.jpg,candidates,0.0,0.037650214301215276,0.0,59,54.48280001292005,0.0766662061214447,False,0,0,0,0,0,0,0,empty
65565b352.jpg,candidates,0.0,0.026148478190104168,0.0,1,54.381699999794364,0.005032246466726065,False,0,0,0,0,0,0,0,empty
655875570.jpg,candidates,0.0,0.00034925672743055556,0.0,1,52.968200005125254,0.862466037273407,True,1,1,1,1,1,0,1,ships
656335508.jpg,candidates,0.0,0.001971774631076389,0.0,9,54.86569998902269,0.9460781216621399,True,1,6,0,4,0,2,3,ships
656392ff0.jpg,candidates,0.0,0.0644412570529514,0.0,3,54.91749997599982,0.1255875825881958,False,0,2,0,2,0,2,2,ships
656ac2333.jpg,candidates,0.0,0.0029585096571180555,0.0,12,55.498900008387864,0.9686166644096375,True,0,1,0,1,0,1,1,ships
656ac6382.jpg,candidates,0.0,0.0130157470703125,0.014017740885416666,74,55.595100013306364,0.9174973964691162,True,3,2,1,2,0,2,2,ships
656ce5bbc.jpg,land_coast,0.0,0.3015187581380208,0.0,12,57.476799993310124,0.8618729114532471,True,3,2,0,2,0,2,2,coast
656e328c3.jpg,candidates,0.0,0.0011732313368055555,0.0,2,54.09080002573319,0.9603649377822876,True,0,2,0,1,0,0,1,ships
6571aaec6.jpg,land_coast,0.0,0.3055335150824653,0.0,60,58.42539999866858,0.9860401153564453,True,0,5,0,5,0,5,5,coast
657957194.jpg,land_coast,0.0,0.1772070990668403,0.0,10,55.62229998758994,0.9170955419540405,True,2,1,1,1,0,1,1,coast
65862b293.jpg,candidates,0.0,0.0018361409505208333,0.0,5,55.38659999729134,0.9767845273017883,True,0,3,0,1,0,1,2,ships
6597cc0af.jpg,candidates,0.0,0.008514404296875,0.028025309244791668,31,53.65379998693243,0.9999915361404419,True,2,1,2,1,1,1,1,ships
659bb04d1.jpg,candidates,0.0,0.0037434895833333335,0.013042873806423612,27,56.3607000221964,0.9879931211471558,True,0,2,0,2,0,2,2,ships
659f6dccf.jpg,land_coast,0.0,0.143280029296875,0.0,89,57.93529999209568,0.09849309176206589,False,0,0,0,0,0,0,0,coast
65a4b32f6.jpg,candidates,0.0,0.000579833984375,0.0,21,55.289899988565594,0.8794172406196594,True,0,3,0,2,0,2,3,ships
65b4b2708.jpg,candidates,0.0,0.00020684136284722222,0.0,2,55.08300001383759,0.4318959414958954,True,0,2,0,1,0,0,1,ships
65bb54bb5.jpg,candidates,0.0,0.00103759765625,0.0,26,55.24499999592081,0.7272161841392517,True,0,2,0,2,0,1,1,ships
65c56212f.jpg,land_coast,0.0,0.1870303683810764,0.0,25,56.922499992651865,0.7438682317733765,True,0,4,0,4,0,2,2,coast
66039a7fc.jpg,candidates,0.0,0.0003204345703125,0.0,1,53.411000000778586,0.892630934715271,True,1,3,0,3,0,0,1,ships
66114c351.jpg,candidates,0.0,0.0,0.0,15,54.44770000758581,0.5965807437896729,True,8,1,0,1,0,1,2,ships
662803de2.jpg,land_coast,0.05056593153211805,0.00024392315155939167,0.1801652534180861,38,53.6075999843888,0.10916408896446228,False,0,0,0,0,0,0,0,coast
66339de00.jpg,candidates,0.0,0.005759345160590278,0.0,12,53.534300008323044,0.9978851675987244,True,0,2,0,2,0,2,2,ships
6649b3107.jpg,land_coast,0.0,0.20945231119791666,0.018317328559027776,25,54.50050000217743,0.9394857287406921,True,0,0,0,0,0,0,1,coast
66533ee72.jpg,land_coast,0.0,0.2606252034505208,0.0,3,60.243000014452264,0.8934847116470337,True,0,1,0,1,0,1,1,coast
665dd4cd2.jpg,land_coast,0.0,0.23225572374131945,0.0,10,56.12930000643246,0.9038041830062866,True,0,2,0,2,0,2,2,coast
66773775e.jpg,empty_sea,0.0,0.0,0.0,0,53.81039998610504,0.43641602993011475,True,0,0,0,0,0,0,0,empty
667ca2d49.jpg,candidates,0.0,0.0025634765625,0.0,26,55.63859999529086,0.8411418199539185,True,2,6,1,1,0,0,3,ships
667f2efbe.jpg,candidates,0.0,0.0003543429904513889,0.0,27,54.694099992047995,0.10778912156820297,False,0,0,0,0,0,0,0,empty
6683adbea.jpg,land_coast,0.0,0.2180870903862847,0.0,19,57.25789998541586,0.08049853146076202,False,0,0,0,0,0,0,0,coast
66bdead5e.jpg,candidates,0.0,0.0753631591796875,0.0,39,59.860499983187765,0.6569639444351196,True,12,16,2,3,0,2,11,ships
66be2652d.jpg,land_coast,0.0,0.2936553955078125,0.0,0,59.80950000230223,0.20343485474586487,True,0,0,0,0,0,0,1,coast
66c7c3361.jpg,land_coast,0.0,0.2891472710503472,0.0,7,61.342600005446,0.9970958232879639,True,0,3,0,3,0,3,4,coast
66e928af2.jpg,candidates,0.0,0.004781087239583333,0.0,60,55.7109999936074,0.7763264179229736,True,0,3,0,1,0,0,1,ships
670786bb5.jpg,candidates,0.0,0.005288018120659722,0.025666978624131944,17,55.38329997216351,0.8913869261741638,True,1,1,0,1,0,1,1,ships
670858070.jpg,candidates,0.0,0.021002875434027776,0.023664686414930556,61,55.4505999898538,0.9956522583961487,True,0,1,0,1,0,1,1,ships
67147851e.jpg,candidates,0.0,0.005164252387152778,0.0,11,54.83760000788607,0.9649513959884644,True,0,1,0,1,0,1,1,ships
6736a0369.jpg,candidates,0.0,0.0037095811631944445,0.017910427517361112,17,56.28600000636652,0.9721257090568542,True,0,1,0,1,0,1,1,ships
6744b9fda.jpg,candidates,0.0,0.0021684434678819445,0.0,10,54.24490000586957,0.9799374938011169,True,3,1,1,1,1,1,1,ships
6749af8c4.jpg,candidates,0.0,0.0027906629774305555,0.0,16,55.14199999743141,0.9996284246444702,True,0,5,0,5,0,3,4,ships
6754809e8.jpg,candidates,0.0,0.0010426839192708333,0.0,2,54.06239998410456,0.9673659801483154,True,1,5,0,2,0,0,1,ships
67577cbaf.jpg,land_coast,0.0,0.032440185546875,0.2461429172092014,83,53.437800001120195,0.83454430103302,True,4,7,1,5,1,4,5,coast
6766c03b6.jpg,empty_sea,0.0,0.0,0.0,0,54.60199998924509,0.010321877896785736,False,0,0,0,0,0,0,0,empty
677099af4.jpg,candidates,0.0,0.002056545681423611,0.0,30,52.88140001357533,0.8725972175598145,True,0,2,0,2,0,2,2,ships
6788d5f48.jpg,land_coast,0.020923190646701388,0.008201982116531104,0.29433573563385235,50,54.633299994748086,0.17965903878211975,True,0,0,0,0,0,0,0,coast
6790f0a40.jpg,land_coast,0.0,0.2533365885416667,0.0,3,55.98549998831004,0.10834801197052002,False,0,0,0,0,0,0,0,coast
679127cbe.jpg,candidates,0.0,0.001147800021701389,0.0,83,52.887900004861876,0.05333079397678375,False,0,0,0,0,0,0,0,empty
679a3f8ae.jpg,land_coast,0.4738871256510417,0.2723302835728454,0.0,0,51.92870000610128,0.44830232858657837,True,0,2,0,1,0,0,1,coast
67ab21f57.jpg,candidates,0.0,0.052176581488715276,0.0,9,54.27369999233633,0.03291784226894379,False,3,0,0,0,0,0,0,empty
67b34d693.jpg,empty_sea,0.0,0.0,0.0,0,52.837600000202656,0.4094136357307434,True,0,0,0,0,0,0,0,empty
67c7f5fc8.jpg,candidates,0.0,0.0016428629557291667,0.0,3,54.811199981486425,0.9396587610244751,True,2,1,0,1,0,1,1,ships
67ca61dc8.jpg,empty_sea,0.0,7.968478732638889e-05,0.0,0,54.837800009408966,0.761734127998352,True,0,1,0,1,0,1,1,ships
67d0991d8.jpg,land_coast,0.0,0.3565419514973958,0.0,0,58.3119000075385,0.8312926292419434,True,0,0,0,0,0,0,1,coast
67d29dc4b.jpg,candidates,0.0,0.0003458658854166667,0.0,6,52.78399999951944,0.8014296889305115,True,0,1,0,1,0,1,1,ships
67e0507b6.jpg,candidates,0.0,0.0016021728515625,0.0,9,55.984700011322275,0.846711277961731,True,0,1,0,1,0,1,1,ships
67e60a8f5.jpg,candidates,0.0,0.00016106499565972222,0.0,2,55.19579999963753,0.5503450036048889,True,1,2,0,1,0,0,1,ships
67ede51e7.jpg,candidates,0.0,0.08420308430989583,0.0,7,54.790299996966496,0.0369047112762928,False,1,0,0,0,0,0,0,empty
67f5433fb.jpg,candidates,0.0,0.0026397705078125,0.0,10,53.76490001799539,0.9995348453521729,True,5,3,1,3,0,3,3,ships
680a0f26e.jpg,candidates,0.0,0.007468329535590278,0.0,7,54.43530000047758,0.9593082666397095,True,0,2,0,2,0,2,2,ships
680d320ae.jpg,land_coast,0.0,0.2685106065538194,0.0,0,55.020300002070144,0.5268779993057251,True,0,0,0,0,0,0,0,coast
682897b9d.jpg,land_coast,0.0,0.23790995279947916,0.031209309895833332,10,59.51939997612499,0.9958598017692566,True,0,1,0,1,0,1,1,coast
682c98497.jpg,candidates,0.0,0.00012037489149305556,0.0,1,54.07720000948757,0.14326000213623047,True,0,2,0,2,0,1,1,ships
68313ac45.jpg,candidates,0.0,0.0028703477647569445,0.0,17,54.242100013652816,0.9460145235061646,True,0,4,0,4,0,3,3,ships
6832af874.jpg,candidates,0.0,0.04742770724826389,0.0,5,54.016999987652525,0.14254654943943024,True,0,2,0,1,0,1,1,ships
6850d4139.jpg,empty_sea,0.0,0.09758843315972222,0.0,0,55.01159999403171,0.06684587150812149,False,0,0,0,0,0,0,0,empty
6854f3853.jpg,candidates,0.0,0.0014173719618055555,0.0,3,53.864499990595505,0.8937172293663025,True,6,1,2,0,0,0,1,ships
68695274d.jpg,candidates,0.0,0.006505330403645833,0.017550998263888888,22,55.10510000749491,0.9750150442123413,True,8,1,1,1,1,0,1,ships
688002f2e.jpg,candidates,0.0,0.0035112169053819445,0.020272148980034724,9,55.18969998229295,0.9993593096733093,True,2,8,0,4,0,1,3,ships
68a12828c.jpg,land_coast,0.0,0.1668124728732639,0.0,8,55.87999999988824,0.08073879033327103,False,2,4,0,2,0,0,2,coast
68a7b2d4b.jpg,land_coast,0.0,0.3101755777994792,0.0,22,55.9378000034485,0.9404743313789368,True,0,4,0,3,0,3,3,coast
68a8e8e37.jpg,candidates,0.0,0.0015275743272569445,0.0,5,55.04269999801181,0.7370614409446716,True,0,1,0,1,0,1,1,ships
68c40ca8e.jpg,candidates,0.0,0.002053154839409722,0.0,1,55.119299999205396,0.3878600299358368,True,1,2,1,0,0,0,1,ships
68f4cb257.jpg,candidates,0.0,0.0,0.0,4,54.8826000012923,0.40703511238098145,True,0,1,0,1,0,1,1,ships
68f63fbf0.jpg,candidates,0.0,0.0023244222005208335,0.0,8,55.67229998996481,0.9827243685722351,True,0,1,0,1,0,1,1,ships
68f8871cc.jpg,land_coast,0.0,0.3056081136067708,0.0,1,56.58430000767112,0.8307011723518372,True,0,1,0,1,0,1,1,coast
69250c972.jpg,candidates,0.0,0.004330105251736111,0.0,18,54.25379998632707,0.31979644298553467,True,0,3,0,3,0,1,1,ships
692db5693.jpg,land_coast,0.0,0.2317623562282986,0.010598076714409722,7,56.866400002036244,0.5249637365341187,True,0,1,0,1,0,1,1,coast
693912e96.jpg,candidates,0.0,0.0014207628038194445,0.0,4,54.225600004429,0.8964760899543762,True,0,1,0,1,0,1,1,ships
693e1e4f8.jpg,land_coast,0.0,0.1223636203342014,0.04656643337673611,45,57.018599996808916,0.3991878628730774,True,2,1,0,0,0,0,6,coast
69473a9b2.jpg,candidates,0.0,0.001864963107638889,0.033014933268229164,44,60.51760000991635,0.8614341616630554,True,3,1,0,1,0,1,1,ships
695459a6e.jpg,candidates,0.0,6.103515625e-05,0.0,2,54.402400011895224,0.6923951506614685,True,2,0,0,0,0,0,1,ships
696989b81.jpg,candidates,0.0,0.0021650526258680555,0.0,11,54.87260001245886,0.9695394039154053,True,0,2,0,2,0,2,2,ships
697e3d6da.jpg,candidates,0.0,0.0021921793619791665,0.0,17,55.18060000031255,0.4615040123462677,True,0,1,0,1,0,1,1,ships
69a3b7bed.jpg,candidates,0.0,0.0003509521484375,0.0,39,54.85019998741336,0.7532196640968323,True,4,0,0,0,0,0,1,ships
69a69a0f4.jpg,candidates,0.0,0.0008697509765625,0.0,4,55.35290000261739,0.9084804058074951,True,0,2,0,2,0,2,3,ships
69af45068.jpg,candidates,0.0,0.0005442301432291666,0.0,9,53.99230000330135,0.5386081337928772,True,2,5,0,1,0,0,1,ships
69b5fb859.jpg,candidates,0.0,0.00011189778645833333,0.0,4,53.011099982541054,0.7264434695243835,True,2,4,0,4,0,2,3,ships
69bf94ef2.jpg,candidates,0.0,0.0005289713541666666,0.0,2,53.462999989278615,0.45606863498687744,True,0,2,0,2,0,1,1,ships
69c28c9e7.jpg,land_coast,0.0,0.16446940104166666,0.0,0,57.32649998390116,0.5945374369621277,True,0,0,0,0,0,0,0,coast
69cd19665.jpg,candidates,0.0,0.0006137424045138889,0.0,1,55.009900010190904,0.9770957231521606,True,0,1,0,1,0,1,1,ships
69cd82614.jpg,candidates,0.0,0.004136827256944444,0.0,13,56.65220000082627,0.9999984502792358,True,2,5,1,5,0,5,5,ships
69d134368.jpg,candidates,0.0,0.007329305013020833,0.0,24,56.068999983835965,0.9022734761238098,True,1,3,0,2,0,2,2,ships
69d93e8ee.jpg,candidates,0.2209133572048611,0.0,0.0,4,52.087999996729195,0.5168180465698242,True,1,3,0,3,0,2,2,ships
69dc2e683.jpg,candidates,0.0,0.0015004475911458333,0.0,7,56.43880000570789,0.5136045217514038,True,2,1,0,1,0,1,1,ships
69de5849b.jpg,land_coast,0.0,0.2862023247612847,0.0,4,57.79990000883117,0.9897627830505371,True,3,2,0,2,0,2,2,coast
69e41cab5.jpg,candidates,0.0,0.00011867947048611111,0.0,19,56.116599997039884,0.29814818501472473,True,0,0,0,0,0,0,0,empty
6a0062f22.jpg,candidates,0.0,5.764431423611111e-05,0.0,1,53.572800010442734,0.5653258562088013,True,0,2,0,1,0,1,1,ships
6a1d3f858.jpg,candidates,0.0,0.0009782579210069445,0.0,3,54.620300012174994,0.6442707777023315,True,0,3,0,1,0,0,1,ships
6a296f3cf.jpg,candidates,0.0,0.0037434895833333335,0.010872734917534722,22,56.6638000018429,0.99681156873703,True,1,4,0,3,0,3,4,ships
6a42583d4.jpg,land_coast,0.0,0.2860260009765625,0.0,7,56.60880001960322,0.8537105917930603,True,0,1,0,1,0,1,1,coast
6a49fb569.jpg,candidates,0.0,0.011786566840277778,0.0,66,54.31000000680797,0.8405054807662964,True,0,1,0,1,0,1,1,ships
6a4a609f7.jpg,candidates,0.0,0.11344061957465278,0.037392510308159724,56,54.904499993426725,0.994154155254364,True,5,5,1,3,0,3,3,ships
6a4ac74eb.jpg,land_coast,0.0,0.2609524197048611,0.0,2,54.36010000994429,0.8523511290550232,True,0,3,0,3,0,3,3,coast
6a55855df.jpg,candidates,0.0,0.1197391086154514,0.0,21,54.16140001034364,0.03556741774082184,False,2,0,0,0,0,0,0,empty
6a5a2f87d.jpg,candidates,0.0,0.002285427517361111,0.0,7,54.28650000249036,0.9186925292015076,True,0,1,0,1,0,1,1,ships
6a75ef9a7.jpg,land_coast,0.0,0.3187967936197917,0.0,8,61.748100008117035,0.5426779985427856,True,0,1,0,1,0,1,1,coast
6a76143a3.jpg,candidates,0.0,0.001827663845486111,0.0,1,53.90060000354424,0.9388623237609863,True,0,3,0,2,0,0,1,ships
6a7b004f1.jpg,candidates,0.0,0.001800537109375,0.0,5,54.898600006708875,0.9921582937240601,True,0,3,0,3,0,3,3,ships
6a7f33570.jpg,candidates,0.0,0.005627102322048611,0.0,117,54.817299998831004,0.11340741068124771,False,0,1,0,1,0,1,1,ships
6aaf04dd0.jpg,empty_sea,0.0,0.0,0.0,0,53.0709000013303,0.26633694767951965,True,0,0,0,0,0,0,0,empty
6aaf92bdb.jpg,empty_sea,0.0,0.002872043185763889,0.0,0,54.208299989113584,0.5568630695343018,True,0,0,0,0,0,0,0,empty
6ab1ce750.jpg,candidates,0.0,0.0007358127170138889,0.0,4,55.06049998803064,0.8430178761482239,True,0,1,0,1,0,1,1,ships
6ac23c021.jpg,land_coast,0.0,0.2108849419487847,0.0,9,58.69050000910647,0.10921070724725723,False,0,6,0,0,0,0,1,coast
6ac3552aa.jpg,candidates,0.0,0.00042555067274305556,0.0,2,56.77340002148412,0.9195486307144165,True,0,2,0,2,0,2,2,ships
6ad94a376.jpg,candidates,0.0,0.00016615125868055556,0.0,2,56.78720001014881,0.6099123954772949,True,0,1,0,1,0,1,1,ships
6ade38029.jpg,land_coast,0.0,0.2846306694878472,0.0,7,62.04769999021664,0.5596882700920105,True,0,0,0,0,0,0,2,coast
6ae2803e7.jpg,candidates,0.0,0.0018717447916666667,0.0,39,55.51120001473464,0.504875898361206,True,0,2,0,2,0,2,2,ships
6af49af68.jpg,candidates,0.0,0.001544528537326389,0.0,2,55.08010002085939,0.9540120363235474,True,1,1,0,1,0,1,1,ships
6b09f1f3a.jpg,candidates,0.0,0.09844122992621528,0.0,10,56.0031000059098,0.9457142353057861,True,3,2,1,2,0,0,2,ships
6b17ea500.jpg,candidates,0.0,0.0014292399088541667,0.0,6,54.65770000591874,0.822929859161377,True,0,1,0,1,0,1,1,ships
6b2dbc7a7.jpg,candidates,0.045064290364583336,0.04299783504612096,0.0,4,55.10109997703694,0.4924364686012268,True,2,3,0,0,0,0,1,ships
6b46f58f6.jpg,candidates,0.0,0.016513400607638888,0.055582682291666664,72,57.70730000222102,0.9270365238189697,True,0,3,0,2,0,1,2,ships
6b6689889.jpg,land_coast,0.0,0.022449069552951388,0.14569091796875,94,56.28200000501238,0.9521830677986145,True,2,2,0,1,0,0,1,coast
6b6e41e58.jpg,land_coast,0.0,0.3276451958550347,0.0,2,61.297500011278316,0.9251385927200317,True,0,1,0,1,0,1,1,coast
6b71d1b7f.jpg,land_coast,0.0,0.2595045301649306,0.0,10,59.53269999008626,0.9355276823043823,True,0,1,0,1,0,1,1,coast
6b7814fac.jpg,land_coast,0.0,0.2854393853081597,0.0,22,56.206900015240535,0.9856294989585876,True,4,13,0,9,0,7,8,coast
6b813569c.jpg,candidates,0.0,0.0036570231119791665,0.0,9,54.07230000128038,0.7535462975502014,True,0,2,0,1,0,1,2,ships
6bb3e7515.jpg,candidates,0.0,0.003546820746527778,0.0,22,53.55710000731051,0.993604838848114,True,2,3,0,3,0,3,3,ships
6bb5ad438.jpg,candidates,0.011445787217881944,0.00021869591796320055,0.05494433586182551,66,53.77669999143109,0.6035354733467102,True,0,0,0,0,0,0,0,empty
6bb8afdec.jpg,candidates,0.0,7.62939453125e-05,0.0,2,53.34499999298714,0.43541455268859863,True,0,5,0,3,0,2,2,ships
6bcff215b.jpg,candidates,0.0,0.00390625,0.0,6,55.41780000203289,0.9232326149940491,True,4,4,2,3,0,1,3,ships
6bd0c95e1.jpg,land_coast,0.0,0.2942047119140625,0.0,42,57.70830000983551,0.20906682312488556,True,0,0,0,0,0,0,3,coast
6bdc41457.jpg,candidates,0.0,0.002780490451388889,0.0,5,55.8753999939654,0.9977356195449829,True,2,9,0,5,0,3,4,ships
6bdf830e9.jpg,land_coast,0.0,0.1221957736545139,0.1957973904079861,12,55.12210002052598,0.978693962097168,True,2,4,0,3,0,2,2,coast
6bfed7f3a.jpg,land_coast,0.004430135091145833,0.06997919500543592,0.21828859719038704,62,56.63089998415671,0.8720239400863647,True,2,2,0,2,0,1,1,coast
6c1951f5e.jpg,candidates,0.0,0.000274658203125,0.0,35,53.82990001817234,0.886315643787384,True,0,2,0,2,0,2,2,ships
6c20154a1.jpg,land_coast,0.0,0.2546098497178819,0.0776214599609375,24,55.31129997689277,0.7506891489028931,True,0,0,0,0,0,0,1,coast
6c30edd46.jpg,land_coast,0.0,0.12056477864583333,0.04815334743923611,28,57.32480000006035,0.43464624881744385,True,0,0,0,0,0,0,1,coast
6c403e23b.jpg,candidates,0.0,0.0,0.0,9,54.7835000033956,0.08844932168722153,False,0,0,0,0,0,0,0,empty
6c47c962e.jpg,candidates,0.0,0.016191270616319444,0.0,7,54.95150000206195,0.9318345785140991,True,1,4,0,3,0,0,1,ships
6c51b9af1.jpg,candidates,0.0,0.0011376274956597222,0.0,7,57.26259999210015,0.9401659369468689,True,0,1,0,1,0,1,1,ships
6c591a931.jpg,candidates,0.0,0.0015174018012152778,0.0,9,54.93770001339726,0.9695739150047302,True,0,1,0,1,0,1,1,ships
6c5fd8ca4.jpg,empty_sea,0.1751946343315972,0.0,0.0,0,52.5004000228364,0.39811092615127563,True,0,1,0,1,0,1,1,ships
6c63aead0.jpg,candidates,0.0,0.0018547905815972222,0.013339572482638888,61,54.003800003556535,0.24488241970539093,True,0,0,0,0,0,0,0,empty
6c65c924f.jpg,candidates,0.0,1.6954210069444445e-05,0.0,4,53.049800015287474,0.5927174687385559,True,0,3,0,0,0,0,1,ships
6c69361f0.jpg,candidates,0.0,0.10784912109375,0.0,22,54.64119999669492,0.8788175582885742,True,0,6,0,4,0,3,4,ships
6c8579231.jpg,candidates,0.0,4.916720920138889e-05,0.0,1,55.516399996122345,0.2141156643629074,True,0,2,0,1,0,1,1,ships
6ca97ac13.jpg,candidates,0.0,0.09506903754340278,0.0,30,55.604000022867694,0.2522827386856079,True,1,0,0,0,0,0,0,empty
6caaf3e04.jpg,candidates,0.0,0.0006747775607638889,0.0,5,53.061199985677376,0.5957884788513184,True,2,7,1,5,0,3,4,ships
6cb1cc185.jpg,candidates,0.0,0.000213623046875,0.0,44,54.9823000037577,0.17793913185596466,True,0,0,0,0,0,0,0,empty
6cb20c450.jpg,land_coast,0.0,0.2810533311631944,0.0,0,60.88470001122914,0.10511123389005661,False,0,0,0,0,0,0,0,coast
6cbbfda11.jpg,candidates,0.0,0.00017123752170138888,0.0,1,54.57509998814203,0.40925413370132446,True,0,3,0,1,0,1,1,ships
6cbd3d50f.jpg,land_coast,0.0,0.2907663981119792,0.0,0,57.73940001381561,0.0933278352022171,False,0,0,0,0,0,0,0,coast
6cc0bc1e3.jpg,land_coast,0.0,0.14244588216145834,0.0161590576171875,49,62.59159999899566,0.8868818283081055,True,0,1,0,1,0,1,1,coast
6cd7b2641.jpg,land_coast,0.0,0.2472161187065972,0.0,3,55.670500005362555,0.4551362097263336,True,0,0,0,0,0,0,1,coast
6ce05f804.jpg,candidates,0.0,0.0004221598307291667,0.0,2,54.607999976724386,0.6054186224937439,True,0,1,0,1,0,1,1,ships
6ce4720c7.jpg,candidates,0.0,0.0006900363498263889,0.0,2,55.97040001885034,0.6026235818862915,True,0,1,0,1,0,1,1,ships
6ce4bf88b.jpg,candidates,0.0,0.0017310248480902778,0.0,8,54.87690001609735,0.9373274445533752,True,0,1,0,1,0,1,1,ships
6ce7ff8e9.jpg,candidates,0.0,0.0,0.0,2,54.02810001396574,0.1696864366531372,True,0,0,0,0,0,0,0,empty
6d0ca30c3.jpg,candidates,0.0,0.024615817599826388,0.0,77,55.609700008062646,0.14171621203422546,True,0,0,0,0,0,0,0,empty
6d0d66434.jpg,land_coast,0.0,0.05434841579861111,0.3405846489800347,19,53.68099999031983,0.9678661227226257,True,13,1,1,1,0,1,1,coast
6d2e333f6.jpg,candidates,0.0,0.0014868842230902778,0.010353936089409722,5,55.74959999648854,0.5456883907318115,True,0,1,0,1,0,1,1,ships
6d2ec8273.jpg,candidates,0.0,0.05099148220486111,0.07044813368055555,72,54.89309999393299,0.918298065662384,True,11,5,5,3,1,2,3,ships
6d3414844.jpg,candidates,0.0,0.0011545817057291667,0.0,6,54.73639999399893,0.9038070440292358,True,0,7,0,6,0,5,7,ships
6d38045d6.jpg,candidates,0.0,0.00011020236545138889,0.0,59,55.53240000153892,0.517822265625,True,1,1,0,1,0,1,1,ships
6d38e99a3.jpg,candidates,0.0,0.0012105305989583333,0.0,1,54.784700012532994,0.8698033690452576,True,0,1,0,1,0,1,1,ships
6d44644fd.jpg,candidates,0.0,0.011523776584201388,0.0,59,56.294200010597706,0.4155150055885315,True,0,1,0,1,0,1,1,ships
6d5ea41a0.jpg,land_coast,0.0,0.24255201551649305,0.0,14,57.03910000738688,0.7604431509971619,True,0,1,0,1,0,1,1,coast
6d6b5c79e.jpg,land_coast,0.0,0.1422763400607639,0.17268202039930555,31,55.47110000043176,0.9994727969169617,True,11,17,2,12,2,11,10,coast
6d719e576.jpg,land_coast,0.0,0.03939480251736111,0.1165737575954861,93,54.78110001422465,0.9887732863426208,True,5,13,1,6,0,5,6,coast
6d746707f.jpg,candidates,0.0,0.10025702582465278,0.0,34,55.59699999867007,0.7729887366294861,True,2,1,0,1,0,1,1,ships
6d80383eb.jpg,land_coast,0.0,0.17895338270399305,0.1673855251736111,37,57.96209999243729,0.6430832147598267,True,0,4,0,2,0,2,3,coast
6dd0d5329.jpg,land_coast,0.0,0.18858846028645834,0.09821065266927083,32,57.03289998928085,0.8415226340293884,True,1,2,0,0,0,0,2,coast
6de40f536.jpg,land_coast,0.0,0.16462537977430555,0.0,0,59.475099988048896,0.5922448635101318,True,0,0,0,0,0,0,0,coast
6df5e4fd7.jpg,candidates,0.0,0.002371893988715278,0.0,2,56.35109997820109,0.928305983543396,True,0,1,0,1,0,1,1,ships
6dff0f54b.jpg,candidates,0.0,0.0,0.0,2,54.926899989368394,0.3345772325992584,True,2,3,0,0,0,0,1,ships
6e3c534e6.jpg,candidates,0.0,0.002551608615451389,0.0,44,54.03520000982098,0.8070806860923767,True,0,2,0,2,0,2,2,ships
6e3f8775c.jpg,candidates,0.0,8.646647135416667e-05,0.0,11,55.2740000130143,0.2313154935836792,True,2,1,1,0,0,0,1,ships
6e5e6b070.jpg,empty_sea,0.0,0.0,0.0,0,55.279199994402006,0.3112037181854248,True,0,0,0,0,0,0,0,empty
6e5f7512b.jpg,candidates,0.8944278293185763,0.01585090103464815,0.0,6,49.9149999814108,0.3936401307582855,True,2,0,0,0,0,0,0,empty
6e641ba07.jpg,candidates,0.0,2.2040473090277777e-05,0.0,13,54.89239998860285,0.3475415110588074,True,0,0,0,0,0,0,0,empty
6e6f35c97.jpg,candidates,0.0,0.0009918212890625,0.0,46,56.22969998512417,0.2701863944530487,True,0,1,0,1,0,1,1,ships
6e72ef098.jpg,candidates,0.0,0.0030042860243055555,0.0,2,55.42530000093393,0.9592676758766174,True,0,1,0,1,0,1,1,ships
6e82bb580.jpg,land_coast,0.0,0.2829149034288194,0.0,0,56.93109999992885,0.088713139295578,False,0,0,0,0,0,0,0,coast
6e84f2e90.jpg,candidates,0.0,0.004747178819444444,0.015819973415798612,14,59.40829997416586,0.9912664294242859,True,1,1,0,1,0,1,1,ships
6e92cf4cb.jpg,candidates,0.0,0.004031711154513889,0.0,19,55.05380002432503,0.34333640336990356,True,0,1,0,1,0,1,1,ships
6e931d7ab.jpg,candidates,0.005316840277777778,0.0,0.012854203972278797,26,55.11240000487305,0.2325752079486847,True,0,0,0,0,0,0,0,empty
6eaa71af0.jpg,candidates,0.0,0.00015767415364583334,0.0,1,54.69649998121895,0.4852982759475708,True,0,1,0,1,0,1,1,ships
6ed4f27f7.jpg,candidates,0.0,0.001434326171875,0.030076768663194444,51,54.40399999497458,0.29083025455474854,True,0,0,0,0,0,0,0,empty
6ef274463.jpg,land_coast,0.0,0.2616339789496528,0.0,10,56.57210000208579,0.674288809299469,True,0,1,0,1,0,1,1,coast
6efb1f330.jpg,candidates,0.0,0.007703993055555556,0.0,5,57.636699988506734,0.8935086727142334,True,0,2,0,2,0,1,1,ships
6f09397cd.jpg,candidates,0.0,0.0003628200954861111,0.0,2,53.35299999569543,0.8787237405776978,True,0,2,0,1,0,1,1,ships
6f2ab42b6.jpg,land_coast,0.0,0.3154398600260417,0.0,0,61.833899992052466,0.9081265330314636,True,1,0,0,0,0,0,1,coast
6f361c7b3.jpg,candidates,0.0,0.00011189778645833333,0.0,2,56.11029997817241,0.581178605556488,True,0,2,0,2,0,1,2,ships
6f6453d33.jpg,candidates,0.0,0.002926296657986111,0.027370876736111112,36,55.058700003428385,0.2766135632991791,True,0,2,0,1,0,0,1,ships
6f6730e19.jpg,candidates,0.0,0.015992906358506944,0.0,72,55.71169999893755,0.09984084963798523,False,0,1,0,1,0,1,1,ships
6f7123546.jpg,candidates,0.0,0.0013715955946180555,0.0,28,52.239000011468306,0.7880846858024597,True,3,12,1,7,1,6,6,ships
6f77d6a15.jpg,land_coast,0.0,0.2545047336154514,0.0,11,56.00630000117235,0.7698870897293091,True,0,2,0,2,0,2,2,coast
6f91abac0.jpg,candidates,0.0,0.0023091634114583335,0.07115342881944445,3,53.65489999530837,0.9816179871559143,True,0,2,0,2,0,2,2,ships
6f9579041.jpg,candidates,0.0,0.005103217230902778,0.0,16,55.07140001282096,0.9807140231132507,True,0,2,0,2,0,2,2,ships
6f9aca4a8.jpg,land_coast,0.0,0.20880126953125,0.0,51,55.63580000307411,0.049679964780807495,False,0,0,0,0,0,0,0,coast
6fa061788.jpg,candidates,0.0,5.5948893229166664e-05,0.0,6,53.53149998700246,0.5767185091972351,True,0,1,0,1,0,1,1,ships
6fa13f6de.jpg,land_coast,0.0,0.13503011067708334,0.049201117621527776,57,57.408399996347725,0.9156426787376404,True,0,0,0,0,0,0,2,coast
6fa1bc9b6.jpg,land_coast,0.0,0.3480021158854167,0.0,0,62.65110001550056,0.6194084882736206,True,0,0,0,0,0,0,2,coast
6fa2625e1.jpg,candidates,0.0,0.002478705512152778,0.0,9,56.215899996459484,0.9804784655570984,True,0,2,0,2,0,2,2,ships
6fb14cefc.jpg,land_coast,0.0,0.2885945638020833,0.0,0,57.98750001122244,0.10514204949140549,False,0,0,0,0,0,0,0,coast
6fb6a63eb.jpg,candidates,0.0,0.0007205539279513889,0.0,2,55.19620000268333,0.6216739416122437,True,0,3,0,1,0,0,1,ships
6fc7ca03a.jpg,candidates,0.0,0.0066375732421875,0.0,5,55.23739999625832,0.5857418179512024,True,0,1,0,1,0,1,1,ships
6fc81ad9a.jpg,land_coast,0.04757351345486111,0.000670927264649328,0.2580389857306542,30,57.355800003279,0.7975995540618896,True,0,2,0,2,0,2,2,coast
6fc9d34a5.jpg,candidates,0.0,0.00038825141059027775,0.0,2,54.47900001308881,0.9079168438911438,True,1,2,0,2,0,0,1,ships
6fcbce22e.jpg,candidates,0.0,0.09949408637152778,0.0,2,55.13739999150857,0.7807173728942871,True,0,5,0,2,0,0,1,ships
6fd9de9a7.jpg,candidates,0.0,0.0017564561631944445,0.0,9,54.79759999434464,0.9896625280380249,True,0,2,0,2,0,2,2,ships
6fe04caf9.jpg,candidates,0.0,0.007622612847222222,0.0,9,55.274600017583,0.7331480979919434,True,0,1,0,1,0,1,1,ships
700fc6a4a.jpg,candidates,0.0,0.0,0.0,28,54.94839997845702,0.8723363876342773,True,0,1,0,1,0,1,1,ships
701c6cf5b.jpg,candidates,0.0,0.04095119900173611,0.045735677083333336,64,56.087000004481524,0.9509276151657104,True,14,1,3,1,2,1,1,ships
7022afc4f.jpg,candidates,0.0,0.004540337456597222,0.0,12,60.63319998793304,0.6288332343101501,True,0,1,0,1,0,1,1,ships
702c958a5.jpg,land_coast,0.0,0.028639051649305556,0.12020026312934028,38,56.53830000665039,0.9616092443466187,True,0,0,0,0,0,0,1,coast
703d8c6a9.jpg,candidates,0.0,0.031085544162326388,0.0,3,60.688700003083795,0.6018657088279724,True,0,2,0,1,0,1,1,ships
70474d159.jpg,candidates,0.0,0.0013715955946180555,0.0,21,56.49789999006316,0.952978253364563,True,0,2,0,2,0,2,2,ships
705008957.jpg,candidates,0.0,0.015497843424479166,0.0,40,55.40800001472235,0.6264337301254272,True,1,1,0,1,0,1,1,ships
7060ef876.jpg,candidates,0.0,0.0013037787543402778,0.0,7,56.24269999680109,0.8946501016616821,True,2,2,1,1,1,1,1,ships
70731b78d.jpg,candidates,0.0,0.0005374484592013889,0.0,41,53.95370000042021,0.3438856601715088,True,1,1,0,1,0,0,1,ships
7077735cd.jpg,candidates,0.0,0.014382256401909722,0.0,79,75.51629998488352,0.9543399214744568,True,0,15,0,9,0,5,14,ships
70a11d4a6.jpg,candidates,0.0,0.0004221598307291667,0.0,44,55.006599985063076,0.8411175012588501,True,0,8,0,1,0,0,2,ships
70a722ade.jpg,empty_sea,0.0,0.0,0.0,0,54.50699999346398,0.3468226492404938,True,0,0,0,0,0,0,0,empty
70b5ab7c6.jpg,candidates,0.0,0.009819878472222222,0.018025716145833332,62,57.94729999615811,0.9248599410057068,True,1,1,0,1,0,1,1,ships
70be051c0.jpg,candidates,0.0,0.003043280707465278,0.0,13,53.65459999302402,0.9830581545829773,True,1,3,1,3,0,2,3,ships
70c6e98f1.jpg,land_coast,0.0,0.23538716634114584,0.0,13,57.571499986806884,0.2831164002418518,True,1,4,0,0,0,0,1,coast
70caf88d9.jpg,candidates,0.0,0.0014478895399305555,0.0,5,55.23119997815229,0.9968158602714539,True,0,7,0,5,0,3,5,ships
70ed79d90.jpg,candidates,0.002716064453125,0.004681675048494252,0.0,29,55.14880002010614,0.8070713877677917,True,0,1,0,1,0,1,1,ships
70f9214cc.jpg,land_coast,0.0,0.3123423258463542,0.0,6,58.005600003525615,0.8956794738769531,True,0,1,0,1,0,1,1,coast
710ad2cfd.jpg,candidates,0.0,0.0008884006076388889,0.0,1,53.796099993633106,0.9289758205413818,True,1,4,0,3,0,1,2,ships
713ea7916.jpg,candidates,0.0,0.036046346028645836,0.0696682400173611,55,55.52719999104738,0.753320038318634,True,3,18,1,11,0,7,12,ships
715389e24.jpg,candidates,0.0,0.055369059244791664,0.0,6,56.535599986091256,0.13230811059474945,True,0,1,0,1,0,1,1,ships
715e1f0ef.jpg,candidates,0.0,0.002007378472222222,0.0,19,55.91699999058619,0.9943323135375977,True,5,10,2,6,0,4,7,ships
716a3228e.jpg,candidates,0.0,0.004725138346354167,0.012958102756076388,10,55.29099999694154,0.9924468994140625,True,1,1,0,1,0,1,1,ships
717190a4c.jpg,candidates,0.0,0.018964979383680556,0.0,63,56.8591000046581,0.1677720695734024,True,0,0,0,0,0,0,1,ships
7176ed649.jpg,candidates,0.0,0.004865858289930556,0.011425442165798612,27,55.876700003864244,0.9190044403076172,True,0,2,0,2,0,2,2,ships
7178a5302.jpg,land_coast,0.0,0.3152906629774306,0.0,3,62.63910001143813,0.6002936363220215,True,0,0,0,0,0,0,1,coast
717f680cf.jpg,candidates,0.0,0.003640068901909722,0.0,8,54.864600009750575,0.5662120580673218,True,1,2,0,1,0,1,2,ships
7193b60fb.jpg,land_coast,0.0,0.2750379774305556,0.0,0,57.25260000326671,0.09356988966464996,False,0,0,0,0,0,0,0,coast
7199544f3.jpg,candidates,0.0,0.0004153781467013889,0.0,1,52.77150002075359,0.9292923808097839,True,0,4,0,3,0,1,2,ships
71a1750f9.jpg,candidates,0.0,0.050713433159722224,0.0,1,56.72449999838136,0.16860605776309967,True,0,0,0,0,0,0,0,empty
71ad40c62.jpg,candidates,0.0,0.001788669162326389,0.0,25,55.0191999936942,0.9844777584075928,True,8,9,1,7,0,4,6,ships
71c86ce2d.jpg,land_coast,0.0,0.24211290147569445,0.0,5,60.17219999921508,0.09914793819189072,False,1,5,0,1,0,0,1,coast
71ce4a848.jpg,candidates,0.0,0.0014258490668402778,0.0,8,55.415700015146285,0.9812591671943665,True,0,4,0,4,0,3,4,ships
71d78b955.jpg,cloud,0.9999898274739584,0.0,0.0,0,33.78080000402406,0.4695207476615906,True,0,0,0,0,0,0,0,cloud
71dea2dab.jpg,candidates,0.0,0.0008002387152777778,0.05529954698350695,78,55.17629999667406,0.05542584881186485,False,0,3,0,1,0,0,2,ships
71e3380f1.jpg,candidates,0.0,0.0026753743489583335,0.0,12,55.076199991162866,0.9998003840446472,True,16,4,3,4,1,3,4,ships
71ea66a39.jpg,land_coast,0.0,0.06923082139756945,0.08798895941840278,55,55.16190000344068,0.9969448447227478,True,9,12,1,6,1,6,7,coast
71f284bcf.jpg,candidates,0.0,0.0026838514539930555,0.0,3,56.84720000135712,0.9703865051269531,True,0,1,0,1,0,1,1,ships
71fd6bde3.jpg,candidates,0.0,0.046503702799479164,0.0,2,55.538800021167845,0.4179570972919464,True,0,0,0,0,0,0,1,ships
71fdd62e9.jpg,land_coast,0.0,0.3489651150173611,0.0,9,57.77640000451356,0.9128665328025818,True,0,1,0,1,0,1,1,coast
7207856cc.jpg,candidates,0.0,0.005228678385416667,0.0,47,54.390600009355694,0.49421465396881104,True,2,3,0,0,0,0,1,ships
7224e3859.jpg,candidates,0.0,0.005800035264756944,0.0,23,54.80759998317808,0.841586172580719,True,3,1,2,1,1,1,1,ships
723a8fabf.jpg,land_coast,0.0,0.040868123372395836,0.08014594184027778,52,55.079500016290694,0.997672975063324,True,5,20,0,11,0,8,11,coast
7243b0261.jpg,candidates,0.0,0.0,0.0,1,54.33980000088923,0.6138572096824646,True,0,0,0,0,0,0,0,empty
72548af42.jpg,candidates,0.0,0.0005425347222222222,0.0,7,56.88189997454174,0.6837453842163086,True,0,1,0,1,0,1,1,ships
72568823a.jpg,candidates,0.0,0.002655029296875,0.0,23,54.521000012755394,0.9852906465530396,True,0,1,0,1,0,1,1,ships
72a098aa1.jpg,candidates,0.0,0.016364203559027776,0.0,36,56.723899993812665,0.024976389482617378,False,0,0,0,0,0,0,0,empty
72a362af2.jpg,land_coast,0.0,0.2639295789930556,0.0,0,60.82419998710975,0.5822317600250244,True,0,0,0,0,0,0,1,coast
72ca91db0.jpg,land_coast,0.0,0.2409125434027778,0.0,7,60.985199990682304,0.10268676280975342,False,2,6,0,1,0,0,1,coast
72cde7906.jpg,land_coast,0.0,0.2863413492838542,0.0,3,57.02249999740161,0.8359623551368713,True,4,2,1,2,0,2,2,coast
72d14f41c.jpg,candidates,0.0,0.0004018147786458333,0.0,29,55.48180002369918,0.9405419230461121,True,0,2,0,2,0,2,2,ships
72ec3f4d7.jpg,land_coast,0.0,0.1315884060329861,0.0666046142578125,15,58.18409999483265,0.986374020576477,True,0,1,0,0,0,0,11,coast
7301eec3c.jpg,land_coast,0.0,0.3327043321397569,0.0,1,56.63979999371804,0.9823645949363708,True,1,1,1,1,1,1,1,coast
730b4e931.jpg,land_coast,0.12297566731770833,0.15960309788995353,0.0,28,55.57919997954741,0.5877243876457214,True,0,1,0,1,0,0,1,coast
730d8417c.jpg,candidates,0.0,0.00020175509982638888,0.0,40,54.9202999973204,0.14298391342163086,True,0,0,0,0,0,0,0,empty
7316754c0.jpg,candidates,0.0,0.0031382242838541665,0.0,4,55.71829999098554,0.9699147939682007,True,1,3,0,3,0,3,3,ships
7322abc42.jpg,candidates,0.0,0.004711574978298611,0.0128326416015625,27,56.471899995813146,0.9982194304466248,True,0,3,0,3,0,2,3,ships
7338e736d.jpg,land_coast,0.10522969563802083,0.19145066294051294,0.0,15,57.583300018450245,0.95938640832901,True,0,2,0,2,0,2,2,coast
733ef4ef3.jpg,candidates,0.0,0.0009392632378472222,0.0,1,54.05729997437447,0.9261304140090942,True,1,7,0,5,0,3,3,ships
734b64048.jpg,candidates,0.0,0.0004696316189236111,0.0,2,54.113499994855374,0.48781105875968933,True,0,1,0,1,0,1,1,ships
7350e4a10.jpg,land_coast,0.0,0.026255289713541668,0.16976759168836805,77,56.150499993236735,0.9976146221160889,True,6,1,1,1,0,1,1,coast
73515a344.jpg,candidates,0.0,0.0032602945963541665,0.0,14,57.41540002054535,0.9963118433952332,True,0,1,0,1,0,1,1,ships
7365b0d6d.jpg,candidates,0.0,0.0017954508463541667,0.0,32,55.29319998458959,0.6281315684318542,True,5,0,0,0,0,0,0,empty
73699f4d7.jpg,candidates,0.0,0.00023057725694444444,0.0,13,54.95579997659661,0.7624607682228088,True,0,2,0,2,0,2,2,ships
737239c06.jpg,candidates,0.06791008843315972,0.0338130874869652,0.06521634996259981,88,54.82829999527894,0.5722410082817078,True,3,1,1,1,0,1,1,ships
738683c91.jpg,land_coast,0.0,0.1382632785373264,0.0,87,57.808399986242875,0.7142379879951477,True,1,0,0,0,0,0,1,coast
738dbfd23.jpg,candidates,0.0,0.05360751681857639,0.030239529079861112,7,56.2389999977313,0.081231489777565,False,1,4,0,0,0,0,1,ships
7390df83b.jpg,land_coast,0.7224833170572916,0.24644025656083404,0.12913460291796003,5,52.4159999913536,0.9971515536308289,True,1,2,0,1,0,0,3,coast
73976a15c.jpg,candidates,0.3652140299479167,0.005701100987404353,0.0,12,53.86080002062954,0.2665409743785858,True,0,0,0,0,0,0,0,empty
73a0fa237.jpg,candidates,0.0,0.004845513237847222,0.0,16,55.5498999892734,0.6787660717964172,True,0,1,0,1,0,1,1,ships
73b181305.jpg,candidates,0.0,0.00036790635850694444,0.027453952365451388,19,54.486799985170364,0.9012289047241211,True,1,4,0,3,0,3,3,ships
73c34faed.jpg,candidates,0.0,0.0039520263671875,0.0,22,55.829000019002706,0.9996849298477173,True,1,9,0,7,0,6,7,ships
73db4530f.jpg,candidates,0.0,0.0033620198567708335,0.0,18,56.29680000129156,0.8630353808403015,True,0,2,0,2,0,2,2,ships
73dba17a6.jpg,land_coast,0.0,0.12914869520399305,0.0,71,57.891500007826835,0.7516301274299622,True,2,0,0,0,0,0,1,coast
73dc1b526.jpg,land_coast,0.0,0.3047977023654514,0.0,11,60.05339999683201,0.9324515461921692,True,0,1,0,1,0,1,1,coast
73e2417fc.jpg,land_coast,0.0,0.2031792534722222,0.0,46,60.156999999890104,0.6640224456787109,True,27,6,4,0,0,0,9,coast
73eef4ef2.jpg,candidates,0.0,0.00011867947048611111,0.0,3,55.36800000118092,0.8521214127540588,True,2,5,1,2,0,0,3,ships
73f3e0d81.jpg,candidates,0.0,0.0014512803819444445,0.0,5,55.96810000133701,0.989662766456604,True,0,1,0,1,0,1,1,ships
74101c441.jpg,land_coast,0.0,0.3058844672309028,0.0,16,62.927500024670735,0.9842900633811951,True,0,5,0,2,0,1,1,coast
7411144f6.jpg,land_coast,0.0,0.31317138671875,0.0,0,64.7056000016164,0.8725094795227051,True,4,3,0,2,0,1,2,coast
7416fd57e.jpg,candidates,0.0,0.0008680555555555555,0.0,21,55.134099995484576,0.8350858688354492,True,2,1,0,1,0,1,1,ships
74196f4d6.jpg,candidates,0.0,0.0013105604383680555,0.0,8,55.32509999466129,0.659376323223114,True,0,4,0,2,0,1,1,ships
741a5f582.jpg,candidates,0.0,0.00019158257378472222,0.0,1,55.72639999445528,0.6770910620689392,True,2,4,2,2,0,0,1,ships
742010982.jpg,candidates,0.0,0.0010308159722222222,0.0,2,53.00990000250749,0.9911342859268188,True,0,1,0,1,0,1,1,ships
74221dddc.jpg,candidates,0.006578233506944444,0.0007991717363588914,0.0238348264325624,21,53.766500001074746,0.9380707740783691,True,1,1,0,1,0,1,1,ships
74284b26a.jpg,land_coast,0.0,0.15746053059895834,0.0,3,57.223299983888865,0.5580228567123413,True,1,2,0,0,0,0,1,coast
74297c0ac.jpg,candidates,0.0,0.0024820963541666665,0.013071695963541666,11,55.409599997801706,0.952031672000885,True,0,1,0,1,0,1,1,ships
74374184e.jpg,candidates,0.0,0.0014326307508680555,0.0,2,56.74359999829903,0.6026153564453125,True,1,4,0,1,0,0,1,ships
743fdabb3.jpg,candidates,0.0,0.0013495551215277778,0.0,1,56.54150000191294,0.5154135823249817,True,0,1,0,1,0,1,1,ships
7459da01f.jpg,land_coast,0.0,0.05767483181423611,0.1839718288845486,55,54.52340000192635,0.997611403465271,True,3,15,1,6,1,5,8,coast
746549a54.jpg,empty_sea,0.0,0.09570482042100695,0.0,0,58.41700002201833,0.3363379240036011,True,0,0,0,0,0,0,0,empty
747105946.jpg,candidates,0.0,0.002632988823784722,0.0,2,56.08879998908378,0.9689406156539917,True,0,3,0,1,0,0,1,ships
7473033d2.jpg,candidates,0.0,0.018313937717013888,0.0,208,57.49110001488589,0.15977388620376587,True,0,0,0,0,0,0,0,empty
74779e724.jpg,candidates,0.0,0.0007171630859375,0.0,41,56.061600014800206,0.10808451473712921,False,0,0,0,0,0,0,0,empty
7478f46e9.jpg,land_coast,0.0,0.1924981011284722,0.052759806315104164,6,57.07119998987764,0.3366980254650116,True,2,2,0,0,0,0,1,coast
747f70fb9.jpg,candidates,0.0,0.064208984375,0.0,54,55.36159998155199,0.08553240448236465,False,0,0,0,0,0,0,0,empty
7481d103b.jpg,candidates,0.0,0.0003848605685763889,0.0,1,55.10240001603961,0.8334028720855713,True,0,3,0,1,0,1,1,ships
7487d56dd.jpg,candidates,0.0,0.024563259548611112,0.029686821831597224,82,56.50110001442954,0.9117881655693054,True,0,1,0,1,0,1,1,ships
749a4e38a.jpg,candidates,0.0,0.006700303819444444,0.020192464192708332,32,54.95089999749325,0.9981825351715088,True,1,1,0,1,0,1,1,ships
74b60c9dc.jpg,land_coast,0.0,0.0,0.11090596516927083,21,54.12889999570325,0.040730033069849014,False,0,0,0,0,0,0,0,coast
74c3317a9.jpg,candidates,0.0,0.0012410481770833333,0.0,4,54.04319998342544,0.9961864352226257,True,1,4,0,3,0,3,3,ships
74c697c9e.jpg,candidates,0.0,0.08513387044270833,0.0,26,56.46589997923002,0.06265216320753098,False,0,1,0,1,0,1,1,ships
74cf432f1.jpg,candidates,0.0,0.035980224609375,0.0,74,55.55310001363978,0.012058204039931297,False,0,0,0,0,0,0,0,empty
74daf41d6.jpg,empty_sea,0.0,0.0,0.0,0,54.475000011734664,0.2117369920015335,True,0,0,0,0,0,0,0,empty
74dd206c6.jpg,candidates,0.0,0.0,0.046393500434027776,34,54.350299993529916,0.070619598031044,False,0,0,0,0,0,0,0,empty
74e975b02.jpg,land_coast,0.0,0.3055233425564236,0.0,16,61.95939998724498,0.5550364851951599,True,0,1,0,1,0,1,1,coast
74f5a133a.jpg,candidates,0.0,0.001385158962673611,0.0,6,54.22079999698326,0.7621164917945862,True,0,1,0,1,0,1,1,ships
75032c049.jpg,land_coast,0.0,0.21732584635416666,0.0,4,60.949700011406094,0.05449021980166435,False,0,0,0,0,0,0,0,coast
7508bcdde.jpg,land_coast,0.0,0.3009507921006944,0.0,18,59.81229999451898,0.865166962146759,True,1,5,0,3,0,3,3,coast
751cd7aa0.jpg,candidates,0.0,0.0,0.0,4,54.92570000933483,0.2545463442802429,True,0,0,0,0,0,0,0,empty
7534e60ca.jpg,land_coast,0.0,0.16866556803385416,0.0,6,56.35999998776242,0.6029230952262878,True,0,1,0,1,0,1,1,coast
75353e786.jpg,candidates,0.0,0.004070705837673611,0.0,26,60.55510000442155,0.6903400421142578,True,0,1,0,1,0,1,1,ships
7540ceeac.jpg,land_coast,0.0,0.3022783067491319,0.0,13,62.70160002168268,0.6602057814598083,True,0,0,0,0,0,0,1,coast
7544cb3f2.jpg,candidates,0.0,0.0005340576171875,0.0,5,54.11259998800233,0.5734516978263855,True,0,1,0,1,0,1,1,ships
7558bafc5.jpg,candidates,0.0,0.0006815592447916666,0.0,3,55.57530000805855,0.9607512950897217,True,0,11,0,4,0,1,6,ships
756560614.jpg,candidates,0.0,0.00017971462673611112,0.0,1,55.8471999829635,0.5183252096176147,True,0,2,0,1,0,1,1,ships
756899eb6.jpg,candidates,0.0,0.1047854953342014,0.0,2,57.16369999572635,0.7686112523078918,True,0,5,0,2,0,0,1,ships
7583ab982.jpg,candidates,0.0,0.0003848605685763889,0.0,2,56.81200002436526,0.8638370037078857,True,0,2,0,2,0,2,2,ships
758a8ff0f.jpg,candidates,0.0,0.004121568467881944,0.0,30,54.93209999985993,0.9376317858695984,True,0,1,0,1,0,1,1,ships
7591b11a0.jpg,land_coast,0.0,0.1664055718315972,0.0592041015625,41,56.71620002249256,0.9952119588851929,True,5,5,1,3,0,3,5,coast
759635210.jpg,candidates,0.0,0.00011528862847222222,0.0,2,55.02490000799298,0.5253319144248962,True,0,2,0,1,0,1,1,ships
75a616c2e.jpg,candidates,0.0,8.138020833333333e-05,0.0,1,54.56109999795444,0.3912634551525116,True,1,2,0,2,0,1,1,ships
75aba5420.jpg,candidates,0.0,0.0,0.0,2,55.47829999704845,0.0595347061753273,False,0,0,0,0,0,0,0,empty
75ad65205.jpg,empty_sea,0.0,0.10824754503038195,0.0,0,55.62289999215864,0.6437230706214905,True,0,1,0,1,0,1,1,ships
75ae8fa1a.jpg,candidates,0.0,0.026189168294270832,0.0,11,56.4064999925904,0.668330729007721,True,0,1,0,1,0,1,1,ships
75b5770b9.jpg,land_coast,0.0,0.2713589138454861,0.0,0,56.51560000842437,0.5059773325920105,True,0,1,0,1,0,1,1,coast
75e4ea5bc.jpg,candidates,0.0,0.000518798828125,0.0,2,54.51409998931922,0.601105809211731,True,0,2,0,2,0,2,2,ships
75ec3ad7b.jpg,candidates,0.0,0.1035427517361111,0.0,1,54.615499975625426,0.22968001663684845,True,0,0,0,0,0,0,0,empty
75f4880cd.jpg,candidates,0.0,0.0016394721137152778,0.0,1,55.86069999844767,0.8790319561958313,True,0,4,0,1,0,0,1,ships
75f8cc43b.jpg,candidates,0.0,0.11268785264756945,0.0,7,57.17829999048263,0.43831396102905273,True,1,1,0,0,0,0,1,ships
7622e53e0.jpg,land_coast,0.6993391248914931,0.2544633421167585,0.0,4,52.67400000593625,0.5201466679573059,True,4,2,0,0,0,0,2,coast
762874df7.jpg,land_coast,0.0,0.14559427897135416,0.0,1,57.01190000399947,0.0038901965599507093,False,0,0,0,0,0,0,0,coast
762f3662e.jpg,candidates,0.0,0.04399447970920139,0.0,47,56.35089997667819,0.8839057683944702,True,1,4,0,2,0,1,4,ships
76342d142.jpg,candidates,0.0,0.0007408989800347222,0.0,5,57.91249999310821,0.30776214599609375,True,0,1,0,1,0,1,1,ships
763b50874.jpg,candidates,0.0,0.06685384114583333,0.041405571831597224,97,57.40960000548512,0.9961206316947937,True,0,3,0,2,0,2,3,ships
764a83cf1.jpg,land_coast,0.0,0.029590182834201388,0.10784233940972222,42,57.88820001180284,0.9185917973518372,True,5,5,2,4,2,4,4,coast
765337d5c.jpg,candidates,0.0,0.0014631483289930555,0.0,2,55.29489999753423,0.9561757445335388,True,0,2,0,2,0,1,1,ships
76543688d.jpg,empty_sea,0.0,0.0,0.0,0,54.93910002405755,0.11798987537622452,False,0,0,0,0,0,0,0,empty
7659a892c.jpg,candidates,0.0,0.097259521484375,0.0,11,59.5282000140287,0.3927856981754303,True,2,7,0,4,0,1,4,ships
76654d52a.jpg,candidates,0.0,0.0005391438802083334,0.0,17,53.87070000870153,0.795839250087738,True,2,18,0,13,0,6,7,ships
7694b5649.jpg,candidates,0.0,0.0010579427083333333,0.0,4,54.40130000351928,0.9606594443321228,True,4,3,2,2,1,2,2,ships
7695e28da.jpg,land_coast,0.0,0.370330810546875,0.010981241861979166,7,65.36859998595901,0.46680474281311035,True,0,4,0,0,0,0,1,coast
76be6e1d2.jpg,candidates,0.0,9.1552734375e-05,0.0,1,55.76019998989068,0.7288942337036133,True,1,3,0,2,0,0,1,ships
76c7aaa6d.jpg,candidates,0.0,0.0,0.0,1,57.651400013128296,0.12542615830898285,False,0,0,0,0,0,0,0,empty
76cab12e0.jpg,land_coast,0.0,0.19798109266493055,0.0,4,58.96470000152476,0.1851608008146286,True,0,0,0,0,0,0,0,coast
76d311f7f.jpg,candidates,0.0,0.00016445583767361112,0.0,7,56.627499987371266,0.7212030291557312,True,3,3,0,2,0,0,1,ships
76e8e4b86.jpg,candidates,0.0,0.00048658582899305556,0.0,22,57.350699993548915,0.8850123286247253,True,0,5,0,4,0,2,3,ships
76fa96bc0.jpg,candidates,0.0,0.002109103732638889,0.0,14,54.596500005573034,0.9948723912239075,True,0,12,0,8,0,7,6,ships
76fba9191.jpg,candidates,0.0,0.037297566731770836,0.0,8,56.55849998584017,0.07774331420660019,False,0,0,0,0,0,0,0,empty
770c007c9.jpg,candidates,0.0,0.0638766818576389,0.024778578016493056,85,58.229200018104166,0.5313951373100281,True,0,1,0,1,0,1,1,ships
770c46cd4.jpg,candidates,0.0,0.0058441162109375,0.0,117,56.38719999114983,0.5868587493896484,True,0,0,0,0,0,0,1,ships
7715a2fe3.jpg,land_coast,0.0,0.00022379557291666666,0.08592054578993055,46,56.74369999906048,0.06278011947870255,False,0,0,0,0,0,0,0,coast
772882d74.jpg,candidates,0.0,0.0003407796223958333,0.0,39,57.476399990264326,0.31340956687927246,True,0,2,0,1,0,0,1,ships
7729b00a1.jpg,candidates,0.0,0.00014241536458333334,0.0,1,56.54990000766702,0.4771944582462311,True,0,1,0,1,0,1,1,ships
7730ab3dc.jpg,candidates,0.0860019259982639,0.01662973053886578,0.0,78,55.399500008206815,0.5462083220481873,True,0,0,0,0,0,0,0,empty
7732bf690.jpg,empty_sea,0.0,0.006037394205729167,0.0,0,54.85630000475794,0.5679630637168884,True,0,0,0,0,0,0,0,empty
7738c656d.jpg,land_coast,0.0,0.1555904812282986,0.0,0,55.99309998797253,0.5958029627799988,True,0,0,0,0,0,0,0,coast
774868083.jpg,candidates,0.0,0.0021226671006944445,0.0,7,56.61480000708252,0.6014624834060669,True,0,1,0,1,0,1,1,ships
774bf34a0.jpg,empty_sea,0.0,0.0,0.0,0,56.7723999847658,0.1230103075504303,False,0,0,0,0,0,0,0,empty
775a97bc6.jpg,candidates,0.0,0.004228379991319444,0.0,18,57.17840002034791,0.9958963394165039,True,0,2,0,2,0,2,2,ships
775ae6c8f.jpg,land_coast,0.0,0.009107801649305556,0.3524254692925347,33,54.93049998767674,0.4997680187225342,True,0,0,0,0,0,0,0,coast
777b1a4a2.jpg,land_coast,0.0,0.12614949544270834,0.0,1,56.38530000578612,0.0955185666680336,False,0,0,0,0,0,0,0,coast
777e40118.jpg,land_coast,0.0,0.21589491102430555,0.0,1,57.61049999273382,0.4900199770927429,True,0,2,0,1,0,0,1,coast
778c478b6.jpg,candidates,0.0,0.0,0.0,1,55.795199994463474,0.7513130903244019,True,0,2,0,1,0,0,1,ships
779969efd.jpg,candidates,0.0,0.002972073025173611,0.0,26,55.74969999724999,0.8246673941612244,True,0,3,0,2,0,2,2,ships
77b5a1bd7.jpg,land_coast,0.0,0.03732469346788195,0.13566080729166666,74,56.97340000187978,0.8444059491157532,True,0,1,0,0,0,0,1,coast
77e595ecb.jpg,candidates,0.0,0.00020345052083333334,0.0,10,56.045299977995455,0.625099241733551,True,0,4,0,1,0,0,1,ships
77e8c8938.jpg,land_coast,0.0,0.18258836534288195,0.09064229329427083,13,59.909199975663796,0.9707809090614319,True,13,6,3,3,0,3,3,coast
77ea99db8.jpg,candidates,0.0,0.008029513888888888,0.0,44,56.302999990293756,0.8754684925079346,True,5,1,2,1,1,1,1,ships
77ef3daf9.jpg,land_coast,0.021626790364583332,0.0020668262172716147,0.08649597894071664,19,54.434999998193234,0.5233766436576843,True,0,2,0,2,0,2,2,coast
77f04608f.jpg,candidates,0.0,0.0021345350477430555,0.0,4,58.619099989300594,0.9460004568099976,True,2,2,1,2,0,1,1,ships
78058c3c6.jpg,candidates,0.0,8.307562934027778e-05,0.0,16,56.571499997517094,0.5153069496154785,True,0,1,0,1,0,1,1,ships
7806b029c.jpg,land_coast,0.0,0.3687371148003472,0.0,5,64.9639000184834,0.8811420202255249,True,1,1,0,1,0,1,1,coast
7818737fa.jpg,land_coast,0.0,0.12185838487413195,0.0,2,55.85470001096837,0.7787542343139648,True,0,3,0,1,0,1,1,coast
7823b61d7.jpg,empty_sea,0.0,0.0,0.0,0,55.34580000676215,0.11544366925954819,False,0,0,0,0,0,0,0,empty
78290c58e.jpg,candidates,0.0,0.0011308458116319445,0.0,1,55.627699999604374,0.9554505348205566,True,0,4,0,0,0,0,1,ships
7832d2270.jpg,candidates,0.0,0.0017310248480902778,0.0,1,55.95369997899979,0.9956148862838745,True,0,1,0,1,0,1,1,ships
7833c68e9.jpg,candidates,0.0,0.0031483968098958335,0.0,6,60.04759998177178,0.9924939870834351,True,0,1,0,1,0,1,1,ships
783403b34.jpg,candidates,0.0,0.001385158962673611,0.0,25,54.8514999973122,0.8682717680931091,True,0,1,0,1,0,1,1,ships
78388954f.jpg,candidates,0.0,0.1157718234592014,0.0,9,58.177300001261756,0.9017691016197205,True,14,2,1,2,0,2,2,ships
783e42843.jpg,candidates,0.0,0.0025651719835069445,0.0,6,59.436999988975,0.9978978633880615,True,1,5,1,1,0,0,2,ships
783fdce10.jpg,candidates,0.0,0.0,0.0,7,56.57630000496283,0.10902519524097443,False,0,0,0,0,0,0,0,empty
7850218dd.jpg,candidates,0.016291300455729168,0.0035873864095446327,0.07766197422422119,22,56.94410001160577,0.9383694529533386,True,0,2,0,2,0,2,2,ships
785e95aca.jpg,candidates,0.0,0.0,0.0,4,54.125299997394904,0.18132567405700684,True,0,0,0,0,0,0,0,empty
786f8e73d.jpg,candidates,0.0,0.0012291802300347222,0.0,3,54.983100009849295,0.7516627311706543,True,0,1,0,1,0,1,1,ships
7883dffb3.jpg,candidates,0.0,0.0005560980902777778,0.0,1,53.90630001784302,0.991953432559967,True,4,1,0,1,0,1,1,ships
788ff6a80.jpg,candidates,0.0,0.0004730224609375,0.0,2,54.21040000510402,0.6152694821357727,True,0,5,0,3,0,1,2,ships
78933d0d5.jpg,candidates,0.0,9.833441840277778e-05,0.0,3,55.86230001063086,0.5831933617591858,True,0,2,0,1,0,1,1,ships
78aae2ec0.jpg,land_coast,0.0,0.002616034613715278,0.09890238444010417,11,53.84320000302978,0.9970691800117493,True,0,4,0,4,0,3,4,coast
78ad51c28.jpg,candidates,0.0,0.004169040256076389,0.0,51,56.02000001817942,0.7556106448173523,True,0,3,0,1,0,0,1,ships
78b19af7d.jpg,empty_sea,0.0,0.0,0.0,0,55.41189998621121,0.16540928184986115,True,0,0,0,0,0,0,0,empty
78b443453.jpg,candidates,0.0,0.00029669867621527775,0.0,5,55.365200008964166,0.8689295053482056,True,1,1,0,1,0,1,1,ships
78b60743c.jpg,empty_sea,0.0,0.0,0.0,0,55.26789999566972,0.7060155272483826,True,0,0,0,0,0,0,0,empty
78bc9d9d5.jpg,candidates,0.0,0.00017632378472222222,0.0,1,56.10059999162331,0.7879772186279297,True,0,1,0,1,0,1,1,ships
78be9b1ed.jpg,land_coast,0.0,0.2933519151475694,0.0,2,63.10699999448843,0.026277191936969757,False,0,0,0,0,0,0,0,coast
78d8769c3.jpg,land_coast,0.0,0.274078369140625,0.0,20,55.53049998707138,0.8995453715324402,True,0,1,0,1,0,1,1,coast
78ee8c40e.jpg,candidates,0.0,0.00024074978298611112,0.0,3,55.68630000925623,0.16044676303863525,True,0,2,0,1,0,1,1,ships
78f11bea6.jpg,land_coast,0.0,0.03691270616319445,0.3171878390842014,47,55.390599998645484,0.998101532459259,True,3,8,2,6,1,5,6,coast
78fb67ca4.jpg,empty_sea,0.0,0.0,0.0,0,54.35079999733716,0.6211023330688477,True,0,0,0,0,0,0,0,empty
79053c150.jpg,candidates,0.0,0.0017022026909722222,0.0,6,55.24169999989681,0.6110212206840515,True,0,8,0,6,0,4,4,ships
790babfb2.jpg,land_coast,0.0,0.3021816677517361,0.0,2,58.32630000077188,0.5057180523872375,True,0,0,0,0,0,0,1,coast
790f10424.jpg,candidates,0.0,0.0004425048828125,0.0,4,55.10880000656471,0.7458013892173767,True,0,1,0,1,0,1,1,ships
7934e6372.jpg,land_coast,0.1241455078125,0.004186190704682017,0.08987080072744937,42,56.157899991376325,0.17822863161563873,True,0,4,0,2,0,0,3,coast
794db00a5.jpg,candidates,0.0,0.0013970269097222222,0.0,1,54.439400002593175,0.9536100029945374,True,1,1,1,0,0,0,1,ships
794e9ad87.jpg,land_coast,0.0,0.009318033854166666,0.08432176378038195,7,52.82219999935478,0.4487585723400116,True,1,3,0,2,0,2,2,coast
79538a3b2.jpg,candidates,0.0,0.00250244140625,0.011172824435763888,3,56.41059999470599,0.8406308889389038,True,0,1,0,1,0,0,1,ships
795de0bcb.jpg,empty_sea,0.0,0.0,0.0,0,54.88040001364425,0.19525842368602753,True,0,0,0,0,0,0,0,empty
795ee4a9a.jpg,candidates,0.0,0.030546400282118056,0.0,64,57.63160000788048,0.10226136445999146,False,0,0,0,0,0,0,0,empty
798154da8.jpg,candidates,0.006861368815104167,0.054416958710907876,0.07531231756151761,30,56.734400015557185,0.9385232329368591,True,0,0,0,0,0,0,0,empty
7984cee5f.jpg,candidates,0.0,0.0009545220269097222,0.0,7,54.03109997860156,0.880006730556488,True,0,2,0,2,0,2,2,ships
79a15032a.jpg,candidates,0.0,0.0017717149522569445,0.0,20,58.03559999912977,0.7600049376487732,True,1,6,1,5,0,4,5,ships
79a518103.jpg,candidates,0.0,0.003685845269097222,0.0,1,55.33380000269972,0.7486937642097473,True,0,2,0,1,0,1,1,ships
79a601931.jpg,candidates,0.04501681857638889,0.11828153237783384,0.0,3,55.56299997260794,0.006464206613600254,False,0,0,0,0,0,0,0,empty
79a651072.jpg,candidates,0.0,0.00014919704861111112,0.0,8,56.04620001395233,0.7429712414741516,True,0,2,0,1,0,1,1,ships
79a8570aa.jpg,candidates,0.0,0.0642055935329861,0.0,5,56.06500001158565,0.49497297406196594,True,0,2,0,1,0,1,1,ships
79aa4bd71.jpg,candidates,0.0,0.00014241536458333334,0.0,2,55.92650000471622,0.0888291671872139,False,0,0,0,0,0,0,0,empty
79b063a4e.jpg,candidates,0.0,0.003033108181423611,0.0,40,56.1050999967847,0.7697464823722839,True,0,1,0,1,0,1,1,ships
79b5709af.jpg,candidates,0.0,0.015840318467881944,0.0,93,58.027899998705834,0.3763270974159241,True,0,0,0,0,0,0,0,empty
79b748025.jpg,land_coast,0.010776095920138888,0.11257762503983532,0.08830607305582112,16,56.24130001524463,0.999963641166687,True,5,6,1,6,1,6,7,coast
79ba39871.jpg,candidates,0.0,6.781684027777778e-05,0.0,15,56.26829998800531,0.10291850566864014,False,0,0,0,0,0,0,0,empty
79d2cdb25.jpg,land_coast,0.0,0.3000725640190972,0.0,11,56.64189998060465,0.9580503106117249,True,6,2,1,2,0,2,2,coast
79de961ca.jpg,land_coast,0.0,0.315185546875,0.0,37,57.47640001936816,0.692993700504303,True,0,2,0,1,0,1,1,coast
79e099d74.jpg,empty_sea,0.0,0.018749660915798612,0.0,0,55.978699994739145,0.07818147540092468,False,0,0,0,0,0,0,0,empty
79e4d6dd8.jpg,land_coast,0.0,0.2953321668836806,0.0,29,59.44750001071952,0.9619518518447876,True,0,3,0,3,0,2,2,coast
79e96a7d6.jpg,land_coast,0.0,0.2297295464409722,0.0,1,55.46100001083687,0.3571878969669342,True,0,0,0,0,0,0,0,coast
79ebcb211.jpg,candidates,0.0,0.002292209201388889,0.0,10,56.243900005938485,0.9997565150260925,True,0,1,0,1,0,1,1,ships
79fb16330.jpg,candidates,0.0,0.0006476508246527778,0.0,4,54.59119999432005,0.9556326866149902,True,2,3,1,1,0,0,2,ships
7a05e917f.jpg,candidates,0.0,0.001491970486111111,0.0,2,55.21300001419149,0.289189875125885,True,0,1,0,1,0,1,1,ships
7a1678c2f.jpg,candidates,0.0,0.00067138671875,0.019036187065972224,23,52.75709999841638,0.5592668056488037,True,6,3,3,3,0,3,4,ships
7a16b9d82.jpg,land_coast,0.12490336100260417,0.2570656783493386,0.0,0,54.101399990031496,0.4286767542362213,True,0,1,0,1,0,1,1,coast
7a175e792.jpg,land_coast,0.0,0.270904541015625,0.0,8,57.340200000908226,0.3131832480430603,True,0,0,0,0,0,0,0,coast
7a1f50d01.jpg,candidates,0.0,0.00046454535590277775,0.0,8,54.901700001209974,0.7028117179870605,True,1,1,0,1,0,1,1,ships
7a1f6ffcd.jpg,candidates,0.0,0.1121181911892361,0.0,3,56.860100012272596,0.2608950436115265,True,0,3,0,0,0,0,1,ships
7a2034c2e.jpg,land_coast,0.05189175075954861,0.19334845049130764,0.0,8,55.245299998205155,0.696789026260376,True,1,1,0,1,0,1,1,coast
7a207492f.jpg,land_coast,0.0,0.1244625515407986,0.0,6,55.10979998507537,0.43444761633872986,True,3,1,2,1,0,1,2,coast
7a2e70ffc.jpg,candidates,0.0,0.0,0.0,3,55.29039999237284,0.1847754716873169,True,0,0,0,0,0,0,0,empty
7a33e8379.jpg,land_coast,0.0,0.05318874782986111,0.2025417751736111,60,56.91919999662787,0.99720698595047,True,1,2,0,2,0,2,2,coast
7a3c80079.jpg,candidates,0.0,2.5431315104166668e-05,0.0,33,54.58769999677315,0.01457232516258955,False,0,0,0,0,0,0,0,empty
7a4ff4e84.jpg,land_coast,0.0,0.16253831651475695,0.022647433810763888,37,56.56179998186417,0.3438933491706848,True,2,1,0,1,0,1,1,coast
7a517e761.jpg,candidates,0.0,0.001141018337673611,0.0,33,55.25649999617599,0.16613486409187317,True,0,0,0,0,0,0,0,empty
7a5383eb6.jpg,land_coast,0.0,0.017176310221354168,0.1074371337890625,47,54.92910000612028,0.9567450881004333,True,1,3,0,0,0,0,2,coast
7a583f293.jpg,candidates,0.0,0.00014750162760416666,0.0,1,54.35320001561195,0.7087957859039307,True,0,3,0,1,0,0,1,ships
7a5c0be6f.jpg,candidates,0.0,0.04573398166232639,0.019795735677083332,40,56.159600004320964,0.9206501841545105,True,6,3,0,0,0,0,1,ships
7a6f6cf77.jpg,candidates,0.0,5.0862630208333336e-05,0.0,3,56.57030001748353,0.4924145042896271,True,2,0,0,0,0,0,0,empty
7a70c9016.jpg,candidates,0.0,0.0005323621961805555,0.0,2,55.799299996579066,0.9342467188835144,True,0,2,0,2,0,2,2,ships
7a7598680.jpg,candidates,0.0,0.00035773383246527775,0.0,2,55.334300006506965,0.8279220461845398,True,0,2,0,2,0,2,3,ships
7a7d500ee.jpg,candidates,0.0,0.002600775824652778,0.0,78,57.347699999809265,0.13934016227722168,True,0,0,0,0,0,0,0,empty
7a7fce0c1.jpg,candidates,0.0,0.0032806396484375,0.0,4,58.17119998391718,0.6323582530021667,True,1,2,1,2,1,2,2,ships
7aa60fac1.jpg,candidates,0.0,0.004141913519965278,0.0,50,57.50830000033602,0.056213803589344025,False,0,0,0,0,0,0,0,empty
7aaf1b589.jpg,candidates,0.0,0.017428927951388888,0.04193284776475695,43,55.334100004984066,0.951744794845581,True,18,12,6,5,3,4,11,ships
7abde3658.jpg,land_coast,0.8720228407118056,0.14990253112096885,0.0,1,52.24990000715479,0.5350151062011719,True,0,1,0,1,0,1,1,coast
7af142518.jpg,land_coast,0.0,0.3108486599392361,0.0,90,61.30689999554306,0.6671074628829956,True,1,0,0,0,0,0,1,coast
7af5a13c8.jpg,candidates,0.0,0.012829250759548612,0.0,5,54.63600001530722,0.02119772881269455,False,0,0,0,0,0,0,0,empty
7b321f64f.jpg,candidates,0.0,0.004987928602430556,0.035074869791666664,63,56.648600002517924,0.5095536112785339,True,1,3,1,1,0,1,2,ships
7b35b9f8c.jpg,candidates,0.0,0.00025092230902777775,0.0,22,56.41040002228692,0.49316003918647766,True,3,3,0,1,0,0,1,ships
7b4c4c592.jpg,candidates,0.0,0.0010053846571180555,0.0734405517578125,47,55.442400014726445,0.4946728050708771,True,0,0,0,0,0,0,0,empty
7b52a2f99.jpg,candidates,0.0,0.012073092990451388,0.0,7,55.73180000646971,0.09864969551563263,False,0,0,0,0,0,0,0,empty
7b693c6b5.jpg,candidates,0.0,0.0005442301432291666,0.0,2,56.28319998504594,0.9881721138954163,True,0,1,0,1,0,1,1,ships
7b6c0a2a8.jpg,candidates,0.0,0.004904852973090278,0.019695705837673612,30,57.568599993828684,0.9729762077331543,True,0,1,0,1,0,1,1,ships
7b7fe4b0f.jpg,candidates,0.0,0.09789869520399305,0.0,8,57.439399999566376,0.6805284023284912,True,0,2,0,2,0,2,1,ships
7b92ce704.jpg,candidates,0.0,0.003399319118923611,0.0,17,58.325499994680285,0.9998669624328613,True,3,6,1,3,0,2,3,ships
7ba7a8b6e.jpg,candidates,0.0,0.0028093126085069445,0.0,7,55.71310000959784,0.48838338255882263,True,0,2,0,2,0,2,2,ships
7ba8dfbf4.jpg,candidates,0.0,0.0010579427083333333,0.0,4,55.31989998416975,0.9554393887519836,True,0,1,0,1,0,1,1,ships
7bbffa912.jpg,candidates,0.0,0.00016954210069444444,0.0,48,56.57699998118915,0.7299752831459045,True,0,1,0,1,0,1,1,ships
7beea573c.jpg,candidates,0.0,0.009746975368923612,0.0,20,56.006900005741045,0.6829925179481506,True,11,4,3,3,3,3,3,ships
7beef222a.jpg,empty_sea,0.0,0.0,0.0,0,55.068899993784726,0.19174709916114807,True,0,0,0,0,0,0,0,empty
7c09c5ebf.jpg,candidates,0.0,0.0018683539496527778,0.0,12,55.98669999744743,0.998944103717804,True,1,1,1,1,1,1,1,ships
7c2889b0b.jpg,empty_sea,0.0,0.0,0.0,0,56.420100008836016,0.7932285666465759,True,0,0,0,0,0,0,0,empty
7c29268a8.jpg,candidates,0.0,0.0,0.0,2,55.23130000801757,0.20372886955738068,True,0,0,0,0,0,0,0,empty
7c31d0afb.jpg,candidates,0.0,0.11313544379340278,0.0,37,56.714900012593716,0.9812272787094116,True,0,3,0,2,0,2,2,ships
7c31e9aa5.jpg,candidates,0.0,0.002444797092013889,0.0,25,53.633500006981194,0.9887771010398865,True,6,1,1,1,1,1,1,ships
7c31fa060.jpg,land_coast,0.0,0.08641221788194445,0.18225606282552084,50,57.12620000122115,0.24002163112163544,True,5,0,0,0,0,0,1,coast
7c3525717.jpg,candidates,0.0,0.014012654622395834,0.0,12,55.98230002215132,0.009756280109286308,False,0,0,0,0,0,0,0,empty
7c35d33fc.jpg,candidates,0.0,0.05796644422743055,0.0646701388888889,71,57.51849999069236,0.9998286962509155,True,0,7,0,2,0,0,1,ships
7c400ce83.jpg,candidates,0.0,0.0,0.0,12,54.254199989372864,0.6377838850021362,True,0,1,0,1,0,1,1,ships
7c43acc87.jpg,candidates,0.0,0.009892781575520834,0.0,56,55.36719999508932,0.8439092636108398,True,0,8,0,7,0,5,6,ships
7c4b06990.jpg,candidates,0.0,0.00032721625434027775,0.0,2,54.15000001084991,0.7801830768585205,True,4,2,1,1,0,0,2,ships
7c6865b24.jpg,land_coast,0.0,0.3046468098958333,0.0,1,60.304999991785735,0.4830418527126312,True,0,0,0,0,0,0,0,coast
7c70f32da.jpg,candidates,0.0,0.010974460177951388,0.0,64,55.0844999961555,0.9909735321998596,True,0,18,0,10,0,9,10,ships
7c71cde96.jpg,candidates,0.0,9.494357638888889e-05,0.0,3,54.02860001777299,0.596053957939148,True,0,3,0,1,0,0,1,ships
7c9cac62a.jpg,land_coast,0.3229200575086806,0.23313849929411143,0.0,55,55.58129999553785,0.9782865047454834,True,3,0,0,0,0,0,1,coast
7c9f34d3a.jpg,candidates,0.0,0.003277248806423611,0.0,21,55.058800004189834,0.9925490617752075,True,9,9,1,6,0,6,7,ships
7ca1f0683.jpg,candidates,0.0,0.003884209526909722,0.018271552191840276,17,54.68760000076145,0.9707943797111511,True,0,1,0,1,0,1,1,ships
7cac6dc5f.jpg,candidates,0.0082550048828125,0.0008464987062134379,0.020492823648392253,12,54.67150002368726,0.5087280869483948,True,3,1,0,1,0,1,1,ships
7cbfa4c30.jpg,candidates,0.0,0.0007968478732638889,0.0,2,53.96550000295974,0.9163265824317932,True,0,2,0,2,0,2,2,ships
7cd3c02e1.jpg,candidates,0.0,0.0082244873046875,0.0,4,55.16910000005737,0.985019326210022,True,0,2,0,2,0,2,2,ships
7cdd91b20.jpg,land_coast,0.044411553276909724,0.041337796475693606,0.10508443613425963,42,55.27169999550097,0.418913871049881,True,0,0,0,0,0,0,0,coast
7ce32a83f.jpg,candidates,0.0,0.003933376736111111,0.011232164171006944,21,55.32470002071932,0.9759042859077454,True,0,1,0,1,0,1,1,ships
7ce5ee7d5.jpg,candidates,0.0,0.0005238850911458334,0.0,6,55.61630000011064,0.395611047744751,True,0,1,0,1,0,1,1,ships
7ce7e138f.jpg,land_coast,0.0,0.021448771158854168,0.18121507432725695,31,55.89380001765676,0.9999909400939941,True,4,2,1,2,1,1,2,coast
7d2474599.jpg,candidates,0.0,5.0862630208333336e-05,0.0,5,54.87380002159625,0.6238569617271423,True,3,8,0,2,0,0,5,ships
7d2b21ac7.jpg,candidates,0.006608751085069444,0.0003542743110049239,0.023202400165670305,34,56.613000022480264,0.11414620280265808,False,0,0,0,0,0,0,0,empty
7d347c547.jpg,candidates,0.0,0.00041029188368055556,0.0,28,54.45369999506511,0.8310779929161072,True,0,5,0,3,0,0,1,ships
7d4a48fde.jpg,candidates,0.0,0.028840806749131944,0.0,38,53.81750001106411,0.9745596647262573,True,1,3,0,2,0,2,2,ships
7d53b09c1.jpg,candidates,0.0,0.011949327256944444,0.0,25,55.17380000674166,0.825375497341156,True,0,1,0,1,0,1,1,ships
7d85effad.jpg,candidates,0.0,0.0023701985677083335,0.014765421549479166,19,56.82129997876473,0.9159356951713562,True,0,1,0,1,0,1,1,ships
7d86eff1e.jpg,land_coast,0.0,0.023907131618923612,0.08401997884114583,87,58.3794999984093,0.9847129583358765,True,0,0,0,0,0,0,1,coast
7d8ae05ce.jpg,candidates,0.19355265299479166,0.0,0.0,13,53.753299987874925,0.18735666573047638,True,0,0,0,0,0,0,0,empty
7d8e4f383.jpg,candidates,0.0,0.00016954210069444444,0.0,2,53.556500002741814,0.34096160531044006,True,3,4,1,2,0,1,2,ships
7d8f442ec.jpg,candidates,0.07477823893229167,0.00016207364850137762,0.0,14,54.97100000502542,0.5431903004646301,True,0,1,0,1,0,1,1,ships
7d998432f.jpg,candidates,0.0,0.00019497341579861112,0.0,1,55.79710000893101,0.4131670892238617,True,1,3,0,0,0,0,1,ships
7d9eef8c7.jpg,candidates,0.0,0.0059814453125,0.015524970160590278,13,53.809500008355826,0.9824487566947937,True,5,15,0,6,0,3,6,ships
7d9f463a5.jpg,land_coast,0.0,0.22490098741319445,0.0,30,61.53589999303222,0.8432575464248657,True,0,1,0,1,0,1,1,coast
7daacaf5b.jpg,empty_sea,0.0,0.0,0.0,0,54.393200000049546,0.7283177971839905,True,2,1,0,1,0,0,1,ships
7db36f616.jpg,candidates,0.0,0.003653632269965278,0.0,6,52.77499998919666,0.9999849796295166,True,4,2,0,1,0,1,2,ships
7df285494.jpg,candidates,0.0,0.021706475151909724,0.0,5,56.25679998775013,0.2696376442909241,True,0,1,0,1,0,1,1,ships
7e002c3c2.jpg,candidates,0.0,0.0709109836154514,0.0,9,57.14520000037737,0.9025964736938477,True,0,2,0,1,0,1,1,ships
7e0c03b19.jpg,candidates,0.0,0.0016072591145833333,0.0,24,56.24350000289269,0.9440286159515381,True,0,1,0,1,0,1,1,ships
7e1957a39.jpg,land_coast,0.0,0.2276611328125,0.026053534613715276,30,58.37539999629371,0.5288972854614258,True,0,1,0,1,0,1,1,coast
7e27106cd.jpg,candidates,0.0,0.0,0.013497246636284722,5,55.12169998837635,0.37039950489997864,True,0,0,0,0,0,0,0,empty
7e2834961.jpg,candidates,0.0,6.103515625e-05,0.0,1,53.95520001184195,0.10935620963573456,False,0,2,0,1,0,1,1,ships
7e697bb58.jpg,land_coast,0.0,0.2841627332899306,0.0,35,59.8261000122875,0.48853641748428345,True,0,1,0,1,0,1,2,coast
7e8327c1e.jpg,candidates,0.0,0.0003916422526041667,0.0,1,56.87739999848418,0.9864889979362488,True,1,1,1,1,1,1,1,ships
7e87e9ee9.jpg,candidates,0.0,0.0023057725694444445,0.010187784830729166,11,57.83309999969788,0.9972923398017883,True,0,1,0,1,0,1,1,ships
7e9141e11.jpg,land_coast,0.0,0.1417236328125,0.012673272026909722,36,56.59459999878891,0.6998984217643738,True,5,1,0,1,0,1,1,coast
7eb64f3f9.jpg,land_coast,0.0,0.2959001329210069,0.0,1,60.91909998212941,0.2448367327451706,True,0,0,0,0,0,0,0,coast
7eb7169c3.jpg,land_coast,0.0,0.0102691650390625,0.1709255642361111,47,55.883900000480935,0.9016368985176086,True,7,6,3,2,0,0,3,coast
7ec9bbf18.jpg,candidates,0.0,0.07058207194010417,0.0,6,53.91059999237768,0.039362311363220215,False,0,0,0,0,0,0,0,empty
7ecec357e.jpg,land_coast,0.0,0.361328125,0.0,1,58.97129999357276,0.8484975099563599,True,0,0,0,0,0,0,1,coast
7ed56296e.jpg,candidates,0.0,0.0003238254123263889,0.0,2,53.96009999094531,0.8951401114463806,True,0,1,0,1,0,1,1,ships
7edd9df3a.jpg,candidates,0.0,0.0017293294270833333,0.038230048285590276,64,55.20299999625422,0.8786552548408508,True,0,0,0,0,0,0,0,empty
7ee1e0c3c.jpg,candidates,0.0,0.012186686197916666,0.0,40,54.34380000224337,0.9906063079833984,True,0,2,0,2,0,2,4,ships
7ee5e1022.jpg,candidates,0.0,0.0,0.0,1,51.93290000897832,0.7508184313774109,True,1,1,0,1,0,1,1,ships
7eede29c4.jpg,candidates,0.0,0.0003000895182291667,0.0,2,54.23450001399033,0.5980737805366516,True,0,3,0,2,0,0,1,ships
7ef0738af.jpg,candidates,0.0,0.07010396321614583,0.0,34,55.72790000587702,0.823879063129425,True,0,4,0,1,0,0,1,ships
7eff627af.jpg,candidates,0.0,0.03678724500868055,0.0,4,55.55570000433363,0.6439975500106812,True,0,0,0,0,0,0,0,empty
7f27e468c.jpg,candidates,0.0,0.0027414957682291665,0.0325927734375,22,54.93909999495372,0.9597954154014587,True,0,4,0,4,0,4,4,ships
7f313d632.jpg,candidates,0.0,0.0,0.0,1,54.93639997439459,0.32096394896507263,True,1,0,0,0,0,0,1,ships
7f4a7658a.jpg,candidates,0.0,0.05784946017795139,0.0,20,56.55589999514632,0.5267482399940491,True,1,15,0,5,0,3,6,ships
7f4c800cf.jpg,land_coast,0.0,0.2700076633029514,0.0,4,55.51150001701899,0.9475196003913879,True,0,1,0,1,0,1,1,coast
7f4debc40.jpg,land_coast,0.0,0.3091142442491319,0.0,26,60.06560000241734,0.3339695334434509,True,1,3,0,1,0,0,1,coast
7f5ac1af0.jpg,candidates,0.0,0.0005204942491319445,0.0,2,53.98870000499301,0.9252118468284607,True,1,3,0,2,0,2,2,ships
7f6086be4.jpg,candidates,0.0,0.00010342068142361111,0.0,1,54.892799991648644,0.6652740240097046,True,1,4,0,1,0,0,1,ships
7f6b0fb77.jpg,land_coast,0.0,0.2579006618923611,0.0,7,55.92329998034984,0.6820139288902283,True,0,1,0,1,0,1,1,coast
7f77f0995.jpg,candidates,0.0,0.0016564263237847222,0.0,12,55.7764999975916,0.8158860206604004,True,0,4,0,3,0,2,2,ships
7f8bd76bd.jpg,land_coast,0.0,0.15031263563368055,0.0,9,54.024299985030666,0.43997853994369507,True,3,0,0,0,0,0,0,coast
7f9d77796.jpg,candidates,0.0,0.00037977430555555556,0.0,25,54.729700001189485,0.9271973967552185,True,0,4,0,4,0,4,4,ships
7f9e38ab2.jpg,land_coast,0.0,0.3073255750868056,0.0,15,57.49570002080873,0.9902861714363098,True,2,2,0,2,0,2,2,coast
7fb7a428c.jpg,candidates,0.0,0.0013173421223958333,0.010667588975694444,5,51.84170001302846,0.916738748550415,True,2,2,0,1,0,0,1,ships
7fc6b7773.jpg,candidates,0.6119266086154513,0.0,0.0,2,51.13569999230094,0.3818642795085907,True,0,0,0,0,0,0,0,empty
7fcd4ed92.jpg,candidates,0.0,0.002541436089409722,0.0,43,53.98860000423156,0.8228133916854858,True,1,0,0,0,0,0,0,empty
7fd79ab5f.jpg,candidates,0.0,0.004252115885416667,0.0,17,54.68619999010116,0.9993762373924255,True,0,6,0,5,0,3,4,ships
7fdad6235.jpg,land_coast,0.0,0.06481764051649305,0.4210984971788194,54,54.44040001020767,0.9997301697731018,True,4,2,2,2,1,1,2,coast
7fdb698d6.jpg,candidates,0.0,0.0006137424045138889,0.0,3,55.41509998147376,0.9221101999282837,True,1,2,0,1,0,0,2,ships
7fe85d233.jpg,candidates,0.0,0.00016615125868055556,0.0,25,55.52490000263788,0.829269289970398,True,0,3,0,0,0,0,1,ships
7ff71c5c0.jpg,candidates,0.1572146945529514,0.05686334843549397,0.015283245090029391,55,55.62129997997545,0.9997203946113586,True,0,1,0,1,0,1,1,ships
7ff7b8801.jpg,land_coast,0.0,0.07246568467881945,0.0943756103515625,62,57.08800000138581,0.9989815354347229,True,5,25,0,6,0,4,14,coast
7fff75831.jpg,candidates,0.0,0.001895480685763889,0.039633856879340276,45,56.09249998815358,0.8865286707878113,True,0,3,0,2,0,0,1,ships
800bc5d97.jpg,candidates,0.0,0.0007697211371527778,0.0,12,54.52109998441301,0.7586125731468201,True,0,3,0,2,0,0,1,ships
800c9aceb.jpg,candidates,0.0,0.011762830946180556,0.014500935872395834,19,54.63140000938438,0.6719445586204529,True,0,5,0,3,0,1,2,ships
8015da36c.jpg,candidates,0.0,0.00022549099392361112,0.0,17,55.40310000651516,0.14249643683433533,True,0,0,0,0,0,0,0,empty
802179851.jpg,candidates,0.0,0.0014750162760416667,0.0,5,57.273900019936264,0.9462116360664368,True,0,1,0,1,0,1,1,ships
8040a7a6e.jpg,candidates,0.0,0.008516099717881944,0.0,61,56.46669998532161,0.30341625213623047,True,0,1,0,1,0,1,1,ships
805009727.jpg,candidates,0.0,4.916720920138889e-05,0.0,3,54.90249997819774,0.7722375392913818,True,1,3,1,1,0,0,1,ships
8053c0eb5.jpg,candidates,0.0,0.00017462836371527778,0.0,5,55.28170001343824,0.6820139288902283,True,1,9,0,5,0,2,3,ships
806211344.jpg,candidates,0.0,0.0018768310546875,0.0,12,56.61090000648983,0.9220858812332153,True,0,1,0,1,0,1,1,ships
8063fae61.jpg,cloud,0.9962819417317709,0.0,0.0,0,34.47649997542612,0.40166622400283813,True,0,4,0,1,0,0,2,cloud
8064cfe10.jpg,candidates,0.0,0.00469970703125,0.0,27,56.94700000458397,0.9971747398376465,True,0,4,0,1,0,0,1,ships
806c3002b.jpg,land_coast,0.0,0.2591637505425347,0.0,4,56.28759998944588,0.7432028651237488,True,0,4,0,4,0,4,4,coast
80882ef86.jpg,candidates,0.0,0.0013512505425347222,0.0,8,54.85509999562055,0.9593969583511353,True,1,3,0,3,0,3,3,ships
808932215.jpg,candidates,0.0,0.014439900716145834,0.0,41,56.1242000258062,0.05861268937587738,False,0,0,0,0,0,0,0,empty
8099aaa13.jpg,candidates,0.6325802273220487,0.01258086914353102,0.0,17,52.47229998349212,0.6045635938644409,True,0,5,0,1,0,0,1,ships
80af04ff1.jpg,candidates,0.2846289740668403,0.0018112748667090746,0.04837560067137241,23,54.726799979107454,0.6380901336669922,True,14,17,1,7,0,3,6,ships
80b8c4d81.jpg,land_coast,0.0,0.09298875596788195,0.393585205078125,63,57.01099999714643,0.25504112243652344,True,6,18,0,5,0,3,9,coast
80c6bed54.jpg,candidates,0.0,0.002597384982638889,0.0,14,56.23330001253635,0.9967040419578552,True,2,12,0,7,0,6,8,ships
80c991d08.jpg,candidates,0.0,0.021314832899305556,0.0,12,58.02450000192039,0.9071141481399536,True,0,1,0,1,0,1,1,ships
80efb9c7b.jpg,candidates,0.0,0.0017005072699652778,0.0,22,54.71739999484271,0.8671804666519165,True,0,1,0,1,0,1,1,ships
80f77e99d.jpg,candidates,0.0,0.00023566351996527778,0.0,1,54.54410001402721,0.4781918525695801,True,3,1,1,1,0,0,1,ships
8113a97f4.jpg,land_coast,0.0,0.24045308430989584,0.0,2,58.2890999794472,0.6850672960281372,True,0,1,0,1,0,1,1,coast
811962ac2.jpg,candidates,0.0,0.0030042860243055555,0.0,2,55.61920002219267,0.6584401726722717,True,0,1,0,1,0,1,1,ships
811c470bc.jpg,empty_sea,0.0,0.0,0.0,0,56.09349999576807,0.2578181028366089,True,0,0,0,0,0,0,0,empty
812e60e7d.jpg,empty_sea,0.0,0.0,0.0,0,54.37429997255094,0.16090628504753113,True,0,0,0,0,0,0,0,empty
813e7bef2.jpg,empty_sea,0.0,0.0,0.0,0,54.32029999792576,0.2845308184623718,True,0,0,0,0,0,0,0,empty
814278217.jpg,candidates,0.0,0.04812961154513889,0.0,73,56.36170000070706,0.19436395168304443,True,0,0,0,0,0,0,0,empty
81443036d.jpg,candidates,0.0,0.002582126193576389,0.0,8,56.43319999217056,0.9915193915367126,True,0,1,0,1,0,1,1,ships
814c2a312.jpg,candidates,0.0,0.00036451551649305556,0.0,4,53.98639998747967,0.5909715294837952,True,0,1,0,1,0,1,1,ships
8151a5aeb.jpg,empty_sea,0.0,0.0,0.0,0,55.61939999461174,0.10897806286811829,False,0,0,0,0,0,0,0,empty
81580c882.jpg,candidates,0.0,0.000701904296875,0.0,1,53.8562000147067,0.9838914275169373,True,0,4,0,4,0,4,4,ships
815ddd80e.jpg,land_coast,0.0,0.3312869601779514,0.0,1,58.37840001913719,0.8914987444877625,True,0,1,0,1,0,1,1,coast
8162b59c1.jpg,candidates,0.0,0.002465142144097222,0.0,10,57.5914999935776,0.16923610866069794,True,0,1,0,1,0,1,1,ships
81636a920.jpg,candidates,0.0,0.007083468967013889,0.0,19,56.884099991293624,0.9917631149291992,True,0,2,0,2,0,2,2,ships
816c59748.jpg,candidates,0.0,0.00042046440972222225,0.0,3,53.85300001944415,0.2550976276397705,True,0,1,0,1,0,1,1,ships
8179df753.jpg,candidates,0.0,0.0014885796440972222,0.0,11,55.30999999609776,0.9824931621551514,True,0,3,0,3,0,3,3,ships
817ad09f4.jpg,candidates,0.0,0.009741889105902778,0.0,2,54.886700003407896,0.9294540286064148,True,0,1,0,1,0,1,1,ships
8181e0417.jpg,land_coast,0.0,0.2601979573567708,0.0,3,58.23850000160746,0.6499832272529602,True,0,1,0,1,0,1,1,coast
81828f709.jpg,candidates,0.0,0.0013868543836805555,0.0,6,56.289799977093935,0.8017320036888123,True,0,2,0,2,0,2,2,ships
818c4c604.jpg,land_coast,0.0,0.2245398627387153,0.0,11,58.97669997648336,0.16147364675998688,True,2,2,0,0,0,0,1,coast
81906d833.jpg,candidates,0.0,0.015374077690972222,0.0675693088107639,49,56.236500007798895,0.9999816417694092,True,21,4,3,3,1,2,2,ships
81b1be6fa.jpg,land_coast,0.0,0.3723229302300347,0.0,8,64.94159999419935,0.6729305982589722,True,2,3,0,2,0,2,3,coast
81b1d206d.jpg,candidates,0.0,0.0004018147786458333,0.0,18,57.104799983790144,0.9549165964126587,True,0,2,0,2,0,2,2,ships
81b78ecff.jpg,candidates,0.0,0.0024871826171875,0.0402069091796875,8,53.88170000514947,0.8990837931632996,True,0,1,0,1,0,1,1,ships
81be6d53a.jpg,candidates,0.0,0.09371439615885417,0.0,70,56.64769999566488,0.04174462705850601,False,0,1,0,1,0,1,1,ships
81c923c5b.jpg,candidates,0.03127712673611111,0.005361345926343896,0.058586327337414985,8,54.45440000039525,0.006843473296612501,False,0,0,0,0,0,0,0,empty
81cea10bd.jpg,candidates,0.0,0.010201348198784722,0.029819064670138888,35,55.762299976777285,0.9998773336410522,True,7,2,1,1,0,1,2,ships
81eabfac1.jpg,candidates,0.0,0.014670477973090278,0.035593668619791664,78,56.0774999903515,0.9297260642051697,True,7,5,0,1,0,0,1,ships
81fe5a11c.jpg,land_coast,0.047461615668402776,0.04407500657352078,0.15764743596670378,13,54.533999995328486,0.3680207133293152,True,0,4,0,2,0,0,2,coast
820a95fdf.jpg,candidates,0.0,0.0017801920572916667,0.0,4,55.806899996241555,0.9498482942581177,True,0,1,0,1,0,1,1,ships
820cf0fa8.jpg,candidates,0.0,0.0026109483506944445,0.0,5,54.08159998478368,0.9645559191703796,True,0,2,0,1,0,1,1,ships
821089b9a.jpg,candidates,0.0,0.001330905490451389,0.0,3,54.73199998959899,0.913461446762085,True,0,7,0,5,0,4,3,ships
8214d47e2.jpg,land_coast,0.0,0.2345852322048611,0.0,5,61.69809997663833,0.17821387946605682,True,0,1,0,1,0,1,1,coast
8218de40f.jpg,candidates,0.0,0.0007866753472222222,0.0,5,55.31980001251213,0.7846639752388,True,0,1,0,1,0,1,1,ships
822aac20d.jpg,candidates,0.0,0.00372314453125,0.0,8,55.22639999981038,0.21553866565227509,True,0,0,0,0,0,0,0,empty
82305ea18.jpg,candidates,0.0,0.006540934244791667,0.0323486328125,2,53.93140000523999,0.9999884366989136,True,4,2,3,0,2,0,1,ships
8243ca536.jpg,land_coast,0.0,0.3755103217230903,0.0,15,60.5230999935884,0.9781648516654968,True,0,1,0,1,0,1,1,coast
8271cbfeb.jpg,empty_sea,0.0,0.0,0.0,0,55.876600003102794,0.11380941420793533,False,0,0,0,0,0,0,0,empty
827238dc5.jpg,candidates,0.0,0.0004018147786458333,0.0,2,53.904500004136935,0.9661498665809631,True,1,3,1,2,1,1,2,ships
827ab9bde.jpg,candidates,0.0,0.0,0.0,11,55.1098000141792,0.10912951081991196,False,0,0,0,0,0,0,0,empty
828ae7e9d.jpg,candidates,0.0,0.0004781087239583333,0.0,50,54.45919997873716,0.251770943403244,True,0,1,0,1,0,1,1,ships
8291d2f31.jpg,candidates,0.0,0.10421922471788195,0.0,108,61.731699999654666,0.9874240756034851,True,0,1,0,1,0,1,1,ships
829aa0c2c.jpg,candidates,0.0,0.055899726019965276,0.04286024305555555,22,55.030399991665035,0.7743210196495056,True,1,0,0,0,0,0,0,empty
82a36ee8d.jpg,candidates,0.0,0.006539238823784722,0.0,9,56.386100011877716,0.7990733981132507,True,0,2,0,1,0,1,1,ships
82a698659.jpg,land_coast,0.0,0.2126837836371528,0.0,4,57.347599999047816,0.3045347332954407,True,0,0,0,0,0,0,0,coast
82aaeddaf.jpg,land_coast,0.0,0.2588924831814236,0.0,19,60.231100011151284,0.9383832812309265,True,0,5,0,1,0,0,1,coast
82af744e9.jpg,candidates,0.0,0.06580607096354167,0.0,8,54.47100001038052,0.3250771760940552,True,0,0,0,0,0,0,0,empty
82c86dff9.jpg,candidates,0.0,0.00028143988715277775,0.0,38,54.686799994669855,0.8404833674430847,True,2,3,0,0,0,0,2,ships
82dbdbbcb.jpg,candidates,0.0,0.0,0.0,23,54.831799992825836,0.18702061474323273,True,0,0,0,0,0,0,0,empty
82e237789.jpg,candidates,0.0,6.273057725694444e-05,0.0,3,57.02360000577755,0.3893570601940155,True,0,2,0,1,0,1,1,ships
82e8cdaa5.jpg,land_coast,0.0,0.1230807834201389,0.0,51,57.10679999901913,0.8873389959335327,True,0,2,0,1,0,1,1,coast
82ec47838.jpg,candidates,0.0,0.0031280517578125,0.0,11,56.749299983493984,0.9848526120185852,True,0,1,0,1,0,1,1,ships
82fa6feb0.jpg,candidates,0.0,0.0083770751953125,0.0,25,55.48730000737123,0.28215381503105164,True,0,3,0,3,0,1,1,ships
83176534a.jpg,candidates,0.0,0.0006985134548611111,0.0,4,54.87829999765381,0.8413666486740112,True,2,1,1,1,0,1,1,ships
83208e408.jpg,candidates,0.0,0.0034467909071180555,0.0,6,56.257199990795925,0.9933260679244995,True,1,7,0,4,0,2,3,ships
832661f4f.jpg,land_coast,0.0,0.05038791232638889,0.2003089057074653,46,57.627800008049235,0.9998040795326233,True,1,1,0,1,0,1,1,coast
833574595.jpg,candidates,0.0,0.0005866156684027778,0.0,11,54.023000004235655,0.8200111985206604,True,1,1,1,1,0,1,1,ships
834d275fd.jpg,candidates,0.0,0.00023566351996527778,0.0,1,55.22039998322725,0.5031366348266602,True,3,1,1,1,0,0,1,ships
8350b3152.jpg,candidates,0.0,0.0002865261501736111,0.0,4,55.86820002645254,0.14149317145347595,True,0,0,0,0,0,0,0,empty
8355c30ab.jpg,candidates,0.0,0.00021023220486111112,0.0,10,56.56440000166185,0.7086316347122192,True,1,2,0,2,0,0,1,ships
836216268.jpg,candidates,0.0,0.0020124647352430555,0.0,7,56.00149999372661,0.7915977239608765,True,0,1,0,1,0,1,1,ships
838648b78.jpg,candidates,0.0,0.0004764133029513889,0.013219197591145834,2,54.38560000038706,0.7740078568458557,True,0,1,0,1,0,1,1,ships
839098191.jpg,candidates,0.0,0.059153238932291664,0.0,69,54.98399998759851,0.26157474517822266,True,0,0,0,0,0,0,0,empty
8395e055c.jpg,candidates,0.0,0.0029296875,0.015482584635416666,8,56.12739999196492,0.9739755392074585,True,0,1,0,1,0,1,1,ships
83a79dd43.jpg,candidates,0.0,0.0,0.0,2,55.02279999200255,0.03406902775168419,False,0,0,0,0,0,0,0,empty
83a978177.jpg,candidates,0.0,0.0010969373914930555,0.05226474338107639,24,55.20210001850501,0.6303175687789917,True,0,1,0,1,0,1,1,ships
83af3c0ea.jpg,land_coast,0.3834398057725694,0.04022997402420486,0.11696538315071843,39,52.97330001485534,0.9999655485153198,True,5,0,1,0,0,0,0,coast
83b872ea5.jpg,land_coast,0.0,0.3098822699652778,0.0,1,64.66170001658611,0.9344826936721802,True,2,1,1,1,0,1,1,coast
83bfc42da.jpg,candidates,0.0,0.0,0.0,2,56.03320000227541,0.3322410583496094,True,0,0,0,0,0,0,0,empty
83d7d5d87.jpg,land_coast,0.003879123263888889,0.33689964524491745,0.0,0,64.59219998214394,0.3488006293773651,True,0,0,0,0,0,0,1,coast
83dfd98f4.jpg,candidates,0.0,0.0005476209852430555,0.0,2,56.12930000643246,0.7854321002960205,True,0,1,0,1,0,1,1,ships
83e576834.jpg,land_coast,0.0,0.030170016818576388,0.14928690592447916,72,54.60279999533668,0.9626355171203613,True,0,3,0,2,0,2,2,coast
83e8e54e8.jpg,candidates,0.0,0.0018870035807291667,0.0,4,56.042399985017255,0.9149360656738281,True,0,1,0,1,0,1,1,ships
83eda20e3.jpg,land_coast,0.021501329210069444,0.002913093016265789,0.14252836202738692,62,57.18820000765845,0.04263073578476906,False,0,0,0,0,0,0,0,coast
83f6011e3.jpg,candidates,0.0,0.005896674262152778,0.0,17,56.57829999108799,0.9277509450912476,True,0,1,0,1,0,1,1,ships
8417fc19a.jpg,land_coast,0.0,0.016338772243923612,0.0939144558376736,47,56.08650000067428,0.9889096617698669,True,4,5,0,3,0,1,3,coast
842167ae3.jpg,land_coast,0.0,0.2879367404513889,0.0,0,59.14869997650385,0.4999757409095764,True,0,0,0,0,0,0,0,coast
8438859e4.jpg,candidates,0.0,0.002002292209201389,0.0,12,56.32060000789352,0.6150173544883728,True,0,1,0,1,0,1,1,ships
84398cc98.jpg,candidates,0.0,0.0,0.0,1,57.282599998870865,0.19927890598773956,True,0,0,0,0,0,0,0,empty
844a5f36d.jpg,land_coast,0.0,0.2178887261284722,0.012608846028645834,45,63.48539999453351,0.9567047357559204,True,0,8,0,6,0,5,5,coast
844e0cf41.jpg,candidates,0.0,0.001407199435763889,0.0,4,55.08029999327846,0.9837328791618347,True,0,1,0,1,0,1,1,ships
845c083f2.jpg,land_coast,0.0,0.3191257052951389,0.0,30,60.593900008825585,0.8838984370231628,True,0,1,0,1,0,1,1,coast
845eb47e1.jpg,candidates,0.0,0.00014580620659722222,0.0,1,54.917900008149445,0.6649486422538757,True,0,1,0,1,0,1,1,ships
84714c017.jpg,land_coast,0.011050754123263888,0.2648612786489747,0.07936239875926245,12,60.085900011472404,0.8959789872169495,True,3,0,2,0,0,0,1,coast
847d6a872.jpg,land_coast,0.0,0.027035183376736112,0.09283616807725695,78,56.86579999746755,0.9999797344207764,True,17,2,7,2,6,2,2,coast
84851619b.jpg,candidates,0.0,0.10972086588541667,0.0,22,54.4923999987077,0.17666521668434143,True,1,1,0,0,0,0,1,ships
849ab5fc3.jpg,candidates,0.0,0.0947265625,0.04171922471788195,62,56.5278000140097,0.9550410509109497,True,3,5,1,1,0,1,10,ships
84a066bee.jpg,candidates,0.0,0.00019158257378472222,0.0,53,55.55400002049282,0.7963506579399109,True,0,1,0,1,0,1,1,ships
84a495da1.jpg,candidates,0.0,0.001849704318576389,0.0,15,57.25169999641366,0.9642508029937744,True,1,1,0,1,0,1,1,ships
84a80b2a0.jpg,candidates,0.0,0.005823771158854167,0.017162746853298612,9,57.06399999326095,0.9824632406234741,True,0,1,0,1,0,1,1,ships
84ad59a73.jpg,candidates,0.0,0.04206678602430555,0.0,65,56.11299999873154,0.5225481986999512,True,0,1,0,1,0,1,1,ships
84aff4c89.jpg,land_coast,0.0,0.13524034288194445,0.0,53,57.91560001671314,0.6030649542808533,True,0,11,0,2,0,0,9,coast
84ed77e7c.jpg,candidates,0.14950731065538195,7.895201587351055e-05,0.07142871983461631,41,53.473399981157854,0.5613314509391785,True,1,1,0,1,0,1,1,ships
851302031.jpg,candidates,0.0,0.007714165581597222,0.0,18,53.95589998806827,0.7407482862472534,True,0,2,0,2,0,1,1,ships
851827135.jpg,candidates,0.0,0.0005917019314236111,0.0,42,54.3156000203453,0.02553671970963478,False,0,0,0,0,0,0,0,empty
851ccf864.jpg,candidates,0.0,0.00011189778645833333,0.0,1,54.38220000360161,0.6322736740112305,True,0,4,0,2,0,0,1,ships
853563069.jpg,land_coast,0.0,0.13696797688802084,0.0,24,57.84180000773631,0.19305652379989624,True,0,0,0,0,0,0,0,coast
853a7aef1.jpg,candidates,0.0,0.10871039496527778,0.0,24,56.84429997927509,0.9891000390052795,True,2,20,1,13,1,11,10,ships
85426ca04.jpg,candidates,0.0,0.0010121663411458333,0.026404486762152776,24,55.07100000977516,0.893785834312439,True,0,1,0,1,0,1,1,ships
8543e5205.jpg,land_coast,0.8405592176649306,0.18412557211931646,0.0,3,51.717800000915304,0.5733828544616699,True,0,2,0,0,0,0,1,coast
854b5c6e8.jpg,candidates,0.0,0.0004425048828125,0.0,2,55.469099985202774,0.9055117964744568,True,0,2,0,1,0,1,1,ships
8553b1c10.jpg,land_coast,0.0,0.2967342800564236,0.0,6,61.79380000685342,0.9736086130142212,True,0,1,0,1,0,1,1,coast
8556d6ff8.jpg,candidates,0.0,7.120768229166667e-05,0.0,8,56.226100015919656,0.8393858075141907,True,0,1,0,1,0,1,1,ships
8595b77d4.jpg,candidates,0.0,0.0003323025173611111,0.0,2,55.00950000714511,0.9075977206230164,True,0,2,0,2,0,2,2,ships
859bb4bc8.jpg,candidates,0.0,0.023457845052083332,0.0,13,58.12750000040978,0.9793318510055542,True,0,2,0,2,0,2,2,ships
859e41fe0.jpg,candidates,0.04368421766493055,0.0018662714984956667,0.05490861736045624,40,56.460199994035065,0.982265830039978,True,0,4,0,3,0,3,3,ships
85a4ba676.jpg,candidates,0.0,0.0006544325086805555,0.0,9,56.9932000071276,0.7854087352752686,True,0,1,0,1,0,1,1,ships
85ad5b8e8.jpg,candidates,0.0,0.025212605794270832,0.0298614501953125,63,58.014500013086945,0.6694453358650208,True,0,1,0,1,0,1,1,ships
85b05eeea.jpg,candidates,0.0,0.00010850694444444444,0.0,2,56.380099995294586,0.7926777601242065,True,0,3,0,3,0,0,1,ships
85f92ee9d.jpg,land_coast,0.7154405381944444,0.2523501235454081,0.0,15,52.71499999798834,0.5457741618156433,True,1,7,1,3,1,1,3,coast
860be5ac8.jpg,candidates,0.0,0.00044080946180555556,0.0,3,54.46280000614934,0.8153300285339355,True,0,3,0,1,0,1,2,ships
861026c31.jpg,land_coast,0.0,0.016704983181423612,0.12568495008680555,55,64.92139998590574,0.9999994039535522,True,11,5,3,3,2,3,3,coast
862b31c63.jpg,candidates,0.0,0.012398613823784722,0.06791517469618055,17,57.99609998939559,0.999308705329895,True,0,1,0,1,0,1,1,ships
863a96e44.jpg,candidates,0.0,0.018925984700520832,0.0,4,56.014300003880635,0.2807167172431946,True,0,1,0,1,0,1,1,ships
8660742a0.jpg,land_coast,0.0,0.2597944471571181,0.0,1,57.586200011428446,0.09711631387472153,False,0,0,0,0,0,0,0,coast
86760f68d.jpg,land_coast,0.0,0.3092278374565972,0.0,16,62.77530000079423,0.9150733947753906,True,0,4,0,2,0,0,1,coast
8680839be.jpg,candidates,0.0,0.00031365288628472225,0.0,1,54.990600008750334,0.6698392629623413,True,4,2,3,2,0,0,3,ships
8688f97fb.jpg,candidates,0.0,0.031624688042534724,0.07536146375868055,41,56.10390001675114,0.998337984085083,True,5,3,0,2,0,2,2,ships
869396711.jpg,candidates,0.0,0.0018090142144097222,0.0,5,56.35880000772886,0.8831124901771545,True,0,3,0,1,0,1,2,ships
86964c018.jpg,candidates,0.0,0.0016225179036458333,0.0,9,55.33169998670928,0.9319683313369751,True,0,1,0,1,0,1,1,ships
86b02d20e.jpg,candidates,0.0,0.0003323025173611111,0.0,3,55.37089999415912,0.4907805621623993,True,0,2,0,1,0,1,1,ships
86caf7744.jpg,land_coast,0.0,0.2661285400390625,0.0,0,59.681200014892966,0.42124494910240173,True,0,4,0,1,0,0,1,coast
86e1c17ae.jpg,candidates,0.0,0.017674763997395832,0.020704481336805556,45,61.88980001024902,0.9997989535331726,True,3,3,0,2,0,1,1,ships
86ebc244d.jpg,candidates,0.017630683051215276,0.03631778844238773,0.05656188138960137,68,57.81570001272485,0.8770879507064819,True,3,2,0,1,0,0,1,ships
86f473acf.jpg,candidates,0.4684499104817708,0.0,0.0,15,52.39219998475164,0.38979241251945496,True,0,1,0,1,0,1,1,ships
86f73238a.jpg,candidates,0.0,0.037972344292534724,0.0,7,58.97350001032464,0.93648362159729,True,0,1,0,1,0,1,1,ships
86f7b8272.jpg,candidates,0.0,0.0008494059244791666,0.0,22,57.249900011811405,0.9044520258903503,True,0,1,0,1,0,1,1,ships
870680501.jpg,land_coast,0.0,0.291656494140625,0.0,4,56.43550000968389,0.5149131417274475,True,0,1,0,1,0,1,1,coast
870e938c3.jpg,candidates,0.0,0.0009850396050347222,0.0,4,57.37219998263754,0.8929367065429688,True,0,1,0,1,0,1,1,ships
87139470c.jpg,land_coast,0.021626790364583332,0.0006703220164124156,0.08427553726135052,16,55.26489997282624,0.3465733528137207,True,0,1,0,1,0,1,1,coast
8715b56a0.jpg,candidates,0.0,0.002834743923611111,0.020216200086805556,14,55.42499999864958,0.9556753635406494,True,1,1,0,1,0,1,1,ships
871d71a5b.jpg,candidates,0.0,0.00024244520399305556,0.0,4,54.53639998449944,0.6842570304870605,True,5,1,3,1,1,1,1,ships
87404fe27.jpg,candidates,0.0,0.00017971462673611112,0.0,7,53.98569998214953,0.3860749304294586,True,1,4,0,0,0,0,1,ships
8740db2fd.jpg,candidates,0.0,0.0018683539496527778,0.0,17,54.41190002602525,0.9281242489814758,True,0,4,0,4,0,4,4,ships
87465375b.jpg,land_coast,0.0,0.3157958984375,0.0,6,59.620599990012124,0.23800130188465118,True,1,0,0,0,0,0,0,coast
874bb3d0b.jpg,land_coast,0.0,0.3002777099609375,0.0,17,57.782000018050894,0.9058887958526611,True,0,1,0,1,0,1,1,coast
8750bd082.jpg,candidates,0.0,0.00043572319878472225,0.0,4,53.98530000820756,0.7789949774742126,True,0,1,0,1,0,1,1,ships
8751e708d.jpg,candidates,0.0,0.00041876898871527775,0.0,2,53.960699995514005,0.7825030088424683,True,1,1,0,1,0,1,1,ships
8759ab630.jpg,candidates,0.0,0.00013563368055555556,0.0,2,55.211300001246855,0.4728562533855438,True,0,4,0,2,0,0,2,ships
87667797b.jpg,candidates,0.0,0.007926093207465278,0.0,62,55.3111000044737,0.9387360215187073,True,4,1,2,1,0,1,1,ships
87823f0e8.jpg,candidates,0.0,0.007422553168402778,0.0,17,57.08669999148697,0.9793565273284912,True,1,2,0,2,0,1,2,ships
87859b6d3.jpg,land_coast,0.0,0.21038987901475695,0.0,0,56.72419999609701,0.049684733152389526,False,0,0,0,0,0,0,0,coast
8794d5ff9.jpg,candidates,0.0,0.0010291205512152778,0.0,6,57.50949998036958,0.7693197131156921,True,2,8,1,2,0,0,2,ships
87a1e29ab.jpg,candidates,0.0,0.006635877821180556,0.011038886176215278,18,56.48870000732131,0.9204459190368652,True,0,1,0,1,0,1,1,ships
87a605148.jpg,land_coast,0.0,0.2083655463324653,0.0,11,58.611500018741935,0.1311062127351761,True,0,0,0,0,0,0,0,coast
87acc3ebe.jpg,candidates,0.0,0.002770317925347222,0.0,2,59.6306000079494,0.2440367490053177,True,0,4,0,2,0,0,1,ships
87bd8465b.jpg,candidates,0.0,0.05170016818576389,0.0,169,59.338799997931346,0.03710385411977768,False,0,0,0,0,0,0,0,empty
87bd9c92b.jpg,land_coast,0.0,0.18764750162760416,0.0,1,56.18359998334199,0.8110172748565674,True,0,1,0,1,0,1,1,coast
87edd570b.jpg,candidates,0.0,0.0013970269097222222,0.0,1,54.61530000320636,0.9749910831451416,True,1,1,1,0,0,0,1,ships
8802f9396.jpg,land_coast,0.0,0.1599646674262153,0.0,28,56.320799980312586,0.12422555685043335,False,0,0,0,0,0,0,0,coast
88101d3f1.jpg,candidates,0.0,0.0007171630859375,0.0,69,55.603799992240965,0.1483762115240097,True,0,0,0,0,0,0,0,empty
881f75cc1.jpg,candidates,0.0,0.0003204345703125,0.0,1,55.79969999962486,0.951593279838562,True,0,1,0,1,0,1,1,ships
88212dbc7.jpg,candidates,0.0,0.0033467610677083335,0.0,6,57.824799994705245,0.12712520360946655,True,0,1,0,1,0,1,1,ships
883b243fb.jpg,candidates,0.036799112955729164,0.09362672682442078,0.06686150383719008,10,57.17410001670942,0.26071155071258545,True,0,0,0,0,0,0,1,ships
88449d222.jpg,candidates,0.0,0.0005357530381944445,0.0,4,53.62669998430647,0.9293816685676575,True,3,3,1,3,0,1,2,ships
88496852b.jpg,candidates,0.0,0.08120218912760417,0.0,118,56.9309999991674,0.020345063880085945,False,0,0,0,0,0,0,0,empty
8849b205b.jpg,candidates,0.0,6.103515625e-05,0.0,2,58.1469000026118,0.23219597339630127,True,3,3,0,1,0,0,1,ships
88564623a.jpg,candidates,0.0,0.04262966579861111,0.0,1,54.70670000067912,0.7031112909317017,True,0,1,0,1,0,1,1,ships
886cbd726.jpg,land_coast,0.0,0.2104458279079861,0.0,21,57.89769999682903,0.46726539731025696,True,0,0,0,0,0,0,1,coast
887a44405.jpg,candidates,0.0,0.005035400390625,0.0,3,55.49620001693256,0.5263077020645142,True,1,4,0,2,0,1,2,ships
8889c3cb8.jpg,candidates,0.0,0.0009409586588541666,0.0,3,56.21179999434389,0.9133298993110657,True,2,1,0,1,0,1,1,ships
889d3301e.jpg,candidates,0.0,0.018468221028645832,0.0,42,58.481199986999854,0.9938744902610779,True,0,4,0,4,0,4,4,ships
88a46e015.jpg,land_coast,0.0,0.2309299045138889,0.0,2,57.10370000451803,0.5352166295051575,True,0,1,0,1,0,1,1,coast
88ab00019.jpg,candidates,0.0,0.001636081271701389,0.0,5,55.91259998618625,0.9571434259414673,True,0,4,0,1,0,1,2,ships
88b55ae2a.jpg,candidates,0.0,0.00012885199652777778,0.0,2,53.67150000529364,0.7788444757461548,True,0,3,0,2,0,0,1,ships
88d1a3bfa.jpg,land_coast,0.0,0.3123982747395833,0.0,36,61.063600005581975,0.9655373692512512,True,0,1,0,1,0,1,1,coast
88e14cd94.jpg,candidates,0.0,0.002032809787326389,0.0,2,54.83449998428114,0.9561610221862793,True,0,1,0,1,0,1,1,ships
88e34a21f.jpg,candidates,0.0,0.09653727213541667,0.0,47,55.92419998720288,0.6033686399459839,True,2,0,1,0,1,0,1,ships
88e3e33fd.jpg,candidates,0.0,0.012920803493923612,0.040827433268229164,40,54.90619997726753,0.9983240962028503,True,2,3,0,3,0,3,3,ships
88ee8ca07.jpg,candidates,0.0,0.04697842068142361,0.0,7,55.60469999909401,0.15665604174137115,True,0,4,0,2,0,2,2,ships
88f91b5d5.jpg,candidates,0.0,0.0687747531467014,0.0,28,56.21899999096058,0.7276257872581482,True,1,2,1,1,1,0,1,ships
890ea1a11.jpg,candidates,0.0,0.007146199544270833,0.0,8,54.166699992492795,0.9946795105934143,True,0,3,0,0,0,0,1,ships
891f7fbb8.jpg,candidates,0.0,3.729926215277778e-05,0.0,1,54.55980001715943,0.39523303508758545,True,2,1,0,1,0,1,2,ships
892874b5f.jpg,candidates,0.0,0.0,0.0,1,55.08999997982755,0.35618433356285095,True,0,0,0,0,0,0,0,empty
892a69b4b.jpg,candidates,0.0,0.002410888671875,0.0,13,57.759499992243946,0.8721078038215637,True,0,1,0,1,0,1,1,ships
894a69786.jpg,candidates,0.0,0.0003848605685763889,0.0,14,54.529799992451444,0.46412211656570435,True,0,2,0,1,0,1,1,ships
894c7db4e.jpg,land_coast,0.0,0.2125006781684028,0.0,71,56.765599991194904,0.9731401205062866,True,0,3,0,1,0,0,1,coast
8950afd7c.jpg,candidates,0.0,0.0005425347222222222,0.0,1,55.639400001382455,0.892615556716919,True,1,1,0,1,0,1,1,ships
89596469e.jpg,candidates,0.0,0.00030348036024305556,0.0,16,54.895800014492124,0.2366436868906021,True,0,2,0,1,0,1,1,ships
895ee3fac.jpg,candidates,0.0,0.0011223687065972222,0.0,3,55.674999981420115,0.8781993985176086,True,1,2,0,2,0,0,1,ships
897dbe93c.jpg,candidates,0.0,0.007731119791666667,0.0,13,57.97789999633096,0.9568589329719543,True,0,5,0,4,0,1,2,ships
897e268f7.jpg,candidates,0.0,0.00018819173177083334,0.0,9,55.46939998748712,0.7132792472839355,True,15,1,1,1,0,1,1,ships
898bfc15e.jpg,land_coast,0.0,0.2583516438802083,0.0,1,59.08529998851009,0.12602871656417847,True,0,0,0,0,0,0,0,coast
89908d887.jpg,candidates,0.0,0.041875203450520836,0.0,28,55.46580001828261,0.7575495839118958,True,1,1,1,1,1,1,1,ships
89a2789b4.jpg,candidates,0.0,0.06601799858940972,0.011671278211805556,47,58.700299996417016,0.7891886830329895,True,1,0,0,0,0,0,0,empty
89c857e22.jpg,candidates,0.0,0.002938164605034722,0.0,15,55.6116999941878,0.965418815612793,True,0,4,0,4,0,2,3,ships
89cbb2430.jpg,candidates,0.0,0.003516303168402778,0.0,2,56.82830000296235,0.6713584661483765,True,0,3,0,1,0,1,1,ships
89cd711b2.jpg,land_coast,0.0,0.3030005560980903,0.0,20,60.75740000233054,0.7940873503684998,True,0,1,0,1,0,1,1,coast
89d46f4c4.jpg,candidates,0.0,0.022586398654513888,0.011796739366319444,96,54.7558999969624,0.9263832569122314,True,5,1,3,1,2,1,1,ships
89fbf46f8.jpg,candidates,0.0,0.0008511013454861111,0.0,12,54.354899999452755,0.2941698133945465,True,0,3,0,2,0,1,1,ships
89fcf9121.jpg,candidates,0.0,0.005245632595486111,0.0,59,58.26249998062849,0.9988941550254822,True,3,1,1,1,1,1,2,ships
8a026fe20.jpg,land_coast,0.0,0.2592095269097222,0.017062717013888888,17,61.356899997917935,0.33077457547187805,True,0,1,0,1,0,1,1,coast
8a0e5c046.jpg,candidates,0.0,0.0,0.0,6,53.52940000011586,0.536469042301178,True,2,1,0,1,0,1,1,ships
8a1ee6d79.jpg,candidates,0.0,0.0,0.0,1,55.45220000203699,0.08484785258769989,False,0,0,0,0,0,0,0,empty
8a2499cea.jpg,candidates,0.0,0.0007595486111111111,0.0,12,55.649199988693,0.7729490399360657,True,1,23,0,10,0,6,11,ships
8a2c43d6b.jpg,candidates,0.0,0.002227783203125,0.0,11,55.43549999129027,0.9841771125793457,True,0,1,0,1,0,1,1,ships
8a353f292.jpg,candidates,0.0,0.014560275607638888,0.0,127,54.178399994270876,0.9810978174209595,True,7,2,1,0,0,0,1,ships
8a37200de.jpg,land_coast,0.0,0.2511528862847222,0.0,25,57.369799993466586,0.6230531930923462,True,0,1,0,1,0,1,1,coast
8a37bcd57.jpg,candidates,0.0,0.007551405164930556,0.0284881591796875,30,55.68489999859594,0.9878364205360413,True,0,1,0,1,0,1,1,ships
8a3a192a4.jpg,candidates,0.0,0.004909939236111111,0.021413167317708332,37,56.740200001513585,0.9993042945861816,True,0,3,0,3,0,3,3,ships
8a59239c9.jpg,candidates,0.0,0.00044080946180555556,0.0,2,56.80510000092909,0.9124407768249512,True,0,3,0,1,0,1,2,ships
8a5bf45d5.jpg,candidates,0.0,0.0008680555555555555,0.0,15,55.890000017825514,0.6076162457466125,True,0,2,0,1,0,1,1,ships
8a75ec0f8.jpg,empty_sea,0.0,0.0,0.0,0,56.150399992475286,0.3318064212799072,True,0,0,0,0,0,0,0,empty
8a78ffce2.jpg,candidates,0.0,0.002368503146701389,0.0,20,55.740200012223795,0.9465209245681763,True,1,5,0,2,0,2,2,ships
8a79b86aa.jpg,candidates,0.0,0.0172119140625,0.0,53,56.80300001404248,0.9268624186515808,True,3,3,0,0,0,0,1,ships
8a7ac6d69.jpg,candidates,0.0,0.011742485894097222,0.0,3,55.695800023386255,0.08659528195858002,False,0,0,0,0,0,0,0,empty
8a8950d97.jpg,candidates,0.0,0.0002933078342013889,0.0,1,55.19659997662529,0.7811060547828674,True,0,5,0,1,0,1,2,ships
8aa4eedaf.jpg,candidates,0.0,0.003055148654513889,0.011237250434027778,4,55.485199991380796,0.9756903648376465,True,0,1,0,1,0,1,1,ships
8aa5db618.jpg,candidates,0.0,7.459852430555556e-05,0.0,32,55.37839999306016,0.3193594515323639,True,4,0,0,0,0,0,0,empty
8aa850743.jpg,candidates,0.0,0.00015936957465277778,0.0,4,56.28269998123869,0.6418339610099792,True,5,1,1,0,0,0,1,ships
8ab0d9126.jpg,land_coast,0.0,0.3001285129123264,0.0,7,60.47510000644252,0.6168925762176514,True,0,1,0,1,0,1,1,coast
8ab996730.jpg,candidates,0.0,0.00010342068142361111,0.0,9,54.843999998411164,0.4116964042186737,True,0,1,0,1,0,1,1,ships
8aba2fd7a.jpg,candidates,0.0,0.0008494059244791666,0.03682284884982639,42,55.51399997784756,0.798285722732544,True,0,2,0,2,0,1,2,ships
8ac027bce.jpg,candidates,0.0,0.007332695855034722,0.019056532118055556,31,55.37359998561442,0.99982750415802,True,4,2,0,1,0,1,2,ships
8acb482bd.jpg,candidates,0.0,0.005071004231770833,0.016476101345486112,22,58.036800008267164,0.9944639801979065,True,0,1,0,1,0,1,1,ships
8ad018505.jpg,land_coast,0.0,0.029264662000868056,0.0845675998263889,58,57.190499996067956,0.9964863061904907,True,1,3,0,2,0,1,3,coast
8ae540da8.jpg,candidates,0.0,0.002551608615451389,0.0,44,57.21820000326261,0.811069905757904,True,0,2,0,2,0,2,2,ships
8afe804ba.jpg,candidates,0.0,0.0018310546875,0.0,13,55.58990000281483,0.8834086060523987,True,0,1,0,1,0,1,1,ships
8b15c073d.jpg,candidates,0.0,0.09615071614583333,0.0,82,58.06390001089312,0.9202942252159119,True,7,8,2,7,2,5,7,ships
8b2291ad4.jpg,candidates,0.0,0.0007815890842013889,0.0,2,55.95579999499023,0.7879130840301514,True,0,6,0,2,0,1,2,ships
8b2775080.jpg,candidates,0.0,0.0005238850911458334,0.0,6,55.914900003699586,0.39988696575164795,True,0,1,0,1,0,1,1,ships
8b4b22344.jpg,land_coast,0.0,0.1986728244357639,0.03860812717013889,4,60.42429999797605,0.108042873442173,False,0,0,0,0,0,0,0,coast
8b56662dc.jpg,land_coast,0.0,0.2960934109157986,0.0,5,58.12029997468926,0.6719780564308167,True,0,1,0,1,0,1,1,coast
8b5dfef95.jpg,candidates,0.0,0.0005679660373263889,0.0,2,56.1087999958545,0.7293645143508911,True,2,1,0,1,0,1,1,ships
8b5f9d5d8.jpg,candidates,0.0,0.0009290907118055555,0.0,4,54.99540001619607,0.9772524237632751,True,0,2,0,2,0,2,2,ships
8b61fbd84.jpg,candidates,0.0,0.00025092230902777775,0.0,4,61.44960000528954,0.82633376121521,True,0,1,0,1,0,1,1,ships
8b68319d0.jpg,land_coast,0.0,0.2270321316189236,0.0,11,59.471599990502,0.9397414922714233,True,0,3,0,3,0,3,4,coast
8b6b01699.jpg,candidates,0.0,0.001407199435763889,0.0,4,59.72979997750372,0.986162543296814,True,0,1,0,1,0,1,1,ships
8b858d1ca.jpg,candidates,0.0,0.0006764729817708334,0.017478095160590276,12,55.564100010087714,0.8893580436706543,True,0,1,0,1,0,1,1,ships
8b8ff7fc4.jpg,land_coast,0.0,0.1512875027126736,0.04086134168836805,49,60.865200008265674,0.9952784776687622,True,0,3,0,2,0,2,3,coast
8ba136c38.jpg,candidates,0.0,0.0041351318359375,0.0,15,56.608400016557425,0.999821126461029,True,0,2,0,2,0,2,2,ships
8bb20d465.jpg,candidates,0.0,0.0030805799696180555,0.021413167317708332,22,57.52339999889955,0.968691885471344,True,1,1,0,1,0,1,1,ships
8bb46b7e3.jpg,candidates,0.0,8.307562934027778e-05,0.0,1,54.57649999880232,0.5290586948394775,True,0,4,0,1,0,0,1,ships
8bcdca0cb.jpg,candidates,0.0,0.0003933376736111111,0.0,33,57.40299998433329,0.7578979134559631,True,2,2,0,1,0,0,1,ships
8bd94f511.jpg,candidates,0.0,0.041541205512152776,0.0,4,61.631000018678606,0.630401611328125,True,0,2,0,2,0,2,2,ships
8bdec9a05.jpg,candidates,0.0,0.0025312635633680555,0.010918511284722222,23,57.56580000161193,0.19886747002601624,True,9,1,0,1,0,1,1,ships
8be96a446.jpg,land_coast,0.0,0.2872161865234375,0.0,1,64.2535999941174,0.11271383613348007,False,0,0,0,0,0,0,0,coast
8bf651696.jpg,candidates,0.0,0.0009646945529513889,0.0,6,56.98439999832772,0.876361072063446,True,0,4,0,3,0,2,2,ships
8bfad0524.jpg,candidates,0.0,0.0002712673611111111,0.0,5,55.983099999139085,0.9499564170837402,True,0,4,0,1,0,1,3,ships
8c02047a1.jpg,land_coast,0.0,0.14978196885850695,0.0,26,58.21959997410886,0.9998008608818054,True,10,15,4,10,1,10,9,coast
8c17b27cc.jpg,candidates,0.0,0.047448052300347224,0.0,23,56.801200000336394,0.29364579916000366,True,1,4,0,3,0,1,2,ships
8c1b419a1.jpg,land_coast,0.0,0.005584716796875,0.0834231906467014,28,57.303299981867895,0.908420741558075,True,5,2,0,1,0,0,1,coast
8c23c585a.jpg,land_coast,0.0,0.3090735541449653,0.0,1,59.64339998899959,0.7891637682914734,True,0,1,0,1,0,1,1,coast
8c2ca2723.jpg,land_coast,0.0,0.3559824625651042,0.0,0,65.57999999495223,0.20327618718147278,True,0,0,0,0,0,0,0,coast
8c3254b6d.jpg,land_coast,0.0,0.267242431640625,0.0,0,57.82689998159185,0.4773383140563965,True,0,0,0,0,0,0,0,coast
8c3e4558d.jpg,candidates,0.0,0.0005171034071180555,0.0,6,57.38300000666641,0.8786178827285767,True,1,4,1,2,0,1,2,ships
8c41b395b.jpg,land_coast,0.0,0.0009053548177083334,0.0821872287326389,46,57.84480000147596,0.535606861114502,True,0,4,0,1,0,0,1,coast
8c42fcfa1.jpg,land_coast,0.0,0.1461605495876736,0.0,22,58.94869999610819,0.1640138030052185,True,0,1,0,1,0,1,1,coast
8c4be6a61.jpg,candidates,0.0,0.0036977132161458335,0.0,3,59.02859999332577,0.9201043844223022,True,0,1,0,1,0,1,1,ships
8c6280110.jpg,land_coast,0.0,0.274749755859375,0.0,3,60.278299992205575,0.06938879936933517,False,0,0,0,0,0,0,0,coast
8c629b8b5.jpg,candidates,0.0,0.001156277126736111,0.0,30,56.301900011021644,0.8121212720870972,True,1,2,0,2,0,2,2,ships
8c6ba3e17.jpg,candidates,0.0,0.002788967556423611,0.0,14,57.40740001783706,0.8413596153259277,True,0,1,0,1,0,1,1,ships
8c7fd9fbf.jpg,land_coast,0.0,0.2859853108723958,0.0,4,60.46550002065487,0.6020894646644592,True,0,1,0,1,0,1,1,coast
8c8620d2e.jpg,candidates,0.0,0.006944444444444444,0.0,4,58.03539999760687,0.5532068014144897,True,1,3,0,0,0,0,1,ships
8c9cf7e37.jpg,candidates,0.0,0.0005323621961805555,0.0,2,56.01519998162985,0.9074750542640686,True,0,3,0,2,0,2,3,ships
8ca2e363e.jpg,land_coast,0.0,0.03515455457899305,0.22108289930555555,34,56.966999982250854,0.984596312046051,True,3,4,0,2,0,0,2,coast
8ca9d4a37.jpg,candidates,0.0,0.0005713568793402778,0.0,2,57.35300001106225,0.9042438864707947,True,0,3,0,2,0,2,2,ships
8cafa26ce.jpg,candidates,0.0,0.0005476209852430555,0.0,2,57.251299993367866,0.7463740110397339,True,0,1,0,1,0,1,1,ships
8cbb2970b.jpg,candidates,0.0,0.00653076171875,0.010377671983506944,41,57.17250000452623,0.9814790487289429,True,3,1,0,1,0,1,1,ships
8cbca02cb.jpg,candidates,0.0,0.0007052951388888889,0.0,2,55.667699984041974,0.9607576727867126,True,0,1,0,1,0,1,1,ships
8cc3ff528.jpg,candidates,0.0,0.031792534722222224,0.0,14,57.399400015128776,0.06656287610530853,False,0,3,0,1,0,0,1,ships
8cd7051c4.jpg,land_coast,0.03451707628038195,0.0,0.14131233297725473,20,55.01229999936186,0.31847643852233887,True,0,0,0,0,0,0,0,coast
8cfb570f6.jpg,candidates,0.0,0.0010918511284722222,0.0,4,56.29010000848211,0.9548198580741882,True,1,1,0,1,0,1,3,ships
8d0028339.jpg,candidates,0.0,0.0018446180555555555,0.0,13,58.069399994565174,0.6854743957519531,True,0,1,0,1,0,1,1,ships
8d183ca66.jpg,land_coast,0.0,0.15145704481336805,0.043572319878472224,47,60.06990000605583,0.9827681183815002,True,1,1,1,1,1,0,1,coast
8d1f31dc8.jpg,land_coast,0.0,0.2591417100694444,0.013495551215277778,12,58.78659998415969,0.9629572033882141,True,0,3,0,2,0,2,3,coast
8d2144e59.jpg,land_coast,0.0,0.028990003797743056,0.21574232313368055,41,57.578899984946474,0.5257315635681152,True,0,3,0,1,0,0,1,coast
8d2b1bd43.jpg,land_coast,0.0,0.2148369683159722,0.0,0,57.11540000629611,0.5484262108802795,True,0,0,0,0,0,0,0,coast
8d47b94f3.jpg,candidates,0.0,0.0,0.0,1,56.68160002096556,0.17496177554130554,True,0,0,0,0,0,0,0,empty
8d52d1710.jpg,candidates,0.0,0.0005035400390625,0.018205430772569444,54,58.88820000109263,0.16352008283138275,True,0,3,0,1,0,0,1,ships
8d5ac77fa.jpg,land_coast,0.0,0.20332166883680555,0.0,14,59.92940001306124,0.04662557691335678,False,0,0,0,0,0,0,0,coast
8d5b7a1b9.jpg,candidates,0.0,0.00044928656684027775,0.0,3,56.485400011297315,0.531863272190094,True,2,1,0,1,0,1,1,ships
8d6079194.jpg,candidates,0.0,0.010009765625,0.0,151,57.17530002584681,0.9228244423866272,True,0,3,0,1,0,0,1,ships
8d61218a3.jpg,candidates,0.0,0.005279541015625,0.0,4,57.195100001990795,0.8810108304023743,True,0,4,0,2,0,2,2,ships
8d692a8d7.jpg,land_coast,0.0,0.13934156629774305,0.0,3,55.57610001415014,0.8864661455154419,True,0,1,0,1,0,1,1,coast
8d696dcb2.jpg,candidates,0.0,0.0024397108289930555,0.0,20,57.15840001357719,0.9851790070533752,True,0,2,0,2,0,2,2,ships
8d9b2cebb.jpg,land_coast,0.0,0.20150587293836805,0.0,0,58.55720001272857,0.006814050022512674,False,0,0,0,0,0,0,0,coast
8d9e3758d.jpg,land_coast,0.0,0.227569580078125,0.0,6,60.25949999457225,0.13082227110862732,True,0,0,0,0,0,0,0,coast
8d9fd3581.jpg,land_coast,0.007554796006944444,0.030274856379265094,0.12031892465850944,41,56.21179999434389,0.9706129431724548,True,5,6,0,0,0,0,3,coast
8da8dd738.jpg,land_coast,0.0,0.19509379069010416,0.0,19,61.66150001809001,0.05329642817378044,False,0,0,0,0,0,0,0,coast
8db89a8b7.jpg,candidates,0.0,0.0017496744791666667,0.0,6,55.923899984918535,0.8256090879440308,True,0,1,0,1,0,1,1,ships
8dbe138c4.jpg,candidates,0.0,0.0007002088758680555,0.0,5,57.33250000048429,0.7698022127151489,True,0,4,0,3,0,2,2,ships
8dc26d710.jpg,candidates,0.0,0.002685546875,0.0,56,56.815999996615574,0.6350070238113403,True,1,2,0,1,0,0,1,ships
8dd9a1ae9.jpg,candidates,0.0,0.0,0.0,5,56.517899996833876,0.17714783549308777,True,0,0,0,0,0,0,0,empty
8de248cad.jpg,cloud,0.9814843071831597,0.0,0.0,0,34.68250000150874,0.05978533625602722,False,0,0,0,0,0,0,0,cloud
8dfba7e05.jpg,candidates,0.0,0.0005764431423611111,0.0,2,55.10709999362007,0.9678009152412415,True,0,1,0,1,0,1,1,ships
8dfcc9a22.jpg,land_coast,0.0,0.20367940266927084,0.025424533420138888,13,58.6654000217095,0.9075157046318054,True,0,0,0,0,0,0,1,coast
8e0cc7b1a.jpg,land_coast,0.0,0.2918768988715278,0.0,0,60.0210000120569,0.45097464323043823,True,0,0,0,0,0,0,1,coast
8e1f2867b.jpg,empty_sea,0.0,0.0,0.0,0,55.96319999312982,0.1638883799314499,True,0,0,0,0,0,0,0,empty
8e36f9d56.jpg,candidates,0.0,9.833441840277778e-05,0.0,3,56.64339999202639,0.5937055945396423,True,0,1,0,1,0,1,1,ships
8e3cc1a9a.jpg,candidates,0.0,0.06513298882378472,0.010943942599826388,78,57.96510001528077,0.5180440545082092,True,0,4,0,1,0,1,2,ships
8e4085cc2.jpg,land_coast,0.0,0.2155846489800347,0.0,4,64.5183999731671,0.07684340327978134,False,0,0,0,0,0,0,0,coast
8e4bcb4ae.jpg,candidates,0.0,0.037317911783854164,0.0,65,58.478099992498755,0.026466485112905502,False,0,0,0,0,0,0,0,empty
8e54ed164.jpg,land_coast,0.0,0.1956058078342014,0.0,0,56.95529998047277,0.003399056848138571,False,0,0,0,0,0,0,0,coast
8e5b5e5ac.jpg,land_coast,0.0,0.3118574354383681,0.0,10,65.03430000157095,0.731572151184082,True,0,3,0,3,0,3,2,coast
8e5fad340.jpg,candidates,0.0,0.0005374484592013889,0.0,18,55.734199995640665,0.8998788595199585,True,0,1,0,1,0,1,1,ships
8e798b726.jpg,candidates,0.0,0.0,0.0,1,55.87760001071729,0.48555007576942444,True,0,1,0,1,0,1,1,ships
8e7b8da7c.jpg,candidates,0.0,0.0,0.0,54,56.68170002172701,0.12955299019813538,True,0,0,0,0,0,0,0,empty
8e7c684ae.jpg,candidates,0.0,0.003914727105034722,0.021196153428819444,2,55.68409999250434,0.9827324151992798,True,0,1,0,1,0,1,1,ships
8e7e2bdb5.jpg,candidates,0.0,0.002249823676215278,0.0,3,56.78450001869351,0.9879949688911438,True,0,1,0,1,0,1,1,ships
8e857e892.jpg,candidates,0.0,0.00047132703993055556,0.0,33,55.57970001245849,0.02780638448894024,False,0,0,0,0,0,0,0,empty
8e9064036.jpg,land_coast,0.0,0.2614661322699653,0.0,3,58.100499998545274,0.6912060379981995,True,0,1,0,1,0,1,1,coast
8e994c7cb.jpg,candidates,0.0,0.017210218641493056,0.0,29,55.93090000911616,0.040668465197086334,False,0,0,0,0,0,0,0,empty
8e9f89188.jpg,candidates,0.0,0.0005713568793402778,0.0,4,55.989200016483665,0.9573183059692383,True,0,1,0,1,0,1,1,ships
8ea11cb52.jpg,candidates,0.0,0.05249362521701389,0.0,7,58.30890001379885,0.6569837927818298,True,0,1,0,1,0,1,1,ships
8ecc8ea77.jpg,candidates,0.0,0.003745185004340278,0.0,36,57.684100000187755,0.9534195065498352,True,0,3,0,3,0,3,3,ships
8ef058535.jpg,candidates,0.0,0.0025126139322916665,0.0,11,57.792200008407235,0.9891959428787231,True,0,1,0,1,0,1,1,ships
8f1dc78d3.jpg,candidates,0.0,0.0012037489149305555,0.0,1,57.24730002111755,0.9334628582000732,True,0,3,0,1,0,0,1,ships
8f3358020.jpg,candidates,0.0,0.0013495551215277778,0.0,5,56.7970999982208,0.9082208275794983,True,0,1,0,1,0,1,1,ships
8f3be518d.jpg,land_coast,0.0,0.20708719889322916,0.0,5,58.02100000437349,0.619354784488678,True,0,1,0,1,0,1,1,coast
8f411018d.jpg,land_coast,0.2638905843098958,0.016152862387446485,0.11619754102042215,30,54.301700001815334,0.9554175138473511,True,0,0,0,0,0,0,1,coast
8f4eb84b1.jpg,candidates,0.0,0.005474514431423611,0.015623304578993056,24,57.09349998505786,0.9999452829360962,True,0,4,0,2,0,1,2,ships
8f53ef08b.jpg,land_coast,0.0,0.1014285617404514,0.12989976671006945,54,58.74999999650754,0.9999258518218994,True,1,1,0,1,0,1,1,coast
8f6f06029.jpg,land_coast,0.0,0.3619571261935764,0.023642645941840276,14,65.81579998601228,0.9889428615570068,True,0,4,0,3,0,3,3,coast
8f755c40c.jpg,land_coast,0.0,0.020936754014756944,0.11675177680121528,80,57.54349997732788,0.9781814217567444,True,2,6,1,5,0,3,5,coast
8f789e5b9.jpg,land_coast,0.0,0.026246812608506944,0.20975240071614584,68,56.67590000666678,0.9910656809806824,True,15,2,6,2,3,1,1,coast
8f798280c.jpg,candidates,0.0,0.00022718641493055556,0.0,1,56.350500002736226,0.7645367383956909,True,0,1,0,1,0,1,1,ships
8f843f70a.jpg,candidates,0.0,0.0017378065321180555,0.0,3,56.290000007720664,0.8741432428359985,True,2,4,0,3,0,1,3,ships
8f8a04c86.jpg,candidates,0.0,0.010548909505208334,0.0,50,55.71760001475923,0.04654697701334953,False,0,0,0,0,0,0,0,empty
8fa56d134.jpg,candidates,0.0,0.013966878255208334,0.059814453125,30,56.52420001570135,0.8552052974700928,True,6,3,0,2,0,0,2,ships
8fb84ab8b.jpg,candidates,0.0,0.002780490451388889,0.0,23,58.69430000893772,0.5552306771278381,True,0,1,0,1,0,1,1,ships
8fc4dd67d.jpg,candidates,0.0,0.0024278428819444445,0.0,2,56.82520000846125,0.8866453766822815,True,0,1,0,1,0,1,1,ships
8fc8a52fd.jpg,candidates,0.0,0.00023566351996527778,0.0,27,55.603699991479516,0.02139759622514248,False,0,0,0,0,0,0,0,empty
8fdffa16f.jpg,candidates,0.0,0.0020904541015625,0.0,8,56.56879997695796,0.9996675252914429,True,3,9,2,6,1,5,6,ships
8fed1b355.jpg,land_coast,0.17547776963975695,0.24162985426099184,0.31507325068718844,21,57.79260001145303,0.9952957034111023,True,10,0,0,0,0,0,1,coast
8feda0449.jpg,land_coast,0.0,0.2395409478081597,0.0,2,60.64449998666532,0.21568895876407623,True,0,1,0,1,0,1,1,coast
8ff4c1200.jpg,candidates,0.0,0.0013834635416666667,0.0,96,59.82140000560321,0.10045845061540604,False,0,0,0,0,0,0,0,empty
9021b7349.jpg,candidates,0.0,0.012412177191840278,0.0,13,57.376000011572614,0.9870913028717041,True,0,3,0,3,0,3,3,ships
9023791be.jpg,empty_sea,0.0,0.0021345350477430555,0.0,0,56.32029997650534,0.23515792191028595,True,0,0,0,0,0,0,0,empty
9026a3f42.jpg,candidates,0.0,0.10106743706597222,0.0,1,57.685700012370944,0.003915560431778431,False,0,0,0,0,0,0,0,empty
9030cfe70.jpg,candidates,0.0,0.0017259385850694445,0.0,8,57.07730000722222,0.9738674759864807,True,0,2,0,2,0,2,2,ships
905547ac4.jpg,candidates,0.0,0.0063934326171875,0.012461344401041666,9,55.48810001346283,0.852860152721405,True,0,1,0,1,0,1,1,ships
90716260a.jpg,candidates,0.0,0.0,0.0,1,53.33429999882355,0.6498904824256897,True,0,1,0,1,0,1,1,ships
9077f91aa.jpg,candidates,0.0,0.0005849202473958334,0.0,1,57.71100000129081,0.9591651558876038,True,0,1,0,1,0,1,1,ships
9079d5390.jpg,land_coast,0.0,0.19317118326822916,0.03265211317274305,38,61.18469999637455,0.471609503030777,True,0,0,0,0,0,0,0,coast
907af4d58.jpg,candidates,0.0,0.00029839409722222225,0.0,13,56.30239998572506,0.8874900341033936,True,6,1,1,1,1,1,2,ships
907c6a50e.jpg,candidates,0.0,0.0008646647135416666,0.0,3,56.32070000865497,0.9513863921165466,True,0,2,0,2,0,2,2,ships
907fdf621.jpg,candidates,0.0,0.002617730034722222,0.0,8,55.01199999707751,0.9890807867050171,True,0,1,0,1,0,1,1,ships
908adff15.jpg,candidates,0.0,0.09648301866319445,0.0,30,59.30130000342615,0.01222669705748558,False,0,0,0,0,0,0,1,ships
909b5855f.jpg,empty_sea,0.0,0.0,0.0,0,54.80170002556406,0.4783419370651245,True,0,0,0,0,0,0,0,empty
90a1594cf.jpg,candidates,0.0,0.00015597873263888888,0.0,1,56.77380002452992,0.5951901078224182,True,0,1,0,1,0,1,1,ships
90a805fe8.jpg,land_coast,0.2565477159288194,0.120044639398869,0.0,2,57.25379998330027,0.45782262086868286,True,1,1,0,1,0,1,1,coast
90b04356e.jpg,candidates,0.0,0.06571451822916667,0.0,31,58.15009999787435,0.9943217039108276,True,7,3,1,1,0,0,1,ships
90b3653af.jpg,candidates,0.0,0.0006815592447916666,0.0,3,56.48729999666102,0.954933226108551,True,0,9,0,3,0,1,5,ships
90b852c20.jpg,land_coast,0.3214348687065972,0.0,0.16516540066360375,18,53.48169998615049,0.10883108526468277,False,0,2,0,0,0,0,1,coast
90bb334ec.jpg,candidates,0.0,0.0004916720920138889,0.0,4,56.86110001988709,0.9280317425727844,True,0,1,0,1,0,1,1,ships
90d31fb80.jpg,candidates,0.0,0.00019158257378472222,0.0,18,57.309299998451024,0.26408782601356506,True,0,2,0,1,0,1,1,ships
90d34f8ee.jpg,land_coast,0.013337877061631944,0.17306313295814463,0.017246354523949816,27,58.66959999548271,0.9834074378013611,True,1,0,0,0,0,0,1,coast
90d73e493.jpg,candidates,0.0,0.044165717230902776,0.012108696831597222,46,60.512500000186265,0.9323841333389282,True,9,7,1,3,0,0,8,ships
90da9c6e4.jpg,candidates,0.0,0.011405097113715278,0.031088935004340276,34,58.365700009744614,0.9999394416809082,True,1,1,0,1,0,1,1,ships
90dd7a904.jpg,candidates,0.03141615125868055,0.0022475232364334605,0.023580513955940095,18,55.72899998514913,0.9403972625732422,True,0,1,0,1,0,1,1,ships
90fde558d.jpg,candidates,0.0,0.10598585340711805,0.0,40,59.82409999705851,0.9826993942260742,True,1,0,0,0,0,0,1,ships
91013c5fa.jpg,land_coast,0.0,0.2172325981987847,0.0,43,58.22460001218133,0.597516655921936,True,0,0,0,0,0,0,1,coast
91026f37f.jpg,candidates,0.0,0.002026028103298611,0.020090738932291668,3,55.900100007420406,0.9597440958023071,True,0,3,0,1,0,1,1,ships
910c12294.jpg,candidates,0.0,0.00011020236545138889,0.0,1,57.149100000970066,0.7946015000343323,True,0,3,0,1,0,1,1,ships
9115f80de.jpg,candidates,0.0,0.0003255208333333333,0.0,3,57.673500006785616,0.744911789894104,True,0,1,0,1,0,1,1,ships
9118c824c.jpg,candidates,0.0,0.010725233289930556,0.029212103949652776,56,58.809999987715855,0.7660660147666931,True,0,1,0,1,0,1,1,ships
9120f7996.jpg,candidates,0.0,0.030424329969618056,0.0,12,57.69240000518039,0.4773643910884857,True,0,0,0,0,0,0,0,empty
91248ebd4.jpg,candidates,0.0,0.05186801486545139,0.0,18,57.01620000763796,0.9992782473564148,True,4,2,0,2,0,1,1,ships
912625b71.jpg,candidates,0.0,0.0013936360677083333,0.0,7,56.48369999835268,0.8591548800468445,True,3,3,0,2,0,1,1,ships
912f0ba38.jpg,land_coast,0.0,0.24380323621961805,0.0,1,60.30010001268238,0.06784582883119583,False,0,0,0,0,0,0,0,coast
912f8c864.jpg,empty_sea,0.0,0.0002712673611111111,0.0,0,57.160799973644316,0.0676637664437294,False,0,0,0,0,0,0,0,empty
915ee1e1a.jpg,land_coast,0.0,0.0011206732855902778,0.1255730523003472,33,54.59119999432005,0.33391839265823364,True,3,6,1,1,0,0,4,coast
9184553ca.jpg,candidates,0.0,0.003200954861111111,0.0,22,56.884200021158904,0.9995720982551575,True,1,17,0,14,0,13,13,ships
9184e94ad.jpg,candidates,0.0,0.0669284396701389,0.0,13,56.17190001066774,0.4891679286956787,True,0,2,0,1,0,1,1,ships
919314302.jpg,candidates,0.0,0.00010342068142361111,0.0,1,55.00629998277873,0.24577569961547852,True,0,1,0,1,0,1,1,ships
9194bb1c2.jpg,candidates,0.0,0.010450575086805556,0.0,31,57.45079999906011,0.05290168151259422,False,0,0,0,0,0,0,0,empty
919e75a13.jpg,candidates,0.0,0.008339775933159722,0.012225680881076388,80,54.96440001297742,0.5831508636474609,True,0,1,0,1,0,1,1,ships
919f8ee92.jpg,land_coast,0.0,0.1024746365017361,0.11198594835069445,54,56.35329999495298,0.9895687699317932,True,26,2,9,2,2,2,2,coast
91bcdd9df.jpg,land_coast,0.0,0.07803853352864583,0.1818813747829861,63,58.21870002546348,0.9988952875137329,True,0,3,0,3,0,2,2,coast
91c22804f.jpg,candidates,0.0,0.0,0.0,1,56.14989998866804,0.4923176169395447,True,0,0,0,0,0,0,0,empty
91c9393df.jpg,candidates,0.08508470323350695,0.0025628152986723377,0.06500675958987434,16,55.98989999270998,0.988402783870697,True,0,1,0,1,0,1,1,ships
91cff7dad.jpg,cloud,0.9985385470920138,0.0,0.0,0,33.30159999313764,0.21886292099952698,True,0,0,0,0,0,0,1,cloud
91eb41fad.jpg,land_coast,0.0,0.2722710503472222,0.0,0,64.52390001504682,0.11644989252090454,False,0,0,0,0,0,0,0,coast
91f6934ce.jpg,candidates,0.0,0.0005476209852430555,0.0,2,56.32780000451021,0.9582607746124268,True,0,3,0,2,0,2,2,ships
91f8d377b.jpg,candidates,0.0,0.003933376736111111,0.012881808810763888,16,58.40159999206662,0.9821128845214844,True,0,1,0,1,0,1,1,ships
9200d4030.jpg,candidates,0.0,0.005842420789930556,0.0,15,58.49130000569858,0.9692149758338928,True,0,1,0,1,0,1,1,ships
9202dec29.jpg,candidates,0.0,0.0,0.0,3,55.8051000116393,0.7455878853797913,True,0,1,0,1,0,0,1,ships
920dd8351.jpg,land_coast,0.0,0.24955919053819445,0.0,12,59.165599988773465,0.997708797454834,True,3,1,1,1,0,1,1,coast
92107a952.jpg,empty_sea,0.0,0.0009307861328125,0.0,0,57.879700005287305,0.10306986421346664,False,0,0,0,0,0,0,0,empty
92210aa10.jpg,candidates,0.0,0.007837931315104166,0.0,95,57.174300018232316,0.39382389187812805,True,0,2,0,1,0,0,1,ships
9222cf944.jpg,candidates,0.0,0.0018598768446180555,0.0,2,57.69469999358989,0.9804789423942566,True,1,3,0,1,0,0,1,ships
922d73618.jpg,candidates,0.0,0.0,0.0,4,55.99230001098476,0.14332455396652222,True,0,0,0,0,0,0,0,empty
9239ebec3.jpg,candidates,0.0,0.0013749864366319445,0.0,5,56.95239998749457,0.9477589726448059,True,5,1,0,1,0,1,1,ships
923a86f44.jpg,candidates,0.0,0.0013275146484375,0.0,7,56.19539998588152,0.9395933747291565,True,1,1,0,1,0,1,1,ships
92468a536.jpg,land_coast,0.0,0.007427639431423611,0.0894588894314236,17,56.63469998398796,0.9510783553123474,True,2,2,0,1,0,1,1,coast
924bcc0dc.jpg,candidates,0.0,0.08416239420572917,0.0,18,57.14420002186671,0.5230945348739624,True,0,1,0,1,0,1,1,ships
9259fd6d4.jpg,land_coast,0.0,0.058171590169270836,0.12417093912760417,40,57.14250000892207,0.5481616854667664,True,0,1,0,1,0,1,1,coast
925a10025.jpg,candidates,0.0,0.003577338324652778,0.0,24,55.38949999026954,0.5464330315589905,True,0,1,0,1,0,1,1,ships
9260a0595.jpg,candidates,0.0,0.013236151801215278,0.021616617838541668,101,58.367200021166354,0.7646318078041077,True,1,0,1,0,1,0,0,empty
926391926.jpg,candidates,0.0,0.002266777886284722,0.0,60,56.55269999988377,0.16430577635765076,True,0,0,0,0,0,0,0,empty
9267fcd79.jpg,candidates,0.0,0.02642822265625,0.0,82,58.156699989922345,0.6803925633430481,True,0,0,0,0,0,0,0,empty
927652547.jpg,candidates,0.0,0.001278347439236111,0.0,8,57.17230000300333,0.9731950759887695,True,0,1,0,1,0,1,1,ships
927a27586.jpg,candidates,0.0,0.027203030056423612,0.0750393337673611,95,58.06889999075793,0.9805117845535278,True,3,3,1,3,1,3,3,ships
92af1c5c1.jpg,candidates,0.0,0.009487575954861112,0.03529018825954861,3,56.104500021319836,0.9999992847442627,True,0,3,0,3,0,1,2,ships
92b3cc6e3.jpg,land_coast,0.0,0.3180355495876736,0.0,7,64.7805999906268,0.6738104224205017,True,1,0,0,0,0,0,2,coast
92bfbcf50.jpg,candidates,0.0,0.003014458550347222,0.0,24,55.9101999970153,0.9577891826629639,True,5,3,0,2,0,0,1,ships
92cf67b7e.jpg,empty_sea,0.0,0.0,0.0,0,57.35629997798242,0.15979938209056854,True,0,0,0,0,0,0,0,empty
92d219d3c.jpg,candidates,0.0,0.0005086263020833334,0.0,21,57.46879999060184,0.2522191107273102,True,0,0,0,0,0,0,0,empty
92e550c1b.jpg,candidates,0.0,0.00021531846788194444,0.0,4,54.16870000772178,0.4625822901725769,True,0,2,0,1,0,0,1,ships
92e60f8ea.jpg,land_coast,0.0,0.1804623074001736,0.0,0,57.47260001953691,0.27326032519340515,True,0,0,0,0,0,0,0,coast
92ee3ad54.jpg,land_coast,0.030951605902777776,0.023664414262783602,0.12015753834815053,84,56.556499999715015,0.7412751913070679,True,0,11,0,5,0,4,9,coast
92f3f28f5.jpg,land_coast,0.0,0.04691738552517361,0.09734598795572917,84,59.343599976273254,0.9628198146820068,True,5,7,2,4,0,3,5,coast
930d6db89.jpg,land_coast,0.0,0.19607374403211805,0.0,5,58.858900010818616,0.04989033192396164,False,0,0,0,0,0,0,0,coast
930daf533.jpg,land_coast,0.0,0.2832692464192708,0.0,1,60.41639999602921,0.6044771075248718,True,0,0,0,0,0,0,0,coast
931778d1d.jpg,candidates,0.0,0.0,0.0,28,56.928300007712096,0.06676560640335083,False,0,0,0,0,0,0,0,empty
931a0f826.jpg,candidates,0.0,0.013553195529513888,0.0,7,56.06440000701696,0.8233488202095032,True,1,2,0,1,0,1,1,ships
931a89ac1.jpg,land_coast,0.0,0.2530415852864583,0.0,59,61.08990000211634,0.5563321709632874,True,0,0,0,0,0,0,1,coast
9326704a8.jpg,candidates,0.0,0.0004916720920138889,0.0,14,57.058599981246516,0.7117290496826172,True,0,1,0,1,0,1,1,ships
9329c24f2.jpg,candidates,0.0,0.0027364095052083335,0.0,15,58.87569999322295,0.8172121047973633,True,4,16,0,7,0,5,6,ships
932a2652e.jpg,land_coast,0.0,0.2955644395616319,0.0,0,65.74449999607168,0.24058488011360168,True,0,0,0,0,0,0,0,coast
9330cc637.jpg,candidates,0.0,0.0015547010633680555,0.0,7,56.26710000797175,0.7605927586555481,True,2,1,1,1,1,1,1,ships
933c52789.jpg,land_coast,0.0,0.05480617947048611,0.1809878879123264,47,55.99540000548586,0.9928942322731018,True,5,4,0,3,0,3,3,coast
93489bd03.jpg,land_coast,0.0,0.17436048719618055,0.0,32,60.628999985056,0.9476568102836609,True,4,2,1,1,1,1,1,coast
935944f67.jpg,candidates,0.0,0.1149105495876736,0.0,13,59.03620002209209,0.5162549614906311,True,1,1,1,1,1,1,1,ships
935d1bfc4.jpg,candidates,0.0,0.009885999891493056,0.020329793294270832,47,55.76129999826662,0.9999969005584717,True,11,4,0,3,0,2,2,ships
936b0a0cc.jpg,land_coast,0.0,0.011859469943576388,0.2764689127604167,18,55.93609999050386,0.9952730536460876,True,1,8,0,3,0,2,4,coast
936db4caa.jpg,candidates,0.0,0.0,0.0,15,56.054200016660616,0.4385749399662018,True,0,0,0,0,0,0,0,empty
9370c6f45.jpg,candidates,0.0,0.002295600043402778,0.0,5,57.553499995265156,0.9396482110023499,True,1,1,0,1,0,1,1,ships
9373e920d.jpg,candidates,0.0,5.5948893229166664e-05,0.0,2,56.44159999792464,0.8625324964523315,True,0,4,0,2,0,1,2,ships
93757e13c.jpg,candidates,0.0,0.003704494900173611,0.0,13,56.91600000136532,0.9861233234405518,True,5,1,1,1,1,1,1,ships
93acc1f54.jpg,candidates,0.0,0.0005340576171875,0.0,5,57.93829998583533,0.4226928651332855,True,0,1,0,1,0,1,1,ships
93b2fb900.jpg,candidates,0.0,0.000152587890625,0.0,15,56.48579998523928,0.27048203349113464,True,0,2,0,1,0,1,1,ships
93c0b551f.jpg,candidates,0.0,0.01812744140625,0.0,2,56.21999999857508,0.09357656538486481,False,0,0,0,0,0,0,0,empty
93c511cde.jpg,candidates,0.0,0.005598280164930556,0.0,10,57.762699987506494,0.6486295461654663,True,0,1,0,1,0,1,1,ships
93c86a6ce.jpg,candidates,0.0,0.002960205078125,0.0,16,57.56600000313483,0.9385864734649658,True,3,1,1,1,0,1,1,ships
93e0cf198.jpg,candidates,0.0,0.002948337131076389,0.0,6,57.8432000183966,0.8567677736282349,True,4,3,0,1,0,0,1,ships
93eec77e5.jpg,candidates,0.0,0.023729112413194444,0.025124443901909724,96,58.14510001800954,0.6055808663368225,True,0,1,0,1,0,1,1,ships
93f0cd2f3.jpg,candidates,0.0,0.00299072265625,0.015389336480034722,11,56.93640001118183,0.9990240335464478,True,0,1,0,1,0,1,1,ships
941ef85cd.jpg,candidates,0.0,0.03485276963975695,0.011422051323784722,15,58.642699994379655,0.9453178644180298,True,0,1,0,1,0,1,1,ships
942665070.jpg,candidates,0.0,0.022952609592013888,0.019493950737847224,46,57.27489999844693,0.9129011034965515,True,0,1,0,1,0,1,1,ships
94387ad31.jpg,candidates,0.0,0.001476711697048611,0.0,20,55.42789999162778,0.4940410256385803,True,0,3,0,1,0,1,1,ships
943c6d482.jpg,candidates,0.0,0.0011749267578125,0.0,60,57.43730001267977,0.15207183361053467,True,0,0,0,0,0,0,0,empty
94473ba3b.jpg,candidates,0.0,0.0010121663411458333,0.0,1,54.754799988586456,0.9882009029388428,True,0,1,0,1,0,1,1,ships
9460122c9.jpg,candidates,0.0,0.11320665147569445,0.0,6,57.703400001628324,0.07468794286251068,False,0,0,0,0,0,0,0,empty
946c70418.jpg,candidates,0.0,4.4080946180555555e-05,0.0,3,56.079600006341934,0.4645262360572815,True,4,2,0,1,0,0,1,ships
946e29cae.jpg,candidates,0.0,0.0003306070963541667,0.0,3,56.55899998964742,0.6127665042877197,True,0,1,0,1,0,1,1,ships
947a7be5c.jpg,candidates,0.0,2.712673611111111e-05,0.0,28,54.085299983853474,0.085106760263443,False,0,0,0,0,0,0,0,empty
94866f627.jpg,land_coast,0.0,0.2890540228949653,0.0,3,58.6835999856703,0.2718842923641205,True,2,1,0,1,0,1,1,coast
948a43700.jpg,candidates,0.0,0.00037468804253472225,0.0,2,55.89630000758916,0.7593362927436829,True,5,1,1,1,1,1,1,ships
948aea154.jpg,land_coast,0.0,0.3482208251953125,0.0,5,61.60060002002865,0.6543628573417664,True,3,2,1,1,1,0,1,coast
949ec8c8f.jpg,candidates,0.0,0.00024583604600694444,0.0,1,55.79399998532608,0.8196224570274353,True,0,5,0,3,0,0,1,ships
94beb35a9.jpg,candidates,0.0,0.005562676323784722,0.0,3,57.6876999984961,0.9476960301399231,True,0,2,0,2,0,2,2,ships
94c12289a.jpg,land_coast,0.0,0.2340206570095486,0.0,2,58.958300010999665,0.25274747610092163,True,0,0,0,0,0,0,0,coast
94cae18c9.jpg,candidates,0.0,0.086273193359375,0.0,67,57.83890001475811,0.5606823563575745,True,0,1,0,0,0,0,1,ships
94d34fea2.jpg,candidates,0.0,0.016642252604166668,0.0,25,57.22659997991286,0.04358622431755066,False,0,0,0,0,0,0,0,empty
94dbd89ed.jpg,candidates,0.0,2.8822157118055555e-05,0.0,16,56.463300017639995,0.19314926862716675,True,0,0,0,0,0,0,0,empty
94e0aeb64.jpg,candidates,0.0,0.0002492268880208333,0.0,3,56.212600000435486,0.7688878774642944,True,0,2,0,1,0,0,1,ships
94e1c5723.jpg,empty_sea,0.0,0.0,0.0,0,55.93309999676421,0.4566742777824402,True,0,1,0,1,0,1,1,ships
94f4dd434.jpg,candidates,0.0,0.027865939670138888,0.0,21,56.16899998858571,0.29652687907218933,True,0,1,0,1,0,1,1,ships
951012287.jpg,candidates,0.0,0.0754428439670139,0.05646091037326389,26,57.70090001169592,0.24067185819149017,True,0,23,0,10,0,5,13,ships
95107c1f4.jpg,candidates,0.0,0.006122165256076389,0.0,5,55.7797999936156,0.6682944297790527,True,0,1,0,1,0,1,1,ships
951826911.jpg,candidates,0.0,0.009818183051215278,0.0,3,56.49529999936931,0.47269532084465027,True,0,1,0,1,0,1,1,ships
952a07a5d.jpg,candidates,0.0,0.0007527669270833334,0.0,2,56.06099998112768,0.8807187080383301,True,0,1,0,1,0,1,1,ships
952e1b767.jpg,land_coast,0.0,0.14459058973524305,0.0,25,62.43080002604984,0.9489821195602417,True,2,6,0,3,0,3,4,coast
9540a73fa.jpg,candidates,0.0,0.0013800726996527778,0.0,5,55.052600015187636,0.9837077260017395,True,0,12,0,5,0,2,5,ships
9554dadc3.jpg,candidates,0.0,0.00023905436197916666,0.0,58,54.80729998089373,0.6793851852416992,True,2,10,0,5,0,2,9,ships
955f66576.jpg,candidates,0.0,0.009306165907118056,0.0,75,56.93910000263713,0.13069890439510345,True,0,0,0,0,0,0,0,empty
955f86d96.jpg,candidates,0.0,0.0038197835286458335,0.0,15,58.46989998826757,0.7731019854545593,True,1,2,0,2,0,2,2,ships
9563398ea.jpg,candidates,0.0,0.005788167317708333,0.0,17,59.45040000369772,0.9702906608581543,True,0,1,0,1,0,1,1,ships
9569b0c16.jpg,candidates,0.0,0.0014275444878472222,0.0,5,56.08650000067428,0.9945499300956726,True,0,5,0,4,0,3,4,ships
9573080ae.jpg,candidates,0.0,0.005671183268229167,0.010425143771701388,41,58.53199999546632,0.995061457157135,True,6,4,2,3,1,3,3,ships
9573eb32d.jpg,candidates,0.0,0.0005679660373263889,0.0,11,55.69899998954497,0.7734553813934326,True,0,1,0,1,0,1,1,ships
95940e5b9.jpg,land_coast,0.0,0.033852471245659724,0.1301032172309028,66,57.82230000477284,0.9999819993972778,True,5,1,0,1,0,1,1,coast
959a48460.jpg,candidates,0.0,0.0005628797743055555,0.017818874782986112,25,57.58980000973679,0.1947673261165619,True,0,3,0,1,0,0,1,ships
95a57ed06.jpg,candidates,0.0,6.612141927083333e-05,0.0,1,56.21050001354888,0.4432687759399414,True,0,1,0,0,0,0,1,ships
95b1243c7.jpg,candidates,0.0,0.0007188585069444445,0.0,3,55.54850000771694,0.41217511892318726,True,0,4,0,2,0,2,2,ships
95cb378f6.jpg,candidates,0.0,0.0,0.0,22,55.94679998466745,0.5565162301063538,True,0,3,0,0,0,0,1,ships
95d9087f6.jpg,land_coast,0.0,0.2751261393229167,0.0,0,62.12659997981973,0.5962561964988708,True,0,1,0,1,0,1,1,coast
95e3b06bf.jpg,candidates,0.0,0.0012969970703125,0.0,5,56.304599973373115,0.6051719784736633,True,0,1,0,1,0,1,1,ships
95e677479.jpg,candidates,0.0,0.0008477105034722222,0.019141303168402776,24,57.94569998397492,0.868160605430603,True,0,3,0,2,0,2,2,ships
95f1f92b4.jpg,land_coast,0.0,0.17712571885850695,0.0,0,57.468999992124736,0.45969530940055847,True,0,0,0,0,0,0,0,coast
95fd78503.jpg,candidates,0.0,0.0022718641493055555,0.0,8,57.942000014008954,0.9469669461250305,True,3,3,0,3,0,3,2,ships
96049baca.jpg,candidates,0.0,0.0,0.0,1,54.96569999377243,0.6968180537223816,True,0,1,0,1,0,1,1,ships
960514723.jpg,candidates,0.0,0.07906934950086805,0.0,56,57.83859998336993,0.974790096282959,True,8,8,2,2,1,2,4,ships
961439a81.jpg,land_coast,0.0,0.15743001302083334,0.0,4,57.72429998614825,0.36935216188430786,True,0,0,0,0,0,0,0,coast
9614bdf34.jpg,candidates,0.0,0.006261189778645833,0.0,17,57.544900017092004,0.998460054397583,True,0,3,0,2,0,2,2,ships
962299ce4.jpg,candidates,0.0,0.0018327501085069445,0.0,11,59.44789998466149,0.8098141551017761,True,0,2,0,2,0,2,2,ships
963a81be4.jpg,candidates,0.0,0.0005171034071180555,0.0,2,55.88270002044737,0.8034882545471191,True,1,4,1,2,0,1,2,ships
963ff8592.jpg,candidates,0.0,0.003406100802951389,0.023807101779513888,19,59.08030000864528,0.9315766096115112,True,0,3,0,2,0,0,1,ships
9643a7a2b.jpg,candidates,0.0,0.010236952039930556,0.0,3,57.135900016874075,0.8626493215560913,True,0,1,0,1,0,1,1,ships
96454286b.jpg,candidates,0.0,0.0010443793402777778,0.0,4,58.14899998949841,0.8680840730667114,True,0,1,0,1,0,1,1,ships
965865790.jpg,candidates,0.0,0.00029161241319444444,0.0,1,56.52440001722425,0.7379840612411499,True,0,1,0,1,0,1,1,ships
966ba17f4.jpg,candidates,0.0,0.014609442816840278,0.011350843641493056,52,57.26440000580624,0.9964536428451538,True,3,2,0,2,0,2,2,ships
9673c4036.jpg,candidates,0.0,0.0009392632378472222,0.013310750325520834,59,58.0875999876298,0.11670570075511932,False,0,0,0,0,0,0,0,empty
967e60dff.jpg,candidates,0.0,0.002221001519097222,0.0,13,57.15580002288334,0.9973402619361877,True,0,1,0,1,0,1,1,ships
968b633cd.jpg,candidates,0.0,2.0345052083333332e-05,0.0,28,56.74829997587949,0.36927345395088196,True,0,0,0,0,0,0,0,empty
969ce5536.jpg,candidates,0.0,0.00014750162760416666,0.011299981011284722,48,58.416200015926734,0.04126749932765961,False,0,0,0,0,0,0,0,empty
96ab83467.jpg,candidates,0.0,0.00017293294270833334,0.0,1,56.701800000155345,0.6434605121612549,True,0,1,0,1,0,1,1,ships
96ac137df.jpg,land_coast,0.2591366238064236,0.023136423727888315,0.1588386217830806,5,54.822900012368336,0.26675093173980713,True,0,0,0,0,0,0,0,coast
96ae5bd01.jpg,empty_sea,0.0,0.06490071614583333,0.0,0,55.946000007679686,0.42384105920791626,True,0,3,0,0,0,0,1,ships
96b50ad71.jpg,land_coast,0.3821512858072917,0.005449885257900001,0.12233519856069376,22,56.46240001078695,0.752230167388916,True,0,1,0,1,0,1,1,coast
96b699a48.jpg,land_coast,0.0,0.2901848687065972,0.0,37,60.36669999593869,0.9847521185874939,True,0,2,0,2,0,2,2,coast
96c1d0f74.jpg,candidates,0.0,0.0012495252821180555,0.0,2,56.3745999825187,0.7977682948112488,True,0,3,0,2,0,0,1,ships
96d589e9e.jpg,land_coast,0.0,0.15986124674479166,0.0,2,57.789399987086654,0.3629549443721771,True,0,0,0,0,0,0,0,coast
96db61143.jpg,candidates,0.0,0.008675469292534722,0.022382948133680556,14,57.34970001503825,0.9959074258804321,True,0,1,0,1,0,1,1,ships
96e513c9d.jpg,candidates,0.0,0.0,0.0,13,57.35690001165494,0.13102413713932037,True,0,0,0,0,0,0,0,empty
96edddec9.jpg,land_coast,0.0,0.0965915256076389,0.3031785753038194,24,56.14150001201779,0.9999443292617798,True,12,6,8,4,5,4,5,coast
96fbcff1c.jpg,candidates,0.0,0.05128309461805555,0.0,7,55.947600019862875,0.2240435928106308,True,0,0,0,0,0,0,0,empty
9700c2b56.jpg,candidates,0.0,0.0641208224826389,0.0,192,63.039999979082495,0.8927261829376221,True,1,2,0,2,0,1,1,ships
9701c64fd.jpg,candidates,0.0,0.0064544677734375,0.0,50,57.61340001481585,0.5341780185699463,True,0,1,0,1,0,1,1,ships
970291f86.jpg,land_coast,0.0,0.03767055935329861,0.2184210883246528,48,57.38509999355301,0.9800651669502258,True,4,1,1,1,1,1,1,coast
970481747.jpg,candidates,0.0,0.0003611246744791667,0.0,31,56.614200002513826,0.04076995328068733,False,0,0,0,0,0,0,0,empty
9710d6f81.jpg,candidates,0.0,0.006768120659722222,0.0,20,59.80180000187829,0.9847723245620728,True,6,2,2,0,1,0,1,ships
9711af315.jpg,candidates,0.0,0.019609239366319444,0.0,2,57.04179999884218,0.8868440985679626,True,0,3,0,1,0,0,2,ships
9716875b9.jpg,land_coast,0.0,0.1617516411675347,0.03518846299913195,42,63.10349999694154,0.9925472140312195,True,1,8,0,5,0,4,7,coast
971a6b0d5.jpg,land_coast,0.0,0.2895134819878472,0.0,10,58.66730000707321,0.9688721895217896,True,1,3,0,3,0,3,3,coast
97285a1b9.jpg,land_coast,0.0,0.14171346028645834,0.0,12,61.273800005437806,0.2177966833114624,True,1,2,1,0,1,0,1,coast
9759c2eae.jpg,land_coast,0.0,0.2180447048611111,0.0,3,59.10099999164231,0.5655645728111267,True,0,3,0,1,0,0,1,coast
975ae1404.jpg,land_coast,0.0,0.10833909776475695,0.4213731553819444,67,56.51409999700263,0.6488047242164612,True,0,2,0,1,0,1,1,coast
9761c978a.jpg,candidates,0.0,0.006422254774305556,0.018042670355902776,36,58.10749999363907,0.9804218411445618,True,0,1,0,1,0,1,1,ships
976a0ca8d.jpg,land_coast,0.0,0.3518659803602431,0.0,2,58.746199996676296,0.9324939250946045,True,0,1,0,1,0,1,1,coast
97766d082.jpg,candidates,0.0,0.0005171034071180555,0.0,5,56.516500015277416,0.7190391421318054,True,0,3,0,1,0,1,1,ships
977f4e995.jpg,candidates,0.0,0.0014512803819444445,0.0,10,57.291500008432195,0.6645682454109192,True,0,1,0,1,0,1,1,ships
9794dd379.jpg,candidates,0.0,0.0,0.0,1,55.57550000958145,0.12496749311685562,False,0,0,0,0,0,0,0,empty
97a2e4018.jpg,land_coast,0.0,0.012652926974826388,0.08835347493489583,50,57.82539999927394,0.8509714007377625,True,18,11,7,5,4,4,6,coast
97b01cb5f.jpg,candidates,0.0,0.00022549099392361112,0.010772705078125,18,56.57650000648573,0.7900932431221008,True,0,3,0,1,0,0,1,ships
97b4b4560.jpg,candidates,0.0,0.001788669162326389,0.0,4,56.44030001712963,0.9861117601394653,True,2,4,0,2,0,2,3,ships
97bc6c626.jpg,candidates,0.0,0.0003323025173611111,0.0,5,55.11089999345131,0.4138222336769104,True,0,2,0,1,0,1,1,ships
97c24d8ad.jpg,candidates,0.0,0.0007425944010416666,0.0,4,55.963699996937066,0.957621157169342,True,0,1,0,1,0,1,1,ships
97c574372.jpg,land_coast,0.0,0.2807956271701389,0.0,0,59.980599995469674,0.07451087981462479,False,0,0,0,0,0,0,0,coast
97c695d37.jpg,candidates,0.0,0.003933376736111111,0.0,18,58.158200001344085,0.9999963045120239,True,0,8,0,7,0,7,7,ships
97d7eab43.jpg,empty_sea,0.0,0.0,0.0,0,56.479299993952736,0.32774558663368225,True,0,0,0,0,0,0,0,empty
981a98427.jpg,land_coast,0.08709886338975695,0.15103749524280172,0.015565742113464622,8,59.009899996453896,0.7614489793777466,True,3,6,1,1,0,1,2,coast
982d2f225.jpg,candidates,0.0,0.0006391737196180555,0.038033379448784724,13,55.836400017142296,0.7539702653884888,True,1,0,1,0,1,0,0,empty
9839ae565.jpg,candidates,0.0,0.0029703776041666665,0.0,3,56.495900003938004,0.8072059154510498,True,0,1,0,1,0,1,1,ships
9865b4ff6.jpg,land_coast,0.012229071723090278,0.00016195922418085675,0.17150792652564728,37,56.88350001582876,0.015187873505055904,False,0,0,0,0,0,0,0,coast
9867e68e8.jpg,land_coast,0.0,0.028703477647569444,0.1189693874782986,71,56.50989999412559,0.9999673366546631,True,1,4,0,4,0,4,3,coast
9868a54cd.jpg,candidates,0.0,0.00011867947048611111,0.0,1,55.84129999624565,0.681681215763092,True,1,4,0,1,0,0,1,ships
98739da18.jpg,empty_sea,0.0,0.0,0.0,0,56.80630001006648,0.6031678915023804,True,0,0,0,0,0,0,0,empty
98a96fb09.jpg,candidates,0.0,0.001003689236111111,0.0,2,56.01629999000579,0.8658925890922546,True,0,1,0,1,0,1,1,ships
98a9c7c77.jpg,candidates,0.0,0.001434326171875,0.0,2,56.17649998748675,0.9206687808036804,True,1,3,1,1,1,0,1,ships
98aedefbe.jpg,land_coast,0.0,0.3125372992621528,0.0,1,62.11649999022484,0.9874939322471619,True,0,1,0,1,0,1,1,coast
98b3ec19a.jpg,candidates,0.0,0.002429538302951389,0.0,21,57.818899978883564,0.8504242897033691,True,4,1,0,1,0,1,2,ships
98c877bdb.jpg,land_coast,0.0395660400390625,0.003580413305392697,0.24677077342980805,25,56.45500001264736,0.8836529850959778,True,1,1,0,1,0,1,1,coast
98cec26da.jpg,candidates,0.0,0.054146660698784724,0.0,10,58.23719999170862,0.17156684398651123,True,0,1,0,1,0,1,1,ships
98f0b389d.jpg,candidates,0.0,0.038991292317708336,0.0,76,57.31309999828227,0.15610244870185852,True,0,0,0,0,0,0,0,empty
98f4d7e90.jpg,land_coast,0.0,0.2651570638020833,0.0,4,59.709399996791035,0.8652747869491577,True,0,1,0,1,0,1,1,coast
98fa9ded4.jpg,candidates,0.0,0.0015970865885416667,0.0,5,56.95030000060797,0.918492317199707,True,0,4,0,3,0,1,2,ships
98fc30e7a.jpg,candidates,0.0,0.010982937282986112,0.0,2,58.35249999654479,0.5918652415275574,True,0,2,0,2,0,2,1,ships
990e887cb.jpg,candidates,0.0,0.0,0.0,3,55.89669998153113,0.32194799184799194,True,0,0,0,0,0,0,0,empty
992c4184d.jpg,land_coast,0.0,0.15773518880208334,0.0,98,60.635500005446374,0.4245394468307495,True,0,1,0,1,0,0,1,coast
992e504a2.jpg,land_coast,0.002685546875,0.07436742812573441,0.24361467696174766,53,56.09379999805242,0.996496856212616,True,5,12,1,4,0,1,9,coast
992f64d41.jpg,empty_sea,0.0,0.0,0.0,0,56.368499994277954,0.3479470908641815,True,0,0,0,0,0,0,0,empty
993132f27.jpg,candidates,0.0,6.612141927083333e-05,0.0,3,56.85540000558831,0.27541300654411316,True,0,2,0,1,0,0,1,ships
99356862f.jpg,candidates,0.0,0.0,0.0,2,57.09990000468679,0.598580002784729,True,0,3,0,1,0,1,2,ships
996d335f2.jpg,candidates,0.0,0.0018513997395833333,0.0,5,55.92720001004636,0.9654340147972107,True,1,1,0,1,0,1,1,ships
997ab7e45.jpg,candidates,0.0,6.951226128472222e-05,0.011037190755208334,23,55.71669997880235,0.06123273819684982,False,0,0,0,0,0,0,0,empty
997cc6536.jpg,land_coast,0.0,0.2331051296657986,0.022294786241319444,9,59.45800000336021,0.9073036313056946,True,0,0,0,0,0,0,1,coast
9988be79a.jpg,candidates,0.0,0.0070953369140625,0.0,2,57.69690001034178,0.869519829750061,True,1,1,0,1,0,1,1,ships
998bea684.jpg,candidates,0.0,0.0016869439019097222,0.0,9,57.34389999997802,0.9804218411445618,True,0,1,0,1,0,1,1,ships
998c196b3.jpg,candidates,0.0,0.0,0.0,2,58.66710000555031,0.18657734990119934,True,0,0,0,0,0,0,0,empty
99920bfb6.jpg,land_coast,0.0,0.2829165988498264,0.0,0,59.40169998211786,0.12668350338935852,True,0,0,0,0,0,0,0,coast
99938e6f6.jpg,land_coast,0.0,0.19856431749131945,0.0,1,58.86419999296777,0.42991694808006287,True,0,0,0,0,0,0,0,coast
99a1a95c0.jpg,candidates,0.0,0.004740397135416667,0.010555691189236112,9,58.589499996742234,0.9321466684341431,True,0,1,0,1,0,1,1,ships
99c01ba48.jpg,candidates,0.0,0.015864054361979168,0.0,22,58.664900017902255,0.9945769309997559,True,0,1,0,1,0,1,1,ships
99d552cd3.jpg,candidates,0.0,0.004325018988715278,0.010181003146701388,11,58.697500004200265,0.9984325766563416,True,1,2,0,1,0,1,1,ships
99da5a016.jpg,candidates,0.0,0.00042894151475694444,0.0,2,56.713500001933426,0.9019923210144043,True,0,2,0,2,0,2,2,ships
99db4043d.jpg,candidates,0.0,0.005984836154513889,0.0,4,57.58890000288375,0.2496042549610138,True,0,4,0,2,0,2,2,ships
99e084a60.jpg,land_coast,0.0,0.20647176106770834,0.0,5,59.25210000714287,0.8943042755126953,True,7,1,0,1,0,1,1,coast
99ee2feca.jpg,candidates,0.0,0.0013665093315972222,0.0,3,57.192300009774044,0.9949479103088379,True,0,3,0,3,0,3,3,ships
9a10d91e2.jpg,candidates,0.0,0.005466037326388889,0.0,23,57.234899984905496,0.7612202763557434,True,0,5,0,1,0,0,1,ships
9a11118f2.jpg,land_coast,0.0,0.2813873291015625,0.011974758572048612,5,66.60250001004897,0.9546157717704773,True,0,7,0,3,0,2,3,coast
9a1fd6648.jpg,candidates,0.0,0.00041876898871527775,0.0,3,56.861699995351955,0.5875195860862732,True,0,1,0,1,0,1,1,ships
9a245f0fd.jpg,candidates,0.0,0.003543429904513889,0.0,29,56.82529998011887,0.636916995048523,True,1,2,0,1,0,1,1,ships
9a29ae326.jpg,candidates,0.0,0.047370062934027776,0.04892306857638889,43,56.408200005535036,0.9651616811752319,True,0,4,0,3,0,2,3,ships
9a306dc35.jpg,land_coast,0.0,0.013342963324652778,0.3204074435763889,59,58.55910002719611,0.971141517162323,True,1,11,0,4,0,2,10,coast
9a38f263b.jpg,land_coast,0.0,0.2397121853298611,0.0,7,60.66750001627952,0.2224593162536621,True,0,0,0,0,0,0,0,coast
9a3eee026.jpg,candidates,0.0,0.006447686089409722,0.0,17,59.39949999446981,0.9934065341949463,True,1,2,0,2,0,1,2,ships
9a4162f27.jpg,candidates,0.0,0.001849704318576389,0.0,44,57.156800001394004,0.6988866925239563,True,0,1,0,1,0,1,1,ships
9a4276850.jpg,candidates,0.0,0.014692518446180556,0.0,199,58.93189998460002,0.19387641549110413,True,0,0,0,0,0,0,0,empty
9a4a16fa5.jpg,candidates,0.0,0.035578409830729164,0.0,3,56.79109998163767,0.09845642745494843,False,0,0,0,0,0,0,0,empty
9a4db0fd7.jpg,candidates,0.0,6.612141927083333e-05,0.0,1,57.2966999898199,0.4917088449001312,True,0,0,0,0,0,0,1,ships
9a554a5fc.jpg,candidates,0.0,0.0013173421223958333,0.0,8,54.34860000968911,0.9284695386886597,True,10,2,0,1,0,0,1,ships
9a623293f.jpg,candidates,0.0,0.011457655164930556,0.0,11,57.51260000397451,0.9994231462478638,True,1,4,0,2,0,2,2,ships
9a66c450a.jpg,land_coast,0.0,0.1706356472439236,0.0,1,57.045599998673424,0.4952085614204407,True,1,2,0,2,0,1,1,coast
9a6fa942c.jpg,candidates,0.020946926540798612,0.0016740158631274515,0.0,23,57.10869998438284,0.9805504083633423,True,0,4,0,4,0,4,5,ships
9a76c3398.jpg,candidates,0.0,0.0,0.035576714409722224,2,55.85930001689121,0.8344073295593262,True,0,0,0,0,0,0,0,empty
9a7ae04eb.jpg,land_coast,0.0,0.2942708333333333,0.0,16,57.429599983152,0.971512496471405,True,2,2,1,2,1,2,2,coast
9a8cc57e3.jpg,land_coast,0.0,0.3216434054904514,0.0,4,65.91109998407774,0.6393845081329346,True,0,0,0,0,0,0,0,coast
9a8e0d869.jpg,candidates,0.0,0.0001068115234375,0.0,1,55.726899998262525,0.6646761894226074,True,1,3,0,2,0,0,1,ships
9a91ce9be.jpg,candidates,0.0,0.07103814019097222,0.0,1,58.208500006003305,0.5182140469551086,True,0,4,0,1,0,1,1,ships
9a9d7d62d.jpg,candidates,0.0,0.0007188585069444445,0.0,2,58.570099994540215,0.43159249424934387,True,0,4,0,2,0,2,2,ships
9a9dd97e0.jpg,candidates,0.0,0.0841098361545139,0.021043565538194444,3,58.60060002305545,0.2826946973800659,True,0,2,0,1,0,1,1,ships
9aaa762fb.jpg,candidates,0.0,0.007453070746527778,0.019410875108506944,20,57.7214999939315,0.9909817576408386,True,0,1,0,1,0,1,1,ships
9ab1bebbf.jpg,empty_sea,0.0,0.0034230550130208335,0.0,0,56.31549999816343,0.7184263467788696,True,0,0,0,0,0,0,0,empty
9abde6f82.jpg,candidates,0.0,0.005362616644965278,0.023106892903645832,13,58.98600001819432,0.9848365187644958,True,6,5,1,2,0,1,2,ships
9ac3e07ce.jpg,candidates,0.0,0.00689697265625,0.0,1,57.755299989366904,0.6533449292182922,True,1,4,0,2,0,0,1,ships
9ace38dea.jpg,candidates,0.0,0.001415676540798611,0.0,10,56.34579999605194,0.20372886955738068,True,2,4,0,1,0,0,1,ships
9adae1ce7.jpg,candidates,0.0,0.0016157362196180555,0.010531955295138888,10,58.298699994338676,0.8800961375236511,True,1,2,0,2,0,2,2,ships
9ae693e0c.jpg,candidates,0.0,0.028667873806423612,0.0,60,59.047199989436194,0.7840456366539001,True,0,1,0,1,0,1,1,ships
9aec676d8.jpg,land_coast,0.0,0.2660098605685764,0.0,1,62.93539999751374,0.16223418712615967,True,0,0,0,0,0,0,0,coast
9af160eec.jpg,candidates,0.0,0.013580322265625,0.0,41,59.12439999519847,0.0434052012860775,False,0,0,0,0,0,0,0,empty
9af77856d.jpg,candidates,0.0,0.0003323025173611111,0.0,2,56.74060000455938,0.8598199486732483,True,0,3,0,2,0,1,2,ships
9afe7fc9d.jpg,candidates,0.0,0.007268269856770833,0.0,47,58.58370001078583,0.9301472306251526,True,0,2,0,2,0,1,1,ships
9aff0579f.jpg,land_coast,0.6281009250217013,0.2340780134193437,0.0,0,54.20019998564385,0.5266364812850952,True,8,2,1,1,1,0,1,coast
9b09d5dc3.jpg,land_coast,0.0,0.0,0.08891465928819445,18,56.38689998886548,0.599477231502533,True,2,0,1,0,0,0,1,coast
9b124ac39.jpg,candidates,0.0,0.00011020236545138889,0.0,1,56.25100000179373,0.8022347092628479,True,0,4,0,2,0,0,1,ships
9b1ed7098.jpg,candidates,0.0,0.001156277126736111,0.0,5,58.298899995861575,0.9891524314880371,True,0,2,0,2,0,2,3,ships
9b2754ced.jpg,candidates,0.0,0.005298190646701389,0.0,27,59.47439998271875,0.9999998807907104,True,0,6,0,6,0,6,6,ships
9b296446c.jpg,candidates,0.0,0.018603854709201388,0.0,69,57.53059999551624,0.34663984179496765,True,0,1,0,1,0,0,1,ships
9b2bb1791.jpg,land_coast,0.0,0.06757948133680555,0.08507453070746528,27,60.801099985837936,0.5925172567367554,True,0,1,0,1,0,1,1,coast
9b2d517a0.jpg,candidates,0.0,0.0014055040147569445,0.0,5,56.73069998738356,0.9730874300003052,True,0,2,0,2,0,2,2,ships
9b31caa5f.jpg,candidates,0.0,0.000274658203125,0.0,2,58.07340002502315,0.7704108953475952,True,3,3,2,3,0,2,2,ships
9b3b7fbde.jpg,candidates,0.0,0.00011359320746527778,0.0,17,58.26419999357313,0.14787068963050842,True,0,0,0,0,0,0,0,empty
9b663f71d.jpg,candidates,0.0,0.0,0.0,10,56.48450000444427,0.6493090391159058,True,0,0,0,0,0,0,0,empty
9b66947b6.jpg,candidates,0.0,0.010943942599826388,0.0,32,56.99039998580702,0.9873313307762146,True,0,2,0,1,0,1,1,ships
9b83125ba.jpg,candidates,0.0,0.04153103298611111,0.027340359157986112,74,58.4421000094153,0.9676782488822937,True,2,4,0,4,0,4,4,ships
9b9e6703e.jpg,candidates,0.0,0.0010426839192708333,0.0,4,55.707399995299056,0.999302864074707,True,0,6,0,5,0,4,6,ships
9babb2117.jpg,empty_sea,0.0,0.04274156358506945,0.0,0,59.7544000193011,0.005298581440001726,False,0,0,0,0,0,0,0,empty
9baebd106.jpg,land_coast,0.0,0.3572353786892361,0.0,2,62.53279998782091,0.5733389258384705,True,0,3,0,1,0,0,1,coast
9bba328fa.jpg,land_coast,0.0,0.03793504503038195,0.10687086317274305,110,56.12450002809055,0.9400970339775085,True,3,14,0,7,0,6,8,coast
9bc45db83.jpg,candidates,0.0,5.425347222222222e-05,0.0,1,57.161000004271045,0.54108726978302,True,0,1,0,1,0,1,1,ships
9bccca4a6.jpg,candidates,0.0,0.017839219835069444,0.045354207356770836,48,56.63179999100976,0.5445225834846497,True,2,3,1,2,1,1,2,ships
9bcfee484.jpg,candidates,0.0,0.03231981065538195,0.047826131184895836,52,59.90920000476763,0.6394299268722534,True,2,4,0,1,0,1,3,ships
9bd387741.jpg,candidates,0.0,0.0035552978515625,0.0,10,59.30710001848638,0.9704149961471558,True,0,5,0,5,0,3,4,ships
9bdd25f0f.jpg,candidates,0.0,0.004299587673611111,0.012022230360243056,10,56.04149997816421,0.9661834836006165,True,1,1,0,1,0,1,1,ships
9befa51dc.jpg,candidates,0.0,0.038519965277777776,0.027348836263020832,44,58.33090000669472,0.834930956363678,True,1,0,0,0,0,0,0,empty
9bf7b2bdb.jpg,candidates,0.0,0.0,0.0,9,56.30490000476129,0.1497579663991928,True,0,0,0,0,0,0,0,empty
9c0030e2e.jpg,land_coast,0.0,0.2074500189887153,0.0,22,64.9320000084117,0.9879066944122314,True,0,1,0,1,0,1,1,coast
9c023e3a6.jpg,candidates,0.0,0.0028635660807291665,0.0,9,58.22569999145344,0.946003258228302,True,0,5,0,4,0,3,3,ships
9c059c126.jpg,candidates,0.0,0.0031602647569444445,0.022913614908854168,31,57.55900000804104,0.9927111864089966,True,0,1,0,1,0,1,1,ships
9c059d9af.jpg,candidates,0.04456753200954861,0.11819410924805095,0.0,1,59.51350001851097,0.6529597640037537,True,4,2,0,2,0,0,1,ships
9c2926b69.jpg,candidates,0.0,6.103515625e-05,0.0,13,56.49240000639111,0.7153531908988953,True,0,3,0,1,0,0,1,ships
9c4b93551.jpg,empty_sea,0.0,0.0013020833333333333,0.0,0,55.57689999113791,0.8249510526657104,True,1,1,0,1,0,0,1,ships
9c505a723.jpg,land_coast,0.0,0.2494235568576389,0.0,3,59.36459999065846,0.44929346442222595,True,0,2,0,0,0,0,2,coast
9c58cedca.jpg,candidates,0.0,0.0,0.0,2,54.99269999563694,0.10256648063659668,False,0,0,0,0,0,0,0,empty
9c5a8d9d4.jpg,candidates,0.0,0.00010850694444444444,0.0,3,56.4715999935288,0.5822368264198303,True,0,1,0,1,0,1,1,ships
9c711d585.jpg,land_coast,0.0,0.2554592556423611,0.0,1,59.05420001363382,0.47265344858169556,True,0,0,0,0,0,0,1,coast
9c75bec7b.jpg,candidates,0.0,0.028232150607638888,0.0,6,56.89860001439229,0.038334205746650696,False,0,0,0,0,0,0,0,empty
9c966f3e3.jpg,candidates,0.0,0.0031687418619791665,0.0,2,59.4289000146091,0.901715099811554,True,0,1,0,1,0,1,1,ships
9ca7b1b1d.jpg,candidates,0.0,0.006056043836805556,0.057944403754340276,23,57.93840001570061,0.7123732566833496,True,0,1,0,1,0,1,1,ships
9ca7d5d6d.jpg,candidates,0.0,0.0016411675347222222,0.0,2,57.100200006971136,0.6380020380020142,True,0,3,0,1,0,1,1,ships
9cae12b2e.jpg,candidates,0.0,0.000640869140625,0.0,2,57.4526000127662,0.9877364039421082,True,0,1,0,1,0,1,1,ships
9cbe01cd5.jpg,candidates,0.0,0.0004916720920138889,0.0,5,57.47120000887662,0.7311965823173523,True,0,5,0,5,0,2,3,ships
9cc932130.jpg,candidates,0.0,0.00015767415364583334,0.0,1,57.167100021615624,0.3093179762363434,True,0,1,0,1,0,1,1,ships
9cde56282.jpg,candidates,0.0,0.0007358127170138889,0.0,5,57.970099995145574,0.8306677341461182,True,2,2,0,1,0,0,1,ships
9ce6b289c.jpg,candidates,0.0,5.764431423611111e-05,0.0,3,58.16729998332448,0.39577582478523254,True,1,2,1,1,1,0,1,ships
9ce7301b7.jpg,land_coast,0.0,0.250640869140625,0.0,10,60.39800000144169,0.9205511808395386,True,0,1,0,1,0,1,1,coast
9d0664af5.jpg,land_coast,0.0,0.2567291259765625,0.0,1,58.378999994602054,0.247236967086792,True,3,0,0,0,0,0,1,coast
9d1efce28.jpg,candidates,0.0,0.004260592990451389,0.0,19,57.62700000195764,0.8531851172447205,True,0,1,0,1,0,1,1,ships
9d241dc38.jpg,candidates,0.0,2.3735894097222223e-05,0.0,8,57.39710002671927,0.18539558351039886,True,0,0,0,0,0,0,0,empty
9d24b5cdc.jpg,candidates,0.0,0.031182183159722224,0.0,13,56.752200005576015,0.04701818525791168,False,0,0,0,0,0,0,0,empty
9d2631637.jpg,candidates,0.0,0.0,0.0,14,56.356499990215525,0.12015343457460403,False,0,0,0,0,0,0,0,empty
9d3367444.jpg,candidates,0.0,0.005705091688368056,0.0,13,57.189299986930564,0.007812720723450184,False,0,0,0,0,0,0,0,empty
9d53ecba4.jpg,candidates,0.0,0.022191365559895832,0.0,31,56.97629999485798,0.8686031699180603,True,0,4,0,4,0,3,3,ships
9d5808b0b.jpg,land_coast,0.0,0.24025132921006945,0.0,1,63.14289997681044,0.10721524059772491,False,0,4,0,1,0,0,1,coast
9d63574a0.jpg,candidates,0.0,0.0007832845052083334,0.0,2,59.21269999817014,0.6950631737709045,True,0,1,0,1,0,1,1,ships
9d642a272.jpg,candidates,0.0,0.0012953016493055555,0.0,18,57.89259998709895,0.9587349891662598,True,0,1,0,1,0,1,1,ships
9d647cc30.jpg,candidates,0.0,0.0009646945529513889,0.0,39,58.780399995157495,0.8935448527336121,True,0,1,0,1,0,1,1,ships
9d74c2150.jpg,land_coast,0.0,0.370697021484375,0.0,1,67.76689999969676,0.44175055623054504,True,0,2,0,1,0,0,1,coast
9d8cfce03.jpg,candidates,0.0,0.0210418701171875,0.0,26,59.75890002446249,0.8968871831893921,True,0,3,0,3,0,2,3,ships
9d9313862.jpg,candidates,0.0,0.007602267795138889,0.0,4,56.72429999685846,0.3052845001220703,True,0,0,0,0,0,0,0,empty
9d97024d0.jpg,candidates,0.0,0.0014699300130208333,0.058281792534722224,15,58.13640000997111,0.8187370896339417,True,0,4,0,2,0,1,2,ships
9d9c436e9.jpg,land_coast,0.0,0.04769558376736111,0.13128153483072916,22,58.046899997862056,0.9971548318862915,True,3,1,0,1,0,1,1,coast
9dacc90b9.jpg,land_coast,0.0,0.1346367730034722,0.0,3,57.09610000485554,0.42208290100097656,True,3,0,2,0,0,0,1,coast
9dbaf1251.jpg,candidates,0.0,0.10002983940972222,0.0,3,59.5305000024382,0.3235901892185211,True,1,3,0,0,0,0,1,ships
9dc8d77e7.jpg,candidates,0.0,0.0015326605902777778,0.0,13,56.521100021200255,0.8347571492195129,True,0,1,0,1,0,1,1,ships
9dd3a2c50.jpg,candidates,0.0,0.019838121202256944,0.0,109,59.10889999358915,0.7345543503761292,True,0,1,0,1,0,1,1,ships
9de4d36fa.jpg,candidates,0.0,0.0,0.0,20,55.14850001782179,0.10897791385650635,False,0,0,0,0,0,0,0,empty
9de7ce883.jpg,candidates,0.0,0.0,0.0,4,56.60589999752119,0.5406060814857483,True,0,0,0,0,0,0,0,empty
9de9bd6d6.jpg,land_coast,0.0,0.3091583251953125,0.0,3,58.70269998558797,0.8690208792686462,True,0,1,0,1,0,1,1,coast
9e1f1c5f3.jpg,land_coast,0.0,0.1345452202690972,0.0,33,61.324300011619925,0.9691057205200195,True,1,4,0,1,0,0,1,coast
9e240ca49.jpg,candidates,0.0,0.001522488064236111,0.0,1,56.37920001754537,0.9237539768218994,True,0,1,0,1,0,1,1,ships
9e26fd54e.jpg,land_coast,0.0,0.2667795817057292,0.0,2,61.89879999146797,0.9310967326164246,True,1,4,0,3,0,0,1,coast
9e2a69e33.jpg,candidates,0.0,0.0,0.0,3,57.19709998811595,0.647951066493988,True,1,5,1,0,0,0,3,ships
9e6cfc07c.jpg,candidates,0.0,0.005715264214409722,0.0,12,57.34530001063831,0.8571709990501404,True,10,3,1,1,0,1,4,ships
9e703773e.jpg,candidates,0.0,0.00039503309461805556,0.0,17,59.6300000033807,0.47688889503479004,True,0,1,0,1,0,1,1,ships
9e7298d5a.jpg,land_coast,0.0,0.1457739935980903,0.0,3,59.75299997953698,0.5214414000511169,True,4,2,1,1,0,1,1,coast
9e82413af.jpg,candidates,0.0,0.08316548665364583,0.0,8,57.982099999208,0.4077346920967102,True,0,1,0,1,0,1,1,ships
9e95cb0ea.jpg,candidates,0.0,0.018317328559027776,0.0,55,59.80690001160838,0.7822718620300293,True,1,2,0,2,0,2,2,ships
9e97ff4fd.jpg,land_coast,0.0,0.3308512369791667,0.0,3,60.11880000005476,0.5293996334075928,True,1,6,1,4,0,1,2,coast
9ea6788e4.jpg,land_coast,0.0,0.29864501953125,0.0,6,67.06639999174513,0.9490957260131836,True,0,1,0,1,0,1,1,coast
9eb29b805.jpg,candidates,0.0,0.0006239149305555555,0.0,4,58.19589999737218,0.8254408836364746,True,0,1,0,1,0,1,1,ships
9ebe9182d.jpg,land_coast,0.0,0.2554592556423611,0.0,6,62.21360000199638,0.08555974811315536,False,3,0,0,0,0,0,0,coast
9ed7ee672.jpg,candidates,0.0,0.002402411566840278,0.0,20,58.53099998785183,0.966489315032959,True,0,7,0,7,0,5,5,ships
9ede6ed1c.jpg,land_coast,0.0,0.0024668375651041665,0.16448465983072916,65,57.623300002887845,0.031701553612947464,False,0,0,0,0,0,0,0,coast
9edef8ed8.jpg,candidates,0.0,8.138020833333333e-05,0.0,26,55.72510001366027,0.34312278032302856,True,0,1,0,1,0,1,1,ships
9ef254a09.jpg,candidates,0.0,0.0010698106553819445,0.0,16,58.576100011123344,0.7881472110748291,True,1,1,0,1,0,1,1,ships
9f044ff4e.jpg,land_coast,0.0,0.00010511610243055556,0.10415479871961805,16,57.729899999685585,0.49634629487991333,True,0,0,0,0,0,0,0,coast
9f1949a42.jpg,candidates,0.0,0.0124359130859375,0.059687296549479164,46,58.400899986736476,0.9984592199325562,True,7,3,0,1,0,1,3,ships
9f1e6df40.jpg,candidates,0.0,0.00010172526041666667,0.0,19,57.399800018174574,0.11245106905698776,False,0,0,0,0,0,0,0,empty
9f5d0a1a0.jpg,land_coast,0.0,0.029025607638888888,0.3046366373697917,60,56.94969999603927,0.967602550983429,True,5,1,2,1,2,1,1,coast
9f617806e.jpg,candidates,0.0,0.0005866156684027778,0.0,14,56.08029998256825,0.762915313243866,True,1,1,1,1,0,1,1,ships
9f6192719.jpg,candidates,0.0,0.003918117947048611,0.0,1,56.768499984173104,0.6674680709838867,True,0,2,0,1,0,1,1,ships
9f7a69dae.jpg,candidates,0.0,4.238552517361111e-05,0.0,48,58.312300010584295,0.12863940000534058,True,0,0,0,0,0,0,0,empty
9f7f732f5.jpg,candidates,0.0,0.0049896240234375,0.0,100,57.43250000523403,0.42818814516067505,True,1,2,0,2,0,2,2,ships
9f813af39.jpg,candidates,0.0,0.00024244520399305556,0.0,3,58.84969999897294,0.6470450758934021,True,0,1,0,1,0,1,1,ships
9f986d090.jpg,candidates,0.0,0.03950839572482639,0.0,27,57.101899990811944,0.47236621379852295,True,1,1,0,1,0,1,1,ships
9f9fe4dbc.jpg,candidates,0.0,0.001308865017361111,0.0,5,58.03849999210797,0.9928544163703918,True,3,2,1,2,0,2,2,ships
9faa8eac7.jpg,candidates,0.0,0.0002899169921875,0.0,22,57.335799996508285,0.15261398255825043,True,0,0,0,0,0,0,0,empty
9fb50479f.jpg,land_coast,0.0,0.3438025580512153,0.0,1,61.32510001771152,0.9447277188301086,True,0,1,0,1,0,1,1,coast
9fc8772e3.jpg,candidates,0.0,0.006200154622395833,0.0,17,61.73270000726916,0.6970164775848389,True,0,1,0,1,0,1,1,ships
9fcd7f82c.jpg,candidates,0.0,0.032368977864583336,0.0,23,57.2628999943845,0.9541999101638794,True,9,16,3,11,3,9,13,ships
9fcf09144.jpg,candidates,0.0,0.014940049913194444,0.049519856770833336,48,58.33500000881031,0.9994854927062988,True,10,6,0,1,0,0,4,ships
9fd5ffab8.jpg,land_coast,0.0,0.21923997667100695,0.0,8,59.48100000387058,0.5142863392829895,True,0,1,0,1,0,1,1,coast
9fd6d4956.jpg,candidates,0.0,0.003796047634548611,0.017344156901041668,3,55.159600015031174,0.998918890953064,True,0,2,0,2,0,2,2,ships
9fe7f5ea5.jpg,candidates,0.0,0.0228118896484375,0.0,15,57.839700020849705,0.8229280710220337,True,0,1,0,1,0,1,1,ships
9fe8194d1.jpg,candidates,0.0,0.0008544921875,0.0,52,57.094399991910905,0.018300822004675865,False,0,0,0,0,0,0,0,empty
9fede37b6.jpg,candidates,0.0,0.0,0.0,14,56.60730000818148,0.6026558876037598,True,9,1,0,1,0,1,2,ships
9fff9d6e5.jpg,land_coast,0.0,0.1610683865017361,0.07644483778211805,52,59.01209998410195,0.13313214480876923,True,2,1,1,1,0,0,1,coast
a00e7e4dd.jpg,land_coast,0.0,0.04405381944444445,0.1523980034722222,39,58.34689998300746,0.9999871253967285,True,3,6,0,4,0,4,5,coast
a0220e22a.jpg,candidates,0.0,0.022123548719618056,0.0,3,57.85069998819381,0.13273613154888153,True,0,0,0,0,0,0,0,empty
a035135f0.jpg,candidates,0.0,0.0006222195095486111,0.0,32,57.792299980064854,0.8795139789581299,True,0,1,0,1,0,1,1,ships
a042932b8.jpg,candidates,0.0,0.0017411973741319445,0.0,21,58.851600013440475,0.6570597887039185,True,0,2,0,2,0,1,1,ships
a04681f48.jpg,candidates,0.0,0.09183247884114583,0.0,17,58.503399981418625,0.9783744812011719,True,2,0,0,0,0,0,1,ships
a04d82b6c.jpg,candidates,0.0,0.016655815972222224,0.046059502495659724,105,58.53549999301322,0.9996188879013062,True,5,2,0,2,0,2,3,ships
a06753b6b.jpg,empty_sea,0.0,0.07538519965277778,0.0,0,60.438499989686534,0.05612396076321602,False,0,0,0,0,0,0,0,empty
a077529df.jpg,land_coast,0.0,0.13868543836805555,0.0,77,67.18179999734275,0.9762212634086609,True,0,1,0,1,0,1,1,coast
a07992ba2.jpg,candidates,0.0,0.001971774631076389,0.0,9,55.95900001935661,0.9637646079063416,True,0,1,0,1,0,1,1,ships
a089b45f0.jpg,candidates,0.0,0.004528469509548611,0.0,3,56.97030000737868,0.9701401591300964,True,0,2,0,1,0,1,1,ships
a089cb0ce.jpg,candidates,0.0,0.026624891493055556,0.0,102,58.070799976121634,0.9750017523765564,True,0,0,0,0,0,0,0,empty
a08d5e278.jpg,candidates,0.0,0.00013054741753472222,0.0,15,56.64609998348169,0.8213834762573242,True,2,6,2,6,2,4,5,ships
a09ad448b.jpg,candidates,0.0,0.00909423828125,0.0,48,57.46529999305494,0.8189089298248291,True,0,0,0,0,0,0,1,ships
a09ebdb2a.jpg,candidates,0.0,0.0009273952907986111,0.0,3,56.428899988532066,0.9579920172691345,True,0,1,0,1,0,1,1,ships
a0ad2b2c0.jpg,candidates,0.013402303059895834,0.0009526307796385526,0.02115979345860198,35,57.768500002566725,0.8543651103973389,True,0,3,0,1,0,1,1,ships
a0bf5e176.jpg,land_coast,0.0,0.2571004231770833,0.0,11,60.42390002403408,0.9264675974845886,True,0,3,0,3,0,3,4,coast
a0d2a2993.jpg,land_coast,0.0,0.2340935601128472,0.0,23,63.31019999925047,0.28976067900657654,True,0,1,0,0,0,0,1,coast
a0d4fd551.jpg,candidates,0.0,0.00016615125868055556,0.0,29,57.49360000481829,0.4632643759250641,True,0,0,0,0,0,0,0,empty
a0d96b1b8.jpg,land_coast,0.0,0.0854034423828125,0.3014051649305556,23,59.069200011435896,0.9995740056037903,True,7,7,1,2,0,2,7,coast
a111ed0bc.jpg,candidates,0.0,0.033599853515625,0.0,5,58.609900006558746,0.16144496202468872,True,0,3,0,2,0,1,1,ships
a11221fe0.jpg,candidates,0.0,0.0003475613064236111,0.0,2,57.67000000923872,0.6296417117118835,True,1,3,0,1,0,0,1,ships
a1192e7b1.jpg,candidates,0.0,0.0016004774305555555,0.0,8,58.393699990119785,0.9875024557113647,True,0,2,0,2,0,2,2,ships
a11c7463e.jpg,land_coast,0.0,0.3424852159288194,0.0,1,67.92139998287894,0.9455283284187317,True,0,1,0,1,0,1,1,coast
a1285785b.jpg,land_coast,0.0,0.2414788140190972,0.0,6,64.34040001477115,0.09375276416540146,False,6,5,1,1,0,0,1,coast
a12870196.jpg,candidates,0.0,0.0018208821614583333,0.0,5,56.60309997620061,0.358304500579834,True,5,2,0,1,0,1,1,ships
a12bfae9d.jpg,candidates,0.0,0.0030568440755208335,0.013036092122395834,14,57.29220001376234,0.9992384910583496,True,0,1,0,1,0,1,1,ships
a12fcc09b.jpg,land_coast,0.0,0.2540384928385417,0.0,17,63.657899998361245,0.7235152721405029,True,0,3,0,3,0,3,3,coast
a1309c4b3.jpg,candidates,0.0,7.62939453125e-05,0.0,19,57.68619998707436,0.22596333920955658,True,0,0,0,0,0,0,0,empty
a1475dae3.jpg,candidates,0.0,0.0009189181857638889,0.0,43,57.23870001384057,0.23551470041275024,True,2,0,0,0,0,0,0,empty
a14c0830d.jpg,land_coast,0.0,0.2515682644314236,0.0,6,57.575799990445375,0.635602593421936,True,2,2,1,1,0,1,1,coast
a1604d5c2.jpg,candidates,0.0,0.004072401258680556,0.0,45,56.80150000262074,0.8266808986663818,True,1,1,0,1,0,1,1,ships
a165206ff.jpg,candidates,0.0,0.0016801622178819445,0.0,9,57.367200002772734,0.976093590259552,True,0,3,0,2,0,2,2,ships
a18f4f6af.jpg,candidates,0.0,0.017520480685763888,0.025867038302951388,34,61.93009999697097,0.9999909400939941,True,10,2,1,2,0,1,1,ships
a1a0a674a.jpg,candidates,0.0,9.833441840277778e-05,0.0,4,56.44859999301843,0.7648374438285828,True,1,3,0,2,0,2,4,ships
a1a3ce3c3.jpg,candidates,0.0,0.023640950520833332,0.0,39,57.51389998476952,0.6555647850036621,True,2,1,1,1,1,1,1,ships
a1abde08d.jpg,candidates,0.0,0.0035400390625,0.0,8,56.17960001109168,0.993583619594574,True,0,1,0,1,0,1,1,ships
a1ad3bd93.jpg,land_coast,0.0,0.2751125759548611,0.0,0,66.10650001675822,0.07138132303953171,False,0,0,0,0,0,0,0,coast
a1b06a9be.jpg,candidates,0.0,0.0037282307942708335,0.0,9,61.04339999728836,0.9990608096122742,True,0,3,0,3,0,3,3,ships
a1b68660a.jpg,land_coast,0.0,0.1717919243706597,0.0,27,62.52090001362376,0.9624866247177124,True,1,1,0,1,0,1,1,coast
a1b87d224.jpg,land_coast,0.0,0.2733679877387153,0.0,2,64.1071000136435,0.8635960817337036,True,0,1,0,1,0,1,1,coast
a1fd4d029.jpg,candidates,0.007127549913194444,0.003022141814518616,0.05045297862571356,18,57.39190001622774,0.9769850969314575,True,0,3,0,2,0,2,2,ships
a20832f2b.jpg,land_coast,0.0,0.20808580186631945,0.017888387044270832,26,63.947000016923994,0.989354133605957,True,0,2,0,2,0,2,2,coast
a21653a43.jpg,land_coast,0.0,0.2551099989149306,0.025105794270833332,25,63.93259999458678,0.9764379858970642,True,0,2,0,0,0,0,1,coast
a22538114.jpg,candidates,0.0,0.0013936360677083333,0.0,7,55.53939999663271,0.9836002588272095,True,2,5,1,5,0,3,4,ships
a24633eca.jpg,candidates,0.0,0.001712375217013889,0.0,7,55.81920000258833,0.9945892095565796,True,0,6,0,4,0,3,3,ships
a24ff2ae3.jpg,candidates,0.2207556830512153,0.000532487319866028,0.0,40,55.58129999553785,0.9124777913093567,True,5,1,1,1,1,1,1,ships
a25276c7a.jpg,land_coast,0.0,0.24785359700520834,0.0,0,57.799399975920096,0.4841007888317108,True,0,0,0,0,0,0,0,coast
a2614b972.jpg,candidates,0.0,0.0082550048828125,0.014707777235243056,35,57.580199994845316,0.9958244562149048,True,0,1,0,1,0,1,1,ships
a271564cc.jpg,land_coast,0.0,0.2818569607204861,0.0,15,66.70269998721778,0.9634234309196472,True,2,2,2,2,1,2,2,coast
a273f009e.jpg,candidates,0.0,0.035744561089409724,0.0,10,58.673799998359755,0.3620550334453583,True,0,1,0,1,0,1,1,ships
a274d456b.jpg,candidates,0.0,0.11121114095052083,0.0,46,58.23909997707233,0.9664268493652344,True,1,1,0,1,0,1,1,ships
a275b9660.jpg,candidates,0.0,0.007074991861979167,0.020750257703993056,8,55.99409999558702,0.9970312118530273,True,0,1,0,1,0,1,1,ships
a27c1e347.jpg,candidates,0.0,0.003406100802951389,0.011983235677083334,1,57.77059998945333,0.9873542189598083,True,1,4,0,1,0,0,1,ships
a280fe312.jpg,land_coast,0.006908840603298611,0.015396295223618163,0.2137315622338338,34,56.81639999966137,0.9999935626983643,True,6,6,1,4,1,2,3,coast
a28d6927a.jpg,candidates,0.0,0.00022379557291666666,0.0,56,57.49030000879429,0.15713471174240112,True,0,1,0,0,0,0,1,ships
a2a43ca82.jpg,candidates,0.0,0.001812405056423611,0.0,11,57.04630000400357,0.999998927116394,True,7,4,2,4,0,4,4,ships
a2ac82f04.jpg,land_coast,0.0,0.2888132731119792,0.0,10,61.06290000025183,0.47111183404922485,True,0,1,0,1,0,1,1,coast
a2b8745cd.jpg,candidates,0.0,0.0904574924045139,0.029557969835069444,24,57.24329999065958,0.8374245166778564,True,3,1,0,0,0,0,1,ships
a2bb36d8f.jpg,candidates,0.0,0.0015462239583333333,0.0,9,57.93809998431243,0.8908513188362122,True,0,4,0,2,0,2,3,ships
a2d2d9d0b.jpg,candidates,0.0,0.10542466905381945,0.025246514214409724,45,57.638099999167025,0.9213542342185974,True,2,0,0,0,0,0,0,empty
a2d57be9c.jpg,candidates,0.0,0.002307467990451389,0.0,14,56.822999991709366,0.8183284401893616,True,0,5,0,4,0,3,3,ships
a2d929cff.jpg,candidates,0.0,0.0034993489583333335,0.0,81,57.31020000530407,0.1322001814842224,True,0,0,0,0,0,0,0,empty
a2dc3bd3c.jpg,candidates,0.0,5.5948893229166664e-05,0.0,2,56.998100015334785,0.3453809916973114,True,0,1,0,1,0,1,1,ships
a2f3890a5.jpg,land_coast,0.0,0.3001217312282986,0.0,0,66.91369999316521,0.9924221634864807,True,2,1,0,1,0,1,1,coast
a2fc8e98c.jpg,land_coast,0.0,0.2927788628472222,0.0,5,68.6645999958273,0.8372969031333923,True,0,2,0,1,0,1,1,coast
a305463cf.jpg,land_coast,0.0,0.2931060791015625,0.0,0,66.25350000103936,0.040605686604976654,False,0,0,0,0,0,0,0,coast
a308eef51.jpg,candidates,0.0,0.0016615125868055555,0.0,48,72.62650001212023,0.9747263193130493,True,3,1,0,1,0,1,1,ships
a313ffb5a.jpg,land_coast,0.0,0.2286410861545139,0.0,29,57.98830001731403,0.4230520725250244,True,0,0,0,0,0,0,0,coast
a3161becd.jpg,candidates,0.0,3.2212999131944445e-05,0.0,2,55.985999992117286,0.22165851294994354,True,0,2,0,1,0,1,1,ships
a33f0c919.jpg,land_coast,0.0,0.1750606960720486,0.0,0,58.86590000591241,0.5058823823928833,True,0,0,0,0,0,0,0,coast
a3426c6ca.jpg,candidates,0.0,0.0016496446397569445,0.0,10,57.94710002373904,0.9695026278495789,True,0,1,0,1,0,1,1,ships
a34fe6136.jpg,land_coast,0.0,0.2087368435329861,0.0,30,62.17570000444539,0.06486836075782776,False,0,0,0,0,0,0,0,coast
a35f4fa8b.jpg,empty_sea,0.0,0.0,0.0,0,57.2194000124,0.33436325192451477,True,0,0,0,0,0,0,0,empty
a368b5692.jpg,candidates,0.0,0.0009765625,0.0,2,56.99410001398064,0.9032347202301025,True,1,6,0,4,0,2,3,ships
a36bc882e.jpg,candidates,0.0,0.06934271918402778,0.0,26,59.11060000653379,0.99903404712677,True,5,6,0,4,0,4,4,ships
a37b6d4f1.jpg,candidates,0.0,0.024493747287326388,0.05219862196180555,41,58.60679998295382,0.9610936641693115,True,2,3,1,1,0,0,1,ships
a38e6b240.jpg,candidates,0.0,0.00013224283854166666,0.0,1,55.94500000006519,0.6302757859230042,True,0,1,0,1,0,1,1,ships
a3a1f9e8c.jpg,candidates,0.0,0.0008477105034722222,0.019632975260416668,25,57.79150000307709,0.860899806022644,True,0,3,0,2,0,2,2,ships
a3a87b5fe.jpg,candidates,0.0,0.0037943522135416665,0.0,35,60.74179999995977,0.975031316280365,True,0,2,0,2,0,2,2,ships
a3b343da9.jpg,land_coast,0.0,0.3140089246961806,0.0,1,61.343499983195215,0.6086089611053467,True,0,1,0,1,0,1,1,coast
a3b5f2da2.jpg,land_coast,0.0,0.2572140163845486,0.0,5,57.77959999977611,0.693899929523468,True,0,1,0,1,0,1,1,coast
a3cb5b44b.jpg,land_coast,0.0,0.20973375108506945,0.0,6,58.528599998680875,0.6390206217765808,True,0,0,0,0,0,0,0,coast
a3da3cd44.jpg,candidates,0.0,0.002697414822048611,0.0,66,57.17610000283457,0.04573829844594002,False,0,0,0,0,0,0,0,empty
a3def29c3.jpg,candidates,0.0,0.00010850694444444444,0.0,3,57.40739998873323,0.7240767478942871,True,5,2,2,0,2,0,1,ships
a3e5cc8a7.jpg,candidates,0.0,5.5948893229166664e-05,0.0,2,57.015799975488335,0.8145927786827087,True,0,5,0,1,0,0,2,ships
a4023755a.jpg,candidates,0.0,0.0008222791883680555,0.0,26,56.86369998147711,0.23217275738716125,True,0,0,0,0,0,0,0,empty
a40636ef2.jpg,candidates,0.0,3.729926215277778e-05,0.0,20,57.352500007255,0.25946202874183655,True,0,0,0,0,0,0,0,empty
a409cbbd4.jpg,candidates,0.0,0.04806688096788195,0.0,67,59.09090000204742,0.9218030571937561,True,1,1,0,1,0,1,1,ships
a40e7c5ed.jpg,land_coast,0.0,0.2342190212673611,0.0,8,59.19119997997768,0.5505084991455078,True,3,0,0,0,0,0,1,coast
a415cc5bf.jpg,candidates,0.0,0.008039686414930556,0.0,52,57.50570000964217,0.19920523464679718,True,0,0,0,0,0,0,0,empty
a419e253d.jpg,candidates,0.0,0.010428534613715278,0.010533650716145834,51,59.71179998596199,0.9996933937072754,True,4,2,1,1,1,1,3,ships
a42610500.jpg,candidates,0.0,0.05920071072048611,0.0,19,58.13680001301691,0.04198353737592697,False,1,0,0,0,0,0,0,empty
a42dee4fb.jpg,candidates,0.0,0.003887600368923611,0.0,14,58.533200004603714,0.9763656854629517,True,0,1,0,1,0,1,1,ships
a44462b3c.jpg,candidates,0.0,0.07845221625434028,0.0,15,58.82299999939278,0.09787918627262115,False,0,0,0,0,0,0,0,empty
a448daefc.jpg,candidates,0.0,0.0013037787543402778,0.0,2,57.01030002092011,0.8815596699714661,True,2,2,1,1,1,1,1,ships
a44a5676d.jpg,candidates,0.006578233506944444,0.0007991717363588914,0.0238348264325624,20,57.655800017528236,0.9495596885681152,True,1,1,0,1,0,1,1,ships
a45351e07.jpg,land_coast,0.0,0.03529696994357639,0.20173136393229166,88,58.340299990959466,0.9893552660942078,True,2,2,0,1,0,0,1,coast
a453f5a1d.jpg,candidates,0.0,0.004048665364583333,0.0,2,57.76290001813322,0.6019220948219299,True,0,1,0,1,0,1,1,ships
a45d03b5b.jpg,empty_sea,0.0,0.0,0.0,0,56.60460001672618,0.6970674991607666,True,0,0,0,0,0,0,0,empty
a462d0e90.jpg,candidates,0.0,0.00011189778645833333,0.0,1,56.33469999884255,0.506893515586853,True,0,4,0,2,0,0,1,ships
a465d05b9.jpg,land_coast,0.0,0.3366326226128472,0.0,5,62.42790000396781,0.8463686108589172,True,0,1,0,0,0,0,8,coast
a46d1044c.jpg,candidates,0.0,0.010764227973090278,0.0,64,58.533000003080815,0.9532546997070312,True,0,2,0,2,0,2,2,ships
a482999bb.jpg,candidates,0.0,0.04075961642795139,0.0,35,56.114799983333796,0.9991546869277954,True,15,2,3,2,2,1,1,ships
a498b4b46.jpg,candidates,0.0,0.03314039442274305,0.0,13,55.810299993027,0.08290408551692963,False,0,1,0,0,0,0,1,ships
a4a941c4d.jpg,land_coast,0.0,0.22314961751302084,0.0,0,57.17389998608269,0.3400678336620331,True,0,0,0,0,0,0,0,coast
a4c146830.jpg,candidates,0.0,0.06851365831163195,0.0,6,57.05550001584925,0.3419230282306671,True,3,3,2,1,2,0,1,ships
a4cc5f162.jpg,land_coast,0.0,0.3074086507161458,0.013205634223090278,11,62.01510000391863,0.6993556022644043,True,0,1,0,1,0,1,1,coast
a4cd6e110.jpg,candidates,0.0,0.0003916422526041667,0.0,4,57.003900001291186,0.5619274377822876,True,0,1,0,1,0,1,1,ships
a4e9078ce.jpg,candidates,0.0,0.0028483072916666665,0.019561767578125,19,57.83700000029057,0.9276671409606934,True,1,1,0,1,0,1,1,ships
a4ebb0a43.jpg,land_coast,0.0,0.1769171820746528,0.0,16,58.659000002080575,0.928147554397583,True,1,1,0,1,0,1,1,coast
a4f24d99e.jpg,candidates,0.0,0.003350151909722222,0.0,4,56.80290001328103,0.9344134330749512,True,1,4,1,2,0,1,2,ships
a505530ed.jpg,candidates,0.0,0.00012885199652777778,0.0,1,57.211499981349334,0.1575475037097931,True,0,4,0,1,0,0,2,ships
a507639aa.jpg,candidates,0.0,0.0002950032552083333,0.0,5,57.50590001116507,0.7610893249511719,True,0,2,0,2,0,1,1,ships
a515d3529.jpg,candidates,0.0,0.00041029188368055556,0.0,10,57.689999986905605,0.14295385777950287,True,0,2,0,2,0,2,2,ships
a53531c44.jpg,candidates,0.0,0.0012444390190972222,0.014146592881944444,4,56.53179998626001,0.9826502203941345,True,0,1,0,1,0,1,1,ships
a5381895b.jpg,candidates,0.0,0.001147800021701389,0.0,5,58.95190002047457,0.9206516742706299,True,0,1,0,1,0,1,1,ships
a53abb704.jpg,candidates,0.0,0.0015428331163194445,0.0,15,59.04970000847243,0.9824510216712952,True,3,1,0,1,0,1,1,ships
a53e7ae66.jpg,land_coast,0.2626156277126736,0.2930379482953556,0.0,21,57.47239998891018,0.8200960159301758,True,1,0,0,0,0,0,1,coast
a55332cc7.jpg,candidates,0.0,0.0,0.0,1,56.1398999998346,0.6958693861961365,True,2,1,1,1,0,1,2,ships
a562df41c.jpg,candidates,0.0,0.006034003363715278,0.0,31,57.06240001018159,0.2541135251522064,True,1,2,0,0,0,0,1,ships
a5683623e.jpg,candidates,0.0,5.0862630208333336e-05,0.0,1,56.21660000178963,0.484110951423645,True,0,2,0,1,0,1,1,ships
a568af8f1.jpg,candidates,0.0,0.0189208984375,0.04746670193142361,93,57.50419999822043,0.8304699659347534,True,6,4,1,4,0,4,4,ships
a56cdd683.jpg,candidates,0.0,0.07910664876302083,0.0,21,60.724199982360005,0.2161245048046112,True,0,0,0,0,0,0,0,empty
a57beb4af.jpg,candidates,0.0,5.5948893229166664e-05,0.0,1,56.56960001215339,0.12361924350261688,False,0,1,0,1,0,1,1,ships
a57d3ceb7.jpg,candidates,0.0,0.004981146918402778,0.014616224500868056,2,56.22790000052191,0.9998865127563477,True,0,2,0,2,0,0,1,ships
a5840558f.jpg,land_coast,0.0,0.03233167860243055,0.08359442816840278,89,57.624700013548136,0.9978190660476685,True,9,5,4,4,2,4,4,coast
a5958a38e.jpg,candidates,0.0,0.04521009657118055,0.0,15,58.17720000050031,0.7597946524620056,True,0,1,0,1,0,1,1,ships
a59fbfb69.jpg,land_coast,0.0,0.2787729899088542,0.0,1,62.23430001409724,0.26409515738487244,True,0,0,0,0,0,0,0,coast
a5a7a1284.jpg,candidates,0.0,0.022832234700520832,0.0,107,57.50739999348298,0.9344997406005859,True,1,1,0,1,0,1,1,ships
a5cda709b.jpg,cloud,0.9700436062282987,0.0,0.0,0,34.159200004069135,0.0590105801820755,False,0,0,0,0,0,0,0,cloud
a5cf044e4.jpg,candidates,0.0,0.0008494059244791666,0.0,2,55.61509999097325,0.9677630662918091,True,0,4,0,3,0,1,2,ships
a5d8b7d8d.jpg,land_coast,0.0,0.035515679253472224,0.20762803819444445,49,57.46680000447668,0.999923825263977,True,0,4,0,3,0,3,3,coast
a5e0f4b8f.jpg,candidates,0.0,0.00146484375,0.0,10,56.218700017780066,0.9909833669662476,True,0,11,0,5,0,5,6,ships
a5e4145a0.jpg,candidates,0.0,0.0008409288194444445,0.0,1,57.221800001570955,0.7747882008552551,True,0,1,0,1,0,1,1,ships
a5fc52ed7.jpg,candidates,0.0,0.00017123752170138888,0.0,2,56.05760001344606,0.5897724628448486,True,7,0,1,0,0,0,1,ships
a6031e6ac.jpg,candidates,0.0,0.030058119032118056,0.0,1,57.353800017153844,0.05228212848305702,False,0,0,0,0,0,0,0,empty
a616f7e91.jpg,candidates,0.0,0.0002865261501736111,0.0,1,56.76590002258308,0.8092331290245056,True,1,2,0,2,0,0,1,ships
a62956c1d.jpg,cloud,0.993865966796875,0.0,0.0,0,34.78499999619089,0.46872374415397644,True,0,2,0,2,0,1,1,cloud
a62a01368.jpg,candidates,0.0,0.0009036593967013889,0.0,37,57.19890000182204,0.42674577236175537,True,0,0,0,0,0,0,0,empty
a6312e2f4.jpg,land_coast,0.0,0.009150187174479166,0.09191385904947917,3,56.011500011663884,0.6458743214607239,True,3,1,0,1,0,1,1,coast
a631a6d34.jpg,candidates,0.0,0.07465955946180555,0.0,72,58.35710000246763,0.9212849140167236,True,1,1,0,1,0,1,1,ships
a636dd86c.jpg,land_coast,0.0,0.2135467529296875,0.0,5,57.846999989124015,0.9239852428436279,True,0,1,0,1,0,1,1,coast
a640204b1.jpg,candidates,0.0,0.00012376573350694444,0.0,62,57.638000027509406,0.16712504625320435,True,0,0,0,0,0,0,0,empty
a6553448a.jpg,candidates,0.0,0.0,0.0,3,56.33260001195595,0.7135856747627258,True,0,6,0,4,0,3,4,ships
a6554920e.jpg,candidates,0.0,0.0005713568793402778,0.0,2,57.740200019907206,0.9408162832260132,True,0,3,0,2,0,2,2,ships
a6654388a.jpg,candidates,0.0,0.06384955512152778,0.0,26,59.136099996976554,0.9417316317558289,True,6,2,1,1,0,1,2,ships
a66a86893.jpg,land_coast,0.0,0.279388427734375,0.0,17,64.48279999312945,0.9669219851493835,True,0,1,0,1,0,1,1,coast
a677c26b0.jpg,land_coast,0.08934190538194445,0.14037139407862792,0.0,20,57.54690000321716,0.7960838079452515,True,6,3,0,1,0,0,7,coast
a67e1997d.jpg,candidates,0.0,0.012303670247395834,0.0,2,57.80310000409372,0.6382749080657959,True,0,3,0,3,0,2,2,ships
a67ffc1e6.jpg,land_coast,0.0,0.1376563178168403,0.0,49,59.3007999996189,0.995918333530426,True,0,8,0,7,0,6,5,coast
a6838c96c.jpg,candidates,0.0,0.00044080946180555556,0.0,2,57.16189998202026,0.8665750026702881,True,0,3,0,1,0,1,2,ships
a69036fca.jpg,candidates,0.0,0.0007866753472222222,0.0,5,55.95109998830594,0.7523770332336426,True,0,1,0,1,0,1,1,ships
a69be0c5b.jpg,land_coast,0.0,0.18744913736979166,0.0,1,60.05590001586825,0.5772058963775635,True,0,1,0,1,0,1,1,coast
a6ae01701.jpg,candidates,0.0,0.11929490831163195,0.0,42,58.78960000700317,0.9434478282928467,True,0,2,0,1,0,1,1,ships
a6b5683f4.jpg,candidates,0.0,0.0036451551649305555,0.0,30,60.76260001282208,0.8841370940208435,True,4,2,1,2,0,2,2,ships
a6b6255f6.jpg,candidates,0.0,0.0025278727213541665,0.011569552951388888,2,57.17520002508536,0.9925535321235657,True,0,2,0,1,0,1,1,ships
a6bccc26b.jpg,candidates,0.0,0.007778591579861111,0.0,24,58.900400006677955,0.9936488270759583,True,3,3,0,3,0,3,3,ships
a6dc0d057.jpg,land_coast,0.0,0.1510043674045139,0.05891079372829861,22,61.45959999412298,0.8648291826248169,True,5,3,0,2,0,1,1,coast
a6dd3f601.jpg,land_coast,0.0,0.1633792453342014,0.0,3,58.18209997960366,0.8237972259521484,True,0,1,0,1,0,1,1,coast
a6ed3f370.jpg,candidates,0.0,0.0024363199869791665,0.0,1,56.60650000208989,0.5144842863082886,True,4,0,2,0,2,0,1,ships
a6fee613f.jpg,candidates,0.0,0.0029008653428819445,0.0,18,58.34369998774491,0.9999597072601318,True,3,8,0,8,0,8,9,ships
a70b766bd.jpg,candidates,0.0,0.0010138617621527778,0.0,5,56.37919998844154,0.8003550171852112,True,0,2,0,1,0,0,1,ships
a719f9319.jpg,candidates,0.0,6.951226128472222e-05,0.0,1,57.07249999977648,0.28959786891937256,True,0,1,0,1,0,1,1,ships
a71b03932.jpg,candidates,0.0,0.00038825141059027775,0.0,8,56.211199989775196,0.8344193696975708,True,2,7,1,2,0,0,2,ships
a74ef30e6.jpg,candidates,0.0,0.022282918294270832,0.0715484619140625,106,61.15359999239445,0.9091452956199646,True,0,6,0,3,0,3,3,ships
a7501cc14.jpg,candidates,0.0,0.016394721137152776,0.0,70,58.99139997200109,0.20507705211639404,True,1,0,1,0,0,0,0,empty
a75dc5c66.jpg,candidates,0.0,0.0013054741753472222,0.0,23,54.82819999451749,0.9130181670188904,True,2,0,1,0,0,0,1,ships
a771adeb2.jpg,land_coast,0.006907145182291667,0.05100066436991021,0.26402197215125717,42,57.149200001731515,0.9633757472038269,True,8,1,5,1,4,1,1,coast
a78849f28.jpg,candidates,0.0,0.00010172526041666667,0.0,3,58.161000022664666,0.28353747725486755,True,0,2,0,2,0,2,2,ships
a7910d269.jpg,candidates,0.0,0.025163438585069444,0.0,26,58.48219999461435,0.4743978977203369,True,0,0,0,0,0,0,0,empty
a793f3728.jpg,candidates,0.0,0.0113372802734375,0.0,39,57.04809998860583,0.7114948630332947,True,5,1,2,1,1,1,1,ships
a79d4dc9d.jpg,candidates,0.0,0.0007002088758680555,0.0,4,57.30439999024384,0.8194727301597595,True,0,3,0,2,0,2,2,ships
a79e11add.jpg,candidates,0.0,0.0006476508246527778,0.0,57,56.87590001616627,0.8152341842651367,True,0,3,0,2,0,0,1,ships
a7ab60610.jpg,candidates,0.0,7.459852430555556e-05,0.0,1,57.59409998427145,0.6953765749931335,True,0,2,0,1,0,1,1,ships
a7b454a13.jpg,candidates,0.0037672254774305555,0.05605191128695311,0.0,1,57.51759998383932,0.006455894093960524,False,0,0,0,0,0,0,0,empty
a7d7a8762.jpg,land_coast,0.0,0.2092810736762153,0.0,7,61.72820000210777,0.0075165084563195705,False,0,0,0,0,0,0,0,coast
a7d954641.jpg,empty_sea,0.0,0.059443155924479164,0.0,0,58.83130000438541,0.430742472410202,True,0,0,0,0,0,0,1,ships
a7e7794c1.jpg,land_coast,0.0,0.16252305772569445,0.0,4,58.22079998324625,0.2476222813129425,True,0,0,0,0,0,0,0,coast
a7f2415df.jpg,candidates,0.0,0.0008748372395833334,0.06831868489583333,16,56.93250001058914,0.7681924104690552,True,0,1,0,1,0,1,1,ships
a7fabbe3f.jpg,empty_sea,0.0,0.0,0.0,0,56.343199976254255,0.4141708314418793,True,0,0,0,0,0,0,0,empty
a7fd7b8d4.jpg,candidates,0.0,0.0007442898220486111,0.0220489501953125,40,57.68069997429848,0.31772342324256897,True,0,2,0,1,0,0,1,ships
a80ec0bda.jpg,land_coast,0.0,0.2391086154513889,0.0,1,57.06430002464913,0.8903591632843018,True,0,2,0,2,0,2,2,coast
a811bd967.jpg,candidates,0.0,0.06837632921006945,0.0,43,58.48219999461435,0.9764981269836426,True,17,5,2,0,0,0,10,ships
a81665002.jpg,candidates,0.0,9.663899739583333e-05,0.0,28,57.17400001594797,0.22134213149547577,True,0,0,0,0,0,0,0,empty
a81865333.jpg,candidates,0.0,0.0009138319227430555,0.0,4,56.90399999730289,0.8261948227882385,True,2,2,0,0,0,0,1,ships
a82281475.jpg,candidates,0.0,0.00016615125868055556,0.0,2,56.88489999738522,0.6180369257926941,True,0,1,0,1,0,1,1,ships
a824abbe6.jpg,candidates,0.0,0.00011867947048611111,0.0,3,54.27270001382567,0.8601527810096741,True,3,4,1,2,0,0,3,ships
a85cd2105.jpg,candidates,0.0,6.781684027777778e-05,0.0,4,57.2196000139229,0.40455320477485657,True,0,0,0,0,0,0,0,empty
a85cf7145.jpg,candidates,0.0,0.11395094129774305,0.0,1,57.50070000067353,0.5815243124961853,True,0,0,0,0,0,0,0,empty
a8874e77b.jpg,candidates,0.0,0.00026787651909722225,0.0,3,57.4211000057403,0.26663437485694885,True,0,0,0,0,0,0,0,empty
a89126e98.jpg,land_coast,0.0,0.1789025200737847,0.0,3,58.62369999522343,0.7810486555099487,True,0,8,0,5,0,4,3,coast
a891e6210.jpg,land_coast,0.0,0.2101067437065972,0.0,49,59.82129997573793,0.6123925447463989,True,0,0,0,0,0,0,1,coast
a8985e1bb.jpg,land_coast,0.0,0.2822808159722222,0.0,0,67.05289997626096,0.13757853209972382,True,0,0,0,0,0,0,0,coast
a89b37507.jpg,candidates,0.0,0.002716064453125,0.0,18,61.41279998701066,0.8771742582321167,True,0,2,0,2,0,2,2,ships
a89f33618.jpg,candidates,0.0,0.005503336588541667,0.016501532660590276,25,58.65849999827333,0.9871252179145813,True,0,1,0,1,0,1,1,ships
a8b718832.jpg,land_coast,0.0,0.1918267144097222,0.034617106119791664,65,60.54249999579042,0.6151766777038574,True,0,1,0,1,0,1,1,coast
a8bd1fec0.jpg,candidates,0.0,0.001888699001736111,0.0,15,57.57520001498051,0.9884982705116272,True,0,13,0,12,0,10,11,ships
a8ed60086.jpg,land_coast,0.0,0.026735093858506944,0.09781731499565972,71,58.48199999309145,0.9989400506019592,True,0,3,0,2,0,2,4,coast
a904b13c2.jpg,candidates,0.0,0.041266547309027776,0.0,59,58.740200009197,0.010470696724951267,False,0,0,0,0,0,0,0,empty
a90723fc9.jpg,candidates,0.0,0.0012563069661458333,0.0,2,55.53319997852668,0.9191300868988037,True,1,1,0,1,0,1,1,ships
a90d02e44.jpg,candidates,0.0,0.0008917914496527778,0.0,2,55.9188999759499,0.9275322556495667,True,2,3,1,3,0,3,3,ships
a911585a1.jpg,candidates,0.0,3.5603841145833336e-05,0.0,5,56.89770000753924,0.09490462392568588,False,2,0,0,0,0,0,0,empty
a917fee41.jpg,candidates,0.0,0.0006730821397569445,0.0,2,53.67990001104772,0.9089652895927429,True,3,0,0,0,0,0,0,empty
a9411389a.jpg,candidates,0.0,0.0,0.0,1,55.793700012145564,0.6753981113433838,True,0,1,0,1,0,1,1,ships
a9589c03a.jpg,candidates,0.0,0.00012546115451388888,0.0,2,57.879800006048754,0.7911808490753174,True,5,2,1,1,0,1,1,ships
a95dad9f9.jpg,candidates,0.0,0.001827663845486111,0.0,1,57.32500000158325,0.9751586318016052,True,0,3,0,2,0,0,1,ships
a97971e23.jpg,land_coast,0.0,0.24068705240885416,0.2757551405164931,5,61.3825999898836,0.7067129611968994,True,0,0,0,0,0,0,1,coast
a979907a1.jpg,candidates,0.0,0.006764729817708333,0.017003377278645832,48,58.22890001581982,0.9744814038276672,True,1,1,0,1,0,1,1,ships
a979bc71a.jpg,candidates,0.0,0.0019938151041666665,0.0,2,57.45219998061657,0.734126091003418,True,0,2,0,1,0,1,1,ships
a97f55b54.jpg,candidates,0.0,0.001369900173611111,0.0,88,58.27929999213666,0.10698416829109192,False,0,0,0,0,0,0,0,empty
a987d3c35.jpg,candidates,0.0,0.0012274848090277778,0.0,17,57.50300001818687,0.9646027684211731,True,2,2,1,1,1,1,1,ships
a98ae52ef.jpg,land_coast,0.0,0.3029446072048611,0.0,18,64.22520001069643,0.966331422328949,True,0,2,0,2,0,2,2,coast
a98e2bd12.jpg,candidates,0.0,0.009882609049479166,0.0,12,58.06389998178929,0.984594464302063,True,0,4,0,2,0,1,3,ships
a999e3657.jpg,land_coast,0.0,0.2812754313151042,0.0,3,61.91180000314489,0.3467574715614319,True,1,1,0,1,0,1,1,coast
a9a9f3eec.jpg,land_coast,0.0,0.3084462483723958,0.0,0,67.57029998698272,0.9506701827049255,True,2,3,0,3,0,3,3,coast
a9ac51ac4.jpg,empty_sea,0.8370768229166666,0.0,0.0,0,52.09740001009777,0.2689822316169739,True,0,0,0,0,0,0,0,empty
a9b1d6344.jpg,land_coast,0.0,0.2754753960503472,0.0,45,60.15360000310466,0.8441889882087708,True,0,1,0,1,0,1,1,coast
a9d183962.jpg,candidates,0.0,0.08790079752604167,0.0,12,58.47419999190606,0.15282022953033447,True,0,0,0,0,0,0,0,empty
a9f4e777c.jpg,candidates,0.0,0.0027177598741319445,0.0,18,56.992199999513105,0.7062692046165466,True,0,1,0,1,0,1,1,ships
a9fec07fb.jpg,land_coast,0.0,0.2905069986979167,0.0,56,63.98259999696165,0.9093983769416809,True,0,1,0,1,0,1,1,coast
aa0b9e324.jpg,candidates,0.0,0.0003916422526041667,0.0,4,56.98270001448691,0.558858335018158,True,0,1,0,1,0,1,1,ships
aa0cd2cba.jpg,land_coast,0.0,0.2823282877604167,0.0,0,58.88760002562776,0.8010081052780151,True,0,1,0,1,0,1,1,coast
aa10c13c1.jpg,land_coast,0.0,0.16049363878038195,0.0,2,57.93229999835603,0.6374713778495789,True,0,0,0,0,0,0,1,coast
aa1fa46ee.jpg,candidates,0.0,4.4080946180555555e-05,0.0,14,56.79890001192689,0.232173889875412,True,0,0,0,0,0,0,0,empty
aa26a405b.jpg,candidates,0.0,0.00020514594184027778,0.0,2,56.75569997401908,0.46610525250434875,True,0,4,0,2,0,0,1,ships
aa345fcb8.jpg,candidates,0.0,0.0026380750868055555,0.0,10,57.64280000585131,0.9983276724815369,True,0,2,0,2,0,2,2,ships
aa370ac4e.jpg,land_coast,0.2324608696831597,0.25443237636002786,0.0,1,59.515100001590326,0.361591637134552,True,0,1,0,1,0,1,1,coast
aa46d4798.jpg,candidates,0.0,0.0021107991536458335,0.0,10,58.642600022722036,0.8050066232681274,True,0,1,0,1,0,1,1,ships
aa58fcbb7.jpg,land_coast,0.0,0.2941843668619792,0.0,3,63.514300010865554,0.3526380658149719,True,0,0,0,0,0,0,0,coast
aa5cbb427.jpg,candidates,0.0,0.003879123263888889,0.0,8,58.72090000775643,0.7756434082984924,True,0,3,0,1,0,0,1,ships
aa7156bc3.jpg,land_coast,0.0,0.2460242377387153,0.014936659071180556,1,59.101899998495355,0.947943389415741,True,2,5,1,4,1,4,3,coast
aa80c46b4.jpg,candidates,0.0,0.001827663845486111,0.013570149739583334,42,58.150600001681596,0.9019813537597656,True,0,3,0,3,0,3,3,ships
aa83cf05e.jpg,candidates,0.0,0.0009545220269097222,0.0,14,56.9952999940142,0.8862487077713013,True,0,1,0,1,0,1,1,ships
aa901772f.jpg,candidates,0.04902988009982639,0.00024889485274623007,0.034616223976510097,44,56.84499998460524,0.6664978265762329,True,1,1,0,1,0,1,1,ships
aaa4c5723.jpg,candidates,0.0,0.0010443793402777778,0.023613823784722224,50,56.32289999630302,0.5862473249435425,True,11,10,5,6,1,4,4,ships
aab530eb8.jpg,candidates,0.0,0.0022142198350694445,0.0,21,56.93089999840595,0.9141155481338501,True,1,11,0,6,0,4,5,ships
aab5e7908.jpg,candidates,0.0,6.273057725694444e-05,0.0,2,57.641199993668124,0.43525829911231995,True,0,2,0,1,0,1,1,ships
aab9542c1.jpg,candidates,0.0,0.0,0.0,4,57.218700007069856,0.6146247386932373,True,4,4,1,1,1,0,3,ships
aabedc683.jpg,candidates,0.0,0.002902560763888889,0.0,10,58.214399992721155,0.9946516156196594,True,0,2,0,2,0,2,2,ships
aac5acad2.jpg,candidates,0.0,0.002819485134548611,0.0,4,57.892800017725676,0.3119887411594391,True,1,3,0,1,0,0,1,ships
aac821c4c.jpg,candidates,0.0,7.459852430555556e-05,0.0,1,57.58659998537041,0.4069303274154663,True,0,1,0,1,0,1,1,ships
aacc0bd6e.jpg,land_coast,0.7002360026041666,0.2761346840743934,0.0,2,55.56569999316707,0.609554648399353,True,2,4,0,0,0,0,1,coast
aaee0904d.jpg,land_coast,0.11122979058159722,0.0011806055013502327,0.13807268575150677,31,57.02959999325685,0.8068122863769531,True,0,2,0,2,0,2,2,coast
aaee6f6c7.jpg,candidates,0.0,0.0004628499348958333,0.0,1,58.01680000149645,0.9565190672874451,True,0,1,0,1,0,1,1,ships
ab13e2ab9.jpg,candidates,0.0,0.04671054416232639,0.0,15,58.07020000065677,0.7397351264953613,True,0,1,0,1,0,1,1,ships
ab2468b80.jpg,candidates,0.04797193739149305,5.015341571628929e-05,0.026364575926002217,42,57.31569998897612,0.7195910215377808,True,2,3,0,2,0,2,2,ships
ab2518ceb.jpg,candidates,0.0,0.0005238850911458334,0.0,6,58.078199974261224,0.43840253353118896,True,0,1,0,1,0,1,1,ships
ab2a5ac49.jpg,candidates,0.0,0.038214789496527776,0.0,74,59.3263000191655,0.013353494927287102,False,0,0,0,0,0,0,0,empty
ab581a506.jpg,land_coast,0.7959238688151041,0.06500622430118073,0.20993813421856727,4,53.348999994341284,0.0725802555680275,False,1,0,0,0,0,0,0,coast
ab5c832cb.jpg,candidates,0.0,0.06403435601128472,0.028454250759548612,4,59.327100025257096,0.22600381076335907,True,0,1,0,1,0,1,1,ships
ab625db79.jpg,land_coast,0.0,0.21690877278645834,0.027413262261284724,32,61.32249999791384,0.6734464168548584,True,3,0,0,0,0,0,1,coast
ab758680b.jpg,land_coast,0.0,0.21080186631944445,0.0,19,58.45780001254752,0.2271309643983841,True,0,0,0,0,0,0,1,coast
ab7f5bc13.jpg,candidates,0.0,0.002276950412326389,0.0,16,57.90600000182167,0.9206144213676453,True,2,9,0,5,0,5,7,ships
aba767ca4.jpg,land_coast,0.0,0.1332482231987847,0.0,40,58.77350000082515,0.8383927345275879,True,0,1,0,1,0,1,1,coast
abe09831c.jpg,candidates,0.0,0.0,0.0,40,65.75860001612455,0.5749972462654114,True,0,3,0,0,0,0,1,ships
abf4fd0d8.jpg,candidates,0.0,0.0753597683376736,0.013158162434895834,35,64.54039999516681,0.10740659385919571,False,3,1,1,1,0,1,1,ships
ac00ad4cc.jpg,land_coast,0.0,0.3018883599175347,0.0,1,61.68640000396408,0.4417879581451416,True,0,0,0,0,0,0,0,coast
ac0d5f667.jpg,candidates,0.0,8.985731336805556e-05,0.0,3,57.46989999897778,0.74717116355896,True,0,1,0,1,0,1,2,ships
ac1831291.jpg,candidates,0.0,0.002926296657986111,0.0,15,58.350699982838705,0.6308980584144592,True,0,1,0,1,0,1,1,ships
ac292bdb3.jpg,candidates,0.0,0.0036977132161458335,0.017830742730034724,17,58.059100003447384,0.9543485045433044,True,0,1,0,1,0,1,1,ships
ac32a9591.jpg,candidates,0.0,0.0003662109375,0.0,4,54.71600001328625,0.7364988923072815,True,1,2,0,2,0,0,1,ships
ac32d2cfe.jpg,candidates,0.0,0.003619723849826389,0.0,84,59.23869999242015,0.0439775325357914,False,0,0,0,0,0,0,0,empty
ac7d410fe.jpg,candidates,0.0,0.003119574652777778,0.0,11,59.23640000401065,0.31186798214912415,True,0,1,0,1,0,1,1,ships
ac831c8c2.jpg,land_coast,0.0,0.1624518500434028,0.022082858615451388,17,62.15040001552552,0.28921157121658325,True,2,0,0,0,0,0,1,coast
ac96f1a00.jpg,candidates,0.0,0.00014411078559027778,0.0,56,56.806999986292794,0.05572701618075371,False,0,0,0,0,0,0,0,empty
ac9f83c4a.jpg,candidates,0.0,0.042822943793402776,0.0,64,58.399599976837635,0.9899857044219971,True,7,4,4,3,2,3,3,ships
aca889d85.jpg,candidates,0.0,0.0004831949869791667,0.0,4,58.48189999233,0.8437419533729553,True,0,1,0,1,0,1,1,ships
acb4b35f6.jpg,candidates,0.0,0.00079345703125,0.0,2,57.19930000486784,0.9809144735336304,True,0,3,0,2,0,1,2,ships
accf70914.jpg,land_coast,0.0,0.23752848307291666,0.0,9,62.31780000962317,0.2989908456802368,True,4,4,0,0,0,0,1,coast
acd9a6662.jpg,land_coast,0.0,0.005547417534722222,0.1768561469184028,36,56.80879999999888,0.15081296861171722,True,0,1,0,0,0,0,1,coast
acf86ad6f.jpg,candidates,0.0,0.0008833143446180555,0.0,6,56.206799985375255,0.8528399467468262,True,0,1,0,1,0,1,1,ships
acfd40d68.jpg,candidates,0.0,0.005060831705729167,0.0,25,58.99849999696016,0.9314518570899963,True,0,2,0,2,0,2,2,ships
ad018aea0.jpg,land_coast,0.0,0.2922905815972222,0.0,0,66.17139998706989,0.2066662758588791,True,0,0,0,0,0,0,1,coast
ad035429d.jpg,candidates,0.0,0.0014868842230902778,0.0,3,58.23480000253767,0.9381205439567566,True,0,1,0,1,0,1,1,ships
ad42a2691.jpg,land_coast,0.0,0.3042161729600694,0.0,7,59.389300004113466,0.9888045191764832,True,2,3,0,3,0,3,3,coast
ad4d0bf05.jpg,candidates,0.0,0.0,0.0,1,57.15139998937957,0.5068382024765015,True,0,1,0,1,0,1,1,ships
ad4dae948.jpg,candidates,0.0,3.2212999131944445e-05,0.0,4,55.24180000065826,0.4752776622772217,True,0,2,0,1,0,1,1,ships
ad6558901.jpg,candidates,0.0,0.0003865559895833333,0.0,2,57.411299989325926,0.6549448370933533,True,0,2,0,1,0,1,1,ships
ad6da5c09.jpg,land_coast,0.0,0.3005710177951389,0.0,1,62.68120001186617,0.4596537947654724,True,0,0,0,0,0,0,1,coast
ad70e1001.jpg,candidates,0.009489271375868056,0.006856559132018428,0.016650415228543373,38,59.64910000329837,0.997620165348053,True,2,1,2,1,1,1,1,ships
ad7348bcc.jpg,candidates,0.0,0.0636867947048611,0.0,43,58.282899990445,0.5040637850761414,True,0,2,0,2,0,2,2,ships
ad7b83b0c.jpg,candidates,0.0,0.001895480685763889,0.0,7,55.22199999541044,0.985733151435852,True,0,1,0,1,0,1,1,ships
ada2fdff0.jpg,candidates,0.0,0.005837334526909722,0.0,97,58.19280000287108,0.08889568597078323,False,0,0,0,0,0,0,0,empty
ada663274.jpg,candidates,0.0,0.0,0.0,2,56.058800022583455,0.07434544712305069,False,0,0,0,0,0,0,0,empty
adaec4a49.jpg,candidates,0.0,0.0013105604383680555,0.0,6,57.93389998143539,0.9828662276268005,True,0,1,0,1,0,1,1,ships
adb5b5c97.jpg,candidates,0.0,0.0015343560112847222,0.0,6,56.45389997516759,0.804182767868042,True,0,1,0,1,0,1,1,ships
adbcb08ba.jpg,candidates,0.0,0.003528171115451389,0.0,36,58.30139998579398,0.8492559194564819,True,0,1,0,1,0,1,1,ships
addfa119c.jpg,candidates,0.0,0.0066986083984375,0.014456854926215278,22,58.26659998274408,0.9871515035629272,True,1,2,0,2,0,2,2,ships
ade3b9d4d.jpg,candidates,0.0,0.00014919704861111112,0.0,3,57.42510000709444,0.7689493298530579,True,2,0,1,0,1,0,1,ships
adeca4b75.jpg,candidates,0.0,0.003387451171875,0.0,26,59.02269997750409,0.9928467869758606,True,0,3,0,2,0,2,2,ships
ae013b2a2.jpg,candidates,0.0,0.0013326009114583333,0.0,5,59.70969999907538,0.6005958914756775,True,0,1,0,1,0,1,1,ships
ae01f70d5.jpg,candidates,0.0,0.0023973253038194445,0.0,2,57.84180000773631,0.9043542146682739,True,0,2,0,1,0,0,1,ships
ae13a6826.jpg,land_coast,0.0,0.23764207628038195,0.0,52,60.10020000394434,0.9172340631484985,True,2,1,0,0,0,0,1,coast
ae15fcc43.jpg,candidates,0.0,0.0,0.0,1,56.149000010918826,0.13383857905864716,True,0,0,0,0,0,0,0,empty
ae17679d4.jpg,candidates,0.0,0.0029551188151041665,0.0,17,56.7606000113301,0.8282961249351501,True,1,1,1,1,1,1,1,ships
ae1853ca8.jpg,land_coast,0.0,0.12902323404947916,0.15331522623697916,32,56.81660000118427,0.9755409359931946,True,9,14,1,1,0,0,11,coast
ae2669bb3.jpg,candidates,0.0,0.04385206434461805,0.0,29,58.63169999793172,0.7382672429084778,True,0,4,0,2,0,0,1,ships
ae508c171.jpg,candidates,0.0,0.013892279730902778,0.0,11,58.28290001954883,0.9935777187347412,True,3,10,0,5,0,1,4,ships
ae69c76d5.jpg,candidates,0.4341956244574653,0.059733731558210386,0.0,16,56.34700000518933,0.9720131754875183,True,6,0,0,0,0,0,1,ships
ae6d37ae2.jpg,land_coast,0.0,0.04141065809461805,0.17004224989149305,39,60.17829998745583,0.9999908208847046,True,0,3,0,3,0,2,3,coast
ae8f8e687.jpg,candidates,0.0,0.004814995659722222,0.0,29,56.92469998029992,0.7099838256835938,True,1,1,0,1,0,1,1,ships
aeba0e9b0.jpg,cloud,0.9987148708767362,0.0,0.0,0,34.74099998129532,0.21544001996517181,True,0,0,0,0,0,0,1,cloud
aebff1304.jpg,candidates,0.0,0.001544528537326389,0.015085856119791666,23,59.0154999808874,0.9976798892021179,True,3,1,1,1,1,1,1,ships
aec367d77.jpg,candidates,0.0,0.011662801106770834,0.042363484700520836,79,60.18530001165345,0.9956034421920776,True,2,2,1,2,1,2,2,ships
aee136c8b.jpg,land_coast,0.0,0.3638729519314236,0.0,13,64.65280000702478,0.9907262325286865,True,0,1,0,1,0,1,1,coast
aeea06e3d.jpg,land_coast,0.0,0.2614661322699653,0.03076171875,8,64.40120001207106,0.9946746826171875,True,0,1,0,1,0,1,1,coast
aef0175ab.jpg,land_coast,0.7046966552734375,0.2822500634503126,0.0,0,54.809599998407066,0.4271041452884674,True,0,3,0,1,0,1,1,coast
af12b8398.jpg,candidates,0.0,0.0012596978081597222,0.0,7,57.47040000278503,0.9999784231185913,True,2,6,0,5,0,5,5,ships
af3098e9b.jpg,candidates,0.0,0.0007171630859375,0.0,1,57.402700011152774,0.7376729846000671,True,0,1,0,1,0,1,1,ships
af4965e38.jpg,candidates,0.0,0.013600667317708334,0.039315117730034724,52,66.50099999387749,0.9957672357559204,True,1,3,0,2,0,1,2,ships
af6b05926.jpg,candidates,0.0,3.2212999131944445e-05,0.0,6,57.89250001544133,0.1879807859659195,True,0,0,0,0,0,0,0,empty
af76e6da6.jpg,candidates,0.0,0.0010596381293402778,0.0,17,57.008300005691126,0.8275587558746338,True,0,2,0,1,0,1,1,ships
af8f9f0c6.jpg,candidates,0.0,0.0009036593967013889,0.012554592556423612,52,57.57169998832978,0.41000881791114807,True,0,0,0,0,0,0,0,empty
af95e42d5.jpg,land_coast,0.0,0.2212287055121528,0.0,10,62.33129999600351,0.31826052069664,True,0,3,0,1,0,0,1,coast
afa18e2bb.jpg,candidates,0.0,0.004055447048611111,0.020821465386284724,9,56.37380000553094,0.9639891982078552,True,0,1,0,1,0,1,1,ships
afbd785ed.jpg,candidates,0.0,0.0025160047743055555,0.0,8,58.46229998860508,0.9745718836784363,True,0,1,0,1,0,1,1,ships
afdb5b25f.jpg,candidates,0.0,0.029383341471354168,0.029780069986979168,45,57.747600018046796,0.9812707901000977,True,6,2,1,2,0,2,2,ships
afe24a2d5.jpg,candidates,0.7461734347873263,0.004083946947000636,0.0,8,53.5620000155177,0.11824413388967514,False,0,0,0,0,0,0,0,empty
afe3bb3b5.jpg,empty_sea,0.6852874755859375,0.002265198941872823,0.0,0,54.85389998648316,0.4654475748538971,True,0,0,0,0,0,0,0,empty
aff4f42b8.jpg,candidates,0.0,0.0108184814453125,0.0,7,59.39060001401231,0.7057799100875854,True,0,1,0,1,0,1,1,ships
affd25253.jpg,land_coast,0.0,0.016279432508680556,0.0972408718532986,74,60.0243000080809,0.9875689148902893,True,3,4,0,2,0,2,2,coast
b002d5f19.jpg,candidates,0.0,0.0008833143446180555,0.0,3,58.36660001659766,0.6959169507026672,True,0,1,0,1,0,1,1,ships
b0045d2a6.jpg,candidates,0.0,0.004521687825520833,0.0,45,60.15139998635277,0.8125358819961548,True,0,1,0,1,0,1,1,ships
b0087c48f.jpg,candidates,0.0,0.0005510118272569445,0.0,13,55.64910001703538,0.8004490733146667,True,0,7,0,5,0,3,4,ships
b01957a2b.jpg,candidates,0.0,0.00616455078125,0.0,71,58.43489998369478,0.9479091167449951,True,0,1,0,1,0,1,1,ships
b01e876af.jpg,candidates,0.0,0.0007951524522569445,0.0,2,57.04750001314096,0.8635553121566772,True,0,2,0,1,0,1,1,ships
b02b00410.jpg,candidates,0.0,0.04936557345920139,0.0,34,58.88679999043234,0.8288962841033936,True,4,1,2,1,1,1,1,ships
b02b1ce6a.jpg,candidates,0.0,0.0012359619140625,0.0,5,59.696300013456494,0.9712674617767334,True,0,4,0,4,0,4,4,ships
b02ea98fb.jpg,candidates,0.0,0.08139885796440972,0.0,55,57.51929999678396,0.9419711232185364,True,0,2,0,2,0,2,2,ships
b048cf77e.jpg,land_coast,0.0,0.3143734402126736,0.0,3,63.50349998683669,0.892699122428894,True,0,5,0,4,0,4,4,coast
b04e0f7e1.jpg,land_coast,0.0,0.17140706380208334,0.0,12,59.78730000788346,0.11601278930902481,False,0,1,0,1,0,1,1,coast
b063d5f6e.jpg,candidates,0.0,0.0031941731770833335,0.0,2,58.45499999122694,0.9766690135002136,True,0,1,0,1,0,1,1,ships
b07574b6c.jpg,land_coast,0.0,0.2786237928602431,0.0,31,59.28960000164807,0.9648361802101135,True,3,3,1,3,1,3,3,coast
b0928552f.jpg,land_coast,0.0,0.233062744140625,0.0,13,60.078199981944636,0.2744230329990387,True,1,4,0,0,0,0,1,coast
b09b0a8c6.jpg,candidates,0.0,0.00024074978298611112,0.0,23,58.7082999991253,0.15832926332950592,True,2,0,0,0,0,0,0,empty
b0b5fd0df.jpg,candidates,0.0,0.002612643771701389,0.0,27,61.58340000547469,0.9790288209915161,True,0,2,0,2,0,2,2,ships
b0c3d06fa.jpg,candidates,0.0,0.0005204942491319445,0.0,1,57.58250001235865,0.8699826002120972,True,0,1,0,1,0,1,1,ships
b0ddbd27b.jpg,land_coast,0.0,0.19508192274305555,0.0,11,63.49309999495745,0.06886179000139236,False,1,0,0,0,0,0,0,coast
b0feef552.jpg,land_coast,0.013461642795138888,0.014653318245817101,0.14189636258411145,47,58.04750000243075,0.39128708839416504,True,0,1,0,1,0,1,1,coast
b10bdf278.jpg,land_coast,0.0,0.07936604817708333,0.2634141710069444,66,58.613000001059845,0.9718213081359863,True,5,3,2,3,2,2,2,coast
b11757fe1.jpg,candidates,0.0,0.033971150716145836,0.022145589192708332,73,56.76279999897815,0.6999362111091614,True,0,1,0,1,0,1,1,ships
b121194b4.jpg,candidates,0.0,0.040278116861979164,0.0,11,57.559699984267354,0.7929518818855286,True,0,1,0,1,0,1,1,ships
b125b0f0e.jpg,candidates,0.0,0.010301378038194444,0.028245713975694444,1,57.6230000006035,0.9999997615814209,True,3,7,0,2,0,1,3,ships
b128dc012.jpg,candidates,0.0,0.00017632378472222222,0.0,2,56.6670999978669,0.7222722172737122,True,0,3,0,2,0,1,2,ships
b1320fe27.jpg,land_coast,0.0,0.308624267578125,0.0,22,62.820899998769164,0.7652280330657959,True,0,1,0,1,0,1,1,coast
b1484acc7.jpg,land_coast,0.0,0.3271196153428819,0.0,3,63.72380000539124,0.976947009563446,True,0,4,0,3,0,2,3,coast
b166d243a.jpg,land_coast,0.006222195095486111,0.1290126469555687,0.07456480601436803,24,58.531299990136176,0.7073994278907776,True,12,2,3,1,2,1,1,coast
b176905b0.jpg,candidates,0.0,0.014500935872395834,0.03727383083767361,72,61.10580000677146,0.9858713746070862,True,7,3,4,2,2,2,2,ships
b1782cac6.jpg,candidates,0.0,0.005847507052951389,0.0,27,59.05529999290593,0.9851721525192261,True,0,4,0,3,0,3,3,ships
b178a4c2f.jpg,candidates,0.0,0.006854587131076389,0.0219879150390625,45,58.94899999839254,0.9989022016525269,True,0,11,0,8,0,6,8,ships
b18342086.jpg,candidates,0.0,0.0008884006076388889,0.0,2,56.01699999533594,0.6405048966407776,True,0,3,0,3,0,0,1,ships
b18564030.jpg,land_coast,0.0,0.09021843804253472,0.2985195583767361,36,57.36430000979453,0.9886540770530701,True,6,1,0,1,0,1,1,coast
b192766c3.jpg,candidates,0.0,0.013890584309895834,0.0,18,58.48179999156855,0.8933112621307373,True,3,6,0,3,0,1,3,ships
b195ee409.jpg,land_coast,0.0,0.2443423800998264,0.0,0,59.60770000820048,0.06121651828289032,False,0,0,0,0,0,0,0,coast
b197a9b9a.jpg,candidates,0.0,0.001987033420138889,0.0,3,58.103299990762025,0.9863688945770264,True,0,1,0,1,0,1,1,ships
b19febc41.jpg,land_coast,0.0,0.3059115939670139,0.0,2,69.0593000035733,0.8951324820518494,True,0,4,0,3,0,3,3,coast
b1b8e66b0.jpg,land_coast,0.0,0.2804107666015625,0.0,4,59.35940000927076,0.9379363059997559,True,2,2,1,2,1,2,2,coast
b1b96d684.jpg,candidates,0.0,0.003231472439236111,0.0,47,58.02690002019517,0.42350250482559204,True,0,0,0,0,0,0,0,empty
b1bf84bfb.jpg,land_coast,0.0,0.021584404839409724,0.11588202582465278,56,57.922399981180206,0.9273282885551453,True,3,5,3,3,2,3,3,coast
b1cefe448.jpg,candidates,0.0,0.0029398600260416665,0.0,12,56.42710000392981,0.9353352189064026,True,0,3,0,2,0,2,2,ships
b1dfd43e8.jpg,candidates,0.0,0.003814697265625,0.018151177300347224,35,57.06950000603683,0.9926550388336182,True,0,1,0,1,0,1,1,ships
b1e31ebea.jpg,candidates,0.0,0.001922607421875,0.0,24,58.87110001640394,0.8221693634986877,True,0,1,0,1,0,1,1,ships
b1f1eeebb.jpg,candidates,0.0,0.0021345350477430555,0.0,8,58.968700002878904,0.9678542613983154,True,0,1,0,1,0,1,1,ships
b1f5862f4.jpg,candidates,0.0,0.0,0.0,1,55.95680000260472,0.6831878423690796,True,6,1,1,1,0,0,2,ships
b201045ba.jpg,land_coast,0.0,0.1555107964409722,0.0,6,58.46580001525581,0.046845532953739166,False,0,0,0,0,0,0,0,coast
b21a9f340.jpg,candidates,0.0,0.0005374484592013889,0.0,18,55.69400000968017,0.9128088355064392,True,0,1,0,1,0,1,1,ships
b21f2c207.jpg,candidates,0.0,0.009162055121527778,0.0486297607421875,35,57.29769999743439,0.9995768666267395,True,9,3,1,1,1,1,3,ships
b221987ee.jpg,candidates,0.0,0.0004306369357638889,0.0,3,56.70650000683963,0.8283861875534058,True,2,1,0,1,0,1,1,ships
b22fbb23a.jpg,candidates,0.0,0.0028127034505208335,0.0,29,59.47060001199134,0.8330925703048706,True,0,1,0,1,0,1,1,ships
b23d92ed7.jpg,candidates,0.0,0.06545850965711805,0.0,57,59.934599994448945,0.7633572816848755,True,4,2,0,1,0,1,2,ships
b23dc8d66.jpg,candidates,0.0,0.004158867730034722,0.0,38,58.68459999328479,0.39925745129585266,True,0,1,0,1,0,1,1,ships
b244ed1a2.jpg,candidates,0.0,4.916720920138889e-05,0.0,1,57.70669999765232,0.22269050776958466,True,0,2,0,1,0,1,1,ships
b24c85d36.jpg,candidates,0.006183200412326389,0.05624358535750941,0.013251796099897366,25,61.02029999601655,0.6205238103866577,True,1,1,0,1,0,1,1,ships
b25b7de54.jpg,land_coast,0.0,0.20314195421006945,0.0,4,60.89359999168664,0.06331869959831238,False,0,0,0,0,0,0,0,coast
b25cf48fa.jpg,candidates,0.0,0.0005374484592013889,0.0,6,56.62540000048466,0.9809607267379761,True,6,5,0,4,0,3,4,ships
b265c10ce.jpg,candidates,0.0,0.0016411675347222222,0.0,32,57.99580001621507,0.9803779721260071,True,0,8,0,7,0,5,5,ships
b288b0a5a.jpg,candidates,0.0,0.00026618109809027775,0.0,2,57.59029998444021,0.5222545862197876,True,0,4,0,1,0,1,2,ships
b288fa88d.jpg,candidates,0.0,0.012869940863715278,0.0,64,58.4759000048507,0.9946788549423218,True,3,2,0,1,0,1,1,ships
b29477b25.jpg,candidates,0.0,0.004814995659722222,0.0,29,60.52950001321733,0.7695373296737671,True,0,1,0,1,0,1,1,ships
b2a5edf70.jpg,candidates,0.0,0.0008154975043402778,0.0,2,57.882399996742606,0.9375115633010864,True,0,1,0,1,0,1,1,ships
b2a9baf05.jpg,candidates,0.0,0.00013224283854166666,0.0,1,57.780200004344806,0.7409887313842773,True,1,3,0,1,0,0,1,ships
b2b227032.jpg,candidates,0.0,0.001056247287326389,0.0,5,58.30600002082065,0.9859442710876465,True,0,1,0,1,0,1,1,ships
b2b93510e.jpg,candidates,0.0,0.00177001953125,0.028649224175347224,62,59.238100016955286,0.27287447452545166,True,3,0,1,0,1,0,0,empty
b2d821591.jpg,candidates,0.021233452690972224,0.005954072072857205,0.037476142751318144,72,58.047099999384955,0.9782852530479431,True,1,4,0,4,0,4,4,ships
b2e52ebf8.jpg,candidates,0.0,0.002593994140625,0.0,6,57.44969999068417,0.6751380562782288,True,0,1,0,1,0,1,1,ships
b2eb00597.jpg,candidates,0.0,0.0015953911675347222,0.0,3,57.593699981225654,0.9451432824134827,True,1,1,1,1,0,0,1,ships
b2f1b1468.jpg,candidates,0.0,0.0008816189236111111,0.0,42,57.73199998657219,0.9370210766792297,True,1,4,0,4,0,4,4,ships
b2f3df87d.jpg,land_coast,0.0,0.15722147623697916,0.0,26,60.59800001094118,0.29565948247909546,True,0,3,0,2,0,0,1,coast
b2faefebd.jpg,candidates,0.0,6.273057725694444e-05,0.0,3,56.96760001592338,0.3671073317527771,True,0,2,0,1,0,1,1,ships
b32a77006.jpg,candidates,0.0,0.04348415798611111,0.0,32,57.42690002080053,0.5073204636573792,True,0,3,0,2,0,1,2,ships
b32ad3c7f.jpg,candidates,0.0,0.0,0.0,5,55.75549998320639,0.6265897750854492,True,0,1,0,1,0,1,1,ships
b331172cd.jpg,candidates,0.0,0.005038791232638889,0.0,32,59.80060002184473,0.7571108341217041,True,0,1,0,1,0,1,1,ships
b33474f7c.jpg,land_coast,0.0,0.14975484212239584,0.0,27,59.04769999324344,0.8679021000862122,True,4,13,1,5,0,5,5,coast
b335b3837.jpg,candidates,0.0,0.011742485894097222,0.0,2,59.3007999996189,0.18831400573253632,True,0,2,0,1,0,0,1,ships
b3544fed9.jpg,land_coast,0.0,0.19513108995225695,0.0,6,63.98340000305325,0.07879263162612915,False,0,0,0,0,0,0,0,coast
b357916f7.jpg,candidates,0.0,0.0009104410807291666,0.0,7,55.830400000559166,0.9234254360198975,True,6,3,2,1,0,1,1,ships
b35a8b343.jpg,land_coast,0.0,0.2206353081597222,0.0,9,62.931799999205396,0.17172937095165253,True,0,0,0,0,0,0,0,coast
b35b7f716.jpg,candidates,0.059393988715277776,0.006493458632762115,0.0,43,57.56809999002144,0.5571342706680298,True,0,1,0,1,0,1,1,ships
b35d57fb3.jpg,candidates,0.0,0.001990424262152778,0.0,17,58.09639999642968,0.9971530437469482,True,0,5,0,4,0,3,4,ships
b35ef8271.jpg,candidates,0.0,0.0,0.0,8,57.63860000297427,0.23470425605773926,True,0,0,0,0,0,0,0,empty
b36839a32.jpg,land_coast,0.0,0.22790357801649305,0.0,4,58.39570000534877,0.048839788883924484,False,0,3,0,1,0,0,2,coast
b3726e876.jpg,candidates,0.0,0.00046624077690972225,0.0,2,57.05209998995997,0.44463789463043213,True,0,1,0,1,0,1,1,ships
b37c9e2e2.jpg,land_coast,0.0,0.17183091905381945,0.06563313802083333,26,61.99879999621771,0.9744958281517029,True,3,3,1,0,0,0,12,coast
b37e838d9.jpg,candidates,0.0,0.00017971462673611112,0.0,1,57.65609999070875,0.5132968425750732,True,0,3,0,1,0,0,1,ships
b37f303d5.jpg,candidates,0.0,0.0001220703125,0.0,2,57.66209997818805,0.5167979598045349,True,0,2,0,2,0,2,2,ships
b38a00945.jpg,candidates,0.0,0.00017462836371527778,0.0,28,58.55779998819344,0.11392324417829514,False,0,0,0,0,0,0,0,empty
b39ae6b1d.jpg,empty_sea,0.0,0.0,0.0,0,56.1112999857869,0.014418333768844604,False,0,0,0,0,0,0,0,empty
b39c32f97.jpg,land_coast,0.0,0.2996198866102431,0.0,3,65.03349999547936,0.9781264662742615,True,0,1,0,1,0,1,1,coast
b39d8aa2f.jpg,candidates,0.0,0.0010155571831597222,0.0,14,58.270699984859675,0.6118642091751099,True,0,1,0,1,0,1,1,ships
b3b0ed544.jpg,candidates,0.0,0.00044080946180555556,0.0,2,58.16139999660663,0.8594163060188293,True,0,3,0,1,0,1,2,ships
b3c5e3cf1.jpg,candidates,0.0,0.00011189778645833333,0.0,2,57.45789999491535,0.3628155291080475,True,0,1,0,1,0,1,1,ships
b3c614c19.jpg,candidates,0.0,0.0,0.0,29,58.13680001301691,0.23661234974861145,True,0,0,0,0,0,0,0,empty
b3cfe4e66.jpg,candidates,0.0,0.0,0.0,20,58.045500016305596,0.18708601593971252,True,0,0,0,0,0,0,0,empty
b3e3b5227.jpg,candidates,0.0,5.0862630208333336e-05,0.0,1,56.91839999053627,0.12943841516971588,True,0,1,0,1,0,1,1,ships
b3e7f584b.jpg,candidates,0.0,0.015399509006076388,0.0,21,59.28780001704581,0.5306810736656189,True,1,1,0,1,0,0,1,ships
b3f5d5b8b.jpg,empty_sea,0.0,0.0,0.0,0,58.80639998940751,0.6818555593490601,True,0,0,0,0,0,0,0,empty
b3f63cb66.jpg,candidates,0.0,0.0,0.03718397352430555,17,55.87690000538714,0.6008442044258118,True,0,0,0,0,0,0,0,empty
b41775758.jpg,land_coast,0.0,0.24588521321614584,0.0,8,62.488900002790615,0.7585095167160034,True,0,1,0,1,0,1,1,coast
b41d64cce.jpg,candidates,0.0,0.0,0.0,3,56.57539999810979,0.4544694423675537,True,0,0,0,0,0,0,0,empty
b4270c27a.jpg,land_coast,0.0,0.125335693359375,0.0,10,59.131600020918995,0.22439758479595184,True,0,19,0,8,0,5,8,coast
b44507e1c.jpg,candidates,0.0,0.00024583604600694444,0.0,3,56.93410002277233,0.6590567827224731,True,0,1,0,1,0,1,1,ships
b474514be.jpg,candidates,0.0,0.0825839572482639,0.0,36,56.20429999544285,0.42134925723075867,True,4,0,0,0,0,0,1,ships
b47c4bdb6.jpg,candidates,0.0,0.0017768012152777778,0.0,5,57.426100014708936,0.9697824120521545,True,0,1,0,1,0,1,1,ships
b4a518c26.jpg,candidates,0.0,0.018373277452256944,0.0,20,57.144699996570125,0.14154398441314697,True,0,0,0,0,0,0,1,ships
b4a7cb959.jpg,candidates,0.0,0.0005476209852430555,0.0,43,58.92500001937151,0.15087494254112244,True,0,0,0,0,0,0,0,empty
b4b0e7436.jpg,candidates,0.0,0.027291191948784724,0.0,15,59.297399973729625,0.993200957775116,True,1,7,0,4,0,2,3,ships
b4bc2cb6c.jpg,candidates,0.0,0.0010748969184027778,0.0,5,57.74230000679381,0.7918456792831421,True,0,2,0,2,0,2,2,ships
b4cc00eb1.jpg,candidates,0.0,0.0,0.0,1,57.3953999846708,0.7724680304527283,True,0,2,0,0,0,0,1,ships
b4d7fd3b0.jpg,candidates,0.0,0.00044420030381944444,0.07498847113715278,34,56.79839997901581,0.05140499770641327,False,2,2,0,2,0,0,1,ships
b4e0bfdc7.jpg,land_coast,0.0,0.11467997233072917,0.1722073025173611,48,59.24240002059378,0.9403265714645386,True,7,13,1,1,0,0,11,coast
b4e51b44b.jpg,land_coast,0.0,0.045064290364583336,0.1396569146050347,84,57.46740000904538,0.9998306035995483,True,3,1,3,1,0,1,1,coast
b4f257315.jpg,candidates,0.0,0.00035942925347222225,0.0,12,56.75290001090616,0.8764356374740601,True,5,1,1,1,1,1,2,ships
b4f8f2177.jpg,land_coast,0.0,0.04178195529513889,0.15770467122395834,58,57.8403000254184,0.9377261996269226,True,5,7,2,4,2,4,3,coast
b52c4c1cd.jpg,candidates,0.0,0.016855875651041668,0.05781724717881945,78,60.04669997491874,0.9993485808372498,True,3,3,0,3,0,2,2,ships
b54016b1b.jpg,candidates,0.0,0.0052032470703125,0.015155368381076388,7,57.44730000151321,0.9724671840667725,True,0,1,0,1,0,1,1,ships
b554269c0.jpg,candidates,0.0,0.003155178493923611,0.0,1,55.69490001653321,0.35672956705093384,True,0,0,0,0,0,0,0,empty
b55994abf.jpg,land_coast,0.0,0.2732628716362847,0.0,3,64.98329999158159,0.08165127038955688,False,0,0,0,0,0,0,0,coast
b55c577d4.jpg,candidates,0.0,0.0007883707682291666,0.0,10,57.00629999046214,0.42927286028862,True,3,10,2,5,0,0,3,ships
b56fad4b6.jpg,candidates,0.0,0.025850084092881944,0.0,78,57.46589999762364,0.9707390069961548,True,0,18,0,12,0,8,10,ships
b570616f3.jpg,empty_sea,0.011961195203993056,0.07664137885828823,0.0,0,59.368700021877885,0.05136207118630409,False,0,0,0,0,0,0,0,empty
b5772bed0.jpg,candidates,0.0,0.0006120469835069445,0.0,9,56.87570001464337,0.24795596301555634,True,0,1,0,1,0,1,1,ships
b578eb71e.jpg,candidates,0.0,0.004297892252604167,0.0,26,62.256199977127835,0.6812856793403625,True,0,3,0,3,0,3,3,ships
b5810b7f3.jpg,candidates,0.0,0.00023396809895833334,0.0,8,57.74829999427311,0.10084757953882217,False,0,0,0,0,0,0,0,empty
b58f61f6d.jpg,land_coast,0.0,0.10373942057291667,0.1869269476996528,31,59.44750001071952,0.6610374450683594,True,1,0,0,0,0,0,0,coast
b5b3c16cf.jpg,candidates,0.09100511338975695,0.03688679828697763,0.0,6,57.279400003608316,0.5705346465110779,True,0,3,0,1,0,0,1,ships
b5b975869.jpg,candidates,0.0,6.273057725694444e-05,0.0,3,54.910500010009855,0.3883993923664093,True,0,2,0,1,0,1,1,ships
b5bba50f6.jpg,land_coast,0.0,0.3245493570963542,0.0,1,64.92689999868162,0.6962450742721558,True,0,1,0,1,0,1,1,coast
b5dc6cd1b.jpg,candidates,0.0,0.0028822157118055555,0.0,12,58.48020000848919,0.9530838131904602,True,0,1,0,1,0,1,1,ships
b5e45403d.jpg,candidates,0.0,6.273057725694444e-05,0.0,1,57.96080001164228,0.5273398756980896,True,0,2,0,1,0,1,1,ships
b5e7467ad.jpg,land_coast,0.0,0.31829833984375,0.0,2,62.09590000798926,0.8058224320411682,True,0,1,0,1,0,1,1,coast
b5f12d29b.jpg,candidates,0.0,0.0019310845269097222,0.0,14,59.29689999902621,0.9444075226783752,True,0,10,0,6,0,4,5,ships
b5f597bc8.jpg,candidates,0.0,0.0019293891059027778,0.0,43,57.21989998710342,0.6917268633842468,True,0,1,0,1,0,1,1,ships
b5f922d64.jpg,land_coast,0.0,0.046868218315972224,0.12398783365885417,43,59.21639999723993,0.827824056148529,True,6,2,0,2,0,2,2,coast
b5fd6f0ed.jpg,candidates,0.0,0.005560980902777778,0.0,16,58.80599998636171,0.6971717476844788,True,3,1,0,1,0,1,1,ships
b60e00b57.jpg,land_coast,0.0,0.2606794569227431,0.0,0,63.443099992582574,0.07738995552062988,False,1,0,1,0,0,0,0,coast
b6104b6b8.jpg,candidates,0.0,0.0008358425564236111,0.0,2,58.16380001488142,0.7053707838058472,True,4,1,2,1,2,1,2,ships
b6230d8d1.jpg,land_coast,0.0,0.0897030300564236,0.2584804958767361,65,59.316600003512576,0.8792415261268616,True,2,3,0,2,0,2,3,coast
b64846832.jpg,candidates,0.0,6.103515625e-05,0.0,1,58.25069997808896,0.11138789355754852,False,0,2,0,1,0,1,1,ships
b6671293d.jpg,candidates,0.0,0.0057220458984375,0.0,9,60.12660000124015,0.9928526282310486,True,0,2,0,2,0,2,2,ships
b66d8a9d8.jpg,candidates,0.0,5.425347222222222e-05,0.0,1,56.54060002416372,0.37823542952537537,True,1,0,0,0,0,0,0,empty
b679a4d70.jpg,candidates,0.0,0.0003916422526041667,0.0,4,58.574399998178706,0.5998795032501221,True,0,1,0,1,0,1,1,ships
b69059e63.jpg,candidates,0.0,0.09901936848958333,0.0,2,56.81979999644682,0.05869369953870773,False,0,0,0,0,0,0,0,empty
b6915e027.jpg,candidates,0.0,0.0095672607421875,0.0,26,58.20749999838881,0.6961265802383423,True,1,3,1,1,0,0,1,ships
b6a2cef21.jpg,land_coast,0.0,0.2840203179253472,0.0,2,61.56210001790896,0.3784788250923157,True,0,2,0,0,0,0,1,coast
b6b270d5c.jpg,candidates,0.0,0.0,0.0,1,59.00959999416955,0.7578938007354736,True,0,3,0,2,0,0,1,ships
b6b739c7f.jpg,candidates,0.0,0.0,0.0,1,56.381800008239225,0.7667952179908752,True,2,0,0,0,0,0,0,empty
b6cafa726.jpg,candidates,0.0,0.0026991102430555555,0.0,2,56.87000000034459,0.46363693475723267,True,4,4,2,1,2,0,2,ships
b6d3decd9.jpg,candidates,0.0,0.00033399793836805556,0.0,15,57.94460000470281,0.018169274553656578,False,0,0,0,0,0,0,0,empty
b6da569a1.jpg,candidates,0.0,0.0012139214409722222,0.010359022352430556,46,57.896100013749674,0.7652723789215088,True,0,1,0,1,0,1,1,ships
b6def1fa0.jpg,candidates,0.0,0.009916517469618056,0.0,64,58.56589999166317,0.7718362212181091,True,1,0,0,0,0,0,0,empty
b6f3cef73.jpg,candidates,0.0,0.0003323025173611111,0.0,2,57.633900025393814,0.540188729763031,True,0,2,0,1,0,1,1,ships
b6f6bb8e3.jpg,candidates,0.0,0.0,0.0,14,56.19579998892732,0.7816154360771179,True,8,4,0,2,0,0,2,ships
b6f9fb684.jpg,candidates,0.0,0.00014241536458333334,0.012641059027777778,14,58.45959999714978,0.2461845576763153,True,0,3,0,2,0,2,2,ships
b6ffd0b57.jpg,candidates,0.0,0.0059051513671875,0.022337171766493056,34,58.887099992716685,0.9034070372581482,True,4,2,0,1,0,1,1,ships
b707973a8.jpg,candidates,0.0,0.021230061848958332,0.058661566840277776,68,59.64759999187663,0.9162030816078186,True,0,0,0,0,0,0,0,empty
b71df4976.jpg,candidates,0.0,0.02398681640625,0.0,14,62.51009998959489,0.8363773226737976,True,0,1,0,1,0,1,1,ships
b725e1195.jpg,candidates,0.0,0.00026787651909722225,0.0,1,58.0164999992121,0.7013600468635559,True,0,1,0,1,0,1,1,ships
b72dd2631.jpg,candidates,0.0,0.005491468641493056,0.0,44,58.976000000257045,0.9952534437179565,True,0,2,0,2,0,2,2,ships
b768bbb05.jpg,candidates,0.0,0.0038859049479166665,0.033698187934027776,27,56.3378999941051,0.10192587226629257,False,0,0,0,0,0,0,0,empty
b770a34bc.jpg,candidates,0.0,0.0,0.02825927734375,20,57.75130001711659,0.09505072981119156,False,0,0,0,0,0,0,0,empty
b7779f95f.jpg,land_coast,0.0,0.2035132514105903,0.0,11,64.28990000858903,0.07828520983457565,False,0,0,0,0,0,0,0,coast
b77b94d20.jpg,candidates,0.0,0.00022549099392361112,0.0,3,58.11300000641495,0.6695513129234314,True,0,1,0,1,0,1,1,ships
b79bd50c8.jpg,candidates,0.0,0.00023057725694444444,0.0,17,58.919600007357076,0.8708450198173523,True,0,1,0,1,0,1,1,ships
b7a197680.jpg,candidates,0.0,0.0,0.012257893880208334,5,58.61360000562854,0.07629775255918503,False,0,0,0,0,0,0,0,empty
b7b5f6dce.jpg,candidates,0.0,0.003192477756076389,0.014809502495659722,5,59.12230000831187,0.9958503246307373,True,0,2,0,2,0,2,2,ships
b7b7bb05a.jpg,land_coast,0.0,0.2679680718315972,0.0,16,59.8714999796357,0.9204363226890564,True,0,11,0,5,0,4,6,coast
b7c5ad4c6.jpg,candidates,0.0,0.0014970567491319445,0.015214708116319444,31,57.68080000416376,0.9936467409133911,True,1,1,0,1,0,1,1,ships
b7cbe9065.jpg,candidates,0.0,0.001339382595486111,0.0,8,56.74960001488216,0.8431555032730103,True,3,13,1,6,0,5,8,ships
b7e2c8d0c.jpg,land_coast,0.0,0.2687784830729167,0.0,6,61.00909999804571,0.34109926223754883,True,0,1,0,1,0,1,1,coast
b7ecbbeaa.jpg,candidates,0.057105170355902776,0.0003774523058162134,0.0,65,55.288400006247684,0.9562210440635681,True,7,1,1,1,1,1,1,ships
b80232332.jpg,candidates,0.0,6.103515625e-05,0.0,1,57.05929998657666,0.47783851623535156,True,0,1,0,1,0,1,1,ships
b80d36574.jpg,empty_sea,0.0,0.0,0.0,0,56.93650001194328,0.49022531509399414,True,0,0,0,0,0,0,0,empty
b80fc44ab.jpg,candidates,0.0,0.004643758138020833,0.0,33,60.32330001471564,0.999879002571106,True,0,5,0,5,0,5,5,ships
b8112853c.jpg,candidates,0.0,0.0042724609375,0.0,12,59.01619998621754,0.6679099202156067,True,0,1,0,1,0,1,1,ships
b81ee75f4.jpg,land_coast,0.0,0.23018052842881945,0.3847435845269097,20,59.91800001356751,0.6058049201965332,True,0,0,0,0,0,0,1,coast
b82c40bde.jpg,candidates,0.0,0.0003780788845486111,0.025922987196180556,35,58.81390001741238,0.08404809981584549,False,0,0,0,0,0,0,0,empty
b82d750d8.jpg,candidates,0.3638712565104167,0.06912285129252246,0.0,18,59.77709998842329,0.8051939010620117,True,8,0,1,0,1,0,2,ships
b849dc3ba.jpg,candidates,0.0,0.0004899766710069445,0.0125579833984375,49,56.7317999957595,0.8826227188110352,True,0,2,0,2,0,2,2,ships
b84c8ae45.jpg,land_coast,0.0,0.2393459743923611,0.0,1,63.18149997969158,0.047581929713487625,False,0,0,0,0,0,0,0,coast
b8514c8c5.jpg,land_coast,0.0,0.007846408420138888,0.0841640896267361,8,56.755099998554215,0.9839957356452942,True,3,0,1,0,1,0,0,coast
b86c8d3fe.jpg,land_coast,0.0,0.19868977864583334,0.21539306640625,29,59.244000003673136,0.7516887784004211,True,0,2,0,1,0,1,1,coast
b874f9944.jpg,candidates,0.0,0.0005171034071180555,0.0,2,58.5533999837935,0.9717031121253967,True,0,2,0,2,0,2,2,ships
b884f1b97.jpg,candidates,0.0,0.04481845431857639,0.0,88,60.773400007747114,0.044052958488464355,False,0,0,0,0,0,0,0,empty
b88b04651.jpg,candidates,0.07423570421006945,0.003935915179444576,0.027374448403747035,46,57.96010000631213,0.6752449870109558,True,8,18,0,10,0,5,6,ships
b88fc2460.jpg,land_coast,0.0,0.3586714002821181,0.0,2,70.56619998184033,0.910089373588562,True,0,1,0,1,0,1,1,coast
b8b614d20.jpg,candidates,0.0,0.0019276936848958333,0.0,5,59.2672000057064,0.7837175726890564,True,0,1,0,1,0,1,1,ships
b8bc1c59e.jpg,candidates,0.0,0.0014173719618055555,0.0,30,59.65090001700446,0.009142221882939339,False,0,0,0,0,0,0,0,empty
b8cea4ad4.jpg,land_coast,0.0,0.3183458116319444,0.0,8,63.10339999618009,0.9631128311157227,True,1,3,0,3,0,3,3,coast
b8d61ced2.jpg,land_coast,0.0,0.03322177463107639,0.09402974446614583,55,60.306700004730374,0.9896606206893921,True,2,22,0,14,0,12,13,coast
b8e6e815a.jpg,candidates,0.030492146809895832,0.0983382815615722,0.0,70,61.09420000575483,0.7654316425323486,True,5,2,1,2,0,1,2,ships
b8e8c9ec0.jpg,candidates,0.0,0.013968573676215278,0.010582817925347222,64,58.27850001514889,0.9985629916191101,True,14,5,0,3,0,2,3,ships
b8e8e8fa6.jpg,candidates,0.0,0.0013173421223958333,0.0,2,56.77659998764284,0.9261391162872314,True,1,5,0,2,0,1,2,ships
b8f954f45.jpg,land_coast,0.0,0.0018530951605902778,0.1265716552734375,54,58.3426000084728,0.4861208200454712,True,1,2,1,1,1,1,1,coast
b902aa0a0.jpg,candidates,0.0,0.012732611762152778,0.039693196614583336,58,63.35630000103265,0.8654780387878418,True,0,1,0,1,0,1,1,ships
b90356332.jpg,land_coast,0.0,0.3096788194444444,0.0,0,73.39770000544377,0.840124249458313,True,4,2,0,2,0,2,2,coast
b9083aada.jpg,candidates,0.0,0.08162943522135417,0.0752410888671875,64,60.31780000193976,0.9881625771522522,True,3,5,1,1,0,1,10,ships
b9090d5f5.jpg,land_coast,0.0,0.12725660536024305,0.0,11,60.41350000305101,0.12775841355323792,True,0,0,0,0,0,0,0,coast
b91016081.jpg,candidates,0.0,0.014614529079861112,0.0,8,58.497700025327504,0.00979562196880579,False,0,0,0,0,0,0,0,empty
b914c3c8a.jpg,candidates,0.0,0.004143608940972222,0.0,30,58.534500014502555,0.9487701058387756,True,0,1,0,1,0,1,1,ships
b9270cae6.jpg,candidates,0.0,0.00011359320746527778,0.0,1,57.90099999285303,0.635867714881897,True,0,3,0,1,0,0,1,ships
b94ae3222.jpg,candidates,0.0,4.0690104166666664e-05,0.0,4,58.35560002014972,0.57201087474823,True,2,4,0,1,0,0,2,ships
b94d2bfd1.jpg,candidates,0.0,0.0006357828776041666,0.0,11,59.46389999007806,0.6968516707420349,True,2,2,0,2,0,2,2,ships
b953d7546.jpg,land_coast,0.0,0.2459496392144097,0.0,2,68.05329999770038,0.10246475040912628,False,0,3,0,2,0,1,1,coast
b95a85d36.jpg,candidates,0.0,0.09431966145833333,0.0,4,60.59939999249764,0.24390020966529846,True,0,0,0,0,0,0,0,empty
b95e29029.jpg,land_coast,0.0,0.011054144965277778,0.3418324788411458,49,58.149399992544204,0.9500253796577454,True,3,4,0,3,0,1,2,coast
b9613cf8c.jpg,candidates,0.0,0.0003916422526041667,0.0,1,58.29670000821352,0.9788845777511597,True,1,1,1,1,1,1,1,ships
b9643a242.jpg,land_coast,0.0,0.1779598659939236,0.026275634765625,22,64.54660001327284,0.9375592470169067,True,11,6,2,3,1,1,6,coast
b966c8c47.jpg,land_coast,0.08011033799913195,0.2637760049117789,0.0,6,66.93840000662021,0.5702351331710815,True,0,2,0,1,0,1,1,coast
b96837cb6.jpg,candidates,0.008870442708333334,0.08083171804957276,0.06436870017872565,36,58.19459998747334,0.8445696830749512,True,0,2,0,2,0,2,2,ships
b9720e40e.jpg,candidates,0.0,0.07618204752604167,0.03604295518663195,2,60.278199991444126,0.19428466260433197,True,0,1,0,1,0,1,1,ships
b981fbaa9.jpg,land_coast,0.0,0.21432664659288195,0.0,10,65.85729998187162,0.0631587877869606,False,1,0,1,0,0,0,0,coast
b98b44064.jpg,candidates,0.0,0.0008494059244791666,0.05430263943142361,19,57.94559998321347,0.8667978644371033,True,0,6,0,6,0,6,6,ships
b99654137.jpg,candidates,0.0,0.003999498155381944,0.0,28,59.64019999373704,0.9911297559738159,True,1,1,1,1,1,1,1,ships
b9ad06f8a.jpg,land_coast,0.0,0.022505018446180556,0.08255174424913195,93,60.3189000103157,0.9212095737457275,True,0,4,0,2,0,2,2,coast
b9b1b9be8.jpg,candidates,0.004002888997395833,0.0,0.0,2,57.971399975940585,0.5146670341491699,True,1,3,0,1,0,1,1,ships
b9be79b94.jpg,candidates,0.0,0.002068413628472222,0.0,3,60.56370001169853,0.977982759475708,True,0,1,0,1,0,1,1,ships
b9c2c1d0e.jpg,land_coast,0.0,0.2663862440321181,0.0,0,64.62279998231679,0.10822417587041855,False,0,0,0,0,0,0,0,coast
b9d251c1e.jpg,land_coast,0.0,0.2284630669487847,0.0,10,63.06060001952574,0.6740895509719849,True,0,1,0,1,0,1,1,coast
b9e5d1bd2.jpg,candidates,0.0,0.0018666585286458333,0.0,9,60.241400002269074,0.6386995315551758,True,2,2,2,2,0,0,1,ships
b9e69a664.jpg,candidates,0.0,0.0016157362196180555,0.0,75,58.25229999027215,0.03985774889588356,False,0,0,0,0,0,0,0,empty
b9f224552.jpg,candidates,0.0,0.002463446723090278,0.029713948567708332,33,60.626699996646494,0.5242758989334106,True,3,6,0,1,0,0,3,ships
b9fa223c8.jpg,land_coast,0.0,0.2223849826388889,0.0,17,62.80189999961294,0.13298802077770233,True,2,2,0,1,0,0,1,coast
ba02af274.jpg,land_coast,0.0,0.3328840467664931,0.0,6,65.65699999919161,0.9869322180747986,True,0,7,0,4,0,1,3,coast
ba02cbe94.jpg,candidates,0.0,0.0009138319227430555,0.0,7,58.91859999974258,0.9442141652107239,True,0,2,0,2,0,2,2,ships
ba20a371d.jpg,land_coast,0.0,0.2556677924262153,0.0,8,63.52199998218566,0.7720761895179749,True,0,1,0,1,0,1,1,coast
ba2227633.jpg,candidates,0.0842742919921875,0.002303062810974432,0.04691834066950111,2,57.17839999124408,0.9799624681472778,True,0,3,0,2,0,2,2,ships
ba3f97dc3.jpg,candidates,0.0,0.0021803114149305555,0.0,6,59.02099999366328,0.5330629348754883,True,3,0,0,0,0,0,0,empty
ba556a187.jpg,candidates,0.18225606282552084,0.006894245807043089,0.0,32,57.377299992367625,0.5456221699714661,True,0,1,0,1,0,1,1,ships
ba63044dd.jpg,candidates,0.0,0.030237833658854168,0.04090542263454861,26,58.90370000270195,0.6788042783737183,True,2,1,0,0,0,0,1,ships
ba65be9ac.jpg,candidates,0.0,0.0005832248263888889,0.0,2,58.685700001660734,0.9301621913909912,True,0,1,0,1,0,1,1,ships
ba92908f5.jpg,candidates,0.0,0.11013963487413195,0.0,23,69.34479999472387,0.2847369909286499,True,0,0,0,0,0,0,0,empty
ba9b6cd4e.jpg,candidates,0.0,0.00022549099392361112,0.0,10,58.99119999958202,0.12298698723316193,False,1,1,0,1,0,1,1,ships
baa66afec.jpg,candidates,0.0,0.00031365288628472225,0.0,2,57.629399991128594,0.4983888566493988,True,4,3,1,1,0,1,2,ships
babef1a5f.jpg,land_coast,0.0,0.1670006646050347,0.0,25,63.62049997551367,0.022882312536239624,False,0,0,0,0,0,0,0,coast
bacb8efe2.jpg,land_coast,0.0,0.12409125434027778,0.0,11,62.998399982461706,0.9918570518493652,True,0,4,0,2,0,2,2,coast
bacddfd1e.jpg,land_coast,0.0,0.3434210883246528,0.0,1,66.80159998359159,0.9181047081947327,True,0,1,0,1,0,1,1,coast
bada2b7f6.jpg,candidates,0.0,0.07351854112413195,0.0,48,59.85070002498105,0.5873942375183105,True,0,0,0,0,0,0,0,empty
badcf0731.jpg,candidates,0.0,0.09897698296440972,0.0,68,60.04599999869242,0.6141756176948547,True,0,1,0,1,0,1,2,ships
bae1ed628.jpg,candidates,0.0,0.002432929144965278,0.020931667751736112,35,59.98109999927692,0.9692335724830627,True,0,1,0,1,0,1,1,ships
bae4a6a28.jpg,land_coast,0.0,0.2201199001736111,0.0,42,62.11609998717904,0.616917073726654,True,0,0,0,0,0,0,1,coast
bb0e0877d.jpg,candidates,0.0,0.0002627902560763889,0.0,5,58.639800001401454,0.7900590896606445,True,3,2,1,1,1,0,1,ships
bb131ee45.jpg,candidates,0.0,0.03840976291232639,0.0,11,61.423800012562424,0.9431344866752625,True,0,1,0,1,0,1,1,ships
bb1a2a7eb.jpg,candidates,0.0,0.0,0.0,16,57.66109999967739,0.7513634562492371,True,0,2,0,2,0,2,2,ships
bb312942d.jpg,candidates,0.0,0.024342854817708332,0.0,73,73.61110000056215,0.9996188879013062,True,5,1,1,1,0,1,1,ships
bb40cd9c5.jpg,candidates,0.0,0.11922200520833333,0.0,78,60.56620000163093,0.5439042448997498,True,0,1,0,1,0,1,1,ships
bb64b45cd.jpg,land_coast,0.0,0.1903500027126736,0.06475999620225695,3,61.99509999714792,0.48190927505493164,True,8,3,3,2,1,1,2,coast
bb711cfdd.jpg,land_coast,0.0,0.1003078884548611,0.3963233100043403,67,61.02429999737069,0.40376728773117065,True,0,12,0,5,0,3,7,coast
bb72ac704.jpg,candidates,0.0,0.04111904568142361,0.0,75,59.639600018272176,0.062121227383613586,False,0,0,0,0,0,0,0,empty
bb79f34a6.jpg,land_coast,0.0,0.2097964816623264,0.0,6,62.889000022551045,0.0937812551856041,False,0,2,0,1,0,1,1,coast
bb7ca79bc.jpg,candidates,0.0,0.10764567057291667,0.021650526258680556,16,62.185199989471585,0.8686102032661438,True,0,0,0,0,0,0,0,empty
bb7f24d8e.jpg,candidates,0.0,0.025324503580729168,0.0,6,59.75620000390336,0.31768307089805603,True,0,2,0,1,0,1,1,ships
bb9606665.jpg,land_coast,0.026652018229166668,0.1379735633215278,0.08552773951092321,15,64.20019999495707,0.9890379905700684,True,1,2,0,2,0,2,2,coast
bb982c78c.jpg,land_coast,0.0,0.3455352783203125,0.0,1,65.41400001151487,0.9047909379005432,True,0,1,0,1,0,1,1,coast
bba94b7d2.jpg,candidates,0.0,0.008860270182291666,0.0,22,58.133100013947114,0.923339307308197,True,1,0,0,0,0,0,0,empty
bbbe346b9.jpg,candidates,0.0,0.006283230251736111,0.03228420681423611,28,60.75810000766069,0.9998138546943665,True,0,4,0,1,0,0,1,ships
bbc7b8ca2.jpg,candidates,0.0,0.0009646945529513889,0.0,4,59.05550002353266,0.9660000205039978,True,0,1,0,1,0,1,1,ships
bbcee356b.jpg,candidates,0.0,0.006178114149305556,0.0,66,73.79719999153167,0.9987342953681946,True,9,2,3,2,2,2,2,ships
bbfda95e0.jpg,candidates,0.005360921223958333,0.0,0.0,35,58.72780000208877,0.5597079396247864,True,0,3,0,0,0,0,1,ships
bc074372c.jpg,land_coast,0.0,0.2121192084418403,0.0,16,61.301899986574426,0.30521655082702637,True,0,0,0,0,0,0,0,coast
bc16de415.jpg,empty_sea,0.0,0.0,0.0,0,60.31189998611808,0.3249101936817169,True,0,0,0,0,0,0,0,empty
bc27ab5b2.jpg,land_coast,0.0,0.0007917616102430555,0.13216654459635416,36,59.792399988509715,0.08032368123531342,False,1,1,0,1,0,1,1,coast
bc2b319f5.jpg,candidates,0.0,0.0829349093967014,0.0675387912326389,38,59.21130001661368,0.9956461787223816,True,6,5,0,1,0,0,5,ships
bc4023148.jpg,land_coast,0.0,0.2573377821180556,0.0,0,62.55770000279881,0.07527143508195877,False,0,0,0,0,0,0,0,coast
bc4582aa5.jpg,candidates,0.0,0.005098130967881944,0.0,34,60.43500002124347,0.917264461517334,True,0,1,0,1,0,1,1,ships
bc478d3a2.jpg,candidates,0.0,0.002246432834201389,0.0,3,59.30379999335855,0.9923110008239746,True,0,3,0,1,0,1,1,ships
bc6978326.jpg,candidates,0.0,0.001315646701388889,0.0,13,60.05669999285601,0.8972739577293396,True,1,4,0,2,0,2,2,ships
bc75553d3.jpg,candidates,0.0,6.781684027777778e-05,0.0,3,59.61660001776181,0.5749602913856506,True,0,5,0,2,0,1,2,ships
bc87fb9bb.jpg,candidates,0.0,5.425347222222222e-05,0.0,11,59.027800016338006,0.20983274281024933,True,0,0,0,0,0,0,0,empty
bc8aa3f73.jpg,candidates,0.0,0.052941216362847224,0.0,30,59.70700000762008,0.6264780163764954,True,1,1,0,1,0,1,1,ships
bc8e96524.jpg,candidates,0.0,0.005408393012152778,0.0,19,59.230599988950416,0.8555364012718201,True,2,1,0,0,0,0,1,ships
bc9a537aa.jpg,candidates,0.0,0.0013868543836805555,0.0,81,59.239700000034645,0.7116658687591553,True,1,12,0,5,0,2,7,ships
bc9bab774.jpg,candidates,0.0,0.0038401285807291665,0.0,2,62.38329998450354,0.9329350590705872,True,0,1,0,1,0,1,1,ships
bca39c8db.jpg,land_coast,0.0,0.22191365559895834,0.0,0,60.24990000878461,0.006302614230662584,False,0,0,0,0,0,0,0,coast
bcbbaf020.jpg,candidates,0.0,0.10010782877604167,0.0,35,61.976099997991696,0.576504647731781,True,0,1,0,1,0,1,1,ships
bcd22f864.jpg,candidates,0.0,0.009256998697916666,0.0,42,60.022000019671395,0.1373371183872223,True,0,0,0,0,0,0,0,empty
bcdbf2386.jpg,candidates,0.0,0.0008697509765625,0.0,4,63.320199988083914,0.9293509721755981,True,0,1,0,1,0,1,1,ships
bce1634b2.jpg,land_coast,0.0,0.12473890516493055,0.0,6,59.91949999588542,0.04103081673383713,False,0,0,0,0,0,0,0,coast
bced434ac.jpg,land_coast,0.0,0.19082132975260416,0.0,0,58.70709998998791,0.5895464420318604,True,0,0,0,0,0,0,0,coast
bcfc5624f.jpg,land_coast,0.0,0.1902194552951389,0.0,0,60.54149998817593,0.5272048711776733,True,0,0,0,0,0,0,1,coast
bd2a67aed.jpg,candidates,0.0,0.0009392632378472222,0.0,9,58.8360000110697,0.7375868558883667,True,0,1,0,1,0,1,1,ships
bd3347da7.jpg,land_coast,0.0,0.3296051025390625,0.0,1,63.929099997039884,0.8426089882850647,True,0,1,0,1,0,1,1,coast
bd373a745.jpg,candidates,0.0,0.0020294189453125,0.0,1,61.93110000458546,0.6403312087059021,True,2,3,1,1,0,0,1,ships
bd44bd7bc.jpg,candidates,0.0,0.0033128526475694445,0.0,27,61.124500003643334,0.8439174890518188,True,0,2,0,2,0,2,2,ships
bd583e62d.jpg,candidates,0.0,0.0010274251302083333,0.0,16,60.2569000038784,0.39608925580978394,True,0,1,0,1,0,1,1,ships
bd7cde303.jpg,candidates,0.0,0.001385158962673611,0.0,2,58.74120001681149,0.9516080617904663,True,0,1,0,1,0,1,1,ships
bd7d72e89.jpg,candidates,0.0,0.0,0.0,10,58.355399989522994,0.2897144854068756,True,0,0,0,0,0,0,0,empty
bd7f1beb0.jpg,candidates,0.0,0.00042724609375,0.0,10,58.787999994819984,0.34102654457092285,True,2,2,0,1,0,1,1,ships
bd84abcb4.jpg,candidates,0.0,0.0019276936848958333,0.0,5,59.186600003158674,0.7827991247177124,True,0,1,0,1,0,1,1,ships
bd85640e7.jpg,candidates,0.0,0.007902357313368056,0.0,42,60.05499997991137,0.8113757967948914,True,0,1,0,1,0,1,1,ships
bd8599ecf.jpg,land_coast,0.0,0.16209920247395834,0.03921169704861111,23,64.26809998811223,0.26019060611724854,True,0,1,0,0,0,0,1,coast
bd95f66a1.jpg,land_coast,0.006274753146701389,0.011105560991631484,0.1091208610744271,25,60.55740002193488,0.5302972197532654,True,0,0,0,0,0,0,0,coast
bd99a44df.jpg,candidates,0.0,0.0008544921875,0.014285617404513888,59,59.11119998199865,0.039252977818250656,False,0,1,0,0,0,0,1,ships
bd9edbd5a.jpg,land_coast,0.0,0.07132805718315972,0.1193881564670139,28,61.35009997524321,0.20729002356529236,True,0,0,0,0,0,0,0,coast
bda8cec31.jpg,candidates,0.0,0.0,0.0,1,58.71610000031069,0.11268947273492813,False,0,0,0,0,0,0,0,empty
bdad3667d.jpg,empty_sea,0.2913140190972222,0.0,0.0,0,56.99619997176342,0.31607118248939514,True,0,0,0,0,0,0,0,empty
bdb89e7ee.jpg,candidates,0.0,0.05393812391493055,0.0,80,61.536199995316565,0.006250923033803701,False,0,0,0,0,0,0,0,empty
bdb9a38f7.jpg,candidates,0.0,0.002585517035590278,0.0,5,60.85389998042956,0.9913767576217651,True,1,3,1,2,0,2,2,ships
bdbce3d60.jpg,candidates,0.007298787434895833,0.11547787674357189,0.0,88,58.94739998620935,0.9400128722190857,True,3,1,0,0,0,0,1,ships
bdc25fbd9.jpg,candidates,0.0,0.00042555067274305556,0.0,5,58.793800009880215,0.6874920129776001,True,0,2,0,1,0,1,1,ships
bdc56a1e6.jpg,candidates,0.0,0.0004323323567708333,0.0,72,60.8922999817878,0.32204726338386536,True,0,5,0,3,0,2,3,ships
bdca46ebe.jpg,candidates,0.0,0.019324408637152776,0.0,3,59.00159999146126,0.9731767177581787,True,1,3,0,3,0,3,1,ships
bdd3266d4.jpg,candidates,0.0,0.0004933675130208334,0.0,3,60.073800006648526,0.9394530057907104,True,4,1,2,1,2,1,1,ships
bdd3e46fd.jpg,land_coast,0.0,0.053476969401041664,0.22065565321180555,55,61.51950001367368,0.9992808699607849,True,23,2,4,2,0,2,9,coast
bde74b103.jpg,land_coast,0.0,0.059743245442708336,0.08981153700086805,108,61.0850999946706,0.9998725652694702,True,1,15,0,6,0,2,9,coast
be0cab659.jpg,candidates,0.0,0.00016954210069444444,0.0,3,58.907700004056096,0.6784864664077759,True,0,1,0,1,0,1,1,ships
be147b91f.jpg,empty_sea,0.0,0.0,0.0,0,59.84309999621473,0.21064770221710205,True,0,0,0,0,0,0,0,empty
be25085a2.jpg,candidates,0.0,0.00015767415364583334,0.0,12,59.04620001092553,0.05400388315320015,False,0,0,0,0,0,0,0,empty
be257a533.jpg,land_coast,0.0,0.010986328125,0.12447611490885417,66,60.460700013209134,0.9927198886871338,True,1,4,0,2,0,0,1,coast
be30e2101.jpg,candidates,0.0,0.0005645751953125,0.0,41,58.316699985880405,0.8098927140235901,True,2,12,0,9,0,7,9,ships
be32de034.jpg,land_coast,0.0,0.007119072808159722,0.13542344835069445,44,60.08019999717362,0.8572171330451965,True,2,1,0,1,0,1,1,coast
be7131a2a.jpg,land_coast,0.0,0.1837429470486111,0.0,3,61.537800007499754,0.48659247159957886,True,0,0,0,0,0,0,0,coast
be71be18f.jpg,candidates,0.0,0.013190375434027778,0.0,57,60.00200001290068,0.9999667406082153,True,1,4,0,4,0,4,5,ships
be754b1c5.jpg,candidates,0.0,0.0006883409288194445,0.0,15,60.290099994745106,0.7830620408058167,True,0,1,0,1,0,1,1,ships
be820d62c.jpg,candidates,0.0,0.009741889105902778,0.0,102,61.663699976634234,0.2605424225330353,True,0,0,0,0,0,0,0,empty
be894b12f.jpg,candidates,0.0,0.00046454535590277775,0.0,8,59.233700012555346,0.7625786662101746,True,1,1,0,1,0,1,1,ships
be9f5ea4f.jpg,candidates,0.0,7.968478732638889e-05,0.0,3,58.89519999618642,0.835534393787384,True,0,3,0,2,0,2,2,ships
beac16043.jpg,candidates,0.0,0.0,0.0,3,59.80299998191185,0.47870609164237976,True,0,0,0,0,0,0,0,empty
beaff72b9.jpg,land_coast,0.0,0.3787027994791667,0.0,5,73.67500002146699,0.46725913882255554,True,2,4,0,0,0,0,1,coast
beb7ac2d7.jpg,candidates,0.19575330946180555,0.01331865470358342,0.0,25,56.649699981790036,0.045716386288404465,False,0,0,0,0,0,0,0,empty
bebe4e6fa.jpg,empty_sea,0.0,0.0,0.0,0,57.42739999550395,0.6503272652626038,True,0,0,0,0,0,0,0,empty
bec85b193.jpg,land_coast,0.0,0.2253350151909722,0.0,2,66.71059998916462,0.05427391827106476,False,0,0,0,0,0,0,0,coast
bedb8e666.jpg,land_coast,0.0,0.05769517686631945,0.1914605034722222,49,59.89109998336062,0.9946205615997314,True,2,18,0,13,0,7,11,coast
bedd236be.jpg,candidates,0.0,0.0,0.0,3,58.57839999953285,0.2570742964744568,True,0,0,0,0,0,0,0,empty
beddd60c7.jpg,land_coast,0.0,0.20152791341145834,0.011203342013888888,36,64.26349998218939,0.9690139889717102,True,4,2,0,1,0,1,1,coast
bedecab71.jpg,candidates,0.0,0.0,0.0,19,59.093199990456924,0.6225869059562683,True,1,1,0,1,0,1,1,ships
beede0422.jpg,candidates,0.0,0.00021701388888888888,0.0,3,58.03939999896102,0.699551522731781,True,0,2,0,2,0,2,2,ships
beef2d965.jpg,candidates,0.0,7.459852430555556e-05,0.0,1,58.50250000366941,0.29239895939826965,True,0,3,0,1,0,0,1,ships
bf0a8fa75.jpg,candidates,0.0,0.0029313829210069445,0.0,44,59.80610000551678,0.8150535225868225,True,0,2,0,1,0,0,1,ships
bf0b77ff5.jpg,candidates,0.0,0.0014512803819444445,0.0,6,60.25949999457225,0.9373710751533508,True,0,1,0,1,0,1,1,ships
bf1525d59.jpg,candidates,0.0,0.0,0.0,36,60.23040000582114,0.2628859281539917,True,0,0,0,0,0,0,0,empty
bf2ed6e0f.jpg,candidates,0.0,0.00040520562065972225,0.0,1,57.919800019590184,0.9032267332077026,True,0,1,0,1,0,1,1,ships
bf4a2d07a.jpg,candidates,0.0,0.012678358289930556,0.0,4,61.45440001273528,0.5690950751304626,True,0,4,0,1,0,0,1,ships
bf563bde6.jpg,candidates,0.0,0.003604465060763889,0.012986924913194444,30,60.19169997307472,0.9921039342880249,True,0,1,0,1,0,1,1,ships
bf6f52611.jpg,land_coast,0.0,0.1278160942925347,0.0,28,59.0033000044059,0.040278345346450806,False,0,0,0,0,0,0,0,coast
bf861b8d7.jpg,candidates,0.0,0.0005035400390625,0.0,3,58.90259999432601,0.8175816535949707,True,0,1,0,1,0,1,1,ships
bf861c7a9.jpg,candidates,0.0,0.0154571533203125,0.0,25,61.01300002774224,0.7015411257743835,True,1,1,0,1,0,1,1,ships
bf890b991.jpg,candidates,0.013444688585069444,0.0009504060825989287,0.06467254190426819,72,60.00659998971969,0.45522159337997437,True,3,0,0,0,0,0,0,empty
bf98e1846.jpg,candidates,0.0,0.0009121365017361111,0.0,3,58.901899988995865,0.963799238204956,True,2,4,2,1,1,0,1,ships
bf9c08c1e.jpg,candidates,0.0,0.00027296278211805556,0.0,6,59.37529998482205,0.4578493535518646,True,0,1,0,1,0,1,1,ships
bfaaf78ac.jpg,candidates,0.0,0.006198459201388889,0.0,23,60.706500022206455,0.9917430281639099,True,0,2,0,2,0,2,2,ships
bfb9f7dbe.jpg,land_coast,0.3817715115017361,0.0028157717592128444,0.2224201887684221,30,57.57989999256097,0.18328261375427246,True,0,1,0,0,0,0,1,coast
bfbcc0477.jpg,candidates,0.0,0.002170138888888889,0.0,16,59.294299979228526,0.9816923141479492,True,3,1,2,1,2,1,1,ships
bfc5da848.jpg,candidates,0.0,0.0007612440321180555,0.0,2,58.40680000255816,0.9557651281356812,True,0,1,0,1,0,1,1,ships
bfd0ccdb0.jpg,candidates,0.0,0.013604058159722222,0.0,30,61.7433000006713,0.8583406805992126,True,9,7,2,6,2,6,6,ships
bfd823419.jpg,land_coast,0.05460951063368055,0.18702496142956757,0.0,12,65.08420000318438,0.7733887434005737,True,1,1,0,1,0,1,1,coast
bfe1fd01b.jpg,land_coast,0.0,0.21502685546875,0.0,1,64.52519999584183,0.11187431216239929,False,0,0,0,0,0,0,0,coast
bff440d09.jpg,land_coast,0.0,0.21272447374131945,0.0,2,59.59260000963695,0.9351162314414978,True,0,2,0,2,0,2,2,coast
bffb50d92.jpg,candidates,0.0,0.00018480088975694444,0.0682796902126736,52,59.94410000857897,0.08487433940172195,False,0,2,0,1,0,1,1,ships
bfffcf834.jpg,candidates,0.0,0.00035773383246527775,0.0,2,58.78250001114793,0.7833349108695984,True,0,2,0,2,0,2,2,ships
c0091b39b.jpg,candidates,0.0,0.0015309651692708333,0.0,71,60.687199991662055,0.05522995814681053,False,0,0,0,0,0,0,0,empty
c00c0311d.jpg,candidates,0.0,0.09135267469618055,0.0,75,62.45990001480095,0.9847474098205566,True,4,1,0,1,0,1,1,ships
c012b2df1.jpg,candidates,0.0,0.006717258029513889,0.036080254448784724,36,61.53269999776967,0.9273124933242798,True,14,2,1,1,0,1,1,ships
c023cf80d.jpg,land_coast,0.3335283067491319,0.14730023565305495,0.0,0,58.86720001581125,0.2940950095653534,True,1,3,0,0,0,0,1,coast
c02a1ee0a.jpg,land_coast,0.0,0.0962371826171875,0.2670203314887153,37,61.21849999180995,0.9995893836021423,True,1,23,0,13,0,7,15,coast
c02be9269.jpg,candidates,0.0,0.005206637912326389,0.0,1,59.21480001416057,0.9683590531349182,True,0,1,0,1,0,1,1,ships
c02deb8ea.jpg,candidates,0.05765109592013889,0.035588309628549766,0.0,11,57.19859999953769,0.007748615462332964,False,0,0,0,0,0,0,0,empty
c037bb7f0.jpg,candidates,0.0,9.494357638888889e-05,0.0,12,59.23910002456978,0.539002537727356,True,0,0,0,0,0,0,0,empty
c04440f78.jpg,candidates,0.0,0.07532246907552083,0.07932027180989583,14,63.32259997725487,0.8247052431106567,True,0,2,0,1,0,1,2,ships
c04dd2134.jpg,land_coast,0.0,0.3749304877387153,0.0,4,70.43779999366961,0.7788060307502747,True,0,1,0,1,0,1,1,coast
c051468af.jpg,candidates,0.0,0.027265760633680556,0.0,71,61.71569999423809,0.38001200556755066,True,0,1,0,1,0,1,1,ships
c05d43143.jpg,candidates,0.0,0.00026787651909722225,0.0,8,58.54460000409745,0.8205885887145996,True,0,1,0,1,0,1,1,ships
c062957f2.jpg,candidates,0.0,0.0009290907118055555,0.0,2,61.69230001978576,0.560565710067749,True,0,1,0,1,0,1,1,ships
c06ab9e0f.jpg,candidates,0.0,0.015674167209201388,0.045493231879340276,54,61.693199997534975,0.9998879432678223,True,10,10,3,7,2,3,5,ships
c079fb878.jpg,land_coast,0.0,0.1330295138888889,0.0,69,61.65879999753088,0.10951617360115051,False,0,0,0,0,0,0,0,coast
c0a03e216.jpg,land_coast,0.0,0.1876593695746528,0.0,0,61.17549998452887,0.006179355550557375,False,0,0,0,0,0,0,0,coast
c0a2aa92f.jpg,candidates,0.0,0.00012546115451388888,0.0,1,60.653199994703755,0.42902982234954834,True,0,4,0,1,0,0,1,ships
c0bcdd3db.jpg,land_coast,0.4338904486762153,0.02136079207920792,0.11020673267326733,28,57.1856000169646,0.3691539764404297,True,0,0,0,0,0,0,0,coast
c0bf7e6d5.jpg,land_coast,0.0,0.2259640163845486,0.0,11,67.3162000020966,0.08538210391998291,False,0,0,0,0,0,0,0,coast
c0c5c40d0.jpg,land_coast,0.0,0.2876909044053819,0.0,4,69.96389999403618,0.8970232605934143,True,1,3,0,2,0,2,2,coast
c0cae9708.jpg,candidates,0.0,0.00039503309461805556,0.0,5,58.93480000668205,0.9172021746635437,True,0,1,0,1,0,1,1,ships
c0cffa57b.jpg,candidates,0.0,0.0012529161241319445,0.0,6,59.487199992872775,0.8706445693969727,True,0,1,0,1,0,1,1,ships
c0e1bd8c6.jpg,candidates,0.0,0.0015360514322916667,0.0,3,57.56000001565553,0.9349164366722107,True,1,1,0,1,0,1,1,ships
c0e3b3c03.jpg,candidates,0.0,5.5948893229166664e-05,0.0,1,59.80250000720844,0.12636730074882507,True,0,1,0,1,0,1,1,ships
c0e45f5b0.jpg,candidates,0.0,0.009477403428819444,0.0,38,60.09340001037344,0.9998507499694824,True,1,3,0,3,0,3,3,ships
c0f49631a.jpg,candidates,0.0,0.0015157063802083333,0.0,11,62.078499991912395,0.8924510478973389,True,0,4,0,3,0,2,2,ships
c0f8f0e36.jpg,candidates,0.0,0.012030707465277778,0.0,4,60.38229999830946,0.9075412750244141,True,0,1,0,1,0,1,1,ships
c10c45e9e.jpg,candidates,0.0,0.005749172634548611,0.0,13,59.40620001638308,0.9993516802787781,True,1,5,1,5,0,4,5,ships
c10cc5ed5.jpg,candidates,0.0,0.002694023980034722,0.0,3,58.795199991436675,0.9984960556030273,True,0,5,0,2,0,2,2,ships
c1142e607.jpg,candidates,0.0,0.004208034939236111,0.0,27,61.32989999605343,0.9901588559150696,True,1,1,1,1,1,1,1,ships
c136a2d52.jpg,candidates,0.0,0.0005781385633680555,0.0,5,61.282899987418205,0.7880251407623291,True,3,3,0,2,0,1,2,ships
c14e001f4.jpg,candidates,0.0,9.494357638888889e-05,0.0,1,59.36819998896681,0.5080884099006653,True,2,1,1,1,0,1,1,ships
c14faa0a5.jpg,land_coast,0.0,0.12846883138020834,0.046742757161458336,88,60.598300013225526,0.8267672061920166,True,1,1,0,1,0,1,1,coast
c150a8bf0.jpg,candidates,0.0,0.0005713568793402778,0.0,30,60.27119999635033,0.2072538584470749,True,1,1,0,1,0,1,1,ships
c151efb9c.jpg,candidates,0.0,0.0,0.0,8,58.211700001265854,0.5973741412162781,True,6,3,0,2,0,2,1,ships
c153b3ca5.jpg,land_coast,0.0,0.3268517388237847,0.0,0,63.543900003423914,0.667962372303009,True,0,0,0,0,0,0,1,coast
c156586cf.jpg,land_coast,0.6372019449869791,0.2550108529157683,0.0,0,57.097099983366206,0.4495224058628082,True,0,2,0,1,0,0,1,coast
c1697c4c9.jpg,land_coast,0.0,0.34930419921875,0.0,0,68.3085999917239,0.9620255827903748,True,0,1,0,1,0,1,1,coast
c17a3e3fd.jpg,candidates,0.0,0.005842420789930556,0.010694715711805556,31,60.37359999027103,0.9926444292068481,True,5,4,1,3,1,1,2,ships
c180b9bfe.jpg,candidates,0.17522684733072916,0.11738420954732232,0.0,47,60.08049999945797,0.8436596393585205,True,2,6,0,1,0,0,7,ships
c18a9eef0.jpg,candidates,0.0,0.008154975043402778,0.0,6,61.174799979198724,0.5673882961273193,True,0,1,0,1,0,1,1,ships
c18b525e8.jpg,land_coast,0.0,0.3596360948350694,0.0,7,67.05839998903684,0.9283498525619507,True,0,1,0,1,0,1,1,coast
c193c16ff.jpg,candidates,0.0,0.0017344156901041667,0.0,19,59.00799998198636,0.9463465809822083,True,3,16,0,7,0,7,8,ships
c1a49c499.jpg,candidates,0.0,0.035408867730034724,0.0,14,58.17950001801364,0.4444785416126251,True,0,0,0,0,0,0,1,ships
c1a655aea.jpg,candidates,0.0,0.004048665364583333,0.0,28,59.32509998092428,0.9585877656936646,True,0,1,0,1,0,1,1,ships
c1a8c04ce.jpg,land_coast,0.0,0.056435479058159724,0.0846523708767361,43,60.07859998499043,0.40823090076446533,True,0,0,0,0,0,0,0,coast
c1cccd97e.jpg,candidates,0.0,0.0008154975043402778,0.0,59,60.965700016822666,0.017707305029034615,False,0,0,0,0,0,0,0,empty
c1e7eef55.jpg,candidates,0.0,0.00028143988715277775,0.0,38,57.62949999189004,0.7643517255783081,True,1,0,0,0,0,0,0,empty
c1f8e3a44.jpg,candidates,0.0,0.00015767415364583334,0.0,11,57.52450000727549,0.5635443329811096,True,0,2,0,1,0,1,1,ships
c209465de.jpg,candidates,0.0,0.1162872314453125,0.0,66,61.56060000648722,0.6252288818359375,True,2,1,0,1,0,1,1,ships
c218e58a6.jpg,candidates,0.0,0.00021192762586805556,0.0,1,57.11419999715872,0.8513620495796204,True,0,1,0,1,0,1,1,ships
c21bb467e.jpg,candidates,0.0,0.019739786783854168,0.0,78,59.80670001008548,0.9636430144309998,True,5,1,0,1,0,0,1,ships
c21e059bb.jpg,land_coast,0.0,0.14685228135850695,0.0,2,59.0342000068631,0.37553441524505615,True,0,0,0,0,0,0,0,coast
c2212d548.jpg,land_coast,0.0,0.027301364474826388,0.15324571397569445,67,59.22019999707118,0.9599246978759766,True,1,1,0,1,0,1,1,coast
c2582ad75.jpg,land_coast,0.0,0.2595536973741319,0.0,3,61.14320000051521,0.5575658082962036,True,0,2,0,1,0,1,1,coast
c25b6a8d6.jpg,candidates,0.0,0.06442769368489583,0.0,33,60.20949999219738,0.9897536039352417,True,4,8,2,4,1,3,14,ships
c26c45017.jpg,land_coast,0.0,0.1877627902560764,0.0,3,61.01800000760704,0.45756757259368896,True,3,1,0,0,0,0,1,coast
c288efbff.jpg,candidates,0.0,0.023608737521701388,0.0,54,58.29770001582801,0.9164020419120789,True,4,3,0,3,0,3,3,ships
c291b1efd.jpg,candidates,0.0,0.0013953314887152778,0.0,3,60.318200004985556,0.8335509300231934,True,0,2,0,1,0,0,1,ships
c292ca881.jpg,land_coast,0.0,0.3162502712673611,0.0,2,72.3887000058312,0.8690673112869263,True,0,2,0,2,0,2,2,coast
c299c4851.jpg,land_coast,0.0,0.3577338324652778,0.0,5,70.68430000799708,0.9727573394775391,True,0,1,0,1,0,1,1,coast
c29c0c46b.jpg,candidates,0.0,0.0019158257378472222,0.0,7,58.6034000152722,0.8816196322441101,True,0,1,0,1,0,1,1,ships
c29dd791a.jpg,candidates,0.0,0.007022433810763889,0.0,7,59.76830000872724,0.7645625472068787,True,4,1,2,1,0,1,1,ships
c2a08140a.jpg,candidates,0.0,0.0005679660373263889,0.0,10,59.98079999699257,0.7199987173080444,True,0,2,0,2,0,2,3,ships
c2a54c718.jpg,candidates,0.0,0.020558675130208332,0.0,20,60.042800003429875,0.0278332456946373,False,0,0,0,0,0,0,0,empty
c2d1bbf6a.jpg,land_coast,0.0,0.2879299587673611,0.0,33,63.38779997895472,0.7891870141029358,True,0,1,0,1,0,1,1,coast
c2dccbad8.jpg,candidates,0.0,0.007169935438368056,0.0,4,60.44400000246242,0.9818743467330933,True,1,3,1,1,0,0,1,ships
c2e41934f.jpg,land_coast,0.0,0.3177812364366319,0.0,0,64.67650001286529,0.6441137790679932,True,0,1,0,1,0,1,1,coast
c2eeeeac7.jpg,candidates,0.0,0.0023515489366319445,0.0123748779296875,8,58.87589999474585,0.8681280016899109,True,7,2,0,1,0,1,1,ships
c30c54a2f.jpg,candidates,0.0,3.5603841145833336e-05,0.0,3,59.71480000880547,0.6671510338783264,True,0,4,0,1,0,0,1,ships
c314fd217.jpg,candidates,0.0,0.0002797444661458333,0.0,3,59.412899980088696,0.2416742742061615,True,0,1,0,1,0,1,1,ships
c323419df.jpg,empty_sea,0.0,0.0018480088975694445,0.0,0,61.09669999568723,0.42774778604507446,True,0,0,0,0,0,0,0,empty
c329f5f9b.jpg,candidates,0.0,0.016262478298611112,0.04647996690538195,53,62.025099992752075,0.9771301746368408,True,0,2,0,2,0,2,2,ships
c32e168e3.jpg,candidates,0.0,0.0013529459635416667,0.0,31,59.44890002137981,0.86102294921875,True,0,2,0,2,0,2,2,ships
c32f1acef.jpg,candidates,0.006000094943576389,0.0015305215059647588,0.01894768523585422,66,59.90240001119673,0.8458943963050842,True,3,4,0,2,0,2,3,ships
c34201d92.jpg,land_coast,0.0,0.018402099609375,0.2831183539496528,51,58.7822999805212,0.9994902610778809,True,9,15,3,10,1,8,10,coast
c34e7e406.jpg,candidates,0.0,0.0002933078342013889,0.0,1,59.55800000810996,0.8511795997619629,True,0,2,0,1,0,0,1,ships
c350186a3.jpg,land_coast,0.0,0.2885623508029514,0.0,0,64.72610001219437,0.5445801019668579,True,0,2,0,1,0,1,1,coast
c354e5fe8.jpg,land_coast,0.0,0.10799153645833333,0.09010484483506945,50,61.32249999791384,0.9885812401771545,True,2,2,1,2,0,2,2,coast
c37dfbe27.jpg,candidates,0.0,0.0005459255642361111,0.0,5,60.075200017308816,0.8022541999816895,True,0,2,0,2,0,2,2,ships
c382a8db2.jpg,candidates,0.0,0.004894680447048611,0.0,4,61.94880002294667,0.8871955871582031,True,0,1,0,1,0,1,1,ships
c394d06d7.jpg,candidates,0.0,0.0005713568793402778,0.0,7,59.964799991576,0.3113570809364319,True,0,1,0,1,0,1,1,ships
c3bfdbd6e.jpg,candidates,0.0,0.0012529161241319445,0.0,13,63.32400001701899,0.9182321429252625,True,0,1,0,1,0,1,1,ships
c3d6f7f42.jpg,candidates,0.0,0.0010138617621527778,0.0,2,59.931499999947846,0.9987161159515381,True,0,7,0,7,0,6,6,ships
c3d82d7ff.jpg,land_coast,0.0,0.2243872748480903,0.0,0,61.09730000025593,0.14047102630138397,True,0,0,0,0,0,0,0,coast
c3ea145f7.jpg,candidates,0.0,0.020234849717881944,0.07853020562065972,59,59.48250001529232,0.9529080986976624,True,0,2,0,1,0,1,2,ships
c3ee08a52.jpg,candidates,0.0,0.11048041449652778,0.0,18,60.59060001280159,0.1955651491880417,True,0,0,0,0,0,0,0,empty
c3f2fcbe9.jpg,candidates,0.0,0.0,0.0,5,60.044399986509234,0.24288813769817352,True,0,0,0,0,0,0,0,empty
c3f7689f6.jpg,candidates,0.0,0.00023057725694444444,0.0,18,59.40460000419989,0.7381560206413269,True,0,2,0,2,0,2,2,ships
c4029e9a8.jpg,candidates,0.0,5.255805121527778e-05,0.0,5,59.31630000122823,0.18872711062431335,True,0,0,0,0,0,0,0,empty
c40ddbdbe.jpg,land_coast,0.0,0.3645189073350694,0.0,0,66.50529999751598,0.9087047576904297,True,0,1,0,1,0,1,1,coast
c4115103a.jpg,candidates,0.0,0.0028398301866319445,0.0434112548828125,5,59.484199999133125,0.9625311493873596,True,0,4,0,1,0,0,1,ships
c45f70f40.jpg,candidates,0.0,0.0017751057942708333,0.010598076714409722,18,62.145100004272535,0.9433912634849548,True,0,4,0,3,0,2,2,ships
c46fc340f.jpg,candidates,0.0,0.004662407769097222,0.013821072048611112,17,59.863000002224,0.9966321587562561,True,0,2,0,1,0,1,1,ships
c4776fa28.jpg,candidates,0.0,0.007464938693576389,0.0,18,62.283100007334724,0.9892338514328003,True,1,1,0,1,0,1,1,ships
c48680529.jpg,candidates,0.0,0.00038825141059027775,0.0,3,60.181899985764176,0.9545067548751831,True,0,2,0,2,0,2,2,ships
c489694a0.jpg,empty_sea,0.0,0.0,0.0,0,58.40219999663532,0.4199841022491455,True,0,0,0,0,0,0,0,empty
c493087bc.jpg,land_coast,0.0,0.2759348551432292,0.0,0,69.38329999684356,0.7090531587600708,True,0,2,0,2,0,2,2,coast
c4a3a677d.jpg,land_coast,0.0,0.3093634711371528,0.0,27,63.834000000497326,0.964756965637207,True,6,20,0,12,0,10,12,coast
c4a8edd30.jpg,candidates,0.0,0.00032721625434027775,0.0,1,59.00450001354329,0.9206340909004211,True,0,1,0,1,0,1,1,ships
c4d1e6670.jpg,candidates,0.0,0.003792656792534722,0.0,14,61.311199999181554,0.9635022282600403,True,1,1,0,1,0,1,1,ships
c4f963b2d.jpg,land_coast,0.0,0.1539459228515625,0.0,35,60.587999993003905,0.9998908042907715,True,3,8,1,5,1,5,12,coast
c50cd8cef.jpg,candidates,0.0,0.07260640462239583,0.0,21,61.75170000642538,0.45194679498672485,True,0,5,0,1,0,0,4,ships
c510ba6e3.jpg,land_coast,0.0,0.13556077745225695,0.0,40,61.552600003778934,0.7671810984611511,True,4,1,0,1,0,1,2,coast
c514c104a.jpg,candidates,0.0,0.004141913519965278,0.015362209743923612,11,58.94599997554906,0.8533756136894226,True,0,4,0,2,0,2,3,ships
c5258b331.jpg,candidates,0.0,7.968478732638889e-05,0.0,3,59.24669999512844,0.8586872816085815,True,0,3,0,2,0,2,2,ships
c532610fd.jpg,empty_sea,0.0,0.0,0.0,0,59.8572000162676,0.11651235073804855,False,0,0,0,0,0,0,0,empty
c53a2ee58.jpg,candidates,0.15718248155381945,0.07102295815767921,0.0658966018092287,40,58.544999978039414,0.26831501722335815,True,0,0,0,0,0,0,0,empty
c543f74d8.jpg,candidates,0.0,0.10257466634114583,0.0,70,113.77830000128597,0.950153112411499,True,4,6,1,1,0,1,3,ships
c54e1ab40.jpg,candidates,0.010843912760416666,0.0030385817195892058,0.0,84,60.0267999980133,0.7982664108276367,True,0,2,0,2,0,2,2,ships
c553822a9.jpg,land_coast,0.5607503255208334,0.2634963705219077,0.0,0,57.45399999432266,0.44603589177131653,True,0,2,0,1,0,0,1,coast
c5571ec67.jpg,candidates,0.0,0.0,0.0,2,57.694599992828444,0.7854060530662537,True,0,1,0,1,0,1,1,ships
c559820e2.jpg,candidates,0.0,0.028876410590277776,0.0,1,62.7575000107754,0.16141320765018463,True,0,0,0,0,0,0,0,empty
c55dbf5cc.jpg,land_coast,0.5172593858506944,0.21862124333494912,0.0,6,60.89739999151789,0.5482373833656311,True,0,2,0,1,0,1,1,coast
c561e4293.jpg,land_coast,0.0,0.2006378173828125,0.0,4,70.36340000922792,0.5200097560882568,True,1,5,0,1,0,0,3,coast
c56a3e864.jpg,candidates,0.0,5.5948893229166664e-05,0.0,2,61.34119999478571,0.8556183576583862,True,0,5,0,1,0,0,2,ships
c586a33b5.jpg,candidates,0.0,0.05648464626736111,0.046591864691840276,61,63.606000010622665,0.9993088245391846,True,2,3,0,3,0,3,3,ships
c58a63cdd.jpg,land_coast,0.0,0.041892157660590276,0.16884019639756945,67,62.20390001544729,0.9999959468841553,True,1,3,0,3,0,2,3,coast
c58b2346b.jpg,candidates,0.0,0.004009670681423611,0.0,19,62.91209999471903,0.8867890238761902,True,0,2,0,1,0,1,1,ships
c58db6710.jpg,candidates,0.0,0.0910983615451389,0.07836405436197917,59,66.1588000075426,0.9998557567596436,True,4,3,0,2,0,1,2,ships
c592bdf7d.jpg,candidates,0.0,0.00024074978298611112,0.0,2,62.50340002588928,0.770789623260498,True,1,5,0,2,0,0,2,ships
c5c31d0ba.jpg,candidates,0.0,0.00017801920572916666,0.0,4,61.973300005774945,0.5863017439842224,True,4,4,0,2,0,2,2,ships
c5c9bf314.jpg,candidates,0.0,0.0,0.0,24,59.888700023293495,0.1495930254459381,True,0,0,0,0,0,0,0,empty
c5d5af9b5.jpg,candidates,0.0,0.0012596978081597222,0.0,2,59.198300004936755,0.8805423378944397,True,0,1,0,1,0,1,1,ships
c5e525fea.jpg,candidates,0.0,0.001956515842013889,0.0,8,62.64570000348613,0.9242933988571167,True,0,3,0,1,0,0,1,ships
c5ee24d2a.jpg,candidates,0.0,0.0002492268880208333,0.0,17,64.28990000858903,0.3256886303424835,True,1,1,0,1,0,1,1,ships
c6079250b.jpg,land_coast,0.4264933268229167,0.008380418709627208,0.3065639349365709,25,57.36169998999685,0.47749361395835876,True,0,0,0,0,0,0,1,coast
c60851fb5.jpg,candidates,0.0,0.0017106797960069445,0.0,19,62.09890000172891,0.9723992347717285,True,0,1,0,1,0,1,1,ships
c6105f8b3.jpg,candidates,0.0,0.0035264756944444445,0.0,11,60.52979998639785,0.9994726777076721,True,0,2,0,2,0,2,2,ships
c611d621a.jpg,candidates,0.0,0.011871337890625,0.019802517361111112,16,58.94970000372268,0.9667497873306274,True,5,2,1,1,0,0,1,ships
c61249dac.jpg,candidates,0.3239305284288194,0.06864114593005886,0.0,14,58.92229999881238,0.8593385815620422,True,7,0,0,0,0,0,2,ships
c616d2345.jpg,candidates,0.0,0.003455268012152778,0.0,2,61.10530000296421,0.910667896270752,True,0,1,0,1,0,1,1,ships
c617284f0.jpg,candidates,0.0,0.0007951524522569445,0.0,38,59.09480000264011,0.7755292057991028,True,0,0,0,0,0,0,0,empty
c61a04ef2.jpg,candidates,0.0,2.0345052083333332e-05,0.0679779052734375,34,60.2906999993138,0.06801556795835495,False,0,0,0,0,0,0,0,empty
c61a0f936.jpg,empty_sea,0.0,0.003002590603298611,0.0,0,59.2109999852255,0.734111487865448,True,0,0,0,0,0,0,0,empty
c61bdb74d.jpg,candidates,0.04920620388454861,0.047205734429230366,0.0,21,61.570099991513416,0.5932156443595886,True,2,2,0,0,0,0,2,ships
c6438fa0a.jpg,candidates,0.0,0.06474473741319445,0.032989501953125,67,60.03030002466403,0.9988459348678589,True,4,2,1,2,0,2,2,ships
c647e33d7.jpg,candidates,0.0,0.00011189778645833333,0.0,4,60.36790000507608,0.6079868078231812,True,6,3,0,1,0,0,1,ships
c66eb97bc.jpg,candidates,0.0,0.0006985134548611111,0.0,6,60.73220001417212,0.6885190606117249,True,0,1,0,1,0,1,1,ships
c670f06d8.jpg,candidates,0.0,0.0035383436414930555,0.0,20,61.04259999119677,0.9860787987709045,True,0,3,0,3,0,3,3,ships
c68573a6c.jpg,candidates,0.0,0.00010172526041666667,0.0,4,58.3459000044968,0.7973222136497498,True,0,1,0,1,0,1,1,ships
c6985c3bc.jpg,candidates,0.0,0.0004781087239583333,0.0,1,60.04189999657683,0.5329963564872742,True,0,1,0,1,0,1,1,ships
c6ad8f468.jpg,land_coast,0.0,0.004014756944444444,0.09214613172743055,48,61.22540001524612,0.9838817119598389,True,1,5,1,4,0,3,3,coast
c6b52682a.jpg,candidates,0.0,5.255805121527778e-05,0.0,46,59.41349998465739,0.05771249905228615,False,0,0,0,0,0,0,0,empty
c6c658e7c.jpg,candidates,0.0,0.11434427897135417,0.0,2,62.34589999075979,0.7533706426620483,True,3,5,0,1,0,0,1,ships
c6d0782d3.jpg,land_coast,0.0,0.1664615207248264,0.0,7,60.875199997099116,0.21032391488552094,True,0,0,0,0,0,0,0,coast
c6e0964d6.jpg,land_coast,0.0,0.2801242404513889,0.0,4,72.57230000686832,0.6473391056060791,True,0,0,0,0,0,0,0,coast
c6ebf0bad.jpg,land_coast,0.0,0.2528822157118056,0.0,6,67.65720000839792,0.08014456927776337,False,2,0,0,0,0,0,0,coast
c6edc6cdd.jpg,candidates,0.0,0.028596666124131944,0.015981038411458332,39,64.91020001703873,0.9498382806777954,True,1,1,0,1,0,1,1,ships
c70cff811.jpg,candidates,0.0,0.0,0.0,21,59.148000000277534,0.5500555038452148,True,1,5,0,3,0,1,1,ships
c71663c41.jpg,candidates,0.0,0.0005696614583333334,0.0,13,60.84489999921061,0.8808556199073792,True,7,2,3,2,1,1,2,ships
c71732dda.jpg,candidates,0.0,0.0,0.0,3,58.03409998770803,0.7229681015014648,True,0,0,0,0,0,0,0,empty
c724fb7f2.jpg,land_coast,0.0,0.2870127360026042,0.0,0,70.65529999090359,0.9178138971328735,True,2,8,0,1,0,1,2,coast
c72500996.jpg,candidates,0.0,0.00011359320746527778,0.0,13,61.80769999627955,0.08213602751493454,False,0,0,0,0,0,0,0,empty
c732b4219.jpg,candidates,0.0,0.0,0.012744479709201388,54,62.27439999929629,0.07964499294757843,False,0,0,0,0,0,0,0,empty
c73e36916.jpg,candidates,0.0,0.008877224392361112,0.0,19,60.995399981038645,0.9675818085670471,True,0,4,0,4,0,4,4,ships
c73f75ce3.jpg,candidates,0.0,0.0025804307725694445,0.0,10,59.40750002628192,0.9004356265068054,True,0,1,0,1,0,1,1,ships
c74853df8.jpg,candidates,0.0,0.0017547607421875,0.0,20,60.23749997257255,0.8612807989120483,True,0,5,0,4,0,3,3,ships
c748f46a2.jpg,candidates,0.0,0.015116373697916666,0.0,55,60.54440001025796,0.6092783808708191,True,0,1,0,1,0,1,1,ships
c76da3b19.jpg,candidates,0.0,0.018917507595486112,0.049982706705729164,90,60.571600013645366,0.9267282485961914,True,5,1,0,1,0,1,1,ships
c774ac4fc.jpg,candidates,0.0,0.0027669270833333335,0.0,17,61.8075999955181,0.9667268395423889,True,0,6,0,6,0,5,5,ships
c77e904a7.jpg,candidates,0.0,0.002429538302951389,0.0,21,61.2097000121139,0.8436145782470703,True,4,1,0,1,0,1,2,ships
c791d559e.jpg,candidates,0.0,5.764431423611111e-05,0.0,1,62.93569999979809,0.6300598382949829,True,0,2,0,1,0,0,1,ships
c7986db8c.jpg,candidates,0.0,0.0025736490885416665,0.0,12,60.225099994568154,0.9878729581832886,True,0,1,0,1,0,1,1,ships
c7aa3fcb0.jpg,candidates,0.0,0.00035942925347222225,0.0,2,63.86729999212548,0.7624722123146057,True,0,2,0,1,0,0,1,ships
c7bcc1e3e.jpg,land_coast,0.0,0.1600799560546875,0.0,21,61.731800000416115,0.10024208575487137,False,4,5,0,2,0,0,3,coast
c7d376304.jpg,land_coast,0.18326822916666666,0.16865835226318535,0.0,29,63.73269998584874,0.8874171376228333,True,8,8,1,4,0,1,5,coast
c7e07fca0.jpg,candidates,0.0,0.002044677734375,0.0,5,60.67119998624548,0.9985620379447937,True,2,3,2,2,1,1,2,ships
c7e435e40.jpg,candidates,0.0,0.0005035400390625,0.0,3,59.601399989333004,0.4850456118583679,True,0,1,0,1,0,1,1,ships
c7f731da0.jpg,candidates,0.0,0.001553005642361111,0.0,10,61.331700009759516,0.9733606576919556,True,0,3,0,2,0,2,2,ships
c808204d4.jpg,land_coast,0.0,0.182525634765625,0.0,11,60.638399998424575,0.9813646674156189,True,0,3,0,3,0,3,3,coast
c811ba74f.jpg,candidates,0.0,0.08039177788628472,0.0,54,61.450400011381134,0.9205500483512878,True,0,2,0,2,0,2,2,ships
c811f248e.jpg,candidates,0.0,0.0,0.0,2,59.65660000219941,0.7633441090583801,True,3,1,2,0,0,0,1,ships
c8150e004.jpg,land_coast,0.0,0.3421630859375,0.0,1,70.5980000202544,0.9158830642700195,True,0,1,0,1,0,1,1,coast
c8163f92f.jpg,candidates,0.0,0.0008307562934027778,0.0,9,60.788200004026294,0.7958946824073792,True,0,3,0,3,0,3,3,ships
c82cf1162.jpg,candidates,0.0,0.0004119873046875,0.0,7,60.227800015127286,0.07899964600801468,False,0,0,0,0,0,0,0,empty
c82ed649a.jpg,land_coast,0.0,0.3551601833767361,0.0,1,63.71909999870695,0.4970245361328125,True,0,3,0,0,0,0,1,coast
c82ff8d19.jpg,land_coast,0.0,0.004311455620659722,0.0946316189236111,22,60.64630000037141,0.9948732256889343,True,0,4,0,4,0,3,4,coast
c83bce795.jpg,land_coast,0.0,0.2735154893663194,0.0,4,69.8215999873355,0.9644779562950134,True,1,1,0,1,0,1,1,coast
c84d74fb9.jpg,candidates,0.0,0.002994113498263889,0.0,26,60.36170001607388,0.8637117147445679,True,0,1,0,1,0,1,1,ships
c8544a47e.jpg,candidates,0.0,0.0003204345703125,0.0,1,59.89400000544265,0.9209272265434265,True,0,1,0,1,0,1,1,ships
c860aeb26.jpg,empty_sea,0.0,0.11513434516059028,0.0,0,62.26340000284836,0.6779235005378723,True,0,1,0,0,0,0,1,ships
c8611efe9.jpg,land_coast,0.0,0.18513997395833334,0.0,1,60.54700000095181,0.004543287679553032,False,0,0,0,0,0,0,0,coast
c861be6da.jpg,land_coast,0.0,0.2748277452256944,0.0,18,64.85019999672659,0.6948185563087463,True,0,1,0,1,0,1,1,coast
c86564d5f.jpg,candidates,0.0,0.00250244140625,0.0137176513671875,32,61.63330000708811,0.9990033507347107,True,0,13,0,11,0,10,11,ships
c866079b9.jpg,candidates,0.0,0.00035264756944444444,0.0,1,59.940400009509176,0.8381746411323547,True,1,1,0,1,0,1,1,ships
c876fc5ea.jpg,candidates,0.0,0.0034467909071180555,0.0,4,60.98759997985326,0.985273540019989,True,0,7,0,4,0,2,3,ships
c88c2d44f.jpg,land_coast,0.8730824788411459,0.3135212957408518,0.0,1,55.81749998964369,0.6592750549316406,True,3,3,0,1,0,0,2,coast
c89f7bcc3.jpg,candidates,0.0,0.0019887288411458335,0.0,14,62.68100001034327,0.9919682145118713,True,1,1,0,1,0,1,1,ships
c8bad25f9.jpg,land_coast,0.0,0.24506123860677084,0.0,58,62.646000005770475,0.9987093210220337,True,2,5,0,1,0,0,1,coast
c8befbde2.jpg,candidates,0.0,0.048029581705729164,0.0,7,60.35630000405945,0.791638970375061,True,1,8,0,3,0,2,3,ships
c8bfb3831.jpg,candidates,0.0,0.0677218967013889,0.0,43,61.725800012936816,0.9958735108375549,True,2,3,0,3,0,1,4,ships
c8df0f169.jpg,candidates,0.0,0.0008748372395833334,0.0,21,60.14380001579411,0.1331685185432434,True,1,0,0,0,0,0,0,empty
c8e65ad5e.jpg,candidates,0.0,0.041392008463541664,0.056128607855902776,66,60.20530001842417,0.9997163414955139,True,0,2,0,2,0,2,2,ships
c8ee00067.jpg,candidates,0.0,0.0004391140407986111,0.0,12,59.860700013814494,0.8806133270263672,True,1,15,0,10,0,5,6,ships
c8f82fad1.jpg,candidates,0.0,0.004262288411458333,0.0,7,60.20040001021698,0.400156170129776,True,3,2,0,1,0,1,1,ships
c8fedcb43.jpg,candidates,0.0,0.0013173421223958333,0.0,5,60.04459998803213,0.8865155577659607,True,2,3,0,1,0,0,1,ships
c8fef9c11.jpg,land_coast,0.0,0.004308064778645833,0.17507765028211805,65,63.42309998581186,0.25749677419662476,True,0,1,0,1,0,1,1,coast
c92858293.jpg,candidates,0.0,0.0587310791015625,0.0,85,63.20809997851029,0.07646996527910233,False,0,0,0,0,0,0,0,empty
c94961614.jpg,candidates,0.0,0.0013563368055555555,0.0,12,58.54379999800585,0.3809092342853546,True,0,0,0,0,0,0,0,empty
c95a8c12e.jpg,candidates,0.0,0.08178880479600695,0.0,52,59.74240001523867,0.9537415504455566,True,0,1,0,1,0,1,1,ships
c95f41ee5.jpg,candidates,0.0,0.00115966796875,0.0,62,59.217599977273494,0.534260094165802,True,0,0,0,0,0,0,0,empty
c96240130.jpg,candidates,0.0,0.0004170735677083333,0.0,1,59.12610000814311,0.8890383839607239,True,1,4,0,2,0,2,3,ships
c966e212b.jpg,land_coast,0.0,0.2332187228732639,0.0,4,64.7799999860581,0.16980890929698944,True,0,1,0,1,0,1,1,coast
c968d16ee.jpg,candidates,0.0,0.00012715657552083334,0.0,62,60.98010001005605,0.10952792316675186,False,0,0,0,0,0,0,0,empty
c96dba82f.jpg,empty_sea,0.0,0.0,0.0,0,60.01989997457713,0.5269200801849365,True,0,0,0,0,0,0,0,empty
c973c7e9c.jpg,candidates,0.0,0.0003306070963541667,0.0,3,59.30110000190325,0.5467726588249207,True,0,1,0,1,0,1,1,ships
c975acc83.jpg,candidates,0.0,0.00015936957465277778,0.0,3,60.248599998885766,0.10442005842924118,False,0,4,0,4,0,3,3,ships
c99b28332.jpg,candidates,0.0,0.0010359022352430555,0.0,3,59.02659997809678,0.9795820713043213,True,11,2,3,1,1,1,1,ships
c9a07bd76.jpg,candidates,0.0,0.001827663845486111,0.014005872938368056,41,59.8935000016354,0.7963728904724121,True,1,3,0,3,0,3,3,ships
c9a4244fa.jpg,candidates,0.0,0.000457763671875,0.0,32,56.86069998773746,0.0814799889922142,False,0,0,0,0,0,0,0,empty
c9ac54a6e.jpg,candidates,0.0,0.001556396484375,0.05339389377170139,5,59.37810000614263,0.8684884309768677,True,0,2,0,2,0,2,2,ships
c9b5d67ae.jpg,land_coast,0.0,0.23665025499131945,0.0,11,66.66080001741648,0.6618377566337585,True,0,1,0,1,0,1,1,coast
c9c00cecf.jpg,candidates,0.0,0.0021921793619791665,0.0,15,61.96209997870028,0.9974250793457031,True,3,3,1,3,1,2,3,ships
c9c25b8a2.jpg,candidates,0.0,0.00021192762586805556,0.0,5,64.10399999003857,0.6105054020881653,True,6,4,0,2,0,2,2,ships
c9d23a9ab.jpg,candidates,0.0,0.0008544921875,0.0,3,60.79039999167435,0.6332629919052124,True,0,1,0,1,0,1,1,ships
c9d2b7692.jpg,candidates,0.0,0.0018327501085069445,0.0,12,62.61459999950603,0.9922418594360352,True,0,7,0,6,0,4,7,ships
c9e1400d9.jpg,candidates,0.0,0.002678765190972222,0.0,6,61.02699998882599,0.9973639845848083,True,0,2,0,2,0,2,2,ships
c9e936288.jpg,candidates,0.0,0.0,0.0,18,59.70390001311898,0.05959055945277214,False,0,0,0,0,0,0,0,empty
c9ef774de.jpg,land_coast,0.0,0.2638329399956597,0.0,0,67.78919999487698,0.4257517158985138,True,0,0,0,0,0,0,1,coast
c9ef9957c.jpg,candidates,0.0,0.0011918809678819445,0.0,3,61.37670000316575,0.6719285249710083,True,0,2,0,2,0,1,1,ships
c9fe5d5ca.jpg,candidates,0.0,5.5948893229166664e-05,0.0,1,59.32979998760857,0.4948941469192505,True,0,1,0,1,0,1,1,ships
ca204fe06.jpg,land_coast,0.0,0.2401394314236111,0.060568915473090276,1,72.23050002357922,0.6913663744926453,True,2,0,0,0,0,0,1,coast
ca3aac5f6.jpg,candidates,0.0,0.0011800130208333333,0.012829250759548612,68,57.728500018129125,0.4312455654144287,True,1,4,0,2,0,1,2,ships
ca3bc8ede.jpg,candidates,0.0,0.008802625868055556,0.0,125,62.10489998920821,0.41417068243026733,True,1,1,0,1,0,1,1,ships
ca3d01277.jpg,land_coast,0.0,0.16701253255208334,0.0,101,67.98740001977421,0.19907857477664948,True,0,1,0,1,0,0,1,coast
ca547ba18.jpg,land_coast,0.0,0.002926296657986111,0.1480322943793403,47,60.75810000766069,0.8974136114120483,True,2,1,0,1,0,1,1,coast
ca5550623.jpg,candidates,0.0,0.018909030490451388,0.0,129,61.56669999472797,0.9777466654777527,True,35,3,2,0,1,0,1,ships
ca5b58e6f.jpg,land_coast,0.117095947265625,0.0008073370164022021,0.09022673689588667,43,61.232300009578466,0.08474487066268921,False,1,0,0,0,0,0,0,coast
ca621f70c.jpg,candidates,0.0,0.0013749864366319445,0.0,4,60.02610002178699,0.9917125701904297,True,0,1,0,1,0,1,1,ships
ca734e1f7.jpg,candidates,0.0,0.00024074978298611112,0.0,34,59.12669998360798,0.22825607657432556,True,0,2,0,1,0,0,1,ships
ca78eac88.jpg,land_coast,0.0,0.2412601047092014,0.06441413031684028,25,65.28300000354648,0.9974310994148254,True,4,24,1,10,0,7,12,coast
ca803786e.jpg,candidates,0.0,0.00034417046440972225,0.0,3,59.16619999334216,0.6911947727203369,True,1,4,0,3,0,2,3,ships
ca8043da1.jpg,candidates,0.0,0.019480387369791668,0.05433824327256945,50,60.89839999913238,0.987116277217865,True,0,4,0,2,0,1,2,ships
ca8f71cc3.jpg,land_coast,0.0,0.2933061387803819,0.0,31,71.48739998228848,0.9713971614837646,True,0,2,0,2,0,2,2,coast
cabec17ac.jpg,candidates,0.0,0.0401611328125,0.0,4,63.77749997773208,0.37660500407218933,True,0,2,0,0,0,0,1,ships
cac024e66.jpg,candidates,0.0,0.005474514431423611,0.0158233642578125,24,60.14859999413602,0.9999332427978516,True,0,4,0,2,0,1,2,ships
cac7e5159.jpg,candidates,0.0,0.0013580322265625,0.0,3,58.616200025426224,0.9562451243400574,True,2,8,0,5,0,3,4,ships
cb0069016.jpg,candidates,0.0,0.08098856608072917,0.0,18,59.48659998830408,0.9728441834449768,True,0,1,0,1,0,1,1,ships
cb1dfe6c5.jpg,land_coast,0.0,0.1783209906684028,0.03222995334201389,18,62.63339999713935,0.4435955286026001,True,5,0,0,0,0,0,1,coast
cb2f03a91.jpg,candidates,0.0,0.00023396809895833334,0.0,2,58.512299990979955,0.6193138957023621,True,1,2,1,0,1,0,1,ships
cb2ff053a.jpg,candidates,0.0,0.0007595486111111111,0.028301662868923612,36,59.571799996774644,0.9843629002571106,True,0,1,0,1,0,1,1,ships
cb53caede.jpg,candidates,0.0,0.0010138617621527778,0.06456671820746528,46,60.062000004108995,0.9941290616989136,True,1,5,1,2,0,2,3,ships
cb59838db.jpg,candidates,0.0,0.001522488064236111,0.0,2,59.425100014777854,0.7601381540298462,True,0,1,0,1,0,1,1,ships
cb5b36f4b.jpg,land_coast,0.0,0.1937900119357639,0.0,1,59.846999996807426,0.004684596322476864,False,0,0,0,0,0,0,0,coast
cb859b033.jpg,land_coast,0.0,0.2777455647786458,0.0,1,69.1579999984242,0.06891963630914688,False,0,0,0,0,0,0,0,coast
cb894ab1f.jpg,land_coast,0.0,0.3487396240234375,0.0,0,63.10780000058003,0.9072200059890747,True,0,1,0,1,0,1,1,coast
cbaa3ac40.jpg,candidates,0.0,0.004611545138888889,0.0,37,61.76209999830462,0.6855278015136719,True,0,0,0,0,0,0,0,empty
cbb7c75bf.jpg,candidates,0.0,0.003977457682291667,0.0,39,59.556699998211116,0.7773216962814331,True,0,4,0,4,0,4,4,ships
cbbfbb22d.jpg,candidates,0.0,0.005393134223090278,0.03567165798611111,21,59.46679998305626,0.9989029169082642,True,1,3,1,3,1,3,3,ships
cbce3034c.jpg,candidates,0.0,0.00016106499565972222,0.0,26,60.35939999856055,0.3213614225387573,True,1,1,0,1,0,1,1,ships
cbce86d74.jpg,candidates,0.0,0.001232571072048611,0.0,10,60.66479999572039,0.9875015020370483,True,0,1,0,1,0,1,1,ships
cbde9fff2.jpg,candidates,0.0,5.255805121527778e-05,0.0,1,59.834999992745,0.47421011328697205,True,0,3,0,1,0,1,1,ships
cc1074060.jpg,candidates,0.0,3.0517578125e-05,0.0,66,60.229499998968095,0.7122291922569275,True,4,0,0,0,0,0,1,ships
cc1129cae.jpg,land_coast,0.0,0.19286600748697916,0.037345038519965276,5,61.46240001544356,0.050134941935539246,False,0,0,0,0,0,0,0,coast
cc149b58c.jpg,candidates,0.0,0.00023905436197916666,0.0,74,60.946499987039715,0.12665797770023346,True,0,0,0,0,0,0,0,empty
cc2341806.jpg,candidates,0.0,0.002841525607638889,0.07241312662760417,28,60.86589998449199,0.9891428351402283,True,0,2,0,2,0,2,2,ships
cc286f825.jpg,land_coast,0.0,0.15553453233506945,0.0,9,59.25710001611151,0.9099968075752258,True,0,2,0,2,0,2,2,coast
cc28b3bff.jpg,land_coast,0.0,0.35992431640625,0.0,12,68.39830000535585,0.9962610602378845,True,0,1,0,1,0,1,1,coast
cc36cf02d.jpg,cloud,0.9745466444227431,0.0,0.0,0,36.0987999883946,0.4960375428199768,True,0,0,0,0,0,0,1,cloud
cc3ec4d92.jpg,land_coast,0.09593031141493055,0.0015406117067422735,0.09458173726850307,66,60.853100003441796,0.6711525917053223,True,0,1,0,1,0,1,1,coast
cc443832a.jpg,empty_sea,0.0,0.0,0.0,0,60.66540000028908,0.27887165546417236,True,0,0,0,0,0,0,0,empty
cc46535db.jpg,land_coast,0.0,0.3507809109157986,0.0,7,65.8384999842383,0.9230348467826843,True,0,1,0,1,0,1,1,coast
cc46f11d8.jpg,candidates,0.0,0.007937961154513888,0.0,15,61.17450000601821,0.9936657547950745,True,0,2,0,2,0,2,2,ships
cc5ffaebd.jpg,land_coast,0.0,0.1230892605251736,0.0,69,62.211999989813194,0.9941598176956177,True,2,1,0,1,0,1,1,coast
cc656380e.jpg,candidates,0.0,0.0,0.0,2,59.97520001255907,0.3329184055328369,True,1,4,0,0,0,0,1,ships
cc65faeed.jpg,candidates,0.0,0.00015089246961805556,0.0,4,59.02739998418838,0.10505835711956024,False,0,0,0,0,0,0,0,empty
cc6bf218a.jpg,land_coast,0.0,0.029875013563368056,0.08069356282552083,63,61.99580000247806,0.998695433139801,True,0,2,0,1,0,1,1,coast
cc6eb78ed.jpg,cloud,1.0,0.0,0.0,0,35.98700001020916,0.061492908746004105,False,1,0,1,0,1,0,0,cloud
cc7877483.jpg,candidates,0.0,0.0,0.0,1,59.82890000450425,0.8104546070098877,True,0,2,0,1,0,0,1,ships
cc79330c9.jpg,candidates,0.0,0.00011189778645833333,0.0,1,56.84180001844652,0.5053349137306213,True,0,4,0,2,0,0,1,ships
cc7aa7f73.jpg,land_coast,0.0,0.2958560519748264,0.0,5,63.441700011026114,0.9562507271766663,True,4,1,0,1,0,1,1,coast
cc855eb83.jpg,land_coast,0.0,0.12113274468315972,0.0,33,62.31920002028346,0.6919201016426086,True,0,1,0,1,0,1,1,coast
cc8c92b9d.jpg,land_coast,0.029888576931423612,0.19699904905665713,0.0,74,65.26329999906011,0.9999889135360718,True,1,2,0,1,0,0,1,coast
cc961a16d.jpg,candidates,0.0,0.00017632378472222222,0.0,19,61.33549998048693,0.2691188156604767,True,0,2,0,1,0,1,1,ships
cc9d63066.jpg,candidates,0.0,0.005384657118055556,0.0,1,59.44539999472909,0.6860495805740356,True,0,2,0,1,0,1,1,ships
ccc3ec007.jpg,empty_sea,0.0,0.08331976996527778,0.0,0,61.59579998347908,0.15284739434719086,True,0,0,0,0,0,0,0,empty
ccd0b1840.jpg,candidates,0.0,0.0006900363498263889,0.0,2,62.08660002448596,0.6717578172683716,True,0,6,0,4,0,2,2,ships
ccd0dbd49.jpg,candidates,0.0,0.00038825141059027775,0.0,7,59.376000019256026,0.791054368019104,True,0,7,0,2,0,0,1,ships
ccd6e5a7a.jpg,candidates,0.0,0.00012715657552083334,0.0,26,62.80419998802245,0.768250584602356,True,0,2,0,2,0,2,2,ships
cce4454eb.jpg,candidates,0.0,0.0009256998697916666,0.0,3,61.007399985101074,0.991502046585083,True,0,1,0,1,0,1,1,ships
ccf8b2830.jpg,candidates,0.0,0.002468532986111111,0.0,2,62.152600003173575,0.5967531800270081,True,1,4,0,1,0,0,1,ships
ccfc98999.jpg,candidates,0.0,0.0866546630859375,0.0715908474392361,44,64.35430000419728,0.9795467257499695,True,5,4,0,2,0,1,1,ships
cd2146349.jpg,land_coast,0.0,0.2573581271701389,0.0,0,62.27360002230853,0.22987797856330872,True,0,0,0,0,0,0,0,coast
cd2c3036f.jpg,land_coast,0.0,0.3035481770833333,0.0,13,69.82959999004379,0.9522854089736938,True,0,1,0,1,0,1,1,coast
cd2dc4f2b.jpg,candidates,0.0,0.00023057725694444444,0.0,1,61.0422000172548,0.2400529533624649,True,0,1,0,1,0,1,1,ships
cd2e27eb6.jpg,land_coast,0.0,0.06063673231336805,0.1312594943576389,60,63.66800001705997,0.976377546787262,True,4,3,0,1,0,0,1,coast
cd3c5160b.jpg,land_coast,0.0,0.2464379204644097,0.0,0,63.32929999916814,0.4862509071826935,True,0,0,0,0,0,0,0,coast
cd6417574.jpg,candidates,0.5656670464409722,0.0,0.0,25,56.65909999515861,0.30824562907218933,True,0,1,0,1,0,1,1,ships
cda43b3b0.jpg,candidates,0.0,0.0021192762586805555,0.0,2,60.8092000184115,0.9596238136291504,True,0,1,0,1,0,1,1,ships
cdc67e294.jpg,land_coast,0.20851304796006945,0.0017661542209345827,0.08616309520702285,46,59.92689999402501,0.5116375684738159,True,0,2,0,1,0,1,1,coast
cdc696259.jpg,land_coast,0.0,0.2589619954427083,0.021270751953125,12,65.13219999033026,0.533481776714325,True,0,1,0,1,0,1,1,coast
cdc888bb9.jpg,candidates,0.0,0.0007866753472222222,0.0,3,62.50140001066029,0.9950879216194153,True,0,1,0,1,0,1,1,ships
cdcd86f93.jpg,candidates,0.0,0.00020684136284722222,0.0,1,59.6269000088796,0.6409324407577515,True,0,3,0,2,0,2,1,ships
cdd0d02c6.jpg,candidates,0.0,0.0031483968098958335,0.012963189019097222,15,58.82099998416379,0.9935070276260376,True,1,6,0,3,0,2,3,ships
ce0f3a682.jpg,land_coast,0.0,0.21216837565104166,0.0,31,70.25410002097487,0.04835175722837448,False,0,3,0,0,0,0,1,coast
ce1186235.jpg,candidates,0.0,0.003719753689236111,0.0,9,61.1812999995891,0.9083392024040222,True,1,1,0,1,0,1,1,ships
ce4f8cffc.jpg,candidates,0.0,0.00019666883680555556,0.0,3,59.05670000356622,0.7320024371147156,True,0,3,0,1,0,0,1,ships
ce536a86a.jpg,candidates,0.0,0.002899169921875,0.027932061089409724,26,62.075699999695644,0.26918256282806396,True,0,2,0,1,0,0,1,ships
ce597fbd7.jpg,land_coast,0.0,0.2019382052951389,0.08076646592881945,24,65.9274999925401,0.9055140614509583,True,11,9,3,5,1,4,7,coast
ce5f2ee8f.jpg,candidates,0.0,0.0730709499782986,0.0,7,63.02020000293851,0.0408671498298645,False,2,6,2,3,1,0,2,ships
ce6610063.jpg,land_coast,0.0,0.2229529486762153,0.0,11,67.17349999235012,0.16592662036418915,True,3,2,0,2,0,0,1,coast
ce671f28d.jpg,land_coast,0.0,0.3013543023003472,0.0,5,71.45900002797134,0.7755556702613831,True,0,5,0,1,0,0,1,coast
ce7a0f083.jpg,candidates,0.0,0.0,0.0,1,58.722599991597235,0.7373034358024597,True,0,3,0,1,0,1,1,ships
ce825caad.jpg,candidates,0.0,7.798936631944444e-05,0.0,3,62.14190000900999,0.6055694818496704,True,0,2,0,2,0,0,1,ships
ce8db8532.jpg,candidates,0.0,0.0008680555555555555,0.0,22,60.171699995407835,0.837811291217804,True,1,1,0,1,0,1,1,ships
ce8e6fa68.jpg,land_coast,0.0,0.006261189778645833,0.08400472005208333,12,59.53670002054423,0.9504545331001282,True,2,2,0,1,0,1,1,coast
ce9c8585d.jpg,candidates,0.0,0.000701904296875,0.0,2,60.9204999927897,0.992150068283081,True,8,1,0,1,0,1,1,ships
ced4bcc4b.jpg,candidates,0.0,3.0517578125e-05,0.0,37,61.02860000100918,0.06493324041366577,False,0,0,0,0,0,0,0,empty
cee77050f.jpg,land_coast,0.0,0.17509629991319445,0.0,30,62.68780000391416,0.9851202368736267,True,0,4,0,4,0,4,4,coast
ceef85c1e.jpg,candidates,0.0,0.0011088053385416667,0.0,48,59.374399977969006,0.39185360074043274,True,0,0,0,0,0,0,0,empty
cef883979.jpg,candidates,0.0,0.042683919270833336,0.0,17,60.40500002563931,0.04355814680457115,False,0,0,0,0,0,0,0,empty
cf342a5c9.jpg,candidates,0.0,0.053960164388020836,0.0104827880859375,47,63.06320001021959,0.8146775960922241,True,23,5,2,2,2,1,3,ships
cf4526fbc.jpg,candidates,0.0,0.11100599500868055,0.03590562608506945,24,63.29719998757355,0.01361156813800335,False,0,0,0,0,0,0,0,empty
cf493fcb5.jpg,candidates,0.0,0.006654527452256944,0.0,69,59.33630000799894,0.9885170459747314,True,11,2,2,1,2,1,4,ships
cf5dee855.jpg,land_coast,0.0,0.2531907823350694,0.0,0,60.30100001953542,0.3920249938964844,True,0,1,0,1,0,1,1,coast
cf7cec252.jpg,candidates,0.0,9.833441840277778e-05,0.0,4,60.02130001434125,0.30433934926986694,True,3,2,0,2,0,2,1,ships
cf8ded8fb.jpg,candidates,0.0,0.0034925672743055555,0.0,31,58.362600015243515,0.9998027682304382,True,0,2,0,2,0,2,2,ships
cf9fcd6b8.jpg,candidates,0.0,0.003078884548611111,0.0,2,58.073799998965114,0.9985944628715515,True,1,6,0,3,0,0,2,ships
cfb6c473e.jpg,candidates,0.0,0.0028177897135416665,0.0,12,59.35850000241771,0.9824436902999878,True,0,1,0,1,0,1,1,ships
cfbaa3622.jpg,candidates,0.0,5.9339735243055555e-05,0.0,2,58.734599995659664,0.30194419622421265,True,1,2,0,2,0,2,2,ships
cfbde7b02.jpg,candidates,0.0,0.000732421875,0.0,5,58.63850002060644,0.8261431455612183,True,5,5,4,3,1,1,2,ships
cfc01b72c.jpg,candidates,0.0,0.0005238850911458334,0.0,20,60.26139997993596,0.3635760247707367,True,10,0,6,0,0,0,2,ships
cfc47dc7f.jpg,candidates,0.0,0.00021192762586805556,0.0,1,58.8817999814637,0.8823391199111938,True,0,1,0,1,0,1,1,ships
cfc60a388.jpg,land_coast,0.0,0.0027601453993055555,0.12337239583333333,63,62.05069998395629,0.021669087931513786,False,0,1,0,0,0,0,1,coast
cfd05d1c9.jpg,candidates,0.0,0.0018751356336805555,0.0,12,60.563000006368384,0.7105540633201599,True,1,1,0,1,0,1,1,ships
cfd639214.jpg,land_coast,0.0,0.22584703233506945,0.0,6,62.10139999166131,0.40918856859207153,True,0,2,0,1,0,1,1,coast
cfd64576f.jpg,land_coast,0.0,0.3086276584201389,0.0,17,68.26599998748861,0.9553285241127014,True,2,2,0,2,0,2,2,coast
cfddcbd4a.jpg,land_coast,0.0,0.2645840115017361,0.0,0,63.040200009709224,0.16501231491565704,True,0,0,0,0,0,0,0,coast
cfef40c5a.jpg,land_coast,0.0,0.19743177625868055,0.08609517415364583,26,60.0583000050392,0.8825678825378418,True,3,0,0,0,0,0,2,coast
d01488e58.jpg,empty_sea,0.0,0.09461296929253472,0.0,0,60.10860000969842,0.3689984381198883,True,0,0,0,0,0,0,0,empty
d01a28f5b.jpg,empty_sea,0.0,0.0,0.0,0,57.50600001192652,0.800423800945282,True,0,0,0,0,0,0,0,empty
d01a36aa9.jpg,candidates,0.0,0.010414971245659722,0.012237548828125,44,62.30839999625459,0.9949935078620911,True,1,1,0,1,0,1,1,ships
d035102d9.jpg,land_coast,0.0,0.022723727756076388,0.12352159288194445,72,60.94689999008551,0.9783138632774353,True,1,7,1,5,1,4,5,coast
d049e596b.jpg,candidates,0.0,0.001544528537326389,0.015085856119791666,16,59.07279998064041,0.9887246489524841,True,3,1,1,1,1,1,1,ships
d05bd6df2.jpg,candidates,0.0,0.0,0.0,7,60.429599980125204,0.2801194489002228,True,0,0,0,0,0,0,0,empty
d06bd19ff.jpg,candidates,0.0,0.00014071994357638888,0.0627899169921875,52,60.42240001261234,0.1699095219373703,True,0,1,0,1,0,1,1,ships
d0880713c.jpg,candidates,0.0,0.0009663899739583334,0.0,7,59.29659999674186,0.8898736238479614,True,0,2,0,2,0,2,2,ships
d09408af3.jpg,land_coast,0.0,0.20440843370225695,0.04165818956163195,38,68.91329999780282,0.8651378750801086,True,3,3,1,0,0,0,12,coast
d0a3fabc4.jpg,candidates,0.0,0.0003085666232638889,0.0,5,56.64180000894703,0.413570761680603,True,0,2,0,2,0,1,1,ships
d0bc7505b.jpg,candidates,0.0,0.0006832546657986111,0.0,3,60.56340000941418,0.3767155408859253,True,0,0,0,0,0,0,0,empty
d0d987446.jpg,candidates,0.0,0.0008663601345486111,0.0,3,60.703499999362975,0.7831913828849792,True,0,1,0,1,0,1,1,ships
d0f378ac4.jpg,land_coast,0.008870442708333334,0.0856372230053034,0.1350279934827807,24,60.77349997940473,0.3048289716243744,True,0,2,0,2,0,2,2,coast
d1096c791.jpg,candidates,0.0,0.0004323323567708333,0.044242011176215276,58,60.06849999539554,0.022159045562148094,False,0,2,0,1,0,1,1,ships
d10d2aa3b.jpg,candidates,0.0,0.0,0.0,5,58.67550001130439,0.18679116666316986,True,0,0,0,0,0,0,0,empty
d1165f6ca.jpg,candidates,0.0,0.007649739583333333,0.0,26,60.00080000376329,0.999859094619751,True,0,2,0,2,0,2,2,ships
d127ffe86.jpg,candidates,0.0,0.001369900173611111,0.0,4,59.35490000410937,0.8380829095840454,True,1,15,0,13,0,9,12,ships
d14eb5f92.jpg,land_coast,0.0,0.14943949381510416,0.0,10,65.83999999566004,0.11306837946176529,False,0,0,0,0,0,0,0,coast
d155d157d.jpg,candidates,0.0,0.07696363661024305,0.0,6,60.25799998315051,0.18985700607299805,True,0,0,0,0,0,0,1,ships
d16380420.jpg,land_coast,0.0,0.2587907579210069,0.0,4,62.088599981507286,0.6942541599273682,True,0,1,0,1,0,1,1,coast
d1688771a.jpg,candidates,0.0,0.0018751356336805555,0.0,7,60.20489998627454,0.9996535778045654,True,5,5,3,4,2,4,5,ships
d16d73c39.jpg,candidates,0.0,0.10387335883246528,0.0,85,61.313999991398305,0.7808159589767456,True,0,1,0,1,0,1,1,ships
d18d8c6e1.jpg,candidates,0.0,0.027299669053819444,0.06500752766927083,21,64.30779999936931,0.5737502574920654,True,3,1,0,0,0,0,1,ships
d19239cbd.jpg,candidates,0.0,0.0038011338975694445,0.015887790256076388,28,61.57279998296872,0.9455385208129883,True,0,2,0,2,0,2,2,ships
d198e2ff3.jpg,land_coast,0.0,0.14948527018229166,0.0,19,65.85729998187162,0.10571165382862091,False,0,0,0,0,0,0,0,coast
d1b5ae2ac.jpg,land_coast,0.0,0.2228919135199653,0.0,3,62.42630002088845,0.4803997576236725,True,0,0,0,0,0,0,0,coast
d1badb0bc.jpg,candidates,0.0,0.0013037787543402778,0.0,5,58.7025000131689,0.9528433680534363,True,2,1,0,1,0,1,1,ships
d1cf8047a.jpg,land_coast,0.0,0.2947421603732639,0.0,5,63.45560000045225,0.8425823450088501,True,0,4,0,4,0,4,4,coast
d1d44cf08.jpg,candidates,0.0,0.0018242730034722222,0.0,72,61.3794999953825,0.01785592921078205,False,0,0,0,0,0,0,0,empty
d1e2feb78.jpg,candidates,0.0,0.00042724609375,0.0,6,59.118200006196275,0.781627357006073,True,1,3,0,2,0,0,2,ships
d1e7d5121.jpg,candidates,0.0,0.004448784722222222,0.019921196831597224,34,61.29559999681078,0.9951803684234619,True,0,1,0,1,0,1,1,ships
d1f4649a8.jpg,land_coast,0.021460639105902776,0.3103789167209076,0.0,0,63.6629999789875,0.4099484086036682,True,0,0,0,0,0,0,1,coast
d207a3b38.jpg,candidates,0.0,0.05511135525173611,0.05315992567274305,41,61.354100005701184,0.9623482823371887,True,30,6,7,5,3,3,5,ships
d20b85754.jpg,candidates,0.0,0.002834743923611111,0.020216200086805556,14,61.28510000417009,0.9613842368125916,True,1,1,0,1,0,1,1,ships
d21b2fcef.jpg,land_coast,0.0,0.3551856146918403,0.0,1,69.90299999597482,0.7594426870346069,True,0,1,0,0,0,0,2,coast
d21d19455.jpg,candidates,0.0,0.003109402126736111,0.0151214599609375,5,60.87630000547506,0.9977432489395142,True,0,1,0,1,0,1,1,ships
d233c8e26.jpg,land_coast,0.0,0.13416035970052084,0.051732381184895836,25,61.045900016324595,0.9781625866889954,True,0,1,0,1,0,1,1,coast
d248d957d.jpg,candidates,0.0,0.04447597927517361,0.0,15,59.754000016255304,0.7474549412727356,True,0,1,0,1,0,1,1,ships
d25bc545f.jpg,candidates,0.0,0.0013580322265625,0.0,7,59.896100021433085,0.9233182072639465,True,0,4,0,3,0,2,3,ships
d25c0ae94.jpg,candidates,0.0,0.0,0.0,2,59.16809997870587,0.7617220282554626,True,3,1,2,0,0,0,1,ships
d2606f085.jpg,candidates,0.0,0.018312242296006944,0.07724677191840278,70,60.90879999101162,0.9882137775421143,True,0,1,0,1,0,1,1,ships
d268734c8.jpg,land_coast,0.0,0.2950117323133681,0.0,0,69.44099999964237,0.18685215711593628,True,0,0,0,0,0,0,0,coast
d2918b312.jpg,candidates,0.0,0.014087253146701388,0.014595879448784722,57,61.195399990538135,0.9627000093460083,True,0,2,0,1,0,0,1,ships
d297b2a96.jpg,land_coast,0.0,0.08591206868489583,0.2007107204861111,32,61.16240000119433,0.9630923867225647,True,1,17,0,9,0,7,9,coast
d2a2e625e.jpg,candidates,0.0,0.0003085666232638889,0.0,4,59.462000004714355,0.7000851631164551,True,0,4,0,4,0,3,3,ships
d2add8e1b.jpg,land_coast,0.0,0.21418253580729166,0.0,11,65.91219999245368,0.3232114613056183,True,1,4,0,2,0,1,1,coast
d2ae3203b.jpg,candidates,0.0,0.002349853515625,0.0,8,59.992499998770654,0.9859611988067627,True,0,1,0,1,0,1,1,ships
d2b0a6a9b.jpg,candidates,0.0,0.0013936360677083333,0.0,7,58.822099992539734,0.9823623299598694,True,0,2,0,2,0,2,2,ships
d2c5b7ffc.jpg,candidates,0.0,0.002704196506076389,0.011015150282118056,19,62.307599990163,0.9807456731796265,True,0,1,0,1,0,1,1,ships
d2e7aeea7.jpg,candidates,0.0,0.0,0.0,1,60.6600999890361,0.19437071681022644,True,0,0,0,0,0,0,0,empty
d2e871f1c.jpg,land_coast,0.0,0.2448577880859375,0.0,40,64.68809998477809,0.9755908250808716,True,3,3,0,3,0,3,3,coast
d2fbffe43.jpg,land_coast,0.0,0.2943861219618056,0.0,2,67.32559998636134,0.05068781226873398,False,0,0,0,0,0,0,0,coast
d30ba16f8.jpg,candidates,0.0,0.0,0.0,10,58.73809999320656,0.8219783306121826,True,0,0,0,0,0,0,0,empty
d30f0e444.jpg,candidates,0.0,0.0003712972005208333,0.0,1,57.567100011510774,0.7805237770080566,True,0,1,0,1,0,1,1,ships
d31493201.jpg,candidates,0.0,0.013407389322916666,0.0,55,58.466499991482124,0.8613998293876648,True,1,6,0,3,0,1,2,ships
d31578c2e.jpg,candidates,0.0,0.00013224283854166666,0.0,1,59.45880000945181,0.7304162979125977,True,1,3,0,1,0,0,1,ships
d315fb8ca.jpg,candidates,0.0,0.0,0.0,5,60.45290001202375,0.1664147675037384,True,0,0,0,0,0,0,0,empty
d3200f957.jpg,candidates,0.0,0.042899237738715276,0.05158827039930555,95,61.12369999755174,0.7791828513145447,True,0,10,0,7,0,7,7,ships
d320ac3c7.jpg,land_coast,0.0,0.21989949544270834,0.012320624457465278,14,62.82290001399815,0.11823715269565582,False,0,1,0,1,0,1,1,coast
d3225b22d.jpg,candidates,0.0,0.0021379258897569445,0.0,48,61.90289999358356,0.20945541560649872,True,0,0,0,0,0,0,0,empty
d327a89b1.jpg,candidates,0.0,0.010550604926215278,0.0,25,59.839800000190735,0.05137812718749046,False,0,0,0,0,0,0,0,empty
d33046bfd.jpg,candidates,0.0,0.00018819173177083334,0.0,2,57.812800019746646,0.35966983437538147,True,0,1,0,1,0,1,1,ships
d33e79d0b.jpg,candidates,0.0,0.0010138617621527778,0.0,4,60.651900013908744,0.8189542293548584,True,0,2,0,1,0,1,1,ships
d3426de05.jpg,candidates,0.0,0.021740383572048612,0.018059624565972224,47,62.38920000032522,0.9480430483818054,True,0,1,0,1,0,1,1,ships
d345a3a9d.jpg,land_coast,0.0,0.1775885687934028,0.0,41,63.18430000101216,0.9308481216430664,True,1,1,0,0,0,0,1,coast
d3576e7ce.jpg,empty_sea,0.0,0.007988823784722222,0.0,0,60.88769997586496,0.5575557947158813,True,0,0,0,0,0,0,0,empty
d35808bb6.jpg,candidates,0.0,0.0282745361328125,0.05817837185329861,65,61.401499988278374,0.896723210811615,True,0,4,0,3,0,2,3,ships
d3a2d2f2a.jpg,candidates,0.0,0.004094441731770833,0.0,38,60.66839999402873,0.9946645498275757,True,9,11,1,5,0,5,7,ships
d3a671bb8.jpg,candidates,0.0,0.001202053493923611,0.0,10,60.487400012789294,0.7330322861671448,True,2,1,0,1,0,1,1,ships
d3ace21ee.jpg,land_coast,0.0,0.1820712619357639,0.0,19,65.24029999854974,0.005376789253205061,False,0,0,0,0,0,0,0,coast
d3cff70e3.jpg,candidates,0.0,0.005023532443576389,0.0,68,61.77739999839105,0.9062855243682861,True,0,1,0,1,0,1,1,ships
d3d9b9eb1.jpg,cloud,0.9987928602430556,0.0,0.0,0,36.418600007891655,0.26754581928253174,True,0,4,0,1,0,0,1,cloud
d3e1d8f8b.jpg,candidates,0.0,0.000762939453125,0.0,6,59.02239997521974,0.9663195013999939,True,0,1,0,1,0,1,1,ships
d3f324fc3.jpg,empty_sea,0.0,0.0,0.0,0,58.69100001291372,0.15423202514648438,True,0,0,0,0,0,0,0,empty
d3f3e2a6c.jpg,candidates,0.0,0.048209296332465276,0.0,1,59.94390000705607,0.7091566324234009,True,0,1,0,1,0,1,1,ships
d3f5dcaa1.jpg,candidates,0.0,0.0016869439019097222,0.0,9,60.3189000103157,0.9756630063056946,True,0,1,0,1,0,1,1,ships
d41a86c8c.jpg,candidates,0.0,0.0005204942491319445,0.0,2,60.688600002322346,0.90595942735672,True,2,2,0,1,0,0,1,ships
d42f72387.jpg,candidates,0.0,0.0029754638671875,0.0,7,60.60190001153387,0.9769709706306458,True,0,7,0,4,0,1,3,ships
d439f2c12.jpg,land_coast,0.0,0.2941335042317708,0.0,3,68.49259999580681,0.3971862494945526,True,0,1,0,1,0,1,2,coast
d4410c548.jpg,candidates,0.0,0.0038909912109375,0.03128221299913195,81,61.013400001684204,0.8555934429168701,True,0,1,0,1,0,1,1,ships
d44808c7e.jpg,land_coast,0.0,0.27813720703125,0.0,0,72.22239999100566,0.09653319418430328,False,0,0,0,0,0,0,0,coast
d458ed93a.jpg,candidates,0.0,0.029249403211805556,0.0,3,61.105100001441315,0.1731768697500229,True,0,3,0,3,0,1,1,ships
d459530b9.jpg,candidates,0.0,0.032155354817708336,0.031575520833333336,82,65.18459998187609,0.9981719255447388,True,0,1,0,1,0,1,1,ships
d45c69e55.jpg,candidates,0.0,0.0018937852647569445,0.0,23,63.40870002168231,0.9454595446586609,True,0,2,0,2,0,2,2,ships
d46438d4b.jpg,land_coast,0.0,0.2539350721571181,0.0,2,62.69140000222251,0.21303588151931763,True,1,0,0,0,0,0,0,coast
d482256a4.jpg,candidates,0.0,0.022096421983506944,0.0,7,61.47040001815185,0.024327121675014496,False,0,0,0,0,0,0,0,empty
d49f98f25.jpg,candidates,0.0,0.0010019938151041667,0.0,4,60.251699993386865,0.8301661610603333,True,0,1,0,1,0,1,1,ships
d4a67f6aa.jpg,candidates,0.0,0.001895480685763889,0.0,6,58.627799997339025,0.9678172469139099,True,0,1,0,1,0,1,1,ships
d4aff732e.jpg,candidates,0.0,0.00022210015190972222,0.0,2,58.626499987440184,0.6015259027481079,True,0,0,0,0,0,0,0,empty
d4b10112b.jpg,candidates,0.0,7.290310329861111e-05,0.0,1,60.24899997282773,0.27546221017837524,True,1,0,1,0,0,0,1,ships
d4b2c7df1.jpg,candidates,0.0,0.0019989013671875,0.0,6,60.666299978038296,0.9909005165100098,True,2,2,1,2,1,2,2,ships
d4c1a3972.jpg,empty_sea,0.0,0.007015652126736111,0.0,0,62.174899998353794,0.09690236300230026,False,0,0,0,0,0,0,0,empty
d4c673a1a.jpg,candidates,0.0,0.000640869140625,0.0,19,59.61840000236407,0.7954757213592529,True,0,6,0,3,0,2,2,ships
d4cbb37c1.jpg,land_coast,0.0,0.16438462999131945,0.020694308810763888,39,66.22530001914129,0.46251216530799866,True,1,1,0,1,0,1,1,coast
d4d1cd099.jpg,candidates,0.0,0.0005442301432291666,0.0,3,59.72150000161491,0.9627618193626404,True,0,1,0,1,0,1,1,ships
d4d26f700.jpg,candidates,0.0,0.0018937852647569445,0.0,6,59.605499991448596,0.9892176389694214,True,0,1,0,1,0,1,1,ships
d4d776488.jpg,land_coast,0.0,0.2054901123046875,0.0,15,62.210099975345656,0.7291470766067505,True,0,4,0,1,0,0,1,coast
d4dd3ccd5.jpg,candidates,0.0,0.0,0.0,11,58.2740000099875,0.1631547063589096,True,0,0,0,0,0,0,0,empty
d4eb47fe4.jpg,candidates,0.0,0.011106703016493056,0.0,104,62.01100000180304,0.6102084517478943,True,0,0,0,0,0,0,0,empty
d4efd2ff1.jpg,candidates,0.0,0.004408094618055556,0.0,29,60.33290000050329,0.9568422436714172,True,0,1,0,1,0,1,1,ships
d4f5fc631.jpg,candidates,0.4311777750651042,0.0033947811284987524,0.02936340600034818,18,57.03909997828305,0.09230141341686249,False,0,0,0,0,0,0,0,empty
d4fbc6c42.jpg,candidates,0.0,0.0,0.0,22,59.736199997132644,0.6298812031745911,True,0,1,0,1,0,1,1,ships
d51353c8c.jpg,candidates,0.0,0.00033399793836805556,0.0,1,59.774800000013784,0.9362861514091492,True,1,1,0,1,0,1,1,ships
d522fbcc1.jpg,candidates,0.0,0.040732489691840276,0.0,71,62.405900011071935,0.05298428609967232,False,0,0,0,0,0,0,0,empty
d53802e85.jpg,candidates,0.0,0.022252400716145832,0.0,11,64.19159998768009,0.4474693536758423,True,0,1,0,1,0,1,1,ships
d538c8b58.jpg,candidates,0.0,0.0016276041666666667,0.0,8,62.126100005116314,0.9434744715690613,True,0,3,0,3,0,2,4,ships
d53b3b4f7.jpg,candidates,0.0,0.0004221598307291667,0.0,3,59.37059997813776,0.6238127946853638,True,2,1,0,1,0,1,1,ships
d54485dae.jpg,land_coast,0.0,0.3346354166666667,0.0,1,64.09720002557151,0.9766317009925842,True,1,1,1,1,1,1,1,coast
d547edd0b.jpg,land_coast,0.0,0.2614729139539931,0.0,0,65.57449998217635,0.06839781254529953,False,0,0,0,0,0,0,0,coast
d54882ad6.jpg,land_coast,0.0,0.3620283338758681,0.0,0,65.10000000707805,0.9219744205474854,True,0,1,0,1,0,1,1,coast
d55291fa8.jpg,candidates,0.0,0.003094143337673611,0.0,4,60.85090001579374,0.8378416299819946,True,0,1,0,1,0,1,1,ships
d5544b1e8.jpg,candidates,0.0,0.005577935112847222,0.0,1,59.68740000389516,0.6350718140602112,True,2,2,0,2,0,0,1,ships
d568197d7.jpg,land_coast,0.0,0.3253716362847222,0.0,0,64.20230001094751,0.7586064338684082,True,0,1,0,1,0,1,1,coast
d56e15f1e.jpg,land_coast,0.0,0.2953982883029514,0.0,0,64.14430000586435,0.36218583583831787,True,0,0,0,0,0,0,1,coast
d583d697e.jpg,candidates,0.0,0.0,0.0,4,60.44060000567697,0.356112003326416,True,0,0,0,0,0,0,0,empty
d584b67e8.jpg,land_coast,0.0,0.04810926649305555,0.3708377414279514,56,59.19480000738986,0.9853848814964294,True,4,11,1,7,0,5,7,coast
d58aaa156.jpg,land_coast,0.7577887641059028,0.24784028126569563,0.0636279926335175,6,59.2109999852255,0.9819023609161377,True,1,2,0,1,0,0,3,coast
d5a13f56d.jpg,land_coast,0.0,0.20898946126302084,0.0,17,67.91579999844544,0.09230836480855942,False,0,0,0,0,0,0,0,coast
d5a1b5d87.jpg,candidates,0.0,0.0024464925130208335,0.0,7,61.14129998604767,0.9466936588287354,True,0,1,0,1,0,1,1,ships
d5b4ddf7e.jpg,candidates,0.0,8.816189236111111e-05,0.0,1,58.48879998666234,0.509558916091919,True,0,2,0,1,0,1,1,ships
d5cbb1ffa.jpg,candidates,0.0,3.5603841145833336e-05,0.0,1,59.47999999625608,0.4149988889694214,True,0,2,0,1,0,1,1,ships
d5e62709e.jpg,land_coast,0.0,0.1381903754340278,0.0,53,61.23160000424832,0.6028448939323425,True,0,6,0,1,0,0,7,coast
d601d1bd7.jpg,candidates,0.0,0.0013936360677083333,0.0,7,60.48919999739155,0.999491810798645,True,0,4,0,2,0,2,2,ships
d608ecaee.jpg,land_coast,0.0,0.23746744791666666,0.0,6,62.73989999317564,0.09106916934251785,False,0,0,0,0,0,0,0,coast
d61c69b5d.jpg,candidates,0.0,0.008600870768229166,0.0,41,63.05960001191124,0.810213565826416,True,0,1,0,1,0,1,1,ships
d629473c8.jpg,candidates,0.0,0.03196546766493055,0.0,65,63.17690000287257,0.35074394941329956,True,0,1,0,1,0,1,1,ships
d62e79403.jpg,candidates,0.0,0.0005933973524305555,0.0,1,61.251900013303384,0.9155719876289368,True,0,1,0,1,0,1,1,ships
d63134c57.jpg,candidates,0.0,0.0,0.0,4,59.45140001131222,0.6460323929786682,True,3,5,0,2,0,0,4,ships
d63d5a195.jpg,candidates,0.0,0.003055148654513889,0.0,7,59.83480002032593,0.9996556043624878,True,0,2,0,2,0,2,2,ships
d658180e6.jpg,land_coast,0.0,0.1644778781467014,0.012235853407118056,35,64.605899999151,0.3004307150840759,True,0,1,0,1,0,1,1,coast
d65ebcc15.jpg,candidates,0.0,0.0010138617621527778,0.0,12,59.49250000412576,0.9043359160423279,True,1,8,0,6,0,6,6,ships
d671e0676.jpg,candidates,0.0,0.008400811089409722,0.0,42,62.15029998566024,0.9947239756584167,True,2,4,0,4,0,4,4,ships
d673af73e.jpg,land_coast,0.0,0.368743896484375,0.019085354275173612,7,72.35169998602942,0.6994414329528809,True,0,5,0,1,0,1,2,coast
d67d144f8.jpg,land_coast,0.0,0.17622884114583334,0.010791354709201388,13,60.850400011986494,0.37170201539993286,True,0,0,0,0,0,0,1,coast
d6aba2316.jpg,land_coast,0.0,0.301239013671875,0.0,13,64.06469998182729,0.9659477472305298,True,3,4,0,4,0,4,4,coast
d6b59d78d.jpg,land_coast,0.0,0.1326446533203125,0.2342749701605903,0,61.91350001608953,0.9845801591873169,True,22,3,0,3,0,1,6,coast
d6c509605.jpg,land_coast,0.0,0.2708299424913194,0.0,7,62.281399994390085,0.9629557728767395,True,2,7,0,5,0,4,8,coast
d6d014ce6.jpg,candidates,0.0,0.0017106797960069445,0.0,6,60.30540002393536,0.9958913326263428,True,1,3,1,3,0,3,4,ships
d6d5b3a3a.jpg,candidates,0.0,0.0036112467447916665,0.0,12,60.5667999770958,0.9810294508934021,True,0,2,0,2,0,2,2,ships
d6e39424d.jpg,candidates,0.0,0.0006239149305555555,0.0,3,60.81949998042546,0.6284379363059998,True,0,1,0,1,0,1,1,ships
d6e747951.jpg,candidates,0.0,0.010006374782986112,0.012274848090277778,42,62.15380001231097,0.9748786091804504,True,0,1,0,1,0,1,1,ships
d6f4a1e1c.jpg,candidates,0.0,0.0012885199652777778,0.0,5,58.64020000444725,0.9506744742393494,True,0,2,0,2,0,2,2,ships
d6f904887.jpg,candidates,0.0,0.0003238254123263889,0.0,3,58.70550000690855,0.7982238531112671,True,3,1,1,1,0,1,1,ships
d70582b99.jpg,candidates,0.0,0.005243937174479167,0.015497843424479166,11,60.77740000910126,0.9945257902145386,True,3,5,0,2,0,2,3,ships
d70a782c8.jpg,candidates,0.0,0.03321499294704861,0.0,83,63.721700018504634,0.8941829800605774,True,0,0,0,0,0,0,0,empty
d7148ea82.jpg,candidates,0.0,0.015992906358506944,0.052146063910590276,53,61.230799998156726,0.9917492866516113,True,10,6,0,3,0,1,2,ships
d71ecae92.jpg,land_coast,0.0,0.03283521864149305,0.1396857367621528,17,60.293000016827136,0.9995380640029907,True,6,4,2,3,1,3,1,coast
d74430258.jpg,land_coast,0.0,0.15655008951822916,0.0,0,65.64310000976548,0.599852979183197,True,0,3,0,0,0,0,1,coast
d74a679af.jpg,land_coast,0.0,0.2421603732638889,0.0,1,61.99079999350943,0.46064433455467224,True,0,2,0,1,0,1,1,coast
d759a9908.jpg,candidates,0.0,0.007220798068576389,0.0,49,57.974299998022616,0.6545355319976807,True,0,0,0,0,0,0,0,empty
d78ae1183.jpg,candidates,0.0,0.00024074978298611112,0.0,2,60.75320002855733,0.6989743709564209,True,1,8,0,2,0,1,2,ships
d78dc391a.jpg,candidates,0.0,0.00014411078559027778,0.0,1,60.053099994547665,0.4562666714191437,True,0,2,0,1,0,1,1,ships
d78f1b0fc.jpg,candidates,0.0,0.006293402777777778,0.053582085503472224,30,63.93529998604208,0.9896795749664307,True,2,2,0,1,0,0,1,ships
d79768bd1.jpg,candidates,0.0,0.0,0.0,1,59.592400008114055,0.689260721206665,True,0,0,0,0,0,0,0,empty
d79f7224d.jpg,land_coast,0.0,0.2237938774956597,0.0,0,62.340600008610636,0.4889041781425476,True,0,0,0,0,0,0,0,coast
d7a9c46b5.jpg,land_coast,0.0,0.3177608913845486,0.0,1,74.8050999827683,0.7815215587615967,True,1,1,1,1,0,1,1,coast
d7bc33409.jpg,land_coast,0.0,0.2600216335720486,0.0,23,62.82890000147745,0.9583776593208313,True,0,2,0,2,0,2,2,coast
d7bed5c3c.jpg,land_coast,0.0,0.2813279893663194,0.041802300347222224,21,71.82700000703335,0.9153695702552795,True,0,2,0,1,0,1,1,coast
d7d7a0d82.jpg,land_coast,0.0,0.0865936279296875,0.23702833387586805,16,61.64559998433106,0.9991982579231262,True,12,4,3,3,1,2,2,coast
d7da8d2eb.jpg,candidates,0.0,0.00022718641493055556,0.0,42,60.51029998343438,0.8670674562454224,True,2,2,0,0,0,0,1,ships
d7dab24b9.jpg,candidates,0.0,0.0005120171440972222,0.0,1,61.748499982059,0.8540877103805542,True,1,1,0,1,0,1,1,ships
d7f59157e.jpg,candidates,0.0,0.0025312635633680555,0.0,10,62.12539999978617,0.9259239435195923,True,0,1,0,1,0,1,1,ships
d7fbb11c2.jpg,candidates,0.0,0.0005747477213541666,0.0,46,59.164300007978454,0.08176952600479126,False,0,0,0,0,0,0,0,empty
d8014d408.jpg,candidates,0.0,0.001514010959201389,0.0,6,61.3434000115376,0.9872404932975769,True,0,2,0,2,0,2,2,ships
d817f8a5e.jpg,candidates,0.0,0.00016954210069444444,0.0,2,59.44400001317263,0.35470059514045715,True,3,3,1,2,0,1,2,ships
d818faec7.jpg,candidates,0.0,0.0016394721137152778,0.0,1,60.190899996086955,0.9345429539680481,True,0,4,0,1,0,0,1,ships
d830995c0.jpg,candidates,0.0,0.0014699300130208333,0.012569851345486112,13,60.628999985056,0.7290889620780945,True,0,3,0,2,0,1,2,ships
d834cf90f.jpg,land_coast,0.042877197265625,0.16570611640901706,0.01155526732080826,1,62.78629999724217,0.008507266640663147,False,0,0,0,0,0,0,0,coast
d838aeb0f.jpg,candidates,0.0,0.0,0.015146891276041666,36,61.878400010755286,0.20814776420593262,True,0,0,0,0,0,0,0,empty
d84cfdb99.jpg,land_coast,0.0,0.2543741861979167,0.0,12,63.183799997204915,0.2734747529029846,True,0,0,0,0,0,0,0,coast
d84dcbec7.jpg,candidates,0.0,0.0285797119140625,0.0,7,62.91090001468547,0.9858486652374268,True,0,1,0,1,0,1,1,ships
d86011872.jpg,land_coast,0.0,0.14198133680555555,0.0,0,62.01209998107515,0.5666893124580383,True,0,0,0,0,0,0,0,coast
d873b61c4.jpg,candidates,0.0,0.00019497341579861112,0.0,1,59.67449999297969,0.3855160176753998,True,1,3,0,0,0,0,1,ships
d885a0cfa.jpg,candidates,0.0,0.006559583875868056,0.034859551323784724,3,59.888900024816394,1.0,True,0,1,0,1,0,1,2,ships
d8932f238.jpg,candidates,0.0,0.0005323621961805555,0.0,2,59.223199990810826,0.9265171885490417,True,0,2,0,2,0,2,2,ships
d89781c4f.jpg,candidates,0.0,0.0003323025173611111,0.0,4,61.35150001500733,0.43832048773765564,True,2,5,0,2,0,1,2,ships
d8aaa8906.jpg,candidates,0.0,0.000979953342013889,0.0,5,59.68249999568798,0.9800066351890564,True,0,1,0,1,0,1,1,ships
d8bece921.jpg,candidates,0.0,0.00028143988715277775,0.0,2,60.31200001598336,0.3938550353050232,True,0,1,0,1,0,1,1,ships
d8cd22a93.jpg,candidates,0.0,0.002953423394097222,0.0,21,61.42919999547303,0.9497836828231812,True,0,3,0,3,0,3,3,ships
d8cf4003a.jpg,land_coast,0.0,0.1242794460720486,0.055272420247395836,19,62.3697999981232,0.13649523258209229,True,0,0,0,0,0,0,0,coast
d8d932cc9.jpg,candidates,0.0,0.00013393825954861112,0.0,3,59.641300002112985,0.5939716696739197,True,3,2,2,0,0,0,1,ships
d8e1291a9.jpg,land_coast,0.0,0.1452857123480903,0.0,45,63.653399993199855,0.1495349258184433,True,0,0,0,0,0,0,1,coast
d8f2d724d.jpg,candidates,0.0,0.001712375217013889,0.0,10,61.30270002176985,0.9758643507957458,True,5,1,2,1,1,1,1,ships
d904353a3.jpg,land_coast,0.0,0.2969394259982639,0.0,0,71.14640000509098,0.14402328431606293,True,0,0,0,0,0,0,0,coast
d90ee92a7.jpg,candidates,0.0,0.007354736328125,0.0,45,63.570600003004074,0.9903948903083801,True,3,4,1,3,1,3,4,ships
d90fea18e.jpg,land_coast,0.0,0.06089613172743055,0.3382703993055556,19,60.61099999351427,0.9999268054962158,True,4,4,0,3,0,3,3,coast
d91bbf2a5.jpg,candidates,0.0,0.09193589952256945,0.01104736328125,34,60.877000010805205,0.9975436329841614,True,3,1,1,1,1,1,1,ships
d91cd539d.jpg,candidates,0.0,0.07427978515625,0.0,22,60.89520000386983,0.32600682973861694,True,13,5,2,4,0,3,4,ships
d93f8afa8.jpg,candidates,0.0,0.0009240044487847222,0.0,4,60.56829998851754,0.8882799744606018,True,0,4,0,1,0,1,1,ships
d94a9fb03.jpg,candidates,0.0,0.017415364583333332,0.0,27,60.63190000713803,0.401797354221344,True,0,3,0,1,0,1,1,ships
d94e66a6c.jpg,empty_sea,0.0,0.0,0.0,0,60.05070000537671,0.20822861790657043,True,0,0,0,0,0,0,0,empty
d9647123f.jpg,candidates,0.0,5.5948893229166664e-05,0.0,4,59.84689999604598,0.8395645022392273,True,0,1,0,1,0,1,1,ships
d96fec217.jpg,empty_sea,0.0,0.0,0.0,0,60.19560000277124,0.645649254322052,True,0,0,0,0,0,0,0,empty
d9762ef5e.jpg,land_coast,0.0,0.028444078233506944,0.3011050754123264,52,59.679800004232675,0.9903167486190796,True,2,14,0,7,0,4,12,coast
d97c3853b.jpg,candidates,0.0,0.004913330078125,0.0,15,60.356800007866696,0.7259649634361267,True,1,1,1,1,0,1,1,ships
d98a5b9e7.jpg,empty_sea,0.0,0.0,0.0,0,60.101899987785146,0.5364293456077576,True,0,0,0,0,0,0,0,empty
d993d97f0.jpg,land_coast,0.0,0.23216078016493055,0.0,5,64.4456000009086,0.8426396250724792,True,0,2,0,2,0,2,2,coast
d999fb7eb.jpg,candidates,0.0,0.005006578233506944,0.0,141,61.722699989331886,0.07611040771007538,False,0,1,0,1,0,1,1,ships
d9aeca52a.jpg,land_coast,0.0,0.2813245985243056,0.0,28,63.28479998046532,0.8801219463348389,True,0,1,0,1,0,1,1,coast
d9b0b05ae.jpg,candidates,0.0,0.004852294921875,0.06606038411458333,22,62.15060001704842,0.9091000556945801,True,0,1,0,1,0,1,1,ships
d9c413612.jpg,candidates,0.0,0.0012800428602430555,0.0,8,61.80359999416396,0.901415228843689,True,0,5,0,4,0,3,2,ships
d9ce70363.jpg,candidates,0.0,0.005686442057291667,0.0,81,62.02129999292083,0.1609206348657608,True,0,0,0,0,0,0,0,empty
d9d2ed181.jpg,candidates,0.0,0.0,0.0,1,60.1602999959141,0.12297357618808746,False,0,0,0,0,0,0,0,empty
d9eb952db.jpg,candidates,0.0,0.0034535725911458335,0.0,27,61.32540001999587,0.8860203623771667,True,0,6,0,5,0,4,4,ships
da01be553.jpg,candidates,0.0,0.004092746310763889,0.0,20,59.87019999884069,0.8362211585044861,True,5,3,0,2,0,2,2,ships
da05d9552.jpg,candidates,0.0,0.0003306070963541667,0.0,2,60.513799980981275,0.5670978426933289,True,2,1,1,1,1,1,1,ships
da0eff198.jpg,land_coast,0.026909722222222224,0.0011012326077258405,0.1551104569676234,10,59.72389999078587,0.10121908038854599,False,0,0,0,0,0,0,0,coast
da2ef65c1.jpg,candidates,0.0,0.09307861328125,0.0,52,60.328599996864796,0.9916734099388123,True,0,0,0,0,0,0,0,empty
da3d9ff9a.jpg,candidates,0.0,0.0005103217230902778,0.0,3,60.13960001291707,0.9769812226295471,True,0,1,0,1,0,1,1,ships
da3f2296d.jpg,candidates,0.0,0.002890692816840278,0.0,19,60.24389999220148,0.8738788962364197,True,0,1,0,1,0,1,1,ships
da5b2b43e.jpg,land_coast,0.0,0.1778632269965278,0.026255289713541668,21,67.92540001333691,0.9424111247062683,True,0,1,0,1,0,1,1,coast
da5e01c72.jpg,candidates,0.0,0.00039503309461805556,0.0,17,60.48369998461567,0.528939425945282,True,0,1,0,1,0,1,1,ships
da7127fce.jpg,candidates,0.0,0.023895263671875,0.0,57,62.896399991586804,0.9764698147773743,True,1,1,0,1,0,1,1,ships
da8f9a623.jpg,candidates,0.0,0.062171088324652776,0.0,5,61.56810000538826,0.29242435097694397,True,0,0,0,0,0,0,0,empty
dac3a1dc7.jpg,candidates,0.0,0.001068115234375,0.0,9,57.86699999589473,0.8650562763214111,True,1,3,0,1,0,1,1,ships
dae1c1117.jpg,land_coast,0.0,0.3104756673177083,0.0,0,68.26110000838526,0.2597469091415405,True,0,0,0,0,0,0,0,coast
daf6d488b.jpg,land_coast,0.0,0.2276950412326389,0.0,8,64.73149999510497,0.7839033603668213,True,0,1,0,1,0,1,1,coast
db14ea67b.jpg,candidates,0.0,0.0,0.0,2,59.297400002833456,0.6543679237365723,True,0,1,0,1,0,1,1,ships
db323e181.jpg,land_coast,0.0,0.028661092122395832,0.09811570909288195,40,62.075399997411296,0.9107842445373535,True,2,1,0,1,0,1,1,coast
db332a9bf.jpg,candidates,0.0,0.0,0.0,1,59.475500020198524,0.5363133549690247,True,1,3,0,2,0,2,2,ships
db51d5637.jpg,candidates,0.0,0.0006323920355902778,0.044547186957465276,58,61.189600004581735,0.7407185435295105,True,8,1,0,1,0,1,1,ships
db5eb5b52.jpg,land_coast,0.0,0.2937266031901042,0.0,0,73.54969999869354,0.27791205048561096,True,0,0,0,0,0,0,1,coast
db703d95b.jpg,land_coast,0.0,0.14699300130208334,0.0,96,70.97410000278614,0.45361894369125366,True,2,1,0,1,0,1,1,coast
db80451ad.jpg,candidates,0.0,0.0005933973524305555,0.0,10,59.92820000392385,0.8654563426971436,True,0,5,0,5,0,4,4,ships
db90af1ba.jpg,candidates,0.0,0.0016106499565972222,0.0,34,60.524100001202896,0.500185489654541,True,0,4,0,3,0,2,2,ships
db94b0c65.jpg,candidates,0.0,0.0003916422526041667,0.0,23,59.214699984295294,0.6317296624183655,True,0,3,0,1,0,0,1,ships
dba4b574c.jpg,candidates,0.0,0.09061177571614583,0.0,58,61.21499999426305,0.9469180703163147,True,4,5,0,1,0,1,5,ships
dbb68029a.jpg,candidates,0.0,0.0628543429904514,0.0,7,61.86780001735315,0.5949267148971558,True,0,4,0,2,0,1,1,ships
dbc29fe5e.jpg,candidates,0.0,5.0862630208333336e-05,0.0,1,59.52150002121925,0.1435270607471466,True,0,1,0,1,0,1,1,ships
dbc7efc5f.jpg,candidates,0.0,0.0014055040147569445,0.0,16,60.0955999980215,0.9394789934158325,True,1,3,0,2,0,2,2,ships
dbd46b866.jpg,candidates,0.0,0.024249606662326388,0.0,40,61.62399999448098,0.02740803360939026,False,0,0,0,0,0,0,0,empty
dbea9bce8.jpg,candidates,0.0,0.0009189181857638889,0.0,24,62.23680000402965,0.8686971664428711,True,0,1,0,1,0,1,1,ships
dbf31d0bf.jpg,candidates,0.0,0.00011359320746527778,0.0,21,60.73270001797937,0.7922488451004028,True,3,2,0,1,0,0,1,ships
dbf49f532.jpg,candidates,0.0,0.0,0.0,1,58.909399987896904,0.7311913371086121,True,0,3,0,0,0,0,1,ships
dc0f4e884.jpg,candidates,0.0,0.0008985731336805555,0.0,5,62.24790000123903,0.8853999972343445,True,0,2,0,2,0,2,2,ships
dc181b406.jpg,candidates,0.0,0.012122260199652778,0.0,30,61.21539999730885,0.9999427795410156,True,2,2,1,2,0,1,1,ships
dc1cec72f.jpg,land_coast,0.0,0.3194715711805556,0.0,0,66.12830000813119,0.6194556951522827,True,0,1,0,1,0,1,1,coast
dc1f0561b.jpg,candidates,0.0,0.00012376573350694444,0.0,3,58.84300000616349,0.6244368553161621,True,1,7,1,2,0,0,2,ships
dc24140d7.jpg,land_coast,0.0,0.17978413899739584,0.0,89,68.12750000972301,0.9217568039894104,True,1,1,0,1,0,1,1,coast
dc2e7650e.jpg,candidates,0.0,0.04168870713975695,0.0,13,60.44070000643842,0.9246098399162292,True,0,1,0,1,0,1,1,ships
dc45a7d7d.jpg,land_coast,0.024707370334201388,0.05580842540828455,0.21754280934982612,40,61.40929998946376,0.7714070677757263,True,2,5,0,2,0,2,2,coast
dc4ee69ba.jpg,land_coast,0.0,0.16320631239149305,0.0,2,70.19180001225322,0.8869809508323669,True,0,1,0,1,0,1,1,coast
dc6adaf6b.jpg,candidates,0.0,0.003531561957465278,0.0,15,63.02420000429265,0.999703586101532,True,1,6,0,5,0,4,5,ships
dc70dac80.jpg,candidates,0.0,0.0007188585069444445,0.0,5,60.30240000109188,0.7851921319961548,True,5,3,3,1,2,1,2,ships
dc74e1bd7.jpg,candidates,0.0,5.5948893229166664e-05,0.0,2,61.17440000525676,0.770102322101593,True,0,5,0,1,0,0,2,ships
dc7dd1d3d.jpg,candidates,0.0,0.002814398871527778,0.0,26,61.189400003058836,0.1850646585226059,True,0,0,0,0,0,0,0,empty
dc88648bc.jpg,land_coast,0.0,0.3111606174045139,0.0,6,63.909699994837865,0.7752153873443604,True,0,1,0,1,0,1,1,coast
dc9918631.jpg,candidates,0.0,0.017030504014756944,0.0,1,61.69420000514947,0.806546688079834,True,1,2,0,1,0,1,1,ships
dc9de6e70.jpg,candidates,0.0,0.059824625651041664,0.0,8,62.28180002653971,0.27254942059516907,True,1,3,0,0,0,0,1,ships
dc9df3f49.jpg,empty_sea,0.0,0.0,0.0,0,60.176300001330674,0.5576173663139343,True,0,0,0,0,0,0,0,empty
dcbc1dca0.jpg,candidates,0.0,0.0012274848090277778,0.0,38,61.40330000198446,0.48941293358802795,True,1,0,0,0,0,0,0,empty
dcbd287ff.jpg,candidates,0.0,0.09049479166666667,0.0,17,62.53699999069795,0.7804601192474365,True,0,9,0,6,0,5,8,ships
dcbf6f940.jpg,land_coast,0.5841861300998263,0.2974160021074311,0.0,0,60.328199993819,0.43256112933158875,True,0,0,0,0,0,0,0,coast
dcc648d23.jpg,candidates,0.0,0.0,0.0,3,61.67789999744855,0.7724735736846924,True,2,1,0,1,0,1,1,ships
dcc9d356f.jpg,candidates,0.0,0.003806220160590278,0.0,13,61.9011000089813,0.9999275207519531,True,1,5,1,5,0,4,6,ships
dcd29c585.jpg,land_coast,0.4610799153645833,0.0025165911689315986,0.24737591205597165,25,58.188999973936006,0.09988568723201752,False,0,0,0,0,0,0,0,coast
dce120eb0.jpg,land_coast,0.0,0.290252685546875,0.0,9,64.05989997438155,0.4501769542694092,True,0,1,0,1,0,1,1,coast
dce184f9f.jpg,candidates,0.0,0.00023566351996527778,0.0,1,61.596799991093576,0.511219322681427,True,3,1,1,1,0,0,1,ships
dce4124de.jpg,candidates,0.0,0.03951687282986111,0.0,4,61.00849999347702,0.6625054478645325,True,0,2,0,2,0,2,2,ships
dcecb5848.jpg,candidates,0.0,0.0,0.0,1,61.10399999306537,0.41114217042922974,True,0,2,0,0,0,0,1,ships
dcee40e39.jpg,candidates,0.0,0.0017835828993055555,0.0,1,60.46409998089075,0.9338955283164978,True,1,2,0,2,0,0,1,ships
dcef50f8e.jpg,candidates,0.0,0.0009273952907986111,0.0,57,59.71299999509938,0.10509540140628815,False,0,0,0,0,0,0,0,empty
dd0c48486.jpg,candidates,0.0,0.004876030815972222,0.0,10,61.626599985174835,0.8701366186141968,True,0,2,0,2,0,2,2,ships
dd11c75d4.jpg,land_coast,0.0,0.058837890625,0.2477908664279514,45,60.75889998464845,0.9743235111236572,True,1,2,0,1,0,0,1,coast
dd3611765.jpg,candidates,0.0,0.009840223524305556,0.0486297607421875,36,61.63640000158921,0.9994266033172607,True,9,0,3,0,3,0,2,ships
dd3a40a04.jpg,candidates,0.0,0.00035942925347222225,0.0,4,61.051900003803894,0.7994705438613892,True,0,1,0,1,0,1,1,ships
dd3d81dcc.jpg,candidates,0.0,0.005671183268229167,0.0,16,66.2880000018049,0.9998694658279419,True,0,5,0,2,0,1,2,ships
dd4786821.jpg,candidates,0.0,0.0024159749348958335,0.0,11,62.648899998748675,0.9803507924079895,True,3,7,0,2,0,0,3,ships
dd4a6d82e.jpg,candidates,0.0,0.0007510715060763889,0.0,13,61.86419998994097,0.9244279861450195,True,0,1,0,1,0,1,1,ships
dd5aefa8e.jpg,candidates,0.0,0.0005323621961805555,0.0,3,62.00399997760542,0.8797410726547241,True,0,3,0,3,0,3,3,ships
dd602e79c.jpg,candidates,0.0,0.0011376274956597222,0.0,4,58.75880000530742,0.947467029094696,True,1,2,1,1,1,1,1,ships
dd751efd2.jpg,candidates,0.0,0.0018513997395833333,0.0,6,60.96060000709258,0.9921006560325623,True,2,2,1,2,1,2,2,ships
dd7a0bae9.jpg,candidates,0.0,0.00017462836371527778,0.0,2,61.21690000873059,0.5778886079788208,True,0,2,0,2,0,2,2,ships
dd87389b5.jpg,candidates,0.0,0.020599365234375,0.05433824327256945,42,62.15140002314001,0.9974892139434814,True,3,7,0,2,0,0,3,ships
dd8a7ae86.jpg,land_coast,0.0,0.0354461669921875,0.1639522976345486,73,62.515500001609325,0.9959766268730164,True,0,1,0,1,0,1,1,coast
dd9316d80.jpg,land_coast,0.0,0.3323838975694444,0.0,0,65.84939997992478,0.7289170622825623,True,0,1,0,1,0,1,1,coast
dd95e4912.jpg,land_coast,0.0,0.15803019205729166,0.06530083550347222,57,64.46689998847432,0.19186954200267792,True,0,1,0,1,0,1,1,coast
dd98989f9.jpg,candidates,0.0,0.00014919704861111112,0.0,1,63.29430002369918,0.6337136030197144,True,0,1,0,1,0,1,1,ships
dd9c62eb1.jpg,candidates,0.0,0.0013987223307291667,0.0,8,60.51660000230186,0.9654314517974854,True,0,9,0,8,0,7,9,ships
ddb836e4c.jpg,land_coast,0.0,0.08524237738715278,0.3669535319010417,47,60.08629998541437,0.9986987113952637,True,10,1,5,1,3,1,1,coast
ddc31772a.jpg,candidates,0.011578030056423612,0.00393160657080937,0.050091835030889965,60,60.946299985516816,0.21567858755588531,True,0,0,0,0,0,0,0,empty
ddc628dfc.jpg,candidates,0.0,0.0,0.0,8,59.74399999831803,0.12780851125717163,True,0,0,0,0,0,0,0,empty
dddc57439.jpg,candidates,0.0,0.0015360514322916667,0.0,6,59.1085999913048,0.9429054260253906,True,1,1,0,1,0,1,1,ships
ddde7074c.jpg,candidates,0.0,0.0,0.0,1,62.472399993566796,0.10535485297441483,False,0,0,0,0,0,0,0,empty
dde8b4534.jpg,candidates,0.0,0.008416069878472222,0.0,53,60.64339997828938,0.894635021686554,True,0,0,0,0,0,0,0,empty
ddfd0f81f.jpg,empty_sea,0.0,0.0,0.0,0,61.992600007215515,0.09284970909357071,False,0,0,0,0,0,0,0,empty
ddfd9a43f.jpg,candidates,0.0,0.01116943359375,0.030587090386284724,43,62.88479999057017,0.9995185136795044,True,1,2,0,2,0,2,2,ships
de13169f6.jpg,candidates,0.0,2.5431315104166668e-05,0.0,1,60.2904999977909,0.7743614912033081,True,1,2,0,0,0,0,1,ships
de2bc8558.jpg,candidates,0.0,0.004040188259548611,0.012729220920138888,8,61.69130001217127,0.9984380602836609,True,0,1,0,1,0,1,1,ships
de2cd1e18.jpg,empty_sea,0.0,0.0,0.0,0,59.66369999805465,0.1030488833785057,False,0,0,0,0,0,0,0,empty
de3552aaa.jpg,candidates,0.0,0.00014580620659722222,0.0,11,61.89129999256693,0.3451962172985077,True,0,0,0,0,0,0,0,empty
de729d58d.jpg,candidates,0.0,0.114227294921875,0.0,65,63.86880000354722,0.9758414030075073,True,4,4,0,0,0,0,3,ships
de83256f0.jpg,land_coast,0.0,0.3197445339626736,0.0,0,76.91929998691194,0.9325006604194641,True,0,1,0,1,0,1,1,coast
de8e69dc2.jpg,candidates,0.0,0.0,0.0,2,61.21079999138601,0.4861063063144684,True,0,0,0,0,0,0,0,empty
de9197d41.jpg,land_coast,0.0,0.1267615424262153,0.0,8,62.39290002849884,0.392299085855484,True,0,0,0,0,0,0,0,coast
de93b8c30.jpg,land_coast,0.0,0.024693806966145832,0.1467166476779514,34,60.3955999831669,0.9974914789199829,True,0,4,0,3,0,3,3,coast
de954bc29.jpg,candidates,0.0,0.0013512505425347222,0.0,55,61.60480002290569,0.07540690153837204,False,0,0,0,0,0,0,0,empty
dea844684.jpg,candidates,0.0,0.016226874457465276,0.0,4,62.19909997889772,0.9801476001739502,True,0,6,0,2,0,0,1,ships
deaeaace1.jpg,candidates,0.0,0.0,0.0,2,62.98499999684282,0.1089995875954628,False,0,0,0,0,0,0,0,empty
deb4f38c4.jpg,candidates,0.0,0.0016106499565972222,0.0,9,61.88639998435974,0.9968423843383789,True,0,4,0,4,0,3,4,ships
deb7cf470.jpg,candidates,0.0,0.012056138780381944,0.0,4,59.783400007290766,0.18930639326572418,True,0,3,0,1,0,0,1,ships
dec41d40e.jpg,candidates,0.0,0.0018683539496527778,0.024641248914930556,35,60.38839998655021,0.9902330636978149,True,1,6,1,4,1,4,3,ships
dec4b32bd.jpg,candidates,0.0,0.000518798828125,0.0,2,60.647100006463006,0.624476969242096,True,0,2,0,2,0,2,2,ships
decaf5477.jpg,candidates,0.019512600368923612,0.022005155053806312,0.0,2,61.58770000911318,0.21150048077106476,True,0,0,0,0,0,0,0,empty
decd87781.jpg,candidates,0.0,0.0035230848524305555,0.013141208224826388,28,61.8852999759838,0.9904982447624207,True,0,1,0,1,0,1,1,ships
decf64180.jpg,candidates,0.0,0.0023396809895833335,0.0,11,61.06029998045415,0.9997836947441101,True,2,8,1,4,1,4,5,ships
dee1b7bcd.jpg,candidates,0.0,0.0014817979600694445,0.0,7,63.614800019422546,0.8760561943054199,True,2,1,1,1,0,0,1,ships
def8e62ff.jpg,candidates,0.0,0.002829657660590278,0.052276611328125,60,61.404300009598956,0.8145394921302795,True,0,1,0,1,0,1,1,ships
defc68332.jpg,candidates,0.0,0.001056247287326389,0.0,15,59.77079999865964,0.6220160722732544,True,0,3,0,1,0,1,1,ships
df309259f.jpg,candidates,0.0,0.001132541232638889,0.0,47,61.094900011084974,0.8729396462440491,True,0,1,0,1,0,1,1,ships
df57d6555.jpg,candidates,0.0,0.0023515489366319445,0.0,3,57.84769999445416,0.9838269948959351,True,0,7,0,4,0,1,2,ships
df60ea333.jpg,candidates,0.0,0.011105007595486112,0.0,113,61.06630002614111,0.25338634848594666,True,0,0,0,0,0,0,0,empty
df67b338e.jpg,candidates,0.0,0.003150092230902778,0.0,21,62.223699991591275,0.7937372326850891,True,0,1,0,1,0,1,1,ships
df9631438.jpg,candidates,0.0,0.005710177951388889,0.010949028862847222,25,64.71400000737049,0.9999706745147705,True,1,2,0,2,0,2,2,ships
dfa746e2c.jpg,candidates,0.0,0.07327100965711805,0.0,5,63.00090000149794,0.9486449360847473,True,0,4,0,2,0,1,2,ships
dfb87866b.jpg,candidates,0.0,0.004645453559027778,0.0,4,62.37080000573769,0.931733250617981,True,0,1,0,1,0,1,1,ships
dfbe7e394.jpg,candidates,0.0,0.012176513671875,0.0,191,62.343500001588836,0.13229431211948395,True,0,2,0,1,0,0,1,ships
dfc497a7c.jpg,candidates,0.0,0.00039503309461805556,0.0,5,58.40320000424981,0.8883925080299377,True,2,1,0,1,0,1,1,ships
dfcd53bd6.jpg,candidates,0.0,0.0017852783203125,0.0,4,62.65290000010282,0.9664254784584045,True,0,5,0,2,0,2,2,ships
dfcdddcc7.jpg,land_coast,0.0,0.2760043674045139,0.0,1,66.88490000669844,0.07809766381978989,False,1,0,0,0,0,0,0,coast
dfcf9539e.jpg,candidates,0.0,0.016142103407118056,0.0,20,61.93670001812279,0.3860205113887787,True,0,2,0,1,0,1,1,ships
dfd14645c.jpg,candidates,0.0,0.06676737467447917,0.0,34,60.82330000936054,0.6710897088050842,True,3,1,1,0,0,0,1,ships
dfe9ee27b.jpg,candidates,0.0,0.0011681450737847222,0.0,4,62.248900008853525,0.9693428874015808,True,0,1,0,1,0,1,1,ships
dfebd6a6d.jpg,land_coast,0.0,0.013995700412326388,0.09407212999131945,59,63.0276000010781,0.8155321478843689,True,1,3,0,2,0,0,1,coast
dff287a9f.jpg,candidates,0.0,0.0,0.0,16,62.0780999888666,0.9671289920806885,True,0,2,0,2,0,2,2,ships
dff90a71e.jpg,candidates,0.0,0.0029161241319444445,0.0,6,61.82909998460673,0.9935994148254395,True,0,1,0,1,0,1,1,ships
e0031bf86.jpg,land_coast,0.0,0.2951795789930556,0.0,0,72.56820000475273,0.24877649545669556,True,0,0,0,0,0,0,1,coast
e00b26d45.jpg,candidates,0.0,0.00022210015190972222,0.0,4,60.91170001309365,0.6094332337379456,True,0,3,0,2,0,1,3,ships
e019e8599.jpg,candidates,0.0,0.002265082465277778,0.0,35,61.92330000340007,0.820305347442627,True,7,3,0,1,0,0,2,ships
e01e15b11.jpg,candidates,0.0,0.0009850396050347222,0.0,4,60.656400019070134,0.912433922290802,True,0,1,0,1,0,1,1,ships
e01ed6240.jpg,land_coast,0.0,0.19008890787760416,0.0,9,63.423699990380555,0.9175668358802795,True,0,2,0,2,0,2,2,coast
e03d17003.jpg,empty_sea,0.0,0.0,0.0,0,60.07149998913519,0.5703244209289551,True,0,1,0,1,0,1,1,ships
e04022899.jpg,candidates,0.0,0.0005340576171875,0.0,5,61.27179999020882,0.7070404887199402,True,0,1,0,1,0,1,1,ships
e04158da1.jpg,candidates,0.0,0.0009172227647569445,0.0,11,61.40490001416765,0.7863855957984924,True,0,3,0,3,0,3,3,ships
e04d04a73.jpg,candidates,0.0,0.0,0.0,1,61.00839999271557,0.14213308691978455,True,0,0,0,0,0,0,0,empty
e05d0385a.jpg,land_coast,0.0,0.3554229736328125,0.0,1,64.6476999972947,0.8050364851951599,True,0,0,0,0,0,0,1,coast
e06ff97ef.jpg,land_coast,0.0,0.17193094889322916,0.0,51,64.03519999003038,0.9963634610176086,True,0,1,0,1,0,1,1,coast
e08b6a633.jpg,candidates,0.0,0.00043572319878472225,0.0,1,60.35439998959191,0.8892848491668701,True,1,1,0,1,0,1,1,ships
e0a7cfcae.jpg,land_coast,0.2216220431857639,0.25945220453429085,0.0,0,62.40949998027645,0.4197271466255188,True,0,1,0,1,0,1,1,coast
e0adf0993.jpg,candidates,0.0,0.0004696316189236111,0.0,3,61.73230000422336,0.8789034485816956,True,1,1,1,1,1,1,1,ships
e0b35ff5c.jpg,land_coast,0.1054653591579861,0.009651959010760346,0.10155422957573113,62,61.221999989356846,0.9706586599349976,True,5,6,1,6,1,6,5,coast
e0c25beb6.jpg,candidates,0.0,0.0005052354600694445,0.0,27,60.11449999641627,0.6826819777488708,True,2,10,0,3,0,2,4,ships
e0d71d52d.jpg,candidates,0.0,0.0007968478732638889,0.0,1,58.65409999387339,0.907631516456604,True,0,1,0,1,0,1,1,ships
e0da29077.jpg,empty_sea,0.0,0.09894476996527778,0.0,0,62.430899997707456,0.041458673775196075,False,0,0,0,0,0,0,0,empty
e0dbc7433.jpg,land_coast,0.0,0.22101338704427084,0.0,0,73.78639999660663,0.5377904772758484,True,0,0,0,0,0,0,0,coast
e0e5aee91.jpg,candidates,0.0,0.0005459255642361111,0.0,4,62.91360000614077,0.9159500002861023,True,0,3,0,3,0,3,3,ships
e0ed8219d.jpg,candidates,0.0,0.029273139105902776,0.0,39,61.04100000811741,0.5539364218711853,True,0,0,0,0,0,0,0,empty
e0ef84d33.jpg,land_coast,0.0,0.2870364718967014,0.0,66,68.43680000747554,0.9525965452194214,True,0,1,0,1,0,1,1,coast
e0f916574.jpg,candidates,0.0,0.07192145453559028,0.0,32,63.20549998781644,0.6144440770149231,True,12,11,2,3,0,2,7,ships
e10b4d0ae.jpg,candidates,0.0,0.004233466254340278,0.040152655707465276,39,61.50029998389073,0.957240104675293,True,9,1,5,1,3,1,1,ships
e114efe0c.jpg,candidates,0.0,0.013921101888020834,0.0,109,63.11579997418448,0.8597389459609985,True,0,0,0,0,0,0,0,empty
e1184336e.jpg,candidates,0.0,0.002190483940972222,0.0,51,60.355299996444955,0.2242959588766098,True,0,0,0,0,0,0,0,empty
e12065e8d.jpg,candidates,0.0,0.0018513997395833333,0.0,12,59.34560002060607,0.9917134046554565,True,0,7,0,6,0,6,7,ships
e12ed31b2.jpg,candidates,0.0,0.00022549099392361112,0.0,3,57.92819999624044,0.573300302028656,True,0,1,0,1,0,1,1,ships
e13b506d5.jpg,land_coast,0.0,0.2308264838324653,0.0,3,68.59920002170838,0.3365204930305481,True,0,0,0,0,0,0,0,coast
e13ddafbf.jpg,land_coast,0.0,0.276641845703125,0.0,21,67.03790000756271,0.876883327960968,True,0,9,0,3,0,2,4,coast
e14193d38.jpg,candidates,0.0,0.00044420030381944444,0.0,5,60.198300023330376,0.6643922924995422,True,0,1,0,1,0,1,1,ships
e15bf18f6.jpg,candidates,0.0,3.390842013888889e-05,0.0,2,60.893099987879395,0.19570434093475342,True,1,2,0,1,0,0,1,ships
e167ea928.jpg,land_coast,0.3149905734592014,0.0005052557010553073,0.11270848308695607,20,58.731400000397116,0.024075690656900406,False,0,0,0,0,0,0,0,coast
e16c0aa88.jpg,candidates,0.0,0.002132839626736111,0.0,6,61.08849999145605,0.6164808869361877,True,0,1,0,1,0,1,1,ships
e1713d2e4.jpg,land_coast,0.0,0.09571668836805555,0.408935546875,60,62.286100001074374,0.44359198212623596,True,0,8,0,3,0,2,4,coast
e1719ebde.jpg,land_coast,0.0,0.1929745144314236,0.0,11,62.48950000735931,0.06267733871936798,False,2,7,0,1,0,0,2,coast
e17305d6f.jpg,candidates,0.0,0.0037790934244791665,0.0,16,62.10690000443719,0.9999531507492065,True,1,7,0,7,0,7,7,ships
e17990993.jpg,land_coast,0.0,0.0462188720703125,0.2628394232855903,91,60.36149998544715,0.976209819316864,True,0,1,0,1,0,1,1,coast
e1b21f71e.jpg,candidates,0.0,0.00031195746527777775,0.0,1,60.89200000860728,0.6377078294754028,True,0,1,0,1,0,1,1,ships
e1bbb896e.jpg,land_coast,0.0,0.2889590793185764,0.0,0,71.08009999501519,0.0976066067814827,False,0,0,0,0,0,0,0,coast
e1e970b82.jpg,candidates,0.0,0.0006985134548611111,0.0,2,61.61160001647659,0.870760440826416,True,0,3,0,2,0,1,2,ships
e1fb831df.jpg,land_coast,0.0,0.0891452365451389,0.3941752115885417,52,62.16820000554435,0.30762627720832825,True,8,23,0,5,0,3,12,coast
e1ff8445b.jpg,candidates,0.0,0.05617947048611111,0.022211710611979168,48,63.65379999624565,0.21113508939743042,True,3,3,0,0,0,0,2,ships
e2057c8cb.jpg,empty_sea,0.0,6.951226128472222e-05,0.0,0,62.01729999156669,0.07075996696949005,False,0,0,0,0,0,0,0,empty
e2076b095.jpg,candidates,0.17966206868489584,0.0,0.0,17,58.451299992157146,0.23634137213230133,True,0,0,0,0,0,0,0,empty
e210c8ab1.jpg,candidates,0.0,0.0013342963324652778,0.0,21,61.836799985030666,0.9622732996940613,True,0,2,0,2,0,2,2,ships
e215185fc.jpg,candidates,0.0,0.004197862413194444,0.016766018337673612,24,64.97860001400113,0.9886109232902527,True,14,1,3,1,0,1,1,ships
e215280c6.jpg,land_coast,0.0,0.2601826985677083,0.0,1,63.25960002141073,0.16328780353069305,True,0,2,0,1,0,1,1,coast
e220af7e4.jpg,candidates,0.0,0.0005815294053819445,0.0,2,61.90309999510646,0.11910968273878098,False,0,5,0,2,0,0,1,ships
e2435fd16.jpg,land_coast,0.0,0.016881306966145832,0.1397518581814236,19,61.03139999322593,0.18276040256023407,True,0,0,0,0,0,0,0,coast
e24541346.jpg,candidates,0.0,0.012381659613715278,0.036353217230902776,85,63.800000003539026,0.2771213948726654,True,1,9,0,3,0,2,4,ships
e26578776.jpg,land_coast,0.0,0.09626091851128472,0.3633626302083333,0,61.6093999997247,0.9852781891822815,True,6,7,1,5,0,4,2,coast
e270f482d.jpg,candidates,0.0,0.0001373291015625,0.0,1,61.920099979033694,0.6868476867675781,True,1,1,1,1,0,0,1,ships
e279290ac.jpg,land_coast,0.006778293185763889,0.14769893739186093,0.073461836640043,8,64.08399998326786,0.23300032317638397,True,2,1,0,0,0,0,1,coast
e27a1043e.jpg,candidates,0.0,0.002068413628472222,0.0,12,62.844499974744394,0.22743098437786102,True,1,1,0,1,0,1,1,ships
e27eda89e.jpg,candidates,0.0,0.003502739800347222,0.0,9,62.0374999998603,0.999580442905426,True,0,5,0,4,0,4,4,ships
e28a77c4e.jpg,candidates,0.0,0.029834323459201388,0.015124850802951388,17,66.1956999974791,0.9777085185050964,True,0,5,0,2,0,0,1,ships
e28ea6c68.jpg,candidates,0.0,0.034981621636284724,0.026980929904513888,48,68.03450000006706,0.9597671627998352,True,0,1,0,1,0,1,1,ships
e29b20a8c.jpg,land_coast,0.0404815673828125,0.0021827509091818433,0.10220347096691221,67,61.33409999893047,0.1520434021949768,True,0,0,0,0,0,0,0,coast
e2a2ed1df.jpg,candidates,0.0,0.0006781684027777778,0.0,6,63.27630000305362,0.9491305947303772,True,7,2,1,1,0,1,1,ships
e2b48de41.jpg,candidates,0.0,0.0017547607421875,0.0,5,58.16800001775846,0.8794664740562439,True,0,3,0,2,0,2,2,ships
e2cb5c088.jpg,candidates,0.0,0.0005984836154513889,0.0,3,61.745200015138835,0.8935856819152832,True,0,1,0,1,0,1,1,ships
e2d4ee02b.jpg,candidates,0.0,0.011338975694444444,0.0,30,62.16619999031536,0.048300087451934814,False,0,0,0,0,0,0,0,empty
e2defb617.jpg,candidates,0.04231431749131945,0.0,0.06597395088891388,8,60.6876999954693,0.3567621111869812,True,0,0,0,0,0,0,0,empty
e2e63e107.jpg,land_coast,0.0,0.2452358669704861,0.0,0,64.1509999986738,0.1341577172279358,True,0,0,0,0,0,0,0,coast
e2eba6336.jpg,candidates,0.0,0.0,0.0,3,63.12830001115799,0.7476689219474792,True,0,0,0,0,0,0,0,empty
e2ee21385.jpg,land_coast,0.037300957573784724,0.0005090827818269864,0.10816146615841166,46,60.970299993641675,0.1441735178232193,True,0,0,0,0,0,0,0,coast
e2eff5126.jpg,candidates,0.0,0.09328715006510417,0.0,63,61.43619999056682,0.9999873638153076,True,6,13,1,5,0,4,12,ships
e2f3712d4.jpg,candidates,0.0,0.1192203097873264,0.0,18,62.7696999872569,0.9069246053695679,True,0,5,0,5,0,5,4,ships
e2fc09570.jpg,candidates,0.0,0.0021464029947916665,0.0,9,62.20060001942329,0.8970873355865479,True,3,1,2,1,2,1,1,ships
e32634dff.jpg,candidates,0.0,0.0006069607204861111,0.0,21,62.86459998227656,0.9325838088989258,True,0,1,0,1,0,1,1,ships
e3332d6b3.jpg,candidates,0.0,0.0014088948567708333,0.0,1,61.09210001886822,0.9569524526596069,True,5,2,0,2,0,0,1,ships
e344ff87a.jpg,candidates,0.0,0.0028516981336805555,0.0,7,59.995600022375584,0.9864369034767151,True,1,4,0,2,0,1,2,ships
e345aa0fa.jpg,candidates,0.0,0.002480400933159722,0.0,12,63.53300000773743,0.6586871147155762,True,0,1,0,1,0,1,1,ships
e351b3a23.jpg,candidates,0.0,0.0006306966145833334,0.0,4,62.02610000036657,0.9419960975646973,True,2,1,1,1,0,1,1,ships
e36bd03c3.jpg,land_coast,0.0,0.049080742730034724,0.2982465955946181,44,61.57709998660721,0.9979033470153809,True,2,2,0,1,0,1,1,coast
e37025d1e.jpg,candidates,0.0,0.0013648139105902778,0.0,13,62.762799992924556,0.9505471587181091,True,0,1,0,1,0,1,1,ships
e37b55da1.jpg,candidates,0.0,0.0003000895182291667,0.0,1,61.56390000251122,0.727802574634552,True,0,1,0,1,0,1,1,ships
e38061675.jpg,land_coast,0.12953016493055555,0.010408112866989377,0.1447619124104298,41,61.362999986158684,0.9769518971443176,True,28,7,10,4,7,3,6,coast
e383c1034.jpg,candidates,0.0,0.027426825629340276,0.0,24,62.756899977102876,0.09702128171920776,False,0,0,0,0,0,0,0,empty
e3971ee6f.jpg,candidates,0.0,0.004452175564236111,0.011216905381944444,30,64.12989998352714,0.9973638653755188,True,0,6,0,4,0,4,4,ships
e3a216f2f.jpg,candidates,0.0,5.764431423611111e-05,0.0,12,60.70149998413399,0.30305442214012146,True,1,2,0,1,0,0,1,ships
e3a6563ee.jpg,land_coast,0.0,0.2993977864583333,0.0,2,66.20329999714158,0.899657666683197,True,0,2,0,2,0,2,2,coast
e3a946e05.jpg,candidates,0.0,0.0023345947265625,0.0,10,63.38350000442006,0.28251034021377563,True,0,1,0,1,0,1,1,ships
e3ad2690a.jpg,land_coast,0.0,0.3168436686197917,0.0,1,63.58409998938441,0.4910445213317871,True,3,5,1,2,0,1,2,coast
e3b7fa739.jpg,candidates,0.0,0.008982340494791666,0.026467217339409724,30,64.16190002346411,0.9749914407730103,True,5,3,1,2,0,1,2,ships
e3bd79aae.jpg,candidates,0.0,0.0014851888020833333,0.0,15,61.66020000819117,0.9439018964767456,True,0,1,0,1,0,1,1,ships
e3c71ea14.jpg,candidates,0.0,0.0009104410807291666,0.0,3,60.28650002554059,0.9530391693115234,True,0,1,0,1,0,1,1,ships
e3ce21827.jpg,land_coast,0.0,0.2992112901475694,0.0,0,66.04510001488961,0.25316691398620605,True,0,0,0,0,0,0,0,coast
e3ced7d56.jpg,candidates,0.042443169487847224,0.000754703451737521,0.03999749029731014,43,60.74159999843687,0.9043712019920349,True,3,1,0,1,0,1,1,ships
e3d173076.jpg,land_coast,0.0,0.039632161458333336,0.10484144422743055,30,62.42889998247847,0.9961256384849548,True,1,3,0,2,0,1,3,coast
e3d76f3b3.jpg,land_coast,0.0,0.1849246554904514,0.0,8,67.50909998663701,0.9942924976348877,True,6,10,0,8,0,7,15,coast
e3da47a57.jpg,candidates,0.0,0.0004679361979166667,0.0,1,60.331699991365895,0.8235770463943481,True,1,1,0,1,0,1,1,ships
e3dc2e61c.jpg,land_coast,0.0,0.00013224283854166666,0.09200880262586805,56,61.73129999660887,0.0880698710680008,False,0,0,0,0,0,0,0,coast
e3de6539e.jpg,candidates,0.0,2.8822157118055555e-05,0.0,12,60.945000004721805,0.19228589534759521,True,0,0,0,0,0,0,0,empty
e3de772e1.jpg,candidates,0.0,0.009372287326388888,0.0,20,64.76869998732582,0.8307711482048035,True,0,1,0,1,0,1,1,ships
e3eee0539.jpg,candidates,0.0,0.011176215277777778,0.0,64,63.42550000408664,0.9947033524513245,True,0,15,0,8,0,6,7,ships
e3f296ecd.jpg,land_coast,0.0,0.009962293836805556,0.14406840006510416,12,60.27029998949729,0.9998892545700073,True,4,2,2,2,1,2,2,coast
e3f6d0fba.jpg,candidates,0.0,0.002200656467013889,0.0,20,61.60200000158511,0.9707184433937073,True,0,1,0,1,0,0,1,ships
e4052078a.jpg,land_coast,0.0,0.1701880560980903,0.0,6,67.51620001159608,0.13836374878883362,True,0,0,0,0,0,0,0,coast
e40a67a1a.jpg,candidates,0.0,0.003204345703125,0.0,68,63.23500000871718,0.08721397072076797,False,0,0,0,0,0,0,0,empty
e40e87799.jpg,candidates,0.0,0.013851589626736112,0.0,45,61.060700012603775,0.6723101139068604,True,0,2,0,0,0,0,1,ships
e42e64450.jpg,candidates,0.0,0.001430935329861111,0.0,4,60.53220000467263,0.9136969447135925,True,3,5,1,3,0,3,4,ships
e42fd47a9.jpg,candidates,0.14717610677083334,0.0,0.0,2,59.75859999307431,0.49205854535102844,True,0,1,0,1,0,1,1,ships
e43b5d3c0.jpg,candidates,0.0,0.001064724392361111,0.0,18,67.13589999708347,0.9245160818099976,True,2,1,1,1,0,1,1,ships
e43f3ec8b.jpg,land_coast,0.0,0.18197462293836805,0.0,6,65.61759999021888,0.0683513656258583,False,3,5,0,1,0,0,2,coast
e44af9630.jpg,candidates,0.0,0.0003628200954861111,0.0,2,66.82790000922978,0.902027428150177,True,0,1,0,1,0,1,1,ships
e44bdcbc3.jpg,candidates,0.0,0.0,0.0,3,61.4484999969136,0.4790356457233429,True,0,3,0,0,0,0,1,ships
e44ce8314.jpg,land_coast,0.0,0.317718505859375,0.0,3,66.65810002596118,0.7286838293075562,True,2,3,0,3,0,3,2,coast
e45354f25.jpg,candidates,0.1662411159939236,0.014004354608489207,0.07876827972248175,35,61.7515999765601,0.7052527666091919,True,0,0,0,0,0,0,0,empty
e45948d98.jpg,candidates,0.0,0.0012902153862847222,0.0,6,63.905399991199374,0.937660813331604,True,0,2,0,2,0,2,2,ships
e45b2bfa0.jpg,candidates,0.0,0.03283860948350695,0.0,32,62.90940000326373,0.5953333973884583,True,1,9,0,3,0,2,4,ships
e46a2b722.jpg,candidates,0.0,0.027421739366319444,0.0221405029296875,34,62.24050000309944,0.9557327628135681,True,15,10,5,5,2,4,8,ships
e47738640.jpg,candidates,0.0,0.0108489990234375,0.0,8,64.03320000390522,0.7414492964744568,True,2,1,1,1,1,1,1,ships
e47c0edc0.jpg,land_coast,0.0,0.04005601671006945,0.1584811740451389,87,63.08250001166016,0.32435280084609985,True,0,0,0,0,0,0,0,coast
e47c5350d.jpg,candidates,0.0,0.003197564019097222,0.0,36,64.75040002260357,0.9611512422561646,True,1,1,1,1,1,1,1,ships
e47cdd72e.jpg,candidates,0.0,0.0003611246744791667,0.0,3,62.28860002011061,0.8816789984703064,True,1,2,1,1,1,1,2,ships
e4906cfe5.jpg,candidates,0.0,0.002444797092013889,0.0,23,60.7165000110399,0.434364378452301,True,0,1,0,1,0,1,1,ships
e4b51fe24.jpg,candidates,0.0,0.041144476996527776,0.0,7,60.60789999901317,0.6818042993545532,True,0,1,0,1,0,1,1,ships
e4b6b97cb.jpg,candidates,0.13413831922743055,0.023963546116603604,0.0,48,62.411899998551235,0.999698281288147,True,0,5,0,4,0,4,4,ships
e4cb8a992.jpg,candidates,0.0,0.020867241753472224,0.0,42,64.46709998999722,0.8865740895271301,True,0,2,0,2,0,2,2,ships
e4d8cf115.jpg,candidates,0.0,0.0031602647569444445,0.017479790581597224,33,63.90639999881387,0.9912195801734924,True,6,5,2,2,0,2,2,ships
e4f4bf1f0.jpg,candidates,0.0,0.001178317599826389,0.0,7,62.788200011709705,0.7471217513084412,True,4,2,1,0,0,0,1,ships
e5030f4e2.jpg,candidates,0.0,0.001376681857638889,0.0,3,64.8802999930922,0.9548447132110596,True,0,5,0,3,0,3,4,ships
e50a8c023.jpg,candidates,0.0,3.390842013888889e-05,0.0,3,62.15299997711554,0.11213277280330658,False,0,0,0,0,0,0,0,empty
e517755c9.jpg,land_coast,0.0,0.07346428765190972,0.3352711995442708,34,62.01680001686327,0.9999808073043823,True,6,2,3,1,2,0,1,coast
e519f021e.jpg,candidates,0.0,0.005983140733506944,0.0,3,63.10269999084994,0.15736903250217438,True,0,0,0,0,0,0,0,empty
e5381cb2d.jpg,candidates,0.0,0.045189751519097224,0.0,57,62.42279999423772,0.13023018836975098,True,0,0,0,0,0,0,0,empty
e53ae8ff9.jpg,candidates,0.0,0.00047471788194444444,0.0,3,61.719799996353686,0.7117164134979248,True,0,3,0,2,0,2,2,ships
e56164a38.jpg,candidates,0.0,0.00026109483506944444,0.0,9,63.65820000064559,0.3283618092536926,True,10,0,2,0,0,0,0,empty
e56645abe.jpg,candidates,0.0,0.00048658582899305556,0.0,4,61.388100002659485,0.6909693479537964,True,0,1,0,1,0,1,1,ships
e56e1a2c9.jpg,candidates,0.0,0.016737196180555556,0.012059529622395834,28,66.2315999798011,0.04439081624150276,False,0,0,0,0,0,0,0,empty
e5763adde.jpg,candidates,0.0,2.2040473090277777e-05,0.0,1,63.38720000348985,0.635350227355957,True,0,3,0,0,0,0,1,ships
e59ca3f9f.jpg,land_coast,0.0,0.2513936360677083,0.022660997178819444,11,68.61690001096576,0.471181184053421,True,0,1,0,1,0,1,1,coast
e59f8a8a8.jpg,land_coast,0.0,0.2869466145833333,0.0,4,73.58870000462048,0.8815279603004456,True,0,1,0,1,0,1,1,coast
e5c25a6af.jpg,candidates,0.0,0.001675075954861111,0.0,6,63.67500001215376,0.9704565405845642,True,0,1,0,1,0,1,1,ships
e5e24e96b.jpg,candidates,0.0,0.001156277126736111,0.0,4,63.06590000167489,0.7933485507965088,True,0,2,0,1,0,0,1,ships
e5e4c25b5.jpg,candidates,0.0,0.002646552191840278,0.019556681315104168,30,61.77160001243465,0.9337162971496582,True,0,1,0,1,0,1,1,ships
e6077373c.jpg,candidates,0.0,0.09889390733506945,0.025260077582465276,53,63.76349998754449,0.9969903230667114,True,9,10,0,5,0,4,8,ships
e618483e9.jpg,candidates,0.0,0.0008714463975694445,0.0,7,61.12020000000484,0.924563467502594,True,2,2,0,2,0,2,2,ships
e623ad457.jpg,candidates,0.0,0.0019582112630208335,0.0,12,62.60249999468215,0.9946088790893555,True,2,6,0,5,0,5,5,ships
e62d3b083.jpg,empty_sea,0.0,0.0,0.0,0,61.09440000727773,0.31855106353759766,True,0,0,0,0,0,0,0,empty
e64587598.jpg,candidates,0.0,0.004274156358506944,0.0,19,64.53340000007302,0.9999996423721313,True,1,11,0,9,0,9,9,ships
e6464a9d6.jpg,candidates,0.0,0.0145416259765625,0.010776095920138888,67,68.15520001691766,0.9685017466545105,True,3,2,0,2,0,2,2,ships
e6613a7a4.jpg,land_coast,0.0,0.3644900851779514,0.0,7,75.45169998775236,0.87416672706604,True,1,1,0,1,0,1,1,coast
e671463c7.jpg,candidates,0.0,0.018871731228298612,0.012708875868055556,96,66.13280001329258,0.9988510608673096,True,0,1,0,1,0,1,1,ships
e688d48dc.jpg,candidates,0.0,0.0,0.0,1,60.435299994423985,0.6924746632575989,True,3,0,0,0,0,0,2,ships
e693eb3aa.jpg,candidates,0.0,0.00012715657552083334,0.022606743706597224,22,61.99069999274798,0.14965209364891052,True,0,0,0,0,0,0,0,empty
e69e4a0c7.jpg,land_coast,0.0,0.3131561279296875,0.0,4,78.8507999968715,0.9254615306854248,True,0,1,0,1,0,1,1,coast
e69e87d54.jpg,land_coast,0.0,0.2990230984157986,0.0,0,65.93450001673773,0.5207427740097046,True,0,0,0,0,0,0,0,coast
e6bd8b093.jpg,land_coast,0.027959187825520832,0.003479243330570353,0.1862248713982264,30,66.36350002372637,0.0017120642587542534,False,0,0,0,0,0,0,0,coast
e6ccabbcf.jpg,candidates,0.0,0.005455864800347222,0.0,28,66.25229999190196,0.9957756400108337,True,0,2,0,2,0,2,2,ships
e6d5d1871.jpg,candidates,0.0,0.0015716552734375,0.0,10,63.17109998781234,0.923973023891449,True,0,1,0,1,0,1,1,ships
e6ea08482.jpg,candidates,0.0,0.00011189778645833333,0.0,2,61.16849998943508,0.3438035845756531,True,0,1,0,1,0,1,1,ships
e6ef70442.jpg,candidates,0.0,0.016208224826388888,0.010601467556423612,58,63.22650000220165,0.9896450042724609,True,7,2,4,1,1,1,1,ships
e6f2e887b.jpg,candidates,0.0,0.0022752549913194445,0.017037285698784724,18,62.691800005268306,0.9957677125930786,True,0,2,0,2,0,2,2,ships
e7029e400.jpg,candidates,0.0,4.238552517361111e-05,0.0,1,60.546599997906014,0.3601742386817932,True,0,2,0,1,0,1,1,ships
e704a5e66.jpg,candidates,0.0,0.00022549099392361112,0.0,11,62.38879999727942,0.13912741839885712,True,0,1,0,1,0,1,1,ships
e7124ece1.jpg,candidates,0.0,3.390842013888889e-05,0.0,12,59.51190000632778,0.31055954098701477,True,2,0,0,0,0,0,0,empty
e71380836.jpg,candidates,0.0,0.003455268012152778,0.0,9,63.49530001170933,0.8791734576225281,True,5,1,2,1,2,1,1,ships
e71399e25.jpg,candidates,0.0,0.0004781087239583333,0.0,1,64.62749998900108,0.5250707864761353,True,0,1,0,1,0,1,1,ships
e716a6473.jpg,candidates,0.0,0.0,0.0,5,63.95959999645129,0.7944954037666321,True,1,0,1,0,1,0,1,ships
e722c8808.jpg,candidates,0.0,0.0205535888671875,0.06028578016493055,79,64.46029999642633,0.9995476603507996,True,0,1,0,0,0,0,1,ships
e72893fcb.jpg,candidates,0.0,0.003277248806423611,0.0,38,62.39469998399727,0.9082261919975281,True,0,3,0,3,0,2,3,ships
e73573145.jpg,candidates,0.0,0.0003153483072916667,0.0,12,60.40600000414997,0.9640039205551147,True,1,11,0,6,0,5,4,ships
e73ee308c.jpg,land_coast,0.0,0.23333740234375,0.0,14,66.10599998384714,0.5677568912506104,True,0,1,0,1,0,1,1,coast
e73f6c491.jpg,land_coast,0.0,0.22239854600694445,0.0,46,64.24489998607896,0.7751771807670593,True,0,1,0,1,0,1,1,coast
e74673e50.jpg,candidates,0.0,0.0,0.0,4,63.182200014125556,0.500628650188446,True,0,0,0,0,0,0,0,empty
e74c35724.jpg,candidates,0.0,0.0036146375868055555,0.0,27,67.16570002026856,0.9506938457489014,True,0,2,0,2,0,2,2,ships
e74ce7f9b.jpg,candidates,0.0,0.0013342963324652778,0.0,4,61.57650001114234,0.9925060868263245,True,0,7,0,5,0,5,6,ships
e74dcde3b.jpg,candidates,0.0,0.0008680555555555555,0.0,8,63.4956999856513,0.8610534071922302,True,5,6,1,3,1,3,4,ships
e751ac3b5.jpg,candidates,0.0,0.00038825141059027775,0.0,18,63.04390000877902,0.42165565490722656,True,0,2,0,1,0,1,1,ships
e759ce27c.jpg,candidates,0.0,0.0007883707682291666,0.0,5,61.822000017855316,0.5502868890762329,True,0,1,0,1,0,1,1,ships
e773aced7.jpg,land_coast,0.0,0.2994215223524306,0.0,34,66.31170000764541,0.9574999213218689,True,0,2,0,2,0,2,2,coast
e7a5315de.jpg,land_coast,0.0,0.226318359375,0.0,16,68.74509999761358,0.21038945019245148,True,1,3,0,1,0,1,1,coast
e7b0bc853.jpg,candidates,0.0,0.0,0.0,6,60.10760000208393,0.5053601861000061,True,1,1,0,1,0,1,1,ships
e7d42ca13.jpg,candidates,0.0,0.028750949435763888,0.0,4,62.34169998788275,0.7953316569328308,True,0,2,0,1,0,1,1,ships
e7d57adcb.jpg,land_coast,0.0,0.08055623372395833,0.2919599745008681,37,64.01860000914894,0.9999984502792358,True,5,6,1,5,0,5,5,coast
e7d9696e6.jpg,candidates,0.0,0.014217800564236112,0.0,40,62.2021000017412,0.6364119052886963,True,1,1,0,1,0,1,1,ships
e7e49cac5.jpg,land_coast,0.007149590386284722,0.2828350199062469,0.0,20,68.20609999704175,0.8643708825111389,True,0,1,0,1,0,1,1,coast
e7f471180.jpg,candidates,0.0,0.003044976128472222,0.0,10,64.64640001649968,0.997488260269165,True,2,3,1,2,0,1,2,ships
e8088b41e.jpg,empty_sea,0.0,0.0,0.0,0,62.04489999799989,0.4143664836883545,True,0,0,0,0,0,0,0,empty
e812bcdda.jpg,land_coast,0.0,0.2967325846354167,0.0,6,69.86819999292493,0.8665485978126526,True,0,12,0,4,0,4,5,coast
e81415b91.jpg,candidates,0.0,0.0018751356336805555,0.0,19,64.40420000581071,0.980924129486084,True,0,1,0,1,0,1,1,ships
e84a7e3b1.jpg,candidates,0.0,0.0003560384114583333,0.0,1,62.43579997681081,0.7456063628196716,True,0,1,0,1,0,1,1,ships
e8534d5b3.jpg,candidates,0.0,0.005989922417534722,0.0,3,62.60790000669658,0.19860802590847015,True,0,3,0,2,0,1,1,ships
e85b5e7b1.jpg,candidates,0.0,0.0003390842013888889,0.0,1,62.62039998546243,0.9305593371391296,True,1,1,0,1,0,0,1,ships
e85ceea43.jpg,candidates,0.0,0.00010002983940972222,0.0,15,62.402799987467006,0.4450927972793579,True,0,1,0,1,0,1,1,ships
e86cd7f3a.jpg,land_coast,0.0,0.2994249131944444,0.0,2,77.88220001384616,0.8994114398956299,True,0,4,0,3,0,3,3,coast
e87017c0e.jpg,land_coast,0.0,0.1756507025824653,0.0,5,64.01289999485016,0.9853529334068298,True,2,3,1,2,0,1,2,coast
e884d68c8.jpg,candidates,0.0,0.001666598849826389,0.0,1,64.13370001246221,0.9106591939926147,True,5,1,0,1,0,1,1,ships
e885a7798.jpg,candidates,0.0,0.0016615125868055555,0.0,9,65.98839999060147,0.852591872215271,True,2,0,0,0,0,0,0,empty
e885be5a0.jpg,candidates,0.0,0.008967081705729166,0.0,20,62.11070000426844,0.9996417760848999,True,4,2,2,2,1,1,1,ships
e8883fe81.jpg,candidates,0.0,0.036780463324652776,0.014809502495659722,87,63.642900000559166,0.542383074760437,True,5,1,2,1,1,1,1,ships
e88a1e65d.jpg,candidates,0.0,0.0013342963324652778,0.0,9,62.722899980144575,0.925586998462677,True,1,1,0,1,0,1,1,ships
e88a92edd.jpg,land_coast,0.0,0.2839558919270833,0.0,1,66.52510000276379,0.45498013496398926,True,0,0,0,0,0,0,1,coast
e893d1988.jpg,candidates,0.0,0.00012546115451388888,0.0,1,62.30419999337755,0.7881548404693604,True,6,2,0,1,0,1,1,ships
e89421250.jpg,land_coast,0.0,0.2529432508680556,0.0,1,65.39599999086931,0.7912114262580872,True,0,1,0,1,0,1,1,coast
e899edc65.jpg,land_coast,0.0,0.2772454155815972,0.0,1,69.8098000138998,0.10545890778303146,False,0,0,0,0,0,0,0,coast
e89f910c3.jpg,candidates,0.0,0.001071506076388889,0.0,5,63.32399998791516,0.9643760919570923,True,0,1,0,1,0,1,1,ships
e8aa104eb.jpg,land_coast,0.0,0.29644775390625,0.0,15,74.12770000519231,0.9943511486053467,True,0,6,0,2,0,1,2,coast
e8ae93dbe.jpg,land_coast,0.0,0.3198157416449653,0.0,7,75.89569999254309,0.7052806615829468,True,0,2,0,2,0,2,2,coast
e8af973bd.jpg,candidates,0.0,0.0018310546875,0.0,12,63.260599999921396,0.9902935028076172,True,3,6,0,3,0,2,3,ships
e8c3b2ec0.jpg,empty_sea,0.0,0.0,0.0,0,62.62859998969361,0.09741315990686417,False,0,0,0,0,0,0,0,empty
e8dbb8d28.jpg,land_coast,0.0,0.1990593804253472,0.0,19,64.62200000532903,0.9187532663345337,True,0,1,0,0,0,0,1,coast
e8dbd930d.jpg,land_coast,0.0,0.03518337673611111,0.15801493326822916,63,64.30850000469945,0.9960596561431885,True,3,2,0,0,0,0,1,coast
e8f556fcb.jpg,land_coast,0.2797800699869792,0.0005014178850241592,0.1696399867568099,43,59.244200005196035,0.281211793422699,True,0,0,0,0,0,0,0,coast
e8fbf78e1.jpg,candidates,0.0,0.003424750434027778,0.0,21,64.20649998472072,0.9141648411750793,True,0,3,0,2,0,2,2,ships
e9086d8a6.jpg,candidates,0.0,0.005393134223090278,0.047704060872395836,29,65.16019999980927,0.9919695258140564,True,1,2,0,1,0,0,1,ships
e90fc0479.jpg,candidates,0.0,0.004079182942708333,0.0,35,63.9241999888327,0.9761777520179749,True,48,3,14,1,4,0,1,ships
e914461d7.jpg,candidates,0.0,0.0014936659071180555,0.0,2,62.45959998341277,0.7360641956329346,True,0,0,0,0,0,0,1,ships
e915fee0a.jpg,candidates,0.0,0.0010002983940972222,0.0,89,64.55079998704605,0.109486423432827,False,0,0,0,0,0,0,0,empty
e923c7e07.jpg,candidates,0.0,0.00039503309461805556,0.0,5,61.85140000889078,0.9177006483078003,True,0,1,0,1,0,1,1,ships
e92cf3ae9.jpg,candidates,0.0,0.054100884331597224,0.0,44,64.97969999327324,0.4886155128479004,True,0,2,0,2,0,2,1,ships
e92d47f98.jpg,candidates,0.0,0.006839328342013889,0.0,36,65.41629999992438,0.9920509457588196,True,0,1,0,1,0,1,1,ships
e932110a0.jpg,candidates,0.0,0.0013902452256944445,0.0,8,63.65240001468919,0.9150840044021606,True,0,1,0,1,0,1,1,ships
e93299972.jpg,land_coast,0.0,0.12655809190538195,0.4223141140407986,33,75.38070000009611,0.6276106238365173,True,0,0,0,0,0,0,2,coast
e93679f6d.jpg,land_coast,0.0,0.24394056532118055,0.0,3,71.1666000133846,0.8274132609367371,True,0,1,0,1,0,1,1,coast
e93929a2a.jpg,candidates,0.0,0.0006527370876736111,0.0,4,63.1330999894999,0.8143893480300903,True,1,2,0,2,0,2,2,ships
e9439b864.jpg,land_coast,0.0,0.3044704861111111,0.0,3,66.49329999345355,0.25914907455444336,True,0,0,0,0,0,0,0,coast
e97012b00.jpg,candidates,0.0,0.0069732666015625,0.059134589301215276,22,63.47510000341572,0.9706601500511169,True,0,1,0,1,0,1,1,ships
e9728b600.jpg,land_coast,0.0,0.22319539388020834,0.0,2,71.13900000695139,0.7960778474807739,True,0,1,0,1,0,1,1,coast
e97cf2ad3.jpg,land_coast,0.0,0.3819393581814236,0.0,7,77.10699999006465,0.47284048795700073,True,2,4,0,0,0,0,1,coast
e97e8df40.jpg,candidates,0.0,0.004730224609375,0.0,30,61.99739998555742,0.09290426969528198,False,1,3,1,1,0,0,1,ships
e97f8290b.jpg,candidates,0.0,0.0004628499348958333,0.0,5,61.37569999555126,0.917561948299408,True,0,7,0,6,0,3,4,ships
e9888d957.jpg,candidates,0.0,0.003841824001736111,0.0,34,64.61629999103025,0.9981180429458618,True,3,11,0,6,0,5,7,ships
e98dcb68e.jpg,land_coast,0.1354437934027778,0.09075660517083001,0.0828494195057402,49,62.86400000681169,0.22618690133094788,True,0,0,0,0,0,0,1,coast
e9a28af7f.jpg,candidates,0.0,0.09110005696614583,0.0,66,63.748299988219514,0.3659869432449341,True,0,1,0,0,0,0,1,ships
e9a7dd8f0.jpg,land_coast,0.2766876220703125,0.15276665094351394,0.01635207882540562,0,64.58800000837073,0.37871915102005005,True,0,1,0,1,0,1,1,coast
e9af2524d.jpg,candidates,0.0,0.004152086046006944,0.013144599066840278,28,65.11240001418628,0.9996059536933899,True,6,9,0,5,0,5,6,ships
e9bd05aa2.jpg,candidates,0.0,0.001971774631076389,0.0,9,64.86509999376722,0.9584521651268005,True,0,1,0,1,0,1,1,ships
e9bf915c3.jpg,empty_sea,0.0,0.0,0.0,0,62.38190000294708,0.09394995868206024,False,0,0,0,0,0,0,0,empty
e9cfdbac8.jpg,land_coast,0.0,0.2573310004340278,0.0,0,65.14429999515414,0.08391713351011276,False,0,0,0,0,0,0,0,coast
e9d60af48.jpg,candidates,0.0,0.0792049831814236,0.0,29,63.48059998708777,0.06004446744918823,False,0,1,0,1,0,1,1,ships
e9e083cd3.jpg,candidates,0.0,0.0016954210069444445,0.0,48,61.595400009537116,0.0805835947394371,False,1,0,0,0,0,0,0,empty
e9e2b766d.jpg,land_coast,0.0,0.2425910101996528,0.0,7,74.23579998430796,0.10577956587076187,False,2,6,0,1,0,0,1,coast
e9eb477dd.jpg,candidates,0.0,2.8822157118055555e-05,0.010760837131076388,37,60.9114000108093,0.05630839243531227,False,0,0,0,0,0,0,0,empty
e9ef44cd6.jpg,candidates,0.0,0.0,0.0,2,63.21749999187887,0.01965964399278164,False,0,0,0,0,0,0,0,empty
ea237d575.jpg,candidates,0.0,0.00026618109809027775,0.0,1,61.09350000042468,0.5884230732917786,True,0,2,0,1,0,1,1,ships
ea2b77c43.jpg,land_coast,0.0,0.20315043131510416,0.1436343722873264,10,67.88309998228215,0.9945129156112671,True,2,2,1,1,0,1,1,coast
ea2da5047.jpg,empty_sea,0.0,0.0,0.0,0,63.100700004724786,0.44204181432724,True,0,0,0,0,0,0,0,empty
ea3c9946b.jpg,empty_sea,0.0,0.0,0.0,0,62.173399986932054,0.11589156836271286,False,0,0,0,0,0,0,0,empty
ea69924b8.jpg,candidates,0.0,0.016247219509548612,0.049519856770833336,49,62.72519999765791,0.9992209672927856,True,8,4,4,1,2,0,2,ships
ea79f40d7.jpg,candidates,0.0,0.00044080946180555556,0.0,6,62.36270000226796,0.7082899808883667,True,3,4,0,2,0,2,2,ships
ea81c8a23.jpg,land_coast,0.0,0.3746829562717014,0.0,2,80.09100001072511,0.6236674785614014,True,0,2,0,1,0,1,1,coast
ea8fa807d.jpg,candidates,0.0,0.0003848605685763889,0.0,1,61.299199995119125,0.756667971611023,True,0,3,0,1,0,1,1,ships
eabb995de.jpg,land_coast,0.0,0.07917277018229167,0.23492431640625,38,64.54339998890646,0.9662443995475769,True,1,1,1,1,1,1,1,coast
eac759ca6.jpg,candidates,0.0,0.005954318576388889,0.0,39,67.3436000070069,0.9979129433631897,True,3,5,1,5,1,5,6,ships
ead821828.jpg,candidates,0.0,3.0517578125e-05,0.0,1,62.669600010849535,0.3504592478275299,True,0,3,0,1,0,1,1,ships
eaef6a679.jpg,land_coast,0.0,0.15097554524739584,0.2775014241536458,94,64.61560001480393,0.5482080578804016,True,0,0,0,0,0,0,1,coast
eaf82362d.jpg,land_coast,0.7880486382378472,0.18307962590866533,0.0,1,60.3222000063397,0.4072716236114502,True,2,0,0,0,0,0,1,coast
eb1d0f3cb.jpg,candidates,0.0,6.781684027777778e-05,0.0,19,61.56360000022687,0.6091849207878113,True,0,1,0,1,0,1,1,ships
eb2dc181b.jpg,candidates,0.0,0.00037977430555555556,0.0,15,62.21209999057464,0.9109334945678711,True,0,2,0,2,0,2,2,ships
eb3205ebe.jpg,land_coast,0.0,0.2796190049913194,0.0,1,67.0228999806568,0.48402324318885803,True,0,3,0,2,0,1,1,coast
eb3d4e337.jpg,candidates,0.0,0.0,0.035649617513020836,33,61.85820000246167,0.05865248665213585,False,0,0,0,0,0,0,0,empty
eb4c7dc26.jpg,candidates,0.0,0.08695136176215278,0.0,3,65.46550002531148,0.7922156453132629,True,0,5,0,2,0,0,1,ships
eb5104479.jpg,candidates,0.0,0.0002899169921875,0.0,9,63.841600000159815,0.5419789552688599,True,0,2,0,1,0,1,1,ships
eb5b94cdc.jpg,land_coast,0.0,0.2867974175347222,0.0,7,73.12390001607127,0.967125415802002,True,0,1,0,1,0,1,1,coast
eb6bf1449.jpg,candidates,0.0,0.103851318359375,0.0,22,64.07880000188015,0.8045268058776855,True,2,7,1,5,1,3,3,ships
eb80feecb.jpg,candidates,0.0,0.0005001491970486111,0.07417127821180555,58,64.00930002564564,0.07672635465860367,False,0,0,0,0,0,0,0,empty
eb817def7.jpg,candidates,0.0,0.0003696017795138889,0.0,48,61.592400015797466,0.853837251663208,True,2,0,0,0,0,0,0,empty
eb844377b.jpg,candidates,0.0,0.003058539496527778,0.021457248263888888,21,64.26029998692684,0.9747892022132874,True,0,1,0,1,0,1,1,ships
eb9a7c348.jpg,candidates,0.0,0.003043280707465278,0.0,33,63.24819999281317,0.9701095223426819,True,0,4,0,4,0,4,4,ships
ebb0d83e8.jpg,land_coast,0.022371080186631944,0.04200444469292483,0.09897478545271574,51,63.989899994339794,0.9897304773330688,True,0,0,0,0,0,0,0,coast
ebbd71cb7.jpg,candidates,0.0,0.0008714463975694445,0.0,2,63.675599987618625,0.9462642669677734,True,0,2,0,2,0,2,2,ships
ebd3b067b.jpg,candidates,0.0,0.015472412109375,0.0,13,63.871299993479624,0.7981340289115906,True,0,1,0,1,0,1,1,ships
ebeea6ff8.jpg,empty_sea,0.0,0.0,0.0,0,63.22010001167655,0.7753167152404785,True,0,0,0,0,0,0,0,empty
ebf7e53a1.jpg,land_coast,0.0,0.2976786295572917,0.0,6,64.0399000258185,0.7605506777763367,True,1,1,0,1,0,1,1,coast
ec03e1e10.jpg,candidates,0.0,0.0009545220269097222,0.0,15,63.264999975217506,0.2753734290599823,True,1,0,0,0,0,0,0,empty
ec170c50b.jpg,land_coast,0.0,0.13298543294270834,0.1426662868923611,30,65.4909000149928,0.7169484496116638,True,2,5,0,0,0,0,8,coast
ec221fcdf.jpg,candidates,0.0,0.002719455295138889,0.0,9,66.12350000068545,0.977277934551239,True,0,5,0,5,0,4,4,ships
ec2932fc5.jpg,candidates,0.0,0.006793551974826389,0.0,58,62.36790001275949,0.44408437609672546,True,0,1,0,1,0,1,1,ships
ec3980a48.jpg,candidates,0.0,0.004219902886284722,0.0731201171875,62,64.84889998682775,0.922201931476593,True,1,4,0,3,0,3,3,ships
ec3c323c3.jpg,land_coast,0.0,0.2770538330078125,0.0,0,65.01970000681467,0.08545902371406555,False,0,0,0,0,0,0,0,coast
ec4167884.jpg,candidates,0.0,0.0018225775824652778,0.06661309136284722,11,62.12340001366101,0.9929343461990356,True,0,5,0,4,0,3,5,ships
ec4a788af.jpg,candidates,0.0,0.001544528537326389,0.019188774956597224,45,66.86650001211092,0.9740729331970215,True,0,2,0,2,0,2,2,ships
ec65ae9ac.jpg,land_coast,0.0,0.1500430636935764,0.0,28,65.21840000641532,0.1391998678445816,True,0,0,0,0,0,0,0,coast
ec66aaac8.jpg,candidates,0.0,0.00013054741753472222,0.0,2,62.92779999785125,0.36618277430534363,True,2,1,0,1,0,1,1,ships
ec699d2f2.jpg,candidates,0.0,0.0017106797960069445,0.0,9,61.67949998052791,0.9844112396240234,True,5,1,2,1,1,1,1,ships
ec6d3d5a4.jpg,land_coast,0.0,0.010186089409722222,0.2857716878255208,15,62.64419999206439,0.9741548299789429,True,2,7,0,3,0,1,3,coast
ec8c5f01c.jpg,candidates,0.0,0.0023396809895833335,0.0,46,63.38900001719594,0.8944495916366577,True,0,1,0,1,0,1,1,ships
eca1c6704.jpg,candidates,0.0,0.040491739908854164,0.0,1,64.08129999181256,0.6507707238197327,True,0,1,0,1,0,1,1,ships
eca4881ac.jpg,candidates,0.0,0.05247328016493055,0.0,5,63.36130001000129,0.22102956473827362,True,1,0,0,0,0,0,0,empty
ecab4befe.jpg,candidates,0.0,0.00032721625434027775,0.0,1,63.30719997640699,0.64789217710495,True,1,2,0,1,0,0,1,ships
ecd50af3f.jpg,empty_sea,0.0,0.0,0.0,0,63.680000021122396,0.5317814946174622,True,0,0,0,0,0,0,0,empty
ecd715f45.jpg,candidates,0.0,0.0010579427083333333,0.0,4,71.36470000841655,0.9524721503257751,True,4,3,2,2,1,2,2,ships
ecd914a2b.jpg,candidates,0.0,0.00032891167534722225,0.0,5,63.40839999029413,0.7850640416145325,True,0,1,0,1,0,1,1,ships
ecef4f3a3.jpg,candidates,0.0,0.0012444390190972222,0.0,59,62.112499988870695,0.02809954434633255,False,0,0,0,0,0,0,0,empty
ecf81e6a3.jpg,land_coast,0.0,0.3336164686414931,0.0,2,66.00779999280348,0.887689471244812,True,0,1,0,1,0,1,1,coast
ecfddc632.jpg,candidates,0.0,0.0063018798828125,0.0,2,61.868099990533665,0.31479722261428833,True,0,4,0,2,0,2,2,ships
ed0a57221.jpg,land_coast,0.0,0.003863864474826389,0.19396803114149305,63,64.2089000029955,0.7370824217796326,True,10,2,4,1,3,1,1,coast
ed1e57c6d.jpg,candidates,0.0,0.005957709418402778,0.012656317816840278,40,64.17619998683222,0.8925429582595825,True,0,5,0,3,0,3,5,ships
ed251c7a8.jpg,candidates,0.0,3.899468315972222e-05,0.0,1,64.53509998391382,0.2009996920824051,True,0,2,0,0,0,0,1,ships
ed414a4a5.jpg,candidates,0.051727294921875,0.0,0.0,1,62.80919999699108,0.37159213423728943,True,0,3,0,0,0,0,1,ships
ed56586cf.jpg,candidates,0.0,0.00067138671875,0.0,1,63.43000000924803,0.9618781805038452,True,4,3,1,1,0,0,1,ships
ed5cbc002.jpg,land_coast,0.0,0.2766960991753472,0.0,19,74.53369998256676,0.9375827312469482,True,0,3,0,2,0,2,3,coast
ed5e572d5.jpg,candidates,0.054285685221354164,0.1147775372534144,0.0,2,66.4536000113003,0.5809426307678223,True,0,1,0,1,0,1,1,ships
ed74b5bb5.jpg,candidates,0.0,0.0007069905598958334,0.0,23,62.611900008050725,0.9413051009178162,True,0,4,0,4,0,4,4,ships
ed9256906.jpg,candidates,0.0,0.05209520128038195,0.0,22,63.172100024530664,0.04776811599731445,False,0,0,0,0,0,0,1,ships
edb4bb3ac.jpg,land_coast,0.0,0.2817196316189236,0.0,13,81.0850000125356,0.873197078704834,True,0,1,0,1,0,1,1,coast
edb53d816.jpg,candidates,0.0,0.0004085964626736111,0.0,3,62.399799993727356,0.6981893181800842,True,0,2,0,2,0,2,2,ships
edb9a96c6.jpg,land_coast,0.0,0.1328667534722222,0.010447184244791666,72,65.89159998111427,0.968245267868042,True,4,20,0,5,0,3,13,coast
edbe5cce9.jpg,candidates,0.0,0.0984836154513889,0.0,22,65.20750001072884,0.9119283556938171,True,0,6,0,4,0,3,4,ships
edc072db1.jpg,land_coast,0.0,0.24770948621961805,0.0,4,65.52410000585951,0.10835663229227066,False,0,0,0,0,0,0,0,coast
edc5bff58.jpg,candidates,0.0,0.000995212131076389,0.0,4,61.96490000002086,0.7718202471733093,True,1,1,0,1,0,1,1,ships
edcdf9505.jpg,candidates,0.0,0.04914516872829861,0.0,78,64.74820000585169,0.007708186749368906,False,0,0,0,0,0,0,0,empty
ede0b68ec.jpg,candidates,0.0,0.005126953125,0.019249810112847224,41,76.31730000139214,0.928860604763031,True,3,2,0,1,0,1,1,ships
ede296266.jpg,candidates,0.0,0.001247829861111111,0.0,1,63.638499996159226,0.8459793925285339,True,0,4,0,2,0,0,1,ships
edf808cb9.jpg,candidates,0.0,0.0014699300130208333,0.0,9,67.33690001419745,0.8447368144989014,True,0,1,0,1,0,1,1,ships
ee11856e2.jpg,candidates,0.04432339138454861,0.06854557607031717,0.05275224412646164,31,63.013600010890514,0.9802722334861755,True,0,0,0,0,0,0,1,ships
ee12d6128.jpg,candidates,0.0,6.442599826388889e-05,0.0,1,62.94930001604371,0.5886877775192261,True,0,1,0,1,0,1,1,ships
ee1deff3e.jpg,land_coast,0.0,0.2004123263888889,0.0,1,61.85870000626892,0.5592774152755737,True,0,0,0,0,0,0,0,coast
ee2a1d025.jpg,candidates,0.0,0.0,0.0,9,62.679999973624945,0.42710810899734497,True,0,0,0,0,0,0,0,empty
ee3e3eef6.jpg,land_coast,0.0,0.1321478949652778,0.0,53,68.11759999254718,0.588569164276123,True,0,9,0,0,0,0,12,coast
ee3e5c243.jpg,candidates,0.0,0.0,0.0,21,61.92830001236871,0.22354955971240997,True,0,0,0,0,0,0,0,empty
ee6738a16.jpg,land_coast,0.8744252522786459,0.2559974871412305,0.0,2,57.44230002164841,0.5670416951179504,True,0,2,0,0,0,0,1,coast
ee719a740.jpg,land_coast,0.0,0.1804656982421875,0.0,58,66.77959999069571,0.10434310138225555,False,0,0,0,0,0,0,0,coast
ee7747434.jpg,candidates,0.0,0.020501030815972224,0.060358683268229164,53,61.10179997631349,0.9996964931488037,True,8,1,2,0,2,0,4,ships
ee783cf9f.jpg,candidates,0.0,0.002704196506076389,0.035186767578125,30,63.640200009103864,0.9679713249206543,True,2,1,1,1,1,1,1,ships
eea558c04.jpg,land_coast,0.0,0.2995452880859375,0.0,31,75.77279998804443,0.42978760600090027,True,1,3,0,1,0,0,1,coast
eeb88dd05.jpg,candidates,0.0,0.002265082465277778,0.0,40,62.87740002153441,0.24382387101650238,True,0,2,0,0,0,0,1,ships
eebca4888.jpg,land_coast,0.0,0.2410854763454861,0.0,0,64.67350001912564,0.14506526291370392,True,0,0,0,0,0,0,0,coast
eec04e7a8.jpg,land_coast,0.0,0.027452256944444444,0.2247687445746528,63,64.47889999253675,0.7992071509361267,True,1,2,0,0,0,0,15,coast
eeda07894.jpg,candidates,0.0,0.038781060112847224,0.013063218858506944,74,65.41709997691214,0.8507096767425537,True,0,1,0,1,0,1,1,ships
eedd126c6.jpg,candidates,0.0,0.000213623046875,0.0,1,63.09409998357296,0.7058829069137573,True,0,2,0,1,0,1,1,ships
eeeed778a.jpg,candidates,0.0,0.0011461046006944445,0.0,31,63.810399995418265,0.8130669593811035,True,0,1,0,1,0,1,1,ships
eefabbd8e.jpg,land_coast,0.0,0.18547227647569445,0.0,10,64.42799998330884,0.5885396599769592,True,0,3,0,0,0,0,1,coast
ef0212dba.jpg,candidates,0.0,0.0007680257161458334,0.0,3,64.52479999279603,0.5590372681617737,True,0,2,0,1,0,0,1,ships
ef14c47a3.jpg,candidates,0.0,0.0,0.0,1,60.8498000074178,0.6482442021369934,True,0,2,0,1,0,0,1,ships
ef1fa61c0.jpg,candidates,0.0,0.006390041775173611,0.0,44,64.78570000035688,0.9909533262252808,True,0,3,0,3,0,3,3,ships
ef21411e6.jpg,candidates,0.0,0.0011376274956597222,0.0,13,63.872800004901364,0.5181217789649963,True,11,4,0,1,0,1,2,ships
ef218b796.jpg,candidates,0.0,0.0,0.0,13,62.727400014409795,0.8619652390480042,True,0,3,0,1,0,1,2,ships
ef2be8ce0.jpg,candidates,0.0,0.0,0.0,7,61.72550001065247,0.34185880422592163,True,0,0,0,0,0,0,0,empty
ef4a4e497.jpg,candidates,0.0,0.0006679958767361111,0.0,7,63.81699998746626,0.5971497893333435,True,1,3,0,2,0,0,1,ships
ef58ff258.jpg,candidates,0.0,0.0010579427083333333,0.0,6,63.95400001201779,0.9389788508415222,True,0,1,0,1,0,1,1,ships
ef5ec28e5.jpg,candidates,0.0,0.008475409613715278,0.0,11,63.715699972817674,0.5393005609512329,True,1,3,0,1,0,1,1,ships
ef636b5c2.jpg,land_coast,0.0,0.13770548502604166,0.043023003472222224,55,69.91789999301545,0.25615423917770386,True,4,0,0,0,0,0,0,coast
ef63ebe79.jpg,candidates,0.0,0.002585517035590278,0.0,12,65.63090000418015,0.999735414981842,True,2,2,1,2,1,2,2,ships
ef78ecea4.jpg,land_coast,0.0,0.3329671223958333,0.0,1,72.38679999136366,0.912810206413269,True,0,1,0,1,0,1,1,coast
ef8928055.jpg,land_coast,0.0,0.05436537000868055,0.2589874267578125,42,64.36330001452006,0.8056073188781738,True,26,2,11,1,8,1,1,coast
ef8959c1c.jpg,land_coast,0.0,0.2782575819227431,0.0,13,78.75179999973625,0.9919953346252441,True,0,2,0,2,0,2,2,coast
ef89704a3.jpg,candidates,0.0,0.0036180284288194445,0.0,2,63.62940001417883,0.927204966545105,True,2,3,1,1,0,0,1,ships
ef9d3506d.jpg,candidates,0.0,0.0009494357638888889,0.0,11,64.58419997943565,0.8089281916618347,True,0,1,0,1,0,1,1,ships
efb0bedf2.jpg,candidates,0.0,0.0018683539496527778,0.0,3,63.03509999997914,0.9415157437324524,True,0,7,0,3,0,0,2,ships
efb3ab5f4.jpg,candidates,0.474578857421875,0.0,0.0,12,60.14109999523498,0.3797951638698578,True,0,0,0,0,0,0,0,empty
efb8ee13a.jpg,candidates,0.0,0.003516303168402778,0.0,13,65.07770001189783,0.9995973706245422,True,0,4,0,4,0,4,4,ships
efbe07ce5.jpg,candidates,0.0,0.0001068115234375,0.0,7,62.34480001148768,0.7658356428146362,True,0,1,0,1,0,1,1,ships
efbe53883.jpg,candidates,0.0,0.0047149658203125,0.0,2,63.024500006577,0.8391562700271606,True,7,0,1,0,0,0,2,ships
efc95d7d2.jpg,candidates,0.0,0.0004391140407986111,0.0,99,61.32469998556189,0.12345036119222641,False,0,0,0,0,0,0,0,empty
efdbad6db.jpg,candidates,0.0,2.8822157118055555e-05,0.0,24,61.921399988932535,0.4846431612968445,True,0,1,0,1,0,1,1,ships
efdc877b9.jpg,candidates,0.0,0.014965481228298612,0.059834798177083336,68,64.6460999851115,0.9693787097930908,True,6,14,0,9,0,6,11,ships
efdfeaeed.jpg,candidates,0.0,0.024280124240451388,0.056708441840277776,40,64.29840001510456,0.9767279028892517,True,0,4,0,2,0,1,2,ships
eff2250b5.jpg,candidates,0.0,0.001312255859375,0.0,6,63.85750000481494,0.9781721830368042,True,0,1,0,1,0,1,1,ships
eff5057b2.jpg,land_coast,0.0,0.22554185655381945,0.0,36,63.14480002038181,0.6167708039283752,True,0,0,0,0,0,0,1,coast
effa2866c.jpg,land_coast,0.0,0.24752298990885416,0.0,2,74.56020000972785,0.22429437935352325,True,0,3,0,1,0,0,1,coast
f016a2b97.jpg,candidates,0.0,0.0013105604383680555,0.0,10,63.70179998339154,0.7481409907341003,True,0,1,0,1,0,1,1,ships
f02c2576f.jpg,candidates,0.0,0.0008409288194444445,0.0,5,63.40849999105558,0.7779801487922668,True,0,1,0,1,0,1,1,ships
f02e405a0.jpg,land_coast,0.0,0.3068101671006944,0.0,11,66.54500000877306,0.994658887386322,True,1,8,0,7,0,7,7,coast
f033b1801.jpg,candidates,0.0,0.0005103217230902778,0.017159356011284724,13,63.6819000064861,0.911258339881897,True,1,5,1,5,0,5,5,ships
f03727949.jpg,land_coast,0.0,0.2999403211805556,0.0,4,77.6295000105165,0.9613087773323059,True,0,1,0,1,0,1,1,coast
f03838973.jpg,land_coast,0.0,0.2030860053168403,0.0,37,66.8924999772571,0.34434381127357483,True,0,0,0,0,0,0,0,coast
f03c1eac3.jpg,candidates,0.0,0.00047471788194444444,0.0,3,62.25239997729659,0.7703599333763123,True,0,2,0,2,0,2,2,ships
f03c9cf9e.jpg,candidates,0.0,0.0,0.0,5,63.189700013026595,0.053397733718156815,False,0,0,0,0,0,0,0,empty
f04563b65.jpg,candidates,0.0,0.002020941840277778,0.027387830946180556,44,61.85279999044724,0.9828333258628845,True,9,1,2,1,1,1,1,ships
f04ce7a5e.jpg,candidates,0.0,0.0005679660373263889,0.0,3,60.49800000619143,0.8528256416320801,True,0,1,0,1,0,1,1,ships
f06543ef1.jpg,land_coast,0.0,0.320648193359375,0.0,0,77.64859998133034,0.855452835559845,True,0,1,0,1,0,1,1,coast
f085311b6.jpg,candidates,0.0,0.00021192762586805556,0.029168023003472224,43,62.823599990224466,0.8619613647460938,True,0,3,0,3,0,3,3,ships
f0896223e.jpg,candidates,0.0,0.014027913411458334,0.029518975151909724,83,64.4828999938909,0.9983603358268738,True,7,2,2,0,2,0,1,ships
f08b6c0cc.jpg,candidates,0.0,0.006523980034722222,0.035481770833333336,32,66.15560001228005,0.9999347925186157,True,1,4,0,2,0,0,1,ships
f0998e7a5.jpg,candidates,0.0,0.087615966796875,0.0,52,69.56609999178909,0.02622341550886631,False,0,0,0,0,0,0,0,empty
f0a108e91.jpg,land_coast,0.0,0.144989013671875,0.0,79,67.11259999428876,0.9789080023765564,True,4,7,0,2,0,1,2,coast
f0aa3211d.jpg,land_coast,0.0,0.22604539659288195,0.0,0,64.18759998632595,0.49137720465660095,True,0,0,0,0,0,0,0,coast
f0c4a2ead.jpg,land_coast,0.2636973063151042,0.00453849400132634,0.14911918972689456,40,63.933400000678375,0.48740145564079285,True,1,1,0,1,0,1,1,coast
f0d92784c.jpg,land_coast,0.0,0.2560967339409722,0.0,2,66.47849999717437,0.4278373718261719,True,0,3,0,1,0,0,1,coast
f0f6a35e8.jpg,candidates,0.0,0.0027940538194444445,0.0,20,63.44860000535846,0.9897210001945496,True,3,7,0,4,0,3,4,ships
f0fbc36af.jpg,candidates,0.0,5.0862630208333336e-05,0.0,17,64.56629998865537,0.37288105487823486,True,0,0,0,0,0,0,0,empty
f1035543c.jpg,candidates,0.0,0.00177001953125,0.0,11,62.2113999852445,0.9520754218101501,True,1,1,0,1,0,1,1,ships
f118b3e13.jpg,candidates,0.0,0.013142903645833334,0.0,43,61.01510001462884,0.3081895709037781,True,0,0,0,0,0,0,1,ships
f12c7e332.jpg,candidates,0.0,0.003024631076388889,0.028101603190104168,34,62.782299995888025,0.9951807260513306,True,0,5,0,4,0,4,4,ships
f13083b4d.jpg,land_coast,0.2738087972005208,0.006118770905800595,0.23539838761115767,31,61.26909999875352,0.5475007891654968,True,1,1,0,1,0,1,1,coast
f131ec686.jpg,candidates,0.0,0.0,0.0,1,64.53609999152832,0.2800600230693817,True,0,0,0,0,0,0,1,ships
f131f17ac.jpg,candidates,0.0,0.007475111219618056,0.019410875108506944,20,66.44380002398975,0.9668576717376709,True,0,1,0,1,0,1,1,ships
f144fea2c.jpg,land_coast,0.0,0.3032565646701389,0.0,0,70.22300001699477,0.5114855766296387,True,0,3,0,2,0,1,1,coast
f14ba7a05.jpg,land_coast,0.0,0.1657477484809028,0.0,5,66.33170001441613,0.09727676957845688,False,0,0,0,0,0,0,0,coast
f160afd41.jpg,candidates,0.0,7.290310329861111e-05,0.0,36,63.01010001334362,0.13674379885196686,True,0,0,0,0,0,0,0,empty
f162579a1.jpg,land_coast,0.0,0.12744310167100695,0.029144287109375,48,65.5992999963928,0.9135616421699524,True,2,1,0,1,0,1,1,coast
f169a1d4d.jpg,land_coast,0.0,0.0010901557074652778,0.15148756239149305,42,65.74029999319464,0.44898366928100586,True,0,8,0,4,0,4,5,coast
f16a69c37.jpg,candidates,0.0,0.003121270073784722,0.0,16,64.13909999537282,0.6452416181564331,True,0,1,0,1,0,1,1,ships
f172269c5.jpg,candidates,0.0162811279296875,0.0,0.057592312705389705,47,65.72079999023117,0.10070821642875671,False,0,0,0,0,0,0,0,empty
f1810210a.jpg,candidates,0.0,0.016096327039930556,0.012488471137152778,37,64.13350001093931,0.9841522574424744,True,0,2,0,2,0,2,2,ships
f184c923b.jpg,candidates,0.0,0.09326002332899305,0.0280609130859375,42,65.43230000534095,0.7762452960014343,True,1,1,1,1,0,1,1,ships
f18938933.jpg,candidates,0.01104736328125,0.009786608559754079,0.0,67,62.35779999406077,0.8359190225601196,True,0,1,0,1,0,1,1,ships
f1a68c90d.jpg,candidates,0.0,0.0024159749348958335,0.011586507161458334,10,62.391199986450374,0.9461876153945923,True,7,3,0,2,0,2,2,ships
f1a9b75bc.jpg,land_coast,0.0,0.0295562744140625,0.1527065700954861,50,62.97869997797534,0.995924711227417,True,6,5,2,3,1,3,4,coast
f1b306c90.jpg,candidates,0.0,0.10819329155815972,0.0,8,64.28279998362996,0.907096803188324,True,0,1,0,1,0,1,1,ships
f1bd73e43.jpg,candidates,0.0,0.0006849500868055555,0.0,5,63.12790000811219,0.8454613089561462,True,1,2,0,2,0,0,1,ships
f1c2b1566.jpg,candidates,0.0,0.035090128580729164,0.0,74,64.44950000150129,0.3784445524215698,True,0,0,0,0,0,0,0,empty
f1c401b9f.jpg,candidates,0.0,0.0012257893880208333,0.0,31,60.638399998424575,0.8287138342857361,True,0,1,0,1,0,1,1,ships
f1c8386eb.jpg,candidates,0.0,0.0,0.0,8,63.29600000753999,0.3384450674057007,True,0,0,0,0,0,0,0,empty
f1fe255e5.jpg,candidates,0.0,0.04768541124131945,0.0,64,64.02610000804998,0.35298243165016174,True,2,2,0,1,0,1,1,ships
f21353998.jpg,candidates,0.0,0.003116183810763889,0.0,14,61.41710001975298,0.9453942775726318,True,0,1,0,1,0,1,1,ships
f2157b46b.jpg,candidates,0.0,0.007254706488715278,0.07512919108072917,31,65.43229997623712,0.27986136078834534,True,0,0,0,0,0,0,0,empty
f215de2ce.jpg,candidates,0.0,0.0008290608723958334,0.0,1,65.40239998139441,0.8056550621986389,True,0,4,0,1,0,0,1,ships
f2176485a.jpg,candidates,0.0,0.007951524522569444,0.0,35,65.15560002299026,0.9877574443817139,True,0,1,0,1,0,1,1,ships
f22f95a37.jpg,candidates,0.0,0.03161790635850695,0.021787855360243056,71,66.37709998176433,0.7066832184791565,True,0,1,0,1,0,1,1,ships
f24510720.jpg,land_coast,0.0,0.15286763509114584,0.0925632052951389,15,66.64879998425022,0.9260383248329163,True,4,1,0,0,0,0,1,coast
f2603bcd9.jpg,candidates,0.0,0.006061130099826389,0.0,1,63.2288999913726,0.9788634181022644,True,0,1,0,1,0,1,1,ships
f2605578a.jpg,candidates,0.0,0.0005035400390625,0.0,3,63.192200002959,0.8249236941337585,True,0,1,0,1,0,1,1,ships
f264220f1.jpg,candidates,0.0,0.0013749864366319445,0.0,6,63.63089999649674,0.9725348353385925,True,0,3,0,3,0,3,3,ships
f26e9f942.jpg,candidates,0.0,0.006401909722222222,0.0,17,64.55930002266541,0.9061683416366577,True,1,5,1,2,0,0,2,ships
f2718cb42.jpg,candidates,0.0,0.0005018446180555555,0.0,3,64.99990000156686,0.22789865732192993,True,0,0,0,0,0,0,0,empty
f2742b996.jpg,candidates,0.0,0.0007103814019097222,0.0,2,64.55159999313764,0.9750899076461792,True,0,2,0,2,0,2,2,ships
f293f6238.jpg,land_coast,0.0,0.2709181043836806,0.0,27,74.82249999884516,0.9556108117103577,True,0,1,0,1,0,1,1,coast
f2a11fc7e.jpg,land_coast,0.0,0.18875630696614584,0.14031812879774305,15,74.01470001786947,0.9800235033035278,True,16,7,5,6,2,3,6,coast
f2b127ab8.jpg,land_coast,0.0,0.1632775200737847,0.03870815700954861,23,68.3675000036601,0.11698334664106369,False,0,0,0,0,0,0,3,coast
f2b337746.jpg,candidates,0.0,0.0012647840711805555,0.0,55,63.53290000697598,0.7402337789535522,True,7,9,0,3,0,0,2,ships
f2cdbb6ce.jpg,candidates,0.016844007703993056,0.0005500530966080638,0.014039367838031053,6,64.49250000878237,0.6729422807693481,True,0,0,0,0,0,0,0,empty
f2d4c7959.jpg,candidates,0.0,0.0003848605685763889,0.0,2,62.12550000054762,0.3322351574897766,True,0,2,0,1,0,0,1,ships
f2daa33ea.jpg,land_coast,0.0,0.2575903998480903,0.0,14,66.08950000372715,0.2700768709182739,True,0,0,0,0,0,0,0,coast
f2e554691.jpg,candidates,0.0,0.001895480685763889,0.0,6,63.773300003958866,0.9876071810722351,True,0,1,0,1,0,1,1,ships
f2ec0fb5d.jpg,candidates,0.0,0.00013393825954861112,0.0,2,64.7680000110995,0.5692116022109985,True,3,2,2,0,0,0,1,ships
f30c0d4d4.jpg,candidates,0.0,0.101104736328125,0.0,19,66.66260000201873,0.7982759475708008,True,0,1,0,1,0,1,1,ships
f3106a8ee.jpg,candidates,0.0,0.0005103217230902778,0.0,63,67.16659999801777,0.1834821254014969,True,0,0,0,0,0,0,0,empty
f31d20a4a.jpg,candidates,0.0,0.00017971462673611112,0.0,3,66.16919999942183,0.8227794766426086,True,3,3,1,3,0,3,3,ships
f323a2d8b.jpg,candidates,0.0,0.00014750162760416666,0.0,1,64.55060001462698,0.5703094601631165,True,0,2,0,1,0,1,1,ships
f33c62135.jpg,candidates,0.0,0.0004967583550347222,0.0,2,63.34619998233393,0.8849782347679138,True,0,4,0,2,0,1,2,ships
f34aa9d4c.jpg,candidates,0.0,0.09366692437065972,0.0201263427734375,37,64.95719999657013,0.16704949736595154,True,2,3,0,0,0,0,2,ships
f358948ed.jpg,land_coast,0.0,0.19322035047743055,0.0,0,72.48960001743399,0.34306883811950684,True,0,0,0,0,0,0,0,coast
f3898331e.jpg,candidates,0.0,0.0007612440321180555,0.0,36,61.521299998275936,0.9429534077644348,True,0,2,0,2,0,2,2,ships
f38d78c54.jpg,candidates,0.0,0.004764133029513889,0.0,32,66.91600001067854,0.8499690294265747,True,0,2,0,2,0,2,2,ships
f39582e77.jpg,land_coast,0.010275946723090278,0.23652404376656458,0.0,48,68.17889999365434,0.99991774559021,True,1,2,0,2,0,2,2,coast
f3abe94fb.jpg,candidates,0.0,0.08339097764756945,0.0,21,63.96509998012334,0.9997722506523132,True,2,5,2,5,2,5,5,ships
f3b1ec4d8.jpg,candidates,0.0,0.07156541612413195,0.0,33,64.86929999664426,0.824171245098114,True,7,2,0,1,0,1,1,ships
f3b582b14.jpg,candidates,0.0,0.0016649034288194445,0.0,6,62.189799995394424,0.9039352536201477,True,0,1,0,1,0,1,1,ships
f41261dd5.jpg,land_coast,0.0,0.09621514214409722,0.11100260416666667,1,65.48479999764822,0.757508397102356,True,0,1,0,1,0,1,1,coast
f41baa3c4.jpg,candidates,0.0,0.008343166775173612,0.0,62,65.21689999499358,0.9612123966217041,True,1,1,0,1,0,1,1,ships
f42a7d560.jpg,candidates,0.0,0.0007697211371527778,0.0,4,65.09940000250936,0.9875412583351135,True,1,1,0,1,0,1,1,ships
f432c322a.jpg,candidates,0.0,0.01470947265625,0.0,68,64.1814999980852,0.8285102844238281,True,1,2,0,2,0,2,2,ships
f44c8b922.jpg,candidates,0.0,0.0012800428602430555,0.010791354709201388,18,62.4692999990657,0.7735389471054077,True,0,1,0,1,0,1,1,ships
f4653c538.jpg,land_coast,0.026970757378472224,0.30401144724936346,0.0,50,73.51269997889176,0.9894275069236755,True,3,0,0,0,0,0,1,coast
f4a02fd6d.jpg,candidates,0.0,0.00011020236545138889,0.0,4,61.49860000004992,0.8548235893249512,True,0,1,0,1,0,1,1,ships
f4a070d01.jpg,candidates,0.0,0.0008222791883680555,0.0,18,63.29699998605065,0.7990949749946594,True,0,1,0,1,0,1,1,ships
f4b36f4fc.jpg,land_coast,0.0,0.2696397569444444,0.0,5,75.53719999850728,0.7807177305221558,True,6,0,0,0,0,0,1,coast
f4b4a0f8b.jpg,candidates,0.0,0.021419949001736112,0.0,93,65.69129999843426,0.1508593112230301,True,0,0,0,0,0,0,0,empty
f4c8ccf27.jpg,candidates,0.0,0.0,0.0,16,62.21880001248792,0.10830938816070557,False,0,0,0,0,0,0,0,empty
f4d9576b4.jpg,candidates,0.0,0.0013037787543402778,0.0,2,63.48179999622516,0.8587002158164978,True,2,0,1,0,0,0,1,ships
f4e82c721.jpg,candidates,0.0,0.006383260091145833,0.0,3,63.33570001879707,0.37175965309143066,True,0,2,0,1,0,1,1,ships
f5102a8c4.jpg,candidates,0.0,0.004991319444444444,0.0,2,64.81420001364313,0.8300395011901855,True,1,4,0,2,0,1,2,ships
f51076a80.jpg,land_coast,0.0,0.08594258626302083,0.14881727430555555,99,65.38620000355877,0.6672444343566895,True,0,2,0,2,0,2,2,coast
f52206a6d.jpg,land_coast,0.0,0.029905531141493056,0.0887790256076389,36,66.26870000036433,0.7712543606758118,True,4,4,1,1,1,0,1,coast
f52a12445.jpg,candidates,0.0,0.028967963324652776,0.0,19,64.56020000041462,0.6606536507606506,True,2,1,2,0,0,0,1,ships
f531391de.jpg,candidates,0.0,0.0036790635850694445,0.0,26,64.06500001321547,0.9998428821563721,True,0,6,0,4,0,4,7,ships
f5424907d.jpg,land_coast,0.0,0.1590237087673611,0.0,52,66.7793000175152,0.995853066444397,True,0,4,0,4,0,4,4,coast
f54314324.jpg,land_coast,0.0,0.2909020317925347,0.0,9,65.82409999100491,0.9321553707122803,True,0,6,0,6,0,6,7,coast
f55581dac.jpg,candidates,0.002734714084201389,0.0,0.0,2,61.92509998800233,0.5366835594177246,True,2,3,1,1,0,0,1,ships
f55abea8a.jpg,candidates,0.0,0.0008544921875,0.0,3,62.43950000498444,0.6998249292373657,True,0,1,0,1,0,1,1,ships
f55c497cd.jpg,empty_sea,0.0,0.0,0.0,0,63.162799982819706,0.1509765237569809,True,0,0,0,0,0,0,0,empty
f56ca2cb2.jpg,land_coast,0.0,0.22382609049479166,0.0,14,72.3950999963563,0.9523822665214539,True,1,5,0,2,0,2,2,coast
f58455a34.jpg,land_coast,0.0,0.287628173828125,0.0,27,73.50379999843426,0.14438220858573914,True,0,1,0,1,0,1,1,coast
f5952e2a5.jpg,candidates,0.0,0.0006917317708333334,0.0,8,62.48200000845827,0.1322629749774933,True,0,0,0,0,0,0,0,empty
f59f5e3d0.jpg,land_coast,0.0,0.029535929361979168,0.1356896294487847,75,67.15509999776259,0.9884180426597595,True,0,3,0,1,0,1,1,coast
f5b7e4401.jpg,candidates,0.0,6.103515625e-05,0.0,11,62.528999987989664,0.7235590219497681,True,0,4,0,1,0,0,1,ships
f5c040a29.jpg,candidates,0.0,0.0013970269097222222,0.0,8,63.966100016841665,0.9667897820472717,True,0,1,0,1,0,1,1,ships
f5c61bbdd.jpg,candidates,0.0,0.0015886094835069445,0.0,10,64.32150001637638,0.8794004321098328,True,0,5,0,3,0,0,2,ships
f5ddf68d0.jpg,candidates,0.0,7.798936631944444e-05,0.0,1,62.177699990570545,0.6234117150306702,True,1,4,0,1,0,0,1,ships
f5e02d253.jpg,cloud,0.9270273844401041,0.0,0.0,0,37.71280002547428,0.18613995611667633,True,0,0,0,0,0,0,0,cloud
f5ec071ad.jpg,land_coast,0.0,0.342041015625,0.0,0,74.32250000420026,0.8725612163543701,True,0,1,0,1,0,1,1,coast
f5efdc5b2.jpg,candidates,0.0,0.0173492431640625,0.04828219943576389,62,64.66319999890402,0.8159602880477905,True,0,1,0,1,0,0,1,ships
f5fb7e219.jpg,land_coast,0.0,0.009284125434027778,0.11557685004340278,60,66.46319999708794,0.8643708825111389,True,3,4,0,0,0,0,10,coast
f61369798.jpg,candidates,0.0,0.014261881510416666,0.0,105,65.35950000397861,0.2464311271905899,True,0,0,0,0,0,0,0,empty
f6136fd91.jpg,candidates,0.0,0.0009850396050347222,0.0,20,63.1238000059966,0.008673061616718769,False,0,0,0,0,0,0,0,empty
f614ebab0.jpg,candidates,0.0,0.003894382052951389,0.0,4,65.1676999987103,0.8484960794448853,True,0,1,0,1,0,1,1,ships
f623bce58.jpg,candidates,0.0,0.018495347764756944,0.0,4,65.6598000205122,0.8576290607452393,True,0,1,0,1,0,1,1,ships
f635db786.jpg,candidates,0.0,0.0013580322265625,0.0,3,63.53240000316873,0.8119005560874939,True,0,2,0,1,0,1,1,ships
f63de9cd1.jpg,candidates,0.0,0.002941555447048611,0.0683559841579861,5,66.01099998806603,0.9358583092689514,True,0,1,0,1,0,1,1,ships
f656ef99a.jpg,candidates,0.0,4.57763671875e-05,0.0,8,63.05240001529455,0.27471065521240234,True,0,0,0,0,0,0,0,empty
f6618af68.jpg,empty_sea,0.0,0.032658894856770836,0.0,0,63.813400018261746,0.6276355981826782,True,0,1,0,1,0,1,1,ships
f66ec4d45.jpg,empty_sea,0.0,0.0,0.0,0,63.64839998423122,0.354355126619339,True,0,0,0,0,0,0,0,empty
f67ff2849.jpg,candidates,0.0,0.024524264865451388,0.0534515380859375,41,65.66680001560599,0.9736766815185547,True,2,4,1,2,0,1,2,ships
f686df473.jpg,candidates,0.0,0.0005001491970486111,0.0,11,63.623599999118596,0.8443788886070251,True,3,2,1,1,1,0,1,ships
f6891969e.jpg,candidates,0.0,0.007739596896701389,0.0,1,65.09499999810942,0.7837563753128052,True,2,1,1,1,0,1,1,ships
f69a0cfc5.jpg,candidates,0.0,0.1016693115234375,0.0,15,64.21109999064356,0.2893349230289459,True,0,1,0,1,0,0,1,ships
f6a08f68c.jpg,candidates,0.0,0.001385158962673611,0.0,2,63.31470000441186,0.9198701977729797,True,0,1,0,1,0,1,1,ships
f6a5d4c6c.jpg,candidates,0.0,0.0005374484592013889,0.031794230143229164,2,64.23709998489358,0.24322885274887085,True,0,1,0,1,0,1,1,ships
f6aeee43c.jpg,land_coast,0.0,0.2222323947482639,0.0,42,72.40560001810081,0.2938459515571594,True,0,0,0,0,0,0,0,coast
f6ba6120d.jpg,empty_sea,0.1708645290798611,0.0,0.0,0,62.49830001615919,0.4779244363307953,True,0,0,0,0,0,0,0,empty
f6bfe1d4f.jpg,land_coast,0.0,0.15797593858506945,0.0,74,66.96150000789203,0.2604662775993347,True,0,1,0,0,0,0,1,coast
f6cb7888e.jpg,candidates,0.0,0.013773600260416666,0.0,88,64.33459999971092,0.9075404405593872,True,2,4,1,0,0,0,1,ships
f6cce5f49.jpg,candidates,0.0,0.0006391737196180555,0.0,10,64.140700007556,0.01809467189013958,False,1,2,0,2,0,0,1,ships
f6dc0e7fa.jpg,candidates,0.0,0.002524481879340278,0.0,27,63.28680002479814,0.7586424350738525,True,0,1,0,1,0,1,1,ships
f6e008b23.jpg,land_coast,0.0,0.1423153347439236,0.19128587510850695,48,67.95890000648797,0.9761501550674438,True,9,7,0,7,0,6,6,coast
f6e1b1630.jpg,candidates,0.0,0.0004458957248263889,0.0,3,63.672799995401874,0.9533627033233643,True,11,3,1,2,1,1,2,ships
f6eaf713c.jpg,land_coast,0.0,0.143524169921875,0.083587646484375,49,67.77600001078099,0.9375250935554504,True,1,0,0,0,0,0,2,coast
f6f9488e3.jpg,empty_sea,0.0,0.0,0.0,0,62.89299999480136,0.5389779210090637,True,0,0,0,0,0,0,0,empty
f6f980e0f.jpg,candidates,0.0,0.026540120442708332,0.029486762152777776,37,64.44099999498576,0.9437180757522583,True,13,15,3,8,1,7,12,ships
f70a76c38.jpg,candidates,0.0,0.002093844943576389,0.0,7,63.15949998679571,0.7345944046974182,True,0,2,0,1,0,1,1,ships
f70c4fa65.jpg,candidates,0.0,0.001971774631076389,0.0,9,63.21449999813922,0.9661949276924133,True,0,1,0,1,0,1,1,ships
f721c8317.jpg,candidates,0.0,0.0095977783203125,0.0,2,64.31570000131615,0.7873959541320801,True,0,1,0,1,0,1,1,ships
f73877c8b.jpg,candidates,0.0,0.11526658799913195,0.0,24,66.71929999720305,0.8367919325828552,True,0,1,0,1,0,1,1,ships
f7409c994.jpg,candidates,0.0,0.00035942925347222225,0.0,3,64.22589998692274,0.7546714544296265,True,2,1,0,1,0,1,1,ships
f746d102d.jpg,candidates,0.0,0.09311082628038195,0.0,67,69.69329999992624,0.0565345473587513,False,0,1,0,1,0,1,1,ships
f74e84709.jpg,land_coast,0.0,0.3427598741319444,0.0,0,77.7278000023216,0.9490990042686462,True,0,1,0,1,0,1,1,coast
f7588f477.jpg,candidates,0.0,0.006986829969618056,0.0,4,64.62859999737702,0.6988246440887451,True,1,6,0,1,0,0,2,ships
f7595ad5e.jpg,empty_sea,0.0,0.0,0.0,0,62.68650002311915,0.38900288939476013,True,0,0,0,0,0,0,0,empty
f7657ae07.jpg,land_coast,0.0,0.0290679931640625,0.15696546766493055,51,64.67330001760274,0.994862973690033,True,2,14,0,8,0,3,11,coast
f77385f88.jpg,land_coast,0.0,0.3182932535807292,0.0,7,72.74259999394417,0.9631937146186829,True,0,1,0,1,0,1,1,coast
f77788c23.jpg,land_coast,0.0,0.07513427734375,0.250396728515625,52,64.59059999906458,0.9928479194641113,True,15,1,4,1,2,1,1,coast
f77a7d955.jpg,candidates,0.0,0.051688300238715276,0.012213812934027778,76,65.84579998161644,0.9596063494682312,True,2,1,0,1,0,1,1,ships
f78746f21.jpg,candidates,0.0,0.0342864990234375,0.064605712890625,87,68.07430001208559,0.99510657787323,True,1,2,1,1,0,1,1,ships
f7a2f1a6f.jpg,land_coast,0.0,0.2831624348958333,0.0,37,71.58899999922141,0.930834949016571,True,0,7,0,2,0,1,3,coast
f7b04c1d8.jpg,candidates,0.0,0.0006222195095486111,0.0,5,64.28930000402033,0.9370525479316711,True,0,1,0,1,0,1,1,ships
f7b3ef47a.jpg,candidates,0.0,0.0008748372395833334,0.012836032443576388,25,61.48390000453219,0.7366223335266113,True,0,1,0,1,0,1,1,ships
f7befe274.jpg,candidates,0.0,0.05684238009982639,0.012334187825520834,34,64.76989999646321,0.9761916399002075,True,9,9,1,5,0,1,9,ships
f7c020891.jpg,land_coast,0.0,0.11276075575086805,0.09883287217881945,39,65.38759998511523,0.7934136390686035,True,3,2,0,1,0,0,1,coast
f7c15c838.jpg,land_coast,0.0,0.20001729329427084,0.0,25,68.26269999146461,0.10275853425264359,False,0,0,0,0,0,0,0,coast
f7cae76b3.jpg,land_coast,0.0,0.12419297960069445,0.24824354383680555,0,66.13299998571165,0.8860442638397217,True,3,2,0,2,0,2,1,coast
f7d12c543.jpg,candidates,0.0,0.0014716254340277778,0.0,3,61.47869999404065,0.9653244614601135,True,0,1,0,1,0,1,1,ships
f7e3fcf8b.jpg,land_coast,0.0,0.335540771484375,0.0,0,72.7846999943722,0.923085629940033,True,0,1,0,1,0,1,1,coast
f80a8b091.jpg,land_coast,0.0,0.17471143934461805,0.0,11,65.66519997431897,0.5453741550445557,True,0,0,0,0,0,0,1,coast
f81ff4bb4.jpg,candidates,0.0,0.11867607964409722,0.0,7,66.2233000039123,0.05162559449672699,False,0,0,0,0,0,0,0,empty
f8213373d.jpg,candidates,0.0,0.0005544026692708334,0.0,1,62.48809999669902,0.9339669346809387,True,3,1,0,1,0,1,1,ships
f8339e72f.jpg,land_coast,0.0,0.22503831651475695,0.043187459309895836,27,65.05370000377297,0.9752757549285889,True,0,0,0,0,0,0,3,coast
f859c399c.jpg,land_coast,0.004208034939236111,0.15626972887197774,0.010712030986059686,2,64.73370001185685,0.03335614502429962,False,0,0,0,0,0,0,0,coast
f86c72243.jpg,candidates,0.0,0.007447984483506944,0.0,29,62.976400018669665,0.9622582197189331,True,3,4,0,2,0,2,4,ships
f87a3f556.jpg,land_coast,0.0,0.2853410508897569,0.0,31,76.23509998666123,0.9835456609725952,True,0,3,0,2,0,2,3,coast
f8a66a228.jpg,candidates,0.0,0.10709126790364583,0.0,30,67.88889999734238,0.9916349649429321,True,11,1,0,0,0,0,1,ships
f8aac5c96.jpg,land_coast,0.0,0.15562269422743055,0.04577975802951389,54,71.9381999806501,0.9935417175292969,True,11,1,0,1,0,1,1,coast
f8cbed833.jpg,land_coast,0.0,0.1576080322265625,0.022910224066840276,38,65.18370000412688,0.9756415486335754,True,7,4,3,4,2,3,4,coast
f8cf1e928.jpg,candidates,0.0,0.0,0.0,2,65.69250000757165,0.08879193663597107,False,0,0,0,0,0,0,0,empty
f8db1174b.jpg,candidates,0.0,0.002856784396701389,0.0,16,63.721500016981736,0.681318461894989,True,1,2,0,1,0,1,1,ships
f8dcd83c2.jpg,candidates,0.3308614095052083,0.0006820119352088661,0.0,37,61.38570001348853,0.7635632753372192,True,1,2,1,2,1,2,2,ships
f8e3d0384.jpg,candidates,0.0,0.002682156032986111,0.0,12,64.4151000014972,0.995816171169281,True,10,1,2,1,1,1,1,ships
f8e5b3ae7.jpg,candidates,0.0,0.0,0.0,1,63.550999999279156,0.3413352966308594,True,0,0,0,0,0,0,0,empty
f8f9eb017.jpg,land_coast,0.0,0.2734103732638889,0.0,0,66.77430000854656,0.11185403913259506,False,0,0,0,0,0,0,0,coast
f9090a6b2.jpg,candidates,0.0,0.0011308458116319445,0.0,3,64.09569998504594,0.7326050400733948,True,0,1,0,1,0,1,1,ships
f90ad9340.jpg,candidates,0.0,0.0034044053819444445,0.0,118,65.14230000902899,0.10041777789592743,False,1,0,0,0,0,0,0,empty
f9216fd85.jpg,candidates,0.0,0.0026906331380208335,0.0,2,67.27929998305626,0.8863989114761353,True,0,3,0,1,0,0,1,ships
f92a0584e.jpg,candidates,0.0,0.0005069308810763889,0.0,12,67.18360001104884,0.336826890707016,True,0,1,0,1,0,1,1,ships
f943ad4bc.jpg,candidates,0.0,0.039403279622395836,0.0,72,67.22840000293218,0.4968547821044922,True,0,3,0,0,0,0,1,ships
f94d2c284.jpg,candidates,0.0,0.006140814887152778,0.0,13,67.1557999739889,0.9692995548248291,True,0,2,0,2,0,2,2,ships
f96a6a64e.jpg,candidates,0.0,0.0003102620442708333,0.0,1,66.76109999534674,0.820216953754425,True,0,1,0,1,0,1,1,ships
f96ff71b1.jpg,candidates,0.0,0.001675075954861111,0.0,6,68.76620001276024,0.905039370059967,True,0,1,0,1,0,1,1,ships
f972ad3a8.jpg,empty_sea,0.0,0.0,0.0,0,62.70880001829937,0.1754414588212967,True,0,0,0,0,0,0,0,empty
f97e961f2.jpg,candidates,0.0,0.002449883355034722,0.0,15,67.85240001045167,0.9494368433952332,True,0,1,0,1,0,1,1,ships
f9805d413.jpg,land_coast,0.0,0.22407362196180555,0.0,1,67.46039999416098,0.45867761969566345,True,0,0,0,0,0,0,0,coast
f98ba09af.jpg,land_coast,0.017405192057291668,0.05914681248101376,0.08001215119559085,79,66.00630001048557,0.8395187854766846,True,1,1,0,1,0,1,2,coast
f98d30216.jpg,candidates,0.0,0.0013054741753472222,0.0,23,66.56350000412203,0.8932410478591919,True,2,0,1,0,0,0,1,ships
f98f65d64.jpg,candidates,0.0,4.57763671875e-05,0.0,1,66.18529997649603,0.40777188539505005,True,0,1,0,1,0,1,1,ships
f99afa15f.jpg,candidates,0.0,0.006601969401041667,0.0,34,65.08540001232177,0.9961649179458618,True,3,14,0,10,0,8,11,ships
f9b0fb2d0.jpg,candidates,0.0,0.00029161241319444444,0.0,24,64.43480000598356,0.1814887523651123,True,0,0,0,0,0,0,0,empty
f9be636e1.jpg,land_coast,0.0,0.197784423828125,0.0,0,64.39630000386387,0.3425877094268799,True,0,0,0,0,0,0,0,coast
f9c5ec37c.jpg,candidates,0.0,0.002956814236111111,0.0,25,64.25429999944754,0.9985176920890808,True,0,3,0,3,0,3,3,ships
f9c96f26c.jpg,land_coast,0.0,0.24244859483506945,0.0,0,65.07529999362305,0.4834921360015869,True,0,0,0,0,0,0,0,coast
f9e5eb506.jpg,candidates,0.0,6.103515625e-05,0.0,2,63.10769999981858,0.12089979648590088,False,0,3,0,1,0,1,1,ships
f9f3807d2.jpg,candidates,0.0,0.0,0.0,1,62.41430001682602,0.12592190504074097,False,0,0,0,0,0,0,0,empty
f9fb969b4.jpg,land_coast,0.0,0.12844679090711805,0.0,13,64.12880000425503,0.674170196056366,True,0,1,0,1,0,1,1,coast
f9fc053c9.jpg,candidates,0.0,0.0015699598524305555,0.0,5,63.17010000930168,0.9244247078895569,True,0,1,0,1,0,1,1,ships
fa02f2102.jpg,candidates,0.0,7.62939453125e-05,0.0,4,62.25519999861717,0.7115235924720764,True,3,8,3,2,0,0,3,ships
fa092f735.jpg,land_coast,0.0,0.14256456163194445,0.0,19,64.98680001823232,0.18214312195777893,True,0,1,0,1,0,1,1,coast
fa0adedf4.jpg,candidates,0.0,0.0007510715060763889,0.0,3,63.21369999204762,0.9205563068389893,True,0,3,0,3,0,3,3,ships
fa1633dcc.jpg,candidates,0.0,0.002170138888888889,0.011815388997395834,12,66.031499998644,0.9972723126411438,True,2,3,0,3,0,1,2,ships
fa2962f24.jpg,candidates,0.0,1.864963107638889e-05,0.0,12,62.8969999961555,0.14199769496917725,True,0,0,0,0,0,0,0,empty
fa36defc8.jpg,land_coast,0.0,0.3035091824001736,0.0,2,75.25619998341426,0.13809166848659515,True,0,0,0,0,0,0,1,coast
fa45b1ba3.jpg,candidates,0.0,0.00017123752170138888,0.0,1,63.14320000819862,0.678133487701416,True,3,0,3,0,2,0,1,ships
fa53811e2.jpg,candidates,0.0,0.00010002983940972222,0.0,1,61.23890000162646,0.7837749123573303,True,1,4,0,2,0,1,1,ships
fa6e03182.jpg,land_coast,0.0,0.2739037407769097,0.0,0,74.9280999880284,0.13868117332458496,True,0,0,0,0,0,0,0,coast
fa71c5596.jpg,empty_sea,0.0,0.0,0.0,0,62.257799989311025,0.08561519533395767,False,0,0,0,0,0,0,0,empty
fa7ae82f8.jpg,candidates,0.0,0.002190483940972222,0.0,7,64.80330001795664,0.9955101013183594,True,2,3,2,3,2,2,2,ships
fa90f25a1.jpg,candidates,0.0,0.00012546115451388888,0.0,1,62.52939999103546,0.796201229095459,True,0,2,0,1,0,1,1,ships
fa9d579c1.jpg,candidates,0.0,0.028291490342881944,0.0,71,64.18310001026839,0.6436207890510559,True,0,1,0,1,0,1,1,ships
fac263d5d.jpg,candidates,0.0,0.0018141004774305555,0.0,8,63.01569999777712,0.9626486301422119,True,0,2,0,2,0,1,2,ships
fac732b9a.jpg,candidates,0.0,0.002582126193576389,0.0,21,65.22150000091642,0.9758917093276978,True,1,2,0,2,0,1,1,ships
facdf829f.jpg,candidates,0.0,0.0,0.0,4,60.81269998685457,0.3783242702484131,True,0,1,0,1,0,1,1,ships
facf4bea1.jpg,land_coast,0.0,0.2863820393880208,0.0,14,66.48900001891889,0.858451783657074,True,0,1,0,1,0,1,1,coast
facf5a92c.jpg,candidates,0.0,0.1010860866970486,0.0,86,66.44180000876077,0.9395981431007385,True,4,6,2,2,1,2,5,ships
fada39cd3.jpg,land_coast,0.0,0.3202955457899306,0.0,4,78.16390000516549,0.6724036931991577,True,0,0,0,0,0,0,1,coast
fadc3eb1b.jpg,land_coast,0.0,0.11834886338975695,0.17398240831163195,48,68.14970000414178,0.8767654895782471,True,6,1,1,1,0,1,1,coast
fade6c947.jpg,land_coast,0.0,0.3102637396918403,0.0,4,67.42099998518825,0.720340371131897,True,1,1,0,1,0,1,1,coast
fadf0862b.jpg,candidates,0.0961574978298611,0.0032828854394710864,0.0,65,63.269600010244176,0.40161922574043274,True,0,0,0,0,0,0,0,empty
faf5ea5e1.jpg,land_coast,0.0,0.2514801025390625,0.0,19,70.73040000977926,0.8273125886917114,True,0,3,0,2,0,2,2,coast
fb05dd5a8.jpg,land_coast,0.0,0.0030263264973958335,0.1080474853515625,25,64.20510000316426,0.8737785816192627,True,0,2,0,1,0,1,1,coast
fb08c0cb8.jpg,candidates,0.0,0.039667765299479164,0.0,66,64.18409998877905,0.6078747510910034,True,0,2,0,1,0,0,1,ships
fb098d758.jpg,candidates,0.0,0.0027262369791666665,0.0,9,65.89350002468564,0.9994472861289978,True,0,4,0,3,0,2,2,ships
fb2b9197a.jpg,candidates,0.0,0.060551961263020836,0.0,23,67.55659999907948,0.9364129304885864,True,0,2,0,1,0,0,1,ships
fb385591a.jpg,cloud,0.9987572564019097,0.0,0.0,0,35.77590000350028,0.30888184905052185,True,0,4,0,1,0,0,1,cloud
fb5694ab5.jpg,candidates,0.0,0.00024583604600694444,0.0,21,64.31380001595244,0.2684164345264435,True,0,2,0,1,0,1,1,ships
fb6b1796d.jpg,land_coast,0.0,0.2408209906684028,0.0,11,66.59240002045408,0.8832774758338928,True,0,1,0,1,0,1,1,coast
fba7b297b.jpg,candidates,0.0,0.0015326605902777778,0.0,13,62.1716000023298,0.867331326007843,True,0,1,0,1,0,1,1,ships
fbab78677.jpg,candidates,0.0,0.003060234917534722,0.0,13,64.58500001463108,0.9788656830787659,True,1,1,0,1,0,1,1,ships
fbb212db7.jpg,candidates,0.0,0.006264580620659722,0.0,3,63.30099998740479,0.7834861874580383,True,1,3,0,2,0,2,2,ships
fbb6f5df0.jpg,candidates,0.0,0.004552205403645833,0.0,10,65.24799999897368,0.9999321699142456,True,0,4,0,4,0,3,4,ships
fbc1c89af.jpg,candidates,0.0,0.00017293294270833334,0.0,1,63.21680001565255,0.651347279548645,True,0,1,0,1,0,1,1,ships
fbc64a8d1.jpg,candidates,0.0,4.57763671875e-05,0.0,5,65.01729998853989,0.3424205780029297,True,0,2,0,2,0,1,1,ships
fbc7677e3.jpg,candidates,0.0,0.0016869439019097222,0.0,1,64.5166999893263,0.79722660779953,True,0,2,0,1,0,1,1,ships
fbccd3753.jpg,candidates,0.0,0.0,0.0,23,62.09220000891946,0.24844540655612946,True,0,0,0,0,0,0,0,empty
fbd56ed37.jpg,candidates,0.0,0.0005662706163194445,0.0,32,64.02710001566447,0.6631649136543274,True,0,1,0,1,0,1,1,ships
fbedd4a48.jpg,candidates,0.0,0.0673183865017361,0.0,5,63.14250000286847,0.11344844847917557,False,0,1,0,1,0,1,1,ships
fbedeab76.jpg,land_coast,0.0,0.2637566460503472,0.0,1,65.64649997744709,0.1586795151233673,True,0,2,0,1,0,1,1,coast
fc09b728c.jpg,candidates,0.0,0.008188883463541666,0.0,64,65.53120000171475,0.9413020610809326,True,0,1,0,1,0,1,1,ships
fc18fcf4a.jpg,candidates,0.0,0.004906548394097222,0.015530056423611112,16,63.14330000896007,0.7203408479690552,True,0,1,0,1,0,1,1,ships
fc22c2565.jpg,candidates,0.0,0.0,0.013831244574652778,7,63.715600001160055,0.0923759862780571,False,0,0,0,0,0,0,0,empty
fc39cf8e9.jpg,empty_sea,0.0,0.0,0.0,0,63.684699998702854,0.05544145405292511,False,0,0,0,0,0,0,0,empty
fc3b36e99.jpg,land_coast,0.0,0.1566043429904514,0.0361328125,41,71.51670000166632,0.2124490588903427,True,0,3,0,1,0,0,1,coast
fc46f4ec0.jpg,land_coast,0.7931976318359375,0.10267933272477404,0.20196812085586174,7,61.14610002259724,0.9744130373001099,True,0,3,0,1,0,0,2,coast
fc48265f4.jpg,land_coast,0.0,0.2070397271050347,0.0,0,76.06950000626966,0.02199380099773407,False,0,0,0,0,0,0,0,coast
fc59d2387.jpg,empty_sea,0.0,0.0,0.0,0,63.7849000049755,0.02152830734848976,False,0,0,0,0,0,0,0,empty
fc7edde4c.jpg,candidates,0.0,0.004316541883680556,0.0,40,63.244499993743375,0.9926477670669556,True,0,5,0,2,0,1,2,ships
fc86ffbe7.jpg,candidates,0.0,0.002010769314236111,0.0,6,63.3510000188835,0.9920393228530884,True,0,1,0,1,0,1,1,ships
fcc156915.jpg,land_coast,0.0,0.2636023627387153,0.0,16,76.41500001773238,0.9362226128578186,True,0,4,0,1,0,0,2,coast
fcd2295a1.jpg,candidates,0.0,0.002602471245659722,0.013649834526909722,28,63.72689999989234,0.9999316930770874,True,0,5,0,5,0,5,5,ships
fcdaba22e.jpg,candidates,0.0,0.0,0.0,7,60.34560000989586,0.1881292313337326,True,0,0,0,0,0,0,0,empty
fd2d18300.jpg,empty_sea,0.0,3.0517578125e-05,0.0,0,62.46300000930205,0.10817087441682816,False,0,0,0,0,0,0,0,empty
fd3011186.jpg,candidates,0.0,0.0022447374131944445,0.0,8,64.91240000468679,0.7920410633087158,True,0,1,0,1,0,1,1,ships
fd31cc8d9.jpg,land_coast,0.0,0.1360660129123264,0.0,7,63.0329999839887,0.2546125650405884,True,0,1,0,1,0,1,1,coast
fd475a3f7.jpg,land_coast,0.0,0.3443874782986111,0.0,2,69.3178000219632,0.5991392731666565,True,3,1,1,0,0,0,1,coast
fd5606835.jpg,candidates,0.0,1.3563368055555555e-05,0.0,10,62.06249998649582,0.742554247379303,True,1,1,0,0,0,0,1,ships
fd56e5a5c.jpg,candidates,0.0,4.916720920138889e-05,0.0,3,63.22489999001846,0.22407075762748718,True,0,3,0,1,0,0,1,ships
fd5a78090.jpg,land_coast,0.0,0.078521728515625,0.3028361002604167,64,64.8430000001099,0.4705520272254944,True,3,1,2,0,0,0,1,coast
fd69a195a.jpg,candidates,0.0,0.00028143988715277775,0.0,2,65.06059999810532,0.16515383124351501,True,2,2,1,2,0,0,1,ships
fd8993afe.jpg,candidates,0.0,0.0032636854383680555,0.022913614908854168,36,64.54199997824617,0.989378035068512,True,0,1,0,1,0,1,1,ships
fd8ec9c8f.jpg,land_coast,0.0,0.3403642442491319,0.0,0,71.33850001264364,0.6676878333091736,True,0,0,0,0,0,0,0,coast
fd9876268.jpg,land_coast,0.0,0.2508392333984375,0.0,5,68.10530001530424,0.8822799324989319,True,0,1,0,1,0,1,1,coast
fda6d2ae9.jpg,candidates,0.0,6.951226128472222e-05,0.0,4,63.2575000054203,0.18149065971374512,True,0,2,0,1,0,1,1,ships
fda9e0b01.jpg,candidates,0.0,0.0004967583550347222,0.0,1,63.1582000060007,0.955966591835022,True,0,4,0,1,0,0,1,ships
fdca29d51.jpg,candidates,0.0,0.0008205837673611111,0.0,1,61.15319998934865,0.8736226558685303,True,2,1,0,1,0,1,1,ships
fdf72e203.jpg,candidates,0.0,0.0006595187717013889,0.0,94,64.46659998618998,0.5963019132614136,True,15,4,3,1,1,1,9,ships
fe2420ce9.jpg,candidates,0.0,0.00021701388888888888,0.0,1,63.48039998556487,0.869968593120575,True,1,4,1,1,0,0,1,ships
fe309007d.jpg,empty_sea,0.0,0.0,0.0,0,63.56249999953434,0.13756585121154785,True,0,0,0,0,0,0,0,empty
fe358c0cd.jpg,candidates,0.0,0.0003848605685763889,0.0,14,63.3899999957066,0.48134946823120117,True,0,2,0,1,0,1,1,ships
fe3a13aae.jpg,candidates,0.0,0.007931179470486112,0.0,11,64.9136999854818,0.9959465861320496,True,1,2,0,2,0,1,2,ships
fe49e9ca2.jpg,candidates,0.045723809136284724,0.00017013046320257165,0.060899542438596334,19,62.02439998742193,0.01094240415841341,False,1,0,1,0,0,0,0,empty
fe662680f.jpg,candidates,0.0,0.00035264756944444444,0.0,4,64.69259998993948,0.5252406597137451,True,0,8,0,2,0,0,2,ships
fe69a8f4f.jpg,candidates,0.0,0.06897481282552083,0.0,48,65.03959998372011,0.5989937782287598,True,3,0,0,0,0,0,0,empty
fe86a8ad4.jpg,land_coast,0.0,0.04608154296875,0.1902533637152778,96,64.60209999931976,0.9982216954231262,True,3,6,1,3,0,2,11,coast
fe87287d5.jpg,candidates,0.0,0.0004425048828125,0.0,4,64.95489997905679,0.7380101680755615,True,0,1,0,1,0,1,1,ships
fe930020c.jpg,candidates,0.0,0.003928290473090278,0.0,5,66.16059999214485,0.9044331908226013,True,0,1,0,1,0,1,1,ships
feb16c9ba.jpg,candidates,0.0,0.008146497938368056,0.0,56,62.59049999061972,0.7476198673248291,True,0,0,0,0,0,0,0,empty
feb30b892.jpg,candidates,0.0,0.010548909505208334,0.0,4,64.38739999430254,0.6817925572395325,True,0,1,0,1,0,1,1,ships
feb7e1083.jpg,land_coast,0.0,0.3086988661024306,0.013147989908854166,9,74.04899998800829,0.7332683205604553,True,0,1,0,1,0,1,1,coast
fecfeb199.jpg,candidates,0.0,5.255805121527778e-05,0.0,1,63.41109998174943,0.31988105177879333,True,3,1,1,1,0,0,1,ships
feee3f6fc.jpg,candidates,0.0,0.0006205240885416666,0.0,3,62.957300018751994,0.8144710659980774,True,0,1,0,1,0,1,1,ships
fef62c4c6.jpg,candidates,0.0,0.0023362901475694445,0.0,5,65.89840000378899,0.998350977897644,True,0,7,0,5,0,2,4,ships
fefeb074d.jpg,candidates,0.0,0.0025685628255208335,0.0,1,64.10409999080002,0.21310952305793762,True,2,4,0,1,0,0,1,ships
fefecd318.jpg,candidates,0.0,0.0,0.0,3,63.11529999948107,0.19183488190174103,True,0,0,0,0,0,0,0,empty
ff13f7ab0.jpg,candidates,0.0,0.004665798611111111,0.0,10,65.94739999854937,0.2716755270957947,True,0,3,0,3,0,1,1,ships
ff2ba78bb.jpg,candidates,0.0,0.0967441134982639,0.0,64,66.4245999942068,0.9815590977668762,True,7,3,1,1,1,0,4,ships
ff2d21be9.jpg,candidates,0.0,0.007515801323784722,0.0,3,64.52179999905638,0.6761776208877563,True,0,6,0,5,0,2,3,ships
ff3a0b066.jpg,candidates,0.0,0.003009372287326389,0.0,10,62.70030001178384,0.27021417021751404,True,0,1,0,1,0,1,1,ships
ff3a3bbbc.jpg,candidates,0.0,0.000732421875,0.0,4,64.36379998922348,0.9002057909965515,True,1,4,0,3,0,2,2,ships
ff3c302e3.jpg,land_coast,0.0,0.1892310248480903,0.0,7,64.47149999439716,0.34900137782096863,True,0,0,0,0,0,0,0,coast
ff3f6dae7.jpg,candidates,0.0,0.03305223253038195,0.0152435302734375,62,65.93790001352318,0.9991268515586853,True,4,4,0,3,0,3,3,ships
ff62869c7.jpg,empty_sea,0.0,0.0,0.0,0,62.64959997497499,0.16142301261425018,True,0,0,0,0,0,0,0,empty
ff62ddad4.jpg,candidates,0.0,0.0010240342881944445,0.0,3,61.411600006977096,0.6181336045265198,True,0,1,0,1,0,1,1,ships
ff6df12de.jpg,candidates,0.0,0.0020734998914930555,0.0,9,61.8794999900274,0.9032948017120361,True,0,2,0,2,0,2,2,ships
ff7caf167.jpg,candidates,0.0,0.0013478597005208333,0.0,7,63.29140000161715,0.998885452747345,True,0,2,0,2,0,2,2,ships
ff82168c6.jpg,candidates,0.0664944118923611,0.05847801323176365,0.0,29,63.41979998978786,0.6077300906181335,True,0,2,0,0,0,0,2,ships
ff8ace074.jpg,candidates,0.0,0.00024583604600694444,0.0,4,60.18579998635687,0.6597499847412109,True,2,7,1,3,1,1,3,ships
ff9252791.jpg,candidates,0.0,0.0023328993055555555,0.0,5,63.76799999270588,0.9830737709999084,True,2,2,1,1,1,0,2,ships
ffa9569bf.jpg,land_coast,0.0,0.17461988661024305,0.0,5,64.15049999486655,0.05433763936161995,False,0,2,0,0,0,0,2,coast
ffae6c2e5.jpg,candidates,0.0,0.0005866156684027778,0.0,2,63.23170001269318,0.24476180970668793,True,1,4,0,1,0,0,1,ships
ffb4c9f6a.jpg,candidates,0.0,0.014302571614583334,0.0,214,66.63280000793748,0.41538718342781067,True,0,0,0,0,0,0,0,empty
ffb6af57c.jpg,candidates,0.0,0.0012969970703125,0.0,43,69.08140002633445,0.6992351412773132,True,3,5,1,2,0,2,5,ships
ffc4a4a05.jpg,candidates,0.0,0.003033108181423611,0.0,7,64.98409999767318,0.9941797256469727,True,2,5,1,3,1,2,4,ships
ffd1999b4.jpg,land_coast,0.0,0.072113037109375,0.17336866590711805,43,65.24280001758598,0.9962608218193054,True,3,2,0,1,0,0,1,coast
ffd5c101e.jpg,land_coast,0.0,0.3027157253689236,0.0,8,68.15420000930317,0.8504445552825928,True,0,2,0,2,0,2,2,coast
ffe89d4cb.jpg,candidates,0.0,0.004479302300347222,0.0103607177734375,40,66.89180000103079,0.9867784976959229,True,0,3,0,3,0,3,3,ships
ffec95ea3.jpg,land_coast,0.0,0.08577813042534722,0.2550947401258681,50,66.07240001903847,0.9983019828796387,True,0,1,0,1,0,1,1,coast
ffecdeb53.jpg,land_coast,0.0,0.2742902967664931,0.0,3,62.74940000730567,0.7236396074295044,True,0,3,0,0,0,0,1,coast
fff529a0e.jpg,cloud,0.9960751003689237,0.0,0.0,0,36.23440000228584,0.48841580748558044,True,1,2,0,0,0,0,1,cloud
fff67c31a.jpg,land_coast,0.0,0.15767415364583334,0.0,7,65.18410000717267,0.7277175188064575,True,5,3,0,0,0,0,1,coast
fff909871.jpg,candidates,0.0,0.005057440863715278,0.0,32,63.75520001165569,0.8834138512611389,True,0,1,0,1,0,1,1,ships
