image,size_px,visible_fraction,visible_px,found,best_iou
4684ece3a.jpg,16.999679999999998,0.2,2.000383999999997,False,0.0
4684ece3a.jpg,16.999679999999998,0.3,3.000383999999997,False,0.0
4684ece3a.jpg,16.999679999999998,0.4,4.000383999999997,False,0.0
4684ece3a.jpg,16.999679999999998,0.5,5.000383999999997,False,0.0
4684ece3a.jpg,16.999679999999998,0.6,6.000383999999997,False,0.0
4684ece3a.jpg,16.999679999999998,0.7,7.000383999999997,False,0.0
4684ece3a.jpg,16.999679999999998,0.8,8.000383999999997,False,0.0
4684ece3a.jpg,16.999679999999998,0.9,9.000383999999997,True,0.7493611567972814
4684ece3a.jpg,16.999679999999998,1.0,10.000128000000018,True,0.72937832443311
beaff72b9.jpg,29.999616,0.2,2.000255999999979,False,0.0
beaff72b9.jpg,29.999616,0.3,3.000255999999979,False,0.0
beaff72b9.jpg,29.999616,0.4,4.000255999999979,False,0.0
beaff72b9.jpg,29.999616,0.5,5.000255999999979,False,0.0
beaff72b9.jpg,29.999616,0.6,7.000255999999979,False,0.0
beaff72b9.jpg,29.999616,0.7,8.000255999999979,False,0.0
beaff72b9.jpg,29.999616,0.8,9.000255999999979,False,0.0
beaff72b9.jpg,29.999616,0.9,10.000255999999979,False,0.0
beaff72b9.jpg,29.999616,1.0,11.000063999999952,False,0.0
dc6adaf6b.jpg,90.000384,0.2,16.00025599999998,False,0.0
dc6adaf6b.jpg,90.000384,0.3,24.00025599999998,False,0.3577075900014642
dc6adaf6b.jpg,90.000384,0.4,32.00025599999998,True,0.7341019461463121
dc6adaf6b.jpg,90.000384,0.5,40.00025599999998,True,0.8208901801612419
dc6adaf6b.jpg,90.000384,0.6,49.00025599999998,True,0.7505228497175379
dc6adaf6b.jpg,90.000384,0.7,57.00025599999998,True,0.824993386034142
dc6adaf6b.jpg,90.000384,0.8,65.00025599999998,True,0.9226097064689829
dc6adaf6b.jpg,90.000384,0.9,73.00025599999998,True,0.9384349210292617
dc6adaf6b.jpg,90.000384,1.0,81.00019199999997,True,0.9552047703119532
87bd9c92b.jpg,91.00032,0.2,17.999871999999982,False,0.41242302786536617
87bd9c92b.jpg,91.00032,0.3,26.999871999999982,False,0.3323835627927247
87bd9c92b.jpg,91.00032,0.4,35.99987199999998,False,0.4685022812506912
87bd9c92b.jpg,91.00032,0.5,45.99987199999998,True,0.7430387614441168
87bd9c92b.jpg,91.00032,0.6,54.99987199999998,True,0.7133796719879119
87bd9c92b.jpg,91.00032,0.7,63.99987199999998,True,0.7435707076429853
87bd9c92b.jpg,91.00032,0.8,72.99987199999998,True,0.8084279903585938
87bd9c92b.jpg,91.00032,0.9,81.99987199999998,True,0.9070097983031661
87bd9c92b.jpg,91.00032,1.0,90.99987199999998,True,0.8415932906463771
e0e5aee91.jpg,34.000128,0.2,6.9998720000000105,False,0.0
e0e5aee91.jpg,34.000128,0.3,9.99987200000001,False,0.0
e0e5aee91.jpg,34.000128,0.4,13.99987200000001,False,0.0
e0e5aee91.jpg,34.000128,0.5,16.99987200000001,False,0.0
e0e5aee91.jpg,34.000128,0.6,19.99987200000001,False,0.0
e0e5aee91.jpg,34.000128,0.7,23.99987200000001,True,0.7484060280582248
e0e5aee91.jpg,34.000128,0.8,26.99987200000001,True,0.8053065112630926
e0e5aee91.jpg,34.000128,0.9,30.99987200000001,True,0.8432557012307882
e0e5aee91.jpg,34.000128,1.0,33.99987200000001,True,0.8163493128327556
fbd56ed37.jpg,86.999808,0.2,16.999936000000048,False,0.0
fbd56ed37.jpg,86.999808,0.3,25.999936000000048,False,0.0
fbd56ed37.jpg,86.999808,0.4,34.99993600000005,False,0.0
fbd56ed37.jpg,86.999808,0.5,42.99993600000005,True,0.816306054553947
fbd56ed37.jpg,86.999808,0.6,51.99993600000005,True,0.671111928265824
fbd56ed37.jpg,86.999808,0.7,60.99993600000005,True,0.7612455832767197
fbd56ed37.jpg,86.999808,0.8,69.99993600000005,True,0.9227616607757134
fbd56ed37.jpg,86.999808,0.9,77.99993600000005,True,0.8733965717347719
fbd56ed37.jpg,86.999808,1.0,86.99980800000003,True,0.9186565546356105
554d79bcb.jpg,167.000064,0.2,32.99974399999999,False,0.0
554d79bcb.jpg,167.000064,0.3,49.99974399999999,True,0.7174553547315503
554d79bcb.jpg,167.000064,0.4,66.99974399999999,True,0.7382494870894567
554d79bcb.jpg,167.000064,0.5,83.99974399999999,True,0.788968828534994
554d79bcb.jpg,167.000064,0.6,99.99974399999999,True,0.8361131933455231
554d79bcb.jpg,167.000064,0.7,116.99974399999999,True,0.9365060667015209
554d79bcb.jpg,167.000064,0.8,133.999744,True,0.9605406535226549
554d79bcb.jpg,167.000064,0.9,149.999744,True,0.9883880681251186
554d79bcb.jpg,167.000064,1.0,166.999744,True,0.9698587643247846
6cc0bc1e3.jpg,60.999936,0.2,7.000319999999988,False,0.0
6cc0bc1e3.jpg,60.999936,0.3,11.000319999999988,False,0.0
6cc0bc1e3.jpg,60.999936,0.4,14.000319999999988,False,0.0
6cc0bc1e3.jpg,60.999936,0.5,18.000319999999988,False,0.0
6cc0bc1e3.jpg,60.999936,0.6,22.000319999999988,False,0.0
6cc0bc1e3.jpg,60.999936,0.7,25.000319999999988,False,0.0
6cc0bc1e3.jpg,60.999936,0.8,29.000319999999988,False,0.0
6cc0bc1e3.jpg,60.999936,0.9,32.00031999999999,False,0.0
6cc0bc1e3.jpg,60.999936,1.0,36.0,True,0.9152179568023604
c4d1e6670.jpg,228.0,0.2,45.99968000000001,False,0.0
c4d1e6670.jpg,228.0,0.3,67.99968000000001,True,0.5404738990966751
c4d1e6670.jpg,228.0,0.4,90.99968000000001,True,0.6916845152580837
c4d1e6670.jpg,228.0,0.5,113.99968000000001,True,0.6850926848113686
c4d1e6670.jpg,228.0,0.6,136.99968,True,0.781135940515757
c4d1e6670.jpg,228.0,0.7,159.99968,True,0.8623137925123411
c4d1e6670.jpg,228.0,0.8,181.99968,True,0.9131369324949152
c4d1e6670.jpg,228.0,0.9,204.99968,True,0.9398614428736508
c4d1e6670.jpg,228.0,1.0,227.99968,True,0.9348199972654935
f74e84709.jpg,194.99980800000003,0.2,39.00012800000002,True,0.841609263795084
f74e84709.jpg,194.99980800000003,0.3,58.00012800000002,True,0.5403347425796902
f74e84709.jpg,194.99980800000003,0.4,78.00012800000002,True,0.6394409584545115
f74e84709.jpg,194.99980800000003,0.5,97.00012800000002,True,0.699666643239846
f74e84709.jpg,194.99980800000003,0.6,117.00012800000002,True,0.7456963890356227
f74e84709.jpg,194.99980800000003,0.7,136.00012800000002,True,0.8963158437408726
f74e84709.jpg,194.99980800000003,0.8,156.00012800000002,True,0.8872692667211434
f74e84709.jpg,194.99980800000003,0.9,175.00012800000002,True,0.9241553881747876
f74e84709.jpg,194.99980800000003,1.0,194.99980800000003,True,0.9434286498576578
59c89fe1a.jpg,114.000384,0.2,6.999743999999978,False,0.0
59c89fe1a.jpg,114.000384,0.3,9.999743999999978,False,0.0
59c89fe1a.jpg,114.000384,0.4,13.999743999999978,False,0.0
59c89fe1a.jpg,114.000384,0.5,16.99974399999998,False,0.0
59c89fe1a.jpg,114.000384,0.6,19.99974399999998,True,0.9246287191657484
59c89fe1a.jpg,114.000384,0.7,23.99974399999998,True,0.9699275164864255
59c89fe1a.jpg,114.000384,0.8,26.99974399999998,True,0.9489310062984353
59c89fe1a.jpg,114.000384,0.9,30.99974399999998,True,0.90560861338941
59c89fe1a.jpg,114.000384,1.0,33.99974399999998,True,0.8948171244798266
665dd4cd2.jpg,204.0,0.2,14.999679999999955,False,0.1931862365339491
665dd4cd2.jpg,204.0,0.3,22.999679999999955,True,0.9103958508864721
665dd4cd2.jpg,204.0,0.4,30.999679999999955,True,0.859398010480607
665dd4cd2.jpg,204.0,0.5,38.999679999999955,True,0.9290428206843254
665dd4cd2.jpg,204.0,0.6,45.999679999999955,True,0.9689449403931191
665dd4cd2.jpg,204.0,0.7,53.999679999999955,True,0.961075891330506
665dd4cd2.jpg,204.0,0.8,61.999679999999955,True,0.9615305523921671
665dd4cd2.jpg,204.0,0.9,68.99967999999996,True,0.9645748978226705
665dd4cd2.jpg,204.0,1.0,76.99967999999996,True,0.9522567171142743
43f4acdc2.jpg,164.000256,0.2,33.00025599999992,False,0.2743570535390249
43f4acdc2.jpg,164.000256,0.3,49.00025599999992,False,0.42058091321111885
43f4acdc2.jpg,164.000256,0.4,66.00025599999992,True,0.5051210446661409
43f4acdc2.jpg,164.000256,0.5,82.00025599999992,True,0.5939790999670947
43f4acdc2.jpg,164.000256,0.6,98.00025599999992,True,0.6643229705060246
43f4acdc2.jpg,164.000256,0.7,115.00025599999992,True,0.739272470837916
43f4acdc2.jpg,164.000256,0.8,131.00025599999992,True,0.7934526498087399
43f4acdc2.jpg,164.000256,0.9,148.00025599999992,True,0.8919374674103646
43f4acdc2.jpg,164.000256,1.0,164.00025599999992,True,0.8582579446083244
0e845b123.jpg,38.999808,0.2,7.999744000000003,False,0.0
0e845b123.jpg,38.999808,0.3,10.999744000000003,False,0.0
0e845b123.jpg,38.999808,0.4,14.999744000000003,False,0.0
0e845b123.jpg,38.999808,0.5,18.999744000000003,False,0.0
0e845b123.jpg,38.999808,0.6,22.999744000000003,False,0.0
0e845b123.jpg,38.999808,0.7,26.999744000000003,False,0.46356195509097087
0e845b123.jpg,38.999808,0.8,29.999744000000003,True,0.6578575455731341
0e845b123.jpg,38.999808,0.9,33.99974400000001,True,0.8301916249972733
0e845b123.jpg,38.999808,1.0,37.99974400000001,True,0.5589818214951355
49dfe969e.jpg,16.999679999999998,0.2,3.0001279999999966,False,0.0
49dfe969e.jpg,16.999679999999998,0.3,5.000127999999997,False,0.0
49dfe969e.jpg,16.999679999999998,0.4,7.000127999999997,False,0.0
49dfe969e.jpg,16.999679999999998,0.5,8.000127999999997,False,0.0
49dfe969e.jpg,16.999679999999998,0.6,10.000127999999997,False,0.0
49dfe969e.jpg,16.999679999999998,0.7,12.000127999999997,False,0.0
49dfe969e.jpg,16.999679999999998,0.8,14.000127999999997,False,0.0
49dfe969e.jpg,16.999679999999998,0.9,15.000127999999997,True,0.8801946624708549
49dfe969e.jpg,16.999679999999998,1.0,16.999679999999998,True,0.8243470188868351
d21b2fcef.jpg,11.000064,0.2,1.9997439999999642,False,0.0
d21b2fcef.jpg,11.000064,0.3,2.999743999999964,False,0.0
d21b2fcef.jpg,11.000064,0.4,3.999743999999964,False,0.0
d21b2fcef.jpg,11.000064,0.5,5.999743999999964,False,0.0
d21b2fcef.jpg,11.000064,0.6,6.999743999999964,False,0.0
d21b2fcef.jpg,11.000064,0.7,7.999743999999964,False,0.0
d21b2fcef.jpg,11.000064,0.8,8.999743999999964,False,0.0
d21b2fcef.jpg,11.000064,0.9,9.999743999999964,False,0.0
d21b2fcef.jpg,11.000064,1.0,10.999743999999964,False,0.0
30484cd3b.jpg,175.00032000000002,0.2,34.99987199999998,False,0.0
30484cd3b.jpg,175.00032000000002,0.3,52.99987199999998,False,0.3292249263101187
30484cd3b.jpg,175.00032000000002,0.4,69.99987199999998,False,0.4783767621812058
30484cd3b.jpg,175.00032000000002,0.5,87.99987199999998,True,0.5913025787711076
30484cd3b.jpg,175.00032000000002,0.6,104.99987199999998,True,0.6638998464295894
30484cd3b.jpg,175.00032000000002,0.7,122.99987199999998,True,0.7733208560424399
30484cd3b.jpg,175.00032000000002,0.8,139.99987199999998,True,0.8477267672228016
30484cd3b.jpg,175.00032000000002,0.9,157.99987199999998,True,0.9070679682529057
30484cd3b.jpg,175.00032000000002,1.0,174.99987199999998,True,0.9511285376813551
0a2c6480e.jpg,141.000192,0.2,10.000064000000009,True,0.8003598523558912
0a2c6480e.jpg,141.000192,0.3,15.000064000000009,True,0.6080620635813876
0a2c6480e.jpg,141.000192,0.4,20.00006400000001,True,0.88282351834015
0a2c6480e.jpg,141.000192,0.5,24.00006400000001,True,0.8717279066315038
0a2c6480e.jpg,141.000192,0.6,29.00006400000001,True,0.9383461531685131
0a2c6480e.jpg,141.000192,0.7,34.00006400000001,True,0.8747670772576738
0a2c6480e.jpg,141.000192,0.8,39.00006400000001,True,0.9032720880469096
0a2c6480e.jpg,141.000192,0.9,44.00006400000001,True,0.9184942241570851
0a2c6480e.jpg,141.000192,1.0,48.99993599999999,True,0.8876096993640474
015e56b00.jpg,74.999808,0.2,15.0,False,0.4270285541624823
015e56b00.jpg,74.999808,0.3,22.0,False,0.0
015e56b00.jpg,74.999808,0.4,30.0,False,0.0
015e56b00.jpg,74.999808,0.5,37.0,False,0.0
015e56b00.jpg,74.999808,0.6,45.0,True,0.7711116978626398
015e56b00.jpg,74.999808,0.7,52.0,True,0.80788552365821
015e56b00.jpg,74.999808,0.8,60.0,True,0.8437294694795078
015e56b00.jpg,74.999808,0.9,67.0,True,0.8678846420485234
015e56b00.jpg,74.999808,1.0,74.99980799999997,True,0.8745047606285657
a6654388a.jpg,24.999935999999998,0.2,4.999616000000003,False,0.0
a6654388a.jpg,24.999935999999998,0.3,7.999616000000003,False,0.0
a6654388a.jpg,24.999935999999998,0.4,9.999616000000003,False,0.0
a6654388a.jpg,24.999935999999998,0.5,12.999616000000003,False,0.0
a6654388a.jpg,24.999935999999998,0.6,14.999616000000003,False,0.0
a6654388a.jpg,24.999935999999998,0.7,17.999616000000003,True,0.7054030246604542
a6654388a.jpg,24.999935999999998,0.8,19.999616000000003,True,0.6896644166723597
a6654388a.jpg,24.999935999999998,0.9,22.999616000000003,True,0.7568305378737812
a6654388a.jpg,24.999935999999998,1.0,24.999616000000003,True,0.8026199805498512
818c4c604.jpg,16.999679999999998,0.2,3.0,False,0.0
818c4c604.jpg,16.999679999999998,0.3,4.0,False,0.0
818c4c604.jpg,16.999679999999998,0.4,6.0,False,0.0
818c4c604.jpg,16.999679999999998,0.5,7.0,False,0.0
818c4c604.jpg,16.999679999999998,0.6,9.0,False,0.0
818c4c604.jpg,16.999679999999998,0.7,10.0,False,0.0
818c4c604.jpg,16.999679999999998,0.8,12.0,False,0.0
818c4c604.jpg,16.999679999999998,0.9,13.0,False,0.0
818c4c604.jpg,16.999679999999998,1.0,14.99980800000003,False,0.0
10c100962.jpg,36.999936,0.2,6.999744000000021,False,0.0
10c100962.jpg,36.999936,0.3,10.999744000000021,False,0.0
10c100962.jpg,36.999936,0.4,14.999744000000021,False,0.33620501262343705
10c100962.jpg,36.999936,0.5,18.99974400000002,False,0.39588273491901343
10c100962.jpg,36.999936,0.6,21.99974400000002,False,0.34704414364069475
10c100962.jpg,36.999936,0.7,25.99974400000002,True,0.7014467707560679
10c100962.jpg,36.999936,0.8,29.99974400000002,True,0.8277431634049705
10c100962.jpg,36.999936,0.9,32.99974400000002,False,0.0
10c100962.jpg,36.999936,1.0,36.99974400000002,True,0.909779225848122
71ea66a39.jpg,47.000064,0.2,8.999936000000048,False,0.0
71ea66a39.jpg,47.000064,0.3,13.999936000000048,False,0.0
71ea66a39.jpg,47.000064,0.4,18.999936000000048,True,0.6728675379350924
71ea66a39.jpg,47.000064,0.5,23.999936000000048,True,0.8067511262932101
71ea66a39.jpg,47.000064,0.6,27.999936000000048,True,0.7012449658639831
71ea66a39.jpg,47.000064,0.7,32.99993600000005,True,0.6522463571633169
71ea66a39.jpg,47.000064,0.8,37.99993600000005,True,0.8720264984697332
71ea66a39.jpg,47.000064,0.9,41.99993600000005,True,0.8408991023404442
71ea66a39.jpg,47.000064,1.0,46.99993600000005,True,0.7299739174890134
3153e53de.jpg,212.000256,0.2,42.000128000000004,False,0.0
3153e53de.jpg,212.000256,0.3,64.000128,True,0.6295174385266721
3153e53de.jpg,212.000256,0.4,85.000128,True,0.6021638699349513
3153e53de.jpg,212.000256,0.5,106.000128,True,0.6742716696471487
3153e53de.jpg,212.000256,0.6,127.000128,True,0.773365927758458
3153e53de.jpg,212.000256,0.7,148.00012800000002,True,0.952859183250555
3153e53de.jpg,212.000256,0.8,170.00012800000002,True,0.9311676596271943
3153e53de.jpg,212.000256,0.9,191.00012800000002,True,0.9216031762494209
3153e53de.jpg,212.000256,1.0,212.00012800000002,True,0.9404143290270912
a2a43ca82.jpg,60.999936,0.2,9.000320000000045,False,0.0
a2a43ca82.jpg,60.999936,0.3,14.000320000000045,False,0.22123873581951373
a2a43ca82.jpg,60.999936,0.4,18.000320000000045,False,0.28516066225690845
a2a43ca82.jpg,60.999936,0.5,23.000320000000045,True,0.6653485024890643
a2a43ca82.jpg,60.999936,0.6,28.000320000000045,True,0.8723991096196365
a2a43ca82.jpg,60.999936,0.7,32.000320000000045,True,0.9256262393362185
a2a43ca82.jpg,60.999936,0.8,37.000320000000045,True,0.9429395394284499
a2a43ca82.jpg,60.999936,0.9,41.000320000000045,True,0.918533256031086
a2a43ca82.jpg,60.999936,1.0,46.00012800000002,True,0.9198721033847188
86760f68d.jpg,23.000064,0.2,4.999999999999943,False,0.0
86760f68d.jpg,23.000064,0.3,6.999999999999943,False,0.0
86760f68d.jpg,23.000064,0.4,8.999999999999943,False,0.0
86760f68d.jpg,23.000064,0.5,11.999999999999943,False,0.0
86760f68d.jpg,23.000064,0.6,13.999999999999943,False,0.0
86760f68d.jpg,23.000064,0.7,15.999999999999943,False,0.0
86760f68d.jpg,23.000064,0.8,17.999999999999943,False,0.0
86760f68d.jpg,23.000064,0.9,20.999999999999943,False,0.0
86760f68d.jpg,23.000064,1.0,22.999999999999943,False,0.0
e17305d6f.jpg,109.999872,0.2,19.00012799999999,False,0.0
e17305d6f.jpg,109.999872,0.3,29.00012799999999,True,0.8057268034362876
e17305d6f.jpg,109.999872,0.4,39.00012799999999,False,0.0
e17305d6f.jpg,109.999872,0.5,48.00012799999999,True,0.771380930243743
e17305d6f.jpg,109.999872,0.6,58.00012799999999,True,0.8441391788342533
e17305d6f.jpg,109.999872,0.7,68.00012799999999,True,0.885720654672579
e17305d6f.jpg,109.999872,0.8,78.00012799999999,True,0.9220578239140809
e17305d6f.jpg,109.999872,0.9,87.00012799999999,True,0.9407664902605478
e17305d6f.jpg,109.999872,1.0,96.99993599999999,True,0.9035122040757003
0658e6598.jpg,145.99987199999998,0.2,24.999551999999937,False,0.4623005755544332
0658e6598.jpg,145.99987199999998,0.3,37.99955199999994,False,0.3784638318230437
0658e6598.jpg,145.99987199999998,0.4,49.99955199999994,True,0.6104420873850707
0658e6598.jpg,145.99987199999998,0.5,62.99955199999994,True,0.6369085550886037
0658e6598.jpg,145.99987199999998,0.6,74.99955199999994,True,0.8094926556950539
0658e6598.jpg,145.99987199999998,0.7,87.99955199999994,True,0.9786285365787386
0658e6598.jpg,145.99987199999998,0.8,99.99955199999994,True,0.9510985241058985
0658e6598.jpg,145.99987199999998,0.9,112.99955199999994,True,0.970765664492444
0658e6598.jpg,145.99987199999998,1.0,124.99955199999994,True,0.9644627730449562
363999258.jpg,10.000128,0.2,2.0004480000000058,False,0.0
363999258.jpg,10.000128,0.3,3.0004480000000058,False,0.0
363999258.jpg,10.000128,0.4,4.000448000000006,False,0.0
363999258.jpg,10.000128,0.5,5.000448000000006,False,0.0
363999258.jpg,10.000128,0.6,6.000448000000006,False,0.0
363999258.jpg,10.000128,0.7,7.000448000000006,False,0.0
363999258.jpg,10.000128,0.8,8.000448000000006,False,0.0
363999258.jpg,10.000128,0.9,9.000448000000006,False,0.0
363999258.jpg,10.000128,1.0,10.000128000000018,False,0.0
7178a5302.jpg,25.999872000000003,0.2,5.000191999999998,False,0.0
7178a5302.jpg,25.999872000000003,0.3,7.000191999999998,False,0.0
7178a5302.jpg,25.999872000000003,0.4,10.000191999999998,False,0.0
7178a5302.jpg,25.999872000000003,0.5,12.000191999999998,False,0.0
7178a5302.jpg,25.999872000000003,0.6,15.000191999999998,False,0.0
7178a5302.jpg,25.999872000000003,0.7,17.000192,False,0.0
7178a5302.jpg,25.999872000000003,0.8,20.000192,False,0.0
7178a5302.jpg,25.999872000000003,0.9,22.000192,False,0.0
7178a5302.jpg,25.999872000000003,1.0,24.99993599999999,False,0.0
ad018aea0.jpg,40.99968,0.2,7.999487999999985,False,0.0
ad018aea0.jpg,40.99968,0.3,11.999487999999985,False,0.0
ad018aea0.jpg,40.99968,0.4,15.999487999999985,False,0.0
ad018aea0.jpg,40.99968,0.5,20.999487999999985,False,0.0
ad018aea0.jpg,40.99968,0.6,24.999487999999985,False,0.0
ad018aea0.jpg,40.99968,0.7,28.999487999999985,False,0.0
ad018aea0.jpg,40.99968,0.8,32.999487999999985,False,0.0
ad018aea0.jpg,40.99968,0.9,36.999487999999985,False,0.0
ad018aea0.jpg,40.99968,1.0,40.999487999999985,False,0.0
19f577039.jpg,82.000128,0.2,16.00012799999996,False,0.0
19f577039.jpg,82.000128,0.3,25.00012799999996,False,0.0
19f577039.jpg,82.000128,0.4,33.00012799999996,True,0.6110604018438137
19f577039.jpg,82.000128,0.5,41.00012799999996,True,0.6970188653559302
19f577039.jpg,82.000128,0.6,49.00012799999996,True,0.8599566411036802
19f577039.jpg,82.000128,0.7,57.00012799999996,True,0.8383602325066075
19f577039.jpg,82.000128,0.8,66.00012799999996,True,0.9078264984499799
19f577039.jpg,82.000128,0.9,74.00012799999996,True,0.9422378231926246
19f577039.jpg,82.000128,1.0,82.00012799999996,True,0.9206551697598492
b6671293d.jpg,72.0,0.2,14.00019199999997,False,0.39365551211098376
b6671293d.jpg,72.0,0.3,22.00019199999997,False,0.4564979960252538
b6671293d.jpg,72.0,0.4,29.00019199999997,True,0.5494179020559007
b6671293d.jpg,72.0,0.5,36.00019199999997,True,0.6400207833421319
b6671293d.jpg,72.0,0.6,43.00019199999997,True,0.8096006979146294
b6671293d.jpg,72.0,0.7,50.00019199999997,True,0.8008139848146938
b6671293d.jpg,72.0,0.8,58.00019199999997,True,0.8509701310687214
b6671293d.jpg,72.0,0.9,65.00019199999997,True,0.9373608209435708
b6671293d.jpg,72.0,1.0,72.0,True,0.9235506558993494
f4653c538.jpg,20.000256,0.2,4.000128000000018,False,0.0
f4653c538.jpg,20.000256,0.3,6.000128000000018,False,0.0
f4653c538.jpg,20.000256,0.4,8.000128000000018,False,0.0
f4653c538.jpg,20.000256,0.5,10.000128000000018,False,0.0
f4653c538.jpg,20.000256,0.6,12.000128000000018,False,0.0
f4653c538.jpg,20.000256,0.7,14.000128000000018,False,0.0
f4653c538.jpg,20.000256,0.8,16.000128000000018,False,0.0
f4653c538.jpg,20.000256,0.9,18.000128000000018,False,0.0
f4653c538.jpg,20.000256,1.0,20.000128000000018,False,0.0
f77788c23.jpg,105.000192,0.2,21.000448000000006,True,0.6608697798695874
f77788c23.jpg,105.000192,0.3,31.000448000000006,True,0.7850204763928732
f77788c23.jpg,105.000192,0.4,42.000448000000006,True,0.8047768561334185
f77788c23.jpg,105.000192,0.5,52.000448000000006,True,0.7833028057188071
f77788c23.jpg,105.000192,0.6,63.000448000000006,True,0.8326941705805117
f77788c23.jpg,105.000192,0.7,73.000448,True,0.9115137677159767
f77788c23.jpg,105.000192,0.8,84.000448,True,0.854284577414563
f77788c23.jpg,105.000192,0.9,94.000448,True,0.8622826936654577
f77788c23.jpg,105.000192,1.0,105.00019199999997,True,0.8872295307653859
cc8c92b9d.jpg,67.00032,0.2,12.999935999999998,False,0.0
cc8c92b9d.jpg,67.00032,0.3,19.999935999999998,False,0.0
cc8c92b9d.jpg,67.00032,0.4,26.999935999999998,False,0.0
cc8c92b9d.jpg,67.00032,0.5,33.999936,False,0.0
cc8c92b9d.jpg,67.00032,0.6,39.999936,True,0.8306821572122025
cc8c92b9d.jpg,67.00032,0.7,46.999936,True,0.8794236197981786
cc8c92b9d.jpg,67.00032,0.8,53.999936,True,0.8392580096752565
cc8c92b9d.jpg,67.00032,0.9,59.999936,True,0.8648229127398437
cc8c92b9d.jpg,67.00032,1.0,66.99993599999999,True,0.8783382663508259
74297c0ac.jpg,221.999616,0.2,43.000064000000066,False,0.0
74297c0ac.jpg,221.999616,0.3,64.00006400000007,False,0.0
74297c0ac.jpg,221.999616,0.4,86.00006400000007,True,0.8405779656731613
74297c0ac.jpg,221.999616,0.5,107.00006400000007,True,0.8142151627859663
74297c0ac.jpg,221.999616,0.6,129.00006400000007,True,0.7702982810733092
74297c0ac.jpg,221.999616,0.7,150.00006400000007,True,0.8955134578519841
74297c0ac.jpg,221.999616,0.8,172.00006400000007,True,0.8367878306382581
74297c0ac.jpg,221.999616,0.9,193.00006400000007,True,0.9054366662363139
74297c0ac.jpg,221.999616,1.0,215.00006400000007,True,0.9472117994685956
b2f1b1468.jpg,157.99987199999998,0.2,31.999743999999964,False,0.0
b2f1b1468.jpg,157.99987199999998,0.3,46.999743999999964,True,0.911165038515076
b2f1b1468.jpg,157.99987199999998,0.4,62.999743999999964,True,0.6479231921283422
b2f1b1468.jpg,157.99987199999998,0.5,78.99974399999996,True,0.8919267710131404
b2f1b1468.jpg,157.99987199999998,0.6,94.99974399999996,True,0.7896840222584981
b2f1b1468.jpg,157.99987199999998,0.7,110.99974399999996,True,0.9381067509780606
b2f1b1468.jpg,157.99987199999998,0.8,125.99974399999996,True,0.8995573344125637
b2f1b1468.jpg,157.99987199999998,0.9,141.99974399999996,True,0.963687219625198
b2f1b1468.jpg,157.99987199999998,1.0,157.99974399999996,True,0.9487017985061046
aec367d77.jpg,71.00006400000001,0.2,11.000191999999998,False,0.0
aec367d77.jpg,71.00006400000001,0.3,17.000192,False,0.0
aec367d77.jpg,71.00006400000001,0.4,22.000192,False,0.4951848744794447
aec367d77.jpg,71.00006400000001,0.5,28.000192,True,0.7705926883073252
aec367d77.jpg,71.00006400000001,0.6,34.000192,True,0.8451494228613313
aec367d77.jpg,71.00006400000001,0.7,39.000192,False,0.0
aec367d77.jpg,71.00006400000001,0.8,45.000192,True,0.8865989964801586
aec367d77.jpg,71.00006400000001,0.9,50.000192,True,0.8921751486551327
aec367d77.jpg,71.00006400000001,1.0,56.000192,True,0.9302460464853032
4ab4453de.jpg,100.99967999999998,0.2,12.000383999999997,False,0.19303741119481208
4ab4453de.jpg,100.99967999999998,0.3,17.000383999999997,True,0.6617523346689684
4ab4453de.jpg,100.99967999999998,0.4,23.000383999999997,True,0.7883586175545232
4ab4453de.jpg,100.99967999999998,0.5,29.000383999999997,True,0.7467735145028159
4ab4453de.jpg,100.99967999999998,0.6,35.000384,True,0.8766982204608229
4ab4453de.jpg,100.99967999999998,0.7,41.000384,True,0.9167418811439768
4ab4453de.jpg,100.99967999999998,0.8,46.000384,True,0.9245524308186012
4ab4453de.jpg,100.99967999999998,0.9,52.000384,True,0.942405966252403
4ab4453de.jpg,100.99967999999998,1.0,58.00012800000002,True,0.927981967828269
c88c2d44f.jpg,15.999744,0.2,3.0001920000000837,False,0.0
c88c2d44f.jpg,15.999744,0.3,4.000192000000084,False,0.0
c88c2d44f.jpg,15.999744,0.4,6.000192000000084,False,0.0
c88c2d44f.jpg,15.999744,0.5,7.000192000000084,False,0.0
c88c2d44f.jpg,15.999744,0.6,9.000192000000084,False,0.0
c88c2d44f.jpg,15.999744,0.7,10.000192000000084,False,0.0
c88c2d44f.jpg,15.999744,0.8,12.000192000000084,False,0.0
c88c2d44f.jpg,15.999744,0.9,13.000192000000084,False,0.0
c88c2d44f.jpg,15.999744,1.0,14.99980800000003,False,0.0
f6a08f68c.jpg,49.999871999999996,0.2,9.999552000000108,False,0.40961866810035247
f6a08f68c.jpg,49.999871999999996,0.3,14.999552000000108,True,0.6909085635118838
f6a08f68c.jpg,49.999871999999996,0.4,19.999552000000108,True,0.6756178360314917
f6a08f68c.jpg,49.999871999999996,0.5,24.999552000000108,True,0.735274666270806
f6a08f68c.jpg,49.999871999999996,0.6,29.999552000000108,True,0.806501258975563
f6a08f68c.jpg,49.999871999999996,0.7,34.99955200000011,True,0.9248878296652867
f6a08f68c.jpg,49.999871999999996,0.8,39.99955200000011,True,0.7242706278002943
f6a08f68c.jpg,49.999871999999996,0.9,44.99955200000011,True,0.6952746060079313
f6a08f68c.jpg,49.999871999999996,1.0,49.99955200000011,True,0.7698797252913046
f18938933.jpg,227.00006399999998,0.2,44.99974399999991,False,0.3717792585664875
f18938933.jpg,227.00006399999998,0.3,67.99974399999991,True,0.8052135545149309
f18938933.jpg,227.00006399999998,0.4,90.99974399999991,True,0.7272868919838317
f18938933.jpg,227.00006399999998,0.5,113.99974399999991,True,0.7116597082811066
f18938933.jpg,227.00006399999998,0.6,135.9997439999999,True,0.7827845497836465
f18938933.jpg,227.00006399999998,0.7,158.9997439999999,True,0.9641779856708053
f18938933.jpg,227.00006399999998,0.8,181.9997439999999,True,0.9554439988721275
f18938933.jpg,227.00006399999998,0.9,203.9997439999999,True,0.9721752335552102
f18938933.jpg,227.00006399999998,1.0,226.9997439999999,True,0.9551813723037936
97b4b4560.jpg,19.000320000000002,0.2,2.999616000000003,False,0.0
97b4b4560.jpg,19.000320000000002,0.3,4.999616000000003,False,0.0
97b4b4560.jpg,19.000320000000002,0.4,6.999616000000003,False,0.0
97b4b4560.jpg,19.000320000000002,0.5,8.999616000000003,True,0.6887326937133335
97b4b4560.jpg,19.000320000000002,0.6,9.999616000000003,True,0.6805966914414942
97b4b4560.jpg,19.000320000000002,0.7,11.999616000000003,True,0.6911016944269366
97b4b4560.jpg,19.000320000000002,0.8,13.999616000000003,True,0.7344931589887312
97b4b4560.jpg,19.000320000000002,0.9,14.999616000000003,True,0.7572858178015691
97b4b4560.jpg,19.000320000000002,1.0,16.999616000000003,True,0.7832676774587075
15bb3c734.jpg,74.999808,0.2,14.000448000000006,False,0.23344525022684287
15bb3c734.jpg,74.999808,0.3,21.000448000000006,False,0.0
15bb3c734.jpg,74.999808,0.4,28.000448000000006,True,0.8980723163191224
15bb3c734.jpg,74.999808,0.5,34.000448000000006,True,0.6021151902743367
15bb3c734.jpg,74.999808,0.6,41.000448000000006,True,0.6885559473154697
15bb3c734.jpg,74.999808,0.7,48.000448000000006,True,0.7676136097724012
15bb3c734.jpg,74.999808,0.8,55.000448000000006,True,0.8497296249973519
15bb3c734.jpg,74.999808,0.9,62.000448000000006,True,0.9643675748327935
15bb3c734.jpg,74.999808,1.0,69.00019199999997,True,0.935247876502612
0ae71fbc2.jpg,129.000192,0.2,9.000192000000027,False,0.0
0ae71fbc2.jpg,129.000192,0.3,13.000192000000027,True,0.8704104437957616
0ae71fbc2.jpg,129.000192,0.4,17.000192000000027,False,0.0
0ae71fbc2.jpg,129.000192,0.5,21.000192000000027,True,0.752155309407933
0ae71fbc2.jpg,129.000192,0.6,26.000192000000027,True,0.8320139910158149
0ae71fbc2.jpg,129.000192,0.7,30.000192000000027,True,0.8547735611110591
0ae71fbc2.jpg,129.000192,0.8,34.00019200000003,True,0.8709905674375479
0ae71fbc2.jpg,129.000192,0.9,39.00019200000003,True,0.9089548689674257
0ae71fbc2.jpg,129.000192,1.0,43.00019200000003,True,0.8378703867428174
7beea573c.jpg,84.0,0.2,16.999871999999982,True,0.6485556980178387
7beea573c.jpg,84.0,0.3,24.999871999999982,True,0.713505155839529
7beea573c.jpg,84.0,0.4,33.99987199999998,True,0.8458136075084918
7beea573c.jpg,84.0,0.5,41.99987199999998,True,0.7305202026385189
7beea573c.jpg,84.0,0.6,49.99987199999998,True,0.8595574488836946
7beea573c.jpg,84.0,0.7,58.99987199999998,True,0.88198330520004
7beea573c.jpg,84.0,0.8,66.99987199999998,True,0.8612141238863065
7beea573c.jpg,84.0,0.9,75.99987199999998,True,0.8468215900432384
7beea573c.jpg,84.0,1.0,83.99987199999998,True,0.8761883859519178
854b5c6e8.jpg,75.999744,0.2,14.99968000000004,True,0.5308232173022639
854b5c6e8.jpg,75.999744,0.3,22.99968000000004,True,0.68546744316402
854b5c6e8.jpg,75.999744,0.4,29.99968000000004,True,0.7889017396092677
854b5c6e8.jpg,75.999744,0.5,37.99968000000004,True,0.779660124542772
854b5c6e8.jpg,75.999744,0.6,45.99968000000004,True,0.8214697874439398
854b5c6e8.jpg,75.999744,0.7,52.99968000000004,True,0.8849971080817023
854b5c6e8.jpg,75.999744,0.8,60.99968000000004,True,0.9007299425305065
854b5c6e8.jpg,75.999744,0.9,67.99968000000004,True,0.8829136772975053
854b5c6e8.jpg,75.999744,1.0,75.99968000000004,True,0.8867855386620022
72568823a.jpg,166.00012800000002,0.2,33.000384,True,0.8330796208921352
72568823a.jpg,166.00012800000002,0.3,50.000384,False,0.45869173835873134
72568823a.jpg,166.00012800000002,0.4,66.000384,True,0.7441185244994514
72568823a.jpg,166.00012800000002,0.5,83.000384,True,0.6459126442719961
72568823a.jpg,166.00012800000002,0.6,100.000384,True,0.8299923650478215
72568823a.jpg,166.00012800000002,0.7,116.000384,True,0.8022140923442733
72568823a.jpg,166.00012800000002,0.8,133.000384,True,0.9727240786856904
72568823a.jpg,166.00012800000002,0.9,149.000384,True,0.9070152791103934
72568823a.jpg,166.00012800000002,1.0,166.00012799999996,True,0.9138719476105687
c6438fa0a.jpg,248.000256,0.2,47.99974400000002,False,0.0
c6438fa0a.jpg,248.000256,0.3,71.99974400000002,False,0.43417281107230227
c6438fa0a.jpg,248.000256,0.4,95.99974400000002,True,0.7742112289194238
c6438fa0a.jpg,248.000256,0.5,120.99974400000002,True,0.6678357914872344
c6438fa0a.jpg,248.000256,0.6,144.99974400000002,True,0.7562678008319624
c6438fa0a.jpg,248.000256,0.7,168.99974400000002,True,0.9136934361357874
c6438fa0a.jpg,248.000256,0.8,192.99974400000002,True,0.9559644786446037
c6438fa0a.jpg,248.000256,0.9,216.99974400000002,True,0.962039557678614
c6438fa0a.jpg,248.000256,1.0,240.99974400000002,True,0.9395622957158246
800c9aceb.jpg,12.999936000000002,0.2,3.0003200000000163,False,0.0
800c9aceb.jpg,12.999936000000002,0.3,4.000320000000016,False,0.0
800c9aceb.jpg,12.999936000000002,0.4,5.000320000000016,False,0.0
800c9aceb.jpg,12.999936000000002,0.5,6.000320000000016,False,0.0
800c9aceb.jpg,12.999936000000002,0.6,8.000320000000016,False,0.0
800c9aceb.jpg,12.999936000000002,0.7,9.000320000000016,True,0.8595219190874186
800c9aceb.jpg,12.999936000000002,0.8,10.000320000000016,True,0.8457917276544378
800c9aceb.jpg,12.999936000000002,0.9,12.000320000000016,True,0.8026686446655436
800c9aceb.jpg,12.999936000000002,1.0,12.999935999999991,True,0.7728872915947386
84ad59a73.jpg,23.000064,0.2,1.999936000000048,False,0.0
84ad59a73.jpg,23.000064,0.3,2.999936000000048,False,0.0
84ad59a73.jpg,23.000064,0.4,3.999936000000048,False,0.0
84ad59a73.jpg,23.000064,0.5,4.999936000000048,False,0.0
84ad59a73.jpg,23.000064,0.6,5.999936000000048,False,0.0
84ad59a73.jpg,23.000064,0.7,6.999936000000048,False,0.0
84ad59a73.jpg,23.000064,0.8,7.999936000000048,False,0.0
84ad59a73.jpg,23.000064,0.9,8.999936000000048,False,0.0
84ad59a73.jpg,23.000064,1.0,9.999936000000048,True,0.7015692900436242
a4f24d99e.jpg,19.000320000000002,0.2,3.999871999999982,False,0.0
a4f24d99e.jpg,19.000320000000002,0.3,5.999871999999982,False,0.0
a4f24d99e.jpg,19.000320000000002,0.4,7.999871999999982,False,0.0
a4f24d99e.jpg,19.000320000000002,0.5,9.999871999999982,True,0.514138395101593
a4f24d99e.jpg,19.000320000000002,0.6,10.999871999999982,True,0.5671606698782128
a4f24d99e.jpg,19.000320000000002,0.7,12.999871999999982,True,0.8516429673399818
a4f24d99e.jpg,19.000320000000002,0.8,14.999871999999982,True,0.7951279787912179
a4f24d99e.jpg,19.000320000000002,0.9,16.999871999999982,True,0.780514126048223
a4f24d99e.jpg,19.000320000000002,1.0,18.999871999999982,True,0.713203355718416
a7f2415df.jpg,168.999936,0.2,26.999936000000048,False,0.0
a7f2415df.jpg,168.999936,0.3,39.99993600000005,False,0.0
a7f2415df.jpg,168.999936,0.4,52.99993600000005,True,0.6236496912777143
a7f2415df.jpg,168.999936,0.5,66.99993600000005,True,0.7188736608264432
a7f2415df.jpg,168.999936,0.6,79.99993600000005,True,0.807917062893671
a7f2415df.jpg,168.999936,0.7,92.99993600000005,True,0.8645809197644337
a7f2415df.jpg,168.999936,0.8,105.99993600000005,True,0.8485398080856775
a7f2415df.jpg,168.999936,0.9,119.99993600000005,True,0.8807940475281025
a7f2415df.jpg,168.999936,1.0,132.99993600000005,True,0.8724690997904471
e3f6d0fba.jpg,11.000064,0.2,2.0000000000000284,False,0.0
e3f6d0fba.jpg,11.000064,0.3,3.0000000000000284,False,0.0
e3f6d0fba.jpg,11.000064,0.4,4.000000000000028,False,0.0
e3f6d0fba.jpg,11.000064,0.5,5.000000000000028,False,0.0
e3f6d0fba.jpg,11.000064,0.6,6.000000000000028,False,0.0
e3f6d0fba.jpg,11.000064,0.7,7.000000000000028,False,0.0
e3f6d0fba.jpg,11.000064,0.8,8.000000000000028,False,0.0
e3f6d0fba.jpg,11.000064,0.9,9.000000000000028,False,0.0
e3f6d0fba.jpg,11.000064,1.0,10.000000000000028,False,0.0
203ae5c9e.jpg,13.999872,0.2,2.9998080000001437,False,0.0
203ae5c9e.jpg,13.999872,0.3,3.9998080000001437,False,0.0
203ae5c9e.jpg,13.999872,0.4,5.999808000000144,False,0.0
203ae5c9e.jpg,13.999872,0.5,6.999808000000144,False,0.0
203ae5c9e.jpg,13.999872,0.6,7.999808000000144,False,0.0
203ae5c9e.jpg,13.999872,0.7,9.999808000000144,False,0.0
203ae5c9e.jpg,13.999872,0.8,10.999808000000144,False,0.0
203ae5c9e.jpg,13.999872,0.9,12.999808000000144,True,0.5552720678548141
203ae5c9e.jpg,13.999872,1.0,13.999808000000144,True,0.5975781088428731
e92d47f98.jpg,168.0,0.2,34.000192,False,0.0
e92d47f98.jpg,168.0,0.3,50.000192,False,0.4816723547869485
e92d47f98.jpg,168.0,0.4,67.000192,True,0.5019011708756476
e92d47f98.jpg,168.0,0.5,84.000192,True,0.6458506539912034
e92d47f98.jpg,168.0,0.6,101.000192,True,0.745483354211267
e92d47f98.jpg,168.0,0.7,118.000192,True,0.860853900275908
e92d47f98.jpg,168.0,0.8,134.000192,True,0.8880823913294816
e92d47f98.jpg,168.0,0.9,151.000192,True,0.9689406826636061
e92d47f98.jpg,168.0,1.0,168.0,True,0.9643538227942254
96ab83467.jpg,33.000192,0.2,6.999743999999964,False,0.0
96ab83467.jpg,33.000192,0.3,9.999743999999964,False,0.0
96ab83467.jpg,33.000192,0.4,12.999743999999964,False,0.31053458755517643
96ab83467.jpg,33.000192,0.5,16.999743999999964,False,0.4270976852194705
96ab83467.jpg,33.000192,0.6,19.999743999999964,True,0.6283335148633633
96ab83467.jpg,33.000192,0.7,22.999743999999964,True,0.641625265338503
96ab83467.jpg,33.000192,0.8,25.999743999999964,True,0.7159342293251122
96ab83467.jpg,33.000192,0.9,29.999743999999964,True,0.7748715267869647
96ab83467.jpg,33.000192,1.0,32.999743999999964,True,0.7645762371524003
c774ac4fc.jpg,87.999744,0.2,9.000319999999988,False,0.0
c774ac4fc.jpg,87.999744,0.3,13.000319999999988,False,0.0
c774ac4fc.jpg,87.999744,0.4,18.000319999999988,False,0.4214465091973379
c774ac4fc.jpg,87.999744,0.5,22.000319999999988,True,0.8918097542565406
c774ac4fc.jpg,87.999744,0.6,27.000319999999988,True,0.820594736110017
c774ac4fc.jpg,87.999744,0.7,31.000319999999988,True,0.9354802585090052
c774ac4fc.jpg,87.999744,0.8,36.00031999999999,True,0.9887823962709201
c774ac4fc.jpg,87.999744,0.9,40.00031999999999,True,0.9814293962109609
c774ac4fc.jpg,87.999744,1.0,45.00019199999997,True,0.9442790277905777
e5e4c25b5.jpg,320.00025600000004,0.2,63.99987199999998,True,0.8332810811382395
e5e4c25b5.jpg,320.00025600000004,0.3,95.99987199999998,True,0.9051619620189679
e5e4c25b5.jpg,320.00025600000004,0.4,127.99987199999998,True,0.8852544328598018
e5e4c25b5.jpg,320.00025600000004,0.5,159.99987199999998,True,0.871267733075391
e5e4c25b5.jpg,320.00025600000004,0.6,191.99987199999998,True,0.8611744453941552
e5e4c25b5.jpg,320.00025600000004,0.7,223.99987199999998,True,0.8443305824512871
e5e4c25b5.jpg,320.00025600000004,0.8,255.99987199999998,True,0.8315435721710112
e5e4c25b5.jpg,320.00025600000004,0.9,287.999872,True,0.8494879830905957
e5e4c25b5.jpg,320.00025600000004,1.0,319.999872,True,0.9030579735671732
1a7261884.jpg,79.00032,0.2,13.0,False,0.0
1a7261884.jpg,79.00032,0.3,19.0,False,0.0
1a7261884.jpg,79.00032,0.4,25.0,False,0.0
1a7261884.jpg,79.00032,0.5,31.0,True,0.8751254576947349
1a7261884.jpg,79.00032,0.6,38.0,True,0.8767179348539234
1a7261884.jpg,79.00032,0.7,44.0,True,0.944741745302092
1a7261884.jpg,79.00032,0.8,50.0,True,0.9263262029596483
1a7261884.jpg,79.00032,0.9,57.0,True,0.9021093614359871
1a7261884.jpg,79.00032,1.0,62.99980800000003,True,0.9188073196031706
bd99a44df.jpg,10.000128,0.2,2.000383999999997,False,0.0
bd99a44df.jpg,10.000128,0.3,3.000383999999997,False,0.0
bd99a44df.jpg,10.000128,0.4,4.000383999999997,False,0.0
bd99a44df.jpg,10.000128,0.5,5.000383999999997,False,0.0
bd99a44df.jpg,10.000128,0.6,6.000383999999997,False,0.0
bd99a44df.jpg,10.000128,0.7,7.000383999999997,False,0.0
bd99a44df.jpg,10.000128,0.8,8.000383999999997,False,0.0
bd99a44df.jpg,10.000128,0.9,9.000383999999997,False,0.0
bd99a44df.jpg,10.000128,1.0,10.000128000000018,False,0.0
d1cf8047a.jpg,85.999872,0.2,16.99980800000003,False,0.16939735393881078
d1cf8047a.jpg,85.999872,0.3,25.99980800000003,True,0.5307868890585838
d1cf8047a.jpg,85.999872,0.4,33.99980800000003,False,0.47660066799095696
d1cf8047a.jpg,85.999872,0.5,42.99980800000003,True,0.5223275363966444
d1cf8047a.jpg,85.999872,0.6,51.99980800000003,True,0.5471754612691399
d1cf8047a.jpg,85.999872,0.7,59.99980800000003,True,0.8090473570477273
d1cf8047a.jpg,85.999872,0.8,68.99980800000003,True,0.8414754187973681
d1cf8047a.jpg,85.999872,0.9,76.99980800000003,True,0.7504456492384702
d1cf8047a.jpg,85.999872,1.0,85.99980800000003,True,0.6918278913803514
c37dfbe27.jpg,80.000256,0.2,10.999871999999996,False,0.0
c37dfbe27.jpg,80.000256,0.3,16.999871999999996,False,0.1431602021291014
c37dfbe27.jpg,80.000256,0.4,22.999871999999996,False,0.4714309593277075
c37dfbe27.jpg,80.000256,0.5,28.999871999999996,True,0.8074552721602754
c37dfbe27.jpg,80.000256,0.6,33.999871999999996,False,0.08894969584754743
c37dfbe27.jpg,80.000256,0.7,39.999871999999996,True,0.855089849481035
c37dfbe27.jpg,80.000256,0.8,45.999871999999996,True,0.8593732782156134
c37dfbe27.jpg,80.000256,0.9,50.999871999999996,True,0.8695323791464661
c37dfbe27.jpg,80.000256,1.0,56.999871999999996,True,0.8809924182287768
287acf1d7.jpg,42.000384,0.2,7.999872,False,0.0
287acf1d7.jpg,42.000384,0.3,12.999872,False,0.0
287acf1d7.jpg,42.000384,0.4,16.999872,True,0.7661556526138346
287acf1d7.jpg,42.000384,0.5,20.999872,False,0.0
287acf1d7.jpg,42.000384,0.6,24.999872,True,0.7723708393379566
287acf1d7.jpg,42.000384,0.7,28.999872,True,0.8202375918460098
287acf1d7.jpg,42.000384,0.8,33.999871999999996,True,0.8364975499067157
287acf1d7.jpg,42.000384,0.9,37.999871999999996,True,0.901137865809636
287acf1d7.jpg,42.000384,1.0,41.999871999999996,True,0.8479419367220674
9fd6d4956.jpg,56.00025599999999,0.2,8.000064000000009,False,0.19444076884486178
9fd6d4956.jpg,56.00025599999999,0.3,12.000064000000009,False,0.24868072299160368
9fd6d4956.jpg,56.00025599999999,0.4,16.00006400000001,False,0.2571133574465929
9fd6d4956.jpg,56.00025599999999,0.5,20.00006400000001,False,0.44454921574997774
9fd6d4956.jpg,56.00025599999999,0.6,24.00006400000001,False,0.39987665432353536
9fd6d4956.jpg,56.00025599999999,0.7,28.00006400000001,True,0.842702966924212
9fd6d4956.jpg,56.00025599999999,0.8,32.00006400000001,True,0.9475657985906587
9fd6d4956.jpg,56.00025599999999,0.9,36.00006400000001,True,0.9544692250396479
9fd6d4956.jpg,56.00025599999999,1.0,39.99974400000002,True,0.9203388339083518
5c3b38449.jpg,33.000192,0.2,4.999743999999964,False,0.0
5c3b38449.jpg,33.000192,0.3,7.999743999999964,False,0.0
5c3b38449.jpg,33.000192,0.4,9.999743999999964,False,0.0
5c3b38449.jpg,33.000192,0.5,12.999743999999964,False,0.0
5c3b38449.jpg,33.000192,0.6,14.999743999999964,False,0.0
5c3b38449.jpg,33.000192,0.7,17.999743999999964,False,0.0
5c3b38449.jpg,33.000192,0.8,19.999743999999964,False,0.0
5c3b38449.jpg,33.000192,0.9,22.999743999999964,False,0.0
5c3b38449.jpg,33.000192,1.0,24.999743999999964,False,0.0
6f09397cd.jpg,49.999871999999996,0.2,9.999872000000039,False,0.0
6f09397cd.jpg,49.999871999999996,0.3,14.999872000000039,True,0.5432204208150452
6f09397cd.jpg,49.999871999999996,0.4,19.99987200000004,True,0.6427762354053398
6f09397cd.jpg,49.999871999999996,0.5,24.99987200000004,True,0.7009226622388157
6f09397cd.jpg,49.999871999999996,0.6,29.99987200000004,True,0.8968659946830599
6f09397cd.jpg,49.999871999999996,0.7,34.99987200000004,True,0.9062361092547392
6f09397cd.jpg,49.999871999999996,0.8,39.99987200000004,True,0.9078222349056342
6f09397cd.jpg,49.999871999999996,0.9,44.99987200000004,True,0.8454150616622053
6f09397cd.jpg,49.999871999999996,1.0,49.99987199999998,True,0.8334192416686659
0919e159e.jpg,8.000256,0.2,1.9999360000000053,False,0.0
0919e159e.jpg,8.000256,0.3,1.9999360000000053,False,0.0
0919e159e.jpg,8.000256,0.4,2.9999360000000053,False,0.0
0919e159e.jpg,8.000256,0.5,3.9999360000000053,False,0.0
0919e159e.jpg,8.000256,0.6,4.999936000000005,False,0.0
0919e159e.jpg,8.000256,0.7,5.999936000000005,False,0.0
0919e159e.jpg,8.000256,0.8,5.999936000000005,False,0.0
0919e159e.jpg,8.000256,0.9,6.999936000000005,False,0.0
0919e159e.jpg,8.000256,1.0,7.999936000000005,False,0.0
196ee962f.jpg,73.999872,0.2,15.000319999999995,False,0.0
196ee962f.jpg,73.999872,0.3,22.000319999999995,False,0.0
196ee962f.jpg,73.999872,0.4,30.000319999999995,False,0.0
196ee962f.jpg,73.999872,0.5,37.000319999999995,True,0.8144759931602359
196ee962f.jpg,73.999872,0.6,44.000319999999995,False,0.0
196ee962f.jpg,73.999872,0.7,52.000319999999995,True,0.7672120118940182
196ee962f.jpg,73.999872,0.8,59.000319999999995,True,0.873348544093697
196ee962f.jpg,73.999872,0.9,67.00031999999999,True,0.8797195072110187
196ee962f.jpg,73.999872,1.0,73.99987199999998,True,0.8431659239154142
19956a879.jpg,64.99968,0.2,13.000063999999952,False,0.0
19956a879.jpg,64.99968,0.3,19.000063999999952,False,0.0
19956a879.jpg,64.99968,0.4,26.000063999999952,False,0.0
19956a879.jpg,64.99968,0.5,32.00006399999995,True,0.9015776176703205
19956a879.jpg,64.99968,0.6,39.00006399999995,True,0.8089284653907176
19956a879.jpg,64.99968,0.7,45.00006399999995,True,0.8800275339976424
19956a879.jpg,64.99968,0.8,52.00006399999995,True,0.9345270180445702
19956a879.jpg,64.99968,0.9,58.00006399999995,True,0.9615971237325055
19956a879.jpg,64.99968,1.0,64.9996799999999,True,0.9065428038535098
eb9a7c348.jpg,283.00032,0.2,15.0,False,0.0
eb9a7c348.jpg,283.00032,0.3,23.0,False,0.2440251971823429
eb9a7c348.jpg,283.00032,0.4,31.0,False,0.0
eb9a7c348.jpg,283.00032,0.5,38.0,True,0.8634753093368875
eb9a7c348.jpg,283.00032,0.6,46.0,True,0.927625943717559
eb9a7c348.jpg,283.00032,0.7,54.0,True,0.9093374917128051
eb9a7c348.jpg,283.00032,0.8,62.0,True,0.8776420093049712
eb9a7c348.jpg,283.00032,0.9,69.0,True,0.9557675783072073
eb9a7c348.jpg,283.00032,1.0,76.9996799999999,True,0.9463278293009865
ede296266.jpg,29.999616,0.2,2.999680000000012,False,0.0
ede296266.jpg,29.999616,0.3,4.999680000000012,False,0.0
ede296266.jpg,29.999616,0.4,5.999680000000012,False,0.0
ede296266.jpg,29.999616,0.5,7.999680000000012,False,0.0
ede296266.jpg,29.999616,0.6,8.999680000000012,False,0.0
ede296266.jpg,29.999616,0.7,10.999680000000012,False,0.0
ede296266.jpg,29.999616,0.8,11.999680000000012,False,0.0
ede296266.jpg,29.999616,0.9,13.999680000000012,False,0.0
ede296266.jpg,29.999616,1.0,14.999680000000012,False,0.0
d9c413612.jpg,42.000384,0.2,7.999872000000039,False,0.0
d9c413612.jpg,42.000384,0.3,11.999872000000039,True,0.6530024856815514
d9c413612.jpg,42.000384,0.4,15.999872000000039,True,0.5317165744333529
d9c413612.jpg,42.000384,0.5,19.99987200000004,True,0.626622035221427
d9c413612.jpg,42.000384,0.6,22.99987200000004,True,0.6535832835533208
d9c413612.jpg,42.000384,0.7,26.99987200000004,True,0.7406916618507333
d9c413612.jpg,42.000384,0.8,30.99987200000004,True,0.8239407486866102
d9c413612.jpg,42.000384,0.9,34.99987200000004,True,0.8540989266479961
d9c413612.jpg,42.000384,1.0,38.99980800000003,True,0.8799017267195144
34ad8b175.jpg,22.000128,0.2,4.00038399999994,False,0.0
34ad8b175.jpg,22.000128,0.3,7.00038399999994,False,0.0
34ad8b175.jpg,22.000128,0.4,9.00038399999994,False,0.0
34ad8b175.jpg,22.000128,0.5,11.00038399999994,False,0.0
34ad8b175.jpg,22.000128,0.6,13.00038399999994,False,0.0
34ad8b175.jpg,22.000128,0.7,15.00038399999994,False,0.0
34ad8b175.jpg,22.000128,0.8,18.00038399999994,True,0.6795472285507314
34ad8b175.jpg,22.000128,0.9,20.00038399999994,True,0.7532964591531884
34ad8b175.jpg,22.000128,1.0,22.000127999999904,True,0.7762114869799952
bdb9a38f7.jpg,12.999936000000002,0.2,2.999744000000021,False,0.0
bdb9a38f7.jpg,12.999936000000002,0.3,3.999744000000021,False,0.0
bdb9a38f7.jpg,12.999936000000002,0.4,4.999744000000021,False,0.0
bdb9a38f7.jpg,12.999936000000002,0.5,6.999744000000021,True,0.7811973650478056
bdb9a38f7.jpg,12.999936000000002,0.6,7.999744000000021,True,0.8144403571854949
bdb9a38f7.jpg,12.999936000000002,0.7,8.999744000000021,True,0.8586192145323485
bdb9a38f7.jpg,12.999936000000002,0.8,9.999744000000021,True,0.8842516603713745
bdb9a38f7.jpg,12.999936000000002,0.9,11.999744000000021,True,0.7989677088153762
bdb9a38f7.jpg,12.999936000000002,1.0,12.999744000000021,True,0.794564235634459
d2c5b7ffc.jpg,214.00012800000002,0.2,43.0,False,0.0
d2c5b7ffc.jpg,214.00012800000002,0.3,64.0,True,0.5189011393466408
d2c5b7ffc.jpg,214.00012800000002,0.4,86.0,True,0.6573593730275739
d2c5b7ffc.jpg,214.00012800000002,0.5,107.0,True,0.7243537924638359
d2c5b7ffc.jpg,214.00012800000002,0.6,128.0,True,0.7665903329150592
d2c5b7ffc.jpg,214.00012800000002,0.7,150.0,True,0.8845636136685697
d2c5b7ffc.jpg,214.00012800000002,0.8,171.0,True,0.9105346225249885
d2c5b7ffc.jpg,214.00012800000002,0.9,193.0,True,0.9607766792936807
d2c5b7ffc.jpg,214.00012800000002,1.0,214.0,True,0.9698599085647999
213ed55c2.jpg,101.999616,0.2,15.00019199999997,False,0.0
213ed55c2.jpg,101.999616,0.3,23.00019199999997,False,0.0
213ed55c2.jpg,101.999616,0.4,30.00019199999997,False,0.0
213ed55c2.jpg,101.999616,0.5,38.00019199999997,False,0.0
213ed55c2.jpg,101.999616,0.6,46.00019199999997,False,0.0
213ed55c2.jpg,101.999616,0.7,53.00019199999997,True,0.9151310186744454
213ed55c2.jpg,101.999616,0.8,61.00019199999997,True,0.9549883787122052
213ed55c2.jpg,101.999616,0.9,68.00019199999997,True,0.9408210723167596
213ed55c2.jpg,101.999616,1.0,75.99974399999996,True,0.903416764739831
e4d8cf115.jpg,67.00032,0.2,4.9998720000000105,False,0.0
e4d8cf115.jpg,67.00032,0.3,6.9998720000000105,False,0.0
e4d8cf115.jpg,67.00032,0.4,8.99987200000001,False,0.0
e4d8cf115.jpg,67.00032,0.5,11.99987200000001,True,0.9759247415088605
e4d8cf115.jpg,67.00032,0.6,13.99987200000001,True,0.9481695791372916
e4d8cf115.jpg,67.00032,0.7,15.99987200000001,True,0.9252839447837867
e4d8cf115.jpg,67.00032,0.8,17.99987200000001,True,0.9414716992676099
e4d8cf115.jpg,67.00032,0.9,20.99987200000001,True,0.9490348701669201
e4d8cf115.jpg,67.00032,1.0,22.99987200000001,True,0.9216880426439957
17e4b69db.jpg,11.000064,0.2,1.999935999999991,False,0.0
17e4b69db.jpg,11.000064,0.3,2.999935999999991,False,0.0
17e4b69db.jpg,11.000064,0.4,3.999935999999991,False,0.0
17e4b69db.jpg,11.000064,0.5,4.999935999999991,False,0.0
17e4b69db.jpg,11.000064,0.6,5.999935999999991,False,0.0
17e4b69db.jpg,11.000064,0.7,6.999935999999991,False,0.0
17e4b69db.jpg,11.000064,0.8,7.999935999999991,False,0.0
17e4b69db.jpg,11.000064,0.9,8.999935999999991,False,0.0
17e4b69db.jpg,11.000064,1.0,9.999935999999991,True,0.5446920791705281
f9fc053c9.jpg,116.00025600000001,0.2,23.000255999999922,False,0.2803533167983321
f9fc053c9.jpg,116.00025600000001,0.3,35.00025599999992,False,0.3336597638565571
f9fc053c9.jpg,116.00025600000001,0.4,46.00025599999992,True,0.6244907382184824
f9fc053c9.jpg,116.00025600000001,0.5,58.00025599999992,True,0.5857250464137977
f9fc053c9.jpg,116.00025600000001,0.6,70.00025599999992,True,0.5920549294314218
f9fc053c9.jpg,116.00025600000001,0.7,81.00025599999992,True,0.8416432256019883
f9fc053c9.jpg,116.00025600000001,0.8,93.00025599999992,True,0.8929364790154095
f9fc053c9.jpg,116.00025600000001,0.9,104.00025599999992,True,0.8877041216444096
f9fc053c9.jpg,116.00025600000001,1.0,116.00025599999992,True,0.8630303737501444
e14193d38.jpg,77.999616,0.2,16.00012799999999,True,0.5217537844529391
e14193d38.jpg,77.999616,0.3,23.00012799999999,True,0.7067579991228597
e14193d38.jpg,77.999616,0.4,31.00012799999999,True,0.6974141525692211
e14193d38.jpg,77.999616,0.5,39.00012799999999,True,0.7820377179925861
e14193d38.jpg,77.999616,0.6,47.00012799999999,True,0.8913969997526277
e14193d38.jpg,77.999616,0.7,55.00012799999999,True,0.9169211082096358
e14193d38.jpg,77.999616,0.8,62.00012799999999,True,0.8530954479837111
e14193d38.jpg,77.999616,0.9,70.00012799999999,True,0.8573312161708869
e14193d38.jpg,77.999616,1.0,77.99961600000003,True,0.8419750916253076
40a3703ec.jpg,12.999936000000002,0.2,1.9998720000000034,False,0.0
40a3703ec.jpg,12.999936000000002,0.3,3.9998720000000034,False,0.0
40a3703ec.jpg,12.999936000000002,0.4,4.999872000000003,False,0.0
40a3703ec.jpg,12.999936000000002,0.5,5.999872000000003,False,0.0
40a3703ec.jpg,12.999936000000002,0.6,6.999872000000003,False,0.0
40a3703ec.jpg,12.999936000000002,0.7,7.999872000000003,False,0.0
40a3703ec.jpg,12.999936000000002,0.8,9.999872000000003,False,0.0
40a3703ec.jpg,12.999936000000002,0.9,10.999872000000003,False,0.0
40a3703ec.jpg,12.999936000000002,1.0,11.999872000000003,False,0.0
9ae693e0c.jpg,86.999808,0.2,17.000384000000054,False,0.0
9ae693e0c.jpg,86.999808,0.3,25.000384000000054,False,0.2994133859150247
9ae693e0c.jpg,86.999808,0.4,33.000384000000054,True,0.6858321133033548
9ae693e0c.jpg,86.999808,0.5,41.000384000000054,True,0.6291222911651428
9ae693e0c.jpg,86.999808,0.6,50.000384000000054,True,0.6986727146097421
9ae693e0c.jpg,86.999808,0.7,58.000384000000054,True,0.815281608147138
9ae693e0c.jpg,86.999808,0.8,66.00038400000005,True,0.9276947873575306
9ae693e0c.jpg,86.999808,0.9,75.00038400000005,True,0.9755486212153492
9ae693e0c.jpg,86.999808,1.0,83.00006400000007,True,0.9569599613406541
241315833.jpg,22.000128,0.2,4.000448000000006,False,0.0
241315833.jpg,22.000128,0.3,6.000448000000006,False,0.0
241315833.jpg,22.000128,0.4,8.000448000000006,False,0.0
241315833.jpg,22.000128,0.5,10.000448000000006,False,0.44973197940928816
241315833.jpg,22.000128,0.6,12.000448000000006,True,0.5279330687811778
241315833.jpg,22.000128,0.7,14.000448000000006,True,0.5618471359298953
241315833.jpg,22.000128,0.8,16.000448000000006,True,0.5797126635545139
241315833.jpg,22.000128,0.9,18.000448000000006,True,0.6045960664349965
241315833.jpg,22.000128,1.0,20.000256000000036,True,0.5360337743700185
590d5161f.jpg,71.00006400000001,0.2,14.000320000000016,False,0.0
590d5161f.jpg,71.00006400000001,0.3,21.000320000000016,True,0.7889745384460841
590d5161f.jpg,71.00006400000001,0.4,28.000320000000016,True,0.6559284818033043
590d5161f.jpg,71.00006400000001,0.5,35.000320000000016,True,0.7127875085750373
590d5161f.jpg,71.00006400000001,0.6,43.000320000000016,True,0.7249586466959734
590d5161f.jpg,71.00006400000001,0.7,50.000320000000016,True,0.8127758975241445
590d5161f.jpg,71.00006400000001,0.8,57.000320000000016,True,0.9302000097856571
590d5161f.jpg,71.00006400000001,0.9,64.00032000000002,True,0.9311456875158259
590d5161f.jpg,71.00006400000001,1.0,71.00006400000001,True,0.9323181172990735
db5eb5b52.jpg,24.0,0.2,5.00019199999997,False,0.0
db5eb5b52.jpg,24.0,0.3,7.00019199999997,False,0.0
db5eb5b52.jpg,24.0,0.4,10.00019199999997,False,0.0
db5eb5b52.jpg,24.0,0.5,12.00019199999997,False,0.0
db5eb5b52.jpg,24.0,0.6,14.00019199999997,False,0.0
db5eb5b52.jpg,24.0,0.7,17.00019199999997,False,0.0
db5eb5b52.jpg,24.0,0.8,19.00019199999997,False,0.0
db5eb5b52.jpg,24.0,0.9,22.00019199999997,False,0.0
db5eb5b52.jpg,24.0,1.0,24.0,False,0.0
bfb9f7dbe.jpg,15.999744,0.2,3.0001920000000837,False,0.0
bfb9f7dbe.jpg,15.999744,0.3,4.000192000000084,False,0.0
bfb9f7dbe.jpg,15.999744,0.4,6.000192000000084,False,0.0
bfb9f7dbe.jpg,15.999744,0.5,7.000192000000084,False,0.0
bfb9f7dbe.jpg,15.999744,0.6,9.000192000000084,False,0.0
bfb9f7dbe.jpg,15.999744,0.7,10.000192000000084,False,0.0
bfb9f7dbe.jpg,15.999744,0.8,12.000192000000084,False,0.0
bfb9f7dbe.jpg,15.999744,0.9,13.000192000000084,False,0.0
bfb9f7dbe.jpg,15.999744,1.0,14.99980800000003,False,0.0
8bf651696.jpg,40.99968,0.2,7.999871999999982,False,0.0
8bf651696.jpg,40.99968,0.3,11.999871999999982,False,0.0
8bf651696.jpg,40.99968,0.4,15.999871999999982,False,0.436497968193786
8bf651696.jpg,40.99968,0.5,19.999871999999982,False,0.47900500549920516
8bf651696.jpg,40.99968,0.6,24.999871999999982,True,0.5571022283101152
8bf651696.jpg,40.99968,0.7,28.999871999999982,True,0.5917366097052655
8bf651696.jpg,40.99968,0.8,32.99987199999998,True,0.768053784506758
8bf651696.jpg,40.99968,0.9,36.99987199999998,True,0.8352304449788976
8bf651696.jpg,40.99968,1.0,40.99968000000001,True,0.8713562174213222
b1e31ebea.jpg,223.00032,0.2,45.000512000000015,False,0.45718226244024723
b1e31ebea.jpg,223.00032,0.3,67.00051200000001,False,0.0
b1e31ebea.jpg,223.00032,0.4,89.00051200000001,True,0.8317738887160503
b1e31ebea.jpg,223.00032,0.5,111.00051200000001,True,0.6540236582142086
b1e31ebea.jpg,223.00032,0.6,134.00051200000001,True,0.8474980298647024
b1e31ebea.jpg,223.00032,0.7,156.00051200000001,True,0.9501030227358209
b1e31ebea.jpg,223.00032,0.8,178.00051200000001,True,0.8973930249531057
b1e31ebea.jpg,223.00032,0.9,201.00051200000001,True,0.9542843281645816
b1e31ebea.jpg,223.00032,1.0,223.00032000000004,True,0.9433460890109777
3fad94568.jpg,82.000128,0.2,9.0,False,0.0
3fad94568.jpg,82.000128,0.3,14.0,False,0.3837825413690741
3fad94568.jpg,82.000128,0.4,19.0,True,0.797997669062765
3fad94568.jpg,82.000128,0.5,24.0,True,0.8088676230408731
3fad94568.jpg,82.000128,0.6,28.0,True,0.8713770823916825
3fad94568.jpg,82.000128,0.7,33.0,True,0.8979314407912935
3fad94568.jpg,82.000128,0.8,38.0,True,0.9301234630493327
3fad94568.jpg,82.000128,0.9,42.0,True,0.930028964766866
3fad94568.jpg,82.000128,1.0,47.0,True,0.9254550735936983
0ed86b44b.jpg,16.999679999999998,0.2,1.9998080000000016,False,0.0
0ed86b44b.jpg,16.999679999999998,0.3,2.9998080000000016,False,0.0
0ed86b44b.jpg,16.999679999999998,0.4,3.9998080000000016,False,0.0
0ed86b44b.jpg,16.999679999999998,0.5,5.999808000000002,True,0.755347112526796
0ed86b44b.jpg,16.999679999999998,0.6,6.999808000000002,True,0.7875420889676088
0ed86b44b.jpg,16.999679999999998,0.7,7.999808000000002,True,0.8029206833340918
0ed86b44b.jpg,16.999679999999998,0.8,8.999808000000002,True,0.8232932273201443
0ed86b44b.jpg,16.999679999999998,0.9,9.999808000000002,True,0.8452845328364006
0ed86b44b.jpg,16.999679999999998,1.0,10.999808000000002,True,0.8682128571106935
90d73e493.jpg,11.000064,0.2,2.000000000000057,False,0.0
90d73e493.jpg,11.000064,0.3,3.000000000000057,False,0.0
90d73e493.jpg,11.000064,0.4,4.000000000000057,False,0.0
90d73e493.jpg,11.000064,0.5,5.000000000000057,False,0.0
90d73e493.jpg,11.000064,0.6,6.000000000000057,False,0.0
90d73e493.jpg,11.000064,0.7,7.000000000000057,False,0.0
90d73e493.jpg,11.000064,0.8,8.000000000000057,False,0.16796834952395792
90d73e493.jpg,11.000064,0.9,9.000000000000057,True,0.5219956605557373
90d73e493.jpg,11.000064,1.0,10.000000000000057,False,0.48484013358741995
5b2ec9852.jpg,142.00012800000002,0.2,28.000320000000045,False,0.3168452743930592
5b2ec9852.jpg,142.00012800000002,0.3,43.000320000000045,True,0.5119946328063933
5b2ec9852.jpg,142.00012800000002,0.4,57.000320000000045,True,0.5897666514428644
5b2ec9852.jpg,142.00012800000002,0.5,71.00032000000004,True,0.7981282939120886
5b2ec9852.jpg,142.00012800000002,0.6,85.00032000000004,True,0.7225865517488365
5b2ec9852.jpg,142.00012800000002,0.7,99.00032000000004,True,0.8933271714234646
5b2ec9852.jpg,142.00012800000002,0.8,114.00032000000004,True,0.8495439295964738
5b2ec9852.jpg,142.00012800000002,0.9,128.00032000000004,True,0.9359552049142089
5b2ec9852.jpg,142.00012800000002,1.0,142.00012800000007,True,0.9231670810788619
d8aaa8906.jpg,127.00032000000002,0.2,25.00012799999996,False,0.24918301403999873
d8aaa8906.jpg,127.00032000000002,0.3,38.00012799999996,False,0.2778207201985349
d8aaa8906.jpg,127.00032000000002,0.4,51.00012799999996,False,0.4053668119373568
d8aaa8906.jpg,127.00032000000002,0.5,64.00012799999996,True,0.668198498254533
d8aaa8906.jpg,127.00032000000002,0.6,76.00012799999996,True,0.5925730661274484
d8aaa8906.jpg,127.00032000000002,0.7,89.00012799999996,True,0.6405120726483761
d8aaa8906.jpg,127.00032000000002,0.8,102.00012799999996,True,0.7239296476733357
d8aaa8906.jpg,127.00032000000002,0.9,114.00012799999996,True,0.7665984210280931
d8aaa8906.jpg,127.00032000000002,1.0,127.00012799999996,True,0.8755306123440901
569d2bbea.jpg,48.999936,0.2,10.000256000000036,False,0.0
569d2bbea.jpg,48.999936,0.3,15.000256000000036,False,0.0
569d2bbea.jpg,48.999936,0.4,20.000256000000036,False,0.0
569d2bbea.jpg,48.999936,0.5,24.000256000000036,False,0.0
569d2bbea.jpg,48.999936,0.6,29.000256000000036,False,0.0
569d2bbea.jpg,48.999936,0.7,34.000256000000036,False,0.0
569d2bbea.jpg,48.999936,0.8,39.000256000000036,False,0.0
569d2bbea.jpg,48.999936,0.9,44.000256000000036,False,0.0
569d2bbea.jpg,48.999936,1.0,48.99993600000005,True,0.8540644419037594
7060ef876.jpg,11.000064,0.2,2.0,False,0.0
7060ef876.jpg,11.000064,0.3,3.0,False,0.0
7060ef876.jpg,11.000064,0.4,4.0,False,0.0
7060ef876.jpg,11.000064,0.5,6.0,False,0.0
7060ef876.jpg,11.000064,0.6,7.0,True,0.5723549613106333
7060ef876.jpg,11.000064,0.7,8.0,True,0.5948060293960009
7060ef876.jpg,11.000064,0.8,9.0,True,0.5263829064290821
7060ef876.jpg,11.000064,0.9,10.0,True,0.5831772092810722
7060ef876.jpg,11.000064,1.0,11.0,True,0.7113015629850772
cb894ab1f.jpg,91.00032,0.2,17.99980800000003,False,0.0
cb894ab1f.jpg,91.00032,0.3,26.99980800000003,False,0.4178155137091639
cb894ab1f.jpg,91.00032,0.4,35.99980800000003,False,0.47856082590130106
cb894ab1f.jpg,91.00032,0.5,45.99980800000003,True,0.6827791948770272
cb894ab1f.jpg,91.00032,0.6,54.99980800000003,True,0.6134518475890721
cb894ab1f.jpg,91.00032,0.7,63.99980800000003,True,0.7139952972161723
cb894ab1f.jpg,91.00032,0.8,72.99980800000003,True,0.7517161161071214
cb894ab1f.jpg,91.00032,0.9,81.99980800000003,True,0.7582011826530728
cb894ab1f.jpg,91.00032,1.0,90.99980800000003,True,0.7909327442503631
9329c24f2.jpg,79.00032,0.2,15.000064000000009,False,0.0
9329c24f2.jpg,79.00032,0.3,22.00006400000001,False,0.3507701615378452
9329c24f2.jpg,79.00032,0.4,30.00006400000001,False,0.3390408213220403
9329c24f2.jpg,79.00032,0.5,37.00006400000001,False,0.37046233991536925
9329c24f2.jpg,79.00032,0.6,44.00006400000001,True,0.6972644843181294
9329c24f2.jpg,79.00032,0.7,52.00006400000001,True,0.8643999534276592
9329c24f2.jpg,79.00032,0.8,59.00006400000001,True,0.8016971000959637
9329c24f2.jpg,79.00032,0.9,67.00006400000001,True,0.7766837233807733
9329c24f2.jpg,79.00032,1.0,73.99987199999998,True,0.7424175890009761
4cd05cfbf.jpg,194.99980800000003,0.2,39.000256000000036,False,0.47318529150659105
4cd05cfbf.jpg,194.99980800000003,0.3,58.000256000000036,True,0.587768257610208
4cd05cfbf.jpg,194.99980800000003,0.4,78.00025600000004,True,0.631758685755449
4cd05cfbf.jpg,194.99980800000003,0.5,97.00025600000004,True,0.7662497291400455
4cd05cfbf.jpg,194.99980800000003,0.6,117.00025600000004,True,0.7762911229075293
4cd05cfbf.jpg,194.99980800000003,0.7,136.00025600000004,True,0.8343296861634762
4cd05cfbf.jpg,194.99980800000003,0.8,156.00025600000004,True,0.9476941747152638
4cd05cfbf.jpg,194.99980800000003,0.9,175.00025600000004,True,0.9546644622763854
4cd05cfbf.jpg,194.99980800000003,1.0,194.99980800000003,True,0.9827106561045014
35a075c81.jpg,97.999872,0.2,9.000320000000102,False,0.0
35a075c81.jpg,97.999872,0.3,13.000320000000102,False,0.0
35a075c81.jpg,97.999872,0.4,17.0003200000001,False,0.0
35a075c81.jpg,97.999872,0.5,21.0003200000001,False,0.0
35a075c81.jpg,97.999872,0.6,26.0003200000001,True,0.5613106446081034
35a075c81.jpg,97.999872,0.7,30.0003200000001,True,0.848323069782989
35a075c81.jpg,97.999872,0.8,34.0003200000001,True,0.8462656609131414
35a075c81.jpg,97.999872,0.9,39.0003200000001,True,0.8575326371631758
35a075c81.jpg,97.999872,1.0,43.0003200000001,True,0.8670047750189147
b3b0ed544.jpg,71.00006400000001,0.2,14.0,False,0.0
b3b0ed544.jpg,71.00006400000001,0.3,21.0,False,0.39183939669645296
b3b0ed544.jpg,71.00006400000001,0.4,28.0,True,0.6246209719604969
b3b0ed544.jpg,71.00006400000001,0.5,36.0,True,0.6742429739082263
b3b0ed544.jpg,71.00006400000001,0.6,43.0,True,0.7191707850176255
b3b0ed544.jpg,71.00006400000001,0.7,50.0,True,0.733004123642681
b3b0ed544.jpg,71.00006400000001,0.8,57.0,True,0.6673838263058092
b3b0ed544.jpg,71.00006400000001,0.9,64.0,True,0.6884881600460652
b3b0ed544.jpg,71.00006400000001,1.0,71.0,True,0.6806601673136644
1850926b8.jpg,31.00032,0.2,6.000512000000015,False,0.0
1850926b8.jpg,31.00032,0.3,9.000512000000015,False,0.0
1850926b8.jpg,31.00032,0.4,12.000512000000015,False,0.0
1850926b8.jpg,31.00032,0.5,15.000512000000015,False,0.0
1850926b8.jpg,31.00032,0.6,19.000512000000015,True,0.6639838819581693
1850926b8.jpg,31.00032,0.7,22.000512000000015,True,0.7557190102666834
1850926b8.jpg,31.00032,0.8,25.000512000000015,True,0.5504287991781107
1850926b8.jpg,31.00032,0.9,28.000512000000015,True,0.8536062948135187
1850926b8.jpg,31.00032,1.0,31.000319999999988,False,0.47541973645307656
a12bfae9d.jpg,204.99993600000002,0.2,31.999808000000016,False,0.23077855757922122
a12bfae9d.jpg,204.99993600000002,0.3,47.999808000000016,True,0.5707566781849422
a12bfae9d.jpg,204.99993600000002,0.4,63.999808000000016,True,0.6504471097641839
a12bfae9d.jpg,204.99993600000002,0.5,80.99980800000002,True,0.963588705642253
a12bfae9d.jpg,204.99993600000002,0.6,96.99980800000002,True,0.8191928721363875
a12bfae9d.jpg,204.99993600000002,0.7,112.99980800000002,True,0.858783791345581
a12bfae9d.jpg,204.99993600000002,0.8,128.99980800000003,True,0.9577677453845355
a12bfae9d.jpg,204.99993600000002,0.9,144.99980800000003,True,0.966199935917636
a12bfae9d.jpg,204.99993600000002,1.0,160.99968,True,0.9392968035619181
a482999bb.jpg,10.000128,0.2,2.00038399999994,False,0.0
a482999bb.jpg,10.000128,0.3,3.00038399999994,False,0.0
a482999bb.jpg,10.000128,0.4,4.00038399999994,False,0.0
a482999bb.jpg,10.000128,0.5,5.00038399999994,False,0.0
a482999bb.jpg,10.000128,0.6,6.00038399999994,False,0.0
a482999bb.jpg,10.000128,0.7,7.00038399999994,False,0.0
a482999bb.jpg,10.000128,0.8,8.00038399999994,False,0.0
a482999bb.jpg,10.000128,0.9,9.00038399999994,True,0.6391781346962685
a482999bb.jpg,10.000128,1.0,10.000127999999904,True,0.5588452317600775
d8f2d724d.jpg,63.99974400000001,0.2,7.000000000000057,False,0.0
d8f2d724d.jpg,63.99974400000001,0.3,11.000000000000057,False,0.0
d8f2d724d.jpg,63.99974400000001,0.4,15.000000000000057,False,0.0
d8f2d724d.jpg,63.99974400000001,0.5,18.000000000000057,False,0.0
d8f2d724d.jpg,63.99974400000001,0.6,22.000000000000057,True,0.7786489074188432
d8f2d724d.jpg,63.99974400000001,0.7,26.000000000000057,True,0.7896926237107518
d8f2d724d.jpg,63.99974400000001,0.8,30.000000000000057,True,0.8469009015583681
d8f2d724d.jpg,63.99974400000001,0.9,33.00000000000006,True,0.8039172986380528
d8f2d724d.jpg,63.99974400000001,1.0,36.99993600000005,True,0.765042364314885
ca78eac88.jpg,56.00025599999999,0.2,11.000255999999922,False,0.0
ca78eac88.jpg,56.00025599999999,0.3,17.000255999999922,False,0.0
ca78eac88.jpg,56.00025599999999,0.4,22.000255999999922,True,0.541508574364221
ca78eac88.jpg,56.00025599999999,0.5,28.000255999999922,True,0.5635638363455423
ca78eac88.jpg,56.00025599999999,0.6,34.00025599999992,True,0.594240606783941
ca78eac88.jpg,56.00025599999999,0.7,39.00025599999992,True,0.6719246324500809
ca78eac88.jpg,56.00025599999999,0.8,45.00025599999992,True,0.8472477258747627
ca78eac88.jpg,56.00025599999999,0.9,50.00025599999992,True,0.9194658869702128
ca78eac88.jpg,56.00025599999999,1.0,56.00025599999992,True,0.9298308954174108
49164130a.jpg,197.999616,0.2,39.999935999999934,False,0.0
49164130a.jpg,197.999616,0.3,58.999935999999934,True,0.6552231349914707
49164130a.jpg,197.999616,0.4,78.99993599999993,True,0.5509847844565463
49164130a.jpg,197.999616,0.5,98.99993599999993,True,0.8362750356167474
49164130a.jpg,197.999616,0.6,118.99993599999993,True,0.7440142769958072
49164130a.jpg,197.999616,0.7,138.99993599999993,True,0.8302432049427856
49164130a.jpg,197.999616,0.8,157.99993599999993,True,0.8944870438057962
49164130a.jpg,197.999616,0.9,177.99993599999993,True,0.9249028595671498
49164130a.jpg,197.999616,1.0,197.99961599999995,True,0.9450111209281526
5f1817b60.jpg,101.999616,0.2,19.999935999999934,False,0.32732736117974875
5f1817b60.jpg,101.999616,0.3,30.999935999999934,False,0.4273668934975692
5f1817b60.jpg,101.999616,0.4,40.999935999999934,True,0.5524835047753678
5f1817b60.jpg,101.999616,0.5,50.999935999999934,True,0.6491902409284018
5f1817b60.jpg,101.999616,0.6,60.999935999999934,True,0.765171124359552
5f1817b60.jpg,101.999616,0.7,70.99993599999993,True,0.7241251482033619
5f1817b60.jpg,101.999616,0.8,81.99993599999993,True,0.8320727206810045
5f1817b60.jpg,101.999616,0.9,91.99993599999993,True,0.9121548412894454
5f1817b60.jpg,101.999616,1.0,101.99961600000006,True,0.885370179739241
89596469e.jpg,19.000320000000002,0.2,4.000384000000054,False,0.0
89596469e.jpg,19.000320000000002,0.3,6.000384000000054,False,0.0
89596469e.jpg,19.000320000000002,0.4,8.000384000000054,False,0.0
89596469e.jpg,19.000320000000002,0.5,9.000384000000054,False,0.0
89596469e.jpg,19.000320000000002,0.6,11.000384000000054,False,0.0
89596469e.jpg,19.000320000000002,0.7,13.000384000000054,True,0.5213042688874245
89596469e.jpg,19.000320000000002,0.8,15.000384000000054,True,0.6436886548648101
89596469e.jpg,19.000320000000002,0.9,17.000384000000054,True,0.6502547005517397
89596469e.jpg,19.000320000000002,1.0,19.0003200000001,True,0.7236781620849151
9fc8772e3.jpg,203.00006399999998,0.2,40.99968000000001,True,0.807524941040831
9fc8772e3.jpg,203.00006399999998,0.3,60.99968000000001,True,0.8213019522264885
9fc8772e3.jpg,203.00006399999998,0.4,80.99968000000001,True,0.8140523813655749
9fc8772e3.jpg,203.00006399999998,0.5,101.99968000000001,True,0.8076361073035168
9fc8772e3.jpg,203.00006399999998,0.6,121.99968000000001,True,0.8410957805121865
9fc8772e3.jpg,203.00006399999998,0.7,141.99968,True,0.8558462403843948
9fc8772e3.jpg,203.00006399999998,0.8,161.99968,True,0.8891001896470854
9fc8772e3.jpg,203.00006399999998,0.9,182.99968,True,0.845407053160547
9fc8772e3.jpg,203.00006399999998,1.0,202.99968,True,0.8325256358477467
f6e1b1630.jpg,24.0,0.2,5.000127999999904,False,0.0
f6e1b1630.jpg,24.0,0.3,7.000127999999904,False,0.0
f6e1b1630.jpg,24.0,0.4,10.000127999999904,False,0.0
f6e1b1630.jpg,24.0,0.5,12.000127999999904,False,0.0
f6e1b1630.jpg,24.0,0.6,14.000127999999904,True,0.7163265861984325
f6e1b1630.jpg,24.0,0.7,17.000127999999904,True,0.7734095305360237
f6e1b1630.jpg,24.0,0.8,19.000127999999904,True,0.7943918854666255
f6e1b1630.jpg,24.0,0.9,22.000127999999904,True,0.7521841374122088
f6e1b1630.jpg,24.0,1.0,24.0,True,0.6910557010568457
a631a6d34.jpg,23.000064,0.2,1.999936000000048,False,0.0
a631a6d34.jpg,23.000064,0.3,2.999936000000048,False,0.0
a631a6d34.jpg,23.000064,0.4,3.999936000000048,False,0.0
a631a6d34.jpg,23.000064,0.5,4.999936000000048,False,0.0
a631a6d34.jpg,23.000064,0.6,5.999936000000048,False,0.0
a631a6d34.jpg,23.000064,0.7,6.999936000000048,False,0.0
a631a6d34.jpg,23.000064,0.8,7.999936000000048,False,0.0
a631a6d34.jpg,23.000064,0.9,8.999936000000048,False,0.0
a631a6d34.jpg,23.000064,1.0,9.999936000000048,True,0.7017385977112995
7322abc42.jpg,172.99967999999998,0.2,30.99961600000006,False,0.0
7322abc42.jpg,172.99967999999998,0.3,46.99961600000006,False,0.0
7322abc42.jpg,172.99967999999998,0.4,61.99961600000006,False,0.0
7322abc42.jpg,172.99967999999998,0.5,77.99961600000006,True,0.632337402671438
7322abc42.jpg,172.99967999999998,0.6,93.99961600000006,True,0.703872108208754
7322abc42.jpg,172.99967999999998,0.7,108.99961600000006,True,0.8659335030297044
7322abc42.jpg,172.99967999999998,0.8,124.99961600000006,True,0.9700806366468714
7322abc42.jpg,172.99967999999998,0.9,139.99961600000006,True,0.9597156217062678
7322abc42.jpg,172.99967999999998,1.0,155.99961600000006,True,0.7342772802533878
16a32fd9b.jpg,15.999744,0.2,3.00019199999997,False,0.0
16a32fd9b.jpg,15.999744,0.3,5.00019199999997,False,0.0
16a32fd9b.jpg,15.999744,0.4,6.00019199999997,False,0.0
16a32fd9b.jpg,15.999744,0.5,8.00019199999997,False,0.0
16a32fd9b.jpg,15.999744,0.6,10.00019199999997,True,0.5919114558473901
16a32fd9b.jpg,15.999744,0.7,11.00019199999997,True,0.7915861075832017
16a32fd9b.jpg,15.999744,0.8,13.00019199999997,True,0.8116157514971555
16a32fd9b.jpg,15.999744,0.9,14.00019199999997,True,0.7549424537748027
16a32fd9b.jpg,15.999744,1.0,15.999743999999964,True,0.6814792738080944
0c6b7bca1.jpg,288.0,0.2,58.00006399999995,False,0.0
0c6b7bca1.jpg,288.0,0.3,86.00006399999995,True,0.5900343343867058
0c6b7bca1.jpg,288.0,0.4,115.00006399999995,True,0.5125820604200791
0c6b7bca1.jpg,288.0,0.5,144.00006399999995,True,0.829944837788714
0c6b7bca1.jpg,288.0,0.6,173.00006399999995,True,0.9350444981230945
0c6b7bca1.jpg,288.0,0.7,202.00006399999995,True,0.8072554711181801
0c6b7bca1.jpg,288.0,0.8,230.00006399999995,True,0.786701422554103
0c6b7bca1.jpg,288.0,0.9,259.00006399999995,True,0.8425865499181336
0c6b7bca1.jpg,288.0,1.0,288.0,True,0.9557030210709373
a69036fca.jpg,93.000192,0.2,19.00019199999997,True,0.5214737772801558
a69036fca.jpg,93.000192,0.3,28.00019199999997,False,0.4736199328267323
a69036fca.jpg,93.000192,0.4,37.00019199999997,False,0.47527087346965086
a69036fca.jpg,93.000192,0.5,46.00019199999997,True,0.6967602433492732
a69036fca.jpg,93.000192,0.6,56.00019199999997,True,0.8002205069486864
a69036fca.jpg,93.000192,0.7,65.00019199999997,True,0.8156126779719021
a69036fca.jpg,93.000192,0.8,74.00019199999997,True,0.9126749577229336
a69036fca.jpg,93.000192,0.9,84.00019199999997,True,0.9636903304834504
a69036fca.jpg,93.000192,1.0,93.00019199999997,True,0.9565751633625156
6e92cf4cb.jpg,91.00032,0.2,18.000319999999988,True,0.5733996138179809
6e92cf4cb.jpg,91.00032,0.3,27.000319999999988,True,0.7086796137992729
6e92cf4cb.jpg,91.00032,0.4,36.00031999999999,True,0.7477832484241175
6e92cf4cb.jpg,91.00032,0.5,45.00031999999999,True,0.8292503045099191
6e92cf4cb.jpg,91.00032,0.6,55.00031999999999,True,0.8125994248877351
6e92cf4cb.jpg,91.00032,0.7,64.00031999999999,True,0.9052577627468027
6e92cf4cb.jpg,91.00032,0.8,73.00031999999999,True,0.9000693538355488
6e92cf4cb.jpg,91.00032,0.9,82.00031999999999,True,0.8618693951411297
6e92cf4cb.jpg,91.00032,1.0,91.00031999999999,True,0.8714795124102412
4dd043d49.jpg,212.000256,0.2,23.999872000000096,False,0.2549274195986574
4dd043d49.jpg,212.000256,0.3,36.999872000000096,True,0.7223350403072014
4dd043d49.jpg,212.000256,0.4,48.999872000000096,False,0.48568816356851047
4dd043d49.jpg,212.000256,0.5,60.999872000000096,True,0.6914457017669575
4dd043d49.jpg,212.000256,0.6,72.9998720000001,True,0.8480564813785284
4dd043d49.jpg,212.000256,0.7,84.9998720000001,True,0.8877300913985913
4dd043d49.jpg,212.000256,0.8,97.9998720000001,True,0.9726439073297991
4dd043d49.jpg,212.000256,0.9,109.9998720000001,True,0.9627654895169099
4dd043d49.jpg,212.000256,1.0,121.9998720000001,True,0.9608422549186678
314036ea0.jpg,40.99968,0.2,8.000128000000018,False,0.0
314036ea0.jpg,40.99968,0.3,12.000128000000018,False,0.0
314036ea0.jpg,40.99968,0.4,16.000128000000018,True,0.71475679218774
314036ea0.jpg,40.99968,0.5,20.000128000000018,True,0.5555538287656682
314036ea0.jpg,40.99968,0.6,25.000128000000018,True,0.7550457772593681
314036ea0.jpg,40.99968,0.7,29.000128000000018,True,0.7751530830063283
314036ea0.jpg,40.99968,0.8,33.00012800000002,True,0.8356878269885478
314036ea0.jpg,40.99968,0.9,37.00012800000002,True,0.8111720142220614
314036ea0.jpg,40.99968,1.0,40.99968000000001,True,0.8505833653647007
730b4e931.jpg,19.000320000000002,0.2,2.000255999999922,False,0.0
730b4e931.jpg,19.000320000000002,0.3,3.000255999999922,False,0.0
730b4e931.jpg,19.000320000000002,0.4,4.000255999999922,False,0.0
730b4e931.jpg,19.000320000000002,0.5,5.000255999999922,False,0.0
730b4e931.jpg,19.000320000000002,0.6,6.000255999999922,False,0.0
730b4e931.jpg,19.000320000000002,0.7,7.000255999999922,False,0.0
730b4e931.jpg,19.000320000000002,0.8,8.000255999999922,False,0.0
730b4e931.jpg,19.000320000000002,0.9,9.000255999999922,True,0.9454709845952328
730b4e931.jpg,19.000320000000002,1.0,10.000127999999904,True,0.9108099487092239
7bbffa912.jpg,29.999616,0.2,5.999551999999994,False,0.0
7bbffa912.jpg,29.999616,0.3,8.999551999999994,False,0.0
7bbffa912.jpg,29.999616,0.4,11.999551999999994,False,0.0
7bbffa912.jpg,29.999616,0.5,14.999551999999994,False,0.0
7bbffa912.jpg,29.999616,0.6,17.999551999999994,False,0.0
7bbffa912.jpg,29.999616,0.7,20.999551999999994,True,0.7195768656066527
7bbffa912.jpg,29.999616,0.8,23.999551999999994,True,0.7375834521258948
7bbffa912.jpg,29.999616,0.9,26.999551999999994,True,0.8538195587773336
7bbffa912.jpg,29.999616,1.0,29.999551999999994,True,0.7146191499833674
eaf82362d.jpg,23.000064,0.2,3.999935999999991,False,0.0
eaf82362d.jpg,23.000064,0.3,5.999935999999991,False,0.0
eaf82362d.jpg,23.000064,0.4,7.999935999999991,False,0.0
eaf82362d.jpg,23.000064,0.5,10.999935999999991,False,0.0
eaf82362d.jpg,23.000064,0.6,12.999935999999991,False,0.0
eaf82362d.jpg,23.000064,0.7,14.999935999999991,False,0.0
eaf82362d.jpg,23.000064,0.8,16.99993599999999,False,0.0
eaf82362d.jpg,23.000064,0.9,18.99993599999999,False,0.0
eaf82362d.jpg,23.000064,1.0,20.99993599999999,False,0.0
e74c35724.jpg,202.00012800000002,0.2,30.00006400000001,False,0.0
e74c35724.jpg,202.00012800000002,0.3,45.00006400000001,False,0.0
e74c35724.jpg,202.00012800000002,0.4,60.00006400000001,False,0.0
e74c35724.jpg,202.00012800000002,0.5,74.00006400000001,True,0.6582895780296368
e74c35724.jpg,202.00012800000002,0.6,89.00006400000001,True,0.9051369039775586
e74c35724.jpg,202.00012800000002,0.7,104.00006400000001,True,0.9253316471138852
e74c35724.jpg,202.00012800000002,0.8,119.00006400000001,True,0.8992189019669515
e74c35724.jpg,202.00012800000002,0.9,134.000064,True,0.9618177120467689
e74c35724.jpg,202.00012800000002,1.0,148.99968,True,0.9540712530488331
952a07a5d.jpg,91.00032,0.2,18.000320000000045,False,0.1567747856600001
952a07a5d.jpg,91.00032,0.3,27.000320000000045,False,0.41204756806256027
952a07a5d.jpg,91.00032,0.4,36.000320000000045,False,0.3914380286214476
952a07a5d.jpg,91.00032,0.5,45.000320000000045,True,0.5405229759527443
952a07a5d.jpg,91.00032,0.6,55.000320000000045,True,0.5442850801792528
952a07a5d.jpg,91.00032,0.7,64.00032000000004,True,0.7995063768098485
952a07a5d.jpg,91.00032,0.8,73.00032000000004,True,0.8948572124644154
952a07a5d.jpg,91.00032,0.9,82.00032000000004,True,0.9190222881457407
952a07a5d.jpg,91.00032,1.0,91.00032000000004,True,0.9424285976857907
4a2be955d.jpg,92.000256,0.2,17.999744,False,0.0
4a2be955d.jpg,92.000256,0.3,27.999744,True,0.6969770716690582
4a2be955d.jpg,92.000256,0.4,36.999744,False,0.0
4a2be955d.jpg,92.000256,0.5,45.999744,True,0.7797063519094005
4a2be955d.jpg,92.000256,0.6,54.999744,True,0.7920855530990973
4a2be955d.jpg,92.000256,0.7,63.999744,True,0.764973360057216
4a2be955d.jpg,92.000256,0.8,73.99974399999999,True,0.8073284886637402
4a2be955d.jpg,92.000256,0.9,82.99974399999999,True,0.8566461294181293
4a2be955d.jpg,92.000256,1.0,91.99974399999999,True,0.8403119872503112
79b748025.jpg,124.99967999999998,0.2,19.99974400000002,False,0.0
79b748025.jpg,124.99967999999998,0.3,29.99974400000002,False,0.2545390892441796
79b748025.jpg,124.99967999999998,0.4,39.99974400000002,False,0.25518380041659
79b748025.jpg,124.99967999999998,0.5,49.99974400000002,False,0.2993281457630872
79b748025.jpg,124.99967999999998,0.6,58.99974400000002,True,0.6720382097213078
79b748025.jpg,124.99967999999998,0.7,68.99974400000002,True,0.7003413061034666
79b748025.jpg,124.99967999999998,0.8,78.99974400000002,True,0.8441559004989367
79b748025.jpg,124.99967999999998,0.9,88.99974400000002,True,0.9180292965928522
79b748025.jpg,124.99967999999998,1.0,98.99974400000002,True,0.9264194357305983
dc70dac80.jpg,40.99968,0.2,7.999615999999946,False,0.0
dc70dac80.jpg,40.99968,0.3,11.999615999999946,False,0.0
dc70dac80.jpg,40.99968,0.4,15.999615999999946,False,0.0
dc70dac80.jpg,40.99968,0.5,20.999615999999946,False,0.0
dc70dac80.jpg,40.99968,0.6,24.999615999999946,False,0.0
dc70dac80.jpg,40.99968,0.7,28.999615999999946,False,0.0
dc70dac80.jpg,40.99968,0.8,32.999615999999946,False,0.0
dc70dac80.jpg,40.99968,0.9,36.999615999999946,False,0.0
dc70dac80.jpg,40.99968,1.0,40.999615999999946,False,0.10412839718382556
0e0827831.jpg,229.99987199999998,0.2,46.00025599999998,False,0.0
0e0827831.jpg,229.99987199999998,0.3,69.00025599999998,False,0.4923288458783296
0e0827831.jpg,229.99987199999998,0.4,92.00025599999998,True,0.7124608159422493
0e0827831.jpg,229.99987199999998,0.5,115.00025599999998,True,0.6944910679635009
0e0827831.jpg,229.99987199999998,0.6,138.00025599999998,True,0.7590321438924542
0e0827831.jpg,229.99987199999998,0.7,161.00025599999998,True,0.856715360992872
0e0827831.jpg,229.99987199999998,0.8,184.00025599999998,True,0.9525041903870435
0e0827831.jpg,229.99987199999998,0.9,207.00025599999998,True,0.9417660969285836
0e0827831.jpg,229.99987199999998,1.0,229.99987199999998,True,0.969734039456401
931a0f826.jpg,11.000064,0.2,1.9996800000000121,False,0.0
931a0f826.jpg,11.000064,0.3,2.999680000000012,False,0.0
931a0f826.jpg,11.000064,0.4,3.999680000000012,False,0.0
931a0f826.jpg,11.000064,0.5,5.999680000000012,False,0.0
931a0f826.jpg,11.000064,0.6,6.999680000000012,False,0.0
931a0f826.jpg,11.000064,0.7,7.999680000000012,False,0.0
931a0f826.jpg,11.000064,0.8,8.999680000000012,False,0.0
931a0f826.jpg,11.000064,0.9,9.999680000000012,False,0.0
931a0f826.jpg,11.000064,1.0,10.999680000000012,True,0.6107166650096005
0de34ade8.jpg,8.000256,0.2,2.0003200000000447,False,0.0
0de34ade8.jpg,8.000256,0.3,2.0003200000000447,False,0.0
0de34ade8.jpg,8.000256,0.4,3.0003200000000447,False,0.0
0de34ade8.jpg,8.000256,0.5,4.000320000000045,False,0.0
0de34ade8.jpg,8.000256,0.6,5.000320000000045,False,0.0
0de34ade8.jpg,8.000256,0.7,6.000320000000045,False,0.0
0de34ade8.jpg,8.000256,0.8,6.000320000000045,False,0.0
0de34ade8.jpg,8.000256,0.9,7.000320000000045,False,0.0
0de34ade8.jpg,8.000256,1.0,8.000256000000036,False,0.0
79ebcb211.jpg,215.00006399999998,0.2,42.99987199999998,True,0.9115795942554417
79ebcb211.jpg,215.00006399999998,0.3,64.99987199999998,False,0.0
79ebcb211.jpg,215.00006399999998,0.4,85.99987199999998,True,0.6775504044304512
79ebcb211.jpg,215.00006399999998,0.5,107.99987199999998,True,0.7869135909613219
79ebcb211.jpg,215.00006399999998,0.6,128.99987199999998,True,0.7849349240826958
79ebcb211.jpg,215.00006399999998,0.7,150.99987199999998,True,0.8472859482563592
79ebcb211.jpg,215.00006399999998,0.8,171.99987199999998,True,0.9672863361417295
79ebcb211.jpg,215.00006399999998,0.9,193.99987199999998,True,0.9310801331102158
79ebcb211.jpg,215.00006399999998,1.0,214.99987199999998,True,0.9383413851081994
cc46f11d8.jpg,216.0,0.2,43.00031999999999,False,0.0
cc46f11d8.jpg,216.0,0.3,65.00031999999999,True,0.6187771114607189
cc46f11d8.jpg,216.0,0.4,86.00031999999999,True,0.5343447484947702
cc46f11d8.jpg,216.0,0.5,108.00031999999999,False,0.48446934417330695
cc46f11d8.jpg,216.0,0.6,130.00032,True,0.8611449532970005
cc46f11d8.jpg,216.0,0.7,151.00032,True,0.8074906465845794
cc46f11d8.jpg,216.0,0.8,173.00032,True,0.8710390379442815
cc46f11d8.jpg,216.0,0.9,194.00032,True,0.9480786641716911
cc46f11d8.jpg,216.0,1.0,216.0,True,0.935914928544662
b39c32f97.jpg,224.000256,0.2,45.00019199999997,False,0.0
b39c32f97.jpg,224.000256,0.3,67.00019199999997,True,0.8756670486689644
b39c32f97.jpg,224.000256,0.4,90.00019199999997,True,0.7582652286799754
b39c32f97.jpg,224.000256,0.5,112.00019199999997,True,0.7705350354361528
b39c32f97.jpg,224.000256,0.6,134.00019199999997,True,0.940434790889826
b39c32f97.jpg,224.000256,0.7,157.00019199999997,True,0.9346308780872121
b39c32f97.jpg,224.000256,0.8,179.00019199999997,True,0.875206372339002
b39c32f97.jpg,224.000256,0.9,202.00019199999997,True,0.9381044265993304
b39c32f97.jpg,224.000256,1.0,224.00019199999997,True,0.9501406687673292
6d719e576.jpg,24.999935999999998,0.2,4.00038399999994,False,0.18613691831723034
6d719e576.jpg,24.999935999999998,0.3,5.00038399999994,False,0.20225813043924418
6d719e576.jpg,24.999935999999998,0.4,7.00038399999994,False,0.2618272750462602
6d719e576.jpg,24.999935999999998,0.5,9.00038399999994,True,0.7025775860894299
6d719e576.jpg,24.999935999999998,0.6,11.00038399999994,True,0.866910841628734
6d719e576.jpg,24.999935999999998,0.7,13.00038399999994,True,0.8974358549843601
6d719e576.jpg,24.999935999999998,0.8,14.00038399999994,True,0.8579965055547629
6d719e576.jpg,24.999935999999998,0.9,16.00038399999994,True,0.9360880971487479
6d719e576.jpg,24.999935999999998,1.0,18.00038399999994,True,0.7658327842199292
1b42c0672.jpg,73.999872,0.2,14.999616000000003,False,0.22075189783210608
1b42c0672.jpg,73.999872,0.3,21.999616000000003,False,0.3865765383747767
1b42c0672.jpg,73.999872,0.4,29.999616000000003,False,0.0
1b42c0672.jpg,73.999872,0.5,36.999616,True,0.658375490242116
1b42c0672.jpg,73.999872,0.6,43.999616,False,0.0
1b42c0672.jpg,73.999872,0.7,51.999616,True,0.7883521934785133
1b42c0672.jpg,73.999872,0.8,58.999616,True,0.9007959309212213
1b42c0672.jpg,73.999872,0.9,66.999616,True,0.9118291038531691
1b42c0672.jpg,73.999872,1.0,73.999616,True,0.9349618417364746
e64587598.jpg,96.0,0.2,14.000064000000066,False,0.0
e64587598.jpg,96.0,0.3,21.000064000000066,False,0.0
e64587598.jpg,96.0,0.4,28.000064000000066,True,0.9237794562028379
e64587598.jpg,96.0,0.5,35.000064000000066,True,0.8772823543386268
e64587598.jpg,96.0,0.6,43.000064000000066,True,0.7974347347083677
e64587598.jpg,96.0,0.7,50.000064000000066,True,0.8537192470771571
e64587598.jpg,96.0,0.8,57.000064000000066,True,0.9241498128675769
e64587598.jpg,96.0,0.9,64.00006400000007,True,0.9538227681698018
e64587598.jpg,96.0,1.0,71.00006400000007,True,0.9499485094144368
27aa19327.jpg,83.00006400000001,0.2,17.000384000000025,False,0.0
27aa19327.jpg,83.00006400000001,0.3,25.000384000000025,True,0.580253003758661
27aa19327.jpg,83.00006400000001,0.4,33.000384000000025,True,0.6516803370442807
27aa19327.jpg,83.00006400000001,0.5,41.000384000000025,True,0.6423310716814875
27aa19327.jpg,83.00006400000001,0.6,50.000384000000025,True,0.7740472482961721
27aa19327.jpg,83.00006400000001,0.7,58.000384000000025,True,0.6537744509511848
27aa19327.jpg,83.00006400000001,0.8,66.00038400000003,True,0.7429291761008682
27aa19327.jpg,83.00006400000001,0.9,75.00038400000003,True,0.7480640340959731
27aa19327.jpg,83.00006400000001,1.0,83.00006400000004,True,0.7936691013827404
3cdac0854.jpg,216.0,0.2,43.00012800000002,False,0.0
3cdac0854.jpg,216.0,0.3,65.00012800000002,True,0.8471606944831126
3cdac0854.jpg,216.0,0.4,86.00012800000002,True,0.7980153779176685
3cdac0854.jpg,216.0,0.5,108.00012800000002,True,0.7304180175356775
3cdac0854.jpg,216.0,0.6,130.00012800000002,True,0.9532312560148873
3cdac0854.jpg,216.0,0.7,151.00012800000002,True,0.9446719686787802
3cdac0854.jpg,216.0,0.8,173.00012800000002,True,0.9560104951645495
3cdac0854.jpg,216.0,0.9,194.00012800000002,True,0.9427023058448522
3cdac0854.jpg,216.0,1.0,216.0,True,0.9470286483418341
00e603959.jpg,45.000192,0.2,8.999935999999934,True,0.6134370126639742
00e603959.jpg,45.000192,0.3,13.999935999999934,True,0.717923177627567
00e603959.jpg,45.000192,0.4,17.999935999999934,True,0.6394656684490448
00e603959.jpg,45.000192,0.5,22.999935999999934,True,0.5829088921008484
00e603959.jpg,45.000192,0.6,26.999935999999934,True,0.6472753652881672
00e603959.jpg,45.000192,0.7,31.999935999999934,True,0.6629330872785398
00e603959.jpg,45.000192,0.8,35.999935999999934,True,0.7488549638075436
00e603959.jpg,45.000192,0.9,40.999935999999934,True,0.6965351857663469
00e603959.jpg,45.000192,1.0,44.999935999999934,True,0.7525122037152736
870680501.jpg,35.000064,0.2,6.999871999999982,False,0.0
870680501.jpg,35.000064,0.3,10.999871999999982,False,0.0
870680501.jpg,35.000064,0.4,13.999871999999982,False,0.2529164319081765
870680501.jpg,35.000064,0.5,17.999871999999982,False,0.3070191854285898
870680501.jpg,35.000064,0.6,20.999871999999982,False,0.3701440424242904
870680501.jpg,35.000064,0.7,24.999871999999982,False,0.4533330833357931
870680501.jpg,35.000064,0.8,27.999871999999982,False,0.4695526521075842
870680501.jpg,35.000064,0.9,31.999871999999982,False,0.4660870186219469
870680501.jpg,35.000064,1.0,34.99987199999998,False,0.4422268254831604
c0e45f5b0.jpg,171.999744,0.2,28.999615999999946,False,0.2308959302697395
c0e45f5b0.jpg,171.999744,0.3,43.999615999999946,True,0.6238324214999621
c0e45f5b0.jpg,171.999744,0.4,57.999615999999946,True,0.9346253821374526
c0e45f5b0.jpg,171.999744,0.5,72.99961599999995,True,0.6267087796728399
c0e45f5b0.jpg,171.999744,0.6,86.99961599999995,True,0.9498453942333411
c0e45f5b0.jpg,171.999744,0.7,101.99961599999995,True,0.8340214402925513
c0e45f5b0.jpg,171.999744,0.8,115.99961599999995,True,0.9565357425783308
c0e45f5b0.jpg,171.999744,0.9,130.99961599999995,True,0.9787452570728007
c0e45f5b0.jpg,171.999744,1.0,144.99961599999995,True,0.9735641348579525
81be6d53a.jpg,71.00006400000001,0.2,13.999679999999984,False,0.0
81be6d53a.jpg,71.00006400000001,0.3,20.999679999999984,False,0.0
81be6d53a.jpg,71.00006400000001,0.4,27.999679999999984,False,0.0
81be6d53a.jpg,71.00006400000001,0.5,35.999679999999984,False,0.0
81be6d53a.jpg,71.00006400000001,0.6,42.999679999999984,False,0.0
81be6d53a.jpg,71.00006400000001,0.7,49.999679999999984,True,0.7413405523739462
81be6d53a.jpg,71.00006400000001,0.8,56.999679999999984,True,0.7454130216948313
81be6d53a.jpg,71.00006400000001,0.9,63.999679999999984,True,0.7778147314457937
81be6d53a.jpg,71.00006400000001,1.0,70.99967999999998,True,0.7859220270287436
d41a86c8c.jpg,12.999936000000002,0.2,2.999680000000012,False,0.0
d41a86c8c.jpg,12.999936000000002,0.3,3.999680000000012,False,0.0
d41a86c8c.jpg,12.999936000000002,0.4,4.999680000000012,False,0.0
d41a86c8c.jpg,12.999936000000002,0.5,6.999680000000012,False,0.0
d41a86c8c.jpg,12.999936000000002,0.6,7.999680000000012,False,0.0
d41a86c8c.jpg,12.999936000000002,0.7,8.999680000000012,False,0.0
d41a86c8c.jpg,12.999936000000002,0.8,9.999680000000012,False,0.0
d41a86c8c.jpg,12.999936000000002,0.9,11.999680000000012,True,0.6750349076308153
d41a86c8c.jpg,12.999936000000002,1.0,12.999680000000012,True,0.6841987227541043
42d5ffa51.jpg,21.000192,0.2,2.99980800000003,False,0.0
42d5ffa51.jpg,21.000192,0.3,4.99980800000003,False,0.0
42d5ffa51.jpg,21.000192,0.4,5.99980800000003,False,0.0
42d5ffa51.jpg,21.000192,0.5,7.99980800000003,False,0.0
42d5ffa51.jpg,21.000192,0.6,9.99980800000003,False,0.3108361127109889
42d5ffa51.jpg,21.000192,0.7,10.99980800000003,False,0.2990441632146205
42d5ffa51.jpg,21.000192,0.8,12.99980800000003,True,0.6367663605310288
42d5ffa51.jpg,21.000192,0.9,13.99980800000003,True,0.658840728116121
42d5ffa51.jpg,21.000192,1.0,15.999743999999964,True,0.5948923939982647
d61c69b5d.jpg,238.00012800000002,0.2,41.00019199999997,False,0.0
d61c69b5d.jpg,238.00012800000002,0.3,61.00019199999997,False,0.39559426182110247
d61c69b5d.jpg,238.00012800000002,0.4,82.00019199999997,True,0.6741341622588481
d61c69b5d.jpg,238.00012800000002,0.5,102.00019199999997,True,0.8513451292333467
d61c69b5d.jpg,238.00012800000002,0.6,122.00019199999997,True,0.8080691160210103
d61c69b5d.jpg,238.00012800000002,0.7,143.00019199999997,True,0.9126616320156505
d61c69b5d.jpg,238.00012800000002,0.8,163.00019199999997,True,0.9756166964337387
d61c69b5d.jpg,238.00012800000002,0.9,184.00019199999997,True,0.9849754653100316
d61c69b5d.jpg,238.00012800000002,1.0,204.0,True,0.9627105360913415
50b05e394.jpg,156.999936,0.2,30.999615999999946,True,0.6036636689093179
50b05e394.jpg,156.999936,0.3,46.999615999999946,False,0.4121890588842341
50b05e394.jpg,156.999936,0.4,62.999615999999946,True,0.7063345448479526
50b05e394.jpg,156.999936,0.5,78.99961599999995,True,0.6059077708079653
50b05e394.jpg,156.999936,0.6,93.99961599999995,True,0.7870630137665698
50b05e394.jpg,156.999936,0.7,109.99961599999995,True,0.7339731088453562
50b05e394.jpg,156.999936,0.8,125.99961599999995,True,0.933620500169233
50b05e394.jpg,156.999936,0.9,140.99961599999995,True,0.9180437332088757
50b05e394.jpg,156.999936,1.0,156.99961599999995,True,0.9064885935565068
98cec26da.jpg,119.00006400000001,0.2,24.000192,False,0.0
98cec26da.jpg,119.00006400000001,0.3,36.000192,False,0.3493274877561318
98cec26da.jpg,119.00006400000001,0.4,48.000192,False,0.3775941773780548
98cec26da.jpg,119.00006400000001,0.5,59.000192,True,0.5602470175440176
98cec26da.jpg,119.00006400000001,0.6,71.000192,False,0.4961549872438765
98cec26da.jpg,119.00006400000001,0.7,83.000192,True,0.6275985712638997
98cec26da.jpg,119.00006400000001,0.8,95.000192,True,0.6382341105842071
98cec26da.jpg,119.00006400000001,0.9,107.000192,True,0.7969870120983746
98cec26da.jpg,119.00006400000001,1.0,119.00006399999998,True,0.7382111422611506
023aec5ee.jpg,10.000128,0.2,2.0004480000000058,False,0.0
023aec5ee.jpg,10.000128,0.3,3.0004480000000058,False,0.0
023aec5ee.jpg,10.000128,0.4,4.000448000000006,False,0.0
023aec5ee.jpg,10.000128,0.5,4.000448000000006,False,0.0
023aec5ee.jpg,10.000128,0.6,5.000448000000006,False,0.0
023aec5ee.jpg,10.000128,0.7,6.000448000000006,False,0.0
023aec5ee.jpg,10.000128,0.8,7.000448000000006,False,0.0
023aec5ee.jpg,10.000128,0.9,8.000448000000006,False,0.4485224307843474
023aec5ee.jpg,10.000128,1.0,9.00019199999997,False,0.4363322405274788
3a162077a.jpg,72.0,0.2,12.999552000000001,False,0.0
3a162077a.jpg,72.0,0.3,19.999552,False,0.0
3a162077a.jpg,72.0,0.4,25.999552,True,0.8315273592400096
3a162077a.jpg,72.0,0.5,32.999552,True,0.8454479555935687
3a162077a.jpg,72.0,0.6,38.999552,True,0.8758329711522383
3a162077a.jpg,72.0,0.7,45.999552,True,0.890342741035118
3a162077a.jpg,72.0,0.8,51.999552,True,0.9056079867358399
3a162077a.jpg,72.0,0.9,58.999552,True,0.9265375179244971
3a162077a.jpg,72.0,1.0,64.999552,True,0.927714580159475
24628eee8.jpg,44.000256,0.2,9.000192000000013,True,0.5720165715472727
24628eee8.jpg,44.000256,0.3,13.000192000000013,True,0.5903499885328046
24628eee8.jpg,44.000256,0.4,18.000192000000013,True,0.6348047524697369
24628eee8.jpg,44.000256,0.5,22.000192000000013,True,0.6517617946503117
24628eee8.jpg,44.000256,0.6,26.000192000000013,True,0.6725780734919758
24628eee8.jpg,44.000256,0.7,31.000192000000013,True,0.6775596636727869
24628eee8.jpg,44.000256,0.8,35.00019200000001,True,0.6465437525858178
24628eee8.jpg,44.000256,0.9,40.00019200000001,True,0.6561760275136966
24628eee8.jpg,44.000256,1.0,44.00019200000001,True,0.8240660275536352
01178499a.jpg,139.00032000000002,0.2,27.99993599999999,False,0.2317245776650006
01178499a.jpg,139.00032000000002,0.3,41.99993599999999,False,0.42143261189510683
01178499a.jpg,139.00032000000002,0.4,55.99993599999999,True,0.5961456941479942
01178499a.jpg,139.00032000000002,0.5,69.99993599999999,True,0.6704992685618306
01178499a.jpg,139.00032000000002,0.6,82.99993599999999,True,0.7989822781321005
01178499a.jpg,139.00032000000002,0.7,96.99993599999999,True,0.8215760022233194
01178499a.jpg,139.00032000000002,0.8,110.99993599999999,True,0.8971201643802296
01178499a.jpg,139.00032000000002,0.9,124.99993599999999,True,0.9622259268348454
01178499a.jpg,139.00032000000002,1.0,138.999936,True,0.9290516873708647
e279290ac.jpg,35.000064,0.2,7.000128000000018,False,0.005415437155794984
e279290ac.jpg,35.000064,0.3,10.000128000000018,False,0.01227799231499493
e279290ac.jpg,35.000064,0.4,14.000128000000018,False,0.0
e279290ac.jpg,35.000064,0.5,17.000128000000018,False,0.0
e279290ac.jpg,35.000064,0.6,21.000128000000018,False,0.0
e279290ac.jpg,35.000064,0.7,24.000128000000018,False,0.0
e279290ac.jpg,35.000064,0.8,28.000128000000018,False,0.0
e279290ac.jpg,35.000064,0.9,31.000128000000018,False,0.0
e279290ac.jpg,35.000064,1.0,35.000064000000066,False,0.0
eedd126c6.jpg,11.000064,0.2,2.0001919999999984,False,0.0
eedd126c6.jpg,11.000064,0.3,3.0001919999999984,False,0.0
eedd126c6.jpg,11.000064,0.4,4.000191999999998,False,0.0
eedd126c6.jpg,11.000064,0.5,5.000191999999998,False,0.0
eedd126c6.jpg,11.000064,0.6,7.000191999999998,False,0.0
eedd126c6.jpg,11.000064,0.7,8.000191999999998,True,0.6339784510152928
eedd126c6.jpg,11.000064,0.8,9.000191999999998,True,0.632111651104094
eedd126c6.jpg,11.000064,0.9,10.000191999999998,True,0.5231080957046411
eedd126c6.jpg,11.000064,1.0,11.000064000000009,True,0.6803422739797884
c70cff811.jpg,33.000192,0.2,3.000256000000036,False,0.0
c70cff811.jpg,33.000192,0.3,4.000256000000036,False,0.0
c70cff811.jpg,33.000192,0.4,5.000256000000036,False,0.0
c70cff811.jpg,33.000192,0.5,6.000256000000036,False,0.0
c70cff811.jpg,33.000192,0.6,8.000256000000036,False,0.0
c70cff811.jpg,33.000192,0.7,9.000256000000036,False,0.0
c70cff811.jpg,33.000192,0.8,10.000256000000036,False,0.0
c70cff811.jpg,33.000192,0.9,12.000256000000036,False,0.0
c70cff811.jpg,33.000192,1.0,12.999935999999934,False,0.0
70caf88d9.jpg,104.00025600000001,0.2,6.999743999999964,False,0.0
70caf88d9.jpg,104.00025600000001,0.3,9.999743999999964,True,0.6624201954574493
70caf88d9.jpg,104.00025600000001,0.4,12.999743999999964,False,0.0
70caf88d9.jpg,104.00025600000001,0.5,16.999743999999964,True,0.7832992140274365
70caf88d9.jpg,104.00025600000001,0.6,19.999743999999964,True,0.908938604266057
70caf88d9.jpg,104.00025600000001,0.7,22.999743999999964,True,0.8819150150122779
70caf88d9.jpg,104.00025600000001,0.8,25.999743999999964,True,0.8849742582111106
70caf88d9.jpg,104.00025600000001,0.9,29.999743999999964,True,0.8871758810172019
70caf88d9.jpg,104.00025600000001,1.0,32.999743999999964,True,0.8908991362147792
6a4ac74eb.jpg,98.999808,0.2,15.999551999999994,False,0.3175138665024951
6a4ac74eb.jpg,98.999808,0.3,22.999551999999994,True,0.9442003612371329
6a4ac74eb.jpg,98.999808,0.4,30.999551999999994,True,0.9276869050718911
6a4ac74eb.jpg,98.999808,0.5,38.999551999999994,True,0.7825853056663123
6a4ac74eb.jpg,98.999808,0.6,46.999551999999994,True,0.8622372015427625
6a4ac74eb.jpg,98.999808,0.7,54.999551999999994,True,0.9268380765248777
6a4ac74eb.jpg,98.999808,0.8,61.999551999999994,True,0.9587326431287913
6a4ac74eb.jpg,98.999808,0.9,69.999552,True,0.9500696448979145
6a4ac74eb.jpg,98.999808,1.0,77.999552,True,0.9021668205422656
c748f46a2.jpg,204.0,0.2,19.999679999999955,False,0.0
c748f46a2.jpg,204.0,0.3,29.999679999999955,True,0.734502506590967
c748f46a2.jpg,204.0,0.4,39.999679999999955,True,0.8059985300857712
c748f46a2.jpg,204.0,0.5,50.999679999999955,True,0.9475596556949581
c748f46a2.jpg,204.0,0.6,60.999679999999955,True,0.9716422429415358
c748f46a2.jpg,204.0,0.7,70.99967999999996,True,0.981762166789551
c748f46a2.jpg,204.0,0.8,80.99967999999996,True,0.9704805665402809
c748f46a2.jpg,204.0,0.9,90.99967999999996,True,0.9454230947397196
c748f46a2.jpg,204.0,1.0,100.99967999999996,True,0.9614291153926771
57610d682.jpg,18.000384,0.2,3.99980800000003,False,0.0
57610d682.jpg,18.000384,0.3,4.99980800000003,False,0.0
57610d682.jpg,18.000384,0.4,6.99980800000003,False,0.0
57610d682.jpg,18.000384,0.5,8.99980800000003,False,0.0
57610d682.jpg,18.000384,0.6,10.99980800000003,False,0.0
57610d682.jpg,18.000384,0.7,12.99980800000003,True,0.7082359101071423
57610d682.jpg,18.000384,0.8,13.99980800000003,True,0.7180147981508886
57610d682.jpg,18.000384,0.9,15.99980800000003,True,0.7476158652118688
57610d682.jpg,18.000384,1.0,17.99980800000003,True,0.6922548509992507
3859f31cc.jpg,141.000192,0.2,28.000000000000014,True,0.6400165176469419
3859f31cc.jpg,141.000192,0.3,42.000000000000014,True,0.5751511856906485
3859f31cc.jpg,141.000192,0.4,56.000000000000014,True,0.6239866295268756
3859f31cc.jpg,141.000192,0.5,71.00000000000001,True,0.601885511420816
3859f31cc.jpg,141.000192,0.6,85.00000000000001,True,0.804409049336905
3859f31cc.jpg,141.000192,0.7,99.00000000000001,True,0.8351528006994506
3859f31cc.jpg,141.000192,0.8,113.00000000000001,True,0.9343499521040823
3859f31cc.jpg,141.000192,0.9,127.00000000000001,True,0.9354943646487905
3859f31cc.jpg,141.000192,1.0,141.0,True,0.8958780735250707
6e6f35c97.jpg,52.99968,0.2,10.999743999999964,False,0.0
6e6f35c97.jpg,52.99968,0.3,15.999743999999964,True,0.7798446885254047
6e6f35c97.jpg,52.99968,0.4,20.999743999999964,True,0.5001416639866647
6e6f35c97.jpg,52.99968,0.5,26.999743999999964,False,0.4979828374139854
6e6f35c97.jpg,52.99968,0.6,31.999743999999964,True,0.5958463838463965
6e6f35c97.jpg,52.99968,0.7,36.999743999999964,True,0.7582411629684427
6e6f35c97.jpg,52.99968,0.8,41.999743999999964,True,0.8215322302185214
6e6f35c97.jpg,52.99968,0.9,47.999743999999964,True,0.9136394565970585
6e6f35c97.jpg,52.99968,1.0,52.9996799999999,True,0.8099724569525166
ebf7e53a1.jpg,156.999936,0.2,30.999615999999946,True,0.6074254166930195
ebf7e53a1.jpg,156.999936,0.3,46.999615999999946,False,0.4144627362109028
ebf7e53a1.jpg,156.999936,0.4,62.999615999999946,True,0.7094814668976558
ebf7e53a1.jpg,156.999936,0.5,78.99961599999995,True,0.6082961786039807
ebf7e53a1.jpg,156.999936,0.6,93.99961599999995,True,0.7906242445592314
ebf7e53a1.jpg,156.999936,0.7,109.99961599999995,True,0.7369560097190346
ebf7e53a1.jpg,156.999936,0.8,125.99961599999995,True,0.9365514660921762
ebf7e53a1.jpg,156.999936,0.9,140.99961599999995,True,0.9184342282724124
ebf7e53a1.jpg,156.999936,1.0,156.99961599999995,True,0.908677082104683
cf9fcd6b8.jpg,15.999744,0.2,2.999872000000039,False,0.0
cf9fcd6b8.jpg,15.999744,0.3,4.999872000000039,False,0.0
cf9fcd6b8.jpg,15.999744,0.4,5.999872000000039,False,0.0
cf9fcd6b8.jpg,15.999744,0.5,7.999872000000039,True,0.7055394407925029
cf9fcd6b8.jpg,15.999744,0.6,8.999872000000039,True,0.7052849171595857
cf9fcd6b8.jpg,15.999744,0.7,9.999872000000039,True,0.6774527426169009
cf9fcd6b8.jpg,15.999744,0.8,11.999872000000039,True,0.6059447252323965
cf9fcd6b8.jpg,15.999744,0.9,12.999872000000039,True,0.5758514687239263
cf9fcd6b8.jpg,15.999744,1.0,14.99980800000003,False,0.0
e9bd05aa2.jpg,155.000064,0.2,31.000384000000025,True,0.6803104702000189
e9bd05aa2.jpg,155.000064,0.3,46.000384000000025,True,0.6493747939629937
e9bd05aa2.jpg,155.000064,0.4,62.000384000000025,True,0.8778273296144641
e9bd05aa2.jpg,155.000064,0.5,77.00038400000003,True,0.8074151414615932
e9bd05aa2.jpg,155.000064,0.6,93.00038400000003,True,0.9096191873375563
e9bd05aa2.jpg,155.000064,0.7,108.00038400000003,True,0.8995203917630545
e9bd05aa2.jpg,155.000064,0.8,124.00038400000003,True,0.9705250719766589
e9bd05aa2.jpg,155.000064,0.9,139.00038400000003,True,0.9551002241162948
e9bd05aa2.jpg,155.000064,1.0,155.00006400000004,True,0.9429530183056265
feb30b892.jpg,59.000064,0.2,6.999679999999998,False,0.0
feb30b892.jpg,59.000064,0.3,10.999679999999998,True,0.5128948763877231
feb30b892.jpg,59.000064,0.4,14.999679999999998,True,0.8565771286893628
feb30b892.jpg,59.000064,0.5,18.999679999999998,True,0.5356727746945424
feb30b892.jpg,59.000064,0.6,21.999679999999998,False,0.0
feb30b892.jpg,59.000064,0.7,25.999679999999998,True,0.8547895037879558
feb30b892.jpg,59.000064,0.8,29.999679999999998,True,0.9160483824531788
feb30b892.jpg,59.000064,0.9,32.99968,True,0.9024751583206503
feb30b892.jpg,59.000064,1.0,36.99968,True,0.875294962443677
0d3516189.jpg,124.99967999999998,0.2,7.999615999999975,False,0.0
0d3516189.jpg,124.99967999999998,0.3,11.999615999999975,False,0.0
0d3516189.jpg,124.99967999999998,0.4,15.999615999999975,True,0.7893465118621129
0d3516189.jpg,124.99967999999998,0.5,19.999615999999975,True,0.8105388331122233
0d3516189.jpg,124.99967999999998,0.6,23.999615999999975,True,0.8568358192131718
0d3516189.jpg,124.99967999999998,0.7,27.999615999999975,True,0.8533616129856616
0d3516189.jpg,124.99967999999998,0.8,31.999615999999975,True,0.8858880577149653
0d3516189.jpg,124.99967999999998,0.9,35.999615999999975,True,0.9331829086297888
0d3516189.jpg,124.99967999999998,1.0,39.999615999999975,True,0.9301883075060298
d90ee92a7.jpg,186.000384,0.2,33.999551999999994,False,0.4570843521694825
d90ee92a7.jpg,186.000384,0.3,50.999551999999994,True,0.6461192472246264
d90ee92a7.jpg,186.000384,0.4,67.999552,True,0.7789555003205283
d90ee92a7.jpg,186.000384,0.5,85.999552,True,0.8099987249803036
d90ee92a7.jpg,186.000384,0.6,102.999552,True,0.8512072371567303
d90ee92a7.jpg,186.000384,0.7,119.999552,True,0.855871998252338
d90ee92a7.jpg,186.000384,0.8,136.999552,True,0.9457663479381934
d90ee92a7.jpg,186.000384,0.9,153.999552,True,0.9622205557701481
d90ee92a7.jpg,186.000384,1.0,170.999552,True,0.954456608607119
6171d14ca.jpg,79.00032,0.2,16.000319999999988,False,0.0
6171d14ca.jpg,79.00032,0.3,24.000319999999988,False,0.0
6171d14ca.jpg,79.00032,0.4,32.00031999999999,True,0.83887164850459
6171d14ca.jpg,79.00032,0.5,39.00031999999999,True,0.9119260246328419
6171d14ca.jpg,79.00032,0.6,47.00031999999999,True,0.787115607438986
6171d14ca.jpg,79.00032,0.7,55.00031999999999,True,0.9390778935246735
6171d14ca.jpg,79.00032,0.8,63.00031999999999,True,0.8648953115665813
6171d14ca.jpg,79.00032,0.9,71.00031999999999,True,0.8985255275055788
6171d14ca.jpg,79.00032,1.0,79.00031999999999,True,0.8781234670357905
f67ff2849.jpg,11.000064,0.2,2.0001919999999984,False,0.0
f67ff2849.jpg,11.000064,0.3,3.0001919999999984,False,0.0
f67ff2849.jpg,11.000064,0.4,4.000191999999998,False,0.0
f67ff2849.jpg,11.000064,0.5,5.000191999999998,False,0.0
f67ff2849.jpg,11.000064,0.6,7.000191999999998,True,0.7054912577578806
f67ff2849.jpg,11.000064,0.7,8.000191999999998,True,0.7134541972657373
f67ff2849.jpg,11.000064,0.8,9.000191999999998,True,0.7146452620153594
f67ff2849.jpg,11.000064,0.9,10.000191999999998,True,0.7609738306829675
f67ff2849.jpg,11.000064,1.0,11.000064000000009,True,0.8153113749128265
471789c33.jpg,26.999808,0.2,3.000128000000018,False,0.0
471789c33.jpg,26.999808,0.3,5.000128000000018,False,0.0
471789c33.jpg,26.999808,0.4,7.000128000000018,False,0.0
471789c33.jpg,26.999808,0.5,8.000128000000018,False,0.0
471789c33.jpg,26.999808,0.6,10.000128000000018,False,0.0
471789c33.jpg,26.999808,0.7,12.000128000000018,True,0.7689776117372205
471789c33.jpg,26.999808,0.8,14.000128000000018,True,0.8214737100029427
471789c33.jpg,26.999808,0.9,15.000128000000018,True,0.7661105208127764
471789c33.jpg,26.999808,1.0,16.9996799999999,True,0.7807185239224335
4c792b511.jpg,156.999936,0.2,31.00019199999997,True,0.8704997331367601
4c792b511.jpg,156.999936,0.3,47.00019199999997,True,0.8129134145325588
4c792b511.jpg,156.999936,0.4,63.00019199999997,True,0.8728996186862503
4c792b511.jpg,156.999936,0.5,78.00019199999997,True,0.8774198279078422
4c792b511.jpg,156.999936,0.6,94.00019199999997,True,0.9245837987119045
4c792b511.jpg,156.999936,0.7,110.00019199999997,True,0.8303852335649381
4c792b511.jpg,156.999936,0.8,126.00019199999997,True,0.9379666148016863
4c792b511.jpg,156.999936,0.9,141.00019199999997,True,0.9113528074388336
4c792b511.jpg,156.999936,1.0,156.99993599999993,True,0.8984885225001911
f2ec0fb5d.jpg,36.999936,0.2,6.999680000000012,False,0.0
f2ec0fb5d.jpg,36.999936,0.3,10.999680000000012,False,0.0
f2ec0fb5d.jpg,36.999936,0.4,14.999680000000012,False,0.0
f2ec0fb5d.jpg,36.999936,0.5,18.999680000000012,False,0.0
f2ec0fb5d.jpg,36.999936,0.6,21.999680000000012,False,0.0
f2ec0fb5d.jpg,36.999936,0.7,25.999680000000012,False,0.0
f2ec0fb5d.jpg,36.999936,0.8,29.999680000000012,False,0.0
f2ec0fb5d.jpg,36.999936,0.9,32.99968000000001,False,0.0
f2ec0fb5d.jpg,36.999936,1.0,36.99968000000001,False,0.22490960344633926
5fb258778.jpg,16.999679999999998,0.2,1.9998080000000016,False,0.0
5fb258778.jpg,16.999679999999998,0.3,2.9998080000000016,False,0.0
5fb258778.jpg,16.999679999999998,0.4,3.9998080000000016,False,0.0
5fb258778.jpg,16.999679999999998,0.5,5.999808000000002,True,0.7636351681174782
5fb258778.jpg,16.999679999999998,0.6,6.999808000000002,True,0.7944059536917365
5fb258778.jpg,16.999679999999998,0.7,7.999808000000002,True,0.8106797945818505
5fb258778.jpg,16.999679999999998,0.8,8.999808000000002,True,0.8296941309636834
5fb258778.jpg,16.999679999999998,0.9,9.999808000000002,True,0.8529028924812416
5fb258778.jpg,16.999679999999998,1.0,10.999808000000002,True,0.8757564623252101
1923f24c9.jpg,24.0,0.2,3.999935999999934,False,0.0
1923f24c9.jpg,24.0,0.3,5.999935999999934,False,0.0
1923f24c9.jpg,24.0,0.4,7.999935999999934,False,0.0
1923f24c9.jpg,24.0,0.5,10.999935999999934,False,0.0
1923f24c9.jpg,24.0,0.6,12.999935999999934,True,0.7746098033795472
1923f24c9.jpg,24.0,0.7,14.999935999999934,True,0.7305961128735197
1923f24c9.jpg,24.0,0.8,16.999935999999934,True,0.7947777456976307
1923f24c9.jpg,24.0,0.9,18.999935999999934,True,0.744902249428868
1923f24c9.jpg,24.0,1.0,20.999935999999934,True,0.7138843243366924
177b90121.jpg,55.00032,0.2,11.000192000000027,False,0.0
177b90121.jpg,55.00032,0.3,16.000192000000027,False,0.0
177b90121.jpg,55.00032,0.4,22.000192000000027,True,0.7323512017187549
177b90121.jpg,55.00032,0.5,27.000192000000027,False,0.0
177b90121.jpg,55.00032,0.6,33.00019200000003,False,0.4494694515740009
177b90121.jpg,55.00032,0.7,39.00019200000003,False,0.0
177b90121.jpg,55.00032,0.8,44.00019200000003,True,0.8575375805918245
177b90121.jpg,55.00032,0.9,50.00019200000003,True,0.8607771364562437
177b90121.jpg,55.00032,1.0,55.00019200000003,True,0.8194535052818719
b1cefe448.jpg,104.00025600000001,0.2,21.000448000000006,False,0.0
b1cefe448.jpg,104.00025600000001,0.3,31.000448000000006,True,0.7149171564923493
b1cefe448.jpg,104.00025600000001,0.4,42.000448000000006,False,0.493266118814327
b1cefe448.jpg,104.00025600000001,0.5,52.000448000000006,True,0.5761210553280367
b1cefe448.jpg,104.00025600000001,0.6,62.000448000000006,True,0.8129668146426082
b1cefe448.jpg,104.00025600000001,0.7,73.000448,True,0.8346513786834763
b1cefe448.jpg,104.00025600000001,0.8,83.000448,True,0.8850984162129241
b1cefe448.jpg,104.00025600000001,0.9,94.000448,True,0.9749363894279224
b1cefe448.jpg,104.00025600000001,1.0,104.00025600000004,True,0.9512453167203253
325503718.jpg,139.00032000000002,0.2,28.00044800000012,True,0.7285239351863271
325503718.jpg,139.00032000000002,0.3,42.00044800000012,True,0.5738642931292102
325503718.jpg,139.00032000000002,0.4,56.00044800000012,True,0.5401766870117679
325503718.jpg,139.00032000000002,0.5,69.00044800000012,True,0.711786924090593
325503718.jpg,139.00032000000002,0.6,83.00044800000012,True,0.6151088840828571
325503718.jpg,139.00032000000002,0.7,97.00044800000012,True,0.76506878850943
325503718.jpg,139.00032000000002,0.8,111.00044800000012,True,0.7121629795427156
325503718.jpg,139.00032000000002,0.9,125.00044800000012,True,0.9144725915287267
325503718.jpg,139.00032000000002,1.0,139.0003200000001,True,0.9770581174629942
03ed3a56b.jpg,42.000384,0.2,8.000000000000028,False,0.0
03ed3a56b.jpg,42.000384,0.3,13.000000000000028,False,0.0
03ed3a56b.jpg,42.000384,0.4,17.00000000000003,False,0.0
03ed3a56b.jpg,42.000384,0.5,21.00000000000003,True,0.8581508605012433
03ed3a56b.jpg,42.000384,0.6,25.00000000000003,False,0.0
03ed3a56b.jpg,42.000384,0.7,29.00000000000003,False,0.0
03ed3a56b.jpg,42.000384,0.8,34.00000000000003,False,0.0
03ed3a56b.jpg,42.000384,0.9,38.00000000000003,True,0.8875317138130973
03ed3a56b.jpg,42.000384,1.0,42.00000000000003,True,0.9404242203278985
188b06cf8.jpg,72.0,0.2,14.000192000000027,False,0.0
188b06cf8.jpg,72.0,0.3,22.000192000000027,False,0.0
188b06cf8.jpg,72.0,0.4,29.000192000000027,True,0.5550216604224442
188b06cf8.jpg,72.0,0.5,36.00019200000003,True,0.6206478145530808
188b06cf8.jpg,72.0,0.6,43.00019200000003,True,0.7679269974410704
188b06cf8.jpg,72.0,0.7,50.00019200000003,True,0.8869422264638966
188b06cf8.jpg,72.0,0.8,58.00019200000003,True,0.8673327829180579
188b06cf8.jpg,72.0,0.9,65.00019200000003,True,0.8870436011716893
188b06cf8.jpg,72.0,1.0,72.0,True,0.8653197131395616
21f54d20d.jpg,94.000128,0.2,18.000000000000057,False,0.0
21f54d20d.jpg,94.000128,0.3,27.000000000000057,False,0.0
21f54d20d.jpg,94.000128,0.4,36.00000000000006,True,0.8497411845745112
21f54d20d.jpg,94.000128,0.5,44.00000000000006,True,0.6164412232171981
21f54d20d.jpg,94.000128,0.6,53.00000000000006,True,0.7243986205622007
21f54d20d.jpg,94.000128,0.7,62.00000000000006,True,0.9758119610691527
21f54d20d.jpg,94.000128,0.8,71.00000000000006,True,0.9054814111357886
21f54d20d.jpg,94.000128,0.9,80.00000000000006,True,0.9539438090381119
21f54d20d.jpg,94.000128,1.0,88.99967999999996,True,0.9303410540112399
2565c26d9.jpg,82.000128,0.2,16.00006400000001,False,0.0
2565c26d9.jpg,82.000128,0.3,25.00006400000001,False,0.0
2565c26d9.jpg,82.000128,0.4,33.00006400000001,False,0.0
2565c26d9.jpg,82.000128,0.5,41.00006400000001,False,0.0
2565c26d9.jpg,82.000128,0.6,49.00006400000001,False,0.0
2565c26d9.jpg,82.000128,0.7,57.00006400000001,False,0.0
2565c26d9.jpg,82.000128,0.8,66.00006400000001,False,0.0
2565c26d9.jpg,82.000128,0.9,74.00006400000001,False,0.0
2565c26d9.jpg,82.000128,1.0,82.00006400000001,False,0.0
28d73ba1c.jpg,21.000192,0.2,4.000063999999952,False,0.0
28d73ba1c.jpg,21.000192,0.3,6.000063999999952,False,0.0
28d73ba1c.jpg,21.000192,0.4,8.000063999999952,False,0.0
28d73ba1c.jpg,21.000192,0.5,11.000063999999952,True,0.6241616534112672
28d73ba1c.jpg,21.000192,0.6,13.000063999999952,True,0.6243930963583247
28d73ba1c.jpg,21.000192,0.7,15.000063999999952,True,0.8061059444696929
28d73ba1c.jpg,21.000192,0.8,17.000063999999952,True,0.7941968703587431
28d73ba1c.jpg,21.000192,0.9,19.000063999999952,True,0.8212768211648298
28d73ba1c.jpg,21.000192,1.0,21.000063999999952,True,0.8077409389478776
083c79cf2.jpg,14.999808,0.2,2.9995519999999942,False,0.0
083c79cf2.jpg,14.999808,0.3,4.999551999999994,False,0.0
083c79cf2.jpg,14.999808,0.4,5.999551999999994,False,0.0
083c79cf2.jpg,14.999808,0.5,7.999551999999994,False,0.0
083c79cf2.jpg,14.999808,0.6,8.999551999999994,False,0.0
083c79cf2.jpg,14.999808,0.7,10.999551999999994,True,0.6801814717848332
083c79cf2.jpg,14.999808,0.8,11.999551999999994,True,0.6972380951803874
083c79cf2.jpg,14.999808,0.9,13.999551999999994,True,0.7952929709803838
083c79cf2.jpg,14.999808,1.0,14.999551999999994,True,0.7993723672371353
8b6b01699.jpg,170.999808,0.2,33.99968000000001,True,0.5148098512284234
8b6b01699.jpg,170.999808,0.3,50.99968000000001,True,0.6690667988497774
8b6b01699.jpg,170.999808,0.4,67.99968000000001,True,0.6741692586451793
8b6b01699.jpg,170.999808,0.5,85.99968000000001,True,0.7538568471109389
8b6b01699.jpg,170.999808,0.6,102.99968000000001,True,0.7983702086386267
8b6b01699.jpg,170.999808,0.7,119.99968000000001,True,0.8256195783774256
8b6b01699.jpg,170.999808,0.8,136.99968,True,0.927669404129598
8b6b01699.jpg,170.999808,0.9,153.99968,True,0.9252631331746858
8b6b01699.jpg,170.999808,1.0,170.99968,True,0.9451183710673974
bb312942d.jpg,184.99967999999998,0.2,14.99987200000001,False,0.0
bb312942d.jpg,184.99967999999998,0.3,21.99987200000001,True,0.7581066732604373
bb312942d.jpg,184.99967999999998,0.4,28.99987200000001,True,0.6780657396721119
bb312942d.jpg,184.99967999999998,0.5,36.99987200000001,True,0.7746042706675096
bb312942d.jpg,184.99967999999998,0.6,43.99987200000001,True,0.8138835660517565
bb312942d.jpg,184.99967999999998,0.7,50.99987200000001,True,0.9244091222560028
bb312942d.jpg,184.99967999999998,0.8,57.99987200000001,True,0.9488234158177603
bb312942d.jpg,184.99967999999998,0.9,65.99987200000001,True,0.9535769637438573
bb312942d.jpg,184.99967999999998,1.0,72.99987200000001,True,0.9077365748681622
ec221fcdf.jpg,129.000192,0.2,25.999807999999916,False,0.0
ec221fcdf.jpg,129.000192,0.3,38.999807999999916,False,0.0
ec221fcdf.jpg,129.000192,0.4,51.999807999999916,True,0.5804018402007465
ec221fcdf.jpg,129.000192,0.5,64.99980799999992,True,0.6726030258583132
ec221fcdf.jpg,129.000192,0.6,76.99980799999992,True,0.6043083621460765
ec221fcdf.jpg,129.000192,0.7,89.99980799999992,True,0.8214331298569906
ec221fcdf.jpg,129.000192,0.8,102.99980799999992,True,0.7298574848123851
ec221fcdf.jpg,129.000192,0.9,115.99980799999992,True,0.8492675460456472
ec221fcdf.jpg,129.000192,1.0,128.99980799999992,True,0.886254310306464
963a81be4.jpg,68.000256,0.2,13.999744000000078,False,0.0
963a81be4.jpg,68.000256,0.3,19.999744000000078,False,0.23906965423182314
963a81be4.jpg,68.000256,0.4,26.999744000000078,False,0.0
963a81be4.jpg,68.000256,0.5,33.99974400000008,True,0.6708799885742432
963a81be4.jpg,68.000256,0.6,40.99974400000008,True,0.8584109626874312
963a81be4.jpg,68.000256,0.7,47.99974400000008,True,0.92778946684554
963a81be4.jpg,68.000256,0.8,53.99974400000008,True,0.8449162401400013
963a81be4.jpg,68.000256,0.9,60.99974400000008,True,0.8723490653939551
963a81be4.jpg,68.000256,1.0,67.99974400000008,True,0.8607226929537694
b36839a32.jpg,12.0,0.2,1.99980800000003,False,0.0
b36839a32.jpg,12.0,0.3,3.99980800000003,False,0.0
b36839a32.jpg,12.0,0.4,4.99980800000003,False,0.0
b36839a32.jpg,12.0,0.5,5.99980800000003,False,0.0
b36839a32.jpg,12.0,0.6,6.99980800000003,False,0.0
b36839a32.jpg,12.0,0.7,7.99980800000003,False,0.0
b36839a32.jpg,12.0,0.8,9.99980800000003,False,0.0
b36839a32.jpg,12.0,0.9,10.99980800000003,False,0.0
b36839a32.jpg,12.0,1.0,11.99980800000003,False,0.0
4ed28e415.jpg,12.999936000000002,0.2,1.9998079999999163,False,0.0
4ed28e415.jpg,12.999936000000002,0.3,2.9998079999999163,False,0.0
4ed28e415.jpg,12.999936000000002,0.4,3.9998079999999163,False,0.0
4ed28e415.jpg,12.999936000000002,0.5,4.999807999999916,False,0.0
4ed28e415.jpg,12.999936000000002,0.6,4.999807999999916,False,0.0
4ed28e415.jpg,12.999936000000002,0.7,5.999807999999916,False,0.0
4ed28e415.jpg,12.999936000000002,0.8,6.999807999999916,False,0.0
4ed28e415.jpg,12.999936000000002,0.9,7.999807999999916,False,0.0
4ed28e415.jpg,12.999936000000002,1.0,8.999807999999916,False,0.0
209631ac6.jpg,88.99968,0.2,17.999935999999934,False,0.0
209631ac6.jpg,88.99968,0.3,26.999935999999934,False,0.4004809868599767
209631ac6.jpg,88.99968,0.4,35.999935999999934,False,0.476075492343405
209631ac6.jpg,88.99968,0.5,43.999935999999934,False,0.47189327426134864
209631ac6.jpg,88.99968,0.6,52.999935999999934,True,0.8506910332676202
209631ac6.jpg,88.99968,0.7,61.999935999999934,True,0.7052437458707773
209631ac6.jpg,88.99968,0.8,70.99993599999993,True,0.8177451420255683
209631ac6.jpg,88.99968,0.9,79.99993599999993,True,0.8766724294373638
209631ac6.jpg,88.99968,1.0,88.9996799999999,True,0.9649894244504024
e6ccabbcf.jpg,241.99987199999998,0.2,23.99961600000006,False,0.0
e6ccabbcf.jpg,241.99987199999998,0.3,36.99961600000006,False,0.43372376583035266
e6ccabbcf.jpg,241.99987199999998,0.4,48.99961600000006,True,0.7743179870572574
e6ccabbcf.jpg,241.99987199999998,0.5,60.99961600000006,True,0.7531315431371401
e6ccabbcf.jpg,241.99987199999998,0.6,72.99961600000006,True,0.801301311125777
e6ccabbcf.jpg,241.99987199999998,0.7,84.99961600000006,True,0.9605898530735211
e6ccabbcf.jpg,241.99987199999998,0.8,97.99961600000006,True,0.9352891499990014
e6ccabbcf.jpg,241.99987199999998,0.9,109.99961600000006,True,0.9575554714346359
e6ccabbcf.jpg,241.99987199999998,1.0,121.99961600000006,True,0.9247656170143705
6f91abac0.jpg,263.00006399999995,0.2,52.99974399999991,False,0.0
6f91abac0.jpg,263.00006399999995,0.3,78.99974399999991,False,0.0
6f91abac0.jpg,263.00006399999995,0.4,104.99974399999991,False,0.4217042084601348
6f91abac0.jpg,263.00006399999995,0.5,131.9997439999999,True,0.544045479337874
6f91abac0.jpg,263.00006399999995,0.6,157.9997439999999,True,0.6809411729599336
6f91abac0.jpg,263.00006399999995,0.7,183.9997439999999,True,0.8630822835472437
6f91abac0.jpg,263.00006399999995,0.8,209.9997439999999,True,0.8456080074373845
6f91abac0.jpg,263.00006399999995,0.9,236.9997439999999,True,0.8542737753801897
6f91abac0.jpg,263.00006399999995,1.0,262.9997439999999,True,0.867322297151471
ef14c47a3.jpg,12.0,0.2,2.000127999999904,False,0.0
ef14c47a3.jpg,12.0,0.3,4.000127999999904,False,0.0
ef14c47a3.jpg,12.0,0.4,5.000127999999904,False,0.0
ef14c47a3.jpg,12.0,0.5,6.000127999999904,False,0.0
ef14c47a3.jpg,12.0,0.6,7.000127999999904,False,0.0
ef14c47a3.jpg,12.0,0.7,8.000127999999904,False,0.0
ef14c47a3.jpg,12.0,0.8,10.000127999999904,False,0.0
ef14c47a3.jpg,12.0,0.9,11.000127999999904,False,0.0
ef14c47a3.jpg,12.0,1.0,12.0,False,0.0
d49f98f25.jpg,51.99974400000001,0.2,8.99987200000001,False,0.0
d49f98f25.jpg,51.99974400000001,0.3,13.99987200000001,True,0.7012468046315976
d49f98f25.jpg,51.99974400000001,0.4,18.99987200000001,False,0.4286141519206279
d49f98f25.jpg,51.99974400000001,0.5,23.99987200000001,True,0.7645083384687584
d49f98f25.jpg,51.99974400000001,0.6,27.99987200000001,True,0.9225179804209911
d49f98f25.jpg,51.99974400000001,0.7,32.99987200000001,True,0.8277476453464165
d49f98f25.jpg,51.99974400000001,0.8,37.99987200000001,True,0.8192330634017795
d49f98f25.jpg,51.99974400000001,0.9,41.99987200000001,True,0.9247919574421274
d49f98f25.jpg,51.99974400000001,1.0,46.99987200000001,True,0.9208888839845042
357e14a4e.jpg,38.999808,0.2,8.000064000000066,False,0.0
357e14a4e.jpg,38.999808,0.3,12.000064000000066,False,0.0
357e14a4e.jpg,38.999808,0.4,16.000064000000066,False,0.0
357e14a4e.jpg,38.999808,0.5,19.000064000000066,True,0.6347122828284202
357e14a4e.jpg,38.999808,0.6,23.000064000000066,True,0.6461224229047559
357e14a4e.jpg,38.999808,0.7,27.000064000000066,True,0.7734670399467769
357e14a4e.jpg,38.999808,0.8,31.000064000000066,True,0.8218076381555044
357e14a4e.jpg,38.999808,0.9,35.000064000000066,True,0.7768468999743399
357e14a4e.jpg,38.999808,1.0,38.99980800000003,True,0.7349479288523163
b8e6e815a.jpg,16.999679999999998,0.2,3.000128000000018,False,0.0
b8e6e815a.jpg,16.999679999999998,0.3,4.000128000000018,False,0.0
b8e6e815a.jpg,16.999679999999998,0.4,5.000128000000018,False,0.0
b8e6e815a.jpg,16.999679999999998,0.5,6.000128000000018,False,0.0
b8e6e815a.jpg,16.999679999999998,0.6,8.000128000000018,False,0.0
b8e6e815a.jpg,16.999679999999998,0.7,9.000128000000018,False,0.0
b8e6e815a.jpg,16.999679999999998,0.8,10.000128000000018,False,0.0
b8e6e815a.jpg,16.999679999999998,0.9,12.000128000000018,False,0.0
b8e6e815a.jpg,16.999679999999998,1.0,12.999936000000048,False,0.0
1d3fdbd3a.jpg,261.00019199999997,0.2,51.999743999999964,True,0.6436931267645307
1d3fdbd3a.jpg,261.00019199999997,0.3,77.99974399999996,False,0.0
1d3fdbd3a.jpg,261.00019199999997,0.4,103.99974399999996,True,0.8457915897241274
1d3fdbd3a.jpg,261.00019199999997,0.5,130.99974399999996,True,0.7747512793649981
1d3fdbd3a.jpg,261.00019199999997,0.6,156.99974399999996,True,0.8693559870401197
1d3fdbd3a.jpg,261.00019199999997,0.7,182.99974399999996,True,0.9076081641714167
1d3fdbd3a.jpg,261.00019199999997,0.8,208.99974399999996,True,0.9222542440143167
1d3fdbd3a.jpg,261.00019199999997,0.9,234.99974399999996,True,0.9399335359898233
1d3fdbd3a.jpg,261.00019199999997,1.0,260.99974399999996,True,0.9343728562418305
efb8ee13a.jpg,166.00012800000002,0.2,32.99987200000001,False,0.42182962078306135
efb8ee13a.jpg,166.00012800000002,0.3,49.99987200000001,True,0.7573941740925368
efb8ee13a.jpg,166.00012800000002,0.4,65.99987200000001,True,0.7521772676613534
efb8ee13a.jpg,166.00012800000002,0.5,82.99987200000001,True,0.9890608055246849
efb8ee13a.jpg,166.00012800000002,0.6,99.99987200000001,True,0.889586916783207
efb8ee13a.jpg,166.00012800000002,0.7,115.99987200000001,True,0.9664197143346879
efb8ee13a.jpg,166.00012800000002,0.8,132.999872,True,0.9424271957661638
efb8ee13a.jpg,166.00012800000002,0.9,148.999872,True,0.9287604695804488
efb8ee13a.jpg,166.00012800000002,1.0,165.999872,True,0.9422856117267092
81cea10bd.jpg,14.999808,0.2,2.9998080000000016,False,0.0005308581201514939
81cea10bd.jpg,14.999808,0.3,3.9998080000000016,False,0.0007987464609723991
81cea10bd.jpg,14.999808,0.4,4.999808000000002,False,0.0012106407906701453
81cea10bd.jpg,14.999808,0.5,6.999808000000002,False,0.0014209889146059123
81cea10bd.jpg,14.999808,0.6,7.999808000000002,False,0.0016368876892240126
81cea10bd.jpg,14.999808,0.7,8.999808000000002,False,0.0018046130696564421
81cea10bd.jpg,14.999808,0.8,9.999808000000002,False,0.0018679728504927343
81cea10bd.jpg,14.999808,0.9,11.999808000000002,False,0.0024784349574483496
81cea10bd.jpg,14.999808,1.0,12.999808000000002,False,0.0032411271820807167
3b2d4bd02.jpg,23.000064,0.2,5.000384000000054,False,0.0
3b2d4bd02.jpg,23.000064,0.3,7.000384000000054,False,0.0
3b2d4bd02.jpg,23.000064,0.4,9.000384000000054,False,0.0
3b2d4bd02.jpg,23.000064,0.5,11.000384000000054,True,0.5643926439007912
3b2d4bd02.jpg,23.000064,0.6,14.000384000000054,True,0.6358081281026413
3b2d4bd02.jpg,23.000064,0.7,16.000384000000054,True,0.6937005065112668
3b2d4bd02.jpg,23.000064,0.8,18.000384000000054,True,0.707042420932092
3b2d4bd02.jpg,23.000064,0.9,21.000384000000054,True,0.7811340367747922
3b2d4bd02.jpg,23.000064,1.0,23.000064000000066,True,0.7340868068274209
fac263d5d.jpg,190.00012800000002,0.2,38.00038399999994,False,0.26079167214363763
fac263d5d.jpg,190.00012800000002,0.3,57.00038399999994,False,0.40967198671986177
fac263d5d.jpg,190.00012800000002,0.4,76.00038399999994,True,0.6246642145403766
fac263d5d.jpg,190.00012800000002,0.5,95.00038399999994,True,0.5937784691600257
fac263d5d.jpg,190.00012800000002,0.6,114.00038399999994,True,0.7768257622901125
fac263d5d.jpg,190.00012800000002,0.7,133.00038399999994,True,0.7446598269613836
fac263d5d.jpg,190.00012800000002,0.8,152.00038399999994,True,0.8335860873878177
fac263d5d.jpg,190.00012800000002,0.9,171.00038399999994,True,0.918554985361481
fac263d5d.jpg,190.00012800000002,1.0,190.0001279999999,True,0.9302835646006318
a81865333.jpg,46.000128,0.2,9.000256000000036,True,0.5356852542790186
a81865333.jpg,46.000128,0.3,14.000256000000036,False,0.0
a81865333.jpg,46.000128,0.4,18.000256000000036,True,0.8154531616140973
a81865333.jpg,46.000128,0.5,23.000256000000036,True,0.9175670770974891
a81865333.jpg,46.000128,0.6,28.000256000000036,True,0.6744044699342724
a81865333.jpg,46.000128,0.7,32.000256000000036,False,0.24622732730813368
a81865333.jpg,46.000128,0.8,37.000256000000036,True,0.9054932959893789
a81865333.jpg,46.000128,0.9,41.000256000000036,True,0.8280473134940843
a81865333.jpg,46.000128,1.0,46.00012800000002,True,0.7270962661960068
ca621f70c.jpg,160.99967999999998,0.2,31.99993599999999,False,0.4565904772400604
ca621f70c.jpg,160.99967999999998,0.3,47.99993599999999,True,0.8262249654175418
ca621f70c.jpg,160.99967999999998,0.4,63.99993599999999,True,0.7970097189386712
ca621f70c.jpg,160.99967999999998,0.5,79.99993599999999,True,0.8545638217519571
ca621f70c.jpg,160.99967999999998,0.6,96.99993599999999,True,0.8781924064100206
ca621f70c.jpg,160.99967999999998,0.7,112.99993599999999,True,0.9072658363410848
ca621f70c.jpg,160.99967999999998,0.8,128.999936,True,0.9055603132316117
ca621f70c.jpg,160.99967999999998,0.9,144.999936,True,0.9590387917008438
ca621f70c.jpg,160.99967999999998,1.0,160.99968,True,0.9439050083646182
da5e01c72.jpg,183.999744,0.2,25.000191999999984,False,0.0
da5e01c72.jpg,183.999744,0.3,37.000191999999984,False,0.0
da5e01c72.jpg,183.999744,0.4,50.000191999999984,True,0.6688861005182908
da5e01c72.jpg,183.999744,0.5,62.000191999999984,True,0.668221076707344
da5e01c72.jpg,183.999744,0.6,75.00019199999998,True,0.923523649111323
da5e01c72.jpg,183.999744,0.7,87.00019199999998,True,0.7907305999345063
da5e01c72.jpg,183.999744,0.8,100.00019199999998,True,0.8765167185406642
da5e01c72.jpg,183.999744,0.9,112.00019199999998,True,0.8908565089530605
da5e01c72.jpg,183.999744,1.0,124.99967999999997,True,0.8940172212653047
d74430258.jpg,9.000192,0.2,2.000256000000036,False,0.0
d74430258.jpg,9.000192,0.3,3.000256000000036,False,0.0
d74430258.jpg,9.000192,0.4,4.000256000000036,False,0.0
d74430258.jpg,9.000192,0.5,4.000256000000036,False,0.0
d74430258.jpg,9.000192,0.6,5.000256000000036,False,0.0
d74430258.jpg,9.000192,0.7,6.000256000000036,False,0.0
d74430258.jpg,9.000192,0.8,7.000256000000036,False,0.0
d74430258.jpg,9.000192,0.9,8.000256000000036,False,0.0
d74430258.jpg,9.000192,1.0,9.00019199999997,False,0.0
d7bc33409.jpg,182.999808,0.2,36.999743999999964,False,0.0
d7bc33409.jpg,182.999808,0.3,54.999743999999964,False,0.0
d7bc33409.jpg,182.999808,0.4,72.99974399999996,True,0.8408034746427256
d7bc33409.jpg,182.999808,0.5,91.99974399999996,True,0.7085201811459668
d7bc33409.jpg,182.999808,0.6,109.99974399999996,True,0.8982969962746351
d7bc33409.jpg,182.999808,0.7,127.99974399999996,True,0.8393166131988932
d7bc33409.jpg,182.999808,0.8,145.99974399999996,True,0.9120822458997149
d7bc33409.jpg,182.999808,0.9,164.99974399999996,True,0.9424405415855603
d7bc33409.jpg,182.999808,1.0,182.99974399999996,True,0.9369578776433065
7fff75831.jpg,12.999936000000002,0.2,2.9996159999999463,False,0.0
7fff75831.jpg,12.999936000000002,0.3,3.9996159999999463,False,0.0
7fff75831.jpg,12.999936000000002,0.4,4.999615999999946,False,0.0
7fff75831.jpg,12.999936000000002,0.5,6.999615999999946,False,0.0
7fff75831.jpg,12.999936000000002,0.6,7.999615999999946,False,0.0
7fff75831.jpg,12.999936000000002,0.7,8.999615999999946,False,0.0
7fff75831.jpg,12.999936000000002,0.8,9.999615999999946,False,0.0
7fff75831.jpg,12.999936000000002,0.9,11.999615999999946,True,0.5771039478022745
7fff75831.jpg,12.999936000000002,1.0,12.999615999999946,True,0.5827804970990289
fda9e0b01.jpg,14.999808,0.2,2.9999359999999626,False,0.0
fda9e0b01.jpg,14.999808,0.3,4.999935999999963,False,0.0
fda9e0b01.jpg,14.999808,0.4,5.999935999999963,False,0.0
fda9e0b01.jpg,14.999808,0.5,6.999935999999963,False,0.0
fda9e0b01.jpg,14.999808,0.6,8.999935999999963,False,0.0
fda9e0b01.jpg,14.999808,0.7,9.999935999999963,True,0.5530487216980563
fda9e0b01.jpg,14.999808,0.8,11.999935999999963,False,0.4521302380415964
fda9e0b01.jpg,14.999808,0.9,12.999935999999963,False,0.46112391796433294
fda9e0b01.jpg,14.999808,1.0,14.999807999999973,True,0.5853980208290367
baa66afec.jpg,32.000256,0.2,6.000128000000018,False,0.0
baa66afec.jpg,32.000256,0.3,10.000128000000018,False,0.0
baa66afec.jpg,32.000256,0.4,13.000128000000018,False,0.33664746420936414
baa66afec.jpg,32.000256,0.5,16.000128000000018,False,0.4379071157109549
baa66afec.jpg,32.000256,0.6,19.000128000000018,True,0.5890535083379114
baa66afec.jpg,32.000256,0.7,22.000128000000018,True,0.6488062515993256
baa66afec.jpg,32.000256,0.8,26.000128000000018,True,0.7427971937440122
baa66afec.jpg,32.000256,0.9,29.000128000000018,True,0.7816321929087066
baa66afec.jpg,32.000256,1.0,32.00012800000002,True,0.7734409586369979
dec41d40e.jpg,109.999872,0.2,22.000063999999952,False,0.4461100785457182
dec41d40e.jpg,109.999872,0.3,33.00006399999995,False,0.4765527032044647
dec41d40e.jpg,109.999872,0.4,44.00006399999995,False,0.0
dec41d40e.jpg,109.999872,0.5,55.00006399999995,True,0.8513614491664699
dec41d40e.jpg,109.999872,0.6,66.00006399999995,True,0.8424412451502965
dec41d40e.jpg,109.999872,0.7,77.00006399999995,True,0.9396925035125304
dec41d40e.jpg,109.999872,0.8,88.00006399999995,True,0.9155522243492421
dec41d40e.jpg,109.999872,0.9,99.00006399999995,True,0.9553345565390328
dec41d40e.jpg,109.999872,1.0,109.99987199999998,True,0.9157929394714558
9af77856d.jpg,47.000064,0.2,4.999743999999964,False,0.0
9af77856d.jpg,47.000064,0.3,6.999743999999964,False,0.0
9af77856d.jpg,47.000064,0.4,8.999743999999964,False,0.0
9af77856d.jpg,47.000064,0.5,11.999743999999964,False,0.0
9af77856d.jpg,47.000064,0.6,13.999743999999964,False,0.0
9af77856d.jpg,47.000064,0.7,15.999743999999964,True,0.6123899694943916
9af77856d.jpg,47.000064,0.8,17.999743999999964,True,0.5412604995318694
9af77856d.jpg,47.000064,0.9,20.999743999999964,True,0.5859363365862231
9af77856d.jpg,47.000064,1.0,22.999743999999964,True,0.5846544217169336
086307a36.jpg,10.000128,0.2,1.999680000000069,False,0.0
086307a36.jpg,10.000128,0.3,2.999680000000069,False,0.0
086307a36.jpg,10.000128,0.4,3.999680000000069,False,0.0
086307a36.jpg,10.000128,0.5,4.999680000000069,False,0.0
086307a36.jpg,10.000128,0.6,5.999680000000069,False,0.0
086307a36.jpg,10.000128,0.7,6.999680000000069,False,0.0
086307a36.jpg,10.000128,0.8,7.999680000000069,False,0.0
086307a36.jpg,10.000128,0.9,8.999680000000069,False,0.0
086307a36.jpg,10.000128,1.0,9.999680000000069,False,0.0
431a404fd.jpg,28.99968,0.2,4.999871999999982,False,0.0
431a404fd.jpg,28.99968,0.3,7.999871999999982,False,0.0
431a404fd.jpg,28.99968,0.4,9.999871999999982,False,0.0
431a404fd.jpg,28.99968,0.5,12.999871999999982,False,0.3231291043691576
431a404fd.jpg,28.99968,0.6,14.999871999999982,False,0.38319541160782744
431a404fd.jpg,28.99968,0.7,17.999871999999982,False,0.419449965512558
431a404fd.jpg,28.99968,0.8,19.999871999999982,False,0.3777650814932906
431a404fd.jpg,28.99968,0.9,22.999871999999982,False,0.41421643158271126
431a404fd.jpg,28.99968,1.0,24.999871999999982,False,0.46116148792432493
0f6f01e69.jpg,44.000256,0.2,8.99993600000002,False,0.0
0f6f01e69.jpg,44.000256,0.3,12.99993600000002,False,0.0
0f6f01e69.jpg,44.000256,0.4,17.99993600000002,False,0.0
0f6f01e69.jpg,44.000256,0.5,21.99993600000002,False,0.0
0f6f01e69.jpg,44.000256,0.6,25.99993600000002,False,0.0
0f6f01e69.jpg,44.000256,0.7,30.99993600000002,True,0.7070216330489163
0f6f01e69.jpg,44.000256,0.8,34.99993600000002,True,0.7189467831274321
0f6f01e69.jpg,44.000256,0.9,39.99993600000002,True,0.9415562258341595
0f6f01e69.jpg,44.000256,1.0,43.99993600000002,True,0.9242176623058105
72a362af2.jpg,19.000320000000002,0.2,4.000320000000102,False,0.0
72a362af2.jpg,19.000320000000002,0.3,6.000320000000102,False,0.0
72a362af2.jpg,19.000320000000002,0.4,8.000320000000102,False,0.0
72a362af2.jpg,19.000320000000002,0.5,9.000320000000102,False,0.0
72a362af2.jpg,19.000320000000002,0.6,11.000320000000102,False,0.0
72a362af2.jpg,19.000320000000002,0.7,13.000320000000102,False,0.0
72a362af2.jpg,19.000320000000002,0.8,15.000320000000102,False,0.0
72a362af2.jpg,19.000320000000002,0.9,17.0003200000001,False,0.0
72a362af2.jpg,19.000320000000002,1.0,19.0003200000001,False,0.0
1117dbd46.jpg,12.999936000000002,0.2,2.00019199999997,False,0.0
1117dbd46.jpg,12.999936000000002,0.3,4.00019199999997,False,0.0
1117dbd46.jpg,12.999936000000002,0.4,5.00019199999997,False,0.0
1117dbd46.jpg,12.999936000000002,0.5,6.00019199999997,False,0.0
1117dbd46.jpg,12.999936000000002,0.6,7.00019199999997,True,0.6693133053616606
1117dbd46.jpg,12.999936000000002,0.7,8.00019199999997,True,0.7356303505578345
1117dbd46.jpg,12.999936000000002,0.8,10.00019199999997,True,0.6961590682578808
1117dbd46.jpg,12.999936000000002,0.9,11.00019199999997,True,0.7017776963756343
1117dbd46.jpg,12.999936000000002,1.0,12.0,True,0.6491509167124317
b02b1ce6a.jpg,90.000384,0.2,18.0,True,0.5393727269874309
b02b1ce6a.jpg,90.000384,0.3,27.0,True,0.7711297155042508
b02b1ce6a.jpg,90.000384,0.4,36.0,True,0.7968410652614027
b02b1ce6a.jpg,90.000384,0.5,45.0,True,0.8838559598357987
b02b1ce6a.jpg,90.000384,0.6,54.0,True,0.9094869878969473
b02b1ce6a.jpg,90.000384,0.7,63.0,True,0.9112777931181997
b02b1ce6a.jpg,90.000384,0.8,72.0,True,0.9430541644898406
b02b1ce6a.jpg,90.000384,0.9,81.0,True,0.962073691645565
b02b1ce6a.jpg,90.000384,1.0,90.0,True,0.9070895419221329
8feda0449.jpg,13.999872,0.2,3.000128000000018,False,0.0
8feda0449.jpg,13.999872,0.3,4.000128000000018,False,0.0
8feda0449.jpg,13.999872,0.4,6.000128000000018,False,0.0
8feda0449.jpg,13.999872,0.5,7.000128000000018,False,0.0
8feda0449.jpg,13.999872,0.6,8.000128000000018,False,0.0
8feda0449.jpg,13.999872,0.7,10.000128000000018,False,0.0
8feda0449.jpg,13.999872,0.8,11.000128000000018,True,0.5566331062663525
8feda0449.jpg,13.999872,0.9,13.000128000000018,True,0.6663855711781392
8feda0449.jpg,13.999872,1.0,13.999871999999982,True,0.6070788083917138
0710ef74f.jpg,80.000256,0.2,16.000448000000006,False,0.4693201948176174
0710ef74f.jpg,80.000256,0.3,24.000448000000006,True,0.6576900973414689
0710ef74f.jpg,80.000256,0.4,32.000448000000006,True,0.594218511921114
0710ef74f.jpg,80.000256,0.5,40.000448000000006,True,0.6905641000846154
0710ef74f.jpg,80.000256,0.6,48.000448000000006,True,0.7286777031101526
0710ef74f.jpg,80.000256,0.7,56.000448000000006,True,0.9407751937748647
0710ef74f.jpg,80.000256,0.8,64.000448,True,0.8783339524618283
0710ef74f.jpg,80.000256,0.9,72.000448,True,0.9059904823359026
0710ef74f.jpg,80.000256,1.0,80.00025600000004,True,0.9305457004992005
b2f3df87d.jpg,24.0,0.2,5.000320000000016,False,0.0
b2f3df87d.jpg,24.0,0.3,7.000320000000016,False,0.0
b2f3df87d.jpg,24.0,0.4,10.000320000000016,False,0.0
b2f3df87d.jpg,24.0,0.5,12.000320000000016,False,0.0
b2f3df87d.jpg,24.0,0.6,14.000320000000016,False,0.0
b2f3df87d.jpg,24.0,0.7,17.000320000000016,False,0.0
b2f3df87d.jpg,24.0,0.8,19.000320000000016,False,0.0
b2f3df87d.jpg,24.0,0.9,22.000320000000016,True,0.6614297451136357
b2f3df87d.jpg,24.0,1.0,24.0,False,0.0
d2e871f1c.jpg,265.999872,0.2,53.00012799999999,True,0.6123523766864029
d2e871f1c.jpg,265.999872,0.3,80.00012799999999,True,0.5995414132327936
d2e871f1c.jpg,265.999872,0.4,106.00012799999999,True,0.9023290515263908
d2e871f1c.jpg,265.999872,0.5,133.000128,True,0.9055256828922381
d2e871f1c.jpg,265.999872,0.6,160.000128,True,0.885248940829403
d2e871f1c.jpg,265.999872,0.7,186.000128,True,0.8966740086379644
d2e871f1c.jpg,265.999872,0.8,213.000128,True,0.9159233737351966
d2e871f1c.jpg,265.999872,0.9,239.000128,True,0.8958691237566113
d2e871f1c.jpg,265.999872,1.0,265.999872,True,0.867624737302845
a999e3657.jpg,118.000128,0.2,18.0003200000001,False,0.0
a999e3657.jpg,118.000128,0.3,27.0003200000001,True,0.7194647278457877
a999e3657.jpg,118.000128,0.4,36.0003200000001,True,0.5548664345477995
a999e3657.jpg,118.000128,0.5,45.0003200000001,True,0.5413923806865903
a999e3657.jpg,118.000128,0.6,55.0003200000001,True,0.7748418563722979
a999e3657.jpg,118.000128,0.7,64.0003200000001,True,0.8130673949715125
a999e3657.jpg,118.000128,0.8,73.0003200000001,True,0.817860748804039
a999e3657.jpg,118.000128,0.9,82.0003200000001,True,0.9648160187833921
a999e3657.jpg,118.000128,1.0,91.0003200000001,True,0.9692506043427682
e4b51fe24.jpg,75.999744,0.2,7.999935999999934,False,0.0
e4b51fe24.jpg,75.999744,0.3,11.999935999999934,False,0.0
e4b51fe24.jpg,75.999744,0.4,15.999935999999934,False,0.0
e4b51fe24.jpg,75.999744,0.5,19.999935999999934,False,0.0
e4b51fe24.jpg,75.999744,0.6,23.999935999999934,True,0.8437742444699795
e4b51fe24.jpg,75.999744,0.7,27.999935999999934,True,0.9612662026283404
e4b51fe24.jpg,75.999744,0.8,31.999935999999934,True,0.8822002976358015
e4b51fe24.jpg,75.999744,0.9,35.999935999999934,True,0.9371979038727002
e4b51fe24.jpg,75.999744,1.0,39.999743999999964,True,0.874624855077716
82a36ee8d.jpg,96.99993599999999,0.2,18.999935999999934,False,0.0
82a36ee8d.jpg,96.99993599999999,0.3,28.999935999999934,False,0.0
82a36ee8d.jpg,96.99993599999999,0.4,38.999935999999934,False,0.39829221895780076
82a36ee8d.jpg,96.99993599999999,0.5,48.999935999999934,False,0.4494947333407097
82a36ee8d.jpg,96.99993599999999,0.6,57.999935999999934,True,0.597493814452993
82a36ee8d.jpg,96.99993599999999,0.7,67.99993599999993,True,0.5605172163333716
82a36ee8d.jpg,96.99993599999999,0.8,77.99993599999993,True,0.6685771482564504
82a36ee8d.jpg,96.99993599999999,0.9,86.99993599999993,True,0.6595138870061735
82a36ee8d.jpg,96.99993599999999,1.0,96.99993599999993,True,0.8457127073807243
cb2f03a91.jpg,28.99968,0.2,5.999807999999916,False,0.0
cb2f03a91.jpg,28.99968,0.3,8.999807999999916,False,0.0
cb2f03a91.jpg,28.99968,0.4,11.999807999999916,False,0.0
cb2f03a91.jpg,28.99968,0.5,14.999807999999916,False,0.0
cb2f03a91.jpg,28.99968,0.6,16.999807999999916,False,0.0
cb2f03a91.jpg,28.99968,0.7,19.999807999999916,False,0.0
cb2f03a91.jpg,28.99968,0.8,22.999807999999916,False,0.0
cb2f03a91.jpg,28.99968,0.9,25.999807999999916,False,0.0
cb2f03a91.jpg,28.99968,1.0,28.9996799999999,False,0.0
9fb50479f.jpg,111.99974399999999,0.2,22.000128000000018,False,0.4767657149219311
9fb50479f.jpg,111.99974399999999,0.3,34.00012800000002,True,0.7695098239535932
9fb50479f.jpg,111.99974399999999,0.4,45.00012800000002,True,0.6353350893616362
9fb50479f.jpg,111.99974399999999,0.5,56.00012800000002,True,0.6562299662869052
9fb50479f.jpg,111.99974399999999,0.6,67.00012800000002,True,0.7600723151961759
9fb50479f.jpg,111.99974399999999,0.7,78.00012800000002,True,0.7502276243673828
9fb50479f.jpg,111.99974399999999,0.8,90.00012800000002,True,0.8232908163505974
9fb50479f.jpg,111.99974399999999,0.9,101.00012800000002,True,0.9547891801207559
9fb50479f.jpg,111.99974399999999,1.0,111.99974399999996,True,0.9225982022694109
3bea324fc.jpg,88.99968,0.2,18.000000000000057,False,0.0
3bea324fc.jpg,88.99968,0.3,27.000000000000057,True,0.6175343474304243
3bea324fc.jpg,88.99968,0.4,36.00000000000006,True,0.825712999768763
3bea324fc.jpg,88.99968,0.5,44.00000000000006,True,0.7430888211361678
3bea324fc.jpg,88.99968,0.6,53.00000000000006,True,0.7797069307533836
3bea324fc.jpg,88.99968,0.7,62.00000000000006,True,0.9621596381541284
3bea324fc.jpg,88.99968,0.8,71.00000000000006,True,0.9318492037257056
3bea324fc.jpg,88.99968,0.9,80.00000000000006,True,0.9568988122272742
3bea324fc.jpg,88.99968,1.0,88.99967999999996,True,0.925200075328311
bf861b8d7.jpg,79.00032,0.2,16.00044800000012,False,0.07979914895925089
bf861b8d7.jpg,79.00032,0.3,24.00044800000012,False,0.14947511959886567
bf861b8d7.jpg,79.00032,0.4,32.00044800000012,False,0.30763376219312943
bf861b8d7.jpg,79.00032,0.5,39.00044800000012,True,0.7266389988159033
bf861b8d7.jpg,79.00032,0.6,47.00044800000012,True,0.7061209996204567
bf861b8d7.jpg,79.00032,0.7,55.00044800000012,True,0.6461414028595648
bf861b8d7.jpg,79.00032,0.8,63.00044800000012,True,0.7016424599146928
bf861b8d7.jpg,79.00032,0.9,71.00044800000012,True,0.7587707512103612
bf861b8d7.jpg,79.00032,1.0,79.0003200000001,True,0.7111969277349781
bc8e96524.jpg,11.000064,0.2,2.0000000000001137,False,0.0
bc8e96524.jpg,11.000064,0.3,2.0000000000001137,False,0.0
bc8e96524.jpg,11.000064,0.4,3.0000000000001137,False,0.0
bc8e96524.jpg,11.000064,0.5,4.000000000000114,False,0.0
bc8e96524.jpg,11.000064,0.6,5.000000000000114,False,0.0
bc8e96524.jpg,11.000064,0.7,6.000000000000114,False,0.0
bc8e96524.jpg,11.000064,0.8,6.000000000000114,False,0.0
bc8e96524.jpg,11.000064,0.9,7.000000000000114,False,0.0
bc8e96524.jpg,11.000064,1.0,8.000000000000114,False,0.0
e8dbb8d28.jpg,9.000192,0.2,1.9999360000000053,False,0.0
e8dbb8d28.jpg,9.000192,0.3,2.9999360000000053,False,0.0
e8dbb8d28.jpg,9.000192,0.4,3.9999360000000053,False,0.0
e8dbb8d28.jpg,9.000192,0.5,4.999936000000005,False,0.0
e8dbb8d28.jpg,9.000192,0.6,4.999936000000005,False,0.0
e8dbb8d28.jpg,9.000192,0.7,5.999936000000005,False,0.0
e8dbb8d28.jpg,9.000192,0.8,6.999936000000005,False,0.0
e8dbb8d28.jpg,9.000192,0.9,7.999936000000005,False,0.0
e8dbb8d28.jpg,9.000192,1.0,8.999936000000005,False,0.0
40b66f998.jpg,38.999808,0.2,7.999871999999982,False,0.0
40b66f998.jpg,38.999808,0.3,11.999871999999982,True,0.5149840286298593
40b66f998.jpg,38.999808,0.4,15.999871999999982,True,0.5503667501968525
40b66f998.jpg,38.999808,0.5,19.999871999999982,True,0.6500110871509556
40b66f998.jpg,38.999808,0.6,22.999871999999982,False,0.4987610150848115
40b66f998.jpg,38.999808,0.7,26.999871999999982,True,0.6520678754565669
40b66f998.jpg,38.999808,0.8,30.999871999999982,False,0.0
40b66f998.jpg,38.999808,0.9,34.99987199999998,True,0.8084320835887435
40b66f998.jpg,38.999808,1.0,38.99980800000003,True,0.7247300121972403
c9c25b8a2.jpg,9.000192,0.2,2.000128000000018,False,0.0
c9c25b8a2.jpg,9.000192,0.3,2.000128000000018,False,0.0
c9c25b8a2.jpg,9.000192,0.4,3.000128000000018,False,0.0
c9c25b8a2.jpg,9.000192,0.5,4.000128000000018,False,0.0
c9c25b8a2.jpg,9.000192,0.6,5.000128000000018,False,0.0
c9c25b8a2.jpg,9.000192,0.7,6.000128000000018,False,0.0
c9c25b8a2.jpg,9.000192,0.8,6.000128000000018,False,0.0
c9c25b8a2.jpg,9.000192,0.9,7.000128000000018,True,0.7893928712662778
c9c25b8a2.jpg,9.000192,1.0,8.000128000000018,True,0.7853597136154983
8b56662dc.jpg,84.99993599999999,0.2,17.000128000000018,True,0.7435577558096982
8b56662dc.jpg,84.99993599999999,0.3,25.000128000000018,True,0.7060551101802284
8b56662dc.jpg,84.99993599999999,0.4,34.00012800000002,True,0.6621061240220912
8b56662dc.jpg,84.99993599999999,0.5,42.00012800000002,True,0.8253249704123549
8b56662dc.jpg,84.99993599999999,0.6,51.00012800000002,True,0.9257803287928712
8b56662dc.jpg,84.99993599999999,0.7,59.00012800000002,True,0.8751138283878688
8b56662dc.jpg,84.99993599999999,0.8,68.00012800000002,True,0.9286453454752178
8b56662dc.jpg,84.99993599999999,0.9,76.00012800000002,True,0.8418410143995989
8b56662dc.jpg,84.99993599999999,1.0,84.99993599999993,True,0.9009439234576726
1be2043f6.jpg,168.999936,0.2,34.00031999999999,False,0.0
1be2043f6.jpg,168.999936,0.3,51.00031999999999,False,0.0
1be2043f6.jpg,168.999936,0.4,68.00031999999999,True,0.5076583951129587
1be2043f6.jpg,168.999936,0.5,84.00031999999999,True,0.5643026548674238
1be2043f6.jpg,168.999936,0.6,101.00031999999999,True,0.6546907678868761
1be2043f6.jpg,168.999936,0.7,118.00031999999999,True,0.7472277363819964
1be2043f6.jpg,168.999936,0.8,135.00032,True,0.8303109176863329
1be2043f6.jpg,168.999936,0.9,152.00032,True,0.9480634896044163
1be2043f6.jpg,168.999936,1.0,168.99993599999993,True,0.9436082520347934
1b45008a3.jpg,108.99993599999999,0.2,22.000063999999952,False,0.0
1b45008a3.jpg,108.99993599999999,0.3,33.00006399999995,False,0.2812554652490249
1b45008a3.jpg,108.99993599999999,0.4,44.00006399999995,False,0.4462312916234709
1b45008a3.jpg,108.99993599999999,0.5,54.00006399999995,True,0.5935933259995507
1b45008a3.jpg,108.99993599999999,0.6,65.00006399999995,True,0.6780207519721924
1b45008a3.jpg,108.99993599999999,0.7,76.00006399999995,True,0.7473347022195342
1b45008a3.jpg,108.99993599999999,0.8,87.00006399999995,True,0.8162550154953995
1b45008a3.jpg,108.99993599999999,0.9,98.00006399999995,True,0.9027617512191
1b45008a3.jpg,108.99993599999999,1.0,108.99993599999993,True,0.9207444681815201
f7cae76b3.jpg,286.000128,0.2,14.000000000000114,False,0.0
f7cae76b3.jpg,286.000128,0.3,20.000000000000114,False,0.0
f7cae76b3.jpg,286.000128,0.4,27.000000000000114,False,0.0
f7cae76b3.jpg,286.000128,0.5,34.000000000000114,False,0.0
f7cae76b3.jpg,286.000128,0.6,41.000000000000114,False,0.0
f7cae76b3.jpg,286.000128,0.7,48.000000000000114,True,0.7371698628146417
f7cae76b3.jpg,286.000128,0.8,54.000000000000114,False,0.0
f7cae76b3.jpg,286.000128,0.9,61.000000000000114,True,0.905755438959369
f7cae76b3.jpg,286.000128,1.0,68.00000000000011,True,0.9101526266173522
e12065e8d.jpg,62.999808,0.2,12.999616000000003,False,0.0
e12065e8d.jpg,62.999808,0.3,18.999616000000003,False,0.0
e12065e8d.jpg,62.999808,0.4,24.999616000000003,True,0.5142886363544522
e12065e8d.jpg,62.999808,0.5,31.999616000000003,True,0.6075277583374195
e12065e8d.jpg,62.999808,0.6,37.999616,True,0.635381775151318
e12065e8d.jpg,62.999808,0.7,43.999616,True,0.8161158846757778
e12065e8d.jpg,62.999808,0.8,49.999616,True,0.9418003951594914
e12065e8d.jpg,62.999808,0.9,56.999616,True,0.9568204181345501
e12065e8d.jpg,62.999808,1.0,62.999616,True,0.9264584042963654
083a42e6d.jpg,19.000320000000002,0.2,4.000256000000036,False,0.0
083a42e6d.jpg,19.000320000000002,0.3,6.000256000000036,False,0.0
083a42e6d.jpg,19.000320000000002,0.4,8.000256000000036,False,0.0
083a42e6d.jpg,19.000320000000002,0.5,9.000256000000036,False,0.0
083a42e6d.jpg,19.000320000000002,0.6,11.000256000000036,False,0.0
083a42e6d.jpg,19.000320000000002,0.7,13.000256000000036,False,0.0
083a42e6d.jpg,19.000320000000002,0.8,15.000256000000036,False,0.0
083a42e6d.jpg,19.000320000000002,0.9,17.000256000000036,False,0.0
083a42e6d.jpg,19.000320000000002,1.0,19.000256000000036,False,0.0
c18b525e8.jpg,156.0,0.2,30.99961600000006,False,0.0
c18b525e8.jpg,156.0,0.3,46.99961600000006,False,0.4427142922766322
c18b525e8.jpg,156.0,0.4,61.99961600000006,False,0.42140829393129875
c18b525e8.jpg,156.0,0.5,77.99961600000006,True,0.5267192453381604
c18b525e8.jpg,156.0,0.6,93.99961600000006,True,0.7075793295395143
c18b525e8.jpg,156.0,0.7,108.99961600000006,True,0.827597069898366
c18b525e8.jpg,156.0,0.8,124.99961600000006,True,0.8904724452034376
c18b525e8.jpg,156.0,0.9,139.99961600000006,True,0.9182256132593211
c18b525e8.jpg,156.0,1.0,155.99961600000006,True,0.9469690692899478
c29c0c46b.jpg,143.000064,0.2,29.0,False,0.3976660179725198
c29c0c46b.jpg,143.000064,0.3,43.0,True,0.6682281664327534
c29c0c46b.jpg,143.000064,0.4,57.0,True,0.6131744894753841
c29c0c46b.jpg,143.000064,0.5,72.0,True,0.7584806622614442
c29c0c46b.jpg,143.000064,0.6,86.0,True,0.7023510076261593
c29c0c46b.jpg,143.000064,0.7,100.0,True,0.7515358342436824
c29c0c46b.jpg,143.000064,0.8,114.0,True,0.713966503155785
c29c0c46b.jpg,143.000064,0.9,129.0,True,0.8786301337921386
c29c0c46b.jpg,143.000064,1.0,143.0,True,0.8826411040047568
7e1957a39.jpg,193.99987199999998,0.2,37.00051199999996,False,0.0
7e1957a39.jpg,193.99987199999998,0.3,56.00051199999996,True,0.7099266947904554
7e1957a39.jpg,193.99987199999998,0.4,74.00051199999996,True,0.5933920741412462
7e1957a39.jpg,193.99987199999998,0.5,93.00051199999996,True,0.7688452265569036
7e1957a39.jpg,193.99987199999998,0.6,112.00051199999996,True,0.8220176636343826
7e1957a39.jpg,193.99987199999998,0.7,130.00051199999996,True,0.848786583665138
7e1957a39.jpg,193.99987199999998,0.8,149.00051199999996,True,0.9131178783230488
7e1957a39.jpg,193.99987199999998,0.9,167.00051199999996,True,0.9503315136838741
7e1957a39.jpg,193.99987199999998,1.0,186.00038399999994,True,0.9619680388156441
8acb482bd.jpg,154.00012800000002,0.2,30.99974400000002,False,0.0
8acb482bd.jpg,154.00012800000002,0.3,45.99974400000002,True,0.7067000985877709
8acb482bd.jpg,154.00012800000002,0.4,61.99974400000002,True,0.8910002388354198
8acb482bd.jpg,154.00012800000002,0.5,76.99974400000002,True,0.6941495174924218
8acb482bd.jpg,154.00012800000002,0.6,91.99974400000002,True,0.9054052149934562
8acb482bd.jpg,154.00012800000002,0.7,107.99974400000002,True,0.7731376058162704
8acb482bd.jpg,154.00012800000002,0.8,122.99974400000002,True,0.9467435084553377
8acb482bd.jpg,154.00012800000002,0.9,138.99974400000002,True,0.9418695973440238
8acb482bd.jpg,154.00012800000002,1.0,153.99974400000002,True,0.9672714889140424
eb2dc181b.jpg,130.00012800000002,0.2,24.999615999999946,False,0.0
eb2dc181b.jpg,130.00012800000002,0.3,36.999615999999946,False,0.0
eb2dc181b.jpg,130.00012800000002,0.4,49.999615999999946,True,0.8866134651870164
eb2dc181b.jpg,130.00012800000002,0.5,61.999615999999946,True,0.6066095441752892
eb2dc181b.jpg,130.00012800000002,0.6,73.99961599999995,True,0.7442690350606357
eb2dc181b.jpg,130.00012800000002,0.7,86.99961599999995,True,0.8703002503845845
eb2dc181b.jpg,130.00012800000002,0.8,98.99961599999995,True,0.9286210823201482
eb2dc181b.jpg,130.00012800000002,0.9,111.99961599999995,True,0.9671203449173482
eb2dc181b.jpg,130.00012800000002,1.0,123.99961599999995,True,0.9374811416279749
e345aa0fa.jpg,124.99967999999998,0.2,24.999551999999994,False,0.340075259508833
e345aa0fa.jpg,124.99967999999998,0.3,37.999551999999994,True,0.8200142545112541
e345aa0fa.jpg,124.99967999999998,0.4,49.999551999999994,True,0.8738819061190547
e345aa0fa.jpg,124.99967999999998,0.5,62.999551999999994,True,0.9018730609175662
e345aa0fa.jpg,124.99967999999998,0.6,74.999552,True,0.928194107173719
e345aa0fa.jpg,124.99967999999998,0.7,87.999552,True,0.9377078869818036
e345aa0fa.jpg,124.99967999999998,0.8,99.999552,True,0.9393647325069086
e345aa0fa.jpg,124.99967999999998,0.9,112.999552,True,0.9311472229389878
e345aa0fa.jpg,124.99967999999998,1.0,124.999552,True,0.9247302515359225
f7d12c543.jpg,153.000192,0.2,30.99993599999999,True,0.6813886762611733
f7d12c543.jpg,153.000192,0.3,45.99993599999999,True,0.6615626903779096
f7d12c543.jpg,153.000192,0.4,60.99993599999999,True,0.7410317542675527
f7d12c543.jpg,153.000192,0.5,76.99993599999999,True,0.7581818800913638
f7d12c543.jpg,153.000192,0.6,91.99993599999999,True,0.8574518505314086
f7d12c543.jpg,153.000192,0.7,106.99993599999999,True,0.8854544447725577
f7d12c543.jpg,153.000192,0.8,121.99993599999999,True,0.9075500796952957
f7d12c543.jpg,153.000192,0.9,137.999936,True,0.9730320846373706
f7d12c543.jpg,153.000192,1.0,152.999936,True,0.9506265667134854
be9f5ea4f.jpg,29.999616,0.2,5.999744000000021,False,0.0
be9f5ea4f.jpg,29.999616,0.3,8.999744000000021,False,0.0
be9f5ea4f.jpg,29.999616,0.4,11.999744000000021,False,0.0
be9f5ea4f.jpg,29.999616,0.5,14.999744000000021,False,0.0
be9f5ea4f.jpg,29.999616,0.6,17.99974400000002,False,0.0
be9f5ea4f.jpg,29.999616,0.7,20.99974400000002,True,0.8711749894025003
be9f5ea4f.jpg,29.999616,0.8,23.99974400000002,True,0.8974862604283039
be9f5ea4f.jpg,29.999616,0.9,26.99974400000002,True,0.8516507757677158
be9f5ea4f.jpg,29.999616,1.0,29.999616000000003,True,0.8003176852645645
e06ff97ef.jpg,33.000192,0.2,5.0,False,0.0
e06ff97ef.jpg,33.000192,0.3,8.0,False,0.0
e06ff97ef.jpg,33.000192,0.4,10.0,False,0.0
e06ff97ef.jpg,33.000192,0.5,13.0,False,0.0
e06ff97ef.jpg,33.000192,0.6,16.0,True,0.6029583845356983
e06ff97ef.jpg,33.000192,0.7,18.0,True,0.7454043910177272
e06ff97ef.jpg,33.000192,0.8,21.0,True,0.8122799602378966
e06ff97ef.jpg,33.000192,0.9,23.0,True,0.7501290213843153
e06ff97ef.jpg,33.000192,1.0,25.999872000000096,True,0.6785333665235539
71c86ce2d.jpg,34.000128,0.2,7.000064000000009,False,0.0
71c86ce2d.jpg,34.000128,0.3,10.000064000000009,False,0.0
71c86ce2d.jpg,34.000128,0.4,14.000064000000009,False,0.0
71c86ce2d.jpg,34.000128,0.5,17.00006400000001,False,0.0
71c86ce2d.jpg,34.000128,0.6,20.00006400000001,False,0.0
71c86ce2d.jpg,34.000128,0.7,24.00006400000001,False,0.0
71c86ce2d.jpg,34.000128,0.8,27.00006400000001,False,0.0
71c86ce2d.jpg,34.000128,0.9,31.00006400000001,False,0.0
71c86ce2d.jpg,34.000128,1.0,34.00006400000001,False,0.0
b3e7f584b.jpg,14.999808,0.2,2.9996159999999463,False,0.0
b3e7f584b.jpg,14.999808,0.3,3.9996159999999463,False,0.0
b3e7f584b.jpg,14.999808,0.4,4.999615999999946,False,0.0
b3e7f584b.jpg,14.999808,0.5,6.999615999999946,False,0.0
b3e7f584b.jpg,14.999808,0.6,7.999615999999946,False,0.0
b3e7f584b.jpg,14.999808,0.7,8.999615999999946,False,0.0
b3e7f584b.jpg,14.999808,0.8,9.999615999999946,False,0.0
b3e7f584b.jpg,14.999808,0.9,11.999615999999946,False,0.18776514763361538
b3e7f584b.jpg,14.999808,1.0,12.999615999999946,False,0.0
9563398ea.jpg,277.999872,0.2,56.00025599999998,False,0.24637904251128018
9563398ea.jpg,277.999872,0.3,83.00025599999998,False,0.4995491365507506
9563398ea.jpg,277.999872,0.4,111.00025599999998,True,0.6891014157663242
9563398ea.jpg,277.999872,0.5,139.00025599999998,True,0.8539907557211834
9563398ea.jpg,277.999872,0.6,167.00025599999998,True,0.7585408625090083
9563398ea.jpg,277.999872,0.7,195.00025599999998,True,0.8295877828875697
9563398ea.jpg,277.999872,0.8,222.00025599999998,True,0.9008687009676856
9563398ea.jpg,277.999872,0.9,250.00025599999998,True,0.9616804654557415
9563398ea.jpg,277.999872,1.0,277.999872,True,0.9569775149987462
a24633eca.jpg,85.999872,0.2,16.99955200000005,False,0.28429190960292877
a24633eca.jpg,85.999872,0.3,25.99955200000005,False,0.33345810135809417
a24633eca.jpg,85.999872,0.4,33.99955200000005,True,0.5334477993936197
a24633eca.jpg,85.999872,0.5,42.99955200000005,True,0.7036468780883387
a24633eca.jpg,85.999872,0.6,51.99955200000005,True,0.7539321270552216
a24633eca.jpg,85.999872,0.7,59.99955200000005,True,0.8140374003920657
a24633eca.jpg,85.999872,0.8,68.99955200000005,True,0.8944862146726414
a24633eca.jpg,85.999872,0.9,76.99955200000005,True,0.9718952956141819
a24633eca.jpg,85.999872,1.0,85.99955200000005,True,0.9257116381413975
8113a97f4.jpg,34.000128,0.2,6.999679999999998,False,0.0
8113a97f4.jpg,34.000128,0.3,9.999679999999998,True,0.5710089940679587
8113a97f4.jpg,34.000128,0.4,13.999679999999998,True,0.7437010269249794
8113a97f4.jpg,34.000128,0.5,16.999679999999998,False,0.0
8113a97f4.jpg,34.000128,0.6,19.999679999999998,True,0.8767805221349502
8113a97f4.jpg,34.000128,0.7,23.999679999999998,True,0.7840721538942785
8113a97f4.jpg,34.000128,0.8,26.999679999999998,True,0.8013657290985102
8113a97f4.jpg,34.000128,0.9,30.999679999999998,True,0.8802599704912921
8113a97f4.jpg,34.000128,1.0,33.99968,True,0.8917625128942274
697e3d6da.jpg,58.000128000000004,0.2,12.000256000000036,True,0.6078345115718956
697e3d6da.jpg,58.000128000000004,0.3,17.000256000000036,True,0.51380153418919
697e3d6da.jpg,58.000128000000004,0.4,23.000256000000036,True,0.511254925283739
697e3d6da.jpg,58.000128000000004,0.5,29.000256000000036,True,0.6164652724650184
697e3d6da.jpg,58.000128000000004,0.6,35.000256000000036,True,0.657830939721928
697e3d6da.jpg,58.000128000000004,0.7,41.000256000000036,True,0.8268070534669147
697e3d6da.jpg,58.000128000000004,0.8,46.000256000000036,True,0.8778845031237424
697e3d6da.jpg,58.000128000000004,0.9,52.000256000000036,True,0.7882491220118584
697e3d6da.jpg,58.000128000000004,1.0,58.00012800000002,True,0.7356076574836495
2e3a5d90f.jpg,21.000192,0.2,2.000192000000027,False,0.0
2e3a5d90f.jpg,21.000192,0.3,4.000192000000027,False,0.0
2e3a5d90f.jpg,21.000192,0.4,5.000192000000027,False,0.0
2e3a5d90f.jpg,21.000192,0.5,6.000192000000027,False,0.0
2e3a5d90f.jpg,21.000192,0.6,7.000192000000027,False,0.0
2e3a5d90f.jpg,21.000192,0.7,8.000192000000027,True,0.722732006493532
2e3a5d90f.jpg,21.000192,0.8,10.000192000000027,True,0.5750132021398772
2e3a5d90f.jpg,21.000192,0.9,11.000192000000027,True,0.5562467138182342
2e3a5d90f.jpg,21.000192,1.0,12.0,True,0.7155809618718436
3e9201e47.jpg,248.000256,0.2,50.00031999999999,False,0.37879742877317446
3e9201e47.jpg,248.000256,0.3,74.00031999999999,True,0.6093527935041183
3e9201e47.jpg,248.000256,0.4,99.00031999999999,True,0.5884119044755995
3e9201e47.jpg,248.000256,0.5,124.00031999999999,True,0.6496975541649124
3e9201e47.jpg,248.000256,0.6,149.00032,True,0.7482658021135766
3e9201e47.jpg,248.000256,0.7,174.00032,True,0.8081927445927056
3e9201e47.jpg,248.000256,0.8,198.00032,True,0.9320896283712999
3e9201e47.jpg,248.000256,0.9,223.00032,True,0.9465644002673348
3e9201e47.jpg,248.000256,1.0,248.00025600000004,True,0.9740161953113619
2cd9a46b1.jpg,86.999808,0.2,11.000064000000009,True,0.6496452383874742
2cd9a46b1.jpg,86.999808,0.3,17.00006400000001,True,0.8535536522167161
2cd9a46b1.jpg,86.999808,0.4,22.00006400000001,True,0.600167096222375
2cd9a46b1.jpg,86.999808,0.5,28.00006400000001,True,0.6761657202547906
2cd9a46b1.jpg,86.999808,0.6,33.00006400000001,True,0.8068711934648354
2cd9a46b1.jpg,86.999808,0.7,39.00006400000001,True,0.9666783793189965
2cd9a46b1.jpg,86.999808,0.8,44.00006400000001,True,0.9696470260023019
2cd9a46b1.jpg,86.999808,0.9,50.00006400000001,True,0.9719742445269172
2cd9a46b1.jpg,86.999808,1.0,55.00006400000001,True,0.9687044019632871
403351dad.jpg,208.99968,0.2,33.99987199999998,False,0.2505884012586978
403351dad.jpg,208.99968,0.3,50.99987199999998,False,0.3183984289854947
403351dad.jpg,208.99968,0.4,67.99987199999998,True,0.5368051172945006
403351dad.jpg,208.99968,0.5,84.99987199999998,True,0.796174818766448
403351dad.jpg,208.99968,0.6,100.99987199999998,True,0.9148303802062178
403351dad.jpg,208.99968,0.7,117.99987199999998,True,0.8548735737861778
403351dad.jpg,208.99968,0.8,134.99987199999998,True,0.9558579663251532
403351dad.jpg,208.99968,0.9,151.99987199999998,True,0.9176613301757478
403351dad.jpg,208.99968,1.0,168.99987199999998,True,0.9243428752870335
9eb29b805.jpg,96.0,0.2,4.000512000000015,False,0.0
9eb29b805.jpg,96.0,0.3,6.000512000000015,False,0.0
9eb29b805.jpg,96.0,0.4,8.000512000000015,False,0.23165277635747675
9eb29b805.jpg,96.0,0.5,9.000512000000015,False,0.0
9eb29b805.jpg,96.0,0.6,11.000512000000015,False,0.0
9eb29b805.jpg,96.0,0.7,13.000512000000015,True,0.770103396577225
9eb29b805.jpg,96.0,0.8,15.000512000000015,True,0.7937507969569464
9eb29b805.jpg,96.0,0.9,17.000512000000015,True,0.8255961772798014
9eb29b805.jpg,96.0,1.0,19.000320000000045,True,0.858463415800808
a53abb704.jpg,38.999808,0.2,7.999936000000048,False,0.0
a53abb704.jpg,38.999808,0.3,11.999936000000048,True,0.5545522996469897
a53abb704.jpg,38.999808,0.4,15.999936000000048,True,0.7055676569520938
a53abb704.jpg,38.999808,0.5,18.999936000000048,True,0.8306011995564156
a53abb704.jpg,38.999808,0.6,22.999936000000048,True,0.8773213960607017
a53abb704.jpg,38.999808,0.7,26.999936000000048,True,0.9019494432657774
a53abb704.jpg,38.999808,0.8,30.999936000000048,True,0.8721706223297584
a53abb704.jpg,38.999808,0.9,34.99993600000005,True,0.8827422368004874
a53abb704.jpg,38.999808,1.0,38.99980800000003,True,0.8561958184956956
125fb4347.jpg,159.999744,0.2,31.999871999999982,False,0.0
125fb4347.jpg,159.999744,0.3,47.99987199999998,True,0.5957594266864447
125fb4347.jpg,159.999744,0.4,63.99987199999998,True,0.5821851598984495
125fb4347.jpg,159.999744,0.5,79.99987199999998,True,0.6759652081769086
125fb4347.jpg,159.999744,0.6,95.99987199999998,True,0.6920588056816888
125fb4347.jpg,159.999744,0.7,111.99987199999998,True,0.8236643279274908
125fb4347.jpg,159.999744,0.8,127.99987199999998,True,0.8353200019845577
125fb4347.jpg,159.999744,0.9,143.99987199999998,False,0.0
125fb4347.jpg,159.999744,1.0,159.99974399999996,True,0.892278944311033
63f047d76.jpg,52.99968,0.2,10.999487999999985,False,0.0
63f047d76.jpg,52.99968,0.3,15.999487999999985,True,0.769571620859104
63f047d76.jpg,52.99968,0.4,20.999487999999985,True,0.5320147973755354
63f047d76.jpg,52.99968,0.5,26.999487999999985,True,0.6382352002909657
63f047d76.jpg,52.99968,0.6,31.999487999999985,True,0.7617379083507753
63f047d76.jpg,52.99968,0.7,36.999487999999985,True,0.7463482509285151
63f047d76.jpg,52.99968,0.8,41.999487999999985,True,0.9341897277644808
63f047d76.jpg,52.99968,0.9,47.999487999999985,True,0.8715831461567765
63f047d76.jpg,52.99968,1.0,52.999487999999985,True,0.9435967503610583
d3f5dcaa1.jpg,140.000256,0.2,28.00019199999997,True,0.5259028509044409
d3f5dcaa1.jpg,140.000256,0.3,42.00019199999997,True,0.7712371786104091
d3f5dcaa1.jpg,140.000256,0.4,56.00019199999997,True,0.6669698863262061
d3f5dcaa1.jpg,140.000256,0.5,70.00019199999997,True,0.789401536756727
d3f5dcaa1.jpg,140.000256,0.6,84.00019199999997,True,0.763390703793485
d3f5dcaa1.jpg,140.000256,0.7,98.00019199999997,True,0.8130073624830413
d3f5dcaa1.jpg,140.000256,0.8,112.00019199999997,True,0.8580654564589868
d3f5dcaa1.jpg,140.000256,0.9,126.00019199999997,True,0.9194208693031364
d3f5dcaa1.jpg,140.000256,1.0,140.00019199999997,True,0.9511351382760057
4236073e2.jpg,81.000192,0.2,16.000063999999952,False,0.0
4236073e2.jpg,81.000192,0.3,24.000063999999952,False,0.0
4236073e2.jpg,81.000192,0.4,32.00006399999995,False,0.0
4236073e2.jpg,81.000192,0.5,41.00006399999995,True,0.8928536035167528
4236073e2.jpg,81.000192,0.6,49.00006399999995,True,0.8868261934112531
4236073e2.jpg,81.000192,0.7,57.00006399999995,True,0.9511849888154331
4236073e2.jpg,81.000192,0.8,65.00006399999995,True,0.9106511686714628
4236073e2.jpg,81.000192,0.9,73.00006399999995,True,0.9380538288083081
4236073e2.jpg,81.000192,1.0,81.00006399999995,True,0.8704482785446659
ff62ddad4.jpg,59.000064,0.2,7.999744000000078,False,0.0
ff62ddad4.jpg,59.000064,0.3,11.999744000000078,False,0.0
ff62ddad4.jpg,59.000064,0.4,15.999744000000078,False,0.0
ff62ddad4.jpg,59.000064,0.5,19.999744000000078,False,0.0
ff62ddad4.jpg,59.000064,0.6,23.999744000000078,True,0.5698469904817682
ff62ddad4.jpg,59.000064,0.7,27.999744000000078,True,0.7314744552732465
ff62ddad4.jpg,59.000064,0.8,31.999744000000078,True,0.8179491965600668
ff62ddad4.jpg,59.000064,0.9,35.99974400000008,True,0.7803069105184779
ff62ddad4.jpg,59.000064,1.0,39.999743999999964,True,0.8906586881487105
badcf0731.jpg,13.999872,0.2,2.9995519999999942,False,0.0
badcf0731.jpg,13.999872,0.3,3.9995519999999942,False,0.0
badcf0731.jpg,13.999872,0.4,5.999551999999994,False,0.0
badcf0731.jpg,13.999872,0.5,6.999551999999994,False,0.0
badcf0731.jpg,13.999872,0.6,7.999551999999994,False,0.0
badcf0731.jpg,13.999872,0.7,9.999551999999994,False,0.0
badcf0731.jpg,13.999872,0.8,10.999551999999994,False,0.0
badcf0731.jpg,13.999872,0.9,12.999551999999994,False,0.0
badcf0731.jpg,13.999872,1.0,13.999551999999994,False,0.0
e6613a7a4.jpg,27.999744,0.2,3.000256000000036,False,0.0
e6613a7a4.jpg,27.999744,0.3,4.000256000000036,False,0.0
e6613a7a4.jpg,27.999744,0.4,5.000256000000036,False,0.0
e6613a7a4.jpg,27.999744,0.5,6.000256000000036,False,0.0
e6613a7a4.jpg,27.999744,0.6,8.000256000000036,False,0.0
e6613a7a4.jpg,27.999744,0.7,9.000256000000036,False,0.0
e6613a7a4.jpg,27.999744,0.8,10.000256000000036,True,0.8762344431237366
e6613a7a4.jpg,27.999744,0.9,12.000256000000036,True,0.8563549743719947
e6613a7a4.jpg,27.999744,1.0,12.999935999999934,True,0.8664567996516708
fa36defc8.jpg,12.0,0.2,2.0,False,0.0
fa36defc8.jpg,12.0,0.3,4.0,False,0.0
fa36defc8.jpg,12.0,0.4,5.0,False,0.0
fa36defc8.jpg,12.0,0.5,6.0,False,0.0
fa36defc8.jpg,12.0,0.6,7.0,False,0.0
fa36defc8.jpg,12.0,0.7,8.0,False,0.0
fa36defc8.jpg,12.0,0.8,10.0,False,0.0
fa36defc8.jpg,12.0,0.9,11.0,False,0.0
fa36defc8.jpg,12.0,1.0,12.0,False,0.0
4a31f722e.jpg,108.99993599999999,0.2,13.0,False,0.3099784465690944
4a31f722e.jpg,108.99993599999999,0.3,20.0,True,0.8749081109276992
4a31f722e.jpg,108.99993599999999,0.4,26.0,True,0.7921539041202618
4a31f722e.jpg,108.99993599999999,0.5,33.0,True,0.8010084351464405
4a31f722e.jpg,108.99993599999999,0.6,40.0,True,0.8373492294462281
4a31f722e.jpg,108.99993599999999,0.7,46.0,True,0.909647457436506
4a31f722e.jpg,108.99993599999999,0.8,53.0,True,0.929216442218874
4a31f722e.jpg,108.99993599999999,0.9,59.0,True,0.9422400882281762
4a31f722e.jpg,108.99993599999999,1.0,66.0,True,0.9464981542058521
4fecab7ec.jpg,94.000128,0.2,19.000256000000007,False,0.12440957596031288
4fecab7ec.jpg,94.000128,0.3,28.000256000000007,False,0.41871180853935186
4fecab7ec.jpg,94.000128,0.4,38.00025600000001,True,0.5957596614795523
4fecab7ec.jpg,94.000128,0.5,47.00025600000001,True,0.8081485670300157
4fecab7ec.jpg,94.000128,0.6,56.00025600000001,True,0.6790039873604041
4fecab7ec.jpg,94.000128,0.7,66.00025600000001,True,0.7640922551931925
4fecab7ec.jpg,94.000128,0.8,75.00025600000001,True,0.8227824648894019
4fecab7ec.jpg,94.000128,0.9,85.00025600000001,True,0.9152627139466141
4fecab7ec.jpg,94.000128,1.0,94.00012800000002,True,0.9326347955455994
c6c658e7c.jpg,12.999936000000002,0.2,2.9996799999999837,False,0.0
c6c658e7c.jpg,12.999936000000002,0.3,3.9996799999999837,False,0.0
c6c658e7c.jpg,12.999936000000002,0.4,4.999679999999984,False,0.0
c6c658e7c.jpg,12.999936000000002,0.5,6.999679999999984,False,0.0
c6c658e7c.jpg,12.999936000000002,0.6,7.999679999999984,False,0.0
c6c658e7c.jpg,12.999936000000002,0.7,8.999679999999984,False,0.0
c6c658e7c.jpg,12.999936000000002,0.8,9.999679999999984,False,0.0
c6c658e7c.jpg,12.999936000000002,0.9,11.999679999999984,False,0.0
c6c658e7c.jpg,12.999936000000002,1.0,12.999679999999984,True,0.5513409140366975
a7fd7b8d4.jpg,18.000384,0.2,4.000383999999997,False,0.0
a7fd7b8d4.jpg,18.000384,0.3,5.000383999999997,False,0.0
a7fd7b8d4.jpg,18.000384,0.4,7.000383999999997,False,0.0
a7fd7b8d4.jpg,18.000384,0.5,9.000383999999997,False,0.0
a7fd7b8d4.jpg,18.000384,0.6,11.000383999999997,False,0.0
a7fd7b8d4.jpg,18.000384,0.7,13.000383999999997,False,0.0
a7fd7b8d4.jpg,18.000384,0.8,14.000383999999997,False,0.0
a7fd7b8d4.jpg,18.000384,0.9,16.000383999999997,False,0.0
a7fd7b8d4.jpg,18.000384,1.0,18.000383999999997,False,0.0
e6d5d1871.jpg,132.0,0.2,26.00038399999994,False,0.41489300373612853
e6d5d1871.jpg,132.0,0.3,40.00038399999994,False,0.46104609060629664
e6d5d1871.jpg,132.0,0.4,53.00038399999994,True,0.535473883096253
e6d5d1871.jpg,132.0,0.5,66.00038399999994,True,0.7286180877288231
e6d5d1871.jpg,132.0,0.6,79.00038399999994,True,0.7022124999019675
e6d5d1871.jpg,132.0,0.7,92.00038399999994,True,0.8427338261424945
e6d5d1871.jpg,132.0,0.8,106.00038399999994,True,0.8840386094305974
e6d5d1871.jpg,132.0,0.9,119.00038399999994,True,0.9186211999535137
e6d5d1871.jpg,132.0,1.0,132.0,True,0.9452015748739252
99db4043d.jpg,15.999744,0.2,3.00019199999997,False,0.0
99db4043d.jpg,15.999744,0.3,5.00019199999997,False,0.0
99db4043d.jpg,15.999744,0.4,6.00019199999997,False,0.0
99db4043d.jpg,15.999744,0.5,8.00019199999997,False,0.0
99db4043d.jpg,15.999744,0.6,10.00019199999997,False,0.0
99db4043d.jpg,15.999744,0.7,11.00019199999997,False,0.0
99db4043d.jpg,15.999744,0.8,13.00019199999997,False,0.0
99db4043d.jpg,15.999744,0.9,14.00019199999997,True,0.823024282129119
99db4043d.jpg,15.999744,1.0,15.999743999999964,True,0.8283996249811584
a9a9f3eec.jpg,128.000256,0.2,26.000192000000013,False,0.0
a9a9f3eec.jpg,128.000256,0.3,38.00019200000001,False,0.43190294419844627
a9a9f3eec.jpg,128.000256,0.4,51.00019200000001,True,0.6962527194316094
a9a9f3eec.jpg,128.000256,0.5,64.00019200000001,True,0.6169215166174181
a9a9f3eec.jpg,128.000256,0.6,77.00019200000001,True,0.7292410552760314
a9a9f3eec.jpg,128.000256,0.7,90.00019200000001,True,0.9343040126856698
a9a9f3eec.jpg,128.000256,0.8,102.00019200000001,True,0.8859529181777316
a9a9f3eec.jpg,128.000256,0.9,115.00019200000001,True,0.9170292691242087
a9a9f3eec.jpg,128.000256,1.0,128.00019200000003,True,0.935560903112304
cdcd86f93.jpg,13.999872,0.2,2.999808000000087,False,0.0
cdcd86f93.jpg,13.999872,0.3,3.999808000000087,False,0.0
cdcd86f93.jpg,13.999872,0.4,5.999808000000087,False,0.2449123613472236
cdcd86f93.jpg,13.999872,0.5,6.999808000000087,False,0.279887961376279
cdcd86f93.jpg,13.999872,0.6,7.999808000000087,False,0.34417244917277284
cdcd86f93.jpg,13.999872,0.7,9.999808000000087,False,0.448252635582482
cdcd86f93.jpg,13.999872,0.8,10.999808000000087,False,0.4550411661409499
cdcd86f93.jpg,13.999872,0.9,12.999808000000087,True,0.5518750838697822
cdcd86f93.jpg,13.999872,1.0,13.999808000000087,True,0.588924968117896
8d9fd3581.jpg,47.000064,0.2,9.000256000000007,False,0.0
8d9fd3581.jpg,47.000064,0.3,14.000256000000007,False,0.0
8d9fd3581.jpg,47.000064,0.4,19.000256000000007,False,0.320172733342842
8d9fd3581.jpg,47.000064,0.5,23.000256000000007,False,0.0
8d9fd3581.jpg,47.000064,0.6,28.000256000000007,False,0.0
8d9fd3581.jpg,47.000064,0.7,33.00025600000001,False,0.0
8d9fd3581.jpg,47.000064,0.8,38.00025600000001,False,0.0
8d9fd3581.jpg,47.000064,0.9,42.00025600000001,False,0.45443511791278207
8d9fd3581.jpg,47.000064,1.0,47.00006400000001,True,0.6111193223736101
c73f75ce3.jpg,232.99968,0.2,25.999807999999973,False,0.0
c73f75ce3.jpg,232.99968,0.3,38.99980799999997,False,0.4820222735231204
c73f75ce3.jpg,232.99968,0.4,51.99980799999997,True,0.7073396640386097
c73f75ce3.jpg,232.99968,0.5,64.99980799999997,True,0.6704482042434476
c73f75ce3.jpg,232.99968,0.6,76.99980799999997,True,0.9177843889862276
c73f75ce3.jpg,232.99968,0.7,89.99980799999997,True,0.8867151086390938
c73f75ce3.jpg,232.99968,0.8,102.99980799999997,True,0.9411658273208791
c73f75ce3.jpg,232.99968,0.9,115.99980799999997,True,0.975828202014892
c73f75ce3.jpg,232.99968,1.0,128.99980799999997,True,0.912835857671005
d6e747951.jpg,156.0,0.2,30.999808,False,0.2563276073070473
d6e747951.jpg,156.0,0.3,46.999808,False,0.0
d6e747951.jpg,156.0,0.4,61.999808,False,0.0
d6e747951.jpg,156.0,0.5,77.999808,True,0.777790244454447
d6e747951.jpg,156.0,0.6,93.999808,True,0.8318477090807588
d6e747951.jpg,156.0,0.7,108.999808,True,0.7987239680348324
d6e747951.jpg,156.0,0.8,124.999808,True,0.8768538231414833
d6e747951.jpg,156.0,0.9,139.999808,True,0.893288011516274
d6e747951.jpg,156.0,1.0,155.999808,True,0.8779139728806427
3522d78c7.jpg,96.0,0.2,18.999744000000007,False,0.0
3522d78c7.jpg,96.0,0.3,28.999744000000007,False,0.0
3522d78c7.jpg,96.0,0.4,37.99974400000001,False,0.4566435125471335
3522d78c7.jpg,96.0,0.5,47.99974400000001,False,0.452258479635641
3522d78c7.jpg,96.0,0.6,57.99974400000001,True,0.7694746393951287
3522d78c7.jpg,96.0,0.7,66.999744,True,0.7323056815104606
3522d78c7.jpg,96.0,0.8,76.999744,True,0.835571018195043
3522d78c7.jpg,96.0,0.9,85.999744,True,0.9153377246497975
3522d78c7.jpg,96.0,1.0,95.999744,True,0.8283263743497437
31c86313a.jpg,90.000384,0.2,18.0,False,0.0
31c86313a.jpg,90.000384,0.3,27.0,True,0.60336228414836
31c86313a.jpg,90.000384,0.4,36.0,False,0.42314344174838947
31c86313a.jpg,90.000384,0.5,45.0,False,0.47672432992268765
31c86313a.jpg,90.000384,0.6,54.0,True,0.5760748053201287
31c86313a.jpg,90.000384,0.7,63.0,True,0.8085326686547321
31c86313a.jpg,90.000384,0.8,72.0,True,0.8340178664304302
31c86313a.jpg,90.000384,0.9,81.0,True,0.8418625549435177
31c86313a.jpg,90.000384,1.0,90.0,True,0.8145479400175635
8afe804ba.jpg,179.000064,0.2,35.99980800000003,False,0.336143347054922
8afe804ba.jpg,179.000064,0.3,53.99980800000003,True,0.7675731076348625
8afe804ba.jpg,179.000064,0.4,71.99980800000003,True,0.6190854864053706
8afe804ba.jpg,179.000064,0.5,89.99980800000003,True,0.7346214270110245
8afe804ba.jpg,179.000064,0.6,106.99980800000003,True,0.8415860251331357
8afe804ba.jpg,179.000064,0.7,124.99980800000003,True,0.8294268802743209
8afe804ba.jpg,179.000064,0.8,142.99980800000003,True,0.9742030561885207
8afe804ba.jpg,179.000064,0.9,160.99980800000003,True,0.97890165840618
8afe804ba.jpg,179.000064,1.0,178.99980800000003,True,0.9506183412533316
0bd2bd3f0.jpg,263.00006399999995,0.2,52.999679999999955,False,0.0
0bd2bd3f0.jpg,263.00006399999995,0.3,78.99967999999996,True,0.6364297630403986
0bd2bd3f0.jpg,263.00006399999995,0.4,104.99967999999996,True,0.8916248563858662
0bd2bd3f0.jpg,263.00006399999995,0.5,131.99967999999996,True,0.7594876935971056
0bd2bd3f0.jpg,263.00006399999995,0.6,157.99967999999996,True,0.8053540161540819
0bd2bd3f0.jpg,263.00006399999995,0.7,183.99967999999996,True,0.7960553602462856
0bd2bd3f0.jpg,263.00006399999995,0.8,209.99967999999996,True,0.9507778670368079
0bd2bd3f0.jpg,263.00006399999995,0.9,236.99967999999996,True,0.9751924395085699
0bd2bd3f0.jpg,263.00006399999995,1.0,262.99967999999996,True,0.9710626875752234
89fcf9121.jpg,55.00032,0.2,11.000064000000009,False,0.0
89fcf9121.jpg,55.00032,0.3,17.00006400000001,False,0.0
89fcf9121.jpg,55.00032,0.4,22.00006400000001,False,0.0
89fcf9121.jpg,55.00032,0.5,28.00006400000001,True,0.8302263076295688
89fcf9121.jpg,55.00032,0.6,33.00006400000001,True,0.9436362030091726
89fcf9121.jpg,55.00032,0.7,39.00006400000001,True,0.7925147755738989
89fcf9121.jpg,55.00032,0.8,44.00006400000001,True,0.8987140693383648
89fcf9121.jpg,55.00032,0.9,50.00006400000001,True,0.9761650911718719
89fcf9121.jpg,55.00032,1.0,55.00006400000001,True,0.9205629568274082
e914461d7.jpg,11.000064,0.2,3.0004480000000022,False,0.0
e914461d7.jpg,11.000064,0.3,3.0004480000000022,False,0.0
e914461d7.jpg,11.000064,0.4,3.0004480000000022,False,0.0
e914461d7.jpg,11.000064,0.5,4.000448000000002,False,0.0
e914461d7.jpg,11.000064,0.6,5.000448000000002,False,0.0
e914461d7.jpg,11.000064,0.7,6.000448000000002,False,0.0
e914461d7.jpg,11.000064,0.8,6.000448000000002,False,0.0
e914461d7.jpg,11.000064,0.9,7.000448000000002,False,0.0
e914461d7.jpg,11.000064,1.0,8.000256,False,0.0
d459530b9.jpg,152.000256,0.2,30.000256000000036,False,0.0
d459530b9.jpg,152.000256,0.3,46.000256000000036,False,0.0
d459530b9.jpg,152.000256,0.4,61.000256000000036,False,0.34047154793514983
d459530b9.jpg,152.000256,0.5,76.00025600000004,False,0.4861225708123185
d459530b9.jpg,152.000256,0.6,91.00025600000004,True,0.5866961654654702
d459530b9.jpg,152.000256,0.7,106.00025600000004,True,0.6170488165117922
d459530b9.jpg,152.000256,0.8,122.00025600000004,True,0.6759216747654554
d459530b9.jpg,152.000256,0.9,137.00025600000004,True,0.7837719072904423
d459530b9.jpg,152.000256,1.0,152.00025600000004,True,0.6470037595157373
163ae7fca.jpg,132.999936,0.2,18.0,False,0.3396932065041264
163ae7fca.jpg,132.999936,0.3,28.0,False,0.4771973275199529
163ae7fca.jpg,132.999936,0.4,37.0,True,0.6759148826696965
163ae7fca.jpg,132.999936,0.5,46.0,True,0.9019118617544012
163ae7fca.jpg,132.999936,0.6,55.0,True,0.7905279176222931
163ae7fca.jpg,132.999936,0.7,64.0,True,0.8137009841563438
163ae7fca.jpg,132.999936,0.8,74.0,True,0.8649610094811158
163ae7fca.jpg,132.999936,0.9,83.0,True,0.9133549072274288
163ae7fca.jpg,132.999936,1.0,92.0,True,0.9305503135191846
418baabc2.jpg,211.00032,0.2,42.000512000000015,False,0.0
418baabc2.jpg,211.00032,0.3,63.000512000000015,True,0.7154794584382741
418baabc2.jpg,211.00032,0.4,84.00051200000001,False,0.0
418baabc2.jpg,211.00032,0.5,105.00051200000001,True,0.7283113484196407
418baabc2.jpg,211.00032,0.6,127.00051200000001,True,0.8182521399139447
418baabc2.jpg,211.00032,0.7,148.00051200000001,True,0.8389957143369033
418baabc2.jpg,211.00032,0.8,169.00051200000001,True,0.8570044701089821
418baabc2.jpg,211.00032,0.9,190.00051200000001,True,0.8655338087598832
418baabc2.jpg,211.00032,1.0,211.00032,True,0.8575701272456698
66bdead5e.jpg,11.000064,0.2,2.000255999999979,False,0.0
66bdead5e.jpg,11.000064,0.3,3.000255999999979,False,0.0
66bdead5e.jpg,11.000064,0.4,4.000255999999979,False,0.0
66bdead5e.jpg,11.000064,0.5,5.000255999999979,False,0.0
66bdead5e.jpg,11.000064,0.6,7.000255999999979,False,0.0
66bdead5e.jpg,11.000064,0.7,8.000255999999979,False,0.0
66bdead5e.jpg,11.000064,0.8,9.000255999999979,False,0.0
66bdead5e.jpg,11.000064,0.9,10.000255999999979,False,0.0
66bdead5e.jpg,11.000064,1.0,11.000063999999952,False,0.0
9dc8d77e7.jpg,123.99974399999999,0.2,24.999680000000012,True,0.668589163809473
9dc8d77e7.jpg,123.99974399999999,0.3,36.99968000000001,True,0.7972420175489311
9dc8d77e7.jpg,123.99974399999999,0.4,49.99968000000001,True,0.8716944566267296
9dc8d77e7.jpg,123.99974399999999,0.5,61.99968000000001,True,0.7690113930589249
9dc8d77e7.jpg,123.99974399999999,0.6,73.99968000000001,True,0.8485850736897169
9dc8d77e7.jpg,123.99974399999999,0.7,86.99968000000001,True,0.9119888164710485
9dc8d77e7.jpg,123.99974399999999,0.8,98.99968000000001,True,0.9025648677745733
9dc8d77e7.jpg,123.99974399999999,0.9,111.99968000000001,True,0.8793155813006787
9dc8d77e7.jpg,123.99974399999999,1.0,123.99968000000001,True,0.8555058584701227
e7d9696e6.jpg,70.000128,0.2,14.000192000000027,False,0.0
e7d9696e6.jpg,70.000128,0.3,21.000192000000027,False,0.0
e7d9696e6.jpg,70.000128,0.4,28.000192000000027,True,0.6213229575365107
e7d9696e6.jpg,70.000128,0.5,35.00019200000003,True,0.7818036855285863
e7d9696e6.jpg,70.000128,0.6,42.00019200000003,True,0.9068459444519205
e7d9696e6.jpg,70.000128,0.7,49.00019200000003,True,0.8743386528311641
e7d9696e6.jpg,70.000128,0.8,56.00019200000003,True,0.8483742427469129
e7d9696e6.jpg,70.000128,0.9,63.00019200000003,True,0.9537556030478291
e7d9696e6.jpg,70.000128,1.0,70.00012800000002,True,0.8791448153526933
870e938c3.jpg,159.999744,0.2,13.999936000000048,False,0.0
870e938c3.jpg,159.999744,0.3,21.999936000000048,False,0.46975111940526443
870e938c3.jpg,159.999744,0.4,28.999936000000048,True,0.6467748449063335
870e938c3.jpg,159.999744,0.5,35.99993600000005,True,0.701117619881177
870e938c3.jpg,159.999744,0.6,42.99993600000005,True,0.8161945670035692
870e938c3.jpg,159.999744,0.7,49.99993600000005,True,0.9035506916259353
870e938c3.jpg,159.999744,0.8,57.99993600000005,True,0.9502880654318155
870e938c3.jpg,159.999744,0.9,64.99993600000005,True,0.9701610107639543
870e938c3.jpg,159.999744,1.0,71.99993600000005,True,0.9088050835657449
b5fd6f0ed.jpg,167.000064,0.2,16.000128000000018,False,0.0
b5fd6f0ed.jpg,167.000064,0.3,24.000128000000018,False,0.0
b5fd6f0ed.jpg,167.000064,0.4,32.00012800000002,True,0.6001547816416927
b5fd6f0ed.jpg,167.000064,0.5,40.00012800000002,True,0.7714390305012614
b5fd6f0ed.jpg,167.000064,0.6,49.00012800000002,True,0.8805854131156797
b5fd6f0ed.jpg,167.000064,0.7,57.00012800000002,True,0.905342625491229
b5fd6f0ed.jpg,167.000064,0.8,65.00012800000002,True,0.927421646215453
b5fd6f0ed.jpg,167.000064,0.9,73.00012800000002,True,0.9784494213413333
b5fd6f0ed.jpg,167.000064,1.0,81.00012800000002,True,0.970171795771186
aabedc683.jpg,177.000192,0.2,34.999807999999916,True,0.8425826781611352
aabedc683.jpg,177.000192,0.3,52.999807999999916,True,0.8021916571643668
aabedc683.jpg,177.000192,0.4,70.99980799999992,True,0.8551409569272794
aabedc683.jpg,177.000192,0.5,88.99980799999992,True,0.8580705015614294
aabedc683.jpg,177.000192,0.6,105.99980799999992,True,0.9133392472692692
aabedc683.jpg,177.000192,0.7,123.99980799999992,True,0.9220273712469432
aabedc683.jpg,177.000192,0.8,141.99980799999992,True,0.9449554443359208
aabedc683.jpg,177.000192,0.9,158.99980799999992,True,0.9464322540509764
aabedc683.jpg,177.000192,1.0,176.99980799999992,True,0.8535015194768161
0bde4207e.jpg,19.000320000000002,0.2,1.9996800000000121,False,0.0
0bde4207e.jpg,19.000320000000002,0.3,2.999680000000012,False,0.0
0bde4207e.jpg,19.000320000000002,0.4,3.999680000000012,False,0.0
0bde4207e.jpg,19.000320000000002,0.5,4.999680000000012,False,0.0
0bde4207e.jpg,19.000320000000002,0.6,5.999680000000012,False,0.0
0bde4207e.jpg,19.000320000000002,0.7,6.999680000000012,False,0.0
0bde4207e.jpg,19.000320000000002,0.8,7.999680000000012,False,0.0
0bde4207e.jpg,19.000320000000002,0.9,8.999680000000012,False,0.0
0bde4207e.jpg,19.000320000000002,1.0,9.999680000000012,False,0.0
a0d2a2993.jpg,12.0,0.2,1.9998719999999999,False,0.0
a0d2a2993.jpg,12.0,0.3,3.999872,False,0.0
a0d2a2993.jpg,12.0,0.4,4.999872,False,0.0
a0d2a2993.jpg,12.0,0.5,5.999872,False,0.0
a0d2a2993.jpg,12.0,0.6,6.999872,False,0.0
a0d2a2993.jpg,12.0,0.7,7.999872,False,0.0
a0d2a2993.jpg,12.0,0.8,9.999872,False,0.0
a0d2a2993.jpg,12.0,0.9,10.999872,False,0.0
a0d2a2993.jpg,12.0,1.0,11.999872,False,0.0
0878ba05f.jpg,84.99993599999999,0.2,17.000063999999952,False,0.0
0878ba05f.jpg,84.99993599999999,0.3,25.000063999999952,False,0.4948963443874173
0878ba05f.jpg,84.99993599999999,0.4,34.00006399999995,True,0.6053809945337683
0878ba05f.jpg,84.99993599999999,0.5,42.00006399999995,True,0.7344627444183728
0878ba05f.jpg,84.99993599999999,0.6,51.00006399999995,True,0.705024775317442
0878ba05f.jpg,84.99993599999999,0.7,59.00006399999995,True,0.7693296539852742
0878ba05f.jpg,84.99993599999999,0.8,68.00006399999995,True,0.8011237718504106
0878ba05f.jpg,84.99993599999999,0.9,76.00006399999995,True,0.9511088377857497
0878ba05f.jpg,84.99993599999999,1.0,84.99993599999993,True,0.9336328493803531
519f3d337.jpg,60.0,0.2,12.000064000000009,False,0.0
519f3d337.jpg,60.0,0.3,18.00006400000001,False,0.3642655124842321
519f3d337.jpg,60.0,0.4,24.00006400000001,False,0.3747148421594224
519f3d337.jpg,60.0,0.5,30.00006400000001,True,0.7009193134691024
519f3d337.jpg,60.0,0.6,36.00006400000001,True,0.9013061894359392
519f3d337.jpg,60.0,0.7,42.00006400000001,False,0.4986510200576648
519f3d337.jpg,60.0,0.8,48.00006400000001,True,0.7742042223556347
519f3d337.jpg,60.0,0.9,54.00006400000001,True,0.9536671572470136
519f3d337.jpg,60.0,1.0,60.0,True,0.878549560977252
1696a45bc.jpg,8.000256,0.2,2.0003840000000537,False,0.0
1696a45bc.jpg,8.000256,0.3,2.0003840000000537,False,0.0
1696a45bc.jpg,8.000256,0.4,3.0003840000000537,False,0.0
1696a45bc.jpg,8.000256,0.5,4.000384000000054,False,0.0
1696a45bc.jpg,8.000256,0.6,5.000384000000054,False,0.0
1696a45bc.jpg,8.000256,0.7,6.000384000000054,False,0.0
1696a45bc.jpg,8.000256,0.8,6.000384000000054,False,0.0
1696a45bc.jpg,8.000256,0.9,7.000384000000054,False,0.0
1696a45bc.jpg,8.000256,1.0,8.000256000000036,False,0.0
aa345fcb8.jpg,166.00012800000002,0.2,32.99987200000004,True,0.9168353132161171
aa345fcb8.jpg,166.00012800000002,0.3,49.99987200000004,True,0.834275320868084
aa345fcb8.jpg,166.00012800000002,0.4,65.99987200000004,True,0.8830580145091008
aa345fcb8.jpg,166.00012800000002,0.5,82.99987200000004,True,0.84673103767298
aa345fcb8.jpg,166.00012800000002,0.6,99.99987200000004,True,0.8914272770054708
aa345fcb8.jpg,166.00012800000002,0.7,115.99987200000004,True,0.8824242845699557
aa345fcb8.jpg,166.00012800000002,0.8,132.99987200000004,True,0.915719198442753
aa345fcb8.jpg,166.00012800000002,0.9,148.99987200000004,True,0.9106252090647033
aa345fcb8.jpg,166.00012800000002,1.0,165.99987200000004,True,0.8862851366677352
a6dc0d057.jpg,36.0,0.2,7.0,False,0.0
a6dc0d057.jpg,36.0,0.3,11.0,False,0.0
a6dc0d057.jpg,36.0,0.4,14.0,False,0.0
a6dc0d057.jpg,36.0,0.5,18.0,False,0.0
a6dc0d057.jpg,36.0,0.6,22.0,False,0.0
a6dc0d057.jpg,36.0,0.7,25.0,False,0.0
a6dc0d057.jpg,36.0,0.8,29.0,False,0.0
a6dc0d057.jpg,36.0,0.9,32.0,False,0.0
a6dc0d057.jpg,36.0,1.0,36.0,False,0.0
a3426c6ca.jpg,144.0,0.2,29.0,False,0.434547701210289
a3426c6ca.jpg,144.0,0.3,43.0,True,0.7145259323765202
a3426c6ca.jpg,144.0,0.4,58.0,True,0.5873181418574193
a3426c6ca.jpg,144.0,0.5,72.0,True,0.6690266020171924
a3426c6ca.jpg,144.0,0.6,86.0,True,0.6561527878207277
a3426c6ca.jpg,144.0,0.7,101.0,True,0.7064259220930341
a3426c6ca.jpg,144.0,0.8,115.0,True,0.7558549499064522
a3426c6ca.jpg,144.0,0.9,130.0,True,0.8036032211603493
a3426c6ca.jpg,144.0,1.0,144.0,True,0.8621766355409677
06dd3e135.jpg,292.99968,0.2,44.999807999999916,False,0.06635179952768146
06dd3e135.jpg,292.99968,0.3,67.99980799999992,False,0.26139150273692807
06dd3e135.jpg,292.99968,0.4,89.99980799999992,True,0.63503740601223
06dd3e135.jpg,292.99968,0.5,112.99980799999992,True,0.6477589453653442
06dd3e135.jpg,292.99968,0.6,134.99980799999992,True,0.7450550162958679
06dd3e135.jpg,292.99968,0.7,157.99980799999992,True,0.8582128535304552
06dd3e135.jpg,292.99968,0.8,179.99980799999992,True,0.8850181166360105
06dd3e135.jpg,292.99968,0.9,202.99980799999992,True,0.9026148943077728
06dd3e135.jpg,292.99968,1.0,224.99980799999992,True,0.9163048195221148
ad7348bcc.jpg,235.00032,0.2,25.999807999999987,False,0.48410959648021407
ad7348bcc.jpg,235.00032,0.3,38.99980799999999,True,0.546861335545634
ad7348bcc.jpg,235.00032,0.4,51.99980799999999,True,0.5242430576270322
ad7348bcc.jpg,235.00032,0.5,64.99980799999999,True,0.6492347729973645
ad7348bcc.jpg,235.00032,0.6,76.99980799999999,True,0.6596688849173498
ad7348bcc.jpg,235.00032,0.7,89.99980799999999,True,0.9731712948586656
ad7348bcc.jpg,235.00032,0.8,102.99980799999999,True,0.9569895691621837
ad7348bcc.jpg,235.00032,0.9,115.99980799999999,True,0.9780930979410232
ad7348bcc.jpg,235.00032,1.0,128.99980799999997,True,0.9701619480784667
5b5ee5ecb.jpg,272.00025600000004,0.2,53.99987199999998,True,0.655761159867962
5b5ee5ecb.jpg,272.00025600000004,0.3,81.99987199999998,True,0.5286471256768912
5b5ee5ecb.jpg,272.00025600000004,0.4,108.99987199999998,True,0.586868881451749
5b5ee5ecb.jpg,272.00025600000004,0.5,135.99987199999998,True,0.6237714871620345
5b5ee5ecb.jpg,272.00025600000004,0.6,162.99987199999998,True,0.7031550900685231
5b5ee5ecb.jpg,272.00025600000004,0.7,189.99987199999998,True,0.829506157612488
5b5ee5ecb.jpg,272.00025600000004,0.8,217.99987199999998,True,0.9361798966135114
5b5ee5ecb.jpg,272.00025600000004,0.9,244.99987199999998,True,0.9653575318126971
5b5ee5ecb.jpg,272.00025600000004,1.0,271.999872,True,0.9823010870292975
b94d2bfd1.jpg,24.999935999999998,0.2,4.999615999999975,False,0.0
b94d2bfd1.jpg,24.999935999999998,0.3,7.999615999999975,False,0.0
b94d2bfd1.jpg,24.999935999999998,0.4,9.999615999999975,True,0.5044251934086833
b94d2bfd1.jpg,24.999935999999998,0.5,12.999615999999975,True,0.6352044399704406
b94d2bfd1.jpg,24.999935999999998,0.6,14.999615999999975,True,0.7750590149594566
b94d2bfd1.jpg,24.999935999999998,0.7,17.999615999999975,True,0.840793073535641
b94d2bfd1.jpg,24.999935999999998,0.8,19.999615999999975,True,0.8835311036990885
b94d2bfd1.jpg,24.999935999999998,0.9,22.999615999999975,True,0.9071652889114591
b94d2bfd1.jpg,24.999935999999998,1.0,24.999615999999975,True,0.8791587421575451
83f6011e3.jpg,131.000064,0.2,14.99980800000003,False,0.0
83f6011e3.jpg,131.000064,0.3,21.99980800000003,False,0.0
83f6011e3.jpg,131.000064,0.4,28.99980800000003,True,0.6854071429852764
83f6011e3.jpg,131.000064,0.5,36.99980800000003,True,0.5978272686176023
83f6011e3.jpg,131.000064,0.6,43.99980800000003,True,0.523582535912387
83f6011e3.jpg,131.000064,0.7,50.99980800000003,True,0.8977222856909367
83f6011e3.jpg,131.000064,0.8,57.99980800000003,True,0.9078557773330024
83f6011e3.jpg,131.000064,0.9,65.99980800000003,True,0.9237577951270421
83f6011e3.jpg,131.000064,1.0,72.99980800000003,True,0.8831162660445805
84a066bee.jpg,29.999616,0.2,6.000064000000009,False,0.0
84a066bee.jpg,29.999616,0.3,9.000064000000009,False,0.0
84a066bee.jpg,29.999616,0.4,12.000064000000009,False,0.0
84a066bee.jpg,29.999616,0.5,15.000064000000009,False,0.0
84a066bee.jpg,29.999616,0.6,18.00006400000001,False,0.0
84a066bee.jpg,29.999616,0.7,21.00006400000001,True,0.7194667948934279
84a066bee.jpg,29.999616,0.8,24.00006400000001,True,0.7375988176559459
84a066bee.jpg,29.999616,0.9,27.00006400000001,True,0.8538774356231689
84a066bee.jpg,29.999616,1.0,29.999615999999946,True,0.7146006512819298
aac821c4c.jpg,19.000320000000002,0.2,4.000255999999979,False,0.0
aac821c4c.jpg,19.000320000000002,0.3,5.000255999999979,False,0.0
aac821c4c.jpg,19.000320000000002,0.4,7.000255999999979,False,0.0
aac821c4c.jpg,19.000320000000002,0.5,9.000255999999979,True,0.5785488645027945
aac821c4c.jpg,19.000320000000002,0.6,11.000255999999979,True,0.6207968967740728
aac821c4c.jpg,19.000320000000002,0.7,13.000255999999979,True,0.7800969095679325
aac821c4c.jpg,19.000320000000002,0.8,14.000255999999979,True,0.792689145498962
aac821c4c.jpg,19.000320000000002,0.9,16.00025599999998,True,0.8773483847992717
aac821c4c.jpg,19.000320000000002,1.0,18.00025599999998,True,0.8008079122542457
62faad686.jpg,179.000064,0.2,36.000256000000036,True,0.8876710002270667
62faad686.jpg,179.000064,0.3,54.000256000000036,True,0.5230685231676097
62faad686.jpg,179.000064,0.4,72.00025600000004,True,0.6216926619108702
62faad686.jpg,179.000064,0.5,89.00025600000004,True,0.67164707404
62faad686.jpg,179.000064,0.6,107.00025600000004,True,0.753705054588934
62faad686.jpg,179.000064,0.7,125.00025600000004,True,0.8472857536999914
62faad686.jpg,179.000064,0.8,143.00025600000004,True,0.8853845446766906
62faad686.jpg,179.000064,0.9,161.00025600000004,True,0.9512886433833593
62faad686.jpg,179.000064,1.0,179.00006400000007,True,0.9210516178621938
775a97bc6.jpg,36.0,0.2,6.999807999999973,False,0.2704194384319892
775a97bc6.jpg,36.0,0.3,10.999807999999973,False,0.40656412262649755
775a97bc6.jpg,36.0,0.4,13.999807999999973,True,0.5659509085647836
775a97bc6.jpg,36.0,0.5,17.999807999999973,True,0.5684507568668127
775a97bc6.jpg,36.0,0.6,20.999807999999973,True,0.8196507878270286
775a97bc6.jpg,36.0,0.7,24.999807999999973,False,0.0
775a97bc6.jpg,36.0,0.8,27.999807999999973,True,0.8737593224744419
775a97bc6.jpg,36.0,0.9,31.999807999999973,True,0.8777981045753283
775a97bc6.jpg,36.0,1.0,34.99980799999997,True,0.8662475955440194
bbcee356b.jpg,49.999871999999996,0.2,9.999743999999993,False,0.0
bbcee356b.jpg,49.999871999999996,0.3,14.999743999999993,False,0.3576430407297864
bbcee356b.jpg,49.999871999999996,0.4,19.999743999999993,True,0.6445369375689486
bbcee356b.jpg,49.999871999999996,0.5,24.999743999999993,True,0.7023479296126328
bbcee356b.jpg,49.999871999999996,0.6,29.999743999999993,True,0.8223166415727273
bbcee356b.jpg,49.999871999999996,0.7,34.99974399999999,True,0.7948332251773192
bbcee356b.jpg,49.999871999999996,0.8,39.99974399999999,True,0.9570786770807221
bbcee356b.jpg,49.999871999999996,0.9,44.99974399999999,True,0.948668737399714
bbcee356b.jpg,49.999871999999996,1.0,49.99974399999999,True,0.926299282696847
5140f63a7.jpg,116.00025600000001,0.2,13.0,False,0.0
5140f63a7.jpg,116.00025600000001,0.3,19.0,False,0.3532439973997871
5140f63a7.jpg,116.00025600000001,0.4,25.0,False,0.42121366110751113
5140f63a7.jpg,116.00025600000001,0.5,31.0,True,0.9065553542045433
5140f63a7.jpg,116.00025600000001,0.6,38.0,True,0.7900314418898206
5140f63a7.jpg,116.00025600000001,0.7,44.0,True,0.873308645911109
5140f63a7.jpg,116.00025600000001,0.8,50.0,True,0.9621580621693739
5140f63a7.jpg,116.00025600000001,0.9,57.0,True,0.9560974511116108
5140f63a7.jpg,116.00025600000001,1.0,62.99980799999997,True,0.9221195858788164
4ef7aa594.jpg,40.99968,0.2,7.999488000000007,False,0.0
4ef7aa594.jpg,40.99968,0.3,11.999488000000007,False,0.0
4ef7aa594.jpg,40.99968,0.4,15.999488000000007,False,0.0
4ef7aa594.jpg,40.99968,0.5,20.999488000000007,False,0.0
4ef7aa594.jpg,40.99968,0.6,24.999488000000007,False,0.0
4ef7aa594.jpg,40.99968,0.7,28.999488000000007,False,0.0
4ef7aa594.jpg,40.99968,0.8,32.99948800000001,False,0.0
4ef7aa594.jpg,40.99968,0.9,36.99948800000001,False,0.022285189873815864
4ef7aa594.jpg,40.99968,1.0,40.99948800000001,False,0.0
183896083.jpg,122.999808,0.2,24.999743999999993,False,0.36286689451393883
183896083.jpg,122.999808,0.3,36.99974399999999,False,0.4455755122553855
183896083.jpg,122.999808,0.4,48.99974399999999,True,0.6183178843161161
183896083.jpg,122.999808,0.5,61.99974399999999,True,0.556846838771073
183896083.jpg,122.999808,0.6,73.99974399999999,True,0.6228342487464131
183896083.jpg,122.999808,0.7,85.99974399999999,True,0.8230924976322406
183896083.jpg,122.999808,0.8,97.99974399999999,True,0.8634971853153818
183896083.jpg,122.999808,0.9,110.99974399999999,True,0.9164127654200293
183896083.jpg,122.999808,1.0,122.99974399999999,True,0.916762811223822
a616f7e91.jpg,12.999936000000002,0.2,3.0001920000000055,False,0.0
a616f7e91.jpg,12.999936000000002,0.3,4.0001920000000055,False,0.0
a616f7e91.jpg,12.999936000000002,0.4,5.0001920000000055,False,0.0
a616f7e91.jpg,12.999936000000002,0.5,6.0001920000000055,False,0.0
a616f7e91.jpg,12.999936000000002,0.6,8.000192000000006,False,0.0
a616f7e91.jpg,12.999936000000002,0.7,9.000192000000006,False,0.0
a616f7e91.jpg,12.999936000000002,0.8,10.000192000000006,False,0.0
a616f7e91.jpg,12.999936000000002,0.9,12.000192000000006,True,0.5050988579041312
a616f7e91.jpg,12.999936000000002,1.0,12.999936000000005,True,0.5655180042621536
cfd639214.jpg,80.000256,0.2,16.000256000000007,False,0.0
cfd639214.jpg,80.000256,0.3,24.000256000000007,False,0.0
cfd639214.jpg,80.000256,0.4,32.00025600000001,False,0.0
cfd639214.jpg,80.000256,0.5,40.00025600000001,False,0.0
cfd639214.jpg,80.000256,0.6,48.00025600000001,False,0.0
cfd639214.jpg,80.000256,0.7,56.00025600000001,True,0.955201843357464
cfd639214.jpg,80.000256,0.8,64.00025600000001,True,0.8043986059841215
cfd639214.jpg,80.000256,0.9,72.00025600000001,True,0.8874384069803342
cfd639214.jpg,80.000256,1.0,80.00025600000001,True,0.9036833843388704
75353e786.jpg,64.99968,0.2,12.999807999999994,True,0.5838169278936577
75353e786.jpg,64.99968,0.3,19.999807999999994,False,0.0
75353e786.jpg,64.99968,0.4,25.999807999999994,True,0.7510285087619143
75353e786.jpg,64.99968,0.5,32.999807999999994,True,0.8888211940695588
75353e786.jpg,64.99968,0.6,38.999807999999994,True,0.9028601209760863
75353e786.jpg,64.99968,0.7,44.999807999999994,True,0.8753371710218334
75353e786.jpg,64.99968,0.8,51.999807999999994,True,0.9277210264165199
75353e786.jpg,64.99968,0.9,57.999807999999994,True,0.9295125154299464
75353e786.jpg,64.99968,1.0,64.99968000000001,True,0.9696895131474188
790f10424.jpg,133.99987199999998,0.2,26.999616000000003,False,0.0
790f10424.jpg,133.99987199999998,0.3,39.999616,False,0.4601915633989754
790f10424.jpg,133.99987199999998,0.4,53.999616,True,0.564427553898097
790f10424.jpg,133.99987199999998,0.5,66.999616,True,0.6240264748092412
790f10424.jpg,133.99987199999998,0.6,79.999616,True,0.7602718139655731
790f10424.jpg,133.99987199999998,0.7,93.999616,True,0.8389925250288487
790f10424.jpg,133.99987199999998,0.8,106.999616,True,0.9257440716214802
790f10424.jpg,133.99987199999998,0.9,120.999616,True,0.9783895695271669
790f10424.jpg,133.99987199999998,1.0,133.999616,True,0.9015012506260797
d1e7d5121.jpg,389.99961600000006,0.2,77.99968000000001,True,0.5112524945645006
d1e7d5121.jpg,389.99961600000006,0.3,116.99968000000001,True,0.6700652957962684
d1e7d5121.jpg,389.99961600000006,0.4,155.99968,True,0.7489034305640626
d1e7d5121.jpg,389.99961600000006,0.5,194.99968,True,0.7317862561872518
d1e7d5121.jpg,389.99961600000006,0.6,233.99968,True,0.7765124871029061
d1e7d5121.jpg,389.99961600000006,0.7,272.99968,True,0.8402612662447262
d1e7d5121.jpg,389.99961600000006,0.8,311.99968,True,0.9287600537030566
d1e7d5121.jpg,389.99961600000006,0.9,350.99968,True,0.9477033939261087
d1e7d5121.jpg,389.99961600000006,1.0,389.99961600000006,True,0.9504350125298671
283984a02.jpg,170.999808,0.2,26.99980800000003,False,0.0
283984a02.jpg,170.999808,0.3,40.99980800000003,True,0.7363300374566952
283984a02.jpg,170.999808,0.4,53.99980800000003,True,0.7080085408457917
283984a02.jpg,170.999808,0.5,67.99980800000003,True,0.8990090839873819
283984a02.jpg,170.999808,0.6,80.99980800000003,True,0.9277145460748532
283984a02.jpg,170.999808,0.7,94.99980800000003,True,0.9227911962863661
283984a02.jpg,170.999808,0.8,107.99980800000003,True,0.7898521537693897
283984a02.jpg,170.999808,0.9,121.99980800000003,True,0.8627582984928179
283984a02.jpg,170.999808,1.0,134.99980800000003,True,0.9347412495552408
056f0d58d.jpg,35.000064,0.2,5.0,False,0.0
056f0d58d.jpg,35.000064,0.3,7.0,False,0.0
056f0d58d.jpg,35.000064,0.4,10.0,False,0.0
056f0d58d.jpg,35.000064,0.5,12.0,False,0.0
056f0d58d.jpg,35.000064,0.6,15.0,False,0.0
056f0d58d.jpg,35.000064,0.7,17.0,True,0.8131938092973792
056f0d58d.jpg,35.000064,0.8,20.0,True,0.8674010616579112
056f0d58d.jpg,35.000064,0.9,22.0,True,0.8964122310228125
056f0d58d.jpg,35.000064,1.0,24.999935999999934,True,0.8931400755918218
bd84abcb4.jpg,175.00032000000002,0.2,34.99987199999998,False,0.0
bd84abcb4.jpg,175.00032000000002,0.3,52.99987199999998,False,0.32929736731614956
bd84abcb4.jpg,175.00032000000002,0.4,69.99987199999998,False,0.4782208357861518
bd84abcb4.jpg,175.00032000000002,0.5,87.99987199999998,True,0.5903534051727191
bd84abcb4.jpg,175.00032000000002,0.6,104.99987199999998,True,0.663134327796767
bd84abcb4.jpg,175.00032000000002,0.7,122.99987199999998,True,0.7727013306616195
bd84abcb4.jpg,175.00032000000002,0.8,139.99987199999998,True,0.8443674383313498
bd84abcb4.jpg,175.00032000000002,0.9,157.99987199999998,True,0.9064271775637308
bd84abcb4.jpg,175.00032000000002,1.0,174.99987199999998,True,0.9541650580766281
f7e3fcf8b.jpg,110.999808,0.2,22.000192000000084,False,0.0
f7e3fcf8b.jpg,110.999808,0.3,33.000192000000084,True,0.5928065726878606
f7e3fcf8b.jpg,110.999808,0.4,44.000192000000084,True,0.5123308029506723
f7e3fcf8b.jpg,110.999808,0.5,55.000192000000084,True,0.6177223015540375
f7e3fcf8b.jpg,110.999808,0.6,67.00019200000008,True,0.7859885670983565
f7e3fcf8b.jpg,110.999808,0.7,78.00019200000008,True,0.8025035336307479
f7e3fcf8b.jpg,110.999808,0.8,89.00019200000008,True,0.8690406862522259
f7e3fcf8b.jpg,110.999808,0.9,100.00019200000008,True,0.8844150843381877
f7e3fcf8b.jpg,110.999808,1.0,110.99980800000003,True,0.8621909112118067
622d6d0d4.jpg,14.999808,0.2,3.0001920000000837,False,0.0
622d6d0d4.jpg,14.999808,0.3,4.000192000000084,False,0.0
622d6d0d4.jpg,14.999808,0.4,6.000192000000084,False,0.0
622d6d0d4.jpg,14.999808,0.5,7.000192000000084,False,0.0
622d6d0d4.jpg,14.999808,0.6,9.000192000000084,False,0.0
622d6d0d4.jpg,14.999808,0.7,10.000192000000084,True,0.614530275012931
622d6d0d4.jpg,14.999808,0.8,12.000192000000084,True,0.692756979283087
622d6d0d4.jpg,14.999808,0.9,13.000192000000084,True,0.6406672929888007
622d6d0d4.jpg,14.999808,1.0,14.99980800000003,True,0.6293493409010016
fa092f735.jpg,190.00012800000002,0.2,18.000063999999952,False,0.13524149285227471
fa092f735.jpg,190.00012800000002,0.3,27.000063999999952,False,0.13835840912705735
fa092f735.jpg,190.00012800000002,0.4,36.00006399999995,False,0.0
fa092f735.jpg,190.00012800000002,0.5,44.00006399999995,True,0.8461397888138492
fa092f735.jpg,190.00012800000002,0.6,53.00006399999995,True,0.8642749581428356
fa092f735.jpg,190.00012800000002,0.7,62.00006399999995,True,0.8420803390283972
fa092f735.jpg,190.00012800000002,0.8,71.00006399999995,True,0.8816425460968511
fa092f735.jpg,190.00012800000002,0.9,80.00006399999995,True,0.9325041076409519
fa092f735.jpg,190.00012800000002,1.0,88.9996799999999,True,0.9124643431987166
7d8e4f383.jpg,14.999808,0.2,3.000128000000018,False,0.0
7d8e4f383.jpg,14.999808,0.3,4.000128000000018,False,0.0
7d8e4f383.jpg,14.999808,0.4,6.000128000000018,False,0.0
7d8e4f383.jpg,14.999808,0.5,7.000128000000018,False,0.0
7d8e4f383.jpg,14.999808,0.6,9.000128000000018,False,0.0
7d8e4f383.jpg,14.999808,0.7,10.000128000000018,False,0.0
7d8e4f383.jpg,14.999808,0.8,12.000128000000018,False,0.0
7d8e4f383.jpg,14.999808,0.9,13.000128000000018,True,0.9161591573688863
7d8e4f383.jpg,14.999808,1.0,14.99980800000003,True,0.7929420615931143
ca734e1f7.jpg,18.000384,0.2,4.0001279999999895,False,0.0
ca734e1f7.jpg,18.000384,0.3,5.0001279999999895,False,0.0
ca734e1f7.jpg,18.000384,0.4,7.0001279999999895,False,0.0
ca734e1f7.jpg,18.000384,0.5,9.00012799999999,False,0.0
ca734e1f7.jpg,18.000384,0.6,11.00012799999999,False,0.0
ca734e1f7.jpg,18.000384,0.7,13.00012799999999,False,0.0
ca734e1f7.jpg,18.000384,0.8,14.00012799999999,False,0.0
ca734e1f7.jpg,18.000384,0.9,16.00012799999999,False,0.0
ca734e1f7.jpg,18.000384,1.0,18.00012799999999,True,0.7022028126361081
9f9fe4dbc.jpg,71.00006400000001,0.2,11.999872,False,0.0
9f9fe4dbc.jpg,71.00006400000001,0.3,17.999872,False,0.0
9f9fe4dbc.jpg,71.00006400000001,0.4,23.999872,False,0.0
9f9fe4dbc.jpg,71.00006400000001,0.5,30.999872,True,0.6120357936777278
9f9fe4dbc.jpg,71.00006400000001,0.6,36.999871999999996,True,0.864447952006704
9f9fe4dbc.jpg,71.00006400000001,0.7,42.999871999999996,True,0.9208737407613268
9f9fe4dbc.jpg,71.00006400000001,0.8,48.999871999999996,True,0.9488265467534078
9f9fe4dbc.jpg,71.00006400000001,0.9,54.999871999999996,True,0.939841683354559
9f9fe4dbc.jpg,71.00006400000001,1.0,60.999871999999996,True,0.9747785298984402
c136a2d52.jpg,67.00032,0.2,13.000448000000063,False,0.0
c136a2d52.jpg,67.00032,0.3,20.000448000000063,True,0.65334975840331
c136a2d52.jpg,67.00032,0.4,27.000448000000063,True,0.7847528322296202
c136a2d52.jpg,67.00032,0.5,33.00044800000006,True,0.8512503899218803
c136a2d52.jpg,67.00032,0.6,40.00044800000006,True,0.9131482407460206
c136a2d52.jpg,67.00032,0.7,47.00044800000006,True,0.6844834039445624
c136a2d52.jpg,67.00032,0.8,54.00044800000006,True,0.7038612185435577
c136a2d52.jpg,67.00032,0.9,60.00044800000006,True,0.8456435346914741
c136a2d52.jpg,67.00032,1.0,67.00031999999999,True,0.8984663257250287
5e7e13572.jpg,46.000128,0.2,4.999807999999973,False,0.0
5e7e13572.jpg,46.000128,0.3,7.999807999999973,False,0.0
5e7e13572.jpg,46.000128,0.4,9.999807999999973,False,0.0
5e7e13572.jpg,46.000128,0.5,12.999807999999973,False,0.0
5e7e13572.jpg,46.000128,0.6,15.999807999999973,True,0.7157718955753273
5e7e13572.jpg,46.000128,0.7,17.999807999999973,True,0.8233632251515898
5e7e13572.jpg,46.000128,0.8,20.999807999999973,True,0.8279610619022865
5e7e13572.jpg,46.000128,0.9,22.999807999999973,True,0.8010790822281416
5e7e13572.jpg,46.000128,1.0,25.999807999999973,True,0.7502142690726208
63f91fd81.jpg,88.99968,0.2,11.000255999999979,False,0.0
63f91fd81.jpg,88.99968,0.3,17.00025599999998,True,0.7455184038845369
63f91fd81.jpg,88.99968,0.4,23.00025599999998,True,0.731283466133199
63f91fd81.jpg,88.99968,0.5,28.00025599999998,False,0.47940169872454763
63f91fd81.jpg,88.99968,0.6,34.00025599999998,True,0.6556896345437012
63f91fd81.jpg,88.99968,0.7,40.00025599999998,True,0.7488443421963851
63f91fd81.jpg,88.99968,0.8,46.00025599999998,True,0.8772537974803601
63f91fd81.jpg,88.99968,0.9,51.00025599999998,True,0.9193340129266964
63f91fd81.jpg,88.99968,1.0,57.00019199999997,True,0.9216125981345122
e220af7e4.jpg,16.999679999999998,0.2,2.999680000000012,False,0.0
e220af7e4.jpg,16.999679999999998,0.3,4.999680000000012,False,0.0
e220af7e4.jpg,16.999679999999998,0.4,5.999680000000012,False,0.0
e220af7e4.jpg,16.999679999999998,0.5,7.999680000000012,False,0.0
e220af7e4.jpg,16.999679999999998,0.6,9.999680000000012,False,0.0
e220af7e4.jpg,16.999679999999998,0.7,10.999680000000012,False,0.0
e220af7e4.jpg,16.999679999999998,0.8,12.999680000000012,False,0.0
e220af7e4.jpg,16.999679999999998,0.9,13.999680000000012,False,0.0
e220af7e4.jpg,16.999679999999998,1.0,15.999680000000012,False,0.0
e1e970b82.jpg,109.999872,0.2,22.00012799999996,True,0.6620866304342876
e1e970b82.jpg,109.999872,0.3,33.00012799999996,True,0.7669039947566486
e1e970b82.jpg,109.999872,0.4,44.00012799999996,True,0.7226295250817594
e1e970b82.jpg,109.999872,0.5,55.00012799999996,True,0.6277261499526704
e1e970b82.jpg,109.999872,0.6,66.00012799999996,True,0.7323337550129956
e1e970b82.jpg,109.999872,0.7,77.00012799999996,True,0.8020781924496766
e1e970b82.jpg,109.999872,0.8,88.00012799999996,True,0.7126392969519995
e1e970b82.jpg,109.999872,0.9,99.00012799999996,True,0.8012166364480241
e1e970b82.jpg,109.999872,1.0,109.99987199999998,True,0.8024707744043877
a14c0830d.jpg,12.0,0.2,2.00038399999994,False,0.0
a14c0830d.jpg,12.0,0.3,4.00038399999994,False,0.0
a14c0830d.jpg,12.0,0.4,5.00038399999994,False,0.0
a14c0830d.jpg,12.0,0.5,6.00038399999994,False,0.0
a14c0830d.jpg,12.0,0.6,7.00038399999994,False,0.0
a14c0830d.jpg,12.0,0.7,8.00038399999994,False,0.0
a14c0830d.jpg,12.0,0.8,10.00038399999994,True,0.719660309584647
a14c0830d.jpg,12.0,0.9,11.00038399999994,True,0.6664475109950768
a14c0830d.jpg,12.0,1.0,12.0,True,0.6947050186315836
859bb4bc8.jpg,81.000192,0.2,16.0,True,0.6868358277226221
859bb4bc8.jpg,81.000192,0.3,24.0,False,0.4964953650828518
859bb4bc8.jpg,81.000192,0.4,32.0,True,0.5239104311220555
859bb4bc8.jpg,81.000192,0.5,41.0,True,0.5741416727553137
859bb4bc8.jpg,81.000192,0.6,49.0,True,0.7332360841786014
859bb4bc8.jpg,81.000192,0.7,57.0,True,0.7578481608313032
859bb4bc8.jpg,81.000192,0.8,65.0,True,0.8523963712976901
859bb4bc8.jpg,81.000192,0.9,73.0,True,0.9128157427371473
859bb4bc8.jpg,81.000192,1.0,81.0,True,0.941440093156271
c2d1bbf6a.jpg,94.000128,0.2,13.000448000000006,True,0.5712295439388324
c2d1bbf6a.jpg,94.000128,0.3,20.000448000000006,False,0.0
c2d1bbf6a.jpg,94.000128,0.4,26.000448000000006,True,0.5853823842763983
c2d1bbf6a.jpg,94.000128,0.5,33.000448000000006,True,0.911104761336877
c2d1bbf6a.jpg,94.000128,0.6,40.000448000000006,True,0.860444918865345
c2d1bbf6a.jpg,94.000128,0.7,46.000448000000006,True,0.9148204052245122
c2d1bbf6a.jpg,94.000128,0.8,53.000448000000006,True,0.9348683983445146
c2d1bbf6a.jpg,94.000128,0.9,59.000448000000006,True,0.9458808413836062
c2d1bbf6a.jpg,94.000128,1.0,66.00038399999994,True,0.8841997160691702
e10b4d0ae.jpg,22.000128,0.2,4.000191999999998,False,0.0
e10b4d0ae.jpg,22.000128,0.3,7.000191999999998,False,0.0
e10b4d0ae.jpg,22.000128,0.4,9.000191999999998,False,0.0
e10b4d0ae.jpg,22.000128,0.5,11.000191999999998,False,0.0
e10b4d0ae.jpg,22.000128,0.6,13.000191999999998,True,0.6676166747449055
e10b4d0ae.jpg,22.000128,0.7,15.000191999999998,True,0.6841153972350859
e10b4d0ae.jpg,22.000128,0.8,18.000192,True,0.7086040098431196
e10b4d0ae.jpg,22.000128,0.9,20.000192,True,0.7175756792313785
e10b4d0ae.jpg,22.000128,1.0,22.00012799999999,True,0.7725363420470142
95940e5b9.jpg,241.99987199999998,0.2,43.000256000000036,False,0.0
95940e5b9.jpg,241.99987199999998,0.3,65.00025600000004,False,0.0
95940e5b9.jpg,241.99987199999998,0.4,86.00025600000004,False,0.4831480268301655
95940e5b9.jpg,241.99987199999998,0.5,108.00025600000004,False,0.0
95940e5b9.jpg,241.99987199999998,0.6,130.00025600000004,True,0.7775978125289279
95940e5b9.jpg,241.99987199999998,0.7,151.00025600000004,True,0.8015912195525149
95940e5b9.jpg,241.99987199999998,0.8,173.00025600000004,False,0.0
95940e5b9.jpg,241.99987199999998,0.9,194.00025600000004,True,0.9775746993818215
95940e5b9.jpg,241.99987199999998,1.0,216.0,True,0.9448714849809046
4cfe8d6e9.jpg,13.999872,0.2,3.0001920000000837,False,0.0
4cfe8d6e9.jpg,13.999872,0.3,4.000192000000084,False,0.0
4cfe8d6e9.jpg,13.999872,0.4,6.000192000000084,False,0.0
4cfe8d6e9.jpg,13.999872,0.5,7.000192000000084,False,0.4833523322093479
4cfe8d6e9.jpg,13.999872,0.6,8.000192000000084,True,0.5597408054655694
4cfe8d6e9.jpg,13.999872,0.7,10.000192000000084,False,0.0
4cfe8d6e9.jpg,13.999872,0.8,11.000192000000084,True,0.762854031106635
4cfe8d6e9.jpg,13.999872,0.9,13.000192000000084,False,0.0
4cfe8d6e9.jpg,13.999872,1.0,13.999872000000096,True,0.8153292898248046
6375178e4.jpg,48.999936,0.2,10.0,False,0.0
6375178e4.jpg,48.999936,0.3,15.0,False,0.0
6375178e4.jpg,48.999936,0.4,20.0,False,0.0
6375178e4.jpg,48.999936,0.5,24.0,False,0.0
6375178e4.jpg,48.999936,0.6,29.0,False,0.0
6375178e4.jpg,48.999936,0.7,34.0,False,0.0
6375178e4.jpg,48.999936,0.8,39.0,False,0.0
6375178e4.jpg,48.999936,0.9,44.0,True,0.8973186598913981
6375178e4.jpg,48.999936,1.0,48.99993599999999,True,0.7947229562777882
94387ad31.jpg,13.999872,0.2,2.999872000000039,False,0.0
94387ad31.jpg,13.999872,0.3,3.999872000000039,False,0.0
94387ad31.jpg,13.999872,0.4,5.999872000000039,False,0.0
94387ad31.jpg,13.999872,0.5,6.999872000000039,False,0.0
94387ad31.jpg,13.999872,0.6,7.999872000000039,True,0.8217171923796255
94387ad31.jpg,13.999872,0.7,9.999872000000039,True,0.7113763304852194
94387ad31.jpg,13.999872,0.8,10.999872000000039,True,0.7551625744704601
94387ad31.jpg,13.999872,0.9,12.999872000000039,True,0.8579043851621587
94387ad31.jpg,13.999872,1.0,13.999871999999982,True,0.7949075754288064
0ec205f2b.jpg,20.000256,0.2,3.000128000000018,False,0.0
0ec205f2b.jpg,20.000256,0.3,5.000128000000018,False,0.46529167347222483
0ec205f2b.jpg,20.000256,0.4,7.000128000000018,False,0.4599511336730249
0ec205f2b.jpg,20.000256,0.5,8.000128000000018,False,0.4717977746696687
0ec205f2b.jpg,20.000256,0.6,10.000128000000018,True,0.5675576868217836
0ec205f2b.jpg,20.000256,0.7,12.000128000000018,True,0.6909619994754375
0ec205f2b.jpg,20.000256,0.8,14.000128000000018,True,0.6941551403597676
0ec205f2b.jpg,20.000256,0.9,15.000128000000018,True,0.7130593125914061
0ec205f2b.jpg,20.000256,1.0,16.9996799999999,True,0.7568103029174266
9330cc637.jpg,155.000064,0.2,30.99980800000003,True,0.6842726431996108
9330cc637.jpg,155.000064,0.3,46.99980800000003,True,0.9274363112329221
9330cc637.jpg,155.000064,0.4,61.99980800000003,True,0.7975489559262066
9330cc637.jpg,155.000064,0.5,77.99980800000003,True,0.9259144649399734
9330cc637.jpg,155.000064,0.6,92.99980800000003,True,0.9130997607170416
9330cc637.jpg,155.000064,0.7,108.99980800000003,True,0.9642570728302403
9330cc637.jpg,155.000064,0.8,123.99980800000003,True,0.9664964766347235
9330cc637.jpg,155.000064,0.9,139.99980800000003,True,0.9570351261121114
9330cc637.jpg,155.000064,1.0,154.99980800000003,True,0.9421932784057679
0ca6d4877.jpg,23.000064,0.2,5.000256000000036,False,0.0
0ca6d4877.jpg,23.000064,0.3,7.000256000000036,False,0.0
0ca6d4877.jpg,23.000064,0.4,9.000256000000036,False,0.0
0ca6d4877.jpg,23.000064,0.5,11.000256000000036,False,0.0
0ca6d4877.jpg,23.000064,0.6,14.000256000000036,False,0.0
0ca6d4877.jpg,23.000064,0.7,16.000256000000036,False,0.0
0ca6d4877.jpg,23.000064,0.8,18.000256000000036,False,0.0
0ca6d4877.jpg,23.000064,0.9,21.000256000000036,False,0.0
0ca6d4877.jpg,23.000064,1.0,23.000064000000066,False,0.0
66e928af2.jpg,21.000192,0.2,3.999743999999964,False,0.0
66e928af2.jpg,21.000192,0.3,5.999743999999964,False,0.0
66e928af2.jpg,21.000192,0.4,7.999743999999964,False,0.0
66e928af2.jpg,21.000192,0.5,10.999743999999964,False,0.0
66e928af2.jpg,21.000192,0.6,12.999743999999964,False,0.0
66e928af2.jpg,21.000192,0.7,14.999743999999964,False,0.0
66e928af2.jpg,21.000192,0.8,16.999743999999964,False,0.0
66e928af2.jpg,21.000192,0.9,18.999743999999964,False,0.0
66e928af2.jpg,21.000192,1.0,20.999743999999964,False,0.0
d45c69e55.jpg,200.000256,0.2,24.00012799999996,False,0.0
d45c69e55.jpg,200.000256,0.3,37.00012799999996,False,0.4640605722942717
d45c69e55.jpg,200.000256,0.4,49.00012799999996,False,0.31042160838464417
d45c69e55.jpg,200.000256,0.5,61.00012799999996,True,0.8845941366398749
d45c69e55.jpg,200.000256,0.6,73.00012799999996,True,0.8933148068937435
d45c69e55.jpg,200.000256,0.7,85.00012799999996,True,0.9481533058401506
d45c69e55.jpg,200.000256,0.8,98.00012799999996,True,0.9743228402357036
d45c69e55.jpg,200.000256,0.9,110.00012799999996,True,0.9362976196094558
d45c69e55.jpg,200.000256,1.0,121.99987199999998,True,0.9528335054804272
7659a892c.jpg,69.000192,0.2,4.000000000000057,False,0.0
7659a892c.jpg,69.000192,0.3,5.000000000000057,False,0.0
7659a892c.jpg,69.000192,0.4,7.000000000000057,False,0.0
7659a892c.jpg,69.000192,0.5,9.000000000000057,False,0.0
7659a892c.jpg,69.000192,0.6,11.000000000000057,False,0.0
7659a892c.jpg,69.000192,0.7,13.000000000000057,False,0.0
7659a892c.jpg,69.000192,0.8,14.000000000000057,False,0.0
7659a892c.jpg,69.000192,0.9,16.000000000000057,True,0.8340399405458493
7659a892c.jpg,69.000192,1.0,18.000000000000057,True,0.7822899126444077
5974abe64.jpg,16.999679999999998,0.2,2.999935999999991,False,0.0
5974abe64.jpg,16.999679999999998,0.3,4.999935999999991,False,0.0
5974abe64.jpg,16.999679999999998,0.4,6.999935999999991,True,0.6242982290055604
5974abe64.jpg,16.999679999999998,0.5,7.999935999999991,True,0.6528987366498217
5974abe64.jpg,16.999679999999998,0.6,9.999935999999991,False,0.0
5974abe64.jpg,16.999679999999998,0.7,11.999935999999991,True,0.7619438283612463
5974abe64.jpg,16.999679999999998,0.8,13.999935999999991,True,0.8220549617738157
5974abe64.jpg,16.999679999999998,0.9,14.999935999999991,True,0.7695478717203972
5974abe64.jpg,16.999679999999998,1.0,16.999680000000012,False,0.0
649b2e8ec.jpg,151.00032000000002,0.2,20.00006400000001,False,0.49772824998056836
649b2e8ec.jpg,151.00032000000002,0.3,29.00006400000001,False,0.0
649b2e8ec.jpg,151.00032000000002,0.4,39.00006400000001,False,0.49153277302940623
649b2e8ec.jpg,151.00032000000002,0.5,49.00006400000001,True,0.7116185074861109
649b2e8ec.jpg,151.00032000000002,0.6,59.00006400000001,True,0.7669119552976117
649b2e8ec.jpg,151.00032000000002,0.7,69.00006400000001,True,0.8586245369231588
649b2e8ec.jpg,151.00032000000002,0.8,78.00006400000001,True,0.8466461962608568
649b2e8ec.jpg,151.00032000000002,0.9,88.00006400000001,True,0.8965155025349226
649b2e8ec.jpg,151.00032000000002,1.0,97.99987199999998,True,0.9284454597150235
9115f80de.jpg,56.00025599999999,0.2,11.0,False,0.0
9115f80de.jpg,56.00025599999999,0.3,17.0,False,0.32224097670672397
9115f80de.jpg,56.00025599999999,0.4,22.0,True,0.7737741766779341
9115f80de.jpg,56.00025599999999,0.5,28.0,True,0.7448520086440062
9115f80de.jpg,56.00025599999999,0.6,34.0,True,0.7459694597310751
9115f80de.jpg,56.00025599999999,0.7,39.0,True,0.7900969941769559
9115f80de.jpg,56.00025599999999,0.8,45.0,True,0.8675032193152765
9115f80de.jpg,56.00025599999999,0.9,50.0,True,0.9601975997178109
9115f80de.jpg,56.00025599999999,1.0,56.0,True,0.9189495439988671
1e1fd136c.jpg,9.000192,0.2,2.00019199999997,False,0.0
1e1fd136c.jpg,9.000192,0.3,3.00019199999997,False,0.0
1e1fd136c.jpg,9.000192,0.4,4.00019199999997,False,0.0
1e1fd136c.jpg,9.000192,0.5,4.00019199999997,False,0.0
1e1fd136c.jpg,9.000192,0.6,5.00019199999997,False,0.0
1e1fd136c.jpg,9.000192,0.7,6.00019199999997,False,0.0
1e1fd136c.jpg,9.000192,0.8,7.00019199999997,False,0.0
1e1fd136c.jpg,9.000192,0.9,8.00019199999997,False,0.0
1e1fd136c.jpg,9.000192,1.0,9.00019199999997,False,0.0
cc7877483.jpg,14.999808,0.2,3.000255999999979,False,0.0
cc7877483.jpg,14.999808,0.3,4.000255999999979,False,0.0
cc7877483.jpg,14.999808,0.4,6.000255999999979,False,0.0
cc7877483.jpg,14.999808,0.5,7.000255999999979,False,0.0
cc7877483.jpg,14.999808,0.6,9.000255999999979,False,0.0
cc7877483.jpg,14.999808,0.7,10.000255999999979,False,0.0
cc7877483.jpg,14.999808,0.8,12.000255999999979,False,0.0
cc7877483.jpg,14.999808,0.9,13.000255999999979,False,0.0
cc7877483.jpg,14.999808,1.0,14.999807999999973,False,0.4940953474529815
1373dbd93.jpg,20.000256,0.2,4.000128000000018,False,0.0
1373dbd93.jpg,20.000256,0.3,6.000128000000018,False,0.0
1373dbd93.jpg,20.000256,0.4,8.000128000000018,False,0.0
1373dbd93.jpg,20.000256,0.5,10.000128000000018,False,0.0
1373dbd93.jpg,20.000256,0.6,12.000128000000018,False,0.0
1373dbd93.jpg,20.000256,0.7,14.000128000000018,True,0.524784032486355
1373dbd93.jpg,20.000256,0.8,16.000128000000018,True,0.5377595939781352
1373dbd93.jpg,20.000256,0.9,18.000128000000018,True,0.5454113762465329
1373dbd93.jpg,20.000256,1.0,20.000128000000018,True,0.5192934075085842
40e97d711.jpg,24.999935999999998,0.2,5.000128000000018,False,0.0
40e97d711.jpg,24.999935999999998,0.3,7.000128000000018,False,0.0
40e97d711.jpg,24.999935999999998,0.4,10.000128000000018,False,0.0
40e97d711.jpg,24.999935999999998,0.5,12.000128000000018,False,0.0
40e97d711.jpg,24.999935999999998,0.6,15.000128000000018,False,0.0
40e97d711.jpg,24.999935999999998,0.7,17.000128000000018,False,0.0
40e97d711.jpg,24.999935999999998,0.8,20.000128000000018,True,0.5778333442519322
40e97d711.jpg,24.999935999999998,0.9,22.000128000000018,True,0.6007040601044267
40e97d711.jpg,24.999935999999998,1.0,24.999935999999934,True,0.507524573250049
f8db1174b.jpg,8.000256,0.2,2.0003840000000537,False,0.0
f8db1174b.jpg,8.000256,0.3,2.0003840000000537,False,0.0
f8db1174b.jpg,8.000256,0.4,3.0003840000000537,False,0.0
f8db1174b.jpg,8.000256,0.5,4.000384000000054,False,0.0
f8db1174b.jpg,8.000256,0.6,5.000384000000054,False,0.0
f8db1174b.jpg,8.000256,0.7,6.000384000000054,False,0.0
f8db1174b.jpg,8.000256,0.8,6.000384000000054,False,0.0
f8db1174b.jpg,8.000256,0.9,7.000384000000054,True,0.5204587282626645
f8db1174b.jpg,8.000256,1.0,8.000256000000036,True,0.6353604065649526
6a42583d4.jpg,108.0,0.2,13.000063999999952,False,0.17204179705584613
6a42583d4.jpg,108.0,0.3,19.000063999999952,True,0.6557328695109258
6a42583d4.jpg,108.0,0.4,26.000063999999952,False,0.0
6a42583d4.jpg,108.0,0.5,32.00006399999995,True,0.7720394919787997
6a42583d4.jpg,108.0,0.6,38.00006399999995,False,0.0
6a42583d4.jpg,108.0,0.7,45.00006399999995,True,0.8914097482231134
6a42583d4.jpg,108.0,0.8,51.00006399999995,True,0.8806075701571972
6a42583d4.jpg,108.0,0.9,58.00006399999995,True,0.8708374771833826
6a42583d4.jpg,108.0,1.0,63.999743999999964,True,0.9055877272714162
627b570cb.jpg,112.99967999999998,0.2,12.000383999999997,False,0.20975311017176296
627b570cb.jpg,112.99967999999998,0.3,18.000383999999997,False,0.23332728887719628
627b570cb.jpg,112.99967999999998,0.4,24.000383999999997,True,0.6009383680333654
627b570cb.jpg,112.99967999999998,0.5,29.000383999999997,True,0.9163116528040419
627b570cb.jpg,112.99967999999998,0.6,35.000384,True,0.9409808843574788
627b570cb.jpg,112.99967999999998,0.7,41.000384,True,0.9586736402427001
627b570cb.jpg,112.99967999999998,0.8,47.000384,True,0.9648642850003106
627b570cb.jpg,112.99967999999998,0.9,53.000384,True,0.9696031712996722
627b570cb.jpg,112.99967999999998,1.0,59.00006399999995,True,0.9390945432180323
e3eee0539.jpg,12.999936000000002,0.2,2.999743999999964,False,0.0
e3eee0539.jpg,12.999936000000002,0.3,3.999743999999964,False,0.0
e3eee0539.jpg,12.999936000000002,0.4,4.999743999999964,False,0.0
e3eee0539.jpg,12.999936000000002,0.5,6.999743999999964,False,0.0
e3eee0539.jpg,12.999936000000002,0.6,7.999743999999964,False,0.0
e3eee0539.jpg,12.999936000000002,0.7,8.999743999999964,True,0.559451472829468
e3eee0539.jpg,12.999936000000002,0.8,9.999743999999964,True,0.577148051358987
e3eee0539.jpg,12.999936000000002,0.9,11.999743999999964,True,0.585037563858057
e3eee0539.jpg,12.999936000000002,1.0,12.999743999999964,True,0.6390934957908976
3b4c3fa46.jpg,94.000128,0.2,9.999743999999964,False,0.0
3b4c3fa46.jpg,94.000128,0.3,13.999743999999964,False,0.23427830174809217
3b4c3fa46.jpg,94.000128,0.4,18.999743999999964,False,0.0
3b4c3fa46.jpg,94.000128,0.5,23.999743999999964,False,0.0
3b4c3fa46.jpg,94.000128,0.6,28.999743999999964,True,0.8488898537415921
3b4c3fa46.jpg,94.000128,0.7,33.999743999999964,True,0.9614541769372429
3b4c3fa46.jpg,94.000128,0.8,37.999743999999964,True,0.9451372316540928
3b4c3fa46.jpg,94.000128,0.9,42.999743999999964,True,0.9739127626149413
3b4c3fa46.jpg,94.000128,1.0,47.999743999999964,True,0.9830999505991567
4086a8dfc.jpg,60.0,0.2,10.00019199999997,False,0.16821472000182222
4086a8dfc.jpg,60.0,0.3,14.00019199999997,False,0.19436804337710636
4086a8dfc.jpg,60.0,0.4,19.00019199999997,False,0.0
4086a8dfc.jpg,60.0,0.5,24.00019199999997,True,0.8877589102545511
4086a8dfc.jpg,60.0,0.6,29.00019199999997,True,0.9591418080403479
4086a8dfc.jpg,60.0,0.7,34.00019199999997,True,0.8684372828266552
4086a8dfc.jpg,60.0,0.8,38.00019199999997,True,0.9690346284199218
4086a8dfc.jpg,60.0,0.9,43.00019199999997,True,0.9603046740102789
4086a8dfc.jpg,60.0,1.0,48.0,True,0.9578307991092871
3ff475406.jpg,29.999616,0.2,2.000255999999979,False,0.0
3ff475406.jpg,29.999616,0.3,3.000255999999979,False,0.0
3ff475406.jpg,29.999616,0.4,4.000255999999979,False,0.0
3ff475406.jpg,29.999616,0.5,5.000255999999979,False,0.0
3ff475406.jpg,29.999616,0.6,7.000255999999979,False,0.0
3ff475406.jpg,29.999616,0.7,8.000255999999979,False,0.0
3ff475406.jpg,29.999616,0.8,9.000255999999979,False,0.0
3ff475406.jpg,29.999616,0.9,10.000255999999979,False,0.0
3ff475406.jpg,29.999616,1.0,11.000063999999952,False,0.0
3fd3e6246.jpg,194.99980800000003,0.2,38.999615999999946,True,0.8766179537965583
3fd3e6246.jpg,194.99980800000003,0.3,58.999615999999946,False,0.0
3fd3e6246.jpg,194.99980800000003,0.4,77.99961599999995,True,0.8970920678597757
3fd3e6246.jpg,194.99980800000003,0.5,97.99961599999995,True,0.8393294744519182
3fd3e6246.jpg,194.99980800000003,0.6,116.99961599999995,True,0.7761918297021874
3fd3e6246.jpg,194.99980800000003,0.7,136.99961599999995,True,0.8507789407589408
3fd3e6246.jpg,194.99980800000003,0.8,155.99961599999995,True,0.9441582435398551
3fd3e6246.jpg,194.99980800000003,0.9,175.99961599999995,True,0.9471780078513611
3fd3e6246.jpg,194.99980800000003,1.0,194.99961599999995,True,0.928147098355696
815ddd80e.jpg,111.99974399999999,0.2,22.000063999999952,False,0.4484596926026969
815ddd80e.jpg,111.99974399999999,0.3,34.00006399999995,True,0.6201378208213508
815ddd80e.jpg,111.99974399999999,0.4,45.00006399999995,True,0.6428224764830851
815ddd80e.jpg,111.99974399999999,0.5,56.00006399999995,True,0.6486974225410811
815ddd80e.jpg,111.99974399999999,0.6,67.00006399999995,True,0.7354643399881703
815ddd80e.jpg,111.99974399999999,0.7,78.00006399999995,True,0.7462117482232193
815ddd80e.jpg,111.99974399999999,0.8,90.00006399999995,True,0.7989932327140395
815ddd80e.jpg,111.99974399999999,0.9,101.00006399999995,True,0.908028430499792
815ddd80e.jpg,111.99974399999999,1.0,111.99974399999996,True,0.9110429285858072
a28d6927a.jpg,10.000128,0.2,2.0001919999999984,False,0.0
a28d6927a.jpg,10.000128,0.3,3.0001919999999984,False,0.0
a28d6927a.jpg,10.000128,0.4,4.000191999999998,False,0.0
a28d6927a.jpg,10.000128,0.5,5.000191999999998,False,0.0
a28d6927a.jpg,10.000128,0.6,6.000191999999998,False,0.0
a28d6927a.jpg,10.000128,0.7,7.000191999999998,False,0.0
a28d6927a.jpg,10.000128,0.8,8.000191999999998,False,0.0
a28d6927a.jpg,10.000128,0.9,9.000191999999998,False,0.0
a28d6927a.jpg,10.000128,1.0,10.000128000000004,False,0.0
3b0c7d3a5.jpg,25.999872000000003,0.2,2.9996799999998984,False,0.0
3b0c7d3a5.jpg,25.999872000000003,0.3,4.999679999999898,False,0.0
3b0c7d3a5.jpg,25.999872000000003,0.4,6.999679999999898,False,0.0
3b0c7d3a5.jpg,25.999872000000003,0.5,8.999679999999898,False,0.0
3b0c7d3a5.jpg,25.999872000000003,0.6,9.999679999999898,False,0.0
3b0c7d3a5.jpg,25.999872000000003,0.7,11.999679999999898,True,0.5636164653210926
3b0c7d3a5.jpg,25.999872000000003,0.8,13.999679999999898,True,0.8775876537897107
3b0c7d3a5.jpg,25.999872000000003,0.9,14.999679999999898,True,0.8684199604033758
3b0c7d3a5.jpg,25.999872000000003,1.0,16.9996799999999,False,0.4681048609402204
d63134c57.jpg,26.999808,0.2,4.999871999999982,False,0.0
d63134c57.jpg,26.999808,0.3,7.999871999999982,False,0.0
d63134c57.jpg,26.999808,0.4,9.999871999999982,False,0.0
d63134c57.jpg,26.999808,0.5,12.999871999999982,False,0.0
d63134c57.jpg,26.999808,0.6,14.999871999999982,False,0.0
d63134c57.jpg,26.999808,0.7,17.999871999999982,False,0.0
d63134c57.jpg,26.999808,0.8,19.999871999999982,False,0.0
d63134c57.jpg,26.999808,0.9,22.999871999999982,False,0.19540055338678677
d63134c57.jpg,26.999808,1.0,24.999871999999982,False,0.15830515779467166
733ef4ef3.jpg,67.00032,0.2,13.000064000000009,False,0.21439352062493863
733ef4ef3.jpg,67.00032,0.3,20.00006400000001,False,0.27547232658176246
733ef4ef3.jpg,67.00032,0.4,27.00006400000001,False,0.39240021877259806
733ef4ef3.jpg,67.00032,0.5,34.00006400000001,True,0.6084384938278338
733ef4ef3.jpg,67.00032,0.6,40.00006400000001,True,0.9131734187639658
733ef4ef3.jpg,67.00032,0.7,47.00006400000001,True,0.9441406975277731
733ef4ef3.jpg,67.00032,0.8,54.00006400000001,True,0.8762636454583276
733ef4ef3.jpg,67.00032,0.9,60.00006400000001,True,0.9374321233493357
733ef4ef3.jpg,67.00032,1.0,67.00006400000001,True,0.8973228031746179
4fcd62eac.jpg,10.000128,0.2,1.9998079999999163,False,0.0
4fcd62eac.jpg,10.000128,0.3,2.9998079999999163,False,0.0
4fcd62eac.jpg,10.000128,0.4,3.9998079999999163,False,0.0
4fcd62eac.jpg,10.000128,0.5,4.999807999999916,False,0.0
4fcd62eac.jpg,10.000128,0.6,5.999807999999916,False,0.0
4fcd62eac.jpg,10.000128,0.7,6.999807999999916,False,0.0
4fcd62eac.jpg,10.000128,0.8,7.999807999999916,False,0.0
4fcd62eac.jpg,10.000128,0.9,8.999807999999916,False,0.0
4fcd62eac.jpg,10.000128,1.0,9.999807999999916,False,0.0
6ae2803e7.jpg,53.999616,0.2,10.999999999999972,False,0.0
6ae2803e7.jpg,53.999616,0.3,15.999999999999972,False,0.39767862003514176
6ae2803e7.jpg,53.999616,0.4,21.99999999999997,False,0.4745963160721728
6ae2803e7.jpg,53.999616,0.5,26.99999999999997,True,0.5316674092904411
6ae2803e7.jpg,53.999616,0.6,31.99999999999997,True,0.6785635899313166
6ae2803e7.jpg,53.999616,0.7,37.99999999999997,True,0.5465049065267452
6ae2803e7.jpg,53.999616,0.8,42.99999999999997,True,0.7181052674873915
6ae2803e7.jpg,53.999616,0.9,48.99999999999997,True,0.9055620647923317
6ae2803e7.jpg,53.999616,1.0,53.99961600000003,True,0.8842327658685611
e88a92edd.jpg,25.999872000000003,0.2,4.000255999999979,False,0.0
e88a92edd.jpg,25.999872000000003,0.3,6.000255999999979,False,0.0
e88a92edd.jpg,25.999872000000003,0.4,8.000255999999979,False,0.0
e88a92edd.jpg,25.999872000000003,0.5,10.000255999999979,False,0.0
e88a92edd.jpg,25.999872000000003,0.6,13.000255999999979,False,0.0
e88a92edd.jpg,25.999872000000003,0.7,15.000255999999979,False,0.0
e88a92edd.jpg,25.999872000000003,0.8,17.00025599999998,False,0.0
e88a92edd.jpg,25.999872000000003,0.9,19.00025599999998,False,0.0
e88a92edd.jpg,25.999872000000003,1.0,21.00019199999997,False,0.0
5022708c6.jpg,21.000192,0.2,4.0,False,0.0
5022708c6.jpg,21.000192,0.3,6.0,False,0.0
5022708c6.jpg,21.000192,0.4,8.0,False,0.0
5022708c6.jpg,21.000192,0.5,11.0,False,0.0
5022708c6.jpg,21.000192,0.6,13.0,True,0.8473528415084381
5022708c6.jpg,21.000192,0.7,15.0,True,0.8787916051897182
5022708c6.jpg,21.000192,0.8,17.0,True,0.7937159680574984
5022708c6.jpg,21.000192,0.9,19.0,True,0.8297270501660435
5022708c6.jpg,21.000192,1.0,21.0,True,0.8585320082640019
e0f916574.jpg,9.000192,0.2,2.000063999999952,False,0.0
e0f916574.jpg,9.000192,0.3,3.000063999999952,False,0.0
e0f916574.jpg,9.000192,0.4,4.000063999999952,False,0.0
e0f916574.jpg,9.000192,0.5,5.000063999999952,False,0.0
e0f916574.jpg,9.000192,0.6,5.000063999999952,False,0.0
e0f916574.jpg,9.000192,0.7,6.000063999999952,False,0.0
e0f916574.jpg,9.000192,0.8,7.000063999999952,False,0.0
e0f916574.jpg,9.000192,0.9,8.000063999999952,False,0.0
e0f916574.jpg,9.000192,1.0,9.000063999999952,False,0.0
d6b59d78d.jpg,43.00032,0.2,8.999935999999991,False,0.0
d6b59d78d.jpg,43.00032,0.3,12.999935999999991,False,0.0
d6b59d78d.jpg,43.00032,0.4,16.99993599999999,False,0.0
d6b59d78d.jpg,43.00032,0.5,21.99993599999999,False,0.0
d6b59d78d.jpg,43.00032,0.6,25.99993599999999,False,0.0
d6b59d78d.jpg,43.00032,0.7,29.99993599999999,False,0.0
d6b59d78d.jpg,43.00032,0.8,33.99993599999999,False,0.0
d6b59d78d.jpg,43.00032,0.9,38.99993599999999,False,0.0
d6b59d78d.jpg,43.00032,1.0,42.99993599999999,False,0.0
87139470c.jpg,151.00032000000002,0.2,30.000255999999993,False,0.2893445385627129
87139470c.jpg,151.00032000000002,0.3,45.00025599999999,False,0.36568060573609107
87139470c.jpg,151.00032000000002,0.4,60.00025599999999,True,0.6252922861755568
87139470c.jpg,151.00032000000002,0.5,75.000256,True,0.6181599077535085
87139470c.jpg,151.00032000000002,0.6,91.000256,True,0.7733159841394851
87139470c.jpg,151.00032000000002,0.7,106.000256,True,0.7651221142066277
87139470c.jpg,151.00032000000002,0.8,121.000256,True,0.8642379342118984
87139470c.jpg,151.00032000000002,0.9,136.00025599999998,True,0.8931382784724528
87139470c.jpg,151.00032000000002,1.0,151.00025599999998,True,0.8993341343733833
b0928552f.jpg,21.000192,0.2,4.000064000000009,False,0.0
b0928552f.jpg,21.000192,0.3,6.000064000000009,False,0.0
b0928552f.jpg,21.000192,0.4,8.000064000000009,False,0.0
b0928552f.jpg,21.000192,0.5,11.000064000000009,False,0.0
b0928552f.jpg,21.000192,0.6,13.000064000000009,False,0.0
b0928552f.jpg,21.000192,0.7,15.000064000000009,False,0.0
b0928552f.jpg,21.000192,0.8,17.00006400000001,False,0.4824913242671061
b0928552f.jpg,21.000192,0.9,19.00006400000001,False,0.4797475515461425
b0928552f.jpg,21.000192,1.0,21.00006400000001,True,0.6471848696199598
d993d97f0.jpg,169.99987199999998,0.2,17.000128000000004,True,0.5700189773166889
d993d97f0.jpg,169.99987199999998,0.3,25.000128000000004,True,0.8259053875469045
d993d97f0.jpg,169.99987199999998,0.4,34.000128000000004,True,0.8684644070348576
d993d97f0.jpg,169.99987199999998,0.5,42.000128000000004,True,0.8561820330398763
d993d97f0.jpg,169.99987199999998,0.6,50.000128000000004,True,0.9192258649437095
d993d97f0.jpg,169.99987199999998,0.7,59.000128000000004,True,0.8915510640772293
d993d97f0.jpg,169.99987199999998,0.8,67.000128,True,0.9103561101822545
d993d97f0.jpg,169.99987199999998,0.9,76.000128,True,0.9313592380910105
d993d97f0.jpg,169.99987199999998,1.0,83.99999999999999,True,0.8693414302539905
5088fbed2.jpg,92.000256,0.2,17.999871999999982,False,0.20006137103732113
5088fbed2.jpg,92.000256,0.3,27.999871999999982,False,0.2456949758663144
5088fbed2.jpg,92.000256,0.4,36.99987199999998,False,0.37860955996479984
5088fbed2.jpg,92.000256,0.5,45.99987199999998,True,0.5653462349514582
5088fbed2.jpg,92.000256,0.6,54.99987199999998,True,0.5922006101244631
5088fbed2.jpg,92.000256,0.7,63.99987199999998,True,0.6968527921822594
5088fbed2.jpg,92.000256,0.8,73.99987199999998,True,0.7932556768636491
5088fbed2.jpg,92.000256,0.9,82.99987199999998,True,0.8280700004562328
5088fbed2.jpg,92.000256,1.0,91.99987199999998,True,0.8197782868403822
4f9cd41b8.jpg,158.999808,0.2,22.99993599999999,True,0.6012566138952181
4f9cd41b8.jpg,158.999808,0.3,33.99993599999999,False,0.0
4f9cd41b8.jpg,158.999808,0.4,45.99993599999999,True,0.5831255905173414
4f9cd41b8.jpg,158.999808,0.5,56.99993599999999,True,0.9573977748823527
4f9cd41b8.jpg,158.999808,0.6,67.99993599999999,True,0.8101455515774068
4f9cd41b8.jpg,158.999808,0.7,79.99993599999999,True,0.8759302302991087
4f9cd41b8.jpg,158.999808,0.8,90.99993599999999,True,0.9809501043956734
4f9cd41b8.jpg,158.999808,0.9,102.99993599999999,True,0.95104893888377
4f9cd41b8.jpg,158.999808,1.0,113.99993599999999,True,0.9395403706126787
b56fad4b6.jpg,26.999808,0.2,2.999616000000003,False,0.0
b56fad4b6.jpg,26.999808,0.3,4.999616000000003,False,0.0
b56fad4b6.jpg,26.999808,0.4,6.999616000000003,False,0.0
b56fad4b6.jpg,26.999808,0.5,8.999616000000003,False,0.0
b56fad4b6.jpg,26.999808,0.6,9.999616000000003,False,0.0
b56fad4b6.jpg,26.999808,0.7,11.999616000000003,True,0.7592179227908205
b56fad4b6.jpg,26.999808,0.8,13.999616000000003,True,0.8319320900330389
b56fad4b6.jpg,26.999808,0.9,14.999616000000003,True,0.7711338127337126
b56fad4b6.jpg,26.999808,1.0,16.999616000000003,True,0.8094765840686952
d62e79403.jpg,88.99968,0.2,12.000064000000009,False,0.2116273499531199
d62e79403.jpg,88.99968,0.3,17.00006400000001,False,0.0
d62e79403.jpg,88.99968,0.4,23.00006400000001,False,0.0
d62e79403.jpg,88.99968,0.5,29.00006400000001,False,0.0
d62e79403.jpg,88.99968,0.6,35.00006400000001,True,0.83157023685081
d62e79403.jpg,88.99968,0.7,41.00006400000001,True,0.9397268898837055
d62e79403.jpg,88.99968,0.8,46.00006400000001,True,0.9465809634726275
d62e79403.jpg,88.99968,0.9,52.00006400000001,True,0.9618325122726425
d62e79403.jpg,88.99968,1.0,58.00006400000001,True,0.9362173191785202
be0cab659.jpg,32.000256,0.2,4.999680000000012,False,0.0
be0cab659.jpg,32.000256,0.3,7.999680000000012,False,0.0
be0cab659.jpg,32.000256,0.4,10.999680000000012,False,0.0
be0cab659.jpg,32.000256,0.5,13.999680000000012,False,0.0
be0cab659.jpg,32.000256,0.6,15.999680000000012,False,0.0
be0cab659.jpg,32.000256,0.7,18.999680000000012,True,0.780074927159035
be0cab659.jpg,32.000256,0.8,21.999680000000012,True,0.7459202421399406
be0cab659.jpg,32.000256,0.9,23.999680000000012,True,0.7692417526658317
be0cab659.jpg,32.000256,1.0,26.999680000000012,True,0.8267902721013143
06b6b6570.jpg,202.00012800000002,0.2,40.000127999999904,True,0.8498128228711849
06b6b6570.jpg,202.00012800000002,0.3,61.000127999999904,True,0.5892886362991933
06b6b6570.jpg,202.00012800000002,0.4,81.0001279999999,True,0.6973393724949202
06b6b6570.jpg,202.00012800000002,0.5,101.0001279999999,True,0.6828312564812082
06b6b6570.jpg,202.00012800000002,0.6,121.0001279999999,True,0.7447088221490656
06b6b6570.jpg,202.00012800000002,0.7,141.0001279999999,True,0.9217463219395502
06b6b6570.jpg,202.00012800000002,0.8,162.0001279999999,True,0.9108549739905176
06b6b6570.jpg,202.00012800000002,0.9,182.0001279999999,True,0.9250744453538016
06b6b6570.jpg,202.00012800000002,1.0,202.0001279999999,True,0.9228727578883461
ef63ebe79.jpg,194.99980800000003,0.2,21.99974400000002,False,0.0
ef63ebe79.jpg,194.99980800000003,0.3,33.99974400000002,True,0.839241048299093
ef63ebe79.jpg,194.99980800000003,0.4,44.99974400000002,True,0.6512328000259301
ef63ebe79.jpg,194.99980800000003,0.5,55.99974400000002,True,0.6977974360862946
ef63ebe79.jpg,194.99980800000003,0.6,66.99974400000002,True,0.8985822975221577
ef63ebe79.jpg,194.99980800000003,0.7,77.99974400000002,True,0.883553352204313
ef63ebe79.jpg,194.99980800000003,0.8,89.99974400000002,True,0.981586264060365
ef63ebe79.jpg,194.99980800000003,0.9,100.99974400000002,True,0.983084883529086
ef63ebe79.jpg,194.99980800000003,1.0,111.99974400000002,True,0.9715540654928636
d320ac3c7.jpg,248.000256,0.2,49.99993600000005,False,0.0
d320ac3c7.jpg,248.000256,0.3,73.99993600000005,False,0.49739748170331693
d320ac3c7.jpg,248.000256,0.4,98.99993600000005,True,0.7979781504820732
d320ac3c7.jpg,248.000256,0.5,123.99993600000005,True,0.8454739164561232
d320ac3c7.jpg,248.000256,0.6,148.99993600000005,True,0.889534314984998
d320ac3c7.jpg,248.000256,0.7,173.99993600000005,True,0.8772324476841474
d320ac3c7.jpg,248.000256,0.8,197.99993600000005,True,0.9269184500082962
d320ac3c7.jpg,248.000256,0.9,222.99993600000005,True,0.9280558027064894
d320ac3c7.jpg,248.000256,1.0,247.99993600000005,True,0.9580140034667974
ae1853ca8.jpg,56.00025599999999,0.2,11.000064000000066,False,0.0085180999579422
ae1853ca8.jpg,56.00025599999999,0.3,17.000064000000066,False,0.0
ae1853ca8.jpg,56.00025599999999,0.4,22.000064000000066,False,0.0
ae1853ca8.jpg,56.00025599999999,0.5,28.000064000000066,True,0.5844055946613301
ae1853ca8.jpg,56.00025599999999,0.6,34.000064000000066,False,0.0
ae1853ca8.jpg,56.00025599999999,0.7,39.000064000000066,True,0.6650117248066453
ae1853ca8.jpg,56.00025599999999,0.8,45.000064000000066,False,0.0
ae1853ca8.jpg,56.00025599999999,0.9,50.000064000000066,False,0.0
ae1853ca8.jpg,56.00025599999999,1.0,56.000064000000066,False,0.0
9de9bd6d6.jpg,92.000256,0.2,17.99999999999997,True,0.5456323028080392
9de9bd6d6.jpg,92.000256,0.3,27.99999999999997,False,0.4227122046880975
9de9bd6d6.jpg,92.000256,0.4,36.99999999999997,True,0.538037392203227
9de9bd6d6.jpg,92.000256,0.5,45.99999999999997,True,0.6180060131862042
9de9bd6d6.jpg,92.000256,0.6,54.99999999999997,True,0.7376982429325714
9de9bd6d6.jpg,92.000256,0.7,63.99999999999997,True,0.7598339338217975
9de9bd6d6.jpg,92.000256,0.8,73.99999999999997,True,0.8013311693425804
9de9bd6d6.jpg,92.000256,0.9,82.99999999999997,True,0.8754254101571023
9de9bd6d6.jpg,92.000256,1.0,91.99999999999997,True,0.8357565447250725
81580c882.jpg,45.000192,0.2,8.999935999999991,False,0.29255498204615077
81580c882.jpg,45.000192,0.3,13.999935999999991,False,0.3208352769408519
81580c882.jpg,45.000192,0.4,17.99993599999999,False,0.4955467541315934
81580c882.jpg,45.000192,0.5,22.99993599999999,True,0.5560402282704191
81580c882.jpg,45.000192,0.6,26.99993599999999,True,0.72209659984543
81580c882.jpg,45.000192,0.7,31.99993599999999,True,0.8132484678954858
81580c882.jpg,45.000192,0.8,35.99993599999999,True,0.8227071027667116
81580c882.jpg,45.000192,0.9,40.99993599999999,True,0.9437651597595215
81580c882.jpg,45.000192,1.0,44.99993599999999,True,0.8950483455925643
a57beb4af.jpg,21.000192,0.2,4.000448000000006,False,0.0
a57beb4af.jpg,21.000192,0.3,6.000448000000006,False,0.0
a57beb4af.jpg,21.000192,0.4,8.000448000000006,False,0.0
a57beb4af.jpg,21.000192,0.5,10.000448000000006,False,0.0
a57beb4af.jpg,21.000192,0.6,12.000448000000006,False,0.0
a57beb4af.jpg,21.000192,0.7,14.000448000000006,False,0.31595874537404717
a57beb4af.jpg,21.000192,0.8,16.000448000000006,False,0.2638547896441649
a57beb4af.jpg,21.000192,0.9,18.000448000000006,False,0.3709623217732346
a57beb4af.jpg,21.000192,1.0,20.000256000000036,False,0.36203337576447936
36d226661.jpg,21.000192,0.2,4.000448000000006,False,0.0
36d226661.jpg,21.000192,0.3,6.000448000000006,False,0.0
36d226661.jpg,21.000192,0.4,8.000448000000006,False,0.0
36d226661.jpg,21.000192,0.5,10.000448000000006,False,0.0
36d226661.jpg,21.000192,0.6,13.000448000000006,True,0.7344192632111961
36d226661.jpg,21.000192,0.7,15.000448000000006,True,0.7298913901439509
36d226661.jpg,21.000192,0.8,17.000448000000006,True,0.7549595273221618
36d226661.jpg,21.000192,0.9,19.000448000000006,True,0.7431075085377012
36d226661.jpg,21.000192,1.0,21.00019199999997,True,0.6621886976901435
1b0d32b96.jpg,25.999872000000003,0.2,5.000127999999961,False,0.0
1b0d32b96.jpg,25.999872000000003,0.3,7.000127999999961,False,0.0
1b0d32b96.jpg,25.999872000000003,0.4,10.000127999999961,False,0.0
1b0d32b96.jpg,25.999872000000003,0.5,12.000127999999961,True,0.6578224565736897
1b0d32b96.jpg,25.999872000000003,0.6,14.000127999999961,True,0.5885122609484483
1b0d32b96.jpg,25.999872000000003,0.7,17.00012799999996,True,0.6572916097580535
1b0d32b96.jpg,25.999872000000003,0.8,19.00012799999996,True,0.6804921488531837
1b0d32b96.jpg,25.999872000000003,0.9,22.00012799999996,True,0.7712149157127628
1b0d32b96.jpg,25.999872000000003,1.0,24.000000000000057,True,0.756762135044615
5d518d410.jpg,261.00019199999997,0.2,52.00019199999997,False,0.2923224910198404
5d518d410.jpg,261.00019199999997,0.3,78.00019199999997,False,0.4501256504271012
5d518d410.jpg,261.00019199999997,0.4,104.00019199999997,True,0.521889014796313
5d518d410.jpg,261.00019199999997,0.5,130.00019199999997,False,0.0
5d518d410.jpg,261.00019199999997,0.6,157.00019199999997,True,0.7041816764814592
5d518d410.jpg,261.00019199999997,0.7,183.00019199999997,True,0.7646964519857815
5d518d410.jpg,261.00019199999997,0.8,209.00019199999997,True,0.8092158507544424
5d518d410.jpg,261.00019199999997,0.9,235.00019199999997,True,0.933317557615473
5d518d410.jpg,261.00019199999997,1.0,261.00019199999997,True,0.9199242949659945
e37025d1e.jpg,167.000064,0.2,33.00006399999998,False,0.0
e37025d1e.jpg,167.000064,0.3,50.00006399999998,False,0.3357588481807466
e37025d1e.jpg,167.000064,0.4,67.00006399999998,False,0.45949485868356943
e37025d1e.jpg,167.000064,0.5,83.00006399999998,True,0.5289719950923697
e37025d1e.jpg,167.000064,0.6,100.00006399999998,True,0.6462588476739713
e37025d1e.jpg,167.000064,0.7,117.00006399999998,True,0.6972157579601684
e37025d1e.jpg,167.000064,0.8,134.00006399999998,True,0.8056784340717987
e37025d1e.jpg,167.000064,0.9,150.00006399999998,True,0.8502492410216916
e37025d1e.jpg,167.000064,1.0,167.00006399999998,True,0.921359203039312
7d347c547.jpg,21.000192,0.2,2.9995519999999942,False,0.0
7d347c547.jpg,21.000192,0.3,4.999551999999994,False,0.0
7d347c547.jpg,21.000192,0.4,5.999551999999994,False,0.0
7d347c547.jpg,21.000192,0.5,7.999551999999994,False,0.0
7d347c547.jpg,21.000192,0.6,9.999551999999994,False,0.3108309762522535
7d347c547.jpg,21.000192,0.7,10.999551999999994,False,0.2990394869288896
7d347c547.jpg,21.000192,0.8,12.999551999999994,True,0.636794357552791
7d347c547.jpg,21.000192,0.9,13.999551999999994,True,0.6587775149467744
7d347c547.jpg,21.000192,1.0,15.999551999999994,True,0.5948283940205543
e751ac3b5.jpg,22.000128,0.2,3.999871999999982,False,0.0
e751ac3b5.jpg,22.000128,0.3,6.999871999999982,False,0.0
e751ac3b5.jpg,22.000128,0.4,8.999871999999982,False,0.0
e751ac3b5.jpg,22.000128,0.5,10.999871999999982,False,0.0
e751ac3b5.jpg,22.000128,0.6,12.999871999999982,True,0.6155005034235009
e751ac3b5.jpg,22.000128,0.7,14.999871999999982,True,0.7248016497372748
e751ac3b5.jpg,22.000128,0.8,17.999871999999982,True,0.7894493941838115
e751ac3b5.jpg,22.000128,0.9,19.999871999999982,True,0.816838648416736
e751ac3b5.jpg,22.000128,1.0,21.999871999999982,True,0.7677554202826247
997cc6536.jpg,20.000256,0.2,4.000256000000007,False,0.0
997cc6536.jpg,20.000256,0.3,6.000256000000007,False,0.0
997cc6536.jpg,20.000256,0.4,8.000256000000007,False,0.0
997cc6536.jpg,20.000256,0.5,10.000256000000007,False,0.0
997cc6536.jpg,20.000256,0.6,12.000256000000007,False,0.0
997cc6536.jpg,20.000256,0.7,14.000256000000007,False,0.0
997cc6536.jpg,20.000256,0.8,16.000256000000007,False,0.0
997cc6536.jpg,20.000256,0.9,18.000256000000007,False,0.0
997cc6536.jpg,20.000256,1.0,20.00025599999998,False,0.0
14fb01cab.jpg,84.0,0.2,17.00006400000001,False,0.0
14fb01cab.jpg,84.0,0.3,25.00006400000001,False,0.0
14fb01cab.jpg,84.0,0.4,34.00006400000001,False,0.0
14fb01cab.jpg,84.0,0.5,42.00006400000001,False,0.0
14fb01cab.jpg,84.0,0.6,50.00006400000001,False,0.0
14fb01cab.jpg,84.0,0.7,59.00006400000001,False,0.0
14fb01cab.jpg,84.0,0.8,67.00006400000001,True,0.8671525002801949
14fb01cab.jpg,84.0,0.9,76.00006400000001,True,0.9094226634957956
14fb01cab.jpg,84.0,1.0,84.0,True,0.8558346069018901
8d52d1710.jpg,13.999872,0.2,2.999744000000021,False,0.0
8d52d1710.jpg,13.999872,0.3,3.999744000000021,False,0.0
8d52d1710.jpg,13.999872,0.4,5.999744000000021,False,0.0
8d52d1710.jpg,13.999872,0.5,6.999744000000021,False,0.0
8d52d1710.jpg,13.999872,0.6,7.999744000000021,False,0.0
8d52d1710.jpg,13.999872,0.7,9.999744000000021,False,0.0
8d52d1710.jpg,13.999872,0.8,10.999744000000021,False,0.0
8d52d1710.jpg,13.999872,0.9,12.999744000000021,False,0.0
8d52d1710.jpg,13.999872,1.0,13.999744000000021,False,0.0
fa1633dcc.jpg,219.999744,0.2,15.999871999999982,False,0.0
fa1633dcc.jpg,219.999744,0.3,23.999871999999982,True,0.5245444938428214
fa1633dcc.jpg,219.999744,0.4,31.999871999999982,False,0.0
fa1633dcc.jpg,219.999744,0.5,40.99987199999998,True,0.8364690139688601
fa1633dcc.jpg,219.999744,0.6,48.99987199999998,True,0.8934178696929077
fa1633dcc.jpg,219.999744,0.7,56.99987199999998,True,0.9872613281829684
fa1633dcc.jpg,219.999744,0.8,64.99987199999998,True,0.9810333183819699
fa1633dcc.jpg,219.999744,0.9,72.99987199999998,True,0.9801017225234144
fa1633dcc.jpg,219.999744,1.0,80.99987199999998,True,0.9754870400935657
70731b78d.jpg,13.999872,0.2,2.999616000000003,False,0.0
70731b78d.jpg,13.999872,0.3,3.999616000000003,False,0.0
70731b78d.jpg,13.999872,0.4,5.999616000000003,False,0.0
70731b78d.jpg,13.999872,0.5,6.999616000000003,False,0.0
70731b78d.jpg,13.999872,0.6,7.999616000000003,False,0.0
70731b78d.jpg,13.999872,0.7,9.999616000000003,False,0.0
70731b78d.jpg,13.999872,0.8,10.999616000000003,False,0.0
70731b78d.jpg,13.999872,0.9,12.999616000000003,False,0.0
70731b78d.jpg,13.999872,1.0,13.999616000000003,False,0.0
36ad17902.jpg,36.0,0.2,6.999872000000096,False,0.0
36ad17902.jpg,36.0,0.3,10.999872000000096,False,0.0
36ad17902.jpg,36.0,0.4,13.999872000000096,False,0.0
36ad17902.jpg,36.0,0.5,17.999872000000096,False,0.0
36ad17902.jpg,36.0,0.6,21.999872000000096,False,0.0
36ad17902.jpg,36.0,0.7,24.999872000000096,False,0.0
36ad17902.jpg,36.0,0.8,28.999872000000096,False,0.0
36ad17902.jpg,36.0,0.9,31.999872000000096,False,0.0
36ad17902.jpg,36.0,1.0,35.999872000000096,False,0.0
