swath_id,source_tile,grid_row,grid_col,x0,y0,x1,y1,cx,cy,w,h,size_px,straddles_seam
swath_000,2ee6eee21.jpg,0,0,581.9996160000001,294.0,651.999744,402.99993600000005,616.99968,348.499968,70.0001279999999,108.99993600000005,108.99993600000005,True
swath_000,63b70edf2.jpg,0,1,1053.000192,738.999552,1073.000448,756.9999359999999,1063.00032,747.999744,20.000256000000036,18.00038399999994,20.000256000000036,False
swath_000,63b70edf2.jpg,0,1,973.999872,664.9996799999999,1026.999552,735.999744,1000.499712,700.4997119999999,52.99968000000001,71.00006400000007,71.00006400000007,False
swath_000,3b9a9b124.jpg,0,2,2207.000064,47.000063999999995,2232.0,118.000128,2219.500032,82.500096,24.99993600000016,71.00006400000001,71.00006400000001,False
swath_000,3b9a9b124.jpg,0,2,1581.000192,113.99999999999999,1602.000384,127.999872,1591.500288,120.99993599999999,21.00019199999997,13.99987200000001,21.00019199999997,False
swath_000,e759ce27c.jpg,0,3,2771.000064,689.000064,2844.999936,768.0,2808.0,728.5000319999999,73.99987200000032,78.99993600000005,78.99993600000005,False
swath_000,7f27e468c.jpg,1,0,608.9998079999999,883.9994879999999,646.99968,901.999872,627.999744,892.9996799999999,37.999872000000096,18.000384000000054,37.999872000000096,False
swath_000,7f27e468c.jpg,1,0,369.999744,1476.999552,455.999616,1533.999744,412.99968,1505.499648,85.99987199999998,57.00019199999997,85.99987199999998,True
swath_000,7f27e468c.jpg,1,0,689.999616,866.999808,710.9998079999999,887.000064,700.4997119999999,876.9999359999999,21.00019199999997,20.000255999999922,21.00019199999997,False
swath_000,7f27e468c.jpg,1,0,580.9996800000001,856.000128,726.999552,919.999872,653.9996160000001,888.0,145.99987199999987,63.999743999999964,145.99987199999987,False
swath_000,881f75cc1.jpg,1,1,1310.999808,906.9999359999999,1354.0001280000001,945.999744,1332.499968,926.49984,43.0003200000001,38.99980800000003,43.0003200000001,False
swath_000,195f6f0e5.jpg,1,2,2222.000256,923.9996160000001,2260.000128,1003.999872,2241.000192,963.999744,37.99987200000032,80.00025599999992,80.00025599999992,False
swath_000,195f6f0e5.jpg,1,2,1993.00032,1449.000192,2006.000256,1475.0000639999998,1999.5002880000002,1462.000128,12.999935999999934,25.99987199999987,25.99987199999987,False
swath_000,01933be65.jpg,1,3,2973.000192,1203.000192,2993.000448,1214.000256,2983.00032,1208.500224,20.00025599999981,11.000064000000066,20.00025599999981,False
swath_000,a46d1044c.jpg,2,0,545.000064,2160.0,601.00032,2231.000064,573.000192,2195.500032,56.000256000000036,71.00006399999984,71.00006399999984,False
swath_000,a46d1044c.jpg,2,0,609.000192,2237.999616,629.000448,2256.999936,619.00032,2247.499776,20.000256000000036,19.0003200000001,20.000256000000036,False
swath_000,effa2866c.jpg,2,1,1062.999552,1656.999552,1081.9998719999999,1663.999872,1072.4997119999998,1660.499712,19.000319999999874,7.000320000000102,19.000319999999874,False
swath_000,1dfce9923.jpg,2,2,1579.999872,1919.999616,1593.999744,1931.999616,1586.999808,1925.999616,13.999871999999868,12.0,13.999871999999868,True
swath_000,1dfce9923.jpg,2,2,1546.99968,2054.0002560000003,1558.99968,2064.000384,1552.99968,2059.00032,12.0,10.000127999999677,12.0,False
swath_000,1dfce9923.jpg,2,2,1602.0,2043.000192,1612.000128,2052.000384,1607.0000639999998,2047.500288,10.000127999999904,9.00019199999997,10.000127999999904,False
swath_000,1dfce9923.jpg,2,2,1604.999808,1976.999808,1612.000128,1985.000064,1608.499968,1980.9999360000002,7.000319999999874,8.000256000000036,8.000256000000036,False
swath_000,1dfce9923.jpg,2,2,1551.000192,2090.0002560000003,1563.000192,2100.000384,1557.000192,2095.00032,12.0,10.000127999999677,12.0,False
swath_000,3bf554155.jpg,2,3,2925.9997439999997,2131.999872,2936.999808,2146.99968,2931.4997759999997,2139.4997759999997,11.000064000000293,14.99980800000003,14.99980800000003,False
swath_000,e722c8808.jpg,3,0,585.999744,2786.0002560000003,594.9999359999999,2798.0002560000003,590.49984,2792.0002560000003,9.00019199999997,12.0,12.0,False
swath_000,eaef6a679.jpg,3,1,1119.999744,2312.000256,1165.999872,2333.000448,1142.999808,2322.500352,46.00012800000013,21.00019199999997,46.00012800000013,True
swath_000,0bde4207e.jpg,3,2,1837.00032,2737.999872,1847.000448,2757.000192,1842.000384,2747.500032,10.000127999999904,19.0003200000001,19.0003200000001,False
swath_000,32ccf0d88.jpg,3,3,2737.00032,2442.999936,2752.000128,2454.0,2744.5002240000003,2448.499968,14.99980800000003,11.000063999999838,14.99980800000003,False
swath_001,6d746707f.jpg,0,0,535.999872,663.999744,718.99968,714.999552,627.499776,689.499648,182.99980800000003,50.99980800000003,182.99980800000003,False
swath_001,e47738640.jpg,0,1,1347.000192,573.000192,1410.0,663.0005759999999,1378.500096,618.0003839999999,62.99980800000003,90.00038399999994,90.00038399999994,False
swath_001,277c74f86.jpg,0,2,1640.000256,422.999808,1758.000384,667.9994879999999,1699.00032,545.499648,118.0001279999999,244.99967999999996,244.99967999999996,False
swath_001,c84d74fb9.jpg,0,3,2789.999616,164.99980800000003,2929.999872,272.99980800000003,2859.9997439999997,218.99980800000003,140.0002559999998,108.0,140.0002559999998,False
swath_001,cc5ffaebd.jpg,1,0,373.00032,817.00032,481.00032,877.00032,427.00032,847.00032,108.0,60.0,108.0,True
swath_001,1d6d38c25.jpg,1,1,1107.000192,1447.9998719999999,1192.0001280000001,1484.999808,1149.50016,1466.49984,84.99993600000016,36.99993600000016,84.99993600000016,True
swath_001,6a76143a3.jpg,1,2,1759.9998719999999,1295.0000639999998,1771.9998719999999,1315.00032,1765.9998719999999,1305.000192,12.0,20.000256000000263,20.000256000000263,False
swath_001,9d0664af5.jpg,1,3,2821.00032,840.0,2838.0,860.000256,2829.50016,850.000128,16.9996799999999,20.000256000000036,20.000256000000036,False
swath_001,4482d89c5.jpg,2,0,253.00032,1628.000256,263.000448,1655.000064,258.000384,1641.50016,10.000128000000018,26.99980800000003,26.99980800000003,False
swath_001,93e0cf198.jpg,2,1,1513.00032,1721.000064,1526.000256,1729.00032,1519.5002880000002,1725.000192,12.999935999999934,8.000256000000036,12.999935999999934,False
swath_001,49dfe969e.jpg,2,2,1579.999872,2099.000448,1596.999552,2113.00032,1588.499712,2106.000384,16.9996799999999,13.999872000000323,16.9996799999999,False
swath_001,83dfd98f4.jpg,2,3,2977.00032,1837.00032,3064.000128,1874.000256,3020.5002240000003,1855.5002880000002,86.99980800000003,36.999935999999934,86.99980800000003,False
swath_001,9d8cfce03.jpg,3,0,599.000064,2905.00032,647.000064,2944.000128,623.000064,2924.5002240000003,48.0,38.99980800000003,48.0,False
swath_001,9d8cfce03.jpg,3,0,477.99974399999996,2925.000192,582.9999359999999,3021.000192,530.49984,2973.000192,105.00019199999997,96.0,105.00019199999997,False
swath_001,9d8cfce03.jpg,3,0,551.0004480000001,2892.0,640.000128,2965.9998720000003,595.5002880000001,2928.999936,88.9996799999999,73.99987200000032,88.9996799999999,False
swath_001,94beb35a9.jpg,3,1,840.9999359999999,2368.000128,892.99968,2455.999872,866.999808,2412.0,51.99974400000008,87.99974399999974,87.99974399999974,False
swath_001,94beb35a9.jpg,3,1,768.000384,2810.999808,830.000256,2880.999936,799.0003200000001,2845.9998720000003,61.99987199999998,70.00012800000013,70.00012800000013,False
swath_001,1696a45bc.jpg,3,2,2135.999616,3036.9995519999998,2143.999872,3043.999872,2139.9997439999997,3040.499712,8.000255999999808,7.000320000000102,8.000255999999808,False
swath_001,48cffba29.jpg,3,3,2860.99968,2524.000128,2880.0,2535.000192,2870.49984,2529.50016,19.0003200000001,11.000063999999838,19.0003200000001,False
swath_001,48cffba29.jpg,3,3,2912.999808,2460.999936,2926.99968,2484.0,2919.9997439999997,2472.499968,13.999871999999868,23.00006399999984,23.00006399999984,False
swath_002,3d6cccde2.jpg,0,0,146.999808,17.000064,170.999808,31.999872,158.999808,24.499968,24.0,14.999808000000002,24.0,False
swath_002,d885a0cfa.jpg,0,1,1389.999744,119.99999999999997,1401.999744,143.00006399999998,1395.999744,131.50003199999998,12.0,23.00006400000001,23.00006400000001,False
swath_002,d885a0cfa.jpg,0,1,1390.0001280000001,108.0,1432.000512,175.00032,1411.00032,141.50016,42.00038399999994,67.00031999999999,67.00031999999999,False
swath_002,dddc57439.jpg,0,2,2143.999872,573.000192,2297.000064,668.000256,2220.499968,620.500224,153.00019199999997,95.00006400000007,153.00019199999997,False
swath_002,99d552cd3.jpg,0,3,2304.0,204.000384,2332.99968,245.000064,2318.49984,224.500224,28.9996799999999,40.99968000000001,40.99968000000001,False
swath_002,4140138cd.jpg,1,0,20.999807999999994,1332.999552,33.999744,1341.999744,27.499775999999997,1337.499648,12.999936000000005,9.00019199999997,12.999936000000005,False
swath_002,252fb3868.jpg,1,1,1335.000192,996.0,1349.0000639999998,1018.000128,1342.000128,1007.0000640000001,13.999871999999868,22.000128000000018,22.000128000000018,False
swath_002,252fb3868.jpg,1,1,1450.000128,993.000192,1474.000128,1039.00032,1462.000128,1016.000256,24.0,46.00012800000013,46.00012800000013,False
swath_002,d0d987446.jpg,1,2,1830.999936,1356.0,1989.999744,1424.0002559999998,1910.49984,1390.000128,158.99980800000003,68.00025599999981,158.99980800000003,True
swath_002,c5d5af9b5.jpg,1,3,2905.9998720000003,1398.000384,3072.0,1474.0001280000001,2988.999936,1436.000256,166.00012799999968,75.99974400000019,166.00012799999968,False
swath_002,d65ebcc15.jpg,2,0,238.000128,2133.000192,285.00019199999997,2157.000192,261.50016,2145.000192,47.00006399999998,24.0,47.00006399999998,False
swath_002,d65ebcc15.jpg,2,0,279.99974399999996,1587.000192,303.99974399999996,1622.000256,291.99974399999996,1604.500224,24.0,35.000064000000066,35.000064000000066,False
swath_002,d65ebcc15.jpg,2,0,640.9996799999999,2006.999808,687.999744,2030.999808,664.4997119999999,2018.999808,47.000064000000066,24.0,47.000064000000066,False
swath_002,d65ebcc15.jpg,2,0,241.999872,2137.9998720000003,288.999936,2161.9998720000003,265.499904,2149.9998720000003,47.00006399999998,24.0,47.00006399999998,False
swath_002,d65ebcc15.jpg,2,0,244.99967999999996,2146.0001279999997,290.999808,2170.0001279999997,267.99974399999996,2158.0001279999997,46.00012800000002,24.0,46.00012800000002,False
swath_002,d65ebcc15.jpg,2,0,222.999552,2005.999488,267.99974399999996,2037.9997440000002,245.49964799999998,2021.999616,45.00019199999997,32.00025600000026,45.00019199999997,False
swath_002,963a81be4.jpg,2,1,1136.0002559999998,2182.99968,1204.000512,2238.0,1170.000384,2210.49984,68.00025600000026,55.0003200000001,68.00025600000026,True
swath_002,963a81be4.jpg,2,1,999.999744,2117.000064,1018.000128,2130.0,1008.9999359999999,2123.500032,18.000384000000054,12.999936000000162,18.000384000000054,False
swath_002,17c234248.jpg,2,2,1933.9998719999999,2047.999488,2123.000064,2161.999872,2028.4999679999999,2104.99968,189.00019199999997,114.00038399999994,189.00019199999997,False
swath_002,611b87d1b.jpg,2,3,2931.999744,1909.999488,3072.0,2060.999808,3001.9998720000003,1985.499648,140.0002559999998,151.0003200000001,151.0003200000001,True
swath_002,611b87d1b.jpg,2,3,2863.999872,1912.99968,3071.999616,2123.000064,2967.9997439999997,2017.9998719999999,207.9997440000002,210.00038399999994,210.00038399999994,True
swath_002,814c2a312.jpg,3,0,348.0,2858.999808,415.00032,2934.999552,381.50016,2896.99968,67.00031999999999,75.99974400000019,75.99974400000019,True
swath_002,9614bdf34.jpg,3,1,1182.0,2757.000192,1216.000128,2785.999872,1199.0000639999998,2771.500032,34.000127999999904,28.9996799999999,34.000127999999904,False
swath_002,9614bdf34.jpg,3,1,1174.99968,2769.000192,1207.9998719999999,2796.0,1191.4997759999999,2782.5000959999998,33.00019199999997,26.99980800000003,33.00019199999997,False
swath_002,38956b250.jpg,3,2,1830.0,2504.999808,1842.9999360000002,2538.0,1836.499968,2521.4999040000002,12.999936000000162,33.00019199999997,33.00019199999997,False
swath_002,e6ccabbcf.jpg,3,3,2922.000384,2760.999936,3044.0002560000003,3002.999808,2983.00032,2881.9998720000003,121.99987200000032,241.99987199999987,241.99987199999987,False
swath_002,e6ccabbcf.jpg,3,3,2480.999808,2580.999936,2516.999808,2745.000192,2498.999808,2663.000064,36.0,164.0002559999998,164.0002559999998,True
swath_003,173d98541.jpg,0,0,60.000384000000004,0.00038400000000393675,122.00025600000001,65.00006400000001,91.00032,32.50022400000001,61.999872,64.99968000000001,64.99968000000001,False
swath_003,173d98541.jpg,0,0,111.000192,55.00032,127.99987199999998,80.000256,119.50003199999999,67.500288,16.999679999999984,24.99993599999999,24.99993599999999,False
swath_003,ee11856e2.jpg,0,1,1519.9998719999999,64.000128,1533.9997440000002,78.00000000000001,1526.999808,71.00006400000001,13.999872000000323,13.99987200000001,13.999872000000323,False
swath_003,ff3f6dae7.jpg,0,2,1637.999616,140.000256,1682.999808,217.999872,1660.499712,179.000064,45.00019199999997,77.999616,77.999616,False
swath_003,ff3f6dae7.jpg,0,2,2266.000128,133.99987199999998,2288.000256,250.00012800000002,2277.000192,192.0,22.000127999999677,116.00025600000004,116.00025600000004,False
swath_003,ff3f6dae7.jpg,0,2,1637.000064,398.99980800000003,1743.000192,572.9994240000001,1690.0001280000001,485.99961600000006,106.0001279999999,173.99961600000006,173.99961600000006,False
swath_003,a273f009e.jpg,0,3,2502.0,3.9997439999999997,2516.999808,23.000064000000002,2509.4999040000002,13.499904,14.99980800000003,19.000320000000002,19.000320000000002,False
swath_003,a9fec07fb.jpg,1,0,269.000064,1012.0001279999999,453.999744,1262.000256,361.499904,1137.000192,184.99968,250.00012800000013,250.00012800000013,True
swath_003,a7fd7b8d4.jpg,1,1,1097.999616,1286.000256,1116.0,1302.999936,1106.999808,1294.500096,18.00038399999994,16.9996799999999,18.00038399999994,False
swath_003,67c7f5fc8.jpg,1,2,1628.999808,849.000192,1788.999552,915.000576,1708.99968,882.0003839999999,159.99974399999996,66.00038400000005,159.99974399999996,False
swath_003,d1f4649a8.jpg,1,3,2566.99968,806.000256,2601.9997439999997,839.000448,2584.499712,822.500352,35.00006399999984,33.00019199999997,35.00006399999984,False
swath_003,3d3aebc0a.jpg,2,0,497.00006399999995,1536.0,581.000064,1565.999616,539.000064,1550.999808,84.0,29.99961600000006,84.0,False
swath_003,6749af8c4.jpg,2,1,933.999744,1669.9998719999999,991.9998720000001,1746.999552,962.999808,1708.4997119999998,58.00012800000013,76.99968000000013,76.99968000000013,False
swath_003,6749af8c4.jpg,2,1,1228.99968,2037.000192,1321.9998719999999,2230.000128,1275.4997759999999,2133.50016,93.00019199999997,192.99993600000016,192.99993600000016,False
swath_003,6749af8c4.jpg,2,1,1267.9998719999999,1956.999552,1282.99968,1965.999744,1275.4997759999999,1961.499648,14.99980800000003,9.00019199999997,14.99980800000003,False
swath_003,6749af8c4.jpg,2,1,1214.999808,2052.000384,1258.000128,2140.000128,1236.499968,2096.0002560000003,43.000319999999874,87.99974400000019,87.99974400000019,False
swath_003,9bc45db83.jpg,2,2,1986.999936,1583.000448,2001.999744,1598.000256,1994.49984,1590.500352,14.99980800000003,14.99980800000003,14.99980800000003,False
swath_003,32f5686a7.jpg,2,3,2334.999552,1589.999616,2355.999744,1612.99968,2345.499648,1601.499648,21.00019199999997,23.00006399999984,23.00006399999984,False
swath_003,e9a28af7f.jpg,3,0,438.00038400000005,2947.999872,633.0001920000001,2988.9995519999998,535.5002880000001,2968.499712,194.99980800000003,40.9996799999999,194.99980800000003,False
swath_003,17f6ab7cd.jpg,3,1,1273.9998719999999,2371.999488,1348.99968,2438.999808,1311.4997759999999,2405.499648,74.99980800000003,67.0003200000001,74.99980800000003,False
swath_003,17f6ab7cd.jpg,3,1,1353.000192,2880.000384,1404.999936,2968.000128,1379.0000639999998,2924.0002560000003,51.999743999999964,87.99974400000019,87.99974400000019,False
swath_003,a5d8b7d8d.jpg,3,2,2111.000064,2450.999808,2136.0,2525.999616,2123.500032,2488.499712,24.99993600000016,74.99980800000003,74.99980800000003,False
swath_003,a5d8b7d8d.jpg,3,2,2127.9997439999997,2431.999488,2153.999616,2522.999808,2140.99968,2477.499648,25.999872000000323,91.0003200000001,91.0003200000001,False
swath_003,a5d8b7d8d.jpg,3,2,2035.999872,2575.999872,2046.0,2585.000064,2040.9999360000002,2580.499968,10.000127999999904,9.00019199999997,10.000127999999904,False
swath_003,c7e435e40.jpg,3,3,2519.000064,2973.000192,2620.99968,2999.000064,2569.999872,2986.0001279999997,101.99961600000006,25.99987199999987,101.99961600000006,False
swath_004,d1badb0bc.jpg,0,0,493.999872,115.00031999999999,539.000064,283.00032,516.499968,199.00032,45.00019199999997,168.0,168.0,False
swath_004,6e6f35c97.jpg,0,1,1328.000256,239.99999999999997,1380.999936,262.00012799999996,1354.500096,251.00006399999995,52.9996799999999,22.00012799999999,52.9996799999999,False
swath_004,a462d0e90.jpg,0,2,1931.000448,423.00057599999997,1946.000256,429.0001919999999,1938.500352,426.00038399999994,14.99980800000003,5.999615999999946,14.99980800000003,False
swath_004,2c1e9cdd3.jpg,0,3,2357.999616,62.99980800000001,2522.999808,91.99948800000001,2440.499712,77.49964800000001,165.00019199999997,28.999680000000005,165.00019199999997,False
swath_004,0ae71fbc2.jpg,1,0,434.999808,920.999808,478.00012799999996,1050.0,456.49996799999997,985.499904,43.00031999999999,129.00019199999997,129.00019199999997,False
swath_004,403213db3.jpg,1,1,1362.000384,903.000192,1411.00032,934.000512,1386.500352,918.500352,48.99993600000016,31.000319999999988,48.99993600000016,False
swath_004,f7657ae07.jpg,1,2,2221.00032,1473.000192,2237.000064,1502.999808,2229.000192,1488.0,15.999743999999737,29.99961600000006,29.99961600000006,False
swath_004,f7657ae07.jpg,1,2,1993.00032,1337.0000639999998,2004.000384,1347.000192,1998.500352,1342.000128,11.000063999999838,10.000128000000132,11.000063999999838,False
swath_004,f7657ae07.jpg,1,2,2136.999936,1426.000512,2155.00032,1442.0002559999998,2146.000128,1434.000384,18.00038399999994,15.999743999999737,18.00038399999994,False
swath_004,f7657ae07.jpg,1,2,1987.9998719999999,1316.999808,1997.0000639999998,1326.0,1992.4999679999999,1321.499904,9.00019199999997,9.00019199999997,9.00019199999997,False
swath_004,f7657ae07.jpg,1,2,2225.999616,1486.0001280000001,2244.0,1511.0000639999998,2234.999808,1498.500096,18.00038399999994,24.999935999999707,24.999935999999707,False
swath_004,f7657ae07.jpg,1,2,2145.000192,1421.0004480000002,2150.999808,1426.0001280000001,2148.0,1423.5002880000002,5.99961600000006,4.999679999999898,5.99961600000006,False
swath_004,f7657ae07.jpg,1,2,2197.00032,1477.999872,2211.000192,1500.0,2204.0002560000003,1488.9999360000002,13.999871999999868,22.000127999999904,22.000127999999904,False
swath_004,f7657ae07.jpg,1,2,2172.999936,1461.000192,2192.0002560000003,1486.0001280000001,2182.500096,1473.50016,19.0003200000001,24.99993600000016,24.99993600000016,False
swath_004,f7657ae07.jpg,1,2,1918.0001280000001,1206.0,1947.999744,1221.999744,1932.9999360000002,1213.9998719999999,29.999615999999833,15.999743999999964,29.999615999999833,True
swath_004,f7657ae07.jpg,1,2,1933.999872,1194.000384,1956.999936,1219.00032,1945.499904,1206.500352,23.00006399999984,24.99993600000016,24.99993600000016,False
swath_004,f7657ae07.jpg,1,2,2253.000192,1512.999936,2281.999872,1536.0,2267.500032,1524.499968,28.9996799999999,23.000064000000066,28.9996799999999,False
swath_004,f2d4c7959.jpg,1,3,2756.999808,769.00032,2771.999616,786.0,2764.499712,777.50016,14.99980800000003,16.999680000000012,16.999680000000012,False
swath_004,5088fbed2.jpg,2,0,466.000128,1810.99968,558.000384,1844.999808,512.000256,1827.999744,92.00025600000004,34.00012800000013,92.00025600000004,False
swath_004,ce0f3a682.jpg,2,1,1466.999808,1660.000512,1495.999488,1689.000192,1481.499648,1674.500352,28.9996799999999,28.9996799999999,28.9996799999999,False
swath_004,b80232332.jpg,2,2,1890.9999360000002,1956.000384,1902.9999360000002,1971.000192,1896.9999360000002,1963.500288,12.0,14.99980800000003,14.99980800000003,False
swath_004,e44af9630.jpg,2,3,2610.999936,2046.000384,2668.000128,2071.00032,2639.500032,2058.500352,57.00019199999997,24.99993600000016,57.00019199999997,False
swath_004,b19febc41.jpg,3,0,580.9996799999999,2304.999936,768.0,2381.999616,674.49984,2343.499776,187.0003200000001,76.9996799999999,187.0003200000001,False
swath_004,b19febc41.jpg,3,0,54.000000000000014,2509.999872,306.99993600000005,2628.999936,180.49996800000002,2569.4999040000002,252.99993600000005,119.0000640000003,252.99993600000005,False
swath_004,b19febc41.jpg,3,0,86.99980800000003,2592.999936,178.00012800000002,2639.000064,132.49996800000002,2616.0,91.00031999999999,46.00012799999968,91.00031999999999,False
swath_004,0ec6df41c.jpg,3,1,1065.000192,2701.00032,1087.00032,2715.000192,1076.000256,2708.0002560000003,22.00012800000013,13.999871999999868,22.00012800000013,False
swath_004,1fedfea51.jpg,3,2,1781.000448,2782.000128,1881.000192,2973.000192,1831.00032,2877.50016,99.99974399999996,191.00006399999984,191.00006399999984,False
swath_004,75f4880cd.jpg,3,3,2929.00032,2998.000128,2941.00032,3019.00032,2935.00032,3008.5002240000003,12.0,21.00019199999997,21.00019199999997,False
swath_005,8f3be518d.jpg,0,0,129.999744,679.999872,163.999872,720.9995519999999,146.999808,700.4997119999999,34.00012800000002,40.9996799999999,40.9996799999999,False
swath_005,cbbfbb22d.jpg,0,1,836.000256,26.99980800000001,907.00032,76.99968000000001,871.500288,51.99974400000001,71.00006399999995,49.999872,71.00006399999995,False
swath_005,cbbfbb22d.jpg,0,1,768.0003839999999,7.9998720000000105,997.00032,185.000064,882.500352,96.49996800000001,228.99993600000005,177.000192,228.99993600000005,False
swath_005,cbbfbb22d.jpg,0,1,1469.0000639999998,444.9999360000001,1527.000192,686.999808,1498.000128,565.9998720000001,58.00012800000013,241.99987199999993,241.99987199999993,False
swath_005,d2c5b7ffc.jpg,0,2,1548.0,377.000064,1762.0001280000001,486.999936,1655.000064,432.0,214.00012800000013,109.99987199999998,214.00012800000013,True
swath_005,e97e8df40.jpg,0,3,2814.999936,489.00019199999997,2829.9997439999997,514.000128,2822.49984,501.50016,14.999807999999575,24.999936000000048,24.999936000000048,False
swath_005,d54485dae.jpg,1,0,149.99999999999997,1386.999936,185.00006399999998,1401.999744,167.50003199999998,1394.49984,35.00006400000001,14.99980800000003,35.00006400000001,False
swath_005,bffb50d92.jpg,1,1,934.99968,954.999936,947.9996160000001,970.99968,941.499648,962.999808,12.999936000000048,15.999743999999964,15.999743999999964,False
swath_005,8c629b8b5.jpg,1,2,1777.999872,1477.00032,1807.999488,1490.000256,1792.99968,1483.5002880000002,29.999615999999833,12.999935999999934,29.999615999999833,False
swath_005,8c629b8b5.jpg,1,2,1569.999744,1446.9999360000002,1629.999744,1463.999616,1599.999744,1455.499776,60.0,16.9996799999999,60.0,False
swath_005,c6105f8b3.jpg,1,3,2867.000064,1348.000512,2936.0002560000003,1522.0001280000001,2901.50016,1435.00032,69.00019200000042,173.99961600000006,173.99961600000006,False
swath_005,c6105f8b3.jpg,1,3,2405.999616,1181.999616,2569.999872,1297.9998719999999,2487.9997439999997,1239.999744,164.0002559999998,116.00025599999981,164.0002559999998,False
swath_005,f31d20a4a.jpg,2,0,117.999744,1915.9998719999999,126.999936,1930.99968,122.49984,1923.4997759999999,9.000191999999998,14.99980800000003,14.99980800000003,True
swath_005,f31d20a4a.jpg,2,0,643.999872,2147.999616,659.999616,2155.999872,651.999744,2151.9997439999997,15.999743999999964,8.000255999999808,15.999743999999964,False
swath_005,f31d20a4a.jpg,2,0,538.000128,2213.999616,556.000512,2232.0,547.00032,2222.999808,18.00038399999994,18.00038399999994,18.00038399999994,False
swath_005,92f3f28f5.jpg,2,1,786.999552,1820.999808,808.99968,1837.999488,797.9996160000001,1829.499648,22.000128000000018,16.9996799999999,22.000128000000018,False
swath_005,92f3f28f5.jpg,2,1,958.99968,1962.999936,970.99968,1974.0,964.99968,1968.499968,12.0,11.000064000000066,12.0,False
swath_005,92f3f28f5.jpg,2,1,1021.999872,2143.999872,1027.999488,2152.000128,1024.99968,2148.0,5.999615999999946,8.000256000000263,8.000256000000263,False
swath_005,92f3f28f5.jpg,2,1,849.999744,1677.999744,859.999872,1688.999808,854.999808,1683.499776,10.000128000000018,11.000064000000066,11.000064000000066,False
swath_005,92f3f28f5.jpg,2,1,966.0,1999.9998719999999,976.000128,2009.0000639999998,971.0000640000001,2004.4999679999999,10.000128000000018,9.00019199999997,10.000128000000018,False
swath_005,f6bfe1d4f.jpg,2,2,2220.000384,1538.000256,2234.0002560000003,1551.000192,2227.00032,1544.500224,13.999872000000323,12.999935999999934,13.999872000000323,False
swath_005,6dd0d5329.jpg,2,3,2867.0004480000002,2210.000256,2884.000128,2226.0,2875.500288,2218.0001279999997,16.9996799999999,15.999744000000192,16.9996799999999,False
swath_005,6dd0d5329.jpg,2,3,2515.999872,1842.0,2527.999872,1849.00032,2521.999872,1845.50016,12.0,7.000320000000102,12.0,False
swath_005,4fc021083.jpg,3,0,525.000192,2712.0,548.000256,2733.000192,536.500224,2722.5000959999998,23.000064000000066,21.00019199999997,23.000064000000066,False
swath_005,4fc021083.jpg,3,0,561.999744,2336.999808,720.999552,2372.999808,641.499648,2354.999808,158.99980800000003,36.0,158.99980800000003,False
swath_005,4fc021083.jpg,3,0,435.000192,2630.999808,538.0005120000001,2725.999872,486.500352,2678.49984,103.00032000000004,95.00006399999984,103.00032000000004,True
swath_005,031101e01.jpg,3,1,1440.999936,2845.999872,1536.0,2942.999808,1488.499968,2894.49984,95.00006400000007,96.99993600000016,96.99993600000016,False
swath_005,237ae75c3.jpg,3,2,2028.000384,2902.99968,2044.0001280000001,2911.999872,2036.000256,2907.4997759999997,15.999744000000192,9.00019199999997,15.999744000000192,False
swath_005,585d347ae.jpg,3,3,2973.000192,2542.000128,2976.999936,2544.999936,2975.000064,2543.500032,3.9997440000001916,2.99980800000003,3.9997440000001916,False
swath_005,585d347ae.jpg,3,3,2326.99968,2915.000448,2336.999808,2929.00032,2331.9997439999997,2922.000384,10.000128000000132,13.999872000000323,13.999872000000323,False
swath_006,a7ab60610.jpg,0,0,586.000128,59.999615999999996,609.0001920000001,69.99974399999999,597.50016,64.99968,23.000064000000066,10.000127999999997,23.000064000000066,False
swath_006,9c505a723.jpg,0,1,956.999808,623.0004480000001,967.999872,640.000128,962.49984,631.5002880000001,11.000063999999952,16.9996799999999,16.9996799999999,False
swath_006,9c505a723.jpg,0,1,1050.9999360000002,90.00000000000001,1062.0,97.00032,1056.499968,93.50016000000001,11.000063999999838,7.000319999999988,11.000063999999838,False
swath_006,649bc21de.jpg,0,2,1566.999552,565.999872,1587.999744,588.999936,1577.499648,577.499904,21.00019199999997,23.000064000000066,23.000064000000066,False
swath_006,6f77d6a15.jpg,0,3,2764.000128,359.00006399999995,2804.999808,454.000128,2784.499968,406.500096,40.9996799999999,95.00006400000007,95.00006400000007,True
swath_006,6f77d6a15.jpg,0,3,2772.999936,321.99974399999996,2850.999552,499.999872,2811.999744,410.999808,77.99961600000006,178.00012800000002,178.00012800000002,True
swath_006,d4d26f700.jpg,1,0,172.00012800000002,904.000128,332.99980800000003,986.000256,252.49996800000002,945.000192,160.99968,82.00012800000002,160.99968,False
swath_006,b9d251c1e.jpg,1,1,1166.999808,905.999616,1258.000128,999.999744,1212.499968,952.9996799999999,91.00031999999987,94.00012800000002,94.00012800000002,False
swath_006,b56fad4b6.jpg,1,2,1656.999552,949.00032,1666.99968,962.000256,1661.999616,955.500288,10.000127999999904,12.999936000000048,12.999936000000048,False
swath_006,b56fad4b6.jpg,1,2,1584.000384,966.0003839999999,1601.000064,993.000192,1592.500224,979.500288,16.999680000000126,26.99980800000003,26.99980800000003,False
swath_006,b56fad4b6.jpg,1,2,1610.000256,954.9999359999999,1622.000256,971.9996160000001,1616.000256,963.499776,12.0,16.999680000000126,16.999680000000126,False
swath_006,b56fad4b6.jpg,1,2,1650.0,950.000256,1661.000064,965.000064,1655.500032,957.50016,11.000064000000066,14.999807999999916,14.999807999999916,False
swath_006,b56fad4b6.jpg,1,2,1642.99968,953.000064,1653.999744,966.0,1648.4997119999998,959.5000319999999,11.000064000000066,12.999936000000048,12.999936000000048,False
swath_006,b56fad4b6.jpg,1,2,1559.999616,1168.000128,1570.99968,1181.000064,1565.499648,1174.500096,11.000063999999838,12.999936000000162,12.999936000000162,False
swath_006,b56fad4b6.jpg,1,2,2152.000128,768.0,2168.999808,776.999808,2160.499968,772.499904,16.9996799999999,8.99980800000003,16.9996799999999,False
swath_006,b56fad4b6.jpg,1,2,1628.999808,953.000064,1638.999936,966.0,1633.9998719999999,959.5000319999999,10.000127999999904,12.999936000000048,12.999936000000048,False
swath_006,b56fad4b6.jpg,1,2,1566.999936,965.000064,1575.000192,974.000256,1571.0000639999998,969.50016,8.000256000000036,9.000192000000084,9.000192000000084,False
swath_006,b56fad4b6.jpg,1,2,1618.99968,954.9999359999999,1628.999808,968.999808,1623.999744,961.999872,10.000128000000132,13.999872000000096,13.999872000000096,False
swath_006,5a243dfc1.jpg,1,3,2712.0,768.0,2715.999744,774.999936,2713.9998720000003,771.4999680000001,3.9997440000001916,6.999936000000048,6.999936000000048,False
swath_006,8d52d1710.jpg,2,0,302.000256,2042.000256,316.00012799999996,2056.000128,309.00019199999997,2049.000192,13.999871999999982,13.999872000000096,13.999872000000096,False
swath_006,670786bb5.jpg,2,1,1470.0,1712.000256,1478.0002559999998,1717.999872,1474.000128,1715.000064,8.000255999999808,5.99961600000006,8.000255999999808,False
swath_006,8b2291ad4.jpg,2,2,1906.99968,1770.999936,1915.9998719999999,1783.9998719999999,1911.4997759999999,1777.4999039999998,9.00019199999997,12.999935999999934,12.999935999999934,False
swath_006,8b2291ad4.jpg,2,2,1744.9996800000001,1660.000512,1764.999936,1666.0001280000001,1754.999808,1663.00032,20.00025599999981,5.99961600000006,20.00025599999981,False
swath_006,ed56586cf.jpg,2,3,2425.999872,2126.0002560000003,2447.000064,2139.000192,2436.499968,2132.5002240000003,21.00019199999997,12.999935999999707,21.00019199999997,False
swath_006,d09408af3.jpg,3,0,211.00032000000002,2518.99968,216.99993600000002,2527.999872,214.00012800000002,2523.4997759999997,5.999616000000003,9.00019199999997,9.00019199999997,False
swath_006,d09408af3.jpg,3,0,192.99955200000002,2525.000064,200.999808,2534.000256,196.99968,2529.5001599999996,8.000255999999979,9.00019199999997,9.00019199999997,False
swath_006,d09408af3.jpg,3,0,306.99993600000005,2491.00032,318.0,2496.999936,312.499968,2494.000128,11.000063999999952,5.99961600000006,11.000063999999952,False
swath_006,d09408af3.jpg,3,0,171.000192,2528.999808,178.000512,2538.999936,174.500352,2533.9998720000003,7.000319999999988,10.000128000000132,10.000128000000132,False
swath_006,d09408af3.jpg,3,0,205.99987199999998,2522.000256,210.999552,2531.0004480000002,208.499712,2526.500352,4.999680000000012,9.000192000000425,9.000192000000425,False
swath_006,d09408af3.jpg,3,0,161.000448,2535.000192,167.000064,2543.000448,164.000256,2539.00032,5.999616000000003,8.000255999999808,8.000255999999808,False
swath_006,d09408af3.jpg,3,0,177.99974400000002,2526.999936,185.000064,2537.000064,181.49990400000002,2532.0,7.000319999999988,10.000127999999677,10.000127999999677,False
swath_006,d09408af3.jpg,3,0,202.00012800000002,2523.000192,206.99980800000003,2532.000384,204.49996800000002,2527.500288,4.999680000000012,9.00019199999997,9.00019199999997,False
swath_006,d09408af3.jpg,3,0,155.00006399999998,2534.000256,160.99967999999998,2544.000384,157.99987199999998,2539.00032,5.999616000000003,10.000128000000132,10.000128000000132,False
swath_006,d09408af3.jpg,3,0,188.000256,2526.0,193.999872,2535.000192,191.000064,2530.5000959999998,5.999616000000003,9.00019199999997,9.00019199999997,False
swath_006,d09408af3.jpg,3,0,216.999552,2518.99968,226.99968,2527.999872,221.999616,2523.4997759999997,10.000128000000018,9.00019199999997,10.000128000000018,False
swath_006,d09408af3.jpg,3,0,162.99993600000002,2531.999616,171.000192,2541.999744,167.000064,2536.99968,8.000255999999979,10.000128000000132,10.000128000000132,False
swath_006,7c9cac62a.jpg,3,1,1474.99968,2659.999872,1487.999616,2671.999872,1481.499648,2665.999872,12.999936000000162,12.0,12.999936000000162,False
swath_006,22086d8ba.jpg,3,2,1613.000064,2363.000448,1646.000256,2380.000128,1629.50016,2371.500288,33.00019199999997,16.999680000000353,33.00019199999997,False
swath_006,22086d8ba.jpg,3,2,1614.999936,2696.0002560000003,1653.999744,2744.0002560000003,1634.49984,2720.0002560000003,38.99980800000003,48.0,48.0,False
swath_006,22086d8ba.jpg,3,2,1668.000384,2634.999936,1685.000064,2647.999872,1676.500224,2641.4999040000002,16.999680000000126,12.999935999999707,16.999680000000126,False
swath_006,22086d8ba.jpg,3,2,1614.999552,2805.999744,1633.999872,2843.999616,1624.499712,2824.99968,19.0003200000001,37.99987199999987,37.99987199999987,False
swath_006,22086d8ba.jpg,3,2,1643.999616,2834.0002560000003,1651.999872,2850.999936,1647.9997440000002,2842.500096,8.000256000000036,16.9996799999999,16.9996799999999,False
swath_006,22086d8ba.jpg,3,2,1710.000384,2515.999872,1762.0001280000001,2577.999744,1736.000256,2546.999808,51.99974400000019,61.99987200000032,61.99987200000032,False
swath_006,22086d8ba.jpg,3,2,1689.999744,2540.999808,1722.0,2579.999616,1705.9998719999999,2560.499712,32.000256000000036,38.99980800000003,38.99980800000003,False
swath_006,22086d8ba.jpg,3,2,1602.0,2700.000384,1634.000256,2739.000192,1618.0001280000001,2719.500288,32.000256000000036,38.99980800000003,38.99980800000003,False
swath_006,22086d8ba.jpg,3,2,1593.000192,2678.999808,1637.000448,2727.999744,1615.00032,2703.499776,44.000256000000036,48.99993600000016,48.99993600000016,True
swath_006,22086d8ba.jpg,3,2,1590.0,2347.00032,1651.9998719999999,2373.000192,1620.999936,2360.0002560000003,61.99987199999987,25.99987199999987,61.99987199999987,False
swath_006,22086d8ba.jpg,3,2,1648.99968,2824.000128,1668.999936,2857.00032,1658.999808,2840.5002240000003,20.000256000000036,33.00019199999997,33.00019199999997,False
swath_006,22086d8ba.jpg,3,2,1657.999872,2615.000064,1679.000064,2639.000064,1668.499968,2627.000064,21.00019199999997,24.0,24.0,False
swath_006,22086d8ba.jpg,3,2,1665.000192,2805.000192,1692.0,2851.00032,1678.500096,2828.0002560000003,26.99980800000003,46.00012800000013,46.00012800000013,False
swath_006,22086d8ba.jpg,3,2,1638.0,2831.000064,1647.000192,2850.000384,1642.500096,2840.500224,9.00019199999997,19.0003200000001,19.0003200000001,False
swath_006,3e4e7490d.jpg,3,3,2508.0,2377.00032,2605.999872,2538.0,2556.999936,2457.50016,97.99987199999987,160.9996799999999,160.9996799999999,False
swath_007,b29477b25.jpg,0,0,113.00006400000001,499.99987200000004,246.999936,651.0001920000001,180.0,575.500032,133.99987199999998,151.00032000000004,151.00032000000004,False
swath_007,c975acc83.jpg,0,1,1518.9999360000002,492.999552,1535.999616,501.99974399999996,1527.499776,497.499648,16.9996799999999,9.00019199999997,16.9996799999999,False
swath_007,c975acc83.jpg,0,1,1320.000384,652.000128,1335.000192,667.999872,1327.500288,660.0,14.99980800000003,15.999743999999964,15.999743999999964,False
swath_007,c975acc83.jpg,0,1,1314.0,387.000192,1330.99968,399.000192,1322.49984,393.000192,16.9996799999999,12.0,16.9996799999999,False
swath_007,f1bd73e43.jpg,0,2,1980.999552,355.00032,1987.9998719999999,359.00006399999995,1984.4997119999998,357.00019199999997,7.000319999999874,3.999743999999964,7.000319999999874,False
swath_007,63d15cc3f.jpg,0,3,2450.999808,400.99967999999996,2472.999936,420.999936,2461.9998720000003,410.999808,22.00012800000013,20.000256000000036,22.00012800000013,False
swath_007,b2a5edf70.jpg,1,0,43.00032,1274.999808,96.999936,1399.999488,70.000128,1337.499648,53.999616,124.9996799999999,124.9996799999999,False
swath_007,383a66e13.jpg,1,1,1086.0,1191.999744,1097.0000639999998,1211.000064,1091.500032,1201.499904,11.000063999999838,19.0003200000001,19.0003200000001,False
swath_007,383a66e13.jpg,1,1,1090.99968,1212.000384,1098.0,1224.000384,1094.49984,1218.000384,7.000320000000102,12.0,12.0,False
swath_007,383a66e13.jpg,1,1,966.9999359999999,1394.000256,975.000192,1406.000256,971.000064,1400.000256,8.000256000000036,12.0,12.0,False
swath_007,383a66e13.jpg,1,1,955.999872,1376.999808,966.0,1388.999808,960.9999359999999,1382.999808,10.000128000000018,12.0,12.0,False
swath_007,383a66e13.jpg,1,1,941.0000640000001,1376.999808,951.000192,1389.999744,946.000128,1383.499776,10.000127999999904,12.999935999999934,12.999935999999934,False
swath_007,383a66e13.jpg,1,1,1079.999616,1174.000128,1091.999616,1192.000512,1085.999616,1183.00032,12.0,18.000384000000167,18.000384000000167,False
swath_007,383a66e13.jpg,1,1,1042.0001280000001,1248.999936,1066.0001280000001,1299.999744,1054.0001280000001,1274.49984,24.0,50.99980800000003,50.99980800000003,False
swath_007,383a66e13.jpg,1,1,1051.9998719999999,1153.999872,1083.000192,1221.000192,1067.500032,1187.500032,31.0003200000001,67.00031999999987,67.00031999999987,False
swath_007,383a66e13.jpg,1,1,954.0,1363.9998719999999,963.000192,1376.999808,958.500096,1370.49984,9.00019199999997,12.999936000000162,12.999936000000162,False
swath_007,383a66e13.jpg,1,1,960.000384,1393.00032,973.00032,1409.0000639999998,966.500352,1401.000192,12.999935999999934,15.999743999999737,15.999743999999737,False
swath_007,383a66e13.jpg,1,1,1096.0001280000001,1210.99968,1103.000448,1222.99968,1099.5002880000002,1216.99968,7.000319999999874,12.0,12.0,False
swath_007,383a66e13.jpg,1,1,963.000192,1374.9999360000002,973.00032,1390.99968,968.000256,1382.999808,10.000128000000018,15.999743999999737,15.999743999999737,False
swath_007,383a66e13.jpg,1,1,1022.999808,1253.000448,1047.999744,1306.0001280000001,1035.499776,1279.5002880000002,24.999935999999934,52.999680000000126,52.999680000000126,False
swath_007,383a66e13.jpg,1,1,992.999808,1350.000384,1006.99968,1374.000384,999.999744,1362.000384,13.999871999999982,24.0,24.0,False
swath_007,64c6a0837.jpg,1,2,1803.999744,1050.9999360000002,1946.999808,1230.9999360000002,1875.499776,1140.9999360000002,143.00006400000007,180.0,180.0,True
swath_007,3fe17e276.jpg,1,3,2395.999872,1294.99968,2528.999808,1326.9999360000002,2462.49984,1310.999808,132.99993600000016,32.00025600000026,132.99993600000016,False
swath_007,3fe17e276.jpg,1,3,2438.999808,1229.999616,2536.99968,1252.99968,2487.9997439999997,1241.499648,97.99987199999987,23.00006399999984,97.99987199999987,False
swath_007,3fe17e276.jpg,1,3,2633.000064,1379.0004479999998,2666.000256,1393.00032,2649.5001599999996,1386.000384,33.00019199999997,13.999872000000323,33.00019199999997,False
swath_007,3fe17e276.jpg,1,3,2687.000064,1098.0,2709.000192,1105.00032,2698.0001279999997,1101.50016,22.00012800000013,7.000320000000102,22.00012800000013,True
swath_007,200ec548f.jpg,2,0,716.9998079999999,1669.00032,730.99968,1683.000192,723.999744,1676.000256,13.999872000000096,13.999871999999868,13.999872000000096,False
swath_007,dd3a40a04.jpg,2,1,1130.999808,1752.0,1230.999552,1799.0000639999998,1180.99968,1775.500032,99.99974399999996,47.00006399999984,99.99974399999996,True
swath_007,11374fdd1.jpg,2,2,2186.0002560000003,1707.000192,2195.000448,1714.000512,2190.500352,1710.500352,9.000191999999515,7.000320000000102,9.000191999999515,False
swath_007,11374fdd1.jpg,2,2,1900.99968,1663.999872,1992.0,1703.999616,1946.49984,1683.9997440000002,91.0003200000001,39.999743999999964,91.0003200000001,True
swath_007,0546baefb.jpg,2,3,2328.0,1713.000192,2346.000384,1741.9998719999999,2337.000192,1727.500032,18.00038399999994,28.9996799999999,28.9996799999999,False
swath_007,c9b5d67ae.jpg,3,0,284.99980800000003,2535.000192,340.000128,2665.00032,312.499968,2600.0002560000003,55.00031999999999,130.00012800000013,130.00012800000013,False
swath_007,aa10c13c1.jpg,3,1,816.999936,2697.000192,845.9996160000001,2715.000576,831.4997760000001,2706.000384,28.999680000000012,18.00038399999994,28.999680000000012,False
swath_007,fe358c0cd.jpg,3,2,1763.000064,2793.000192,1786.0001280000001,2812.000512,1774.5000960000002,2802.500352,23.000064000000066,19.0003200000001,23.000064000000066,False
swath_007,c062957f2.jpg,3,3,2304.0,2573.000064,2376.999936,2680.000128,2340.499968,2626.5000959999998,72.99993600000016,107.0000640000003,107.0000640000003,False
swath_008,e5030f4e2.jpg,0,0,156.00000000000003,43.999872,176.000256,58.999680000000005,166.00012800000002,51.499776000000004,20.00025599999998,14.999808000000002,20.00025599999998,False
swath_008,e5030f4e2.jpg,0,0,150.999552,40.000128,169.99987199999998,52.000128,160.499712,46.000128,19.000319999999988,12.0,19.000319999999988,False
swath_008,e5030f4e2.jpg,0,0,661.999872,248.99980800000006,732.999936,281.00006400000007,697.499904,264.99993600000005,71.00006400000007,32.00025600000001,71.00006400000007,False
swath_008,e5030f4e2.jpg,0,0,41.999616,68.00025600000001,112.99968000000001,120.99993599999999,77.49964800000001,94.500096,71.00006400000001,52.999679999999984,71.00006400000001,False
swath_008,63948cf16.jpg,0,1,1482.0,749.000064,1496.999808,761.000064,1489.499904,755.000064,14.99980800000003,12.0,14.99980800000003,False
swath_008,63948cf16.jpg,0,1,1477.00032,707.000448,1494.0,722.000256,1485.50016,714.500352,16.9996799999999,14.99980800000003,16.9996799999999,False
swath_008,63948cf16.jpg,0,1,1458.9999360000002,533.000064,1474.99968,543.0001919999999,1466.999808,538.0001279999999,15.999743999999737,10.000127999999904,15.999743999999737,False
swath_008,63948cf16.jpg,0,1,1438.000512,716.999808,1455.000192,732.999552,1446.500352,724.99968,16.9996799999999,15.999743999999964,16.9996799999999,False
swath_008,8ab996730.jpg,0,2,2052.9995519999998,248.999808,2059.999872,261.999744,2056.499712,255.499776,7.000320000000102,12.99993600000002,12.99993600000002,False
swath_008,d4d1cd099.jpg,0,3,2558.000256,312.0,2641.00032,362.99980800000003,2599.500288,337.499904,83.0000640000003,50.99980800000003,83.0000640000003,False
swath_008,b244ed1a2.jpg,1,0,354.0,1485.999744,369.99974399999996,1500.999552,361.999872,1493.499648,15.999743999999964,14.99980800000003,15.999743999999964,False
swath_008,bb64b45cd.jpg,1,1,1438.000512,1043.000448,1455.000192,1057.00032,1446.500352,1050.000384,16.9996799999999,13.999872000000096,16.9996799999999,False
swath_008,bb64b45cd.jpg,1,1,1520.999808,978.9999359999999,1531.9998719999999,989.0000640000001,1526.49984,984.0,11.000063999999838,10.000128000000132,11.000063999999838,False
swath_008,3ec9cde7f.jpg,1,2,1718.999808,975.999744,1861.9998719999999,1120.99968,1790.49984,1048.4997119999998,143.00006399999984,144.99993599999993,144.99993599999993,False
swath_008,3ec9cde7f.jpg,1,2,1849.999872,1152.000384,1919.000064,1262.000256,1884.499968,1207.00032,69.00019199999997,109.9998720000001,109.9998720000001,False
swath_008,3ec9cde7f.jpg,1,2,2176.000128,1262.000256,2263.999872,1347.000192,2220.0,1304.500224,87.99974399999974,84.99993599999993,87.99974399999974,False
swath_008,3ec9cde7f.jpg,1,2,2042.000256,1388.0002559999998,2058.999936,1393.9998719999999,2050.500096,1391.0000639999998,16.999680000000126,5.99961600000006,16.999680000000126,False
swath_008,0e845b123.jpg,1,3,2330.000256,1281.999744,2368.000128,1320.999552,2349.000192,1301.499648,37.99987200000032,38.99980800000003,38.99980800000003,False
swath_008,f98f65d64.jpg,2,0,525.999744,2157.000192,540.999552,2162.999808,533.499648,2160.0,14.99980800000003,5.99961600000006,14.99980800000003,False
swath_008,087072320.jpg,2,1,1176.000384,1808.999808,1214.000256,1891.9998719999999,1195.00032,1850.49984,37.999872000000096,83.00006399999984,83.00006399999984,False
swath_008,df309259f.jpg,2,2,1605.000192,2268.999936,1634.999808,2289.000192,1620.0,2279.000064,29.99961600000006,20.00025599999981,29.99961600000006,False
swath_008,88212dbc7.jpg,2,3,2565.000192,1788.0,2584.000512,1808.000256,2574.500352,1798.0001280000001,19.0003200000001,20.000256000000036,20.000256000000036,False
swath_008,bff440d09.jpg,3,0,289.00032,2577.000192,328.000128,2653.999872,308.500224,2615.500032,38.99980800000003,76.9996799999999,76.9996799999999,False
swath_008,bff440d09.jpg,3,0,606.000384,2578.99968,655.00032,2659.999872,630.500352,2619.4997759999997,48.999935999999934,81.00019199999997,81.00019199999997,False
swath_008,affd25253.jpg,3,1,874.99968,2404.000128,906.0,2415.000192,890.49984,2409.50016,31.000319999999988,11.000063999999838,31.000319999999988,False
swath_008,affd25253.jpg,3,1,1195.999488,2538.0,1213.999872,2546.000256,1204.99968,2542.0001279999997,18.000384000000167,8.000255999999808,18.000384000000167,False
swath_008,8b68319d0.jpg,3,2,1796.999808,2660.000256,1907.999616,2711.000064,1852.499712,2685.5001599999996,110.99980800000003,50.99980800000003,110.99980800000003,True
swath_008,8b68319d0.jpg,3,2,1833.999744,2953.00032,1865.000064,2964.000384,1849.499904,2958.500352,31.0003200000001,11.000063999999838,31.0003200000001,False
swath_008,8b68319d0.jpg,3,2,1959.999744,2970.000384,2056.99968,3069.000192,2008.4997119999998,3019.500288,96.99993599999993,98.99980800000003,98.99980800000003,False
swath_008,8b68319d0.jpg,3,2,1948.99968,2964.0,1969.9998719999999,2985.000192,1959.4997759999999,2974.5000959999998,21.00019199999997,21.00019199999997,21.00019199999997,False
swath_008,895ee3fac.jpg,3,3,2587.999872,2422.000128,2601.999744,2441.000448,2594.999808,2431.500288,13.999872000000323,19.000319999999647,19.000319999999647,False
swath_009,92bfbcf50.jpg,0,0,642.0,559.9998720000001,653.0000640000001,571.9998720000001,647.500032,565.9998720000001,11.000064000000066,12.0,12.0,False
swath_009,4d395184a.jpg,0,1,830.000256,722.9998079999999,869.0000640000001,745.999872,849.50016,734.49984,38.99980800000003,23.000064000000066,38.99980800000003,False
swath_009,ae17679d4.jpg,0,2,2117.000064,571.9994879999999,2178.999936,662.999808,2148.0,617.499648,61.99987200000032,91.0003200000001,91.0003200000001,False
swath_009,9b2bb1791.jpg,0,3,2443.999872,528.999936,2481.999744,554.9998080000001,2462.999808,541.9998720000001,37.99987200000032,25.999872000000096,37.99987200000032,False
swath_009,e2a2ed1df.jpg,1,0,118.99968,1043.000064,150.999936,1092.999936,134.999808,1068.0,32.00025599999999,49.99987199999987,49.99987199999987,False
swath_009,bb79f34a6.jpg,1,1,923.999616,1498.0001280000001,981.999744,1524.9999360000002,952.9996799999999,1511.5000320000001,58.00012800000002,26.99980800000003,58.00012800000002,False
swath_009,a7f2415df.jpg,1,2,1805.0000639999998,843.999744,1938.0,1012.99968,1871.500032,928.499712,132.99993600000016,168.99993600000005,168.99993600000005,True
swath_009,18acc0aeb.jpg,1,3,2776.000128,774.000384,2859.000192,804.0,2817.50016,789.000192,83.00006399999984,29.999615999999946,83.00006399999984,False
swath_009,7e1957a39.jpg,2,0,259.99948800000004,1896.9999360000002,445.999872,2090.999808,352.99968,1993.999872,186.00038399999994,193.99987199999987,193.99987199999987,True
swath_009,6ac3552aa.jpg,2,1,1016.000256,1800.999936,1067.000064,1829.999616,1041.50016,1815.499776,50.99980800000003,28.999680000000126,50.99980800000003,False
swath_009,6ac3552aa.jpg,2,1,1462.0001280000001,1951.00032,1507.00032,1977.000192,1484.5002240000001,1964.000256,45.00019199999997,25.99987199999987,45.00019199999997,False
swath_009,97b01cb5f.jpg,2,2,2284.000128,2142.999936,2297.000064,2157.9997439999997,2290.5000959999998,2150.49984,12.999935999999707,14.999807999999575,14.999807999999575,False
swath_009,43374827b.jpg,2,3,2978.999808,1923.000192,3053.999616,2011.999872,3016.499712,1967.500032,74.99980800000003,88.99968000000013,88.99968000000013,False
swath_009,7ff7b8801.jpg,3,0,69.99974399999999,2553.999744,78.0,2564.999808,73.999872,2559.499776,8.000256000000007,11.000063999999838,11.000063999999838,False
swath_009,7ff7b8801.jpg,3,0,355.999872,2646.0,370.99968,2656.000128,363.499776,2651.000064,14.99980800000003,10.000128000000132,14.99980800000003,False
swath_009,7ff7b8801.jpg,3,0,129.999744,2577.999744,142.99967999999998,2586.999936,136.499712,2582.4998400000004,12.999935999999991,9.00019199999997,12.999935999999991,False
swath_009,7ff7b8801.jpg,3,0,347.999616,2601.9997439999997,354.999936,2610.0,351.499776,2605.999872,7.000319999999988,8.000256000000263,8.000256000000263,False
swath_009,7ff7b8801.jpg,3,0,265.00032000000004,2580.0,279.000192,2585.999616,272.00025600000004,2582.999808,13.999871999999982,5.99961600000006,13.999871999999982,False
swath_009,7ff7b8801.jpg,3,0,161.00006400000004,2586.0,175.999872,2593.00032,168.49996800000002,2589.50016,14.999807999999973,7.000320000000102,14.999807999999973,False
swath_009,7ff7b8801.jpg,3,0,59.999615999999996,2543.999616,69.99974399999999,2555.999616,64.99968,2549.999616,10.000127999999997,12.0,12.0,False
swath_009,7ff7b8801.jpg,3,0,246.999936,2577.999744,263.999616,2585.000064,255.499776,2581.4999040000002,16.999680000000012,7.000319999999647,16.999680000000012,False
swath_009,7ff7b8801.jpg,3,0,148.000128,2584.000128,161.00006399999998,2593.00032,154.50009599999998,2588.5002240000003,12.999935999999991,9.00019199999997,12.999935999999991,False
swath_009,7ff7b8801.jpg,3,0,507.000192,2730.000384,518.000256,2735.000064,512.500224,2732.500224,11.000064000000009,4.999679999999898,11.000064000000009,False
swath_009,7ff7b8801.jpg,3,0,354.0,2601.9997439999997,363.00019199999997,2613.9997439999997,358.500096,2607.9997439999997,9.00019199999997,12.0,12.0,False
swath_009,7ff7b8801.jpg,3,0,334.000128,2606.0002560000003,354.00038400000005,2618.0002560000003,344.00025600000004,2612.0002560000003,20.000256000000036,12.0,20.000256000000036,False
swath_009,7ff7b8801.jpg,3,0,369.99974399999996,2636.000256,381.99974399999996,2641.999872,375.99974399999996,2639.000064,12.0,5.99961600000006,12.0,False
swath_009,7ff7b8801.jpg,3,0,490.00051199999996,3004.0001279999997,506.0002559999999,3018.0,498.00038399999994,3011.000064,15.999743999999964,13.999872000000323,15.999743999999964,False
swath_009,79a518103.jpg,3,1,964.000128,2947.999872,978.9999359999999,2964.9995519999998,971.5000319999999,2956.499712,14.999807999999916,16.9996799999999,16.9996799999999,False
swath_009,da7127fce.jpg,3,2,2065.9998720000003,2456.000256,2232.0,2524.000512,2148.999936,2490.000384,166.00012799999968,68.00025600000026,166.00012799999968,False
swath_009,deb7cf470.jpg,3,3,2427.000192,2578.99968,2442.0,2589.9997439999997,2434.5000959999998,2584.499712,14.99980800000003,11.000063999999838,14.99980800000003,False
swath_010,4589cba92.jpg,0,0,538.000128,109.99987199999998,558.000384,139.99948799999999,548.000256,124.99967999999998,20.000256000000036,29.999616000000003,29.999616000000003,False
swath_010,82fa6feb0.jpg,0,1,938.999808,559.00032,961.999872,582.000384,950.49984,570.500352,23.000063999999952,23.000064000000066,23.000064000000066,False
swath_010,cc36cf02d.jpg,0,2,1753.00032,87.00019200000001,1768.000128,102.999936,1760.500224,95.00006400000001,14.999807999999803,15.999743999999993,15.999743999999993,False
swath_010,5a51097a5.jpg,0,3,2341.999488,258.0,2396.999808,317.00006399999995,2369.499648,287.500032,55.0003200000001,59.00006399999995,59.00006399999995,False
swath_010,9759c2eae.jpg,1,0,39.999744,1142.999808,58.000128,1163.000064,48.999936,1152.9999360000002,18.000383999999997,20.000256000000036,20.000256000000036,True
swath_010,eac759ca6.jpg,1,1,1476.999936,1367.999616,1503.999744,1474.99968,1490.49984,1421.499648,26.99980800000003,107.00006399999984,107.00006399999984,False
swath_010,eac759ca6.jpg,1,1,832.000128,1388.0002559999998,844.000128,1416.0,838.000128,1402.000128,12.0,27.99974400000019,27.99974400000019,False
swath_010,eac759ca6.jpg,1,1,843.000192,1410.000384,857.0000640000001,1436.000256,850.000128,1423.00032,13.999872000000096,25.999872000000096,25.999872000000096,False
swath_010,eac759ca6.jpg,1,1,1054.99968,884.999808,1067.999616,898.99968,1061.499648,891.999744,12.999936000000162,13.999871999999982,13.999871999999982,False
swath_010,eac759ca6.jpg,1,1,1150.99968,901.999872,1232.999808,1121.999616,1191.999744,1011.999744,82.00012800000013,219.99974400000008,219.99974400000008,True
swath_010,eac759ca6.jpg,1,1,1093.00032,874.99968,1201.00032,1170.9999360000002,1147.00032,1022.999808,108.0,296.00025600000015,296.00025600000015,True
swath_010,0aefb4539.jpg,1,2,1544.999808,1476.000384,1721.000064,1536.0,1632.9999360000002,1506.000192,176.00025600000004,59.99961600000006,176.00025600000004,False
swath_010,7cac6dc5f.jpg,1,3,2460.000384,954.999552,2477.000064,974.999808,2468.500224,964.99968,16.9996799999999,20.000256000000036,20.000256000000036,False
swath_010,59bb7d5b8.jpg,2,0,294.0,1794.0,349.00032,1853.0000639999998,321.50016,1823.500032,55.00031999999999,59.00006399999984,59.00006399999984,False
swath_010,acd9a6662.jpg,2,1,1385.0000639999998,1716.999552,1399.9998719999999,1725.999744,1392.4999679999999,1721.499648,14.99980800000003,9.00019199999997,14.99980800000003,False
swath_010,116dc2a67.jpg,2,2,1931.999616,1713.999744,2203.999872,1751.999616,2067.9997439999997,1732.99968,272.0002559999998,37.999872000000096,272.0002559999998,False
swath_010,116dc2a67.jpg,2,2,1809.000192,1760.999808,1837.9998719999999,1845.999744,1823.500032,1803.499776,28.9996799999999,84.99993599999993,84.99993599999993,False
swath_010,e344ff87a.jpg,2,3,2560.99968,2026.0001280000001,2655.9997439999997,2217.000192,2608.499712,2121.50016,95.00006399999984,191.00006399999984,191.00006399999984,False
swath_010,e344ff87a.jpg,2,3,2383.999872,1623.000192,2396.999808,1634.000256,2390.49984,1628.500224,12.999936000000162,11.000064000000066,12.999936000000162,False
swath_010,6df5e4fd7.jpg,3,0,65.99961599999999,2928.0,253.99987199999998,3072.0,159.99974399999996,3000.0,188.00025599999998,144.0,188.00025599999998,False
swath_010,bd7cde303.jpg,3,1,1361.0004479999998,2733.999744,1411.00032,2765.000064,1386.000384,2749.4999040000002,49.99987200000032,31.000319999999647,49.99987200000032,False
swath_010,3b9a770a7.jpg,3,2,1536.0,2828.999808,1608.999936,2935.999872,1572.499968,2882.49984,72.99993599999993,107.00006399999984,107.00006399999984,False
swath_010,b54016b1b.jpg,3,3,2443.00032,2373.000192,2640.0,2416.000512,2541.50016,2394.500352,196.9996799999999,43.0003200000001,196.9996799999999,False
swath_011,015369fd9.jpg,0,0,203.000064,248.00025599999998,277.99987200000004,275.000064,240.49996800000002,261.50016,74.99980800000003,26.99980800000003,74.99980800000003,False
swath_011,015369fd9.jpg,0,0,268.000128,135.000192,380.99980800000003,170.000256,324.499968,152.500224,112.99968000000001,35.00006400000001,112.99968000000001,False
swath_011,015369fd9.jpg,0,0,78.99993599999999,21.000192000000006,162.999936,95.00006400000001,120.99993599999999,58.00012800000001,84.0,73.99987200000001,84.0,False
swath_011,015369fd9.jpg,0,0,338.99980800000003,226.00012800000002,432.0,254.99980800000003,385.499904,240.49996800000002,93.00019199999997,28.999680000000012,93.00019199999997,True
swath_011,c0f49631a.jpg,0,1,1337.999616,240.000384,1356.0,257.000064,1346.999808,248.500224,18.00038399999994,16.999680000000012,18.00038399999994,False
swath_011,c0f49631a.jpg,0,1,1274.999808,440.99980800000003,1294.0001280000001,456.999552,1284.499968,448.99968,19.0003200000001,15.999743999999964,19.0003200000001,False
swath_011,a3426c6ca.jpg,0,2,2064.0,195.999744,2208.0,247.999488,2136.0,221.999616,144.0,51.99974400000002,144.0,False
swath_011,2cee0b7fc.jpg,0,3,2500.000128,135.00019200000003,2515.999872,143.000448,2508.0,139.00032000000002,15.999743999999737,8.000255999999979,15.999743999999737,False
swath_011,2cee0b7fc.jpg,0,3,2714.000256,454.000128,2826.0,648.999936,2770.0001279999997,551.500032,111.99974400000019,194.99980800000003,194.99980800000003,False
swath_011,2cee0b7fc.jpg,0,3,2304.0,457.00032,2408.999808,588.000384,2356.4999040000002,522.500352,104.99980800000003,131.00006400000007,131.00006400000007,False
swath_011,62fbfe8e6.jpg,1,0,193.00032,1257.999744,352.000128,1343.999616,272.500224,1300.99968,158.99980800000003,85.9998720000001,158.99980800000003,False
swath_011,6ae2803e7.jpg,1,1,1020.0,1371.999744,1073.999616,1415.000064,1046.999808,1393.499904,53.99961600000006,43.0003200000001,53.99961600000006,False
swath_011,6ae2803e7.jpg,1,1,1279.00032,872.000256,1332.0,900.9999359999999,1305.50016,886.500096,52.9996799999999,28.9996799999999,52.9996799999999,False
swath_011,b6f3cef73.jpg,1,2,2136.999936,1220.999808,2161.999872,1235.999616,2149.4999040000002,1228.499712,24.999935999999707,14.99980800000003,24.999935999999707,False
swath_011,317216526.jpg,1,3,2337.999744,1488.9995519999998,2345.000064,1495.9998719999999,2341.4999040000002,1492.4997119999998,7.000319999999647,7.000320000000102,7.000320000000102,False
swath_011,317216526.jpg,1,3,2387.999616,1450.99968,2394.999936,1458.9999360000002,2391.499776,1454.999808,7.000320000000102,8.000256000000263,8.000256000000263,False
swath_011,317216526.jpg,1,3,2398.000128,1471.9998719999999,2403.999744,1479.000192,2400.999936,1475.500032,5.99961600000006,7.000320000000102,7.000320000000102,False
swath_011,396ec75fd.jpg,2,0,291.00019199999997,1560.0,299.000448,1563.999744,295.00032,1561.9998719999999,8.000256000000036,3.999743999999964,8.000256000000036,False
swath_011,90b04356e.jpg,2,1,1396.0001280000001,1750.0001280000001,1407.000192,1771.00032,1401.50016,1760.5002240000001,11.000063999999838,21.00019199999997,21.00019199999997,False
swath_011,b01957a2b.jpg,2,2,2053.999872,1851.000192,2292.999936,1914.0,2173.4999040000002,1882.500096,239.0000640000003,62.99980800000003,239.0000640000003,False
swath_011,74c697c9e.jpg,2,3,2610.999936,1725.999744,2647.999872,1878.999936,2629.4999040000002,1802.49984,36.99993599999971,153.00019199999997,153.00019199999997,False
swath_011,84714c017.jpg,3,0,504.00038400000005,3013.00032,519.0001920000001,3024.000384,511.50028800000007,3018.500352,14.99980800000003,11.000063999999838,14.99980800000003,False
swath_011,6f6453d33.jpg,3,1,903.000192,2689.00032,917.0000640000001,2705.000064,910.000128,2697.000192,13.999872000000096,15.999743999999737,15.999743999999737,False
swath_011,adeca4b75.jpg,3,2,2135.999616,3034.99968,2147.999616,3045.9997439999997,2141.999616,3040.499712,12.0,11.000063999999838,12.0,False
swath_011,adeca4b75.jpg,3,2,1581.000192,2724.999936,1702.000128,3008.0002560000003,1641.50016,2866.500096,120.99993599999993,283.0003200000001,283.0003200000001,False
swath_011,bdc25fbd9.jpg,3,3,2880.0,2862.999552,2925.000192,2904.999936,2902.5000959999998,2883.999744,45.00019199999997,42.00038399999994,45.00019199999997,False
swath_012,2f5cb64eb.jpg,0,0,3.999743999999996,608.000256,55.999488,683.0000640000001,29.999616,645.50016,51.99974400000001,74.99980800000003,74.99980800000003,False
swath_012,9bdd25f0f.jpg,0,1,1407.000192,203.000448,1536.0,386.00025600000004,1471.500096,294.500352,128.99980800000003,182.99980800000003,182.99980800000003,True
swath_012,ca78eac88.jpg,0,2,2049.9997439999997,131.000064,2086.99968,177.00019200000003,2068.499712,154.00012800000002,36.99993600000016,46.00012800000002,46.00012800000002,False
swath_012,ca78eac88.jpg,0,2,2034.000384,141.00019200000003,2088.0,209.000448,2061.000192,175.00032000000002,53.99961600000006,68.00025599999998,68.00025599999998,False
swath_012,ca78eac88.jpg,0,2,2017.9998719999999,174.00038399999997,2060.000256,227.99999999999997,2039.0000639999998,201.00019199999997,42.00038399999994,53.999616,53.999616,False
swath_012,ca78eac88.jpg,0,2,2008.000128,186.000384,2048.999808,236.00025599999998,2028.499968,211.00032,40.999680000000126,49.99987199999998,49.99987199999998,False
swath_012,ca78eac88.jpg,0,2,2217.999744,675.999744,2274.0,701.9996160000001,2245.9998720000003,688.99968,56.00025599999981,25.999872000000096,56.00025599999981,False
swath_012,ca78eac88.jpg,0,2,1633.00032,489.00019199999997,1671.000192,514.000128,1652.000256,501.50016,37.99987199999987,24.999936000000048,37.99987199999987,False
swath_012,ca78eac88.jpg,0,2,1733.000448,462.00038400000005,1763.000064,489.0001920000001,1748.000256,475.50028800000007,29.99961600000006,26.99980800000003,29.99961600000006,False
swath_012,ca78eac88.jpg,0,2,1626.0,505.99987200000004,1659.000192,528.999936,1642.500096,517.499904,33.00019199999997,23.00006400000001,33.00019199999997,False
swath_012,ca78eac88.jpg,0,2,1968.0,185.00006399999998,2018.999808,249.999744,1993.499904,217.499904,50.99980800000003,64.99968000000001,64.99968000000001,False
swath_012,ca78eac88.jpg,0,2,1720.99968,421.999872,1745.999616,449.99961599999995,1733.499648,435.99974399999996,24.99993600000016,27.999743999999964,27.999743999999964,False
swath_012,ca78eac88.jpg,0,2,1620.0,510.00000000000006,1665.000192,545.0000640000001,1642.500096,527.500032,45.00019199999997,35.00006400000001,45.00019199999997,False
swath_012,ca78eac88.jpg,0,2,1961.999616,208.000512,2006.999808,262.000128,1984.499712,235.00032,45.00019199999997,53.99961600000003,53.99961600000003,False
swath_012,70ed79d90.jpg,0,3,2397.999744,131.000064,2624.999808,293.000448,2511.499776,212.000256,227.00006399999984,162.000384,227.00006399999984,False
swath_012,55de990d5.jpg,1,0,731.0000640000001,1202.000256,749.000448,1218.999936,740.000256,1210.500096,18.00038399999994,16.9996799999999,18.00038399999994,False
swath_012,0884ca333.jpg,1,1,1266.999936,818.000256,1281.999744,834.0,1274.49984,826.000128,14.99980800000003,15.999743999999964,15.999743999999964,False
swath_012,0884ca333.jpg,1,1,1005.999744,1109.000448,1061.000064,1162.0001280000001,1033.499904,1135.5002880000002,55.0003200000001,52.999680000000126,55.0003200000001,True
swath_012,24760ac60.jpg,1,2,1982.000256,1101.000192,2045.000064,1143.000576,2013.50016,1122.000384,62.99980800000003,42.00038399999994,62.99980800000003,False
swath_012,24760ac60.jpg,1,2,1881.999744,1071.000192,2039.999616,1182.0,1960.99968,1126.500096,157.9998720000001,110.99980800000003,157.9998720000001,True
swath_012,5c1c6a22d.jpg,1,3,2876.0002560000003,1157.000064,2922.000384,1212.000384,2899.00032,1184.500224,46.00012799999968,55.000319999999874,55.000319999999874,False
swath_012,5c1c6a22d.jpg,1,3,2862.999552,1152.0,2907.9997439999997,1205.999616,2885.499648,1178.999808,45.000191999999515,53.99961600000006,53.99961600000006,False
swath_012,ffec95ea3.jpg,2,0,300.999936,1650.0,322.00012799999996,1663.999872,311.500032,1656.9999360000002,21.00019199999997,13.999872000000096,21.00019199999997,False
swath_012,95e677479.jpg,2,1,886.000128,1978.99968,956.000256,2038.99968,921.000192,2008.99968,70.00012800000002,60.0,70.00012800000002,False
swath_012,95e677479.jpg,2,1,985.999872,2058.999936,1005.000192,2073.9997439999997,995.5000319999999,2066.49984,19.000319999999988,14.999807999999575,19.000319999999988,False
swath_012,e00b26d45.jpg,2,2,1785.999744,1625.000448,1794.0,1628.000256,1789.9998719999999,1626.500352,8.000256000000036,2.99980800000003,8.000256000000036,False
swath_012,e00b26d45.jpg,2,2,1753.9998719999999,1619.000064,1820.000256,1644.999936,1787.0000639999998,1632.0,66.00038400000017,25.99987199999987,66.00038400000017,False
swath_012,e00b26d45.jpg,2,2,1861.999872,1825.999488,1867.999488,1832.999808,1864.99968,1829.499648,5.999615999999833,7.000320000000102,7.000320000000102,False
swath_012,f52a12445.jpg,2,3,2734.000128,1761.999744,2739.999744,1770.0,2736.999936,1765.9998719999999,5.99961600000006,8.000256000000036,8.000256000000036,False
swath_012,a6553448a.jpg,3,0,55.99987199999999,2829.9997439999997,68.99980799999999,2841.9997439999997,62.49983999999999,2835.9997439999997,12.999935999999998,12.0,12.999935999999998,False
swath_012,a6553448a.jpg,3,0,565.00032,2360.999808,579.0001920000001,2376.999552,572.000256,2368.99968,13.999872000000096,15.999744000000192,15.999744000000192,False
swath_012,a6553448a.jpg,3,0,51.99974400000001,2941.999872,55.999488,2960.000256,53.999616,2951.000064,3.9997439999999926,18.00038399999994,18.00038399999994,False
swath_012,a6553448a.jpg,3,0,270.999936,2528.000256,285.999744,2532.999936,278.49984,2530.5000959999998,14.99980800000003,4.999680000000353,14.99980800000003,False
swath_012,f1a9b75bc.jpg,3,1,1289.0000639999998,2696.999808,1348.0001280000001,2729.000064,1318.500096,2712.999936,59.00006400000029,32.00025599999981,59.00006400000029,False
swath_012,f1a9b75bc.jpg,3,1,1289.999616,2727.000192,1309.9998719999999,2741.000064,1299.999744,2734.0001279999997,20.00025599999981,13.999871999999868,20.00025599999981,False
swath_012,f1a9b75bc.jpg,3,1,1281.999744,2679.000192,1338.999936,2711.000448,1310.49984,2695.00032,57.00019199999997,32.00025599999981,57.00019199999997,True
swath_012,f1a9b75bc.jpg,3,1,1283.000064,2680.000128,1301.000448,2688.000384,1292.000256,2684.0002560000003,18.00038399999994,8.000255999999808,18.00038399999994,True
swath_012,d035102d9.jpg,3,2,2058.999936,2673.999744,2119.999872,2706.0,2089.4999040000002,2689.9998720000003,60.99993599999971,32.00025599999981,60.99993599999971,True
swath_012,d035102d9.jpg,3,2,1967.000448,3036.000384,1984.0001280000001,3052.000128,1975.5002880000002,3044.0002560000003,16.999680000000126,15.999744000000192,16.999680000000126,False
swath_012,d035102d9.jpg,3,2,2067.000192,2690.0002560000003,2131.999872,2728.000128,2099.500032,2709.0001920000004,64.9996799999999,37.99987199999987,64.9996799999999,False
swath_012,d035102d9.jpg,3,2,2068.99968,2724.000384,2088.999936,2738.000256,2078.999808,2731.00032,20.000256000000263,13.999871999999868,20.000256000000263,False
swath_012,d035102d9.jpg,3,2,2141.999616,2845.999872,2186.999808,2892.999936,2164.499712,2869.4999040000002,45.00019199999997,47.00006400000029,47.00006400000029,False
swath_012,b1f1eeebb.jpg,3,3,2887.00032,2613.000192,3057.000192,2666.999808,2972.0002560000003,2640.0,169.99987199999987,53.99961600000006,169.99987199999987,False
swath_013,fe930020c.jpg,0,0,511.00032000000004,37.00032,729.000192,77.000064,620.000256,57.000192,217.99987199999993,39.99974399999999,217.99987199999993,False
swath_013,0624ddeef.jpg,0,1,950.000256,204.999936,985.00032,227.000064,967.500288,216.0,35.00006399999995,22.000128000000018,35.00006399999995,False
swath_013,0624ddeef.jpg,0,1,960.0,764.0002559999999,964.99968,767.9999999999999,962.49984,766.0001279999999,4.999680000000012,3.999743999999964,4.999680000000012,False
swath_013,4a8d2399e.jpg,0,2,1668.999936,348.999552,1693.999872,403.999872,1681.499904,376.499712,24.99993600000016,55.00031999999999,55.00031999999999,True
swath_013,fd9876268.jpg,0,3,2342.999808,499.999872,2412.0,539.999616,2377.4999040000002,519.999744,69.00019199999997,39.999743999999964,69.00019199999997,False
swath_013,cc79330c9.jpg,1,0,138.99993600000002,1191.000576,153.999744,1197.000192,146.49984,1194.000384,14.999807999999973,5.99961600000006,14.999807999999973,False
swath_013,6a42583d4.jpg,1,1,1446.9999360000002,1325.0000639999998,1510.99968,1433.0000639999998,1478.999808,1379.0000639999998,63.99974399999974,108.0,108.0,False
swath_013,40bc60e5d.jpg,1,2,1575.999744,768.0,1643.000064,795.999744,1609.499904,781.999872,67.0003200000001,27.999743999999964,67.0003200000001,False
swath_013,6fa2625e1.jpg,1,3,2356.99968,799.999872,2549.999616,975.000192,2453.499648,887.5000319999999,192.99993600000016,175.00032,192.99993600000016,False
swath_013,6fa2625e1.jpg,1,3,2407.999872,840.0,2466.999936,893.9996160000001,2437.4999040000002,866.999808,59.00006400000029,53.99961600000006,59.00006400000029,False
swath_013,e71380836.jpg,2,0,400.000128,1820.999808,486.99993600000005,1904.999808,443.50003200000003,1862.999808,86.99980800000003,84.0,86.99980800000003,False
swath_013,ade3b9d4d.jpg,2,1,1024.000512,2173.00032,1030.000128,2183.000448,1027.00032,2178.000384,5.999615999999833,10.000127999999677,10.000127999999677,False
swath_013,056949650.jpg,2,2,2169.9997439999997,2119.999872,2303.999616,2228.999808,2236.99968,2174.49984,133.99987200000032,108.99993600000016,133.99987200000032,False
swath_013,869396711.jpg,2,3,2791.00032,1542.0,2888.0002560000003,1577.000064,2839.500288,1559.500032,96.99993600000016,35.000064000000066,96.99993600000016,False
swath_013,869396711.jpg,2,3,2770.000128,1558.99968,2792.0002560000003,1570.99968,2781.0001920000004,1564.99968,22.00012800000013,12.0,22.00012800000013,False
swath_013,3c9ffb788.jpg,3,0,421.00032000000004,2419.999872,435.000192,2430.999936,428.00025600000004,2425.4999040000002,13.999871999999982,11.000064000000293,13.999871999999982,False
swath_013,4a7342a52.jpg,3,1,1055.000448,2809.999872,1166.000256,3072.0,1110.500352,2940.999936,110.99980800000003,262.00012800000013,262.00012800000013,True
swath_013,4a7342a52.jpg,3,1,1063.9998719999999,2916.000384,1095.000192,3005.000064,1079.500032,2960.500224,31.0003200000001,88.9996799999999,88.9996799999999,False
swath_013,83f6011e3.jpg,3,2,1917.000192,2850.0,1990.0001280000001,2981.000064,1953.50016,2915.500032,72.99993600000016,131.00006399999984,131.00006399999984,True
swath_013,ac0d5f667.jpg,3,3,2644.000128,2957.000064,2655.000192,2971.999872,2649.50016,2964.499968,11.000063999999838,14.99980800000003,14.99980800000003,False
swath_013,ac0d5f667.jpg,3,3,2654.0002560000003,2932.000128,2663.000448,2971.999872,2658.500352,2952.0,9.000191999999515,39.99974399999974,39.99974399999974,False
swath_014,7d85effad.jpg,0,0,474.99993599999993,634.99968,651.000192,720.9995520000001,563.000064,677.9996160000001,176.00025600000004,85.9998720000001,176.00025600000004,False
swath_014,0198713b4.jpg,0,1,904.99968,666.0003839999999,1025.999616,716.000256,965.499648,691.00032,120.99993600000005,49.999872000000096,120.99993600000005,False
swath_014,6e72ef098.jpg,0,2,2156.999808,333.000192,2267.999616,403.00032000000004,2212.499712,368.00025600000004,110.99980800000003,70.00012800000002,110.99980800000003,True
swath_014,b121194b4.jpg,0,3,2647.999872,468.0,2806.99968,510.00038400000005,2727.4997759999997,489.000192,158.99980800000003,42.000384000000054,158.99980800000003,True
swath_014,7694b5649.jpg,1,0,63.99974400000001,1448.000256,91.999488,1469.000448,77.999616,1458.500352,27.999743999999993,21.00019199999997,27.999743999999993,False
swath_014,7694b5649.jpg,1,0,174.00038400000003,1343.999616,247.00032000000002,1403.999616,210.50035200000002,1373.999616,72.99993599999999,60.0,72.99993599999999,False
swath_014,a97971e23.jpg,1,1,1061.000064,956.999808,1070.000256,965.0000640000001,1065.50016,960.999936,9.00019199999997,8.000256000000036,9.00019199999997,False
swath_014,aab9542c1.jpg,1,2,2005.00032,930.9999359999999,2022.0,944.999808,2013.50016,937.999872,16.9996799999999,13.999872000000096,16.9996799999999,False
swath_014,aab9542c1.jpg,1,2,1818.000384,1070.999808,1843.00032,1097.999616,1830.500352,1084.499712,24.99993600000016,26.99980800000003,26.99980800000003,False
swath_014,aab9542c1.jpg,1,2,1888.0001280000001,1108.000128,1903.9998719999999,1121.000064,1896.0,1114.500096,15.999743999999737,12.999936000000162,15.999743999999737,False
swath_014,b94d2bfd1.jpg,1,3,2546.000256,1488.000384,2562.999936,1503.000192,2554.5000959999998,1495.500288,16.999680000000353,14.99980800000003,16.999680000000353,False
swath_014,b94d2bfd1.jpg,1,3,2550.000384,1392.0,2575.00032,1411.00032,2562.500352,1401.50016,24.99993600000016,19.0003200000001,24.99993600000016,False
swath_014,5a5e8d038.jpg,2,0,309.00019199999997,1807.999488,385.999872,1850.999808,347.500032,1829.499648,76.99968000000001,43.0003200000001,76.99968000000001,True
swath_014,5a5e8d038.jpg,2,0,178.00012800000002,1873.00032,197.000448,1889.0000639999998,187.500288,1881.000192,19.000319999999988,15.999743999999737,19.000319999999988,False
swath_014,beede0422.jpg,2,1,894.999552,2063.000064,913.999872,2088.999936,904.499712,2076.0,19.000319999999988,25.999872000000323,25.999872000000323,False
swath_014,beede0422.jpg,2,1,855.999744,1988.000256,875.0000640000001,2011.00032,865.499904,1999.5002880000002,19.0003200000001,23.000064000000066,23.000064000000066,False
swath_014,eeda07894.jpg,2,2,1913.000448,2052.0,2061.000192,2221.9998720000003,1987.00032,2136.999936,147.99974399999996,169.99987200000032,169.99987200000032,True
swath_014,c05d43143.jpg,2,3,2565.999744,2205.9997439999997,2627.999616,2238.999936,2596.99968,2222.49984,61.99987199999987,33.000192000000425,61.99987199999987,False
swath_014,700fc6a4a.jpg,3,0,380.0002559999999,2900.999808,664.000512,2962.99968,522.0003839999999,2931.9997439999997,284.00025600000004,61.99987199999987,284.00025600000004,True
swath_014,6754809e8.jpg,3,1,1235.000064,2868.000384,1260.0,2885.000064,1247.500032,2876.500224,24.999935999999934,16.9996799999999,24.999935999999934,False
swath_014,0e3c1baba.jpg,3,2,1754.000256,2510.999808,1914.999936,2557.999872,1834.500096,2534.49984,160.9996799999999,47.00006399999984,160.9996799999999,False
swath_014,575f08435.jpg,3,3,2604.999552,2304.0,2830.99968,2496.0,2717.999616,2400.0,226.00012799999968,192.0,226.00012799999968,True
swath_014,575f08435.jpg,3,3,2748.0,2356.000128,2816.000256,2412.000384,2782.0001279999997,2384.0002560000003,68.00025599999981,56.00025599999981,68.00025599999981,False
swath_015,beddd60c7.jpg,0,0,113.000064,201.999744,145.00032,212.999808,129.000192,207.499776,32.00025599999999,11.000064000000009,32.00025599999999,False
swath_015,210a4223e.jpg,0,1,998.999808,639.0001920000001,1020.0,672.000384,1009.499904,655.5002880000001,21.00019199999997,33.00019199999997,33.00019199999997,False
swath_015,52b8a6b7b.jpg,0,2,1828.000128,440.0002560000001,1910.000256,463.00032000000004,1869.000192,451.50028800000007,82.00012800000013,23.000063999999952,82.00012800000013,False
swath_015,52b8a6b7b.jpg,0,2,1812.0,372.0,2072.0002560000003,449.99961599999995,1942.0001280000001,410.999808,260.00025600000026,77.99961599999995,260.00025600000026,True
swath_015,44286579d.jpg,0,3,2304.0,638.9998079999999,2442.000384,736.99968,2373.000192,687.999744,138.00038399999994,97.9998720000001,138.00038399999994,False
swath_015,91026f37f.jpg,1,0,252.999936,1452.0,274.00012799999996,1473.000192,263.500032,1462.500096,21.00019199999997,21.00019199999997,21.00019199999997,False
swath_015,40f0e9509.jpg,1,1,768.000384,1168.9996800000001,785.000064,1194.999552,776.500224,1181.999616,16.9996799999999,25.99987199999987,25.99987199999987,False
swath_015,9643a7a2b.jpg,1,2,2113.999872,1223.999616,2180.000256,1258.99968,2147.000064,1241.499648,66.00038399999994,35.00006399999984,66.00038399999994,False
swath_015,70b5ab7c6.jpg,1,3,2561.999616,1176.999552,2748.999936,1377.999744,2655.499776,1277.499648,187.0003200000001,201.00019199999997,201.00019199999997,True
swath_015,4f9cd41b8.jpg,2,0,131.000064,1647.000192,245.000448,1806.0,188.000256,1726.500096,114.000384,158.99980800000003,158.99980800000003,False
swath_015,4f9cd41b8.jpg,2,0,178.00012800000002,1890.000384,246.000384,1941.000192,212.000256,1915.500288,68.00025599999998,50.99980800000003,68.00025599999998,True
swath_015,4f9cd41b8.jpg,2,0,221.000064,1962.0,234.999936,1973.000064,228.0,1967.500032,13.999871999999982,11.000064000000066,13.999871999999982,False
swath_015,21afbfaa5.jpg,2,1,1237.00032,1546.000128,1252.0001280000001,1570.000128,1244.5002240000001,1558.000128,14.99980800000003,24.0,24.0,False
swath_015,97285a1b9.jpg,2,2,1889.999616,2004.9999360000002,1934.999808,2026.0001280000001,1912.499712,2015.5000320000001,45.00019199999997,21.00019199999997,45.00019199999997,True
swath_015,3d51043d5.jpg,2,3,2622.999936,2091.000192,2638.99968,2106.0,2630.999808,2098.5000959999998,15.999743999999737,14.99980800000003,15.999743999999737,False
swath_015,3d51043d5.jpg,2,3,2648.999808,2048.999808,2658.999936,2057.000064,2653.9998720000003,2052.999936,10.000128000000132,8.000255999999808,10.000128000000132,False
swath_015,3d51043d5.jpg,2,3,2926.000128,1816.99968,2946.000384,1836.9999360000002,2936.0002560000003,1826.999808,20.00025599999981,20.000256000000263,20.000256000000263,False
swath_015,3d51043d5.jpg,2,3,2759.999616,1963.999872,2767.999872,1974.0,2763.9997439999997,1968.9999360000002,8.000255999999808,10.000127999999904,10.000127999999904,False
swath_015,3d51043d5.jpg,2,3,2919.000192,1859.999616,2930.0002560000003,1870.99968,2924.5002240000003,1865.499648,11.000064000000293,11.000063999999838,11.000064000000293,False
swath_015,3d51043d5.jpg,2,3,2882.000256,1867.999488,2898.0,1887.999744,2890.0001279999997,1877.999616,15.999744000000192,20.000256000000036,20.000256000000036,False
swath_015,3d51043d5.jpg,2,3,2579.000448,2171.000448,2594.0002560000003,2185.00032,2586.500352,2178.000384,14.999808000000485,13.999872000000323,14.999808000000485,False
swath_015,a9b1d6344.jpg,3,0,434.99980800000003,2376.999936,501.00019199999997,2471.000064,468.0,2424.0,66.00038399999994,94.00012799999968,94.00012799999968,False
swath_015,ff6df12de.jpg,3,1,768.000384,2544.999936,807.000192,2570.999808,787.500288,2557.9998720000003,38.999807999999916,25.99987199999987,38.999807999999916,False
swath_015,ff6df12de.jpg,3,1,871.00032,2560.99968,945.000192,2605.999872,908.000256,2583.4997759999997,73.99987199999998,45.00019199999997,73.99987199999998,False
swath_015,310a28e3f.jpg,3,2,2056.99968,2536.000128,2076.0,2574.999936,2066.49984,2555.500032,19.0003200000001,38.99980800000003,38.99980800000003,False
swath_015,e47c5350d.jpg,3,3,2329.00032,2913.000192,2414.000256,3012.0,2371.500288,2962.5000959999998,84.9999359999997,98.99980800000003,98.99980800000003,False
swath_016,2e1d8beed.jpg,0,0,124.000128,419.999616,132.000384,426.999936,128.000256,423.499776,8.000255999999993,7.000319999999988,8.000255999999993,False
swath_016,2e1d8beed.jpg,0,0,257.000064,238.99967999999998,264.000384,248.999808,260.500224,243.999744,7.000319999999988,10.000128000000018,10.000128000000018,False
swath_016,b9e5d1bd2.jpg,0,1,1381.00032,151.00032000000002,1394.000256,177.000192,1387.5002880000002,164.000256,12.999935999999934,25.999871999999982,25.999871999999982,False
swath_016,bd373a745.jpg,0,2,2272.99968,517.999872,2296.99968,542.9998079999999,2284.99968,530.49984,24.0,24.999935999999934,24.999935999999934,False
swath_016,b197a9b9a.jpg,0,3,2357.999616,328.000128,2520.0,413.00006399999995,2438.999808,370.500096,162.00038399999994,84.99993599999993,162.00038399999994,True
swath_016,8395e055c.jpg,1,0,479.9999999999999,1334.999808,548.0002559999999,1425.000192,514.0001279999999,1380.0,68.00025600000004,90.00038399999994,90.00038399999994,False
swath_016,427ac1c45.jpg,1,1,833.999616,907.999872,997.999872,992.999808,915.999744,950.49984,164.00025600000004,84.99993600000005,164.00025600000004,False
swath_016,f8339e72f.jpg,1,2,1844.999808,969.999744,1855.9998719999999,979.9998720000001,1850.49984,974.999808,11.000063999999838,10.000128000000132,11.000063999999838,False
swath_016,f8339e72f.jpg,1,2,1731.999744,1142.000256,1752.0,1156.000128,1741.9998719999999,1149.000192,20.000256000000036,13.999871999999868,20.000256000000036,True
swath_016,f8339e72f.jpg,1,2,1965.999744,942.9999359999999,1975.9998719999999,953.0000640000001,1970.999808,948.0,10.000127999999904,10.000128000000132,10.000128000000132,False
swath_016,e05d0385a.jpg,1,3,2960.000256,1312.0001280000001,2965.999872,1319.0004480000002,2963.000064,1315.5002880000002,5.99961600000006,7.000320000000102,7.000320000000102,False
swath_016,cc286f825.jpg,2,0,553.0003200000001,1974.999552,758.000256,2090.999808,655.5002880000001,2032.99968,204.99993599999993,116.00025600000004,204.99993599999993,False
swath_016,cc286f825.jpg,2,0,18.99993599999999,1732.99968,197.000064,1851.999744,108.0,1792.4997119999998,178.00012800000002,119.00006400000007,178.00012800000002,False
swath_016,ea2b77c43.jpg,2,1,1300.000512,2196.999936,1305.000192,2201.999616,1302.500352,2199.499776,4.999679999999898,4.999679999999898,4.999679999999898,False
swath_016,927652547.jpg,2,2,1721.000064,2024.999424,1832.999808,2114.999808,1776.9999360000002,2069.999616,111.99974399999996,90.00038399999994,111.99974399999996,False
swath_016,88f91b5d5.jpg,2,3,2884.000128,2122.000128,2942.000256,2173.999872,2913.000192,2148.0,58.00012799999968,51.99974399999974,58.00012799999968,False
swath_016,259c985dd.jpg,3,0,372.999936,2985.9997439999997,544.99968,3071.999616,458.99980800000003,3028.99968,171.99974400000002,85.99987200000032,171.99974400000002,True
swath_016,3818abe8a.jpg,3,1,1474.0001280000001,2840.999808,1478.999808,2850.0,1476.499968,2845.4999040000002,4.999679999999898,9.00019199999997,9.00019199999997,False
swath_016,3818abe8a.jpg,3,1,917.0000640000001,2808.0,974.000256,2830.0001279999997,945.50016,2819.000064,57.00019199999997,22.000127999999677,57.00019199999997,False
swath_016,3818abe8a.jpg,3,1,804.000384,2334.0,866.000256,2365.00032,835.0003200000001,2349.50016,61.99987199999998,31.0003200000001,61.99987199999998,False
swath_016,3818abe8a.jpg,3,1,1260.0,2392.99968,1307.000064,2412.0,1283.500032,2402.49984,47.000064000000066,19.0003200000001,47.000064000000066,False
swath_016,3818abe8a.jpg,3,1,1401.999744,2796.0,1461.999744,2844.0,1431.999744,2820.0,60.0,48.0,60.0,False
swath_016,cc6bf218a.jpg,3,2,2026.99968,2482.99968,2039.999616,2490.0,2033.499648,2486.49984,12.999936000000162,7.000320000000102,12.999936000000162,False
swath_016,f721c8317.jpg,3,3,2580.0,2674.000128,2656.99968,2700.0,2618.49984,2687.000064,76.9996799999999,25.99987199999987,76.9996799999999,True
swath_017,874bb3d0b.jpg,0,0,318.00038400000005,482.999808,394.000128,502.00012799999996,356.00025600000004,492.49996799999997,75.99974399999996,19.000319999999988,75.99974399999996,True
swath_017,0d2255fcd.jpg,0,1,1380.0,15.000192,1402.000128,46.000512,1391.0000639999998,30.500352,22.000127999999904,31.000320000000002,31.000320000000002,False
swath_017,010cbbfa0.jpg,0,2,1736.000256,663.0001920000001,1757.000448,673.00032,1746.500352,668.000256,21.00019199999997,10.000127999999904,21.00019199999997,False
swath_017,010cbbfa0.jpg,0,2,2233.999872,473.99961599999995,2238.9995519999998,493.999872,2236.499712,483.99974399999996,4.999679999999898,20.000256000000036,20.000256000000036,False
swath_017,010cbbfa0.jpg,0,2,2064.999552,618.0003839999999,2073.9997439999997,624.0,2069.499648,621.000192,9.000191999999515,5.99961600000006,9.000191999999515,False
swath_017,ef9d3506d.jpg,0,3,2908.000128,396.99993600000005,2991.000192,420.99993600000005,2949.50016,408.99993600000005,83.00006399999984,24.0,83.00006399999984,False
swath_017,9f6192719.jpg,1,0,196.000128,1156.000128,210.99993599999996,1172.999808,203.50003199999998,1164.499968,14.999807999999973,16.999680000000126,16.999680000000126,False
swath_017,7f4c800cf.jpg,1,1,826.99968,1361.0000639999998,983.9996160000001,1421.0000639999998,905.499648,1391.0000639999998,156.99993600000005,60.0,156.99993600000005,False
swath_017,fef62c4c6.jpg,1,2,1614.0,1284.000384,1626.999936,1300.0001280000001,1620.499968,1292.000256,12.999935999999934,15.999744000000192,15.999744000000192,False
swath_017,fef62c4c6.jpg,1,2,1735.999872,1225.999872,1796.999808,1249.999872,1766.49984,1237.999872,60.999935999999934,24.0,60.999935999999934,False
swath_017,fef62c4c6.jpg,1,2,2010.999936,976.99968,2071.999872,1023.999744,2041.4999039999998,1000.499712,60.999935999999934,47.00006399999995,60.999935999999934,False
swath_017,fef62c4c6.jpg,1,2,1963.999488,952.99968,1983.9997440000002,971.000064,1973.999616,961.999872,20.000256000000263,18.00038399999994,20.000256000000263,False
swath_017,8f6f06029.jpg,1,3,2552.000256,1252.000128,2647.00032,1292.999808,2599.500288,1272.499968,95.0000640000003,40.999680000000126,95.0000640000003,False
swath_017,8f6f06029.jpg,1,3,2486.999808,1250.000256,2679.999744,1335.000192,2583.499776,1292.500224,192.99993600000016,84.99993599999993,192.99993600000016,False
swath_017,8f6f06029.jpg,1,3,2878.000128,836.000256,2945.0004480000002,906.000384,2911.500288,871.0003200000001,67.0003200000001,70.00012800000002,70.00012800000002,False
swath_017,759635210.jpg,2,0,337.999872,1872.0,366.999552,1895.0000639999998,352.499712,1883.500032,28.999680000000012,23.00006399999984,28.999680000000012,False
swath_017,648bca076.jpg,2,1,1212.0,2208.000384,1237.999872,2225.000064,1224.9999360000002,2216.500224,25.999872000000096,16.9996799999999,25.999872000000096,False
swath_017,3398b4f45.jpg,2,2,1758.999552,2069.000064,1776.999936,2080.000128,1767.999744,2074.5000959999998,18.00038399999994,11.000064000000293,18.00038399999994,False
swath_017,951012287.jpg,2,3,2705.0004480000002,2051.999616,2711.000064,2058.999936,2708.0002560000003,2055.499776,5.999615999999605,7.000320000000102,7.000320000000102,False
swath_017,951012287.jpg,2,3,2764.000128,2010.0,2771.0004480000002,2019.000192,2767.500288,2014.500096,7.000320000000102,9.00019199999997,9.00019199999997,False
swath_017,951012287.jpg,2,3,2610.000384,2057.000064,2616.0,2065.00032,2613.000192,2061.000192,5.99961600000006,8.000256000000263,8.000256000000263,False
swath_017,951012287.jpg,2,3,2650.99968,1935.000192,2658.0,1943.000448,2654.49984,1939.00032,7.000320000000102,8.000256000000036,8.000256000000036,False
swath_017,951012287.jpg,2,3,2728.000128,2031.000192,2735.0004480000002,2039.000448,2731.500288,2035.00032,7.000320000000102,8.000256000000036,8.000256000000036,False
swath_017,951012287.jpg,2,3,2703.000192,2072.999808,2710.000512,2081.000064,2706.500352,2076.999936,7.000320000000102,8.000255999999808,8.000255999999808,False
swath_017,951012287.jpg,2,3,2742.000384,2071.999872,2748.0,2079.000192,2745.000192,2075.500032,5.99961600000006,7.000320000000102,7.000320000000102,False
swath_017,951012287.jpg,2,3,2821.999488,1928.999808,2828.999808,1938.0,2825.499648,1933.499904,7.000320000000102,9.00019199999997,9.00019199999997,False
swath_017,951012287.jpg,2,3,2812.000128,1982.0002559999998,2820.000384,1990.000512,2816.0002560000003,1986.000384,8.000255999999808,8.000256000000263,8.000256000000263,False
swath_017,951012287.jpg,2,3,2788.000512,2001.999744,2794.000128,2009.000064,2791.00032,2005.499904,5.99961600000006,7.000320000000102,7.000320000000102,False
swath_017,951012287.jpg,2,3,2735.999616,2003.999616,2743.999872,2011.9998719999999,2739.9997439999997,2007.999744,8.000255999999808,8.000255999999808,8.000255999999808,False
swath_017,951012287.jpg,2,3,2831.999616,2030.0002559999998,2838.999936,2038.000512,2835.499776,2034.000384,7.000320000000102,8.000256000000263,8.000256000000263,False
swath_017,951012287.jpg,2,3,2495.999616,2124.999552,2503.999872,2132.999808,2499.9997439999997,2128.99968,8.000255999999808,8.000255999999808,8.000255999999808,False
swath_017,dd7a0bae9.jpg,3,0,365.000448,2546.000256,391.00032,2556.000384,378.000384,2551.00032,25.999871999999982,10.000128000000132,25.999871999999982,True
swath_017,dd7a0bae9.jpg,3,0,255.999744,2562.0,278.999808,2572.000128,267.499776,2567.000064,23.00006399999998,10.000128000000132,23.00006399999998,False
swath_017,d7da8d2eb.jpg,3,1,1207.999872,2731.999872,1218.0,2741.000064,1212.9999360000002,2736.499968,10.000127999999904,9.00019199999997,10.000127999999904,False
swath_017,f7409c994.jpg,3,2,1539.000192,2802.999936,1551.000192,2815.999872,1545.000192,2809.4999040000002,12.0,12.999935999999707,12.999935999999707,False
swath_017,ebd3b067b.jpg,3,3,2497.999872,2524.99968,2740.99968,2619.9997439999997,2619.4997759999997,2572.499712,242.99980800000003,95.00006399999984,242.99980800000003,True
swath_018,180ff73ff.jpg,0,0,498.99993600000005,72.0,610.99968,116.00025600000001,554.999808,94.000128,111.99974399999996,44.00025600000001,111.99974399999996,False
swath_018,fda9e0b01.jpg,0,1,917.0000640000001,64.000128,931.999872,73.00032,924.4999680000001,68.500224,14.999807999999916,9.000191999999998,14.999807999999916,False
swath_018,cb2ff053a.jpg,0,2,1899.999744,134.000256,1946.999808,244.000128,1923.499776,189.000192,47.000064000000066,109.99987199999998,109.99987199999998,True
swath_018,521b76192.jpg,0,3,2846.0002560000003,52.000128000000004,2859.000192,64.000128,2852.5002240000003,58.000128000000004,12.999935999999707,12.0,12.999935999999707,False
swath_018,521b76192.jpg,0,3,2994.0,371.000448,3009.999744,388.000128,3001.9998720000003,379.500288,15.999744000000192,16.999680000000012,16.999680000000012,True
swath_018,b8b614d20.jpg,1,0,160.00012800000002,856.000128,335.000448,984.0003839999999,247.500288,920.000256,175.00032,128.00025599999992,175.00032,False
swath_018,30c4213b6.jpg,1,1,873.000192,805.00032,1115.000064,869.0000640000001,994.000128,837.000192,241.9998720000001,63.99974400000008,241.9998720000001,False
swath_018,5225440ac.jpg,1,2,1986.0,1129.999872,1998.0,1152.999936,1992.0,1141.499904,12.0,23.00006399999984,23.00006399999984,True
swath_018,5225440ac.jpg,1,2,1554.0,1031.000064,1589.000064,1076.000256,1571.500032,1053.50016,35.000064000000066,45.00019199999997,45.00019199999997,False
swath_018,5225440ac.jpg,1,2,1958.999808,1050.999936,1986.999552,1106.000256,1972.99968,1078.500096,27.999743999999964,55.0003200000001,55.0003200000001,False
swath_018,5225440ac.jpg,1,2,1772.000256,1032.0,1800.0,1075.00032,1786.0001280000001,1053.50016,27.999743999999964,43.0003200000001,43.0003200000001,False
swath_018,5225440ac.jpg,1,2,1590.999936,1396.0001280000001,1626.999936,1452.000384,1608.999936,1424.000256,36.0,56.00025599999981,56.00025599999981,False
swath_018,5225440ac.jpg,1,2,1941.999744,1375.00032,2003.999616,1400.000256,1972.99968,1387.5002880000002,61.999872000000096,24.999935999999934,61.999872000000096,False
swath_018,5225440ac.jpg,1,2,1970.999808,1373.0000639999998,1992.0,1384.0001280000001,1981.499904,1378.500096,21.00019199999997,11.000064000000293,21.00019199999997,False
swath_018,5225440ac.jpg,1,2,1778.999808,1034.999808,1807.999488,1080.0,1793.499648,1057.499904,28.9996799999999,45.00019199999997,45.00019199999997,False
swath_018,19e27883d.jpg,1,3,2852.0002560000003,1036.0001280000001,2993.000448,1067.000448,2922.500352,1051.5002880000002,141.00019199999952,31.000319999999874,141.00019199999952,False
swath_018,8d61218a3.jpg,2,0,530.999808,2118.0,536.9994240000001,2129.000064,533.9996160000001,2123.500032,5.99961600000006,11.000063999999838,11.000063999999838,False
swath_018,8d61218a3.jpg,2,0,495.00019199999997,2200.000512,534.9999359999999,2278.000128,515.000064,2239.00032,39.999743999999964,77.99961600000006,77.99961600000006,False
swath_018,9e2a69e33.jpg,2,1,826.99968,1791.000192,834.999936,1806.999936,830.999808,1799.0000639999998,8.000256000000036,15.999743999999964,15.999743999999964,False
swath_018,9e2a69e33.jpg,2,1,1432.99968,2114.999808,1452.9999360000002,2134.000128,1442.999808,2124.499968,20.000256000000263,19.0003200000001,20.000256000000263,False
swath_018,9e2a69e33.jpg,2,1,1083.999744,2122.000512,1103.000064,2139.000192,1093.499904,2130.500352,19.0003200000001,16.9996799999999,19.0003200000001,False
swath_018,992c4184d.jpg,2,2,1871.000064,1536.0,1897.999872,1560.999936,1884.499968,1548.499968,26.99980800000003,24.999935999999934,26.99980800000003,False
swath_018,67147851e.jpg,2,3,2546.999808,1605.000192,2733.000192,1728.0,2640.0,1666.500096,186.00038399999994,122.99980800000003,186.00038399999994,True
swath_018,26959c163.jpg,3,0,0.0,2304.000384,80.999808,2343.000192,40.499904,2323.500288,80.999808,38.99980800000003,80.999808,False
swath_018,26959c163.jpg,3,0,459.9997439999999,2609.000064,484.99967999999996,2668.000128,472.49971199999993,2638.5000959999998,24.999936000000048,59.00006400000029,59.00006400000029,False
swath_018,5d34a48b8.jpg,3,1,1106.999808,2837.000064,1227.999744,2989.00032,1167.499776,2913.000192,120.99993599999993,152.00025600000026,152.00025600000026,True
swath_018,5d34a48b8.jpg,3,1,1129.9998719999999,2306.999808,1150.0001280000001,2333.999616,1140.0,2320.499712,20.000256000000263,26.99980800000003,26.99980800000003,False
swath_018,5d34a48b8.jpg,3,1,768.0,2586.000384,812.000256,2661.000192,790.000128,2623.500288,44.000256000000036,74.99980800000003,74.99980800000003,False
swath_018,5d34a48b8.jpg,3,1,1134.0,2831.000064,1191.000192,2904.0,1162.500096,2867.500032,57.00019199999997,72.99993600000016,72.99993600000016,True
swath_018,5d34a48b8.jpg,3,1,1482.000384,2336.000256,1536.0,2406.000384,1509.000192,2371.00032,53.99961600000006,70.00012800000013,70.00012800000013,False
swath_018,5d34a48b8.jpg,3,1,982.99968,2434.000128,1044.999552,2507.000064,1013.9996160000001,2470.5000959999998,61.99987199999998,72.9999359999997,72.9999359999997,False
swath_018,185e9982c.jpg,3,2,2087.000064,2982.999936,2280.999936,3018.0,2184.0,3000.499968,193.99987200000032,35.00006399999984,193.99987200000032,False
swath_018,9200d4030.jpg,3,3,2481.999744,2528.999808,2759.999616,2778.999936,2620.99968,2653.9998720000003,277.99987199999987,250.00012800000013,277.99987199999987,True
swath_019,a5e4145a0.jpg,0,0,467.000064,177.000192,540.999936,269.000448,504.0,223.00032,73.99987200000004,92.00025600000001,92.00025600000001,False
swath_019,7a1678c2f.jpg,0,1,1035.999744,88.000128,1054.0001280000001,100.000128,1044.9999360000002,94.000128,18.000384000000167,12.0,18.000384000000167,False
swath_019,7a1678c2f.jpg,0,1,1140.0,76.000128,1168.99968,91.999872,1154.49984,84.0,28.9996799999999,15.999743999999993,28.9996799999999,True
swath_019,7a1678c2f.jpg,0,1,1100.999808,12.000384,1116.999552,24.000384,1108.99968,18.000384,15.999743999999964,12.0,15.999743999999964,False
swath_019,7a1678c2f.jpg,0,1,1347.000192,167.999616,1354.000512,175.99987199999998,1350.500352,171.999744,7.000320000000102,8.000255999999979,8.000255999999979,False
swath_019,c2212d548.jpg,0,2,2047.9998719999999,396.0,2256.999552,489.00019199999997,2152.499712,442.500096,208.99968000000035,93.00019199999997,208.99968000000035,False
swath_019,19e2fd98c.jpg,0,3,2995.999488,30.999552000000005,3061.999872,76.99968,3028.99968,53.999616,66.00038399999994,46.00012799999999,66.00038399999994,False
swath_019,df9631438.jpg,1,0,571.999872,820.000512,604.000128,848.000256,588.0,834.0003839999999,32.000256000000036,27.999744000000078,32.000256000000036,False
swath_019,df9631438.jpg,1,0,405.99974399999996,908.000256,439.999872,935.0000640000001,422.999808,921.50016,34.00012800000002,26.99980800000003,34.00012800000002,False
swath_019,f87a3f556.jpg,1,1,878.000256,1171.00032,962.000256,1200.0,920.000256,1185.50016,84.0,28.9996799999999,84.0,False
swath_019,f87a3f556.jpg,1,1,1440.9999360000002,1504.99968,1492.99968,1529.999616,1466.999808,1517.499648,51.99974399999974,24.99993600000016,51.99974399999974,False
swath_019,f87a3f556.jpg,1,1,1444.99968,1524.000384,1488.9999360000002,1536.0,1466.999808,1530.000192,44.00025600000026,11.99961600000006,44.00025600000026,False
swath_019,7a70c9016.jpg,1,2,1563.999744,1109.000064,1590.999552,1122.999936,1577.499648,1116.0,26.99980800000003,13.999871999999868,26.99980800000003,False
swath_019,7a70c9016.jpg,1,2,2112.999936,1253.000448,2163.9997439999997,1279.0003199999999,2138.49984,1266.000384,50.999807999999575,25.99987199999987,50.999807999999575,False
swath_019,01c99b29b.jpg,1,3,2322.999936,1068.999936,2355.000192,1094.999808,2339.000064,1081.9998719999999,32.00025599999981,25.999872000000096,32.00025599999981,False
swath_019,775a97bc6.jpg,2,0,507.000192,1802.000256,542.000256,1838.000256,524.500224,1820.000256,35.00006400000001,36.0,36.0,False
swath_019,775a97bc6.jpg,2,0,0.0,1591.9998719999999,149.999616,1770.0,74.999808,1680.999936,149.999616,178.00012800000013,178.00012800000013,False
swath_019,3fd3e6246.jpg,2,1,1170.000384,1550.000256,1365.000192,1634.000256,1267.500288,1592.000256,194.99980800000003,84.0,194.99980800000003,False
swath_019,912625b71.jpg,2,2,1967.000064,1587.000192,1986.000384,1600.000128,1976.500224,1593.50016,19.000319999999874,12.999935999999934,19.000319999999874,False
swath_019,d671e0676.jpg,2,3,2814.999936,1570.99968,2846.0002560000003,1581.999744,2830.500096,1576.4997119999998,31.0003200000001,11.000064000000066,31.0003200000001,False
swath_019,d671e0676.jpg,2,3,2304.000384,2113.999872,2369.000064,2142.9995519999998,2336.500224,2128.499712,64.9996799999999,28.9996799999999,64.9996799999999,False
swath_019,d671e0676.jpg,2,3,2940.999936,1861.00032,3032.0002560000003,1899.000192,2986.500096,1880.000256,91.0003200000001,37.99987199999987,91.0003200000001,False
swath_019,d671e0676.jpg,2,3,2912.999808,1548.999936,2971.999872,1574.999808,2942.49984,1561.9998719999999,59.00006399999984,25.999872000000096,59.00006399999984,False
swath_019,73515a344.jpg,3,0,397.00032,2672.999808,556.000128,2783.999616,476.500224,2728.499712,158.99980800000003,110.99980800000003,158.99980800000003,True
swath_019,9dd3a2c50.jpg,3,1,1275.9997440000002,2368.000128,1318.0001280000001,2379.000192,1296.9999360000002,2373.50016,42.00038399999994,11.000063999999838,42.00038399999994,False
swath_019,0098456ff.jpg,3,2,1701.000192,2828.999808,1823.000064,2983.999872,1762.0001280000001,2906.49984,121.9998720000001,155.00006399999984,155.00006399999984,False
swath_019,0098456ff.jpg,3,2,1766.000256,2914.000128,1781.000064,2933.0004480000002,1773.50016,2923.500288,14.99980800000003,19.0003200000001,19.0003200000001,False
swath_019,0098456ff.jpg,3,2,1712.999808,2856.0,1771.999872,2929.9998720000003,1742.49984,2892.999936,59.000064000000066,73.99987200000032,73.99987200000032,False
swath_019,0098456ff.jpg,3,2,2131.00032,2727.000192,2304.0,2952.000384,2217.50016,2839.500288,172.9996799999999,225.00019199999997,225.00019199999997,False
swath_019,6341a8392.jpg,3,3,2351.000064,3039.000192,2370.000384,3050.0002560000003,2360.500224,3044.5002240000003,19.0003200000001,11.000064000000293,19.0003200000001,False
swath_020,59f4e4cf9.jpg,0,0,32.999808,204.99955200000002,43.999871999999996,212.999808,38.49984,208.99968,11.000063999999995,8.000255999999979,11.000063999999995,False
swath_020,59f4e4cf9.jpg,0,0,44.000256,205.99987199999998,46.000128,210.999552,45.000192,208.499712,1.9998719999999963,4.999680000000012,4.999680000000012,False
swath_020,61d58ee7b.jpg,0,1,1439.0000639999998,443.000064,1506.000384,486.000384,1472.500224,464.500224,67.0003200000001,43.00031999999999,67.0003200000001,False
swath_020,963ff8592.jpg,0,2,2266.000128,2.0002560000000003,2287.00032,16.000128,2276.5002240000003,9.000192,21.00019199999997,13.999872,21.00019199999997,False
swath_020,71ea66a39.jpg,0,3,2417.000064,39.999744,2430.0,58.000128,2423.500032,48.999936,12.999936000000162,18.000383999999997,18.000383999999997,False
swath_020,71ea66a39.jpg,0,3,2515.999872,90.999552,2531.999616,108.99993599999999,2523.9997439999997,99.99974399999999,15.999744000000192,18.000383999999997,18.000383999999997,False
swath_020,71ea66a39.jpg,0,3,3063.000192,395.000448,3072.0,410.00025600000004,3067.5000959999998,402.500352,8.99980800000003,14.99980800000003,14.99980800000003,False
swath_020,71ea66a39.jpg,0,3,2855.000064,529.999872,2902.000128,556.99968,2878.5000959999998,543.499776,47.00006400000029,26.99980800000003,47.00006400000029,False
swath_020,71ea66a39.jpg,0,3,2533.00032,103.99948800000001,2550.0,122.999808,2541.50016,113.49964800000001,16.9996799999999,19.000319999999988,19.000319999999988,False
swath_020,71ea66a39.jpg,0,3,2548.99968,107.000064,2570.999808,127.00032,2559.9997439999997,117.000192,22.00012800000013,20.000256000000007,22.00012800000013,False
swath_020,71ea66a39.jpg,0,3,2875.9998720000003,578.999808,2886.0,584.9994240000001,2880.999936,581.9996160000001,10.000127999999677,5.99961600000006,10.000127999999677,False
swath_020,5960c09d9.jpg,1,0,436.0001279999999,796.99968,640.0001279999999,893.9996160000001,538.0001279999999,845.499648,204.0,96.99993600000005,204.0,False
swath_020,5960c09d9.jpg,1,0,413.00006399999995,819.000192,685.00032,955.999872,549.000192,887.5000319999999,272.00025600000004,136.99968,272.00025600000004,False
swath_020,e4f4bf1f0.jpg,1,1,1489.00032,1478.000256,1504.0001280000001,1488.000384,1496.5002240000001,1483.00032,14.99980800000003,10.000127999999904,14.99980800000003,False
swath_020,b335b3837.jpg,1,2,2282.0002560000003,1497.999744,2298.999936,1506.999936,2290.500096,1502.49984,16.9996799999999,9.00019199999997,16.9996799999999,False
swath_020,194ee5699.jpg,1,3,2982.999936,1356.0,3038.0002560000003,1472.0002559999998,3010.500096,1414.000128,55.0003200000001,116.00025599999981,116.00025599999981,False
swath_020,c50cd8cef.jpg,2,0,11.999616,2195.999616,22.99968,2205.9997439999997,17.499648,2200.99968,11.000064000000002,10.000127999999677,11.000064000000002,False
swath_020,c50cd8cef.jpg,2,0,5.000063999999999,2206.99968,16.000128,2217.9997439999997,10.500096,2212.499712,11.000064000000002,11.000063999999838,11.000064000000002,False
swath_020,c50cd8cef.jpg,2,0,25.00032,2182.99968,37.00032,2193.9997439999997,31.000320000000002,2188.499712,12.000000000000004,11.000063999999838,12.000000000000004,False
swath_020,c50cd8cef.jpg,2,0,23.999616000000003,2171.999616,33.999744,2181.9997439999997,28.99968,2176.99968,10.000127999999997,10.000127999999677,10.000127999999997,False
swath_020,0cefc8948.jpg,2,1,1092.999936,2096.0002560000003,1119.999744,2119.00032,1106.49984,2107.500288,26.99980800000003,23.00006399999984,26.99980800000003,False
swath_020,0cefc8948.jpg,2,1,1308.999936,2247.000192,1376.000256,2302.000512,1342.500096,2274.500352,67.0003200000001,55.0003200000001,67.0003200000001,False
swath_020,f3abe94fb.jpg,2,2,2128.99968,1602.0,2177.999616,1732.0001280000001,2153.499648,1667.000064,48.99993600000016,130.00012800000013,130.00012800000013,False
swath_020,f3abe94fb.jpg,2,2,1892.000256,1979.000064,1944.0,2093.000448,1918.0001280000001,2036.0002559999998,51.999743999999964,114.00038399999971,114.00038399999971,True
swath_020,f3abe94fb.jpg,2,2,1920.0,1928.000256,1972.99968,1953.000192,1946.49984,1940.500224,52.9996799999999,24.999935999999934,52.9996799999999,False
swath_020,f3abe94fb.jpg,2,2,1843.00032,1644.999552,1870.0001280000001,1771.9998719999999,1856.5002240000001,1708.4997119999998,26.99980800000003,127.00031999999987,127.00031999999987,False
swath_020,f3abe94fb.jpg,2,2,1536.0,1797.000192,1555.00032,1896.999936,1545.50016,1847.0000639999998,19.0003200000001,99.99974399999996,99.99974399999996,False
swath_020,71ad40c62.jpg,2,3,2472.999936,1666.000128,2496.999936,1715.000064,2484.999936,1690.500096,24.0,48.99993600000016,48.99993600000016,False
swath_020,71ad40c62.jpg,2,3,2422.99968,2066.999808,2454.999936,2116.99968,2438.999808,2091.9997439999997,32.00025600000026,49.99987199999987,49.99987199999987,False
swath_020,71ad40c62.jpg,2,3,2354.000256,1536.0,2412.000384,1554.000384,2383.00032,1545.000192,58.00012800000013,18.00038399999994,58.00012800000013,False
swath_020,71ad40c62.jpg,2,3,2304.0,1691.000064,2372.000256,1711.00032,2338.0001279999997,1701.000192,68.00025599999981,20.000256000000036,68.00025599999981,False
swath_020,71ad40c62.jpg,2,3,2489.000064,1675.9998719999999,2498.000256,1691.999616,2493.5001599999996,1683.999744,9.00019199999997,15.999744000000192,15.999744000000192,False
swath_020,71ad40c62.jpg,2,3,2855.000064,1591.00032,2876.0002560000003,1619.000064,2865.50016,1605.000192,21.000192000000425,27.999743999999964,27.999743999999964,False
swath_020,4a566b7c3.jpg,3,0,677.999616,2867.000064,698.9998079999999,2892.999936,688.4997119999999,2880.0,21.00019199999997,25.999872000000323,25.999872000000323,False
swath_020,4a566b7c3.jpg,3,0,48.999552,2957.000064,104.999808,3019.999872,76.99968,2988.499968,56.000256,62.99980800000003,62.99980800000003,False
swath_020,dbea9bce8.jpg,3,1,1417.9998719999999,2318.999808,1442.999808,2343.999744,1430.49984,2331.499776,24.99993600000016,24.99993600000016,24.99993600000016,False
swath_020,c811ba74f.jpg,3,2,2194.000128,2863.9998720000003,2247.999744,2947.9998720000003,2220.999936,2905.9998720000003,53.99961600000006,84.0,84.0,False
swath_020,c811ba74f.jpg,3,2,2112.0,2758.000128,2131.00032,2786.999808,2121.50016,2772.499968,19.0003200000001,28.9996799999999,28.9996799999999,False
swath_020,04823f766.jpg,3,3,2736.0,2667.000192,2856.999936,2846.0002560000003,2796.499968,2756.5002240000003,120.99993600000016,179.0000640000003,179.0000640000003,True
swath_021,ffae6c2e5.jpg,0,0,213.999744,70.00012799999999,245.00006399999998,90.000384,229.499904,80.000256,31.000319999999988,20.000256000000007,31.000319999999988,False
swath_021,75e4ea5bc.jpg,0,1,1485.000192,247.99987199999998,1506.000384,264.999552,1495.500288,256.499712,21.00019199999997,16.999680000000012,21.00019199999997,False
swath_021,75e4ea5bc.jpg,0,1,1276.9996800000001,347.999616,1343.000064,402.999936,1309.999872,375.499776,66.00038399999994,55.00031999999999,66.00038399999994,True
swath_021,37d593f07.jpg,0,2,2040.0,654.999936,2061.000192,690.999936,2050.5000959999998,672.999936,21.00019199999997,36.0,36.0,False
swath_021,37d593f07.jpg,0,2,2046.000384,623.999616,2095.00032,702.999936,2070.500352,663.499776,48.99993600000016,79.0003200000001,79.0003200000001,False
swath_021,37d593f07.jpg,0,2,2028.999936,695.000448,2052.0,735.000192,2040.499968,715.00032,23.000064000000066,39.999743999999964,39.999743999999964,False
swath_021,37d593f07.jpg,0,2,2058.0,704.999808,2090.000256,721.9994879999999,2074.0001279999997,713.499648,32.00025599999981,16.9996799999999,32.00025599999981,False
swath_021,37d593f07.jpg,0,2,2063.000064,700.000128,2090.999808,710.0002559999999,2076.999936,705.000192,27.99974400000019,10.000127999999904,27.99974400000019,False
swath_021,37d593f07.jpg,0,2,2070.0,642.9999359999999,2104.0001279999997,702.0,2087.000064,672.499968,34.00012799999968,59.000064000000066,59.000064000000066,False
swath_021,2f19e0b50.jpg,0,3,2624.0002560000003,47.000063999999995,2669.000448,89.00044799999999,2646.500352,68.000256,45.000191999999515,42.000384,45.000191999999515,False
swath_021,1baf4d5e3.jpg,1,0,532.99968,1173.999744,582.9995520000001,1255.9998719999999,557.9996160000001,1214.999808,49.999872000000096,82.0001279999999,82.0001279999999,False
swath_021,7b7fe4b0f.jpg,1,1,768.0003839999999,1467.9997440000002,973.00032,1536.0,870.500352,1501.999872,204.99993600000005,68.00025599999981,204.99993600000005,False
swath_021,b52c4c1cd.jpg,1,2,2208.999936,1178.999808,2229.000192,1207.999488,2219.000064,1193.499648,20.00025599999981,28.9996799999999,28.9996799999999,False
swath_021,b52c4c1cd.jpg,1,2,1863.999744,1166.999808,1891.999488,1187.000064,1877.999616,1176.9999360000002,27.999743999999964,20.000256000000036,27.999743999999964,False
swath_021,5223daf26.jpg,1,3,2324.999424,1502.999808,2342.999808,1526.999808,2333.999616,1514.999808,18.00038399999994,24.0,24.0,False
swath_021,381c6060f.jpg,2,0,346.000512,2184.0,603.000192,2279.000064,474.500352,2231.500032,256.99967999999996,95.00006399999984,256.99967999999996,True
swath_021,56317f238.jpg,2,1,846.999936,1685.999616,878.000256,1729.9998719999999,862.500096,1707.999744,31.000319999999988,44.00025599999981,44.00025599999981,False
swath_021,7178a5302.jpg,2,2,1622.999808,2182.0001279999997,1647.999744,2208.0,1635.499776,2195.000064,24.999935999999934,25.999872000000323,25.999872000000323,False
swath_021,b5f922d64.jpg,2,3,2982.999936,1632.000384,2999.999616,1645.00032,2991.499776,1638.500352,16.9996799999999,12.999936000000162,16.9996799999999,False
swath_021,b5f922d64.jpg,2,3,2923.00032,1673.000064,2947.00032,1687.999872,2935.00032,1680.499968,24.0,14.99980800000003,24.0,False
swath_021,c8bad25f9.jpg,3,0,463.999872,2669.000448,476.99980800000003,2674.000128,470.49984,2671.500288,12.999936000000048,4.999680000000353,12.999936000000048,False
swath_021,9ce6b289c.jpg,3,1,1188.0,2664.999936,1215.999744,2689.999872,1201.9998719999999,2677.4999040000002,27.999743999999964,24.999935999999707,27.999743999999964,True
swath_021,583975b3c.jpg,3,2,1704.999936,2513.999616,1726.000128,2556.0,1715.500032,2534.999808,21.00019199999997,42.00038399999994,42.00038399999994,False
swath_021,583975b3c.jpg,3,2,1641.999744,2494.000128,1675.999872,2542.000128,1658.999808,2518.000128,34.00012800000013,48.0,48.0,False
swath_021,583975b3c.jpg,3,2,1740.0,2638.000128,1790.999808,2661.000192,1765.499904,2649.50016,50.99980800000003,23.00006399999984,50.99980800000003,False
swath_021,583975b3c.jpg,3,2,1722.999552,2510.999808,1743.999744,2561.999616,1733.499648,2536.499712,21.00019199999997,50.99980800000003,50.99980800000003,False
swath_021,583975b3c.jpg,3,2,1780.99968,2630.0002560000003,1801.9998719999999,2641.00032,1791.4997759999999,2635.500288,21.00019199999997,11.000063999999838,21.00019199999997,False
swath_021,583975b3c.jpg,3,2,2043.999744,3021.9997439999997,2066.999808,3034.99968,2055.499776,3028.499712,23.000064000000066,12.999936000000162,23.000064000000066,False
swath_021,80c991d08.jpg,3,3,2756.999808,2906.999808,2891.999616,2954.999808,2824.499712,2930.999808,134.99980800000003,48.0,134.99980800000003,False
swath_022,573cd511c.jpg,0,0,671.000064,291.000192,743.000064,349.00032000000004,707.000064,320.00025600000004,72.0,58.00012800000002,72.0,False
swath_022,573cd511c.jpg,0,0,509.99999999999994,229.00032,760.0001279999999,436.000128,635.000064,332.500224,250.00012799999996,206.99980800000003,250.00012799999996,True
swath_022,682897b9d.jpg,0,1,912.9999359999999,240.000384,1052.000256,327.000192,982.500096,283.500288,139.0003200000001,86.99980800000003,139.0003200000001,False
swath_022,dfe9ee27b.jpg,0,2,2077.999872,486.00038400000005,2150.999808,513.0001920000001,2114.49984,499.50028800000007,72.99993600000016,26.99980800000003,72.99993600000016,False
swath_022,9e97ff4fd.jpg,0,3,3029.000064,342.999936,3040.000128,352.00012799999996,3034.5000959999998,347.500032,11.000064000000293,9.00019199999997,11.000064000000293,False
swath_022,9e97ff4fd.jpg,0,3,2718.999936,196.000128,2728.000128,205.00032000000002,2723.500032,200.500224,9.00019199999997,9.000192000000027,9.000192000000027,False
swath_022,e5e4c25b5.jpg,1,0,448.000128,1274.999808,768.0,1342.0001280000001,608.0000640000001,1308.499968,319.999872,67.0003200000001,319.999872,False
swath_022,c89f7bcc3.jpg,1,1,1114.0001280000001,981.000192,1255.00032,1104.0,1184.5002240000001,1042.500096,141.00019199999997,122.99980800000003,141.00019199999997,True
swath_022,6c69361f0.jpg,1,2,2119.999872,1294.0001280000001,2132.999808,1319.0000639999998,2126.49984,1306.500096,12.999936000000162,24.999935999999707,24.999935999999707,False
swath_022,6c69361f0.jpg,1,2,2136.999552,1286.999808,2145.9997439999997,1310.999808,2141.499648,1298.999808,9.000191999999515,24.0,24.0,False
swath_022,6c69361f0.jpg,1,2,2124.999936,1287.000192,2145.000192,1323.000192,2135.000064,1305.000192,20.00025599999981,36.0,36.0,False
swath_022,6c69361f0.jpg,1,2,2130.000384,1190.000256,2178.000384,1348.0001280000001,2154.000384,1269.000192,48.0,157.9998720000001,157.9998720000001,False
swath_022,6d2ec8273.jpg,1,3,2518.99968,1179.999744,2532.999552,1225.9998719999999,2525.999616,1202.999808,13.999872000000323,46.000127999999904,46.000127999999904,False
swath_022,6d2ec8273.jpg,1,3,2993.000064,925.00032,3002.0002560000003,935.000448,2997.50016,930.0003839999999,9.000192000000425,10.000128000000018,10.000128000000018,False
swath_022,6d2ec8273.jpg,1,3,2390.000256,1167.000192,2403.000192,1198.000512,2396.500224,1182.500352,12.999936000000162,31.0003200000001,31.0003200000001,False
swath_022,402fa9eb2.jpg,2,0,656.9998079999999,2032.0001280000001,767.999616,2112.000384,712.4997119999999,2072.0002560000003,110.99980800000003,80.00025599999981,110.99980800000003,False
swath_022,81b78ecff.jpg,2,1,900.0003839999999,1620.999936,1034.000256,1769.999616,967.00032,1695.499776,133.9998720000001,148.99968000000013,148.99968000000013,False
swath_022,ed0a57221.jpg,2,2,2263.999872,2016.999552,2274.999936,2023.9998719999999,2269.4999040000002,2020.4997119999998,11.000064000000293,7.000319999999874,11.000064000000293,False
swath_022,88ab00019.jpg,2,3,2585.000064,1813.00032,2595.000192,1824.000384,2590.0001279999997,1818.500352,10.000128000000132,11.000063999999838,11.000063999999838,False
swath_022,88ab00019.jpg,2,3,2428.000128,2206.99968,2442.999936,2215.999872,2435.500032,2211.4997759999997,14.99980800000003,9.00019199999997,14.99980800000003,False
swath_022,c292ca881.jpg,3,0,684.0000000000001,2837.999616,711.9997440000001,2859.9997439999997,697.9998720000001,2848.99968,27.999743999999964,22.000127999999677,27.999743999999964,False
swath_022,c292ca881.jpg,3,0,260.00025600000004,2400.0,312.0,2474.999808,286.000128,2437.4999040000002,51.999743999999964,74.99980800000003,74.99980800000003,False
swath_022,463be5d05.jpg,3,1,894.0,2977.999872,1099.9998719999999,3050.999808,996.9999359999999,3014.49984,205.99987199999987,72.99993600000016,205.99987199999987,False
swath_022,463be5d05.jpg,3,1,915.999744,2554.000128,1055.000064,2583.999744,985.499904,2568.999936,139.0003200000001,29.99961600000006,139.0003200000001,False
swath_022,927a27586.jpg,3,2,2116.0001279999997,2883.000192,2130.0,2897.000064,2123.000064,2890.0001279999997,13.999872000000323,13.999871999999868,13.999872000000323,False
swath_022,927a27586.jpg,3,2,2178.0,2850.999936,2187.000192,2866.99968,2182.5000959999998,2858.999808,9.00019199999997,15.999743999999737,15.999743999999737,False
swath_022,927a27586.jpg,3,2,2232.999552,2826.0,2241.9997439999997,2839.9998720000003,2237.499648,2832.999936,9.000191999999515,13.999872000000323,13.999872000000323,False
swath_022,b24c85d36.jpg,3,3,2345.000448,2775.999744,2372.000256,2844.0,2358.500352,2809.9998720000003,26.99980800000003,68.00025599999981,68.00025599999981,False
swath_023,6487b626e.jpg,0,0,268.00051199999996,638.000256,322.000128,701.0000640000001,295.00032,669.50016,53.99961600000006,62.99980800000003,62.99980800000003,False
swath_023,6487b626e.jpg,0,0,225.999744,737.0000640000001,238.99967999999998,752.999808,232.499712,744.999936,12.999935999999991,15.999743999999964,15.999743999999964,False
swath_023,cce4454eb.jpg,0,1,1432.0001280000001,222.99993600000002,1512.000384,354.0,1472.000256,288.499968,80.00025599999981,131.00006399999998,131.00006399999998,False
swath_023,354cd2d58.jpg,0,2,1899.999744,618.0003839999999,2184.999936,768.0,2042.49984,693.000192,285.0001920000002,149.99961600000006,285.0001920000002,True
swath_023,89cd711b2.jpg,0,3,2313.999744,12.000384000000004,2565.9997439999997,53.000064,2439.9997439999997,32.500224,251.99999999999955,40.99968,251.99999999999955,False
swath_023,1e4407baa.jpg,1,0,235.99987199999998,1441.00032,252.999552,1456.0001280000001,244.499712,1448.5002240000001,16.999680000000012,14.99980800000003,16.999680000000012,False
swath_023,4888422cb.jpg,1,1,882.0003839999999,1258.000128,955.00032,1284.0,918.500352,1271.0000639999998,72.99993600000005,25.999872000000096,72.99993600000005,False
swath_023,4888422cb.jpg,1,1,909.000192,1270.000128,957.000192,1288.000512,933.000192,1279.00032,48.0,18.000384000000167,48.0,False
swath_023,1ee566913.jpg,1,2,1595.999616,1332.0,1627.999872,1359.9997440000002,1611.9997440000002,1345.999872,32.000256000000036,27.99974400000019,32.000256000000036,False
swath_023,ce5f2ee8f.jpg,1,3,2523.000192,1090.000512,2538.999936,1107.000192,2531.000064,1098.500352,15.999744000000192,16.9996799999999,16.9996799999999,False
swath_023,ce5f2ee8f.jpg,1,3,2877.9997439999997,797.000064,2886.999936,805.00032,2882.49984,801.000192,9.000192000000425,8.000256000000036,9.000192000000425,False
swath_023,9f9fe4dbc.jpg,2,0,128.99980799999997,1870.0001280000001,168.999552,1915.00032,148.99967999999998,1892.5002240000001,39.99974400000002,45.00019199999997,45.00019199999997,False
swath_023,9f9fe4dbc.jpg,2,0,28.000128,1742.999808,89.000064,1813.9998719999999,58.500096,1778.49984,60.99993599999999,71.00006399999984,71.00006399999984,False
swath_023,3a4ce6532.jpg,2,1,1210.000128,1753.999872,1214.999808,1774.000128,1212.499968,1764.0,4.999680000000126,20.00025599999981,20.00025599999981,False
swath_023,3a4ce6532.jpg,2,1,1040.999808,1896.999552,1050.0,1903.9998719999999,1045.499904,1900.4997119999998,9.00019199999997,7.000319999999874,9.00019199999997,False
swath_023,7459da01f.jpg,2,2,1653.999744,1719.000192,1662.999936,1727.000448,1658.49984,1723.00032,9.00019199999997,8.000256000000036,9.00019199999997,False
swath_023,7459da01f.jpg,2,2,2015.999616,1939.00032,2026.99968,1944.0,2021.499648,1941.50016,11.000063999999838,4.999679999999898,11.000063999999838,False
swath_023,7459da01f.jpg,2,2,1818.000384,1944.999936,1823.000064,1948.99968,1820.500224,1946.999808,4.999680000000126,3.999743999999964,4.999680000000126,False
swath_023,7459da01f.jpg,2,2,1800.000384,1946.000256,1817.000064,1956.000384,1808.500224,1951.00032,16.999680000000126,10.000127999999904,16.999680000000126,False
swath_023,7459da01f.jpg,2,2,2014.99968,1926.000384,2022.999936,1932.0,2018.999808,1929.000192,8.000256000000036,5.99961600000006,8.000256000000036,False
swath_023,7459da01f.jpg,2,2,2284.000128,1943.000064,2293.00032,1963.00032,2288.5002240000003,1953.000192,9.00019199999997,20.000256000000036,20.000256000000036,False
swath_023,7459da01f.jpg,2,2,1972.0001280000001,1896.999552,1983.000192,1904.999808,1977.50016,1900.99968,11.000063999999838,8.000256000000036,11.000063999999838,False
swath_023,7459da01f.jpg,2,2,1627.00032,1729.00032,1651.00032,1741.00032,1639.00032,1735.00032,24.0,12.0,24.0,False
swath_023,6bd0c95e1.jpg,2,3,2976.9995519999998,2042.999808,2983.999872,2048.999424,2980.499712,2045.999616,7.000320000000102,5.99961600000006,7.000320000000102,False
swath_023,6bd0c95e1.jpg,2,3,3030.000384,2001.000192,3036.0,2005.999872,3033.000192,2003.500032,5.99961600000006,4.999680000000126,5.99961600000006,False
swath_023,6bd0c95e1.jpg,2,3,3013.00032,2212.000128,3026.0002560000003,2219.0004480000002,3019.500288,2215.500288,12.999936000000162,7.000320000000102,12.999936000000162,False
swath_023,770c007c9.jpg,3,0,107.999616,2916.000384,430.99967999999996,3072.0,269.499648,2994.000192,323.00006399999995,155.99961600000006,323.00006399999995,True
swath_023,6c5fd8ca4.jpg,3,1,818.000256,2664.9995519999998,1002.0,2791.999872,910.000128,2728.499712,183.99974399999996,127.0003200000001,183.99974399999996,True
swath_023,0e0827831.jpg,3,2,1761.999744,2353.999872,1991.999616,2492.000256,1876.99968,2423.000064,229.9998720000001,138.00038399999994,229.9998720000001,True
swath_023,35bbc3d7b.jpg,3,3,2862.999936,2934.000384,2876.999808,2959.00032,2869.9998720000003,2946.500352,13.999871999999868,24.99993600000016,24.99993600000016,False
