image,size_px,found,conf
0002756f7.jpg,25.999872000000003,True,0.6205556988716125
0002756f7.jpg,25.999872000000003,True,0.6330491900444031
00113a75c.jpg,40.99968,True,0.8334069848060608
00113a75c.jpg,36.999936,True,0.6212732791900635
00113a75c.jpg,21.000192,True,0.30893298983573914
00113a75c.jpg,32.000256,True,0.47999805212020874
00113a75c.jpg,64.99968,True,0.8775528073310852
00113a75c.jpg,38.999808,True,0.8413905501365662
00113a75c.jpg,50.999808,True,0.5882920622825623
001bcf222.jpg,22.000128,True,0.07763253897428513
0022f64e5.jpg,69.000192,True,0.7882170677185059
0098456ff.jpg,155.000064,True,0.8524444103240967
0098456ff.jpg,19.000320000000002,True,0.36555278301239014
0098456ff.jpg,73.999872,False,0.0
0098456ff.jpg,225.00019199999997,True,0.8908835649490356
009c1116c.jpg,12.999936000000002,True,0.2716195583343506
00a9adaa4.jpg,14.999808,True,0.05328108370304108
00a9adaa4.jpg,16.999679999999998,True,0.4289209544658661
00a9adaa4.jpg,19.000320000000002,True,0.7081369161605835
00a9adaa4.jpg,23.000064,True,0.767459511756897
00a9adaa4.jpg,24.999935999999998,True,0.8142401576042175
00b101ed7.jpg,63.99974400000001,True,0.7875241041183472
00b3e6991.jpg,31.00032,True,0.5418863892555237
00c3aee3d.jpg,31.00032,True,0.46841028332710266
00c3aee3d.jpg,24.999935999999998,True,0.16277344524860382
00c3aee3d.jpg,51.99974400000001,True,0.7410354614257812
00c3aee3d.jpg,12.999936000000002,False,0.0
00e603959.jpg,45.000192,True,0.6714776158332825
00f34434e.jpg,60.0,True,0.9110007882118225
00f34434e.jpg,170.999808,True,0.9034571051597595
00f34434e.jpg,10.000128,False,0.0
010cbbfa0.jpg,21.000192,True,0.05765802040696144
010cbbfa0.jpg,20.000256,False,0.0
010cbbfa0.jpg,9.000192,False,0.0
010e15afe.jpg,34.000128,True,0.4327045679092407
010e15afe.jpg,40.99968,True,0.5930428504943848
010e15afe.jpg,62.999808,True,0.7411441206932068
010e15afe.jpg,24.999935999999998,True,0.7005243897438049
010e15afe.jpg,24.999935999999998,True,0.4229566752910614
010e15afe.jpg,24.0,True,0.1349770426750183
010e15afe.jpg,39.999744,True,0.7642685174942017
010e15afe.jpg,33.000192,True,0.4154644310474396
010e15afe.jpg,16.999679999999998,False,0.0
0114cb925.jpg,11.000064,True,0.4208989441394806
0114cb925.jpg,77.999616,True,0.8310228586196899
01178499a.jpg,139.00032000000002,True,0.9442147612571716
012635ffd.jpg,101.999616,True,0.7581741213798523
014773cfa.jpg,15.999744,True,0.41288867592811584
014c589c5.jpg,22.000128,True,0.39200150966644287
014c589c5.jpg,12.0,True,0.28530749678611755
014f2454d.jpg,8.000256,True,0.18127115070819855
014f42813.jpg,84.99993599999999,True,0.8680340647697449
015369fd9.jpg,74.999808,True,0.5277153849601746
015369fd9.jpg,112.99967999999998,True,0.8470457196235657
015369fd9.jpg,84.0,True,0.8722625970840454
015369fd9.jpg,93.000192,True,0.3107722997665405
015e56b00.jpg,74.999808,True,0.7769444584846497
015e56b00.jpg,14.999808,False,0.0
0171499be.jpg,47.000064,True,0.5879855155944824
0171499be.jpg,125.999616,True,0.8244079351425171
0171499be.jpg,42.000384,True,0.6929259300231934
017b8be5a.jpg,25.999872000000003,True,0.4919075667858124
01834cb80.jpg,139.00032000000002,True,0.8922327160835266
01933be65.jpg,20.000256,True,0.4577310383319855
019637cee.jpg,7.00032,False,0.0
0198713b4.jpg,120.99993599999999,True,0.8315502405166626
01acf3a1a.jpg,31.00032,True,0.5839076638221741
01c99b29b.jpg,32.000256,True,0.3013584017753601
01cecb9b6.jpg,20.000256,True,0.17366862297058105
01ed38a14.jpg,4.99968,True,0.18157655000686646
020aa1a39.jpg,262.000128,True,0.960831880569458
020f1afe8.jpg,287.00006399999995,True,0.9690022468566895
020f1afe8.jpg,60.999936,True,0.34841668605804443
022ecd2ce.jpg,27.999744,True,0.2595403492450714
023aec5ee.jpg,10.000128,True,0.4810691177845001
02641ca93.jpg,27.999744,True,0.145148366689682
02641ca93.jpg,68.000256,True,0.9018731713294983
02641ca93.jpg,29.999616,True,0.5361236333847046
02641ca93.jpg,20.000256,True,0.5057089328765869
02641ca93.jpg,40.99968,True,0.873502254486084
02641ca93.jpg,64.99968,True,0.8609248995780945
02641ca93.jpg,25.999872000000003,True,0.6688038110733032
02641ca93.jpg,16.999679999999998,False,0.0
02641ca93.jpg,44.000256,True,0.8622729182243347
02765ce9b.jpg,23.000064,True,0.12849266827106476
02765ce9b.jpg,100.99967999999998,True,0.4762885868549347
02765ce9b.jpg,14.999808,False,0.0
02765ce9b.jpg,16.999679999999998,False,0.0
02765ce9b.jpg,25.999872000000003,True,0.37020981311798096
02765ce9b.jpg,34.000128,True,0.290444016456604
02765ce9b.jpg,23.000064,True,0.1402738392353058
02765ce9b.jpg,15.999744,False,0.0
02765ce9b.jpg,62.999808,True,0.23696857690811157
02765ce9b.jpg,13.999872,True,0.1591029167175293
02884baad.jpg,16.999679999999998,True,0.16804593801498413
02884baad.jpg,12.0,True,0.4375181496143341
02ae62f2c.jpg,155.000064,True,0.8391053080558777
02d35ca31.jpg,7.00032,True,0.34735697507858276
02e440917.jpg,50.999808,True,0.8025802969932556
02fa41846.jpg,75.999744,True,0.7606279850006104
02fa41846.jpg,60.999936,True,0.8315576314926147
02fb4e152.jpg,82.000128,True,0.8917136192321777
02fb4e152.jpg,22.000128,True,0.5142709612846375
03007ae96.jpg,57.000192,True,0.7927089929580688
031101e01.jpg,96.99993599999999,True,0.8583980202674866
0318cd222.jpg,15.999744,True,0.11371590942144394
0318cd222.jpg,48.0,True,0.3107210397720337
03204a586.jpg,60.999936,True,0.8369609713554382
03204a586.jpg,72.0,True,0.7930658459663391
03204a586.jpg,136.99967999999998,True,0.8576502799987793
0325c0ae2.jpg,88.99968,True,0.7722695469856262
0328935b6.jpg,4.99968,False,0.0
0337e7947.jpg,15.999744,True,0.4906660318374634
033f61c0d.jpg,14.999808,True,0.5900354385375977
033f61c0d.jpg,69.000192,True,0.8617211580276489
033f61c0d.jpg,20.000256,True,0.10360293835401535
033f61c0d.jpg,21.000192,True,0.5876481533050537
033f61c0d.jpg,15.999744,True,0.5520042777061462
0348a8d7f.jpg,76.99968,True,0.8582266569137573
0354f47d7.jpg,12.999936000000002,True,0.37320107221603394
0354f47d7.jpg,16.999679999999998,True,0.5743951201438904
0360b2e7f.jpg,194.99980800000003,True,0.9141164422035217
036d3ecb1.jpg,60.0,True,0.7635171413421631
0384a0b91.jpg,13.999872,True,0.27217546105384827
0390a1104.jpg,80.000256,True,0.8392699360847473
0393722ec.jpg,20.000256,True,0.252221941947937
03aba0a7c.jpg,210.000384,True,0.8967750668525696
03aba0a7c.jpg,163.00032000000002,True,0.8906435966491699
03aba0a7c.jpg,81.000192,True,0.7942394614219666
03b1bb0da.jpg,19.000320000000002,False,0.0
03b1ddf8a.jpg,13.999872,True,0.5780643820762634
03b1ddf8a.jpg,10.000128,False,0.0
03b1ddf8a.jpg,18.000384,True,0.4866095781326294
03b1ddf8a.jpg,12.0,False,0.0
03e12b25c.jpg,192.0,True,0.8729039430618286
03e12b25c.jpg,158.999808,True,0.888282060623169
03e984e0d.jpg,181.99987199999998,True,0.8881505131721497
03eaa8a5e.jpg,189.000192,True,0.9166080355644226
03ed3a56b.jpg,42.000384,True,0.736915647983551
03f00631b.jpg,153.000192,True,0.8548098206520081
040d0634b.jpg,8.000256,True,0.36846715211868286
040d0634b.jpg,7.00032,True,0.2843970060348511
040d0634b.jpg,5.9996160000000005,False,0.0
0413cfbde.jpg,183.999744,True,0.885715126991272
042837669.jpg,14.999808,False,0.0
042c8028f.jpg,47.000064,True,0.7887292504310608
042c8028f.jpg,18.000384,True,0.0558968111872673
04823f766.jpg,179.000064,True,0.9377214908599854
04867fe84.jpg,36.999936,True,0.6397659778594971
04a628f65.jpg,13.999872,True,0.26546481251716614
04cb74d0a.jpg,11.000064,True,0.495430588722229
0502d4700.jpg,192.0,True,0.8380515575408936
0510a3765.jpg,10.000128,True,0.5240695476531982
05201af27.jpg,139.00032000000002,True,0.9105573296546936
05201af27.jpg,244.99968,True,0.9609746336936951
052c068ff.jpg,214.00012800000002,True,0.9335935711860657
05320baaa.jpg,24.0,False,0.0
053b2aee5.jpg,18.000384,True,0.5594960451126099
0546baefb.jpg,28.99968,True,0.6416342258453369
054b37244.jpg,47.000064,True,0.5234419703483582
054fadf93.jpg,14.999808,True,0.477652907371521
054fadf93.jpg,5.9996160000000005,False,0.0
056949650.jpg,133.99987199999998,True,0.8814557194709778
056f0d58d.jpg,35.000064,True,0.6919071078300476
057836607.jpg,64.99968,True,0.8524340987205505
057836607.jpg,10.000128,True,0.22267785668373108
0580b46cf.jpg,79.00032,True,0.8192372918128967
0586bf2da.jpg,21.000192,True,0.21964333951473236
058a7bd3a.jpg,168.999936,True,0.8752161264419556
059aa33cd.jpg,14.999808,True,0.2781166136264801
05bf3db82.jpg,25.999872000000003,True,0.3125617802143097
05d407505.jpg,169.99987199999998,True,0.8900666832923889
05d407505.jpg,66.000384,True,0.7604660391807556
05d523c71.jpg,18.000384,True,0.07161614298820496
05d523c71.jpg,29.999616,False,0.0
05d523c71.jpg,39.999744,True,0.3188011050224304
05d523c71.jpg,67.00032,True,0.8542414903640747
05d523c71.jpg,86.999808,True,0.8610423803329468
05d523c71.jpg,128.000256,True,0.8502005934715271
05ef7a103.jpg,13.999872,True,0.08901672065258026
05ef7a103.jpg,14.999808,True,0.5781099796295166
05ef7a103.jpg,8.000256,True,0.2029111087322235
05ef7a103.jpg,12.0,True,0.43853238224983215
06145c246.jpg,96.0,False,0.0
0618dc91e.jpg,18.000384,True,0.1843610405921936
0624ddeef.jpg,35.000064,False,0.0
0624ddeef.jpg,4.99968,False,0.0
0638ae9ab.jpg,22.000128,True,0.22112862765789032
0638ae9ab.jpg,22.000128,True,0.3139449656009674
063c4aa67.jpg,16.999679999999998,True,0.057859573513269424
063c4aa67.jpg,145.99987199999998,True,0.7918426394462585
063c4aa67.jpg,19.000320000000002,True,0.4684097170829773
063c4aa67.jpg,70.000128,True,0.8396866917610168
063c4aa67.jpg,66.000384,True,0.8534541726112366
063de49ca.jpg,22.000128,True,0.5293089151382446
063e5628f.jpg,93.000192,True,0.8508474826812744
0657903ff.jpg,23.000064,True,0.5348381400108337
0658e6598.jpg,80.000256,True,0.875329852104187
0658e6598.jpg,12.999936000000002,False,0.0
0658e6598.jpg,155.000064,True,0.851654589176178
0658e6598.jpg,73.999872,False,0.0
0658e6598.jpg,36.999936,True,0.887752890586853
0658e6598.jpg,19.000320000000002,True,0.35176196694374084
0658e6598.jpg,145.99987199999998,True,0.8989390730857849
068e7e7eb.jpg,20.000256,True,0.14491607248783112
06b6b6570.jpg,85.999872,True,0.579336941242218
06b6b6570.jpg,184.99967999999998,True,0.8674737215042114
06b6b6570.jpg,202.00012800000002,True,0.8827800750732422
06c6a0cf0.jpg,88.99968,True,0.8716804385185242
06c6a0cf0.jpg,68.000256,True,0.85321444272995
06c6a0cf0.jpg,91.00032,True,0.9168552756309509
06dd3e135.jpg,72.99993599999999,True,0.7925500273704529
06dd3e135.jpg,292.99968,True,0.9573706388473511
070d37c1e.jpg,121.999872,True,0.8905834555625916
0710ef74f.jpg,27.999744,True,0.5345824956893921
0710ef74f.jpg,72.0,True,0.7906924486160278
0710ef74f.jpg,80.000256,True,0.821111261844635
07605d36c.jpg,60.0,True,0.8393163084983826
07605d36c.jpg,11.000064,True,0.4221125841140747
07605d36c.jpg,77.999616,True,0.8312961459159851
076a91663.jpg,111.99974399999999,True,0.832698404788971
077f24a16.jpg,107.00006400000001,False,0.0
077f24a16.jpg,110.999808,True,0.7831125855445862
077f24a16.jpg,91.00032,True,0.6990630030632019
07a03de23.jpg,35.000064,False,0.0
07a03de23.jpg,4.99968,False,0.0
07ae92b4f.jpg,104.00025600000001,True,0.8193866014480591
07bb53be1.jpg,51.99974400000001,True,0.7410001158714294
07ec57541.jpg,23.000064,True,0.06173093616962433
07f567c9d.jpg,21.000192,False,0.0
07f7c9615.jpg,43.00032,True,0.2798071503639221
07f7c9615.jpg,45.000192,True,0.1966840773820877
07f7c9615.jpg,47.000064,True,0.1047322005033493
07fbf1523.jpg,131.000064,True,0.8962442874908447
08008bee4.jpg,73.999872,True,0.4721410870552063
08008bee4.jpg,81.000192,True,0.1715661883354187
08008bee4.jpg,66.000384,True,0.5736384987831116
080334c8e.jpg,18.000384,True,0.45123612880706787
080334c8e.jpg,14.999808,False,0.0
080334c8e.jpg,18.000384,True,0.41253843903541565
0804e3632.jpg,131.000064,True,0.8944238424301147
0804e3632.jpg,77.999616,True,0.8441852331161499
0804e3632.jpg,121.999872,True,0.899787187576294
0804e3632.jpg,16.999679999999998,True,0.6704376339912415
080cf3003.jpg,135.999744,True,0.920752227306366
080fc5847.jpg,33.000192,True,0.23843006789684296
08199c617.jpg,92.000256,True,0.7632439136505127
08203d2af.jpg,177.000192,True,0.8418510556221008
08218d8a0.jpg,15.999744,True,0.43026596307754517
08372c55f.jpg,9.000192,True,0.2635994255542755
083a42e6d.jpg,19.000320000000002,True,0.1265551745891571
083c79cf2.jpg,14.999808,True,0.563255250453949
0845c0106.jpg,96.0,True,0.8839133381843567
0845c0106.jpg,80.000256,True,0.8964312076568604
08606a74e.jpg,74.999808,True,0.8205826282501221
08606a74e.jpg,29.999616,True,0.12611371278762817
08606a74e.jpg,162.000384,True,0.9167534112930298
086307a36.jpg,10.000128,False,0.0
0864ffd70.jpg,245.999616,True,0.9393438100814819
08692dd80.jpg,87.999744,True,0.8052034378051758
087072320.jpg,83.00006400000001,True,0.7709789276123047
0878ba05f.jpg,84.99993599999999,True,0.8678091764450073
0878ca34d.jpg,10.000128,False,0.0
0878ca34d.jpg,22.000128,False,0.0
0884a8c44.jpg,58.000128000000004,False,0.0
0884ca333.jpg,15.999744,True,0.3628849685192108
0884ca333.jpg,55.00032,True,0.8452310562133789
089f21dd9.jpg,96.99993599999999,True,0.06375782191753387
089f21dd9.jpg,289.999872,True,0.9021770358085632
089f21dd9.jpg,15.999744,True,0.09797286987304688
08a878518.jpg,11.000064,True,0.3269199728965759
08a878518.jpg,11.000064,True,0.35657215118408203
08c1142b9.jpg,39.999744,True,0.07066483795642853
08d2cef6f.jpg,95.00006400000001,True,0.8933237791061401
08f71ff06.jpg,271.00032,True,0.8529734015464783
0914f3874.jpg,72.99993599999999,True,0.7385469675064087
0914f3874.jpg,66.000384,True,0.20529527962207794
0914f3874.jpg,63.99974400000001,True,0.8312742710113525
0914f3874.jpg,82.000128,True,0.8407173752784729
0914f3874.jpg,27.999744,True,0.5144596099853516
0914f3874.jpg,36.0,True,0.06059601530432701
0914f3874.jpg,31.00032,True,0.15194043517112732
0914f3874.jpg,34.000128,True,0.2160768061876297
0914f3874.jpg,75.999744,True,0.7396109104156494
0919e159e.jpg,8.000256,False,0.0
094f143b7.jpg,16.999679999999998,True,0.5652937889099121
0967e5ea0.jpg,25.999872000000003,False,0.0
096f867ec.jpg,51.99974400000001,True,0.835263729095459
096f867ec.jpg,192.99993600000002,True,0.913165807723999
097293761.jpg,5.9996160000000005,True,0.3962343633174896
097293761.jpg,105.000192,True,0.6475784182548523
097293761.jpg,127.00032000000002,True,0.6258418560028076
0974c9772.jpg,7.00032,True,0.2800181210041046
09c54c3a7.jpg,36.0,True,0.7034305334091187
09c54c3a7.jpg,96.99993599999999,True,0.8860047459602356
09c54c3a7.jpg,160.99967999999998,True,0.8619892001152039
09c54c3a7.jpg,168.0,True,0.8464357256889343
09cee96fd.jpg,10.000128,False,0.0
09d8bdfe6.jpg,170.999808,True,0.878656268119812
09da9a17e.jpg,184.99967999999998,True,0.8603621125221252
09da9a17e.jpg,154.00012800000002,True,0.9156012535095215
09e183b5a.jpg,44.000256,True,0.7557458281517029
09e183b5a.jpg,43.00032,True,0.6880481243133545
09f22d2e6.jpg,46.000128,True,0.5297079086303711
0a09da25f.jpg,104.00025600000001,True,0.9090151190757751
0a1156125.jpg,16.999679999999998,True,0.24851158261299133
0a20b9924.jpg,13.999872,False,0.0
0a2c6480e.jpg,141.000192,True,0.8697793483734131
0a2c6480e.jpg,72.99993599999999,True,0.8292543292045593
0a430f5f4.jpg,13.999872,True,0.5590340495109558
0a4864b49.jpg,28.99968,True,0.4313099682331085
0a4864b49.jpg,114.000384,True,0.811104953289032
0a49a473f.jpg,19.000320000000002,True,0.4562472105026245
0a49a473f.jpg,31.00032,True,0.5911702513694763
0a4ad0982.jpg,13.999872,True,0.09836026281118393
0a4ad0982.jpg,11.000064,False,0.0
0a4c56694.jpg,103.00032000000002,True,0.8208977580070496
0a78f9786.jpg,82.000128,True,0.8630827069282532
0a7a0fa38.jpg,10.000128,False,0.0
0a7b289e5.jpg,53.999616,True,0.837870180606842
0a7b289e5.jpg,229.99987199999998,True,0.938683271408081
0a94e5dd1.jpg,61.999871999999996,True,0.8286721110343933
0a975dc66.jpg,120.0,True,0.8509500622749329
0a9eca6d6.jpg,10.000128,True,0.060590699315071106
0a9eca6d6.jpg,16.999679999999998,False,0.0
0a9eca6d6.jpg,85.999872,False,0.0
0a9eca6d6.jpg,11.000064,True,0.09623007476329803
0aa980023.jpg,164.000256,True,0.8448981642723083
0ac12b127.jpg,57.000192,True,0.9089400768280029
0acbf7968.jpg,5.9996160000000005,False,0.0
0acd25a1b.jpg,27.999744,True,0.5690714120864868
0acfb1627.jpg,20.000256,False,0.0
0ad77edcb.jpg,203.00006399999998,True,0.8880947232246399
0ad7c2758.jpg,114.000384,True,0.9149999618530273
0ae71fbc2.jpg,129.000192,True,0.8537956476211548
0aefb4539.jpg,176.000256,True,0.8603626489639282
0afa40357.jpg,66.000384,True,0.8678697943687439
0b01dbc89.jpg,11.000064,True,0.5456909537315369
0b15ad41b.jpg,13.999872,True,0.26609522104263306
0b15ad41b.jpg,13.999872,True,0.43160897493362427
0b15ad41b.jpg,12.999936000000002,False,0.0
0b15ad41b.jpg,13.999872,True,0.44188159704208374
0b15ad41b.jpg,19.000320000000002,True,0.06647709757089615
0b15ad41b.jpg,23.000064,True,0.2589731514453888
0b1bc8662.jpg,2.9998080000000003,False,0.0
0b1bc8662.jpg,3.9997439999999997,False,0.0
0b1bc8662.jpg,3.9997439999999997,False,0.0
0b1bc8662.jpg,12.999936000000002,True,0.509575366973877
0b2bc8131.jpg,13.999872,True,0.474748432636261
0b2bc8131.jpg,7.00032,True,0.29197901487350464
0b40b432c.jpg,97.999872,True,0.8718550205230713
0b40b432c.jpg,27.999744,True,0.6809005737304688
0b4244187.jpg,15.999744,True,0.46667706966400146
0b4e11e35.jpg,34.000128,True,0.8088251352310181
0b4e11e35.jpg,7.00032,False,0.0
0b5ef3b0c.jpg,144.0,True,0.8541721701622009
0b5effb9c.jpg,28.99968,True,0.7529775500297546
0b5effb9c.jpg,81.000192,True,0.859850287437439
0b6b38300.jpg,212.000256,True,0.8861361742019653
0b6b38300.jpg,13.999872,False,0.0
0b6b38300.jpg,58.000128000000004,True,0.5972613096237183
0b6b38300.jpg,33.000192,True,0.5458853244781494
0b752a803.jpg,22.000128,True,0.41447824239730835
0b752a803.jpg,73.999872,True,0.8050560355186462
0b92571d6.jpg,12.999936000000002,True,0.1012943685054779
0bb0453d9.jpg,27.999744,True,0.2738613486289978
0bb09ef89.jpg,192.0,True,0.9198434352874756
0bbc681ee.jpg,96.0,True,0.8974463939666748
0bbf29b74.jpg,39.999744,True,0.7767539620399475
0bd2bd3f0.jpg,263.00006399999995,True,0.9592427015304565
0bde4207e.jpg,19.000320000000002,True,0.06560658663511276
0bfb71a47.jpg,134.999808,True,0.34998810291290283
0c0861189.jpg,27.999744,True,0.6453137993812561
0c299ccaf.jpg,12.0,True,0.23478586971759796
0c64825df.jpg,11.000064,True,0.15089572966098785
0c64ce5c9.jpg,19.000320000000002,False,0.0
0c64ce5c9.jpg,206.99980800000003,True,0.8205873966217041
0c669f94c.jpg,61.999871999999996,True,0.8195729851722717
0c6b7bca1.jpg,288.0,True,0.8813046813011169
0c748082f.jpg,26.999808,True,0.0908501148223877
0c83c2cd8.jpg,121.999872,True,0.868820309638977
0c8bf76ab.jpg,11.000064,True,0.5928827524185181
0ca6d4877.jpg,23.000064,True,0.08719036728143692
0cb7d1e84.jpg,75.999744,True,0.8457416892051697
0cb8234c9.jpg,31.00032,True,0.6741066575050354
0cbf8d68c.jpg,26.999808,True,0.7131792306900024
0cbf8d68c.jpg,59.000064,True,0.7654600143432617
0cdcd25e1.jpg,43.00032,True,0.6789405345916748
0cefc8948.jpg,26.999808,True,0.6677881479263306
0cefc8948.jpg,67.00032,True,0.8516184687614441
0cf84269c.jpg,123.99974399999999,True,0.9169730544090271
0cf84269c.jpg,23.000064,True,0.3536675274372101
0cf8a35ea.jpg,214.00012800000002,True,0.8991231918334961
0d062f06b.jpg,26.999808,False,0.0
0d0697409.jpg,82.000128,True,0.8347276449203491
0d0697409.jpg,10.000128,True,0.20841413736343384
0d0f80e85.jpg,158.999808,True,0.8270276188850403
0d1e9e8ad.jpg,18.000384,True,0.6495804786682129
0d2255fcd.jpg,31.00032,True,0.16208618879318237
0d291df5e.jpg,101.999616,True,0.9079170823097229
0d2f9770f.jpg,92.000256,True,0.8663977980613708
0d34fb0bc.jpg,44.000256,True,0.1373809576034546
0d34fb0bc.jpg,109.999872,True,0.7758125066757202
0d3516189.jpg,124.99967999999998,True,0.8473551869392395
0d37760fb.jpg,60.0,True,0.8525141477584839
0d38420ac.jpg,7.00032,False,0.0
0d3f105ab.jpg,155.000064,True,0.8557604551315308
0d7416980.jpg,15.999744,True,0.3811735510826111
0d7416980.jpg,15.999744,True,0.20295073091983795
0d7416980.jpg,239.00006399999998,True,0.8929445743560791
0d7c1d566.jpg,38.999808,True,0.18117885291576385
0d7c1d566.jpg,51.99974400000001,True,0.49540069699287415
0d7c1d566.jpg,59.000064,True,0.8367869257926941
0dadcb924.jpg,14.999808,False,0.0
0db77441f.jpg,8.000256,True,0.6036718487739563
0dbb00adb.jpg,11.000064,True,0.47079968452453613
0dcaad2e8.jpg,92.000256,True,0.8916128873825073
0dd92e511.jpg,338.99980800000003,True,0.9038533568382263
0ddc8badf.jpg,66.000384,True,0.7365168333053589
0de34ade8.jpg,8.000256,True,0.35789138078689575
0dec35751.jpg,108.0,True,0.9025886058807373
0dec35751.jpg,72.99993599999999,True,0.7596023082733154
0e0827831.jpg,229.99987199999998,True,0.8971188068389893
0e2a3ff67.jpg,13.999872,True,0.26531052589416504
0e2dd8e76.jpg,140.000256,True,0.9231117367744446
0e3c1baba.jpg,160.99967999999998,True,0.856600284576416
0e4298511.jpg,36.0,True,0.674010694026947
0e4a5ae51.jpg,13.999872,False,0.0
0e4aa6703.jpg,254.99980800000003,True,0.8831720948219299
0e6445a14.jpg,32.000256,True,0.31297624111175537
0e67d3434.jpg,20.000256,True,0.5008041858673096
0e68c6286.jpg,24.999935999999998,True,0.7201281189918518
0e68c6286.jpg,64.99968,True,0.7893665432929993
0e6990305.jpg,24.999935999999998,False,0.0
0e699dde0.jpg,24.0,True,0.6377015709877014
0e6a7fe30.jpg,18.000384,True,0.5224051475524902
0e6a7fe30.jpg,19.000320000000002,True,0.5491570830345154
0e6a7fe30.jpg,42.000384,True,0.675253689289093
0e6a7fe30.jpg,61.999871999999996,True,0.6003128290176392
0e6a7fe30.jpg,45.000192,True,0.15760944783687592
0e7975fc6.jpg,26.999808,True,0.07872821390628815
0e7975fc6.jpg,11.000064,True,0.34059399366378784
0e81ee44b.jpg,59.000064,True,0.7922274470329285
0e81ee44b.jpg,73.999872,True,0.790861964225769
0e845b123.jpg,38.999808,True,0.13884852826595306
0e99e0e40.jpg,14.999808,True,0.051308706402778625
0ebbee9f9.jpg,11.000064,False,0.0
0ebbee9f9.jpg,84.0,True,0.8640903234481812
0ebbee9f9.jpg,82.000128,True,0.8592649698257446
0ebbee9f9.jpg,12.0,False,0.0
0ec205f2b.jpg,20.000256,True,0.6706839203834534
0ec6df41c.jpg,22.000128,True,0.36990925669670105
0ed86b44b.jpg,16.999679999999998,True,0.5709197521209717
0ed86b44b.jpg,10.000128,True,0.2870385944843292
0edd66a67.jpg,33.000192,True,0.18124382197856903
0ee8a4ea8.jpg,12.999936000000002,True,0.3571588397026062
0eecb8a16.jpg,84.0,True,0.878812849521637
0efbf3431.jpg,12.999936000000002,False,0.0
0efbf3431.jpg,15.999744,True,0.10804687440395355
0efbf3431.jpg,37.999872,False,0.0
0efbf3431.jpg,11.000064,False,0.0
0efbf3431.jpg,5.9996160000000005,True,0.1415700912475586
0efbf3431.jpg,9.000192,True,0.3308153450489044
0efbf3431.jpg,9.000192,False,0.0
0efbf3431.jpg,13.999872,False,0.0
0efbf3431.jpg,36.999936,True,0.547493040561676
0f34bea30.jpg,143.000064,True,0.8534224629402161
0f5b253f0.jpg,9.000192,False,0.0
0f6f01e69.jpg,32.000256,True,0.6245431303977966
0f6f01e69.jpg,44.000256,True,0.7423476576805115
0f6f01e69.jpg,34.000128,False,0.0
0f7a3efdf.jpg,61.999871999999996,True,0.12392032891511917
0f7aba2e0.jpg,10.000128,False,0.0
0f7aba2e0.jpg,18.000384,True,0.19573502242565155
0f7aba2e0.jpg,14.999808,True,0.23744355142116547
0f7aba2e0.jpg,13.999872,False,0.0
0f7cb7b56.jpg,276.0,True,0.8401246666908264
0f81bc382.jpg,61.999871999999996,True,0.7204661965370178
0f8b47d44.jpg,21.000192,True,0.3592611849308014
0fa4ddf64.jpg,31.00032,True,0.4895397424697876
0fa4ddf64.jpg,29.999616,False,0.0
0fa4ddf64.jpg,23.000064,True,0.15270455181598663
0fa4ddf64.jpg,28.99968,True,0.30047187209129333
0fa4ddf64.jpg,33.000192,True,0.49865609407424927
0fa4ddf64.jpg,24.999935999999998,True,0.15043193101882935
0fa4ddf64.jpg,20.000256,True,0.3221963047981262
0fa4ddf64.jpg,21.000192,False,0.0
0ff239dd3.jpg,16.999679999999998,True,0.4255586266517639
100383c25.jpg,32.000256,True,0.5444571375846863
101bf6dad.jpg,85.999872,True,0.8911781907081604
10306ca2a.jpg,84.0,True,0.8249926567077637
104f9a4c8.jpg,12.999936000000002,True,0.3903042674064636
105dc5604.jpg,24.999935999999998,True,0.5552785396575928
105dc5604.jpg,12.999936000000002,True,0.7181822657585144
107dc1bc4.jpg,9.000192,False,0.0
107dc1bc4.jpg,14.999808,True,0.12324319034814835
107dc1bc4.jpg,21.000192,True,0.12009013444185257
1093ebba2.jpg,19.000320000000002,False,0.0
1097748b8.jpg,61.999871999999996,True,0.7177518010139465
10a5cb97d.jpg,29.999616,True,0.6355270743370056
10a5cb97d.jpg,94.000128,True,0.7990521192550659
10c100962.jpg,36.999936,True,0.7905328273773193
10c100962.jpg,36.999936,True,0.7845706343650818
10c100962.jpg,12.0,False,0.0
10c786126.jpg,18.000384,False,0.0
10c786126.jpg,74.999808,True,0.8355764746665955
10c786126.jpg,24.0,True,0.6427328586578369
10c786126.jpg,93.000192,True,0.8834581971168518
10c786126.jpg,21.000192,True,0.16360406577587128
10c786126.jpg,67.00032,True,0.8661370277404785
10c9d2e4a.jpg,27.999744,True,0.7225520610809326
10c9d2e4a.jpg,63.99974400000001,True,0.7413432002067566
10cfc8ca8.jpg,23.000064,True,0.48773959279060364
10cfc8ca8.jpg,20.000256,True,0.36996471881866455
10defd098.jpg,145.99987199999998,True,0.9433565735816956
10defd098.jpg,176.000256,True,0.9247708320617676
10e334e8d.jpg,5.9996160000000005,False,0.0
10e334e8d.jpg,3.9997439999999997,False,0.0
10f8ab308.jpg,183.999744,True,0.8771193623542786
1106253f8.jpg,132.0,True,0.8061185479164124
1117dbd46.jpg,12.999936000000002,True,0.6315516829490662
111c59e0d.jpg,8.000256,True,0.1878301501274109
11374fdd1.jpg,9.000192,False,0.0
11374fdd1.jpg,91.00032,True,0.8414909839630127
113b5371f.jpg,10.000128,True,0.29407617449760437
115f9bef0.jpg,16.999679999999998,True,0.4315864145755768
1169a2c66.jpg,13.999872,True,0.1944563090801239
116dc2a67.jpg,272.00025600000004,True,0.7702963948249817
116dc2a67.jpg,84.99993599999999,True,0.7103018760681152
1172ecf76.jpg,52.99968,True,0.7681754231452942
1172ecf76.jpg,42.000384,True,0.8033218383789062
1172ecf76.jpg,31.00032,True,0.1601518988609314
1172ecf76.jpg,52.99968,True,0.8190209269523621
11790c78f.jpg,13.999872,True,0.44399213790893555
1179e005f.jpg,25.999872000000003,True,0.5694165229797363
118992fba.jpg,16.999679999999998,True,0.15643294155597687
118992fba.jpg,11.000064,False,0.0
1195f6082.jpg,58.000128000000004,True,0.7359760403633118
11bdd3b25.jpg,10.000128,True,0.36863985657691956
11bdd3b25.jpg,21.000192,True,0.5732815861701965
11ef28b6d.jpg,13.999872,True,0.35377827286720276
11ef28b6d.jpg,163.00032000000002,True,0.881655216217041
11ef28b6d.jpg,19.000320000000002,True,0.3116023540496826
1215892e3.jpg,95.00006400000001,True,0.851594090461731
1232d4183.jpg,25.999872000000003,True,0.7112275958061218
123b7ff5f.jpg,15.999744,True,0.36686867475509644
125fb4347.jpg,159.999744,True,0.7294524312019348
127ede551.jpg,8.000256,False,0.0
127ede551.jpg,20.000256,True,0.6894741058349609
127ede551.jpg,10.000128,True,0.5065627098083496
1281987a7.jpg,107.00006400000001,True,0.8744131326675415
1286d5f8e.jpg,148.99967999999998,True,0.7972022891044617
1286d5f8e.jpg,69.000192,True,0.22684268653392792
1293fb3e1.jpg,27.999744,False,0.0
12ac8d91f.jpg,211.00032,True,0.9442945718765259
12ac8d91f.jpg,68.000256,True,0.7076178789138794
12c9ea516.jpg,23.000064,True,0.6354608535766602
12d2ca743.jpg,190.00012800000002,True,0.8752662539482117
12d7e1a24.jpg,57.000192,True,0.2045769840478897
12d7e1a24.jpg,33.000192,True,0.6723634600639343
12d7e1a24.jpg,45.000192,True,0.785121500492096
12d7e1a24.jpg,42.000384,True,0.5219326019287109
12d7e1a24.jpg,33.000192,True,0.6543945074081421
12d7e1a24.jpg,45.000192,True,0.6986614465713501
12d7e1a24.jpg,42.000384,True,0.6201344132423401
13148ae99.jpg,75.999744,True,0.8808438181877136
131ecea79.jpg,27.999744,True,0.6719689965248108
13291b6f8.jpg,22.000128,True,0.5848652124404907
13291b6f8.jpg,80.000256,True,0.8411861658096313
13291b6f8.jpg,31.00032,True,0.6442104578018188
133e519f7.jpg,74.999808,True,0.8278645873069763
133e519f7.jpg,204.99993600000002,True,0.878885805606842
13466bcf9.jpg,10.000128,True,0.213112473487854
134c1a225.jpg,85.999872,True,0.8317212462425232
13522033c.jpg,34.000128,True,0.6797916293144226
135a2a350.jpg,76.99968,True,0.8316258192062378
135a2a350.jpg,24.999935999999998,False,0.0
135a2a350.jpg,24.0,False,0.0
135f22189.jpg,24.999935999999998,True,0.13729248940944672
136c2dbcd.jpg,20.000256,False,0.0
136c2dbcd.jpg,26.999808,True,0.3194439709186554
136c2dbcd.jpg,44.000256,True,0.5384500026702881
136c2dbcd.jpg,47.000064,True,0.5313119888305664
136c2dbcd.jpg,38.999808,True,0.2975965142250061
1373dbd93.jpg,20.000256,True,0.05782880634069443
1385a619b.jpg,24.0,True,0.19212943315505981
139b3ab79.jpg,24.0,False,0.0
139b3ab79.jpg,24.999935999999998,False,0.0
139b3ab79.jpg,76.99968,True,0.8334878087043762
13aa7315c.jpg,182.999808,True,0.9022268056869507
13aa7315c.jpg,192.99993600000002,True,0.9188634157180786
13aa7315c.jpg,14.999808,True,0.6003745794296265
13e5d5e5a.jpg,31.00032,True,0.05177432671189308
1453d4c00.jpg,47.000064,True,0.7289377450942993
1453d4c00.jpg,75.999744,True,0.8721336722373962
1453e0557.jpg,57.000192,True,0.7458021640777588
1476c98b9.jpg,106.000128,True,0.8725681304931641
147bc43db.jpg,35.000064,True,0.17115600407123566
147bc43db.jpg,12.999936000000002,True,0.4764278531074524
147bc43db.jpg,13.999872,True,0.1971430778503418
147bc43db.jpg,11.000064,True,0.25933998823165894
147bc43db.jpg,14.999808,True,0.2862507700920105
14814c9cd.jpg,16.999679999999998,True,0.356548935174942
14814c9cd.jpg,18.000384,False,0.0
14814c9cd.jpg,20.000256,True,0.20581278204917908
14814c9cd.jpg,13.999872,False,0.0
148559881.jpg,123.99974399999999,True,0.9242881536483765
149454555.jpg,91.00032,True,0.8531999588012695
149f806bd.jpg,13.999872,True,0.10274037718772888
14a1efc07.jpg,16.999679999999998,False,0.0
14a1efc07.jpg,12.0,True,0.1732160747051239
14a1efc07.jpg,13.999872,True,0.1025862917304039
14a1efc07.jpg,25.999872000000003,False,0.0
14a1efc07.jpg,15.999744,True,0.4938988983631134
14a1efc07.jpg,25.999872000000003,True,0.42380961775779724
14a63d1fe.jpg,83.00006400000001,True,0.8338262438774109
14a63d1fe.jpg,67.00032,True,0.7762676477432251
14a63d1fe.jpg,24.0,False,0.0
14a63d1fe.jpg,121.999872,True,0.9123595952987671
14ac0acf1.jpg,20.000256,True,0.330486923456192
14ac0acf1.jpg,12.999936000000002,True,0.2478075921535492
14ac0acf1.jpg,12.0,True,0.12753812968730927
14ac0acf1.jpg,13.999872,True,0.14653806388378143
14ac0acf1.jpg,13.999872,False,0.0
14d37f915.jpg,82.000128,False,0.0
14d37f915.jpg,15.999744,False,0.0
14d37f915.jpg,170.999808,True,0.8924588561058044
14d37f915.jpg,119.00006400000001,True,0.2592529058456421
14ea69373.jpg,76.99968,True,0.8731814622879028
14f4fb908.jpg,76.99968,True,0.8231629729270935
14fb01cab.jpg,34.000128,True,0.5906431674957275
14fb01cab.jpg,15.999744,True,0.22984787821769714
14fb01cab.jpg,34.000128,True,0.43053218722343445
14fb01cab.jpg,84.0,True,0.6462496519088745
14fb01cab.jpg,14.999808,False,0.0
14fb01cab.jpg,44.000256,True,0.6946966648101807
1508c94ab.jpg,50.999808,True,0.8279548287391663
1508c94ab.jpg,50.999808,True,0.7621998190879822
1508c94ab.jpg,24.999935999999998,True,0.5245006680488586
1508c94ab.jpg,12.999936000000002,False,0.0
1508c94ab.jpg,12.0,False,0.0
1508c94ab.jpg,19.000320000000002,True,0.12919513881206512
1508c94ab.jpg,71.00006400000001,True,0.7116409540176392
15391f0a2.jpg,83.00006400000001,True,0.8039482235908508
153dc6955.jpg,127.00032000000002,True,0.8872022032737732
153dc6955.jpg,112.99967999999998,True,0.9296504855155945
153dc6955.jpg,47.000064,True,0.7553904056549072
153dc6955.jpg,20.000256,False,0.0
153dc6955.jpg,94.000128,True,0.8846525549888611
153dc6955.jpg,101.999616,True,0.9083874821662903
15560bcc0.jpg,76.99968,True,0.834129810333252
15560bcc0.jpg,149.999616,True,0.9245028495788574
15560bcc0.jpg,24.0,True,0.36094483733177185
1582eecfe.jpg,14.999808,True,0.1821337789297104
1583986c9.jpg,140.000256,True,0.9257827997207642
1583986c9.jpg,144.0,True,0.9224610328674316
1583986c9.jpg,142.00012800000002,True,0.9092820882797241
15acbd70e.jpg,14.999808,True,0.12665551900863647
15acbd70e.jpg,21.000192,True,0.4108816087245941
15acbd70e.jpg,10.000128,True,0.28553906083106995
15acbd70e.jpg,12.999936000000002,False,0.0
15ad76fce.jpg,24.999935999999998,True,0.5086201429367065
15b6f3223.jpg,64.99968,True,0.6876717805862427
15b8b2e75.jpg,11.000064,True,0.34446316957473755
15b8b2e75.jpg,28.99968,True,0.6201987266540527
15bb3c734.jpg,39.999744,True,0.7235779166221619
15bb3c734.jpg,74.999808,True,0.886235237121582
15bb3c734.jpg,38.999808,True,0.7368675470352173
15bb3c734.jpg,35.000064,True,0.5689056515693665
15c1347cd.jpg,330.000384,True,0.8505804538726807
15d775515.jpg,31.00032,True,0.5389667749404907
15e51def6.jpg,79.00032,True,0.8801879286766052
15e51def6.jpg,84.0,True,0.8474336266517639
15f212f47.jpg,42.000384,True,0.7153087854385376
1603a3ccb.jpg,60.0,True,0.8398091793060303
160d1b5ec.jpg,84.99993599999999,True,0.8460551500320435
160f8490b.jpg,14.999808,True,0.49495089054107666
1622e4344.jpg,80.000256,True,0.8544229865074158
1626de534.jpg,39.999744,True,0.6080721020698547
1626de534.jpg,40.99968,True,0.7964573502540588
1626de534.jpg,120.0,True,0.7952613234519958
162af9297.jpg,128.000256,True,0.8925923705101013
1635616e4.jpg,84.99993599999999,True,0.8698554635047913
1635616e4.jpg,68.000256,True,0.6148507595062256
16372685c.jpg,83.00006400000001,True,0.7106992602348328
16372685c.jpg,69.000192,True,0.7453522086143494
163ae7fca.jpg,132.999936,True,0.8771607875823975
1645884a0.jpg,75.999744,True,0.8218016624450684
164e834c9.jpg,105.000192,True,0.8996642231941223
16623c042.jpg,42.000384,True,0.7369263768196106
166ba286d.jpg,176.000256,True,0.8938565850257874
1676c8e96.jpg,36.999936,True,0.5704336762428284
1676c8e96.jpg,8.000256,True,0.1331368386745453
168f1d71b.jpg,35.000064,False,0.0
1696a45bc.jpg,8.000256,True,0.1444791853427887
169cdc96b.jpg,32.000256,True,0.6292034387588501
16a164a9c.jpg,186.000384,True,0.9178414940834045
16a32fd9b.jpg,15.999744,True,0.16961048543453217
16a32fd9b.jpg,5.9996160000000005,True,0.17246918380260468
16b620c6d.jpg,11.000064,False,0.0
16bf0c215.jpg,201.00019199999997,True,0.7778918147087097
16c2999b1.jpg,55.00032,True,0.7437466382980347
16c2999b1.jpg,24.999935999999998,True,0.18575701117515564
16cc45aca.jpg,84.99993599999999,True,0.8962698578834534
16f539801.jpg,15.999744,False,0.0
16ff0f0da.jpg,13.999872,True,0.6337242126464844
1721f5d2f.jpg,40.99968,False,0.0
17246c643.jpg,84.0,True,0.8724029660224915
17246c643.jpg,46.000128,True,0.13767178356647491
1726d40b1.jpg,39.999744,True,0.5895562171936035
1726d40b1.jpg,53.999616,True,0.7405691146850586
17281a4dd.jpg,288.99993600000005,True,0.9061982035636902
173d98541.jpg,64.99968,True,0.7930460572242737
173d98541.jpg,24.999935999999998,True,0.7319037318229675
1740e9502.jpg,11.000064,True,0.2698143720626831
1751d5562.jpg,86.999808,True,0.79771488904953
175f0bc4e.jpg,99.99974399999999,True,0.8074982762336731
175f0bc4e.jpg,52.99968,True,0.6342670321464539
175f0bc4e.jpg,127.00032000000002,True,0.7966238260269165
175f0bc4e.jpg,114.000384,True,0.8917070031166077
175f0bc4e.jpg,106.000128,True,0.85416179895401
175f0bc4e.jpg,81.000192,True,0.8427600264549255
177b90121.jpg,55.00032,True,0.8453630805015564
17804f4a5.jpg,14.999808,True,0.22538596391677856
17804f4a5.jpg,68.000256,True,0.8091491460800171
17804f4a5.jpg,14.999808,True,0.39576470851898193
178bec095.jpg,28.99968,False,0.0
178bec095.jpg,15.999744,True,0.23883914947509766
178bec095.jpg,147.999744,True,0.5733985304832458
178bec095.jpg,85.999872,True,0.8337311744689941
178bec095.jpg,29.999616,True,0.35459259152412415
178c34d1c.jpg,114.000384,True,0.8767222166061401
17980f5e4.jpg,18.000384,True,0.06707275658845901
17980f5e4.jpg,16.999679999999998,True,0.193334698677063
179f643cb.jpg,40.99968,True,0.660720944404602
179f643cb.jpg,29.999616,True,0.6791084408760071
17c234248.jpg,189.000192,True,0.9142922759056091
17d0b06e1.jpg,7.00032,True,0.3437635004520416
17db77366.jpg,156.999936,True,0.9311786890029907
17e4b69db.jpg,11.000064,False,0.0
17e831210.jpg,101.999616,True,0.20322082936763763
17f2cca1d.jpg,12.0,True,0.6261717081069946
17f2cca1d.jpg,8.000256,True,0.28102535009384155
17f2cca1d.jpg,12.0,True,0.6515441536903381
17f2cca1d.jpg,24.0,True,0.5546765923500061
17f2cca1d.jpg,10.000128,True,0.14055101573467255
17f5d54f5.jpg,9.000192,True,0.5055236220359802
17f5d54f5.jpg,10.000128,True,0.5595018267631531
17f5d54f5.jpg,13.999872,True,0.16118726134300232
17f5d54f5.jpg,11.000064,True,0.6836531758308411
17f6ab7cd.jpg,74.999808,True,0.8361321091651917
17f6ab7cd.jpg,87.999744,True,0.9162547588348389
180ff73ff.jpg,111.99974399999999,True,0.86785489320755
1818c134a.jpg,71.00006400000001,True,0.808559238910675
1837bdb41.jpg,31.00032,True,0.5600679516792297
1837bdb41.jpg,18.000384,True,0.5763856768608093
183896083.jpg,122.999808,True,0.8637542724609375
184004e89.jpg,62.999808,True,0.847525417804718
1844eddf2.jpg,190.00012800000002,True,0.8499343395233154
1844eddf2.jpg,307.00032,True,0.910098671913147
1844eddf2.jpg,51.99974400000001,True,0.8729007244110107
1850926b8.jpg,24.0,True,0.2120976448059082
1850926b8.jpg,31.00032,True,0.1947229504585266
185e9982c.jpg,193.99987199999998,True,0.8207831978797913
18722fb07.jpg,71.00006400000001,True,0.7983219027519226
188b06cf8.jpg,18.000384,True,0.47507375478744507
188b06cf8.jpg,72.0,True,0.7867840528488159
18acc0aeb.jpg,83.00006400000001,True,0.7484332919120789
18e50fa4d.jpg,21.000192,True,0.5397009253501892
18e50fa4d.jpg,20.000256,True,0.4042724370956421
18ea7b5c6.jpg,24.999935999999998,True,0.5355837941169739
18ea7b5c6.jpg,91.00032,True,0.8438556790351868
18ea7b5c6.jpg,39.999744,True,0.5461105704307556
18f538988.jpg,25.999872000000003,False,0.0
18fb7fa98.jpg,236.000256,True,0.8375556468963623
1908aba09.jpg,4.99968,False,0.0
1911d1261.jpg,109.999872,True,0.87419193983078
19179714c.jpg,11.000064,True,0.27729377150535583
1923f24c9.jpg,24.0,True,0.5036620497703552
1928d1ad2.jpg,20.000256,True,0.1727396696805954
1929aba96.jpg,84.0,True,0.8259863257408142
194704730.jpg,21.000192,True,0.08839062601327896
194704730.jpg,56.00025599999999,True,0.8299846053123474
194704730.jpg,48.999936,True,0.7779820561408997
194704730.jpg,7.00032,True,0.32413145899772644
194704730.jpg,61.999871999999996,True,0.790269136428833
194ee5699.jpg,116.00025600000001,True,0.8464692831039429
195f6f0e5.jpg,80.000256,True,0.8339000940322876
195f6f0e5.jpg,25.999872000000003,True,0.19539234042167664
196ee962f.jpg,73.999872,True,0.7298243045806885
19956a879.jpg,117.000192,True,0.8148455619812012
19956a879.jpg,64.99968,True,0.8914922475814819
199f91554.jpg,193.99987199999998,True,0.8975317478179932
19a6c3326.jpg,23.000064,True,0.68370121717453
19a6c3326.jpg,25.999872000000003,True,0.6630396842956543
19acbe356.jpg,139.00032000000002,True,0.9098556637763977
19acbe356.jpg,244.99968,True,0.9613329768180847
19c8196e0.jpg,107.00006400000001,True,0.9169958233833313
19d0217b0.jpg,12.999936000000002,True,0.2670912444591522
19d659f8a.jpg,21.000192,True,0.20340611040592194
19e27883d.jpg,141.000192,True,0.8545857071876526
19e2fd98c.jpg,66.000384,True,0.7440774440765381
19e954db4.jpg,16.999679999999998,True,0.14267092943191528
19f577039.jpg,82.000128,True,0.8804614543914795
19f7a193d.jpg,85.999872,True,0.8787871599197388
1a0129a7c.jpg,217.99987199999998,True,0.892686665058136
1a093117c.jpg,25.999872000000003,True,0.5013797283172607
1a116c81a.jpg,33.000192,True,0.062398821115493774
1a116c81a.jpg,72.99993599999999,True,0.7224233746528625
1a116c81a.jpg,238.00012800000002,True,0.9126212000846863
1a359dac8.jpg,15.999744,True,0.06752605736255646
1a3bedc55.jpg,24.0,True,0.740605890750885
1a3bedc55.jpg,73.999872,True,0.8672526478767395
1a3bedc55.jpg,149.999616,True,0.9105573296546936
1a3e096cc.jpg,31.00032,True,0.49246132373809814
1a47330cf.jpg,99.99974399999999,True,0.6725156903266907
1a47330cf.jpg,12.999936000000002,False,0.0
1a5838dc6.jpg,145.99987199999998,True,0.8788930773735046
1a5838dc6.jpg,37.999872,True,0.710599422454834
1a5838dc6.jpg,21.000192,True,0.645315945148468
1a61e4579.jpg,90.000384,True,0.8963543772697449
1a7261884.jpg,16.999679999999998,True,0.3751065135002136
1a7261884.jpg,24.999935999999998,True,0.7488241195678711
1a7261884.jpg,79.00032,True,0.8104727864265442
1a7261884.jpg,24.0,True,0.8258773684501648
1a8d8df1c.jpg,105.000192,True,0.675831139087677
1aa8eac4c.jpg,20.000256,True,0.6949479579925537
1aa8eac4c.jpg,71.00006400000001,True,0.8618713617324829
1aab43e74.jpg,228.99993600000002,True,0.9424861073493958
1ae955a67.jpg,81.000192,True,0.7814363241195679
1af142c38.jpg,76.99968,True,0.8519300222396851
1b0d32b96.jpg,25.999872000000003,True,0.6934433579444885
1b3f699ee.jpg,13.999872,True,0.05413130670785904
1b42c0672.jpg,22.000128,True,0.06107129901647568
1b42c0672.jpg,73.999872,True,0.8552575707435608
1b42c0672.jpg,72.0,True,0.8530890345573425
1b42c0672.jpg,19.000320000000002,True,0.14114169776439667
1b45008a3.jpg,108.99993599999999,True,0.893081545829773
1b4f0af31.jpg,9.000192,True,0.3811493515968323
1b5dbf730.jpg,92.000256,True,0.8176636695861816
1b5de27c9.jpg,32.000256,True,0.6850925087928772
1b5de27c9.jpg,36.999936,True,0.6648915410041809
1b5de27c9.jpg,114.000384,True,0.4673607051372528
1b603cc1a.jpg,76.99968,True,0.8178367018699646
1b7acafbc.jpg,10.000128,True,0.3495970368385315
1baf4d5e3.jpg,82.000128,True,0.8641585111618042
1be0cb03d.jpg,83.00006400000001,True,0.7810617685317993
1be0cb03d.jpg,195.999744,True,0.9081574082374573
1be2043f6.jpg,168.999936,True,0.9078458547592163
1bed86771.jpg,190.00012800000002,True,0.8754075765609741
1befd25a3.jpg,87.999744,True,0.7918075323104858
1befd25a3.jpg,181.99987199999998,True,0.810772716999054
1befd25a3.jpg,197.999616,True,0.8355964422225952
1bfbbc7fe.jpg,110.999808,True,0.764896810054779
1bfbbc7fe.jpg,21.000192,False,0.0
1bfbbc7fe.jpg,98.999808,True,0.8117437958717346
1bfbbc7fe.jpg,31.00032,True,0.5533146262168884
1c063bba8.jpg,8.000256,True,0.1445768177509308
1c4696ab5.jpg,22.000128,True,0.07426611334085464
1c4696ab5.jpg,19.000320000000002,False,0.0
1c4696ab5.jpg,14.999808,True,0.1515854448080063
1c56dd2a5.jpg,12.0,True,0.38088375329971313
1c5e228f7.jpg,96.0,False,0.0
1ca5e609a.jpg,19.000320000000002,True,0.05113004893064499
1ca5e609a.jpg,12.999936000000002,False,0.0
1ca6b86e9.jpg,165.000192,True,0.8830562829971313
1cca0635a.jpg,38.999808,True,0.21603068709373474
1cca0635a.jpg,43.00032,True,0.7646958827972412
1cddb958d.jpg,38.999808,True,0.15509802103042603
1cf894541.jpg,16.999679999999998,True,0.37865203619003296
1cfb2fcfa.jpg,21.000192,True,0.555993378162384
1cfb2fcfa.jpg,80.000256,True,0.8841336369514465
1d0fa5bb1.jpg,81.000192,True,0.8625558018684387
1d1bdb67f.jpg,14.999808,False,0.0
1d321bdfa.jpg,156.999936,True,0.8902590870857239
1d3a33ab8.jpg,4.99968,False,0.0
1d3fdbd3a.jpg,261.00019199999997,True,0.8437781929969788
1d40bac5c.jpg,28.99968,True,0.7536742091178894
1d47b0040.jpg,93.000192,True,0.8455694913864136
1d47d390b.jpg,9.000192,False,0.0
1d47d390b.jpg,86.999808,True,0.8411890268325806
1d5241461.jpg,20.000256,False,0.0
1d5241461.jpg,28.99968,False,0.0
1d5241461.jpg,131.000064,True,0.7794762253761292
1d5241461.jpg,27.999744,True,0.38245704770088196
1d5aa07c3.jpg,88.99968,True,0.8684213161468506
1d6d38c25.jpg,84.99993599999999,True,0.8676326870918274
1d82b4da4.jpg,22.000128,True,0.48137110471725464
1d82b4da4.jpg,21.000192,True,0.4990488588809967
1d9059c82.jpg,167.000064,True,0.8937543034553528
1d94e25d2.jpg,73.999872,True,0.7720961570739746
1d94e25d2.jpg,28.99968,True,0.5779464840888977
1d94e25d2.jpg,60.999936,True,0.6131996512413025
1d94e25d2.jpg,42.000384,True,0.55897057056427
1d94e25d2.jpg,76.99968,True,0.7522315979003906
1d9a0bc29.jpg,13.999872,True,0.13078910112380981
1d9a0bc29.jpg,13.999872,False,0.0
1dc5d9d58.jpg,206.99980800000003,True,0.8780629634857178
1dd26e14e.jpg,92.000256,True,0.8927346467971802
1df3f6784.jpg,26.999808,True,0.47544246912002563
1dfce9923.jpg,13.999872,True,0.07487551122903824
1dfce9923.jpg,12.0,True,0.1194659173488617
1dfce9923.jpg,10.000128,True,0.47627323865890503
1dfce9923.jpg,8.000256,True,0.4194369316101074
1dfce9923.jpg,12.0,False,0.0
1e061c5a6.jpg,169.99987199999998,True,0.903753936290741
1e09597fc.jpg,8.000256,False,0.0
1e09597fc.jpg,40.99968,True,0.8149501085281372
1e1fa8ac7.jpg,8.000256,True,0.08330736309289932
1e1fa8ac7.jpg,8.000256,True,0.416924387216568
1e1fd136c.jpg,9.000192,False,0.0
1e1fd136c.jpg,4.99968,False,0.0
1e2595fed.jpg,10.000128,True,0.271785706281662
1e3843f36.jpg,38.999808,True,0.7316182851791382
1e3843f36.jpg,18.000384,False,0.0
1e3843f36.jpg,21.000192,True,0.13844165205955505
1e3843f36.jpg,67.00032,True,0.8655414581298828
1e43ac50a.jpg,46.000128,True,0.7748576998710632
1e43ac50a.jpg,43.00032,True,0.7594435811042786
1e43cb918.jpg,112.99967999999998,True,0.8182783126831055
1e4407baa.jpg,16.999679999999998,True,0.3734741806983948
1e53a7748.jpg,22.000128,True,0.5904280543327332
1e5a70d2d.jpg,145.99987199999998,True,0.9194269776344299
1e7e5caba.jpg,27.999744,False,0.0
1e7e5caba.jpg,37.999872,False,0.0
1ec5ea69b.jpg,12.0,True,0.3174118995666504
1ec5ea69b.jpg,19.000320000000002,True,0.05207735672593117
1ec5ea69b.jpg,90.000384,True,0.4005492925643921
1ec5ea69b.jpg,56.00025599999999,True,0.7066154479980469
1ee566913.jpg,32.000256,True,0.6266109347343445
1f3dbd7bf.jpg,127.00032000000002,True,0.8592143654823303
1f3dbd7bf.jpg,52.99968,True,0.7034320831298828
1f6553c8d.jpg,28.99968,True,0.6722384095191956
1f7515895.jpg,28.99968,True,0.550152599811554
1f88c0e49.jpg,44.000256,True,0.7921119332313538
1fa5c23ba.jpg,299.00006399999995,True,0.8201662302017212
1fb0a6803.jpg,19.000320000000002,True,0.5339229106903076
1fb0a6803.jpg,11.000064,True,0.3378012478351593
1fb0a6803.jpg,68.000256,True,0.7584403157234192
1fb6143f8.jpg,10.000128,True,0.363942414522171
1fd7821ce.jpg,9.000192,True,0.4319632053375244
1fd7821ce.jpg,155.000064,True,0.9224234223365784
1fd7821ce.jpg,8.000256,True,0.26927831768989563
1fd7821ce.jpg,8.000256,True,0.4832780063152313
1fd7821ce.jpg,8.000256,True,0.2743527889251709
1fd7821ce.jpg,10.000128,True,0.693821132183075
1fd7821ce.jpg,8.000256,True,0.29321926832199097
1fd7821ce.jpg,11.000064,True,0.6588245034217834
1fd7821ce.jpg,5.9996160000000005,False,0.0
1fd7821ce.jpg,10.000128,True,0.5981966853141785
1fedfea51.jpg,191.000064,True,0.9115434288978577
1ffa69995.jpg,46.000128,True,0.8079575300216675
1ffa69995.jpg,53.999616,True,0.7747578024864197
1ffa69995.jpg,144.999936,True,0.8963174223899841
1ffa69995.jpg,44.000256,True,0.7165803909301758
1ffbd91fb.jpg,20.000256,True,0.6163740754127502
1ffbd91fb.jpg,83.00006400000001,True,0.8402830362319946
1ffbd91fb.jpg,12.999936000000002,True,0.54731285572052
1ffbd91fb.jpg,13.999872,True,0.2060016244649887
2004656f6.jpg,26.999808,True,0.2528233826160431
200ec548f.jpg,13.999872,True,0.5670492649078369
20131eb6a.jpg,21.000192,True,0.23844175040721893
2024cdb52.jpg,7.00032,True,0.1923510581254959
2027e5d0d.jpg,118.000128,True,0.8772187829017639
203abde9d.jpg,109.999872,True,0.7772793769836426
203abde9d.jpg,13.999872,True,0.4095149040222168
203abde9d.jpg,21.000192,True,0.4272744357585907
203ae5c9e.jpg,13.999872,True,0.26708415150642395
20443c097.jpg,240.0,True,0.778113603591919
205658f77.jpg,12.0,False,0.0
205658f77.jpg,19.000320000000002,True,0.0924696996808052
205658f77.jpg,15.999744,False,0.0
2067bb6dc.jpg,12.999936000000002,False,0.0
2067bb6dc.jpg,12.999936000000002,False,0.0
206fa123f.jpg,68.000256,False,0.0
2070ea3ca.jpg,69.000192,True,0.8280596733093262
2070ea3ca.jpg,39.999744,True,0.13958875834941864
2070ea3ca.jpg,36.999936,True,0.21362115442752838
2070ea3ca.jpg,160.99967999999998,True,0.8677998185157776
2078f13e6.jpg,12.999936000000002,False,0.0
2078f13e6.jpg,12.999936000000002,True,0.3588476777076721
2078f13e6.jpg,70.000128,True,0.7660009264945984
2078f13e6.jpg,28.99968,True,0.6020686626434326
209631ac6.jpg,31.00032,True,0.4039720892906189
209631ac6.jpg,47.000064,True,0.5696275234222412
209631ac6.jpg,53.999616,True,0.23957376182079315
209631ac6.jpg,47.000064,True,0.6735689640045166
209631ac6.jpg,88.99968,True,0.8158065676689148
209631ac6.jpg,38.999808,True,0.20139938592910767
209631ac6.jpg,35.000064,False,0.0
209631ac6.jpg,40.99968,True,0.5900853872299194
209631ac6.jpg,86.999808,True,0.694632887840271
209f69e03.jpg,60.999936,True,0.7511905431747437
209f69e03.jpg,58.000128000000004,True,0.8373212814331055
209f69e03.jpg,69.000192,True,0.7859439849853516
209f69e03.jpg,70.000128,True,0.6553232669830322
20b4417aa.jpg,14.999808,True,0.5089426040649414
20ba82685.jpg,135.999744,True,0.9177212119102478
20d26c027.jpg,67.00032,True,0.7809285521507263
20d26c027.jpg,53.999616,True,0.7056012153625488
20d26c027.jpg,53.999616,True,0.7478972673416138
20d26c027.jpg,192.99993600000002,True,0.8823392391204834
20d26c027.jpg,56.00025599999999,True,0.05418631061911583
20d26c027.jpg,61.999871999999996,True,0.7386479377746582
20d356fc4.jpg,21.000192,True,0.47831177711486816
20d79dd2f.jpg,83.00006400000001,True,0.8268803954124451
20d79dd2f.jpg,84.0,True,0.8776544332504272
20dbbb702.jpg,33.000192,True,0.3173651099205017
20f6211e2.jpg,72.0,True,0.8210008144378662
20f6211e2.jpg,23.000064,True,0.4154900312423706
20fa80660.jpg,183.999744,True,0.8793022036552429
2103fe959.jpg,25.999872000000003,False,0.0
210a4223e.jpg,33.000192,True,0.7457994222640991
21125597b.jpg,10.000128,True,0.5307486057281494
21133ac70.jpg,10.000128,True,0.6423845291137695
21133ac70.jpg,10.000128,True,0.6506310105323792
21133ac70.jpg,18.000384,True,0.7244002819061279
21133ac70.jpg,14.999808,True,0.6379638910293579
21133ac70.jpg,21.000192,True,0.7472804188728333
21133ac70.jpg,10.000128,True,0.7320979237556458
21133ac70.jpg,7.00032,True,0.5516645312309265
213d473fa.jpg,23.000064,True,0.09984539449214935
213ed55c2.jpg,101.999616,True,0.6846043467521667
213ed55c2.jpg,60.999936,True,0.6016031503677368
213ed55c2.jpg,66.000384,True,0.8210415840148926
213f9167f.jpg,8.000256,True,0.3121221959590912
213f9167f.jpg,10.000128,True,0.06631098687648773
213f9167f.jpg,9.000192,True,0.625727117061615
2140931ae.jpg,37.999872,True,0.05107210576534271
21436b065.jpg,36.999936,True,0.6472668647766113
214d4bf28.jpg,52.99968,True,0.6201613545417786
2152f7486.jpg,35.000064,True,0.0587502047419548
2152f7486.jpg,20.000256,True,0.322910875082016
215858266.jpg,47.000064,True,0.7354140281677246
215858266.jpg,20.000256,True,0.4486326575279236
218da0bdb.jpg,11.000064,True,0.15918006002902985
218da0bdb.jpg,15.999744,True,0.5350184440612793
21ad21ac2.jpg,88.99968,True,0.7868680357933044
21ad21ac2.jpg,72.0,True,0.8486959934234619
21ad21ac2.jpg,279.99974399999996,True,0.9054681062698364
21afbfaa5.jpg,24.0,True,0.6858025789260864
21b5d9a4d.jpg,68.000256,True,0.6448889970779419
21b5d9a4d.jpg,21.000192,True,0.4141989052295685
21b5d9a4d.jpg,69.000192,True,0.6865589022636414
21b5d9a4d.jpg,81.000192,True,0.8467152714729309
21b5d9a4d.jpg,45.000192,True,0.642837643623352
21b5d9a4d.jpg,69.000192,True,0.8247444033622742
21b77f1b1.jpg,119.00006400000001,True,0.8245032429695129
21b93fa24.jpg,14.999808,True,0.21968112885951996
21d7ea9bf.jpg,134.999808,True,0.8113464713096619
21d7ea9bf.jpg,10.000128,True,0.23470577597618103
21d7ea9bf.jpg,19.000320000000002,True,0.5278199911117554
21d7ea9bf.jpg,9.000192,False,0.0
21d7ea9bf.jpg,16.999679999999998,True,0.5749108195304871
21d7ea9bf.jpg,8.000256,False,0.0
21eb38456.jpg,13.999872,False,0.0
21eb38456.jpg,10.000128,False,0.0
21eb38456.jpg,14.999808,True,0.23727470636367798
21eb38456.jpg,18.000384,True,0.19565336406230927
21f54d20d.jpg,81.000192,True,0.8745546340942383
21f54d20d.jpg,94.000128,True,0.890426754951477
21fbda3ac.jpg,20.000256,True,0.09335305541753769
21fbda3ac.jpg,33.000192,False,0.0
21fbda3ac.jpg,63.99974400000001,True,0.7312999963760376
21fbda3ac.jpg,146.999808,True,0.815831184387207
21fbda3ac.jpg,60.999936,True,0.7706394791603088
22086d8ba.jpg,33.000192,True,0.5941010117530823
22086d8ba.jpg,48.0,True,0.4288979768753052
22086d8ba.jpg,16.999679999999998,True,0.21094024181365967
22086d8ba.jpg,37.999872,True,0.4679039418697357
22086d8ba.jpg,16.999679999999998,False,0.0
22086d8ba.jpg,61.999871999999996,True,0.29109498858451843
22086d8ba.jpg,38.999808,True,0.419268935918808
22086d8ba.jpg,38.999808,True,0.14809206128120422
22086d8ba.jpg,48.999936,True,0.3238179385662079
22086d8ba.jpg,61.999871999999996,True,0.184835746884346
22086d8ba.jpg,33.000192,True,0.2694023847579956
22086d8ba.jpg,24.0,True,0.053970031440258026
22086d8ba.jpg,46.000128,True,0.05841593071818352
22086d8ba.jpg,19.000320000000002,False,0.0
222ec40d0.jpg,72.99993599999999,True,0.6516371369361877
224813566.jpg,130.00012800000002,True,0.7662478089332581
224add326.jpg,73.999872,True,0.8068417906761169
224add326.jpg,22.000128,True,0.41304171085357666
225509155.jpg,86.999808,True,0.8479347825050354
22555f286.jpg,156.999936,True,0.8549162745475769
227cd50b3.jpg,13.999872,False,0.0
228b43b7c.jpg,13.999872,False,0.0
229e2c773.jpg,19.000320000000002,True,0.2833574712276459
2317cf6dd.jpg,50.999808,True,0.7886438965797424
2317cf6dd.jpg,22.000128,True,0.5275530219078064
2355209cd.jpg,15.999744,True,0.5826429128646851
2355209cd.jpg,14.999808,True,0.4777950644493103
2355209cd.jpg,15.999744,True,0.4724700152873993
2355209cd.jpg,15.999744,True,0.5223177075386047
2355209cd.jpg,14.999808,True,0.5228498578071594
235653b93.jpg,29.999616,True,0.6236741542816162
235653b93.jpg,81.000192,True,0.7948503494262695
235c208e4.jpg,9.000192,True,0.17698469758033752
235c55969.jpg,24.999935999999998,True,0.26376622915267944
235c55969.jpg,184.99967999999998,True,0.9063203930854797
235c55969.jpg,34.000128,True,0.7178171873092651
236dff385.jpg,36.0,True,0.6750257015228271
23753972e.jpg,120.99993599999999,True,0.8211231231689453
23753972e.jpg,11.000064,False,0.0
23775dd8f.jpg,39.999744,False,0.0
237ae75c3.jpg,15.999744,True,0.6811506152153015
23889b713.jpg,94.000128,True,0.8254007697105408
23ad7ad79.jpg,144.0,True,0.8690229058265686
23ade71e0.jpg,12.0,True,0.3737914264202118
23ce668dc.jpg,11.000064,False,0.0
23ce668dc.jpg,9.000192,True,0.11018858850002289
23ce668dc.jpg,12.0,True,0.0837349146604538
23ce668dc.jpg,9.000192,False,0.0
23ce668dc.jpg,12.0,False,0.0
23e0646d2.jpg,163.00032000000002,True,0.896371066570282
23eed698b.jpg,19.000320000000002,True,0.20102882385253906
2400bea19.jpg,18.000384,True,0.5426469445228577
2400bea19.jpg,114.000384,True,0.8224338293075562
240edb900.jpg,19.000320000000002,False,0.0
240edb900.jpg,206.99980800000003,True,0.8205086588859558
241315833.jpg,22.000128,True,0.45496585965156555
2428bf494.jpg,13.999872,True,0.2745227515697479
2428f2d1e.jpg,177.000192,True,0.8243345618247986
242d52852.jpg,40.99968,True,0.7529805898666382
242d52852.jpg,38.999808,True,0.7794137001037598
24628eee8.jpg,23.000064,True,0.2712041735649109
24628eee8.jpg,44.000256,True,0.501675009727478
24628eee8.jpg,15.999744,True,0.6021584272384644
24628eee8.jpg,24.0,True,0.49396055936813354
24760ac60.jpg,62.999808,True,0.8939449787139893
24760ac60.jpg,157.99987199999998,True,0.9359670281410217
247750a87.jpg,68.000256,True,0.7007072567939758
249d4d960.jpg,60.0,True,0.8608134984970093
249d4d960.jpg,50.999808,True,0.7949694395065308
249d4d960.jpg,39.999744,True,0.7788764238357544
249d4d960.jpg,72.0,True,0.9062709808349609
249d4d960.jpg,43.00032,True,0.8198462724685669
249d4d960.jpg,74.999808,True,0.8994874358177185
249d4d960.jpg,85.999872,True,0.8250529766082764
249d4d960.jpg,70.000128,True,0.8364039659500122
24a80e743.jpg,158.999808,True,0.849267303943634
24b25ff32.jpg,23.000064,True,0.1507522016763687
25010755f.jpg,18.000384,True,0.7644174098968506
25112a9ec.jpg,10.000128,True,0.2196146845817566
25112a9ec.jpg,64.99968,True,0.8531606197357178
25127d0f6.jpg,42.000384,True,0.8813576698303223
25127d0f6.jpg,33.000192,True,0.7538646459579468
25127d0f6.jpg,68.000256,True,0.7898995280265808
25127d0f6.jpg,39.999744,True,0.828110933303833
25127d0f6.jpg,16.999679999999998,True,0.5590394139289856
25127d0f6.jpg,53.999616,True,0.8831213116645813
25127d0f6.jpg,53.999616,True,0.8584221005439758
25127d0f6.jpg,64.99968,True,0.8824747204780579
25194e577.jpg,180.999936,True,0.9226670861244202
252fb3868.jpg,22.000128,True,0.17295503616333008
252fb3868.jpg,46.000128,True,0.6556441783905029
25333a301.jpg,18.000384,True,0.41869643330574036
25333a301.jpg,20.000256,True,0.4050742983818054
25333a301.jpg,13.999872,False,0.0
25333a301.jpg,19.000320000000002,True,0.36649560928344727
253f51944.jpg,76.99968,True,0.819084644317627
2543b6098.jpg,69.000192,True,0.8175408840179443
25584dc84.jpg,152.000256,True,0.7860145568847656
25584dc84.jpg,107.00006400000001,True,0.4182508587837219
25584dc84.jpg,24.999935999999998,True,0.1472356617450714
25646f16e.jpg,85.999872,True,0.8680061101913452
2565c26d9.jpg,14.999808,True,0.09259602427482605
2565c26d9.jpg,82.000128,True,0.07155341655015945
2587025dc.jpg,146.999808,True,0.8907834887504578
259021213.jpg,13.999872,True,0.11672266572713852
259c985dd.jpg,171.999744,True,0.8466104865074158
25ec1c12b.jpg,15.999744,True,0.36700594425201416
26097bc5c.jpg,133.99987199999998,True,0.8819757699966431
262429314.jpg,84.99993599999999,True,0.8294278979301453
2627d789a.jpg,74.999808,True,0.8717241287231445
2658f9202.jpg,36.999936,True,0.7922901511192322
2658f9202.jpg,12.0,False,0.0
2659080c5.jpg,40.99968,True,0.8755064606666565
2659080c5.jpg,63.99974400000001,True,0.8318618535995483
2659080c5.jpg,36.0,True,0.07410596311092377
2659080c5.jpg,27.999744,True,0.5252513289451599
2659080c5.jpg,56.00025599999999,True,0.8579598665237427
2659080c5.jpg,31.00032,True,0.16355375945568085
2659080c5.jpg,82.000128,True,0.8645065426826477
2659080c5.jpg,34.000128,True,0.22169317305088043
2659080c5.jpg,72.99993599999999,True,0.7442898154258728
2659080c5.jpg,25.999872000000003,True,0.6357808113098145
2659080c5.jpg,68.000256,True,0.9147350788116455
2659080c5.jpg,66.000384,True,0.21805085241794586
2659080c5.jpg,64.99968,True,0.8626097440719604
2659080c5.jpg,20.000256,True,0.4929267168045044
2670216ac.jpg,153.000192,True,0.8152501583099365
267c0a26e.jpg,10.000128,False,0.0
267c0a26e.jpg,7.00032,False,0.0
267c0a26e.jpg,11.000064,False,0.0
267c0a26e.jpg,9.000192,True,0.22979456186294556
26959c163.jpg,81.000192,True,0.3342016339302063
26959c163.jpg,59.000064,True,0.7923445701599121
26ac0de33.jpg,61.999871999999996,True,0.8341964483261108
26affe090.jpg,124.99967999999998,True,0.847221851348877
26c05da1d.jpg,72.0,True,0.7869736552238464
26c05da1d.jpg,18.000384,True,0.4852524697780609
26fa39178.jpg,19.000320000000002,True,0.6172968149185181
26fb78845.jpg,141.000192,True,0.869617223739624
26fb78845.jpg,73.999872,True,0.8876230716705322
271581fae.jpg,7.00032,False,0.0
27284d1f9.jpg,23.000064,True,0.08293120563030243
27284d1f9.jpg,46.000128,True,0.7563151717185974
27284d1f9.jpg,18.000384,True,0.3448169529438019
274288a4a.jpg,79.00032,True,0.8918910622596741
2750a60d1.jpg,73.999872,True,0.8260287642478943
27614fff3.jpg,21.000192,True,0.5523175001144409
276f787c6.jpg,116.00025600000001,True,0.9401076436042786
276f787c6.jpg,111.99974399999999,True,0.8984828591346741
276f787c6.jpg,138.000384,True,0.9131909012794495
276f787c6.jpg,60.0,True,0.8930459022521973
27714ff59.jpg,57.000192,True,0.8609582185745239
2778c6377.jpg,238.00012800000002,True,0.9598839282989502
2778c6377.jpg,239.00006399999998,True,0.9650545120239258
277c74f86.jpg,244.99968,True,0.8888047933578491
279132cd2.jpg,16.999679999999998,True,0.3831731379032135
2793c8f64.jpg,20.000256,True,0.7415375113487244
2793f45b4.jpg,12.999936000000002,True,0.1626240313053131
2793f45b4.jpg,12.0,True,0.10701305419206619
2796ad5b4.jpg,63.99974400000001,True,0.8338886499404907
27aa19327.jpg,83.00006400000001,True,0.7633216381072998
27befafef.jpg,36.0,True,0.05381673201918602
27bfd9e9b.jpg,162.000384,True,0.903495192527771
27d6b33c2.jpg,51.99974400000001,True,0.5017387866973877
27d6b33c2.jpg,40.99968,True,0.07239440828561783
27d6b33c2.jpg,62.999808,True,0.5314385294914246
27d6b33c2.jpg,82.000128,True,0.716185450553894
27d6b33c2.jpg,117.000192,True,0.6793683767318726
27d6b33c2.jpg,99.99974399999999,True,0.5968247056007385
27d6b33c2.jpg,98.999808,True,0.8611973524093628
27f4a02be.jpg,74.999808,True,0.7807546854019165
27f4a02be.jpg,14.999808,False,0.0
281235167.jpg,18.000384,True,0.256529301404953
281703513.jpg,156.0,True,0.8784210085868835
281769dda.jpg,104.00025600000001,True,0.8910213708877563
2822a6b62.jpg,25.999872000000003,True,0.1512877643108368
283984a02.jpg,170.999808,True,0.8962725400924683
2858a342a.jpg,8.000256,True,0.08609385043382645
2858a342a.jpg,67.00032,True,0.752602219581604
286d840a9.jpg,19.000320000000002,True,0.20498605072498322
287acf1d7.jpg,42.000384,True,0.7099816799163818
288ab3de3.jpg,44.000256,True,0.830938458442688
28cb15835.jpg,156.999936,True,0.9345230460166931
28cbd698b.jpg,24.999935999999998,True,0.07353803515434265
28cd31c22.jpg,51.99974400000001,True,0.8324083685874939
28cd6b67a.jpg,79.00032,True,0.8611201643943787
28d0879eb.jpg,12.0,True,0.44007235765457153
28d0e41f0.jpg,26.999808,True,0.4488508701324463
28d73ba1c.jpg,21.000192,True,0.45044565200805664
28eb167fe.jpg,16.999679999999998,True,0.5229235887527466
28eb167fe.jpg,35.000064,True,0.759311854839325
28eb167fe.jpg,14.999808,True,0.6227293610572815
28eb167fe.jpg,12.999936000000002,True,0.3216492235660553
28eb167fe.jpg,21.000192,True,0.12637223303318024
28eb167fe.jpg,21.000192,True,0.07771756500005722
28eb167fe.jpg,14.999808,True,0.5334421992301941
28eb167fe.jpg,36.999936,True,0.7435588240623474
292521cea.jpg,12.999936000000002,True,0.4449140131473541
292870b3f.jpg,7.00032,True,0.4048159718513489
292870b3f.jpg,10.000128,True,0.1111658364534378
292a2f22b.jpg,63.99974400000001,True,0.11764299124479294
292a2f22b.jpg,120.99993599999999,True,0.8063598871231079
292a2f22b.jpg,104.00025600000001,True,0.6273173689842224
292a2f22b.jpg,55.00032,True,0.6468903422355652
292a2f22b.jpg,95.00006400000001,True,0.8798821568489075
292a2f22b.jpg,84.0,True,0.5109527707099915
292a2f22b.jpg,32.000256,True,0.5967960953712463
292a2f22b.jpg,34.000128,True,0.39037632942199707
2942e10c4.jpg,8.000256,True,0.3673996925354004
294cd1974.jpg,73.999872,True,0.8513251543045044
294cd1974.jpg,72.0,True,0.853005588054657
294cd1974.jpg,22.000128,True,0.07157319784164429
2959ab9c2.jpg,84.0,True,0.8417295813560486
295e54f3f.jpg,13.999872,True,0.24666693806648254
295e54f3f.jpg,14.999808,False,0.0
296aed836.jpg,37.999872,True,0.6536435484886169
296aed836.jpg,73.999872,True,0.7647522687911987
296e91d16.jpg,11.000064,True,0.11469348520040512
29794b4a5.jpg,24.999935999999998,True,0.2203071266412735
29794b4a5.jpg,24.0,True,0.5018455982208252
29794b4a5.jpg,7.00032,True,0.28052201867103577
298554c67.jpg,25.999872000000003,True,0.3028758466243744
298554c67.jpg,24.999935999999998,True,0.308974027633667
298554c67.jpg,92.000256,True,0.6039074063301086
29aa209e4.jpg,46.000128,True,0.7493069171905518
29aa209e4.jpg,36.999936,True,0.7230204343795776
29aa209e4.jpg,68.000256,True,0.7845550179481506
29aa209e4.jpg,48.0,True,0.5202542543411255
29aa209e4.jpg,44.000256,True,0.6648521423339844
29aa209e4.jpg,45.000192,True,0.08901633322238922
29aa209e4.jpg,55.00032,True,0.6679190397262573
29aa209e4.jpg,23.000064,True,0.19436326622962952
29aa209e4.jpg,60.999936,True,0.6753963232040405
29c203ca6.jpg,39.999744,True,0.8218483924865723
29c203ca6.jpg,38.999808,True,0.7550155520439148
29ca9fba4.jpg,18.000384,True,0.3829593360424042
29cd1ce18.jpg,147.999744,True,0.8330715894699097
29ecb4a7c.jpg,35.000064,False,0.0
29fcfd98e.jpg,13.999872,True,0.27773845195770264
29fdae2dd.jpg,16.999679999999998,True,0.208209827542305
2a0f1a5cd.jpg,212.000256,True,0.872649610042572
2a1aff1cf.jpg,21.000192,True,0.4969789385795593
2a3673f99.jpg,90.000384,True,0.8344631791114807
2a4bca9a7.jpg,117.000192,True,0.9188137650489807
2a4bca9a7.jpg,79.00032,True,0.8407611846923828
2a4bca9a7.jpg,32.000256,True,0.6734379529953003
2a668a742.jpg,26.999808,True,0.14397087693214417
2a668a742.jpg,85.999872,True,0.8676581382751465
2a7bf5bfa.jpg,181.99987199999998,False,0.0
2a7bf5bfa.jpg,5.9996160000000005,False,0.0
2a8942c29.jpg,162.000384,True,0.8911036252975464
2a8942c29.jpg,147.999744,True,0.9220194816589355
2ac35b494.jpg,196.99968,True,0.8069853782653809
2ac81c05d.jpg,88.99968,True,0.8664767146110535
2ac81c05d.jpg,45.000192,True,0.7503487467765808
2ac81c05d.jpg,84.99993599999999,True,0.8947300910949707
2aea51424.jpg,51.99974400000001,True,0.8017619848251343
2aea51424.jpg,43.00032,True,0.8412403464317322
2aea51424.jpg,46.000128,True,0.856900691986084
2aea51424.jpg,46.000128,True,0.7893136739730835
2aea51424.jpg,43.00032,True,0.8510058522224426
2b0054d79.jpg,24.999935999999998,True,0.14126868546009064
2b0054d79.jpg,16.999679999999998,True,0.2652839124202728
2b1e12567.jpg,95.00006400000001,True,0.8127058148384094
2b2a75acc.jpg,59.000064,True,0.7748621702194214
2b2a75acc.jpg,43.00032,True,0.2997899055480957
2b40dac8f.jpg,59.000064,True,0.7928651571273804
2b40dac8f.jpg,81.000192,True,0.8250417709350586
2b5db6f9f.jpg,190.00012800000002,True,0.8762199878692627
2b722474e.jpg,80.000256,True,0.8369372487068176
2b7349ec0.jpg,12.999936000000002,True,0.3162834644317627
2b788b466.jpg,24.999935999999998,True,0.2920570969581604
2b81cf769.jpg,16.999679999999998,True,0.3747149109840393
2ba373b72.jpg,18.000384,True,0.4624370336532593
2ba46f8ff.jpg,23.000064,True,0.373955637216568
2bb4838e1.jpg,35.000064,True,0.22553285956382751
2bc159c55.jpg,47.000064,True,0.8109688758850098
2bcb022a0.jpg,43.00032,True,0.6143989562988281
2bcb022a0.jpg,24.999935999999998,True,0.2612447738647461
2bcb022a0.jpg,45.000192,True,0.734785258769989
2bcb022a0.jpg,40.99968,True,0.8303805589675903
2bcb022a0.jpg,50.999808,True,0.6465214490890503
2bcb022a0.jpg,63.99974400000001,True,0.4224681258201599
2bcb022a0.jpg,22.000128,True,0.49158892035484314
2bcb022a0.jpg,40.99968,False,0.0
2bcb022a0.jpg,60.999936,True,0.09506485611200333
2bcb022a0.jpg,77.999616,True,0.6306569576263428
2bd6788e9.jpg,15.999744,True,0.3156745731830597
2bf239a5b.jpg,13.999872,False,0.0
2bfa0be83.jpg,12.0,True,0.6586025953292847
2c10b281c.jpg,38.999808,True,0.09271809458732605
2c1e9cdd3.jpg,165.000192,True,0.8047212958335876
2c68a25b5.jpg,120.99993599999999,True,0.8845964670181274
2c725cb0c.jpg,177.000192,True,0.7522584795951843
2c786192a.jpg,166.00012800000002,True,0.8651604056358337
2c9f24c2a.jpg,42.000384,True,0.7843727469444275
2c9f24c2a.jpg,21.000192,True,0.5658271312713623
2c9f24c2a.jpg,90.000384,True,0.8607971668243408
2caec60a4.jpg,138.000384,True,0.6348568797111511
2cc65e215.jpg,45.000192,True,0.09352132678031921
2cc65e215.jpg,23.000064,True,0.19100236892700195
2cc65e215.jpg,55.00032,True,0.6724510192871094
2cca5203a.jpg,25.999872000000003,True,0.0690012276172638
2cd9a46b1.jpg,86.999808,True,0.8579251766204834
2ce8cd818.jpg,59.000064,True,0.7938030362129211
2cee0b7fc.jpg,15.999744,True,0.15615439414978027
2cee0b7fc.jpg,194.99980800000003,True,0.9046687483787537
2cee0b7fc.jpg,131.000064,True,0.8671736121177673
2cef1836f.jpg,133.99987199999998,True,0.9340468049049377
2cf06799f.jpg,16.999679999999998,True,0.6951529383659363
2cf06799f.jpg,12.999936000000002,True,0.5707414150238037
2cf06799f.jpg,19.000320000000002,False,0.0
2cf06799f.jpg,9.000192,True,0.1605379283428192
2cf06799f.jpg,16.999679999999998,True,0.7184281349182129
2cf6a8330.jpg,87.999744,True,0.8514721393585205
2d0320a13.jpg,12.0,True,0.27414029836654663
2d0320a13.jpg,12.0,True,0.43963998556137085
2d0320a13.jpg,12.0,True,0.05882416293025017
2d66f6ea0.jpg,164.000256,True,0.8509072661399841
2d66f6ea0.jpg,96.99993599999999,True,0.8840480446815491
2d732b2c2.jpg,104.00025600000001,True,0.9089019894599915
2d7540351.jpg,107.00006400000001,True,0.9165024161338806
2d762d92d.jpg,72.99993599999999,True,0.862596333026886
2d891aca8.jpg,85.999872,True,0.8026134371757507
2da2ed7ce.jpg,183.999744,True,0.8221661448478699
2daaa0e5f.jpg,295.00032,True,0.9767069816589355
2de1f9bf0.jpg,79.00032,True,0.8123685121536255
2de4d34dc.jpg,138.000384,True,0.9242213368415833
2e1d8beed.jpg,8.000256,True,0.4053926169872284
2e1d8beed.jpg,10.000128,True,0.7128974795341492
2e339981f.jpg,169.99987199999998,True,0.9358145594596863
2e3a5d90f.jpg,11.000064,True,0.4729246497154236
2e3a5d90f.jpg,4.99968,True,0.20501916110515594
2e3a5d90f.jpg,5.9996160000000005,False,0.0
2e3a5d90f.jpg,10.000128,True,0.4439269006252289
2e3a5d90f.jpg,21.000192,True,0.38992100954055786
2e443e16b.jpg,42.000384,True,0.8026637434959412
2e7940360.jpg,94.000128,True,0.05095414072275162
2e804f988.jpg,55.00032,True,0.8373191952705383
2e8453982.jpg,182.999808,True,0.8806902170181274
2e8545c74.jpg,42.000384,True,0.7478972673416138
2e8ab5e46.jpg,98.999808,True,0.846988320350647
2e8ab5e46.jpg,21.000192,False,0.0
2e8ab5e46.jpg,31.00032,True,0.5618808269500732
2e8ebd3d8.jpg,12.0,True,0.3255097568035126
2e948d489.jpg,12.999936000000002,False,0.0
2e948d489.jpg,24.0,True,0.12008597701787949
2e948d489.jpg,13.999872,False,0.0
2e948d489.jpg,12.999936000000002,False,0.0
2e948d489.jpg,11.000064,True,0.33614271879196167
2e948d489.jpg,12.999936000000002,False,0.0
2e948d489.jpg,15.999744,False,0.0
2e948d489.jpg,13.999872,False,0.0
2ea416a8f.jpg,73.999872,True,0.8091243505477905
2ea416a8f.jpg,66.000384,True,0.7432304620742798
2ebde71c1.jpg,67.00032,True,0.8360484838485718
2ebde71c1.jpg,4.99968,False,0.0
2ee6eee21.jpg,108.99993599999999,True,0.8793975114822388
2eee5b48f.jpg,14.999808,True,0.5423485040664673
2eee5b48f.jpg,12.0,True,0.312816858291626
2f19e0b50.jpg,45.000192,True,0.7003359198570251
2f37dc1f9.jpg,24.0,True,0.5827878713607788
2f50f1b31.jpg,157.99987199999998,True,0.8044111728668213
2f50f1b31.jpg,18.000384,True,0.08568666875362396
2f50f1b31.jpg,77.999616,True,0.8558593392372131
2f50f1b31.jpg,12.999936000000002,True,0.16134153306484222
2f5cb64eb.jpg,74.999808,True,0.8422054648399353
2f6449e53.jpg,176.000256,True,0.8450512290000916
2f6f8d443.jpg,9.000192,False,0.0
2f7682a03.jpg,43.00032,True,0.8681687116622925
2faf5a01f.jpg,10.000128,True,0.22903569042682648
2ff0d9fa0.jpg,202.00012800000002,True,0.8719403743743896
2ff0d9fa0.jpg,149.999616,True,0.6004905104637146
301e92aa0.jpg,285.00019199999997,True,0.8266000747680664
302ed981d.jpg,88.99968,True,0.8351881504058838
30484cd3b.jpg,175.00032000000002,True,0.9256445169448853
30484cd3b.jpg,133.99987199999998,True,0.8721274733543396
305c600f2.jpg,15.999744,True,0.22006535530090332
305c600f2.jpg,12.0,True,0.4926128685474396
305c600f2.jpg,19.000320000000002,True,0.19571535289287567
305cd8864.jpg,100.99967999999998,True,0.8627040386199951
3062b6786.jpg,74.999808,True,0.7906200885772705
3062b6786.jpg,74.999808,True,0.8518162369728088
3087ddd59.jpg,57.000192,True,0.784557044506073
3087ddd59.jpg,14.999808,True,0.31687843799591064
3092a2cd0.jpg,217.99987199999998,True,0.8398340940475464
30970217c.jpg,19.000320000000002,True,0.6384168863296509
30b59ece8.jpg,9.000192,True,0.6484415531158447
30b59ece8.jpg,13.999872,True,0.6432217955589294
30b5e7713.jpg,229.99987199999998,True,0.6658650040626526
30c4213b6.jpg,241.99987199999998,True,0.8476528525352478
30e0ec084.jpg,93.000192,True,0.8497623801231384
310a28e3f.jpg,38.999808,True,0.5469000339508057
310bc1656.jpg,24.999935999999998,True,0.5479399561882019
311423f79.jpg,87.999744,True,0.7685996890068054
311423f79.jpg,52.99968,True,0.6218389272689819
312381d01.jpg,28.99968,True,0.5962269902229309
313b581e9.jpg,83.00006400000001,True,0.5507091879844666
313b581e9.jpg,98.999808,True,0.7220632433891296
314036ea0.jpg,40.99968,True,0.7591509222984314
3143e72f0.jpg,87.999744,True,0.769065797328949
3147eef20.jpg,9.000192,True,0.3621821403503418
3153d4286.jpg,26.999808,True,0.45067644119262695
3153e53de.jpg,58.000128000000004,True,0.7438209652900696
3153e53de.jpg,212.000256,True,0.8774741291999817
3153e53de.jpg,13.999872,False,0.0
3153e53de.jpg,60.999936,True,0.8082451820373535
3153e53de.jpg,33.000192,True,0.5592623949050903
3170415a0.jpg,18.000384,True,0.29364416003227234
3170415a0.jpg,48.999936,True,0.8413049578666687
3170415a0.jpg,24.999935999999998,True,0.12403488159179688
3170415a0.jpg,22.000128,True,0.5902001261711121
3170415a0.jpg,28.99968,True,0.05404477193951607
3170415a0.jpg,23.000064,True,0.6992157101631165
317216526.jpg,7.00032,False,0.0
317216526.jpg,8.000256,False,0.0
317216526.jpg,7.00032,False,0.0
31744dbbe.jpg,84.99993599999999,True,0.8947994709014893
31744dbbe.jpg,45.000192,True,0.7536901831626892
3187bddf0.jpg,114.000384,True,0.8692213296890259
31aa7693b.jpg,109.999872,True,0.7758654952049255
31aa7693b.jpg,44.000256,True,0.13588404655456543
31ab675db.jpg,13.999872,True,0.3539716899394989
31ab675db.jpg,16.999679999999998,True,0.5711860060691833
31c86313a.jpg,90.000384,True,0.871849775314331
31dce9e4f.jpg,178.00012800000002,True,0.9197730422019958
31dce9e4f.jpg,39.999744,True,0.19079314172267914
31ff299f2.jpg,61.999871999999996,True,0.23443669080734253
31ff299f2.jpg,88.99968,True,0.8607168197631836
3220a767d.jpg,49.999871999999996,True,0.8709211349487305
3220a767d.jpg,29.999616,True,0.4350394308567047
3220a767d.jpg,47.000064,True,0.7482959032058716
3220a767d.jpg,86.999808,True,0.8775550127029419
3220a767d.jpg,82.000128,True,0.5898383259773254
3224933c1.jpg,24.999935999999998,True,0.1516287475824356
3253c25ee.jpg,168.999936,True,0.7825610637664795
3253c25ee.jpg,88.99968,True,0.8677929043769836
3253c25ee.jpg,27.999744,True,0.5134946703910828
3253c25ee.jpg,52.99968,True,0.5710075497627258
325503718.jpg,139.00032000000002,True,0.8588445782661438
326c55611.jpg,12.999936000000002,False,0.0
326c55611.jpg,12.999936000000002,False,0.0
3277867b4.jpg,36.999936,True,0.7537974119186401
3277867b4.jpg,76.99968,True,0.8542991876602173
329575712.jpg,104.00025600000001,True,0.9069784879684448
329b13dbc.jpg,29.999616,True,0.683845043182373
329def919.jpg,8.000256,True,0.5448874831199646
32ae0c592.jpg,87.999744,True,0.8242865800857544
32ae0c592.jpg,108.0,True,0.8148635029792786
32ae0c592.jpg,80.000256,True,0.7318705916404724
32b395327.jpg,31.00032,True,0.17039014399051666
32b62bf76.jpg,18.000384,True,0.6805548071861267
32ccf0d88.jpg,14.999808,True,0.3339605927467346
32d95107e.jpg,55.00032,True,0.7872499823570251
32f5686a7.jpg,23.000064,False,0.0
3311e56a6.jpg,12.0,True,0.5662422180175781
3311e56a6.jpg,57.000192,True,0.7770541310310364
3311e56a6.jpg,50.999808,True,0.3038514256477356
3311e56a6.jpg,53.999616,True,0.5516213774681091
3311e56a6.jpg,67.00032,True,0.7368388772010803
332556767.jpg,24.0,False,0.0
335f53314.jpg,72.0,True,0.5757381319999695
335f53314.jpg,48.999936,True,0.4146629273891449
335f53314.jpg,72.0,True,0.7651302218437195
335f53314.jpg,109.999872,True,0.6534931659698486
336d03a6d.jpg,28.99968,True,0.15595439076423645
336d03a6d.jpg,16.999679999999998,True,0.11690571904182434
336d03a6d.jpg,87.999744,True,0.8066800236701965
3398b4f45.jpg,18.000384,False,0.0
33ac4a732.jpg,46.000128,True,0.6282833218574524
33bf5dcb6.jpg,74.999808,True,0.8016462326049805
33e3232b2.jpg,85.999872,True,0.8830944895744324
33e6b0058.jpg,19.000320000000002,True,0.413187712430954
341dfd438.jpg,48.0,True,0.7710515260696411
341dfd438.jpg,45.000192,True,0.8108552098274231
341dfd438.jpg,44.000256,True,0.7844524383544922
3438ddd99.jpg,104.00025600000001,True,0.8603577613830566
34400982a.jpg,158.999808,True,0.8925139307975769
3440823c3.jpg,204.0,True,0.8892735242843628
3453cf632.jpg,8.000256,True,0.05039900541305542
3453cf632.jpg,10.000128,False,0.0
34549828e.jpg,24.0,True,0.5840839743614197
348400ef5.jpg,36.999936,True,0.5080744028091431
3486e398b.jpg,40.99968,True,0.8308350443840027
34923be6c.jpg,31.00032,True,0.5812220573425293
349b6cd8b.jpg,38.999808,False,0.0
349e6e3ef.jpg,12.0,True,0.5787649154663086
34a49faed.jpg,7.00032,False,0.0
34ad8b175.jpg,22.000128,True,0.43228501081466675
34ce5bd83.jpg,16.999679999999998,False,0.0
34ce5bd83.jpg,76.99968,True,0.766476035118103
34ce5bd83.jpg,35.000064,True,0.6307610869407654
34ce5bd83.jpg,84.0,True,0.8829090595245361
34ce5bd83.jpg,71.00006400000001,True,0.8649774193763733
34ce5bd83.jpg,91.00032,True,0.8008729219436646
34fa551f4.jpg,97.999872,True,0.8296559453010559
3506e1464.jpg,47.000064,True,0.19481651484966278
3506e1464.jpg,42.000384,True,0.7863272428512573
3506e1464.jpg,53.999616,True,0.7710577845573425
3506e1464.jpg,40.99968,True,0.7597654461860657
3506e1464.jpg,43.00032,True,0.771994411945343
3506e1464.jpg,12.0,False,0.0
3506e1464.jpg,40.99968,True,0.8143885135650635
3506e1464.jpg,44.000256,True,0.8506059050559998
3506e1464.jpg,44.000256,True,0.8050916194915771
3506e1464.jpg,19.000320000000002,True,0.42612335085868835
350ced10c.jpg,11.000064,True,0.4492800831794739
350ced10c.jpg,19.000320000000002,True,0.5125488042831421
350ced10c.jpg,14.999808,True,0.5173556208610535
3522d78c7.jpg,96.0,True,0.7104150652885437
3527527f7.jpg,170.999808,True,0.9028124213218689
3527527f7.jpg,175.00032000000002,True,0.9030819535255432
3527527f7.jpg,12.0,True,0.34098392724990845
3534bcb0b.jpg,49.999871999999996,True,0.7006576061248779
354cd2d58.jpg,285.00019199999997,True,0.9015196561813354
357e14a4e.jpg,38.999808,True,0.4719862639904022
357e14a4e.jpg,20.000256,True,0.3772924840450287
357e14a4e.jpg,23.000064,True,0.367450475692749
357e14a4e.jpg,33.000192,True,0.7749684453010559
357e14a4e.jpg,71.00006400000001,True,0.7630459070205688
357e14a4e.jpg,49.999871999999996,True,0.8310289978981018
357e14a4e.jpg,38.999808,True,0.8634876608848572
357e14a4e.jpg,26.999808,True,0.08957554399967194
357e14a4e.jpg,66.000384,True,0.7820294499397278
357e14a4e.jpg,19.000320000000002,False,0.0
357e14a4e.jpg,66.000384,True,0.797402560710907
357e14a4e.jpg,31.00032,True,0.7180344462394714
357e14a4e.jpg,44.000256,True,0.6796053647994995
35874dcc9.jpg,86.999808,True,0.806812047958374
358d83d37.jpg,117.000192,True,0.8197827339172363
358d83d37.jpg,24.0,True,0.3816007077693939
359675a23.jpg,93.000192,True,0.8515558838844299
35a075c81.jpg,97.999872,True,0.794979453086853
35a629fb2.jpg,33.000192,True,0.4623796343803406
35a629fb2.jpg,24.999935999999998,True,0.12201807647943497
35a629fb2.jpg,29.999616,False,0.0
35a629fb2.jpg,20.000256,True,0.10081320255994797
35a629fb2.jpg,31.00032,True,0.44174498319625854
35a629fb2.jpg,25.999872000000003,True,0.11610298603773117
35a629fb2.jpg,23.000064,True,0.14372164011001587
35a629fb2.jpg,28.99968,True,0.21974815428256989
35a629fb2.jpg,32.000256,True,0.18509899079799652
35bbc3d7b.jpg,24.999935999999998,True,0.3341793417930603
35cf4b6e1.jpg,391.00032,True,0.934344470500946
360bb8772.jpg,79.00032,True,0.8865396976470947
3612dbf3d.jpg,15.999744,True,0.525805652141571
3612dbf3d.jpg,12.999936000000002,False,0.0
3612dbf3d.jpg,12.999936000000002,True,0.06417960673570633
3612dbf3d.jpg,16.999679999999998,False,0.0
3612dbf3d.jpg,13.999872,False,0.0
3612dbf3d.jpg,14.999808,True,0.5451326966285706
3612dbf3d.jpg,16.999679999999998,False,0.0
3612dbf3d.jpg,18.000384,False,0.0
3612dbf3d.jpg,18.000384,True,0.28360339999198914
3612dbf3d.jpg,12.0,True,0.09245465695858002
3612dbf3d.jpg,15.999744,False,0.0
3612dbf3d.jpg,18.000384,True,0.14934197068214417
3614a1e31.jpg,148.99967999999998,True,0.9226441979408264
3617720aa.jpg,14.999808,True,0.18777748942375183
3618853e6.jpg,27.999744,False,0.0
363999258.jpg,10.000128,False,0.0
363999258.jpg,8.000256,False,0.0
363999258.jpg,8.000256,False,0.0
365c7b32c.jpg,19.000320000000002,True,0.2476266473531723
3679c695e.jpg,7.00032,False,0.0
368295ebd.jpg,21.000192,True,0.09568322449922562
36838c969.jpg,21.000192,True,0.20382605493068695
36952dd67.jpg,10.000128,True,0.1129530593752861
36a678205.jpg,82.000128,True,0.8588114976882935
36ad17902.jpg,36.0,False,0.0
36bffb553.jpg,12.0,True,0.22747553884983063
36c817765.jpg,12.0,True,0.657738983631134
36d14adfc.jpg,159.999744,True,0.7452817559242249
36d226661.jpg,21.000192,True,0.11156602203845978
36d226661.jpg,15.999744,True,0.41730764508247375
36f7c9675.jpg,60.999936,True,0.34437304735183716
36f7c9675.jpg,287.00006399999995,True,0.9675938487052917
36fb375e4.jpg,157.99987199999998,True,0.8782183527946472
371371749.jpg,8.000256,True,0.45434021949768066
371371749.jpg,241.99987199999998,True,0.9117225408554077
372caa58e.jpg,60.999936,True,0.7815907597541809
373799227.jpg,86.999808,True,0.8707181811332703
373f6dcfb.jpg,18.000384,True,0.18132421374320984
373f6dcfb.jpg,13.999872,False,0.0
373f6dcfb.jpg,18.000384,True,0.47444307804107666
373f6dcfb.jpg,12.0,True,0.07533170282840729
373f6dcfb.jpg,12.999936000000002,True,0.12582994997501373
373f6dcfb.jpg,16.999679999999998,True,0.056843239814043045
373f6dcfb.jpg,14.999808,True,0.5411933660507202
373f6dcfb.jpg,18.000384,True,0.41279828548431396
373f6dcfb.jpg,15.999744,True,0.09637594223022461
373f6dcfb.jpg,16.999679999999998,True,0.20184670388698578
373f6dcfb.jpg,12.999936000000002,True,0.2537239193916321
373f6dcfb.jpg,15.999744,True,0.5212222337722778
37571538d.jpg,82.000128,True,0.8295932412147522
37589382b.jpg,276.0,True,0.9398281574249268
3758a6c69.jpg,64.99968,True,0.8164868354797363
376216106.jpg,22.000128,True,0.18090808391571045
376aa104b.jpg,72.0,True,0.791122555732727
376d86456.jpg,130.00012800000002,True,0.8558889031410217
377b5694b.jpg,35.000064,False,0.0
37a906df6.jpg,16.999679999999998,True,0.1688607782125473
37b0ef950.jpg,77.999616,True,0.8411794900894165
37c75e67a.jpg,40.99968,False,0.0
37c75e67a.jpg,13.999872,True,0.44727638363838196
37c75e67a.jpg,67.00032,True,0.8145653009414673
37d593f07.jpg,36.0,True,0.49162206053733826
37d593f07.jpg,79.00032,False,0.0
37d593f07.jpg,39.999744,False,0.0
37d593f07.jpg,32.000256,False,0.0
37d593f07.jpg,27.999744,False,0.0
37d593f07.jpg,59.000064,True,0.220281183719635
37d83bf16.jpg,27.999744,True,0.5298692584037781
37d83bf16.jpg,69.000192,True,0.8213489651679993
37e2381d7.jpg,60.999936,True,0.8013938665390015
37e91ccf0.jpg,19.000320000000002,True,0.08594687283039093
37f02b3d2.jpg,58.000128000000004,True,0.7343662977218628
37f02b3d2.jpg,20.000256,True,0.10020416229963303
37fca4719.jpg,216.0,True,0.8917996287345886
37fd98d8e.jpg,177.000192,True,0.8146258592605591
3818abe8a.jpg,9.000192,True,0.3799300193786621
3818abe8a.jpg,57.000192,True,0.8032199144363403
3818abe8a.jpg,61.999871999999996,True,0.8534514904022217
3818abe8a.jpg,47.000064,True,0.8014971017837524
3818abe8a.jpg,60.0,False,0.0
3819f925c.jpg,169.99987199999998,True,0.9232918620109558
381c6060f.jpg,256.99968,True,0.8602867722511292
38309afa8.jpg,240.99993600000002,True,0.9000534415245056
38314e5ea.jpg,16.999679999999998,True,0.12468402832746506
383a66e13.jpg,19.000320000000002,False,0.0
383a66e13.jpg,12.0,False,0.0
383a66e13.jpg,12.0,True,0.15922877192497253
383a66e13.jpg,12.0,False,0.0
383a66e13.jpg,12.999936000000002,False,0.0
383a66e13.jpg,18.000384,True,0.2609728276729584
383a66e13.jpg,50.999808,True,0.786491334438324
383a66e13.jpg,67.00032,True,0.7859223484992981
383a66e13.jpg,12.999936000000002,False,0.0
383a66e13.jpg,15.999744,False,0.0
383a66e13.jpg,12.0,False,0.0
383a66e13.jpg,15.999744,True,0.20245297253131866
383a66e13.jpg,52.99968,True,0.6479875445365906
383a66e13.jpg,24.0,False,0.0
383d74eed.jpg,18.000384,True,0.1728145033121109
383d74eed.jpg,20.000256,True,0.6413298845291138
383d74eed.jpg,59.000064,True,0.6145193576812744
383d74eed.jpg,57.000192,True,0.6609911322593689
384387ae9.jpg,111.99974399999999,True,0.867784857749939
384b2f4f1.jpg,36.0,True,0.7078005075454712
384c595e3.jpg,85.999872,True,0.8530155420303345
3859f31cc.jpg,141.000192,True,0.8539713025093079
38669c62c.jpg,14.999808,True,0.09755734354257584
3874e91b7.jpg,70.000128,True,0.794522762298584
388dea368.jpg,91.00032,True,0.8752399682998657
38956b250.jpg,33.000192,True,0.2715192139148712
38c07f05a.jpg,164.000256,True,0.8453243374824524
38c45a197.jpg,10.000128,True,0.14064787328243256
38c45a197.jpg,63.99974400000001,True,0.7649697065353394
38c45a197.jpg,12.0,True,0.6257673501968384
38c45a197.jpg,12.0,True,0.6533100605010986
38c45a197.jpg,8.000256,True,0.2852080166339874
38d4bbe23.jpg,10.000128,True,0.3275984227657318
390c39956.jpg,12.0,False,0.0
3941352fd.jpg,12.999936000000002,True,0.2641002833843231
395856098.jpg,12.999936000000002,False,0.0
395856098.jpg,31.00032,False,0.0
395856098.jpg,9.000192,False,0.0
395856098.jpg,37.999872,True,0.3894021809101105
395856098.jpg,43.00032,True,0.3423057198524475
395856098.jpg,21.000192,True,0.4990343749523163
395fe220d.jpg,84.99993599999999,True,0.7913610339164734
396ec75fd.jpg,8.000256,False,0.0
3976f920f.jpg,28.99968,True,0.4140579104423523
398b3eaf9.jpg,5.9996160000000005,False,0.0
399b9afeb.jpg,44.000256,True,0.6215134263038635
399b9afeb.jpg,57.000192,True,0.5847114324569702
399b9afeb.jpg,55.00032,True,0.45521077513694763
399b9afeb.jpg,46.000128,True,0.7754113674163818
399b9afeb.jpg,24.999935999999998,True,0.586618959903717
399b9afeb.jpg,47.000064,True,0.6791200637817383
39a308133.jpg,105.000192,True,0.5804282426834106
39a308133.jpg,88.99968,True,0.719860851764679
39a308133.jpg,86.999808,True,0.7730188965797424
39a308133.jpg,21.000192,True,0.11573316156864166
39cdfb04c.jpg,217.99987199999998,True,0.8993076682090759
39d8f6b42.jpg,12.999936000000002,True,0.20120151340961456
39d8f6b42.jpg,16.999679999999998,True,0.5752448439598083
3a10de0e2.jpg,103.00032000000002,True,0.883816123008728
3a162077a.jpg,72.0,True,0.8455016016960144
3a25d66bc.jpg,9.000192,True,0.10204636305570602
3a25d66bc.jpg,12.999936000000002,True,0.052742768079042435
3a446fb40.jpg,26.999808,True,0.20470504462718964
3a446fb40.jpg,36.999936,True,0.6673805713653564
3a4ce6532.jpg,20.000256,False,0.0
3a4ce6532.jpg,9.000192,False,0.0
3a6fee078.jpg,14.999808,True,0.337215781211853
3a71ba92f.jpg,14.999808,True,0.4248208999633789
3a77e81b5.jpg,159.999744,True,0.8372539281845093
3a79a8197.jpg,66.000384,True,0.7405282855033875
3a8144c1f.jpg,83.00006400000001,True,0.8066033124923706
3a8638fdb.jpg,84.99993599999999,True,0.7013115286827087
3a8638fdb.jpg,40.99968,True,0.8232297301292419
3a8638fdb.jpg,84.99993599999999,True,0.6552044153213501
3a8901b53.jpg,16.999679999999998,True,0.12947027385234833
3a8952d74.jpg,13.999872,False,0.0
3a97e02c0.jpg,43.00032,True,0.6916244626045227
3a97e02c0.jpg,44.000256,True,0.7529483437538147
3adf7c300.jpg,154.00012800000002,True,0.9251744747161865
3af2c6bcb.jpg,24.999935999999998,False,0.0
3b0c7d3a5.jpg,25.999872000000003,True,0.6543037295341492
3b0c7d3a5.jpg,14.999808,True,0.19181153178215027
3b279e35d.jpg,28.99968,True,0.6811015605926514
3b279e35d.jpg,13.999872,True,0.6089145541191101
3b279e35d.jpg,116.00025600000001,True,0.8450456261634827
3b279e35d.jpg,24.999935999999998,True,0.7671682834625244
3b279e35d.jpg,75.999744,True,0.8709420561790466
3b279e35d.jpg,110.999808,True,0.8528555035591125
3b2d4bd02.jpg,23.000064,True,0.3921569883823395
3b4c3fa46.jpg,94.000128,True,0.8764832019805908
3b5b15907.jpg,15.999744,True,0.22847197949886322
3b5b15907.jpg,14.999808,False,0.0
3b6341ad5.jpg,27.999744,True,0.409550279378891
3b6341ad5.jpg,109.999872,True,0.8828257918357849
3b6aa514c.jpg,191.000064,True,0.8618944883346558
3b6aa514c.jpg,178.00012800000002,True,0.9201415181159973
3b70b34c0.jpg,83.00006400000001,True,0.8295751214027405
3b70b34c0.jpg,64.99968,True,0.7955033183097839
3b70b34c0.jpg,26.999808,True,0.43377262353897095
3b70b34c0.jpg,86.999808,True,0.8795880079269409
3b8efc0d9.jpg,16.999679999999998,True,0.4636000692844391
3b9557cd7.jpg,156.999936,True,0.9132279753684998
3b9a770a7.jpg,107.00006400000001,True,0.9160970449447632
3b9a9b124.jpg,71.00006400000001,True,0.74210125207901
3b9a9b124.jpg,21.000192,True,0.6137727499008179
3bb995cbc.jpg,38.999808,True,0.7795572876930237
3bcc868f8.jpg,7.00032,True,0.5809606909751892
3bcc868f8.jpg,12.0,True,0.6364627480506897
3bd478c53.jpg,162.000384,True,0.8368945121765137
3bea324fc.jpg,88.99968,True,0.8801114559173584
3bea324fc.jpg,58.000128000000004,True,0.7083016037940979
3beab760e.jpg,204.0,True,0.8387956023216248
3bf45c4fc.jpg,19.000320000000002,True,0.38151004910469055
3bf554155.jpg,14.999808,True,0.2029096931219101
3c0a27072.jpg,25.999872000000003,True,0.4361065924167633
3c105bdb7.jpg,10.000128,False,0.0
3c10c9fb6.jpg,93.000192,True,0.8772128224372864
3c10c9fb6.jpg,48.0,False,0.0
3c10c9fb6.jpg,66.000384,True,0.5331543684005737
3c10c9fb6.jpg,96.99993599999999,True,0.8634880781173706
3c1645748.jpg,19.000320000000002,True,0.0658586323261261
3c1645748.jpg,13.999872,True,0.4244602620601654
3c1645748.jpg,13.999872,True,0.24782738089561462
3c1645748.jpg,13.999872,True,0.4343378245830536
3c1645748.jpg,23.000064,True,0.28255563974380493
3c1645748.jpg,12.999936000000002,False,0.0
3c1b0cc0e.jpg,129.000192,True,0.7876359224319458
3c279e5f6.jpg,156.0,True,0.8522089719772339
3c2952f27.jpg,140.000256,True,0.9236797094345093
3c2d3f333.jpg,42.000384,True,0.5383485555648804
3c2d3f333.jpg,12.0,True,0.4646751582622528
3c2d3f333.jpg,44.000256,True,0.8621729016304016
3c2d3f333.jpg,36.999936,True,0.565762460231781
3c6d1cf3a.jpg,10.000128,True,0.3696307837963104
3c6d1cf3a.jpg,42.000384,True,0.7462063431739807
3c7ca5044.jpg,79.00032,True,0.8193680047988892
3c85119cc.jpg,28.99968,True,0.5943905711174011
3c85119cc.jpg,91.00032,True,0.7119014263153076
3c8bdfdb3.jpg,203.00006399999998,True,0.8957922458648682
3c95ba2f3.jpg,18.000384,True,0.611009418964386
3c9ffb788.jpg,13.999872,True,0.2781495749950409
3cab5b14f.jpg,153.000192,True,0.8648450970649719
3cad31947.jpg,59.000064,True,0.8803057670593262
3cbe7318f.jpg,16.999679999999998,True,0.3803099989891052
3cbe7318f.jpg,12.0,True,0.21956081688404083
3cbe7318f.jpg,14.999808,True,0.05385810136795044
3cbe7318f.jpg,13.999872,True,0.27258437871932983
3cbe7318f.jpg,12.999936000000002,True,0.37656259536743164
3cc1bdaa3.jpg,10.000128,True,0.16302743554115295
3cdac0854.jpg,216.0,True,0.8587416410446167
3cdd4ef66.jpg,142.00012800000002,True,0.8688108921051025
3cf8e3abb.jpg,10.000128,True,0.5805328488349915
3cff25c03.jpg,15.999744,True,0.3177889287471771
3d04d0e48.jpg,50.999808,True,0.5858192443847656
3d04d0e48.jpg,145.99987199999998,True,0.33823657035827637
3d077d28f.jpg,15.999744,False,0.0
3d13f18ac.jpg,22.000128,True,0.6299822330474854
3d192187a.jpg,40.99968,True,0.876667320728302
3d192187a.jpg,27.999744,True,0.5274786353111267
3d192187a.jpg,56.00025599999999,True,0.858441948890686
3d192187a.jpg,31.00032,True,0.16935938596725464
3d192187a.jpg,82.000128,True,0.8647474646568298
3d192187a.jpg,72.99993599999999,True,0.73975670337677
3d192187a.jpg,20.000256,True,0.49301913380622864
3d192187a.jpg,66.000384,True,0.22409358620643616
3d192187a.jpg,36.0,True,0.06301142275333405
3d192187a.jpg,63.99974400000001,True,0.8310756087303162
3d192187a.jpg,34.000128,True,0.22435352206230164
3d2f841a8.jpg,28.99968,True,0.479484498500824
3d3aebc0a.jpg,84.0,True,0.661774754524231
3d51043d5.jpg,15.999744,True,0.6726326942443848
3d51043d5.jpg,10.000128,False,0.0
3d51043d5.jpg,20.000256,True,0.21837225556373596
3d51043d5.jpg,10.000128,True,0.4042610824108124
3d51043d5.jpg,11.000064,True,0.2102310210466385
3d51043d5.jpg,20.000256,True,0.07143928110599518
3d51043d5.jpg,14.999808,True,0.6484947204589844
3d61b732b.jpg,84.99993599999999,True,0.6569794416427612
3d61b732b.jpg,84.99993599999999,True,0.7024374604225159
3d6cccde2.jpg,24.0,True,0.7237123847007751
3d75d9cf8.jpg,165.000192,True,0.8059710264205933
3d7e3902d.jpg,40.99968,False,0.0
3d9a26f9c.jpg,88.99968,True,0.8338825106620789
3da46e885.jpg,50.999808,True,0.5879703760147095
3da46e885.jpg,97.999872,True,0.7201641798019409
3da46e885.jpg,100.99967999999998,True,0.7681636810302734
3da46e885.jpg,100.99967999999998,True,0.764603316783905
3dce18ae2.jpg,64.99968,True,0.6875631809234619
3dce18ae2.jpg,46.000128,True,0.8095175623893738
3dce4a975.jpg,100.99967999999998,True,0.6878821849822998
3de9473c0.jpg,162.000384,True,0.8755877614021301
3de9ff590.jpg,31.00032,True,0.5307196378707886
3de9ff590.jpg,87.999744,True,0.8277997374534607
3de9ff590.jpg,70.000128,True,0.8409427404403687
3de9ff590.jpg,44.000256,True,0.6754525303840637
3df6ef309.jpg,193.99987199999998,True,0.8434467315673828
3df7a5277.jpg,66.000384,True,0.7226898074150085
3e0086c9e.jpg,105.000192,True,0.7696882486343384
3e0dd9c9b.jpg,158.999808,True,0.9176369905471802
3e473fcce.jpg,160.99967999999998,True,0.8926146626472473
3e473fcce.jpg,62.999808,True,0.765379011631012
3e4e7490d.jpg,160.99967999999998,True,0.9222602248191833
3e6d5f010.jpg,9.000192,False,0.0
3e6d5f010.jpg,9.000192,False,0.0
3e6d5f010.jpg,7.00032,False,0.0
3e6d5f010.jpg,7.00032,False,0.0
3e9201e47.jpg,248.000256,True,0.8754624128341675
3e93c193f.jpg,12.0,False,0.0
3e93c193f.jpg,8.000256,False,0.0
3ea250275.jpg,77.999616,True,0.752140462398529
3eb941d75.jpg,144.0,True,0.6994590163230896
3ec4320cf.jpg,77.999616,True,0.7382028698921204
3ec985aaa.jpg,38.999808,True,0.1878381371498108
3ec985aaa.jpg,59.000064,True,0.8369655609130859
3ec985aaa.jpg,51.99974400000001,True,0.5060470700263977
3ec9cde7f.jpg,144.999936,True,0.9424520134925842
3ec9cde7f.jpg,109.999872,True,0.898703396320343
3ec9cde7f.jpg,87.999744,True,0.8992404937744141
3ec9cde7f.jpg,16.999679999999998,True,0.4411611258983612
3ed47493a.jpg,49.999871999999996,True,0.6189330816268921
3ed47493a.jpg,56.00025599999999,True,0.6382715702056885
3ed47493a.jpg,56.00025599999999,True,0.6345387101173401
3ed47493a.jpg,52.99968,True,0.48357340693473816
3ed47493a.jpg,50.999808,True,0.10393296182155609
3ed47493a.jpg,16.999679999999998,True,0.2883128821849823
3ed913d43.jpg,27.999744,True,0.6187183260917664
3ee37a460.jpg,140.000256,True,0.9124533534049988
3efc950a3.jpg,31.00032,True,0.5745931267738342
3f0ae1e0c.jpg,12.0,True,0.23587243258953094
3f477dc12.jpg,24.999935999999998,True,0.5569759607315063
3f4e1ce2b.jpg,28.99968,True,0.5701230764389038
3f5e476cd.jpg,160.99967999999998,True,0.8924866914749146
3f5fd01f4.jpg,45.000192,True,0.852760910987854
3f8219477.jpg,156.999936,True,0.8555922508239746
3fad94568.jpg,82.000128,True,0.8439801335334778
3fad94568.jpg,82.000128,True,0.8716792464256287
3fc0a74ab.jpg,10.000128,True,0.5714635848999023
3fd3e6246.jpg,194.99980800000003,True,0.9019474387168884
3fd4eb711.jpg,16.999679999999998,True,0.31442663073539734
3fe17e276.jpg,132.999936,True,0.8091188669204712
3fe17e276.jpg,97.999872,True,0.6046889424324036
3fe17e276.jpg,33.000192,True,0.2253025770187378
3fe17e276.jpg,22.000128,True,0.6549209952354431
3fe82fd2e.jpg,76.99968,True,0.8689903616905212
3ff475406.jpg,29.999616,True,0.08562164008617401
3ffc3a555.jpg,7.00032,False,0.0
3ffc3a555.jpg,34.000128,True,0.8055986166000366
40034f94f.jpg,12.0,False,0.0
40099a5a6.jpg,26.999808,True,0.21045491099357605
40099a5a6.jpg,94.000128,True,0.8502405881881714
40099a5a6.jpg,13.999872,True,0.37353476881980896
40099a5a6.jpg,12.999936000000002,True,0.1835232377052307
40099a5a6.jpg,95.00006400000001,True,0.8313981890678406
402a1d27f.jpg,12.0,False,0.0
402b8c1f8.jpg,183.999744,True,0.8785075545310974
402fa9eb2.jpg,110.999808,True,0.8700042366981506
4030513da.jpg,328.99968,True,0.9770814776420593
403213db3.jpg,48.999936,True,0.7889646887779236
403351dad.jpg,208.99968,True,0.8845195174217224
403acf5c0.jpg,24.999935999999998,True,0.16168339550495148
403acf5c0.jpg,46.000128,True,0.774101972579956
406e8cc87.jpg,8.000256,True,0.22870807349681854
4073a7e1e.jpg,148.99967999999998,True,0.7700225114822388
4073b0eb1.jpg,96.0,True,0.7158820033073425
4073b0eb1.jpg,60.999936,True,0.6009019017219543
4074ff463.jpg,73.999872,True,0.8163551092147827
4074ff463.jpg,244.99968,True,0.9601253867149353
4074ff463.jpg,139.00032000000002,True,0.9156518578529358
407f39acc.jpg,23.000064,True,0.34829181432724
4084a2c92.jpg,42.000384,True,0.667875349521637
4086a8dfc.jpg,60.0,True,0.9065166711807251
4086a8dfc.jpg,59.000064,True,0.8859178423881531
4089f465e.jpg,31.00032,True,0.7237780094146729
4089f465e.jpg,83.00006400000001,True,0.8676490187644958
4089f465e.jpg,16.999679999999998,True,0.2657066583633423
4089f465e.jpg,60.999936,True,0.8961331844329834
4089f465e.jpg,59.000064,True,0.8405107259750366
4089f465e.jpg,13.999872,False,0.0
4089f465e.jpg,24.999935999999998,True,0.5901449918746948
4089f465e.jpg,57.000192,True,0.8414329886436462
4089f465e.jpg,19.000320000000002,True,0.35740387439727783
4089f465e.jpg,24.0,True,0.8150228261947632
4089f465e.jpg,57.000192,True,0.924819827079773
4089f465e.jpg,36.0,True,0.7093741297721863
4089f465e.jpg,38.999808,True,0.8496706485748291
409f8725a.jpg,20.000256,True,0.6045485138893127
409f8725a.jpg,134.999808,True,0.9486122131347656
409f8725a.jpg,157.99987199999998,True,0.9071001410484314
40a0415ef.jpg,38.999808,True,0.301911860704422
40a063a6b.jpg,15.999744,False,0.0
40a063a6b.jpg,37.999872,True,0.8749428987503052
40a063a6b.jpg,53.999616,True,0.909187376499176
40a063a6b.jpg,38.999808,True,0.5251778364181519
40a3703ec.jpg,12.999936000000002,False,0.0
40b66f998.jpg,19.000320000000002,True,0.49236953258514404
40b66f998.jpg,38.999808,True,0.628788411617279
40bc60e5d.jpg,67.00032,True,0.6185763478279114
40cb96d56.jpg,16.999679999999998,True,0.11027567833662033
40cb96d56.jpg,63.99974400000001,True,0.7482752203941345
40cb96d56.jpg,13.999872,True,0.5305358171463013
40d8f1fb5.jpg,27.999744,True,0.06969230622053146
40e97d711.jpg,24.999935999999998,True,0.2909693419933319
40f0e9509.jpg,25.999872000000003,True,0.5841781497001648
410251d55.jpg,25.999872000000003,True,0.4330284893512726
410251d55.jpg,24.0,True,0.5408133864402771
410251d55.jpg,21.000192,True,0.46223554015159607
41150fe77.jpg,155.000064,True,0.907543420791626
41150fe77.jpg,160.99967999999998,True,0.864316463470459
413d8c1b7.jpg,16.999679999999998,False,0.0
4140138cd.jpg,12.999936000000002,True,0.29559585452079773
414a15420.jpg,10.000128,False,0.0
414da43c6.jpg,91.00032,True,0.8839954733848572
414da43c6.jpg,18.000384,True,0.42133674025535583
4151943b9.jpg,138.000384,True,0.9261886477470398
4151943b9.jpg,75.999744,True,0.8321409821510315
4151943b9.jpg,48.0,True,0.8595705032348633
4151943b9.jpg,25.999872000000003,True,0.8254097700119019
4163827ad.jpg,216.99993600000002,True,0.9369140863418579
41841b013.jpg,19.000320000000002,True,0.4142742455005646
41841b013.jpg,63.99974400000001,True,0.8688318729400635
418943434.jpg,16.999679999999998,True,0.3741171658039093
418baabc2.jpg,165.000192,True,0.8599180579185486
418baabc2.jpg,85.999872,True,0.7364398241043091
418baabc2.jpg,211.00032,True,0.8620410561561584
41936fbd5.jpg,40.99968,True,0.8113059401512146
41936fbd5.jpg,39.999744,True,0.8567231297492981
4193b8be1.jpg,170.999808,True,0.9114818572998047
41aceadf8.jpg,16.999679999999998,True,0.3258083164691925
41aceadf8.jpg,11.000064,False,0.0
41aceadf8.jpg,10.000128,True,0.2524396777153015
41b682e28.jpg,79.00032,True,0.7712295651435852
41b682e28.jpg,67.00032,True,0.7970482110977173
41b682e28.jpg,88.99968,True,0.8573960065841675
41ccfe7e1.jpg,12.999936000000002,True,0.15078505873680115
41ccfe7e1.jpg,14.999808,True,0.25032180547714233
41ccfe7e1.jpg,14.999808,True,0.3881065249443054
41ccfe7e1.jpg,14.999808,True,0.11542852222919464
41dd57ede.jpg,40.99968,True,0.7945543527603149
41dd57ede.jpg,14.999808,False,0.0
41ee21436.jpg,46.000128,True,0.8167420625686646
41ee21436.jpg,27.999744,True,0.7455661296844482
41ee21436.jpg,38.999808,True,0.7131240367889404
41f15a6e7.jpg,160.99967999999998,True,0.9069725275039673
41fddc5eb.jpg,8.000256,True,0.34909942746162415
41fff9476.jpg,31.00032,True,0.7147589325904846
420234b88.jpg,52.99968,True,0.7856315970420837
420234b88.jpg,68.000256,True,0.6454848647117615
420234b88.jpg,48.999936,True,0.7420538663864136
421ab75e7.jpg,117.000192,True,0.88899827003479
421ab75e7.jpg,110.999808,True,0.872514009475708
42232696d.jpg,52.99968,True,0.8194456100463867
4236073e2.jpg,32.000256,True,0.35537421703338623
4236073e2.jpg,81.000192,True,0.659600555896759
4236073e2.jpg,64.99968,True,0.5341472625732422
4236073e2.jpg,42.000384,False,0.0
4236073e2.jpg,70.000128,True,0.7123692035675049
4236073e2.jpg,32.000256,True,0.25079771876335144
4236073e2.jpg,31.00032,False,0.0
4236073e2.jpg,28.99968,True,0.05808143690228462
4236073e2.jpg,29.999616,True,0.11086565256118774
4236073e2.jpg,16.999679999999998,True,0.05367397144436836
4247cc4ab.jpg,10.000128,False,0.0
4247cc4ab.jpg,15.999744,True,0.36184775829315186
4247cc4ab.jpg,13.999872,True,0.5629777908325195
4247cc4ab.jpg,18.000384,True,0.697426974773407
4247cc4ab.jpg,19.000320000000002,True,0.7017645835876465
4247cc4ab.jpg,12.0,True,0.3099985420703888
4247cc4ab.jpg,12.0,True,0.38505372405052185
4247cc4ab.jpg,12.999936000000002,True,0.2545735836029053
4247cc4ab.jpg,11.000064,True,0.32114577293395996
4247cc4ab.jpg,12.0,False,0.0
4247cc4ab.jpg,12.0,True,0.41751915216445923
4247cc4ab.jpg,50.999808,True,0.863418698310852
4247cc4ab.jpg,11.000064,False,0.0
427ac1c45.jpg,164.000256,True,0.8931431770324707
429638fa2.jpg,26.999808,True,0.5435888171195984
429638fa2.jpg,50.999808,False,0.0
429756fba.jpg,51.99974400000001,True,0.7967934012413025
429756fba.jpg,46.000128,True,0.7834949493408203
429756fba.jpg,46.000128,True,0.844365119934082
429756fba.jpg,43.00032,True,0.8286811709403992
429756fba.jpg,43.00032,True,0.8508589267730713
42b5c9d2a.jpg,47.000064,True,0.8017610907554626
42b5c9d2a.jpg,61.999871999999996,True,0.8539538979530334
42bee6533.jpg,22.000128,True,0.31322628259658813
42bee6533.jpg,14.999808,True,0.6017895340919495
42bee6533.jpg,22.000128,False,0.0
42bee6533.jpg,14.999808,True,0.4772207736968994
42bee6533.jpg,13.999872,True,0.05445175990462303
42bee6533.jpg,16.999679999999998,True,0.6132024526596069
42bee6533.jpg,12.0,True,0.394680917263031
42bee6533.jpg,20.000256,True,0.5991091132164001
42bee6533.jpg,20.000256,True,0.6963962316513062
42bee6533.jpg,18.000384,True,0.6523024439811707
42bee6533.jpg,24.0,True,0.4338444471359253
42bee6533.jpg,48.999936,True,0.8388569355010986
42c71fb45.jpg,53.999616,True,0.899591863155365
42c71fb45.jpg,27.999744,False,0.0
42c71fb45.jpg,27.999744,True,0.636748731136322
42c71fb45.jpg,36.999936,True,0.8409411311149597
42d5ffa51.jpg,21.000192,True,0.09256478399038315
42f272b67.jpg,21.000192,False,0.0
42f272b67.jpg,18.000384,False,0.0
42f272b67.jpg,9.000192,False,0.0
42f272b67.jpg,20.000256,False,0.0
42f3a4bc5.jpg,139.00032000000002,True,0.8690732717514038
42fc3e103.jpg,27.999744,True,0.679210901260376
43074326f.jpg,132.999936,True,0.8646235466003418
431a404fd.jpg,28.99968,True,0.4178600013256073
43215f9bc.jpg,11.000064,True,0.09417714923620224
433595bed.jpg,9.000192,False,0.0
43374827b.jpg,88.99968,True,0.8994700312614441
433898bef.jpg,69.000192,True,0.8529002070426941
433898bef.jpg,122.999808,True,0.9030100107192993
4342978a3.jpg,60.0,True,0.8526006937026978
4344dc460.jpg,144.0,True,0.8537524342536926
4350e9b0f.jpg,49.999871999999996,True,0.8799543976783752
435714c96.jpg,72.99993599999999,True,0.6344403624534607
435714c96.jpg,55.00032,True,0.8169392347335815
435714c96.jpg,38.999808,True,0.7222179770469666
435714c96.jpg,73.999872,True,0.808893084526062
435714c96.jpg,70.000128,True,0.7886790633201599
435714c96.jpg,13.999872,True,0.1466454267501831
4385255d9.jpg,307.00032,True,0.7883307933807373
438ed403a.jpg,20.000256,False,0.0
438ed403a.jpg,93.000192,True,0.8183102607727051
438ed403a.jpg,61.999871999999996,True,0.7543668746948242
438ed403a.jpg,46.000128,True,0.7052395343780518
438ed403a.jpg,63.99974400000001,True,0.8636683821678162
438ed403a.jpg,25.999872000000003,True,0.7054446935653687
4390a9651.jpg,19.000320000000002,True,0.6185528635978699
4390a9651.jpg,13.999872,True,0.6860769987106323
4390a9651.jpg,7.00032,False,0.0
43ab0c4e5.jpg,43.00032,True,0.55452561378479
43b30620e.jpg,21.000192,True,0.3174349367618561
43b30620e.jpg,82.000128,True,0.8920465707778931
43bfbfa50.jpg,15.999744,True,0.39633679389953613
43bfbfa50.jpg,47.000064,True,0.7753692269325256
43cee3daa.jpg,12.999936000000002,True,0.6641513705253601
43d10723a.jpg,71.00006400000001,True,0.5565840005874634
43e9a0907.jpg,287.00006399999995,True,0.8314527869224548
43f4acdc2.jpg,164.000256,True,0.8842936158180237
4402f513e.jpg,18.000384,True,0.4751403033733368
4402f513e.jpg,69.000192,True,0.8452852964401245
441b224b9.jpg,16.999679999999998,True,0.6732040643692017
441b3befd.jpg,77.999616,True,0.8096185326576233
441b3befd.jpg,73.999872,True,0.82571941614151
441b3befd.jpg,75.999744,True,0.7556688189506531
441cf4d9c.jpg,195.999744,True,0.8555018305778503
44286579d.jpg,138.000384,True,0.8932496905326843
44332fe33.jpg,153.000192,True,0.856490969657898
443d09a36.jpg,98.999808,True,0.8030164837837219
444db3028.jpg,155.000064,True,0.9267196655273438
444db3028.jpg,40.99968,True,0.7877765893936157
444db3028.jpg,182.999808,True,0.8482130169868469
444db3028.jpg,12.0,False,0.0
444db3028.jpg,20.000256,False,0.0
444db3028.jpg,16.999679999999998,False,0.0
444db3028.jpg,15.999744,True,0.16441293060779572
4482d89c5.jpg,26.999808,True,0.3794286847114563
448dd8e9a.jpg,59.000064,True,0.8852375149726868
448dd8e9a.jpg,64.99968,True,0.8725539445877075
449145852.jpg,5.9996160000000005,False,0.0
449145852.jpg,5.9996160000000005,True,0.14073669910430908
449145852.jpg,5.9996160000000005,True,0.19718624651432037
449145852.jpg,8.000256,True,0.36478573083877563
449638e41.jpg,10.000128,False,0.0
449638e41.jpg,8.000256,False,0.0
44a897282.jpg,34.000128,True,0.7873049378395081
44a897282.jpg,23.000064,True,0.5657568573951721
44aa7e83a.jpg,9.000192,False,0.0
44aa7e83a.jpg,86.999808,True,0.8407991528511047
44c592564.jpg,105.000192,True,0.8749330639839172
44e36ac80.jpg,111.99974399999999,True,0.867292582988739
44e39b2e3.jpg,24.999935999999998,True,0.2921352982521057
44e67acb0.jpg,16.999679999999998,True,0.5625189542770386
452350dfd.jpg,22.000128,True,0.31400635838508606
452350dfd.jpg,22.000128,True,0.19942931830883026
457473d8e.jpg,12.0,True,0.08639852702617645
457ccfd29.jpg,207.999744,True,0.8471866250038147
457ccfd29.jpg,77.999616,True,0.8040659427642822
4584a6187.jpg,171.999744,True,0.8382824659347534
4589cba92.jpg,29.999616,True,0.602534294128418
458aba0b4.jpg,9.000192,False,0.0
45971ad97.jpg,16.999679999999998,True,0.43527185916900635
459de5394.jpg,19.000320000000002,True,0.5929501056671143
45a3d8946.jpg,16.999679999999998,True,0.23184293508529663
45a3d8946.jpg,12.0,True,0.20402422547340393
45bb159c6.jpg,139.00032000000002,True,0.8305085301399231
45c3dffcd.jpg,194.99980800000003,True,0.9158483147621155
45f460faa.jpg,55.00032,True,0.7878661751747131
45fe47755.jpg,23.000064,True,0.067623071372509
45fe47755.jpg,27.999744,True,0.16000996530056
45fe47755.jpg,18.000384,True,0.16770508885383606
45fe47755.jpg,23.000064,True,0.09831519424915314
45fe47755.jpg,12.999936000000002,True,0.2632996141910553
45fe47755.jpg,27.999744,True,0.2434161752462387
45fe47755.jpg,24.0,True,0.4656704366207123
45fe47755.jpg,28.99968,True,0.46898505091667175
45fe47755.jpg,25.999872000000003,True,0.30103546380996704
45fe47755.jpg,11.000064,True,0.1622532159090042
460dfa822.jpg,84.99993599999999,True,0.8171155452728271
461f9e3e6.jpg,2.9998080000000003,False,0.0
461f9e3e6.jpg,16.999679999999998,True,0.6611647009849548
4623c9168.jpg,114.000384,True,0.8407347798347473
4637d51ca.jpg,7.00032,False,0.0
4637d51ca.jpg,34.000128,True,0.8054203391075134
463b8e02c.jpg,10.000128,False,0.0
463be5d05.jpg,205.99987199999998,True,0.8818032145500183
463be5d05.jpg,139.00032000000002,True,0.8196278810501099
4655f8793.jpg,72.0,True,0.8372041583061218
4655f8793.jpg,60.999936,True,0.7061960697174072
4655f8793.jpg,62.999808,True,0.8811766505241394
4655f8793.jpg,57.000192,True,0.8081943392753601
4655f8793.jpg,63.99974400000001,True,0.8082403540611267
4673287ee.jpg,227.00006399999998,True,0.8868333697319031
46738732d.jpg,183.999744,True,0.8864527940750122
4684ece3a.jpg,16.999679999999998,True,0.4979720413684845
46904ccab.jpg,190.00012800000002,True,0.8811743259429932
46904ccab.jpg,11.000064,True,0.41324323415756226
46904ccab.jpg,80.000256,True,0.8376344442367554
469469108.jpg,31.00032,True,0.5332401990890503
46afb91b4.jpg,23.000064,True,0.06138300895690918
46afb91b4.jpg,15.999744,True,0.2508244216442108
46b3bd9a2.jpg,25.999872000000003,True,0.23238500952720642
46b3bd9a2.jpg,66.000384,True,0.8451575636863708
46b90a610.jpg,155.000064,True,0.8675493597984314
46c361771.jpg,10.000128,True,0.3645084500312805
46cd5b9e0.jpg,63.99974400000001,True,0.4441211223602295
46da9ed20.jpg,11.000064,False,0.0
46dd54208.jpg,12.0,True,0.37865763902664185
46e3b9905.jpg,18.000384,True,0.30157363414764404
470dd8fc3.jpg,158.999808,True,0.8698021769523621
470e822a3.jpg,121.999872,True,0.9218078255653381
471789c33.jpg,14.999808,True,0.052098289132118225
471789c33.jpg,12.999936000000002,True,0.4953274428844452
471789c33.jpg,12.999936000000002,True,0.40088996291160583
471789c33.jpg,16.999679999999998,True,0.08607769012451172
471789c33.jpg,12.999936000000002,True,0.35220199823379517
471789c33.jpg,13.999872,True,0.3289757966995239
471789c33.jpg,9.000192,True,0.6042419075965881
471789c33.jpg,26.999808,True,0.7025424242019653
476c0eca7.jpg,76.99968,True,0.8962730765342712
477d7b21a.jpg,10.000128,True,0.7118225693702698
47aecfd34.jpg,45.000192,True,0.5814962983131409
47aecfd34.jpg,60.0,True,0.15784864127635956
47aecfd34.jpg,64.99968,True,0.7614259123802185
47aecfd34.jpg,42.000384,True,0.6966504454612732
47b0f0836.jpg,12.999936000000002,True,0.18582813441753387
47bf505ca.jpg,7.00032,False,0.0
47bf505ca.jpg,10.000128,False,0.0
47bf505ca.jpg,9.000192,False,0.0
47bf505ca.jpg,11.000064,False,0.0
47bf505ca.jpg,7.00032,False,0.0
47cede9f5.jpg,72.0,True,0.7061073184013367
47cede9f5.jpg,72.99993599999999,True,0.772229015827179
47cede9f5.jpg,43.00032,True,0.21263562142848969
47cede9f5.jpg,64.99968,True,0.7046362161636353
47df617be.jpg,13.999872,True,0.060392819344997406
47f604bcf.jpg,232.99968,True,0.9136506915092468
47f8568e4.jpg,10.000128,True,0.22917062044143677
4808c9479.jpg,73.999872,True,0.7957959175109863
4813d4902.jpg,56.00025599999999,True,0.7181914448738098
4813d4902.jpg,12.999936000000002,True,0.4152410626411438
481de4313.jpg,61.999871999999996,True,0.8628630638122559
481de4313.jpg,82.000128,True,0.8547976613044739
481de4313.jpg,53.999616,True,0.8740710020065308
481e3da38.jpg,79.00032,True,0.8360589146614075
481fab8cc.jpg,19.000320000000002,True,0.379163533449173
482010962.jpg,58.000128000000004,True,0.8569923639297485
482010962.jpg,11.000064,True,0.12348184734582901
482010962.jpg,60.999936,True,0.823399007320404
484068fb7.jpg,56.00025599999999,True,0.7431349158287048
484068fb7.jpg,12.999936000000002,True,0.4183828830718994
484068fb7.jpg,29.999616,True,0.6072095036506653
484f3b0a2.jpg,11.000064,False,0.0
484f3b0a2.jpg,16.999679999999998,True,0.3291238248348236
487f71148.jpg,13.999872,True,0.5549670457839966
487f71148.jpg,13.999872,True,0.4665912985801697
487f71148.jpg,13.999872,True,0.584289014339447
48813ea14.jpg,19.000320000000002,True,0.069976806640625
4888422cb.jpg,72.99993599999999,True,0.6794512867927551
4888422cb.jpg,48.0,True,0.5724025964736938
488c93cff.jpg,195.999744,True,0.9017384648323059
488d85e68.jpg,75.999744,True,0.8798077702522278
488fb7cec.jpg,61.999871999999996,True,0.86723393201828
488fb7cec.jpg,21.000192,True,0.09042724221944809
48bae3234.jpg,164.000256,True,0.8440243601799011
48bcbbac2.jpg,23.000064,False,0.0
48c9a949d.jpg,11.000064,False,0.0
48cffba29.jpg,19.000320000000002,True,0.6892520785331726
48cffba29.jpg,23.000064,True,0.6914049983024597
48e0b2a3c.jpg,20.000256,True,0.4756084084510803
48e2b156c.jpg,82.000128,True,0.8843368291854858
48e2b156c.jpg,45.000192,True,0.780825138092041
48e2b156c.jpg,47.000064,True,0.832525372505188
48e2b156c.jpg,55.00032,True,0.8238487243652344
48e2b156c.jpg,25.999872000000003,True,0.4204367995262146
48e2b156c.jpg,60.999936,True,0.7945164442062378
48e2b156c.jpg,83.00006400000001,True,0.8261445164680481
48e2b156c.jpg,42.000384,True,0.6606887578964233
48eb5eac0.jpg,25.999872000000003,True,0.30586111545562744
49112920a.jpg,292.99968,True,0.9197817444801331
49164130a.jpg,197.999616,True,0.914704442024231
492245c35.jpg,27.999744,True,0.1480879783630371
492b171a5.jpg,192.99993600000002,True,0.8528590202331543
492b171a5.jpg,24.0,True,0.452494353055954
4948153c1.jpg,34.000128,True,0.39054346084594727
495e9bde5.jpg,61.999871999999996,True,0.8458837270736694
496f2e669.jpg,90.000384,True,0.8953157663345337
49a9b79c4.jpg,112.99967999999998,True,0.8889389038085938
49b3e4602.jpg,24.0,True,0.4530470371246338
49b3e4602.jpg,56.00025599999999,True,0.8369819521903992
49c087fe9.jpg,37.999872,True,0.6938679218292236
49c087fe9.jpg,32.000256,True,0.2860395312309265
49c087fe9.jpg,32.000256,True,0.44270509481430054
49c087fe9.jpg,15.999744,True,0.22197392582893372
49c087fe9.jpg,38.999808,True,0.5583675503730774
49d59532d.jpg,27.999744,True,0.6416524648666382
49dfe969e.jpg,16.999679999999998,True,0.5177894830703735
49e25920f.jpg,33.000192,True,0.24797888100147247
49ed1faba.jpg,88.99968,True,0.7961759567260742
49f629913.jpg,36.0,True,0.07333482056856155
49f629913.jpg,82.000128,True,0.8614020347595215
49f629913.jpg,63.99974400000001,True,0.8318463563919067
49f629913.jpg,31.00032,True,0.14835640788078308
49f629913.jpg,68.000256,True,0.9149740934371948
49f629913.jpg,25.999872000000003,True,0.6662302613258362
49f629913.jpg,20.000256,True,0.48823466897010803
49f629913.jpg,64.99968,True,0.861323893070221
49f629913.jpg,34.000128,True,0.20812171697616577
49f629913.jpg,40.99968,True,0.8745661973953247
49f629913.jpg,27.999744,True,0.5216200947761536
49f629913.jpg,66.000384,True,0.20358078181743622
49fd215b4.jpg,90.000384,True,0.8785910606384277
4a016fb73.jpg,9.000192,True,0.342986524105072
4a14ec421.jpg,25.999872000000003,False,0.0
4a1a7ea2f.jpg,24.999935999999998,True,0.648716926574707
4a1a7ea2f.jpg,25.999872000000003,True,0.7202896475791931
4a2bd4d7b.jpg,56.00025599999999,True,0.834717333316803
4a2be955d.jpg,92.000256,True,0.757093071937561
4a31f722e.jpg,108.99993599999999,True,0.9054176807403564
4a32da6a0.jpg,159.999744,True,0.7320249676704407
4a36d86bf.jpg,10.000128,False,0.0
4a36d86bf.jpg,11.000064,True,0.05850667878985405
4a566b7c3.jpg,25.999872000000003,True,0.0865415558218956
4a566b7c3.jpg,62.999808,True,0.8386313319206238
4a5f7531f.jpg,97.999872,True,0.784911036491394
4a6f5791f.jpg,18.000384,True,0.33352938294410706
4a7342a52.jpg,262.000128,True,0.8681529760360718
4a7342a52.jpg,88.99968,True,0.7869362831115723
4a73910cc.jpg,26.999808,True,0.10595899075269699
4a73910cc.jpg,32.000256,True,0.23267875611782074
4a73910cc.jpg,84.99993599999999,True,0.5690323114395142
4a7512d17.jpg,32.000256,True,0.5472950339317322
4a86316a8.jpg,11.000064,True,0.21266986429691315
4a86316a8.jpg,10.000128,True,0.3207947015762329
4a8d2399e.jpg,55.00032,True,0.7638446688652039
4a90a100b.jpg,255.999744,True,0.8712916970252991
4a9f14309.jpg,70.000128,True,0.7786788940429688
4a9f14309.jpg,211.00032,True,0.9283700585365295
4aa0dc3d9.jpg,33.000192,True,0.6184190511703491
4ab4453de.jpg,100.99967999999998,True,0.9007296562194824
4ad7f511d.jpg,5.9996160000000005,False,0.0
4ad7f511d.jpg,21.000192,True,0.6722630262374878
4ae200e55.jpg,28.99968,False,0.0
4ae200e55.jpg,26.999808,True,0.564673125743866
4ae200e55.jpg,18.000384,True,0.3338567018508911
4ae200e55.jpg,49.999871999999996,True,0.6871106624603271
4ae200e55.jpg,47.000064,True,0.7421808838844299
4ae200e55.jpg,13.999872,True,0.36012449860572815
4ae200e55.jpg,8.000256,False,0.0
4ae200e55.jpg,24.999935999999998,False,0.0
4b000df5b.jpg,92.000256,True,0.8621566295623779
4b000df5b.jpg,35.000064,True,0.5543277263641357
4b2d1a964.jpg,11.000064,False,0.0
4b622a74c.jpg,12.0,True,0.5381054878234863
4b622a74c.jpg,15.999744,True,0.5449082851409912
4b8cc615b.jpg,14.999808,True,0.4855392873287201
4b8cc615b.jpg,12.0,True,0.4468982517719269
4b8cc615b.jpg,71.00006400000001,True,0.8500895500183105
4b8cc615b.jpg,20.000256,True,0.6887246966362
4bb0dedef.jpg,16.999679999999998,True,0.5706664323806763
4bbb5d0ad.jpg,20.000256,True,0.08985023200511932
4bbb5d0ad.jpg,25.999872000000003,True,0.08505973219871521
4bc9e7730.jpg,84.0,True,0.8641725778579712
4bdc36f7a.jpg,247.00032,True,0.970384955406189
4bdfdb73d.jpg,48.999936,True,0.8466498255729675
4bed371a7.jpg,7.00032,True,0.6013439297676086
4bed371a7.jpg,8.000256,True,0.19114315509796143
4bfc4cc05.jpg,181.99987199999998,False,0.0
4bfc4cc05.jpg,5.9996160000000005,False,0.0
4c0c8bc0c.jpg,138.000384,True,0.8532000780105591
4c0c8bc0c.jpg,193.99987199999998,True,0.8764172792434692
4c30c9117.jpg,206.99980800000003,True,0.8841449618339539
4c56d2f00.jpg,193.99987199999998,True,0.8430813550949097
4c792b511.jpg,156.999936,True,0.7833722233772278
4ca6495b6.jpg,196.99968,True,0.9156261682510376
4cab25392.jpg,14.999808,True,0.47523602843284607
4cab25392.jpg,20.000256,True,0.6762153506278992
4cd05cfbf.jpg,194.99980800000003,True,0.8901341557502747
4cfe8d6e9.jpg,13.999872,True,0.5554136037826538
4d09521a8.jpg,5.9996160000000005,False,0.0
4d09521a8.jpg,9.000192,True,0.34633031487464905
4d09521a8.jpg,29.999616,True,0.49946022033691406
4d09521a8.jpg,22.000128,True,0.42771437764167786
4d09521a8.jpg,18.000384,True,0.18758134543895721
4d09521a8.jpg,24.999935999999998,True,0.4981057643890381
4d09521a8.jpg,22.000128,False,0.0
4d09521a8.jpg,24.999935999999998,True,0.1679271161556244
4d09521a8.jpg,28.99968,True,0.20930224657058716
4d09521a8.jpg,11.000064,True,0.14746439456939697
4d395184a.jpg,38.999808,True,0.7697940468788147
4d42dee53.jpg,13.999872,True,0.2958471179008484
4d42dee53.jpg,288.99993600000005,True,0.932710587978363
4d48b15e4.jpg,18.000384,True,0.5215668082237244
4d48b15e4.jpg,148.99967999999998,True,0.6490615606307983
4d48b15e4.jpg,13.999872,True,0.4698064923286438
4d48b15e4.jpg,29.999616,True,0.3324296772480011
4d48b15e4.jpg,18.000384,True,0.24040763080120087
4d48b15e4.jpg,15.999744,True,0.18979956209659576
4d68584b1.jpg,69.000192,True,0.8808215260505676
4d68584b1.jpg,23.000064,True,0.4592091143131256
4d70f9947.jpg,16.999679999999998,True,0.39494433999061584
4d7cd4378.jpg,13.999872,True,0.2773267328739166
4d96f0aa3.jpg,23.000064,True,0.8246904015541077
4d96f0aa3.jpg,49.999871999999996,True,0.8768248558044434
4d96f0aa3.jpg,44.000256,True,0.8384767174720764
4d99b9511.jpg,14.999808,True,0.11767320334911346
4d99b9511.jpg,8.000256,False,0.0
4d99b9511.jpg,12.0,True,0.3704395592212677
4d99b9511.jpg,10.000128,False,0.0
4d99b9511.jpg,59.000064,True,0.8474553823471069
4d99b9511.jpg,36.999936,True,0.5032898783683777
4d99b9511.jpg,40.99968,True,0.6091827154159546
4d99b9511.jpg,10.000128,False,0.0
4d99b9511.jpg,10.000128,False,0.0
4d99b9511.jpg,12.0,True,0.1751917004585266
4da128f56.jpg,70.000128,True,0.8184590935707092
4daa85aa7.jpg,85.999872,True,0.8499789237976074
4dc0c6800.jpg,61.999871999999996,True,0.8245087265968323
4dd043d49.jpg,212.000256,True,0.869228720664978
4df59feaa.jpg,27.999744,True,0.7169557213783264
4e0e64ca2.jpg,10.000128,False,0.0
4e49a710c.jpg,20.000256,True,0.17722800374031067
4e515e5c3.jpg,328.99968,True,0.827178418636322
4e6fe1b43.jpg,19.000320000000002,True,0.05900917947292328
4e6fe1b43.jpg,12.0,True,0.09839106351137161
4e6fe1b43.jpg,13.999872,False,0.0
4e77d51e3.jpg,23.000064,True,0.4116447865962982
4e99f1107.jpg,9.000192,True,0.5479077696800232
4e99f1107.jpg,9.000192,True,0.42438021302223206
4e9d674a3.jpg,15.999744,True,0.3450324237346649
4ea6edffd.jpg,16.999679999999998,True,0.5339910387992859
4ebb35108.jpg,12.999936000000002,True,0.45871976017951965
4ed20f5a9.jpg,12.999936000000002,True,0.588138997554779
4ed28e415.jpg,12.999936000000002,False,0.0
4eea8b576.jpg,111.99974399999999,True,0.867241621017456
4ef7aa594.jpg,39.999744,True,0.5135481953620911
4ef7aa594.jpg,40.99968,True,0.08672016859054565
4f0733181.jpg,9.000192,True,0.2810273766517639
4f197ced7.jpg,14.999808,True,0.30528131127357483
4f3f47e80.jpg,134.999808,True,0.8308913111686707
4f651c7f0.jpg,55.00032,True,0.7891042232513428
4f6881caa.jpg,13.999872,True,0.40723541378974915
4f6881caa.jpg,19.000320000000002,True,0.3938727080821991
4f8959291.jpg,20.000256,True,0.6756057739257812
4f98941eb.jpg,93.000192,True,0.8510035872459412
4f9cd41b8.jpg,158.999808,True,0.9241229891777039
4f9cd41b8.jpg,68.000256,True,0.8848146200180054
4f9cd41b8.jpg,13.999872,True,0.38009393215179443
4fb8ca0c3.jpg,35.000064,True,0.7970568537712097
4fc021083.jpg,23.000064,True,0.5727755427360535
4fc021083.jpg,158.999808,True,0.7489817142486572
4fc021083.jpg,103.00032000000002,True,0.8868685960769653
4fca80780.jpg,7.00032,False,0.0
4fcd62eac.jpg,10.000128,False,0.0
4fecab7ec.jpg,94.000128,True,0.8706360459327698
4fecab7ec.jpg,79.00032,True,0.8705170750617981
4ff279eeb.jpg,168.999936,True,0.9177176356315613
5002fe710.jpg,223.00032,True,0.9138909578323364
501446101.jpg,105.000192,True,0.8378739356994629
5021a06c2.jpg,56.00025599999999,True,0.6014424562454224
5022708c6.jpg,21.000192,True,0.5986788868904114
5025dd6f1.jpg,132.999936,True,0.8608184456825256
50328f2c1.jpg,91.00032,True,0.8627824783325195
50328f2c1.jpg,60.0,True,0.8128857612609863
503ac5b28.jpg,117.000192,True,0.8756583333015442
50458b6ea.jpg,57.000192,True,0.8263431787490845
50458b6ea.jpg,20.000256,True,0.3823277950286865
50458b6ea.jpg,13.999872,True,0.4347764849662781
50458b6ea.jpg,80.000256,True,0.8454625010490417
50458b6ea.jpg,10.000128,False,0.0
50458b6ea.jpg,61.999871999999996,True,0.7865540385246277
50473a19c.jpg,10.000128,False,0.0
50473a19c.jpg,55.00032,True,0.7059049010276794
50473a19c.jpg,26.999808,True,0.4168958365917206
50473a19c.jpg,76.99968,True,0.8303236365318298
50473a19c.jpg,7.00032,False,0.0
506f02d11.jpg,15.999744,True,0.44769376516342163
506f02d11.jpg,18.000384,True,0.42933884263038635
506f02d11.jpg,28.99968,True,0.610592246055603
506f09cf3.jpg,62.999808,True,0.8922662138938904
5088fbed2.jpg,92.000256,True,0.8036991953849792
5096a18c5.jpg,31.00032,False,0.0
5096a18c5.jpg,72.99993599999999,True,0.7948510050773621
50b05e394.jpg,156.999936,True,0.9202427268028259
50b3e9e1c.jpg,11.000064,True,0.3325008749961853
50dbf4f4c.jpg,159.999744,True,0.8370136022567749
50f0ea2f1.jpg,70.000128,True,0.8078261613845825
50f2d35e7.jpg,76.99968,True,0.8244524002075195
50f2d35e7.jpg,62.999808,True,0.8277690410614014
50f2d35e7.jpg,52.99968,True,0.7884912490844727
50f2d35e7.jpg,83.00006400000001,True,0.8789390921592712
50f2d35e7.jpg,100.99967999999998,True,0.8408731818199158
50f2d35e7.jpg,49.999871999999996,True,0.8597683906555176
50f4358f2.jpg,84.99993599999999,True,0.8698875904083252
511d30ed8.jpg,24.0,True,0.2905695140361786
5135dde45.jpg,85.999872,True,0.9043480753898621
5135dde45.jpg,70.000128,True,0.832149863243103
5135dde45.jpg,87.999744,True,0.915657639503479
5140f63a7.jpg,116.00025600000001,True,0.9021793603897095
5140f63a7.jpg,12.0,True,0.16552132368087769
51707f72f.jpg,36.0,True,0.6224849224090576
5186615e9.jpg,109.999872,True,0.8124536871910095
518f05554.jpg,21.000192,True,0.16677318513393402
519f3d337.jpg,42.000384,True,0.7043750286102295
519f3d337.jpg,27.999744,True,0.08964720368385315
519f3d337.jpg,36.0,True,0.4359270930290222
519f3d337.jpg,60.0,True,0.32471492886543274
51a56e049.jpg,91.00032,True,0.8922209739685059
51a56e049.jpg,86.999808,True,0.8691877126693726
51b977cc5.jpg,14.999808,False,0.0
521b76192.jpg,12.999936000000002,True,0.5089700818061829
521b76192.jpg,16.999679999999998,True,0.10892856866121292
5223daf26.jpg,24.0,True,0.738876461982727
5225440ac.jpg,23.000064,True,0.6235040426254272
5225440ac.jpg,45.000192,True,0.8600422739982605
5225440ac.jpg,55.00032,True,0.7929044365882874
5225440ac.jpg,43.00032,True,0.09823592752218246
5225440ac.jpg,56.00025599999999,True,0.83360755443573
5225440ac.jpg,61.999871999999996,True,0.789909303188324
5225440ac.jpg,21.000192,True,0.0943935364484787
5225440ac.jpg,45.000192,True,0.6611960530281067
5236c4d25.jpg,16.999679999999998,True,0.08822451531887054
5236c4d25.jpg,228.99993600000002,True,0.8911091089248657
5240bf0bd.jpg,7.00032,True,0.14475098252296448
52489c5ff.jpg,10.000128,True,0.2016315460205078
52554d6ee.jpg,39.999744,True,0.2531382143497467
52554d6ee.jpg,296.00025600000004,True,0.8493034243583679
52554d6ee.jpg,106.000128,True,0.7987996935844421
52554d6ee.jpg,219.999744,True,0.8482551574707031
52554d6ee.jpg,13.999872,True,0.31107932329177856
52554d6ee.jpg,79.00032,True,0.8206686973571777
52554d6ee.jpg,40.99968,True,0.12452290207147598
52554d6ee.jpg,59.000064,True,0.6771509051322937
52554d6ee.jpg,107.00006400000001,True,0.8199042677879333
5257540c4.jpg,34.000128,False,0.0
525b98915.jpg,86.999808,True,0.7269080877304077
52703a6e0.jpg,84.0,True,0.8110992312431335
528fb7b90.jpg,18.000384,True,0.0761229544878006
52993a461.jpg,86.999808,True,0.8653307557106018
52b8a6b7b.jpg,82.000128,True,0.6522285342216492
52b8a6b7b.jpg,260.00025600000004,True,0.8625271916389465
52bd61051.jpg,32.000256,True,0.7290622591972351
52bd61051.jpg,36.999936,True,0.7808430790901184
52d416ad6.jpg,164.000256,True,0.8805827498435974
52deed575.jpg,9.000192,False,0.0
52deed575.jpg,5.9996160000000005,False,0.0
52deed575.jpg,4.99968,False,0.0
52deed575.jpg,8.000256,True,0.102967768907547
52deed575.jpg,7.00032,False,0.0
52deed575.jpg,12.0,False,0.0
52deed575.jpg,4.99968,False,0.0
52deed575.jpg,4.99968,False,0.0
52deed575.jpg,5.9996160000000005,False,0.0
52deed575.jpg,5.9996160000000005,False,0.0
52deed575.jpg,8.000256,False,0.0
52deed575.jpg,4.99968,False,0.0
52deed575.jpg,5.9996160000000005,False,0.0
52deed575.jpg,5.9996160000000005,False,0.0
52deed575.jpg,5.9996160000000005,False,0.0
52f502baa.jpg,162.000384,True,0.8968052864074707
53019f435.jpg,177.000192,True,0.9135277271270752
5301c06b0.jpg,26.999808,False,0.0
5301c06b0.jpg,83.00006400000001,True,0.8113119006156921
5308253c9.jpg,14.999808,True,0.08268776535987854
53331228d.jpg,153.000192,True,0.8582963347434998
53587f9f4.jpg,207.999744,True,0.8646582961082458
53587f9f4.jpg,153.000192,True,0.8359315991401672
5360e7f42.jpg,193.99987199999998,True,0.8427857160568237
539cab1eb.jpg,38.999808,True,0.7942643761634827
539fbe684.jpg,32.000256,True,0.8079038858413696
53a7bbf1f.jpg,8.000256,True,0.2603543996810913
53b260be4.jpg,70.000128,True,0.882158637046814
53b260be4.jpg,130.00012800000002,True,0.9288671016693115
53d5c88cb.jpg,12.999936000000002,True,0.1710703819990158
53d5c88cb.jpg,19.000320000000002,True,0.22238828241825104
53d5c88cb.jpg,15.999744,True,0.12390634417533875
53d7d0fc0.jpg,20.000256,True,0.17444859445095062
53db3ed83.jpg,225.00019199999997,True,0.8950182795524597
53ec90b6d.jpg,44.000256,False,0.0
53ee5a490.jpg,11.000064,True,0.20839501917362213
53ee5a490.jpg,10.000128,True,0.3036210834980011
5413c2733.jpg,11.000064,False,0.0
5413c2733.jpg,272.00025600000004,True,0.9548946022987366
5413c2733.jpg,10.000128,True,0.3221183121204376
54160ea3e.jpg,11.000064,True,0.135291188955307
54160ea3e.jpg,22.000128,True,0.43202996253967285
541a3dd2c.jpg,97.999872,True,0.8826873898506165
5420f242d.jpg,61.999871999999996,True,0.8286646604537964
542e6c911.jpg,13.999872,True,0.12559500336647034
542e6c911.jpg,189.000192,True,0.9111911654472351
542e6c911.jpg,36.0,True,0.8880316615104675
54391cb81.jpg,10.000128,True,0.359988808631897
543d39900.jpg,203.00006399999998,True,0.9066966772079468
5442b4e2d.jpg,80.000256,True,0.8754510879516602
5442b4e2d.jpg,72.99993599999999,True,0.8326117396354675
5442b4e2d.jpg,135.999744,True,0.8465134501457214
5451810a9.jpg,20.000256,True,0.3264710307121277
545a56afc.jpg,79.00032,True,0.7967398166656494
545a56afc.jpg,38.999808,True,0.7914669513702393
54604a0a5.jpg,35.000064,False,0.0
54604a0a5.jpg,21.000192,True,0.14175112545490265
5479776f5.jpg,13.999872,False,0.0
5479776f5.jpg,272.00025600000004,True,0.9310770034790039
54a4f358a.jpg,27.999744,True,0.5519452095031738
54e8ae406.jpg,12.0,True,0.4169856011867523
54e8ae406.jpg,12.0,True,0.05952189862728119
54e8ae406.jpg,12.0,True,0.2774951457977295
54e8ae406.jpg,14.999808,True,0.2628026604652405
54f26faa5.jpg,12.999936000000002,True,0.3504329025745392
54f26faa5.jpg,179.000064,True,0.8171231150627136
54f26faa5.jpg,92.000256,True,0.7762286067008972
54f26faa5.jpg,87.999744,True,0.8764482736587524
54f4d4f03.jpg,76.99968,True,0.8177390694618225
550e65871.jpg,46.000128,True,0.7822537422180176
550e65871.jpg,43.00032,True,0.8263242840766907
550e65871.jpg,46.000128,True,0.8388663530349731
5517c5e5b.jpg,24.999935999999998,True,0.6669759154319763
5517c5e5b.jpg,27.999744,True,0.8085022568702698
5517c5e5b.jpg,108.0,True,0.8825669288635254
5517c5e5b.jpg,23.000064,True,0.5600277781486511
5517c5e5b.jpg,122.999808,True,0.8575053811073303
5517c5e5b.jpg,19.000320000000002,True,0.4805336594581604
5517c5e5b.jpg,24.0,True,0.39234113693237305
5517c5e5b.jpg,112.99967999999998,True,0.8989428877830505
5517c5e5b.jpg,109.999872,True,0.8304157853126526
551b423fe.jpg,203.00006399999998,True,0.8883839249610901
5545f84bc.jpg,11.000064,True,0.6490614414215088
554d79bcb.jpg,167.000064,True,0.8655027747154236
556c9f4ec.jpg,9.000192,True,0.30602574348449707
557bf583e.jpg,8.000256,True,0.18486542999744415
557bf583e.jpg,5.9996160000000005,False,0.0
557bf583e.jpg,10.000128,True,0.06545113772153854
557bf583e.jpg,7.00032,True,0.16486400365829468
557bf583e.jpg,5.9996160000000005,True,0.06481330841779709
557bf583e.jpg,8.000256,True,0.2500002682209015
557bf583e.jpg,9.000192,True,0.25036656856536865
557bf583e.jpg,10.000128,True,0.46924665570259094
557bf583e.jpg,16.999679999999998,True,0.3646605610847473
557bf583e.jpg,7.00032,True,0.22606125473976135
557bf583e.jpg,8.000256,True,0.08680162578821182
557bf583e.jpg,12.0,True,0.5699414610862732
558022404.jpg,147.999744,True,0.8294673562049866
55a95a0da.jpg,12.0,True,0.23574011027812958
55ab796d2.jpg,43.00032,False,0.0
55de990d5.jpg,18.000384,True,0.3423879146575928
55e23a0ba.jpg,15.999744,False,0.0
55e23a0ba.jpg,19.000320000000002,True,0.1180337443947792
55e23a0ba.jpg,22.000128,True,0.06844013929367065
55e23a0ba.jpg,12.0,False,0.0
55e23a0ba.jpg,10.000128,True,0.5314964056015015
55e23a0ba.jpg,50.999808,True,0.7300542593002319
55e23a0ba.jpg,71.00006400000001,True,0.6885459423065186
55e23a0ba.jpg,15.999744,True,0.11475880444049835
55e23a0ba.jpg,12.999936000000002,True,0.42636939883232117
55e23a0ba.jpg,9.000192,True,0.57093346118927
55e23a0ba.jpg,12.999936000000002,False,0.0
55e23a0ba.jpg,50.999808,True,0.8211656808853149
55e23a0ba.jpg,11.000064,False,0.0
55e23a0ba.jpg,12.999936000000002,False,0.0
55e23a0ba.jpg,14.999808,False,0.0
55e96dc18.jpg,15.999744,True,0.38534417748451233
55eff49e8.jpg,180.999936,True,0.8394185304641724
55f15197a.jpg,160.99967999999998,True,0.8909374475479126
55f238f2c.jpg,26.999808,True,0.053383711725473404
55f238f2c.jpg,60.999936,True,0.8101121187210083
56178ee20.jpg,59.000064,True,0.7300723195075989
56178ee20.jpg,60.999936,True,0.42090895771980286
56178ee20.jpg,58.000128000000004,True,0.7377204298973083
56178ee20.jpg,57.000192,True,0.6465851068496704
56178ee20.jpg,57.000192,True,0.4797283709049225
56178ee20.jpg,53.999616,True,0.7328835725784302
5619ffe4d.jpg,18.000384,True,0.34587016701698303
5623df1aa.jpg,10.000128,False,0.0
56317f238.jpg,44.000256,True,0.7850981950759888
56389fabe.jpg,8.000256,True,0.5485823750495911
5648b7b15.jpg,13.999872,True,0.27492207288742065
564e51762.jpg,80.000256,True,0.7606894373893738
565df2a34.jpg,18.000384,False,0.0
565df2a34.jpg,23.000064,False,0.0
566a63bf9.jpg,7.00032,False,0.0
5676dac91.jpg,12.0,True,0.6118083000183105
5676dac91.jpg,2.9998080000000003,False,0.0
5676dac91.jpg,16.999679999999998,True,0.6631913185119629
5676dac91.jpg,21.000192,True,0.6925540566444397
5676dac91.jpg,16.999679999999998,True,0.11904995143413544
5676dac91.jpg,14.999808,True,0.645904541015625
5676dac91.jpg,22.000128,True,0.1707160919904709
5676dac91.jpg,18.000384,True,0.6885072588920593
5676dac91.jpg,16.999679999999998,False,0.0
5676dac91.jpg,16.999679999999998,True,0.6548608541488647
5676dac91.jpg,19.000320000000002,True,0.2818926274776459
5676dac91.jpg,12.0,False,0.0
5676dac91.jpg,13.999872,False,0.0
5676dac91.jpg,18.000384,True,0.6774606704711914
569d2bbea.jpg,48.999936,True,0.5826500058174133
56b0644e9.jpg,15.999744,True,0.06868860870599747
56c76ee08.jpg,49.999871999999996,True,0.8782542943954468
56c76ee08.jpg,10.000128,True,0.168609619140625
56c76ee08.jpg,50.999808,True,0.8200125098228455
56c76ee08.jpg,43.00032,True,0.6964147686958313
56c76ee08.jpg,14.999808,True,0.23769375681877136
56c76ee08.jpg,48.0,True,0.8456293940544128
56d712106.jpg,12.0,True,0.07305240631103516
56eb29104.jpg,19.000320000000002,True,0.43193432688713074
5704b4870.jpg,19.000320000000002,False,0.0
5704b4870.jpg,50.999808,True,0.7925652265548706
5704b4870.jpg,67.00032,True,0.7733434438705444
5704b4870.jpg,52.99968,True,0.7610788941383362
5704b4870.jpg,18.000384,True,0.27287542819976807
5704b4870.jpg,12.0,False,0.0
5704b4870.jpg,12.0,False,0.0
570fec891.jpg,27.999744,True,0.46942028403282166
571d65401.jpg,12.0,True,0.2747182250022888
573cd511c.jpg,72.0,True,0.7951268553733826
573cd511c.jpg,250.00012800000002,True,0.9517862200737
57468bf12.jpg,84.99993599999999,True,0.8944562673568726
575f08435.jpg,226.00012800000002,True,0.9463335275650024
575f08435.jpg,68.000256,True,0.7523524761199951
57610d682.jpg,18.000384,True,0.38367152214050293
5775eda78.jpg,278.99980800000003,True,0.9619569182395935
577f495a3.jpg,28.99968,True,0.7622829079627991
579710af7.jpg,96.0,True,0.8365528583526611
57da7c3ba.jpg,19.000320000000002,True,0.13939785957336426
57db7dee0.jpg,26.999808,True,0.6487900018692017
57db7dee0.jpg,60.0,True,0.6510011553764343
57db7dee0.jpg,83.00006400000001,True,0.8393875360488892
580460a3c.jpg,80.000256,True,0.9066188931465149
58132f5da.jpg,11.000064,False,0.0
58132f5da.jpg,10.000128,False,0.0
582793043.jpg,132.999936,True,0.9257188439369202
583975b3c.jpg,42.000384,True,0.3973933756351471
583975b3c.jpg,48.0,True,0.741276204586029
583975b3c.jpg,50.999808,True,0.3076033294200897
583975b3c.jpg,50.999808,True,0.48284488916397095
583975b3c.jpg,21.000192,True,0.09029615670442581
583975b3c.jpg,23.000064,True,0.6206108331680298
58478be45.jpg,152.000256,True,0.7354772686958313
5857a91a0.jpg,13.999872,True,0.26450324058532715
585d347ae.jpg,3.9997439999999997,False,0.0
585d347ae.jpg,13.999872,True,0.43603232502937317
585def405.jpg,9.000192,True,0.3970794081687927
586c3b15d.jpg,29.999616,True,0.2400904893875122
587e9ce0c.jpg,24.999935999999998,True,0.6977807283401489
587f05106.jpg,32.000256,True,0.6379486918449402
5882eaf47.jpg,19.000320000000002,True,0.4338948130607605
58895f2ef.jpg,99.99974399999999,True,0.8384008407592773
588ae766a.jpg,28.99968,True,0.1337544173002243
588ae766a.jpg,46.000128,True,0.6217889189720154
588ae766a.jpg,47.000064,True,0.6509742736816406
588ae766a.jpg,38.999808,True,0.313141793012619
588ae766a.jpg,40.99968,True,0.16135314106941223
588ae766a.jpg,46.000128,True,0.4855184555053711
58acb8a45.jpg,29.999616,False,0.0
58b878cb9.jpg,157.99987199999998,True,0.8668690919876099
58b878cb9.jpg,93.000192,True,0.858435332775116
58b878cb9.jpg,82.000128,True,0.47953367233276367
58cab45c3.jpg,94.000128,True,0.8749765753746033
58cab45c3.jpg,104.00025600000001,True,0.8870751261711121
58f8fb3e8.jpg,39.999744,True,0.7748430371284485
590d5161f.jpg,70.000128,True,0.8655077219009399
590d5161f.jpg,71.00006400000001,True,0.88480144739151
591cc837a.jpg,11.000064,False,0.0
592fea2dd.jpg,11.000064,True,0.3564845025539398
59478f3f5.jpg,9.000192,True,0.3602601885795593
596092e66.jpg,12.999936000000002,False,0.0
5960c09d9.jpg,204.0,True,0.849727213382721
5960c09d9.jpg,272.00025600000004,True,0.9380745887756348
5974abe64.jpg,16.999679999999998,True,0.5363969802856445
5974abe64.jpg,12.0,True,0.3935074806213379
59839bb17.jpg,36.999936,True,0.6607799530029297
59839bb17.jpg,77.999616,True,0.8761156797409058
59839bb17.jpg,36.999936,True,0.19748736917972565
599bd10c7.jpg,19.000320000000002,True,0.17236725986003876
59a1be1f9.jpg,12.999936000000002,True,0.31598421931266785
59bb7d5b8.jpg,59.000064,True,0.892234742641449
59bf5d1b7.jpg,85.999872,True,0.9001582264900208
59c472665.jpg,22.000128,True,0.4317912459373474
59c89fe1a.jpg,114.000384,True,0.8194913864135742
59e406b7e.jpg,14.999808,True,0.46518781781196594
59f4e4cf9.jpg,11.000064,True,0.19807925820350647
59f4e4cf9.jpg,4.99968,False,0.0
5a167eb1f.jpg,136.99967999999998,True,0.8593884706497192
5a167eb1f.jpg,60.999936,True,0.8444440960884094
5a167eb1f.jpg,72.0,True,0.7979960441589355
5a243dfc1.jpg,7.00032,False,0.0
5a51097a5.jpg,59.000064,True,0.889499306678772
5a515f355.jpg,11.000064,True,0.3033711016178131
5a515f355.jpg,74.999808,True,0.7881092429161072
5a5775ea1.jpg,84.99993599999999,True,0.6734205484390259
5a5dd5955.jpg,12.999936000000002,True,0.1846308559179306
5a5e8d038.jpg,76.99968,True,0.8266789317131042
5a5e8d038.jpg,19.000320000000002,True,0.10174927115440369
5a6a1958b.jpg,18.000384,True,0.390602171421051
5a6a1958b.jpg,88.99968,True,0.7704082131385803
5a92876a4.jpg,132.999936,True,0.9231707453727722
5aaccbeb9.jpg,19.000320000000002,False,0.0
5acfea976.jpg,62.999808,True,0.8532083630561829
5acfea976.jpg,72.99993599999999,True,0.8491314649581909
5ae8a36e7.jpg,24.999935999999998,True,0.15987175703048706
5afcf25e6.jpg,13.999872,True,0.23827460408210754
5b1a9d6d2.jpg,76.99968,True,0.8307217955589294
5b1a9d6d2.jpg,21.000192,True,0.4004271626472473
5b2ec9852.jpg,20.000256,True,0.5842292904853821
5b2ec9852.jpg,142.00012800000002,True,0.8875462412834167
5b2ec9852.jpg,22.000128,True,0.4970133900642395
5b5ee5ecb.jpg,87.999744,True,0.9047448635101318
5b5ee5ecb.jpg,272.00025600000004,True,0.91351717710495
5b5efcd3a.jpg,37.999872,True,0.703689694404602
5b5efcd3a.jpg,21.000192,True,0.64055997133255
5b5efcd3a.jpg,85.999872,True,0.9055345058441162
5b5efcd3a.jpg,145.99987199999998,True,0.8822899460792542
5b686f606.jpg,179.000064,True,0.8525145053863525
5b8112f79.jpg,12.0,False,0.0
5b8d4908d.jpg,20.000256,True,0.382535457611084
5b8d4908d.jpg,18.000384,True,0.17896750569343567
5b91642be.jpg,24.999935999999998,True,0.13570715487003326
5b9a12be9.jpg,14.999808,True,0.24456030130386353
5ba195ac8.jpg,62.999808,True,0.7719770669937134
5ba195ac8.jpg,29.999616,True,0.6647918224334717
5ba9557ef.jpg,10.000128,True,0.053028639405965805
5ba9557ef.jpg,70.000128,False,0.0
5ba9557ef.jpg,14.999808,False,0.0
5ba9557ef.jpg,22.000128,True,0.45592474937438965
5ba9557ef.jpg,11.000064,True,0.09904713183641434
5ba9557ef.jpg,12.0,False,0.0
5ba9557ef.jpg,13.999872,False,0.0
5ba9557ef.jpg,8.000256,True,0.12464939057826996
5ba9557ef.jpg,12.0,True,0.10361289978027344
5ba9557ef.jpg,9.000192,False,0.0
5ba9557ef.jpg,97.999872,True,0.15226975083351135
5ba9557ef.jpg,29.999616,False,0.0
5ba9557ef.jpg,10.000128,True,0.0926646888256073
5ba9557ef.jpg,11.000064,False,0.0
5ba9557ef.jpg,11.000064,True,0.13728412985801697
5bd3a9e70.jpg,12.999936000000002,True,0.26553550362586975
5bfdbe3f2.jpg,96.0,True,0.8910819292068481
5c1a4ef79.jpg,9.000192,False,0.0
5c1c6a22d.jpg,55.00032,True,0.7828053832054138
5c1c6a22d.jpg,53.999616,True,0.7826063632965088
5c1ebb538.jpg,134.999808,True,0.8308476209640503
5c2166eeb.jpg,120.99993599999999,True,0.8241222500801086
5c26ac9cb.jpg,39.999744,True,0.3926490545272827
5c29df2f0.jpg,158.999808,True,0.9188324809074402
5c378381f.jpg,8.000256,True,0.15119706094264984
5c3b38449.jpg,33.000192,True,0.39458703994750977
5c48ac422.jpg,9.000192,True,0.10504034161567688
5c48ac422.jpg,4.99968,False,0.0
5c48ac422.jpg,8.000256,True,0.19512711465358734
5c48ac422.jpg,8.000256,True,0.26760774850845337
5c48ac422.jpg,7.00032,True,0.4410908818244934
5c512aff1.jpg,67.00032,True,0.847107470035553
5c512aff1.jpg,61.999871999999996,True,0.18952548503875732
5c512aff1.jpg,165.000192,True,0.8675094246864319
5c512aff1.jpg,67.00032,True,0.17208242416381836
5c512aff1.jpg,59.000064,True,0.6849110126495361
5c512aff1.jpg,52.99968,False,0.0
5c6268e92.jpg,124.99967999999998,True,0.900031328201294
5c6a26d22.jpg,79.00032,True,0.8883435130119324
5c6a26d22.jpg,59.000064,True,0.76927649974823
5c89344fa.jpg,39.999744,True,0.0675644725561142
5c9fae21c.jpg,18.000384,True,0.38141971826553345
5cd6511f8.jpg,3.9997439999999997,False,0.0
5ce319150.jpg,25.999872000000003,True,0.05417661368846893
5d13bfeca.jpg,33.000192,True,0.6969484090805054
5d13bfeca.jpg,12.0,False,0.0
5d13bfeca.jpg,10.000128,False,0.0
5d13bfeca.jpg,12.999936000000002,True,0.2791754901409149
5d171e4ac.jpg,73.999872,True,0.5787765383720398
5d171e4ac.jpg,20.000256,True,0.34442374110221863
5d171e4ac.jpg,12.999936000000002,True,0.3484664857387543
5d34a48b8.jpg,152.000256,True,0.9153667688369751
5d34a48b8.jpg,26.999808,True,0.7206689715385437
5d34a48b8.jpg,74.999808,True,0.7735382318496704
5d34a48b8.jpg,72.99993599999999,True,0.8954045176506042
5d34a48b8.jpg,70.000128,True,0.8592891693115234
5d34a48b8.jpg,72.99993599999999,True,0.9007687568664551
5d44cf827.jpg,123.99974399999999,True,0.9097868800163269
5d44cf827.jpg,26.999808,True,0.30903592705726624
5d44cf827.jpg,147.999744,True,0.9171838164329529
5d44cf827.jpg,15.999744,True,0.35719364881515503
5d518d410.jpg,261.00019199999997,True,0.8848249912261963
5d580dbe1.jpg,14.999808,True,0.6252807974815369
5d6757316.jpg,81.000192,True,0.7628948092460632
5d6757316.jpg,73.999872,True,0.7324981093406677
5d6d16fbc.jpg,157.99987199999998,True,0.8782734274864197
5da7d74ab.jpg,51.99974400000001,True,0.6429678201675415
5da7d74ab.jpg,96.99993599999999,True,0.8069738745689392
5da7d74ab.jpg,64.99968,True,0.7033016681671143
5da7d74ab.jpg,72.0,True,0.7064982056617737
5da7d74ab.jpg,24.999935999999998,True,0.279358834028244
5da7d74ab.jpg,72.99993599999999,True,0.7843561172485352
5da7d74ab.jpg,43.00032,True,0.26283544301986694
5e02a0604.jpg,26.999808,False,0.0
5e05db88b.jpg,158.999808,True,0.9131180047988892
5e05db88b.jpg,15.999744,True,0.612150251865387
5e0b48427.jpg,13.999872,False,0.0
5e10b2a05.jpg,207.999744,True,0.8935624361038208
5e18d3150.jpg,10.000128,False,0.0
5e1b9f458.jpg,43.00032,True,0.38577160239219666
5e1b9f458.jpg,36.0,True,0.14055147767066956
5e1b9f458.jpg,37.999872,True,0.5525840520858765
5e1b9f458.jpg,40.99968,True,0.5135539174079895
5e1b9f458.jpg,31.00032,True,0.16874991357326508
5e1b9f458.jpg,59.000064,True,0.7863649725914001
5e2ecc92b.jpg,23.000064,True,0.3659462630748749
5e31f3b00.jpg,133.99987199999998,True,0.889610230922699
5e31f3b00.jpg,67.00032,True,0.8430188298225403
5e31f3b00.jpg,76.99968,True,0.7609742879867554
5e31f3b00.jpg,155.000064,True,0.8356978297233582
5e4318f79.jpg,58.000128000000004,True,0.8467814922332764
5e4318f79.jpg,58.000128000000004,True,0.9101264476776123
5e4389b28.jpg,28.99968,True,0.7722808718681335
5e4b96122.jpg,111.99974399999999,True,0.8676088452339172
5e61b3464.jpg,42.000384,False,0.0
5e7670d13.jpg,21.000192,True,0.14310921728610992
5e76f1c26.jpg,16.999679999999998,True,0.4013035297393799
5e76f1c26.jpg,114.000384,True,0.8171558976173401
5e76f1c26.jpg,12.999936000000002,True,0.41770967841148376
5e76f1c26.jpg,12.999936000000002,True,0.06658640503883362
5e76f1c26.jpg,12.999936000000002,True,0.31530293822288513
5e7e13572.jpg,26.999808,True,0.38120853900909424
5e7e13572.jpg,46.000128,True,0.7740946412086487
5eb0a58bc.jpg,75.999744,True,0.8270831108093262
5eb713fd8.jpg,130.00012800000002,True,0.8388354778289795
5ec7f2338.jpg,181.99987199999998,True,0.8105584383010864
5ec7f2338.jpg,87.999744,True,0.7914831042289734
5ec7f2338.jpg,197.999616,True,0.833977997303009
5ecea870b.jpg,11.000064,False,0.0
5ecea870b.jpg,12.0,True,0.18138934671878815
5ecea870b.jpg,140.000256,True,0.8691264986991882
5ecea870b.jpg,136.99967999999998,True,0.8081164956092834
5ecea870b.jpg,15.999744,True,0.10961993038654327
5ed922c43.jpg,196.99968,True,0.8071000576019287
5ef3977df.jpg,16.999679999999998,True,0.4260004460811615
5ef5e8aa9.jpg,31.00032,True,0.42190906405448914
5ef5e8aa9.jpg,16.999679999999998,True,0.05355435237288475
5ef5e8aa9.jpg,15.999744,True,0.186919167637825
5ef5e8aa9.jpg,32.000256,False,0.0
5ef5e8aa9.jpg,49.999871999999996,True,0.6176434755325317
5ef5e8aa9.jpg,15.999744,True,0.2594451606273651
5ef5e8aa9.jpg,18.000384,False,0.0
5ef5e8aa9.jpg,15.999744,False,0.0
5ef5e8aa9.jpg,15.999744,True,0.18216834962368011
5ef5e8aa9.jpg,45.000192,True,0.6142023801803589
5efecf273.jpg,195.999744,True,0.8776024580001831
5efee2828.jpg,192.0,True,0.9201555252075195
5f1817b60.jpg,101.999616,True,0.9099184274673462
5f4ad3032.jpg,39.999744,True,0.5886096358299255
5f4ad3032.jpg,49.999871999999996,True,0.6420690417289734
5f4ad3032.jpg,162.000384,True,0.8671146631240845
5f4ad3032.jpg,53.999616,True,0.737425684928894
5f4ad3032.jpg,49.999871999999996,True,0.6726609468460083
5f4ad3032.jpg,60.0,True,0.054334837943315506
5f525b723.jpg,72.0,True,0.8261491656303406
5f7482430.jpg,12.999936000000002,True,0.6296054124832153
5f7482430.jpg,11.000064,True,0.6202743649482727
5f7482430.jpg,9.000192,True,0.6873525381088257
5f7482430.jpg,8.000256,True,0.5023443698883057
5fac14abb.jpg,156.999936,True,0.8760749101638794
5fac14abb.jpg,57.000192,False,0.0
5fac14abb.jpg,14.999808,True,0.4425174593925476
5fac14abb.jpg,88.99968,True,0.8711495995521545
5fad659cd.jpg,36.999936,True,0.6699817776679993
5fad659cd.jpg,38.999808,True,0.7402953505516052
5fb258778.jpg,16.999679999999998,True,0.5854377150535583
5fb258778.jpg,8.000256,False,0.0
5fb258778.jpg,10.000128,True,0.28825926780700684
5fbe0d723.jpg,25.999872000000003,True,0.7708120346069336
5fbe0d723.jpg,19.000320000000002,True,0.08767003566026688
5fbe0d723.jpg,22.000128,True,0.7489157915115356
5fbe0d723.jpg,18.000384,True,0.5201994776725769
5fbe53511.jpg,97.999872,True,0.7982261180877686
5fc456f68.jpg,208.99968,True,0.9356786608695984
5fd44dd8b.jpg,15.999744,True,0.39327237010002136
5fe620edf.jpg,16.999679999999998,True,0.4981112480163574
5fe8fdae8.jpg,154.00012800000002,True,0.925163984298706
5fffefe8f.jpg,44.000256,True,0.6136250495910645
600bfedf2.jpg,24.0,True,0.33776840567588806
600bfedf2.jpg,16.999679999999998,True,0.19927436113357544
600bfedf2.jpg,50.999808,True,0.8235374689102173
600bfedf2.jpg,32.000256,True,0.6601266264915466
6013e1698.jpg,86.999808,True,0.8200342655181885
6013e1698.jpg,7.00032,False,0.0
60338a3a3.jpg,36.999936,True,0.2801174521446228
605df5867.jpg,125.999616,True,0.8955065011978149
605df5867.jpg,20.000256,True,0.11455459892749786
6071c4d05.jpg,186.000384,True,0.7858393788337708
607a6818b.jpg,217.99987199999998,True,0.8795114755630493
608183831.jpg,163.00032000000002,True,0.9110493659973145
6084eb347.jpg,29.999616,True,0.4679630398750305
6084eb347.jpg,28.99968,True,0.49357667565345764
6084eb347.jpg,33.000192,True,0.6067183017730713
6084eb347.jpg,23.000064,True,0.28135746717453003
6084eb347.jpg,27.999744,True,0.31376996636390686
6084eb347.jpg,31.00032,True,0.4936133921146393
6086db4b3.jpg,92.000256,True,0.8730762004852295
60c19b344.jpg,162.000384,True,0.8948885202407837
60d951c13.jpg,16.999679999999998,True,0.5626667737960815
60fb74cec.jpg,14.999808,True,0.37268033623695374
60fca886c.jpg,88.99968,True,0.36150190234184265
6109bea53.jpg,45.000192,True,0.23176226019859314
611b87d1b.jpg,151.00032000000002,True,0.7865037322044373
611b87d1b.jpg,210.000384,True,0.9216197729110718
611bdd0f6.jpg,46.000128,True,0.6744683980941772
611bdd0f6.jpg,124.99967999999998,True,0.8734686970710754
611c6d977.jpg,9.000192,True,0.46222615242004395
611c6d977.jpg,8.000256,True,0.4061172306537628
612f58fd0.jpg,84.99993599999999,True,0.6297443509101868
612f58fd0.jpg,55.00032,True,0.6547755002975464
612f58fd0.jpg,38.999808,True,0.4487312138080597
61482ae75.jpg,10.000128,False,0.0
6171d14ca.jpg,79.00032,True,0.7475853562355042
6192d732b.jpg,191.000064,True,0.7408639192581177
6192d732b.jpg,250.00012800000002,True,0.7543937563896179
619969782.jpg,10.000128,True,0.1415605992078781
61b351949.jpg,130.00012800000002,True,0.8980567455291748
61b351949.jpg,16.999679999999998,True,0.3971821665763855
61b63d0b4.jpg,24.999935999999998,True,0.15080441534519196
61b77138e.jpg,18.000384,False,0.0
61b798331.jpg,22.000128,True,0.1641295999288559
61bca572a.jpg,25.999872000000003,True,0.4765721559524536
61d58ee7b.jpg,67.00032,True,0.8332089185714722
61dc40fd1.jpg,194.99980800000003,True,0.9021501541137695
61dc82daf.jpg,77.999616,True,0.6176193952560425
61df3baf8.jpg,204.99993600000002,True,0.8863098621368408
61e0635a9.jpg,83.00006400000001,True,0.9037789702415466
61ead3a8f.jpg,12.0,True,0.6695324778556824
61ead3a8f.jpg,12.999936000000002,True,0.17882126569747925
61eea7bd2.jpg,38.999808,True,0.4338630139827728
61f4b7093.jpg,109.999872,True,0.9006104469299316
61fef9752.jpg,55.00032,True,0.8345506191253662
620efe0a7.jpg,96.0,True,0.7223320007324219
622d6d0d4.jpg,14.999808,True,0.10494104772806168
624499178.jpg,11.000064,False,0.0
624499178.jpg,12.0,False,0.0
624499178.jpg,11.000064,False,0.0
624499178.jpg,12.999936000000002,True,0.10608205944299698
624499178.jpg,12.0,True,0.11071283370256424
624499178.jpg,10.000128,False,0.0
624499178.jpg,10.000128,False,0.0
624499178.jpg,9.000192,False,0.0
624499178.jpg,14.999808,True,0.06573175638914108
6258df304.jpg,10.000128,True,0.34924787282943726
6258df304.jpg,10.000128,True,0.5683544874191284
6260359bc.jpg,93.000192,True,0.8582920432090759
627b570cb.jpg,112.99967999999998,True,0.8894083499908447
628bda4f0.jpg,129.000192,True,0.8405269980430603
628bda4f0.jpg,12.999936000000002,True,0.4458773136138916
629e69227.jpg,201.00019199999997,True,0.8660066723823547
62b783d1a.jpg,224.000256,True,0.7966124415397644
62bb9b5ca.jpg,10.000128,False,0.0
62bebb389.jpg,73.999872,True,0.8345270752906799
62bebb389.jpg,38.999808,True,0.7031379342079163
62c360fc7.jpg,45.000192,True,0.82887864112854
62ccf1448.jpg,5.9996160000000005,False,0.0
62dc7c9bc.jpg,39.999744,False,0.0
62dc7c9bc.jpg,47.000064,True,0.18099826574325562
62dc7c9bc.jpg,45.000192,False,0.0
62dc7c9bc.jpg,45.000192,False,0.0
62dc7c9bc.jpg,53.999616,True,0.6454514861106873
62dc7c9bc.jpg,61.999871999999996,True,0.37297993898391724
62dc7c9bc.jpg,56.00025599999999,False,0.0
62faad686.jpg,179.000064,True,0.9133879542350769
62fbfe8e6.jpg,158.999808,True,0.8943614959716797
6309f9044.jpg,5.9996160000000005,False,0.0
6323b94b0.jpg,16.999679999999998,True,0.11021517217159271
6323b94b0.jpg,63.99974400000001,True,0.7489783763885498
6323b94b0.jpg,13.999872,True,0.5299915671348572
63340414f.jpg,134.999808,True,0.7494860291481018
63340414f.jpg,82.000128,True,0.7605855464935303
633b0cc46.jpg,104.00025600000001,True,0.8093766570091248
6341a8392.jpg,19.000320000000002,True,0.5870400667190552
63488d54b.jpg,7.00032,False,0.0
635879d30.jpg,12.999936000000002,False,0.0
635879d30.jpg,18.000384,True,0.4217853248119354
635879d30.jpg,19.000320000000002,True,0.3684571385383606
635879d30.jpg,13.999872,False,0.0
635879d30.jpg,20.000256,True,0.4058104157447815
6359bb31f.jpg,11.000064,False,0.0
6359bb31f.jpg,10.000128,False,0.0
6359bb31f.jpg,11.000064,False,0.0
6359bb31f.jpg,9.000192,True,0.2168443500995636
636e10852.jpg,7.00032,False,0.0
6371e60a3.jpg,151.00032000000002,True,0.9142566919326782
6375178e4.jpg,48.999936,True,0.5755245089530945
63948cf16.jpg,14.999808,True,0.458985298871994
63948cf16.jpg,16.999679999999998,True,0.6258924007415771
63948cf16.jpg,15.999744,True,0.22758078575134277
63948cf16.jpg,16.999679999999998,True,0.616359293460846
63b04978d.jpg,88.99968,True,0.8980745077133179
63b70edf2.jpg,20.000256,True,0.5982642769813538
63b70edf2.jpg,71.00006400000001,True,0.8522084355354309
63d15cc3f.jpg,22.000128,True,0.5989448428153992
63e3e34f5.jpg,60.0,True,0.7624976634979248
63f047d76.jpg,52.99968,True,0.8556745648384094
63f91fd81.jpg,88.99968,True,0.8621808886528015
63f91fd81.jpg,61.999871999999996,True,0.23897980153560638
6448b9251.jpg,16.999679999999998,True,0.6132939457893372
646d868da.jpg,40.99968,True,0.8208751678466797
646d868da.jpg,24.999935999999998,True,0.7522817254066467
646d868da.jpg,58.000128000000004,True,0.7935909032821655
646d868da.jpg,44.000256,True,0.6952467560768127
646d868da.jpg,67.00032,True,0.7933560609817505
646d868da.jpg,63.99974400000001,False,0.0
646d868da.jpg,12.999936000000002,True,0.2562975585460663
646fe7e2b.jpg,39.999744,True,0.7803560495376587
646fe7e2b.jpg,50.999808,True,0.7953164577484131
646fe7e2b.jpg,72.0,True,0.904966413974762
646fe7e2b.jpg,70.000128,True,0.8359558582305908
647f1ade6.jpg,13.999872,True,0.20721125602722168
647f1ade6.jpg,27.999744,True,0.5501129627227783
6487b626e.jpg,62.999808,True,0.8245875835418701
6487b626e.jpg,15.999744,True,0.43445706367492676
648bca076.jpg,25.999872000000003,True,0.31297656893730164
649b2e8ec.jpg,151.00032000000002,True,0.9133522510528564
649bc21de.jpg,23.000064,False,0.0
64a7549ff.jpg,10.000128,False,0.0
64a7549ff.jpg,9.000192,False,0.0
64a7549ff.jpg,10.000128,False,0.0
64a7549ff.jpg,10.000128,False,0.0
64a7549ff.jpg,9.000192,False,0.0
64a7549ff.jpg,9.000192,False,0.0
64a7549ff.jpg,10.000128,False,0.0
64a7549ff.jpg,9.000192,False,0.0
64a7549ff.jpg,10.000128,False,0.0
64a7549ff.jpg,8.000256,False,0.0
64a7549ff.jpg,9.000192,False,0.0
64b2eba37.jpg,170.999808,True,0.9271676540374756
64b2eba37.jpg,60.999936,True,0.8499736189842224
64c6a0837.jpg,180.0,True,0.9243818521499634
64cfe2eee.jpg,83.00006400000001,True,0.8501726984977722
64cfe2eee.jpg,168.999936,True,0.9304466247558594
64d4a0a5c.jpg,24.999935999999998,True,0.5810145139694214
64d4a0a5c.jpg,101.999616,True,0.8723388910293579
64e99cf7f.jpg,15.999744,True,0.16963888704776764
650485548.jpg,19.000320000000002,True,0.4869738817214966
65119ed3f.jpg,73.999872,True,0.8843526840209961
6511aeb37.jpg,52.99968,True,0.6857141256332397
655875570.jpg,7.00032,True,0.37660902738571167
656335508.jpg,31.00032,True,0.09222441911697388
656335508.jpg,85.999872,True,0.8821379542350769
656335508.jpg,19.000320000000002,True,0.32564955949783325
656392ff0.jpg,21.000192,True,0.6353412866592407
656392ff0.jpg,72.0,True,0.8629216551780701
656ac2333.jpg,132.999936,True,0.8819279074668884
656ac6382.jpg,81.000192,True,0.8226810693740845
656ac6382.jpg,112.99967999999998,True,0.8846336007118225
656ce5bbc.jpg,133.99987199999998,True,0.8910218477249146
656ce5bbc.jpg,156.999936,True,0.9191214442253113
656e328c3.jpg,19.000320000000002,True,0.34485486149787903
6571aaec6.jpg,179.000064,True,0.882621705532074
6571aaec6.jpg,63.99974400000001,True,0.7421701550483704
6571aaec6.jpg,163.00032000000002,True,0.787032961845398
6571aaec6.jpg,109.999872,True,0.8295034766197205
6571aaec6.jpg,81.000192,True,0.82220858335495
657957194.jpg,80.000256,True,0.7713621258735657
65862b293.jpg,141.000192,True,0.8259865641593933
65862b293.jpg,29.999616,True,0.05329924449324608
6597cc0af.jpg,48.999936,True,0.7199972867965698
659bb04d1.jpg,211.00032,True,0.9290165901184082
659bb04d1.jpg,70.000128,True,0.7790250778198242
65a4b32f6.jpg,29.999616,True,0.11833633482456207
65a4b32f6.jpg,60.999936,True,0.7910736203193665
65a4b32f6.jpg,37.999872,True,0.8544280529022217
65b4b2708.jpg,19.000320000000002,True,0.38799145817756653
65bb54bb5.jpg,25.999872000000003,True,0.5866491198539734
65c56212f.jpg,46.000128,True,0.5077815055847168
65c56212f.jpg,43.00032,True,0.4992716312408447
66039a7fc.jpg,14.999808,True,0.34704509377479553
66114c351.jpg,107.00006400000001,False,0.0
66114c351.jpg,110.999808,True,0.7829165458679199
66339de00.jpg,72.0,True,0.877223789691925
66339de00.jpg,42.000384,True,0.7643317580223083
6649b3107.jpg,33.000192,False,0.0
66533ee72.jpg,85.999872,True,0.7987081408500671
665dd4cd2.jpg,85.999872,True,0.8164006471633911
665dd4cd2.jpg,204.0,True,0.857416570186615
667ca2d49.jpg,21.000192,False,0.0
667ca2d49.jpg,27.999744,True,0.08228174597024918
667ca2d49.jpg,25.999872000000003,True,0.0650910884141922
66bdead5e.jpg,8.000256,True,0.05766301602125168
66bdead5e.jpg,9.000192,True,0.4900099039077759
66bdead5e.jpg,8.000256,True,0.24820366501808167
66bdead5e.jpg,4.99968,False,0.0
66bdead5e.jpg,8.000256,True,0.07056143879890442
66bdead5e.jpg,3.9997439999999997,False,0.0
66bdead5e.jpg,11.000064,False,0.0
66bdead5e.jpg,9.000192,True,0.1108812540769577
66bdead5e.jpg,7.00032,True,0.4695384204387665
66bdead5e.jpg,8.000256,True,0.1599447876214981
66bdead5e.jpg,8.000256,True,0.30162283778190613
66be2652d.jpg,24.0,False,0.0
66c7c3361.jpg,73.999872,False,0.0
66c7c3361.jpg,97.999872,True,0.8666882514953613
66c7c3361.jpg,88.99968,True,0.8652201890945435
66c7c3361.jpg,183.999744,True,0.9032235145568848
66e928af2.jpg,21.000192,True,0.0955582857131958
670786bb5.jpg,8.000256,True,0.47806310653686523
670858070.jpg,157.99987199999998,True,0.7420181035995483
67147851e.jpg,186.000384,True,0.9071213006973267
6736a0369.jpg,217.99987199999998,True,0.9604655504226685
6744b9fda.jpg,132.999936,True,0.9282422661781311
6749af8c4.jpg,76.99968,True,0.874816358089447
6749af8c4.jpg,192.99993600000002,True,0.86534184217453
6749af8c4.jpg,14.999808,True,0.39229875802993774
6749af8c4.jpg,87.999744,True,0.8235523104667664
6754809e8.jpg,24.999935999999998,True,0.19043155014514923
67577cbaf.jpg,21.000192,True,0.16075949370861053
67577cbaf.jpg,27.999744,True,0.3385330140590668
67577cbaf.jpg,29.999616,True,0.5132203102111816
67577cbaf.jpg,23.000064,True,0.5190882682800293
67577cbaf.jpg,33.000192,True,0.6492649912834167
677099af4.jpg,108.99993599999999,True,0.8642727732658386
677099af4.jpg,108.99993599999999,True,0.8857731819152832
679a3f8ae.jpg,16.999679999999998,True,0.3731728494167328
67c7f5fc8.jpg,159.999744,True,0.8792313933372498
67ca61dc8.jpg,33.000192,True,0.48651689291000366
67d0991d8.jpg,7.00032,False,0.0
67d29dc4b.jpg,158.999808,True,0.8935429453849792
67e0507b6.jpg,168.999936,True,0.8750864267349243
67e60a8f5.jpg,11.000064,True,0.190891295671463
67f5433fb.jpg,50.999808,True,0.8094697594642639
67f5433fb.jpg,39.999744,True,0.8568705916404724
67f5433fb.jpg,73.999872,True,0.8455170392990112
680a0f26e.jpg,67.00032,True,0.8662742972373962
680a0f26e.jpg,58.000128000000004,True,0.8742479085922241
682897b9d.jpg,139.00032000000002,True,0.8790468573570251
682c98497.jpg,12.999936000000002,True,0.49040907621383667
68313ac45.jpg,165.000192,True,0.8514518141746521
68313ac45.jpg,79.00032,True,0.7758108973503113
68313ac45.jpg,39.999744,True,0.6897018551826477
6832af874.jpg,24.0,True,0.0576285757124424
6854f3853.jpg,33.000192,False,0.0
68695274d.jpg,7.00032,False,0.0
688002f2e.jpg,140.000256,True,0.9310020804405212
688002f2e.jpg,22.000128,True,0.16039930284023285
688002f2e.jpg,15.999744,True,0.3246484100818634
68a12828c.jpg,12.0,True,0.14850769937038422
68a12828c.jpg,12.999936000000002,True,0.2531973421573639
68a7b2d4b.jpg,64.99968,True,0.689670205116272
68a7b2d4b.jpg,46.000128,True,0.8091099858283997
68a7b2d4b.jpg,44.000256,True,0.7162151336669922
68a8e8e37.jpg,35.000064,True,0.7079168558120728
68c40ca8e.jpg,39.999744,True,0.10338035970926285
68f4cb257.jpg,53.999616,True,0.7306680083274841
68f63fbf0.jpg,163.00032000000002,True,0.8968715071678162
68f8871cc.jpg,124.99967999999998,True,0.8362258672714233
69250c972.jpg,23.000064,True,0.3719917833805084
692db5693.jpg,135.999744,True,0.8665533065795898
693912e96.jpg,49.999871999999996,True,0.8358026146888733
693e1e4f8.jpg,5.9996160000000005,False,0.0
693e1e4f8.jpg,12.999936000000002,False,0.0
693e1e4f8.jpg,8.000256,False,0.0
693e1e4f8.jpg,2.9998080000000003,False,0.0
693e1e4f8.jpg,7.00032,False,0.0
693e1e4f8.jpg,13.999872,False,0.0
69473a9b2.jpg,120.0,True,0.8904755115509033
695459a6e.jpg,7.00032,False,0.0
696989b81.jpg,71.00006400000001,True,0.845913290977478
696989b81.jpg,94.000128,True,0.884248673915863
697e3d6da.jpg,58.000128000000004,True,0.6999636888504028
69a3b7bed.jpg,5.9996160000000005,False,0.0
69a69a0f4.jpg,60.0,True,0.7825025320053101
69a69a0f4.jpg,12.999936000000002,False,0.0
69a69a0f4.jpg,60.999936,True,0.8606482148170471
69af45068.jpg,14.999808,True,0.051152098923921585
69b5fb859.jpg,18.000384,True,0.6056364178657532
69b5fb859.jpg,15.999744,True,0.31908711791038513
69b5fb859.jpg,20.000256,True,0.6280220746994019
69bf94ef2.jpg,12.0,True,0.6346583366394043
69cd19665.jpg,83.00006400000001,True,0.8758454918861389
69cd82614.jpg,58.000128000000004,True,0.855348527431488
69cd82614.jpg,52.99968,True,0.854076623916626
69cd82614.jpg,106.000128,True,0.8844491243362427
69cd82614.jpg,74.999808,True,0.8871600031852722
69cd82614.jpg,96.99993599999999,True,0.8977611064910889
69d134368.jpg,19.000320000000002,True,0.5034219622612
69d134368.jpg,186.000384,True,0.8690798282623291
69d93e8ee.jpg,46.000128,True,0.5545336008071899
69d93e8ee.jpg,72.99993599999999,True,0.6433237195014954
69dc2e683.jpg,120.99993599999999,True,0.8575181365013123
69de5849b.jpg,117.000192,True,0.8900790810585022
69de5849b.jpg,123.99974399999999,True,0.873818039894104
6a0062f22.jpg,26.999808,True,0.09050072729587555
6a1d3f858.jpg,18.000384,True,0.11716800928115845
6a296f3cf.jpg,16.999679999999998,True,0.17391948401927948
6a296f3cf.jpg,18.000384,True,0.4693274199962616
6a296f3cf.jpg,154.00012800000002,True,0.8704572916030884
6a296f3cf.jpg,211.00032,True,0.9383702874183655
6a42583d4.jpg,108.0,True,0.8940646648406982
6a49fb569.jpg,142.00012800000002,True,0.869741678237915
6a4a609f7.jpg,12.0,True,0.4425576627254486
6a4a609f7.jpg,12.0,True,0.45804187655448914
6a4a609f7.jpg,12.0,True,0.1830984205007553
6a4ac74eb.jpg,94.000128,True,0.8555713891983032
6a4ac74eb.jpg,90.000384,True,0.8604989647865295
6a4ac74eb.jpg,98.999808,True,0.8877791166305542
6a5a2f87d.jpg,171.999744,True,0.9212793707847595
6a75ef9a7.jpg,111.99974399999999,True,0.8565642833709717
6a76143a3.jpg,20.000256,True,0.3857429325580597
6a7b004f1.jpg,121.999872,True,0.8969426155090332
6a7b004f1.jpg,28.99968,True,0.6858367919921875
6a7b004f1.jpg,16.999679999999998,True,0.632014274597168
6a7f33570.jpg,67.00032,True,0.7477321624755859
6ab1ce750.jpg,157.99987199999998,True,0.8787398338317871
6ac23c021.jpg,15.999744,True,0.17251111567020416
6ac3552aa.jpg,50.999808,True,0.8155101537704468
6ac3552aa.jpg,45.000192,True,0.8294598460197449
6ad94a376.jpg,66.000384,True,0.6418033242225647
6ade38029.jpg,5.9996160000000005,False,0.0
6ade38029.jpg,9.000192,False,0.0
6ae2803e7.jpg,53.999616,True,0.8678992986679077
6ae2803e7.jpg,52.99968,True,0.8314154744148254
6af49af68.jpg,153.000192,True,0.9183456301689148
6b09f1f3a.jpg,11.000064,True,0.35889795422554016
6b09f1f3a.jpg,12.999936000000002,False,0.0
6b17ea500.jpg,180.0,True,0.8497765064239502
6b2dbc7a7.jpg,24.0,True,0.10616827011108398
6b46f58f6.jpg,11.000064,True,0.12406405806541443
6b46f58f6.jpg,13.999872,True,0.49020856618881226
6b6689889.jpg,20.000256,True,0.3671262562274933
6b6e41e58.jpg,155.000064,True,0.8454357385635376
6b71d1b7f.jpg,58.000128000000004,True,0.8191120624542236
6b7814fac.jpg,77.999616,True,0.8337916731834412
6b7814fac.jpg,60.0,True,0.621744692325592
6b7814fac.jpg,50.999808,True,0.6448491811752319
6b7814fac.jpg,57.000192,True,0.24429063498973846
6b7814fac.jpg,56.00025599999999,True,0.8321375250816345
6b7814fac.jpg,32.000256,False,0.0
6b7814fac.jpg,45.000192,True,0.7320526838302612
6b7814fac.jpg,40.99968,True,0.2162034660577774
6b813569c.jpg,121.999872,True,0.8971441388130188
6b813569c.jpg,29.999616,False,0.0
6bb3e7515.jpg,195.999744,True,0.8937087655067444
6bb3e7515.jpg,168.999936,True,0.88181072473526
6bb3e7515.jpg,40.99968,True,0.7645244002342224
6bb8afdec.jpg,11.000064,True,0.321037232875824
6bb8afdec.jpg,12.0,True,0.15775777399539948
6bcff215b.jpg,12.0,False,0.0
6bcff215b.jpg,18.000384,True,0.48589271306991577
6bcff215b.jpg,10.000128,False,0.0
6bd0c95e1.jpg,7.00032,False,0.0
6bd0c95e1.jpg,5.9996160000000005,False,0.0
6bd0c95e1.jpg,12.999936000000002,False,0.0
6bdc41457.jpg,14.999808,True,0.5710750222206116
6bdc41457.jpg,15.999744,True,0.707431972026825
6bdc41457.jpg,13.999872,True,0.3900115489959717
6bdc41457.jpg,13.999872,True,0.181972935795784
6bdf830e9.jpg,9.000192,True,0.4927055835723877
6bdf830e9.jpg,8.000256,True,0.5058848857879639
6bfed7f3a.jpg,12.999936000000002,True,0.5794681310653687
6c1951f5e.jpg,79.00032,True,0.7788212895393372
6c1951f5e.jpg,13.999872,True,0.532967209815979
6c20154a1.jpg,16.999679999999998,False,0.0
6c30edd46.jpg,10.000128,False,0.0
6c47c962e.jpg,20.000256,True,0.311573326587677
6c51b9af1.jpg,140.000256,True,0.8712005615234375
6c591a931.jpg,168.999936,True,0.8604638576507568
6c5fd8ca4.jpg,183.999744,True,0.507361114025116
6c65c924f.jpg,7.00032,True,0.2412218600511551
6c69361f0.jpg,24.999935999999998,True,0.5357642769813538
6c69361f0.jpg,24.0,False,0.0
6c69361f0.jpg,36.0,True,0.6510407328605652
6c69361f0.jpg,157.99987199999998,True,0.8581146597862244
6c8579231.jpg,15.999744,True,0.06634403020143509
6caaf3e04.jpg,18.000384,True,0.4201957583427429
6caaf3e04.jpg,8.000256,False,0.0
6caaf3e04.jpg,28.99968,True,0.6074249744415283
6caaf3e04.jpg,15.999744,True,0.4282349944114685
6cbbfda11.jpg,14.999808,True,0.426942378282547
6cc0bc1e3.jpg,60.999936,True,0.7626303434371948
6cd7b2641.jpg,16.999679999999998,False,0.0
6ce05f804.jpg,86.999808,True,0.8756731152534485
6ce4720c7.jpg,112.99967999999998,True,0.8181319832801819
6ce4bf88b.jpg,112.99967999999998,True,0.9031100273132324
6d0d66434.jpg,336.99993600000005,True,0.7838585376739502
6d2e333f6.jpg,85.999872,True,0.7757644653320312
6d2ec8273.jpg,46.000128,True,0.6467919945716858
6d2ec8273.jpg,10.000128,True,0.29027020931243896
6d2ec8273.jpg,31.00032,True,0.6435085535049438
6d3414844.jpg,53.999616,True,0.7709023356437683
6d3414844.jpg,47.000064,True,0.1783623844385147
6d3414844.jpg,40.99968,True,0.8125485181808472
6d3414844.jpg,40.99968,True,0.7601363658905029
6d3414844.jpg,43.00032,True,0.7685749530792236
6d3414844.jpg,42.000384,True,0.7873511910438538
6d3414844.jpg,12.0,False,0.0
6d38045d6.jpg,21.000192,True,0.7946720123291016
6d38e99a3.jpg,124.99967999999998,True,0.8467263579368591
6d44644fd.jpg,157.99987199999998,True,0.8821824193000793
6d5ea41a0.jpg,87.999744,True,0.8507891893386841
6d6b5c79e.jpg,39.999744,True,0.7495046257972717
6d6b5c79e.jpg,31.00032,True,0.6150021553039551
6d6b5c79e.jpg,37.999872,True,0.6778855919837952
6d6b5c79e.jpg,37.999872,True,0.815319299697876
6d6b5c79e.jpg,31.00032,True,0.6383882761001587
6d6b5c79e.jpg,35.000064,True,0.7469971776008606
6d6b5c79e.jpg,44.000256,True,0.7369709014892578
6d6b5c79e.jpg,40.99968,True,0.7324314713478088
6d6b5c79e.jpg,44.000256,True,0.5721005201339722
6d6b5c79e.jpg,68.000256,True,0.653374969959259
6d719e576.jpg,24.999935999999998,True,0.5524873733520508
6d719e576.jpg,21.000192,True,0.5613962411880493
6d719e576.jpg,18.000384,True,0.6279177665710449
6d719e576.jpg,12.0,True,0.5025691390037537
6d719e576.jpg,13.999872,True,0.212265744805336
6d719e576.jpg,19.000320000000002,True,0.4130711555480957
6d746707f.jpg,182.999808,True,0.8227487206459045
6d80383eb.jpg,40.99968,False,0.0
6d80383eb.jpg,156.0,True,0.7208035588264465
6d80383eb.jpg,187.00032000000002,True,0.8812000155448914
6dd0d5329.jpg,16.999679999999998,False,0.0
6dd0d5329.jpg,12.0,False,0.0
6df5e4fd7.jpg,188.000256,True,0.9092044234275818
6dff0f54b.jpg,18.000384,True,0.2014518529176712
6e3c534e6.jpg,244.99968,True,0.9568446278572083
6e3c534e6.jpg,180.0,True,0.9107420444488525
6e3f8775c.jpg,5.9996160000000005,False,0.0
6e6f35c97.jpg,52.99968,True,0.7020184993743896
6e72ef098.jpg,110.999808,True,0.9041976928710938
6e84f2e90.jpg,216.99993600000002,True,0.9433329701423645
6e92cf4cb.jpg,91.00032,True,0.817213773727417
6eaa71af0.jpg,20.000256,False,0.0
6ef274463.jpg,60.999936,True,0.8139845132827759
6efb1f330.jpg,24.0,True,0.28229936957359314
6f09397cd.jpg,49.999871999999996,True,0.6199686527252197
6f2ab42b6.jpg,26.999808,False,0.0
6f361c7b3.jpg,76.99968,True,0.7889171838760376
6f361c7b3.jpg,21.000192,True,0.29733583331108093
6f6453d33.jpg,15.999744,True,0.2566015124320984
6f6730e19.jpg,31.00032,True,0.6881377696990967
6f7123546.jpg,49.999871999999996,True,0.6165404319763184
6f7123546.jpg,56.00025599999999,True,0.6243454217910767
6f7123546.jpg,52.99968,True,0.48166587948799133
6f7123546.jpg,56.00025599999999,True,0.579313337802887
6f7123546.jpg,50.999808,True,0.11484633386135101
6f7123546.jpg,16.999679999999998,True,0.27422475814819336
6f77d6a15.jpg,95.00006400000001,True,0.7966978549957275
6f77d6a15.jpg,178.00012800000002,True,0.848609447479248
6f91abac0.jpg,263.00006399999995,True,0.9535682797431946
6f91abac0.jpg,32.000256,True,0.6483284831047058
6f9579041.jpg,84.99993599999999,True,0.8912437558174133
6f9579041.jpg,74.999808,True,0.8472426533699036
6fa061788.jpg,51.99974400000001,True,0.802457332611084
6fa13f6de.jpg,32.000256,False,0.0
6fa13f6de.jpg,19.000320000000002,False,0.0
6fa1bc9b6.jpg,5.9996160000000005,False,0.0
6fa1bc9b6.jpg,9.000192,False,0.0
6fa2625e1.jpg,192.99993600000002,True,0.9111003875732422
6fa2625e1.jpg,59.000064,True,0.8978493213653564
6fb6a63eb.jpg,15.999744,True,0.3852387070655823
6fc7ca03a.jpg,93.000192,True,0.881662130355835
6fc81ad9a.jpg,68.000256,True,0.803041398525238
6fc81ad9a.jpg,72.99993599999999,True,0.8114836812019348
6fc9d34a5.jpg,15.999744,False,0.0
6fcbce22e.jpg,20.000256,True,0.3043147921562195
6fd9de9a7.jpg,48.0,True,0.8770036101341248
6fd9de9a7.jpg,194.99980800000003,True,0.7958377599716187
6fe04caf9.jpg,202.00012800000002,True,0.8942293524742126
700fc6a4a.jpg,284.00025600000004,True,0.8574960827827454
701c6cf5b.jpg,173.999616,True,0.7842839956283569
7022afc4f.jpg,55.00032,True,0.8170651793479919
702c958a5.jpg,10.000128,False,0.0
703d8c6a9.jpg,25.999872000000003,True,0.49189361929893494
70474d159.jpg,283.00032,True,0.9645941853523254
70474d159.jpg,83.00006400000001,True,0.8273481130599976
705008957.jpg,71.00006400000001,True,0.7906366586685181
7060ef876.jpg,11.000064,True,0.5141781568527222
70731b78d.jpg,13.999872,False,0.0
7077735cd.jpg,11.000064,True,0.5135498046875
7077735cd.jpg,24.999935999999998,True,0.6028193235397339
7077735cd.jpg,12.0,True,0.3918587863445282
7077735cd.jpg,5.9996160000000005,False,0.0
7077735cd.jpg,12.999936000000002,True,0.3953680694103241
7077735cd.jpg,13.999872,True,0.11920437216758728
7077735cd.jpg,14.999808,True,0.3922604024410248
7077735cd.jpg,9.000192,True,0.18397659063339233
7077735cd.jpg,12.999936000000002,True,0.1322915107011795
7077735cd.jpg,14.999808,True,0.2093268185853958
7077735cd.jpg,13.999872,True,0.5961645245552063
7077735cd.jpg,11.000064,True,0.4439244568347931
7077735cd.jpg,15.999744,True,0.5719398260116577
7077735cd.jpg,16.999679999999998,True,0.3941630423069
70a11d4a6.jpg,12.0,True,0.34774765372276306
70a11d4a6.jpg,12.0,True,0.24072401225566864
70b5ab7c6.jpg,201.00019199999997,True,0.9325882792472839
70be051c0.jpg,13.999872,True,0.3719782531261444
70be051c0.jpg,145.99987199999998,True,0.8641642928123474
70be051c0.jpg,70.000128,True,0.829447865486145
70c6e98f1.jpg,21.000192,True,0.21773661673069
70caf88d9.jpg,5.9996160000000005,True,0.3163382112979889
70caf88d9.jpg,72.0,True,0.8169470429420471
70caf88d9.jpg,9.000192,True,0.533982515335083
70caf88d9.jpg,9.000192,True,0.3175661563873291
70caf88d9.jpg,104.00025600000001,True,0.8734533786773682
70ed79d90.jpg,227.00006399999998,True,0.927426815032959
70f9214cc.jpg,135.999744,True,0.8516002893447876
710ad2cfd.jpg,18.000384,True,0.13525643944740295
710ad2cfd.jpg,67.00032,True,0.8845361471176147
713ea7916.jpg,80.000256,True,0.2750941514968872
713ea7916.jpg,67.00032,True,0.7002966403961182
713ea7916.jpg,35.000064,True,0.6939442753791809
713ea7916.jpg,165.000192,True,0.9039577841758728
713ea7916.jpg,51.99974400000001,True,0.7119977474212646
713ea7916.jpg,70.000128,True,0.19939948618412018
713ea7916.jpg,67.00032,True,0.21407833695411682
713ea7916.jpg,12.0,True,0.24083177745342255
713ea7916.jpg,67.00032,True,0.6702110171318054
713ea7916.jpg,66.000384,True,0.5243398547172546
713ea7916.jpg,13.999872,True,0.0579950176179409
713ea7916.jpg,15.999744,False,0.0
715389e24.jpg,118.000128,True,0.8302083015441895
715e1f0ef.jpg,32.000256,True,0.06186399981379509
715e1f0ef.jpg,57.000192,True,0.28988635540008545
715e1f0ef.jpg,15.999744,False,0.0
715e1f0ef.jpg,50.999808,True,0.8119206428527832
715e1f0ef.jpg,53.999616,True,0.5735638737678528
715e1f0ef.jpg,25.999872000000003,True,0.540282130241394
715e1f0ef.jpg,48.999936,True,0.7353008389472961
716a3228e.jpg,182.999808,True,0.8818139433860779
717190a4c.jpg,12.0,False,0.0
7176ed649.jpg,75.999744,True,0.8449639678001404
7176ed649.jpg,255.999744,True,0.920689582824707
7178a5302.jpg,25.999872000000003,False,0.0
717f680cf.jpg,170.999808,True,0.8818328976631165
717f680cf.jpg,24.999935999999998,True,0.06412401050329208
7199544f3.jpg,15.999744,True,0.0650772675871849
7199544f3.jpg,59.000064,True,0.8612277507781982
71ad40c62.jpg,48.999936,True,0.6082653999328613
71ad40c62.jpg,49.999871999999996,True,0.8125659823417664
71ad40c62.jpg,58.000128000000004,True,0.3273220658302307
71ad40c62.jpg,68.000256,True,0.5655215978622437
71ad40c62.jpg,15.999744,False,0.0
71ad40c62.jpg,27.999744,True,0.6769400835037231
71c86ce2d.jpg,34.000128,True,0.14926044642925262
71ce4a848.jpg,19.000320000000002,True,0.2930300533771515
71ce4a848.jpg,72.99993599999999,True,0.8583685159683228
71ce4a848.jpg,61.999871999999996,True,0.7956120371818542
71ce4a848.jpg,67.00032,True,0.8682393431663513
71dea2dab.jpg,12.999936000000002,True,0.13042469322681427
71dea2dab.jpg,10.000128,True,0.07773976027965546
71e3380f1.jpg,19.000320000000002,True,0.5156461000442505
71e3380f1.jpg,21.000192,True,0.3613302409648895
71e3380f1.jpg,68.000256,True,0.7878312468528748
71e3380f1.jpg,24.999935999999998,True,0.42935624718666077
71ea66a39.jpg,18.000384,True,0.10747076570987701
71ea66a39.jpg,18.000384,True,0.4737440049648285
71ea66a39.jpg,14.999808,True,0.45191115140914917
71ea66a39.jpg,47.000064,True,0.7799339890480042
71ea66a39.jpg,19.000320000000002,True,0.7118184566497803
71ea66a39.jpg,22.000128,True,0.7530400156974792
71ea66a39.jpg,10.000128,True,0.49246329069137573
71f284bcf.jpg,13.999872,False,0.0
71fd6bde3.jpg,22.000128,False,0.0
71fdd62e9.jpg,162.000384,True,0.8360835909843445
7207856cc.jpg,8.000256,True,0.24978341162204742
7224e3859.jpg,86.999808,True,0.8699781894683838
723a8fabf.jpg,24.999935999999998,True,0.4100692570209503
723a8fabf.jpg,34.000128,True,0.4015590250492096
723a8fabf.jpg,73.999872,True,0.7366187572479248
723a8fabf.jpg,33.000192,True,0.550812304019928
723a8fabf.jpg,40.99968,True,0.561503529548645
723a8fabf.jpg,19.000320000000002,True,0.7500828504562378
723a8fabf.jpg,16.999679999999998,False,0.0
723a8fabf.jpg,39.999744,True,0.7499262094497681
723a8fabf.jpg,33.000192,True,0.38530102372169495
723a8fabf.jpg,24.0,True,0.12642978131771088
723a8fabf.jpg,24.999935999999998,True,0.6935293078422546
72548af42.jpg,48.999936,True,0.7906213998794556
72568823a.jpg,166.00012800000002,True,0.930457353591919
72a362af2.jpg,19.000320000000002,False,0.0
72ca91db0.jpg,24.999935999999998,True,0.15150359272956848
72cde7906.jpg,61.999871999999996,True,0.7905451059341431
72cde7906.jpg,61.999871999999996,True,0.7391992807388306
72d14f41c.jpg,24.0,True,0.7376013994216919
72d14f41c.jpg,73.999872,True,0.8673825860023499
72ec3f4d7.jpg,9.000192,False,0.0
72ec3f4d7.jpg,9.000192,False,0.0
72ec3f4d7.jpg,9.000192,False,0.0
72ec3f4d7.jpg,10.000128,False,0.0
72ec3f4d7.jpg,9.000192,False,0.0
72ec3f4d7.jpg,10.000128,False,0.0
72ec3f4d7.jpg,10.000128,False,0.0
72ec3f4d7.jpg,10.000128,False,0.0
72ec3f4d7.jpg,8.000256,False,0.0
72ec3f4d7.jpg,9.000192,False,0.0
72ec3f4d7.jpg,10.000128,False,0.0
7301eec3c.jpg,35.000064,True,0.5819011330604553
730b4e931.jpg,19.000320000000002,True,0.3998759388923645
7316754c0.jpg,87.999744,True,0.9159488081932068
7316754c0.jpg,74.999808,True,0.8360538482666016
7316754c0.jpg,85.999872,True,0.9039422273635864
7322abc42.jpg,14.999808,False,0.0
7322abc42.jpg,172.99967999999998,True,0.8551734089851379
7322abc42.jpg,192.0,True,0.9332470893859863
7338e736d.jpg,47.000064,True,0.8799858093261719
7338e736d.jpg,156.0,True,0.89015793800354
733ef4ef3.jpg,14.999808,True,0.44956326484680176
733ef4ef3.jpg,18.000384,True,0.13339459896087646
733ef4ef3.jpg,67.00032,True,0.8847999572753906
734b64048.jpg,63.99974400000001,True,0.8704627752304077
7350e4a10.jpg,87.999744,True,0.8089082837104797
73515a344.jpg,158.999808,True,0.9209544062614441
73699f4d7.jpg,88.99968,True,0.7812278866767883
73699f4d7.jpg,95.00006400000001,True,0.7796459197998047
737239c06.jpg,69.000192,True,0.684980571269989
738683c91.jpg,15.999744,False,0.0
738dbfd23.jpg,16.999679999999998,True,0.23537534475326538
7390df83b.jpg,10.000128,False,0.0
7390df83b.jpg,10.000128,False,0.0
7390df83b.jpg,12.0,True,0.34204837679862976
73a0fa237.jpg,262.000128,True,0.9424802660942078
73b181305.jpg,12.999936000000002,True,0.46898967027664185
73b181305.jpg,74.999808,True,0.7866702675819397
73b181305.jpg,74.999808,True,0.8531493544578552
73c34faed.jpg,84.0,True,0.8475931286811829
73c34faed.jpg,73.999872,True,0.8818614482879639
73c34faed.jpg,130.00012800000002,True,0.8786494731903076
73c34faed.jpg,21.000192,True,0.3668174147605896
73c34faed.jpg,68.000256,True,0.7538921236991882
73c34faed.jpg,75.999744,True,0.8799400329589844
73c34faed.jpg,106.000128,True,0.884167492389679
73db4530f.jpg,181.99987199999998,True,0.9064638614654541
73db4530f.jpg,128.000256,True,0.8778570294380188
73dba17a6.jpg,20.000256,False,0.0
73dc1b526.jpg,160.99967999999998,True,0.891340434551239
73e2417fc.jpg,11.000064,False,0.0
73e2417fc.jpg,10.000128,False,0.0
73e2417fc.jpg,12.0,False,0.0
73e2417fc.jpg,9.000192,False,0.0
73e2417fc.jpg,11.000064,False,0.0
73e2417fc.jpg,14.999808,True,0.06184712052345276
73e2417fc.jpg,12.0,True,0.1050366684794426
73e2417fc.jpg,11.000064,False,0.0
73e2417fc.jpg,12.999936000000002,True,0.1001153290271759
73eef4ef2.jpg,18.000384,False,0.0
73eef4ef2.jpg,19.000320000000002,False,0.0
73eef4ef2.jpg,23.000064,False,0.0
73f3e0d81.jpg,121.999872,True,0.8904708027839661
74101c441.jpg,19.000320000000002,True,0.41442400217056274
7411144f6.jpg,14.999808,False,0.0
7411144f6.jpg,208.99968,True,0.8748282194137573
7416fd57e.jpg,200.000256,True,0.8492929339408875
74196f4d6.jpg,32.000256,True,0.0860842615365982
741a5f582.jpg,22.000128,True,0.2668777406215668
742010982.jpg,112.99967999999998,True,0.8323357701301575
74221dddc.jpg,84.0,True,0.8918470144271851
74284b26a.jpg,18.000384,True,0.09151121973991394
74297c0ac.jpg,221.999616,True,0.9096855521202087
74374184e.jpg,19.000320000000002,True,0.33979231119155884
743fdabb3.jpg,14.999808,True,0.7261747717857361
7459da01f.jpg,9.000192,True,0.4978013038635254
7459da01f.jpg,11.000064,True,0.23775902390480042
7459da01f.jpg,4.99968,False,0.0
7459da01f.jpg,16.999679999999998,True,0.6908441185951233
7459da01f.jpg,8.000256,True,0.29865404963493347
7459da01f.jpg,20.000256,False,0.0
7459da01f.jpg,11.000064,True,0.09193567931652069
7459da01f.jpg,24.0,True,0.7743561863899231
747105946.jpg,15.999744,True,0.17536650598049164
7478f46e9.jpg,12.0,False,0.0
7481d103b.jpg,22.000128,True,0.06438686698675156
7487d56dd.jpg,343.00032,True,0.9677694439888
749a4e38a.jpg,216.99993600000002,True,0.8343076705932617
74c3317a9.jpg,72.0,True,0.7994863390922546
74c3317a9.jpg,22.000128,True,0.07108563184738159
74c3317a9.jpg,73.999872,True,0.852026641368866
74c697c9e.jpg,153.000192,True,0.8149821758270264
74e975b02.jpg,178.00012800000002,True,0.9201170802116394
74f5a133a.jpg,143.000064,True,0.9152889847755432
7508bcdde.jpg,178.00012800000002,True,0.9196245074272156
7508bcdde.jpg,191.000064,True,0.8624832630157471
7508bcdde.jpg,39.999744,True,0.18100400269031525
7534e60ca.jpg,162.000384,True,0.8658976554870605
75353e786.jpg,64.99968,True,0.7331025004386902
7540ceeac.jpg,8.000256,False,0.0
7544cb3f2.jpg,90.000384,True,0.8762599229812622
7558bafc5.jpg,12.0,True,0.16643743216991425
7558bafc5.jpg,12.0,False,0.0
7558bafc5.jpg,14.999808,True,0.1050686314702034
7558bafc5.jpg,18.000384,True,0.3077380359172821
7558bafc5.jpg,11.000064,False,0.0
7558bafc5.jpg,140.000256,True,0.8690071702003479
756560614.jpg,19.000320000000002,True,0.24315059185028076
756899eb6.jpg,20.000256,True,0.3051109313964844
7583ab982.jpg,28.99968,True,0.7702412605285645
7583ab982.jpg,33.000192,True,0.7099384069442749
758a8ff0f.jpg,232.99968,True,0.9413430094718933
7591b11a0.jpg,12.999936000000002,False,0.0
7591b11a0.jpg,50.999808,True,0.6921482086181641
7591b11a0.jpg,50.999808,True,0.8465352058410645
7591b11a0.jpg,72.99993599999999,True,0.8071346879005432
7591b11a0.jpg,12.999936000000002,False,0.0
759635210.jpg,28.99968,True,0.5914517641067505
75a616c2e.jpg,15.999744,True,0.6389963626861572
75ad65205.jpg,84.0,True,0.8540554642677307
75ae8fa1a.jpg,81.000192,True,0.859874427318573
75b5770b9.jpg,90.000384,True,0.8630505800247192
75e4ea5bc.jpg,21.000192,True,0.5705336928367615
75e4ea5bc.jpg,66.000384,True,0.8431288599967957
75f4880cd.jpg,21.000192,True,0.2734917402267456
75f8cc43b.jpg,15.999744,True,0.1017555519938469
7622e53e0.jpg,22.000128,False,0.0
7622e53e0.jpg,10.000128,False,0.0
762f3662e.jpg,33.000192,True,0.6951691508293152
762f3662e.jpg,10.000128,False,0.0
762f3662e.jpg,12.0,False,0.0
762f3662e.jpg,12.999936000000002,True,0.2781606614589691
76342d142.jpg,84.99993599999999,True,0.7912910580635071
763b50874.jpg,20.000256,True,0.6915563344955444
763b50874.jpg,11.000064,False,0.0
763b50874.jpg,14.999808,True,0.650577187538147
764a83cf1.jpg,66.000384,True,0.8130939602851868
764a83cf1.jpg,66.000384,True,0.7280388474464417
764a83cf1.jpg,60.999936,True,0.6487566232681274
764a83cf1.jpg,68.000256,True,0.671238362789154
765337d5c.jpg,13.999872,True,0.41499608755111694
7659a892c.jpg,8.000256,True,0.39051058888435364
7659a892c.jpg,69.000192,True,0.7585079669952393
7659a892c.jpg,8.000256,True,0.28937992453575134
7659a892c.jpg,9.000192,True,0.3539559841156006
76654d52a.jpg,46.000128,True,0.40071889758110046
76654d52a.jpg,55.00032,True,0.35021281242370605
76654d52a.jpg,50.999808,True,0.4851383566856384
76654d52a.jpg,34.000128,True,0.7634486556053162
76654d52a.jpg,50.999808,True,0.5174880027770996
76654d52a.jpg,48.0,True,0.7493224740028381
76654d52a.jpg,48.0,True,0.27302587032318115
7694b5649.jpg,27.999744,True,0.11801571398973465
7694b5649.jpg,72.99993599999999,True,0.8727605938911438
7695e28da.jpg,16.999679999999998,True,0.2014264613389969
76be6e1d2.jpg,12.0,True,0.3451900780200958
76d311f7f.jpg,14.999808,True,0.056021444499492645
76e8e4b86.jpg,48.999936,True,0.3723694682121277
76e8e4b86.jpg,51.99974400000001,True,0.358471155166626
76e8e4b86.jpg,157.99987199999998,True,0.8594413995742798
76fa96bc0.jpg,86.999808,True,0.8843659162521362
76fa96bc0.jpg,82.000128,True,0.5886671543121338
76fa96bc0.jpg,49.999871999999996,True,0.8702287077903748
76fa96bc0.jpg,49.999871999999996,True,0.6790860891342163
76fa96bc0.jpg,47.000064,True,0.755742609500885
76fa96bc0.jpg,29.999616,True,0.43714866042137146
770c007c9.jpg,323.00006399999995,True,0.9496986269950867
770c46cd4.jpg,70.000128,False,0.0
772882d74.jpg,18.000384,True,0.33553528785705566
7729b00a1.jpg,31.00032,True,0.5397350192070007
774868083.jpg,125.999616,True,0.8728709816932678
775a97bc6.jpg,36.0,True,0.7740751504898071
775a97bc6.jpg,178.00012800000002,True,0.8453388810157776
777e40118.jpg,29.999616,True,0.1340881735086441
778c478b6.jpg,19.000320000000002,True,0.1213744506239891
779969efd.jpg,32.000256,True,0.06977171450853348
779969efd.jpg,212.000256,True,0.9079975485801697
77b5a1bd7.jpg,9.000192,True,0.14328496158123016
77e595ecb.jpg,24.999935999999998,True,0.2184513807296753
77e8c8938.jpg,116.00025600000001,True,0.7624885439872742
77e8c8938.jpg,63.99974400000001,True,0.1287270486354828
77e8c8938.jpg,108.99993599999999,True,0.6988105177879333
77ea99db8.jpg,189.000192,True,0.8689284920692444
77ef3daf9.jpg,119.00006400000001,True,0.8093149662017822
77ef3daf9.jpg,151.00032000000002,True,0.8782243132591248
77f04608f.jpg,31.00032,True,0.5108880400657654
78058c3c6.jpg,180.999936,True,0.9223179221153259
7806b029c.jpg,27.999744,True,0.6249023079872131
7818737fa.jpg,42.000384,True,0.7207068204879761
78290c58e.jpg,15.999744,True,0.2463519126176834
7832d2270.jpg,164.000256,True,0.8929479718208313
7833c68e9.jpg,215.00006399999998,True,0.9242780208587646
783403b34.jpg,286.000128,True,0.7719043493270874
78388954f.jpg,36.999936,True,0.640347957611084
78388954f.jpg,56.00025599999999,True,0.8299751877784729
783e42843.jpg,35.000064,True,0.05875614285469055
783e42843.jpg,20.000256,True,0.32134154438972473
7850218dd.jpg,235.00032,True,0.866915762424469
7850218dd.jpg,168.0,True,0.8538349270820618
786f8e73d.jpg,73.999872,True,0.8850452303886414
7883dffb3.jpg,50.999808,True,0.7994123697280884
788ff6a80.jpg,11.000064,True,0.3569023907184601
788ff6a80.jpg,22.000128,True,0.4780036211013794
78933d0d5.jpg,12.999936000000002,True,0.46226584911346436
78aae2ec0.jpg,61.999871999999996,True,0.852381706237793
78aae2ec0.jpg,20.000256,True,0.26209017634391785
78aae2ec0.jpg,77.999616,True,0.8497960567474365
78aae2ec0.jpg,85.999872,True,0.8916705250740051
78ad51c28.jpg,21.000192,True,0.09545975178480148
78b443453.jpg,66.000384,True,0.7171264290809631
78bc9d9d5.jpg,44.000256,True,0.7888163328170776
78d8769c3.jpg,156.999936,True,0.7832394242286682
78ee8c40e.jpg,19.000320000000002,True,0.42609840631484985
78f11bea6.jpg,48.999936,True,0.592673659324646
78f11bea6.jpg,49.999871999999996,True,0.6663756966590881
78f11bea6.jpg,53.999616,True,0.5685415863990784
78f11bea6.jpg,53.999616,True,0.7104063034057617
78f11bea6.jpg,45.000192,True,0.354936420917511
78f11bea6.jpg,49.999871999999996,True,0.7400318384170532
79053c150.jpg,12.999936000000002,True,0.6942819952964783
79053c150.jpg,11.000064,True,0.5937075018882751
79053c150.jpg,9.000192,True,0.43990692496299744
79053c150.jpg,11.000064,True,0.3202044665813446
790babfb2.jpg,15.999744,False,0.0
790f10424.jpg,133.99987199999998,True,0.868238091468811
7934e6372.jpg,11.000064,True,0.2818673253059387
7934e6372.jpg,12.0,False,0.0
7934e6372.jpg,12.0,True,0.2434760481119156
794db00a5.jpg,29.999616,False,0.0
794e9ad87.jpg,53.999616,True,0.5000091791152954
794e9ad87.jpg,97.999872,True,0.887943685054779
79538a3b2.jpg,37.999872,True,0.2890941798686981
7984cee5f.jpg,110.999808,True,0.8256697058677673
7984cee5f.jpg,100.99967999999998,True,0.8501385450363159
79a15032a.jpg,62.999808,True,0.7638115286827087
79a15032a.jpg,133.99987199999998,True,0.7760872840881348
79a15032a.jpg,29.999616,True,0.22710011899471283
79a15032a.jpg,40.99968,True,0.732231855392456
79a15032a.jpg,79.00032,True,0.4579744040966034
79a518103.jpg,16.999679999999998,True,0.4408131539821625
79a651072.jpg,16.999679999999998,True,0.4697079360485077
79a8570aa.jpg,74.999808,True,0.7648282051086426
79b063a4e.jpg,265.999872,True,0.9650844931602478
79b748025.jpg,124.99967999999998,True,0.6844624876976013
79b748025.jpg,129.000192,False,0.0
79b748025.jpg,124.99967999999998,True,0.7037268877029419
79b748025.jpg,129.000192,True,0.5382757782936096
79b748025.jpg,127.00032000000002,True,0.8446986675262451
79b748025.jpg,46.000128,True,0.7594859600067139
79b748025.jpg,75.999744,True,0.8544608354568481
79d2cdb25.jpg,58.000128000000004,True,0.886218249797821
79d2cdb25.jpg,148.99967999999998,True,0.9140095710754395
79de961ca.jpg,32.000256,True,0.44920995831489563
79e4d6dd8.jpg,248.000256,True,0.9430118203163147
79e4d6dd8.jpg,71.00006400000001,True,0.7858262062072754
79ebcb211.jpg,215.00006399999998,True,0.8884271383285522
79fb16330.jpg,18.000384,True,0.1576404869556427
79fb16330.jpg,13.999872,False,0.0
7a05e917f.jpg,121.999872,True,0.8706931471824646
7a1678c2f.jpg,18.000384,True,0.42910319566726685
7a1678c2f.jpg,28.99968,True,0.6137319207191467
7a1678c2f.jpg,15.999744,True,0.44717076420783997
7a1678c2f.jpg,8.000256,False,0.0
7a16b9d82.jpg,160.99967999999998,True,0.8815338015556335
7a1f50d01.jpg,45.000192,True,0.8527488112449646
7a1f6ffcd.jpg,12.0,True,0.18692626059055328
7a2034c2e.jpg,167.000064,True,0.8706350326538086
7a207492f.jpg,10.000128,False,0.0
7a207492f.jpg,19.000320000000002,True,0.5512322783470154
7a33e8379.jpg,142.00012800000002,True,0.8978410363197327
7a33e8379.jpg,92.000256,True,0.8618142604827881
7a4ff4e84.jpg,243.999744,True,0.9030175805091858
7a5383eb6.jpg,10.000128,False,0.0
7a5383eb6.jpg,14.999808,True,0.14981144666671753
7a583f293.jpg,19.000320000000002,True,0.2209513783454895
7a5c0be6f.jpg,11.000064,True,0.11896771937608719
7a70c9016.jpg,26.999808,True,0.6349941492080688
7a70c9016.jpg,50.999808,True,0.8507334589958191
7a7598680.jpg,34.000128,True,0.7412102222442627
7a7598680.jpg,7.00032,False,0.0
7a7598680.jpg,36.0,True,0.7856852412223816
7a7fce0c1.jpg,60.999936,True,0.8695911169052124
7a7fce0c1.jpg,18.000384,True,0.5645151138305664
7aaf1b589.jpg,16.999679999999998,True,0.05304631218314171
7aaf1b589.jpg,45.000192,True,0.6126412749290466
7aaf1b589.jpg,112.99967999999998,True,0.6585948467254639
7aaf1b589.jpg,49.999871999999996,True,0.6095834970474243
7aaf1b589.jpg,31.00032,True,0.29690223932266235
7aaf1b589.jpg,15.999744,True,0.13785745203495026
7aaf1b589.jpg,15.999744,True,0.1222938820719719
7aaf1b589.jpg,15.999744,False,0.0
7aaf1b589.jpg,15.999744,True,0.1800135225057602
7aaf1b589.jpg,32.000256,False,0.0
7aaf1b589.jpg,18.000384,False,0.0
7abde3658.jpg,106.000128,True,0.9085813164710999
7af142518.jpg,19.000320000000002,False,0.0
7b321f64f.jpg,7.00032,True,0.18875090777873993
7b321f64f.jpg,16.999679999999998,True,0.6938583850860596
7b35b9f8c.jpg,12.999936000000002,True,0.32926681637763977
7b693c6b5.jpg,64.99968,True,0.8724029660224915
7b6c0a2a8.jpg,226.00012800000002,True,0.9269009828567505
7b7fe4b0f.jpg,204.99993600000002,True,0.7093745470046997
7b92ce704.jpg,140.000256,True,0.9309722185134888
7b92ce704.jpg,15.999744,True,0.1558094620704651
7b92ce704.jpg,194.99980800000003,True,0.8968029618263245
7ba7a8b6e.jpg,14.999808,True,0.479638010263443
7ba7a8b6e.jpg,96.0,True,0.8267388343811035
7ba8dfbf4.jpg,122.999808,True,0.8540014028549194
7bbffa912.jpg,29.999616,True,0.6469360589981079
7beea573c.jpg,84.0,True,0.797397792339325
7beea573c.jpg,83.00006400000001,True,0.7833330035209656
7beea573c.jpg,79.00032,True,0.8108656406402588
7c09c5ebf.jpg,186.000384,True,0.9007806181907654
7c31d0afb.jpg,56.00025599999999,True,0.7274317741394043
7c31d0afb.jpg,76.99968,True,0.7167626023292542
7c31e9aa5.jpg,16.999679999999998,True,0.5547199249267578
7c31fa060.jpg,10.000128,False,0.0
7c35d33fc.jpg,32.000256,False,0.0
7c400ce83.jpg,45.000192,True,0.6511855721473694
7c43acc87.jpg,96.0,True,0.8737675547599792
7c43acc87.jpg,42.000384,True,0.7479488849639893
7c43acc87.jpg,52.99968,True,0.753833532333374
7c43acc87.jpg,13.999872,False,0.0
7c43acc87.jpg,61.999871999999996,True,0.7559013366699219
7c43acc87.jpg,44.000256,True,0.7341554760932922
7c4b06990.jpg,3.9997439999999997,False,0.0
7c4b06990.jpg,8.000256,True,0.30271586775779724
7c70f32da.jpg,9.000192,True,0.3146686553955078
7c70f32da.jpg,18.000384,True,0.6398178339004517
7c70f32da.jpg,8.000256,True,0.5512915849685669
7c70f32da.jpg,8.000256,True,0.6142796874046326
7c70f32da.jpg,11.000064,True,0.6580439805984497
7c70f32da.jpg,5.9996160000000005,False,0.0
7c70f32da.jpg,10.000128,True,0.7163883447647095
7c70f32da.jpg,11.000064,True,0.6673581600189209
7c70f32da.jpg,9.000192,True,0.6795175671577454
7c70f32da.jpg,10.000128,True,0.728236973285675
7c71cde96.jpg,9.000192,True,0.3454402983188629
7c9cac62a.jpg,12.999936000000002,False,0.0
7c9f34d3a.jpg,19.000320000000002,True,0.46455875039100647
7c9f34d3a.jpg,118.000128,True,0.7887555956840515
7c9f34d3a.jpg,51.99974400000001,True,0.7516248226165771
7c9f34d3a.jpg,24.999935999999998,True,0.15352357923984528
7c9f34d3a.jpg,42.000384,True,0.738269567489624
7c9f34d3a.jpg,12.999936000000002,False,0.0
7c9f34d3a.jpg,25.999872000000003,True,0.5375075340270996
7ca1f0683.jpg,245.999616,True,0.9531738758087158
7cac6dc5f.jpg,20.000256,True,0.667902410030365
7cbfa4c30.jpg,18.000384,True,0.5133563876152039
7cbfa4c30.jpg,84.99993599999999,True,0.8794568777084351
7cd3c02e1.jpg,91.00032,True,0.8010056018829346
7cd3c02e1.jpg,85.999872,True,0.8624326586723328
7ce32a83f.jpg,169.99987199999998,True,0.9311168789863586
7ce5ee7d5.jpg,77.999616,True,0.8401070237159729
7ce7e138f.jpg,19.000320000000002,True,0.34541553258895874
7ce7e138f.jpg,13.999872,True,0.40304794907569885
7d2474599.jpg,15.999744,False,0.0
7d2474599.jpg,22.000128,False,0.0
7d2474599.jpg,26.999808,False,0.0
7d2474599.jpg,16.999679999999998,False,0.0
7d2474599.jpg,14.999808,True,0.15397809445858002
7d347c547.jpg,21.000192,True,0.0917806327342987
7d4a48fde.jpg,46.000128,True,0.7621038556098938
7d4a48fde.jpg,43.00032,True,0.7568861842155457
7d53b09c1.jpg,139.00032000000002,True,0.859541118144989
7d85effad.jpg,176.000256,True,0.8862616419792175
7d86eff1e.jpg,19.000320000000002,False,0.0
7d8e4f383.jpg,14.999808,True,0.46247804164886475
7d8e4f383.jpg,5.9996160000000005,False,0.0
7d8f442ec.jpg,64.99968,True,0.7564382553100586
7d998432f.jpg,14.999808,True,0.2089337408542633
7d9eef8c7.jpg,14.999808,True,0.05556843802332878
7d9eef8c7.jpg,62.999808,True,0.4458540678024292
7d9eef8c7.jpg,42.000384,True,0.2513948976993561
7d9eef8c7.jpg,38.999808,True,0.45440760254859924
7d9eef8c7.jpg,12.0,True,0.38104432821273804
7d9eef8c7.jpg,79.00032,True,0.5393977165222168
7d9f463a5.jpg,184.99967999999998,True,0.8684636950492859
7daacaf5b.jpg,4.99968,False,0.0
7db36f616.jpg,59.000064,True,0.9153668880462646
7db36f616.jpg,72.99993599999999,True,0.05737711861729622
7df285494.jpg,24.0,True,0.5368924736976624
7e002c3c2.jpg,25.999872000000003,True,0.4090557098388672
7e0c03b19.jpg,228.99993600000002,True,0.8646249175071716
7e1957a39.jpg,193.99987199999998,True,0.8987208008766174
7e2834961.jpg,12.0,True,0.44827356934547424
7e697bb58.jpg,10.000128,False,0.0
7e697bb58.jpg,82.000128,True,0.8587415218353271
7e8327c1e.jpg,73.999872,True,0.809924304485321
7e87e9ee9.jpg,194.99980800000003,True,0.9155206680297852
7e9141e11.jpg,138.000384,True,0.9497951865196228
7eb7169c3.jpg,12.0,True,0.3775844871997833
7eb7169c3.jpg,11.000064,True,0.3636133372783661
7eb7169c3.jpg,10.000128,False,0.0
7ecec357e.jpg,7.00032,False,0.0
7ed56296e.jpg,49.999871999999996,True,0.9176384210586548
7ee1e0c3c.jpg,20.000256,False,0.0
7ee1e0c3c.jpg,12.0,False,0.0
7ee1e0c3c.jpg,155.000064,True,0.9269682765007019
7ee1e0c3c.jpg,182.999808,True,0.8440978527069092
7ee5e1022.jpg,16.999679999999998,False,0.0
7eede29c4.jpg,14.999808,True,0.3634573519229889
7ef0738af.jpg,19.000320000000002,True,0.32704609632492065
7f27e468c.jpg,37.999872,True,0.7063069939613342
7f27e468c.jpg,85.999872,True,0.9053430557250977
7f27e468c.jpg,21.000192,True,0.6254443526268005
7f27e468c.jpg,145.99987199999998,True,0.8813434839248657
7f313d632.jpg,10.000128,False,0.0
7f4a7658a.jpg,44.000256,True,0.3209621012210846
7f4a7658a.jpg,21.000192,True,0.47241365909576416
7f4a7658a.jpg,63.99974400000001,True,0.45055249333381653
7f4a7658a.jpg,21.000192,True,0.4640331268310547
7f4a7658a.jpg,20.000256,True,0.12210576236248016
7f4a7658a.jpg,43.00032,True,0.35819628834724426
7f4c800cf.jpg,156.999936,True,0.8848717212677002
7f4debc40.jpg,25.999872000000003,True,0.3132070004940033
7f5ac1af0.jpg,15.999744,True,0.4065619111061096
7f5ac1af0.jpg,72.99993599999999,True,0.7727187871932983
7f6086be4.jpg,16.999679999999998,True,0.24983374774456024
7f6b0fb77.jpg,108.99993599999999,True,0.8839234113693237
7f77f0995.jpg,56.00025599999999,True,0.6232698559761047
7f77f0995.jpg,134.999808,True,0.8291119337081909
7f9d77796.jpg,130.00012800000002,True,0.921655535697937
7f9d77796.jpg,70.000128,True,0.793803870677948
7f9d77796.jpg,57.000192,True,0.8423246145248413
7f9d77796.jpg,72.99993599999999,True,0.867729663848877
7f9e38ab2.jpg,44.000256,True,0.7754933834075928
7f9e38ab2.jpg,171.999744,True,0.9091907739639282
7fb7a428c.jpg,11.000064,True,0.2872254252433777
7fd79ab5f.jpg,84.99993599999999,True,0.8860597014427185
7fd79ab5f.jpg,13.999872,True,0.39284828305244446
7fd79ab5f.jpg,152.000256,True,0.928105890750885
7fd79ab5f.jpg,15.999744,True,0.4241793751716614
7fdad6235.jpg,13.999872,True,0.4170631468296051
7fdad6235.jpg,19.000320000000002,True,0.35026586055755615
7fdb698d6.jpg,18.000384,True,0.1815863400697708
7fdb698d6.jpg,13.999872,False,0.0
7fe85d233.jpg,11.000064,True,0.08409642428159714
7ff71c5c0.jpg,57.000192,True,0.47932371497154236
7ff7b8801.jpg,11.000064,True,0.14825685322284698
7ff7b8801.jpg,14.999808,True,0.3419661223888397
7ff7b8801.jpg,12.999936000000002,True,0.4260934889316559
7ff7b8801.jpg,8.000256,False,0.0
7ff7b8801.jpg,13.999872,True,0.16592425107955933
7ff7b8801.jpg,14.999808,False,0.0
7ff7b8801.jpg,12.0,True,0.1296052783727646
7ff7b8801.jpg,16.999679999999998,True,0.46272099018096924
7ff7b8801.jpg,12.999936000000002,False,0.0
7ff7b8801.jpg,11.000064,True,0.15369059145450592
7ff7b8801.jpg,12.0,True,0.15978781878948212
7ff7b8801.jpg,20.000256,True,0.2640727460384369
7ff7b8801.jpg,12.0,True,0.17637217044830322
7ff7b8801.jpg,15.999744,True,0.49953076243400574
7fff75831.jpg,12.999936000000002,True,0.27320772409439087
800bc5d97.jpg,19.000320000000002,True,0.35492557287216187
800c9aceb.jpg,12.999936000000002,True,0.3272362947463989
800c9aceb.jpg,12.999936000000002,False,0.0
802179851.jpg,133.99987199999998,True,0.9356975555419922
8040a7a6e.jpg,177.000192,True,0.7549656629562378
805009727.jpg,35.000064,True,0.385797381401062
8053c0eb5.jpg,8.000256,True,0.5464417934417725
8053c0eb5.jpg,8.000256,True,0.18814539909362793
8053c0eb5.jpg,5.9996160000000005,True,0.36034420132637024
806211344.jpg,160.99967999999998,True,0.8926970362663269
8063fae61.jpg,11.000064,True,0.2508299946784973
8063fae61.jpg,10.000128,True,0.17349563539028168
8064cfe10.jpg,22.000128,True,0.22723162174224854
806c3002b.jpg,90.000384,True,0.8603528738021851
806c3002b.jpg,83.00006400000001,True,0.8449288010597229
806c3002b.jpg,75.999744,True,0.8579277396202087
806c3002b.jpg,97.999872,True,0.8239566087722778
80882ef86.jpg,47.000064,True,0.7867991924285889
80882ef86.jpg,80.000256,True,0.85500568151474
80882ef86.jpg,48.0,True,0.8242754936218262
8099aaa13.jpg,11.000064,True,0.09926874935626984
80af04ff1.jpg,47.000064,True,0.6445432305335999
80af04ff1.jpg,38.999808,True,0.3117983937263489
80af04ff1.jpg,46.000128,True,0.4866269528865814
80af04ff1.jpg,40.99968,True,0.15711873769760132
80af04ff1.jpg,46.000128,True,0.6219717860221863
80af04ff1.jpg,28.99968,True,0.13584642112255096
80b8c4d81.jpg,13.999872,False,0.0
80b8c4d81.jpg,16.999679999999998,True,0.4253120720386505
80b8c4d81.jpg,12.999936000000002,False,0.0
80b8c4d81.jpg,13.999872,True,0.29533231258392334
80b8c4d81.jpg,13.999872,False,0.0
80b8c4d81.jpg,12.999936000000002,True,0.2511574327945709
80b8c4d81.jpg,18.000384,True,0.10485336184501648
80b8c4d81.jpg,12.0,True,0.0783337727189064
80b8c4d81.jpg,15.999744,True,0.1102682426571846
80c6bed54.jpg,72.99993599999999,True,0.8544531464576721
80c6bed54.jpg,67.00032,True,0.8642107844352722
80c6bed54.jpg,36.999936,True,0.22963228821754456
80c6bed54.jpg,62.999808,True,0.6873373985290527
80c6bed54.jpg,67.00032,True,0.6343117356300354
80c6bed54.jpg,71.00006400000001,True,0.7579330801963806
80c6bed54.jpg,52.99968,True,0.7977033853530884
80c6bed54.jpg,50.999808,False,0.0
80c991d08.jpg,134.999808,True,0.8640598058700562
80efb9c7b.jpg,239.00006399999998,True,0.8987289071083069
80f77e99d.jpg,7.00032,False,0.0
8113a97f4.jpg,34.000128,True,0.6036000847816467
811962ac2.jpg,37.999872,True,0.5937944650650024
81443036d.jpg,171.999744,True,0.9307384490966797
814c2a312.jpg,75.999744,True,0.8198351860046387
81580c882.jpg,35.000064,True,0.7543900012969971
81580c882.jpg,67.00032,True,0.8007693290710449
81580c882.jpg,28.99968,True,0.5217767357826233
81580c882.jpg,45.000192,True,0.8229066133499146
815ddd80e.jpg,111.99974399999999,True,0.867405116558075
8162b59c1.jpg,48.999936,True,0.8190179467201233
81636a920.jpg,156.999936,True,0.9049657583236694
81636a920.jpg,216.0,True,0.9139571189880371
816c59748.jpg,66.000384,True,0.7945399284362793
8179df753.jpg,53.999616,True,0.8722622394561768
8179df753.jpg,61.999871999999996,True,0.8609094023704529
8179df753.jpg,82.000128,True,0.8554203510284424
817ad09f4.jpg,95.00006400000001,True,0.8963813185691833
8181e0417.jpg,108.99993599999999,True,0.8853274583816528
81828f709.jpg,66.000384,True,0.8449236154556274
81828f709.jpg,23.000064,True,0.49995946884155273
818c4c604.jpg,16.999679999999998,True,0.12992097437381744
81906d833.jpg,226.00012800000002,True,0.7909559011459351
81906d833.jpg,179.000064,True,0.28285112977027893
81b1be6fa.jpg,27.999744,True,0.626797080039978
81b1be6fa.jpg,7.00032,True,0.1340985894203186
81b1be6fa.jpg,36.999936,True,0.5674880743026733
81b1d206d.jpg,73.999872,True,0.867620587348938
81b1d206d.jpg,24.0,True,0.7378841042518616
81b78ecff.jpg,148.99967999999998,True,0.9244685173034668
81be6d53a.jpg,71.00006400000001,True,0.5677905678749084
81cea10bd.jpg,14.999808,True,0.09794947504997253
81cea10bd.jpg,218.99980800000003,True,0.8841630816459656
81eabfac1.jpg,11.000064,True,0.33221137523651123
81fe5a11c.jpg,19.000320000000002,True,0.3262328803539276
81fe5a11c.jpg,12.999936000000002,True,0.12109154462814331
820a95fdf.jpg,147.999744,True,0.8464784026145935
820cf0fa8.jpg,20.000256,True,0.4102556109428406
821089b9a.jpg,14.999808,True,0.7335838079452515
821089b9a.jpg,15.999744,True,0.31337833404541016
821089b9a.jpg,14.999808,True,0.4058382213115692
8214d47e2.jpg,96.99993599999999,True,0.8157314658164978
8218de40f.jpg,93.000192,True,0.8920015096664429
82305ea18.jpg,12.999936000000002,True,0.2111162543296814
8243ca536.jpg,175.00032000000002,True,0.9034773111343384
827238dc5.jpg,13.999872,True,0.2916845679283142
827238dc5.jpg,24.0,True,0.5748898983001709
828ae7e9d.jpg,21.000192,True,0.5761165022850037
8291d2f31.jpg,153.000192,True,0.8828364014625549
82a36ee8d.jpg,96.99993599999999,True,0.6234252452850342
82aaeddaf.jpg,12.999936000000002,True,0.24822509288787842
82c86dff9.jpg,11.000064,True,0.06859339773654938
82c86dff9.jpg,10.000128,True,0.2403961420059204
82e237789.jpg,15.999744,True,0.4354778528213501
82e8cdaa5.jpg,48.0,True,0.7275552749633789
82ec47838.jpg,177.000192,True,0.8923599123954773
82fa6feb0.jpg,23.000064,True,0.374531090259552
83176534a.jpg,82.000128,True,0.8796011805534363
83208e408.jpg,91.00032,True,0.8859531879425049
83208e408.jpg,18.000384,True,0.1436188668012619
83208e408.jpg,18.000384,True,0.43045854568481445
832661f4f.jpg,121.999872,True,0.8615636229515076
833574595.jpg,101.999616,True,0.9105108976364136
834d275fd.jpg,7.00032,False,0.0
8355c30ab.jpg,12.999936000000002,True,0.32482650876045227
836216268.jpg,189.000192,True,0.9033129215240479
838648b78.jpg,86.999808,True,0.7979263663291931
8395e055c.jpg,90.000384,True,0.8112895488739014
83a978177.jpg,75.999744,True,0.8789272308349609
83b872ea5.jpg,180.0,True,0.8734521269798279
83d7d5d87.jpg,12.999936000000002,False,0.0
83dfd98f4.jpg,86.999808,True,0.8379080295562744
83e576834.jpg,67.00032,True,0.6513527035713196
83e576834.jpg,19.000320000000002,True,0.14630621671676636
83e8e54e8.jpg,170.999808,True,0.8934721350669861
83f6011e3.jpg,131.000064,True,0.8968738317489624
8417fc19a.jpg,12.999936000000002,True,0.29961007833480835
8417fc19a.jpg,13.999872,True,0.3116407096385956
8417fc19a.jpg,16.999679999999998,True,0.4619418978691101
8438859e4.jpg,70.000128,True,0.7320132255554199
844a5f36d.jpg,84.99993599999999,True,0.7259698510169983
844a5f36d.jpg,77.999616,True,0.8012830018997192
844a5f36d.jpg,48.999936,True,0.42328935861587524
844a5f36d.jpg,36.999936,True,0.4708535373210907
844a5f36d.jpg,42.000384,True,0.5664071440696716
844e0cf41.jpg,170.999808,True,0.8775671124458313
845c083f2.jpg,130.00012800000002,True,0.83973628282547
845eb47e1.jpg,28.99968,True,0.7400195002555847
84714c017.jpg,14.999808,False,0.0
847d6a872.jpg,250.00012800000002,True,0.8213995099067688
847d6a872.jpg,144.999936,True,0.7956933975219727
84851619b.jpg,12.0,True,0.2166961282491684
849ab5fc3.jpg,14.999808,True,0.24173308908939362
849ab5fc3.jpg,12.999936000000002,False,0.0
849ab5fc3.jpg,12.0,False,0.0
849ab5fc3.jpg,12.999936000000002,False,0.0
849ab5fc3.jpg,15.999744,False,0.0
849ab5fc3.jpg,13.999872,False,0.0
849ab5fc3.jpg,13.999872,False,0.0
849ab5fc3.jpg,24.0,True,0.0785704031586647
849ab5fc3.jpg,11.000064,True,0.41749972105026245
849ab5fc3.jpg,12.999936000000002,False,0.0
84a066bee.jpg,29.999616,True,0.6475553512573242
84a495da1.jpg,163.00032000000002,True,0.9385784864425659
84a80b2a0.jpg,196.99968,True,0.8073297142982483
84ad59a73.jpg,23.000064,True,0.563235342502594
84aff4c89.jpg,16.999679999999998,True,0.3529646694660187
84aff4c89.jpg,15.999744,False,0.0
84aff4c89.jpg,12.999936000000002,True,0.0780191496014595
84aff4c89.jpg,13.999872,True,0.11785402148962021
84aff4c89.jpg,12.0,True,0.05025322362780571
84aff4c89.jpg,13.999872,False,0.0
84aff4c89.jpg,16.999679999999998,True,0.2223583608865738
84aff4c89.jpg,13.999872,False,0.0
84aff4c89.jpg,12.999936000000002,False,0.0
84ed77e7c.jpg,44.000256,True,0.7358232140541077
851302031.jpg,33.000192,True,0.4833180904388428
851ccf864.jpg,18.000384,True,0.22597835958003998
853a7aef1.jpg,49.999871999999996,True,0.6804391741752625
853a7aef1.jpg,37.999872,True,0.6466822028160095
853a7aef1.jpg,47.000064,True,0.6442046761512756
853a7aef1.jpg,46.000128,True,0.4489227533340454
853a7aef1.jpg,39.999744,True,0.5939598679542542
853a7aef1.jpg,49.999871999999996,True,0.623110294342041
853a7aef1.jpg,44.000256,True,0.8810795545578003
853a7aef1.jpg,39.999744,True,0.5597960948944092
853a7aef1.jpg,38.999808,True,0.13189232349395752
853a7aef1.jpg,47.000064,True,0.6636807918548584
85426ca04.jpg,263.00006399999995,True,0.9550692439079285
8543e5205.jpg,15.999744,True,0.15978237986564636
854b5c6e8.jpg,75.999744,True,0.7829517722129822
8553b1c10.jpg,224.000256,True,0.8649893403053284
8556d6ff8.jpg,156.999936,True,0.8069800734519958
8595b77d4.jpg,20.000256,True,0.44792529940605164
8595b77d4.jpg,47.000064,True,0.7360430955886841
859bb4bc8.jpg,81.000192,True,0.8891263008117676
859bb4bc8.jpg,62.999808,True,0.7974649667739868
859e41fe0.jpg,25.999872000000003,True,0.6008664965629578
859e41fe0.jpg,64.99968,True,0.6762436628341675
859e41fe0.jpg,87.999744,True,0.8987197875976562
85a4ba676.jpg,40.99968,True,0.582998514175415
85ad5b8e8.jpg,231.999744,True,0.9149259328842163
85b05eeea.jpg,14.999808,True,0.27767693996429443
85f92ee9d.jpg,38.999808,True,0.11184285581111908
85f92ee9d.jpg,36.0,False,0.0
85f92ee9d.jpg,39.999744,True,0.3144540786743164
860be5ac8.jpg,24.0,False,0.0
860be5ac8.jpg,71.00006400000001,True,0.7740828990936279
861026c31.jpg,11.000064,True,0.42240703105926514
861026c31.jpg,60.0,True,0.8391934633255005
861026c31.jpg,77.999616,True,0.831430196762085
862b31c63.jpg,96.0,True,0.8720672726631165
863a96e44.jpg,24.0,True,0.5428544282913208
86760f68d.jpg,23.000064,True,0.08947278559207916
8680839be.jpg,4.99968,False,0.0
8680839be.jpg,16.999679999999998,True,0.3390430808067322
8680839be.jpg,4.99968,False,0.0
8688f97fb.jpg,32.000256,True,0.7383016347885132
8688f97fb.jpg,36.999936,True,0.7827618718147278
869396711.jpg,96.99993599999999,True,0.8374419212341309
869396711.jpg,22.000128,True,0.06747674196958542
86964c018.jpg,88.99968,True,0.8982408046722412
86b02d20e.jpg,24.999935999999998,True,0.47911205887794495
86caf7744.jpg,20.000256,True,0.34137293696403503
86e1c17ae.jpg,48.999936,True,0.6770408749580383
86ebc244d.jpg,33.000192,True,0.05212351307272911
86f473acf.jpg,91.00032,True,0.7374939918518066
86f73238a.jpg,135.999744,True,0.9168047904968262
86f7b8272.jpg,228.99993600000002,True,0.9306380748748779
870680501.jpg,35.000064,False,0.0
870e938c3.jpg,159.999744,True,0.9018534421920776
87139470c.jpg,151.00032000000002,True,0.8782539963722229
8715b56a0.jpg,266.99980800000003,True,0.9344903826713562
871d71a5b.jpg,60.999936,True,0.7675622701644897
87404fe27.jpg,35.000064,True,0.15149010717868805
8740db2fd.jpg,195.999744,True,0.8949238657951355
8740db2fd.jpg,76.99968,True,0.8832669854164124
8740db2fd.jpg,75.999744,True,0.8643234968185425
8740db2fd.jpg,82.000128,True,0.8142994046211243
874bb3d0b.jpg,75.999744,True,0.7703291773796082
8750bd082.jpg,74.999808,True,0.852427065372467
8751e708d.jpg,72.0,True,0.7910308241844177
8759ab630.jpg,22.000128,True,0.3628578782081604
8759ab630.jpg,18.000384,True,0.37910357117652893
87667797b.jpg,47.000064,True,0.7879942655563354
87823f0e8.jpg,141.000192,True,0.834870457649231
87823f0e8.jpg,22.000128,True,0.3085785210132599
8794d5ff9.jpg,18.000384,True,0.29503121972084045
8794d5ff9.jpg,27.999744,True,0.05487922206521034
87a1e29ab.jpg,145.99987199999998,True,0.9193634986877441
87acc3ebe.jpg,15.999744,True,0.25424250960350037
87bd9c92b.jpg,91.00032,True,0.8804994225502014
87edd570b.jpg,29.999616,False,0.0
881f75cc1.jpg,43.00032,True,0.836574375629425
88212dbc7.jpg,20.000256,True,0.6188946962356567
883b243fb.jpg,12.999936000000002,False,0.0
88449d222.jpg,60.0,True,0.7430978417396545
88449d222.jpg,12.999936000000002,True,0.2730681002140045
8849b205b.jpg,9.000192,True,0.3010886609554291
88564623a.jpg,11.000064,True,0.5426077842712402
886cbd726.jpg,20.000256,False,0.0
887a44405.jpg,16.999679999999998,False,0.0
887a44405.jpg,80.000256,True,0.8238945007324219
8889c3cb8.jpg,177.000192,True,0.8416019082069397
889d3301e.jpg,60.0,True,0.9120089411735535
889d3301e.jpg,92.000256,True,0.7760713696479797
889d3301e.jpg,156.999936,True,0.8513694405555725
889d3301e.jpg,179.000064,True,0.8179728984832764
88a46e015.jpg,81.000192,True,0.8584925532341003
88ab00019.jpg,11.000064,True,0.19353781640529633
88ab00019.jpg,14.999808,True,0.6982744336128235
88b55ae2a.jpg,13.999872,True,0.2750287353992462
88d1a3bfa.jpg,213.00019199999997,True,0.8870282769203186
88e14cd94.jpg,105.000192,True,0.8452856540679932
88e34a21f.jpg,4.99968,False,0.0
88e3e33fd.jpg,87.999744,True,0.6936869621276855
88e3e33fd.jpg,77.999616,True,0.7698436975479126
88e3e33fd.jpg,135.999744,True,0.8324753642082214
88ee8ca07.jpg,18.000384,True,0.4640752375125885
88ee8ca07.jpg,16.999679999999998,True,0.4764816462993622
88f91b5d5.jpg,58.000128000000004,True,0.39576253294944763
890ea1a11.jpg,7.00032,True,0.22033631801605225
891f7fbb8.jpg,4.99968,False,0.0
891f7fbb8.jpg,5.9996160000000005,False,0.0
892a69b4b.jpg,193.99987199999998,True,0.8432139754295349
894a69786.jpg,23.000064,True,0.548223078250885
894c7db4e.jpg,23.000064,True,0.062249764800071716
8950afd7c.jpg,14.999808,False,0.0
89596469e.jpg,19.000320000000002,True,0.42446601390838623
895ee3fac.jpg,19.000320000000002,True,0.3966628313064575
897dbe93c.jpg,16.999679999999998,True,0.4463246762752533
897dbe93c.jpg,11.000064,True,0.3642862141132355
897e268f7.jpg,36.999936,True,0.6551485061645508
89908d887.jpg,18.000384,True,0.5911870002746582
89c857e22.jpg,46.000128,True,0.8074511289596558
89c857e22.jpg,19.000320000000002,True,0.31144219636917114
89c857e22.jpg,93.000192,True,0.8570829033851624
89cbb2430.jpg,16.999679999999998,True,0.4203243553638458
89cd711b2.jpg,252.0,True,0.8160222768783569
89d46f4c4.jpg,133.99987199999998,True,0.8331408500671387
89fbf46f8.jpg,23.000064,True,0.41267457604408264
89fcf9121.jpg,12.999936000000002,False,0.0
89fcf9121.jpg,55.00032,True,0.8367617726325989
8a026fe20.jpg,259.00032,True,0.8804798722267151
8a0e5c046.jpg,193.99987199999998,True,0.8975823521614075
8a2499cea.jpg,9.000192,True,0.5876531004905701
8a2499cea.jpg,8.000256,True,0.6204943060874939
8a2499cea.jpg,7.00032,True,0.4579455554485321
8a2499cea.jpg,9.000192,True,0.19255255162715912
8a2499cea.jpg,11.000064,True,0.21962374448776245
8a2499cea.jpg,9.000192,True,0.18487830460071564
8a2499cea.jpg,12.999936000000002,True,0.6121737957000732
8a2499cea.jpg,8.000256,True,0.3994743824005127
8a2499cea.jpg,10.000128,False,0.0
8a2499cea.jpg,10.000128,True,0.3659766614437103
8a2499cea.jpg,9.000192,True,0.299672394990921
8a2c43d6b.jpg,177.000192,True,0.9087098836898804
8a353f292.jpg,19.000320000000002,True,0.12988239526748657
8a37200de.jpg,60.999936,True,0.824449360370636
8a37bcd57.jpg,240.0,True,0.8561493754386902
8a3a192a4.jpg,250.00012800000002,True,0.954095184803009
8a3a192a4.jpg,36.0,True,0.656459391117096
8a3a192a4.jpg,195.999744,True,0.9153839945793152
8a59239c9.jpg,71.00006400000001,True,0.7699072360992432
8a59239c9.jpg,24.0,False,0.0
8a5bf45d5.jpg,27.999744,True,0.5540565848350525
8a78ffce2.jpg,22.000128,True,0.09118109941482544
8a78ffce2.jpg,13.999872,True,0.5953324437141418
8a79b86aa.jpg,14.999808,True,0.20957645773887634
8a8950d97.jpg,18.000384,True,0.2400820255279541
8a8950d97.jpg,60.999936,True,0.8232279419898987
8aa4eedaf.jpg,204.99993600000002,True,0.9191325902938843
8aa850743.jpg,12.999936000000002,True,0.07025331258773804
8ab0d9126.jpg,42.000384,True,0.7372050881385803
8ab996730.jpg,12.999936000000002,True,0.41680440306663513
8aba2fd7a.jpg,20.000256,True,0.2533564567565918
8aba2fd7a.jpg,77.999616,True,0.8495251536369324
8ac027bce.jpg,14.999808,True,0.10098990797996521
8ac027bce.jpg,223.00032,True,0.8842850923538208
8acb482bd.jpg,154.00012800000002,True,0.9307399988174438
8ad018505.jpg,11.000064,True,0.21686071157455444
8ad018505.jpg,29.999616,True,0.2554830312728882
8ad018505.jpg,99.99974399999999,True,0.6657118201255798
8ae540da8.jpg,244.99968,True,0.9568106532096863
8ae540da8.jpg,180.0,True,0.9106716513633728
8afe804ba.jpg,179.000064,True,0.9088775515556335
8b15c073d.jpg,16.999679999999998,True,0.5301554799079895
8b15c073d.jpg,12.999936000000002,True,0.6341851949691772
8b15c073d.jpg,16.999679999999998,True,0.6816698312759399
8b15c073d.jpg,18.000384,True,0.39562854170799255
8b15c073d.jpg,16.999679999999998,True,0.6782129406929016
8b15c073d.jpg,15.999744,True,0.5103163123130798
8b15c073d.jpg,13.999872,True,0.29829472303390503
8b2291ad4.jpg,12.999936000000002,True,0.18125541508197784
8b2291ad4.jpg,20.000256,True,0.4366287291049957
8b2775080.jpg,77.999616,True,0.8399890065193176
8b56662dc.jpg,84.99993599999999,True,0.8100987076759338
8b5dfef95.jpg,12.999936000000002,False,0.0
8b5f9d5d8.jpg,86.999808,True,0.8673036694526672
8b5f9d5d8.jpg,52.99968,True,0.8324633240699768
8b61fbd84.jpg,61.999871999999996,True,0.8767508268356323
8b68319d0.jpg,110.999808,True,0.7639320492744446
8b68319d0.jpg,31.00032,True,0.5540533661842346
8b68319d0.jpg,98.999808,True,0.84809809923172
8b68319d0.jpg,21.000192,False,0.0
8b6b01699.jpg,170.999808,True,0.8771716356277466
8b858d1ca.jpg,82.000128,True,0.8781916499137878
8b8ff7fc4.jpg,20.000256,True,0.6899555325508118
8b8ff7fc4.jpg,11.000064,False,0.0
8b8ff7fc4.jpg,14.999808,True,0.6482547521591187
8ba136c38.jpg,194.99980800000003,True,0.8368712067604065
8ba136c38.jpg,223.00032,True,0.9227032661437988
8bb20d465.jpg,263.00006399999995,True,0.9587841629981995
8bb46b7e3.jpg,12.999936000000002,True,0.30172398686408997
8bcdca0cb.jpg,16.999679999999998,True,0.2641329765319824
8bd94f511.jpg,98.999808,True,0.8933451175689697
8bd94f511.jpg,82.000128,True,0.8673219084739685
8bdec9a05.jpg,43.00032,True,0.7389200925827026
8bf651696.jpg,24.999935999999998,True,0.25572800636291504
8bf651696.jpg,40.99968,True,0.05599277466535568
8bfad0524.jpg,136.99967999999998,True,0.8083890080451965
8bfad0524.jpg,12.0,True,0.1788858324289322
8bfad0524.jpg,11.000064,True,0.1262706220149994
8c02047a1.jpg,76.99968,True,0.6801130771636963
8c02047a1.jpg,98.999808,True,0.77127605676651
8c02047a1.jpg,48.999936,True,0.6116659045219421
8c02047a1.jpg,48.999936,True,0.17250008881092072
8c02047a1.jpg,143.000064,True,0.7744022011756897
8c02047a1.jpg,70.000128,True,0.6949307918548584
8c02047a1.jpg,74.999808,True,0.546462893486023
8c02047a1.jpg,100.99967999999998,True,0.5178388953208923
8c02047a1.jpg,52.99968,True,0.6867209672927856
8c17b27cc.jpg,15.999744,True,0.273629754781723
8c17b27cc.jpg,16.999679999999998,True,0.563514232635498
8c1b419a1.jpg,16.999679999999998,True,0.33114930987358093
8c23c585a.jpg,124.99967999999998,True,0.8372285962104797
8c3e4558d.jpg,68.000256,True,0.8424358367919922
8c3e4558d.jpg,18.000384,True,0.05364975705742836
8c41b395b.jpg,24.999935999999998,True,0.2233240306377411
8c42fcfa1.jpg,151.00032000000002,True,0.8404171466827393
8c4be6a61.jpg,120.0,True,0.880610466003418
8c629b8b5.jpg,29.999616,True,0.7311657667160034
8c629b8b5.jpg,60.0,True,0.8002710342407227
8c6ba3e17.jpg,139.00032000000002,True,0.8859074711799622
8c7fd9fbf.jpg,87.999744,True,0.8711857199668884
8c8620d2e.jpg,19.000320000000002,True,0.05634648725390434
8c9cf7e37.jpg,19.000320000000002,False,0.0
8c9cf7e37.jpg,71.00006400000001,True,0.8679366707801819
8c9cf7e37.jpg,20.000256,True,0.5273760557174683
8ca2e363e.jpg,15.999744,True,0.13444441556930542
8ca2e363e.jpg,10.000128,True,0.37496066093444824
8ca9d4a37.jpg,21.000192,True,0.08923636376857758
8ca9d4a37.jpg,61.999871999999996,True,0.8674697875976562
8cafa26ce.jpg,86.999808,True,0.8394292593002319
8cbb2970b.jpg,211.00032,True,0.9171647429466248
8cbca02cb.jpg,70.000128,True,0.8771945238113403
8cc3ff528.jpg,31.00032,True,0.08930262923240662
8cfb570f6.jpg,24.999935999999998,False,0.0
8cfb570f6.jpg,76.99968,True,0.8324267268180847
8cfb570f6.jpg,24.0,False,0.0
8d0028339.jpg,160.99967999999998,True,0.8904786705970764
8d183ca66.jpg,11.000064,True,0.30391618609428406
8d1f31dc8.jpg,92.000256,True,0.8680768609046936
8d1f31dc8.jpg,12.999936000000002,True,0.10523302853107452
8d1f31dc8.jpg,109.999872,True,0.8179183006286621
8d2144e59.jpg,11.000064,True,0.2918636202812195
8d52d1710.jpg,13.999872,True,0.2984422445297241
8d5b7a1b9.jpg,86.999808,True,0.876258373260498
8d6079194.jpg,13.999872,True,0.2722133696079254
8d61218a3.jpg,11.000064,True,0.4216707646846771
8d61218a3.jpg,77.999616,True,0.8294911980628967
8d692a8d7.jpg,84.99993599999999,True,0.8868623375892639
8d696dcb2.jpg,84.0,True,0.7579238414764404
8d696dcb2.jpg,138.000384,True,0.849050760269165
8d9fd3581.jpg,43.00032,True,0.2364356368780136
8d9fd3581.jpg,45.000192,True,0.16981272399425507
8d9fd3581.jpg,47.000064,True,0.08434846252202988
8db89a8b7.jpg,207.999744,True,0.7803363800048828
8dbe138c4.jpg,62.999808,True,0.8250337243080139
8dbe138c4.jpg,15.999744,True,0.4294513463973999
8dc26d710.jpg,12.999936000000002,True,0.344977468252182
8dfba7e05.jpg,80.000256,True,0.9107742309570312
8dfcc9a22.jpg,20.000256,False,0.0
8e0cc7b1a.jpg,25.999872000000003,False,0.0
8e36f9d56.jpg,55.00032,True,0.7828582525253296
8e3cc1a9a.jpg,13.999872,True,0.45009005069732666
8e3cc1a9a.jpg,13.999872,True,0.08099735528230667
8e5b5e5ac.jpg,191.000064,True,0.8961941003799438
8e5b5e5ac.jpg,73.999872,True,0.6638811826705933
8e5fad340.jpg,197.999616,True,0.8706216216087341
8e798b726.jpg,63.99974400000001,True,0.7973380088806152
8e7c684ae.jpg,18.000384,True,0.6160904169082642
8e7e2bdb5.jpg,204.0,True,0.8856547474861145
8e9064036.jpg,108.99993599999999,True,0.8854660391807556
8e9f89188.jpg,96.0,True,0.8370848298072815
8ea11cb52.jpg,44.000256,True,0.7882823944091797
8ecc8ea77.jpg,291.99974399999996,True,0.9140024781227112
8ecc8ea77.jpg,104.00025600000001,True,0.8627150654792786
8ecc8ea77.jpg,24.999935999999998,True,0.4668261408805847
8ef058535.jpg,136.99967999999998,True,0.9312313199043274
8f1dc78d3.jpg,15.999744,True,0.14613473415374756
8f3358020.jpg,14.999808,False,0.0
8f3be518d.jpg,40.99968,True,0.702790379524231
8f411018d.jpg,5.9996160000000005,False,0.0
8f4eb84b1.jpg,267.99974399999996,True,0.9747031331062317
8f4eb84b1.jpg,20.000256,True,0.07218517363071442
8f53ef08b.jpg,86.999808,True,0.8788400292396545
8f6f06029.jpg,95.00006400000001,True,0.7539451718330383
8f6f06029.jpg,192.99993600000002,True,0.8547510504722595
8f6f06029.jpg,70.000128,True,0.6126779317855835
8f755c40c.jpg,51.99974400000001,True,0.5021283626556396
8f755c40c.jpg,21.000192,True,0.3949505686759949
8f755c40c.jpg,38.999808,True,0.18444186449050903
8f755c40c.jpg,59.000064,True,0.8287307024002075
8f755c40c.jpg,59.000064,True,0.8360088467597961
8f789e5b9.jpg,94.000128,True,0.7206047773361206
8f798280c.jpg,40.99968,True,0.8677791953086853
8f843f70a.jpg,24.0,True,0.3939054012298584
8f843f70a.jpg,10.000128,True,0.32179978489875793
8f843f70a.jpg,79.00032,True,0.8471084833145142
8fa56d134.jpg,9.000192,False,0.0
8fa56d134.jpg,8.000256,False,0.0
8fb84ab8b.jpg,166.00012800000002,True,0.8662015795707703
8fc4dd67d.jpg,58.000128000000004,True,0.8575789928436279
8fdffa16f.jpg,82.000128,True,0.8398119807243347
8fdffa16f.jpg,27.999744,True,0.12002532184123993
8fdffa16f.jpg,12.999936000000002,True,0.3364987075328827
8fdffa16f.jpg,22.000128,True,0.5842419862747192
8fdffa16f.jpg,72.99993599999999,True,0.8717712163925171
8fdffa16f.jpg,70.000128,True,0.8089072704315186
8fed1b355.jpg,25.999872000000003,False,0.0
8feda0449.jpg,13.999872,True,0.5001876354217529
9021b7349.jpg,42.000384,True,0.7826926708221436
9021b7349.jpg,200.000256,True,0.8882629871368408
9021b7349.jpg,74.999808,True,0.7302392721176147
9030cfe70.jpg,47.000064,True,0.6618010997772217
9030cfe70.jpg,108.0,True,0.7964211702346802
905547ac4.jpg,194.99980800000003,True,0.8692860007286072
90716260a.jpg,28.99968,True,0.6349755525588989
9077f91aa.jpg,88.99968,True,0.7903410792350769
907af4d58.jpg,14.999808,False,0.0
907af4d58.jpg,74.999808,True,0.7779435515403748
907c6a50e.jpg,59.000064,True,0.7643967866897583
907c6a50e.jpg,84.99993599999999,True,0.8403958678245544
907fdf621.jpg,166.00012800000002,True,0.9133487939834595
908adff15.jpg,10.000128,False,0.0
90a1594cf.jpg,28.99968,True,0.7711716890335083
90a805fe8.jpg,36.999936,True,0.703580915927887
90b04356e.jpg,21.000192,True,0.17344161868095398
90b3653af.jpg,11.000064,False,0.0
90b3653af.jpg,12.999936000000002,True,0.16347001492977142
90b3653af.jpg,18.000384,True,0.30825287103652954
90b3653af.jpg,13.999872,True,0.060134273022413254
90b3653af.jpg,140.000256,True,0.869701623916626
90b852c20.jpg,20.000256,True,0.18502277135849
90bb334ec.jpg,94.000128,True,0.8820502161979675
90d31fb80.jpg,19.000320000000002,True,0.2061934769153595
90d34f8ee.jpg,33.000192,False,0.0
90d73e493.jpg,11.000064,True,0.2108592838048935
90d73e493.jpg,8.000256,False,0.0
90d73e493.jpg,8.000256,True,0.12928813695907593
90d73e493.jpg,9.000192,True,0.2252262681722641
90d73e493.jpg,10.000128,True,0.3983513116836548
90d73e493.jpg,10.000128,True,0.3910159468650818
90d73e493.jpg,5.9996160000000005,False,0.0
90d73e493.jpg,9.000192,False,0.0
90da9c6e4.jpg,218.99980800000003,True,0.8242696523666382
90dd7a904.jpg,67.00032,True,0.7998623251914978
90fde558d.jpg,35.000064,False,0.0
91013c5fa.jpg,10.000128,False,0.0
91026f37f.jpg,21.000192,True,0.43987277150154114
910c12294.jpg,18.000384,True,0.42082855105400085
9115f80de.jpg,56.00025599999999,True,0.8661354780197144
9118c824c.jpg,240.99993600000002,True,0.9343597292900085
91248ebd4.jpg,10.000128,True,0.390784353017807
912625b71.jpg,19.000320000000002,True,0.33755502104759216
915ee1e1a.jpg,47.000064,False,0.0
915ee1e1a.jpg,25.999872000000003,True,0.06374450027942657
915ee1e1a.jpg,21.000192,False,0.0
915ee1e1a.jpg,27.999744,True,0.16499343514442444
9184553ca.jpg,48.0,True,0.8860992193222046
9184553ca.jpg,32.000256,True,0.3872944414615631
9184553ca.jpg,36.999936,True,0.8799064755439758
9184553ca.jpg,42.000384,True,0.8610076308250427
9184553ca.jpg,49.999871999999996,True,0.9064924716949463
9184553ca.jpg,42.000384,True,0.554917573928833
9184553ca.jpg,36.0,True,0.8253616690635681
9184553ca.jpg,40.99968,True,0.6212364435195923
9184553ca.jpg,48.0,True,0.8269867300987244
9184553ca.jpg,36.999936,True,0.8190592527389526
9184553ca.jpg,75.999744,True,0.8482121825218201
9184553ca.jpg,42.000384,True,0.7371984124183655
9184553ca.jpg,81.000192,True,0.8557578921318054
9184e94ad.jpg,11.000064,True,0.42823490500450134
919314302.jpg,27.999744,True,0.6971622705459595
919e75a13.jpg,239.00006399999998,True,0.9470037221908569
919f8ee92.jpg,31.00032,True,0.63702791929245
919f8ee92.jpg,46.000128,True,0.6503240466117859
91bcdd9df.jpg,27.999744,True,0.4208245873451233
91bcdd9df.jpg,28.99968,True,0.5673269033432007
91c9393df.jpg,28.99968,True,0.5245141983032227
91cff7dad.jpg,18.000384,False,0.0
91f6934ce.jpg,80.000256,True,0.8837509155273438
91f6934ce.jpg,21.000192,True,0.5548226833343506
91f8d377b.jpg,196.99968,True,0.9109925627708435
9200d4030.jpg,277.999872,True,0.9807377457618713
9202dec29.jpg,22.000128,True,0.3643890619277954
920dd8351.jpg,180.0,True,0.8699514865875244
92210aa10.jpg,19.000320000000002,True,0.31601017713546753
9222cf944.jpg,18.000384,True,0.3491002023220062
9239ebec3.jpg,160.99967999999998,True,0.8814270496368408
923a86f44.jpg,105.000192,True,0.9238815307617188
92468a536.jpg,24.999935999999998,True,0.5833678245544434
924bcc0dc.jpg,84.99993599999999,True,0.8169894814491272
9259fd6d4.jpg,47.000064,True,0.5172210931777954
925a10025.jpg,139.00032000000002,True,0.8961641192436218
927652547.jpg,111.99974399999999,True,0.9010853171348572
927a27586.jpg,13.999872,True,0.4802151620388031
927a27586.jpg,15.999744,True,0.4666702151298523
927a27586.jpg,13.999872,True,0.430745393037796
92af1c5c1.jpg,56.00025599999999,True,0.8712727427482605
92af1c5c1.jpg,13.999872,True,0.3067202568054199
92b3cc6e3.jpg,13.999872,False,0.0
92b3cc6e3.jpg,11.000064,False,0.0
92bfbcf50.jpg,12.0,True,0.2663761079311371
92e550c1b.jpg,19.000320000000002,True,0.3869095742702484
92ee3ad54.jpg,16.999679999999998,True,0.6622998714447021
92ee3ad54.jpg,19.000320000000002,True,0.6599904298782349
92ee3ad54.jpg,10.000128,True,0.23449933528900146
92ee3ad54.jpg,16.999679999999998,True,0.5639486312866211
92ee3ad54.jpg,10.000128,True,0.17644275724887848
92ee3ad54.jpg,13.999872,True,0.3987545073032379
92ee3ad54.jpg,5.9996160000000005,False,0.0
92ee3ad54.jpg,11.000064,True,0.574508547782898
92ee3ad54.jpg,12.0,False,0.0
92f3f28f5.jpg,22.000128,True,0.8049960136413574
92f3f28f5.jpg,12.0,True,0.6605181097984314
92f3f28f5.jpg,8.000256,True,0.31997519731521606
92f3f28f5.jpg,11.000064,True,0.127422034740448
92f3f28f5.jpg,10.000128,True,0.6697100400924683
931a0f826.jpg,11.000064,True,0.40388044714927673
931a89ac1.jpg,18.000384,False,0.0
9326704a8.jpg,57.000192,True,0.7986920475959778
9329c24f2.jpg,14.999808,True,0.06317660212516785
9329c24f2.jpg,62.999808,True,0.4760429561138153
9329c24f2.jpg,42.000384,True,0.2714930772781372
9329c24f2.jpg,79.00032,True,0.5479701161384583
9329c24f2.jpg,16.999679999999998,True,0.4405094385147095
9329c24f2.jpg,38.999808,True,0.47612032294273376
9330cc637.jpg,155.000064,True,0.8274055123329163
933c52789.jpg,90.000384,True,0.4385344982147217
933c52789.jpg,108.0,True,0.733328640460968
933c52789.jpg,15.999744,True,0.4014767110347748
93489bd03.jpg,32.000256,True,0.5444337129592896
935944f67.jpg,60.0,True,0.7594029903411865
935d1bfc4.jpg,36.999936,True,0.5575620532035828
935d1bfc4.jpg,50.999808,True,0.708489179611206
936b0a0cc.jpg,37.999872,True,0.7834797501564026
936b0a0cc.jpg,16.999679999999998,True,0.4609872102737427
936b0a0cc.jpg,13.999872,True,0.30039191246032715
936b0a0cc.jpg,12.0,False,0.0
9370c6f45.jpg,179.000064,True,0.8886862397193909
9373e920d.jpg,35.000064,True,0.5703505277633667
9373e920d.jpg,18.000384,True,0.3514125645160675
93757e13c.jpg,93.000192,True,0.8706260323524475
93acc1f54.jpg,97.999872,True,0.8649865984916687
93b2fb900.jpg,19.000320000000002,True,0.44159257411956787
93c511cde.jpg,205.99987199999998,True,0.8977662324905396
93c86a6ce.jpg,123.99974399999999,True,0.9244193434715271
93e0cf198.jpg,12.999936000000002,True,0.35523471236228943
93eec77e5.jpg,317.999616,True,0.7199646830558777
93f0cd2f3.jpg,208.99968,True,0.9352210164070129
941ef85cd.jpg,103.00032000000002,True,0.886245608329773
942665070.jpg,262.000128,True,0.9603008031845093
94387ad31.jpg,13.999872,True,0.58138108253479
94473ba3b.jpg,127.00032000000002,True,0.8949863910675049
946c70418.jpg,12.0,True,0.3673606812953949
946e29cae.jpg,68.000256,True,0.8601359128952026
94866f627.jpg,36.0,True,0.7083914279937744
948a43700.jpg,29.999616,True,0.8042149543762207
948aea154.jpg,11.000064,False,0.0
949ec8c8f.jpg,21.000192,True,0.09220424294471741
94beb35a9.jpg,87.999744,True,0.9144307374954224
94beb35a9.jpg,70.000128,True,0.8715041279792786
94cae18c9.jpg,194.99980800000003,True,0.1251794844865799
94e0aeb64.jpg,24.999935999999998,True,0.23747143149375916
94e1c5723.jpg,240.0,True,0.8014565706253052
94f4dd434.jpg,13.999872,True,0.43109551072120667
951012287.jpg,7.00032,True,0.32646724581718445
951012287.jpg,9.000192,True,0.395707905292511
951012287.jpg,8.000256,True,0.45841026306152344
951012287.jpg,8.000256,True,0.21195951104164124
951012287.jpg,8.000256,True,0.4707128703594208
951012287.jpg,8.000256,True,0.20667777955532074
951012287.jpg,7.00032,True,0.417079359292984
951012287.jpg,9.000192,True,0.15896141529083252
951012287.jpg,8.000256,True,0.44378966093063354
951012287.jpg,7.00032,True,0.3616101145744324
951012287.jpg,8.000256,True,0.4498787820339203
951012287.jpg,8.000256,True,0.33128777146339417
951012287.jpg,8.000256,True,0.23239247500896454
95107c1f4.jpg,42.000384,True,0.7388777732849121
951826911.jpg,50.999808,True,0.6288869380950928
952a07a5d.jpg,91.00032,True,0.8715274930000305
952e1b767.jpg,37.999872,True,0.4465523362159729
952e1b767.jpg,81.000192,True,0.8691249489784241
952e1b767.jpg,24.0,True,0.1234670877456665
952e1b767.jpg,28.99968,True,0.6490659713745117
9540a73fa.jpg,9.000192,True,0.5370610356330872
9540a73fa.jpg,5.9996160000000005,True,0.3344990909099579
9540a73fa.jpg,10.000128,True,0.09320373833179474
9540a73fa.jpg,104.00025600000001,True,0.8746548891067505
9540a73fa.jpg,9.000192,True,0.29266834259033203
9554dadc3.jpg,37.999872,True,0.7705111503601074
9554dadc3.jpg,16.999679999999998,True,0.35627713799476624
9554dadc3.jpg,34.000128,True,0.5343665480613708
9554dadc3.jpg,36.0,False,0.0
9554dadc3.jpg,16.999679999999998,False,0.0
9554dadc3.jpg,27.999744,True,0.1502707451581955
9554dadc3.jpg,32.000256,True,0.0743376761674881
9554dadc3.jpg,19.000320000000002,False,0.0
9554dadc3.jpg,24.999935999999998,True,0.2001013308763504
955f86d96.jpg,80.000256,True,0.8964068293571472
955f86d96.jpg,96.0,True,0.8861734867095947
9563398ea.jpg,277.999872,True,0.981261134147644
9569b0c16.jpg,9.000192,True,0.3127874433994293
9569b0c16.jpg,104.00025600000001,True,0.8732088208198547
9569b0c16.jpg,9.000192,True,0.5343536138534546
9569b0c16.jpg,72.0,True,0.8165507316589355
9573080ae.jpg,225.00019199999997,True,0.8553264141082764
9573080ae.jpg,95.00006400000001,True,0.7893959879875183
9573080ae.jpg,307.00032,True,0.844821035861969
9573eb32d.jpg,34.000128,True,0.679186999797821
95940e5b9.jpg,241.99987199999998,True,0.8856965899467468
959a48460.jpg,22.000128,False,0.0
95a57ed06.jpg,5.9996160000000005,False,0.0
95b1243c7.jpg,21.000192,True,0.44941413402557373
95b1243c7.jpg,72.0,True,0.8174545168876648
95cb378f6.jpg,10.000128,True,0.24123267829418182
95d9087f6.jpg,96.0,True,0.7480748891830444
95e3b06bf.jpg,123.99974399999999,True,0.883529782295227
95e677479.jpg,70.000128,True,0.8454211950302124
95e677479.jpg,19.000320000000002,True,0.5669401288032532
95fd78503.jpg,46.000128,True,0.8432796597480774
95fd78503.jpg,81.000192,True,0.5698497295379639
96049baca.jpg,28.99968,True,0.5493571758270264
960514723.jpg,14.999808,False,0.0
960514723.jpg,14.999808,True,0.07557609677314758
960514723.jpg,31.00032,True,0.5918962359428406
960514723.jpg,19.000320000000002,True,0.12636348605155945
9614bdf34.jpg,34.000128,True,0.7111048698425293
9614bdf34.jpg,33.000192,True,0.11605314165353775
962299ce4.jpg,154.00012800000002,True,0.8228797316551208
962299ce4.jpg,66.000384,True,0.6387825012207031
963a81be4.jpg,68.000256,True,0.8437225222587585
963a81be4.jpg,18.000384,True,0.05638836324214935
963ff8592.jpg,21.000192,True,0.2919038236141205
9643a7a2b.jpg,66.000384,True,0.8688487410545349
96454286b.jpg,18.000384,True,0.6785364747047424
965865790.jpg,44.000256,True,0.8293550610542297
966ba17f4.jpg,145.99987199999998,True,0.9198770523071289
966ba17f4.jpg,84.99993599999999,True,0.7557490468025208
967e60dff.jpg,186.000384,True,0.9221929907798767
96ab83467.jpg,33.000192,True,0.8320156335830688
96ae5bd01.jpg,24.0,True,0.08853870630264282
96b50ad71.jpg,10.000128,True,0.574893057346344
96b699a48.jpg,189.000192,True,0.9007898569107056
96b699a48.jpg,180.0,True,0.9034137725830078
96c1d0f74.jpg,5.9996160000000005,False,0.0
96db61143.jpg,158.999808,True,0.9190039038658142
96edddec9.jpg,309.00019199999997,True,0.8222261667251587
96edddec9.jpg,35.000064,True,0.1695026457309723
96edddec9.jpg,25.999872000000003,True,0.6224954128265381
96edddec9.jpg,155.000064,True,0.8324889540672302
96edddec9.jpg,148.99967999999998,True,0.7916698455810547
9700c2b56.jpg,13.999872,True,0.4037686288356781
9701c64fd.jpg,12.999936000000002,True,0.6487501859664917
970291f86.jpg,168.999936,True,0.9052490592002869
9710d6f81.jpg,8.000256,True,0.11831255257129669
9711af315.jpg,26.999808,True,0.35822567343711853
9711af315.jpg,32.000256,False,0.0
9716875b9.jpg,14.999808,True,0.6899755597114563
9716875b9.jpg,13.999872,True,0.6203070878982544
9716875b9.jpg,12.999936000000002,False,0.0
9716875b9.jpg,20.000256,True,0.6961808204650879
9716875b9.jpg,14.999808,True,0.639323353767395
9716875b9.jpg,11.000064,False,0.0
9716875b9.jpg,12.999936000000002,True,0.26823100447654724
971a6b0d5.jpg,148.99967999999998,True,0.9140094518661499
971a6b0d5.jpg,42.000384,True,0.8254469037055969
971a6b0d5.jpg,58.000128000000004,True,0.8856387138366699
97285a1b9.jpg,45.000192,True,0.05840659886598587
9759c2eae.jpg,20.000256,True,0.39697253704071045
975ae1404.jpg,18.000384,True,0.4507807493209839
9761c978a.jpg,215.00006399999998,True,0.8682873845100403
976a0ca8d.jpg,115.00032000000002,True,0.8857335448265076
97766d082.jpg,38.999808,True,0.09420762211084366
977f4e995.jpg,97.999872,True,0.7494101524353027
97a2e4018.jpg,119.00006400000001,True,0.8949166536331177
97a2e4018.jpg,48.0,True,0.24567757546901703
97a2e4018.jpg,57.000192,True,0.09664657711982727
97a2e4018.jpg,72.0,True,0.4838498830795288
97a2e4018.jpg,11.000064,True,0.06180160120129585
97a2e4018.jpg,75.999744,True,0.5522997975349426
97b01cb5f.jpg,14.999808,True,0.37556207180023193
97b4b4560.jpg,19.000320000000002,True,0.2129252552986145
97b4b4560.jpg,10.000128,True,0.23841337859630585
97b4b4560.jpg,15.999744,True,0.5037857890129089
97bc6c626.jpg,24.999935999999998,True,0.48305636644363403
97c24d8ad.jpg,93.000192,True,0.874163806438446
97c695d37.jpg,38.999808,True,0.512820303440094
97c695d37.jpg,86.999808,True,0.8624425530433655
97c695d37.jpg,83.00006400000001,True,0.8384509682655334
97c695d37.jpg,171.999744,True,0.8785362243652344
97c695d37.jpg,37.999872,True,0.6963343024253845
97c695d37.jpg,63.99974400000001,True,0.7161757349967957
97c695d37.jpg,84.99993599999999,True,0.719355046749115
981a98427.jpg,8.000256,True,0.15259027481079102
981a98427.jpg,14.999808,True,0.2364719808101654
9839ae565.jpg,104.00025600000001,True,0.8725076913833618
9867e68e8.jpg,212.000256,True,0.8350633382797241
9867e68e8.jpg,44.000256,True,0.6053679585456848
9867e68e8.jpg,29.999616,True,0.6287356019020081
9868a54cd.jpg,19.000320000000002,True,0.28393182158470154
98a96fb09.jpg,79.00032,True,0.7273901104927063
98a9c7c77.jpg,18.000384,True,0.3517664074897766
98aedefbe.jpg,117.000192,True,0.896115779876709
98b3ec19a.jpg,56.00025599999999,False,0.0
98b3ec19a.jpg,156.999936,True,0.9198569655418396
98c877bdb.jpg,50.999808,True,0.7850639224052429
98cec26da.jpg,119.00006400000001,True,0.8399032950401306
98f4d7e90.jpg,88.99968,True,0.7915627360343933
98fa9ded4.jpg,9.000192,True,0.26787126064300537
98fa9ded4.jpg,15.999744,True,0.6975215673446655
98fc30e7a.jpg,32.000256,True,0.42453473806381226
992c4184d.jpg,26.999808,True,0.3870222270488739
992e504a2.jpg,13.999872,True,0.18202680349349976
992e504a2.jpg,16.999679999999998,True,0.37754809856414795
992e504a2.jpg,11.000064,True,0.09834203869104385
992e504a2.jpg,11.000064,True,0.22430790960788727
992e504a2.jpg,15.999744,True,0.1489965319633484
992e504a2.jpg,15.999744,True,0.35382404923439026
992e504a2.jpg,15.999744,True,0.4579521417617798
992e504a2.jpg,14.999808,True,0.20093686878681183
992e504a2.jpg,12.0,True,0.33699947595596313
993132f27.jpg,14.999808,False,0.0
99356862f.jpg,45.000192,True,0.6459774971008301
99356862f.jpg,18.000384,True,0.24843357503414154
996d335f2.jpg,199.00032,True,0.9057425260543823
997cc6536.jpg,20.000256,False,0.0
9988be79a.jpg,64.99968,True,0.8722625970840454
998bea684.jpg,140.000256,True,0.864953875541687
99a1a95c0.jpg,265.999872,True,0.8639094233512878
99c01ba48.jpg,218.99980800000003,True,0.9289306402206421
99d552cd3.jpg,40.99968,True,0.720762312412262
99da5a016.jpg,49.999871999999996,True,0.7559306025505066
99da5a016.jpg,27.999744,True,0.5791321992874146
99db4043d.jpg,15.999744,True,0.5476883053779602
99db4043d.jpg,12.0,True,0.5169307589530945
99e084a60.jpg,129.000192,True,0.8709449172019958
99ee2feca.jpg,84.99993599999999,True,0.841339647769928
99ee2feca.jpg,59.000064,True,0.7642265558242798
99ee2feca.jpg,81.000192,True,0.790347695350647
9a10d91e2.jpg,23.000064,True,0.13651050627231598
9a11118f2.jpg,289.999872,True,0.9032175540924072
9a11118f2.jpg,96.99993599999999,True,0.05179719999432564
9a11118f2.jpg,15.999744,True,0.09818828850984573
9a1fd6648.jpg,31.00032,True,0.5816553831100464
9a245f0fd.jpg,12.0,True,0.7086908221244812
9a29ae326.jpg,88.99968,True,0.6256116628646851
9a29ae326.jpg,105.000192,True,0.865304708480835
9a29ae326.jpg,48.0,True,0.37866368889808655
9a306dc35.jpg,32.000256,True,0.18164168298244476
9a306dc35.jpg,28.99968,True,0.3069341778755188
9a306dc35.jpg,31.00032,True,0.4909856617450714
9a306dc35.jpg,33.000192,True,0.49764278531074524
9a306dc35.jpg,29.999616,False,0.0
9a306dc35.jpg,23.000064,True,0.15779870748519897
9a306dc35.jpg,24.999935999999998,True,0.15154840052127838
9a306dc35.jpg,20.000256,True,0.32889536023139954
9a306dc35.jpg,21.000192,False,0.0
9a306dc35.jpg,25.999872000000003,True,0.11508158594369888
9a3eee026.jpg,22.000128,True,0.29508933424949646
9a3eee026.jpg,141.000192,True,0.8334724307060242
9a4162f27.jpg,261.00019199999997,True,0.8897167444229126
9a4db0fd7.jpg,5.9996160000000005,False,0.0
9a554a5fc.jpg,11.000064,True,0.28549888730049133
9a623293f.jpg,9.000192,True,0.498416930437088
9a623293f.jpg,24.0,True,0.7728668451309204
9a66c450a.jpg,14.999808,True,0.4156232178211212
9a6fa942c.jpg,72.99993599999999,True,0.7662586569786072
9a6fa942c.jpg,39.999744,False,0.0
9a6fa942c.jpg,64.99968,True,0.8606019020080566
9a6fa942c.jpg,40.99968,True,0.8232227563858032
9a6fa942c.jpg,43.00032,True,0.6581310629844666
9a7ae04eb.jpg,84.0,True,0.8726503252983093
9a7ae04eb.jpg,112.99967999999998,True,0.8568451404571533
9a8e0d869.jpg,11.000064,True,0.3362382650375366
9a91ce9be.jpg,12.0,True,0.24855653941631317
9a9d7d62d.jpg,72.0,True,0.8202664852142334
9a9d7d62d.jpg,21.000192,True,0.46332260966300964
9a9dd97e0.jpg,20.000256,True,0.5039106607437134
9aaa762fb.jpg,183.999744,True,0.8868846297264099
9abde6f82.jpg,5.9996160000000005,True,0.33968880772590637
9abde6f82.jpg,7.00032,True,0.5279913544654846
9ac3e07ce.jpg,7.00032,False,0.0
9ace38dea.jpg,24.0,True,0.19116173684597015
9adae1ce7.jpg,9.000192,False,0.0
9adae1ce7.jpg,213.00019199999997,True,0.9138538241386414
9ae693e0c.jpg,86.999808,True,0.8933292031288147
9af77856d.jpg,20.000256,True,0.15361164510250092
9af77856d.jpg,47.000064,True,0.6805334687232971
9afe7fc9d.jpg,16.999679999999998,True,0.44696199893951416
9aff0579f.jpg,39.999744,True,0.2550817131996155
9b09d5dc3.jpg,34.000128,False,0.0
9b124ac39.jpg,18.000384,True,0.33716654777526855
9b1ed7098.jpg,90.000384,True,0.9001305103302002
9b1ed7098.jpg,28.99968,False,0.0
9b1ed7098.jpg,72.99993599999999,True,0.8367167115211487
9b2754ced.jpg,195.999744,True,0.8754658699035645
9b2754ced.jpg,83.00006400000001,True,0.8224672079086304
9b2754ced.jpg,159.999744,True,0.8732649683952332
9b2754ced.jpg,156.999936,True,0.8141709566116333
9b2754ced.jpg,197.999616,True,0.8929483890533447
9b2754ced.jpg,42.000384,True,0.5721182227134705
9b296446c.jpg,101.999616,True,0.2942744791507721
9b2bb1791.jpg,37.999872,True,0.632164716720581
9b2d517a0.jpg,107.00006400000001,True,0.8648217916488647
9b2d517a0.jpg,24.0,True,0.7228051424026489
9b31caa5f.jpg,14.999808,True,0.4672931730747223
9b31caa5f.jpg,13.999872,True,0.26002001762390137
9b66947b6.jpg,7.00032,True,0.1471850723028183
9b83125ba.jpg,114.000384,True,0.912347674369812
9b83125ba.jpg,146.999808,True,0.9148327112197876
9b83125ba.jpg,112.99967999999998,True,0.8835641145706177
9b83125ba.jpg,147.999744,True,0.9236000776290894
9b9e6703e.jpg,57.000192,True,0.9056783318519592
9b9e6703e.jpg,27.999744,True,0.16206344962120056
9b9e6703e.jpg,16.999679999999998,False,0.0
9b9e6703e.jpg,58.000128000000004,True,0.9125025868415833
9b9e6703e.jpg,44.000256,True,0.8644999861717224
9b9e6703e.jpg,29.999616,True,0.5515044927597046
9baebd106.jpg,12.999936000000002,True,0.37952274084091187
9bba328fa.jpg,12.0,True,0.7031047344207764
9bba328fa.jpg,9.000192,True,0.5416547656059265
9bba328fa.jpg,12.999936000000002,True,0.49783822894096375
9bba328fa.jpg,1.9998719999999999,False,0.0
9bba328fa.jpg,10.000128,True,0.06942033767700195
9bba328fa.jpg,11.000064,True,0.10865122079849243
9bba328fa.jpg,8.000256,True,0.306563138961792
9bba328fa.jpg,9.000192,True,0.6080171465873718
9bc45db83.jpg,14.999808,True,0.5687075257301331
9bccca4a6.jpg,13.999872,True,0.15253108739852905
9bccca4a6.jpg,13.999872,True,0.6463786959648132
9bcfee484.jpg,8.000256,False,0.0
9bcfee484.jpg,11.000064,True,0.17208853363990784
9bcfee484.jpg,15.999744,True,0.6122711896896362
9bd387741.jpg,77.999616,True,0.8487074971199036
9bd387741.jpg,24.0,True,0.3129768669605255
9bd387741.jpg,108.99993599999999,True,0.8698595762252808
9bd387741.jpg,86.999808,True,0.8785837888717651
9bdd25f0f.jpg,182.999808,True,0.8545957207679749
9c0030e2e.jpg,139.00032000000002,True,0.844140887260437
9c023e3a6.jpg,71.00006400000001,True,0.8646589517593384
9c023e3a6.jpg,32.000256,True,0.2567642629146576
9c023e3a6.jpg,21.000192,False,0.0
9c059c126.jpg,392.00025600000004,True,0.802750289440155
9c059d9af.jpg,10.000128,False,0.0
9c2926b69.jpg,8.000256,True,0.26506856083869934
9c4b93551.jpg,4.99968,False,0.0
9c505a723.jpg,16.999679999999998,True,0.1524440199136734
9c505a723.jpg,11.000064,False,0.0
9c5a8d9d4.jpg,23.000064,True,0.6976561546325684
9c711d585.jpg,22.000128,False,0.0
9c966f3e3.jpg,148.99967999999998,True,0.9084789752960205
9ca7b1b1d.jpg,228.99993600000002,True,0.922278881072998
9ca7d5d6d.jpg,16.999679999999998,True,0.41737258434295654
9cae12b2e.jpg,98.999808,True,0.8305618166923523
9cbe01cd5.jpg,24.999935999999998,True,0.31501322984695435
9cbe01cd5.jpg,23.000064,True,0.3687845468521118
9cbe01cd5.jpg,24.999935999999998,True,0.6719592809677124
9cc932130.jpg,20.000256,False,0.0
9cde56282.jpg,7.00032,True,0.17927677929401398
9ce6b289c.jpg,27.999744,True,0.0530257411301136
9ce7301b7.jpg,181.99987199999998,True,0.9104322195053101
9d0664af5.jpg,20.000256,False,0.0
9d1efce28.jpg,128.000256,True,0.8852041363716125
9d53ecba4.jpg,24.0,True,0.4519940912723541
9d53ecba4.jpg,192.99993600000002,True,0.8513294458389282
9d53ecba4.jpg,108.0,True,0.8672287464141846
9d5808b0b.jpg,36.0,True,0.0925527885556221
9d63574a0.jpg,96.99993599999999,True,0.8600584268569946
9d642a272.jpg,239.00006399999998,True,0.8785544037818909
9d647cc30.jpg,52.99968,True,0.7815622687339783
9d74c2150.jpg,12.999936000000002,True,0.32395756244659424
9d8cfce03.jpg,48.0,True,0.27389243245124817
9d8cfce03.jpg,105.000192,True,0.8656249046325684
9d8cfce03.jpg,88.99968,True,0.5535054206848145
9d97024d0.jpg,21.000192,True,0.2186415195465088
9d97024d0.jpg,90.000384,True,0.7606225609779358
9d9c436e9.jpg,79.00032,True,0.839652955532074
9dacc90b9.jpg,10.000128,False,0.0
9dbaf1251.jpg,4.99968,True,0.18056465685367584
9dc8d77e7.jpg,123.99974399999999,True,0.8286455273628235
9dd3a2c50.jpg,42.000384,True,0.7252292037010193
9de9bd6d6.jpg,92.000256,True,0.8683922290802002
9e1f1c5f3.jpg,13.999872,True,0.36984458565711975
9e240ca49.jpg,183.999744,True,0.9121962785720825
9e26fd54e.jpg,16.999679999999998,False,0.0
9e2a69e33.jpg,15.999744,True,0.19797004759311676
9e2a69e33.jpg,20.000256,False,0.0
9e2a69e33.jpg,19.000320000000002,False,0.0
9e6cfc07c.jpg,10.000128,False,0.0
9e6cfc07c.jpg,19.000320000000002,True,0.6112621426582336
9e6cfc07c.jpg,12.999936000000002,False,0.0
9e6cfc07c.jpg,10.000128,False,0.0
9e703773e.jpg,183.999744,True,0.9097304344177246
9e7298d5a.jpg,10.000128,True,0.41354262828826904
9e82413af.jpg,69.000192,True,0.7681271433830261
9e95cb0ea.jpg,42.000384,True,0.7143552303314209
9e95cb0ea.jpg,47.000064,True,0.5668454170227051
9e97ff4fd.jpg,11.000064,True,0.3804338872432709
9e97ff4fd.jpg,9.000192,True,0.4029157757759094
9ea6788e4.jpg,162.000384,True,0.8761623501777649
9eb29b805.jpg,96.0,True,0.8061778545379639
9ed7ee672.jpg,108.99993599999999,True,0.8759300708770752
9ed7ee672.jpg,107.00006400000001,True,0.8799108266830444
9ed7ee672.jpg,72.0,True,0.8431732654571533
9ed7ee672.jpg,26.999808,True,0.6067651510238647
9ed7ee672.jpg,27.999744,True,0.3656712472438812
9edef8ed8.jpg,22.000128,True,0.6885852217674255
9ef254a09.jpg,87.999744,True,0.7060057520866394
9f1949a42.jpg,10.000128,True,0.443872332572937
9f1949a42.jpg,4.99968,True,0.205284982919693
9f1949a42.jpg,5.9996160000000005,False,0.0
9f5d0a1a0.jpg,184.99967999999998,True,0.8998947143554688
9f617806e.jpg,101.999616,True,0.909690260887146
9f6192719.jpg,16.999679999999998,True,0.4405101239681244
9f7f732f5.jpg,18.000384,True,0.5242772698402405
9f7f732f5.jpg,76.99968,True,0.8061923384666443
9f813af39.jpg,62.999808,True,0.7733755111694336
9f986d090.jpg,74.999808,True,0.8360989689826965
9f9fe4dbc.jpg,45.000192,True,0.7979771494865417
9f9fe4dbc.jpg,71.00006400000001,True,0.7919219732284546
9fb50479f.jpg,111.99974399999999,True,0.8671340346336365
9fc8772e3.jpg,203.00006399999998,True,0.8303117156028748
9fcd7f82c.jpg,49.999871999999996,True,0.594896674156189
9fcd7f82c.jpg,110.999808,True,0.7957922220230103
9fcd7f82c.jpg,15.999744,True,0.18013228476047516
9fcd7f82c.jpg,26.999808,True,0.6188341975212097
9fcd7f82c.jpg,15.999744,True,0.15188224613666534
9fcd7f82c.jpg,103.00032000000002,True,0.5265008807182312
9fcd7f82c.jpg,45.000192,True,0.5911298394203186
9fcd7f82c.jpg,32.000256,True,0.7833136320114136
9fcd7f82c.jpg,16.999679999999998,False,0.0
9fcd7f82c.jpg,15.999744,True,0.25634655356407166
9fcd7f82c.jpg,31.00032,True,0.39347171783447266
9fcd7f82c.jpg,27.999744,True,0.6511547565460205
9fcd7f82c.jpg,139.00032000000002,True,0.8376858830451965
9fcf09144.jpg,5.9996160000000005,True,0.19773711264133453
9fcf09144.jpg,5.9996160000000005,False,0.0
9fcf09144.jpg,5.9996160000000005,False,0.0
9fcf09144.jpg,8.000256,True,0.36232081055641174
9fd5ffab8.jpg,116.00025600000001,True,0.8656477332115173
9fd6d4956.jpg,48.999936,True,0.7807021737098694
9fd6d4956.jpg,56.00025599999999,True,0.868894100189209
9fe7f5ea5.jpg,158.999808,True,0.9036651849746704
9fede37b6.jpg,133.99987199999998,False,0.0
9fede37b6.jpg,110.999808,True,0.7835234999656677
9fff9d6e5.jpg,18.000384,True,0.31796127557754517
a00e7e4dd.jpg,99.99974399999999,True,0.6842840909957886
a00e7e4dd.jpg,100.99967999999998,True,0.6566212773323059
a00e7e4dd.jpg,74.999808,True,0.753015398979187
a00e7e4dd.jpg,31.00032,False,0.0
a00e7e4dd.jpg,52.99968,True,0.5455828309059143
a035135f0.jpg,130.00012800000002,True,0.921687126159668
a042932b8.jpg,16.999679999999998,True,0.43263867497444153
a04681f48.jpg,12.0,False,0.0
a04d82b6c.jpg,75.999744,True,0.8013050556182861
a04d82b6c.jpg,13.999872,False,0.0
a04d82b6c.jpg,33.000192,True,0.49266067147254944
a077529df.jpg,143.000064,True,0.8847239017486572
a07992ba2.jpg,155.000064,True,0.8704089522361755
a089b45f0.jpg,165.000192,True,0.8062527775764465
a08d5e278.jpg,67.00032,True,0.6258459687232971
a08d5e278.jpg,70.000128,True,0.7081703543663025
a08d5e278.jpg,9.000192,True,0.28710368275642395
a08d5e278.jpg,23.000064,True,0.534798800945282
a08d5e278.jpg,148.99967999999998,True,0.822925329208374
a09ad448b.jpg,13.999872,False,0.0
a09ebdb2a.jpg,125.999616,True,0.8945547938346863
a0ad2b2c0.jpg,15.999744,True,0.41462546586990356
a0bf5e176.jpg,21.000192,False,0.0
a0bf5e176.jpg,98.999808,True,0.8742220401763916
a0bf5e176.jpg,110.999808,True,0.7516314387321472
a0bf5e176.jpg,31.00032,True,0.5349859595298767
a0d2a2993.jpg,12.0,True,0.09186290204524994
a0d96b1b8.jpg,288.99993600000005,True,0.8139116168022156
a0d96b1b8.jpg,33.000192,True,0.2487839013338089
a0d96b1b8.jpg,4.99968,False,0.0
a0d96b1b8.jpg,289.999872,True,0.5731213688850403
a0d96b1b8.jpg,10.000128,True,0.17693650722503662
a0d96b1b8.jpg,4.99968,False,0.0
a0d96b1b8.jpg,7.00032,False,0.0
a111ed0bc.jpg,23.000064,True,0.41568899154663086
a11221fe0.jpg,19.000320000000002,True,0.36136871576309204
a1192e7b1.jpg,118.000128,True,0.8551961779594421
a1192e7b1.jpg,47.000064,True,0.7355506420135498
a11c7463e.jpg,101.999616,True,0.9079422950744629
a1285785b.jpg,34.000128,True,0.14940886199474335
a12870196.jpg,12.999936000000002,True,0.4441741406917572
a12bfae9d.jpg,204.99993600000002,True,0.9095858335494995
a12fcc09b.jpg,82.000128,True,0.7033095359802246
a12fcc09b.jpg,94.000128,True,0.8318901658058167
a12fcc09b.jpg,92.000256,True,0.8177258372306824
a14c0830d.jpg,12.0,True,0.49422526359558105
a1604d5c2.jpg,50.999808,True,0.8108422160148621
a165206ff.jpg,45.000192,True,0.6871522665023804
a165206ff.jpg,194.99980800000003,True,0.7973561882972717
a18f4f6af.jpg,191.000064,True,0.8983325958251953
a1a0a674a.jpg,34.000128,True,0.5024316906929016
a1a0a674a.jpg,19.000320000000002,False,0.0
a1a0a674a.jpg,16.999679999999998,False,0.0
a1a0a674a.jpg,24.999935999999998,True,0.1769629716873169
a1a3ce3c3.jpg,82.000128,True,0.8629326224327087
a1abde08d.jpg,227.00006399999998,True,0.8869328498840332
a1b06a9be.jpg,188.000256,True,0.9092262983322144
a1b06a9be.jpg,191.000064,True,0.8843024373054504
a1b06a9be.jpg,39.999744,True,0.8894506096839905
a1b68660a.jpg,84.0,True,0.8786249756813049
a1b87d224.jpg,106.000128,True,0.8786420226097107
a1fd4d029.jpg,27.999744,True,0.13269247114658356
a1fd4d029.jpg,84.99993599999999,True,0.8954325318336487
a20832f2b.jpg,108.99993599999999,True,0.6119344830513
a20832f2b.jpg,291.99974399999996,True,0.8639670014381409
a21653a43.jpg,16.999679999999998,True,0.12176987528800964
a22538114.jpg,53.999616,True,0.5621660351753235
a22538114.jpg,57.000192,True,0.7790468335151672
a22538114.jpg,50.999808,True,0.3244425058364868
a22538114.jpg,67.00032,True,0.736695408821106
a24633eca.jpg,85.999872,True,0.8640944957733154
a24633eca.jpg,14.999808,True,0.3880891799926758
a24633eca.jpg,81.000192,True,0.8650334477424622
a24ff2ae3.jpg,97.999872,True,0.79990553855896
a2614b972.jpg,290.99980800000003,True,0.9121109843254089
a271564cc.jpg,105.000192,True,0.8002009391784668
a271564cc.jpg,81.000192,True,0.7655356526374817
a273f009e.jpg,19.000320000000002,True,0.615230917930603
a274d456b.jpg,82.000128,True,0.7252845168113708
a275b9660.jpg,158.999808,True,0.919955849647522
a27c1e347.jpg,20.000256,True,0.25420960783958435
a280fe312.jpg,26.999808,True,0.38454484939575195
a280fe312.jpg,35.000064,True,0.6044834852218628
a280fe312.jpg,24.999935999999998,True,0.658244788646698
a28d6927a.jpg,10.000128,True,0.16988317668437958
a2a43ca82.jpg,73.999872,True,0.8471553921699524
a2a43ca82.jpg,64.99968,True,0.7763305306434631
a2a43ca82.jpg,39.999744,True,0.8570420742034912
a2a43ca82.jpg,60.999936,True,0.8619197607040405
a2ac82f04.jpg,83.00006400000001,True,0.8104051351547241
a2b8745cd.jpg,5.9996160000000005,True,0.16476856172084808
a2bb36d8f.jpg,82.000128,True,0.7204797863960266
a2bb36d8f.jpg,24.999935999999998,False,0.0
a2bb36d8f.jpg,31.00032,True,0.7053947448730469
a2d57be9c.jpg,96.99993599999999,True,0.862694263458252
a2d57be9c.jpg,134.999808,True,0.8223949670791626
a2d57be9c.jpg,56.00025599999999,True,0.6322857141494751
a2dc3bd3c.jpg,15.999744,True,0.6010926365852356
a2f3890a5.jpg,96.0,True,0.7107965350151062
a2fc8e98c.jpg,83.00006400000001,True,0.8117818832397461
a308eef51.jpg,132.0,True,0.8070529103279114
a3161becd.jpg,10.000128,True,0.13923434913158417
a3426c6ca.jpg,144.0,True,0.8689912557601929
a368b5692.jpg,8.000256,True,0.18864044547080994
a368b5692.jpg,5.9996160000000005,True,0.3698158860206604
a368b5692.jpg,9.000192,True,0.46427202224731445
a36bc882e.jpg,98.999808,True,0.7696887850761414
a36bc882e.jpg,100.99967999999998,True,0.4201018512248993
a36bc882e.jpg,98.999808,True,0.7495645880699158
a36bc882e.jpg,103.00032000000002,True,0.7375131249427795
a37b6d4f1.jpg,7.00032,True,0.281646728515625
a38e6b240.jpg,25.999872000000003,True,0.6758515238761902
a3a1f9e8c.jpg,19.000320000000002,True,0.5664371252059937
a3a1f9e8c.jpg,70.000128,True,0.8467003703117371
a3a87b5fe.jpg,202.00012800000002,True,0.8674564957618713
a3a87b5fe.jpg,162.000384,True,0.818742036819458
a3b343da9.jpg,64.99968,True,0.8547532558441162
a3b5f2da2.jpg,108.99993599999999,True,0.8836240172386169
a3def29c3.jpg,10.000128,True,0.23993897438049316
a3e5cc8a7.jpg,12.0,True,0.1043240875005722
a3e5cc8a7.jpg,12.999936000000002,True,0.1577809602022171
a409cbbd4.jpg,168.0,True,0.9121737480163574
a40e7c5ed.jpg,7.00032,False,0.0
a419e253d.jpg,14.999808,True,0.22723546624183655
a419e253d.jpg,26.999808,True,0.6477361917495728
a419e253d.jpg,12.999936000000002,False,0.0
a42dee4fb.jpg,239.00006399999998,True,0.8085253238677979
a448daefc.jpg,11.000064,True,0.5152328610420227
a44a5676d.jpg,84.0,True,0.8901737928390503
a45351e07.jpg,10.000128,True,0.2911226451396942
a453f5a1d.jpg,34.000128,True,0.6832774877548218
a462d0e90.jpg,14.999808,True,0.3597944676876068
a465d05b9.jpg,11.000064,True,0.0631818175315857
a465d05b9.jpg,9.000192,False,0.0
a465d05b9.jpg,11.000064,False,0.0
a465d05b9.jpg,8.000256,False,0.0
a465d05b9.jpg,8.000256,False,0.0
a465d05b9.jpg,11.000064,False,0.0
a465d05b9.jpg,11.000064,False,0.0
a465d05b9.jpg,16.999679999999998,False,0.0
a46d1044c.jpg,71.00006400000001,True,0.8663448095321655
a46d1044c.jpg,20.000256,True,0.6989593505859375
a482999bb.jpg,10.000128,True,0.39278483390808105
a498b4b46.jpg,18.000384,True,0.1553482562303543
a4c146830.jpg,13.999872,True,0.22832635045051575
a4cc5f162.jpg,42.000384,True,0.7345491051673889
a4cd6e110.jpg,92.000256,True,0.8712660670280457
a4e9078ce.jpg,231.999744,True,0.951102614402771
a4ebb0a43.jpg,110.999808,True,0.7634904980659485
a4f24d99e.jpg,9.000192,True,0.1008695438504219
a4f24d99e.jpg,19.000320000000002,True,0.6084398031234741
a505530ed.jpg,13.999872,True,0.1277988851070404
a505530ed.jpg,15.999744,True,0.25632163882255554
a507639aa.jpg,29.999616,True,0.26213160157203674
a515d3529.jpg,79.00032,True,0.8722926378250122
a515d3529.jpg,22.000128,True,0.5575203895568848
a53531c44.jpg,218.99980800000003,True,0.8558256030082703
a5381895b.jpg,100.99967999999998,True,0.9191665649414062
a53abb704.jpg,38.999808,True,0.810203492641449
a53e7ae66.jpg,14.999808,False,0.0
a55332cc7.jpg,22.000128,True,0.4797521233558655
a55332cc7.jpg,5.9996160000000005,False,0.0
a562df41c.jpg,11.000064,True,0.23091916739940643
a5683623e.jpg,12.999936000000002,True,0.6631481647491455
a568af8f1.jpg,14.999808,True,0.647975504398346
a568af8f1.jpg,15.999744,True,0.6735438704490662
a568af8f1.jpg,10.000128,False,0.0
a568af8f1.jpg,10.000128,True,0.46287399530410767
a57beb4af.jpg,21.000192,False,0.0
a57d3ceb7.jpg,29.999616,True,0.38761627674102783
a5840558f.jpg,19.000320000000002,True,0.6591519713401794
a5840558f.jpg,25.999872000000003,True,0.7516374588012695
a5840558f.jpg,22.000128,True,0.7485945224761963
a5840558f.jpg,18.000384,True,0.5278592705726624
a5958a38e.jpg,151.00032000000002,True,0.912906289100647
a5a7a1284.jpg,279.99974399999996,True,0.896278440952301
a5cf044e4.jpg,16.999679999999998,True,0.5813058614730835
a5cf044e4.jpg,10.000128,True,0.28756019473075867
a5d8b7d8d.jpg,74.999808,True,0.8121822476387024
a5d8b7d8d.jpg,91.00032,True,0.8688976168632507
a5d8b7d8d.jpg,10.000128,True,0.4285554587841034
a5e0f4b8f.jpg,42.000384,True,0.8800931572914124
a5e0f4b8f.jpg,49.999871999999996,True,0.7349639534950256
a5e0f4b8f.jpg,47.000064,True,0.06808772683143616
a5e0f4b8f.jpg,36.0,True,0.17631343007087708
a5e0f4b8f.jpg,64.99968,True,0.8721956610679626
a5e0f4b8f.jpg,80.000256,True,0.24152423441410065
a5e4145a0.jpg,92.000256,True,0.8968550562858582
a5fc52ed7.jpg,12.0,False,0.0
a616f7e91.jpg,12.999936000000002,True,0.2917625904083252
a62956c1d.jpg,59.000064,True,0.6761735677719116
a6312e2f4.jpg,66.000384,True,0.867095410823822
a631a6d34.jpg,23.000064,True,0.5591172575950623
a636dd86c.jpg,82.000128,True,0.8445444703102112
a6553448a.jpg,12.999936000000002,True,0.5397738814353943
a6553448a.jpg,15.999744,True,0.5826587080955505
a6553448a.jpg,18.000384,True,0.3842298090457916
a6553448a.jpg,14.999808,True,0.49922847747802734
a6554920e.jpg,61.999871999999996,True,0.8645812273025513
a6554920e.jpg,21.000192,True,0.089276522397995
a6654388a.jpg,24.999935999999998,True,0.557700514793396
a6654388a.jpg,5.9996160000000005,False,0.0
a66a86893.jpg,197.999616,True,0.8822485208511353
a677c26b0.jpg,34.000128,False,0.0
a677c26b0.jpg,33.000192,True,0.32374870777130127
a677c26b0.jpg,21.000192,True,0.06188196316361427
a677c26b0.jpg,33.000192,False,0.0
a677c26b0.jpg,24.999935999999998,False,0.0
a677c26b0.jpg,26.999808,False,0.0
a677c26b0.jpg,5.9996160000000005,False,0.0
a67e1997d.jpg,20.000256,True,0.37071049213409424
a67e1997d.jpg,14.999808,True,0.6242967247962952
a67ffc1e6.jpg,29.999616,True,0.3231644928455353
a67ffc1e6.jpg,38.999808,True,0.796363353729248
a67ffc1e6.jpg,46.000128,True,0.8227689266204834
a67ffc1e6.jpg,46.000128,True,0.7615854144096375
a67ffc1e6.jpg,51.99974400000001,True,0.7931098341941833
a6838c96c.jpg,24.0,False,0.0
a6838c96c.jpg,71.00006400000001,True,0.7694368958473206
a69036fca.jpg,93.000192,True,0.8901780247688293
a69be0c5b.jpg,20.000256,True,0.4257756471633911
a6ae01701.jpg,56.00025599999999,True,0.7278438210487366
a6b5683f4.jpg,39.999744,True,0.7407426834106445
a6b5683f4.jpg,96.0,True,0.8327891826629639
a6b6255f6.jpg,48.0,True,0.5992595553398132
a6bccc26b.jpg,77.999616,True,0.7842949032783508
a6bccc26b.jpg,158.999808,True,0.8585512638092041
a6bccc26b.jpg,86.999808,True,0.6874959468841553
a6dc0d057.jpg,36.0,True,0.4191860556602478
a6dd3f601.jpg,132.999936,True,0.864613950252533
a6ed3f370.jpg,58.000128000000004,False,0.0
a6fee613f.jpg,25.999872000000003,True,0.7043754458427429
a6fee613f.jpg,84.0,True,0.8760015964508057
a6fee613f.jpg,61.999871999999996,True,0.7563496828079224
a6fee613f.jpg,46.000128,True,0.7058515548706055
a6fee613f.jpg,63.99974400000001,True,0.8642288446426392
a6fee613f.jpg,43.00032,True,0.750056266784668
a6fee613f.jpg,20.000256,False,0.0
a6fee613f.jpg,93.000192,True,0.8183804750442505
a6fee613f.jpg,68.000256,True,0.7628259658813477
a70b766bd.jpg,12.999936000000002,True,0.35797247290611267
a719f9319.jpg,18.000384,True,0.6291481852531433
a71b03932.jpg,35.000064,False,0.0
a71b03932.jpg,7.00032,False,0.0
a74ef30e6.jpg,10.000128,True,0.6599282622337341
a74ef30e6.jpg,11.000064,True,0.622955858707428
a74ef30e6.jpg,9.000192,True,0.5249649882316589
a75dc5c66.jpg,4.99968,False,0.0
a771adeb2.jpg,184.99967999999998,True,0.89960777759552
a78849f28.jpg,16.999679999999998,True,0.5585858821868896
a78849f28.jpg,13.999872,True,0.45817726850509644
a793f3728.jpg,86.999808,True,0.8707714676856995
a79d4dc9d.jpg,15.999744,True,0.4464660584926605
a79d4dc9d.jpg,62.999808,True,0.8250307440757751
a79e11add.jpg,13.999872,True,0.2919449210166931
a7ab60610.jpg,23.000064,True,0.48334333300590515
a7d954641.jpg,22.000128,False,0.0
a7f2415df.jpg,168.999936,True,0.9180712699890137
a7fd7b8d4.jpg,18.000384,True,0.2724057137966156
a80ec0bda.jpg,82.000128,True,0.8719598054885864
a80ec0bda.jpg,82.000128,True,0.8504613637924194
a811bd967.jpg,12.0,False,0.0
a811bd967.jpg,5.9996160000000005,True,0.0817735344171524
a811bd967.jpg,3.9997439999999997,False,0.0
a811bd967.jpg,8.000256,False,0.0
a811bd967.jpg,8.000256,False,0.0
a811bd967.jpg,8.000256,False,0.0
a811bd967.jpg,8.000256,False,0.0
a811bd967.jpg,7.00032,False,0.0
a811bd967.jpg,5.9996160000000005,True,0.1545848399400711
a811bd967.jpg,11.000064,True,0.21076829731464386
a81865333.jpg,46.000128,True,0.13703294098377228
a82281475.jpg,66.000384,True,0.6447051763534546
a824abbe6.jpg,23.000064,False,0.0
a824abbe6.jpg,22.000128,False,0.0
a824abbe6.jpg,18.000384,False,0.0
a89126e98.jpg,44.000256,True,0.8799166679382324
a89126e98.jpg,37.999872,True,0.11776446551084518
a89126e98.jpg,39.999744,True,0.5952591300010681
a891e6210.jpg,10.000128,False,0.0
a89b37507.jpg,74.999808,True,0.8028845191001892
a89b37507.jpg,288.0,True,0.9237192869186401
a89f33618.jpg,32.000256,True,0.6264493465423584
a8b718832.jpg,205.99987199999998,True,0.9391090869903564
a8bd1fec0.jpg,13.999872,True,0.2848310172557831
a8bd1fec0.jpg,35.000064,True,0.6132555603981018
a8bd1fec0.jpg,22.000128,True,0.7715910077095032
a8bd1fec0.jpg,20.000256,True,0.7307602763175964
a8bd1fec0.jpg,26.999808,True,0.7715652585029602
a8bd1fec0.jpg,40.99968,True,0.9017814993858337
a8bd1fec0.jpg,38.999808,True,0.4247313141822815
a8bd1fec0.jpg,62.999808,True,0.8574089407920837
a8bd1fec0.jpg,58.000128000000004,True,0.872654139995575
a8bd1fec0.jpg,36.999936,True,0.7041800022125244
a8bd1fec0.jpg,12.999936000000002,True,0.5609301328659058
a8ed60086.jpg,336.0,True,0.7444313168525696
a8ed60086.jpg,18.000384,False,0.0
a8ed60086.jpg,16.999679999999998,False,0.0
a8ed60086.jpg,220.99968,True,0.8185833692550659
a90723fc9.jpg,13.999872,True,0.47566741704940796
a90d02e44.jpg,18.000384,True,0.6374536156654358
a90d02e44.jpg,84.99993599999999,True,0.8794771432876587
a90d02e44.jpg,15.999744,True,0.6583606600761414
a9411389a.jpg,28.99968,True,0.540266752243042
a9589c03a.jpg,27.999744,True,0.0786815732717514
a95dad9f9.jpg,20.000256,True,0.386070191860199
a97971e23.jpg,9.000192,False,0.0
a979907a1.jpg,260.00025600000004,True,0.9263818264007568
a979bc71a.jpg,25.999872000000003,True,0.5701775550842285
a987d3c35.jpg,20.000256,True,0.4832371175289154
a98ae52ef.jpg,228.99993600000002,True,0.9085347056388855
a98ae52ef.jpg,156.999936,True,0.8895435333251953
a98e2bd12.jpg,60.999936,True,0.8096264600753784
a98e2bd12.jpg,26.999808,False,0.0
a98e2bd12.jpg,13.999872,True,0.31471914052963257
a999e3657.jpg,118.000128,True,0.8875814080238342
a9a9f3eec.jpg,124.99967999999998,True,0.8907821774482727
a9a9f3eec.jpg,75.999744,True,0.8364225625991821
a9a9f3eec.jpg,128.000256,True,0.9294860363006592
a9b1d6344.jpg,94.000128,True,0.8806836605072021
a9f4e777c.jpg,192.99993600000002,True,0.8435160517692566
a9fec07fb.jpg,250.00012800000002,True,0.937295138835907
aa0b9e324.jpg,92.000256,True,0.8732091188430786
aa0cd2cba.jpg,100.99967999999998,True,0.894749641418457
aa10c13c1.jpg,28.99968,False,0.0
aa26a405b.jpg,20.000256,True,0.14248986542224884
aa345fcb8.jpg,166.00012800000002,True,0.8564580082893372
aa345fcb8.jpg,128.000256,True,0.8799431324005127
aa370ac4e.jpg,160.99967999999998,True,0.8638266921043396
aa46d4798.jpg,125.999616,True,0.8957408666610718
aa5cbb427.jpg,15.999744,True,0.30201923847198486
aa7156bc3.jpg,57.000192,True,0.9116923213005066
aa7156bc3.jpg,142.00012800000002,True,0.8568977117538452
aa7156bc3.jpg,59.000064,True,0.8051435351371765
aa80c46b4.jpg,145.99987199999998,True,0.8853300213813782
aa80c46b4.jpg,36.999936,True,0.7029227018356323
aa80c46b4.jpg,21.000192,True,0.6454089283943176
aa83cf05e.jpg,279.99974399999996,True,0.9654406905174255
aa901772f.jpg,85.999872,True,0.8780115246772766
aaa4c5723.jpg,50.999808,True,0.5372839570045471
aaa4c5723.jpg,48.0,True,0.6112522482872009
aaa4c5723.jpg,20.000256,True,0.41881063580513
aaa4c5723.jpg,53.999616,True,0.7958589196205139
aab530eb8.jpg,32.000256,True,0.2275097370147705
aab530eb8.jpg,24.0,True,0.581530749797821
aab530eb8.jpg,15.999744,True,0.387093186378479
aab530eb8.jpg,53.999616,True,0.811230480670929
aab530eb8.jpg,197.999616,True,0.8860434293746948
aab5e7908.jpg,19.000320000000002,True,0.5757431983947754
aab9542c1.jpg,16.999679999999998,True,0.1017104908823967
aab9542c1.jpg,26.999808,False,0.0
aab9542c1.jpg,15.999744,False,0.0
aabedc683.jpg,23.000064,True,0.6356402039527893
aabedc683.jpg,177.000192,True,0.7679345011711121
aac5acad2.jpg,90.000384,True,0.11137010902166367
aac821c4c.jpg,19.000320000000002,True,0.7465241551399231
aacc0bd6e.jpg,14.999808,True,0.22102032601833344
aaee0904d.jpg,67.00032,True,0.8503274917602539
aaee0904d.jpg,26.999808,True,0.6675814390182495
aaee6f6c7.jpg,73.999872,True,0.9109465479850769
ab13e2ab9.jpg,151.00032000000002,True,0.9123478531837463
ab2468b80.jpg,15.999744,True,0.4421215355396271
ab2468b80.jpg,16.999679999999998,True,0.4021747410297394
ab2518ceb.jpg,77.999616,True,0.8388479948043823
ab5c832cb.jpg,20.000256,False,0.0
ab625db79.jpg,7.00032,False,0.0
ab758680b.jpg,42.000384,False,0.0
ab7f5bc13.jpg,20.000256,False,0.0
ab7f5bc13.jpg,72.99993599999999,True,0.8698939085006714
ab7f5bc13.jpg,40.99968,True,0.7227787971496582
ab7f5bc13.jpg,12.999936000000002,True,0.18437810242176056
ab7f5bc13.jpg,80.000256,True,0.8740372061729431
ab7f5bc13.jpg,52.99968,True,0.8748974800109863
ab7f5bc13.jpg,57.000192,True,0.8518804907798767
aba767ca4.jpg,33.000192,True,0.6840493083000183
abe09831c.jpg,19.000320000000002,True,0.05439455807209015
abf4fd0d8.jpg,83.00006400000001,True,0.8978405594825745
ac0d5f667.jpg,14.999808,False,0.0
ac0d5f667.jpg,39.999744,True,0.6702046990394592
ac1831291.jpg,38.999808,True,0.6301594376564026
ac292bdb3.jpg,217.99987199999998,True,0.9535878896713257
ac32a9591.jpg,9.000192,True,0.3645671010017395
ac7d410fe.jpg,83.00006400000001,True,0.7677118182182312
ac831c8c2.jpg,28.99968,False,0.0
ac9f83c4a.jpg,27.999744,True,0.7468929290771484
ac9f83c4a.jpg,38.999808,True,0.7136261463165283
ac9f83c4a.jpg,46.000128,True,0.8173077702522278
aca889d85.jpg,84.99993599999999,True,0.8679267764091492
acb4b35f6.jpg,11.000064,True,0.09103527665138245
acb4b35f6.jpg,111.99974399999999,True,0.8638167381286621
accf70914.jpg,21.000192,True,0.08491823077201843
acd9a6662.jpg,14.999808,True,0.06604562699794769
acf86ad6f.jpg,106.000128,True,0.8719065189361572
acfd40d68.jpg,38.999808,True,0.7773282527923584
acfd40d68.jpg,40.99968,True,0.7538527846336365
ad018aea0.jpg,40.99968,False,0.0
ad035429d.jpg,125.999616,True,0.8864792585372925
ad42a2691.jpg,144.999936,True,0.8963140845298767
ad42a2691.jpg,42.000384,True,0.7976582646369934
ad42a2691.jpg,72.99993599999999,True,0.7999347448348999
ad4d0bf05.jpg,67.00032,True,0.8348953723907471
ad4dae948.jpg,9.000192,True,0.4174439013004303
ad6558901.jpg,44.000256,True,0.636368989944458
ad6da5c09.jpg,25.999872000000003,False,0.0
ad70e1001.jpg,94.000128,True,0.825717031955719
ad7348bcc.jpg,221.999616,True,0.8669809699058533
ad7348bcc.jpg,235.00032,True,0.852640688419342
ad7b83b0c.jpg,216.0,True,0.9026302695274353
adaec4a49.jpg,116.00025600000001,True,0.8907724618911743
adb5b5c97.jpg,132.999936,True,0.8641824722290039
adbcb08ba.jpg,199.00032,True,0.9050803780555725
addfa119c.jpg,237.00019199999997,True,0.878810465335846
addfa119c.jpg,37.999872,True,0.5660018920898438
ade3b9d4d.jpg,10.000128,False,0.0
adeca4b75.jpg,12.0,True,0.4250837564468384
adeca4b75.jpg,283.00032,True,0.9139248132705688
ae013b2a2.jpg,73.999872,True,0.8448899984359741
ae01f70d5.jpg,24.999935999999998,True,0.3947141766548157
ae13a6826.jpg,46.000128,False,0.0
ae17679d4.jpg,91.00032,True,0.8923783302307129
ae1853ca8.jpg,56.00025599999999,True,0.06856507807970047
ae1853ca8.jpg,25.999872000000003,True,0.1874256730079651
ae1853ca8.jpg,21.000192,False,0.0
ae1853ca8.jpg,23.000064,True,0.0594063438475132
ae1853ca8.jpg,28.99968,True,0.11080892384052277
ae1853ca8.jpg,34.000128,True,0.06769219785928726
ae1853ca8.jpg,19.000320000000002,True,0.22992631793022156
ae1853ca8.jpg,36.999936,False,0.0
ae1853ca8.jpg,47.000064,True,0.0550105907022953
ae1853ca8.jpg,34.000128,True,0.10990876704454422
ae1853ca8.jpg,20.000256,True,0.2750512659549713
ae2669bb3.jpg,21.000192,True,0.3103160560131073
ae508c171.jpg,24.0,True,0.5010032653808594
ae508c171.jpg,7.00032,True,0.280057430267334
ae508c171.jpg,24.999935999999998,True,0.2184409499168396
ae508c171.jpg,7.00032,True,0.18154942989349365
ae69c76d5.jpg,9.000192,False,0.0
ae6d37ae2.jpg,130.00012800000002,True,0.875266432762146
ae6d37ae2.jpg,145.99987199999998,True,0.9068867564201355
ae6d37ae2.jpg,8.000256,True,0.2630298137664795
ae8f8e687.jpg,34.000128,True,0.7641934156417847
aeba0e9b0.jpg,18.000384,False,0.0
aebff1304.jpg,235.00032,True,0.9143059253692627
aec367d77.jpg,71.00006400000001,True,0.8639402985572815
aec367d77.jpg,20.000256,True,0.696794331073761
aee136c8b.jpg,127.00032000000002,True,0.8695728778839111
aeea06e3d.jpg,139.00032000000002,True,0.8791300654411316
aef0175ab.jpg,36.0,True,0.10024669021368027
af12b8398.jpg,22.000128,True,0.8077178001403809
af12b8398.jpg,24.999935999999998,True,0.7159463763237
af12b8398.jpg,51.99974400000001,True,0.7729241251945496
af12b8398.jpg,75.999744,True,0.7775724530220032
af12b8398.jpg,72.99993599999999,True,0.8648893237113953
af3098e9b.jpg,64.99968,True,0.8968631029129028
af4965e38.jpg,24.0,True,0.3756200969219208
af4965e38.jpg,99.99974399999999,True,0.7388566136360168
af76e6da6.jpg,20.000256,True,0.44510596990585327
af95e42d5.jpg,25.999872000000003,True,0.37384188175201416
afa18e2bb.jpg,347.00006399999995,True,0.8089688420295715
afbd785ed.jpg,182.999808,True,0.8880559206008911
afdb5b25f.jpg,106.000128,True,0.671051561832428
afdb5b25f.jpg,100.99967999999998,True,0.6709699034690857
aff4f42b8.jpg,94.000128,True,0.870658814907074
affd25253.jpg,31.00032,True,0.5607808828353882
affd25253.jpg,18.000384,True,0.56096351146698
b002d5f19.jpg,83.00006400000001,True,0.8565426468849182
b0045d2a6.jpg,143.000064,True,0.8770250678062439
b0087c48f.jpg,61.999871999999996,True,0.7375463843345642
b0087c48f.jpg,40.99968,True,0.3095308840274811
b0087c48f.jpg,57.000192,True,0.5900978446006775
b0087c48f.jpg,49.999871999999996,True,0.656600296497345
b01957a2b.jpg,239.00006399999998,True,0.8464173674583435
b01e876af.jpg,23.000064,True,0.5888771414756775
b02b00410.jpg,85.999872,True,0.8583552241325378
b02b1ce6a.jpg,16.999679999999998,True,0.5157797336578369
b02b1ce6a.jpg,90.000384,True,0.8451837301254272
b02b1ce6a.jpg,63.99974400000001,True,0.7979329228401184
b02b1ce6a.jpg,38.999808,True,0.8135184049606323
b02ea98fb.jpg,28.99968,True,0.5510693788528442
b02ea98fb.jpg,84.0,True,0.8418971300125122
b048cf77e.jpg,28.99968,True,0.6610214710235596
b048cf77e.jpg,38.999808,True,0.6111548542976379
b048cf77e.jpg,44.000256,True,0.5914329290390015
b048cf77e.jpg,48.0,True,0.6674703359603882
b04e0f7e1.jpg,232.99968,True,0.9195670485496521
b063d5f6e.jpg,110.999808,True,0.9041187167167664
b07574b6c.jpg,87.999744,True,0.8605729937553406
b07574b6c.jpg,51.99974400000001,True,0.8360365033149719
b07574b6c.jpg,57.000192,True,0.7472898364067078
b0928552f.jpg,21.000192,True,0.21804563701152802
b0b5fd0df.jpg,81.000192,True,0.7751678228378296
b0b5fd0df.jpg,253.99987199999998,True,0.872641384601593
b0c3d06fa.jpg,39.999744,True,0.7317556738853455
b0feef552.jpg,111.99974399999999,True,0.7735744714736938
b10bdf278.jpg,92.000256,True,0.8610590696334839
b10bdf278.jpg,70.000128,True,0.8406810164451599
b11757fe1.jpg,108.99993599999999,True,0.8536368012428284
b121194b4.jpg,158.999808,True,0.8416673541069031
b125b0f0e.jpg,12.999936000000002,True,0.1359425038099289
b125b0f0e.jpg,36.0,True,0.7382125854492188
b125b0f0e.jpg,7.00032,True,0.38617125153541565
b128dc012.jpg,28.99968,True,0.6306909322738647
b128dc012.jpg,11.000064,True,0.3540222942829132
b1320fe27.jpg,205.99987199999998,True,0.8127003312110901
b1484acc7.jpg,20.000256,True,0.35415902733802795
b1484acc7.jpg,15.999744,True,0.4741712808609009
b1484acc7.jpg,199.00032,True,0.9242512583732605
b166d243a.jpg,12.999936000000002,True,0.519584059715271
b176905b0.jpg,29.999616,True,0.6794514656066895
b176905b0.jpg,40.99968,True,0.6536587476730347
b1782cac6.jpg,36.0,True,0.775800883769989
b1782cac6.jpg,140.000256,True,0.92362380027771
b1782cac6.jpg,171.999744,True,0.9267898797988892
b178a4c2f.jpg,40.99968,True,0.22522585093975067
b178a4c2f.jpg,39.999744,True,0.15136009454727173
b178a4c2f.jpg,296.00025600000004,True,0.8487715721130371
b178a4c2f.jpg,100.99967999999998,True,0.7647857666015625
b178a4c2f.jpg,219.999744,True,0.848223090171814
b178a4c2f.jpg,59.000064,True,0.6731404662132263
b178a4c2f.jpg,13.999872,True,0.32918816804885864
b178a4c2f.jpg,90.000384,True,0.8702988624572754
b18342086.jpg,21.000192,True,0.32390740513801575
b18564030.jpg,138.000384,True,0.9499857425689697
b192766c3.jpg,108.0,True,0.7390230298042297
b192766c3.jpg,15.999744,True,0.3637300729751587
b192766c3.jpg,90.000384,True,0.24088776111602783
b197a9b9a.jpg,162.000384,True,0.8957340717315674
b19febc41.jpg,187.00032000000002,True,0.8672366738319397
b19febc41.jpg,252.99993600000002,True,0.8913135528564453
b19febc41.jpg,91.00032,True,0.24431265890598297
b1b8e66b0.jpg,81.000192,True,0.7811360359191895
b1b8e66b0.jpg,82.000128,True,0.8205355405807495
b1bf84bfb.jpg,20.000256,True,0.6098853945732117
b1bf84bfb.jpg,60.999936,True,0.7236908078193665
b1bf84bfb.jpg,64.99968,True,0.793561577796936
b1cefe448.jpg,104.00025600000001,True,0.8965864181518555
b1cefe448.jpg,14.999808,True,0.437200129032135
b1dfd43e8.jpg,192.0,True,0.9234310388565063
b1e31ebea.jpg,223.00032,True,0.8946684002876282
b1f1eeebb.jpg,169.99987199999998,True,0.8667983412742615
b1f5862f4.jpg,8.000256,False,0.0
b1f5862f4.jpg,8.000256,False,0.0
b21a9f340.jpg,197.999616,True,0.8709840774536133
b21f2c207.jpg,5.9996160000000005,False,0.0
b21f2c207.jpg,5.9996160000000005,True,0.19820888340473175
b21f2c207.jpg,10.000128,True,0.4419412612915039
b221987ee.jpg,59.000064,True,0.9134239554405212
b22fbb23a.jpg,169.99987199999998,True,0.8020799160003662
b23d92ed7.jpg,182.999808,True,0.8228206634521484
b23d92ed7.jpg,14.999808,True,0.11134741455316544
b23dc8d66.jpg,114.000384,True,0.8905722498893738
b244ed1a2.jpg,15.999744,True,0.06687995791435242
b24c85d36.jpg,68.000256,True,0.7431004643440247
b25cf48fa.jpg,19.000320000000002,True,0.5819305777549744
b25cf48fa.jpg,12.0,False,0.0
b25cf48fa.jpg,42.000384,True,0.7459136843681335
b25cf48fa.jpg,10.000128,False,0.0
b265c10ce.jpg,52.99968,True,0.7572876214981079
b265c10ce.jpg,45.000192,True,0.8736231327056885
b265c10ce.jpg,221.999616,True,0.8938798308372498
b265c10ce.jpg,123.99974399999999,True,0.4949798583984375
b265c10ce.jpg,10.000128,True,0.268505334854126
b288b0a5a.jpg,10.000128,True,0.07597221434116364
b288b0a5a.jpg,57.000192,True,0.791954517364502
b288fa88d.jpg,23.000064,True,0.5820542573928833
b29477b25.jpg,151.00032000000002,True,0.8959853053092957
b2a5edf70.jpg,124.99967999999998,True,0.9004098176956177
b2a9baf05.jpg,15.999744,True,0.16756224632263184
b2b227032.jpg,104.00025600000001,True,0.8921809196472168
b2d821591.jpg,159.999744,True,0.8663461804389954
b2d821591.jpg,26.999808,True,0.5678019523620605
b2d821591.jpg,26.999808,True,0.4945017993450165
b2d821591.jpg,92.000256,True,0.7772935628890991
b2e52ebf8.jpg,104.00025600000001,True,0.8193699717521667
b2eb00597.jpg,25.999872000000003,False,0.0
b2f1b1468.jpg,154.00012800000002,True,0.8739909529685974
b2f1b1468.jpg,154.00012800000002,True,0.917989194393158
b2f1b1468.jpg,134.999808,True,0.8492451906204224
b2f1b1468.jpg,157.99987199999998,True,0.8960359692573547
b2f3df87d.jpg,24.0,True,0.30351826548576355
b2faefebd.jpg,15.999744,True,0.43561381101608276
b32a77006.jpg,211.00032,True,0.6666075587272644
b32a77006.jpg,12.0,True,0.2572716474533081
b32ad3c7f.jpg,147.999744,True,0.925705075263977
b331172cd.jpg,151.00032000000002,True,0.8979297876358032
b33474f7c.jpg,68.000256,True,0.8369378447532654
b33474f7c.jpg,49.999871999999996,True,0.5324051976203918
b33474f7c.jpg,42.000384,True,0.6402693390846252
b33474f7c.jpg,43.00032,True,0.2137652188539505
b33474f7c.jpg,49.999871999999996,True,0.5038735270500183
b335b3837.jpg,16.999679999999998,True,0.3757302761077881
b357916f7.jpg,22.000128,True,0.19152723252773285
b35b7f716.jpg,203.00006399999998,True,0.806087076663971
b35d57fb3.jpg,24.0,True,0.7389532327651978
b35d57fb3.jpg,149.999616,True,0.9110304713249207
b35d57fb3.jpg,13.999872,True,0.39123260974884033
b35d57fb3.jpg,73.999872,True,0.8677647709846497
b36839a32.jpg,11.000064,True,0.38281187415122986
b36839a32.jpg,12.0,True,0.07776094973087311
b3726e876.jpg,90.000384,True,0.8242721557617188
b37c9e2e2.jpg,9.000192,False,0.0
b37c9e2e2.jpg,8.000256,False,0.0
b37c9e2e2.jpg,10.000128,False,0.0
b37c9e2e2.jpg,9.000192,False,0.0
b37c9e2e2.jpg,11.000064,False,0.0
b37c9e2e2.jpg,9.000192,False,0.0
b37c9e2e2.jpg,9.000192,False,0.0
b37c9e2e2.jpg,10.000128,False,0.0
b37c9e2e2.jpg,10.000128,False,0.0
b37c9e2e2.jpg,10.000128,True,0.06240685656666756
b37c9e2e2.jpg,10.000128,False,0.0
b37c9e2e2.jpg,9.000192,False,0.0
b37e838d9.jpg,19.000320000000002,True,0.08530477434396744
b37f303d5.jpg,24.999935999999998,True,0.5857847929000854
b37f303d5.jpg,19.000320000000002,True,0.5043576955795288
b39c32f97.jpg,224.000256,True,0.8652986884117126
b39d8aa2f.jpg,8.000256,True,0.42958277463912964
b3b0ed544.jpg,71.00006400000001,True,0.7727550268173218
b3b0ed544.jpg,24.0,False,0.0
b3c5e3cf1.jpg,29.999616,True,0.6390624046325684
b3e3b5227.jpg,19.000320000000002,True,0.6551151275634766
b3e7f584b.jpg,14.999808,False,0.0
b41775758.jpg,87.999744,True,0.845099925994873
b4270c27a.jpg,8.000256,True,0.18916581571102142
b4270c27a.jpg,8.000256,True,0.12708167731761932
b4270c27a.jpg,8.000256,True,0.4441926181316376
b4270c27a.jpg,8.000256,True,0.4270956516265869
b4270c27a.jpg,9.000192,True,0.40165868401527405
b4270c27a.jpg,8.000256,True,0.44142353534698486
b4270c27a.jpg,9.000192,True,0.14557868242263794
b4270c27a.jpg,7.00032,True,0.3743358254432678
b44507e1c.jpg,64.99968,True,0.8167005181312561
b474514be.jpg,4.99968,False,0.0
b47c4bdb6.jpg,166.00012800000002,True,0.8566420078277588
b4a518c26.jpg,7.00032,False,0.0
b4b0e7436.jpg,13.999872,True,0.32186225056648254
b4b0e7436.jpg,70.000128,True,0.8031477332115173
b4b0e7436.jpg,179.000064,True,0.9063129425048828
b4bc2cb6c.jpg,66.000384,True,0.8447900414466858
b4bc2cb6c.jpg,23.000064,True,0.503828227519989
b4cc00eb1.jpg,12.999936000000002,True,0.13902509212493896
b4d7fd3b0.jpg,12.999936000000002,True,0.26378363370895386
b4e0bfdc7.jpg,47.000064,False,0.0
b4e0bfdc7.jpg,34.000128,True,0.07132075726985931
b4e0bfdc7.jpg,34.000128,True,0.10048038512468338
b4e0bfdc7.jpg,19.000320000000002,True,0.2186933308839798
b4e0bfdc7.jpg,21.000192,False,0.0
b4e0bfdc7.jpg,20.000256,True,0.2600529193878174
b4e0bfdc7.jpg,36.999936,False,0.0
b4e0bfdc7.jpg,23.000064,True,0.06366750597953796
b4e0bfdc7.jpg,56.00025599999999,True,0.06559585779905319
b4e0bfdc7.jpg,28.99968,True,0.1058010384440422
b4e0bfdc7.jpg,25.999872000000003,True,0.18370972573757172
b4e51b44b.jpg,129.000192,True,0.854619562625885
b4f257315.jpg,14.999808,False,0.0
b4f257315.jpg,74.999808,True,0.776213526725769
b4f8f2177.jpg,23.000064,True,0.7199661731719971
b4f8f2177.jpg,84.99993599999999,True,0.729030966758728
b4f8f2177.jpg,195.999744,True,0.8954004049301147
b52c4c1cd.jpg,28.99968,True,0.5385600924491882
b52c4c1cd.jpg,27.999744,True,0.4215703010559082
b54016b1b.jpg,196.99968,True,0.8072973489761353
b55c577d4.jpg,26.999808,True,0.10919906944036484
b55c577d4.jpg,33.000192,True,0.38201117515563965
b55c577d4.jpg,13.999872,True,0.3731701672077179
b56fad4b6.jpg,12.999936000000002,True,0.3312314748764038
b56fad4b6.jpg,26.999808,True,0.7129322290420532
b56fad4b6.jpg,16.999679999999998,True,0.08636334538459778
b56fad4b6.jpg,14.999808,False,0.0
b56fad4b6.jpg,12.999936000000002,True,0.4610254168510437
b56fad4b6.jpg,12.999936000000002,True,0.23846279084682465
b56fad4b6.jpg,16.999679999999998,True,0.352475106716156
b56fad4b6.jpg,12.999936000000002,True,0.37106484174728394
b56fad4b6.jpg,9.000192,True,0.60858553647995
b56fad4b6.jpg,13.999872,True,0.3110588490962982
b5772bed0.jpg,97.999872,True,0.8839297890663147
b578eb71e.jpg,15.999744,True,0.5710442066192627
b578eb71e.jpg,24.999935999999998,True,0.6219202876091003
b578eb71e.jpg,11.000064,True,0.5125832557678223
b5b3c16cf.jpg,29.999616,True,0.3024114966392517
b5b975869.jpg,15.999744,True,0.4354614019393921
b5bba50f6.jpg,81.000192,True,0.7697547078132629
b5dc6cd1b.jpg,132.999936,True,0.8822441697120667
b5e45403d.jpg,9.000192,True,0.42459943890571594
b5e7467ad.jpg,138.000384,True,0.8535028100013733
b5f12d29b.jpg,23.000064,True,0.1825743466615677
b5f12d29b.jpg,73.999872,True,0.7252909541130066
b5f12d29b.jpg,57.000192,True,0.7205603718757629
b5f12d29b.jpg,25.999872000000003,True,0.5621145367622375
b5f12d29b.jpg,23.000064,True,0.09558746218681335
b5f597bc8.jpg,291.99974399999996,True,0.8953520655632019
b5f922d64.jpg,16.999679999999998,True,0.5020389556884766
b5f922d64.jpg,24.0,True,0.6075714230537415
b5fd6f0ed.jpg,167.000064,True,0.8929667472839355
b6104b6b8.jpg,58.000128000000004,False,0.0
b6104b6b8.jpg,16.999679999999998,True,0.616752564907074
b6230d8d1.jpg,262.000128,True,0.8809981346130371
b6230d8d1.jpg,215.00006399999998,True,0.8571764230728149
b6230d8d1.jpg,22.000128,False,0.0
b64846832.jpg,12.0,True,0.44979479908943176
b6671293d.jpg,72.0,True,0.8732337355613708
b6671293d.jpg,42.000384,True,0.7631222605705261
b679a4d70.jpg,92.000256,True,0.8716092705726624
b6915e027.jpg,22.000128,True,0.1429641991853714
b6a2cef21.jpg,19.000320000000002,True,0.2401176244020462
b6b270d5c.jpg,12.0,False,0.0
b6cafa726.jpg,10.000128,True,0.2772171199321747
b6cafa726.jpg,58.000128000000004,False,0.0
b6da569a1.jpg,26.999808,True,0.7800123691558838
b6f3cef73.jpg,24.999935999999998,True,0.4775780737400055
b6f6bb8e3.jpg,12.0,True,0.2833941578865051
b6f6bb8e3.jpg,11.000064,True,0.2933637499809265
b6f9fb684.jpg,20.000256,True,0.7160937786102295
b6f9fb684.jpg,15.999744,True,0.5117422342300415
b6ffd0b57.jpg,12.0,True,0.5668307542800903
b71df4976.jpg,158.999808,True,0.9047325849533081
b725e1195.jpg,60.0,True,0.8322614431381226
b72dd2631.jpg,300.99993600000005,True,0.9380253553390503
b72dd2631.jpg,37.999872,True,0.6716605424880981
b77b94d20.jpg,76.99968,True,0.8231679201126099
b79bd50c8.jpg,79.00032,True,0.7799065113067627
b7b5f6dce.jpg,272.00025600000004,True,0.9132147431373596
b7b5f6dce.jpg,87.999744,True,0.9047855734825134
b7b7bb05a.jpg,59.000064,True,0.8322024941444397
b7b7bb05a.jpg,34.000128,True,0.6597623229026794
b7b7bb05a.jpg,25.999872000000003,True,0.11373229324817657
b7b7bb05a.jpg,57.000192,True,0.8663628101348877
b7b7bb05a.jpg,50.999808,True,0.8450314998626709
b7b7bb05a.jpg,28.99968,True,0.3566168546676636
b7c5ad4c6.jpg,235.00032,True,0.9142560362815857
b7cbe9065.jpg,20.000256,True,0.16495467722415924
b7cbe9065.jpg,16.999679999999998,True,0.6564410924911499
b7cbe9065.jpg,21.000192,True,0.05154150724411011
b7cbe9065.jpg,18.000384,True,0.5964850187301636
b7cbe9065.jpg,24.0,True,0.6077202558517456
b7cbe9065.jpg,23.000064,False,0.0
b7cbe9065.jpg,11.000064,True,0.257478266954422
b7cbe9065.jpg,20.000256,True,0.6006240248680115
b7e2c8d0c.jpg,115.00032000000002,True,0.8870422840118408
b7ecbbeaa.jpg,152.000256,True,0.7545798420906067
b80232332.jpg,14.999808,True,0.6237590312957764
b80fc44ab.jpg,24.999935999999998,True,0.7222422361373901
b80fc44ab.jpg,55.00032,True,0.78736412525177
b80fc44ab.jpg,40.99968,True,0.8586246967315674
b80fc44ab.jpg,98.999808,True,0.9123533964157104
b80fc44ab.jpg,121.999872,True,0.9089685678482056
b8112853c.jpg,153.000192,True,0.8493852615356445
b81ee75f4.jpg,8.000256,False,0.0
b82d750d8.jpg,4.99968,False,0.0
b82d750d8.jpg,9.000192,False,0.0
b849dc3ba.jpg,52.99968,True,0.8225357532501221
b849dc3ba.jpg,123.99974399999999,True,0.8579015135765076
b86c8d3fe.jpg,24.0,True,0.41010114550590515
b874f9944.jpg,63.99974400000001,True,0.8513038158416748
b874f9944.jpg,29.999616,True,0.6753419637680054
b88b04651.jpg,48.0,True,0.4788566529750824
b88b04651.jpg,44.000256,True,0.22508957982063293
b88b04651.jpg,21.000192,True,0.4280588626861572
b88b04651.jpg,48.0,True,0.46523502469062805
b88b04651.jpg,20.000256,False,0.0
b88b04651.jpg,45.000192,True,0.434634268283844
b88fc2460.jpg,167.000064,True,0.9061811566352844
b8b614d20.jpg,175.00032000000002,True,0.9258177876472473
b8cea4ad4.jpg,76.99968,True,0.8190777897834778
b8cea4ad4.jpg,61.999871999999996,True,0.8038360476493835
b8cea4ad4.jpg,80.000256,True,0.6161230206489563
b8d61ced2.jpg,46.000128,True,0.6361444592475891
b8d61ced2.jpg,47.000064,True,0.47567859292030334
b8d61ced2.jpg,47.000064,True,0.7464553713798523
b8d61ced2.jpg,25.999872000000003,True,0.43159645795822144
b8d61ced2.jpg,63.99974400000001,True,0.7912569046020508
b8d61ced2.jpg,21.000192,False,0.0
b8d61ced2.jpg,15.999744,True,0.19397470355033875
b8d61ced2.jpg,44.000256,True,0.5211041569709778
b8d61ced2.jpg,64.99968,True,0.34681278467178345
b8d61ced2.jpg,52.99968,True,0.6759098172187805
b8d61ced2.jpg,69.000192,True,0.08768255263566971
b8d61ced2.jpg,36.0,True,0.743525505065918
b8d61ced2.jpg,53.999616,True,0.7578704953193665
b8e6e815a.jpg,13.999872,True,0.3502163589000702
b8e6e815a.jpg,16.999679999999998,True,0.5694668889045715
b8e8c9ec0.jpg,21.000192,True,0.053086135536432266
b8e8c9ec0.jpg,12.999936000000002,True,0.3926798701286316
b8e8c9ec0.jpg,28.99968,True,0.7154061794281006
b8e8e8fa6.jpg,9.000192,False,0.0
b8e8e8fa6.jpg,12.999936000000002,True,0.27781161665916443
b8f954f45.jpg,11.000064,True,0.48129644989967346
b902aa0a0.jpg,247.00032,True,0.9033436179161072
b90356332.jpg,205.99987199999998,True,0.8695968985557556
b90356332.jpg,139.00032000000002,True,0.7460793852806091
b9083aada.jpg,24.0,True,0.12199524790048599
b9083aada.jpg,12.999936000000002,False,0.0
b9083aada.jpg,12.999936000000002,False,0.0
b9083aada.jpg,14.999808,True,0.24911367893218994
b9083aada.jpg,15.999744,False,0.0
b9083aada.jpg,13.999872,False,0.0
b9083aada.jpg,13.999872,False,0.0
b9083aada.jpg,12.0,False,0.0
b9083aada.jpg,12.999936000000002,False,0.0
b9083aada.jpg,11.000064,True,0.4266864061355591
b914c3c8a.jpg,232.99968,True,0.941245973110199
b9270cae6.jpg,18.000384,True,0.2881315052509308
b94ae3222.jpg,10.000128,False,0.0
b94ae3222.jpg,14.999808,True,0.21923187375068665
b94d2bfd1.jpg,16.999679999999998,True,0.7842885851860046
b94d2bfd1.jpg,24.999935999999998,True,0.8332467079162598
b953d7546.jpg,36.999936,True,0.3531528115272522
b95e29029.jpg,12.0,True,0.10902797430753708
b95e29029.jpg,39.999744,True,0.7732267379760742
b9613cf8c.jpg,73.999872,True,0.8101659417152405
b9643a242.jpg,24.999935999999998,False,0.0
b9643a242.jpg,7.00032,False,0.0
b9643a242.jpg,7.00032,True,0.31587207317352295
b9643a242.jpg,86.999808,True,0.8193669319152832
b9643a242.jpg,32.000256,True,0.3654097020626068
b9643a242.jpg,15.999744,True,0.17276133596897125
b966c8c47.jpg,28.99968,True,0.4096564054489136
b96837cb6.jpg,52.99968,True,0.8460618257522583
b96837cb6.jpg,72.99993599999999,True,0.47208186984062195
b9720e40e.jpg,11.000064,True,0.5674021244049072
b98b44064.jpg,42.000384,True,0.6603281497955322
b98b44064.jpg,55.00032,True,0.8356602787971497
b98b44064.jpg,47.000064,True,0.8325797319412231
b98b44064.jpg,60.999936,True,0.7943140864372253
b98b44064.jpg,45.000192,True,0.7921113967895508
b98b44064.jpg,25.999872000000003,True,0.4210584759712219
b99654137.jpg,212.000256,True,0.9261045455932617
b9ad06f8a.jpg,8.000256,True,0.051245398819446564
b9ad06f8a.jpg,9.000192,True,0.49999308586120605
b9b1b9be8.jpg,33.000192,True,0.13428063690662384
b9be79b94.jpg,151.00032000000002,True,0.9142096638679504
b9d251c1e.jpg,94.000128,True,0.9291800856590271
b9e5d1bd2.jpg,25.999872000000003,True,0.36031514406204224
b9f224552.jpg,12.999936000000002,True,0.07979321479797363
b9f224552.jpg,13.999872,True,0.17678287625312805
b9f224552.jpg,12.999936000000002,True,0.32602694630622864
b9fa223c8.jpg,15.999744,False,0.0
ba02af274.jpg,199.00032,True,0.924384593963623
ba02af274.jpg,20.000256,True,0.3434303104877472
ba02af274.jpg,12.0,True,0.3830623924732208
ba02cbe94.jpg,76.99968,True,0.8731419444084167
ba02cbe94.jpg,55.00032,True,0.8733214735984802
ba20a371d.jpg,60.999936,True,0.8139346837997437
ba2227633.jpg,38.999808,True,0.7490858435630798
ba2227633.jpg,27.999744,True,0.5246232151985168
ba556a187.jpg,177.000192,True,0.8858824372291565
ba63044dd.jpg,7.00032,True,0.05773716792464256
ba65be9ac.jpg,90.000384,True,0.8950588703155518
ba9b6cd4e.jpg,81.000192,True,0.8622539043426514
baa66afec.jpg,32.000256,True,0.8323108553886414
baa66afec.jpg,8.000256,True,0.2442042976617813
bacb8efe2.jpg,116.00025600000001,True,0.9205181002616882
bacb8efe2.jpg,42.000384,True,0.7186895608901978
bacddfd1e.jpg,101.999616,True,0.9097938537597656
badcf0731.jpg,13.999872,False,0.0
badcf0731.jpg,13.999872,True,0.5332440733909607
bae1ed628.jpg,326.99980800000003,True,0.8488107323646545
bae4a6a28.jpg,10.000128,False,0.0
bb0e0877d.jpg,19.000320000000002,True,0.38053929805755615
bb131ee45.jpg,187.00032000000002,True,0.8176572322845459
bb1a2a7eb.jpg,75.999744,True,0.7926828265190125
bb1a2a7eb.jpg,116.00025600000001,True,0.817812442779541
bb312942d.jpg,184.99967999999998,True,0.8536043167114258
bb40cd9c5.jpg,108.99993599999999,True,0.8930495381355286
bb64b45cd.jpg,16.999679999999998,True,0.6396872401237488
bb64b45cd.jpg,11.000064,True,0.37065640091896057
bb711cfdd.jpg,13.999872,True,0.30431538820266724
bb711cfdd.jpg,18.000384,True,0.10590367764234543
bb711cfdd.jpg,18.000384,True,0.15703608095645905
bb711cfdd.jpg,13.999872,False,0.0
bb711cfdd.jpg,12.999936000000002,False,0.0
bb711cfdd.jpg,20.000256,True,0.43184730410575867
bb711cfdd.jpg,16.999679999999998,True,0.42887938022613525
bb79f34a6.jpg,58.000128000000004,True,0.6420400142669678
bb7f24d8e.jpg,32.000256,True,0.06610008329153061
bb9606665.jpg,25.999872000000003,True,0.5826859474182129
bb9606665.jpg,117.000192,True,0.9317458868026733
bb982c78c.jpg,111.99974399999999,True,0.866904079914093
bbbe346b9.jpg,12.999936000000002,True,0.36265093088150024
bbc7b8ca2.jpg,159.999744,True,0.8380782008171082
bbcee356b.jpg,49.999871999999996,True,0.8622673153877258
bbcee356b.jpg,39.999744,True,0.7415575981140137
bbfda95e0.jpg,19.000320000000002,True,0.05598584562540054
bc27ab5b2.jpg,12.999936000000002,False,0.0
bc2b319f5.jpg,11.000064,False,0.0
bc2b319f5.jpg,12.0,True,0.08318286389112473
bc2b319f5.jpg,12.0,False,0.0
bc2b319f5.jpg,9.000192,True,0.10424061864614487
bc2b319f5.jpg,9.000192,False,0.0
bc4582aa5.jpg,159.999744,True,0.8387833833694458
bc478d3a2.jpg,29.999616,True,0.5581005215644836
bc6978326.jpg,18.000384,True,0.20909471809864044
bc6978326.jpg,19.000320000000002,True,0.45763635635375977
bc75553d3.jpg,5.9996160000000005,True,0.35429778695106506
bc75553d3.jpg,7.00032,True,0.5215001702308655
bc8aa3f73.jpg,201.00019199999997,True,0.8621661067008972
bc8e96524.jpg,11.000064,True,0.08446004241704941
bc9a537aa.jpg,29.999616,False,0.0
bc9a537aa.jpg,25.999872000000003,True,0.15396983921527863
bc9a537aa.jpg,35.000064,True,0.3771830201148987
bc9a537aa.jpg,24.999935999999998,True,0.18077205121517181
bc9a537aa.jpg,120.0,True,0.785351574420929
bc9a537aa.jpg,38.999808,True,0.3125729560852051
bc9a537aa.jpg,18.000384,True,0.05763094499707222
bc9bab774.jpg,59.000064,True,0.866027295589447
bcbbaf020.jpg,100.99967999999998,True,0.8591117858886719
bcdbf2386.jpg,96.0,True,0.8690970540046692
bcfc5624f.jpg,9.000192,False,0.0
bd2a67aed.jpg,73.999872,True,0.8368613719940186
bd3347da7.jpg,98.999808,True,0.846990704536438
bd373a745.jpg,24.999935999999998,True,0.08656243979930878
bd44bd7bc.jpg,210.000384,True,0.9214383363723755
bd44bd7bc.jpg,151.00032000000002,True,0.7864757180213928
bd583e62d.jpg,21.000192,True,0.41538602113723755
bd7cde303.jpg,49.999871999999996,True,0.6845437288284302
bd7f1beb0.jpg,14.999808,True,0.49736955761909485
bd84abcb4.jpg,175.00032000000002,True,0.924707293510437
bd85640e7.jpg,84.0,True,0.8222001194953918
bd8599ecf.jpg,11.000064,True,0.19352419674396515
bd99a44df.jpg,10.000128,True,0.15772558748722076
bdb9a38f7.jpg,12.999936000000002,True,0.6349344849586487
bdb9a38f7.jpg,16.999679999999998,True,0.4936445951461792
bdbce3d60.jpg,9.000192,False,0.0
bdc25fbd9.jpg,45.000192,True,0.7035896182060242
bdc56a1e6.jpg,9.000192,True,0.37421590089797974
bdc56a1e6.jpg,15.999744,True,0.6826175451278687
bdc56a1e6.jpg,10.000128,True,0.5879696011543274
bdca46ebe.jpg,12.999936000000002,True,0.42102542519569397
bdd3266d4.jpg,62.999808,True,0.8318479657173157
bdd3e46fd.jpg,12.0,False,0.0
bdd3e46fd.jpg,176.000256,True,0.8174166083335876
bdd3e46fd.jpg,42.000384,True,0.7182891964912415
bdd3e46fd.jpg,11.000064,False,0.0
bdd3e46fd.jpg,12.999936000000002,False,0.0
bdd3e46fd.jpg,8.000256,False,0.0
bdd3e46fd.jpg,8.000256,False,0.0
bdd3e46fd.jpg,11.000064,False,0.0
bdd3e46fd.jpg,7.00032,False,0.0
bde74b103.jpg,26.999808,True,0.6678350567817688
bde74b103.jpg,12.999936000000002,True,0.09949546307325363
bde74b103.jpg,11.000064,True,0.28507524728775024
bde74b103.jpg,9.000192,True,0.3361639678478241
bde74b103.jpg,11.000064,True,0.21273326873779297
bde74b103.jpg,11.000064,True,0.3761870861053467
bde74b103.jpg,9.000192,False,0.0
bde74b103.jpg,14.999808,True,0.11726634949445724
bde74b103.jpg,14.999808,True,0.05641622468829155
be0cab659.jpg,32.000256,True,0.6644079089164734
be257a533.jpg,39.999744,True,0.36167341470718384
be30e2101.jpg,62.999808,True,0.7798513770103455
be30e2101.jpg,57.000192,True,0.7732467651367188
be30e2101.jpg,51.99974400000001,True,0.8028897047042847
be30e2101.jpg,13.999872,True,0.4081744849681854
be30e2101.jpg,29.999616,True,0.5461966395378113
be30e2101.jpg,12.0,True,0.2992698550224304
be30e2101.jpg,13.999872,True,0.3984992206096649
be30e2101.jpg,40.99968,True,0.6252260804176331
be30e2101.jpg,26.999808,True,0.6199008822441101
be32de034.jpg,143.000064,True,0.848944902420044
be71be18f.jpg,171.999744,True,0.911152184009552
be71be18f.jpg,143.000064,True,0.8267452716827393
be71be18f.jpg,59.000064,False,0.0
be71be18f.jpg,74.999808,True,0.7442224621772766
be71be18f.jpg,192.99993600000002,True,0.9195543527603149
be754b1c5.jpg,66.000384,True,0.7764859199523926
be894b12f.jpg,45.000192,True,0.8525829315185547
be9f5ea4f.jpg,24.0,True,0.5410001277923584
be9f5ea4f.jpg,29.999616,True,0.6662077903747559
beaff72b9.jpg,29.999616,True,0.21540190279483795
bedb8e666.jpg,25.999872000000003,True,0.36420518159866333
bedb8e666.jpg,43.00032,True,0.6402895450592041
bedb8e666.jpg,9.000192,False,0.0
bedb8e666.jpg,44.000256,True,0.4977908432483673
bedb8e666.jpg,52.99968,True,0.6738640069961548
bedb8e666.jpg,64.99968,True,0.5301646590232849
bedb8e666.jpg,46.000128,True,0.3714151084423065
bedb8e666.jpg,62.999808,True,0.3605199158191681
bedb8e666.jpg,21.000192,False,0.0
bedb8e666.jpg,56.00025599999999,True,0.6495104432106018
bedb8e666.jpg,53.999616,True,0.5212019085884094
beddd60c7.jpg,32.000256,True,0.5475382804870605
bedecab71.jpg,139.00032000000002,True,0.9418335556983948
beede0422.jpg,25.999872000000003,True,0.7068436145782471
beede0422.jpg,23.000064,True,0.7569382786750793
beef2d965.jpg,18.000384,True,0.277532160282135
bf0a8fa75.jpg,15.999744,True,0.2869727313518524
bf0b77ff5.jpg,100.99967999999998,True,0.9196610450744629
bf2ed6e0f.jpg,63.99974400000001,True,0.8450208306312561
bf4a2d07a.jpg,18.000384,True,0.21369805932044983
bf563bde6.jpg,261.00019199999997,True,0.9184568524360657
bf861b8d7.jpg,79.00032,True,0.8755875825881958
bf861c7a9.jpg,14.999808,False,0.0
bf98e1846.jpg,8.000256,True,0.17876867949962616
bf9c08c1e.jpg,76.99968,True,0.8330433964729309
bfaaf78ac.jpg,200.000256,True,0.9289343357086182
bfaaf78ac.jpg,164.000256,True,0.8432027697563171
bfb9f7dbe.jpg,15.999744,False,0.0
bfbcc0477.jpg,148.99967999999998,True,0.9187725186347961
bfc5da848.jpg,100.99967999999998,True,0.8286358714103699
bfd0ccdb0.jpg,81.000192,True,0.7092207670211792
bfd0ccdb0.jpg,82.000128,True,0.7507660388946533
bfd0ccdb0.jpg,59.000064,True,0.6280737519264221
bfd0ccdb0.jpg,69.000192,True,0.7591901421546936
bfd0ccdb0.jpg,72.99993599999999,True,0.7369340062141418
bfd0ccdb0.jpg,83.00006400000001,True,0.692168116569519
bfd823419.jpg,167.000064,True,0.8686782717704773
bff440d09.jpg,76.99968,True,0.8281612992286682
bff440d09.jpg,81.000192,True,0.8447864055633545
bffb50d92.jpg,15.999744,True,0.6473028659820557
bfffcf834.jpg,53.999616,True,0.9001615047454834
bfffcf834.jpg,36.999936,True,0.8394830226898193
c00c0311d.jpg,108.0,True,0.8484141826629639
c012b2df1.jpg,50.999808,True,0.625613808631897
c023cf80d.jpg,31.00032,True,0.0891476571559906
c02a1ee0a.jpg,28.99968,True,0.30283021926879883
c02a1ee0a.jpg,48.0,True,0.5340948700904846
c02a1ee0a.jpg,44.000256,True,0.5311053395271301
c02a1ee0a.jpg,28.99968,True,0.42339158058166504
c02a1ee0a.jpg,28.99968,True,0.18194830417633057
c02a1ee0a.jpg,29.999616,True,0.38714826107025146
c02a1ee0a.jpg,27.999744,True,0.22023352980613708
c02a1ee0a.jpg,28.99968,True,0.7149779796600342
c02a1ee0a.jpg,31.00032,True,0.2974131405353546
c02a1ee0a.jpg,20.000256,True,0.293072909116745
c02a1ee0a.jpg,37.999872,True,0.567452609539032
c02a1ee0a.jpg,45.000192,True,0.7093774676322937
c02a1ee0a.jpg,28.99968,True,0.34572672843933105
c02a1ee0a.jpg,22.000128,True,0.1464753895998001
c02a1ee0a.jpg,40.99968,True,0.5411322712898254
c02be9269.jpg,42.000384,False,0.0
c04440f78.jpg,24.0,True,0.12643784284591675
c04440f78.jpg,37.999872,True,0.4521682858467102
c04dd2134.jpg,27.999744,True,0.6254464387893677
c051468af.jpg,108.99993599999999,True,0.8521482348442078
c05d43143.jpg,61.999871999999996,True,0.8545660972595215
c062957f2.jpg,107.00006400000001,True,0.9158604741096497
c06ab9e0f.jpg,11.000064,False,0.0
c06ab9e0f.jpg,12.999936000000002,True,0.2753422260284424
c06ab9e0f.jpg,9.000192,True,0.5104471445083618
c06ab9e0f.jpg,7.00032,True,0.40439990162849426
c06ab9e0f.jpg,7.00032,False,0.0
c0a2aa92f.jpg,25.999872000000003,True,0.12023533880710602
c0c5c40d0.jpg,83.00006400000001,True,0.812664270401001
c0c5c40d0.jpg,191.000064,True,0.8400898575782776
c0cae9708.jpg,59.000064,True,0.8799737691879272
c0cffa57b.jpg,162.000384,True,0.8879725337028503
c0e1bd8c6.jpg,153.000192,True,0.9171614646911621
c0e3b3c03.jpg,21.000192,False,0.0
c0e45f5b0.jpg,192.99993600000002,True,0.9195005297660828
c0e45f5b0.jpg,74.999808,True,0.7429941296577454
c0e45f5b0.jpg,171.999744,True,0.9111600518226624
c0f49631a.jpg,18.000384,True,0.20981208980083466
c0f49631a.jpg,19.000320000000002,True,0.45626068115234375
c0f8f0e36.jpg,124.99967999999998,True,0.8407326340675354
c10c45e9e.jpg,13.999872,True,0.34805813431739807
c10c45e9e.jpg,70.000128,True,0.8364932537078857
c10c45e9e.jpg,60.999936,True,0.9224163889884949
c10c45e9e.jpg,171.999744,True,0.906637966632843
c10c45e9e.jpg,142.00012800000002,True,0.9142903089523315
c10cc5ed5.jpg,151.00032000000002,True,0.9312559366226196
c10cc5ed5.jpg,12.999936000000002,True,0.20213934779167175
c1142e607.jpg,212.000256,True,0.9255371689796448
c136a2d52.jpg,21.000192,True,0.2848142981529236
c136a2d52.jpg,67.00032,True,0.7236307859420776
c14e001f4.jpg,18.000384,True,0.6383671760559082
c14faa0a5.jpg,97.999872,True,0.8942705988883972
c150a8bf0.jpg,12.999936000000002,False,0.0
c151efb9c.jpg,95.00006400000001,True,0.6319370269775391
c153b3ca5.jpg,7.00032,False,0.0
c156586cf.jpg,16.999679999999998,True,0.37310972809791565
c1697c4c9.jpg,195.999744,True,0.8878519535064697
c17a3e3fd.jpg,44.000256,True,0.539385199546814
c17a3e3fd.jpg,37.999872,True,0.3679816424846649
c180b9bfe.jpg,26.999808,False,0.0
c180b9bfe.jpg,39.999744,True,0.11528950184583664
c180b9bfe.jpg,21.000192,True,0.12786038219928741
c180b9bfe.jpg,5.9996160000000005,False,0.0
c180b9bfe.jpg,24.999935999999998,False,0.0
c180b9bfe.jpg,37.999872,True,0.15531516075134277
c180b9bfe.jpg,33.000192,True,0.39189016819000244
c18a9eef0.jpg,93.000192,True,0.8814648985862732
c18b525e8.jpg,156.0,True,0.8963257670402527
c193c16ff.jpg,16.999679999999998,False,0.0
c193c16ff.jpg,55.00032,True,0.5964288115501404
c193c16ff.jpg,52.99968,True,0.4518123269081116
c193c16ff.jpg,16.999679999999998,True,0.0681050643324852
c193c16ff.jpg,46.000128,True,0.7272055745124817
c193c16ff.jpg,46.000128,True,0.7345353364944458
c193c16ff.jpg,52.99968,True,0.6186011433601379
c193c16ff.jpg,23.000064,True,0.4376133978366852
c1a49c499.jpg,24.999935999999998,False,0.0
c1a655aea.jpg,216.99993600000002,True,0.8338858485221863
c1f8e3a44.jpg,24.0,True,0.4329557716846466
c209465de.jpg,27.999744,False,0.0
c218e58a6.jpg,40.99968,True,0.9055415987968445
c21bb467e.jpg,10.000128,True,0.26475989818573
c2212d548.jpg,208.99968,True,0.9099831581115723
c2582ad75.jpg,27.999744,True,0.5747511982917786
c25b6a8d6.jpg,12.999936000000002,False,0.0
c25b6a8d6.jpg,18.000384,True,0.26260852813720703
c25b6a8d6.jpg,12.0,True,0.16238677501678467
c25b6a8d6.jpg,15.999744,True,0.20295566320419312
c25b6a8d6.jpg,12.999936000000002,False,0.0
c25b6a8d6.jpg,12.0,False,0.0
c25b6a8d6.jpg,52.99968,True,0.6491302251815796
c25b6a8d6.jpg,19.000320000000002,False,0.0
c25b6a8d6.jpg,12.0,False,0.0
c25b6a8d6.jpg,50.999808,True,0.783489465713501
c25b6a8d6.jpg,67.00032,True,0.7859687209129333
c25b6a8d6.jpg,24.0,False,0.0
c25b6a8d6.jpg,15.999744,False,0.0
c25b6a8d6.jpg,12.0,False,0.0
c26c45017.jpg,20.000256,True,0.06385831534862518
c288efbff.jpg,53.999616,True,0.7766808271408081
c288efbff.jpg,60.0,True,0.8410423994064331
c288efbff.jpg,60.0,True,0.8418350219726562
c291b1efd.jpg,23.000064,True,0.19194920361042023
c292ca881.jpg,27.999744,True,0.577285885810852
c292ca881.jpg,74.999808,True,0.8383266925811768
c299c4851.jpg,90.000384,True,0.7752650380134583
c29c0c46b.jpg,143.000064,True,0.869293212890625
c29dd791a.jpg,63.99974400000001,True,0.8340262770652771
c2a08140a.jpg,36.999936,True,0.7884542346000671
c2a08140a.jpg,12.0,False,0.0
c2a08140a.jpg,36.999936,True,0.7852252721786499
c2d1bbf6a.jpg,94.000128,True,0.8751388788223267
c2dccbad8.jpg,24.999935999999998,True,0.18627381324768066
c2e41934f.jpg,100.99967999999998,True,0.8600432276725769
c2eeeeac7.jpg,12.0,True,0.5717779994010925
c30c54a2f.jpg,11.000064,True,0.3015659749507904
c314fd217.jpg,48.0,True,0.8499385714530945
c329f5f9b.jpg,71.00006400000001,True,0.8622262477874756
c329f5f9b.jpg,20.000256,True,0.6964311599731445
c32e168e3.jpg,24.0,True,0.4697522222995758
c32e168e3.jpg,79.00032,True,0.8473959565162659
c32f1acef.jpg,82.000128,True,0.7712845206260681
c32f1acef.jpg,32.000256,False,0.0
c32f1acef.jpg,48.0,True,0.6286979913711548
c34201d92.jpg,48.0,True,0.827835738658905
c34201d92.jpg,15.999744,True,0.2998967170715332
c34201d92.jpg,51.99974400000001,True,0.7760840058326721
c34201d92.jpg,53.999616,True,0.6847928762435913
c34201d92.jpg,28.99968,False,0.0
c34201d92.jpg,57.000192,True,0.5407746434211731
c34201d92.jpg,29.999616,True,0.405587375164032
c34201d92.jpg,147.999744,True,0.5878281593322754
c34201d92.jpg,28.99968,True,0.7537042498588562
c34201d92.jpg,85.999872,True,0.8332064151763916
c34e7e406.jpg,23.000064,True,0.3765838146209717
c350186a3.jpg,22.000128,True,0.49191638827323914
c354e5fe8.jpg,27.999744,True,0.5907632112503052
c354e5fe8.jpg,40.99968,True,0.7304333448410034
c37dfbe27.jpg,80.000256,True,0.8915064930915833
c37dfbe27.jpg,46.000128,True,0.6843960881233215
c382a8db2.jpg,144.999936,True,0.9314107298851013
c394d06d7.jpg,79.00032,True,0.8652390837669373
c3bfdbd6e.jpg,58.000128000000004,True,0.7344610095024109
c3d6f7f42.jpg,21.000192,True,0.5606123805046082
c3d6f7f42.jpg,23.000064,True,0.4357220530509949
c3d6f7f42.jpg,29.999616,True,0.6353910565376282
c3d6f7f42.jpg,50.999808,True,0.8403113484382629
c3d6f7f42.jpg,24.0,True,0.5620966553688049
c3d6f7f42.jpg,69.000192,True,0.8562730550765991
c3ea145f7.jpg,12.0,True,0.6559453010559082
c3ea145f7.jpg,12.999936000000002,True,0.12369664758443832
c3f7689f6.jpg,95.00006400000001,True,0.781653881072998
c3f7689f6.jpg,88.99968,True,0.7805607318878174
c40ddbdbe.jpg,176.000256,True,0.851341187953949
c4115103a.jpg,27.999744,True,0.14845608174800873
c45f70f40.jpg,184.99967999999998,True,0.9279008507728577
c45f70f40.jpg,19.000320000000002,True,0.35327470302581787
c46fc340f.jpg,14.999808,True,0.5432815551757812
c4776fa28.jpg,104.00025600000001,True,0.9060812592506409
c48680529.jpg,57.000192,True,0.8426495790481567
c48680529.jpg,16.999679999999998,True,0.6332038640975952
c493087bc.jpg,116.00025600000001,True,0.8793818354606628
c493087bc.jpg,118.000128,True,0.8977336287498474
c4a3a677d.jpg,56.00025599999999,True,0.7495492100715637
c4a3a677d.jpg,74.999808,True,0.8260303139686584
c4a3a677d.jpg,36.0,True,0.5230138897895813
c4a3a677d.jpg,35.000064,True,0.6639391183853149
c4a3a677d.jpg,39.999744,True,0.11218210309743881
c4a3a677d.jpg,21.000192,False,0.0
c4a3a677d.jpg,33.000192,True,0.41121813654899597
c4a3a677d.jpg,15.999744,False,0.0
c4a3a677d.jpg,38.999808,True,0.7057743668556213
c4a3a677d.jpg,31.00032,True,0.695539653301239
c4a3a677d.jpg,47.000064,True,0.28178083896636963
c4a3a677d.jpg,40.99968,True,0.6935862302780151
c4a8edd30.jpg,85.999872,True,0.86986243724823
c4d1e6670.jpg,228.0,True,0.8765759468078613
c4f963b2d.jpg,56.00025599999999,True,0.8558369874954224
c4f963b2d.jpg,91.00032,True,0.6926582455635071
c4f963b2d.jpg,40.99968,True,0.7749423384666443
c4f963b2d.jpg,51.99974400000001,False,0.0
c4f963b2d.jpg,56.00025599999999,True,0.1498551219701767
c4f963b2d.jpg,46.000128,True,0.1591760367155075
c4f963b2d.jpg,72.0,True,0.059718821197748184
c4f963b2d.jpg,29.999616,False,0.0
c4f963b2d.jpg,49.999871999999996,False,0.0
c4f963b2d.jpg,96.0,True,0.5871992111206055
c4f963b2d.jpg,72.0,False,0.0
c4f963b2d.jpg,27.999744,False,0.0
c50cd8cef.jpg,11.000064,False,0.0
c50cd8cef.jpg,11.000064,True,0.05638764798641205
c50cd8cef.jpg,12.0,True,0.257814884185791
c50cd8cef.jpg,10.000128,True,0.14110276103019714
c510ba6e3.jpg,23.000064,True,0.42767563462257385
c510ba6e3.jpg,14.999808,False,0.0
c514c104a.jpg,19.000320000000002,True,0.5471304059028625
c514c104a.jpg,12.0,True,0.621109664440155
c514c104a.jpg,12.999936000000002,True,0.1865651160478592
c5258b331.jpg,29.999616,True,0.6611258387565613
c5258b331.jpg,24.0,True,0.5451503396034241
c543f74d8.jpg,31.00032,True,0.5785272717475891
c543f74d8.jpg,19.000320000000002,True,0.09404409676790237
c543f74d8.jpg,12.0,False,0.0
c54e1ab40.jpg,57.000192,True,0.6670984029769897
c54e1ab40.jpg,49.999871999999996,True,0.6742956042289734
c553822a9.jpg,16.999679999999998,True,0.37266215682029724
c5571ec67.jpg,204.0,True,0.89369136095047
c55dbf5cc.jpg,33.000192,True,0.5335925817489624
c561e4293.jpg,8.000256,True,0.3676837980747223
c561e4293.jpg,13.999872,True,0.07355174422264099
c561e4293.jpg,9.000192,True,0.05217394977807999
c56a3e864.jpg,12.999936000000002,True,0.1585620492696762
c56a3e864.jpg,12.0,True,0.10348837822675705
c586a33b5.jpg,142.00012800000002,True,0.9032690525054932
c586a33b5.jpg,248.000256,True,0.967975378036499
c586a33b5.jpg,75.999744,True,0.6835459470748901
c58a63cdd.jpg,8.000256,True,0.2872716784477234
c58a63cdd.jpg,145.99987199999998,True,0.9069880247116089
c58a63cdd.jpg,130.00012800000002,True,0.861014723777771
c58b2346b.jpg,29.999616,True,0.580467700958252
c58db6710.jpg,14.999808,True,0.5030317306518555
c58db6710.jpg,12.0,True,0.28337082266807556
c592bdf7d.jpg,9.000192,True,0.2663332521915436
c592bdf7d.jpg,8.000256,True,0.304243803024292
c5c31d0ba.jpg,9.000192,True,0.6078577637672424
c5c31d0ba.jpg,9.000192,True,0.5070438385009766
c5d5af9b5.jpg,166.00012800000002,True,0.8832428455352783
c5e525fea.jpg,15.999744,True,0.38695549964904785
c5ee24d2a.jpg,9.000192,False,0.0
c6079250b.jpg,8.000256,False,0.0
c60851fb5.jpg,179.000064,True,0.9005140662193298
c6105f8b3.jpg,173.999616,True,0.8637990951538086
c6105f8b3.jpg,164.000256,True,0.9188374280929565
c611d621a.jpg,51.99974400000001,True,0.31974002718925476
c61249dac.jpg,4.99968,False,0.0
c61249dac.jpg,9.000192,False,0.0
c616d2345.jpg,148.99967999999998,True,0.9098454713821411
c61bdb74d.jpg,10.000128,False,0.0
c61bdb74d.jpg,8.000256,True,0.08531755954027176
c6438fa0a.jpg,139.00032000000002,True,0.8734408617019653
c6438fa0a.jpg,248.000256,True,0.968681812286377
c647e33d7.jpg,21.000192,False,0.0
c66eb97bc.jpg,66.000384,True,0.8461460471153259
c670f06d8.jpg,263.00006399999995,True,0.9374263286590576
c670f06d8.jpg,74.999808,True,0.797107994556427
c670f06d8.jpg,74.999808,True,0.9052808284759521
c68573a6c.jpg,84.99993599999999,True,0.9025567770004272
c6985c3bc.jpg,76.99968,True,0.8643786311149597
c6ad8f468.jpg,24.0,True,0.6554208993911743
c6ad8f468.jpg,64.99968,True,0.8524642586708069
c6ad8f468.jpg,52.99968,True,0.7301696538925171
c6c658e7c.jpg,12.999936000000002,True,0.19671209156513214
c6edc6cdd.jpg,39.999744,True,0.7545878887176514
c70cff811.jpg,33.000192,True,0.27023640275001526
c71663c41.jpg,16.999679999999998,False,0.0
c71663c41.jpg,82.000128,True,0.8927640318870544
c724fb7f2.jpg,15.999744,True,0.19493238627910614
c724fb7f2.jpg,149.999616,True,0.9324662089347839
c73e36916.jpg,84.99993599999999,True,0.8894907236099243
c73e36916.jpg,74.999808,True,0.7288718223571777
c73e36916.jpg,61.999871999999996,True,0.8299241065979004
c73e36916.jpg,42.000384,True,0.7845807671546936
c73f75ce3.jpg,232.99968,True,0.9136157631874084
c74853df8.jpg,85.999872,True,0.6011365652084351
c74853df8.jpg,214.00012800000002,True,0.8781239986419678
c74853df8.jpg,28.99968,True,0.49635183811187744
c748f46a2.jpg,204.0,True,0.886378288269043
c76da3b19.jpg,100.99967999999998,True,0.8632421493530273
c774ac4fc.jpg,108.99993599999999,True,0.8695412874221802
c774ac4fc.jpg,86.999808,True,0.8784370422363281
c774ac4fc.jpg,57.000192,True,0.7929006814956665
c774ac4fc.jpg,87.999744,True,0.8770908117294312
c774ac4fc.jpg,24.0,True,0.3451681137084961
c77e904a7.jpg,56.00025599999999,False,0.0
c77e904a7.jpg,156.999936,True,0.9198899269104004
c791d559e.jpg,19.000320000000002,True,0.3836739659309387
c7986db8c.jpg,241.99987199999998,True,0.8692518472671509
c7aa3fcb0.jpg,16.999679999999998,True,0.38419684767723083
c7bcc1e3e.jpg,12.0,True,0.14980214834213257
c7bcc1e3e.jpg,18.000384,True,0.3010792136192322
c7bcc1e3e.jpg,12.999936000000002,True,0.24406489729881287
c7d376304.jpg,27.999744,True,0.28927403688430786
c7d376304.jpg,24.999935999999998,True,0.4759135842323303
c7d376304.jpg,14.999808,True,0.13036416471004486
c7d376304.jpg,11.000064,True,0.10052456706762314
c7d376304.jpg,19.000320000000002,True,0.2761690318584442
c7e07fca0.jpg,24.0,True,0.07403470575809479
c7e07fca0.jpg,20.000256,True,0.6462087035179138
c7e435e40.jpg,101.999616,True,0.8163768649101257
c7f731da0.jpg,36.999936,True,0.6884856224060059
c7f731da0.jpg,156.999936,True,0.7899103164672852
c808204d4.jpg,29.999616,True,0.5812638401985168
c808204d4.jpg,77.999616,True,0.8288864493370056
c808204d4.jpg,70.000128,True,0.6862331032752991
c811ba74f.jpg,84.0,True,0.8417560458183289
c811ba74f.jpg,28.99968,True,0.5512785911560059
c811f248e.jpg,35.000064,False,0.0
c8150e004.jpg,103.00032000000002,True,0.8383498191833496
c8163f92f.jpg,99.99974399999999,True,0.8102179169654846
c8163f92f.jpg,63.99974400000001,True,0.7322225570678711
c8163f92f.jpg,94.000128,True,0.8298245668411255
c82ed649a.jpg,8.000256,True,0.12474734336137772
c82ff8d19.jpg,144.0,True,0.9148446917533875
c82ff8d19.jpg,140.000256,True,0.9248014688491821
c82ff8d19.jpg,170.999808,False,0.0
c82ff8d19.jpg,60.999936,True,0.30289608240127563
c83bce795.jpg,168.999936,True,0.8766683340072632
c84d74fb9.jpg,140.000256,True,0.9238004684448242
c8544a47e.jpg,43.00032,True,0.836574137210846
c860aeb26.jpg,18.000384,False,0.0
c861be6da.jpg,52.99968,True,0.687064528465271
c86564d5f.jpg,69.000192,True,0.7438587546348572
c86564d5f.jpg,33.000192,True,0.4461086690425873
c86564d5f.jpg,72.0,True,0.0741967111825943
c86564d5f.jpg,34.000128,True,0.7768131494522095
c86564d5f.jpg,43.00032,True,0.8571377992630005
c86564d5f.jpg,51.99974400000001,True,0.8380144238471985
c86564d5f.jpg,32.000256,True,0.6979431509971619
c86564d5f.jpg,38.999808,True,0.7882927060127258
c86564d5f.jpg,22.000128,True,0.5123263597488403
c86564d5f.jpg,45.000192,True,0.6844730973243713
c86564d5f.jpg,29.999616,True,0.7114824056625366
c866079b9.jpg,11.000064,False,0.0
c876fc5ea.jpg,15.999744,True,0.3415749967098236
c876fc5ea.jpg,20.000256,True,0.4786992073059082
c876fc5ea.jpg,60.999936,True,0.7891930937767029
c88c2d44f.jpg,12.999936000000002,True,0.110327810049057
c88c2d44f.jpg,15.999744,False,0.0
c89f7bcc3.jpg,141.000192,True,0.9289335608482361
c8bad25f9.jpg,12.999936000000002,True,0.24609659612178802
c8befbde2.jpg,32.000256,True,0.18243469297885895
c8befbde2.jpg,57.000192,True,0.7493602633476257
c8befbde2.jpg,24.999935999999998,True,0.5946665406227112
c8bfb3831.jpg,27.999744,True,0.39423418045043945
c8bfb3831.jpg,28.99968,False,0.0
c8bfb3831.jpg,20.000256,False,0.0
c8bfb3831.jpg,131.000064,True,0.7830732464790344
c8e65ad5e.jpg,248.000256,True,0.9692097306251526
c8e65ad5e.jpg,139.00032000000002,True,0.8797931671142578
c8ee00067.jpg,69.000192,True,0.5341323614120483
c8ee00067.jpg,42.000384,True,0.6335504055023193
c8ee00067.jpg,53.999616,True,0.5853627324104309
c8ee00067.jpg,8.000256,False,0.0
c8ee00067.jpg,71.00006400000001,True,0.5205477476119995
c8ee00067.jpg,36.0,True,0.3450013995170593
c8f82fad1.jpg,82.000128,True,0.761655330657959
c8fedcb43.jpg,11.000064,True,0.28721457719802856
c8fef9c11.jpg,171.999744,True,0.6999642848968506
c95a8c12e.jpg,201.00019199999997,True,0.8663162589073181
c96240130.jpg,19.000320000000002,True,0.5330736637115479
c96240130.jpg,13.999872,True,0.06513190269470215
c96240130.jpg,79.00032,True,0.8662089109420776
c966e212b.jpg,96.99993599999999,True,0.8162189722061157
c973c7e9c.jpg,68.000256,True,0.8651164770126343
c975acc83.jpg,16.999679999999998,True,0.6132930517196655
c975acc83.jpg,15.999744,True,0.6451658606529236
c975acc83.jpg,16.999679999999998,True,0.5472151637077332
c99b28332.jpg,23.000064,True,0.06616570800542831
c9a07bd76.jpg,145.99987199999998,True,0.8848141431808472
c9a07bd76.jpg,37.999872,True,0.7043218016624451
c9a07bd76.jpg,21.000192,True,0.6336629986763
c9ac54a6e.jpg,47.000064,True,0.6674275398254395
c9ac54a6e.jpg,85.999872,True,0.7051873207092285
c9b5d67ae.jpg,130.00012800000002,True,0.766589879989624
c9c00cecf.jpg,149.999616,True,0.9246553182601929
c9c00cecf.jpg,24.0,True,0.35273221135139465
c9c00cecf.jpg,76.99968,True,0.8348230719566345
c9c25b8a2.jpg,9.000192,True,0.6048895120620728
c9c25b8a2.jpg,9.000192,True,0.5075854063034058
c9d23a9ab.jpg,88.99968,True,0.8423389792442322
c9d2b7692.jpg,7.00032,False,0.0
c9d2b7692.jpg,55.00032,True,0.704896092414856
c9d2b7692.jpg,12.0,True,0.3007698357105255
c9d2b7692.jpg,26.999808,True,0.4063539206981659
c9d2b7692.jpg,76.99968,True,0.8308984637260437
c9d2b7692.jpg,10.000128,False,0.0
c9d2b7692.jpg,87.999744,True,0.7977385520935059
c9e1400d9.jpg,156.0,True,0.883402407169342
c9e1400d9.jpg,71.00006400000001,True,0.8367239832878113
c9ef774de.jpg,19.000320000000002,False,0.0
c9ef9957c.jpg,69.000192,True,0.7627099752426147
c9fe5d5ca.jpg,15.999744,True,0.6224484443664551
ca204fe06.jpg,9.000192,False,0.0
ca3aac5f6.jpg,9.000192,True,0.5965414047241211
ca3aac5f6.jpg,8.000256,False,0.0
ca3bc8ede.jpg,124.99967999999998,True,0.8159404397010803
ca3d01277.jpg,26.999808,True,0.36925557255744934
ca547ba18.jpg,50.999808,True,0.7828335762023926
ca5550623.jpg,26.999808,True,0.07827633619308472
ca621f70c.jpg,160.99967999999998,True,0.8791670799255371
ca734e1f7.jpg,18.000384,True,0.2960536777973175
ca78eac88.jpg,46.000128,True,0.6811885237693787
ca78eac88.jpg,68.000256,True,0.3102949261665344
ca78eac88.jpg,53.999616,True,0.4041752815246582
ca78eac88.jpg,49.999871999999996,True,0.44243890047073364
ca78eac88.jpg,56.00025599999999,True,0.7010533213615417
ca78eac88.jpg,37.999872,False,0.0
ca78eac88.jpg,29.999616,False,0.0
ca78eac88.jpg,33.000192,False,0.0
ca78eac88.jpg,64.99968,True,0.3274681270122528
ca78eac88.jpg,27.999744,False,0.0
ca78eac88.jpg,45.000192,True,0.5884687304496765
ca78eac88.jpg,53.999616,True,0.7839259505271912
ca803786e.jpg,5.9996160000000005,False,0.0
ca803786e.jpg,70.000128,True,0.8563887476921082
ca803786e.jpg,49.999871999999996,True,0.8611075282096863
ca8043da1.jpg,11.000064,True,0.6489112377166748
ca8043da1.jpg,7.00032,True,0.2788134217262268
ca8f71cc3.jpg,36.0,True,0.6439181566238403
ca8f71cc3.jpg,251.00006399999998,True,0.8461035490036011
cabec17ac.jpg,24.0,True,0.06541171669960022
cac024e66.jpg,20.000256,True,0.07136659324169159
cac024e66.jpg,267.99974399999996,True,0.9740263223648071
cac7e5159.jpg,9.000192,True,0.4670775532722473
cac7e5159.jpg,8.000256,True,0.42874208092689514
cac7e5159.jpg,8.000256,True,0.19134414196014404
cac7e5159.jpg,5.9996160000000005,True,0.3700374960899353
cb0069016.jpg,154.00012800000002,True,0.9149095416069031
cb1dfe6c5.jpg,9.000192,False,0.0
cb2f03a91.jpg,28.99968,False,0.0
cb2ff053a.jpg,109.999872,True,0.8743453025817871
cb53caede.jpg,64.99968,True,0.797222375869751
cb53caede.jpg,20.000256,True,0.1353875696659088
cb53caede.jpg,44.000256,True,0.7759772539138794
cb59838db.jpg,204.0,True,0.8930201530456543
cb894ab1f.jpg,91.00032,True,0.8424234986305237
cbb7c75bf.jpg,142.00012800000002,True,0.9103657603263855
cbb7c75bf.jpg,116.00025600000001,True,0.9158183932304382
cbb7c75bf.jpg,87.999744,True,0.6715673208236694
cbb7c75bf.jpg,82.000128,True,0.8385682106018066
cbbfbb22d.jpg,71.00006400000001,True,0.7384421229362488
cbbfbb22d.jpg,228.99993600000002,True,0.9443630576133728
cbbfbb22d.jpg,241.99987199999998,True,0.8451694250106812
cbce3034c.jpg,31.00032,True,0.7961631417274475
cbce86d74.jpg,155.000064,True,0.9278556108474731
cbde9fff2.jpg,15.999744,True,0.46845364570617676
cc1074060.jpg,5.9996160000000005,False,0.0
cc2341806.jpg,125.999616,True,0.869429886341095
cc2341806.jpg,158.999808,True,0.9313133955001831
cc286f825.jpg,204.99993600000002,True,0.8952704668045044
cc286f825.jpg,178.00012800000002,True,0.9025846123695374
cc28b3bff.jpg,159.999744,True,0.8807280659675598
cc36cf02d.jpg,15.999744,False,0.0
cc3ec4d92.jpg,38.999808,True,0.7107970118522644
cc46535db.jpg,162.000384,True,0.8365696668624878
cc46f11d8.jpg,216.0,True,0.9143867492675781
cc46f11d8.jpg,156.999936,True,0.90456622838974
cc5ffaebd.jpg,108.0,True,0.8501632809638977
cc656380e.jpg,18.000384,True,0.19377906620502472
cc6bf218a.jpg,12.999936000000002,True,0.4623955488204956
cc7877483.jpg,14.999808,True,0.21725285053253174
cc79330c9.jpg,14.999808,True,0.3646509349346161
cc7aa7f73.jpg,31.00032,True,0.6069015860557556
cc855eb83.jpg,322.000128,True,0.8270241618156433
cc8c92b9d.jpg,67.00032,True,0.30121177434921265
cc961a16d.jpg,19.000320000000002,True,0.2066703736782074
cc9d63066.jpg,16.999679999999998,True,0.4385066628456116
ccd0b1840.jpg,19.000320000000002,True,0.40331757068634033
ccd0b1840.jpg,38.999808,True,0.36098939180374146
ccd0dbd49.jpg,35.000064,False,0.0
ccd6e5a7a.jpg,14.999808,True,0.4666741192340851
ccd6e5a7a.jpg,20.000256,True,0.6714761853218079
cce4454eb.jpg,131.000064,True,0.8781045079231262
ccf8b2830.jpg,19.000320000000002,True,0.34499213099479675
ccfc98999.jpg,36.0,True,0.4377017021179199
cd2c3036f.jpg,228.99993600000002,True,0.8632441759109497
cd2dc4f2b.jpg,66.000384,True,0.8374670147895813
cd2e27eb6.jpg,10.000128,True,0.2489231377840042
cd6417574.jpg,91.00032,True,0.7390913963317871
cda43b3b0.jpg,160.99967999999998,True,0.915886402130127
cdc67e294.jpg,16.999679999999998,True,0.0638558641076088
cdc696259.jpg,273.00019199999997,True,0.9423520565032959
cdc888bb9.jpg,95.00006400000001,True,0.8507533073425293
cdcd86f93.jpg,13.999872,True,0.4274039566516876
cdd0d02c6.jpg,74.999808,True,0.8833900094032288
cdd0d02c6.jpg,152.000256,True,0.9323527812957764
cdd0d02c6.jpg,15.999744,True,0.15875057876110077
ce0f3a682.jpg,28.99968,True,0.24528859555721283
ce1186235.jpg,249.00019199999997,True,0.8472330570220947
ce4f8cffc.jpg,12.0,True,0.3230527639389038
ce536a86a.jpg,15.999744,True,0.2758461833000183
ce597fbd7.jpg,8.000256,False,0.0
ce597fbd7.jpg,25.999872000000003,True,0.6658615469932556
ce597fbd7.jpg,22.000128,True,0.758857786655426
ce597fbd7.jpg,7.00032,False,0.0
ce597fbd7.jpg,18.000384,True,0.5107276439666748
ce597fbd7.jpg,18.000384,True,0.19389037787914276
ce597fbd7.jpg,19.000320000000002,True,0.7337843775749207
ce5f2ee8f.jpg,16.999679999999998,True,0.25656095147132874
ce5f2ee8f.jpg,9.000192,True,0.376197874546051
ce6610063.jpg,15.999744,False,0.0
ce671f28d.jpg,29.999616,True,0.12258073687553406
ce7a0f083.jpg,14.999808,True,0.5233087539672852
ce825caad.jpg,18.000384,True,0.3892838656902313
ce8db8532.jpg,200.000256,True,0.8487241864204407
ce8e6fa68.jpg,24.999935999999998,True,0.5832923650741577
ce9c8585d.jpg,38.999808,True,0.8083717823028564
cee77050f.jpg,43.00032,True,0.8516727089881897
cee77050f.jpg,46.000128,True,0.789871335029602
cee77050f.jpg,43.00032,True,0.8408693075180054
cee77050f.jpg,46.000128,True,0.8551796078681946
cf342a5c9.jpg,25.999872000000003,True,0.6385461688041687
cf342a5c9.jpg,55.00032,True,0.3961792588233948
cf342a5c9.jpg,114.000384,True,0.13625825941562653
cf493fcb5.jpg,15.999744,False,0.0
cf493fcb5.jpg,107.00006400000001,True,0.622889518737793
cf493fcb5.jpg,32.000256,False,0.0
cf493fcb5.jpg,18.000384,False,0.0
cf5dee855.jpg,35.000064,False,0.0
cf7cec252.jpg,11.000064,False,0.0
cf8ded8fb.jpg,289.999872,True,0.8552621006965637
cf8ded8fb.jpg,139.00032000000002,True,0.9325580596923828
cf9fcd6b8.jpg,15.999744,True,0.36716169118881226
cf9fcd6b8.jpg,15.999744,True,0.28886678814888
cfb6c473e.jpg,177.000192,True,0.892325758934021
cfbaa3622.jpg,5.9996160000000005,False,0.0
cfbaa3622.jpg,10.000128,True,0.6556322574615479
cfbde7b02.jpg,8.000256,True,0.3770754933357239
cfbde7b02.jpg,10.000128,True,0.4691077768802643
cfc01b72c.jpg,7.00032,False,0.0
cfc01b72c.jpg,8.000256,False,0.0
cfc47dc7f.jpg,40.99968,True,0.9052908420562744
cfc60a388.jpg,10.000128,True,0.16534651815891266
cfd05d1c9.jpg,152.000256,True,0.8984187841415405
cfd639214.jpg,80.000256,True,0.5809049606323242
cfd64576f.jpg,201.00019199999997,True,0.9043150544166565
cfd64576f.jpg,70.000128,True,0.8494237065315247
cfef40c5a.jpg,15.999744,False,0.0
cfef40c5a.jpg,15.999744,False,0.0
d01a36aa9.jpg,156.0,True,0.8728419542312622
d035102d9.jpg,60.999936,True,0.7233700156211853
d035102d9.jpg,16.999679999999998,True,0.39549699425697327
d035102d9.jpg,64.99968,True,0.7933462262153625
d035102d9.jpg,20.000256,True,0.6081509590148926
d035102d9.jpg,47.000064,True,0.44403839111328125
d049e596b.jpg,235.00032,True,0.8955327272415161
d06bd19ff.jpg,22.000128,True,0.7807798385620117
d0880713c.jpg,100.99967999999998,True,0.8429409861564636
d0880713c.jpg,110.999808,True,0.8454042077064514
d09408af3.jpg,9.000192,False,0.0
d09408af3.jpg,9.000192,False,0.0
d09408af3.jpg,11.000064,False,0.0
d09408af3.jpg,10.000128,False,0.0
d09408af3.jpg,9.000192,False,0.0
d09408af3.jpg,8.000256,False,0.0
d09408af3.jpg,10.000128,False,0.0
d09408af3.jpg,9.000192,False,0.0
d09408af3.jpg,10.000128,False,0.0
d09408af3.jpg,9.000192,False,0.0
d09408af3.jpg,10.000128,True,0.060228969901800156
d09408af3.jpg,10.000128,False,0.0
d0a3fabc4.jpg,15.999744,True,0.49101021885871887
d0d987446.jpg,158.999808,True,0.8886539340019226
d0f378ac4.jpg,72.99993599999999,True,0.5163906216621399
d0f378ac4.jpg,52.99968,True,0.846960186958313
d1096c791.jpg,12.999936000000002,True,0.14822156727313995
d1165f6ca.jpg,171.999744,True,0.8987985253334045
d1165f6ca.jpg,220.99968,True,0.9032036662101746
d127ffe86.jpg,20.000256,True,0.5977843403816223
d127ffe86.jpg,16.999679999999998,True,0.6131417751312256
d127ffe86.jpg,12.0,True,0.38573750853538513
d127ffe86.jpg,22.000128,False,0.0
d127ffe86.jpg,48.999936,True,0.8324740529060364
d127ffe86.jpg,22.000128,True,0.28074702620506287
d127ffe86.jpg,14.999808,True,0.46726861596107483
d127ffe86.jpg,18.000384,True,0.6435975432395935
d127ffe86.jpg,20.000256,True,0.6973782777786255
d127ffe86.jpg,14.999808,True,0.5971801280975342
d127ffe86.jpg,13.999872,True,0.05331794172525406
d127ffe86.jpg,24.0,True,0.46028998494148254
d155d157d.jpg,9.000192,False,0.0
d16380420.jpg,68.000256,True,0.8223073482513428
d1688771a.jpg,22.000128,True,0.5822726488113403
d1688771a.jpg,27.999744,True,0.11704523861408234
d1688771a.jpg,72.99993599999999,True,0.8708083033561707
d1688771a.jpg,82.000128,True,0.8365068435668945
d1688771a.jpg,13.999872,False,0.0
d16d73c39.jpg,153.000192,True,0.9491487741470337
d18d8c6e1.jpg,8.000256,False,0.0
d19239cbd.jpg,64.99968,True,0.830527126789093
d19239cbd.jpg,239.00006399999998,True,0.9390357136726379
d1badb0bc.jpg,168.0,True,0.8414961695671082
d1cf8047a.jpg,85.999872,True,0.5387890338897705
d1cf8047a.jpg,69.000192,True,0.7243922352790833
d1cf8047a.jpg,69.000192,True,0.8204118609428406
d1cf8047a.jpg,76.99968,True,0.7803502678871155
d1e2feb78.jpg,8.000256,False,0.0
d1e2feb78.jpg,20.000256,True,0.31294333934783936
d1e7d5121.jpg,389.99961600000006,True,0.9330391883850098
d1f4649a8.jpg,35.000064,False,0.0
d207a3b38.jpg,51.99974400000001,True,0.5038365721702576
d207a3b38.jpg,24.999935999999998,True,0.3236251175403595
d207a3b38.jpg,25.999872000000003,True,0.30347591638565063
d207a3b38.jpg,40.99968,True,0.21601340174674988
d207a3b38.jpg,92.000256,True,0.7200431227684021
d20b85754.jpg,266.99980800000003,True,0.9346029162406921
d21b2fcef.jpg,11.000064,True,0.05340046435594559
d21b2fcef.jpg,9.000192,False,0.0
d21d19455.jpg,248.000256,True,0.9408802390098572
d233c8e26.jpg,28.99968,True,0.5608845949172974
d248d957d.jpg,151.00032000000002,True,0.9130384922027588
d25bc545f.jpg,24.0,False,0.0
d25bc545f.jpg,121.999872,True,0.9124268293380737
d25bc545f.jpg,67.00032,True,0.7770818471908569
d25c0ae94.jpg,35.000064,False,0.0
d2606f085.jpg,24.999935999999998,True,0.7898737192153931
d2918b312.jpg,12.999936000000002,True,0.053480248898267746
d297b2a96.jpg,20.000256,True,0.520323634147644
d297b2a96.jpg,18.000384,True,0.3979756534099579
d297b2a96.jpg,67.00032,True,0.5951434969902039
d297b2a96.jpg,23.000064,True,0.17375417053699493
d297b2a96.jpg,66.000384,True,0.6815633773803711
d297b2a96.jpg,66.000384,True,0.5802733302116394
d297b2a96.jpg,62.999808,True,0.8168525099754333
d297b2a96.jpg,60.999936,True,0.6834607720375061
d297b2a96.jpg,60.0,True,0.7521122097969055
d2a2e625e.jpg,35.000064,True,0.7527251243591309
d2a2e625e.jpg,23.000064,True,0.4367661774158478
d2a2e625e.jpg,24.0,True,0.5672496557235718
d2add8e1b.jpg,36.0,True,0.43035539984703064
d2ae3203b.jpg,190.00012800000002,True,0.8038487434387207
d2b0a6a9b.jpg,72.0,True,0.8209630846977234
d2b0a6a9b.jpg,96.0,True,0.8802239298820496
d2c5b7ffc.jpg,214.00012800000002,True,0.9004976153373718
d2e871f1c.jpg,265.999872,True,0.46037131547927856
d2e871f1c.jpg,156.999936,True,0.728355884552002
d2e871f1c.jpg,168.999936,True,0.7096497416496277
d30f0e444.jpg,68.000256,True,0.6838682889938354
d31493201.jpg,15.999744,True,0.365960955619812
d31493201.jpg,48.999936,True,0.43567126989364624
d31578c2e.jpg,15.999744,True,0.16883660852909088
d3200f957.jpg,15.999744,True,0.5584782958030701
d3200f957.jpg,21.000192,True,0.056892476975917816
d3200f957.jpg,24.999935999999998,True,0.5928540229797363
d3200f957.jpg,13.999872,True,0.43175190687179565
d3200f957.jpg,14.999808,True,0.5473144054412842
d3200f957.jpg,14.999808,True,0.5764849185943604
d3200f957.jpg,21.000192,True,0.49745550751686096
d320ac3c7.jpg,248.000256,True,0.9393461346626282
d33046bfd.jpg,36.0,True,0.7771821618080139
d33e79d0b.jpg,48.999936,True,0.6100093126296997
d3426de05.jpg,276.0,True,0.868948221206665
d345a3a9d.jpg,12.999936000000002,True,0.11215575784444809
d35808bb6.jpg,48.0,True,0.3956310451030731
d35808bb6.jpg,88.99968,True,0.6262237429618835
d35808bb6.jpg,105.000192,True,0.866355836391449
d3a2d2f2a.jpg,42.000384,True,0.7527614235877991
d3a2d2f2a.jpg,31.00032,True,0.08582077920436859
d3a2d2f2a.jpg,51.99974400000001,True,0.7506816983222961
d3a2d2f2a.jpg,19.000320000000002,True,0.46997278928756714
d3a2d2f2a.jpg,12.999936000000002,False,0.0
d3a2d2f2a.jpg,24.999935999999998,True,0.16228686273097992
d3a2d2f2a.jpg,118.000128,True,0.790479302406311
d3a671bb8.jpg,70.000128,True,0.8471328020095825
d3cff70e3.jpg,64.99968,True,0.8181380033493042
d3d9b9eb1.jpg,18.000384,True,0.2571796178817749
d3e1d8f8b.jpg,92.000256,True,0.8946448564529419
d3f3e2a6c.jpg,11.000064,True,0.5454500317573547
d3f5dcaa1.jpg,140.000256,True,0.8648194074630737
d41a86c8c.jpg,12.999936000000002,True,0.3523016571998596
d42f72387.jpg,42.000384,True,0.8298901319503784
d42f72387.jpg,12.999936000000002,True,0.05024256929755211
d42f72387.jpg,14.999808,True,0.3623960614204407
d439f2c12.jpg,83.00006400000001,True,0.8116458058357239
d439f2c12.jpg,26.999808,False,0.0
d4410c548.jpg,20.000256,True,0.5384836196899414
d458ed93a.jpg,23.000064,True,0.3734314441680908
d459530b9.jpg,152.000256,True,0.7350298762321472
d45c69e55.jpg,81.000192,True,0.7797853350639343
d45c69e55.jpg,200.000256,True,0.8587971925735474
d49f98f25.jpg,51.99974400000001,True,0.8461256623268127
d4a67f6aa.jpg,160.99967999999998,True,0.8929970264434814
d4b10112b.jpg,5.9996160000000005,False,0.0
d4b2c7df1.jpg,95.00006400000001,True,0.8739823698997498
d4b2c7df1.jpg,74.999808,True,0.8816757798194885
d4c673a1a.jpg,83.00006400000001,True,0.7110999226570129
d4c673a1a.jpg,69.000192,True,0.7462033033370972
d4cbb37c1.jpg,231.999744,True,0.9117570519447327
d4d1cd099.jpg,83.00006400000001,True,0.8735897541046143
d4d26f700.jpg,160.99967999999998,True,0.8902831077575684
d4d776488.jpg,22.000128,True,0.22560597956180573
d4efd2ff1.jpg,186.000384,True,0.8528035283088684
d4fbc6c42.jpg,215.00006399999998,True,0.9121906161308289
d51353c8c.jpg,75.999744,True,0.7973067760467529
d53802e85.jpg,139.00032000000002,True,0.8990719318389893
d538c8b58.jpg,39.999744,True,0.5729771852493286
d538c8b58.jpg,10.000128,False,0.0
d538c8b58.jpg,23.000064,False,0.0
d538c8b58.jpg,33.000192,True,0.7710909247398376
d53b3b4f7.jpg,63.99974400000001,True,0.4533950388431549
d54485dae.jpg,35.000064,True,0.5798647999763489
d54882ad6.jpg,86.999808,True,0.8421375751495361
d55291fa8.jpg,50.999808,True,0.7369478940963745
d5544b1e8.jpg,15.999744,False,0.0
d568197d7.jpg,69.000192,True,0.815253496170044
d56e15f1e.jpg,26.999808,False,0.0
d584b67e8.jpg,33.000192,True,0.6437796354293823
d584b67e8.jpg,29.999616,True,0.5103225111961365
d584b67e8.jpg,27.999744,True,0.3265630900859833
d584b67e8.jpg,28.99968,True,0.48885196447372437
d584b67e8.jpg,23.000064,True,0.5153695940971375
d584b67e8.jpg,21.000192,True,0.15743675827980042
d584b67e8.jpg,31.00032,True,0.4884986877441406
d58aaa156.jpg,12.0,True,0.3476170301437378
d58aaa156.jpg,10.000128,False,0.0
d58aaa156.jpg,10.000128,False,0.0
d5a1b5d87.jpg,171.999744,True,0.9208869934082031
d5b4ddf7e.jpg,33.000192,True,0.18566672503948212
d5cbb1ffa.jpg,10.000128,True,0.6421071290969849
d5e62709e.jpg,13.999872,True,0.10685872286558151
d5e62709e.jpg,12.999936000000002,False,0.0
d5e62709e.jpg,13.999872,False,0.0
d5e62709e.jpg,16.999679999999998,True,0.3594750463962555
d5e62709e.jpg,20.000256,True,0.19965964555740356
d5e62709e.jpg,16.999679999999998,True,0.2142375409603119
d5e62709e.jpg,18.000384,False,0.0
d601d1bd7.jpg,24.999935999999998,True,0.5290194749832153
d601d1bd7.jpg,139.00032000000002,True,0.7986460328102112
d61c69b5d.jpg,238.00012800000002,True,0.9445801973342896
d629473c8.jpg,129.000192,True,0.8631871342658997
d62e79403.jpg,88.99968,True,0.871115505695343
d63134c57.jpg,20.000256,False,0.0
d63134c57.jpg,26.999808,False,0.0
d63134c57.jpg,15.999744,False,0.0
d63134c57.jpg,16.999679999999998,True,0.09186632186174393
d63d5a195.jpg,105.000192,True,0.8451581597328186
d63d5a195.jpg,122.999808,True,0.8546197414398193
d658180e6.jpg,162.000384,True,0.8007871508598328
d65ebcc15.jpg,47.000064,True,0.6853153705596924
d65ebcc15.jpg,35.000064,True,0.7529774308204651
d65ebcc15.jpg,47.000064,True,0.8343430161476135
d65ebcc15.jpg,47.000064,True,0.41935697197914124
d65ebcc15.jpg,46.000128,True,0.7503323554992676
d65ebcc15.jpg,45.000192,True,0.8405568599700928
d671e0676.jpg,31.00032,True,0.6891401410102844
d671e0676.jpg,64.99968,True,0.7847200036048889
d671e0676.jpg,91.00032,True,0.8552042841911316
d671e0676.jpg,59.000064,True,0.8064452409744263
d673af73e.jpg,50.999808,True,0.8239545822143555
d673af73e.jpg,16.999679999999998,True,0.2045593559741974
d67d144f8.jpg,9.000192,False,0.0
d6aba2316.jpg,156.999936,True,0.919343113899231
d6aba2316.jpg,155.000064,True,0.8339529633522034
d6aba2316.jpg,67.00032,True,0.8442015647888184
d6aba2316.jpg,133.99987199999998,True,0.8896304965019226
d6b59d78d.jpg,9.000192,False,0.0
d6b59d78d.jpg,43.00032,True,0.2906759977340698
d6b59d78d.jpg,21.000192,True,0.5265878438949585
d6b59d78d.jpg,31.00032,False,0.0
d6b59d78d.jpg,12.999936000000002,False,0.0
d6b59d78d.jpg,37.999872,True,0.3848875164985657
d6c509605.jpg,64.99968,True,0.8405696749687195
d6c509605.jpg,68.000256,True,0.8735389709472656
d6c509605.jpg,20.000256,False,0.0
d6c509605.jpg,25.999872000000003,True,0.24711839854717255
d6c509605.jpg,56.00025599999999,True,0.7525866031646729
d6c509605.jpg,38.999808,False,0.0
d6c509605.jpg,19.000320000000002,True,0.36540570855140686
d6c509605.jpg,58.000128000000004,True,0.8006845712661743
d6d014ce6.jpg,16.999679999999998,False,0.0
d6d014ce6.jpg,35.000064,True,0.6520075798034668
d6d014ce6.jpg,71.00006400000001,True,0.8660458922386169
d6d014ce6.jpg,84.0,True,0.8825640678405762
d6d5b3a3a.jpg,72.0,True,0.8109760284423828
d6d5b3a3a.jpg,181.99987199999998,True,0.8818973898887634
d6e39424d.jpg,108.99993599999999,True,0.8787979483604431
d6e747951.jpg,156.0,True,0.8723086714744568
d6f4a1e1c.jpg,27.999744,True,0.5355322957038879
d6f4a1e1c.jpg,80.000256,True,0.8222610950469971
d6f904887.jpg,44.000256,True,0.7586368918418884
d70582b99.jpg,109.999872,True,0.766791045665741
d70582b99.jpg,24.999935999999998,True,0.493191659450531
d70582b99.jpg,27.999744,True,0.1938209980726242
d7148ea82.jpg,13.999872,True,0.31579408049583435
d7148ea82.jpg,75.999744,True,0.8121095895767212
d71ecae92.jpg,86.999808,True,0.654956579208374
d74430258.jpg,9.000192,False,0.0
d74a679af.jpg,15.999744,True,0.42267492413520813
d78ae1183.jpg,19.000320000000002,True,0.28518158197402954
d78ae1183.jpg,20.000256,True,0.09171585738658905
d78dc391a.jpg,22.000128,True,0.09469503164291382
d78f1b0fc.jpg,12.999936000000002,True,0.356677383184433
d7a9c46b5.jpg,191.000064,True,0.8578106760978699
d7bc33409.jpg,182.999808,True,0.9010398387908936
d7bc33409.jpg,52.99968,True,0.6953679323196411
d7bed5c3c.jpg,36.999936,True,0.5701374411582947
d7d7a0d82.jpg,15.999744,True,0.5391740798950195
d7d7a0d82.jpg,13.999872,True,0.7401926517486572
d7da8d2eb.jpg,10.000128,True,0.14102903008460999
d7dab24b9.jpg,14.999808,False,0.0
d7f59157e.jpg,193.99987199999998,True,0.820764422416687
d8014d408.jpg,73.999872,True,0.8582642674446106
d8014d408.jpg,118.000128,True,0.8738923668861389
d817f8a5e.jpg,14.999808,True,0.43414953351020813
d817f8a5e.jpg,5.9996160000000005,False,0.0
d818faec7.jpg,21.000192,True,0.27175137400627136
d830995c0.jpg,90.000384,True,0.7584720253944397
d830995c0.jpg,21.000192,True,0.22462932765483856
d84dcbec7.jpg,147.999744,True,0.9259532690048218
d873b61c4.jpg,14.999808,True,0.2063961625099182
d885a0cfa.jpg,23.000064,False,0.0
d885a0cfa.jpg,67.00032,True,0.8257034420967102
d8932f238.jpg,26.999808,True,0.635720431804657
d8932f238.jpg,50.999808,True,0.850987434387207
d89781c4f.jpg,19.000320000000002,True,0.4390672445297241
d89781c4f.jpg,13.999872,True,0.31339165568351746
d8aaa8906.jpg,127.00032000000002,True,0.8839218020439148
d8bece921.jpg,62.999808,True,0.8278310894966125
d8cd22a93.jpg,55.00032,True,0.7051954865455627
d8cd22a93.jpg,121.999872,True,0.8855503797531128
d8cd22a93.jpg,86.999808,True,0.8448424339294434
d8d932cc9.jpg,36.999936,True,0.06013983488082886
d8e1291a9.jpg,23.000064,False,0.0
d8f2d724d.jpg,63.99974400000001,True,0.8681198954582214
d90ee92a7.jpg,186.000384,True,0.920153796672821
d90ee92a7.jpg,72.99993599999999,True,0.8566690683364868
d90ee92a7.jpg,14.999808,False,0.0
d90ee92a7.jpg,11.000064,False,0.0
d90fea18e.jpg,91.00032,True,0.8689506649971008
d90fea18e.jpg,10.000128,True,0.4322001039981842
d90fea18e.jpg,74.999808,True,0.8113261461257935
d91bbf2a5.jpg,100.99967999999998,True,0.8625203371047974
d91cd539d.jpg,98.999808,True,0.8609700202941895
d91cd539d.jpg,24.999935999999998,True,0.3386908769607544
d91cd539d.jpg,40.99968,True,0.22527527809143066
d91cd539d.jpg,51.99974400000001,True,0.5050674080848694
d93f8afa8.jpg,23.000064,True,0.23831970989704132
d94a9fb03.jpg,16.999679999999998,True,0.49065926671028137
d9647123f.jpg,183.999744,True,0.8209571838378906
d9762ef5e.jpg,11.000064,True,0.12312355637550354
d9762ef5e.jpg,24.999935999999998,True,0.4951843321323395
d9762ef5e.jpg,28.99968,True,0.21020174026489258
d9762ef5e.jpg,18.000384,True,0.1860688477754593
d9762ef5e.jpg,29.999616,True,0.4968471825122833
d9762ef5e.jpg,9.000192,True,0.34885722398757935
d9762ef5e.jpg,22.000128,False,0.0
d9762ef5e.jpg,29.999616,True,0.34073665738105774
d9762ef5e.jpg,5.9996160000000005,False,0.0
d9762ef5e.jpg,22.000128,True,0.4176790714263916
d9762ef5e.jpg,24.999935999999998,True,0.6328478455543518
d9762ef5e.jpg,24.999935999999998,True,0.15187199413776398
d97c3853b.jpg,63.99974400000001,True,0.8342116475105286
d993d97f0.jpg,169.99987199999998,True,0.8897733688354492
d993d97f0.jpg,66.000384,True,0.7604502439498901
d999fb7eb.jpg,67.00032,True,0.7495943307876587
d9aeca52a.jpg,104.00025600000001,True,0.842441201210022
d9b0b05ae.jpg,168.0,True,0.898611843585968
d9c413612.jpg,42.000384,True,0.43541544675827026
d9c413612.jpg,37.999872,True,0.6671051383018494
d9eb952db.jpg,48.999936,True,0.41766226291656494
d9eb952db.jpg,109.999872,True,0.6514112949371338
d9eb952db.jpg,72.0,True,0.7652968168258667
d9eb952db.jpg,72.0,True,0.5768876671791077
da01be553.jpg,134.999808,True,0.7491880655288696
da01be553.jpg,82.000128,True,0.7624243497848511
da05d9552.jpg,42.000384,True,0.7159663438796997
da3d9ff9a.jpg,82.000128,True,0.8360042572021484
da3f2296d.jpg,229.99987199999998,True,0.8812481164932251
da5b2b43e.jpg,57.000192,True,0.5512368679046631
da5e01c72.jpg,183.999744,True,0.9086527824401855
da7127fce.jpg,166.00012800000002,True,0.9000798463821411
dac3a1dc7.jpg,26.999808,True,0.15871421992778778
daf6d488b.jpg,94.000128,True,0.9289803504943848
db14ea67b.jpg,184.99967999999998,True,0.7999853491783142
db323e181.jpg,76.99968,True,0.8547950983047485
db332a9bf.jpg,124.99967999999998,True,0.44246429204940796
db332a9bf.jpg,68.000256,True,0.5231521129608154
db51d5637.jpg,26.999808,True,0.6783334016799927
db5eb5b52.jpg,24.0,False,0.0
db703d95b.jpg,27.999744,False,0.0
db80451ad.jpg,56.00025599999999,True,0.6206117272377014
db80451ad.jpg,49.999871999999996,True,0.5697834491729736
db80451ad.jpg,19.000320000000002,True,0.63158118724823
db80451ad.jpg,35.000064,True,0.6627759337425232
db90af1ba.jpg,51.99974400000001,True,0.7039365768432617
db90af1ba.jpg,40.99968,True,0.4078425467014313
db94b0c65.jpg,18.000384,True,0.28269264101982117
dba4b574c.jpg,12.999936000000002,True,0.1112014651298523
dba4b574c.jpg,10.000128,False,0.0
dba4b574c.jpg,13.999872,False,0.0
dba4b574c.jpg,12.0,False,0.0
dba4b574c.jpg,57.000192,True,0.7174582481384277
dbb68029a.jpg,48.999936,True,0.5871217250823975
dbc29fe5e.jpg,19.000320000000002,True,0.6475310325622559
dbc7efc5f.jpg,53.999616,True,0.7831173539161682
dbc7efc5f.jpg,55.00032,True,0.781193733215332
dbea9bce8.jpg,24.999935999999998,True,0.6155436038970947
dbf31d0bf.jpg,11.000064,True,0.28899434208869934
dbf49f532.jpg,14.999808,True,0.16015851497650146
dc0f4e884.jpg,76.99968,True,0.8534712791442871
dc0f4e884.jpg,36.999936,True,0.753480851650238
dc181b406.jpg,48.999936,True,0.6792264580726624
dc1cec72f.jpg,86.999808,True,0.7665702104568481
dc1f0561b.jpg,10.000128,True,0.09159702062606812
dc1f0561b.jpg,8.000256,True,0.28453677892684937
dc24140d7.jpg,18.000384,False,0.0
dc2e7650e.jpg,135.999744,True,0.9169905185699463
dc45a7d7d.jpg,27.999744,True,0.5175654292106628
dc45a7d7d.jpg,34.000128,True,0.5214342474937439
dc4ee69ba.jpg,90.000384,True,0.8582682013511658
dc6adaf6b.jpg,145.99987199999998,True,0.90288907289505
dc6adaf6b.jpg,9.000192,True,0.26677846908569336
dc6adaf6b.jpg,95.00006400000001,True,0.8955972194671631
dc6adaf6b.jpg,90.000384,True,0.9314225912094116
dc6adaf6b.jpg,97.999872,True,0.8808664083480835
dc70dac80.jpg,8.000256,True,0.5247588157653809
dc70dac80.jpg,40.99968,False,0.0
dc74e1bd7.jpg,12.0,True,0.09780991077423096
dc74e1bd7.jpg,12.999936000000002,True,0.15119239687919617
dc88648bc.jpg,83.00006400000001,True,0.9034417271614075
dc9918631.jpg,18.000384,True,0.4645423889160156
dc9de6e70.jpg,4.99968,True,0.1831704080104828
dcbd287ff.jpg,22.000128,True,0.48993971943855286
dcbd287ff.jpg,29.999616,False,0.0
dcbd287ff.jpg,71.00006400000001,True,0.7811406850814819
dcbd287ff.jpg,44.000256,True,0.6564170122146606
dcbd287ff.jpg,74.999808,True,0.8168482184410095
dcbd287ff.jpg,20.000256,True,0.37514886260032654
dcbd287ff.jpg,75.999744,True,0.8032799363136292
dcbd287ff.jpg,25.999872000000003,False,0.0
dcc648d23.jpg,25.999872000000003,True,0.5214087963104248
dcc9d356f.jpg,14.999808,True,0.36395081877708435
dcc9d356f.jpg,158.999808,True,0.8616682291030884
dcc9d356f.jpg,112.99967999999998,True,0.8930778503417969
dcc9d356f.jpg,72.99993599999999,True,0.8323616981506348
dcc9d356f.jpg,57.000192,False,0.0
dcc9d356f.jpg,145.99987199999998,True,0.8762295246124268
dce120eb0.jpg,94.000128,True,0.87840336561203
dce184f9f.jpg,7.00032,False,0.0
dce4124de.jpg,58.000128000000004,True,0.8729576468467712
dce4124de.jpg,98.999808,True,0.8932487368583679
dcecb5848.jpg,24.999935999999998,True,0.11185767501592636
dcee40e39.jpg,16.999679999999998,True,0.38291701674461365
dd0c48486.jpg,85.999872,True,0.9012175798416138
dd0c48486.jpg,70.000128,True,0.8396331667900085
dd11c75d4.jpg,15.999744,True,0.16165322065353394
dd3611765.jpg,35.000064,False,0.0
dd3611765.jpg,4.99968,False,0.0
dd3a40a04.jpg,99.99974399999999,True,0.8113095164299011
dd3d81dcc.jpg,18.000384,True,0.2669551968574524
dd3d81dcc.jpg,166.00012800000002,True,0.9282135963439941
dd4786821.jpg,10.000128,True,0.33015257120132446
dd4786821.jpg,8.000256,True,0.36300912499427795
dd4786821.jpg,5.9996160000000005,True,0.13819652795791626
dd4a6d82e.jpg,158.999808,True,0.8518361449241638
dd5aefa8e.jpg,28.99968,True,0.7702386975288391
dd5aefa8e.jpg,33.000192,True,0.7110934257507324
dd5aefa8e.jpg,28.99968,True,0.7154028415679932
dd602e79c.jpg,132.999936,True,0.8845500349998474
dd751efd2.jpg,95.00006400000001,True,0.873558521270752
dd751efd2.jpg,74.999808,True,0.8769763708114624
dd7a0bae9.jpg,25.999872000000003,True,0.6612537503242493
dd7a0bae9.jpg,23.000064,True,0.6842147707939148
dd87389b5.jpg,7.00032,True,0.28028354048728943
dd87389b5.jpg,8.000256,True,0.36807823181152344
dd87389b5.jpg,5.9996160000000005,False,0.0
dd8a7ae86.jpg,97.999872,True,0.8932923078536987
dd9316d80.jpg,69.000192,True,0.8110964894294739
dd95e4912.jpg,391.00032,True,0.9412741661071777
dd98989f9.jpg,33.000192,True,0.701980471611023
dd9c62eb1.jpg,53.999616,True,0.7710734009742737
dd9c62eb1.jpg,44.000256,True,0.8062219619750977
dd9c62eb1.jpg,40.99968,True,0.8129337430000305
dd9c62eb1.jpg,42.000384,True,0.7866004109382629
dd9c62eb1.jpg,40.99968,True,0.759606659412384
dd9c62eb1.jpg,47.000064,True,0.19487889111042023
dd9c62eb1.jpg,43.00032,True,0.7718851566314697
dd9c62eb1.jpg,12.0,False,0.0
dd9c62eb1.jpg,19.000320000000002,True,0.42004308104515076
ddb836e4c.jpg,144.999936,True,0.7943193316459656
dddc57439.jpg,153.000192,True,0.9172636270523071
ddfd9a43f.jpg,215.00006399999998,True,0.8254655599594116
ddfd9a43f.jpg,182.999808,True,0.7783817052841187
de13169f6.jpg,19.000320000000002,False,0.0
de2bc8558.jpg,196.99968,True,0.9247621297836304
de729d58d.jpg,10.000128,False,0.0
de729d58d.jpg,12.999936000000002,True,0.11670953780412674
de729d58d.jpg,12.0,False,0.0
de83256f0.jpg,74.999808,True,0.8381984829902649
de93b8c30.jpg,36.0,True,0.694742739200592
de93b8c30.jpg,75.999744,True,0.8460806012153625
de93b8c30.jpg,36.0,True,0.7276822328567505
dea844684.jpg,23.000064,True,0.0673847496509552
deb4f38c4.jpg,77.999616,True,0.8924221992492676
deb4f38c4.jpg,70.000128,True,0.8616991639137268
deb4f38c4.jpg,16.999679999999998,True,0.29530027508735657
deb4f38c4.jpg,87.999744,True,0.8978776931762695
deb7cf470.jpg,14.999808,True,0.3876667618751526
dec41d40e.jpg,109.999872,True,0.8407675623893738
dec41d40e.jpg,40.99968,True,0.8230687975883484
dec41d40e.jpg,92.000256,True,0.682492196559906
dec4b32bd.jpg,66.000384,True,0.8431846499443054
dec4b32bd.jpg,21.000192,True,0.5604328513145447
decd87781.jpg,261.00019199999997,True,0.9182000756263733
decf64180.jpg,18.000384,True,0.24661946296691895
decf64180.jpg,84.0,True,0.7240213751792908
decf64180.jpg,80.000256,True,0.8051110506057739
decf64180.jpg,83.00006400000001,True,0.8500245213508606
decf64180.jpg,59.000064,True,0.633622407913208
dee1b7bcd.jpg,7.00032,False,0.0
def8e62ff.jpg,144.0,True,0.8790711164474487
defc68332.jpg,24.0,True,0.1664624661207199
df309259f.jpg,29.999616,True,0.6230530738830566
df57d6555.jpg,11.000064,True,0.32579952478408813
df57d6555.jpg,11.000064,True,0.3565814197063446
df67b338e.jpg,118.000128,True,0.712924599647522
df9631438.jpg,32.000256,True,0.6261368989944458
df9631438.jpg,34.000128,False,0.0
dfa746e2c.jpg,11.000064,True,0.3731410503387451
dfa746e2c.jpg,10.000128,True,0.5410845279693604
dfb87866b.jpg,144.999936,True,0.9316887855529785
dfbe7e394.jpg,16.999679999999998,True,0.2629580795764923
dfc497a7c.jpg,107.00006400000001,True,0.9169227480888367
dfcd53bd6.jpg,21.000192,True,0.43436309695243835
dfcd53bd6.jpg,31.00032,True,0.5253131985664368
dfcf9539e.jpg,29.999616,True,0.08081226050853729
dfd14645c.jpg,8.000256,True,0.09119259566068649
dfe9ee27b.jpg,72.99993599999999,True,0.8227158188819885
dfebd6a6d.jpg,10.000128,False,0.0
dff287a9f.jpg,208.99968,True,0.9083338975906372
dff287a9f.jpg,96.0,True,0.7115857005119324
dff90a71e.jpg,207.999744,True,0.8937407732009888
e0031bf86.jpg,24.0,False,0.0
e00b26d45.jpg,8.000256,False,0.0
e00b26d45.jpg,66.000384,True,0.8044549822807312
e00b26d45.jpg,7.00032,True,0.3325558006763458
e019e8599.jpg,23.000064,False,0.0
e019e8599.jpg,23.000064,False,0.0
e01e15b11.jpg,159.999744,True,0.9022331237792969
e01ed6240.jpg,132.999936,True,0.8761327862739563
e01ed6240.jpg,93.000192,True,0.8217008113861084
e03d17003.jpg,183.999744,True,0.5708556771278381
e04022899.jpg,90.000384,True,0.8745172023773193
e04158da1.jpg,62.999808,True,0.4283939301967621
e04158da1.jpg,37.999872,True,0.5233004689216614
e04158da1.jpg,85.999872,True,0.5656335949897766
e05d0385a.jpg,7.00032,False,0.0
e06ff97ef.jpg,33.000192,True,0.5385528802871704
e08b6a633.jpg,72.0,True,0.8536003232002258
e0a7cfcae.jpg,160.99967999999998,True,0.8819277882575989
e0adf0993.jpg,85.999872,True,0.8324772715568542
e0b35ff5c.jpg,92.000256,True,0.5986166596412659
e0b35ff5c.jpg,44.000256,True,0.7708268761634827
e0b35ff5c.jpg,38.999808,True,0.8579625487327576
e0b35ff5c.jpg,33.000192,True,0.7731320261955261
e0b35ff5c.jpg,28.99968,True,0.5119683742523193
e0c25beb6.jpg,110.999808,True,0.09331569075584412
e0c25beb6.jpg,192.0,True,0.4253508448600769
e0c25beb6.jpg,12.0,True,0.11247014254331589
e0c25beb6.jpg,192.99993600000002,True,0.7313337326049805
e0d71d52d.jpg,76.99968,True,0.8357892632484436
e0e5aee91.jpg,34.000128,True,0.7253040671348572
e0e5aee91.jpg,33.000192,True,0.7226619720458984
e0e5aee91.jpg,34.000128,True,0.795453667640686
e0ef84d33.jpg,94.000128,True,0.8457304239273071
e0f916574.jpg,9.000192,True,0.4747734069824219
e0f916574.jpg,7.00032,True,0.45699283480644226
e0f916574.jpg,8.000256,True,0.2870427072048187
e0f916574.jpg,9.000192,True,0.10302786529064178
e0f916574.jpg,8.000256,True,0.15010473132133484
e0f916574.jpg,4.99968,False,0.0
e0f916574.jpg,3.9997439999999997,False,0.0
e10b4d0ae.jpg,22.000128,True,0.5624452233314514
e12065e8d.jpg,43.00032,True,0.8253190517425537
e12065e8d.jpg,38.999808,True,0.8380847573280334
e12065e8d.jpg,62.999808,True,0.8867106437683105
e12065e8d.jpg,48.999936,True,0.8819752931594849
e12065e8d.jpg,40.99968,True,0.8414540886878967
e12065e8d.jpg,21.000192,True,0.10829661041498184
e12065e8d.jpg,55.00032,True,0.9207249283790588
e12ed31b2.jpg,76.99968,True,0.8209695816040039
e13ddafbf.jpg,34.000128,True,0.6611362099647522
e13ddafbf.jpg,28.99968,True,0.38792872428894043
e13ddafbf.jpg,25.999872000000003,True,0.10156385600566864
e13ddafbf.jpg,57.000192,True,0.8660682439804077
e14193d38.jpg,77.999616,True,0.852188766002655
e15bf18f6.jpg,11.000064,True,0.3754110634326935
e16c0aa88.jpg,32.000256,True,0.5691159963607788
e1713d2e4.jpg,20.000256,True,0.436940997838974
e1713d2e4.jpg,13.999872,False,0.0
e1713d2e4.jpg,18.000384,True,0.1638205498456955
e1713d2e4.jpg,18.000384,True,0.11864331364631653
e1719ebde.jpg,24.0,True,0.0654173493385315
e1719ebde.jpg,12.0,True,0.37075164914131165
e17305d6f.jpg,47.000064,True,0.8612082004547119
e17305d6f.jpg,23.000064,True,0.5531300902366638
e17305d6f.jpg,27.999744,True,0.8083956241607666
e17305d6f.jpg,122.999808,True,0.856793999671936
e17305d6f.jpg,109.999872,True,0.8830273747444153
e17305d6f.jpg,25.999872000000003,True,0.8592067360877991
e17305d6f.jpg,112.99967999999998,True,0.9014948606491089
e17990993.jpg,100.99967999999998,True,0.9363380074501038
e1b21f71e.jpg,57.000192,True,0.9043658375740051
e1e970b82.jpg,44.000256,True,0.3452257812023163
e1e970b82.jpg,109.999872,True,0.7733615040779114
e1fb831df.jpg,16.999679999999998,True,0.44564932584762573
e1fb831df.jpg,12.999936000000002,True,0.2352389246225357
e1fb831df.jpg,13.999872,True,0.3138244152069092
e1fb831df.jpg,12.999936000000002,False,0.0
e1fb831df.jpg,18.000384,True,0.17359718680381775
e1fb831df.jpg,13.999872,False,0.0
e1fb831df.jpg,16.999679999999998,True,0.059262312948703766
e1fb831df.jpg,15.999744,True,0.10046740621328354
e1fb831df.jpg,16.999679999999998,True,0.18793070316314697
e1fb831df.jpg,18.000384,True,0.4153846502304077
e1fb831df.jpg,12.0,True,0.07333582639694214
e1fb831df.jpg,12.999936000000002,True,0.11554712057113647
e1ff8445b.jpg,19.000320000000002,True,0.06690788269042969
e1ff8445b.jpg,12.0,True,0.17730560898780823
e210c8ab1.jpg,83.00006400000001,True,0.736321747303009
e210c8ab1.jpg,283.00032,True,0.9641549587249756
e215185fc.jpg,60.0,True,0.8402514457702637
e215280c6.jpg,39.999744,True,0.14064083993434906
e220af7e4.jpg,16.999679999999998,True,0.10161351412534714
e24541346.jpg,11.000064,True,0.41926756501197815
e24541346.jpg,12.999936000000002,False,0.0
e24541346.jpg,12.999936000000002,True,0.6144818067550659
e24541346.jpg,12.999936000000002,True,0.2905893623828888
e26578776.jpg,286.000128,True,0.7652634978294373
e26578776.jpg,191.000064,True,0.737153947353363
e270f482d.jpg,12.0,False,0.0
e279290ac.jpg,35.000064,True,0.20397017896175385
e27a1043e.jpg,96.99993599999999,True,0.8114630579948425
e27eda89e.jpg,96.99993599999999,True,0.887274980545044
e27eda89e.jpg,130.00012800000002,True,0.8983771204948425
e27eda89e.jpg,16.999679999999998,True,0.41013088822364807
e27eda89e.jpg,71.00006400000001,True,0.8905647397041321
e28a77c4e.jpg,23.000064,True,0.059008754789829254
e28ea6c68.jpg,291.99974399999996,True,0.8605713844299316
e2a2ed1df.jpg,49.999871999999996,True,0.8130749464035034
e2b48de41.jpg,14.999808,True,0.4532124400138855
e2b48de41.jpg,19.000320000000002,True,0.6071310043334961
e2cb5c088.jpg,45.000192,True,0.8288583159446716
e2eff5126.jpg,12.999936000000002,False,0.0
e2eff5126.jpg,12.999936000000002,True,0.05464842915534973
e2eff5126.jpg,15.999744,True,0.1776604801416397
e2eff5126.jpg,50.999808,True,0.8361215591430664
e2eff5126.jpg,14.999808,True,0.31673064827919006
e2eff5126.jpg,16.999679999999998,False,0.0
e2eff5126.jpg,5.9996160000000005,False,0.0
e2eff5126.jpg,12.999936000000002,True,0.07251223921775818
e2eff5126.jpg,37.999872,True,0.6804293990135193
e2eff5126.jpg,15.999744,False,0.0
e2eff5126.jpg,72.99993599999999,True,0.8102667331695557
e2eff5126.jpg,50.999808,True,0.8393030166625977
e2f3712d4.jpg,55.00032,True,0.8611205816268921
e2f3712d4.jpg,24.0,True,0.5536205172538757
e2f3712d4.jpg,31.00032,True,0.6781498789787292
e2f3712d4.jpg,43.00032,True,0.8355615139007568
e2fc09570.jpg,149.999616,True,0.9269832372665405
e32634dff.jpg,85.999872,True,0.8878676295280457
e3332d6b3.jpg,16.999679999999998,True,0.3775092661380768
e344ff87a.jpg,191.000064,True,0.908915638923645
e344ff87a.jpg,12.999936000000002,True,0.3162199556827545
e345aa0fa.jpg,124.99967999999998,True,0.8723225593566895
e351b3a23.jpg,72.99993599999999,True,0.8359703421592712
e36bd03c3.jpg,53.999616,True,0.7564921379089355
e37025d1e.jpg,167.000064,True,0.8935193419456482
e37b55da1.jpg,42.000384,True,0.7105857133865356
e38061675.jpg,63.99974400000001,True,0.8236247301101685
e38061675.jpg,19.000320000000002,True,0.36232802271842957
e38061675.jpg,35.000064,True,0.6228976845741272
e38061675.jpg,34.000128,True,0.7893335819244385
e38061675.jpg,21.000192,True,0.2448320835828781
e38061675.jpg,16.999679999999998,False,0.0
e3971ee6f.jpg,160.99967999999998,True,0.8933838605880737
e3971ee6f.jpg,59.000064,True,0.5755497217178345
e3971ee6f.jpg,88.99968,True,0.8002037405967712
e3971ee6f.jpg,127.00032000000002,True,0.8018448352813721
e3a216f2f.jpg,33.000192,True,0.08302093297243118
e3a6563ee.jpg,69.000192,True,0.828837513923645
e3a6563ee.jpg,69.000192,True,0.7875128984451294
e3a946e05.jpg,46.000128,True,0.6277043223381042
e3ad2690a.jpg,12.0,True,0.4932374656200409
e3ad2690a.jpg,9.000192,True,0.260206401348114
e3b7fa739.jpg,9.000192,False,0.0
e3b7fa739.jpg,8.000256,True,0.6013758182525635
e3bd79aae.jpg,204.99993600000002,True,0.889976978302002
e3c71ea14.jpg,177.000192,True,0.8420460820198059
e3ced7d56.jpg,292.99968,True,0.915468692779541
e3d173076.jpg,9.000192,False,0.0
e3d173076.jpg,11.000064,False,0.0
e3d173076.jpg,12.0,True,0.5733669996261597
e3d76f3b3.jpg,12.999936000000002,False,0.0
e3d76f3b3.jpg,42.000384,True,0.6994220614433289
e3d76f3b3.jpg,47.000064,False,0.0
e3d76f3b3.jpg,35.000064,True,0.3014407455921173
e3d76f3b3.jpg,55.00032,True,0.6833833456039429
e3d76f3b3.jpg,33.000192,False,0.0
e3d76f3b3.jpg,49.999871999999996,False,0.0
e3d76f3b3.jpg,49.999871999999996,False,0.0
e3d76f3b3.jpg,12.999936000000002,False,0.0
e3d76f3b3.jpg,36.0,False,0.0
e3d76f3b3.jpg,42.000384,True,0.6748677492141724
e3d76f3b3.jpg,37.999872,True,0.8303599953651428
e3d76f3b3.jpg,10.000128,False,0.0
e3d76f3b3.jpg,36.999936,True,0.6182648539543152
e3d76f3b3.jpg,55.00032,True,0.8102877736091614
e3da47a57.jpg,93.000192,True,0.8606860041618347
e3de772e1.jpg,131.000064,True,0.8771154880523682
e3eee0539.jpg,9.000192,True,0.6732349395751953
e3eee0539.jpg,122.999808,True,0.8896198272705078
e3eee0539.jpg,11.000064,True,0.6159878969192505
e3eee0539.jpg,12.0,True,0.6081012487411499
e3eee0539.jpg,8.000256,True,0.4826841354370117
e3eee0539.jpg,12.999936000000002,True,0.6282533407211304
e3eee0539.jpg,7.00032,True,0.36683136224746704
e3f296ecd.jpg,56.00025599999999,True,0.8734766840934753
e3f296ecd.jpg,48.999936,True,0.7738227248191833
e3f6d0fba.jpg,11.000064,True,0.27830925583839417
e40e87799.jpg,14.999808,True,0.16761106252670288
e42e64450.jpg,13.999872,True,0.06784510612487793
e42e64450.jpg,7.00032,False,0.0
e42e64450.jpg,11.000064,True,0.46010497212409973
e42e64450.jpg,11.000064,True,0.6860583424568176
e42fd47a9.jpg,159.999744,True,0.817319929599762
e43b5d3c0.jpg,45.000192,True,0.8408424854278564
e43f3ec8b.jpg,12.999936000000002,True,0.2494775801897049
e43f3ec8b.jpg,12.0,True,0.20706968009471893
e44af9630.jpg,57.000192,True,0.7837731242179871
e44bdcbc3.jpg,26.999808,True,0.1564793884754181
e44ce8314.jpg,77.999616,True,0.7497114539146423
e44ce8314.jpg,46.000128,True,0.6452886462211609
e45948d98.jpg,20.000256,True,0.5954052209854126
e45948d98.jpg,142.00012800000002,True,0.8881746530532837
e45b2bfa0.jpg,12.999936000000002,True,0.6125763058662415
e45b2bfa0.jpg,12.999936000000002,True,0.29014694690704346
e45b2bfa0.jpg,11.000064,True,0.4171425402164459
e45b2bfa0.jpg,12.999936000000002,False,0.0
e46a2b722.jpg,15.999744,True,0.14975018799304962
e46a2b722.jpg,45.000192,True,0.5991631746292114
e46a2b722.jpg,18.000384,False,0.0
e46a2b722.jpg,31.00032,True,0.4438900649547577
e46a2b722.jpg,16.999679999999998,True,0.05229084566235542
e46a2b722.jpg,15.999744,True,0.1952693611383438
e46a2b722.jpg,15.999744,True,0.2761480510234833
e46a2b722.jpg,49.999871999999996,True,0.6045424342155457
e47738640.jpg,90.000384,True,0.8869163990020752
e47c5350d.jpg,98.999808,True,0.9138943552970886
e47cdd72e.jpg,26.999808,True,0.6483617424964905
e47cdd72e.jpg,14.999808,True,0.23006995022296906
e4906cfe5.jpg,58.000128000000004,True,0.7001883387565613
e4b51fe24.jpg,75.999744,True,0.8373237252235413
e4b6b97cb.jpg,63.99974400000001,True,0.7078638076782227
e4b6b97cb.jpg,50.999808,True,0.804977297782898
e4b6b97cb.jpg,64.99968,True,0.7595991492271423
e4b6b97cb.jpg,57.000192,True,0.47797316312789917
e4cb8a992.jpg,85.999872,True,0.9011023640632629
e4cb8a992.jpg,70.000128,True,0.8397805094718933
e4d8cf115.jpg,67.00032,True,0.762756884098053
e4d8cf115.jpg,16.999679999999998,True,0.4503293037414551
e4f4bf1f0.jpg,14.999808,True,0.1777268797159195
e5030f4e2.jpg,20.000256,True,0.058866940438747406
e5030f4e2.jpg,19.000320000000002,False,0.0
e5030f4e2.jpg,71.00006400000001,True,0.8189225196838379
e5030f4e2.jpg,71.00006400000001,True,0.8681504726409912
e517755c9.jpg,9.000192,True,0.358789324760437
e53ae8ff9.jpg,59.000064,True,0.8688876628875732
e53ae8ff9.jpg,23.000064,True,0.5271404981613159
e56645abe.jpg,81.000192,True,0.8683791756629944
e5763adde.jpg,8.000256,True,0.23072318732738495
e59ca3f9f.jpg,273.00019199999997,True,0.9417320489883423
e59f8a8a8.jpg,71.00006400000001,True,0.8045296669006348
e5c25a6af.jpg,158.999808,True,0.9125491380691528
e5e24e96b.jpg,11.000064,True,0.3875769376754761
e5e4c25b5.jpg,320.00025600000004,True,0.801606297492981
e6077373c.jpg,50.999808,True,0.7623888254165649
e6077373c.jpg,29.999616,True,0.3027676045894623
e6077373c.jpg,27.999744,True,0.49788621068000793
e6077373c.jpg,27.999744,True,0.6132559776306152
e6077373c.jpg,26.999808,False,0.0
e6077373c.jpg,26.999808,True,0.21265342831611633
e6077373c.jpg,25.999872000000003,True,0.1165580227971077
e6077373c.jpg,21.000192,True,0.17713582515716553
e618483e9.jpg,83.00006400000001,True,0.8360802531242371
e618483e9.jpg,88.99968,True,0.8681196570396423
e623ad457.jpg,42.000384,True,0.7670365571975708
e623ad457.jpg,59.000064,True,0.8536193370819092
e623ad457.jpg,47.000064,True,0.7913616895675659
e623ad457.jpg,68.000256,True,0.8313089609146118
e623ad457.jpg,48.0,True,0.8270620703697205
e64587598.jpg,96.0,True,0.9069368243217468
e64587598.jpg,57.000192,True,0.9124657511711121
e64587598.jpg,50.999808,True,0.8523836135864258
e64587598.jpg,47.000064,True,0.8530157208442688
e64587598.jpg,84.99993599999999,True,0.8436734676361084
e64587598.jpg,60.999936,True,0.8735335469245911
e64587598.jpg,58.000128000000004,True,0.8288236856460571
e64587598.jpg,68.000256,True,0.857110857963562
e64587598.jpg,46.000128,True,0.7150444388389587
e6464a9d6.jpg,245.999616,True,0.9375856518745422
e6464a9d6.jpg,240.0,True,0.9561081528663635
e6613a7a4.jpg,27.999744,True,0.6260807514190674
e671463c7.jpg,255.999744,True,0.9001695513725281
e688d48dc.jpg,8.000256,False,0.0
e688d48dc.jpg,8.000256,False,0.0
e69e4a0c7.jpg,170.999808,True,0.880956768989563
e6ccabbcf.jpg,241.99987199999998,True,0.8904412388801575
e6ccabbcf.jpg,164.000256,True,0.8428911566734314
e6d5d1871.jpg,132.0,True,0.8805493712425232
e6ea08482.jpg,29.999616,True,0.6391410231590271
e6ef70442.jpg,22.000128,True,0.1639227271080017
e6f2e887b.jpg,53.999616,True,0.8175694942474365
e6f2e887b.jpg,229.99987199999998,True,0.938719630241394
e7029e400.jpg,11.000064,True,0.7253390550613403
e704a5e66.jpg,81.000192,True,0.8611871004104614
e71380836.jpg,86.999808,True,0.8702008128166199
e71399e25.jpg,76.99968,True,0.8612619638442993
e716a6473.jpg,13.999872,False,0.0
e722c8808.jpg,12.0,True,0.16817738115787506
e72893fcb.jpg,291.99974399999996,True,0.9144264459609985
e72893fcb.jpg,108.0,True,0.8789598941802979
e72893fcb.jpg,25.999872000000003,True,0.36873695254325867
e73573145.jpg,120.99993599999999,True,0.8287878632545471
e73573145.jpg,71.00006400000001,True,0.4922734797000885
e73573145.jpg,69.000192,True,0.5747352242469788
e73573145.jpg,42.000384,True,0.6168438792228699
e73ee308c.jpg,71.00006400000001,True,0.42289525270462036
e73f6c491.jpg,61.999871999999996,True,0.7163816094398499
e74c35724.jpg,167.000064,True,0.7896270155906677
e74c35724.jpg,202.00012800000002,True,0.9145925641059875
e74ce7f9b.jpg,49.999871999999996,True,0.7342446446418762
e74ce7f9b.jpg,20.000256,True,0.4114032983779907
e74ce7f9b.jpg,61.999871999999996,True,0.7871330380439758
e74ce7f9b.jpg,13.999872,True,0.43446433544158936
e74ce7f9b.jpg,10.000128,False,0.0
e74ce7f9b.jpg,80.000256,True,0.8456824421882629
e74dcde3b.jpg,26.999808,True,0.46932467818260193
e74dcde3b.jpg,26.999808,True,0.7783202528953552
e74dcde3b.jpg,51.99974400000001,True,0.7718460559844971
e74dcde3b.jpg,24.999935999999998,True,0.21819137036800385
e751ac3b5.jpg,22.000128,True,0.4724055826663971
e759ce27c.jpg,79.00032,True,0.8638775944709778
e773aced7.jpg,250.00012800000002,True,0.9522443413734436
e773aced7.jpg,72.0,True,0.7958727478981018
e7a5315de.jpg,34.000128,True,0.07001691311597824
e7b0bc853.jpg,285.00019199999997,True,0.8816519379615784
e7d42ca13.jpg,31.00032,True,0.48933035135269165
e7d57adcb.jpg,16.999679999999998,True,0.5349366068840027
e7d57adcb.jpg,79.00032,True,0.7746216654777527
e7d57adcb.jpg,115.00032000000002,True,0.9059782028198242
e7d57adcb.jpg,94.000128,True,0.8939395546913147
e7d57adcb.jpg,156.0,True,0.9236860275268555
e7d9696e6.jpg,70.000128,True,0.7874290943145752
e7e49cac5.jpg,282.000384,True,0.9288645386695862
e7f471180.jpg,22.000128,True,0.15810070931911469
e7f471180.jpg,140.000256,True,0.9309245944023132
e812bcdda.jpg,60.999936,True,0.08780915290117264
e812bcdda.jpg,40.99968,True,0.8305093050003052
e812bcdda.jpg,77.999616,True,0.6296247243881226
e812bcdda.jpg,50.999808,True,0.6292576789855957
e812bcdda.jpg,40.99968,False,0.0
e81415b91.jpg,207.999744,True,0.9150261878967285
e84a7e3b1.jpg,79.00032,True,0.8067231178283691
e8534d5b3.jpg,23.000064,True,0.4109678268432617
e85b5e7b1.jpg,11.000064,True,0.3336348533630371
e85ceea43.jpg,79.00032,True,0.8129843473434448
e86cd7f3a.jpg,91.00032,True,0.24153132736682892
e86cd7f3a.jpg,252.99993600000002,True,0.8914889693260193
e86cd7f3a.jpg,187.00032000000002,True,0.8746404051780701
e87017c0e.jpg,16.999679999999998,True,0.24037767946720123
e87017c0e.jpg,183.999744,True,0.9056184887886047
e884d68c8.jpg,43.00032,True,0.7093839645385742
e885be5a0.jpg,48.999936,True,0.691209614276886
e8883fe81.jpg,131.000064,True,0.7829336524009705
e88a1e65d.jpg,108.0,True,0.7799646258354187
e88a92edd.jpg,25.999872000000003,False,0.0
e893d1988.jpg,27.999744,True,0.0763452872633934
e89421250.jpg,96.0,True,0.8612528443336487
e89f910c3.jpg,129.000192,True,0.9002206325531006
e8aa104eb.jpg,220.99968,True,0.882932722568512
e8aa104eb.jpg,19.000320000000002,True,0.058359984308481216
e8ae93dbe.jpg,72.0,True,0.857313334941864
e8ae93dbe.jpg,235.00032,True,0.9414191842079163
e8af973bd.jpg,68.000256,True,0.813323438167572
e8af973bd.jpg,14.999808,True,0.1960461139678955
e8af973bd.jpg,14.999808,True,0.3935971260070801
e8dbb8d28.jpg,9.000192,True,0.06350889801979065
e8dbd930d.jpg,22.000128,True,0.2314503788948059
e8fbf78e1.jpg,189.000192,True,0.8867052793502808
e8fbf78e1.jpg,51.99974400000001,True,0.6663234829902649
e9086d8a6.jpg,14.999808,True,0.3335797190666199
e90fc0479.jpg,13.999872,True,0.06853315234184265
e914461d7.jpg,11.000064,False,0.0
e923c7e07.jpg,59.000064,True,0.8809717893600464
e92cf3ae9.jpg,221.999616,True,0.5886650085449219
e92d47f98.jpg,168.0,True,0.9004889130592346
e932110a0.jpg,121.999872,True,0.9212143421173096
e93299972.jpg,10.000128,False,0.0
e93299972.jpg,12.0,False,0.0
e93679f6d.jpg,55.00032,True,0.8647762537002563
e93929a2a.jpg,73.999872,True,0.7643943428993225
e93929a2a.jpg,37.999872,True,0.6430054306983948
e97012b00.jpg,45.000192,True,0.8203845620155334
e9728b600.jpg,84.99993599999999,True,0.8949096202850342
e97cf2ad3.jpg,29.999616,True,0.0844566822052002
e97e8df40.jpg,24.999935999999998,True,0.11098624020814896
e97f8290b.jpg,25.999872000000003,True,0.3569898009300232
e97f8290b.jpg,20.000256,True,0.6342942714691162
e97f8290b.jpg,31.00032,True,0.08623780310153961
e97f8290b.jpg,67.00032,True,0.8326310515403748
e9888d957.jpg,33.000192,True,0.5911195874214172
e9888d957.jpg,11.000064,False,0.0
e9888d957.jpg,66.000384,True,0.6005777716636658
e9888d957.jpg,23.000064,True,0.14269746840000153
e9888d957.jpg,92.000256,True,0.7046601176261902
e9888d957.jpg,48.0,True,0.6036849617958069
e9888d957.jpg,48.999936,True,0.6350598335266113
e98dcb68e.jpg,12.999936000000002,False,0.0
e9a28af7f.jpg,194.99980800000003,True,0.15242049098014832
e9a7dd8f0.jpg,22.000128,True,0.5811331272125244
e9af2524d.jpg,19.000320000000002,True,0.15456870198249817
e9af2524d.jpg,47.000064,True,0.6595654487609863
e9af2524d.jpg,56.00025599999999,True,0.5508675575256348
e9af2524d.jpg,91.00032,True,0.8147680163383484
e9af2524d.jpg,18.000384,False,0.0
e9af2524d.jpg,39.999744,True,0.7543156147003174
e9bd05aa2.jpg,155.000064,True,0.8704136610031128
e9d60af48.jpg,153.000192,True,0.8130488395690918
e9e2b766d.jpg,24.999935999999998,True,0.15063942968845367
ea237d575.jpg,16.999679999999998,True,0.5498420000076294
ea2b77c43.jpg,4.99968,False,0.0
ea69924b8.jpg,35.000064,False,0.0
ea69924b8.jpg,9.000192,True,0.11121141910552979
ea79f40d7.jpg,43.00032,True,0.6876988410949707
ea79f40d7.jpg,44.000256,True,0.7552121877670288
ea81c8a23.jpg,21.000192,True,0.4329938590526581
ea8fa807d.jpg,22.000128,True,0.0645059198141098
eabb995de.jpg,92.000256,True,0.8660002946853638
eac759ca6.jpg,107.00006400000001,True,0.8197808861732483
eac759ca6.jpg,27.999744,False,0.0
eac759ca6.jpg,25.999872000000003,False,0.0
eac759ca6.jpg,13.999872,True,0.42611467838287354
eac759ca6.jpg,219.999744,True,0.8484999537467957
eac759ca6.jpg,296.00025600000004,True,0.8409486413002014
ead821828.jpg,7.00032,True,0.42972615361213684
eaef6a679.jpg,46.000128,False,0.0
eaf82362d.jpg,23.000064,False,0.0
eb1d0f3cb.jpg,95.00006400000001,True,0.7831150889396667
eb2dc181b.jpg,130.00012800000002,True,0.9206087589263916
eb2dc181b.jpg,57.000192,True,0.8447522521018982
eb3205ebe.jpg,12.999936000000002,True,0.4417268633842468
eb4c7dc26.jpg,20.000256,True,0.30604204535484314
eb5104479.jpg,25.999872000000003,True,0.07336337119340897
eb5b94cdc.jpg,224.000256,True,0.865060031414032
eb6bf1449.jpg,46.000128,True,0.4098609685897827
eb6bf1449.jpg,37.999872,True,0.6384539604187012
eb6bf1449.jpg,47.000064,True,0.6130451560020447
eb844377b.jpg,250.00012800000002,True,0.9530399441719055
eb9a7c348.jpg,49.999871999999996,True,0.7083970308303833
eb9a7c348.jpg,25.999872000000003,True,0.6016187071800232
eb9a7c348.jpg,24.999935999999998,True,0.48180386424064636
eb9a7c348.jpg,283.00032,True,0.8422601819038391
ebbd71cb7.jpg,81.000192,True,0.7897047400474548
ebbd71cb7.jpg,59.000064,True,0.7646310329437256
ebd3b067b.jpg,242.99980800000003,True,0.8678332567214966
ebf7e53a1.jpg,156.999936,True,0.9202598333358765
ec170c50b.jpg,4.99968,False,0.0
ec170c50b.jpg,4.99968,False,0.0
ec170c50b.jpg,4.99968,True,0.05337392911314964
ec170c50b.jpg,5.9996160000000005,True,0.11924682557582855
ec170c50b.jpg,7.00032,False,0.0
ec170c50b.jpg,4.99968,True,0.138481006026268
ec170c50b.jpg,8.000256,False,0.0
ec170c50b.jpg,9.000192,True,0.08200448006391525
ec221fcdf.jpg,18.000384,True,0.5074643492698669
ec221fcdf.jpg,71.00006400000001,True,0.4148849546909332
ec221fcdf.jpg,129.000192,True,0.8996466994285583
ec221fcdf.jpg,93.000192,True,0.88392174243927
ec2932fc5.jpg,12.999936000000002,True,0.6316477656364441
ec3980a48.jpg,22.000128,True,0.6376568675041199
ec3980a48.jpg,18.000384,True,0.6901878714561462
ec3980a48.jpg,20.000256,True,0.11768794059753418
ec4167884.jpg,24.0,True,0.3685583770275116
ec4167884.jpg,15.999744,True,0.4907139539718628
ec4167884.jpg,35.000064,True,0.6705819368362427
ec4167884.jpg,11.000064,False,0.0
ec4167884.jpg,111.99974399999999,True,0.8633277416229248
ec4a788af.jpg,96.99993599999999,True,0.8643861413002014
ec4a788af.jpg,90.000384,True,0.8258850574493408
ec66aaac8.jpg,27.999744,True,0.6023686528205872
ec699d2f2.jpg,63.99974400000001,True,0.8678015470504761
ec6d3d5a4.jpg,12.0,True,0.3882530629634857
ec6d3d5a4.jpg,47.000064,True,0.6535189151763916
ec6d3d5a4.jpg,22.000128,True,0.3777318596839905
ec8c5f01c.jpg,293.999616,True,0.9405080080032349
eca1c6704.jpg,38.999808,True,0.752259373664856
ecab4befe.jpg,10.000128,True,0.2551511228084564
ecd715f45.jpg,27.999744,True,0.12327148765325546
ecd715f45.jpg,72.99993599999999,True,0.872424840927124
ecd914a2b.jpg,46.000128,True,0.8435613512992859
ecf81e6a3.jpg,64.99968,True,0.7700127959251404
ecfddc632.jpg,15.999744,True,0.5458933711051941
ecfddc632.jpg,12.0,True,0.5411083698272705
ed0a57221.jpg,11.000064,True,0.49526697397232056
ed1e57c6d.jpg,12.999936000000002,True,0.5436986088752747
ed1e57c6d.jpg,8.000256,False,0.0
ed1e57c6d.jpg,83.00006400000001,True,0.838961124420166
ed1e57c6d.jpg,13.999872,True,0.21076646447181702
ed1e57c6d.jpg,20.000256,True,0.6158313155174255
ed251c7a8.jpg,11.000064,True,0.17469264566898346
ed414a4a5.jpg,16.999679999999998,True,0.12856346368789673
ed56586cf.jpg,21.000192,True,0.16476009786128998
ed5cbc002.jpg,84.0,True,0.8601784110069275
ed5cbc002.jpg,28.99968,True,0.19197849929332733
ed5cbc002.jpg,69.000192,True,0.7815341949462891
ed5e572d5.jpg,22.000128,True,0.5877625942230225
ed74b5bb5.jpg,103.00032000000002,True,0.898822009563446
ed74b5bb5.jpg,46.000128,True,0.8077220916748047
ed74b5bb5.jpg,20.000256,True,0.5157231688499451
ed74b5bb5.jpg,151.00032000000002,True,0.8697003722190857
ed9256906.jpg,22.000128,False,0.0
edb4bb3ac.jpg,36.0,True,0.5384412407875061
edb53d816.jpg,47.000064,True,0.8280268311500549
edb53d816.jpg,47.000064,True,0.8358649015426636
edb9a96c6.jpg,44.000256,True,0.17071041464805603
edb9a96c6.jpg,48.999936,True,0.28924089670181274
edb9a96c6.jpg,37.999872,True,0.12037432193756104
edb9a96c6.jpg,37.999872,False,0.0
edb9a96c6.jpg,15.999744,True,0.6689544320106506
edb9a96c6.jpg,48.0,True,0.5465415120124817
edb9a96c6.jpg,51.99974400000001,True,0.7811229825019836
edb9a96c6.jpg,16.999679999999998,True,0.24445021152496338
edb9a96c6.jpg,45.000192,True,0.18182605504989624
edb9a96c6.jpg,42.000384,True,0.06032656133174896
edb9a96c6.jpg,36.999936,False,0.0
edb9a96c6.jpg,13.999872,False,0.0
edb9a96c6.jpg,36.0,True,0.3354406952857971
edbe5cce9.jpg,157.99987199999998,True,0.8579950332641602
edbe5cce9.jpg,24.0,False,0.0
edbe5cce9.jpg,36.0,True,0.6521720290184021
edbe5cce9.jpg,24.999935999999998,True,0.5362685322761536
edc5bff58.jpg,90.000384,True,0.8151955008506775
ede0b68ec.jpg,23.000064,True,0.15138323605060577
ede296266.jpg,29.999616,True,0.3103444278240204
edf808cb9.jpg,162.000384,True,0.9220501780509949
ee11856e2.jpg,13.999872,False,0.0
ee12d6128.jpg,15.999744,True,0.4630676805973053
ee3e3eef6.jpg,12.0,True,0.11113282293081284
ee3e3eef6.jpg,15.999744,False,0.0
ee3e3eef6.jpg,13.999872,True,0.11694324016571045
ee3e3eef6.jpg,12.999936000000002,False,0.0
ee3e3eef6.jpg,16.999679999999998,True,0.2372727245092392
ee3e3eef6.jpg,18.000384,False,0.0
ee3e3eef6.jpg,16.999679999999998,False,0.0
ee3e3eef6.jpg,18.000384,True,0.15000006556510925
ee3e3eef6.jpg,12.999936000000002,True,0.06428633630275726
ee3e3eef6.jpg,13.999872,False,0.0
ee3e3eef6.jpg,16.999679999999998,False,0.0
ee3e3eef6.jpg,12.999936000000002,False,0.0
ee6738a16.jpg,15.999744,True,0.17195549607276917
ee7747434.jpg,35.000064,False,0.0
ee7747434.jpg,13.999872,True,0.07388496398925781
ee7747434.jpg,12.999936000000002,False,0.0
ee7747434.jpg,12.0,False,0.0
ee783cf9f.jpg,62.999808,True,0.804570198059082
eea558c04.jpg,25.999872000000003,True,0.316918283700943
eeb88dd05.jpg,32.000256,True,0.14497800171375275
eec04e7a8.jpg,4.99968,False,0.0
eec04e7a8.jpg,4.99968,False,0.0
eec04e7a8.jpg,8.000256,True,0.1373789757490158
eec04e7a8.jpg,12.0,False,0.0
eec04e7a8.jpg,5.9996160000000005,False,0.0
eec04e7a8.jpg,5.9996160000000005,False,0.0
eec04e7a8.jpg,5.9996160000000005,False,0.0
eec04e7a8.jpg,5.9996160000000005,False,0.0
eec04e7a8.jpg,8.000256,False,0.0
eec04e7a8.jpg,4.99968,False,0.0
eec04e7a8.jpg,5.9996160000000005,False,0.0
eec04e7a8.jpg,9.000192,False,0.0
eec04e7a8.jpg,7.00032,False,0.0
eec04e7a8.jpg,5.9996160000000005,False,0.0
eec04e7a8.jpg,4.99968,False,0.0
eeda07894.jpg,169.99987199999998,True,0.9116261601448059
eedd126c6.jpg,11.000064,True,0.5553520917892456
eeeed778a.jpg,16.999679999999998,True,0.5549793839454651
eefabbd8e.jpg,15.999744,True,0.17572544515132904
ef0212dba.jpg,20.000256,True,0.36249667406082153
ef14c47a3.jpg,12.0,True,0.2724316120147705
ef1fa61c0.jpg,85.999872,True,0.8270067572593689
ef1fa61c0.jpg,44.000256,True,0.789170503616333
ef1fa61c0.jpg,191.000064,True,0.8740454912185669
ef21411e6.jpg,8.000256,True,0.4119862914085388
ef21411e6.jpg,7.00032,True,0.20929335057735443
ef218b796.jpg,31.00032,True,0.10216090083122253
ef218b796.jpg,115.00032000000002,True,0.8478603959083557
ef4a4e497.jpg,13.999872,True,0.29732227325439453
ef58ff258.jpg,122.999808,True,0.9011288285255432
ef5ec28e5.jpg,21.000192,True,0.4483471214771271
ef63ebe79.jpg,194.99980800000003,True,0.9045900106430054
ef63ebe79.jpg,131.000064,True,0.8673027157783508
ef78ecea4.jpg,104.00025600000001,True,0.9069195985794067
ef8928055.jpg,25.999872000000003,True,0.6121862530708313
ef8959c1c.jpg,160.99967999999998,True,0.8602925539016724
ef8959c1c.jpg,108.0,True,0.8709849119186401
ef89704a3.jpg,22.000128,True,0.19501127302646637
ef9d3506d.jpg,83.00006400000001,True,0.7825121283531189
efb0bedf2.jpg,24.0,True,0.19270361959934235
efb0bedf2.jpg,16.999679999999998,True,0.22683389484882355
efb8ee13a.jpg,166.00012800000002,True,0.8558237552642822
efb8ee13a.jpg,18.000384,True,0.710261881351471
efb8ee13a.jpg,93.000192,True,0.8575380444526672
efb8ee13a.jpg,133.99987199999998,True,0.8790812492370605
efbe07ce5.jpg,60.999936,True,0.777849555015564
efbe53883.jpg,7.00032,False,0.0
efbe53883.jpg,8.000256,False,0.0
efdbad6db.jpg,212.000256,True,0.9281975626945496
efdc877b9.jpg,16.999679999999998,True,0.6087532639503479
efdc877b9.jpg,15.999744,True,0.13978031277656555
efdc877b9.jpg,16.999679999999998,True,0.6242720484733582
efdc877b9.jpg,8.000256,False,0.0
efdc877b9.jpg,28.99968,True,0.6011412143707275
efdc877b9.jpg,18.000384,True,0.4251459836959839
efdc877b9.jpg,15.999744,True,0.4207153618335724
efdc877b9.jpg,12.999936000000002,True,0.3551926016807556
efdc877b9.jpg,16.999679999999998,False,0.0
efdc877b9.jpg,19.000320000000002,False,0.0
efdc877b9.jpg,14.999808,True,0.43984511494636536
efdfeaeed.jpg,7.00032,True,0.28290829062461853
efdfeaeed.jpg,11.000064,True,0.6486193537712097
eff2250b5.jpg,116.00025600000001,True,0.8900516033172607
eff5057b2.jpg,24.0,False,0.0
effa2866c.jpg,19.000320000000002,True,0.12985189259052277
f016a2b97.jpg,232.99968,True,0.9139617681503296
f02c2576f.jpg,92.000256,True,0.8962788581848145
f02e405a0.jpg,72.99993599999999,True,0.7963830828666687
f02e405a0.jpg,44.000256,True,0.7058365345001221
f02e405a0.jpg,128.000256,True,0.8633296489715576
f02e405a0.jpg,59.000064,True,0.5393955111503601
f02e405a0.jpg,57.000192,True,0.19683372974395752
f02e405a0.jpg,42.000384,True,0.7985811829566956
f02e405a0.jpg,69.000192,True,0.8057470321655273
f033b1801.jpg,21.000192,True,0.7005462050437927
f033b1801.jpg,20.000256,True,0.6376457810401917
f033b1801.jpg,18.000384,True,0.6187194585800171
f033b1801.jpg,20.000256,True,0.6334523558616638
f033b1801.jpg,18.000384,True,0.736887514591217
f03727949.jpg,166.00012800000002,True,0.9119053483009338
f03c1eac3.jpg,23.000064,True,0.5369266271591187
f03c1eac3.jpg,59.000064,True,0.8682676553726196
f04563b65.jpg,26.999808,True,0.6771932244300842
f04ce7a5e.jpg,57.000192,True,0.8542453050613403
f06543ef1.jpg,74.999808,True,0.8494397401809692
f085311b6.jpg,64.99968,True,0.6110540628433228
f085311b6.jpg,44.000256,True,0.5733242630958557
f085311b6.jpg,43.00032,True,0.4696773886680603
f0896223e.jpg,14.999808,True,0.08098049461841583
f08b6c0cc.jpg,12.999936000000002,True,0.3582760989665985
f0a108e91.jpg,37.999872,True,0.5520539283752441
f0a108e91.jpg,13.999872,True,0.1918482631444931
f0c4a2ead.jpg,19.000320000000002,False,0.0
f0d92784c.jpg,28.99968,True,0.06981787085533142
f0f6a35e8.jpg,212.000256,True,0.8776192665100098
f0f6a35e8.jpg,58.000128000000004,True,0.7441872954368591
f0f6a35e8.jpg,13.999872,False,0.0
f0f6a35e8.jpg,33.000192,True,0.5590307712554932
f1035543c.jpg,71.00006400000001,True,0.8980796337127686
f118b3e13.jpg,20.000256,False,0.0
f12c7e332.jpg,62.999808,True,0.8109750151634216
f12c7e332.jpg,172.99967999999998,True,0.8780153393745422
f12c7e332.jpg,156.999936,True,0.8860577344894409
f12c7e332.jpg,14.999808,True,0.4676688611507416
f13083b4d.jpg,19.000320000000002,False,0.0
f131ec686.jpg,7.00032,False,0.0
f131f17ac.jpg,183.999744,True,0.8862380981445312
f144fea2c.jpg,22.000128,True,0.47631314396858215
f162579a1.jpg,92.000256,True,0.7904126644134521
f169a1d4d.jpg,53.999616,True,0.8238754272460938
f169a1d4d.jpg,60.0,True,0.6882261633872986
f169a1d4d.jpg,20.000256,False,0.0
f169a1d4d.jpg,48.0,True,0.8398183584213257
f169a1d4d.jpg,29.999616,True,0.7485350966453552
f16a69c37.jpg,38.999808,True,0.6303030848503113
f1810210a.jpg,253.99987199999998,True,0.8728610873222351
f1810210a.jpg,88.99968,True,0.8264459371566772
f184c923b.jpg,77.999616,True,0.7359815835952759
f18938933.jpg,227.00006399999998,True,0.9272847175598145
f1a68c90d.jpg,19.000320000000002,True,0.5789989829063416
f1a68c90d.jpg,12.0,False,0.0
f1a9b75bc.jpg,59.000064,True,0.6013240218162537
f1a9b75bc.jpg,20.000256,True,0.6306317448616028
f1a9b75bc.jpg,57.000192,True,0.6591545343399048
f1a9b75bc.jpg,18.000384,True,0.1686713993549347
f1b306c90.jpg,204.99993600000002,True,0.8906238675117493
f1bd73e43.jpg,7.00032,True,0.33808428049087524
f1c401b9f.jpg,197.999616,True,0.8900456428527832
f1fe255e5.jpg,12.0,True,0.5138146281242371
f21353998.jpg,208.99968,True,0.8943429589271545
f215de2ce.jpg,10.000128,True,0.24252629280090332
f2176485a.jpg,244.99968,True,0.898935854434967
f22f95a37.jpg,116.00025600000001,True,0.8479423522949219
f24510720.jpg,94.000128,True,0.051073189824819565
f2603bcd9.jpg,42.000384,False,0.0
f2605578a.jpg,79.00032,True,0.8733195662498474
f264220f1.jpg,23.000064,True,0.553528368473053
f264220f1.jpg,112.99967999999998,True,0.9012067317962646
f264220f1.jpg,47.000064,True,0.8617175221443176
f26e9f942.jpg,12.999936000000002,True,0.3697725832462311
f26e9f942.jpg,9.000192,True,0.10131693631410599
f2742b996.jpg,93.000192,True,0.8989421129226685
f2742b996.jpg,46.000128,True,0.7799644470214844
f293f6238.jpg,73.999872,True,0.7477210164070129
f2a11fc7e.jpg,23.000064,False,0.0
f2a11fc7e.jpg,45.000192,True,0.5269145369529724
f2a11fc7e.jpg,23.000064,False,0.0
f2a11fc7e.jpg,47.000064,True,0.7776277661323547
f2a11fc7e.jpg,42.000384,True,0.3171079456806183
f2a11fc7e.jpg,44.000256,True,0.5393326282501221
f2b127ab8.jpg,7.00032,False,0.0
f2b127ab8.jpg,4.99968,False,0.0
f2b127ab8.jpg,23.000064,False,0.0
f2b337746.jpg,21.000192,True,0.2787092328071594
f2b337746.jpg,24.999935999999998,True,0.195461243391037
f2d4c7959.jpg,16.999679999999998,True,0.31596389412879944
f2e554691.jpg,160.99967999999998,True,0.8911760449409485
f2ec0fb5d.jpg,36.999936,True,0.06502098590135574
f30c0d4d4.jpg,92.000256,True,0.847880482673645
f31d20a4a.jpg,14.999808,True,0.6354839205741882
f31d20a4a.jpg,15.999744,True,0.4942319691181183
f31d20a4a.jpg,18.000384,True,0.7395710349082947
f323a2d8b.jpg,21.000192,True,0.09784302860498428
f33c62135.jpg,70.000128,True,0.8099092841148376
f33c62135.jpg,12.999936000000002,True,0.08905760198831558
f34aa9d4c.jpg,19.000320000000002,True,0.08605056256055832
f34aa9d4c.jpg,12.0,True,0.1901191771030426
f3898331e.jpg,51.99974400000001,True,0.7707812190055847
f3898331e.jpg,84.0,True,0.866213321685791
f38d78c54.jpg,42.000384,True,0.7610088586807251
f38d78c54.jpg,40.99968,True,0.748259961605072
f39582e77.jpg,98.999808,True,0.8324131965637207
f39582e77.jpg,73.999872,True,0.7738903760910034
f3abe94fb.jpg,130.00012800000002,True,0.8473343849182129
f3abe94fb.jpg,114.000384,True,0.8914104104042053
f3abe94fb.jpg,52.99968,True,0.6440987586975098
f3abe94fb.jpg,127.00032000000002,True,0.7966183423995972
f3abe94fb.jpg,99.99974399999999,True,0.6517703533172607
f3b1ec4d8.jpg,195.999744,True,0.8778795599937439
f3b582b14.jpg,164.000256,True,0.879912793636322
f41261dd5.jpg,60.0,True,0.8495736718177795
f41baa3c4.jpg,148.99967999999998,True,0.8962991237640381
f42a7d560.jpg,71.00006400000001,True,0.8240769505500793
f432c322a.jpg,74.999808,True,0.8360838294029236
f432c322a.jpg,85.999872,True,0.9016274809837341
f44c8b922.jpg,225.00019199999997,True,0.8941618204116821
f4653c538.jpg,20.000256,False,0.0
f4a02fd6d.jpg,25.999872000000003,True,0.755392849445343
f4a070d01.jpg,48.999936,True,0.7877724766731262
f4b36f4fc.jpg,27.999744,False,0.0
f4d9576b4.jpg,4.99968,False,0.0
f4e82c721.jpg,20.000256,True,0.517435610294342
f5102a8c4.jpg,72.0,True,0.6760703921318054
f5102a8c4.jpg,15.999744,True,0.29454123973846436
f51076a80.jpg,24.0,True,0.6087812185287476
f51076a80.jpg,16.999679999999998,True,0.511866569519043
f52206a6d.jpg,14.999808,True,0.18358147144317627
f52a12445.jpg,8.000256,True,0.08726450800895691
f531391de.jpg,118.000128,True,0.8136536478996277
f531391de.jpg,94.000128,True,0.8793208003044128
f531391de.jpg,14.999808,True,0.16110198199748993
f531391de.jpg,13.999872,True,0.08395681530237198
f531391de.jpg,90.000384,True,0.8026813268661499
f531391de.jpg,42.000384,False,0.0
f531391de.jpg,162.000384,True,0.9105654358863831
f5424907d.jpg,46.000128,True,0.8416789174079895
f5424907d.jpg,43.00032,True,0.8516109585762024
f5424907d.jpg,43.00032,True,0.8286716938018799
f5424907d.jpg,46.000128,True,0.7857645153999329
f54314324.jpg,85.999872,True,0.9009461998939514
f54314324.jpg,58.000128000000004,True,0.8434762954711914
f54314324.jpg,63.99974400000001,True,0.874305248260498
f54314324.jpg,77.999616,True,0.8758448362350464
f54314324.jpg,23.000064,True,0.5044736862182617
f54314324.jpg,11.000064,False,0.0
f54314324.jpg,83.00006400000001,True,0.8873502016067505
f55581dac.jpg,19.000320000000002,True,0.2595798671245575
f55abea8a.jpg,88.99968,True,0.8437709808349609
f56ca2cb2.jpg,49.999871999999996,True,0.4435586631298065
f56ca2cb2.jpg,51.99974400000001,True,0.6371857523918152
f58455a34.jpg,248.000256,True,0.9203481674194336
f59f5e3d0.jpg,12.999936000000002,True,0.41145747900009155
f5b7e4401.jpg,8.000256,True,0.2669408917427063
f5c040a29.jpg,112.99967999999998,True,0.8635933995246887
f5c61bbdd.jpg,16.999679999999998,True,0.3283414840698242
f5c61bbdd.jpg,11.000064,False,0.0
f5ddf68d0.jpg,26.999808,True,0.28588569164276123
f5ec071ad.jpg,99.99974399999999,True,0.8467597365379333
f5efdc5b2.jpg,11.000064,True,0.39246121048927307
f5fb7e219.jpg,4.99968,False,0.0
f5fb7e219.jpg,4.99968,True,0.06870205700397491
f5fb7e219.jpg,12.0,False,0.0
f5fb7e219.jpg,12.0,False,0.0
f5fb7e219.jpg,11.000064,False,0.0
f5fb7e219.jpg,5.9996160000000005,False,0.0
f5fb7e219.jpg,7.00032,True,0.053549401462078094
f5fb7e219.jpg,12.999936000000002,False,0.0
f5fb7e219.jpg,10.000128,False,0.0
f5fb7e219.jpg,11.000064,True,0.14136439561843872
f614ebab0.jpg,144.999936,True,0.9313401579856873
f623bce58.jpg,103.00032000000002,True,0.8658947348594666
f635db786.jpg,15.999744,True,0.4650960862636566
f63de9cd1.jpg,105.000192,True,0.9040015339851379
f6618af68.jpg,44.000256,True,0.8278448581695557
f67ff2849.jpg,7.00032,True,0.28078243136405945
f67ff2849.jpg,11.000064,True,0.6366713047027588
f686df473.jpg,19.000320000000002,True,0.37929418683052063
f6891969e.jpg,84.99993599999999,True,0.8155496120452881
f69a0cfc5.jpg,16.999679999999998,False,0.0
f6a08f68c.jpg,49.999871999999996,True,0.6900822520256042
f6a5d4c6c.jpg,66.000384,True,0.781741738319397
f6bfe1d4f.jpg,13.999872,True,0.20864267647266388
f6cb7888e.jpg,12.0,True,0.24492870271205902
f6cce5f49.jpg,13.999872,True,0.26838988065719604
f6dc0e7fa.jpg,172.99967999999998,True,0.90477454662323
f6e008b23.jpg,176.000256,True,0.7071483731269836
f6e008b23.jpg,76.99968,True,0.5843974947929382
f6e008b23.jpg,71.00006400000001,True,0.7070125341415405
f6e008b23.jpg,189.000192,True,0.7187900543212891
f6e008b23.jpg,114.000384,True,0.6937565207481384
f6e008b23.jpg,347.00006399999995,True,0.7378844022750854
f6e1b1630.jpg,18.000384,True,0.19548173248767853
f6e1b1630.jpg,24.0,True,0.574434757232666
f6eaf713c.jpg,15.999744,False,0.0
f6eaf713c.jpg,15.999744,False,0.0
f6f980e0f.jpg,15.999744,True,0.2462911605834961
f6f980e0f.jpg,15.999744,True,0.1740468144416809
f6f980e0f.jpg,31.00032,True,0.3767015039920807
f6f980e0f.jpg,26.999808,True,0.653182327747345
f6f980e0f.jpg,49.999871999999996,True,0.600043773651123
f6f980e0f.jpg,18.000384,False,0.0
f6f980e0f.jpg,45.000192,True,0.598119854927063
f6f980e0f.jpg,16.999679999999998,True,0.05159933492541313
f6f980e0f.jpg,32.000256,True,0.7844750285148621
f6f980e0f.jpg,112.99967999999998,True,0.638977587223053
f6f980e0f.jpg,15.999744,True,0.144214928150177
f6f980e0f.jpg,27.999744,True,0.6863019466400146
f70a76c38.jpg,123.99974399999999,True,0.8704706430435181
f70c4fa65.jpg,155.000064,True,0.8705265522003174
f721c8317.jpg,76.99968,True,0.819094717502594
f73877c8b.jpg,173.999616,True,0.8721761703491211
f7409c994.jpg,12.999936000000002,False,0.0
f746d102d.jpg,71.00006400000001,True,0.5552475452423096
f74e84709.jpg,194.99980800000003,True,0.8879277110099792
f7588f477.jpg,16.999679999999998,True,0.15807856619358063
f7588f477.jpg,16.999679999999998,True,0.10302292555570602
f7657ae07.jpg,29.999616,True,0.44827282428741455
f7657ae07.jpg,11.000064,True,0.116346076130867
f7657ae07.jpg,18.000384,True,0.1519942581653595
f7657ae07.jpg,9.000192,True,0.34876954555511475
f7657ae07.jpg,24.999935999999998,True,0.4429118037223816
f7657ae07.jpg,5.9996160000000005,False,0.0
f7657ae07.jpg,22.000128,True,0.36624258756637573
f7657ae07.jpg,24.999935999999998,True,0.0786026194691658
f7657ae07.jpg,29.999616,True,0.34637847542762756
f7657ae07.jpg,24.999935999999998,True,0.6373084783554077
f7657ae07.jpg,28.99968,False,0.0
f77385f88.jpg,122.999808,True,0.7682747840881348
f77788c23.jpg,105.000192,True,0.7771298289299011
f77a7d955.jpg,18.000384,True,0.5430800914764404
f78746f21.jpg,22.000128,True,0.5933084487915039
f7a2f1a6f.jpg,23.000064,True,0.35019466280937195
f7a2f1a6f.jpg,72.0,True,0.6804947257041931
f7a2f1a6f.jpg,70.000128,False,0.0
f7b04c1d8.jpg,119.00006400000001,True,0.8226838111877441
f7b3ef47a.jpg,72.0,True,0.8117408752441406
f7befe274.jpg,9.000192,False,0.0
f7befe274.jpg,5.9996160000000005,False,0.0
f7befe274.jpg,11.000064,True,0.21029774844646454
f7befe274.jpg,8.000256,False,0.0
f7befe274.jpg,8.000256,True,0.1281629204750061
f7befe274.jpg,10.000128,True,0.39755165576934814
f7befe274.jpg,10.000128,True,0.3920454680919647
f7befe274.jpg,10.000128,True,0.3871602714061737
f7befe274.jpg,9.000192,True,0.22464025020599365
f7c020891.jpg,8.000256,True,0.14845819771289825
f7cae76b3.jpg,286.000128,True,0.7524710893630981
f7d12c543.jpg,153.000192,True,0.8769795298576355
f7e3fcf8b.jpg,110.999808,True,0.8743106722831726
f80a8b091.jpg,12.999936000000002,False,0.0
f8213373d.jpg,81.000192,True,0.8492668867111206
f8339e72f.jpg,11.000064,False,0.0
f8339e72f.jpg,20.000256,False,0.0
f8339e72f.jpg,10.000128,False,0.0
f86c72243.jpg,18.000384,True,0.19073337316513062
f86c72243.jpg,272.00025600000004,True,0.7701826691627502
f86c72243.jpg,7.00032,False,0.0
f86c72243.jpg,84.99993599999999,True,0.7468198537826538
f87a3f556.jpg,84.0,True,0.7404385805130005
f87a3f556.jpg,51.99974400000001,True,0.5841609835624695
f87a3f556.jpg,44.000256,True,0.1291395127773285
f8a66a228.jpg,27.999744,False,0.0
f8aac5c96.jpg,24.0,True,0.549625039100647
f8cbed833.jpg,85.999872,True,0.8886672258377075
f8cbed833.jpg,26.999808,True,0.2508549094200134
f8cbed833.jpg,69.000192,True,0.65590500831604
f8cbed833.jpg,82.000128,True,0.8656669855117798
f8db1174b.jpg,8.000256,True,0.4118214547634125
f8dcd83c2.jpg,99.99974399999999,True,0.8649408221244812
f8dcd83c2.jpg,85.999872,True,0.8803269267082214
f8e3d0384.jpg,16.999679999999998,True,0.5532132387161255
f9090a6b2.jpg,39.999744,True,0.6242150068283081
f9216fd85.jpg,19.000320000000002,True,0.08793298155069351
f92a0584e.jpg,117.000192,True,0.8185830116271973
f943ad4bc.jpg,40.99968,True,0.208951935172081
f94d2c284.jpg,168.999936,True,0.9305122494697571
f94d2c284.jpg,83.00006400000001,True,0.8502646088600159
f96a6a64e.jpg,28.99968,True,0.570341169834137
f96ff71b1.jpg,158.999808,True,0.9159191846847534
f97e961f2.jpg,144.0,True,0.8627412915229797
f98ba09af.jpg,25.999872000000003,False,0.0
f98ba09af.jpg,26.999808,True,0.43892621994018555
f98d30216.jpg,4.99968,False,0.0
f98f65d64.jpg,14.999808,True,0.57545405626297
f99afa15f.jpg,84.0,True,0.8182033896446228
f99afa15f.jpg,90.000384,True,0.8789105415344238
f99afa15f.jpg,90.000384,True,0.887269914150238
f99afa15f.jpg,64.99968,True,0.8620651960372925
f99afa15f.jpg,42.000384,True,0.8083131909370422
f99afa15f.jpg,73.999872,True,0.90074223279953
f99afa15f.jpg,12.999936000000002,False,0.0
f99afa15f.jpg,79.00032,True,0.8820890784263611
f99afa15f.jpg,15.999744,True,0.06161801889538765
f99afa15f.jpg,16.999679999999998,True,0.3635592758655548
f99afa15f.jpg,39.999744,True,0.7714079022407532
f9c5ec37c.jpg,168.0,True,0.8467037081718445
f9c5ec37c.jpg,146.999808,True,0.8701103925704956
f9c5ec37c.jpg,160.99967999999998,True,0.8620097041130066
f9e5eb506.jpg,12.0,True,0.45058900117874146
f9fb969b4.jpg,92.000256,True,0.8157029151916504
f9fc053c9.jpg,116.00025600000001,True,0.868066132068634
fa02f2102.jpg,15.999744,False,0.0
fa02f2102.jpg,23.000064,False,0.0
fa02f2102.jpg,22.000128,True,0.05391289293766022
fa092f735.jpg,190.00012800000002,True,0.8354682326316833
fa0adedf4.jpg,33.000192,True,0.7121315002441406
fa0adedf4.jpg,28.99968,True,0.7207062840461731
fa0adedf4.jpg,28.99968,True,0.7722560167312622
fa1633dcc.jpg,219.999744,True,0.917620062828064
fa1633dcc.jpg,12.999936000000002,True,0.339240700006485
fa36defc8.jpg,12.0,False,0.0
fa45b1ba3.jpg,40.99968,False,0.0
fa53811e2.jpg,26.999808,True,0.4805920720100403
fa7ae82f8.jpg,44.000256,True,0.7649648189544678
fa7ae82f8.jpg,165.000192,True,0.879631757736206
fa90f25a1.jpg,27.999744,True,0.07621394842863083
fa9d579c1.jpg,47.000064,True,0.6420205235481262
fac263d5d.jpg,190.00012800000002,True,0.9384613037109375
fac263d5d.jpg,26.999808,True,0.34143537282943726
fac732b9a.jpg,24.0,True,0.2536656856536865
facdf829f.jpg,51.99974400000001,True,0.7421757578849792
facf4bea1.jpg,74.999808,True,0.8539829850196838
facf5a92c.jpg,12.999936000000002,False,0.0
facf5a92c.jpg,57.000192,True,0.7321168184280396
facf5a92c.jpg,37.999872,True,0.608892560005188
facf5a92c.jpg,10.000128,False,0.0
facf5a92c.jpg,19.000320000000002,True,0.07750565558671951
fada39cd3.jpg,26.999808,False,0.0
fadc3eb1b.jpg,33.000192,True,0.4354305565357208
fade6c947.jpg,70.000128,True,0.8475610017776489
faf5ea5e1.jpg,80.000256,True,0.8263625502586365
faf5ea5e1.jpg,173.999616,True,0.881170392036438
fb05dd5a8.jpg,21.000192,True,0.424778014421463
fb08c0cb8.jpg,40.99968,True,0.27520009875297546
fb098d758.jpg,12.0,True,0.05342831090092659
fb098d758.jpg,160.99967999999998,True,0.9028075337409973
fb2b9197a.jpg,25.999872000000003,True,0.36846473813056946
fb385591a.jpg,18.000384,True,0.2551861107349396
fb5694ab5.jpg,19.000320000000002,True,0.2077103853225708
fb6b1796d.jpg,197.999616,True,0.881385087966919
fba7b297b.jpg,123.99974399999999,True,0.8287525773048401
fbab78677.jpg,251.00006399999998,True,0.8998655676841736
fbb212db7.jpg,71.00006400000001,True,0.8593825101852417
fbb212db7.jpg,19.000320000000002,True,0.5069208741188049
fbb6f5df0.jpg,16.999679999999998,True,0.38172024488449097
fbb6f5df0.jpg,74.999808,True,0.7904712557792664
fbb6f5df0.jpg,149.999616,True,0.8805691599845886
fbb6f5df0.jpg,151.00032000000002,True,0.9317454695701599
fbc1c89af.jpg,33.000192,True,0.8333259224891663
fbc64a8d1.jpg,12.0,True,0.5797497034072876
fbc7677e3.jpg,26.999808,True,0.4856511652469635
fbd56ed37.jpg,86.999808,True,0.8485222458839417
fbedd4a48.jpg,72.0,True,0.8613592386245728
fbedeab76.jpg,39.999744,True,0.14226366579532623
fc09b728c.jpg,158.999808,True,0.8936647176742554
fc18fcf4a.jpg,37.999872,True,0.7944958209991455
fc3b36e99.jpg,31.00032,False,0.0
fc46f4ec0.jpg,13.999872,True,0.10413535684347153
fc46f4ec0.jpg,15.999744,False,0.0
fc7edde4c.jpg,12.999936000000002,True,0.28196027874946594
fc7edde4c.jpg,11.000064,True,0.43164971470832825
fc86ffbe7.jpg,168.999936,True,0.922420859336853
fcc156915.jpg,20.000256,True,0.22438713908195496
fcc156915.jpg,12.0,False,0.0
fcd2295a1.jpg,103.00032000000002,True,0.7925946712493896
fcd2295a1.jpg,62.999808,True,0.8217746019363403
fcd2295a1.jpg,86.999808,True,0.8435876965522766
fcd2295a1.jpg,63.99974400000001,True,0.8333730101585388
fcd2295a1.jpg,84.99993599999999,True,0.8225901126861572
fd3011186.jpg,202.00012800000002,True,0.9040328860282898
fd31cc8d9.jpg,57.000192,True,0.7465040683746338
fd475a3f7.jpg,7.00032,False,0.0
fd5606835.jpg,8.000256,True,0.07233685255050659
fd56e5a5c.jpg,10.000128,True,0.2640596032142639
fd5a78090.jpg,36.0,True,0.13167411088943481
fd69a195a.jpg,11.000064,False,0.0
fd8993afe.jpg,392.00025600000004,True,0.8026614785194397
fd9876268.jpg,69.000192,True,0.7978535890579224
fda6d2ae9.jpg,16.999679999999998,True,0.6448332071304321
fda9e0b01.jpg,14.999808,True,0.2935541570186615
fdca29d51.jpg,67.00032,True,0.8852083683013916
fdf72e203.jpg,67.00032,True,0.20345479249954224
fdf72e203.jpg,56.00025599999999,False,0.0
fdf72e203.jpg,85.999872,False,0.0
fdf72e203.jpg,49.999871999999996,False,0.0
fdf72e203.jpg,60.999936,False,0.0
fdf72e203.jpg,16.999679999999998,False,0.0
fdf72e203.jpg,10.000128,False,0.0
fdf72e203.jpg,61.999871999999996,False,0.0
fdf72e203.jpg,11.000064,False,0.0
fe2420ce9.jpg,14.999808,True,0.18741433322429657
fe358c0cd.jpg,23.000064,True,0.5493806600570679
fe3a13aae.jpg,9.000192,False,0.0
fe3a13aae.jpg,155.000064,True,0.916009783744812
fe662680f.jpg,22.000128,True,0.22729158401489258
fe662680f.jpg,22.000128,True,0.10374272614717484
fe86a8ad4.jpg,15.999744,False,0.0
fe86a8ad4.jpg,13.999872,False,0.0
fe86a8ad4.jpg,12.999936000000002,False,0.0
fe86a8ad4.jpg,12.999936000000002,False,0.0
fe86a8ad4.jpg,11.000064,True,0.42780929803848267
fe86a8ad4.jpg,12.999936000000002,False,0.0
fe86a8ad4.jpg,20.000256,True,0.5702086687088013
fe86a8ad4.jpg,12.0,False,0.0
fe86a8ad4.jpg,14.999808,True,0.2691550552845001
fe86a8ad4.jpg,24.0,True,0.106098473072052
fe86a8ad4.jpg,13.999872,False,0.0
fe87287d5.jpg,133.99987199999998,True,0.8692793250083923
fe930020c.jpg,217.99987199999998,True,0.841041624546051
feb30b892.jpg,59.000064,True,0.7842519283294678
feb7e1083.jpg,42.000384,True,0.7339580655097961
fecfeb199.jpg,7.00032,False,0.0
feee3f6fc.jpg,95.00006400000001,True,0.8807156682014465
fef62c4c6.jpg,15.999744,True,0.34219616651535034
fef62c4c6.jpg,60.999936,True,0.7898738384246826
fef62c4c6.jpg,60.999936,True,0.7893328666687012
fef62c4c6.jpg,20.000256,True,0.09053173661231995
fefeb074d.jpg,15.999744,True,0.33670538663864136
ff13f7ab0.jpg,23.000064,True,0.37127774953842163
ff2ba78bb.jpg,12.0,False,0.0
ff2ba78bb.jpg,12.0,False,0.0
ff2ba78bb.jpg,9.000192,False,0.0
ff2ba78bb.jpg,16.999679999999998,False,0.0
ff2d21be9.jpg,14.999808,True,0.6225203275680542
ff2d21be9.jpg,19.000320000000002,True,0.1311189979314804
ff2d21be9.jpg,20.000256,True,0.37103044986724854
ff3a0b066.jpg,79.00032,True,0.8177403807640076
ff3a3bbbc.jpg,13.999872,True,0.47903549671173096
ff3a3bbbc.jpg,7.00032,True,0.28940171003341675
ff3f6dae7.jpg,77.999616,True,0.7729165554046631
ff3f6dae7.jpg,116.00025600000001,True,0.8010293245315552
ff3f6dae7.jpg,173.999616,True,0.8903541564941406
ff62ddad4.jpg,59.000064,True,0.7680006623268127
ff6df12de.jpg,38.999808,True,0.7048436403274536
ff6df12de.jpg,73.999872,True,0.8343318700790405
ff7caf167.jpg,134.999808,True,0.8559110760688782
ff7caf167.jpg,64.99968,True,0.8458023071289062
ff82168c6.jpg,8.000256,True,0.06348329782485962
ff82168c6.jpg,10.000128,False,0.0
ff8ace074.jpg,18.000384,True,0.3566400706768036
ff8ace074.jpg,18.000384,True,0.6165311932563782
ff8ace074.jpg,24.0,True,0.21230746805667877
ff9252791.jpg,8.000256,False,0.0
ff9252791.jpg,16.999679999999998,True,0.3755550682544708
ffa9569bf.jpg,21.000192,True,0.07225319743156433
ffa9569bf.jpg,21.000192,False,0.0
ffae6c2e5.jpg,31.00032,True,0.18929333984851837
ffb6af57c.jpg,21.000192,True,0.07442322373390198
ffb6af57c.jpg,20.000256,True,0.48439890146255493
ffb6af57c.jpg,25.999872000000003,True,0.19907325506210327
ffb6af57c.jpg,24.999935999999998,False,0.0
ffb6af57c.jpg,19.000320000000002,True,0.4520561993122101
ffc4a4a05.jpg,24.999935999999998,True,0.7898489832878113
ffc4a4a05.jpg,40.99968,True,0.8100730776786804
ffc4a4a05.jpg,8.000256,False,0.0
ffc4a4a05.jpg,16.999679999999998,True,0.3767872750759125
ffd1999b4.jpg,19.000320000000002,True,0.2969440519809723
ffd5c101e.jpg,86.999808,True,0.8402007818222046
ffd5c101e.jpg,64.99968,True,0.857891857624054
ffe89d4cb.jpg,184.99967999999998,True,0.9107476472854614
ffe89d4cb.jpg,213.00019199999997,True,0.9193446636199951
ffe89d4cb.jpg,31.00032,True,0.6164532899856567
ffec95ea3.jpg,21.000192,True,0.6240531802177429
ffecdeb53.jpg,12.0,True,0.07266005873680115
fff529a0e.jpg,12.999936000000002,True,0.15012645721435547
fff67c31a.jpg,28.99968,False,0.0
fff909871.jpg,38.999808,True,0.7773551344871521
