product,quality,bytes,ship_px,psnr
thumbnail 96px,60,804,,
whole tile q40,40,13821,,39.650360708242104
whole tile q60,60,18057,,42.35145907086557
crop tight q20,20,662,16.999679999999998,30.375912620555113
crop tight q40,40,677,16.999679999999998,32.176614979354966
crop tight q60,60,698,16.999679999999998,33.36136934283785
crop tight q80,80,735,16.999679999999998,35.8411300880965
crop tight q95,95,861,16.999679999999998,42.59751048657128
crop context q20,20,659,16.999679999999998,32.400255235644934
crop context q40,40,683,16.999679999999998,34.239142765033776
crop context q60,60,704,16.999679999999998,35.34417495624687
crop context q80,80,762,16.999679999999998,37.769593511800615
crop context q95,95,943,16.999679999999998,43.91079131249888
crop wake q20,20,681,16.999679999999998,34.676367851818554
crop wake q40,40,714,16.999679999999998,36.440031164597755
crop wake q60,60,759,16.999679999999998,38.066672220485685
crop wake q80,80,855,16.999679999999998,40.27866177694449
crop wake q95,95,1191,16.999679999999998,46.10104127205781
crop wake jp2,-1,1363,16.999679999999998,44.25293886368709
thumbnail 96px,60,1692,,
whole tile q40,40,125357,,24.242461223225796
whole tile q60,60,159367,,26.268251799816206
crop tight q20,20,853,29.999616,23.7719588608611
crop tight q40,40,966,29.999616,25.842624712130963
crop tight q60,60,1069,29.999616,27.76785906958785
crop tight q80,80,1257,29.999616,31.620033498474168
crop tight q95,95,1811,29.999616,41.44490884640511
crop tight jp2,-1,882,29.999616,23.920800433979927
crop context q20,20,949,29.999616,23.411524052219043
crop context q40,40,1127,29.999616,25.431915258337774
crop context q60,60,1277,29.999616,27.424945351869372
crop context q80,80,1586,29.999616,31.077113383537625
crop context q95,95,2374,29.999616,41.0425130149207
crop context jp2,-1,1706,29.999616,26.283276905357834
crop wake q20,20,1449,29.999616,23.26464241349129
crop wake q40,40,1905,29.999616,25.353636622010004
crop wake q60,60,2319,29.999616,27.13648391053106
crop wake q80,80,3147,29.999616,30.944106332074902
crop wake q95,95,5271,29.999616,41.32437268103769
crop wake jp2,-1,4114,29.999616,27.31839479669805
thumbnail 96px,60,1064,,
whole tile q40,40,32034,,38.20241862472513
whole tile q60,60,41793,,40.25969162514453
crop tight q20,20,1642,145.99987199999998,34.10149006838246
crop tight q40,40,2417,145.99987199999998,37.018747814779
crop tight q60,60,3116,145.99987199999998,39.40799169632369
crop tight q80,80,4390,145.99987199999998,42.92341518704205
crop tight q95,95,8129,145.99987199999998,47.82241549451774
crop tight jp2,-1,21033,145.99987199999998,48.769259834962085
crop context q20,20,2335,145.99987199999998,34.44492954188336
crop context q40,40,3750,145.99987199999998,37.565582236765664
crop context q60,60,5041,145.99987199999998,39.64277892614944
crop context q80,80,7348,145.99987199999998,42.68327809972702
crop context q95,95,15006,145.99987199999998,47.01495896079703
crop context jp2,-1,40478,145.99987199999998,49.18062950388388
crop wake q20,20,4327,145.99987199999998,34.6575909451467
crop wake q40,40,7719,145.99987199999998,37.95838247660357
crop wake q60,60,10595,145.99987199999998,39.933619481622074
crop wake q80,80,16025,145.99987199999998,42.92406454081278
crop wake q95,95,33861,145.99987199999998,47.21116450440404
crop wake jp2,-1,99391,145.99987199999998,49.539682069684304
crop tight q20,20,639,9.000192,32.12797375288955
crop tight q40,40,645,9.000192,33.533863889886966
crop tight q60,60,650,9.000192,34.48091837372003
crop tight q80,80,666,9.000192,37.43782365700739
crop tight q95,95,712,9.000192,42.86741097037384
crop context q20,20,650,9.000192,33.36624339430629
crop context q40,40,656,9.000192,35.3339477584186
crop context q60,60,666,9.000192,37.51356110954789
crop context q80,80,679,9.000192,39.10267442099263
crop context q95,95,734,9.000192,43.50224176747826
crop wake q20,20,665,9.000192,33.7328024675835
crop wake q40,40,681,9.000192,36.13640265795184
crop wake q60,60,696,9.000192,37.66928241007883
crop wake q80,80,728,9.000192,40.3757923978887
crop wake q95,95,835,9.000192,43.76147087873501
crop tight q20,20,1069,95.00006400000001,34.19807853819268
crop tight q40,40,1400,95.00006400000001,37.35132172853475
crop tight q60,60,1647,95.00006400000001,39.267730250596614
crop tight q80,80,2379,95.00006400000001,44.17044425932134
crop tight q95,95,3742,95.00006400000001,49.866842552320335
crop tight jp2,-1,9083,95.00006400000001,48.2235511549348
crop context q20,20,1344,95.00006400000001,34.693401550958285
crop context q40,40,1917,95.00006400000001,37.95402716112307
crop context q60,60,2449,95.00006400000001,39.53664630565776
crop context q80,80,3398,95.00006400000001,42.53209236572317
crop context q95,95,6610,95.00006400000001,46.66396805348988
crop context jp2,-1,17287,95.00006400000001,48.9783872521796
crop wake q20,20,2131,95.00006400000001,34.95038348501563
crop wake q40,40,3550,95.00006400000001,38.35758866295635
crop wake q60,60,4567,95.00006400000001,40.17156575663239
crop wake q80,80,7681,95.00006400000001,45.716751881604274
crop wake q95,95,13266,95.00006400000001,53.314218089092705
crop wake jp2,-1,42164,95.00006400000001,49.612131112166466
crop tight q20,20,1111,90.000384,33.24579574210599
crop tight q40,40,1427,90.000384,36.47444255978347
crop tight q60,60,1715,90.000384,38.29742797113026
crop tight q80,80,2236,90.000384,41.03165034436694
crop tight q95,95,4006,90.000384,45.33044090642308
crop tight jp2,-1,8013,90.000384,46.52637905268976
crop context q20,20,1342,90.000384,33.95602465371502
crop context q40,40,1864,90.000384,37.274761135903354
crop context q60,60,2327,90.000384,39.35272731693681
crop context q80,80,3199,90.000384,42.49368191957342
crop context q95,95,5852,90.000384,47.83488507915531
crop context jp2,-1,14053,90.000384,47.57707210727983
crop wake q20,20,1874,90.000384,34.64675156361896
crop wake q40,40,2913,90.000384,37.789440720560854
crop wake q60,60,3830,90.000384,39.876460054814835
crop wake q80,80,5497,90.000384,43.21348118051495
crop wake q95,95,10776,90.000384,48.3312551883462
crop wake jp2,-1,28355,90.000384,48.81975776154789
crop tight q20,20,1164,97.999872,33.54895906838573
crop tight q40,40,1529,97.999872,36.86552310677728
crop tight q60,60,1853,97.999872,38.787825228422946
crop tight q80,80,2476,97.999872,41.750299326303704
crop tight q95,95,4430,97.999872,46.38165052548995
crop tight jp2,-1,9477,97.999872,46.950943504267705
crop context q20,20,1472,97.999872,34.18987470783512
crop context q40,40,2128,97.999872,37.351668216066884
crop context q60,60,2723,97.999872,39.344581591398054
crop context q80,80,3805,97.999872,42.17757353599191
crop context q95,95,7460,97.999872,46.48897416934422
crop context jp2,-1,18364,97.999872,48.69242170741687
crop wake q20,20,2474,97.999872,34.493564353420574
crop wake q40,40,4015,97.999872,37.82581067032997
crop wake q60,60,5423,97.999872,39.777898554904894
crop wake q80,80,7940,97.999872,42.759691160225294
crop wake q95,95,16257,97.999872,47.309427372423215
crop wake jp2,-1,44654,97.999872,49.21891099822783
thumbnail 96px,60,1241,,
whole tile q40,40,60694,,35.521121218310796
whole tile q60,60,75126,,37.758493445510176
crop tight q20,20,1404,91.00032,31.64817491884048
crop tight q40,40,1813,91.00032,35.00398405647182
crop tight q60,60,2132,91.00032,37.023113849006535
crop tight q80,80,2764,91.00032,39.80013601568209
crop tight q95,95,4885,91.00032,44.40079233318275
crop tight jp2,-1,8127,91.00032,43.58262728301871
crop context q20,20,2077,91.00032,31.740045706412392
crop context q40,40,2837,91.00032,35.27647511186899
crop context q60,60,3420,91.00032,37.27608628686118
crop context q80,80,4601,91.00032,40.30796758042986
crop context q95,95,8453,91.00032,46.05763343432806
crop context jp2,-1,14876,91.00032,43.642782546512855
crop wake q20,20,3740,91.00032,31.705396390206335
crop wake q40,40,5209,91.00032,35.14297437716027
crop wake q60,60,6434,91.00032,36.93465337358581
crop wake q80,80,8870,91.00032,39.707434829942784
crop wake q95,95,17180,91.00032,44.92622037279287
crop wake jp2,-1,30229,91.00032,43.58143389279122
thumbnail 96px,60,831,,
whole tile q40,40,39800,,38.22762354260846
whole tile q60,60,50263,,40.692178708676124
crop tight q20,20,733,34.000128,32.00366656999829
crop tight q40,40,793,34.000128,35.21094255224835
crop tight q60,60,836,34.000128,37.07497384764754
crop tight q80,80,932,34.000128,40.04110922992774
crop tight q95,95,1242,34.000128,44.5353676051251
crop tight jp2,-1,1172,34.000128,40.911570621018896
crop context q20,20,799,34.000128,33.22379552411189
crop context q40,40,887,34.000128,36.589663178387084
crop context q60,60,968,34.000128,38.36991417974537
crop context q80,80,1122,34.000128,40.965430353624804
crop context q95,95,1648,34.000128,45.39981602835229
crop context jp2,-1,2230,34.000128,44.477436692140635
crop wake q20,20,957,34.000128,34.247341029873276
crop wake q40,40,1178,34.000128,37.49244637459958
crop wake q60,60,1355,34.000128,39.49561282633293
crop wake q80,80,1679,34.000128,42.05361961011529
crop wake q95,95,2846,34.000128,46.6606590380723
crop wake jp2,-1,5404,34.000128,46.39433771956709
crop tight q20,20,718,33.000192,32.5439910389355
crop tight q40,40,768,33.000192,36.078613574571804
crop tight q60,60,815,33.000192,37.9808329474531
crop tight q80,80,896,33.000192,41.41302478817728
crop tight q95,95,1160,33.000192,46.280216481212655
crop tight jp2,-1,1066,33.000192,41.591591271412796
crop context q20,20,775,33.000192,33.44660152954047
crop context q40,40,866,33.000192,36.64542781201588
crop context q60,60,936,33.000192,38.74289868429781
crop context q80,80,1084,33.000192,41.20236019063669
crop context q95,95,1573,33.000192,45.97037726644022
crop context jp2,-1,2054,33.000192,44.34825779621208
crop wake q20,20,958,33.000192,34.239281727361195
crop wake q40,40,1176,33.000192,37.369318139874174
crop wake q60,60,1345,33.000192,39.39169210494057
crop wake q80,80,1688,33.000192,42.12431815095127
crop wake q95,95,2839,33.000192,46.713378132635796
crop wake jp2,-1,5097,33.000192,46.084130021042014
crop tight q20,20,720,34.000128,32.36522190641262
crop tight q40,40,770,34.000128,35.458185978071974
crop tight q60,60,821,34.000128,37.913339390818145
crop tight q80,80,905,34.000128,40.60088757070568
crop tight q95,95,1191,34.000128,44.75250413651726
crop tight jp2,-1,1148,34.000128,42.27855786343311
crop context q20,20,782,34.000128,33.535931810555965
crop context q40,40,872,34.000128,36.890686160909205
crop context q60,60,958,34.000128,38.782926417912634
crop context q80,80,1101,34.000128,41.51332860075403
crop context q95,95,1602,34.000128,45.72957634700538
crop context jp2,-1,2224,34.000128,44.81761839100941
crop wake q20,20,959,34.000128,34.38646188832887
crop wake q40,40,1173,34.000128,37.868134067131024
crop wake q60,60,1359,34.000128,39.95904776080396
crop wake q80,80,1672,34.000128,42.992823198172175
crop wake q95,95,2796,34.000128,48.13601628684633
crop wake jp2,-1,5427,34.000128,46.55107646150746
thumbnail 96px,60,923,,
whole tile q40,40,22845,,40.47943958914765
whole tile q60,60,29732,,41.95825450474779
crop tight q20,20,1007,86.999808,34.39545673968556
crop tight q40,40,1239,86.999808,38.11939523172682
crop tight q60,60,1461,86.999808,39.84288626599724
crop tight q80,80,1885,86.999808,42.75851620833755
crop tight q95,95,3349,86.999808,46.73887307982599
crop tight jp2,-1,7310,86.999808,49.56644606617967
crop context q20,20,1173,86.999808,34.654832705343644
crop context q40,40,1573,86.999808,39.193579329811016
crop context q60,60,1948,86.999808,40.64569663130857
crop context q80,80,2656,86.999808,43.93151208613534
crop context q95,95,5149,86.999808,48.166283785518836
crop context jp2,-1,14313,86.999808,51.134413573842295
crop wake q20,20,1717,86.999808,35.13458938460738
crop wake q40,40,2589,86.999808,40.07345879837109
crop wake q60,60,3452,86.999808,41.1857601491721
crop wake q80,80,5042,86.999808,44.87212676731425
crop wake q95,95,10454,86.999808,49.037294719175755
crop wake jp2,-1,35284,86.999808,52.40719080061091
thumbnail 96px,60,895,,
whole tile q40,40,35955,,37.51750948166199
whole tile q60,60,46060,,40.12842359811003
crop tight q20,20,1690,167.000064,32.949056753353084
crop tight q40,40,2428,167.000064,36.81015419016524
crop tight q60,60,3005,167.000064,38.5849242841407
crop tight q80,80,4153,167.000064,41.96354486717597
crop tight q95,95,7701,167.000064,47.07156408920746
crop tight jp2,-1,17182,167.000064,46.09994419552416
crop context q20,20,2395,167.000064,33.274261497126105
crop context q40,40,3687,167.000064,37.24143437713786
crop context q60,60,4774,167.000064,38.951630006403605
crop context q80,80,6732,167.000064,42.410805633348346
crop context q95,95,13160,167.000064,47.549095398618874
crop context jp2,-1,31515,167.000064,46.587970914755005
crop wake q20,20,4256,167.000064,33.61801049179723
crop wake q40,40,7064,167.000064,37.40058159305558
crop wake q60,60,9493,167.000064,39.30651445553358
crop wake q80,80,13805,167.000064,42.99448212775327
crop wake q95,95,27147,167.000064,48.245257994170665
crop wake jp2,-1,72624,167.000064,47.46713567373297
thumbnail 96px,60,1774,,
whole tile q40,40,68711,,33.392933390630795
whole tile q60,60,86271,,35.40130294958457
crop tight q20,20,1189,60.999936,29.05862253901489
crop tight q40,40,1435,60.999936,32.12024994996983
crop tight q60,60,1647,60.999936,33.875826565117606
crop tight q80,80,2072,60.999936,36.556452710528674
crop tight q95,95,3422,60.999936,42.06680239343471
crop tight jp2,-1,3738,60.999936,37.794058638374096
crop context q20,20,1715,60.999936,29.08912164978599
crop context q40,40,2205,60.999936,31.894037727463118
crop context q60,60,2627,60.999936,33.695630918741415
crop context q80,80,3469,60.999936,36.35733013828525
crop context q95,95,6161,60.999936,42.162408253083754
crop context jp2,-1,7071,60.999936,38.47319926469666
crop wake q20,20,3045,60.999936,29.319264061425
crop wake q40,40,4142,60.999936,32.336786274978564
crop wake q60,60,5073,60.999936,34.16327675338435
crop wake q80,80,6995,60.999936,37.17037701669667
crop wake q95,95,12653,60.999936,42.66335012849326
crop wake jp2,-1,17422,60.999936,39.471520997408945
thumbnail 96px,60,873,,
whole tile q40,40,16197,,37.96418719898028
whole tile q60,60,22778,,39.224740431337864
crop tight q20,20,2690,228.0,32.31652812694526
crop tight q40,40,3798,228.0,34.146400514080575
crop tight q60,60,5333,228.0,35.65865608743154
crop tight q80,80,8815,228.0,38.11859184806348
crop tight q95,95,20340,228.0,44.28076965540588
crop tight jp2,-1,45481,228.0,45.10848694096842
crop context q20,20,3450,228.0,33.628389956431064
crop context q40,40,4937,228.0,35.33292336094379
crop context q60,60,7396,228.0,36.89987597732467
crop context q80,80,13345,228.0,39.63910333560961
crop context q95,95,29598,228.0,46.28105604634819
crop context jp2,-1,77054,228.0,46.159715091362784
crop wake q20,20,4850,228.0,35.07087108518683
crop wake q40,40,6908,228.0,36.585631290449314
crop wake q60,60,11022,228.0,37.938178534361526
crop wake q80,80,21772,228.0,40.637447436902335
crop wake q95,95,48572,228.0,46.95234637659132
crop wake jp2,-1,141914,228.0,47.47129636108396
thumbnail 96px,60,1391,,
whole tile q40,40,107163,,25.4541433907018
whole tile q60,60,136128,,27.309421887551387
crop tight q20,20,6371,194.99980800000003,24.037126116673043
crop tight q40,40,9786,194.99980800000003,26.006428391729358
crop tight q60,60,12988,194.99980800000003,27.674375623608547
crop tight q80,80,19259,194.99980800000003,31.30514300539547
crop tight q95,95,35437,194.99980800000003,41.6266427802583
crop tight jp2,-1,37548,194.99980800000003,30.824858504427436
crop context q20,20,11600,194.99980800000003,23.913579708636433
crop context q40,40,18086,194.99980800000003,25.881192838903786
crop context q60,60,24360,194.99980800000003,27.528165627562878
crop context q80,80,36398,194.99980800000003,31.27087798298334
crop context q95,95,67552,194.99980800000003,41.63461333317442
crop context jp2,-1,72477,194.99980800000003,30.629242006552914
crop wake q20,20,25253,194.99980800000003,23.81845224915965
crop wake q40,40,40088,194.99980800000003,25.776409997237003
crop wake q60,60,54167,194.99980800000003,27.441822202563483
crop wake q80,80,81522,194.99980800000003,31.21402440626179
crop wake q95,95,151042,194.99980800000003,41.66905957676362
crop wake jp2,-1,162382,194.99980800000003,30.585958702665796
thumbnail 96px,60,853,,
whole tile q40,40,29857,,38.102356971420086
whole tile q60,60,38750,,41.20060679925386
crop tight q20,20,1394,114.000384,32.77995634669225
crop tight q40,40,1872,114.000384,36.252635355939006
crop tight q60,60,2295,114.000384,38.18080968285974
crop tight q80,80,3156,114.000384,41.33082202034649
crop tight q95,95,5598,114.000384,46.74920953405939
crop tight jp2,-1,11891,114.000384,46.44843543030657
crop context q20,20,1704,114.000384,33.38381625282051
crop context q40,40,2439,114.000384,36.827770890317964
crop context q60,60,3122,114.000384,39.029837468556316
crop context q80,80,4415,114.000384,42.02466244758318
crop context q95,95,8235,114.000384,47.533214712149245
crop context jp2,-1,20187,114.000384,48.063551853331845
crop wake q20,20,2364,114.000384,34.07994826821097
crop wake q40,40,3742,114.000384,37.4442041022239
crop wake q60,60,4637,114.000384,39.930428079539254
crop wake q80,80,7642,114.000384,46.06004343438862
crop wake q95,95,12651,114.000384,59.57042761843935
crop wake jp2,-1,38137,114.000384,48.94060477772079
thumbnail 96px,60,1496,,
whole tile q40,40,66135,,34.66822642301153
whole tile q60,60,82235,,36.67433508574063
crop tight q20,20,1579,85.999872,30.53946504047468
crop tight q40,40,1998,85.999872,33.56848008245574
crop tight q60,60,2376,85.999872,35.33692880267671
crop tight q80,80,3116,85.999872,37.98251416560985
crop tight q95,95,5526,85.999872,42.506375850857204
crop tight jp2,-1,7266,85.999872,41.98417550989295
crop context q20,20,2265,85.999872,30.70568142483777
crop context q40,40,3054,85.999872,33.86086615826542
crop context q60,60,3734,85.999872,35.66369124384346
crop context q80,80,5040,85.999872,38.27620947590621
crop context q95,95,9316,85.999872,42.81555631123556
crop context jp2,-1,14028,85.999872,42.70983584642956
crop wake q20,20,4335,85.999872,31.01173998375247
crop wake q40,40,6107,85.999872,34.09259103073018
crop wake q60,60,7658,85.999872,35.870204631442384
crop wake q80,80,10615,85.999872,38.46030094499948
crop wake q95,95,20511,85.999872,42.994925758472604
crop wake jp2,-1,34547,85.999872,43.41424853903017
crop tight q20,20,5136,204.0,31.012264249934507
crop tight q40,40,7261,204.0,34.29316122898293
crop tight q60,60,8957,204.0,36.281938457817866
crop tight q80,80,13122,204.0,40.680269534844456
crop tight q95,95,22474,204.0,45.576470013876374
crop tight jp2,-1,41103,204.0,43.508975590215684
crop context q20,20,9035,204.0,31.101948510859934
crop context q40,40,13115,204.0,34.25326898140741
crop context q60,60,16503,204.0,36.01499930012195
crop context q80,80,23237,204.0,38.45874315759748
crop context q95,95,46336,204.0,43.016859383773564
crop context jp2,-1,79754,204.0,43.58136923748028
crop wake q20,20,20309,204.0,31.132136155779826
crop wake q40,40,29890,204.0,34.31325678881201
crop wake q60,60,37884,204.0,36.06843362960759
crop wake q80,80,53821,204.0,38.48759798533074
crop wake q95,95,108442,204.0,43.09809680568185
crop wake jp2,-1,190419,204.0,43.67468295753603
thumbnail 96px,60,856,,
whole tile q40,40,28285,,38.867121733111915
whole tile q60,60,37291,,41.20303821842269
crop tight q20,20,1735,164.000256,34.64915612029786
crop tight q40,40,2739,164.000256,36.79792454458123
crop tight q60,60,3566,164.000256,38.805727067323886
crop tight q80,80,5106,164.000256,41.52540293476234
crop tight q95,95,10207,164.000256,45.97103779300195
crop tight jp2,-1,26294,164.000256,49.170852028221994
crop context q20,20,2533,164.000256,35.61130625136653
crop context q40,40,4375,164.000256,37.86799020827016
crop context q60,60,5860,164.000256,39.991739281543
crop context q80,80,8671,164.000256,43.533231606911905
crop context q95,95,16947,164.000256,48.58667940412201
crop context jp2,-1,51667,164.000256,49.90121196820822
crop wake q20,20,4004,164.000256,36.34367759917281
crop wake q40,40,7687,164.000256,38.24101063711875
crop wake q60,60,10017,164.000256,40.53118982980987
crop wake q80,80,17419,164.000256,46.37671059189049
crop wake q95,95,30409,164.000256,55.589553465094774
crop wake jp2,-1,107400,164.000256,50.40728041218497
thumbnail 96px,60,2193,,
whole tile q40,40,70187,,34.15198075528515
whole tile q60,60,87492,,36.27934895456888
crop tight q20,20,838,38.999808,30.094439468525774
crop tight q40,40,931,38.999808,33.315026310190696
crop tight q60,60,1017,38.999808,35.200304662523244
crop tight q80,80,1165,38.999808,37.77024375366455
crop tight q95,95,1697,38.999808,42.25573494259539
crop tight jp2,-1,1490,38.999808,38.72545434118133
crop context q20,20,997,38.999808,30.252919453695924
crop context q40,40,1158,38.999808,33.393001004692586
crop context q60,60,1310,38.999808,35.4365866954273
crop context q80,80,1588,38.999808,37.88578724609091
crop context q95,95,2505,38.999808,42.446142830114574
crop context jp2,-1,2929,38.999808,41.338078754542835
crop wake q20,20,1463,38.999808,30.861280851973902
crop wake q40,40,1826,38.999808,34.11582388013883
crop wake q60,60,2166,38.999808,36.0058355115705
crop wake q80,80,2787,38.999808,38.52015803202128
crop wake q95,95,4816,38.999808,44.05918355557735
crop wake jp2,-1,6851,38.999808,43.54675989491894
thumbnail 96px,60,1650,,
whole tile q40,40,34610,,38.16399290577259
whole tile q60,60,44159,,40.368475224301335
crop tight q20,20,673,16.999679999999998,30.09970807164808
crop tight q40,40,692,16.999679999999998,33.310220835761264
crop tight q60,60,707,16.999679999999998,34.42288162576213
crop tight q80,80,741,16.999679999999998,37.2419855162297
crop tight q95,95,862,16.999679999999998,43.24430694592344
crop context q20,20,681,16.999679999999998,31.55502654022028
crop context q40,40,714,16.999679999999998,33.621025804511156
crop context q60,60,744,16.999679999999998,35.494004528316225
crop context q80,80,797,16.999679999999998,38.09267391764284
crop context q95,95,984,16.999679999999998,41.91869269929475
crop wake q20,20,723,16.999679999999998,32.83432445562503
crop wake q40,40,779,16.999679999999998,35.635411833113444
crop wake q60,60,835,16.999679999999998,37.052971302042536
crop wake q80,80,943,16.999679999999998,39.64958327862763
crop wake q95,95,1309,16.999679999999998,44.35388021818814
crop wake jp2,-1,1371,16.999679999999998,43.760125510136014
thumbnail 96px,60,1925,,
whole tile q40,40,124941,,23.639253478628028
whole tile q60,60,160911,,26.117548036334885
crop tight q20,20,653,11.000064,24.89045743512439
crop tight q40,40,666,11.000064,26.849938776728877
crop tight q60,60,680,11.000064,28.546580694623664
crop tight q80,80,706,11.000064,32.40310901482059
crop tight q95,95,785,11.000064,40.91964655922901
crop context q20,20,692,11.000064,24.156124374068987
crop context q40,40,724,11.000064,26.52233446817679
crop context q60,60,747,11.000064,28.332173545718558
crop context q80,80,794,11.000064,31.693739066180555
crop context q95,95,963,11.000064,42.0327085957304
crop wake q20,20,734,11.000064,24.129257888703147
crop wake q40,40,798,11.000064,26.429209700671503
crop wake q60,60,857,11.000064,27.815740158246417
crop wake q80,80,967,11.000064,31.83329343168313
crop wake q95,95,1306,11.000064,41.44271467744525
crop tight q20,20,651,9.000192,24.178758008152727
crop tight q40,40,664,9.000192,26.251923088023524
crop tight q60,60,677,9.000192,28.051645561426728
crop tight q80,80,698,9.000192,30.82420421232787
crop tight q95,95,767,9.000192,41.00889999551189
crop context q20,20,657,9.000192,23.1077900172809
crop context q40,40,674,9.000192,24.951628720248973
crop context q60,60,693,9.000192,26.85040261752446
crop context q80,80,725,9.000192,30.603735726984922
crop context q95,95,806,9.000192,41.623258343029676
crop wake q20,20,698,9.000192,23.8468625913826
crop wake q40,40,735,9.000192,25.809149067131706
crop wake q60,60,771,9.000192,27.559120866291707
crop wake q80,80,841,9.000192,31.22312452887423
crop wake q95,95,1028,9.000192,41.53180458048518
thumbnail 96px,60,839,,
whole tile q40,40,21779,,39.42287596140298
whole tile q60,60,29940,,41.58039160055984
crop tight q20,20,1801,175.00032000000002,34.65595499446652
crop tight q40,40,2654,175.00032000000002,38.19146001148794
crop tight q60,60,3543,175.00032000000002,40.177143577352304
crop tight q80,80,5174,175.00032000000002,43.35869964022511
crop tight q95,95,10460,175.00032000000002,47.470115634955135
crop tight jp2,-1,30307,175.00032000000002,50.06910629758902
crop context q20,20,2354,175.00032000000002,34.92809293087334
crop context q40,40,3618,175.00032000000002,38.652730768931406
crop context q60,60,5103,175.00032000000002,40.488047279768374
crop context q80,80,7694,175.00032000000002,43.589513570595486
crop context q95,95,16312,175.00032000000002,47.8019035867937
crop context jp2,-1,50983,175.00032000000002,50.62075249152364
crop wake q20,20,3788,175.00032000000002,35.295404687257516
crop wake q40,40,6229,175.00032000000002,39.02984256289763
crop wake q60,60,9040,175.00032000000002,40.858067979854496
crop wake q80,80,14304,175.00032000000002,43.960924041005015
crop wake q95,95,31303,175.00032000000002,48.24070982177321
crop wake jp2,-1,105773,175.00032000000002,51.34442501254445
crop tight q20,20,1205,133.99987199999998,35.169242520797496
crop tight q40,40,1640,133.99987199999998,38.47807877947976
crop tight q60,60,2132,133.99987199999998,40.722602860425745
crop tight q80,80,3068,133.99987199999998,43.64866623049683
crop tight q95,95,6115,133.99987199999998,47.8416556878516
crop tight jp2,-1,17528,133.99987199999998,50.471479616407464
crop context q20,20,1576,133.99987199999998,35.06165675644783
crop context q40,40,2350,133.99987199999998,38.9796226038045
crop context q60,60,3196,133.99987199999998,41.228814407881586
crop context q80,80,4761,133.99987199999998,44.57851979516668
crop context q95,95,9406,133.99987199999998,49.93766815064778
crop context jp2,-1,31166,133.99987199999998,51.17217354041158
crop wake q20,20,2303,133.99987199999998,35.22437104587069
crop wake q40,40,3656,133.99987199999998,39.148003803883995
crop wake q60,60,5450,133.99987199999998,41.468234285894724
crop wake q80,80,8485,133.99987199999998,45.03206586498747
crop wake q95,95,17728,133.99987199999998,50.29756849646123
crop wake jp2,-1,63331,133.99987199999998,51.68831129851603
thumbnail 96px,60,1323,,
whole tile q40,40,87468,,28.193940656082898
whole tile q60,60,108673,,29.600984997832448
crop tight q20,20,3357,141.000192,26.57020426943712
crop tight q40,40,4804,141.000192,28.54429761874034
crop tight q60,60,6140,141.000192,29.91838766632659
crop tight q80,80,9051,141.000192,32.87932504358998
crop tight q95,95,17500,141.000192,41.72660592087816
crop tight jp2,-1,19467,141.000192,33.945829843362944
crop context q20,20,5772,141.000192,26.503935716225588
crop context q40,40,8541,141.000192,28.442441618918124
crop context q60,60,11068,141.000192,29.783746718391622
crop context q80,80,16648,141.000192,32.77192320983103
crop context q95,95,32814,141.000192,41.85180530659866
crop context jp2,-1,38054,141.000192,33.99592969449361
crop wake q20,20,12337,141.000192,26.518420806308814
crop wake q40,40,18788,141.000192,28.386702114114946
crop wake q60,60,24718,141.000192,29.724447511599145
crop wake q80,80,37637,141.000192,32.664307685595325
crop wake q95,95,75654,141.000192,41.685474566952
crop wake jp2,-1,92612,141.000192,33.996295433527656
crop tight q20,20,1230,72.99993599999999,25.95605774610814
crop tight q40,40,1547,72.99993599999999,28.048960904437372
crop tight q60,60,1780,72.99993599999999,29.706619314480946
crop tight q80,80,2558,72.99993599999999,37.209177688961915
crop tight q95,95,3814,72.99993599999999,49.90630294917101
crop tight jp2,-1,3768,72.99993599999999,32.416762914669576
crop context q20,20,1488,72.99993599999999,26.18735300222836
crop context q40,40,1948,72.99993599999999,28.223096773586693
crop context q60,60,2283,72.99993599999999,29.75305323689588
crop context q80,80,3397,72.99993599999999,37.47166403047056
crop context q95,95,5244,72.99993599999999,51.49592391403939
crop context jp2,-1,5649,72.99993599999999,32.80077469960994
crop wake q20,20,2129,72.99993599999999,26.3206696323134
crop wake q40,40,2955,72.99993599999999,28.202073704550628
crop wake q60,60,3538,72.99993599999999,29.637730830119825
crop wake q80,80,5649,72.99993599999999,37.62331967147868
crop wake q95,95,9060,72.99993599999999,52.84983633789046
crop wake jp2,-1,10432,72.99993599999999,33.01936007616058
thumbnail 96px,60,847,,
whole tile q40,40,37407,,37.85502157281714
whole tile q60,60,47163,,40.52190474586985
crop tight q20,20,925,74.999808,34.39179878019425
crop tight q40,40,1141,74.999808,37.55563339298318
crop tight q60,60,1296,74.999808,39.87486682317958
crop tight q80,80,1642,74.999808,42.49091942136956
crop tight q95,95,2725,74.999808,46.62421047971476
crop tight jp2,-1,5513,74.999808,48.283182177233535
crop context q20,20,1141,74.999808,34.96610554971844
crop context q40,40,1500,74.999808,37.86957720786094
crop context q60,60,1811,74.999808,40.35799578214784
crop context q80,80,2415,74.999808,43.341900086277214
crop context q95,95,4252,74.999808,48.55965469125507
crop context jp2,-1,10396,74.999808,48.81396530640451
crop wake q20,20,1767,74.999808,34.90856529949899
crop wake q40,40,2559,74.999808,38.105235345089895
crop wake q60,60,3193,74.999808,40.47568736638799
crop wake q80,80,4520,74.999808,44.04447076256801
crop wake q95,95,8463,74.999808,49.370189117970554
crop wake jp2,-1,22651,74.999808,49.13788152448098
crop tight q20,20,660,14.999808,33.32089196788075
crop tight q40,40,672,14.999808,36.75818746062373
crop tight q60,60,686,14.999808,39.13973981987189
crop tight q80,80,708,14.999808,42.93295577380565
crop tight q95,95,787,14.999808,48.54294363475127
crop context q20,20,656,14.999808,34.383277717641995
crop context q40,40,678,14.999808,36.79039086385147
crop context q60,60,692,14.999808,38.979689076540154
crop context q80,80,721,14.999808,41.85757168400176
crop context q95,95,819,14.999808,45.70904860277572
crop wake q20,20,702,14.999808,33.840360261955794
crop wake q40,40,744,14.999808,36.92069198928572
crop wake q60,60,785,14.999808,38.87844958616299
crop wake q80,80,858,14.999808,41.912272791852516
crop wake q95,95,1114,14.999808,46.314769030426575
crop wake jp2,-1,1090,14.999808,43.208205482557716
thumbnail 96px,60,1226,,
whole tile q40,40,47647,,37.16492231772067
whole tile q60,60,58906,,39.5178537866681
crop tight q20,20,687,24.999935999999998,31.648240829868023
crop tight q40,40,719,24.999935999999998,35.613821320449446
crop tight q60,60,754,24.999935999999998,37.93353113920597
crop tight q80,80,802,24.999935999999998,40.72583386319729
crop tight q95,95,989,24.999935999999998,45.295714566379715
crop context q20,20,743,24.999935999999998,32.382174744422066
crop context q40,40,795,24.999935999999998,35.70802978141698
crop context q60,60,848,24.999935999999998,37.63345636341375
crop context q80,80,936,24.999935999999998,40.69048297117517
crop context q95,95,1254,24.999935999999998,45.286496377811964
crop context jp2,-1,1210,24.999935999999998,40.49324885131768
crop wake q20,20,874,24.999935999999998,32.673102000598526
crop wake q40,40,1008,24.999935999999998,36.23619356896778
crop wake q60,60,1107,24.999935999999998,38.44061577245055
crop wake q80,80,1324,24.999935999999998,40.922687675392254
crop wake q95,95,2061,24.999935999999998,45.55753963048895
crop wake jp2,-1,2894,24.999935999999998,43.74803440099952
crop tight q20,20,635,5.9996160000000005,32.02391214581735
crop tight q40,40,637,5.9996160000000005,37.2199990271451
crop tight q60,60,638,5.9996160000000005,36.677972658320655
crop tight q80,80,642,5.9996160000000005,40.05425704169862
crop tight q95,95,661,5.9996160000000005,45.57151808589771
crop context q20,20,639,5.9996160000000005,32.65401839322422
crop context q40,40,643,5.9996160000000005,35.99677412786519
crop context q60,60,647,5.9996160000000005,37.49980331658779
crop context q80,80,658,5.9996160000000005,39.453486352649215
crop context q95,95,686,5.9996160000000005,45.85902791131427
crop wake q20,20,646,5.9996160000000005,31.993872806708794
crop wake q40,40,653,5.9996160000000005,35.560599218797655
crop wake q60,60,664,5.9996160000000005,37.340063650001554
crop wake q80,80,678,5.9996160000000005,40.20170106037333
crop wake q95,95,731,5.9996160000000005,45.99415073530109
thumbnail 96px,60,2209,,
whole tile q40,40,67850,,34.73940726485253
whole tile q60,60,84736,,37.05973811504961
crop tight q20,20,689,16.999679999999998,29.076847841815542
crop tight q40,40,714,16.999679999999998,33.36441916483034
crop tight q60,60,734,16.999679999999998,35.20492053470014
crop tight q80,80,776,16.999679999999998,37.1236528611903
crop tight q95,95,928,16.999679999999998,41.95992605502297
crop context q20,20,719,16.999679999999998,30.271425075042167
crop context q40,40,762,16.999679999999998,33.352764466775845
crop context q60,60,798,16.999679999999998,34.932947037697055
crop context q80,80,876,16.999679999999998,38.128403710731085
crop context q95,95,1108,16.999679999999998,42.79802130311247
crop wake q20,20,812,16.999679999999998,31.009274851478082
crop wake q40,40,894,16.999679999999998,34.308393019811405
crop wake q60,60,962,16.999679999999998,36.353726599521615
crop wake q80,80,1102,16.999679999999998,39.34944317582402
crop wake q95,95,1557,16.999679999999998,44.65813053455417
crop wake jp2,-1,1335,16.999679999999998,38.11564765394775
thumbnail 96px,60,819,,
whole tile q40,40,29469,,38.451664434342085
whole tile q60,60,38293,,40.59380765560064
crop tight q20,20,730,36.999936,33.13032958773347
crop tight q40,40,784,36.999936,35.724877072585066
crop tight q60,60,848,36.999936,37.69121360620398
crop tight q80,80,949,36.999936,39.97247693328374
crop tight q95,95,1305,36.999936,44.83967795656263
crop tight jp2,-1,1325,36.999936,43.10280763841459
crop context q20,20,768,36.999936,34.46087017816917
crop context q40,40,867,36.999936,36.90934288497418
crop context q60,60,955,36.999936,38.83798670738877
crop context q80,80,1141,36.999936,41.47230228458351
crop context q95,95,1760,36.999936,45.81544694298894
crop context jp2,-1,2675,36.999936,45.42962492823804
crop wake q20,20,897,36.999936,35.30101212610441
crop wake q40,40,1102,36.999936,37.72836686365806
crop wake q60,60,1282,36.999936,39.66864687573831
crop wake q80,80,1676,36.999936,42.646750860198765
crop wake q95,95,2926,36.999936,46.92732463563288
crop wake jp2,-1,6331,36.999936,48.44552542280093
crop tight q20,20,719,36.999936,33.97977554562963
crop tight q40,40,777,36.999936,36.9570994630706
crop tight q60,60,821,36.999936,38.933210003937624
crop tight q80,80,917,36.999936,41.27624634149413
crop tight q95,95,1245,36.999936,45.50451462169268
crop tight jp2,-1,1367,36.999936,44.443484804456986
crop context q20,20,760,36.999936,34.886390090273785
crop context q40,40,859,36.999936,37.36520804558981
crop context q60,60,957,36.999936,39.33382009842931
crop context q80,80,1118,36.999936,42.4950096631831
crop context q95,95,1666,36.999936,46.638670599266874
crop context jp2,-1,2658,36.999936,46.53861080707303
crop wake q20,20,875,36.999936,35.54396015380006
crop wake q40,40,1110,36.999936,37.99367487460527
crop wake q60,60,1312,36.999936,40.101862217776244
crop wake q80,80,1692,36.999936,43.88809035625437
crop wake q95,95,2811,36.999936,48.90701046550413
crop wake jp2,-1,6391,36.999936,48.930541710859636
crop tight q20,20,642,12.0,31.933944230476882
crop tight q40,40,650,12.0,33.86469665334721
crop tight q60,60,656,12.0,35.33605995427431
crop tight q80,80,676,12.0,38.72567804920638
crop tight q95,95,728,12.0,43.44319501297959
crop context q20,20,665,12.0,32.868342040561075
crop context q40,40,681,12.0,34.19055771305067
crop context q60,60,700,12.0,36.72023098130422
crop context q80,80,729,12.0,39.689572889151606
crop context q95,95,835,12.0,43.90887479055679
crop wake q20,20,682,12.0,33.060945524218425
crop wake q40,40,709,12.0,35.492602342312686
crop wake q60,60,739,12.0,37.11027993563565
crop wake q80,80,795,12.0,39.9861077553819
crop wake q95,95,995,12.0,44.405092844002034
thumbnail 96px,60,1554,,
whole tile q40,40,37862,,32.915171221142444
whole tile q60,60,50253,,34.430588550435886
crop tight q20,20,712,18.000384,24.14553428241828
crop tight q40,40,753,18.000384,26.23057881276521
crop tight q60,60,787,18.000384,27.901612853633857
crop tight q80,80,865,18.000384,31.18955904956625
crop tight q95,95,1074,18.000384,39.966812159833445
crop context q20,20,742,18.000384,25.16772797282734
crop context q40,40,799,18.000384,27.407589041138863
crop context q60,60,854,18.000384,28.93693074320464
crop context q80,80,975,18.000384,32.562433505402765
crop context q95,95,1284,18.000384,40.3486968036748
crop wake q20,20,817,18.000384,26.723244443091723
crop wake q40,40,927,18.000384,28.780609775017535
crop wake q60,60,1044,18.000384,30.440778478018636
crop wake q80,80,1271,18.000384,34.545906698305984
crop wake q95,95,1848,18.000384,42.6537104615874
crop wake jp2,-1,1563,18.000384,34.21401042606433
crop tight q20,20,686,18.000384,25.353611449940637
crop tight q40,40,712,18.000384,27.26925058824323
crop tight q60,60,744,18.000384,28.339388779451944
crop tight q80,80,805,18.000384,31.828685626604972
crop tight q95,95,983,18.000384,39.617434192522424
crop context q20,20,715,18.000384,26.42444302655608
crop context q40,40,758,18.000384,28.12493787660491
crop context q60,60,811,18.000384,29.848476708791814
crop context q80,80,907,18.000384,32.664037134613636
crop context q95,95,1207,18.000384,39.668035809521285
crop wake q20,20,832,18.000384,26.88431246046193
crop wake q40,40,933,18.000384,28.70649723164197
crop wake q60,60,1032,18.000384,30.51281185272189
crop wake q80,80,1255,18.000384,33.13176147296977
crop wake q95,95,1909,18.000384,40.736870948358884
crop wake jp2,-1,1527,18.000384,34.210336499800455
crop tight q20,20,666,14.999808,23.98865526845642
crop tight q40,40,688,14.999808,26.513678099288644
crop tight q60,60,706,14.999808,27.50229887461252
crop tight q80,80,749,14.999808,31.11418721317055
crop tight q95,95,860,14.999808,39.93327574218871
crop context q20,20,677,14.999808,26.61407111627313
crop context q40,40,702,14.999808,28.93536565852369
crop context q60,60,734,14.999808,31.274410424346996
crop context q80,80,770,14.999808,33.98393685072182
crop context q95,95,910,14.999808,41.263448082154696
crop wake q20,20,679,14.999808,29.0034607930623
crop wake q40,40,701,14.999808,31.430170382406576
crop wake q60,60,729,14.999808,32.52412648806379
crop wake q80,80,807,14.999808,36.2818978708028
crop wake q95,95,1001,14.999808,43.244204099066366
crop tight q20,20,866,47.000064,27.120696437820303
crop tight q40,40,978,47.000064,29.51195490471627
crop tight q60,60,1109,47.000064,31.088511545395736
crop tight q80,80,1374,47.000064,33.90224330657414
crop tight q95,95,2248,47.000064,41.76900295454756
crop tight jp2,-1,2201,47.000064,37.335641415481135
crop context q20,20,980,47.000064,28.967102796570128
crop context q40,40,1143,47.000064,31.029671036213486
crop context q60,60,1364,47.000064,32.688891700206284
crop context q80,80,1869,47.000064,36.27599082460004
crop context q95,95,3184,47.000064,43.359340492537626
crop context jp2,-1,4285,47.000064,40.605850094671005
crop wake q20,20,1191,47.000064,30.69712653155257
crop wake q40,40,1450,47.000064,32.76245404537226
crop wake q60,60,1831,47.000064,34.2135573174572
crop wake q80,80,2757,47.000064,36.69448026192756
crop wake q95,95,5891,47.000064,42.98969804870249
crop wake jp2,-1,10391,47.000064,43.80027128860176
crop tight q20,20,706,19.000320000000002,24.858790951639193
crop tight q40,40,742,19.000320000000002,26.758208898521907
crop tight q60,60,783,19.000320000000002,28.24791111713303
crop tight q80,80,855,19.000320000000002,31.329871809098236
crop tight q95,95,1075,19.000320000000002,39.29802269442581
crop context q20,20,731,19.000320000000002,24.980349110415254
crop context q40,40,781,19.000320000000002,27.058540315961956
crop context q60,60,842,19.000320000000002,29.281843277629097
crop context q80,80,948,19.000320000000002,32.5357272327082
crop context q95,95,1250,19.000320000000002,39.770846220700605
crop wake q20,20,844,19.000320000000002,26.075309698630193
crop wake q40,40,960,19.000320000000002,28.09585302358007
crop wake q60,60,1076,19.000320000000002,29.657226460973746
crop wake q80,80,1310,19.000320000000002,33.05512181728478
crop wake q95,95,1971,19.000320000000002,40.61719724839552
crop wake jp2,-1,1721,19.000320000000002,34.25700318686698
crop tight q20,20,722,22.000128,23.72196442193517
crop tight q40,40,779,22.000128,25.751373493961133
crop tight q60,60,826,22.000128,27.81392951372331
crop tight q80,80,917,22.000128,31.45196736562975
crop tight q95,95,1158,22.000128,40.275417297617395
crop context q20,20,780,22.000128,24.93291022692958
crop context q40,40,867,22.000128,27.424118546535542
crop context q60,60,930,22.000128,29.14583512742471
crop context q80,80,1081,22.000128,32.110912821734516
crop context q95,95,1519,22.000128,40.066419535689036
crop context jp2,-1,922,22.000128,29.104426404186277
crop wake q20,20,895,22.000128,26.692971020968667
crop wake q40,40,1035,22.000128,28.743374047656353
crop wake q60,60,1179,22.000128,30.48604910567225
crop wake q80,80,1467,22.000128,33.65732648993911
crop wake q95,95,2334,22.000128,41.202601311066395
crop wake jp2,-1,2277,22.000128,36.50198461059756
crop tight q20,20,647,10.000128,24.63628881178462
crop tight q40,40,658,10.000128,26.82330284821687
crop tight q60,60,668,10.000128,28.633812752457352
crop tight q80,80,694,10.000128,31.520947415659467
crop tight q95,95,760,10.000128,39.94770826965655
crop context q20,20,662,10.000128,26.580421684545218
crop context q40,40,681,10.000128,29.2107446451096
crop context q60,60,696,10.000128,30.981325028607237
crop context q80,80,736,10.000128,32.940989806510906
crop context q95,95,839,10.000128,40.86281246671391
crop wake q20,20,661,10.000128,30.452499341180648
crop wake q40,40,677,10.000128,32.3808353690718
crop wake q60,60,700,10.000128,33.27094072789636
crop wake q80,80,758,10.000128,35.67738800061255
crop wake q95,95,936,10.000128,41.88729499636545
thumbnail 96px,60,952,,
whole tile q40,40,12775,,40.426608443820854
whole tile q60,60,14488,,42.18896205510774
crop tight q20,20,1007,58.000128000000004,27.232042628858295
crop tight q40,40,1199,58.000128000000004,29.329401293183444
crop tight q60,60,1382,58.000128000000004,31.15988972099177
crop tight q80,80,1801,58.000128000000004,34.15597610635898
crop tight q95,95,3032,58.000128000000004,42.32167920432542
crop tight jp2,-1,3329,58.000128000000004,38.678089680318365
crop context q20,20,1156,58.000128000000004,28.046382867376952
crop context q40,40,1455,58.000128000000004,30.37796560104562
crop context q60,60,1722,58.000128000000004,31.966833180378444
crop context q80,80,2357,58.000128000000004,35.10939312242114
crop context q95,95,4402,58.000128000000004,42.89988491763544
crop context jp2,-1,6389,58.000128000000004,42.00469037456993
crop wake q20,20,1542,58.000128000000004,30.57417556678419
crop wake q40,40,1941,58.000128000000004,32.79610080230873
crop wake q60,60,2368,58.000128000000004,34.36025151843704
crop wake q80,80,3399,58.000128000000004,37.236600311437535
crop wake q95,95,7406,58.000128000000004,44.19087016607479
crop wake jp2,-1,15746,58.000128000000004,46.339814436780166
crop tight q20,20,2396,212.000256,33.242368188364956
crop tight q40,40,2970,212.000256,35.3797338684552
crop tight q60,60,3700,212.000256,36.90505314377969
crop tight q80,80,5732,212.000256,39.678124829468
crop tight q95,95,14427,212.000256,45.92813688788957
crop tight jp2,-1,44057,212.000256,51.003266490331505
crop context q20,20,3344,212.000256,35.53920368184236
crop context q40,40,3926,212.000256,37.467122876400126
crop context q60,60,4786,212.000256,38.941257802111906
crop context q80,80,7628,212.000256,41.627999610550475
crop context q95,95,21958,212.000256,47.12981830139807
crop context jp2,-1,86446,212.000256,55.38619573558048
crop wake q20,20,5024,212.000256,37.0859057044746
crop wake q40,40,5566,212.000256,39.136547273205736
crop wake q60,60,6597,212.000256,40.514651496997615
crop wake q80,80,11172,212.000256,43.10555820282285
crop wake q95,95,36144,212.000256,48.516702052460886
crop wake jp2,-1,161091,212.000256,57.082096829509226
crop tight q20,20,680,13.999872,25.816248642995983
crop tight q40,40,704,13.999872,28.762930726127372
crop tight q60,60,723,13.999872,30.806031296954288
crop tight q80,80,763,13.999872,34.137799801817444
crop tight q95,95,869,13.999872,41.5914488459166
crop context q20,20,684,13.999872,26.483715281741624
crop context q40,40,710,13.999872,28.47153174766596
crop context q60,60,737,13.999872,30.231852419716812
crop context q80,80,791,13.999872,34.16302225926408
crop context q95,95,952,13.999872,41.822995151274924
crop wake q20,20,755,13.999872,26.84311962307295
crop wake q40,40,822,13.999872,29.355883517897215
crop wake q60,60,884,13.999872,31.099539953656986
crop wake q80,80,1017,13.999872,34.792562214653316
crop wake q95,95,1405,13.999872,42.92797395343071
crop wake jp2,-1,926,13.999872,32.99044298469667
crop tight q20,20,843,60.999936,30.497805521126562
crop tight q40,40,931,60.999936,32.56280628048257
crop tight q60,60,1043,60.999936,34.60767498281156
crop tight q80,80,1286,60.999936,38.73260159329736
crop tight q95,95,1981,60.999936,46.68411161587216
crop tight jp2,-1,3453,60.999936,47.446171149226764
crop context q20,20,888,60.999936,32.10804596301329
crop context q40,40,987,60.999936,34.42583237172171
crop context q60,60,1095,60.999936,36.154685886798504
crop context q80,80,1455,60.999936,40.41074292185713
crop context q95,95,2350,60.999936,48.02222424331467
crop context jp2,-1,5635,60.999936,50.86109956340302
crop wake q20,20,1077,60.999936,34.20275654860846
crop wake q40,40,1207,60.999936,36.33587881930212
crop wake q60,60,1388,60.999936,38.19857056147361
crop wake q80,80,1897,60.999936,41.33785296264673
crop wake q95,95,3783,60.999936,48.89113188042805
crop wake jp2,-1,12082,60.999936,56.054952551680856
crop tight q20,20,734,33.000192,27.52579583096243
crop tight q40,40,794,33.000192,29.92215384306309
crop tight q60,60,847,33.000192,31.682990857850545
crop tight q80,80,969,33.000192,34.340654546055305
crop tight q95,95,1354,33.000192,42.31128288809293
crop tight jp2,-1,1089,33.000192,35.2498313828005
crop context q20,20,816,33.000192,27.965657196175762
crop context q40,40,915,33.000192,30.338294321667618
crop context q60,60,1005,33.000192,31.891267152645284
crop context q80,80,1212,33.000192,34.93926025482729
crop context q95,95,1870,33.000192,42.94770896100892
crop context jp2,-1,2039,33.000192,39.58069541682326
crop wake q20,20,1037,33.000192,28.535601362487828
crop wake q40,40,1236,33.000192,30.80690589419856
crop wake q60,60,1443,33.000192,32.48291925563718
crop wake q80,80,1895,33.000192,35.65327791451871
crop wake q95,95,3443,33.000192,43.41774966841592
crop wake jp2,-1,4998,33.000192,42.51867072088875
thumbnail 96px,60,995,,
whole tile q40,40,19394,,39.89504661850177
whole tile q60,60,26396,,42.19513645409287
crop tight q20,20,925,73.999872,33.918779367611045
crop tight q40,40,1113,73.999872,36.45744154778365
crop tight q60,60,1313,73.999872,38.7959862821974
crop tight q80,80,1675,73.999872,41.23381694511528
crop tight q95,95,2847,73.999872,45.74861434910771
crop tight jp2,-1,5395,73.999872,47.57118059674007
crop context q20,20,1052,73.999872,35.185132557961815
crop context q40,40,1351,73.999872,37.43328175421723
crop context q60,60,1685,73.999872,39.604905036275674
crop context q80,80,2291,73.999872,42.53109489756593
crop context q95,95,4235,73.999872,46.94301150099492
crop context jp2,-1,10482,73.999872,49.39251117127892
crop wake q20,20,1408,73.999872,36.66137342135996
crop wake q40,40,2065,73.999872,38.309950979217675
crop wake q60,60,2779,73.999872,40.464814115375376
crop wake q80,80,4144,73.999872,43.7371573904601
crop wake q95,95,8581,73.999872,47.99452310960413
crop wake jp2,-1,25019,73.999872,50.389020686373485
crop tight q20,20,899,64.99968,32.968225745070924
crop tight q40,40,1067,64.99968,35.89853816043706
crop tight q60,60,1219,64.99968,38.107470456337396
crop tight q80,80,1530,64.99968,40.892556532354696
crop tight q95,95,2454,64.99968,45.69076582774826
crop tight jp2,-1,4095,64.99968,46.313856822769885
crop context q20,20,992,64.99968,34.26349954158116
crop context q40,40,1247,64.99968,36.81155303746575
crop context q60,60,1486,64.99968,38.83581141257443
crop context q80,80,1991,64.99968,41.76505437076622
crop context q95,95,3515,64.99968,46.22044614285768
crop context jp2,-1,7999,64.99968,48.94177120674481
crop wake q20,20,1339,64.99968,35.75422961766631
crop wake q40,40,1870,64.99968,38.037579806107104
crop wake q60,60,2463,64.99968,40.1917827103312
crop wake q80,80,3525,64.99968,43.776849161317124
crop wake q95,95,6824,64.99968,49.19890719101235
crop wake jp2,-1,19522,64.99968,50.091426011171095
crop tight q20,20,726,39.999744,32.647077397213955
crop tight q40,40,779,39.999744,36.18416343496531
crop tight q60,60,841,39.999744,37.610367113229735
crop tight q80,80,967,39.999744,40.33602395013258
crop tight q95,95,1337,39.999744,44.278858467174615
crop tight jp2,-1,1540,39.999744,44.37910244803048
crop context q20,20,750,39.999744,34.22388466438984
crop context q40,40,843,39.999744,37.05491320795056
crop context q60,60,946,39.999744,39.004819540458136
crop context q80,80,1142,39.999744,41.78151486073958
crop context q95,95,1728,39.999744,45.816230765335526
crop context jp2,-1,3020,39.999744,47.348636003377905
crop wake q20,20,891,39.999744,35.94216970495306
crop wake q40,40,1095,39.999744,38.21803564318283
crop wake q60,60,1322,39.999744,40.29381266206167
crop wake q80,80,1757,39.999744,43.1571784348023
crop wake q95,95,3147,39.999744,47.479422053290335
crop wake jp2,-1,7197,39.999744,49.52712099116936
crop tight q20,20,871,60.999936,32.856510213150145
crop tight q40,40,996,60.999936,35.681721885146864
crop tight q60,60,1141,60.999936,37.85975609544442
crop tight q80,80,1401,60.999936,40.360519754757156
crop tight q95,95,2268,60.999936,44.868709434598216
crop tight jp2,-1,3736,60.999936,45.97782076884006
crop context q20,20,983,60.999936,34.27641064472948
crop context q40,40,1207,60.999936,36.99019876412904
crop context q60,60,1435,60.999936,39.240666191355395
crop context q80,80,1889,60.999936,41.98120884245181
crop context q95,95,3350,60.999936,46.212960161748676
crop context jp2,-1,7143,60.999936,48.718780048133794
crop wake q20,20,1210,60.999936,35.68240486635649
crop wake q40,40,1676,60.999936,38.09059126062166
crop wake q60,60,2195,60.999936,40.58074121782607
crop wake q80,80,3144,60.999936,43.572816348446764
crop wake q95,95,6124,60.999936,48.20437853087266
crop wake jp2,-1,17321,60.999936,49.98897081124876
thumbnail 96px,60,2299,,
whole tile q40,40,86490,,33.046125478861526
whole tile q60,60,106008,,35.070028070120244
crop tight q20,20,722,23.000064,30.02161505563356
crop tight q40,40,763,23.000064,32.64362744532241
crop tight q60,60,798,23.000064,34.48161368654669
crop tight q80,80,873,23.000064,36.56972262866984
crop tight q95,95,1113,23.000064,42.10913318369812
crop context q20,20,797,23.000064,29.352858086703733
crop context q40,40,878,23.000064,32.19941342586931
crop context q60,60,950,23.000064,33.98837978392564
crop context q80,80,1071,23.000064,37.000573570808456
crop context q95,95,1484,23.000064,42.3058328661501
crop context jp2,-1,982,23.000064,33.35642736108943
crop wake q20,20,1047,23.000064,29.18841595280412
crop wake q40,40,1230,23.000064,32.164309669383435
crop wake q60,60,1381,23.000064,33.97711623480892
crop wake q80,80,1691,23.000064,36.791151098030255
crop wake q95,95,2714,23.000064,42.67049513829892
crop wake jp2,-1,2522,23.000064,36.17873096730183
thumbnail 96px,60,980,,
whole tile q40,40,31119,,38.103682111718356
whole tile q60,60,40269,,40.468553758753686
crop tight q20,20,753,47.000064,32.915878177702524
crop tight q40,40,831,47.000064,35.65508660613342
crop tight q60,60,895,47.000064,38.0079549876716
crop tight q80,80,1076,47.000064,43.0052731681372
crop tight q95,95,1417,47.000064,49.19647409855911
crop tight jp2,-1,1897,47.000064,44.378637632471005
crop context q20,20,813,47.000064,33.824418249362196
crop context q40,40,941,47.000064,36.507093563987254
crop context q60,60,1064,47.000064,38.82731851482098
crop context q80,80,1305,47.000064,42.32631193129145
crop context q95,95,1997,47.000064,47.19462943406175
crop context jp2,-1,3365,47.000064,46.262746918468395
crop wake q20,20,926,47.000064,34.76633361671018
crop wake q40,40,1164,47.000064,37.28081468283459
crop wake q60,60,1332,47.000064,39.740268356119714
crop wake q80,80,1896,47.000064,45.741451950226235
crop wake q95,95,2837,47.000064,53.84131491016487
crop wake jp2,-1,7012,47.000064,48.1526344388815
crop tight q20,20,701,23.000064,30.03344737544876
crop tight q40,40,734,23.000064,34.34317037108056
crop tight q60,60,757,23.000064,35.685031738982865
crop tight q80,80,823,23.000064,38.371186084699104
crop tight q95,95,1019,23.000064,42.76541837704811
crop context q20,20,737,23.000064,31.321603663386202
crop context q40,40,798,23.000064,34.4167991087378
crop context q60,60,844,23.000064,36.736499201230096
crop context q80,80,936,23.000064,39.02323157225405
crop context q95,95,1258,23.000064,42.93228069059228
crop context jp2,-1,972,23.000064,39.27847736556518
crop wake q20,20,834,23.000064,32.02001238084972
crop wake q40,40,958,23.000064,35.54948388461687
crop wake q60,60,1066,23.000064,37.29105902993834
crop wake q80,80,1276,23.000064,39.94954943499173
crop wake q95,95,1967,23.000064,44.207536353646475
crop wake jp2,-1,2528,23.000064,44.19273966977532
crop tight q20,20,741,27.999744,31.11192983653565
crop tight q40,40,793,27.999744,34.55149016207679
crop tight q60,60,838,27.999744,36.65010138383351
crop tight q80,80,916,27.999744,39.36029654628832
crop tight q95,95,1162,27.999744,44.417551867991946
crop tight jp2,-1,830,27.999744,38.09150070970789
crop context q20,20,759,27.999744,32.43859662923077
crop context q40,40,828,27.999744,35.049104703650414
crop context q60,60,892,27.999744,37.277413203429916
crop context q80,80,1016,27.999744,40.11639951087244
crop context q95,95,1400,27.999744,44.69457046211076
crop context jp2,-1,1535,27.999744,43.203487200343325
crop wake q20,20,916,27.999744,32.66746426097873
crop wake q40,40,1068,27.999744,35.51633841243228
crop wake q60,60,1214,27.999744,37.53840521902709
crop wake q80,80,1495,27.999744,40.07324372965265
crop wake q95,95,2432,27.999744,44.51708285204316
crop wake jp2,-1,3572,27.999744,45.0305270398743
crop tight q20,20,1474,122.999808,33.17133795146691
crop tight q40,40,2059,122.999808,36.4109252819248
crop tight q60,60,2582,122.999808,38.45078291250918
crop tight q80,80,3571,122.999808,41.12423593300215
crop tight q95,95,6854,122.999808,45.44301887306119
crop tight jp2,-1,15031,122.999808,46.78682465090027
crop context q20,20,2023,122.999808,33.933965541058015
crop context q40,40,3065,122.999808,37.40401789675647
crop context q60,60,3981,122.999808,39.50996305958995
crop context q80,80,5716,122.999808,42.401508432980606
crop context q95,95,11349,122.999808,47.59589405804582
crop context jp2,-1,28790,122.999808,48.71994916363828
crop wake q20,20,3632,122.999808,34.17048885425138
crop wake q40,40,6079,122.999808,38.02231614266843
crop wake q60,60,8235,122.999808,40.07628418358384
crop wake q80,80,12261,122.999808,43.29852357720695
crop wake q95,95,25093,122.999808,49.36672184187931
crop wake jp2,-1,71093,122.999808,49.24312216889473
crop tight q20,20,1361,109.999872,32.59522373031645
crop tight q40,40,1886,109.999872,35.936232555245866
crop tight q60,60,2289,109.999872,38.001375865138385
crop tight q80,80,3129,109.999872,40.47754831962608
crop tight q95,95,5854,109.999872,45.271603019725205
crop tight jp2,-1,12006,109.999872,46.17102449532243
crop context q20,20,1738,109.999872,33.350139652261475
crop context q40,40,2536,109.999872,37.01070087741412
crop context q60,60,3246,109.999872,38.90024189202056
crop context q80,80,4538,109.999872,41.64082030300379
crop context q95,95,8873,109.999872,46.22361227425706
crop context jp2,-1,21196,109.999872,47.44429082592413
crop wake q20,20,2431,109.999872,33.65492096028086
crop wake q40,40,3797,109.999872,37.803085311352156
crop wake q60,60,5052,109.999872,39.62709463815354
crop wake q80,80,7333,109.999872,43.05661390031886
crop wake q95,95,14348,109.999872,48.41189276246813
crop wake jp2,-1,38788,109.999872,48.86100719240431
crop tight q20,20,700,25.999872000000003,30.637409743286828
crop tight q40,40,737,25.999872000000003,33.86675048278809
crop tight q60,60,773,25.999872000000003,35.842494907277185
crop tight q80,80,833,25.999872000000003,38.74096972380719
crop tight q95,95,1048,25.999872000000003,42.86869868005978
crop context q20,20,756,25.999872000000003,31.688164326726543
crop context q40,40,822,25.999872000000003,34.91734631602409
crop context q60,60,882,25.999872000000003,37.08662796230971
crop context q80,80,1000,25.999872000000003,39.310693609598765
crop context q95,95,1394,25.999872000000003,43.84941808367327
crop context jp2,-1,1305,25.999872000000003,41.94038771408988
crop wake q20,20,923,25.999872000000003,32.15482973205401
crop wake q40,40,1076,25.999872000000003,35.538098250576965
crop wake q60,60,1222,25.999872000000003,37.700988713912345
crop wake q80,80,1487,25.999872000000003,40.61151703255835
crop wake q95,95,2261,25.999872000000003,45.86386430796442
crop wake jp2,-1,3124,25.999872000000003,44.34127298125369
crop tight q20,20,1335,112.99967999999998,33.154440820045664
crop tight q40,40,1775,112.99967999999998,36.25610672677774
crop tight q60,60,2182,112.99967999999998,38.286243173083186
crop tight q80,80,2986,112.99967999999998,40.82363825524516
crop tight q95,95,5526,112.99967999999998,45.06906089247069
crop tight jp2,-1,11522,112.99967999999998,46.805237503874075
crop context q20,20,1602,112.99967999999998,34.25783503113318
crop context q40,40,2325,112.99967999999998,36.993546645256025
crop context q60,60,2961,112.99967999999998,39.02103115995209
crop context q80,80,4155,112.99967999999998,41.93178464572853
crop context q95,95,8079,112.99967999999998,46.364865146559275
crop context jp2,-1,19462,112.99967999999998,48.29136838093927
crop wake q20,20,2272,112.99967999999998,35.26226940392219
crop wake q40,40,3644,112.99967999999998,37.546087737041155
crop wake q60,60,4866,112.99967999999998,39.7379320942739
crop wake q80,80,7209,112.99967999999998,42.91981833972407
crop wake q95,95,14819,112.99967999999998,47.44734980587434
crop wake jp2,-1,41318,112.99967999999998,49.42078464542963
thumbnail 96px,60,990,,
whole tile q40,40,13735,,39.25462079817217
whole tile q60,60,15596,,41.42523384079886
crop tight q20,20,1257,80.000256,27.15836538076861
crop tight q40,40,1591,80.000256,29.254728205907703
crop tight q60,60,1906,80.000256,30.695883776405495
crop tight q80,80,2632,80.000256,34.051774580855735
crop tight q95,95,4614,80.000256,42.94424940352912
crop tight jp2,-1,6416,80.000256,39.44524126710039
crop context q20,20,1520,80.000256,29.136163751001945
crop context q40,40,1914,80.000256,31.35390455674678
crop context q60,60,2328,80.000256,32.83334102583668
crop context q80,80,3322,80.000256,35.90281042683506
crop context q95,95,6215,80.000256,44.869278151853365
crop context jp2,-1,12400,80.000256,46.76662706958621
crop wake q20,20,2075,80.000256,31.507509258357302
crop wake q40,40,2605,80.000256,33.876541541027166
crop wake q60,60,3120,80.000256,35.56533101516563
crop wake q80,80,4562,80.000256,38.46876573402095
crop wake q95,95,9979,80.000256,46.539529480234805
crop wake jp2,-1,30141,80.000256,53.55226695368544
crop tight q20,20,667,12.999936000000002,23.158426965858162
crop tight q40,40,687,12.999936000000002,26.51096456729267
crop tight q60,60,702,12.999936000000002,27.86508185072911
crop tight q80,80,737,12.999936000000002,30.96636908040814
crop tight q95,95,831,12.999936000000002,40.07732115920797
crop context q20,20,686,12.999936000000002,24.729817641904933
crop context q40,40,714,12.999936000000002,27.28754364759622
crop context q60,60,736,12.999936000000002,29.013946362507884
crop context q80,80,785,12.999936000000002,32.733771027950986
crop context q95,95,957,12.999936000000002,40.32583045391705
crop wake q20,20,710,12.999936000000002,26.82156373228193
crop wake q40,40,756,12.999936000000002,30.004237414635497
crop wake q60,60,788,12.999936000000002,32.13636545204737
crop wake q80,80,855,12.999936000000002,35.18200979943682
crop wake q95,95,1073,12.999936000000002,43.383217308862505
crop wake jp2,-1,784,12.999936000000002,33.95180708243845
crop tight q20,20,2232,155.000064,28.589901474477138
crop tight q40,40,2837,155.000064,30.96570903063569
crop tight q60,60,3460,155.000064,32.87208189257378
crop tight q80,80,4887,155.000064,37.288253974187406
crop tight q95,95,9130,155.000064,46.260391419948554
crop tight jp2,-1,23676,155.000064,51.58151792379405
crop context q20,20,2579,155.000064,30.482492104838997
crop context q40,40,3180,155.000064,33.02591733320949
crop context q60,60,3811,155.000064,34.870712197169325
crop context q80,80,5386,155.000064,38.922959682737456
crop context q95,95,11163,155.000064,48.12862196960468
crop context jp2,-1,39804,155.000064,60.043855994790796
crop wake q20,20,3537,155.000064,32.93804605017029
crop wake q40,40,4078,155.000064,35.7233678874439
crop wake q60,60,4677,155.000064,37.824808118289475
crop wake q80,80,7567,155.000064,45.026605856640856
crop wake q95,95,13594,155.000064,61.115416283530436
crop wake jp2,-1,69308,155.000064,99.0
crop tight q20,20,1395,73.999872,25.01412592195646
crop tight q40,40,1758,73.999872,27.224788080280664
crop tight q60,60,2113,73.999872,28.9490725104842
crop tight q80,80,2846,73.999872,32.94954865354319
crop tight q95,95,4781,73.999872,42.17419308506679
crop tight jp2,-1,5499,73.999872,36.697365617487435
crop context q20,20,1723,73.999872,26.17112883944388
crop context q40,40,2242,73.999872,28.300990180593093
crop context q60,60,2731,73.999872,30.15102467411857
crop context q80,80,3739,73.999872,34.26648342122561
crop context q95,95,6659,73.999872,43.471044761941
crop context jp2,-1,10517,73.999872,43.196338763593765
crop wake q20,20,2187,73.999872,28.467722375779157
crop wake q40,40,2774,73.999872,30.878305369279815
crop wake q60,60,3411,73.999872,32.773058794670746
crop wake q80,80,4862,73.999872,36.87499319808766
crop wake q95,95,9171,73.999872,46.189276308968374
crop wake jp2,-1,23408,73.999872,51.31247233406971
crop tight q20,20,798,36.999936,26.570275516789465
crop tight q40,40,899,36.999936,28.404390746348525
crop tight q60,60,990,36.999936,30.100714736648868
crop tight q80,80,1192,36.999936,33.32007870421283
crop tight q95,95,1773,36.999936,41.88181174878706
crop tight jp2,-1,1332,36.999936,33.240518949319494
crop context q20,20,918,36.999936,27.557563047326678
crop context q40,40,1085,36.999936,29.6688762764365
crop context q60,60,1219,36.999936,31.21037608821254
crop context q80,80,1539,36.999936,34.25117388469255
crop context q95,95,2506,36.999936,42.554951908278504
crop context jp2,-1,2668,36.999936,38.10050903475778
crop wake q20,20,1186,36.999936,28.32242847758655
crop wake q40,40,1480,36.999936,30.39280043321058
crop wake q60,60,1745,36.999936,31.99590837833439
crop wake q80,80,2348,36.999936,35.05282442956727
crop wake q95,95,4193,36.999936,43.58584907577839
crop wake jp2,-1,6361,36.999936,43.37220893721086
crop tight q20,20,687,19.000320000000002,23.912182158791104
crop tight q40,40,725,19.000320000000002,26.087118198053496
crop tight q60,60,758,19.000320000000002,27.971441552730628
crop tight q80,80,822,19.000320000000002,31.68378709712282
crop tight q95,95,994,19.000320000000002,41.18499318659673
crop context q20,20,720,19.000320000000002,24.12784824849417
crop context q40,40,777,19.000320000000002,26.621659366733063
crop context q60,60,827,19.000320000000002,28.488958265955795
crop context q80,80,931,19.000320000000002,32.77828467043034
crop context q95,95,1205,19.000320000000002,41.26874575275189
crop wake q20,20,851,19.000320000000002,24.439098739739286
crop wake q40,40,952,19.000320000000002,26.37864191356041
crop wake q60,60,1097,19.000320000000002,28.270716868986252
crop wake q80,80,1298,19.000320000000002,32.68119231700152
crop wake q95,95,1921,19.000320000000002,41.885672795069254
crop wake jp2,-1,1741,19.000320000000002,31.97105367136308
crop tight q20,20,1886,145.99987199999998,30.329476110200254
crop tight q40,40,2430,145.99987199999998,32.43131291334327
crop tight q60,60,2922,145.99987199999998,33.984342073201134
crop tight q80,80,4223,145.99987199999998,36.8716365675806
crop tight q95,95,8602,145.99987199999998,45.214994784985024
crop tight jp2,-1,20970,145.99987199999998,50.39744029060715
crop context q20,20,2307,145.99987199999998,32.69203447308263
crop context q40,40,2827,145.99987199999998,34.887421152002084
crop context q60,60,3369,145.99987199999998,36.67209189942158
crop context q80,80,4987,145.99987199999998,39.349222201226226
crop context q95,95,11405,145.99987199999998,47.18997205348941
crop context jp2,-1,40726,145.99987199999998,59.136325612192906
crop wake q20,20,3530,145.99987199999998,35.263825594046565
crop wake q40,40,4129,145.99987199999998,37.8637370247593
crop wake q60,60,4756,145.99987199999998,40.16237145609696
crop wake q80,80,7352,145.99987199999998,42.86188413618752
crop wake q95,95,18420,145.99987199999998,50.524425027959026
crop wake jp2,-1,83765,145.99987199999998,99.0
thumbnail 96px,60,789,,
whole tile q40,40,10485,,42.784464865752916
whole tile q60,60,12987,,43.607492647609575
crop tight q20,20,636,10.000128,32.786206673040525
crop tight q40,40,641,10.000128,34.58590930142446
crop tight q60,60,645,10.000128,36.056084813204144
crop tight q80,80,658,10.000128,43.73856458208082
crop tight q95,95,688,10.000128,49.6986647035559
crop context q20,20,633,10.000128,34.342851441535366
crop context q40,40,641,10.000128,36.22165334390249
crop context q60,60,649,10.000128,37.87070873783284
crop context q80,80,658,10.000128,39.415013541306934
crop context q95,95,704,10.000128,44.470467160010045
crop wake q20,20,651,10.000128,36.6144495597381
crop wake q40,40,657,10.000128,39.07421195364391
crop wake q60,60,668,10.000128,40.18490077416449
crop wake q80,80,692,10.000128,42.87430981889413
crop wake q95,95,795,10.000128,47.03884438938262
crop tight q20,20,633,8.000256,30.92665811043058
crop tight q40,40,639,8.000256,33.6312287711189
crop tight q60,60,643,8.000256,34.52130286121795
crop tight q80,80,651,8.000256,37.05368034613394
crop tight q95,95,676,8.000256,43.86441944526233
crop context q20,20,635,8.000256,33.16445436644775
crop context q40,40,639,8.000256,35.10212586357929
crop context q60,60,644,8.000256,35.71194110027781
crop context q80,80,655,8.000256,38.474714277881255
crop context q95,95,694,8.000256,45.50540352462271
crop wake q20,20,649,8.000256,35.36335528214197
crop wake q40,40,656,8.000256,37.43440778793647
crop wake q60,60,662,8.000256,37.69217792242317
crop wake q80,80,686,8.000256,39.993849171657004
crop wake q95,95,772,8.000256,44.573741969334094
crop tight q20,20,632,8.000256,33.40161468000829
crop tight q40,40,634,8.000256,35.21070573982919
crop tight q60,60,640,8.000256,37.21348300435291
crop tight q80,80,649,8.000256,39.3801909747621
crop tight q95,95,675,8.000256,45.02505022537208
crop context q20,20,631,8.000256,34.45700528531341
crop context q40,40,638,8.000256,36.377940933748
crop context q60,60,642,8.000256,38.17089138053846
crop context q80,80,651,8.000256,40.69691205238604
crop context q95,95,689,8.000256,45.99664769043112
crop wake q20,20,645,8.000256,36.8564130318487
crop wake q40,40,653,8.000256,38.658645499504594
crop wake q60,60,657,8.000256,40.33953615565637
crop wake q80,80,672,8.000256,43.637121684133334
crop wake q95,95,732,8.000256,49.39400011766293
thumbnail 96px,60,1892,,
whole tile q40,40,88388,,33.152360901972905
whole tile q60,60,108061,,35.16766290675507
crop tight q20,20,758,25.999872000000003,29.006322811338624
crop tight q40,40,805,25.999872000000003,31.698319585857092
crop tight q60,60,847,25.999872000000003,33.38428774763263
crop tight q80,80,935,25.999872000000003,35.766434894390386
crop tight q95,95,1244,25.999872000000003,42.04906933738361
crop context q20,20,890,25.999872000000003,28.5161791459204
crop context q40,40,1000,25.999872000000003,31.22486415134757
crop context q60,60,1100,25.999872000000003,32.65240903441158
crop context q80,80,1278,25.999872000000003,35.538189903115416
crop context q95,95,1852,25.999872000000003,41.74341870359166
crop context jp2,-1,1300,25.999872000000003,30.7767530200817
crop wake q20,20,1257,25.999872000000003,28.780551283126133
crop wake q40,40,1503,25.999872000000003,31.455902139393114
crop wake q60,60,1698,25.999872000000003,33.06702897765948
crop wake q80,80,2125,25.999872000000003,35.65425663132346
crop wake q95,95,3479,25.999872000000003,41.647954384836254
crop wake jp2,-1,3117,25.999872000000003,33.07214656122809
thumbnail 96px,60,3248,,
whole tile q40,40,102001,,31.880216635697664
whole tile q60,60,125399,,33.98435355133577
crop tight q20,20,883,40.99968,29.73020014862962
crop tight q40,40,985,40.99968,32.5981135866765
crop tight q60,60,1081,40.99968,34.339175919686554
crop tight q80,80,1266,40.99968,36.77063894145744
crop tight q95,95,1871,40.99968,42.136831739763316
crop tight jp2,-1,1739,40.99968,35.37903004528495
crop context q20,20,1185,40.99968,29.257660679864603
crop context q40,40,1423,40.99968,32.0386303738845
crop context q60,60,1626,40.99968,33.74738540432401
crop context q80,80,2033,40.99968,36.72643899966968
crop context q95,95,3315,40.99968,42.09900176454833
crop context jp2,-1,3275,40.99968,37.66647415879728
crop wake q20,20,1887,40.99968,29.37934150107388
crop wake q40,40,2396,40.99968,32.239627860216345
crop wake q60,60,2835,40.99968,34.046937698285696
crop wake q80,80,3714,40.99968,36.75349782289898
crop wake q95,95,6637,40.99968,41.999477871995424
crop wake jp2,-1,7621,40.99968,38.230223841578564
thumbnail 96px,60,1313,,
whole tile q40,40,26066,,39.12325783716871
whole tile q60,60,34288,,41.08022353719974
crop tight q20,20,960,82.000128,33.14823324479006
crop tight q40,40,1221,82.000128,36.732036094623254
crop tight q60,60,1414,82.000128,38.84726928505023
crop tight q80,80,1846,82.000128,41.47403787233885
crop tight q95,95,3228,82.000128,45.3577109459966
crop tight jp2,-1,6661,82.000128,48.033658919707165
crop context q20,20,1210,82.000128,34.33283354079107
crop context q40,40,1626,82.000128,37.63779518392446
crop context q60,60,2024,82.000128,39.50702126895223
crop context q80,80,2813,82.000128,42.56744364949312
crop context q95,95,5305,82.000128,46.54697179186254
crop context jp2,-1,12407,82.000128,48.910978124095976
crop wake q20,20,1710,82.000128,35.248590732059505
crop wake q40,40,2643,82.000128,38.43145453779196
crop wake q60,60,3524,82.000128,40.016201939430836
crop wake q80,80,5268,82.000128,43.28205748070442
crop wake q95,95,10679,82.000128,47.33678130768487
crop wake jp2,-1,31158,82.000128,49.998742887839065
thumbnail 96px,60,1104,,
whole tile q40,40,40008,,34.80515239515451
whole tile q60,60,52275,,36.435729540343274
crop tight q20,20,1107,72.0,28.684376958422
crop tight q40,40,1412,72.0,31.277901288385557
crop tight q60,60,1691,72.0,33.1492175059611
crop tight q80,80,2232,72.0,36.11505630655212
crop tight q95,95,3928,72.0,42.83263686058284
crop tight jp2,-1,5091,72.0,40.29783964769027
crop context q20,20,1360,72.0,30.13644574642369
crop context q40,40,1874,72.0,32.64651033751208
crop context q60,60,2362,72.0,34.55653662849964
crop context q80,80,3261,72.0,37.532553264216105
crop context q95,95,6144,72.0,44.542307105736406
crop context jp2,-1,9994,72.0,42.384331265836074
crop wake q20,20,1807,72.0,31.16888600174469
crop wake q40,40,2770,72.0,33.86022502386149
crop wake q60,60,3655,72.0,35.450468835743735
crop wake q80,80,5319,72.0,38.222961477445835
crop wake q95,95,10826,72.0,45.452741706999255
crop wake jp2,-1,20394,72.0,43.36523856324221
crop tight q20,20,821,42.000384,25.815715480391887
crop tight q40,40,954,42.000384,28.645300523345508
crop tight q60,60,1064,42.000384,30.720523376917235
crop tight q80,80,1282,42.000384,34.42439644207768
crop tight q95,95,1952,42.000384,42.077704104233426
crop tight jp2,-1,1774,42.000384,36.446556940395624
crop context q20,20,908,42.000384,28.13050176806911
crop context q40,40,1108,42.000384,30.642238664060585
crop context q60,60,1299,42.000384,32.91497082138864
crop context q80,80,1653,42.000384,36.5213110620537
crop context q95,95,2699,42.000384,44.53157763913399
crop context jp2,-1,3404,42.000384,40.31195810058008
crop wake q20,20,1092,42.000384,30.034859210927788
crop wake q40,40,1480,42.000384,32.73455809243376
crop wake q60,60,1814,42.000384,34.71992583901426
crop wake q80,80,2469,42.000384,37.78959655028788
crop wake q95,95,4647,42.000384,43.989771108463614
crop wake jp2,-1,7609,42.000384,42.970956042637134
thumbnail 96px,60,2194,,
whole tile q40,40,83120,,33.51836101771629
whole tile q60,60,101453,,35.584447261601454
crop tight q20,20,689,20.000256,31.351584844664423
crop tight q40,40,712,20.000256,34.639185511018255
crop tight q60,60,732,20.000256,36.869119092480446
crop tight q80,80,777,20.000256,41.59959067319441
crop tight q95,95,888,20.000256,47.42745640721161
crop context q20,20,741,20.000256,30.434662360589154
crop context q40,40,796,20.000256,34.192449158296625
crop context q60,60,838,20.000256,36.07506263615321
crop context q80,80,916,20.000256,38.04152391428595
crop context q95,95,1200,20.000256,43.373321607378955
crop context jp2,-1,801,20.000256,33.192536627136896
crop wake q20,20,919,20.000256,30.626445727090974
crop wake q40,40,1043,20.000256,33.68988589858602
crop wake q60,60,1145,20.000256,35.60075115835136
crop wake q80,80,1347,20.000256,38.03585039522572
crop wake q95,95,2063,20.000256,43.142744793706655
crop wake jp2,-1,1928,20.000256,37.89459453159557
thumbnail 96px,60,2319,,
whole tile q40,40,45089,,36.24985671028843
whole tile q60,60,57715,,38.38272024801695
crop tight q20,20,996,105.000192,33.69722518924094
crop tight q40,40,1211,105.000192,37.00386140524182
crop tight q60,60,1450,105.000192,38.5886394526854
crop tight q80,80,1893,105.000192,41.595128597377865
crop tight q95,95,3250,105.000192,45.835078353432046
crop tight jp2,-1,6880,105.000192,48.510056682619044
crop context q20,20,1151,105.000192,34.83464984237862
crop context q40,40,1492,105.000192,37.922375295651285
crop context q60,60,1863,105.000192,39.45083541134061
crop context q80,80,2583,105.000192,42.48712579424469
crop context q95,95,4906,105.000192,46.82612573591986
crop context jp2,-1,12601,105.000192,49.6451249284609
crop wake q20,20,1567,105.000192,35.50419898190074
crop wake q40,40,2253,105.000192,38.47911619230908
crop wake q60,60,3079,105.000192,40.1831939517374
crop wake q80,80,4650,105.000192,43.30689824554955
crop wake q95,95,9630,105.000192,47.72478519801645
crop wake jp2,-1,28799,105.000192,50.481246291230384
thumbnail 96px,60,2235,,
whole tile q40,40,65977,,35.29037511481616
whole tile q60,60,80924,,37.49943334685857
crop tight q20,20,1025,67.00032,31.084094538447317
crop tight q40,40,1216,67.00032,34.55704843686882
crop tight q60,60,1368,67.00032,36.751697550869984
crop tight q80,80,1685,67.00032,40.05712546084528
crop tight q95,95,2645,67.00032,45.59101357648625
crop tight jp2,-1,3271,67.00032,40.08180287158484
crop context q20,20,1295,67.00032,31.051029894596915
crop context q40,40,1602,67.00032,34.88620407779384
crop context q60,60,1856,67.00032,37.06258038290424
crop context q80,80,2351,67.00032,40.04857934177744
crop context q95,95,3974,67.00032,45.96298798424524
crop context jp2,-1,5848,67.00032,41.28810505831215
crop wake q20,20,2122,67.00032,31.09974113539579
crop wake q40,40,2770,67.00032,34.89049970141755
crop wake q60,60,3256,67.00032,37.24937205883779
crop wake q80,80,4540,67.00032,43.3263430127025
crop wake q95,95,7245,67.00032,56.42715283208997
crop wake jp2,-1,12466,67.00032,41.87412200352944
thumbnail 96px,60,887,,
whole tile q40,40,20728,,39.59096591839237
whole tile q60,60,28885,,41.63295200042406
crop tight q20,20,2406,221.999616,35.58194361397388
crop tight q40,40,3658,221.999616,37.925949808355945
crop tight q60,60,5058,221.999616,39.79005026425767
crop tight q80,80,7681,221.999616,42.512127904804615
crop tight q95,95,16081,221.999616,46.94478688181738
crop tight jp2,-1,44822,221.999616,49.33060051518694
crop context q20,20,3130,221.999616,36.48187189126031
crop context q40,40,5108,221.999616,38.6246140709867
crop context q60,60,7442,221.999616,40.63829101856011
crop context q80,80,11689,221.999616,44.1136125520711
crop context q95,95,23487,221.999616,49.18594400075672
crop context jp2,-1,76116,221.999616,50.05420504247384
crop wake q20,20,5155,221.999616,37.2771086572436
crop wake q40,40,8669,221.999616,39.193356358801324
crop wake q60,60,13226,221.999616,41.00797805981002
crop wake q80,80,21510,221.999616,43.82187201554253
crop wake q95,95,47732,221.999616,48.5022508336494
crop wake jp2,-1,160023,221.999616,50.765839701904895
thumbnail 96px,60,934,,
whole tile q40,40,18120,,39.997865436454134
whole tile q60,60,25098,,41.78869605507592
crop tight q20,20,1382,154.00012800000002,35.26140937307544
crop tight q40,40,1846,154.00012800000002,39.37581286227078
crop tight q60,60,2478,154.00012800000002,40.97255204999111
crop tight q80,80,3642,154.00012800000002,44.996328587913226
crop tight q95,95,7120,154.00012800000002,49.87486287796426
crop tight jp2,-1,23178,154.00012800000002,51.56532578537455
crop context q20,20,1861,154.00012800000002,35.76908713616711
crop context q40,40,2547,154.00012800000002,39.66365906502707
crop context q60,60,3676,154.00012800000002,41.21829702150082
crop context q80,80,5896,154.00012800000002,44.507208805763774
crop context q95,95,12516,154.00012800000002,48.75677149145382
crop context jp2,-1,45447,154.00012800000002,52.362515660297674
crop wake q20,20,3113,154.00012800000002,36.150771355890534
crop wake q40,40,4706,154.00012800000002,39.923465241995494
crop wake q60,60,6320,154.00012800000002,41.71211013705741
crop wake q80,80,13264,154.00012800000002,48.146722591224666
crop wake q95,95,22552,154.00012800000002,59.639052468421745
crop wake jp2,-1,99019,154.00012800000002,53.5914551067733
crop tight q20,20,1374,154.00012800000002,35.71285480224719
crop tight q40,40,1826,154.00012800000002,39.822528587498724
crop tight q60,60,2441,154.00012800000002,41.364375888105016
crop tight q80,80,3663,154.00012800000002,44.91120121400522
crop tight q95,95,7023,154.00012800000002,50.319297987392574
crop tight jp2,-1,23373,154.00012800000002,51.752006825043125
crop context q20,20,1831,154.00012800000002,36.26391676000889
crop context q40,40,2545,154.00012800000002,39.89631017765766
crop context q60,60,3648,154.00012800000002,41.60199912658422
crop context q80,80,5791,154.00012800000002,44.49144299333962
crop context q95,95,12643,154.00012800000002,49.03363415497705
crop context jp2,-1,45664,154.00012800000002,52.40368033917977
crop wake q20,20,3100,154.00012800000002,36.58722205719689
crop wake q40,40,4725,154.00012800000002,40.138336224334346
crop wake q60,60,7301,154.00012800000002,42.00677116327243
crop wake q80,80,12277,154.00012800000002,45.427753851496675
crop wake q95,95,25921,154.00012800000002,50.98540660101915
crop wake jp2,-1,103699,154.00012800000002,53.443185249018356
crop tight q20,20,1027,134.999808,35.80331993225339
crop tight q40,40,1268,134.999808,40.02658937872164
crop tight q60,60,1630,134.999808,41.36071569096035
crop tight q80,80,2295,134.999808,45.12731233662896
crop tight q95,95,4361,134.999808,50.8057629480989
crop tight jp2,-1,13472,134.999808,52.21100106928603
crop context q20,20,1151,134.999808,35.53160405456336
crop context q40,40,1492,134.999808,40.2869026720688
crop context q60,60,2019,134.999808,41.22574174136777
crop context q80,80,2975,134.999808,45.370493572145065
crop context q95,95,5767,134.999808,50.878275642837195
crop context jp2,-1,20125,134.999808,52.427858687385545
crop wake q20,20,1582,134.999808,35.52451086515927
crop wake q40,40,2133,134.999808,40.51246136197499
crop wake q60,60,3125,134.999808,41.154533655251136
crop wake q80,80,4997,134.999808,45.80971445594674
crop wake q95,95,10107,134.999808,51.33534057400684
crop wake jp2,-1,37845,134.999808,54.27831869816199
crop tight q20,20,1211,157.99987199999998,35.53248605369632
crop tight q40,40,1556,157.99987199999998,39.22115312435368
crop tight q60,60,2056,157.99987199999998,40.880967344168475
crop tight q80,80,2935,157.99987199999998,44.939318849078454
crop tight q95,95,5452,157.99987199999998,49.65231025632876
crop tight jp2,-1,16882,157.99987199999998,50.885701878092334
crop context q20,20,1569,157.99987199999998,35.98837948228581
crop context q40,40,2159,157.99987199999998,39.65146186427384
crop context q60,60,2973,157.99987199999998,41.38019925738915
crop context q80,80,4512,157.99987199999998,45.48908386551787
crop context q95,95,8881,157.99987199999998,50.33213571449117
crop context jp2,-1,30925,157.99987199999998,51.84160867324935
crop wake q20,20,2414,157.99987199999998,36.472428888431786
crop wake q40,40,3600,157.99987199999998,39.98521737996011
crop wake q60,60,5378,157.99987199999998,41.882821766119505
crop wake q80,80,8719,157.99987199999998,45.193472277077866
crop wake q95,95,18311,157.99987199999998,50.76333552345568
crop wake jp2,-1,68826,157.99987199999998,52.342548572412895
thumbnail 96px,60,1242,,
whole tile q40,40,24736,,38.992882380884254
whole tile q60,60,32524,,41.02723387470217
crop tight q20,20,879,71.00006400000001,34.49733204110586
crop tight q40,40,1014,71.00006400000001,37.58221056402559
crop tight q60,60,1168,71.00006400000001,39.61311511420264
crop tight q80,80,1444,71.00006400000001,42.45062474475377
crop tight q95,95,2439,71.00006400000001,46.30170122824535
crop tight jp2,-1,4795,71.00006400000001,49.67926270255387
crop context q20,20,1019,71.00006400000001,35.74848392572707
crop context q40,40,1243,71.00006400000001,38.536410235907866
crop context q60,60,1501,71.00006400000001,40.754786629982256
crop context q80,80,1989,71.00006400000001,43.441953142917754
crop context q95,95,3715,71.00006400000001,47.33339458538832
crop context jp2,-1,9183,71.00006400000001,50.56638478708696
crop wake q20,20,1263,71.00006400000001,36.76033298279945
crop wake q40,40,1690,71.00006400000001,39.41481787279726
crop wake q60,60,2194,71.00006400000001,41.92133787260982
crop wake q80,80,3132,71.00006400000001,45.12134968788553
crop wake q95,95,5939,71.00006400000001,50.272788833946585
crop wake jp2,-1,19890,71.00006400000001,52.18707794392856
crop tight q20,20,665,20.000256,32.340752395237416
crop tight q40,40,685,20.000256,35.004130424553814
crop tight q60,60,699,20.000256,36.666592174567526
crop tight q80,80,737,20.000256,39.87532758709441
crop tight q95,95,845,20.000256,44.38007675811002
crop context q20,20,666,20.000256,34.38081051597304
crop context q40,40,687,20.000256,37.02886140228966
crop context q60,60,711,20.000256,39.14451434497601
crop context q80,80,762,20.000256,41.50197358181557
crop context q95,95,921,20.000256,44.76277096513054
crop context jp2,-1,803,20.000256,43.68298463817273
crop wake q20,20,712,20.000256,36.26068658677356
crop wake q40,40,754,20.000256,38.04085204750744
crop wake q60,60,816,20.000256,39.89751065062854
crop wake q80,80,933,20.000256,42.81868687498691
crop wake q95,95,1302,20.000256,46.78207743889139
crop wake jp2,-1,1895,20.000256,48.98713000128182
thumbnail 96px,60,808,,
whole tile q40,40,34078,,37.81116524678138
whole tile q60,60,45637,,40.337648375092044
crop tight q20,20,1231,100.99967999999998,32.83608833729633
crop tight q40,40,1668,100.99967999999998,36.24745456932405
crop tight q60,60,2029,100.99967999999998,38.19416355746595
crop tight q80,80,2707,100.99967999999998,40.832589011891855
crop tight q95,95,4949,100.99967999999998,44.85809289299891
crop tight jp2,-1,10108,100.99967999999998,47.04343792692392
crop context q20,20,1622,100.99967999999998,33.53110838461403
crop context q40,40,2463,100.99967999999998,36.96605315166599
crop context q60,60,3084,100.99967999999998,39.19361265742221
crop context q80,80,4307,100.99967999999998,42.452661420716026
crop context q95,95,8076,100.99967999999998,47.26830273404305
crop context jp2,-1,19553,100.99967999999998,48.53794217708913
crop wake q20,20,2647,100.99967999999998,34.05599835150372
crop wake q40,40,4527,100.99967999999998,37.283602327608804
crop wake q60,60,5990,100.99967999999998,39.640020769086696
crop wake q80,80,8635,100.99967999999998,42.201799726250314
crop wake q95,95,17849,100.99967999999998,46.05915394657131
crop wake jp2,-1,47542,100.99967999999998,48.96852422674264
thumbnail 96px,60,1468,,
whole tile q40,40,64168,,35.19688475512513
whole tile q60,60,79393,,37.21353766096079
crop tight q20,20,645,12.999936000000002,31.33303387058167
crop tight q40,40,655,12.999936000000002,35.162436103348625
crop tight q60,60,663,12.999936000000002,35.82501115581495
crop tight q80,80,680,12.999936000000002,39.73397141904595
crop tight q95,95,729,12.999936000000002,44.54058398811767
crop context q20,20,672,12.999936000000002,32.63964635508857
crop context q40,40,686,12.999936000000002,35.61421852095209
crop context q60,60,705,12.999936000000002,36.96860147676111
crop context q80,80,736,12.999936000000002,40.05150911095523
crop context q95,95,846,12.999936000000002,44.87941125327449
crop wake q20,20,691,12.999936000000002,32.524406230939796
crop wake q40,40,721,12.999936000000002,35.989681080204655
crop wake q60,60,752,12.999936000000002,37.765731039539816
crop wake q80,80,809,12.999936000000002,40.190818209807624
crop wake q95,95,1003,12.999936000000002,44.76440854808732
crop wake jp2,-1,774,12.999936000000002,37.856351882381304
crop tight q20,20,670,15.999744,31.66120899460825
crop tight q40,40,690,15.999744,35.0105815660467
crop tight q60,60,703,15.999744,36.51595605402734
crop tight q80,80,730,15.999744,38.95934312049566
crop tight q95,95,840,15.999744,44.290761188843966
crop context q20,20,681,15.999744,32.6633525982744
crop context q40,40,709,15.999744,36.041844223694795
crop context q60,60,728,15.999744,37.07596391761549
crop context q80,80,784,15.999744,40.49767587643572
crop context q95,95,937,15.999744,44.92774248282912
crop wake q20,20,743,15.999744,32.458025810332586
crop wake q40,40,794,15.999744,36.65569201714755
crop wake q60,60,829,15.999744,37.77129212110316
crop wake q80,80,915,15.999744,40.853167423296206
crop wake q95,95,1207,15.999744,45.48171769755363
crop wake jp2,-1,1170,15.999744,40.520428928746455
thumbnail 96px,60,881,,
whole tile q40,40,22160,,39.420117395342466
whole tile q60,60,30340,,40.98504458749234
crop tight q20,20,836,49.999871999999996,32.64290163660466
crop tight q40,40,942,49.999871999999996,35.81849109236052
crop tight q60,60,1056,49.999871999999996,37.93922583511915
crop tight q80,80,1244,49.999871999999996,40.706367264319624
crop tight q95,95,1862,49.999871999999996,45.93972631171411
crop tight jp2,-1,2477,49.999871999999996,44.36702902969409
crop context q20,20,891,49.999871999999996,33.57684256289361
crop context q40,40,1046,49.999871999999996,36.57112074298449
crop context q60,60,1213,49.999871999999996,38.47856604547391
crop context q80,80,1528,49.999871999999996,41.0268970010378
crop context q95,95,2516,49.999871999999996,45.29119900807405
crop context jp2,-1,4800,49.999871999999996,46.864653816901125
crop wake q20,20,1122,49.999871999999996,34.29795963716901
crop wake q40,40,1470,49.999871999999996,37.66336162785569
crop wake q60,60,1842,49.999871999999996,39.4717671773673
crop wake q80,80,2536,49.999871999999996,42.138227724835495
crop wake q95,95,4780,49.999871999999996,46.50300945100392
crop wake jp2,-1,11450,49.999871999999996,49.032334794293
thumbnail 96px,60,1438,,
whole tile q40,40,74970,,34.357770257161604
whole tile q60,60,92027,,36.42726999226139
crop tight q20,20,785,32.000256,30.088451208687204
crop tight q40,40,851,32.000256,32.86995303840929
crop tight q60,60,903,32.000256,35.11967579413719
crop tight q80,80,1024,32.000256,38.533143384713014
crop tight q95,95,1374,32.000256,44.44343917687338
crop tight jp2,-1,919,32.000256,33.27951468607368
crop context q20,20,869,32.000256,30.139166148690208
crop context q40,40,976,32.000256,32.92349897319792
crop context q60,60,1061,32.000256,34.9342947328502
crop context q80,80,1248,32.000256,38.29513855036747
crop context q95,95,1797,32.000256,44.5783050204551
crop context jp2,-1,1615,32.000256,36.361072792535495
crop wake q20,20,1075,32.000256,29.933626569966027
crop wake q40,40,1275,32.000256,33.043533208698605
crop wake q60,60,1436,32.000256,34.96635737407236
crop wake q80,80,1756,32.000256,38.17017788539545
crop wake q95,95,2831,32.000256,44.19309342760727
crop wake jp2,-1,3344,32.000256,38.00403158014252
thumbnail 96px,60,1192,,
whole tile q40,40,46588,,37.67174815382671
whole tile q60,60,57057,,39.8617467673139
crop tight q20,20,4179,227.00006399999998,33.31847451477366
crop tight q40,40,6186,227.00006399999998,37.270727968770856
crop tight q60,60,7833,227.00006399999998,39.200888162858874
crop tight q80,80,10964,227.00006399999998,42.36966154674785
crop tight q95,95,21848,227.00006399999998,47.12548493134332
crop tight jp2,-1,51291,227.00006399999998,47.04763488815579
crop context q20,20,7103,227.00006399999998,33.25650530645091
crop context q40,40,11084,227.00006399999998,37.32411359055183
crop context q60,60,14196,227.00006399999998,39.29469815433792
crop context q80,80,20104,227.00006399999998,42.46153839315394
crop context q95,95,40456,227.00006399999998,47.00396948226813
crop context jp2,-1,99051,227.00006399999998,47.175486306925414
crop wake q20,20,14266,227.00006399999998,33.411187285843674
crop wake q40,40,22532,227.00006399999998,37.687527146046335
crop wake q60,60,28945,227.00006399999998,39.64650665749374
crop wake q80,80,41185,227.00006399999998,43.35672246319814
crop wake q95,95,81392,227.00006399999998,48.7816470666736
crop wake jp2,-1,210807,227.00006399999998,47.01809133261878
thumbnail 96px,60,846,,
whole tile q40,40,22155,,39.346793866440706
whole tile q60,60,30606,,42.34772840858795
crop tight q20,20,695,19.000320000000002,29.41804209964169
crop tight q40,40,724,19.000320000000002,32.85764747308992
crop tight q60,60,749,19.000320000000002,34.36888144828466
crop tight q80,80,802,19.000320000000002,37.81616265815526
crop tight q95,95,948,19.000320000000002,43.40166841937875
crop context q20,20,711,19.000320000000002,30.7993363883052
crop context q40,40,750,19.000320000000002,33.22367750664907
crop context q60,60,786,19.000320000000002,35.03458079090149
crop context q80,80,856,19.000320000000002,37.841778817126404
crop context q95,95,1081,19.000320000000002,43.132405988482446
crop wake q20,20,761,19.000320000000002,32.1070947646631
crop wake q40,40,833,19.000320000000002,34.98829606465868
crop wake q60,60,900,19.000320000000002,36.417357188918906
crop wake q80,80,1045,19.000320000000002,39.55210643073932
crop wake q95,95,1450,19.000320000000002,44.013866281473426
crop wake jp2,-1,1741,19.000320000000002,43.4645211367756
crop tight q20,20,643,10.000128,33.395565272685445
crop tight q40,40,651,10.000128,36.76295743322824
crop tight q60,60,655,10.000128,37.5872271072695
crop tight q80,80,667,10.000128,41.084446098502895
crop tight q95,95,709,10.000128,45.43897738083309
crop context q20,20,642,10.000128,35.357278407369115
crop context q40,40,649,10.000128,37.96166647146408
crop context q60,60,655,10.000128,39.48937147585064
crop context q80,80,668,10.000128,41.916660607979054
crop context q95,95,712,10.000128,46.99311052892227
crop wake q20,20,659,10.000128,34.75308913965841
crop wake q40,40,681,10.000128,36.78985035410995
crop wake q60,60,702,10.000128,38.726404823589384
crop wake q80,80,742,10.000128,41.67658084022429
crop wake q95,95,867,10.000128,46.5844574542027
crop tight q20,20,667,15.999744,31.39857720630639
crop tight q40,40,683,15.999744,34.04727637974181
crop tight q60,60,702,15.999744,36.09788249346773
crop tight q80,80,728,15.999744,38.25239202523028
crop tight q95,95,843,15.999744,43.155916904795134
crop context q20,20,668,15.999744,31.858674870076214
crop context q40,40,695,15.999744,34.268787441198434
crop context q60,60,720,15.999744,36.56506973147781
crop context q80,80,760,15.999744,38.955818387675606
crop context q95,95,907,15.999744,43.28457896829441
crop wake q20,20,684,15.999744,34.49331807016206
crop wake q40,40,720,15.999744,36.681736694344835
crop wake q60,60,765,15.999744,39.1817522893444
crop wake q80,80,835,15.999744,42.09861965593093
crop wake q95,95,1060,15.999744,46.01542266341796
crop wake jp2,-1,1186,15.999744,45.17184477620943
thumbnail 96px,60,1071,,
whole tile q40,40,41366,,37.463854037696336
whole tile q60,60,51464,,39.802516640819626
crop tight q20,20,773,39.999744,31.212857702430156
crop tight q40,40,863,39.999744,34.62356752373414
crop tight q60,60,928,39.999744,36.465857093312835
crop tight q80,80,1063,39.999744,39.02546058161967
crop tight q95,95,1532,39.999744,43.37489728143594
crop tight jp2,-1,1586,39.999744,41.301235844571735
crop context q20,20,851,39.999744,31.960690792490837
crop context q40,40,988,39.999744,35.597383321413645
crop context q60,60,1103,39.999744,37.68661957392109
crop context q80,80,1323,39.999744,40.6618048653896
crop context q95,95,2017,39.999744,45.75816173996724
crop context jp2,-1,3035,39.999744,43.95867147313111
crop wake q20,20,1139,39.999744,33.000247209089125
crop wake q40,40,1457,39.999744,36.59620699132273
crop wake q60,60,1710,39.999744,38.89496232751145
crop wake q80,80,2211,39.999744,42.10205932763857
crop wake q95,95,3801,39.999744,47.1419785015592
crop wake jp2,-1,7431,39.999744,46.070635838472555
crop tight q20,20,1017,74.999808,32.67721252560112
crop tight q40,40,1260,74.999808,36.00733538987337
crop tight q60,60,1453,74.999808,38.325984921318124
crop tight q80,80,1844,74.999808,41.0493795212567
crop tight q95,95,3117,74.999808,45.091631368397714
crop tight jp2,-1,5396,74.999808,45.308198172416695
crop context q20,20,1295,74.999808,33.129582920875265
crop context q40,40,1736,74.999808,36.643927342708324
crop context q60,60,2063,74.999808,38.93711684392387
crop context q80,80,2733,74.999808,41.6707394611586
crop context q95,95,5013,74.999808,45.70059559974999
crop context jp2,-1,10694,74.999808,46.5332383089677
crop wake q20,20,2118,74.999808,33.42846863484324
crop wake q40,40,3197,74.999808,37.174455593558115
crop wake q60,60,4006,74.999808,39.34090134683984
crop wake q80,80,5617,74.999808,42.10018031664359
crop wake q95,95,11173,74.999808,46.12965088902531
crop wake jp2,-1,26367,74.999808,47.27570878513285
crop tight q20,20,772,38.999808,30.735110220296118
crop tight q40,40,855,38.999808,34.449658071575385
crop tight q60,60,922,38.999808,36.14713944106978
crop tight q80,80,1056,38.999808,38.65848227481446
crop tight q95,95,1523,38.999808,43.43020146996662
crop tight jp2,-1,1460,38.999808,39.98261554626525
crop context q20,20,850,38.999808,32.373602038030356
crop context q40,40,983,38.999808,35.560643678639345
crop context q60,60,1086,38.999808,37.61278896327893
crop context q80,80,1306,38.999808,40.01338948414772
crop context q95,95,2032,38.999808,44.159696601520004
crop context jp2,-1,2877,38.999808,44.05074655551941
crop wake q20,20,1130,38.999808,33.07375379765186
crop wake q40,40,1419,38.999808,36.53052324763153
crop wake q60,60,1673,38.999808,38.3436778505485
crop wake q80,80,2187,38.999808,41.154812021212095
crop wake q95,95,3900,38.999808,45.32867887384363
crop wake jp2,-1,6985,38.999808,45.581312170794575
crop tight q20,20,735,35.000064,31.557444405437742
crop tight q40,40,793,35.000064,34.66569043533093
crop tight q60,60,842,35.000064,36.867247346921204
crop tight q80,80,938,35.000064,39.40244521678724
crop tight q95,95,1247,35.000064,43.84059036395476
crop tight jp2,-1,1059,35.000064,40.27073001809445
crop context q20,20,771,35.000064,31.99603505331548
crop context q40,40,849,35.000064,35.92666878397375
crop context q60,60,930,35.000064,37.76356873252623
crop context q80,80,1064,35.000064,40.1805796976072
crop context q95,95,1524,35.000064,44.47961822297131
crop context jp2,-1,1768,35.000064,43.21512242935448
crop wake q20,20,887,35.000064,33.03603579409667
crop wake q40,40,1049,35.000064,36.69035914242653
crop wake q60,60,1189,35.000064,38.81099655781489
crop wake q80,80,1450,35.000064,41.23213201538579
crop wake q95,95,2328,35.000064,45.612819896103005
crop wake jp2,-1,3796,35.000064,45.178896893232725
thumbnail 96px,60,847,,
whole tile q40,40,32173,,38.40151462816869
whole tile q60,60,41451,,41.34546528233925
crop tight q20,20,1487,129.000192,34.25170994060907
crop tight q40,40,2132,129.000192,37.0395417077262
crop tight q60,60,2676,129.000192,39.358172711123046
crop tight q80,80,3672,129.000192,42.25549510704517
crop tight q95,95,6966,129.000192,46.557806553225845
crop tight jp2,-1,16426,129.000192,48.61561970526509
crop context q20,20,1993,129.000192,34.97359216454322
crop context q40,40,3156,129.000192,37.699578385565296
crop context q60,60,4112,129.000192,40.08869160515634
crop context q80,80,5874,129.000192,42.87910126224407
crop context q95,95,11674,129.000192,47.163505101458284
crop context jp2,-1,31654,129.000192,49.16319137677319
crop wake q20,20,3796,129.000192,35.56092969922483
crop wake q40,40,6587,129.000192,38.415083342996134
crop wake q60,60,8779,129.000192,40.66787142886163
crop wake q80,80,13013,129.000192,43.34102844112185
crop wake q95,95,26247,129.000192,48.77864460713713
crop wake jp2,-1,77603,129.000192,49.56569784887851
thumbnail 96px,60,925,,
whole tile q40,40,44752,,37.25897379923754
whole tile q60,60,55199,,39.70474481090508
crop tight q20,20,1159,84.0,33.06455835274516
crop tight q40,40,1459,84.0,36.8765725736736
crop tight q60,60,1687,84.0,38.42493331037163
crop tight q80,80,2184,84.0,41.199280571737766
crop tight q95,95,3816,84.0,45.2582921727915
crop tight jp2,-1,7044,84.0,46.403820623052596
crop context q20,20,1536,84.0,33.44726274094481
crop context q40,40,2035,84.0,37.1594767793968
crop context q60,60,2490,84.0,38.91633905633739
crop context q80,80,3374,84.0,42.056111025214435
crop context q95,95,6188,84.0,47.20254834389175
crop context jp2,-1,13625,84.0,46.8121507488404
crop wake q20,20,2813,84.0,33.367057881752956
crop wake q40,40,4083,84.0,37.169397055018
crop wake q60,60,5129,84.0,38.91196990816808
crop wake q80,80,7244,84.0,41.614830018757196
crop wake q95,95,14395,84.0,46.05989495952145
crop wake jp2,-1,33009,84.0,46.86022110286704
crop tight q20,20,1060,83.00006400000001,33.416325449009
crop tight q40,40,1308,83.00006400000001,37.14661232337316
crop tight q60,60,1527,83.00006400000001,39.12842854619447
crop tight q80,80,1947,83.00006400000001,41.91820080932687
crop tight q95,95,3350,83.00006400000001,46.5804805353142
crop tight jp2,-1,6857,83.00006400000001,46.70164129177784
crop context q20,20,1356,83.00006400000001,33.63102360668591
crop context q40,40,1796,83.00006400000001,37.28243261388233
crop context q60,60,2152,83.00006400000001,39.06751051782792
crop context q80,80,2904,83.00006400000001,41.762042008141336
crop context q95,95,5470,83.00006400000001,45.98445074997527
crop context jp2,-1,11587,83.00006400000001,47.455073162968205
crop wake q20,20,2070,83.00006400000001,33.64577013742899
crop wake q40,40,2972,83.00006400000001,37.36380300848846
crop wake q60,60,3767,83.00006400000001,39.555059670417265
crop wake q80,80,5231,83.00006400000001,42.65750568154263
crop wake q95,95,9993,83.00006400000001,48.068302393279254
crop wake jp2,-1,24171,83.00006400000001,47.366807188488025
crop tight q20,20,1010,79.00032,33.40032401969159
crop tight q40,40,1237,79.00032,37.196201791318124
crop tight q60,60,1446,79.00032,38.83441052264353
crop tight q80,80,1846,79.00032,41.52024257480271
crop tight q95,95,3236,79.00032,45.98320591007066
crop tight jp2,-1,6099,79.00032,46.9896027920305
crop context q20,20,1299,79.00032,33.48492051342373
crop context q40,40,1769,79.00032,37.487125212942665
crop context q60,60,2120,79.00032,39.19851539488395
crop context q80,80,2853,79.00032,41.9658909757821
crop context q95,95,5290,79.00032,46.25202839978453
crop context jp2,-1,12007,79.00032,47.455369177225876
crop wake q20,20,2417,79.00032,33.51496165740102
crop wake q40,40,3592,79.00032,37.51365848159657
crop wake q60,60,4483,79.00032,39.41519864125456
crop wake q80,80,6264,79.00032,42.53017692730255
crop wake q95,95,12063,79.00032,47.486443877687734
crop wake jp2,-1,29089,79.00032,47.05789312610917
thumbnail 96px,60,814,,
whole tile q40,40,27122,,38.65357483699663
whole tile q60,60,35474,,41.70739888333238
crop tight q20,20,937,75.999744,33.4095669697835
crop tight q40,40,1134,75.999744,36.48184469174912
crop tight q60,60,1323,75.999744,38.59288616175035
crop tight q80,80,1684,75.999744,41.29477104439414
crop tight q95,95,2830,75.999744,45.39331262687706
crop tight jp2,-1,5624,75.999744,47.55554877068852
crop context q20,20,1112,75.999744,34.1892198859314
crop context q40,40,1475,75.999744,37.49444666709101
crop context q60,60,1841,75.999744,39.97432198285684
crop context q80,80,2486,75.999744,42.99847548375131
crop context q95,95,4408,75.999744,47.65762449224976
crop context jp2,-1,10541,75.999744,48.88099160021247
crop wake q20,20,1551,75.999744,34.79857333318188
crop wake q40,40,2410,75.999744,38.14627906578075
crop wake q60,60,3201,75.999744,40.86620161851322
crop wake q80,80,4592,75.999744,43.91493517504321
crop wake q95,95,8957,75.999744,49.24448883670459
crop wake jp2,-1,26756,75.999744,49.9621265665046
thumbnail 96px,60,935,,
whole tile q40,40,22672,,39.109476558024895
whole tile q60,60,31673,,41.73112219000852
crop tight q20,20,1733,166.00012800000002,34.4644732052181
crop tight q40,40,2534,166.00012800000002,37.6544990877707
crop tight q60,60,3390,166.00012800000002,39.5879397981428
crop tight q80,80,5029,166.00012800000002,42.39772707996086
crop tight q95,95,9904,166.00012800000002,47.28227360416166
crop tight jp2,-1,27048,166.00012800000002,49.314669533452175
crop context q20,20,2435,166.00012800000002,35.58542579956462
crop context q40,40,3781,166.00012800000002,38.50069861836251
crop context q60,60,5378,166.00012800000002,40.59606478331663
crop context q80,80,8369,166.00012800000002,43.45295375576803
crop context q95,95,16853,166.00012800000002,48.400479113950716
crop context jp2,-1,52416,166.00012800000002,50.18567574409576
crop wake q20,20,3745,166.00012800000002,36.14666389564481
crop wake q40,40,6193,166.00012800000002,38.90966260138493
crop wake q60,60,9335,166.00012800000002,41.04350751181073
crop wake q80,80,14918,166.00012800000002,43.832071846249015
crop wake q95,95,31435,166.00012800000002,48.92798565201974
crop wake jp2,-1,106959,166.00012800000002,50.81109689830044
thumbnail 96px,60,2294,,
whole tile q40,40,46937,,36.61347167977484
whole tile q60,60,59103,,39.00535343231441
crop tight q20,20,1782,139.00032000000002,33.39004672356802
crop tight q40,40,2486,139.00032000000002,36.74533653879435
crop tight q60,60,3127,139.00032000000002,38.85509661435118
crop tight q80,80,4302,139.00032000000002,41.91054333203059
crop tight q95,95,8096,139.00032000000002,46.93903715374794
crop tight jp2,-1,17739,139.00032000000002,46.46683949004441
crop context q20,20,2649,139.00032000000002,33.301431896272746
crop context q40,40,3879,139.00032000000002,36.75846495371129
crop context q60,60,4919,139.00032000000002,38.83295409578586
crop context q80,80,6917,139.00032000000002,41.84633742439342
crop context q95,95,13367,139.00032000000002,46.951686121717664
crop context jp2,-1,30034,139.00032000000002,46.55298804632905
crop wake q20,20,5207,139.00032000000002,33.012212648788605
crop wake q40,40,7817,139.00032000000002,36.396123055028625
crop wake q60,60,10083,139.00032000000002,38.500144829042455
crop wake q80,80,14525,139.00032000000002,41.53689250234916
crop wake q95,95,28226,139.00032000000002,46.71431996107397
crop wake jp2,-1,63189,139.00032000000002,46.251273350250266
crop tight q20,20,4203,248.000256,33.25884263686046
crop tight q40,40,6610,248.000256,36.652102221667114
crop tight q60,60,8572,248.000256,38.73457633831476
crop tight q80,80,12439,248.000256,41.428012493592064
crop tight q95,95,25308,248.000256,45.6667334481334
crop tight jp2,-1,60626,248.000256,47.71377804166139
crop context q20,20,7114,248.000256,33.41584598785977
crop context q40,40,11360,248.000256,36.74486783025283
crop context q60,60,15071,248.000256,38.9056957107139
crop context q80,80,21916,248.000256,41.76047021442513
crop context q95,95,44649,248.000256,45.915859482898355
crop context jp2,-1,110017,248.000256,47.73619141712422
crop wake q20,20,15108,248.000256,33.1397376861075
crop wake q40,40,23813,248.000256,36.49010643756964
crop wake q60,60,31281,248.000256,38.729594093033924
crop wake q80,80,45479,248.000256,42.02062619215742
crop wake q95,95,88935,248.000256,47.17963365039523
crop wake jp2,-1,211581,248.000256,46.703753387619074
thumbnail 96px,60,892,,
whole tile q40,40,36800,,37.49084051294988
whole tile q60,60,47269,,39.893340899383155
crop tight q20,20,1702,134.999808,32.98706257179574
crop tight q40,40,2437,134.999808,36.827039190538635
crop tight q60,60,3065,134.999808,38.70042257027921
crop tight q80,80,4190,134.999808,42.11242812851212
crop tight q95,95,7691,134.999808,47.523602456470655
crop tight jp2,-1,16980,134.999808,45.988668235909614
crop context q20,20,2221,134.999808,33.282567222009604
crop context q40,40,3344,134.999808,37.203479695495254
crop context q60,60,4284,134.999808,39.04906575978935
crop context q80,80,6022,134.999808,42.30628185370966
crop context q95,95,11689,134.999808,48.11421395428929
crop context jp2,-1,28353,134.999808,46.56954973908178
crop wake q20,20,3751,134.999808,33.537855144517216
crop wake q40,40,6188,134.999808,37.36715925613062
crop wake q60,60,8130,134.999808,39.29051758736755
crop wake q80,80,11849,134.999808,43.162550790917926
crop wake q95,95,22975,134.999808,48.83871576504691
crop wake jp2,-1,59464,134.999808,47.06298944183497
thumbnail 96px,60,1429,,
whole tile q40,40,30450,,39.073570212921894
whole tile q60,60,38780,,41.202016176126186
crop tight q20,20,649,12.999936000000002,31.66366616697504
crop tight q40,40,658,12.999936000000002,34.51384651650737
crop tight q60,60,668,12.999936000000002,36.092374464352815
crop tight q80,80,683,12.999936000000002,38.0481341145908
crop tight q95,95,741,12.999936000000002,42.250946628771345
crop context q20,20,669,12.999936000000002,31.84836231216039
crop context q40,40,687,12.999936000000002,34.69360013291652
crop context q60,60,702,12.999936000000002,36.79940815966398
crop context q80,80,735,12.999936000000002,39.70835252003429
crop context q95,95,845,12.999936000000002,44.55463079110814
crop wake q20,20,683,12.999936000000002,32.22585225407342
crop wake q40,40,711,12.999936000000002,35.474626646723735
crop wake q60,60,742,12.999936000000002,37.950259818866535
crop wake q80,80,797,12.999936000000002,40.78800520570587
crop wake q95,95,969,12.999936000000002,43.91427157754242
crop wake jp2,-1,782,12.999936000000002,42.08307468679916
crop tight q20,20,652,12.999936000000002,29.396174169024466
crop tight q40,40,662,12.999936000000002,33.20600311286092
crop tight q60,60,671,12.999936000000002,34.30903994788941
crop tight q80,80,691,12.999936000000002,36.799109140578125
crop tight q95,95,750,12.999936000000002,41.39977897843674
crop context q20,20,671,12.999936000000002,31.23667897389122
crop context q40,40,692,12.999936000000002,33.528843800742614
crop context q60,60,711,12.999936000000002,35.2462618428273
crop context q80,80,747,12.999936000000002,38.1264627345831
crop context q95,95,872,12.999936000000002,41.771779253653634
crop wake q20,20,682,12.999936000000002,31.663850408184743
crop wake q40,40,716,12.999936000000002,34.744915944362845
crop wake q60,60,748,12.999936000000002,36.87823664257692
crop wake q80,80,809,12.999936000000002,39.3687078293565
crop wake q95,95,993,12.999936000000002,43.723106366979394
crop wake jp2,-1,776,12.999936000000002,40.12252335735839
thumbnail 96px,60,1247,,
whole tile q40,40,40221,,32.81779819547046
whole tile q60,60,50791,,34.25825882367626
crop tight q20,20,697,23.000064,27.8441606361326
crop tight q40,40,733,23.000064,29.310961438530235
crop tight q60,60,780,23.000064,30.5383952126887
crop tight q80,80,864,23.000064,33.0796261177441
crop tight q95,95,1145,23.000064,40.967677860464576
crop context q20,20,735,23.000064,28.471666143308013
crop context q40,40,808,23.000064,30.1600040343343
crop context q60,60,868,23.000064,31.439827666359097
crop context q80,80,997,23.000064,33.548093597105584
crop context q95,95,1474,23.000064,40.90649869671941
crop context jp2,-1,995,23.000064,32.75305350710649
crop wake q20,20,846,23.000064,28.647632854356257
crop wake q40,40,1018,23.000064,30.408730096202625
crop wake q60,60,1168,23.000064,31.446491680910093
crop wake q80,80,1489,23.000064,33.593523903314775
crop wake q95,95,2545,23.000064,41.31031611213287
crop wake jp2,-1,2479,23.000064,35.24350128989343
thumbnail 96px,60,970,,
whole tile q40,40,17326,,38.656375403043896
whole tile q60,60,24376,,40.039865513110264
crop tight q20,20,647,9.000192,25.988066307153286
crop tight q40,40,660,9.000192,27.397397630037638
crop tight q60,60,669,9.000192,28.589694871439455
crop tight q80,80,697,9.000192,31.292694989373622
crop tight q95,95,767,9.000192,40.01789777031235
crop context q20,20,662,9.000192,25.733638795686478
crop context q40,40,679,9.000192,28.29275145505868
crop context q60,60,691,9.000192,30.53688336579157
crop context q80,80,719,9.000192,33.736724592804165
crop context q95,95,807,9.000192,40.7259234489329
crop wake q20,20,684,9.000192,28.375516855421242
crop wake q40,40,710,9.000192,30.086787130338752
crop wake q60,60,734,9.000192,32.314111335372004
crop wake q80,80,785,9.000192,35.00601389203271
crop wake q95,95,941,9.000192,41.83313634638307
crop tight q20,20,685,19.000320000000002,26.59500637458736
crop tight q40,40,710,19.000320000000002,29.26418749313955
crop tight q60,60,736,19.000320000000002,31.072731758031168
crop tight q80,80,783,19.000320000000002,34.50832667708844
crop tight q95,95,947,19.000320000000002,42.295818003000754
crop context q20,20,691,19.000320000000002,29.019326314692414
crop context q40,40,727,19.000320000000002,31.34561974881457
crop context q60,60,762,19.000320000000002,33.03534385673855
crop context q80,80,834,19.000320000000002,36.04231124494744
crop context q95,95,1065,19.000320000000002,42.259516779759835
crop wake q20,20,717,19.000320000000002,31.795373986189812
crop wake q40,40,774,19.000320000000002,34.63713439994548
crop wake q60,60,839,19.000320000000002,36.429316013404616
crop wake q80,80,959,19.000320000000002,38.80105692176609
crop wake q95,95,1382,19.000320000000002,44.68560753446741
crop wake jp2,-1,1744,19.000320000000002,43.65890905097071
thumbnail 96px,60,1358,,
whole tile q40,40,27021,,39.56390409335311
whole tile q60,60,35200,,41.68960799922047
crop tight q20,20,1730,168.999936,35.50044179719247
crop tight q40,40,2473,168.999936,39.203295895001176
crop tight q60,60,3192,168.999936,40.84532354623141
crop tight q80,80,4627,168.999936,44.355816032576314
crop tight q95,95,9215,168.999936,48.39709193362146
crop tight jp2,-1,28072,168.999936,51.727555943673536
crop context q20,20,2458,168.999936,36.010563942312636
crop context q40,40,3834,168.999936,39.69263063051463
crop context q60,60,5155,168.999936,41.242342984158014
crop context q80,80,7811,168.999936,44.875263969643775
crop context q95,95,15866,168.999936,50.282945039825854
crop context jp2,-1,54465,168.999936,52.419261111604726
crop wake q20,20,4602,168.999936,36.201423567927606
crop wake q40,40,7538,168.999936,39.78982025952451
crop wake q60,60,10452,168.999936,41.55983232914181
crop wake q80,80,15761,168.999936,45.151124693529724
crop wake q95,95,33281,168.999936,50.734871565061155
crop wake jp2,-1,116860,168.999936,53.442291191913526
thumbnail 96px,60,1040,,
whole tile q40,40,32937,,38.32841159781829
whole tile q60,60,41885,,40.662712547718876
crop tight q20,20,651,11.000064,30.261712774688874
crop tight q40,40,661,11.000064,33.902198566967236
crop tight q60,60,671,11.000064,34.407900940437756
crop tight q80,80,691,11.000064,36.49669202955775
crop tight q95,95,751,11.000064,42.410333227096345
crop context q20,20,670,11.000064,30.9940319210782
crop context q40,40,687,11.000064,34.080269324471395
crop context q60,60,696,11.000064,35.23045749505392
crop context q80,80,728,11.000064,37.42982116957739
crop context q95,95,830,11.000064,42.48035487907921
crop wake q20,20,678,11.000064,32.54777175827829
crop wake q40,40,706,11.000064,34.83519278533027
crop wake q60,60,731,11.000064,36.913995204113654
crop wake q80,80,789,11.000064,38.776433049056365
crop wake q95,95,970,11.000064,43.72010329420661
thumbnail 96px,60,928,,
whole tile q40,40,35107,,37.93211130187173
whole tile q60,60,45702,,40.737047935954095
crop tight q20,20,670,13.999872,30.569419370565626
crop tight q40,40,683,13.999872,33.83948623223112
crop tight q60,60,697,13.999872,35.40032350234268
crop tight q80,80,726,13.999872,37.98210190478751
crop tight q95,95,829,13.999872,42.885517376793416
crop context q20,20,669,13.999872,30.73479608981939
crop context q40,40,696,13.999872,33.58470816278917
crop context q60,60,718,13.999872,35.620857515803756
crop context q80,80,758,13.999872,38.15302662807123
crop context q95,95,891,13.999872,44.09863596299866
crop wake q20,20,718,13.999872,31.580177597796176
crop wake q40,40,762,13.999872,34.42447688957656
crop wake q60,60,813,13.999872,36.73749676787251
crop wake q80,80,898,13.999872,39.97258737996844
crop wake q95,95,1166,13.999872,44.7313565992485
crop wake jp2,-1,933,13.999872,39.62379967291746
thumbnail 96px,60,967,,
whole tile q40,40,25836,,36.356333320601266
whole tile q60,60,38928,,38.124683923516834
crop tight q20,20,2278,168.0,30.305905521759385
crop tight q40,40,3322,168.0,32.67824147311223
crop tight q60,60,4445,168.0,34.407801115861425
crop tight q80,80,6752,168.0,37.37316043066193
crop tight q95,95,14086,168.0,43.84223937371675
crop tight jp2,-1,27893,168.0,45.275889236347794
crop context q20,20,2687,168.0,31.670286937125542
crop context q40,40,4141,168.0,34.13088972434725
crop context q60,60,5723,168.0,35.89402015025464
crop context q80,80,9021,168.0,38.98221629858247
crop context q95,95,19352,168.0,46.010716459682605
crop context jp2,-1,44031,168.0,46.31752828714575
crop wake q20,20,3658,168.0,32.75679724552775
crop wake q40,40,5824,168.0,34.869310596389
crop wake q60,60,8208,168.0,36.81317769609408
crop wake q80,80,15600,168.0,42.254348041146656
crop wake q95,95,27158,168.0,50.852720536270056
crop wake jp2,-1,75783,168.0,47.031842385141694
thumbnail 96px,60,786,,
whole tile q40,40,13853,,40.98706241834711
whole tile q60,60,22874,,42.72506623466845
crop tight q20,20,712,33.000192,32.32801039429865
crop tight q40,40,756,33.000192,35.168133129454866
crop tight q60,60,800,33.000192,37.37885675010288
crop tight q80,80,879,33.000192,39.62008436960748
crop tight q95,95,1164,33.000192,43.33892154226782
crop tight jp2,-1,1098,33.000192,42.987975675429794
crop context q20,20,744,33.000192,33.633335059331195
crop context q40,40,803,33.000192,36.633572923392265
crop context q60,60,863,33.000192,38.25136819839003
crop context q80,80,998,33.000192,40.96361020446875
crop context q95,95,1463,33.000192,45.096478674303356
crop context jp2,-1,2018,33.000192,47.36377792886941
crop wake q20,20,826,33.000192,34.958859267230444
crop wake q40,40,911,33.000192,38.322089908136604
crop wake q60,60,1052,33.000192,40.38992031117687
crop wake q80,80,1317,33.000192,42.776039971732715
crop wake q95,95,2213,33.000192,46.81332715302162
crop wake jp2,-1,5011,33.000192,51.06978375937953
thumbnail 96px,60,975,,
whole tile q40,40,40991,,37.52143588984484
whole tile q60,60,51631,,40.0367152221519
crop tight q20,20,1290,108.99993599999999,33.912028568646264
crop tight q40,40,1756,108.99993599999999,37.127652596374524
crop tight q60,60,2145,108.99993599999999,39.120564508120296
crop tight q80,80,2908,108.99993599999999,41.7893908333549
crop tight q95,95,5410,108.99993599999999,46.345510456043115
crop tight jp2,-1,11824,108.99993599999999,46.967116039364356
crop context q20,20,1805,108.99993599999999,34.33424918504709
crop context q40,40,2671,108.99993599999999,37.55799913094599
crop context q60,60,3344,108.99993599999999,39.58773994677753
crop context q80,80,4700,108.99993599999999,42.19386983768737
crop context q95,95,9358,108.99993599999999,46.75266325728539
crop context jp2,-1,22590,108.99993599999999,47.7361956718925
crop wake q20,20,3446,108.99993599999999,34.54014233126089
crop wake q40,40,5555,108.99993599999999,37.84391064038023
crop wake q60,60,7242,108.99993599999999,40.001346041662444
crop wake q80,80,10464,108.99993599999999,42.82521112953045
crop wake q95,95,21062,108.99993599999999,47.912405737923514
crop wake jp2,-1,55623,108.99993599999999,48.384554403726874
crop tight q20,20,1052,86.999808,34.55877236885069
crop tight q40,40,1348,86.999808,37.71698105526887
crop tight q60,60,1592,86.999808,39.91512791858282
crop tight q80,80,2080,86.999808,43.00443504066709
crop tight q95,95,3558,86.999808,48.28783331126538
crop tight jp2,-1,7503,86.999808,47.22302143293036
crop context q20,20,1354,86.999808,34.703547974879605
crop context q40,40,1905,86.999808,37.90184859096352
crop context q60,60,2350,86.999808,39.860683513772585
crop context q80,80,3235,86.999808,42.502823430223096
crop context q95,95,6200,86.999808,46.9718436190448
crop context jp2,-1,14593,86.999808,47.84013744498335
crop wake q20,20,2313,86.999808,34.94667204470568
crop wake q40,40,3668,86.999808,37.99671981887298
crop wake q60,60,4743,86.999808,40.442158711841145
crop wake q80,80,6819,86.999808,43.524547754894925
crop wake q95,95,13223,86.999808,49.112867605675646
crop wake jp2,-1,35494,86.999808,48.63724799632915
crop tight q20,20,889,57.000192,32.82988171004605
crop tight q40,40,1044,57.000192,36.54731916451994
crop tight q60,60,1163,57.000192,38.6896598095583
crop tight q80,80,1389,57.000192,41.23015137744638
crop tight q95,95,2196,57.000192,45.444063996950334
crop tight jp2,-1,3172,57.000192,44.60695404148798
crop context q20,20,1041,57.000192,33.551708610082414
crop context q40,40,1318,57.000192,36.89860775440824
crop context q60,60,1543,57.000192,39.26298234615193
crop context q80,80,1986,57.000192,42.40013867495649
crop context q95,95,3359,57.000192,47.48764914246232
crop context jp2,-1,6058,57.000192,45.29605524871437
crop wake q20,20,1526,57.000192,34.04551080347108
crop wake q40,40,2153,57.000192,37.291110575284996
crop wake q60,60,2671,57.000192,39.58755082054946
crop wake q80,80,3610,57.000192,42.805484498706946
crop wake q95,95,6584,57.000192,47.99617460290162
crop wake jp2,-1,15242,57.000192,46.33717287085051
crop tight q20,20,1142,87.999744,33.42886953217875
crop tight q40,40,1456,87.999744,36.578768160494306
crop tight q60,60,1736,87.999744,38.639452819130526
crop tight q80,80,2252,87.999744,41.20426095241982
crop tight q95,95,4072,87.999744,45.875125257135885
crop tight jp2,-1,7738,87.999744,45.72962906362902
crop context q20,20,1501,87.999744,33.522264086000504
crop context q40,40,2124,87.999744,37.08945888590575
crop context q60,60,2591,87.999744,39.01696940365472
crop context q80,80,3528,87.999744,41.60270566314522
crop context q95,95,6729,87.999744,46.11811471446448
crop context jp2,-1,14714,87.999744,46.1905034894908
crop wake q20,20,2626,87.999744,33.83185135323822
crop wake q40,40,4114,87.999744,37.21951178259536
crop wake q60,60,5277,87.999744,39.229203734458885
crop wake q80,80,7483,87.999744,42.02038276685022
crop wake q95,95,15002,87.999744,46.573960864362036
crop wake jp2,-1,36083,87.999744,46.6226042069258
crop tight q20,20,666,24.0,34.733555853205964
crop tight q40,40,690,24.0,37.01322527125102
crop tight q60,60,718,24.0,38.64879612991484
crop tight q80,80,759,24.0,42.321594139101315
crop tight q95,95,909,24.0,46.64388513939362
crop context q20,20,707,24.0,34.20961981818606
crop context q40,40,749,24.0,36.95038737406095
crop context q60,60,791,24.0,38.67254441434001
crop context q80,80,868,24.0,41.6023703433278
crop context q95,95,1134,24.0,45.60518834864264
crop context jp2,-1,1114,24.0,43.30909098448619
crop wake q20,20,782,24.0,34.21327061959092
crop wake q40,40,898,24.0,37.566060803027405
crop wake q60,60,990,24.0,39.52598159474313
crop wake q80,80,1162,24.0,42.65237319553702
crop wake q95,95,1750,24.0,47.7988007986651
crop wake jp2,-1,2667,24.0,45.17818778205839
thumbnail 96px,60,906,,
whole tile q40,40,33040,,38.90273219512772
whole tile q60,60,42225,,41.52942295543366
crop tight q20,20,5051,320.00025600000004,34.340986467024955
crop tight q40,40,8258,320.00025600000004,38.266251891029235
crop tight q60,60,10773,320.00025600000004,40.48242733222839
crop tight q80,80,15535,320.00025600000004,43.36267223930571
crop tight q95,95,31738,320.00025600000004,48.105206523086125
crop tight jp2,-1,94564,320.00025600000004,50.239900382860476
crop context q20,20,7238,320.00025600000004,34.621296708848
crop context q40,40,12276,320.00025600000004,38.56856498556402
crop context q60,60,16225,320.00025600000004,40.899264245638065
crop context q80,80,23619,320.00025600000004,44.019493245062485
crop context q95,95,48511,320.00025600000004,49.46115189329643
crop context jp2,-1,150727,320.00025600000004,50.56007871123538
crop wake q20,20,11804,320.00025600000004,34.780587093967775
crop wake q40,40,20558,320.00025600000004,38.59812947975407
crop wake q60,60,27409,320.00025600000004,40.8676469219241
crop wake q80,80,40384,320.00025600000004,43.613496640627304
crop wake q95,95,85966,320.00025600000004,48.007595660719005
crop wake jp2,-1,263715,320.00025600000004,50.713006251198046
thumbnail 96px,60,921,,
whole tile q40,40,27401,,38.51286958184688
whole tile q60,60,35692,,41.767376970015995
crop tight q20,20,679,16.999679999999998,29.138664929637102
crop tight q40,40,701,16.999679999999998,32.54431783565169
crop tight q60,60,720,16.999679999999998,34.61380653091334
crop tight q80,80,761,16.999679999999998,36.67599068198488
crop tight q95,95,897,16.999679999999998,41.206741092149706
crop context q20,20,692,16.999679999999998,29.892297906254544
crop context q40,40,729,16.999679999999998,33.090281171281234
crop context q60,60,758,16.999679999999998,34.9020212001398
crop context q80,80,828,16.999679999999998,37.74787368429381
crop context q95,95,1025,16.999679999999998,42.91144359249968
crop wake q20,20,739,16.999679999999998,31.968514149819853
crop wake q40,40,801,16.999679999999998,34.93003963081292
crop wake q60,60,855,16.999679999999998,36.63513321582457
crop wake q80,80,961,16.999679999999998,39.17471178770696
crop wake q95,95,1333,16.999679999999998,43.1367177734172
crop wake jp2,-1,1339,16.999679999999998,43.02562706280166
crop tight q20,20,699,24.999935999999998,30.280136409314657
crop tight q40,40,739,24.999935999999998,33.45129811455627
crop tight q60,60,771,24.999935999999998,35.47134260044372
crop tight q80,80,829,24.999935999999998,37.815226649692605
crop tight q95,95,1025,24.999935999999998,42.55818189357274
crop context q20,20,743,24.999935999999998,31.3855409406804
crop context q40,40,793,24.999935999999998,33.91757543028324
crop context q60,60,851,24.999935999999998,35.80084240787441
crop context q80,80,954,24.999935999999998,38.46000605277433
crop context q95,95,1278,24.999935999999998,42.97344464552553
crop context jp2,-1,1201,24.999935999999998,41.341638369661425
crop wake q20,20,828,24.999935999999998,31.99307811588502
crop wake q40,40,945,24.999935999999998,35.32675772317892
crop wake q60,60,1056,24.999935999999998,36.97438328567406
crop wake q80,80,1261,24.999935999999998,39.59774321747933
crop wake q95,95,1947,24.999935999999998,44.088996717154686
crop wake jp2,-1,2890,24.999935999999998,45.296934300227186
crop tight q20,20,1063,79.00032,32.17307070453018
crop tight q40,40,1318,79.00032,35.52553554988912
crop tight q60,60,1554,79.00032,37.29089927738599
crop tight q80,80,2007,79.00032,39.76066391781964
crop tight q95,95,3537,79.00032,44.25383014583376
crop tight jp2,-1,6089,79.00032,46.13451561870835
crop context q20,20,1238,79.00032,33.32273003407121
crop context q40,40,1668,79.00032,36.60456698818432
crop context q60,60,2059,79.00032,38.64689638002274
crop context q80,80,2796,79.00032,41.210166012559064
crop context q95,95,5190,79.00032,45.565149487933674
crop context jp2,-1,11747,79.00032,48.660730135246155
crop wake q20,20,1850,79.00032,34.438287937945034
crop wake q40,40,2789,79.00032,37.380061787499
crop wake q60,60,3701,79.00032,39.82510903743335
crop wake q80,80,5248,79.00032,42.5393076527089
crop wake q95,95,10484,79.00032,46.80648798391541
crop wake jp2,-1,29037,79.00032,49.730516870205435
crop tight q20,20,690,24.0,31.311446580442436
crop tight q40,40,726,24.0,33.90055603519668
crop tight q60,60,750,24.0,35.85679233456156
crop tight q80,80,804,24.0,38.35722735695544
crop tight q95,95,987,24.0,42.641320671525236
crop context q20,20,715,24.0,31.963909667429988
crop context q40,40,765,24.0,34.949685382196506
crop context q60,60,817,24.0,36.31340716161329
crop context q80,80,915,24.0,39.61049218636404
crop context q95,95,1196,24.0,43.37261810635377
crop context jp2,-1,1150,24.0,43.17420172849695
crop wake q20,20,762,24.0,33.54032880237952
crop wake q40,40,861,24.0,36.98123589360431
crop wake q60,60,946,24.0,38.720062238304195
crop wake q80,80,1123,24.0,41.2603056983243
crop wake q95,95,1719,24.0,45.475201250689416
crop wake jp2,-1,2706,24.0,47.42119441549563
thumbnail 96px,60,1275,,
whole tile q40,40,24449,,36.8111303100794
whole tile q60,60,32779,,38.06884959499719
crop tight q20,20,638,7.00032,27.551449566674144
crop tight q40,40,641,7.00032,29.363935391894728
crop tight q60,60,644,7.00032,30.41768535014572
crop tight q80,80,653,7.00032,32.14312631224406
crop tight q95,95,678,7.00032,41.43589146527368
crop context q20,20,649,7.00032,27.404407787063278
crop context q40,40,659,7.00032,29.880722004997637
crop context q60,60,669,7.00032,31.532389472112563
crop context q80,80,688,7.00032,33.898724364418364
crop context q95,95,755,7.00032,43.35624132876077
crop wake q20,20,674,7.00032,30.306460776488976
crop wake q40,40,690,7.00032,32.180697568450626
crop wake q60,60,701,7.00032,33.36883479647555
crop wake q80,80,734,7.00032,35.68029970587068
crop wake q95,95,858,7.00032,42.26483786704185
crop tight q20,20,645,8.000256,24.957445447755443
crop tight q40,40,658,8.000256,26.72107021931909
crop tight q60,60,668,8.000256,29.034847276459974
crop tight q80,80,685,8.000256,32.310169892823694
crop tight q95,95,733,8.000256,41.61658747864572
crop context q20,20,648,8.000256,25.82342217179867
crop context q40,40,664,8.000256,27.832718391546585
crop context q60,60,678,8.000256,29.380809520878152
crop context q80,80,699,8.000256,32.75934215821274
crop context q95,95,785,8.000256,40.6337047521611
crop wake q20,20,671,8.000256,27.124800945829453
crop wake q40,40,692,8.000256,29.126438854946176
crop wake q60,60,713,8.000256,31.168072085509152
crop wake q80,80,776,8.000256,37.846317757362606
crop wake q95,95,890,8.000256,47.831171512963174
crop tight q20,20,639,5.9996160000000005,23.17480979843276
crop tight q40,40,645,5.9996160000000005,25.977533883325286
crop tight q60,60,648,5.9996160000000005,28.446344670141002
crop tight q80,80,658,5.9996160000000005,30.799213271435587
crop tight q95,95,688,5.9996160000000005,40.88024806790543
crop context q20,20,641,5.9996160000000005,23.94602609732354
crop context q40,40,645,5.9996160000000005,26.216992192182094
crop context q60,60,655,5.9996160000000005,27.317263823481937
crop context q80,80,666,5.9996160000000005,32.73284308715428
crop context q95,95,704,5.9996160000000005,41.90405892398957
crop wake q20,20,652,5.9996160000000005,24.142418124719278
crop wake q40,40,669,5.9996160000000005,25.577971425573196
crop wake q60,60,684,5.9996160000000005,27.977019663623544
crop wake q80,80,713,5.9996160000000005,31.709457439341257
crop wake q95,95,793,5.9996160000000005,41.829916232894824
thumbnail 96px,60,1167,,
whole tile q40,40,24476,,38.96653322007937
whole tile q60,60,36123,,41.089945993823356
crop tight q20,20,641,10.000128,28.525296625294967
crop tight q40,40,648,10.000128,32.02490580830448
crop tight q60,60,655,10.000128,33.97417321438233
crop tight q80,80,672,10.000128,37.29830527254748
crop tight q95,95,721,10.000128,42.60381989882201
crop context q20,20,649,10.000128,31.16412337326922
crop context q40,40,657,10.000128,34.319981881213224
crop context q60,60,664,10.000128,35.39175249805928
crop context q80,80,683,10.000128,37.400210528469046
crop context q95,95,744,10.000128,42.5627548553839
crop wake q20,20,656,10.000128,33.29225016630347
crop wake q40,40,674,10.000128,36.293361448182104
crop wake q60,60,693,10.000128,38.1801875539941
crop wake q80,80,733,10.000128,40.6147284152097
crop wake q95,95,844,10.000128,43.5951742574787
thumbnail 96px,60,1496,,
whole tile q40,40,71452,,34.43068960687097
whole tile q60,60,87906,,36.40174360082608
crop tight q20,20,1618,85.999872,30.79402532319035
crop tight q40,40,2028,85.999872,33.82644911739705
crop tight q60,60,2391,85.999872,35.626283611906864
crop tight q80,80,3127,85.999872,38.60227745109983
crop tight q95,95,5414,85.999872,43.990469093102604
crop tight jp2,-1,7143,85.999872,39.69778700805827
crop context q20,20,2392,85.999872,30.89753567422944
crop context q40,40,3180,85.999872,33.8429701361376
crop context q60,60,3833,85.999872,35.45955425622469
crop context q80,80,5208,85.999872,38.1488198703484
crop context q95,95,9844,85.999872,43.25670841764497
crop context jp2,-1,13877,85.999872,40.32594888947319
crop wake q20,20,4734,85.999872,31.040291525786973
crop wake q40,40,6571,85.999872,34.16553595933769
crop wake q60,60,8091,85.999872,35.98052556847853
crop wake q80,80,11263,85.999872,39.141770690950956
crop wake q95,95,21189,85.999872,45.274202025900216
crop wake jp2,-1,34464,85.999872,41.470259096588094
crop tight q20,20,1186,69.000192,30.93335746438646
crop tight q40,40,1453,69.000192,34.145900463949076
crop tight q60,60,1658,69.000192,35.900800416384385
crop tight q80,80,2075,69.000192,38.943004174830115
crop tight q95,95,3447,69.000192,44.42578189969039
crop tight jp2,-1,4684,69.000192,39.97199403893437
crop context q20,20,1743,69.000192,30.788582347914012
crop context q40,40,2247,69.000192,33.83507497480928
crop context q60,60,2643,69.000192,35.507685922430476
crop context q80,80,3501,69.000192,38.174871046097955
crop context q95,95,6353,69.000192,43.22235304082193
crop context jp2,-1,9032,69.000192,40.292185131434664
crop wake q20,20,3279,69.000192,31.048617940871225
crop wake q40,40,4494,69.000192,34.074100724450965
crop wake q60,60,5492,69.000192,35.726318212729446
crop wake q80,80,7518,69.000192,38.31863906181121
crop wake q95,95,14553,69.000192,43.501411515946884
crop wake jp2,-1,22331,69.000192,41.257054134952334
crop tight q20,20,1240,69.000192,30.65503850544789
crop tight q40,40,1509,69.000192,33.77892936578523
crop tight q60,60,1729,69.000192,35.3766938712341
crop tight q80,80,2184,69.000192,37.914615179099044
crop tight q95,95,3755,69.000192,43.22406388528019
crop tight jp2,-1,4746,69.000192,38.781586263412564
crop context q20,20,1807,69.000192,30.73640862588206
crop context q40,40,2322,69.000192,33.787355531284135
crop context q60,60,2758,69.000192,35.45693985896808
crop context q80,80,3626,69.000192,37.97259434913932
crop context q95,95,6664,69.000192,43.05090477772964
crop context jp2,-1,8883,69.000192,39.24796423699847
crop wake q20,20,3068,69.000192,30.992182538608013
crop wake q40,40,4135,69.000192,34.11408343888526
crop wake q60,60,5016,69.000192,35.84128997128049
crop wake q80,80,6851,69.000192,38.863734769473524
crop wake q95,95,12648,69.000192,45.12795977166487
crop wake jp2,-1,19046,69.000192,40.40207172961853
crop tight q20,20,1346,76.99968,31.083343112937136
crop tight q40,40,1659,76.99968,34.12726432845619
crop tight q60,60,1923,76.99968,35.8789961089873
crop tight q80,80,2469,76.99968,38.58774211124202
crop tight q95,95,4275,76.99968,43.569894737482066
crop tight jp2,-1,5839,76.99968,40.377508542731604
crop context q20,20,1991,76.99968,31.05501251664937
crop context q40,40,2620,76.99968,34.038107343217796
crop context q60,60,3142,76.99968,35.7872902447604
crop context q80,80,4168,76.99968,38.305329519770254
crop context q95,95,7920,76.99968,43.52250975680433
crop context jp2,-1,11429,76.99968,40.972179553460265
crop wake q20,20,3802,76.99968,31.25804292113788
crop wake q40,40,5231,76.99968,34.296897015591014
crop wake q60,60,6409,76.99968,35.98816047985907
crop wake q80,80,8804,76.99968,38.6417266637346
crop wake q95,95,17298,76.99968,43.55912546809559
crop wake jp2,-1,27790,76.99968,41.736552290031526
thumbnail 96px,60,831,,
whole tile q40,40,30633,,39.03719023459721
whole tile q60,60,39456,,41.71354591587648
crop tight q20,20,925,80.000256,34.86719439137583
crop tight q40,40,1153,80.000256,37.881127116873394
crop tight q60,60,1346,80.000256,39.8828930825166
crop tight q80,80,1748,80.000256,42.79745238394753
crop tight q95,95,3025,80.000256,46.936456327567775
crop tight jp2,-1,6299,80.000256,48.23144864592278
crop context q20,20,1152,80.000256,35.511013436605
crop context q40,40,1586,80.000256,38.32812509273547
crop context q60,60,1943,80.000256,40.48409784904567
crop context q80,80,2639,80.000256,43.02420731215267
crop context q95,95,4930,80.000256,47.28881211096474
crop context jp2,-1,11810,80.000256,48.85994614457991
crop wake q20,20,1715,80.000256,36.006327625849465
crop wake q40,40,2709,80.000256,38.84153754582532
crop wake q60,60,3563,80.000256,41.057887543243936
crop wake q80,80,5140,80.000256,44.383923750817466
crop wake q95,95,9850,80.000256,50.05669162473047
crop wake jp2,-1,28539,80.000256,49.60745338013603
crop tight q20,20,753,46.000128,34.441590998278656
crop tight q40,40,838,46.000128,37.24532827402724
crop tight q60,60,912,46.000128,39.596288182901645
crop tight q80,80,1050,46.000128,42.56148005235244
crop tight q95,95,1493,46.000128,47.24614232116798
crop tight jp2,-1,2037,46.000128,45.852533212295
crop context q20,20,828,46.000128,35.429304901130244
crop context q40,40,976,46.000128,38.23006493212161
crop context q60,60,1114,46.000128,40.486730047513234
crop context q80,80,1356,46.000128,43.40159906713816
crop context q95,95,2128,46.000128,49.13954460891666
crop context jp2,-1,4043,46.000128,47.966978601057434
crop wake q20,20,1088,46.000128,35.82863927247987
crop wake q40,40,1425,46.000128,38.656484789336744
crop wake q60,60,1719,46.000128,40.60491248571268
crop wake q80,80,2274,46.000128,43.22395382241123
crop wake q95,95,4213,46.000128,47.994176430971905
crop wake jp2,-1,9585,46.000128,48.837870032964794
thumbnail 96px,60,885,,
whole tile q40,40,24345,,38.868570521648586
whole tile q60,60,32880,,41.10896512967724
crop tight q20,20,788,42.000384,31.544336560819218
crop tight q40,40,875,42.000384,34.71957762990581
crop tight q60,60,953,42.000384,36.885249367618364
crop tight q80,80,1099,42.000384,39.6064982213528
crop tight q95,95,1535,42.000384,44.762951193001975
crop tight jp2,-1,1775,42.000384,43.37171258578584
crop context q20,20,835,42.000384,32.46078895339054
crop context q40,40,967,42.000384,35.78176834045235
crop context q60,60,1056,42.000384,38.34016809010002
crop context q80,80,1353,42.000384,43.685816290402954
crop context q95,95,1878,42.000384,54.205199699091395
crop context jp2,-1,3113,42.000384,45.5751473571335
crop wake q20,20,903,42.000384,33.432482643964306
crop wake q40,40,1103,42.000384,36.91304919699702
crop wake q60,60,1237,42.000384,39.3126086669769
crop wake q80,80,1684,42.000384,45.10309713360752
crop wake q95,95,2461,42.000384,55.76286798590545
crop wake jp2,-1,5303,42.000384,48.22183153006068
thumbnail 96px,60,1130,,
whole tile q40,40,23736,,39.63244588103642
whole tile q60,60,31590,,41.57986783945549
crop tight q20,20,811,48.999936,32.22215836067216
crop tight q40,40,898,48.999936,35.54204242654815
crop tight q60,60,1000,48.999936,37.33065145356434
crop tight q80,80,1159,48.999936,40.35229284341617
crop tight q95,95,1727,48.999936,44.46768612865483
crop tight jp2,-1,2365,48.999936,45.352558658293525
crop context q20,20,889,48.999936,33.25915182182997
crop context q40,40,1041,48.999936,36.65330546593123
crop context q60,60,1201,48.999936,38.61160026035901
crop context q80,80,1490,48.999936,41.39044807259401
crop context q95,95,2441,48.999936,45.25191308465977
crop context jp2,-1,4502,48.999936,48.04644426528093
crop wake q20,20,1083,48.999936,34.7587158134778
crop wake q40,40,1405,48.999936,37.98276474325049
crop wake q60,60,1746,48.999936,39.93654644590399
crop wake q80,80,2361,48.999936,42.69980465028533
crop wake q95,95,4487,48.999936,46.902768917362565
crop wake jp2,-1,11058,48.999936,49.95549976677527
crop tight q20,20,885,56.00025599999999,32.23786123790545
crop tight q40,40,1014,56.00025599999999,35.72688680193436
crop tight q60,60,1142,56.00025599999999,37.85990629701069
crop tight q80,80,1364,56.00025599999999,40.62397016159692
crop tight q95,95,2127,56.00025599999999,44.64226547905854
crop tight jp2,-1,3171,56.00025599999999,45.9455417194541
crop context q20,20,956,56.00025599999999,33.4748076250239
crop context q40,40,1161,56.00025599999999,37.07530384589213
crop context q60,60,1350,56.00025599999999,39.12774956560647
crop context q80,80,1727,56.00025599999999,42.095425201058944
crop context q95,95,2874,56.00025599999999,46.86185935781075
crop context jp2,-1,5932,56.00025599999999,48.772489565036324
crop wake q20,20,1173,56.00025599999999,35.040478374102086
crop wake q40,40,1594,56.00025599999999,38.380157327629135
crop wake q60,60,1982,56.00025599999999,40.31399804391782
crop wake q80,80,2757,56.00025599999999,42.98513928914616
crop wake q95,95,5367,56.00025599999999,47.36489363470287
crop wake jp2,-1,14617,56.00025599999999,50.38228030326978
thumbnail 96px,60,1427,,
whole tile q40,40,65230,,34.807603520312924
whole tile q60,60,82950,,36.69907946278146
crop tight q20,20,765,33.000192,32.21440325089485
crop tight q40,40,821,33.000192,34.74654205727886
crop tight q60,60,875,33.000192,36.74420534267711
crop tight q80,80,971,33.000192,38.68809619423187
crop tight q95,95,1340,33.000192,43.72728110409362
crop tight jp2,-1,1090,33.000192,37.898240853402584
crop context q20,20,865,33.000192,32.211394360969436
crop context q40,40,980,33.000192,34.72916962377572
crop context q60,60,1076,33.000192,36.39857440860963
crop context q80,80,1262,33.000192,39.14673270607855
crop context q95,95,1918,33.000192,43.89547690880028
crop context jp2,-1,2030,33.000192,40.303138166911324
crop wake q20,20,1199,33.000192,31.816509604983224
crop wake q40,40,1477,33.000192,34.72630163931632
crop wake q60,60,1724,33.000192,36.55660519043069
crop wake q80,80,2192,33.000192,39.54384676588875
crop wake q95,95,3693,33.000192,44.86050845264823
crop wake jp2,-1,4983,33.000192,42.09167423972269
thumbnail 96px,60,820,,
whole tile q40,40,19078,,40.31629241342435
whole tile q60,60,24047,,43.650066438184005
crop tight q20,20,789,49.999871999999996,31.07455442366777
crop tight q40,40,870,49.999871999999996,34.460134064749624
crop tight q60,60,940,49.999871999999996,36.69116479820141
crop tight q80,80,1082,49.999871999999996,39.07608007722942
crop tight q95,95,1516,49.999871999999996,44.10793825156751
crop tight jp2,-1,1723,49.999871999999996,43.89068453745328
crop context q20,20,842,49.999871999999996,32.38725825257515
crop context q40,40,945,49.999871999999996,35.454126663660176
crop context q60,60,1043,49.999871999999996,37.84677901198354
crop context q80,80,1247,49.999871999999996,40.63618661181046
crop context q95,95,1914,49.999871999999996,45.32765626128586
crop context jp2,-1,3007,49.999871999999996,47.280224543502456
crop wake q20,20,940,49.999871999999996,34.90931126611042
crop wake q40,40,1097,49.999871999999996,37.54114305070545
crop wake q60,60,1277,49.999871999999996,39.786928943738985
crop wake q80,80,1650,49.999871999999996,42.61467725926493
crop wake q95,95,2849,49.999871999999996,47.92734006578779
crop wake jp2,-1,6688,49.999871999999996,50.42692809251346
thumbnail 96px,60,1726,,
whole tile q40,40,23483,,40.220230080931536
whole tile q60,60,29129,,42.132918133032916
crop tight q20,20,639,8.000256,31.2273841413398
crop tight q40,40,644,8.000256,32.06133116971158
crop tight q60,60,649,8.000256,33.26122495485667
crop tight q80,80,659,8.000256,36.67591098325498
crop tight q95,95,688,8.000256,46.43592199443787
crop context q20,20,646,8.000256,30.73309909189321
crop context q40,40,654,8.000256,32.31317598210387
crop context q60,60,661,8.000256,33.37532367746008
crop context q80,80,683,8.000256,36.37274728301932
crop context q95,95,740,8.000256,42.95631976139303
crop wake q20,20,667,8.000256,30.299625234630525
crop wake q40,40,689,8.000256,32.36557066439725
crop wake q60,60,706,8.000256,33.44824586977484
crop wake q80,80,750,8.000256,36.62334353086657
crop wake q95,95,879,8.000256,43.18690151644029
thumbnail 96px,60,2110,,
whole tile q40,40,77241,,33.162648027898804
whole tile q60,60,96095,,35.185051844777476
crop tight q20,20,1420,73.999872,29.69654022339101
crop tight q40,40,1772,73.999872,32.60881881122876
crop tight q60,60,2064,73.999872,34.349260842248285
crop tight q80,80,2671,73.999872,36.94154998595626
crop tight q95,95,4664,73.999872,41.97925479474364
crop tight jp2,-1,5350,73.999872,38.656477777312254
crop context q20,20,1931,73.999872,29.84499167265153
crop context q40,40,2535,73.999872,32.79312224687083
crop context q60,60,3035,73.999872,34.53955968471293
crop context q80,80,4084,73.999872,37.022933487971244
crop context q95,95,7402,73.999872,42.14782785579807
crop context jp2,-1,9473,73.999872,39.30744163232715
crop wake q20,20,3027,73.999872,29.970362405195495
crop wake q40,40,4110,73.999872,32.86782522726973
crop wake q60,60,5042,73.999872,34.67088115133531
crop wake q80,80,6928,73.999872,37.42422766117987
crop wake q95,95,13011,73.999872,43.51484339759894
crop wake jp2,-1,17747,73.999872,39.71923396626006
thumbnail 96px,60,932,,
whole tile q40,40,36541,,37.865833676318495
whole tile q60,60,47077,,40.36100596785246
crop tight q20,20,1550,117.000192,33.02622520340429
crop tight q40,40,2106,117.000192,36.343169337494615
crop tight q60,60,2568,117.000192,38.29130074566794
crop tight q80,80,3483,117.000192,40.93972718249205
crop tight q95,95,6604,117.000192,45.08969447394851
crop tight jp2,-1,13018,117.000192,45.606541611498756
crop context q20,20,2164,117.000192,33.673622282591595
crop context q40,40,3251,117.000192,36.82371450086839
crop context q60,60,4007,117.000192,39.1967423602251
crop context q80,80,6134,117.000192,44.03918065221214
crop context q95,95,10515,117.000192,49.91203846932402
crop context jp2,-1,26359,117.000192,46.59091919021471
crop wake q20,20,3989,117.000192,34.26795383702321
crop wake q40,40,6336,117.000192,37.39269210175331
crop wake q60,60,8271,117.000192,39.43844689696827
crop wake q80,80,12091,117.000192,42.03497839761445
crop wake q95,95,25555,117.000192,46.505668402379825
crop wake jp2,-1,63538,117.000192,47.714040957535246
crop tight q20,20,908,64.99968,33.08074151123999
crop tight q40,40,1082,64.99968,36.23217949861224
crop tight q60,60,1233,64.99968,38.39104557838435
crop tight q80,80,1530,64.99968,41.14364237466805
crop tight q95,95,2538,64.99968,45.32621507427158
crop tight jp2,-1,4022,64.99968,45.31915260256923
crop context q20,20,1090,64.99968,33.95065026963631
crop context q40,40,1391,64.99968,36.96077654111337
crop context q60,60,1637,64.99968,39.28124751910017
crop context q80,80,2131,64.99968,41.95923945651735
crop context q95,95,3783,64.99968,46.3962037537241
crop context jp2,-1,8073,64.99968,46.71548249111027
crop wake q20,20,1613,64.99968,34.612667075864266
crop wake q40,40,2354,64.99968,37.53181425072854
crop wake q60,60,2970,64.99968,39.73927431653727
crop wake q80,80,4102,64.99968,42.46844137156032
crop wake q95,95,8089,64.99968,46.79105754462729
crop wake jp2,-1,19684,64.99968,48.11450639183221
thumbnail 96px,60,948,,
whole tile q40,40,34146,,37.88681885470694
whole tile q60,60,43960,,40.18542754257563
crop tight q20,20,814,49.999871999999996,32.94309055817137
crop tight q40,40,930,49.999871999999996,36.24404482334781
crop tight q60,60,1027,49.999871999999996,38.24374521548597
crop tight q80,80,1221,49.999871999999996,41.44392730613597
crop tight q95,95,1828,49.999871999999996,46.38334042690698
crop tight jp2,-1,2422,49.999871999999996,44.21030257733879
crop context q20,20,883,49.999871999999996,33.92226714252215
crop context q40,40,1060,49.999871999999996,36.79102088441247
crop context q60,60,1231,49.999871999999996,38.800038744595604
crop context q80,80,1539,49.999871999999996,41.36131258332295
crop context q95,95,2529,49.999871999999996,45.907783050352194
crop context jp2,-1,4756,49.999871999999996,45.826988274157834
crop wake q20,20,1155,49.999871999999996,34.31675657119402
crop wake q40,40,1631,49.999871999999996,37.27888791735167
crop wake q60,60,1995,49.999871999999996,39.451569079799555
crop wake q80,80,2724,49.999871999999996,42.21979822948803
crop wake q95,95,5100,49.999871999999996,46.86980393358916
crop wake jp2,-1,11515,49.999871999999996,47.060236405376166
crop tight q20,20,674,25.999872000000003,32.698590534432995
crop tight q40,40,707,25.999872000000003,35.005420935158035
crop tight q60,60,734,25.999872000000003,36.68208262858779
crop tight q80,80,788,25.999872000000003,39.87676620296939
crop tight q95,95,973,25.999872000000003,44.058420927018005
crop context q20,20,702,25.999872000000003,33.96747810923425
crop context q40,40,756,25.999872000000003,36.93359313421455
crop context q60,60,802,25.999872000000003,38.87237343618436
crop context q80,80,897,25.999872000000003,41.70356387663753
crop context q95,95,1186,25.999872000000003,47.32938540068805
crop context jp2,-1,1264,25.999872000000003,43.96480457321032
crop wake q20,20,789,25.999872000000003,34.701347031467826
crop wake q40,40,914,25.999872000000003,37.5407069931187
crop wake q60,60,1023,25.999872000000003,39.72464562378875
crop wake q80,80,1219,25.999872000000003,42.6095715869055
crop wake q95,95,1866,25.999872000000003,47.6705571093683
crop wake jp2,-1,3160,25.999872000000003,46.91495253023214
crop tight q20,20,680,24.999935999999998,31.72503429509014
crop tight q40,40,720,24.999935999999998,35.034664846502956
crop tight q60,60,743,24.999935999999998,37.811912182870635
crop tight q80,80,799,24.999935999999998,40.54409156683252
crop tight q95,95,975,24.999935999999998,45.15200800543933
crop context q20,20,714,24.999935999999998,32.97684000628465
crop context q40,40,768,24.999935999999998,36.025778993166504
crop context q60,60,812,24.999935999999998,38.45113335954962
crop context q80,80,899,24.999935999999998,41.99458718489417
crop context q95,95,1157,24.999935999999998,46.95118931946994
crop context jp2,-1,1211,24.999935999999998,42.34990585726717
crop wake q20,20,783,24.999935999999998,33.788943298005535
crop wake q40,40,901,24.999935999999998,36.99197832898383
crop wake q60,60,996,24.999935999999998,39.04791613477998
crop wake q80,80,1194,24.999935999999998,41.6854886515176
crop wake q95,95,1831,24.999935999999998,45.79044235334096
crop wake jp2,-1,2866,24.999935999999998,45.242331770077556
crop tight q20,20,3049,283.00032,34.29807444738766
crop tight q40,40,5119,283.00032,37.32711435366221
crop tight q60,60,6731,283.00032,39.41142861229952
crop tight q80,80,9930,283.00032,42.503571260716775
crop tight q95,95,19372,283.00032,47.73464862930869
crop tight jp2,-1,50657,283.00032,48.02391863462623
crop context q20,20,4316,283.00032,34.74083776409615
crop context q40,40,7886,283.00032,37.62947538140943
crop context q60,60,10723,283.00032,39.75521745495844
crop context q80,80,16390,283.00032,43.16977791827958
crop context q95,95,32729,283.00032,48.89353550348862
crop context jp2,-1,92211,283.00032,48.66318510013776
crop wake q20,20,8075,283.00032,34.90929903611649
crop wake q40,40,15878,283.00032,37.71555686743124
crop wake q60,60,20467,283.00032,40.1238689647333
crop wake q80,80,35964,283.00032,46.99005105734217
crop wake q95,95,61760,283.00032,65.60261194682538
crop wake jp2,-1,200201,283.00032,48.83434934142744
thumbnail 96px,60,820,,
whole tile q40,40,15332,,40.44897146741584
whole tile q60,60,25614,,42.77295144652285
crop tight q20,20,747,29.999616,29.81578036966023
crop tight q40,40,801,29.999616,32.83455199722313
crop tight q60,60,843,29.999616,34.1567108606164
crop tight q80,80,950,29.999616,37.13154150867086
crop tight q95,95,1259,29.999616,42.122080872265826
crop tight jp2,-1,906,29.999616,36.31188742121369
crop context q20,20,759,29.999616,31.170114667296254
crop context q40,40,826,29.999616,33.925891412681075
crop context q60,60,899,29.999616,35.51701493041154
crop context q80,80,1042,29.999616,38.103553283753996
crop context q95,95,1491,29.999616,43.460866233066795
crop context jp2,-1,1702,29.999616,43.64193235729131
crop wake q20,20,875,29.999616,33.73871003419764
crop wake q40,40,985,29.999616,36.09006017572139
crop wake q60,60,1131,29.999616,37.83253146405593
crop wake q80,80,1402,29.999616,40.203269996331905
crop wake q95,95,2357,29.999616,44.81984535067065
crop wake jp2,-1,4122,29.999616,47.498157587005984
thumbnail 96px,60,1116,,
whole tile q40,40,35938,,37.49281217367055
whole tile q60,60,46962,,39.61189781578436
crop tight q20,20,792,42.000384,30.304426555847602
crop tight q40,40,895,42.000384,33.27415509570883
crop tight q60,60,978,42.000384,35.431319402489635
crop tight q80,80,1131,42.000384,37.990557073424725
crop tight q95,95,1613,42.000384,42.704947222586746
crop tight jp2,-1,1671,42.000384,40.27668859486754
crop context q20,20,881,42.000384,31.1626316686283
crop context q40,40,1029,42.000384,34.74135847653941
crop context q60,60,1151,42.000384,36.05010900473054
crop context q80,80,1392,42.000384,38.98266930881203
crop context q95,95,2185,42.000384,43.43796643182437
crop context jp2,-1,2821,42.000384,43.21668714997786
crop wake q20,20,1032,42.000384,32.407947847323335
crop wake q40,40,1313,42.000384,35.71005165237077
crop wake q60,60,1548,42.000384,37.49479474699301
crop wake q80,80,1985,42.000384,40.21524151671179
crop wake q95,95,3441,42.000384,44.749605970544756
crop wake jp2,-1,5714,42.000384,44.7540988336077
crop tight q20,20,746,37.999872,30.821927280413497
crop tight q40,40,821,37.999872,33.690766983977674
crop tight q60,60,888,37.999872,35.39329140249881
crop tight q80,80,1025,37.999872,38.30248394355237
crop tight q95,95,1450,37.999872,42.9592324356088
crop tight jp2,-1,1387,37.999872,40.915326356680666
crop context q20,20,807,37.999872,32.36616326579885
crop context q40,40,935,37.999872,35.17163271637195
crop context q60,60,1045,37.999872,37.1867836738381
crop context q80,80,1274,37.999872,39.62558532845242
crop context q95,95,1976,37.999872,44.229522495445224
crop context jp2,-1,2709,37.999872,44.19716245945967
crop wake q20,20,959,37.999872,33.17152594669621
crop wake q40,40,1267,37.999872,36.17910301480211
crop wake q60,60,1503,37.999872,38.19531354725492
crop wake q80,80,1937,37.999872,40.957987554730344
crop wake q95,95,3452,37.999872,45.18823842224921
crop wake jp2,-1,6749,37.999872,45.95953827697991
thumbnail 96px,60,1063,,
whole tile q40,40,39857,,37.3589785861511
whole tile q60,60,50362,,39.90925701242708
crop tight q20,20,701,22.000128,30.46179645186583
crop tight q40,40,736,22.000128,33.09115167119511
crop tight q60,60,764,22.000128,35.3117332517018
crop tight q80,80,833,22.000128,40.232466222029686
crop tight q95,95,988,22.000128,46.42066883747389
crop context q20,20,753,22.000128,30.68325985156925
crop context q40,40,808,22.000128,33.99217593650376
crop context q60,60,854,22.000128,35.778258666676535
crop context q80,80,958,22.000128,38.91173788290182
crop context q95,95,1282,22.000128,43.27764611082081
crop context jp2,-1,944,22.000128,38.121163199084044
crop wake q20,20,847,22.000128,31.830084850885502
crop wake q40,40,957,22.000128,34.899413876414364
crop wake q60,60,1051,22.000128,36.72079133339536
crop wake q80,80,1247,22.000128,39.44923490620599
crop wake q95,95,1856,22.000128,44.14920273693018
crop wake jp2,-1,2253,22.000128,43.25977073003692
thumbnail 96px,60,959,,
whole tile q40,40,30507,,35.20024433749689
whole tile q60,60,41910,,36.38071281353108
crop tight q20,20,667,12.999936000000002,23.907693972880644
crop tight q40,40,685,12.999936000000002,25.69837535301989
crop tight q60,60,701,12.999936000000002,27.84560754431595
crop tight q80,80,738,12.999936000000002,30.49046636946157
crop tight q95,95,842,12.999936000000002,40.06039554950163
crop context q20,20,676,12.999936000000002,26.66312694139013
crop context q40,40,700,12.999936000000002,28.37739759434332
crop context q60,60,727,12.999936000000002,29.465914242840366
crop context q80,80,781,12.999936000000002,33.24988718057122
crop context q95,95,944,12.999936000000002,40.24373399219436
crop wake q20,20,707,12.999936000000002,27.643130173906506
crop wake q40,40,754,12.999936000000002,30.42604920743016
crop wake q60,60,799,12.999936000000002,31.99337928296636
crop wake q80,80,894,12.999936000000002,35.48286362606528
crop wake q95,95,1159,12.999936000000002,42.67877923057576
crop wake jp2,-1,806,12.999936000000002,35.425941623759925
crop tight q20,20,704,16.999679999999998,22.91250606263848
crop tight q40,40,749,16.999679999999998,25.936486538245546
crop tight q60,60,782,16.999679999999998,27.70560624137576
crop tight q80,80,852,16.999679999999998,31.10369872870583
crop tight q95,95,1049,16.999679999999998,39.871136095939114
crop context q20,20,728,16.999679999999998,25.474073696598904
crop context q40,40,780,16.999679999999998,27.726842551762168
crop context q60,60,831,16.999679999999998,29.85937582523855
crop context q80,80,932,16.999679999999998,33.78385200389006
crop context q95,95,1202,16.999679999999998,41.40841107051948
crop wake q20,20,782,16.999679999999998,27.41552498624128
crop wake q40,40,867,16.999679999999998,29.584771412372497
crop wake q60,60,958,16.999679999999998,31.611225294079862
crop wake q80,80,1134,16.999679999999998,34.721224127070116
crop wake q95,95,1654,16.999679999999998,41.36732441941923
crop wake jp2,-1,1337,16.999679999999998,35.39680956018074
thumbnail 96px,60,914,,
whole tile q40,40,22028,,39.63842022270051
whole tile q60,60,30164,,41.458455417343664
crop tight q20,20,2571,214.00012800000002,35.173876633113785
crop tight q40,40,3905,214.00012800000002,37.60315293703274
crop tight q60,60,5245,214.00012800000002,39.76120857824209
crop tight q80,80,7881,214.00012800000002,42.843853721339414
crop tight q95,95,15973,214.00012800000002,48.568639484757334
crop tight jp2,-1,44713,214.00012800000002,49.56649722488714
crop context q20,20,3298,214.00012800000002,35.98471909098267
crop context q40,40,5285,214.00012800000002,38.31621394801651
crop context q60,60,7426,214.00012800000002,40.42260424441196
crop context q80,80,11513,214.00012800000002,43.54819683320352
crop context q95,95,24132,214.00012800000002,49.41227873929742
crop context jp2,-1,74012,214.00012800000002,50.2395958056323
crop wake q20,20,5229,214.00012800000002,36.62055226202209
crop wake q40,40,8906,214.00012800000002,39.17154370279226
crop wake q60,60,13174,214.00012800000002,41.05611758975091
crop wake q80,80,21159,214.00012800000002,44.30906382732327
crop wake q95,95,45785,214.00012800000002,50.28122201969736
crop wake jp2,-1,154511,214.00012800000002,50.98732405766974
thumbnail 96px,60,1267,,
whole tile q40,40,23522,,39.82971931331628
whole tile q60,60,31102,,41.052723913331334
crop tight q20,20,953,101.999616,36.39713710628786
crop tight q40,40,1169,101.999616,39.138076007832446
crop tight q60,60,1427,101.999616,40.82678352339052
crop tight q80,80,1938,101.999616,43.889038087995274
crop tight q95,95,3550,101.999616,47.79498329066043
crop tight jp2,-1,9305,101.999616,50.674023283984155
crop context q20,20,1163,101.999616,36.42021049467075
crop context q40,40,1521,101.999616,39.25420369291929
crop context q60,60,1949,101.999616,41.042363617107966
crop context q80,80,2804,101.999616,43.88702162848411
crop context q95,95,5545,101.999616,47.98638972891502
crop context jp2,-1,15880,101.999616,50.961180220135496
crop wake q20,20,1638,101.999616,36.41507879492344
crop wake q40,40,2313,101.999616,39.58578420595143
crop wake q60,60,3173,101.999616,40.96431001861951
crop wake q80,80,4883,101.999616,44.07116721670485
crop wake q95,95,10348,101.999616,48.30804499657583
crop wake jp2,-1,33727,101.999616,51.66864286393802
crop tight q20,20,778,60.999936,36.523496279198845
crop tight q40,40,864,60.999936,38.88790690958874
crop tight q60,60,962,60.999936,40.57911281172754
crop tight q80,80,1165,60.999936,43.508531582483805
crop tight q95,95,1804,60.999936,47.48813268156226
crop tight jp2,-1,3633,60.999936,50.02886614891785
crop context q20,20,904,60.999936,36.77161530551087
crop context q40,40,1055,60.999936,39.1661760832075
crop context q60,60,1242,60.999936,41.02127688245534
crop context q80,80,1639,60.999936,44.01357015841272
crop context q95,95,2837,60.999936,48.11287064503703
crop context jp2,-1,6785,60.999936,50.64432452499619
crop wake q20,20,1183,60.999936,36.48679242136248
crop wake q40,40,1533,60.999936,39.33597141272941
crop wake q60,60,1972,60.999936,41.118875832232405
crop wake q80,80,2837,60.999936,44.24602344146285
crop wake q95,95,5616,60.999936,48.34856441944816
crop wake jp2,-1,17165,60.999936,51.31704789623135
crop tight q20,20,788,66.000384,36.04419059133282
crop tight q40,40,906,66.000384,39.20224518046635
crop tight q60,60,1023,66.000384,40.72163895430612
crop tight q80,80,1269,66.000384,44.37197594380983
crop tight q95,95,2003,66.000384,49.7012824286929
crop tight jp2,-1,4124,66.000384,49.63219305620242
crop context q20,20,930,66.000384,36.40762293207631
crop context q40,40,1111,66.000384,39.18299805840333
crop context q60,60,1320,66.000384,40.642650966729775
crop context q80,80,1753,66.000384,43.72152897903209
crop context q95,95,3138,66.000384,47.76000527444516
crop context jp2,-1,7848,66.000384,50.88712360668418
crop wake q20,20,1177,66.000384,36.461966391310696
crop wake q40,40,1542,66.000384,39.205107145323204
crop wake q60,60,1985,66.000384,40.79897118239718
crop wake q80,80,2820,66.000384,43.85532598171043
crop wake q95,95,5553,66.000384,47.98071251381502
crop wake jp2,-1,16021,66.000384,51.29271623008641
thumbnail 96px,60,976,,
whole tile q40,40,28389,,38.56695597745586
whole tile q60,60,37243,,41.058562078432004
crop tight q20,20,862,67.00032,33.75788390268514
crop tight q40,40,1038,67.00032,36.70289523411362
crop tight q60,60,1193,67.00032,38.78994913691615
crop tight q80,80,1496,67.00032,41.581632749547914
crop tight q95,95,2432,67.00032,45.817002573615106
crop tight jp2,-1,4545,67.00032,47.73056931127893
crop context q20,20,1006,67.00032,34.93957170723567
crop context q40,40,1308,67.00032,37.43508559496933
crop context q60,60,1575,67.00032,39.72900081467515
crop context q80,80,2094,67.00032,42.54087466139947
crop context q95,95,3830,67.00032,46.63489247399282
crop context jp2,-1,8711,67.00032,48.78569200401859
crop wake q20,20,1365,67.00032,35.930845039363945
crop wake q40,40,2024,67.00032,38.10975329376553
crop wake q60,60,2621,67.00032,40.5002359145345
crop wake q80,80,3758,67.00032,43.17051837676878
crop wake q95,95,7477,67.00032,47.742701832029475
crop wake jp2,-1,21008,67.00032,49.84275334515068
crop tight q20,20,659,16.999679999999998,33.4990931444556
crop tight q40,40,676,16.999679999999998,36.94044523755473
crop tight q60,60,685,16.999679999999998,38.722734669432974
crop tight q80,80,717,16.999679999999998,41.481251431670145
crop tight q95,95,816,16.999679999999998,45.681850142146544
crop context q20,20,660,16.999679999999998,34.60053378137238
crop context q40,40,686,16.999679999999998,37.51644546911619
crop context q60,60,710,16.999679999999998,39.00312610914646
crop context q80,80,753,16.999679999999998,41.478089381285514
crop context q95,95,907,16.999679999999998,45.846346195185404
crop wake q20,20,691,16.999679999999998,35.3607526174403
crop wake q40,40,748,16.999679999999998,38.02508655858572
crop wake q60,60,785,16.999679999999998,40.68944143474739
crop wake q80,80,869,16.999679999999998,43.67496167630455
crop wake q95,95,1126,16.999679999999998,48.65990607900426
crop wake jp2,-1,1335,16.999679999999998,46.34915039344109
thumbnail 96px,60,843,,
whole tile q40,40,25133,,36.66604882216244
whole tile q60,60,35881,,38.17867889507057
crop tight q20,20,685,25.999872000000003,27.318439316245847
crop tight q40,40,721,25.999872000000003,29.431775240093927
crop tight q60,60,760,25.999872000000003,30.930885270930734
crop tight q80,80,824,25.999872000000003,34.32869119156304
crop tight q95,95,1024,25.999872000000003,42.42696158255696
crop context q20,20,692,25.999872000000003,29.380645597577683
crop context q40,40,742,25.999872000000003,31.372064932199642
crop context q60,60,792,25.999872000000003,32.806463827933676
crop context q80,80,897,25.999872000000003,36.48479059517626
crop context q95,95,1168,25.999872000000003,43.77493842214777
crop wake q20,20,749,25.999872000000003,32.26097790804103
crop wake q40,40,814,25.999872000000003,33.7731882694947
crop wake q60,60,901,25.999872000000003,35.15836689316577
crop wake q80,80,1076,25.999872000000003,38.003301539023745
crop wake q95,95,1596,25.999872000000003,45.13437762988326
crop wake jp2,-1,2011,25.999872000000003,42.96422221779628
thumbnail 96px,60,901,,
whole tile q40,40,30827,,38.31947599493915
whole tile q60,60,43022,,40.550559367357344
crop tight q20,20,649,11.000064,28.86377428925476
crop tight q40,40,662,11.000064,31.83056909369316
crop tight q60,60,673,11.000064,33.11424327894039
crop tight q80,80,690,11.000064,34.91082055390899
crop tight q95,95,756,11.000064,41.631799508187115
crop context q20,20,673,11.000064,29.78440853008682
crop context q40,40,692,11.000064,31.772091033862992
crop context q60,60,711,11.000064,33.53431689101641
crop context q80,80,746,11.000064,37.04335570570721
crop context q95,95,834,11.000064,41.71588982047637
crop wake q20,20,686,11.000064,30.545496078500257
crop wake q40,40,722,11.000064,33.6666839712351
crop wake q60,60,748,11.000064,35.586597292978055
crop wake q80,80,806,11.000064,37.76483857673607
crop wake q95,95,997,11.000064,42.190407333615426
thumbnail 96px,60,825,,
whole tile q40,40,11668,,39.433651869318794
whole tile q60,60,15029,,40.86264970165758
crop tight q20,20,1302,116.00025600000001,30.84488203060082
crop tight q40,40,1576,116.00025600000001,33.07962534110749
crop tight q60,60,1957,116.00025600000001,34.646549913289356
crop tight q80,80,2956,116.00025600000001,37.47287053918317
crop tight q95,95,6063,116.00025600000001,44.42938435777733
crop tight jp2,-1,12388,116.00025600000001,45.665621902948615
crop context q20,20,1487,116.00025600000001,32.726222266594135
crop context q40,40,1814,116.00025600000001,34.7000264742793
crop context q60,60,2282,116.00025600000001,36.329725587944225
crop context q80,80,3788,116.00025600000001,39.00566853022246
crop context q95,95,8296,116.00025600000001,45.44443659925599
crop context jp2,-1,21038,116.00025600000001,48.13178298528192
crop wake q20,20,2013,116.00025600000001,35.14755260676922
crop wake q40,40,2392,116.00025600000001,36.739642312391545
crop wake q60,60,3079,116.00025600000001,38.36149556697584
crop wake q80,80,5743,116.00025600000001,40.385128060273715
crop wake q95,95,14862,116.00025600000001,45.76866169251765
crop wake jp2,-1,44094,116.00025600000001,49.461469436536056
thumbnail 96px,60,815,,
whole tile q40,40,20910,,39.825212434166026
whole tile q60,60,28692,,41.5827889688316
crop tight q20,20,907,77.999616,34.84217875684679
crop tight q40,40,1082,77.999616,37.86992080919892
crop tight q60,60,1294,77.999616,39.90863608626886
crop tight q80,80,1655,77.999616,42.940843060231664
crop tight q95,95,2761,77.999616,47.80266918935166
crop tight jp2,-1,5886,77.999616,48.63609656833724
crop context q20,20,1014,77.999616,36.02329468286473
crop context q40,40,1325,77.999616,38.59560083399478
crop context q60,60,1654,77.999616,40.45090262100774
crop context q80,80,2321,77.999616,43.09450176448169
crop context q95,95,4401,77.999616,47.36338005878592
crop context jp2,-1,11660,77.999616,49.852976543168396
crop wake q20,20,1481,77.999616,37.03796603553495
crop wake q40,40,2102,77.999616,39.15524833464578
crop wake q60,60,2929,77.999616,40.86791060460867
crop wake q80,80,4386,77.999616,43.72531432135854
crop wake q95,95,9181,77.999616,48.01995918552849
crop wake jp2,-1,28306,77.999616,50.74300481087708
thumbnail 96px,60,1526,,
whole tile q40,40,103108,,25.290578236129875
whole tile q60,60,131829,,27.130898400649247
crop tight q20,20,655,12.999936000000002,24.65641917705218
crop tight q40,40,667,12.999936000000002,26.664897364435568
crop tight q60,60,683,12.999936000000002,28.077431905952757
crop tight q80,80,713,12.999936000000002,31.433503456887504
crop tight q95,95,800,12.999936000000002,41.69157934056729
crop context q20,20,695,12.999936000000002,24.789394708977035
crop context q40,40,734,12.999936000000002,26.73558596763728
crop context q60,60,763,12.999936000000002,28.76215700451345
crop context q80,80,829,12.999936000000002,31.872128691404736
crop context q95,95,1016,12.999936000000002,41.61633102259528
crop wake q20,20,769,12.999936000000002,23.80925242784645
crop wake q40,40,857,12.999936000000002,26.262331272212684
crop wake q60,60,919,12.999936000000002,28.05268487226577
crop wake q80,80,1061,12.999936000000002,31.47980480567746
crop wake q95,95,1422,12.999936000000002,41.3042484505994
crop wake jp2,-1,806,12.999936000000002,25.325339031560006
thumbnail 96px,60,1245,,
whole tile q40,40,44898,,33.82091080724618
whole tile q60,60,63011,,35.221938089428136
crop tight q20,20,1338,86.999808,27.908175529821637
crop tight q40,40,1800,86.999808,30.148147097033583
crop tight q60,60,2194,86.999808,31.84454411709162
crop tight q80,80,3050,86.999808,34.99038892020521
crop tight q95,95,5748,86.999808,42.18113553968908
crop tight jp2,-1,7485,86.999808,39.74201912683264
crop context q20,20,1685,86.999808,29.681146404950947
crop context q40,40,2426,86.999808,31.802874787271843
crop context q60,60,3128,86.999808,33.348143165868706
crop context q80,80,4521,86.999808,36.56373101841784
crop context q95,95,9091,86.999808,43.11471575576788
crop context jp2,-1,14713,86.999808,42.03691085131496
crop wake q20,20,2663,86.999808,30.850299386491763
crop wake q40,40,4244,86.999808,32.88676948346027
crop wake q60,60,5689,86.999808,34.39868528164097
crop wake q80,80,9547,86.999808,39.86969532575142
crop wake q95,95,16675,86.999808,48.70237157295006
crop wake jp2,-1,32967,86.999808,43.056481284289355
thumbnail 96px,60,1106,,
whole tile q40,40,36037,,38.03660335614174
whole tile q60,60,45633,,40.272286796358465
crop tight q20,20,687,22.000128,30.76605255956169
crop tight q40,40,717,22.000128,33.3560408200795
crop tight q60,60,744,22.000128,35.644467692289
crop tight q80,80,796,22.000128,37.91020588396016
crop tight q95,95,976,22.000128,43.61396248988285
crop context q20,20,738,22.000128,31.26782224494098
crop context q40,40,791,22.000128,34.528554460732195
crop context q60,60,834,22.000128,36.43146157871022
crop context q80,80,918,22.000128,39.015350435376625
crop context q95,95,1221,22.000128,43.81607191461129
crop context jp2,-1,929,22.000128,37.74381830192955
crop wake q20,20,818,22.000128,32.45556891587886
crop wake q40,40,927,22.000128,35.45245607305585
crop wake q60,60,1014,22.000128,37.383203284520945
crop wake q80,80,1183,22.000128,39.85298231579221
crop wake q95,95,1756,22.000128,44.84762524526458
crop wake jp2,-1,2259,22.000128,43.19478301730491
thumbnail 96px,60,870,,
whole tile q40,40,25201,,38.80398472561779
whole tile q60,60,33159,,41.49323005262942
crop tight q20,20,881,70.000128,34.8597277216277
crop tight q40,40,1050,70.000128,37.80000115690471
crop tight q60,60,1162,70.000128,40.03856752849431
crop tight q80,80,1551,70.000128,46.08527741556847
crop tight q95,95,2204,70.000128,64.14247647858664
crop tight jp2,-1,4815,70.000128,47.72622920719844
crop context q20,20,986,70.000128,35.31997937195324
crop context q40,40,1248,70.000128,38.07660867749611
crop context q60,60,1494,70.000128,40.480811532673606
crop context q80,80,1984,70.000128,43.833955151026245
crop context q95,95,3388,70.000128,49.34611720319333
crop context jp2,-1,7899,70.000128,48.910899745321416
crop wake q20,20,1212,70.000128,35.7351640560252
crop wake q40,40,1694,70.000128,38.39949749044431
crop wake q60,60,2165,70.000128,40.79203083724841
crop wake q80,80,3038,70.000128,43.54561738717948
crop wake q95,95,5894,70.000128,48.17841764498163
crop wake jp2,-1,16669,70.000128,49.907082990159566
crop tight q20,20,1105,71.00006400000001,31.309903759119816
crop tight q40,40,1362,71.00006400000001,34.765244268072315
crop tight q60,60,1571,71.00006400000001,36.801325602019105
crop tight q80,80,1987,71.00006400000001,39.203150889757644
crop tight q95,95,3363,71.00006400000001,44.15279868909376
crop tight jp2,-1,4924,71.00006400000001,43.987328048200034
crop context q20,20,1310,71.00006400000001,32.809273484604724
crop context q40,40,1708,71.00006400000001,36.003779290561816
crop context q60,60,2058,71.00006400000001,38.1094482965768
crop context q80,80,2746,71.00006400000001,40.601256975597664
crop context q95,95,4997,71.00006400000001,45.46693554663837
crop context jp2,-1,9654,71.00006400000001,46.145490402579625
crop wake q20,20,1809,71.00006400000001,34.394501049646784
crop wake q40,40,2586,71.00006400000001,37.363989765085314
crop wake q60,60,3310,71.00006400000001,39.607308416378146
crop wake q80,80,4731,71.00006400000001,42.205927558086735
crop wake q95,95,9404,71.00006400000001,46.98470912141605
crop wake jp2,-1,23554,71.00006400000001,48.868315095860595
thumbnail 96px,60,3260,,
whole tile q40,40,101470,,31.92714724650395
whole tile q60,60,124768,,34.04512343652233
crop tight q20,20,747,24.0,28.168807484302995
crop tight q40,40,803,24.0,30.650599297664435
crop tight q60,60,845,24.0,33.13040737837095
crop tight q80,80,930,24.0,35.856947397533006
crop tight q95,95,1226,24.0,41.44484088646947
crop context q20,20,834,24.0,28.548114598181847
crop context q40,40,920,24.0,31.887184437309905
crop context q60,60,987,24.0,33.549847790676765
crop context q80,80,1131,24.0,36.24131026753298
crop context q95,95,1582,24.0,41.77590269160889
crop context jp2,-1,1097,24.0,31.624805411951115
crop wake q20,20,1098,24.0,28.804520704222995
crop wake q40,40,1309,24.0,31.820473694522505
crop wake q60,60,1484,24.0,33.81226887961328
crop wake q80,80,1816,24.0,36.29660245010601
crop wake q95,95,2932,24.0,41.81279732782868
crop wake jp2,-1,2686,24.0,35.32535726707942
thumbnail 96px,60,1652,,
whole tile q40,40,26505,,39.692230679319366
whole tile q60,60,33631,,41.449955065499
crop tight q20,20,659,15.999744,32.86862019836207
crop tight q40,40,673,15.999744,35.61847818083149
crop tight q60,60,683,15.999744,37.79061283507344
crop tight q80,80,715,15.999744,40.584102235911026
crop tight q95,95,803,15.999744,44.62499879503521
crop context q20,20,665,15.999744,34.123608704429856
crop context q40,40,687,15.999744,36.56733169639975
crop context q60,60,707,15.999744,38.90341598000007
crop context q80,80,752,15.999744,41.64745359361003
crop context q95,95,880,15.999744,46.15976606196983
crop wake q20,20,699,15.999744,34.17264360111952
crop wake q40,40,742,15.999744,36.634725261293504
crop wake q60,60,771,15.999744,39.60126221863372
crop wake q80,80,864,15.999744,45.656775206836286
crop wake q95,95,1029,15.999744,58.36744283207459
crop wake jp2,-1,982,15.999744,43.111294363870854
thumbnail 96px,60,972,,
whole tile q40,40,39257,,38.40329720544966
whole tile q60,60,48893,,40.24230257971829
crop tight q20,20,683,24.999935999999998,33.5511897280447
crop tight q40,40,712,24.999935999999998,36.010655960484925
crop tight q60,60,738,24.999935999999998,37.942405343357876
crop tight q80,80,787,24.999935999999998,41.03125659125078
crop tight q95,95,959,24.999935999999998,45.61268392015866
crop context q20,20,718,24.999935999999998,33.31945408320993
crop context q40,40,771,24.999935999999998,36.32590105083717
crop context q60,60,808,24.999935999999998,38.028334025103845
crop context q80,80,897,24.999935999999998,40.743988590626834
crop context q95,95,1177,24.999935999999998,44.94582275681604
crop context jp2,-1,1205,24.999935999999998,42.97178931166518
crop wake q20,20,808,24.999935999999998,33.62181970224693
crop wake q40,40,918,24.999935999999998,37.1569917243317
crop wake q60,60,1012,24.999935999999998,39.001243043626424
crop wake q80,80,1199,24.999935999999998,41.65087790525112
crop wake q95,95,1836,24.999935999999998,46.152788984120896
crop wake jp2,-1,2880,24.999935999999998,45.82818973564909
crop tight q20,20,759,40.99968,32.26211868435019
crop tight q40,40,836,40.99968,35.46922642311234
crop tight q60,60,899,40.99968,37.19576930501268
crop tight q80,80,1032,40.99968,39.92737964229529
crop tight q95,95,1462,40.99968,44.182314253270995
crop tight jp2,-1,1675,40.99968,42.657974627695346
crop context q20,20,915,40.99968,32.47436175189398
crop context q40,40,1065,40.99968,36.213185072881366
crop context q60,60,1178,40.99968,37.74225916853218
crop context q80,80,1409,40.99968,40.643744131195945
crop context q95,95,2250,40.99968,44.85193746520451
crop context jp2,-1,3137,40.99968,44.76914642246351
crop wake q20,20,1157,40.99968,33.01681894041484
crop wake q40,40,1470,40.99968,37.08337614419924
crop wake q60,60,1720,40.99968,38.52291781616373
crop wake q80,80,2205,40.99968,41.44691125453914
crop wake q95,95,3901,40.99968,46.045374436101476
crop wake jp2,-1,7826,40.99968,46.74449571410296
thumbnail 96px,60,881,,
whole tile q40,40,35697,,37.81368055907415
whole tile q60,60,45251,,40.82254120157879
crop tight q20,20,3028,223.00032,34.28951997876461
crop tight q40,40,4863,223.00032,37.439723701090855
crop tight q60,60,6293,223.00032,39.64226387460612
crop tight q80,80,9143,223.00032,42.39568945887909
crop tight q95,95,18478,223.00032,46.99244763310337
crop tight jp2,-1,49148,223.00032,48.70426526522114
crop context q20,20,5105,223.00032,34.503612924228015
crop context q40,40,8627,223.00032,37.64519088196561
crop context q60,60,11407,223.00032,39.99148785456136
crop context q80,80,16752,223.00032,42.545172761083435
crop context q95,95,34445,223.00032,47.21335600584189
crop context jp2,-1,94893,223.00032,48.91181466553186
crop wake q20,20,10659,223.00032,34.69639776237798
crop wake q40,40,19248,223.00032,37.81930688910403
crop wake q60,60,26225,223.00032,40.42293421772563
crop wake q80,80,38721,223.00032,43.527581791927624
crop wake q95,95,78087,223.00032,49.23287783866407
crop wake jp2,-1,233215,223.00032,49.1429230158385
thumbnail 96px,60,1310,,
whole tile q40,40,78794,,28.648625342369698
whole tile q60,60,98142,,29.9794385372217
crop tight q20,20,1373,82.000128,27.402391722531632
crop tight q40,40,1847,82.000128,29.164647831720217
crop tight q60,60,2244,82.000128,30.456675129888538
crop tight q80,80,3174,82.000128,33.16440447354417
crop tight q95,95,5887,82.000128,41.768731595798926
crop tight jp2,-1,6751,82.000128,34.98952360628893
crop context q20,20,2140,82.000128,27.254684578313608
crop context q40,40,3016,82.000128,29.019120192710904
crop context q60,60,3872,82.000128,30.215709591361094
crop context q80,80,5704,82.000128,32.953196180678695
crop context q95,95,11148,82.000128,41.737852191268374
crop context jp2,-1,12873,82.000128,35.05755102926055
crop wake q20,20,4170,82.000128,27.083203545890022
crop wake q40,40,6366,82.000128,28.80017403677959
crop wake q60,60,8334,82.000128,30.041117589012533
crop wake q80,80,12816,82.000128,32.86239304015616
crop wake q95,95,25533,82.000128,41.81986050735098
crop wake jp2,-1,31526,82.000128,34.81080879060764
crop tight q20,20,1390,82.000128,27.510579132941636
crop tight q40,40,1833,82.000128,29.334603607604546
crop tight q60,60,2223,82.000128,30.578960266379074
crop tight q80,80,3122,82.000128,33.47368410015408
crop tight q95,95,5797,82.000128,41.97121271655316
crop tight jp2,-1,6697,82.000128,35.36223328284378
crop context q20,20,2201,82.000128,27.206844226579058
crop context q40,40,3106,82.000128,29.082659858910244
crop context q60,60,3944,82.000128,30.39142206337005
crop context q80,80,5732,82.000128,33.21903428599494
crop context q95,95,11056,82.000128,42.00769689636296
crop context jp2,-1,12955,82.000128,35.07051568054462
crop wake q20,20,4286,82.000128,26.955729924450075
crop wake q40,40,6483,82.000128,28.79020309229447
crop wake q60,60,8437,82.000128,30.12536138258454
crop wake q80,80,12940,82.000128,33.10929508248193
crop wake q95,95,25403,82.000128,42.857519627166084
crop wake jp2,-1,31572,82.000128,34.73390745831296
thumbnail 96px,60,835,,
whole tile q40,40,28994,,34.65622146910289
whole tile q60,60,41019,,35.92142260383739
crop tight q20,20,693,16.999679999999998,24.486810213696852
crop tight q40,40,731,16.999679999999998,26.82583112796955
crop tight q60,60,767,16.999679999999998,28.64691858251554
crop tight q80,80,834,16.999679999999998,32.59946049594311
crop tight q95,95,1029,16.999679999999998,39.11712872407015
crop context q20,20,713,16.999679999999998,26.9602193401958
crop context q40,40,761,16.999679999999998,29.219289778465864
crop context q60,60,799,16.999679999999998,30.453913923993838
crop context q80,80,903,16.999679999999998,33.290651601310344
crop context q95,95,1186,16.999679999999998,39.62503930087939
crop wake q20,20,732,16.999679999999998,28.760946305270508
crop wake q40,40,820,16.999679999999998,30.836587161606666
crop wake q60,60,908,16.999679999999998,32.26723141189539
crop wake q80,80,1071,16.999679999999998,35.10420292788827
crop wake q95,95,1609,16.999679999999998,41.37268793803824
crop wake jp2,-1,1319,16.999679999999998,36.804608469574205
crop tight q20,20,654,10.000128,22.15399031216301
crop tight q40,40,670,10.000128,24.645247618792247
crop tight q60,60,684,10.000128,26.577443234028486
crop tight q80,80,716,10.000128,29.669339009853573
crop tight q95,95,803,10.000128,39.67669080500558
crop context q20,20,662,10.000128,23.479745166122722
crop context q40,40,683,10.000128,25.438198431149566
crop context q60,60,704,10.000128,27.542007991637828
crop context q80,80,742,10.000128,30.940318992207896
crop context q95,95,831,10.000128,40.313623868459814
crop wake q20,20,685,10.000128,26.713894577516438
crop wake q40,40,726,10.000128,29.176408350191032
crop wake q60,60,756,10.000128,30.555558639922438
crop wake q80,80,836,10.000128,33.01032584228719
crop wake q95,95,1068,10.000128,40.43892475456826
thumbnail 96px,60,1239,,
whole tile q40,40,98069,,25.463811479906386
whole tile q60,60,123711,,27.892026364195722
crop tight q20,20,644,7.00032,21.395730849288395
crop tight q40,40,654,7.00032,24.272507421981274
crop tight q60,60,660,7.00032,26.10181051976823
crop tight q80,80,675,7.00032,29.45563754685491
crop tight q95,95,705,7.00032,41.828031981526394
crop context q20,20,662,7.00032,21.45193647128806
crop context q40,40,682,7.00032,23.894332128463176
crop context q60,60,699,7.00032,26.3496126891047
crop context q80,80,731,7.00032,29.93802382308987
crop context q95,95,826,7.00032,40.971192094284625
crop wake q20,20,704,7.00032,21.198842833434345
crop wake q40,40,742,7.00032,23.718971211529368
crop wake q60,60,774,7.00032,25.941994855144376
crop wake q80,80,826,7.00032,30.814319277726604
crop wake q95,95,972,7.00032,41.38033229492821
thumbnail 96px,60,933,,
whole tile q40,40,44344,,37.14874257787858
whole tile q60,60,54884,,39.56203218660987
crop tight q20,20,636,7.00032,30.35734102046838
crop tight q40,40,639,7.00032,34.61837140152646
crop tight q60,60,642,7.00032,36.412320590973714
crop tight q80,80,646,7.00032,37.684099784048556
crop tight q95,95,664,7.00032,44.09149970351048
crop context q20,20,641,7.00032,30.319235912041165
crop context q40,40,648,7.00032,35.081472475619336
crop context q60,60,651,7.00032,36.878024641627924
crop context q80,80,662,7.00032,41.329085632292234
crop context q95,95,687,7.00032,46.802961081796326
crop wake q20,20,661,7.00032,31.531769505806068
crop wake q40,40,674,7.00032,34.720223840562156
crop wake q60,60,684,7.00032,36.05818754204445
crop wake q80,80,712,7.00032,39.10173193172418
crop wake q95,95,787,7.00032,43.78156769037581
crop tight q20,20,648,8.000256,29.370764637637215
crop tight q40,40,657,8.000256,31.603685700802924
crop tight q60,60,666,8.000256,34.480085574805194
crop tight q80,80,681,8.000256,37.3793907713883
crop tight q95,95,726,8.000256,42.768961546100634
crop context q20,20,657,8.000256,28.91994443198962
crop context q40,40,671,8.000256,30.66186814105467
crop context q60,60,682,8.000256,32.75934215821274
crop context q80,80,704,8.000256,36.09134418559086
crop context q95,95,776,8.000256,41.11888901820784
crop wake q20,20,684,8.000256,29.52597594098652
crop wake q40,40,708,8.000256,31.826779307370646
crop wake q60,60,735,8.000256,33.755808307020615
crop wake q80,80,782,8.000256,37.04684486569679
crop wake q95,95,919,8.000256,42.39725194590912
thumbnail 96px,60,1391,,
whole tile q40,40,34427,,34.80139709854428
whole tile q60,60,42913,,36.302175776016405
crop tight q20,20,653,11.000064,24.82991949379803
crop tight q40,40,671,11.000064,26.576535039242955
crop tight q60,60,685,11.000064,27.733612735553233
crop tight q80,80,718,11.000064,30.4511623872968
crop tight q95,95,808,11.000064,39.80489583128298
crop context q20,20,683,11.000064,25.776784581918907
crop context q40,40,709,11.000064,27.946754015744006
crop context q60,60,737,11.000064,29.030328794335738
crop context q80,80,780,11.000064,31.9049615363056
crop context q95,95,916,11.000064,41.12693415361099
crop wake q20,20,708,11.000064,26.519236909592724
crop wake q40,40,758,11.000064,28.563788802582692
crop wake q60,60,805,11.000064,30.504818526953613
crop wake q80,80,886,11.000064,33.1712877150198
crop wake q95,95,1176,11.000064,41.37638272842687
crop tight q20,20,640,8.000256,25.676184513439093
crop tight q40,40,649,8.000256,26.918435020462287
crop tight q60,60,658,8.000256,28.91190605040547
crop tight q80,80,672,8.000256,32.70905788444773
crop tight q95,95,704,8.000256,40.827434659311876
crop context q20,20,654,8.000256,26.21033317291404
crop context q40,40,670,8.000256,28.258408347022833
crop context q60,60,680,8.000256,29.580860011848294
crop context q80,80,712,8.000256,32.7681587045107
crop context q95,95,792,8.000256,40.4067764002012
crop wake q20,20,676,8.000256,28.21094591428836
crop wake q40,40,692,8.000256,30.39505060042695
crop wake q60,60,719,8.000256,32.16155110608647
crop wake q80,80,760,8.000256,36.0528299555816
crop wake q95,95,904,8.000256,41.922293167175596
crop tight q20,20,653,8.000256,24.28328093815802
crop tight q40,40,663,8.000256,26.43882610072364
crop tight q60,60,669,8.000256,27.904975678334978
crop tight q80,80,687,8.000256,32.51694272566871
crop tight q95,95,722,8.000256,40.85411948862252
crop context q20,20,660,8.000256,24.045928409514886
crop context q40,40,679,8.000256,26.70379947167442
crop context q60,60,693,8.000256,27.935175453931926
crop context q80,80,723,8.000256,30.61631172750878
crop context q95,95,816,8.000256,40.849588191969474
crop wake q20,20,699,8.000256,24.984807241111042
crop wake q40,40,727,8.000256,27.465501901457365
crop wake q60,60,762,8.000256,28.93638545218147
crop wake q80,80,825,8.000256,32.33020400959323
crop wake q95,95,1016,8.000256,40.884887230373096
crop tight q20,20,647,9.000192,23.97227151036283
crop tight q40,40,658,9.000192,26.74519318146089
crop tight q60,60,674,9.000192,28.521053750007013
crop tight q80,80,693,9.000192,32.56448991249726
crop tight q95,95,757,9.000192,38.89585135916856
crop context q20,20,658,9.000192,25.433969701245623
crop context q40,40,673,9.000192,28.01476345752789
crop context q60,60,685,9.000192,29.936199713033588
crop context q80,80,716,9.000192,33.41905104704345
crop context q95,95,789,9.000192,39.39031333802541
crop wake q20,20,689,9.000192,26.44585188191769
crop wake q40,40,715,9.000192,28.522067760770767
crop wake q60,60,747,9.000192,30.67721621173545
crop wake q80,80,807,9.000192,33.560925771521916
crop wake q95,95,984,9.000192,40.184150779493265
crop tight q20,20,648,10.000128,24.43225882741296
crop tight q40,40,665,10.000128,27.598007846349365
crop tight q60,60,681,10.000128,29.240334590373788
crop tight q80,80,703,10.000128,32.14443566493287
crop tight q95,95,775,10.000128,40.289879286643696
crop context q20,20,661,10.000128,25.231501597672015
crop context q40,40,677,10.000128,27.528893058957024
crop context q60,60,691,10.000128,29.161409886157195
crop context q80,80,725,10.000128,31.605343893341676
crop context q95,95,817,10.000128,39.791103040329595
crop wake q20,20,691,10.000128,27.086096449628126
crop wake q40,40,720,10.000128,29.48914309589319
crop wake q60,60,751,10.000128,30.525131242263758
crop wake q80,80,828,10.000128,33.68120022868597
crop wake q95,95,1035,10.000128,40.92733575050129
crop tight q20,20,652,10.000128,23.597195553253954
crop tight q40,40,669,10.000128,25.429193283534506
crop tight q60,60,686,10.000128,26.88174544175454
crop tight q80,80,716,10.000128,30.27534827947456
crop tight q95,95,802,10.000128,41.53817392398842
crop context q20,20,660,10.000128,24.313003807300465
crop context q40,40,677,10.000128,26.904080479433677
crop context q60,60,693,10.000128,28.16623416768987
crop context q80,80,725,10.000128,32.73821268582564
crop context q95,95,809,10.000128,40.930287958980614
crop wake q20,20,711,10.000128,26.751155444288422
crop wake q40,40,742,10.000128,28.085893149009856
crop wake q60,60,785,10.000128,29.54726053972521
crop wake q80,80,866,10.000128,32.35288407267267
crop wake q95,95,1087,10.000128,40.87909529001646
crop tight q20,20,637,5.9996160000000005,25.11327154611136
crop tight q40,40,641,5.9996160000000005,28.480953092562842
crop tight q60,60,644,5.9996160000000005,30.028265165642516
crop tight q80,80,653,5.9996160000000005,32.513544584033404
crop tight q95,95,678,5.9996160000000005,39.54887014562011
crop context q20,20,654,5.9996160000000005,24.86873491779138
crop context q40,40,668,5.9996160000000005,27.259959883119006
crop context q60,60,678,5.9996160000000005,29.274678866635355
crop context q80,80,699,5.9996160000000005,34.18304521677674
crop context q95,95,751,5.9996160000000005,41.43729019075265
crop wake q20,20,660,5.9996160000000005,24.188955979505113
crop wake q40,40,680,5.9996160000000005,27.432713627220608
crop wake q60,60,697,5.9996160000000005,29.477225352559735
crop wake q80,80,724,5.9996160000000005,32.57410213990321
crop wake q95,95,814,5.9996160000000005,39.59498014188213
crop tight q20,20,657,9.000192,23.086671626896297
crop tight q40,40,672,9.000192,25.16342047594776
crop tight q60,60,688,9.000192,27.69313346551202
crop tight q80,80,716,9.000192,30.964447768050682
crop tight q95,95,797,9.000192,39.44560593177752
crop context q20,20,663,9.000192,23.699689448030913
crop context q40,40,680,9.000192,26.894412781920202
crop context q60,60,698,9.000192,27.945978208015404
crop context q80,80,730,9.000192,30.92081495580792
crop context q95,95,820,9.000192,40.61825685113427
crop wake q20,20,702,9.000192,25.682753798554923
crop wake q40,40,738,9.000192,27.458810591444774
crop wake q60,60,771,9.000192,29.432690927590407
crop wake q80,80,839,9.000192,33.16526250012439
crop wake q95,95,1013,9.000192,41.53180458048518
thumbnail 96px,60,847,,
whole tile q40,40,38076,,38.049957455523646
whole tile q60,60,48074,,40.489524608583245
crop tight q20,20,666,20.000256,33.57827620601362
crop tight q40,40,680,20.000256,36.33265136484046
crop tight q60,60,696,20.000256,38.277470078729515
crop tight q80,80,727,20.000256,40.53043840427872
crop tight q95,95,835,20.000256,44.925192235359205
crop context q20,20,674,20.000256,32.99382552322622
crop context q40,40,707,20.000256,36.93261078872809
crop context q60,60,732,20.000256,38.46923359873684
crop context q80,80,786,20.000256,41.5886371285852
crop context q95,95,951,20.000256,46.60119515383584
crop context jp2,-1,780,20.000256,40.55408596126103
crop wake q20,20,777,20.000256,33.85590007267932
crop wake q40,40,853,20.000256,36.79282718627536
crop wake q60,60,933,20.000256,38.76159423642171
crop wake q80,80,1077,20.000256,41.13395622492195
crop wake q95,95,1573,20.000256,45.599578327096964
crop wake jp2,-1,1901,20.000256,44.94444244639781
crop tight q20,20,1861,142.00012800000002,33.699409122894465
crop tight q40,40,2651,142.00012800000002,37.065138686742245
crop tight q60,60,3343,142.00012800000002,38.91350168509284
crop tight q80,80,4619,142.00012800000002,41.79614149547376
crop tight q95,95,8901,142.00012800000002,46.241477340315136
crop tight jp2,-1,19977,142.00012800000002,46.90765193417643
crop context q20,20,2722,142.00012800000002,34.08556316565445
crop context q40,40,4209,142.00012800000002,37.528546129362105
crop context q60,60,5474,142.00012800000002,39.38359351644857
crop context q80,80,7755,142.00012800000002,42.194402146361234
crop context q95,95,15539,142.00012800000002,46.722392716482105
crop context jp2,-1,38469,142.00012800000002,47.77312479863072
crop wake q20,20,5336,142.00012800000002,34.329725027607026
crop wake q40,40,8835,142.00012800000002,37.83676347116981
crop wake q60,60,11763,142.00012800000002,39.69494858033902
crop wake q80,80,17059,142.00012800000002,42.42720300151571
crop wake q95,95,35282,142.00012800000002,47.027310078837246
crop wake jp2,-1,94795,142.00012800000002,48.62004505367907
crop tight q20,20,693,22.000128,30.807595327348203
crop tight q40,40,725,22.000128,34.25462770584272
crop tight q60,60,748,22.000128,36.23998249195696
crop tight q80,80,798,22.000128,39.09527365484991
crop tight q95,95,966,22.000128,43.876330907903224
crop context q20,20,738,22.000128,31.994729348678767
crop context q40,40,787,22.000128,34.784023532474365
crop context q60,60,831,22.000128,37.04561364664434
crop context q80,80,927,22.000128,39.62913603581643
crop context q95,95,1224,22.000128,44.10742940809226
crop context jp2,-1,932,22.000128,38.81186807996959
crop wake q20,20,813,22.000128,33.278127016464516
crop wake q40,40,905,22.000128,36.11922570883376
crop wake q60,60,987,22.000128,38.089224982603696
crop wake q80,80,1153,22.000128,40.75375266807009
crop wake q95,95,1715,22.000128,45.25488371796725
crop wake jp2,-1,2261,22.000128,43.88711788895348
thumbnail 96px,60,817,,
whole tile q40,40,10729,,40.83573189220236
whole tile q60,60,13100,,41.9827942316022
crop tight q20,20,1311,127.00032000000002,34.251362395232924
crop tight q40,40,1534,127.00032000000002,36.28259520844532
crop tight q60,60,1821,127.00032000000002,37.91577466693417
crop tight q80,80,2796,127.00032000000002,40.753545450644566
crop tight q95,95,5891,127.00032000000002,46.36211045717084
crop tight jp2,-1,15985,127.00032000000002,49.76373564716688
crop context q20,20,1590,127.00032000000002,36.187879414163326
crop context q40,40,1808,127.00032000000002,37.917661959775344
crop context q60,60,2215,127.00032000000002,39.43064397541058
crop context q80,80,3784,127.00032000000002,42.237649843841865
crop context q95,95,9416,127.00032000000002,47.07567991530731
crop context jp2,-1,30672,127.00032000000002,50.888204861595966
crop wake q20,20,2512,127.00032000000002,38.125803248473076
crop wake q40,40,2763,127.00032000000002,39.36484117759926
crop wake q60,60,3471,127.00032000000002,40.86967784731485
crop wake q80,80,6912,127.00032000000002,43.60357965748993
crop wake q95,95,19421,127.00032000000002,48.19854074524741
crop wake jp2,-1,75791,127.00032000000002,52.39478771097133
thumbnail 96px,60,920,,
whole tile q40,40,62460,,28.687596992025558
whole tile q60,60,81476,,29.900283331742024
crop tight q20,20,864,48.999936,27.153833724280503
crop tight q40,40,1040,48.999936,28.795987730382222
crop tight q60,60,1194,48.999936,30.17284538652052
crop tight q80,80,1537,48.999936,33.44317340914526
crop tight q95,95,2390,48.999936,42.44489033291095
crop tight jp2,-1,2393,48.999936,33.38267632433724
crop context q20,20,1007,48.999936,27.359773591285517
crop context q40,40,1333,48.999936,29.095712235213973
crop context q60,60,1590,48.999936,30.157121031798354
crop context q80,80,2217,48.999936,32.90785564701308
crop context q95,95,4026,48.999936,41.84312941938795
crop context jp2,-1,4609,48.999936,34.71175896728711
crop wake q20,20,1567,48.999936,27.283204800852026
crop wake q40,40,2376,48.999936,28.867280919165168
crop wake q60,60,3093,48.999936,29.93343236607105
crop wake q80,80,4639,48.999936,32.6938874028789
crop wake q95,95,9079,48.999936,42.01202887449921
crop wake jp2,-1,11233,48.999936,35.1098901309284
thumbnail 96px,60,920,,
whole tile q40,40,27546,,35.68782444470252
whole tile q60,60,38735,,36.91930517863387
crop tight q20,20,664,11.000064,21.88326805638009
crop tight q40,40,681,11.000064,24.142392994968525
crop tight q60,60,702,11.000064,26.178254645053837
crop tight q80,80,736,11.000064,29.98770130056235
crop tight q95,95,829,11.000064,39.03771229986032
crop context q20,20,692,11.000064,23.44847279027492
crop context q40,40,725,11.000064,25.903242497265527
crop context q60,60,752,11.000064,27.85113747323947
crop context q80,80,802,11.000064,31.566835870367804
crop context q95,95,951,11.000064,40.62432498814988
crop wake q20,20,701,11.000064,25.67939932736147
crop wake q40,40,750,11.000064,28.082606550159362
crop wake q60,60,798,11.000064,29.978781318361257
crop wake q80,80,889,11.000064,33.5555623395737
crop wake q95,95,1135,11.000064,41.8356647789732
thumbnail 96px,60,1214,,
whole tile q40,40,100401,,25.58746452150363
whole tile q60,60,128076,,27.364770689049266
crop tight q20,20,1778,91.00032,24.78043320943142
crop tight q40,40,2489,91.00032,26.596881436768243
crop tight q60,60,3152,91.00032,28.136298055863097
crop tight q80,80,4467,91.00032,31.626337563431296
crop tight q95,95,7921,91.00032,41.57581918565405
crop tight jp2,-1,8063,91.00032,31.0021464821021
crop context q20,20,2888,91.00032,24.785547638819317
crop context q40,40,4256,91.00032,26.502839139934743
crop context q60,60,5582,91.00032,27.98769854256581
crop context q80,80,8218,91.00032,31.41834177310106
crop context q95,95,15081,91.00032,41.64389340429403
crop context jp2,-1,15703,91.00032,31.190127345038363
crop wake q20,20,5604,91.00032,24.691857726424992
crop wake q40,40,8689,91.00032,26.397854975447448
crop wake q60,60,11676,91.00032,27.916333554464522
crop wake q80,80,17762,91.00032,31.661403963435482
crop wake q95,95,32975,91.00032,41.66305080940294
crop wake jp2,-1,36672,91.00032,31.36178022083952
thumbnail 96px,60,901,,
whole tile q40,40,20805,,40.06624846992014
whole tile q60,60,28339,,41.54697666725902
crop tight q20,20,666,14.999808,30.503544048879306
crop tight q40,40,686,14.999808,34.16770820478001
crop tight q60,60,702,14.999808,36.82851744317567
crop tight q80,80,731,14.999808,39.553275474653276
crop tight q95,95,829,14.999808,44.059654335745755
crop context q20,20,669,14.999808,31.801382462478955
crop context q40,40,688,14.999808,34.861000601799134
crop context q60,60,709,14.999808,37.34527873973597
crop context q80,80,742,14.999808,39.35779690952741
crop context q95,95,864,14.999808,44.29343929875388
crop wake q20,20,714,14.999808,33.23816192162395
crop wake q40,40,756,14.999808,36.254139069853
crop wake q60,60,803,14.999808,37.65138362678706
crop wake q80,80,885,14.999808,40.674333681495575
crop wake q95,95,1160,14.999808,45.03739002253727
crop wake jp2,-1,1066,14.999808,42.81668070282315
crop tight q20,20,962,62.999808,32.320705320761675
crop tight q40,40,1121,62.999808,35.379574717945935
crop tight q60,60,1269,62.999808,37.439560858054925
crop tight q80,80,1568,62.999808,40.08031094072605
crop tight q95,95,2525,62.999808,44.77430057548328
crop tight jp2,-1,3888,62.999808,44.24751709422704
crop context q20,20,1174,62.999808,32.943620421050966
crop context q40,40,1461,62.999808,36.30275919492838
crop context q60,60,1711,62.999808,38.08021462731248
crop context q80,80,2221,62.999808,40.82497241492716
crop context q95,95,4023,62.999808,45.29003229377395
crop context jp2,-1,7455,62.999808,46.07181608726232
crop wake q20,20,1518,62.999808,34.29873457935844
crop wake q40,40,2042,62.999808,37.66270079049888
crop wake q60,60,2625,62.999808,39.39611702415275
crop wake q80,80,3719,62.999808,42.27978563197068
crop wake q95,95,7376,62.999808,46.6319435342102
crop wake jp2,-1,18204,62.999808,49.139926352823295
crop tight q20,20,834,42.000384,30.828920153979222
crop tight q40,40,923,42.000384,34.547591002319564
crop tight q60,60,1013,42.000384,36.16222072514934
crop tight q80,80,1170,42.000384,39.040227563927374
crop tight q95,95,1740,42.000384,43.86166344749242
crop tight jp2,-1,1749,42.000384,39.90225389729735
crop context q20,20,989,42.000384,31.663728950119896
crop context q40,40,1178,42.000384,34.798180305979116
crop context q60,60,1336,42.000384,36.99249455833771
crop context q80,80,1626,42.000384,39.652176721877424
crop context q95,95,2647,42.000384,44.05201502819254
crop context jp2,-1,3426,42.000384,42.924762704419976
crop wake q20,20,1227,42.000384,32.80495737120172
crop wake q40,40,1550,42.000384,36.26504918222564
crop wake q60,60,1855,42.000384,38.06247322452942
crop wake q80,80,2493,42.000384,41.166750338489955
crop wake q95,95,4364,42.000384,46.259956615513374
crop wake jp2,-1,8320,42.000384,46.03218643454947
crop tight q20,20,1126,79.00032,32.14770513489194
crop tight q40,40,1386,79.00032,35.75065927757541
crop tight q60,60,1625,79.00032,37.47648245899539
crop tight q80,80,2111,79.00032,40.333588107467705
crop tight q95,95,3767,79.00032,45.08555826426825
crop tight jp2,-1,5940,79.00032,44.70111678868932
crop context q20,20,1300,79.00032,33.53725823596328
crop context q40,40,1687,79.00032,36.99213574056796
crop context q60,60,2086,79.00032,38.77826869441049
crop context q80,80,2848,79.00032,41.81929834183303
crop context q95,95,5336,79.00032,46.12124652777083
crop context jp2,-1,11912,79.00032,48.066240161462524
crop wake q20,20,1874,79.00032,34.83337419356053
crop wake q40,40,2634,79.00032,38.059251472310486
crop wake q60,60,3491,79.00032,39.98467118292334
crop wake q80,80,5084,79.00032,42.85487530899833
crop wake q95,95,10391,79.00032,47.27094754654027
crop wake jp2,-1,29195,79.00032,50.02495381219981
crop tight q20,20,650,16.999679999999998,33.72696092012156
crop tight q40,40,661,16.999679999999998,37.4208871802569
crop tight q60,60,673,16.999679999999998,39.0490821340391
crop tight q80,80,700,16.999679999999998,41.97217954781232
crop tight q95,95,778,16.999679999999998,47.044589590589155
crop context q20,20,652,16.999679999999998,34.939849411318235
crop context q40,40,669,16.999679999999998,38.70734803160619
crop context q60,60,686,16.999679999999998,40.441667911780506
crop context q80,80,724,16.999679999999998,42.77644131848328
crop context q95,95,858,16.999679999999998,47.22119663520398
crop wake q20,20,675,16.999679999999998,35.91463097632244
crop wake q40,40,707,16.999679999999998,39.30308087447326
crop wake q60,60,746,16.999679999999998,40.67806651198039
crop wake q80,80,823,16.999679999999998,44.00995210620523
crop wake q95,95,1072,16.999679999999998,48.339251223826736
crop wake jp2,-1,1334,16.999679999999998,48.24050486508773
crop tight q20,20,792,38.999808,31.661389396496418
crop tight q40,40,863,38.999808,35.11717826792329
crop tight q60,60,936,38.999808,36.97425031687687
crop tight q80,80,1068,38.999808,39.41936087991552
crop tight q95,95,1521,38.999808,43.733490366935186
crop tight jp2,-1,1495,38.999808,40.955471620817896
crop context q20,20,852,38.999808,32.21671890711539
crop context q40,40,981,38.999808,35.736662072717834
crop context q60,60,1093,38.999808,37.807299856594724
crop context q80,80,1321,38.999808,40.32852437409879
crop context q95,95,2038,38.999808,44.85978778787906
crop context jp2,-1,2894,38.999808,44.55259977628359
crop wake q20,20,1154,38.999808,33.055469866219205
crop wake q40,40,1421,38.999808,36.578800319709366
crop wake q60,60,1701,38.999808,38.6693850291483
crop wake q80,80,2224,38.999808,42.208739353258736
crop wake q95,95,3737,38.999808,47.64463213848225
crop wake jp2,-1,7123,38.999808,46.42763513259241
thumbnail 96px,60,894,,
whole tile q40,40,18007,,37.818041446840176
whole tile q60,60,27605,,39.00474508447489
crop tight q20,20,2205,194.99980800000003,32.90983337719357
crop tight q40,40,3031,194.99980800000003,34.74692511826605
crop tight q60,60,4104,194.99980800000003,36.142611413688506
crop tight q80,80,6562,194.99980800000003,38.811055170550816
crop tight q95,95,15086,194.99980800000003,44.61586471975388
crop tight jp2,-1,37792,194.99980800000003,48.65375049103888
crop context q20,20,3028,194.99980800000003,34.67444860549887
crop context q40,40,4280,194.99980800000003,36.149818471631676
crop context q60,60,6021,194.99980800000003,37.45457228898782
crop context q80,80,10291,194.99980800000003,40.146861347885846
crop context q95,95,24587,194.99980800000003,45.71700043924851
crop context jp2,-1,72822,194.99980800000003,49.596902152105045
crop wake q20,20,4351,194.99980800000003,35.42966245250246
crop wake q40,40,6499,194.99980800000003,36.747916997124605
crop wake q60,60,9751,194.99980800000003,38.08466849696737
crop wake q80,80,17599,194.99980800000003,41.293659407439264
crop wake q95,95,39279,194.99980800000003,47.913159557661984
crop wake jp2,-1,126267,194.99980800000003,49.611917038233464
thumbnail 96px,60,1063,,
whole tile q40,40,21561,,39.99413572011583
whole tile q60,60,28840,,41.669035255724474
crop tight q20,20,921,97.999872,35.37364634170762
crop tight q40,40,1084,97.999872,38.53530631350778
crop tight q60,60,1267,97.999872,40.513621529979545
crop tight q80,80,1628,97.999872,43.34903758736721
crop tight q95,95,2831,97.999872,47.48391926276945
crop tight jp2,-1,6315,97.999872,49.531605371899296
crop context q20,20,1037,97.999872,36.15319414580363
crop context q40,40,1259,97.999872,39.1995026987757
crop context q60,60,1576,97.999872,41.149761001311376
crop context q80,80,2151,97.999872,43.65935501985334
crop context q95,95,4210,97.999872,48.02459960756535
crop context jp2,-1,11699,97.999872,51.177957774684764
crop wake q20,20,1237,97.999872,36.9613485578262
crop wake q40,40,1646,97.999872,39.583506707305254
crop wake q60,60,1988,97.999872,42.35659653827109
crop wake q80,80,3503,97.999872,48.62289748064914
crop wake q95,95,5583,97.999872,66.50402115095433
crop wake jp2,-1,21881,97.999872,52.23481860856053
thumbnail 96px,60,830,,
whole tile q40,40,28403,,38.840985858746954
whole tile q60,60,36907,,41.612630961805614
crop tight q20,20,907,71.00006400000001,34.15120306564632
crop tight q40,40,1085,71.00006400000001,37.41598982814365
crop tight q60,60,1253,71.00006400000001,39.61455627261403
crop tight q80,80,1568,71.00006400000001,42.35411480137569
crop tight q95,95,2622,71.00006400000001,46.65466544776117
crop tight jp2,-1,4942,71.00006400000001,48.35602311160624
crop context q20,20,1023,71.00006400000001,34.550476268924555
crop context q40,40,1330,71.00006400000001,38.18751631581034
crop context q60,60,1570,71.00006400000001,40.612574150008555
crop context q80,80,2055,71.00006400000001,43.685469906232726
crop context q95,95,3625,71.00006400000001,49.06490712265665
crop context jp2,-1,8812,71.00006400000001,49.2861197410076
crop wake q20,20,1329,71.00006400000001,34.78655173425476
crop wake q40,40,1935,71.00006400000001,38.528145365064134
crop wake q60,60,2423,71.00006400000001,41.083668207865294
crop wake q80,80,3343,71.00006400000001,44.21142535003777
crop wake q95,95,6382,71.00006400000001,49.854530040597716
crop wake jp2,-1,17618,71.00006400000001,49.73691565795002
crop tight q20,20,661,24.0,34.75665128187839
crop tight q40,40,682,24.0,37.53800159449851
crop tight q60,60,695,24.0,39.52663125467845
crop tight q80,80,736,24.0,41.46996735486393
crop tight q95,95,874,24.0,45.628798700290986
crop context q20,20,679,24.0,34.55744861335853
crop context q40,40,724,24.0,38.40216531855697
crop context q60,60,756,24.0,40.3680540355323
crop context q80,80,818,24.0,42.82792508433086
crop context q95,95,1030,24.0,47.01230942468102
crop context jp2,-1,1118,24.0,45.61776634119951
crop wake q20,20,727,24.0,35.07368832727113
crop wake q40,40,822,24.0,38.3698524760062
crop wake q60,60,892,24.0,40.78295342691345
crop wake q80,80,1051,24.0,43.37557135968452
crop wake q95,95,1574,24.0,47.609281577916825
crop wake jp2,-1,2708,24.0,48.402092684155775
thumbnail 96px,60,874,,
whole tile q40,40,25415,,38.847296150554605
whole tile q60,60,36747,,41.080523728943646
crop tight q20,20,696,24.0,30.53238150889655
crop tight q40,40,730,24.0,33.318022691148364
crop tight q60,60,761,24.0,34.94402625154946
crop tight q80,80,821,24.0,37.23903994488946
crop tight q95,95,1034,24.0,42.141093257218635
crop context q20,20,736,24.0,31.784359689408337
crop context q40,40,789,24.0,35.34672537878244
crop context q60,60,847,24.0,36.91250759663693
crop context q80,80,937,24.0,39.59873238524233
crop context q95,95,1238,24.0,44.194061600216294
crop context jp2,-1,1155,24.0,42.511774957136055
crop wake q20,20,806,24.0,32.80282375393419
crop wake q40,40,909,24.0,35.91656481425622
crop wake q60,60,1015,24.0,38.30696046755979
crop wake q80,80,1204,24.0,40.54483849877929
crop wake q95,95,1840,24.0,44.43727057885309
crop wake jp2,-1,2688,24.0,45.96010921676
crop tight q20,20,747,31.00032,29.62758334026259
crop tight q40,40,806,31.00032,33.317022118373345
crop tight q60,60,861,31.00032,34.96793740542699
crop tight q80,80,961,31.00032,37.61040238390261
crop tight q95,95,1309,31.00032,41.72509522373039
crop tight jp2,-1,960,31.00032,38.77901105570453
crop context q20,20,802,31.00032,31.80101370424282
crop context q40,40,897,31.00032,34.532732459541734
crop context q60,60,983,31.00032,36.55046267248541
crop context q80,80,1139,31.00032,38.9508570466655
crop context q95,95,1677,31.00032,43.31238131657826
crop context jp2,-1,1852,31.00032,44.552491663867045
crop wake q20,20,869,31.00032,32.77282239102614
crop wake q40,40,1040,31.00032,36.21419565218316
crop wake q60,60,1192,31.00032,38.271159598230604
crop wake q80,80,1473,31.00032,40.66525818596731
crop wake q95,95,2469,31.00032,44.44288282470506
crop wake jp2,-1,4492,31.00032,48.01497839806952
thumbnail 96px,60,908,,
whole tile q40,40,16215,,40.191669208983996
whole tile q60,60,26773,,42.44394232171257
crop tight q20,20,2474,204.99993600000002,35.02406556729683
crop tight q40,40,3479,204.99993600000002,37.7787821543665
crop tight q60,60,4767,204.99993600000002,39.79907770307346
crop tight q80,80,7172,204.99993600000002,42.64121536061944
crop tight q95,95,14506,204.99993600000002,47.495601555368275
crop tight jp2,-1,41669,204.99993600000002,50.20251039971896
crop context q20,20,3349,204.99993600000002,36.46031342561953
crop context q40,40,4667,204.99993600000002,38.76231459264813
crop context q60,60,6773,204.99993600000002,40.69151355411472
crop context q80,80,10910,204.99993600000002,43.02137878110173
crop context q95,95,24325,204.99993600000002,47.00462495156345
crop context jp2,-1,80522,204.99993600000002,51.5622731341793
crop wake q20,20,5288,204.99993600000002,37.42054532526403
crop wake q40,40,7581,204.99993600000002,39.7111735020273
crop wake q60,60,11970,204.99993600000002,41.727623615692934
crop wake q80,80,20611,204.99993600000002,44.39073553352018
crop wake q95,95,45350,204.99993600000002,49.4970997529169
crop wake jp2,-1,171379,204.99993600000002,52.86895315423479
thumbnail 96px,60,1670,,
whole tile q40,40,41109,,34.12386880122403
whole tile q60,60,51986,,35.65112878961683
crop tight q20,20,641,10.000128,26.087958988564846
crop tight q40,40,650,10.000128,29.512925918209106
crop tight q60,60,659,10.000128,30.699151892631043
crop tight q80,80,676,10.000128,34.277359455623746
crop tight q95,95,737,10.000128,42.289319504016504
crop context q20,20,645,10.000128,28.23924985972136
crop context q40,40,659,10.000128,30.281586192865376
crop context q60,60,671,10.000128,32.39909486013872
crop context q80,80,695,10.000128,34.75491134569646
crop context q95,95,763,10.000128,44.03975341282382
crop wake q20,20,656,10.000128,32.42101766623557
crop wake q40,40,664,10.000128,35.288632434957506
crop wake q60,60,675,10.000128,36.4779249272791
crop wake q80,80,713,10.000128,38.841385837087444
crop wake q95,95,839,10.000128,45.19997852714742
thumbnail 96px,60,941,,
whole tile q40,40,20755,,40.506315529082656
whole tile q60,60,26957,,42.25794172994127
crop tight q20,20,800,63.99974400000001,35.10529528058052
crop tight q40,40,933,63.99974400000001,38.20949570063948
crop tight q60,60,1046,63.99974400000001,39.714299872062135
crop tight q80,80,1279,63.99974400000001,42.89647253957364
crop tight q95,95,2036,63.99974400000001,46.658511724008626
crop tight jp2,-1,4061,63.99974400000001,49.45388288369908
crop context q20,20,919,63.99974400000001,36.37833210515163
crop context q40,40,1134,63.99974400000001,38.92875517357683
crop context q60,60,1335,63.99974400000001,40.4133523878816
crop context q80,80,1715,63.99974400000001,43.659981154610286
crop context q95,95,3019,63.99974400000001,47.7290195515417
crop context jp2,-1,7669,63.99974400000001,50.60609468976572
crop wake q20,20,1201,63.99974400000001,36.86154820028578
crop wake q40,40,1699,63.99974400000001,39.32482471335209
crop wake q60,60,2180,63.99974400000001,40.84638302635332
crop wake q80,80,3026,63.99974400000001,44.83720313769592
crop wake q95,95,5732,63.99974400000001,49.83666991089518
crop wake jp2,-1,18990,63.99974400000001,51.83995734965217
thumbnail 96px,60,2101,,
whole tile q40,40,71910,,34.138370604875256
whole tile q60,60,88802,,36.20920391052947
crop tight q20,20,914,46.000128,30.423903992921872
crop tight q40,40,1039,46.000128,33.53498958139089
crop tight q60,60,1152,46.000128,35.194938592512514
crop tight q80,80,1365,46.000128,37.82904998921611
crop tight q95,95,2106,46.000128,42.73356215226917
crop tight jp2,-1,2023,46.000128,38.847256585051475
crop context q20,20,1186,46.000128,30.065533947054888
crop context q40,40,1443,46.000128,33.43881065234109
crop context q60,60,1660,46.000128,35.50962975800739
crop context q80,80,2090,46.000128,38.10185089099255
crop context q95,95,3481,46.000128,42.872131869523784
crop context jp2,-1,4024,46.000128,39.77210255716146
crop wake q20,20,1957,46.000128,30.66959454891038
crop wake q40,40,2538,46.000128,33.84275410403887
crop wake q60,60,3022,46.000128,35.8359124248137
crop wake q80,80,4027,46.000128,38.552779172549904
crop wake q95,95,7209,46.000128,44.282777735537984
crop wake jp2,-1,9896,46.000128,40.779324110322
crop tight q20,20,1204,68.000256,30.553918952179636
crop tight q40,40,1469,68.000256,33.803750243004664
crop tight q60,60,1682,68.000256,35.65684216000635
crop tight q80,80,2130,68.000256,38.16997184212116
crop tight q95,95,3629,68.000256,42.951495195253926
crop tight jp2,-1,4696,68.000256,40.87877205236769
crop context q20,20,1749,68.000256,30.56259977099961
crop context q40,40,2274,68.000256,33.890886428407995
crop context q60,60,2688,68.000256,35.750623842781714
crop context q80,80,3580,68.000256,38.63078429389553
crop context q95,95,6365,68.000256,43.89232341732934
crop context jp2,-1,8904,68.000256,41.1361594685272
crop wake q20,20,3419,68.000256,30.430394862213777
crop wake q40,40,4694,68.000256,33.52242318277663
crop wake q60,60,5754,68.000256,35.37486307678374
crop wake q80,80,7940,68.000256,37.98636609183421
crop wake q95,95,15038,68.000256,42.877628523592264
crop wake jp2,-1,21808,68.000256,41.13988854440041
crop tight q20,20,972,53.999616,30.500688847553615
crop tight q40,40,1155,53.999616,33.91474777299266
crop tight q60,60,1290,53.999616,35.557902686736625
crop tight q80,80,1581,53.999616,38.527530433024005
crop tight q95,95,2493,53.999616,43.2383814289208
crop tight jp2,-1,2930,53.999616,40.32655450610249
crop context q20,20,1327,53.999616,30.849917320888785
crop context q40,40,1654,53.999616,33.9234871581369
crop context q60,60,1938,53.999616,35.945978212592124
crop context q80,80,2452,53.999616,38.419384034900716
crop context q95,95,4269,53.999616,42.92081936639147
crop context jp2,-1,5680,53.999616,41.32946667843112
crop wake q20,20,2328,53.999616,30.623442424513687
crop wake q40,40,3115,53.999616,33.731595446513005
crop wake q60,60,3764,53.999616,35.66315292490501
crop wake q80,80,5030,53.999616,38.219929208499586
crop wake q95,95,9385,53.999616,43.00710297906777
crop wake jp2,-1,13672,53.999616,41.476130262462824
crop tight q20,20,959,49.999871999999996,30.314965503654676
crop tight q40,40,1103,49.999871999999996,33.63859789244142
crop tight q60,60,1246,49.999871999999996,35.59968591256931
crop tight q80,80,1497,49.999871999999996,38.45192977311305
crop tight q95,95,2340,49.999871999999996,43.193633100423405
crop tight jp2,-1,2457,49.999871999999996,39.93302955867656
crop context q20,20,1181,49.999871999999996,30.816729363602935
crop context q40,40,1435,49.999871999999996,34.0451008034618
crop context q60,60,1642,49.999871999999996,35.78989050876337
crop context q80,80,2095,49.999871999999996,38.356401876813344
crop context q95,95,3569,49.999871999999996,43.26819664988693
crop context jp2,-1,4803,49.999871999999996,41.010887141116605
crop wake q20,20,2080,49.999871999999996,30.474105330361763
crop wake q40,40,2738,49.999871999999996,33.75823316014789
crop wake q60,60,3319,49.999871999999996,35.62820399393602
crop wake q80,80,4449,49.999871999999996,38.229631032979086
crop wake q95,95,8286,49.999871999999996,43.05918268617188
crop wake jp2,-1,11492,49.999871999999996,41.33951525657314
crop tight q20,20,1076,56.00025599999999,30.604849595175388
crop tight q40,40,1275,56.00025599999999,33.90304744662526
crop tight q60,60,1444,56.00025599999999,35.99625978612427
crop tight q80,80,1756,56.00025599999999,38.591463376283464
crop tight q95,95,2774,56.00025599999999,44.65671445306546
crop tight jp2,-1,3138,56.00025599999999,39.823689875459685
crop context q20,20,1428,56.00025599999999,30.297426958833928
crop context q40,40,1772,56.00025599999999,33.374719599918315
crop context q60,60,2067,56.00025599999999,35.196424475095384
crop context q80,80,2683,56.00025599999999,37.77865535590142
crop context q95,95,4683,56.00025599999999,42.98784228734412
crop context jp2,-1,5879,56.00025599999999,40.221195104205584
crop wake q20,20,2416,56.00025599999999,30.300462809783454
crop wake q40,40,3211,56.00025599999999,33.28030303652491
crop wake q60,60,3897,56.00025599999999,35.19846449356486
crop wake q80,80,5275,56.00025599999999,37.93947432378588
crop wake q95,95,9757,56.00025599999999,43.08673194031161
crop wake jp2,-1,13297,56.00025599999999,40.10425040681877
crop tight q20,20,809,37.999872,31.31248117717677
crop tight q40,40,887,37.999872,34.263696748360644
crop tight q60,60,972,37.999872,36.57529289231163
crop tight q80,80,1112,37.999872,39.357195639673265
crop tight q95,95,1585,37.999872,43.72275511970024
crop tight jp2,-1,1416,37.999872,39.179145034786615
crop context q20,20,970,37.999872,31.203168963091375
crop context q40,40,1119,37.999872,34.50740732560404
crop context q60,60,1247,37.999872,36.58436367994665
crop context q80,80,1506,37.999872,38.91479139500464
crop context q95,95,2401,37.999872,43.74697996271784
crop context jp2,-1,2752,37.999872,41.224244007966206
crop wake q20,20,1401,37.999872,31.091971726155524
crop wake q40,40,1749,37.999872,34.353652317629376
crop wake q60,60,2055,37.999872,36.148295603462316
crop wake q80,80,2672,37.999872,39.027131689667684
crop wake q95,95,4675,37.999872,43.86048267476588
crop wake jp2,-1,6775,37.999872,42.13360542081618
crop tight q20,20,769,29.999616,30.587491525262752
crop tight q40,40,831,29.999616,33.474392825373876
crop tight q60,60,886,29.999616,35.435543146508465
crop tight q80,80,992,29.999616,38.08951748584997
crop tight q95,95,1359,29.999616,42.917005221144805
crop tight jp2,-1,895,29.999616,35.17707327127599
crop context q20,20,843,29.999616,30.444363553665177
crop context q40,40,941,29.999616,33.73934372294165
crop context q60,60,1017,29.999616,35.4110701778021
crop context q80,80,1179,29.999616,37.55552274036785
crop context q95,95,1744,29.999616,42.639814091061
crop context jp2,-1,1705,29.999616,37.67016885867564
crop wake q20,20,1215,29.999616,30.203341482839733
crop wake q40,40,1467,29.999616,33.32489948755393
crop wake q60,60,1683,29.999616,35.1031405514283
crop wake q80,80,2137,29.999616,37.54779745422491
crop wake q95,95,3653,29.999616,42.872537567900835
crop wake jp2,-1,4164,29.999616,39.24376471008879
crop tight q20,20,761,33.000192,31.276074327474156
crop tight q40,40,824,33.000192,34.42879360053186
crop tight q60,60,870,33.000192,36.34616268041069
crop tight q80,80,972,33.000192,39.00814603668992
crop tight q95,95,1321,33.000192,43.497430796673484
crop tight jp2,-1,1096,33.000192,38.85114598546346
crop context q20,20,895,33.000192,31.28727277530569
crop context q40,40,1004,33.000192,34.31635043528462
crop context q60,60,1115,33.000192,36.31273401750506
crop context q80,80,1327,33.000192,39.34535340384737
crop context q95,95,1977,33.000192,44.78996583792943
crop context jp2,-1,2011,33.000192,40.32225007584972
crop wake q20,20,1260,33.000192,31.17273357843785
crop wake q40,40,1539,33.000192,34.22790931369156
crop wake q60,60,1788,33.000192,36.14225191168532
crop wake q80,80,2299,33.000192,38.89349384828223
crop wake q95,95,3934,33.000192,43.89069857902435
crop wake jp2,-1,4983,33.000192,41.844584830434826
crop tight q20,20,1145,64.99968,30.57022812306062
crop tight q40,40,1402,64.99968,33.863034445321915
crop tight q60,60,1602,64.99968,35.75469067519628
crop tight q80,80,2016,64.99968,38.458995528580424
crop tight q95,95,3452,64.99968,43.31531642584806
crop tight jp2,-1,4107,64.99968,41.38255208480401
crop context q20,20,1572,64.99968,30.71564752872844
crop context q40,40,2011,64.99968,33.995828354424184
crop context q60,60,2374,64.99968,35.861087073402075
crop context q80,80,3099,64.99968,38.4812097207747
crop context q95,95,5554,64.99968,43.163200618052464
crop context jp2,-1,8127,64.99968,42.434939408000744
crop wake q20,20,2848,64.99968,31.144326051889276
crop wake q40,40,3876,64.99968,34.31490448678491
crop wake q60,60,4660,64.99968,36.533054251393786
crop wake q80,80,6712,64.99968,41.52743420985381
crop wake q95,95,11201,64.99968,46.96584220482108
crop wake jp2,-1,19616,64.99968,43.47264071276203
crop tight q20,20,740,27.999744,30.0520294853505
crop tight q40,40,797,27.999744,33.24798549010576
crop tight q60,60,840,27.999744,35.80652201967909
crop tight q80,80,924,27.999744,38.576969632447124
crop tight q95,95,1195,27.999744,43.255741820064266
crop tight jp2,-1,808,27.999744,35.738188299904905
crop context q20,20,829,27.999744,30.288594320554378
crop context q40,40,922,27.999744,33.62960917644947
crop context q60,60,1004,27.999744,35.40887029244772
crop context q80,80,1158,27.999744,38.38353186953658
crop context q95,95,1686,27.999744,43.00163397430934
crop context jp2,-1,1466,27.999744,38.8317142536317
crop wake q20,20,1094,27.999744,30.810925292781775
crop wake q40,40,1301,27.999744,34.15686180746931
crop wake q60,60,1483,27.999744,36.077201936649665
crop wake q80,80,1825,27.999744,38.77134498134242
crop wake q95,95,2998,27.999744,43.54711052599701
crop wake jp2,-1,3550,27.999744,40.561760976772526
crop tight q20,20,893,45.000192,30.85333417471102
crop tight q40,40,1012,45.000192,34.05343029408592
crop tight q60,60,1118,45.000192,36.18500348685326
crop tight q80,80,1334,45.000192,39.036657006912634
crop tight q95,95,1966,45.000192,44.37890385877034
crop tight jp2,-1,1986,45.000192,39.59687298261344
crop context q20,20,1086,45.000192,31.023029869203715
crop context q40,40,1300,45.000192,34.298647515711664
crop context q60,60,1468,45.000192,36.08972596560906
crop context q80,80,1824,45.000192,38.83510360468054
crop context q95,95,2994,45.000192,43.449789202508114
crop context jp2,-1,3854,45.000192,40.947974149070355
crop wake q20,20,1696,45.000192,30.931167501587133
crop wake q40,40,2179,45.000192,34.11986043155376
crop wake q60,60,2603,45.000192,35.94257658078371
crop wake q80,80,3439,45.000192,38.64127291756392
crop wake q95,95,6216,45.000192,43.53748620219771
crop wake jp2,-1,9291,45.000192,41.682915690043444
crop tight q20,20,988,53.999616,30.476530525351812
crop tight q40,40,1158,53.999616,33.53132812874957
crop tight q60,60,1304,53.999616,35.31435779964668
crop tight q80,80,1595,53.999616,38.141230558443084
crop tight q95,95,2529,53.999616,43.005190143360025
crop tight jp2,-1,2939,53.999616,40.09591067059698
crop context q20,20,1338,53.999616,30.493135611232596
crop context q40,40,1655,53.999616,33.812181235536286
crop context q60,60,1911,53.999616,35.69500908241682
crop context q80,80,2441,53.999616,38.20999845402065
crop context q95,95,4252,53.999616,43.084095307104384
crop context jp2,-1,5624,53.999616,41.6572457793436
crop wake q20,20,2261,53.999616,30.756623438132
crop wake q40,40,2967,53.999616,33.951261861209744
crop wake q60,60,3586,53.999616,35.718445621948334
crop wake q80,80,4829,53.999616,38.27041831957497
crop wake q95,95,9049,53.999616,43.20610072792825
crop wake jp2,-1,13565,53.999616,42.27743320697896
thumbnail 96px,60,1095,,
whole tile q40,40,40185,,37.80928596820629
whole tile q60,60,50260,,40.30541006264422
crop tight q20,20,3057,197.999616,33.72296744078137
crop tight q40,40,4609,197.999616,36.81999694251992
crop tight q60,60,5865,197.999616,38.93412733202587
crop tight q80,80,8342,197.999616,41.47580233737312
crop tight q95,95,16974,197.999616,45.912584610078575
crop tight jp2,-1,38782,197.999616,46.97000166418215
crop context q20,20,4868,197.999616,34.19682276743903
crop context q40,40,7753,197.999616,37.267329963754456
crop context q60,60,10112,197.999616,39.339297075142376
crop context q80,80,14684,197.999616,42.13500843965389
crop context q95,95,29833,197.999616,46.44218876945162
crop context jp2,-1,75028,197.999616,47.764241292608425
crop wake q20,20,10416,197.999616,34.54322209037079
crop wake q40,40,17220,197.999616,37.61532765896357
crop wake q60,60,22569,197.999616,39.66124846140434
crop wake q80,80,33156,197.999616,42.28879242685131
crop wake q95,95,69277,197.999616,46.62943515623087
crop wake jp2,-1,180341,197.999616,48.3587176106154
thumbnail 96px,60,1177,,
whole tile q40,40,106716,,25.531576281557573
whole tile q60,60,134948,,27.3698972910448
crop tight q20,20,2342,101.999616,23.170223579204247
crop tight q40,40,3397,101.999616,25.271905340342443
crop tight q60,60,4331,101.999616,27.063093801754462
crop tight q80,80,6215,101.999616,30.99176185400891
crop tight q95,95,10853,101.999616,41.77675843847577
crop tight jp2,-1,10074,101.999616,29.39175467330746
crop context q20,20,3440,101.999616,23.319886356241234
crop context q40,40,5099,101.999616,25.404515160051876
crop context q60,60,6670,101.999616,27.122801536434245
crop context q80,80,9743,101.999616,31.042167666792366
crop context q95,95,17437,101.999616,42.00174400155417
crop context jp2,-1,16765,101.999616,29.546571465007002
crop wake q20,20,6100,101.999616,23.46030575432422
crop wake q40,40,9373,101.999616,25.486602203089006
crop wake q60,60,12516,101.999616,27.181880664246375
crop wake q80,80,18691,101.999616,31.211034660445684
crop wake q95,95,33559,101.999616,41.811357361698064
crop wake jp2,-1,35095,101.999616,29.967765912642864
thumbnail 96px,60,815,,
whole tile q40,40,24214,,38.801190312444376
whole tile q60,60,36202,,40.51941697325499
crop tight q20,20,676,19.000320000000002,30.218931859806453
crop tight q40,40,705,19.000320000000002,33.30705932933001
crop tight q60,60,726,19.000320000000002,35.71584929451121
crop tight q80,80,763,19.000320000000002,38.15468340285221
crop tight q95,95,895,19.000320000000002,43.80928147463098
crop context q20,20,684,19.000320000000002,32.11631749945061
crop context q40,40,718,19.000320000000002,34.6606176823515
crop context q60,60,755,19.000320000000002,36.53541203975103
crop context q80,80,815,19.000320000000002,38.98792193188295
crop context q95,95,1010,19.000320000000002,43.19464943721801
crop wake q20,20,719,19.000320000000002,33.045486384476966
crop wake q40,40,783,19.000320000000002,36.38313000145568
crop wake q60,60,837,19.000320000000002,38.19473473143702
crop wake q80,80,954,19.000320000000002,40.578657229396676
crop wake q95,95,1320,19.000320000000002,44.2608310753904
crop wake jp2,-1,1642,19.000320000000002,44.92324107715277
thumbnail 96px,60,897,,
whole tile q40,40,43389,,37.330723795828035
whole tile q60,60,54280,,40.04808179309359
crop tight q20,20,2469,203.00006399999998,32.95694492338336
crop tight q40,40,3467,203.00006399999998,36.077247366276566
crop tight q60,60,4286,203.00006399999998,38.40006811714026
crop tight q80,80,5913,203.00006399999998,41.35282569127981
crop tight q95,95,11252,203.00006399999998,46.84200278162965
crop tight jp2,-1,23305,203.00006399999998,45.4517676891808
crop context q20,20,3322,203.00006399999998,33.272482797098995
crop context q40,40,4839,203.00006399999998,36.497630313088266
crop context q60,60,5919,203.00006399999998,38.96064451241361
crop context q80,80,8909,203.00006399999998,44.20679924316523
crop context q95,95,15232,203.00006399999998,52.22874505778118
crop context jp2,-1,37411,203.00006399999998,46.14441710356982
crop wake q20,20,5657,203.00006399999998,33.8459311673175
crop wake q40,40,8609,203.00006399999998,36.93402229245863
crop wake q60,60,11019,203.00006399999998,39.25927390158799
crop wake q80,80,15717,203.00006399999998,42.32623384887745
crop wake q95,95,31769,203.00006399999998,48.121667195399276
crop wake jp2,-1,75040,203.00006399999998,46.5729972657267
thumbnail 96px,60,918,,
whole tile q40,40,21098,,39.508094063634786
whole tile q60,60,28998,,41.73268909142129
crop tight q20,20,653,18.000384,34.76144361224555
crop tight q40,40,664,18.000384,37.90743656038371
crop tight q60,60,676,18.000384,39.842875208302004
crop tight q80,80,697,18.000384,41.81057159968355
crop tight q95,95,781,18.000384,45.29276759397686
crop context q20,20,657,18.000384,36.44022507222687
crop context q40,40,679,18.000384,38.61221471928978
crop context q60,60,695,18.000384,40.45151107517942
crop context q80,80,738,18.000384,42.199362059475064
crop context q95,95,878,18.000384,46.65985570024844
crop wake q20,20,679,18.000384,36.886979592701124
crop wake q40,40,721,18.000384,39.208692099657846
crop wake q60,60,764,18.000384,40.806089040710376
crop wake q80,80,850,18.000384,43.08061540666584
crop wake q95,95,1132,18.000384,47.76868196496976
crop wake jp2,-1,1552,18.000384,47.29146347252517
crop tight q20,20,662,24.0,33.87379796815193
crop tight q40,40,682,24.0,36.87427334726654
crop tight q60,60,704,24.0,38.416415876471774
crop tight q80,80,749,24.0,41.18982944975356
crop tight q95,95,893,24.0,45.41205836379216
crop context q20,20,681,24.0,35.03656444957856
crop context q40,40,714,24.0,37.637314932464456
crop context q60,60,750,24.0,40.13058980646826
crop context q80,80,823,24.0,43.262648546655065
crop context q95,95,1015,24.0,47.33788104091181
crop context jp2,-1,1154,24.0,46.4683979894096
crop wake q20,20,715,24.0,36.384122739519995
crop wake q40,40,773,24.0,38.53050242760101
crop wake q60,60,848,24.0,40.74938690353011
crop wake q80,80,997,24.0,43.35289417771172
crop wake q95,95,1494,24.0,47.2504274721506
crop wake jp2,-1,2593,24.0,49.192364236936044
thumbnail 96px,60,1473,,
whole tile q40,40,58346,,31.089936743080322
whole tile q60,60,74395,,32.42493191077077
crop tight q20,20,697,23.000064,27.8441606361326
crop tight q40,40,733,23.000064,29.310961438530235
crop tight q60,60,780,23.000064,30.5383952126887
crop tight q80,80,864,23.000064,33.0796261177441
crop tight q95,95,1145,23.000064,40.967677860464576
crop context q20,20,735,23.000064,28.471666143308013
crop context q40,40,808,23.000064,30.1600040343343
crop context q60,60,868,23.000064,31.439827666359097
crop context q80,80,997,23.000064,33.548093597105584
crop context q95,95,1474,23.000064,40.90649869671941
crop context jp2,-1,995,23.000064,32.75305350710649
crop wake q20,20,846,23.000064,28.647632854356257
crop wake q40,40,1018,23.000064,30.408730096202625
crop wake q60,60,1168,23.000064,31.446491680910093
crop wake q80,80,1489,23.000064,33.593523903314775
crop wake q95,95,2545,23.000064,41.31031611213287
crop wake jp2,-1,2479,23.000064,35.24350128989343
thumbnail 96px,60,850,,
whole tile q40,40,33301,,34.7665122745919
whole tile q60,60,49316,,36.12751491408752
crop tight q20,20,1767,134.999808,27.727857391659718
crop tight q40,40,2480,134.999808,30.069551391582365
crop tight q60,60,3171,134.999808,31.709315438630785
crop tight q80,80,4531,134.999808,35.26833553068862
crop tight q95,95,8335,134.999808,43.31071553249661
crop tight jp2,-1,11065,134.999808,38.48333839783698
crop context q20,20,1930,134.999808,29.055458967005265
crop context q40,40,2865,134.999808,31.086452661199967
crop context q60,60,3667,134.999808,32.87162435256658
crop context q80,80,6049,134.999808,39.734613704487735
crop context q95,95,9854,134.999808,54.19228209581951
crop context jp2,-1,17212,134.999808,40.4956513499733
crop wake q20,20,2467,134.999808,30.95302084050749
crop wake q40,40,3972,134.999808,32.88932582271567
crop wake q60,60,5449,134.999808,34.34133814402917
crop wake q80,80,8516,134.999808,37.28928160184052
crop wake q95,95,17859,134.999808,44.84583594626226
crop wake jp2,-1,34095,134.999808,43.12040196871918
thumbnail 96px,60,997,,
whole tile q40,40,18916,,39.69530009073778
whole tile q60,60,28191,,41.94710264803248
crop tight q20,20,671,14.999808,29.873257905858793
crop tight q40,40,690,14.999808,33.240453936643405
crop tight q60,60,707,14.999808,35.08512719478044
crop tight q80,80,740,14.999808,37.500189436710485
crop tight q95,95,847,14.999808,42.776508012025786
crop context q20,20,682,14.999808,31.32651459624114
crop context q40,40,703,14.999808,33.86970293500083
crop context q60,60,720,14.999808,35.292767863310644
crop context q80,80,767,14.999808,37.81975950046749
crop context q95,95,898,14.999808,43.255295666974376
crop wake q20,20,715,14.999808,32.94581632792721
crop wake q40,40,756,14.999808,35.59442826924198
crop wake q60,60,800,14.999808,37.577419307177976
crop wake q80,80,885,14.999808,40.008925125767874
crop wake q95,95,1159,14.999808,44.58587057535655
crop wake jp2,-1,1099,14.999808,42.99872608378634
crop tight q20,20,2084,172.99967999999998,33.85146036948794
crop tight q40,40,2950,172.99967999999998,36.769794793658036
crop tight q60,60,3838,172.99967999999998,38.77212936729288
crop tight q80,80,5556,172.99967999999998,41.56167717744224
crop tight q95,95,10959,172.99967999999998,45.866350763354546
crop tight jp2,-1,26399,172.99967999999998,48.60199122504775
crop context q20,20,2497,172.99967999999998,35.00806485621458
crop context q40,40,3704,172.99967999999998,37.578453140965934
crop context q60,60,5093,172.99967999999998,39.72596132039846
crop context q80,80,7685,172.99967999999998,42.33729389775259
crop context q95,95,15919,172.99967999999998,46.86047420168408
crop context jp2,-1,44483,172.99967999999998,49.69338687035621
crop wake q20,20,3618,172.99967999999998,36.34362792302757
crop wake q40,40,5589,172.99967999999998,38.47784952314102
crop wake q60,60,8256,172.99967999999998,40.79299405799048
crop wake q80,80,13129,172.99967999999998,43.473290453257164
crop wake q95,95,28861,172.99967999999998,47.9819400130594
crop wake jp2,-1,95445,172.99967999999998,51.1696411404815
crop tight q20,20,1960,192.0,35.64060357227915
crop tight q40,40,2740,192.0,38.255420626360376
crop tight q60,60,3702,192.0,40.244652365412165
crop tight q80,80,5664,192.0,43.365180503609935
crop tight q95,95,11410,192.0,48.27039158799984
crop tight jp2,-1,33911,192.0,50.465561892836845
crop context q20,20,2546,192.0,36.77005728545654
crop context q40,40,3722,192.0,38.9335652525005
crop context q60,60,5083,192.0,41.06883608002667
crop context q80,80,9186,192.0,46.70199522349332
crop context q95,95,15610,192.0,58.66835582911075
crop context jp2,-1,57039,192.0,51.31247421901794
crop wake q20,20,3834,192.0,37.82055071982517
crop wake q40,40,5971,192.0,39.464684295276484
crop wake q60,60,9034,192.0,41.58070597920363
crop wake q80,80,15169,192.0,44.79935660940561
crop wake q95,95,32759,192.0,50.07434501651928
crop wake jp2,-1,120798,192.0,52.211250449280456
thumbnail 96px,60,785,,
whole tile q40,40,10674,,41.24436906040561
whole tile q60,60,13112,,42.81915922947809
crop tight q20,20,656,15.999744,30.815811282890913
crop tight q40,40,671,15.999744,32.3641577966523
crop tight q60,60,684,15.999744,33.479904416097845
crop tight q80,80,716,15.999744,35.3930091556937
crop tight q95,95,825,15.999744,42.039875074696596
crop context q20,20,661,15.999744,32.315887541846614
crop context q40,40,676,15.999744,33.3896126934104
crop context q60,60,693,15.999744,34.33296205961796
crop context q80,80,744,15.999744,37.47855061402481
crop context q95,95,875,15.999744,45.44526391296679
crop wake q20,20,681,15.999744,34.15040133290806
crop wake q40,40,707,15.999744,35.85446313064794
crop wake q60,60,732,15.999744,37.35378651009475
crop wake q80,80,803,15.999744,39.550266879717874
crop wake q95,95,1051,15.999744,45.42212491980148
crop wake jp2,-1,1179,15.999744,45.47164469096857
crop tight q20,20,632,5.9996160000000005,33.04710999152298
crop tight q40,40,635,5.9996160000000005,35.50322636063938
crop tight q60,60,638,5.9996160000000005,37.49948778379567
crop tight q80,80,641,5.9996160000000005,41.41548591373109
crop tight q95,95,654,5.9996160000000005,45.490339412362424
crop context q20,20,634,5.9996160000000005,34.407594444101925
crop context q40,40,638,5.9996160000000005,36.578568257201105
crop context q60,60,640,5.9996160000000005,37.797227941342825
crop context q80,80,649,5.9996160000000005,41.70115405041972
crop context q95,95,672,5.9996160000000005,47.003760999061996
crop wake q20,20,634,5.9996160000000005,35.63854797082509
crop wake q40,40,638,5.9996160000000005,37.883819060788284
crop wake q60,60,646,5.9996160000000005,39.144364227980915
crop wake q80,80,655,5.9996160000000005,42.10056359574728
crop wake q95,95,696,5.9996160000000005,46.79541447929581
thumbnail 96px,60,1709,,
whole tile q40,40,40854,,38.27216499648809
whole tile q60,60,50356,,40.354954849614664
crop tight q20,20,6231,288.0,33.74359903355279
crop tight q40,40,9240,288.0,37.42635876215537
crop tight q60,60,11750,288.0,39.25795532477254
crop tight q80,80,16712,288.0,42.25693592558743
crop tight q95,95,33851,288.0,46.85527337641371
crop tight jp2,-1,82183,288.0,48.421410266467156
crop context q20,20,10686,288.0,34.02712284287202
crop context q40,40,16372,288.0,37.90956032458104
crop context q60,60,21054,288.0,39.82699779256164
crop context q80,80,30243,288.0,43.22817266384941
crop context q95,95,59891,288.0,48.761500847921084
crop context jp2,-1,159289,288.0,48.866274928514095
crop wake q20,20,19636,288.0,34.19640325349116
crop wake q40,40,30958,288.0,38.025614900052325
crop wake q60,60,38064,288.0,40.136625252555014
crop wake q80,80,60579,288.0,45.8804014357026
crop wake q95,95,106144,288.0,55.443970711930604
crop wake jp2,-1,318535,288.0,49.18123444530216
thumbnail 96px,60,804,,
whole tile q40,40,11098,,42.918654768562476
whole tile q60,60,11898,,45.37771452934643
crop tight q20,20,1093,93.000192,31.356889512185496
crop tight q40,40,1271,93.000192,33.18670661895316
crop tight q60,60,1462,93.000192,34.83784797815079
crop tight q80,80,1950,93.000192,37.89789539678084
crop tight q95,95,3707,93.000192,45.63609905432756
crop tight jp2,-1,8467,93.000192,50.81255200786284
crop context q20,20,1273,93.000192,34.023307615153776
crop context q40,40,1503,93.000192,36.002250702379264
crop context q60,60,1678,93.000192,37.85451358139117
crop context q80,80,2271,93.000192,40.90620597961346
crop context q95,95,4733,93.000192,47.90996988938864
crop context jp2,-1,16210,93.000192,57.70389116208883
crop wake q20,20,1612,93.000192,36.678774536998716
crop wake q40,40,1856,93.000192,38.21102776160598
crop wake q60,60,2042,93.000192,39.79688647782272
crop wake q80,80,2861,93.000192,42.96054923917028
crop wake q95,95,7040,93.000192,49.62122698246322
crop wake jp2,-1,28620,93.000192,99.0
thumbnail 96px,60,962,,
whole tile q40,40,33818,,38.50147575616105
whole tile q60,60,44377,,40.37011911792653
crop tight q20,20,1271,91.00032,32.25674378882804
crop tight q40,40,1644,91.00032,35.76033900648631
crop tight q60,60,1928,91.00032,37.581954687575056
crop tight q80,80,2522,91.00032,40.16388722007556
crop tight q95,95,4492,91.00032,44.62598043434352
crop tight jp2,-1,7928,91.00032,45.230865477077266
crop context q20,20,1730,91.00032,33.00629708000502
crop context q40,40,2368,91.00032,36.64804111908312
crop context q60,60,2916,91.00032,38.48895070966317
crop context q80,80,3940,91.00032,41.22106277478203
crop context q95,95,7541,91.00032,45.413619989930254
crop context jp2,-1,15843,91.00032,46.92730266040223
crop wake q20,20,2746,91.00032,34.0344856527667
crop wake q40,40,4115,91.00032,37.730940807078106
crop wake q60,60,5311,91.00032,39.39996808631181
crop wake q80,80,7578,91.00032,42.64144880323758
crop wake q95,95,15147,91.00032,47.8733873011976
crop wake jp2,-1,38301,91.00032,48.67080250491135
thumbnail 96px,60,1693,,
whole tile q40,40,72181,,33.95163683189607
whole tile q60,60,88904,,35.826924981219776
crop tight q20,20,6646,212.000256,29.729614534947334
crop tight q40,40,9195,212.000256,32.67684348548185
crop tight q60,60,11400,212.000256,34.30798526070801
crop tight q80,80,15830,212.000256,36.99414817994663
crop tight q95,95,30696,212.000256,42.43768521727957
crop tight jp2,-1,41847,212.000256,38.90847745440567
crop context q20,20,10563,212.000256,29.868353715709155
crop context q40,40,14789,212.000256,32.76700175552344
crop context q60,60,18414,212.000256,34.39583739207869
crop context q80,80,25753,212.000256,37.0112366202416
crop context q95,95,50628,212.000256,42.449374313126796
crop context jp2,-1,70698,212.000256,39.04039659371227
crop wake q20,20,19463,212.000256,30.1592935440045
crop wake q40,40,27589,212.000256,33.04770409564633
crop wake q60,60,34491,212.000256,34.6520193269552
crop wake q80,80,48542,212.000256,37.243264914523145
crop wake q95,95,96483,212.000256,42.632708828384
crop wake jp2,-1,140571,212.000256,39.56091777735581
thumbnail 96px,60,958,,
whole tile q40,40,20273,,39.60920139988366
whole tile q60,60,27841,,41.42486950116282
crop tight q20,20,686,40.99968,34.9126517380426
crop tight q40,40,731,40.99968,38.46219185865961
crop tight q60,60,785,40.99968,40.07330591710318
crop tight q80,80,871,40.99968,42.6965905952645
crop tight q95,95,1191,40.99968,46.943113505667135
crop tight jp2,-1,1718,40.99968,47.660805949808555
crop context q20,20,758,40.99968,35.69380041939737
crop context q40,40,832,40.99968,38.83286256804993
crop context q60,60,938,40.99968,41.00539406764378
crop context q80,80,1112,40.99968,44.15592577277833
crop context q95,95,1672,40.99968,48.896771019296104
crop context jp2,-1,3156,40.99968,49.4081972009791
crop wake q20,20,865,40.99968,36.324499345412306
crop wake q40,40,1028,40.99968,39.2133124358156
crop wake q60,60,1235,40.99968,41.01935021938124
crop wake q80,80,1629,40.99968,44.42297994578874
crop wake q95,95,2874,40.99968,48.348502637263024
crop wake jp2,-1,7411,40.99968,50.43671251155446
thumbnail 96px,60,2117,,
whole tile q40,40,68300,,29.43001415754773
whole tile q60,60,86913,,30.99379169703476
crop tight q20,20,695,19.000320000000002,24.45764799830496
crop tight q40,40,732,19.000320000000002,26.76142566142117
crop tight q60,60,768,19.000320000000002,28.78731308191371
crop tight q80,80,833,19.000320000000002,31.77010943143188
crop tight q95,95,1030,19.000320000000002,41.18203037685626
crop context q20,20,739,19.000320000000002,24.31293970448326
crop context q40,40,816,19.000320000000002,26.383694039407995
crop context q60,60,865,19.000320000000002,27.955369295994757
crop context q80,80,999,19.000320000000002,31.267965530594108
crop context q95,95,1334,19.000320000000002,40.92491355948752
crop wake q20,20,864,19.000320000000002,23.668124166360933
crop wake q40,40,1030,19.000320000000002,25.4052251601485
crop wake q60,60,1180,19.000320000000002,27.28695320711845
crop wake q80,80,1466,19.000320000000002,31.34133874660761
crop wake q95,95,2208,19.000320000000002,41.59255115729016
crop wake jp2,-1,1704,19.000320000000002,27.85711464221548
thumbnail 96px,60,1207,,
whole tile q40,40,30047,,38.634026394629714
whole tile q60,60,38978,,40.95097134689049
crop tight q20,20,693,29.999616,33.147979456265354
crop tight q40,40,732,29.999616,36.318514190216156
crop tight q60,60,768,29.999616,38.464119373000926
crop tight q80,80,837,29.999616,41.609590505990354
crop tight q95,95,1066,29.999616,45.78239512530085
crop tight jp2,-1,930,29.999616,43.52786091502651
crop context q20,20,691,29.999616,35.72692347230265
crop context q40,40,746,29.999616,37.92537538154397
crop context q60,60,796,29.999616,39.782703721229296
crop context q80,80,891,29.999616,42.22996507581098
crop context q95,95,1231,29.999616,46.509965894325546
crop context jp2,-1,1670,29.999616,46.12422860574724
crop wake q20,20,751,29.999616,36.22779312765641
crop wake q40,40,862,29.999616,38.84023819315592
crop wake q60,60,972,29.999616,40.76800542561596
crop wake q80,80,1165,29.999616,43.720158797514344
crop wake q95,95,1800,29.999616,47.82046144980334
crop wake jp2,-1,3507,29.999616,48.64681207222097
thumbnail 96px,60,1545,,
whole tile q40,40,43360,,38.130409745645444
whole tile q60,60,53539,,40.4053021249744
crop tight q20,20,673,23.000064,35.14703210080971
crop tight q40,40,696,23.000064,38.00563448102313
crop tight q60,60,714,23.000064,39.80080428437075
crop tight q80,80,754,23.000064,42.86873659592065
crop tight q95,95,900,23.000064,47.34542019778761
crop context q20,20,714,23.000064,34.96978363575887
crop context q40,40,750,23.000064,38.306788374096385
crop context q60,60,784,23.000064,40.09248946330378
crop context q80,80,851,23.000064,43.35586921903798
crop context q95,95,1072,23.000064,47.25747449836077
crop context jp2,-1,988,23.000064,44.507895302201234
crop wake q20,20,788,23.000064,35.062347756158594
crop wake q40,40,876,23.000064,38.740976396934016
crop wake q60,60,949,23.000064,40.51866076317269
crop wake q80,80,1094,23.000064,43.52448824297878
crop wake q95,95,1645,23.000064,47.699385720010554
crop wake jp2,-1,2527,23.000064,48.212469624226884
thumbnail 96px,60,895,,
whole tile q40,40,28902,,38.578888165539546
whole tile q60,60,38102,,40.95136938512453
crop tight q20,20,2241,167.000064,33.34312680382504
crop tight q40,40,3269,167.000064,36.373137157916126
crop tight q60,60,4186,167.000064,38.494337002678975
crop tight q80,80,5907,167.000064,41.234771168361775
crop tight q95,95,11615,167.000064,45.60422062630294
crop tight jp2,-1,25930,167.000064,47.01132871769811
crop context q20,20,2810,167.000064,34.277985402308985
crop context q40,40,4386,167.000064,37.05895494863344
crop context q60,60,5820,167.000064,39.18699658863484
crop context q80,80,8488,167.000064,42.00296615268443
crop context q95,95,17620,167.000064,46.50068824929102
crop context jp2,-1,43794,167.000064,48.63590348173676
crop wake q20,20,4297,167.000064,34.935407084799664
crop wake q40,40,7436,167.000064,37.77366465306508
crop wake q60,60,10220,167.000064,40.05798228944404
crop wake q80,80,15268,167.000064,42.89325565984663
crop wake q95,95,32104,167.000064,47.34537267013351
crop wake jp2,-1,91314,167.000064,49.566580449142506
crop tight q20,20,2606,202.00012800000002,33.99659629615424
crop tight q40,40,3997,202.00012800000002,36.92229967678355
crop tight q60,60,5260,202.00012800000002,39.00458655319841
crop tight q80,80,7699,202.00012800000002,41.81695991391941
crop tight q95,95,15355,202.00012800000002,46.3036495627768
crop tight jp2,-1,37934,202.00012800000002,48.49998604478559
crop context q20,20,3422,202.00012800000002,34.632670819177804
crop context q40,40,5698,202.00012800000002,37.60399590583696
crop context q60,60,7605,202.00012800000002,39.7554492467764
crop context q80,80,11366,202.00012800000002,42.45160277887544
crop context q95,95,23379,202.00012800000002,47.20309440263364
crop context jp2,-1,63427,202.00012800000002,49.177137985228185
crop wake q20,20,5504,202.00012800000002,35.11263606407222
crop wake q40,40,9923,202.00012800000002,38.08901741160558
crop wake q60,60,13930,202.00012800000002,40.22952163474379
crop wake q80,80,21236,202.00012800000002,43.25102078497846
crop wake q95,95,44714,202.00012800000002,47.63200714488668
crop wake jp2,-1,133689,202.00012800000002,49.82431750687649
thumbnail 96px,60,876,,
whole tile q40,40,11269,,41.18964516031436
whole tile q60,60,13722,,42.6732399141666
crop tight q20,20,993,91.00032,32.830224877798145
crop tight q40,40,1113,91.00032,35.074465663774895
crop tight q60,60,1288,91.00032,36.66429684067702
crop tight q80,80,1798,91.00032,39.20796011679476
crop tight q95,95,3447,91.00032,45.58167888947317
crop tight jp2,-1,8030,91.00032,48.57534104804368
crop context q20,20,1198,91.00032,34.980436373828894
crop context q40,40,1354,91.00032,36.69745762084537
crop context q60,60,1578,91.00032,38.48760338100038
crop context q80,80,2436,91.00032,40.933105965164856
crop context q95,95,5447,91.00032,46.89396432629452
crop context jp2,-1,15964,91.00032,50.53106728243477
crop wake q20,20,1729,91.00032,37.04758453929983
crop wake q40,40,1917,91.00032,38.39664900361966
crop wake q60,60,2396,91.00032,40.61729820424976
crop wake q80,80,4396,91.00032,43.17953294466686
crop wake q95,95,10371,91.00032,49.29248898002947
crop wake jp2,-1,38719,91.00032,52.2246784789695
thumbnail 96px,60,846,,
whole tile q40,40,14717,,39.94686725846332
whole tile q60,60,20474,,42.01105667435114
crop tight q20,20,877,92.000256,37.19004750945885
crop tight q40,40,1001,92.000256,40.03866360269643
crop tight q60,60,1186,92.000256,41.460391866875916
crop tight q80,80,1604,92.000256,45.22038549691766
crop tight q95,95,2842,92.000256,49.30938473005529
crop tight jp2,-1,7971,92.000256,51.823151131162135
crop context q20,20,1047,92.000256,37.388392618038196
crop context q40,40,1226,92.000256,40.00800198308909
crop context q60,60,1575,92.000256,41.59761601065925
crop context q80,80,2321,92.000256,46.4614168133284
crop context q95,95,4324,92.000256,51.70023333899793
crop context jp2,-1,15166,92.000256,54.43621314698309
crop wake q20,20,1425,92.000256,37.92708782445347
crop wake q40,40,1744,92.000256,40.07196519757037
crop wake q60,60,2423,92.000256,41.86071461164332
crop wake q80,80,3813,92.000256,46.526250958751774
crop wake q95,95,8012,92.000256,52.44571920850233
crop wake jp2,-1,31348,92.000256,56.71642346771647
thumbnail 96px,60,2604,,
whole tile q40,40,58828,,30.709355586824707
whole tile q60,60,74734,,32.32582702684445
crop tight q20,20,2335,124.99967999999998,27.103531072631363
crop tight q40,40,3217,124.99967999999998,29.161236395381085
crop tight q60,60,4093,124.99967999999998,30.73597578088721
crop tight q80,80,6047,124.99967999999998,33.74188844868323
crop tight q95,95,11687,124.99967999999998,41.61730424964478
crop tight jp2,-1,15559,124.99967999999998,38.3622918731393
crop context q20,20,3584,124.99967999999998,27.78776714786737
crop context q40,40,5105,124.99967999999998,29.95528527555896
crop context q60,60,6605,124.99967999999998,31.51478716077073
crop context q80,80,9992,124.99967999999998,34.6036191754133
crop context q95,95,19762,124.99967999999998,42.287924804028606
crop context jp2,-1,29972,124.99967999999998,40.491391145190285
crop wake q20,20,7007,124.99967999999998,28.214140623139063
crop wake q40,40,10188,124.99967999999998,30.32751734946897
crop wake q60,60,13575,124.99967999999998,31.911871448331258
crop wake q80,80,21287,124.99967999999998,34.95076065855646
crop wake q95,95,43905,124.99967999999998,42.60114906777151
crop wake jp2,-1,72904,124.99967999999998,41.63011143891286
crop tight q20,20,2366,129.000192,27.282130100118852
crop tight q40,40,3251,129.000192,29.349518024607917
crop tight q60,60,4125,129.000192,30.845863856537456
crop tight q80,80,6091,129.000192,33.987666260667915
crop tight q95,95,11821,129.000192,42.08899078134596
crop tight jp2,-1,16290,129.000192,39.61655621314192
crop context q20,20,3921,129.000192,27.498364014287667
crop context q40,40,5638,129.000192,29.672797850709568
crop context q60,60,7344,129.000192,31.246416365786416
crop context q80,80,11164,129.000192,35.021738602261124
crop context q95,95,20901,129.000192,42.93787065084928
crop context jp2,-1,31640,129.000192,39.84640158260966
crop wake q20,20,8800,129.000192,27.57820383140162
crop wake q40,40,13188,129.000192,29.70724899302366
crop wake q60,60,17381,129.000192,31.251468629727146
crop wake q80,80,26480,129.000192,34.38219122146961
crop wake q95,95,53152,129.000192,42.329043794921546
crop wake jp2,-1,77624,129.000192,39.467565984079
crop tight q20,20,2335,124.99967999999998,27.191519938633334
crop tight q40,40,3277,124.99967999999998,29.1787944788343
crop tight q60,60,3983,124.99967999999998,30.90579534567736
crop tight q80,80,6489,124.99967999999998,38.21917252867509
crop tight q95,95,10596,124.99967999999998,48.19997815181462
crop tight jp2,-1,15448,124.99967999999998,37.54214260492691
crop context q20,20,3989,124.99967999999998,27.18517612810409
crop context q40,40,5755,124.99967999999998,29.256482729473007
crop context q60,60,7403,124.99967999999998,30.735107806142416
crop context q80,80,11148,124.99967999999998,33.69685812395889
crop context q95,95,22278,124.99967999999998,41.94958158015811
crop context jp2,-1,30005,124.99967999999998,38.10383440529527
crop wake q20,20,8332,124.99967999999998,27.54846718638431
crop wake q40,40,12360,124.99967999999998,29.628949191814364
crop wake q60,60,16196,124.99967999999998,31.08808077134566
crop wake q80,80,24857,124.99967999999998,34.03952470315672
crop wake q95,95,50888,124.99967999999998,42.12979638966057
crop wake jp2,-1,72849,124.99967999999998,39.125066468556085
crop tight q20,20,2155,129.000192,27.740309600053724
crop tight q40,40,2890,129.000192,29.935109731052115
crop tight q60,60,3684,129.000192,31.48100248559723
crop tight q80,80,5500,129.000192,34.71476485687787
crop tight q95,95,10762,129.000192,42.674835963452566
crop tight jp2,-1,16369,129.000192,41.58619798514131
crop context q20,20,3089,129.000192,28.479606447115735
crop context q40,40,4335,129.000192,30.668473462438687
crop context q60,60,5678,129.000192,32.1912215097859
crop context q80,80,8870,129.000192,35.521041280026
crop context q95,95,18013,129.000192,43.20649021056707
crop context jp2,-1,31750,129.000192,43.04743529971724
crop wake q20,20,6870,129.000192,28.60538079826398
crop wake q40,40,10020,129.000192,30.73681162705176
crop wake q60,60,13475,129.000192,32.35686185934496
crop wake q80,80,21406,129.000192,35.50411166327861
crop wake q95,95,43719,129.000192,43.932391761452465
crop wake jp2,-1,77748,129.000192,42.787293539714796
crop tight q20,20,2580,127.00032000000002,26.846109542358324
crop tight q40,40,3624,127.00032000000002,29.02548236347922
crop tight q60,60,4587,127.00032000000002,30.541209231487333
crop tight q80,80,6731,127.00032000000002,33.73515700356326
crop tight q95,95,12850,127.00032000000002,42.02932796679809
crop tight jp2,-1,15932,127.00032000000002,37.241600757748216
crop context q20,20,4014,127.00032000000002,27.33223209643317
crop context q40,40,5836,127.00032000000002,29.47518022351244
crop context q60,60,7515,127.00032000000002,31.035575934621864
crop context q80,80,11275,127.00032000000002,34.11431339868123
crop context q95,95,22290,127.00032000000002,41.952179742387244
crop context jp2,-1,31069,127.00032000000002,38.95105815304623
crop wake q20,20,8417,127.00032000000002,27.661226857015283
crop wake q40,40,12644,127.00032000000002,29.742560973597033
crop wake q60,60,16655,127.00032000000002,31.260741297372935
crop wake q80,80,25546,127.00032000000002,34.39415485227033
crop wake q95,95,51395,127.00032000000002,42.19677655716033
crop wake jp2,-1,75603,127.00032000000002,39.40354106523913
crop tight q20,20,917,46.000128,26.788136497983118
crop tight q40,40,1050,46.000128,28.92350508015088
crop tight q60,60,1185,46.000128,30.5033938487776
crop tight q80,80,1464,46.000128,33.824175174422074
crop tight q95,95,2291,46.000128,41.83814800106444
crop tight jp2,-1,2069,46.000128,34.670033522694084
crop context q20,20,1093,46.000128,27.38964388398638
crop context q40,40,1319,46.000128,29.547392766430647
crop context q60,60,1539,46.000128,31.10836723522283
crop context q80,80,2031,46.000128,34.32861318921233
crop context q95,95,3461,46.000128,42.21167273889692
crop context jp2,-1,4051,46.000128,38.217471114733684
crop wake q20,20,1702,46.000128,27.478021651289826
crop wake q40,40,2222,46.000128,29.593884511018263
crop wake q60,60,2727,46.000128,31.151297610352696
crop wake q80,80,3905,46.000128,34.28524717553378
crop wake q95,95,7314,46.000128,42.22472080362686
crop wake jp2,-1,9761,46.000128,39.95726216692003
crop tight q20,20,1336,75.999744,26.79021267374745
crop tight q40,40,1699,75.999744,28.95492500802434
crop tight q60,60,2069,75.999744,30.500677411074722
crop tight q80,80,2802,75.999744,33.802082760914416
crop tight q95,95,4956,75.999744,41.44647755066734
crop tight jp2,-1,5656,75.999744,36.61926769323615
crop context q20,20,1875,75.999744,27.27414998845488
crop context q40,40,2535,75.999744,29.32521844791523
crop context q60,60,3232,75.999744,30.956725912335795
crop context q80,80,4657,75.999744,34.53623994635373
crop context q95,95,8381,75.999744,42.32546479850625
crop context jp2,-1,10946,75.999744,38.776330210499516
crop wake q20,20,3093,75.999744,28.11657995192168
crop wake q40,40,4410,75.999744,30.2818411917237
crop wake q60,60,5737,75.999744,31.82894377364146
crop wake q80,80,8832,75.999744,34.89481294690173
crop wake q95,95,17585,75.999744,42.447352885768765
crop wake jp2,-1,26745,75.999744,40.97238073745815
thumbnail 96px,60,797,,
whole tile q40,40,12369,,39.00707459127567
whole tile q60,60,16791,,40.018175995844885
crop tight q20,20,647,8.000256,23.179473341839017
crop tight q40,40,658,8.000256,25.29546496884588
crop tight q60,60,667,8.000256,27.091640770358005
crop tight q80,80,679,8.000256,30.47408742783977
crop tight q95,95,725,8.000256,38.8608619681811
crop context q20,20,657,8.000256,23.9196990940929
crop context q40,40,677,8.000256,27.028028391668254
crop context q60,60,688,8.000256,28.53784893875875
crop context q80,80,716,8.000256,30.76236141552984
crop context q95,95,803,8.000256,39.24138017394328
crop wake q20,20,659,8.000256,27.87468957221092
crop wake q40,40,678,8.000256,30.34934853755747
crop wake q60,60,700,8.000256,31.83266395896499
crop wake q80,80,738,8.000256,34.83198420176778
crop wake q95,95,870,8.000256,41.67361843457897
crop tight q20,20,728,40.99968,30.894381573212737
crop tight q40,40,784,40.99968,32.393007196487574
crop tight q60,60,843,40.99968,34.08396236279773
crop tight q80,80,1002,40.99968,36.6641180766384
crop tight q95,95,1471,40.99968,44.05168391056908
crop tight jp2,-1,1697,40.99968,41.53722824908467
crop context q20,20,789,40.99968,32.74556610948452
crop context q40,40,860,40.99968,34.5544903615327
crop context q60,60,953,40.99968,35.79847522883568
crop context q80,80,1212,40.99968,38.11941299458727
crop context q95,95,2097,40.99968,43.78801852853498
crop context jp2,-1,3159,40.99968,44.529988465997626
crop wake q20,20,883,40.99968,34.630422988955985
crop wake q40,40,967,40.99968,36.50874048691104
crop wake q60,60,1142,40.99968,37.85191159160026
crop wake q80,80,1669,40.99968,39.77631838090477
crop wake q95,95,3464,40.99968,45.055812176697366
crop wake jp2,-1,7865,40.99968,46.62031583715403
thumbnail 96px,60,886,,
whole tile q40,40,16012,,39.84102988911631
whole tile q60,60,25260,,42.72154735906344
crop tight q20,20,2515,229.99987199999998,35.65002631887368
crop tight q40,40,3501,229.99987199999998,38.223478062310654
crop tight q60,60,4730,229.99987199999998,40.743770877558646
crop tight q80,80,8402,229.99987199999998,45.663688603712004
crop tight q95,95,14296,229.99987199999998,57.2077605997799
crop tight jp2,-1,49737,229.99987199999998,51.23115537906759
crop context q20,20,3250,229.99987199999998,36.20144986351662
crop context q40,40,4623,229.99987199999998,38.86370535051503
crop context q60,60,6724,229.99987199999998,41.29709820851309
crop context q80,80,10882,229.99987199999998,44.01019425834032
crop context q95,95,23957,229.99987199999998,49.09362988980923
crop context jp2,-1,83162,229.99987199999998,52.345567559443005
crop wake q20,20,5319,229.99987199999998,36.911276027968604
crop wake q40,40,7694,229.99987199999998,39.43584930607388
crop wake q60,60,11819,229.99987199999998,42.04228216169277
crop wake q80,80,20292,229.99987199999998,44.66212625201819
crop wake q95,95,45871,229.99987199999998,49.408805851935284
crop wake jp2,-1,175000,229.99987199999998,54.9592967778309
thumbnail 96px,60,981,,
whole tile q40,40,44490,,37.473975909919744
whole tile q60,60,54899,,39.508109704001065
crop tight q20,20,662,11.000064,28.187594617516133
crop tight q40,40,673,11.000064,30.19940940394131
crop tight q60,60,688,11.000064,31.947193201415125
crop tight q80,80,709,11.000064,35.47919726881009
crop tight q95,95,788,11.000064,41.53521687901731
crop context q20,20,689,11.000064,28.246195176819974
crop context q40,40,717,11.000064,30.96195432077378
crop context q60,60,738,11.000064,32.704881500234535
crop context q80,80,780,11.000064,35.740618384901154
crop context q95,95,912,11.000064,41.16387155596499
crop wake q20,20,714,11.000064,28.915108424658268
crop wake q40,40,762,11.000064,32.09653383235847
crop wake q60,60,797,11.000064,33.59062720880629
crop wake q80,80,875,11.000064,36.362110939510714
crop wake q95,95,1114,11.000064,42.18699501359112
thumbnail 96px,60,870,,
whole tile q40,40,11274,,41.655121184609314
whole tile q60,60,14166,,42.78923956826346
crop tight q20,20,641,8.000256,24.47276631981879
crop tight q40,40,647,8.000256,27.2495157524154
crop tight q60,60,656,8.000256,29.105939983577546
crop tight q80,80,667,8.000256,33.985884559977634
crop tight q95,95,697,8.000256,42.82232685539774
crop context q20,20,642,8.000256,27.39026018763022
crop context q40,40,649,8.000256,29.37847806187062
crop context q60,60,657,8.000256,30.131148169059443
crop context q80,80,675,8.000256,33.650055146166274
crop context q95,95,737,8.000256,43.522506890087044
crop wake q20,20,652,8.000256,30.74230311109629
crop wake q40,40,658,8.000256,33.36681891272613
crop wake q60,60,672,8.000256,35.0860088941985
crop wake q80,80,701,8.000256,37.93975057109729
crop wake q95,95,803,8.000256,45.33756994011639
thumbnail 96px,60,938,,
whole tile q40,40,26705,,39.18987362548154
whole tile q60,60,35361,,41.392857810773776
crop tight q20,20,2857,215.00006399999998,33.56232986681941
crop tight q40,40,4438,215.00006399999998,37.237783708135844
crop tight q60,60,5823,215.00006399999998,39.374492346956984
crop tight q80,80,8477,215.00006399999998,41.96059375490155
crop tight q95,95,17285,215.00006399999998,46.220652566594
crop tight jp2,-1,45600,215.00006399999998,49.18633446630615
crop context q20,20,4208,215.00006399999998,34.22730166947565
crop context q40,40,7013,215.00006399999998,37.98145997652831
crop context q60,60,9550,215.00006399999998,40.095180118094085
crop context q80,80,14267,215.00006399999998,42.731412422231514
crop context q95,95,30127,215.00006399999998,47.054942061883985
crop context jp2,-1,88703,215.00006399999998,49.85104160721656
crop wake q20,20,7688,215.00006399999998,35.16307431405711
crop wake q40,40,14184,215.00006399999998,38.83916495961657
crop wake q60,60,19972,215.00006399999998,40.99425774379537
crop wake q80,80,31077,215.00006399999998,44.655611876628065
crop wake q95,95,63332,215.00006399999998,50.24135120404687
crop wake jp2,-1,208477,215.00006399999998,50.50600214995208
thumbnail 96px,60,1041,,
whole tile q40,40,45492,,37.47072112280183
whole tile q60,60,57011,,39.896669662735384
crop tight q20,20,3497,216.0,34.05223832420667
crop tight q40,40,5156,216.0,37.314171637499
crop tight q60,60,6549,216.0,39.51911171599595
crop tight q80,80,9183,216.0,42.374515504567455
crop tight q95,95,18380,216.0,48.0901720999033
crop tight jp2,-1,43300,216.0,46.73790975841741
crop context q20,20,5325,216.0,34.20831471365214
crop context q40,40,8074,216.0,37.43222618637757
crop context q60,60,10347,216.0,39.609671790941576
crop context q80,80,14719,216.0,42.48243657112424
crop context q95,95,29868,216.0,48.24243322102709
crop context jp2,-1,72423,216.0,46.79109709541354
crop wake q20,20,10142,216.0,34.27548420235124
crop wake q40,40,15811,216.0,37.42315036215484
crop wake q60,60,20504,216.0,39.72938262167614
crop wake q80,80,29376,216.0,42.83211351890205
crop wake q95,95,58097,216.0,48.29560614639814
crop wake jp2,-1,146727,216.0,46.871225383558055
crop tight q20,20,2467,156.999936,33.14686138540319
crop tight q40,40,3529,156.999936,36.21656373660785
crop tight q60,60,4379,156.999936,38.39284234012287
crop tight q80,80,6051,156.999936,40.99475747835864
crop tight q95,95,11753,156.999936,45.85161936226285
crop tight jp2,-1,24116,156.999936,45.67674341040483
crop context q20,20,3837,156.999936,33.80467064439094
crop context q40,40,5752,156.999936,36.93399745357254
crop context q60,60,7310,156.999936,39.06962201787082
crop context q80,80,10322,156.999936,41.766340351843795
crop context q95,95,20803,156.999936,46.13224464624491
crop context jp2,-1,47601,156.999936,46.46902225201781
crop wake q20,20,7718,156.999936,34.143688821566016
crop wake q40,40,12020,156.999936,37.38369634299553
crop wake q60,60,15463,156.999936,39.72177674881558
crop wake q80,80,22082,156.999936,42.83539675793633
crop wake q95,95,43581,156.999936,48.15498904254376
crop wake jp2,-1,109497,156.999936,46.72234704860023
thumbnail 96px,60,2252,,
whole tile q40,40,82760,,33.491158947746726
whole tile q60,60,101511,,35.47410047526877
crop tight q20,20,6888,224.000256,30.82937809062015
crop tight q40,40,9619,224.000256,34.0438629547028
crop tight q60,60,11913,224.000256,35.902291225504385
crop tight q80,80,16534,224.000256,38.784968482351
crop tight q95,95,31056,224.000256,44.136328463575836
crop tight jp2,-1,49507,224.000256,41.38131794995012
crop context q20,20,11054,224.000256,30.6575571195626
crop context q40,40,15672,224.000256,33.84018908137991
crop context q60,60,19469,224.000256,35.579637057496775
crop context q80,80,27123,224.000256,38.0917514983464
crop context q95,95,53651,224.000256,43.15127446913925
crop context jp2,-1,82962,224.000256,41.01564632250877
crop wake q20,20,22686,224.000256,30.591918049111378
crop wake q40,40,32281,224.000256,33.85843412955084
crop wake q60,60,40254,224.000256,35.687456793871235
crop wake q80,80,56950,224.000256,38.620077097573265
crop wake q95,95,108713,224.000256,44.595459174353486
crop wake jp2,-1,172522,224.000256,40.79841845535073
thumbnail 96px,60,787,,
whole tile q40,40,10420,,45.949155127883515
whole tile q60,60,11627,,43.44812659472058
crop tight q20,20,850,84.99993599999999,35.16731582043282
crop tight q40,40,943,84.99993599999999,38.27478012175463
crop tight q60,60,1036,84.99993599999999,39.769626791922235
crop tight q80,80,1292,84.99993599999999,42.863527654523345
crop tight q95,95,2194,84.99993599999999,48.505933565836955
crop tight jp2,-1,5546,84.99993599999999,51.173097363379796
crop context q20,20,932,84.99993599999999,36.145239931492846
crop context q40,40,1028,84.99993599999999,39.98542781585912
crop context q60,60,1113,84.99993599999999,41.181900350627416
crop context q80,80,1496,84.99993599999999,44.113251661004796
crop context q95,95,2807,84.99993599999999,50.52964546385306
crop context jp2,-1,9656,84.99993599999999,56.2709314867228
crop wake q20,20,1152,84.99993599999999,36.93844839682495
crop wake q40,40,1234,84.99993599999999,41.86607730095041
crop wake q60,60,1333,84.99993599999999,41.866161971447255
crop wake q80,80,2152,84.99993599999999,50.22999868894206
crop wake q95,95,3370,84.99993599999999,65.91482350393767
crop wake jp2,-1,18044,84.99993599999999,67.18816555327902
thumbnail 96px,60,1489,,
whole tile q40,40,36973,,37.33834094135411
whole tile q60,60,47304,,39.763434649522
crop tight q20,20,732,24.999935999999998,28.184565966349616
crop tight q40,40,778,24.999935999999998,30.68935162792759
crop tight q60,60,820,24.999935999999998,32.28064414578827
crop tight q80,80,907,24.999935999999998,34.825533117475274
crop tight q95,95,1174,24.999935999999998,40.71099944089351
crop context q20,20,795,24.999935999999998,28.88876461288339
crop context q40,40,875,24.999935999999998,31.280892270711856
crop context q60,60,941,24.999935999999998,33.45524663288243
crop context q80,80,1076,24.999935999999998,35.730461952063806
crop context q95,95,1506,24.999935999999998,40.70486151219605
crop context jp2,-1,1207,24.999935999999998,35.45977099951263
crop wake q20,20,921,24.999935999999998,29.71377740179456
crop wake q40,40,1095,24.999935999999998,33.02854823007985
crop wake q60,60,1228,24.999935999999998,34.845570603640496
crop wake q80,80,1500,24.999935999999998,37.473678980771666
crop wake q95,95,2351,24.999935999999998,42.20878781192913
crop wake jp2,-1,2932,24.999935999999998,42.50632168666258
crop tight q20,20,701,21.000192,27.72966754157939
crop tight q40,40,735,21.000192,30.793992898875725
crop tight q60,60,758,21.000192,32.20407655789187
crop tight q80,80,814,21.000192,34.97785610660424
crop tight q95,95,992,21.000192,39.9620256987119
crop context q20,20,779,21.000192,28.144738925252163
crop context q40,40,852,21.000192,31.577247691353264
crop context q60,60,907,21.000192,33.57239193691696
crop context q80,80,1006,21.000192,36.01934240314136
crop context q95,95,1366,21.000192,41.66457324735799
crop context jp2,-1,883,21.000192,33.99525392560076
crop wake q20,20,904,21.000192,29.262594965946903
crop wake q40,40,1030,21.000192,32.375056721247105
crop wake q60,60,1145,21.000192,34.184270968501934
crop wake q80,80,1374,21.000192,37.01279653944389
crop wake q95,95,2021,21.000192,42.38621019109249
crop wake jp2,-1,2043,21.000192,39.80670666706744
crop tight q20,20,690,18.000384,27.860350706159586
crop tight q40,40,725,18.000384,30.33913498096837
crop tight q60,60,750,18.000384,32.566151196269885
crop tight q80,80,798,18.000384,35.285242951656635
crop tight q95,95,974,18.000384,40.32580161792274
crop context q20,20,720,18.000384,28.51248345691969
crop context q40,40,760,18.000384,31.63703915726991
crop context q60,60,804,18.000384,33.59300233238774
crop context q80,80,873,18.000384,36.13620615258564
crop context q95,95,1119,18.000384,41.06651282369058
crop wake q20,20,781,18.000384,30.25704329604165
crop wake q40,40,866,18.000384,33.43981999591547
crop wake q60,60,950,18.000384,34.8917258386409
crop wake q80,80,1085,18.000384,37.856092941568164
crop wake q95,95,1555,18.000384,42.36547979355309
crop wake jp2,-1,1567,18.000384,40.87750155993976
crop tight q20,20,659,12.0,27.170415329988117
crop tight q40,40,672,12.0,29.801181869703605
crop tight q60,60,683,12.0,31.903004073119835
crop tight q80,80,707,12.0,34.839814813807465
crop tight q95,95,790,12.0,40.04338156415087
crop context q20,20,689,12.0,27.86000046748142
crop context q40,40,713,12.0,31.285184630536857
crop context q60,60,738,12.0,32.74384579407637
crop context q80,80,781,12.0,34.96260390675059
crop context q95,95,929,12.0,40.32729138488739
crop wake q20,20,728,12.0,29.080484285757695
crop wake q40,40,770,12.0,31.241499502599787
crop wake q60,60,814,12.0,33.124272222738256
crop wake q80,80,897,12.0,35.298210090513756
crop wake q95,95,1165,12.0,41.093114918556395
crop tight q20,20,692,13.999872,28.39223078588889
crop tight q40,40,714,13.999872,30.316024423340224
crop tight q60,60,733,13.999872,31.811523230745387
crop tight q80,80,775,13.999872,34.43304000890135
crop tight q95,95,887,13.999872,40.588696202998364
crop context q20,20,699,13.999872,27.54125521787064
crop context q40,40,731,13.999872,30.09615493173792
crop context q60,60,761,13.999872,32.44819492090436
crop context q80,80,816,13.999872,34.66917262084178
crop context q95,95,994,13.999872,40.43729089184073
crop wake q20,20,797,13.999872,28.59667177827697
crop wake q40,40,872,13.999872,31.716494175385414
crop wake q60,60,934,13.999872,33.40194618794524
crop wake q80,80,1075,13.999872,36.469101209269354
crop wake q95,95,1466,13.999872,41.535457704418086
crop wake jp2,-1,932,13.999872,33.85983028832473
crop tight q20,20,717,19.000320000000002,28.12204881675775
crop tight q40,40,754,19.000320000000002,30.614291166635994
crop tight q60,60,780,19.000320000000002,32.40063250194251
crop tight q80,80,840,19.000320000000002,34.57851092978757
crop tight q95,95,1024,19.000320000000002,39.90429676010274
crop context q20,20,743,19.000320000000002,28.194988022170783
crop context q40,40,799,19.000320000000002,30.516788068129696
crop context q60,60,848,19.000320000000002,32.39787505141251
crop context q80,80,945,19.000320000000002,34.86175834352901
crop context q95,95,1242,19.000320000000002,40.52574098399038
crop wake q20,20,816,19.000320000000002,29.090152164418917
crop wake q40,40,915,19.000320000000002,32.14442439371628
crop wake q60,60,1002,19.000320000000002,33.56266837549728
crop wake q80,80,1176,19.000320000000002,36.53488284545843
crop wake q95,95,1720,19.000320000000002,41.36942668819019
crop wake jp2,-1,1729,19.000320000000002,39.4022800862962
thumbnail 96px,60,979,,
whole tile q40,40,12839,,41.68956758527305
whole tile q60,60,14128,,43.46603192273711
crop tight q20,20,690,22.000128,27.1617747836368
crop tight q40,40,731,22.000128,29.11138867329091
crop tight q60,60,762,22.000128,30.698279575984465
crop tight q80,80,826,22.000128,34.38491793655895
crop tight q95,95,1030,22.000128,42.27070427053397
crop context q20,20,719,22.000128,29.241360972426193
crop context q40,40,757,22.000128,31.19858382435043
crop context q60,60,796,22.000128,32.78185007982661
crop context q80,80,890,22.000128,35.48431176036527
crop context q95,95,1208,22.000128,43.00561132759231
crop context jp2,-1,960,22.000128,38.39280802534767
crop wake q20,20,751,22.000128,32.34203271692151
crop wake q40,40,801,22.000128,34.413037268351786
crop wake q60,60,847,22.000128,35.94475323806837
crop wake q80,80,957,22.000128,39.08166349673344
crop wake q95,95,1429,22.000128,45.225336315235516
crop wake jp2,-1,2243,22.000128,48.92203129273079
crop tight q20,20,950,73.999872,31.910762480823976
crop tight q40,40,1087,73.999872,34.00423354440321
crop tight q60,60,1219,73.999872,35.71220830854951
crop tight q80,80,1539,73.999872,38.54426491054311
crop tight q95,95,2741,73.999872,44.76767602114854
crop tight jp2,-1,5441,73.999872,49.66090934283233
crop context q20,20,1075,73.999872,34.54622565338732
crop context q40,40,1216,73.999872,36.272777312824275
crop context q60,60,1369,73.999872,37.74539618741078
crop context q80,80,1794,73.999872,40.74236734384182
crop context q95,95,3574,73.999872,46.50014264100904
crop context jp2,-1,10483,73.999872,56.08262472752515
crop wake q20,20,1377,73.999872,36.90994193595366
crop wake q40,40,1570,73.999872,38.6369302543046
crop wake q60,60,1791,73.999872,40.23939742123509
crop wake q80,80,2440,73.999872,43.07706520156745
crop wake q95,95,5526,73.999872,48.614119261368074
crop wake jp2,-1,21425,73.999872,99.0
crop tight q20,20,939,72.0,32.03178280431567
crop tight q40,40,1087,72.0,34.11805261058782
crop tight q60,60,1206,72.0,35.83007381145929
crop tight q80,80,1526,72.0,38.991496560039735
crop tight q95,95,2568,72.0,46.283959426665035
crop tight jp2,-1,5138,72.0,49.83005977648276
crop context q20,20,1053,72.0,34.454903036124406
crop context q40,40,1218,72.0,36.29798866109487
crop context q60,60,1355,72.0,38.16681262173066
crop context q80,80,1785,72.0,41.18701318792545
crop context q95,95,3332,72.0,48.303190907235056
crop context jp2,-1,9920,72.0,56.07389688362495
crop wake q20,20,1276,72.0,36.99884633130023
crop wake q40,40,1459,72.0,38.55627918107576
crop wake q60,60,1612,72.0,40.520641113915204
crop wake q80,80,2230,72.0,43.45554083467185
crop wake q95,95,4638,72.0,50.36616941284998
crop wake jp2,-1,18588,72.0,99.0
crop tight q20,20,709,19.000320000000002,24.789473306233347
crop tight q40,40,746,19.000320000000002,26.91986887549751
crop tight q60,60,778,19.000320000000002,28.22615919804701
crop tight q80,80,853,19.000320000000002,31.800858264283825
crop tight q95,95,1052,19.000320000000002,40.13481245666554
crop context q20,20,735,19.000320000000002,26.181166871694998
crop context q40,40,786,19.000320000000002,28.779488561081422
crop context q60,60,831,19.000320000000002,30.268557699335396
crop context q80,80,931,19.000320000000002,33.05519492584145
crop context q95,95,1211,19.000320000000002,41.594183772140376
crop wake q20,20,781,19.000320000000002,28.676296729941946
crop wake q40,40,856,19.000320000000002,30.866583408716743
crop wake q60,60,919,19.000320000000002,32.59628438720192
crop wake q80,80,1065,19.000320000000002,35.37210384836891
crop wake q95,95,1571,19.000320000000002,42.780901780849874
crop wake jp2,-1,1696,19.000320000000002,40.94169558004582
thumbnail 96px,60,1018,,
whole tile q40,40,37754,,37.19989988797816
whole tile q60,60,48091,,39.798974014474496
crop tight q20,20,1258,96.0,32.67766844198891
crop tight q40,40,1647,96.0,36.09139002236166
crop tight q60,60,1977,96.0,37.93627795021844
crop tight q80,80,2616,96.0,40.56625552804573
crop tight q95,95,4819,96.0,44.920143688616804
crop tight jp2,-1,8860,96.0,44.82767412246014
crop context q20,20,1699,96.0,33.08864705447017
crop context q40,40,2450,96.0,36.639682890499515
crop context q60,60,3065,96.0,38.47195403276934
crop context q80,80,4252,96.0,41.46014580745201
crop context q95,95,8124,96.0,45.896456711993295
crop context jp2,-1,17644,96.0,45.93441694949506
crop wake q20,20,2853,96.0,33.4649948983364
crop wake q40,40,4519,96.0,36.951859601560514
crop wake q60,60,5936,96.0,39.00498973035616
crop wake q80,80,8493,96.0,41.967051481265486
crop wake q95,95,17429,96.0,46.669595807174
crop wake jp2,-1,42771,96.0,46.83048961348617
crop tight q20,20,881,57.000192,32.436328391933294
crop tight q40,40,1035,57.000192,35.623792941725256
crop tight q60,60,1168,57.000192,37.57697594629376
crop tight q80,80,1420,57.000192,40.39522919077843
crop tight q95,95,2304,57.000192,44.59070163896038
crop tight jp2,-1,3194,57.000192,44.22933315945754
crop context q20,20,987,57.000192,33.43073423317575
crop context q40,40,1258,57.000192,36.388264827491724
crop context q60,60,1487,57.000192,38.44926017848601
crop context q80,80,1928,57.000192,41.30393410994976
crop context q95,95,3336,57.000192,45.59184014976634
crop context jp2,-1,6180,57.000192,45.562390519970144
crop wake q20,20,1331,57.000192,34.23612557283769
crop wake q40,40,1943,57.000192,36.97230924559476
crop wake q60,60,2416,57.000192,39.25432600387762
crop wake q80,80,3287,57.000192,42.063786958461236
crop wake q95,95,6395,57.000192,46.40661269515049
crop wake jp2,-1,15088,57.000192,47.262279052106884
crop tight q20,20,829,50.999808,32.473092704801154
crop tight q40,40,949,50.999808,35.253291974503604
crop tight q60,60,1063,50.999808,37.50955422138076
crop tight q80,80,1264,50.999808,39.981919661346346
crop tight q95,95,1957,50.999808,44.39114212066413
crop tight jp2,-1,2495,50.999808,43.939428485841404
crop context q20,20,965,50.999808,33.36718317979595
crop context q40,40,1194,50.999808,36.24874864965031
crop context q60,60,1375,50.999808,38.38401961773085
crop context q80,80,1715,50.999808,41.295781246137224
crop context q95,95,2906,50.999808,45.444702683640955
crop context jp2,-1,5036,50.999808,45.62492982478102
crop wake q20,20,1215,50.999808,34.25481195514224
crop wake q40,40,1680,50.999808,37.00238102872865
crop wake q60,60,2069,50.999808,39.074069908231415
crop wake q80,80,2817,50.999808,42.0985561465407
crop wake q95,95,5226,50.999808,46.72834937728041
crop wake jp2,-1,12280,50.999808,46.95546904872447
crop tight q20,20,790,47.000064,32.72471427841853
crop tight q40,40,895,47.000064,35.825292232624506
crop tight q60,60,982,47.000064,37.79888329348936
crop tight q80,80,1149,47.000064,40.54086488220905
crop tight q95,95,1702,47.000064,45.13442645149398
crop tight jp2,-1,2170,47.000064,44.19150258027176
crop context q20,20,873,47.000064,33.49966486830626
crop context q40,40,1053,47.000064,36.29845037707963
crop context q60,60,1215,47.000064,38.51909129488638
crop context q80,80,1512,47.000064,41.23115553763752
crop context q95,95,2490,47.000064,45.459059123478795
crop context jp2,-1,4340,47.000064,45.8809999984123
crop wake q20,20,1155,47.000064,34.06724113297136
crop wake q40,40,1561,47.000064,37.07478027766846
crop wake q60,60,1900,47.000064,39.488279234035
crop wake q80,80,2519,47.000064,42.579062098570894
crop wake q95,95,4593,47.000064,47.68131461523099
crop wake jp2,-1,10344,47.000064,47.41118704037871
crop tight q20,20,1130,84.99993599999999,32.897663696466964
crop tight q40,40,1453,84.99993599999999,36.13000889216615
crop tight q60,60,1709,84.99993599999999,38.25692761807757
crop tight q80,80,2206,84.99993599999999,41.18001603450196
crop tight q95,95,3884,84.99993599999999,46.36055553411866
crop tight jp2,-1,7007,84.99993599999999,45.470769685274696
crop context q20,20,1378,84.99993599999999,33.82728116531568
crop context q40,40,1908,84.99993599999999,36.77569333138557
crop context q60,60,2358,84.99993599999999,39.11314698035501
crop context q80,80,3185,84.99993599999999,42.27073865214016
crop context q95,95,5797,84.99993599999999,47.57723481104837
crop context jp2,-1,13075,84.99993599999999,46.606725695332976
crop wake q20,20,1933,84.99993599999999,34.367539095189315
crop wake q40,40,2979,84.99993599999999,37.12671279416619
crop wake q60,60,3814,84.99993599999999,39.468526502429015
crop wake q80,80,5439,84.99993599999999,43.08013963438874
crop wake q95,95,10218,84.99993599999999,48.614709248725504
crop wake jp2,-1,26416,84.99993599999999,47.75282960010297
crop tight q20,20,891,60.999936,32.723699544427156
crop tight q40,40,1054,60.999936,35.88423471269611
crop tight q60,60,1200,60.999936,37.90959968521073
crop tight q80,80,1469,60.999936,41.16616751419325
crop tight q95,95,2301,60.999936,46.20265823789842
crop tight jp2,-1,3674,60.999936,44.75048971808755
crop context q20,20,1060,60.999936,33.55972596821876
crop context q40,40,1354,60.999936,36.59533296299119
crop context q60,60,1588,60.999936,38.43270463747449
crop context q80,80,2081,60.999936,41.23662562691394
crop context q95,95,3646,60.999936,45.59668041898399
crop context jp2,-1,7108,60.999936,46.391059607542815
crop wake q20,20,1458,60.999936,34.08185441901899
crop wake q40,40,2136,60.999936,36.96771321110976
crop wake q60,60,2698,60.999936,39.0523351818606
crop wake q80,80,3749,60.999936,42.11446972665548
crop wake q95,95,7220,60.999936,46.668732026904635
crop wake jp2,-1,17258,60.999936,47.457922472902325
crop tight q20,20,877,58.000128000000004,33.00028076232134
crop tight q40,40,1025,58.000128000000004,35.872624047804074
crop tight q60,60,1152,58.000128000000004,37.74161916162969
crop tight q80,80,1407,58.000128000000004,40.50238664098526
crop tight q95,95,2288,58.000128000000004,44.92995777416443
crop tight jp2,-1,3305,58.000128000000004,44.385035942943276
crop context q20,20,987,58.000128000000004,33.48565580446892
crop context q40,40,1233,58.000128000000004,36.69810378348025
crop context q60,60,1445,58.000128000000004,38.742717956865185
crop context q80,80,1852,58.000128000000004,42.23057368309806
crop context q95,95,3053,58.000128000000004,47.58742527649726
crop context jp2,-1,5632,58.000128000000004,45.49154880063124
crop wake q20,20,1233,58.000128000000004,34.30668803758627
crop wake q40,40,1710,58.000128000000004,37.11013881119142
crop wake q60,60,2100,58.000128000000004,39.39914712722811
crop wake q80,80,2834,58.000128000000004,42.8031133537086
crop wake q95,95,5171,58.000128000000004,48.55072494498286
crop wake jp2,-1,11878,58.000128000000004,46.95992696010432
crop tight q20,20,943,68.000256,32.430625298390325
crop tight q40,40,1158,68.000256,35.66565641615336
crop tight q60,60,1353,68.000256,37.692316822563335
crop tight q80,80,1691,68.000256,40.81121541965973
crop tight q95,95,2752,68.000256,45.5686043953935
crop tight jp2,-1,4539,68.000256,44.57619028528734
crop context q20,20,1146,68.000256,33.190845790852535
crop context q40,40,1520,68.000256,36.38043131106991
crop context q60,60,1840,68.000256,38.295870723951694
crop context q80,80,2442,68.000256,41.06323956959781
crop context q95,95,4440,68.000256,45.6668024337748
crop context jp2,-1,8574,68.000256,45.612698416325244
crop wake q20,20,1732,68.000256,33.86280129089805
crop wake q40,40,2630,68.000256,36.92406511906137
crop wake q60,60,3342,68.000256,38.93086400052664
crop wake q80,80,4688,68.000256,41.83857886893139
crop wake q95,95,9261,68.000256,46.3819049032628
crop wake jp2,-1,21908,68.000256,47.1975659081503
crop tight q20,20,800,46.000128,32.701372528092286
crop tight q40,40,891,46.000128,35.824314144334956
crop tight q60,60,979,46.000128,37.58854584736875
crop tight q80,80,1146,46.000128,40.489474346197156
crop tight q95,95,1686,46.000128,44.45059394170781
crop tight jp2,-1,2107,46.000128,44.0504418372862
crop context q20,20,890,46.000128,33.24255955244127
crop context q40,40,1068,46.000128,36.50256304634326
crop context q60,60,1208,46.000128,38.5093560159986
crop context q80,80,1475,46.000128,41.071897100756935
crop context q95,95,2433,46.000128,45.32946378233084
crop context jp2,-1,3928,46.000128,45.35949710709246
crop wake q20,20,1166,46.000128,33.97792226193603
crop wake q40,40,1594,46.000128,36.844107739349795
crop wake q60,60,1913,46.000128,39.222956659956225
crop wake q80,80,2535,46.000128,41.96859362519987
crop wake q95,95,4649,46.000128,46.3762079896902
crop wake jp2,-1,9870,46.000128,47.054173901395814
thumbnail 96px,60,776,,
whole tile q40,40,10570,,42.21175832793029
whole tile q60,60,11428,,45.30035407663054
crop tight q20,20,633,9.000192,32.0341483732566
crop tight q40,40,635,9.000192,33.71856673429265
crop tight q60,60,638,9.000192,34.46221784871761
crop tight q80,80,648,9.000192,38.38261754415274
crop tight q95,95,673,9.000192,44.97809939449819
crop context q20,20,634,9.000192,34.17658869517719
crop context q40,40,638,9.000192,36.15471663077396
crop context q60,60,642,9.000192,37.94077168927592
crop context q80,80,658,9.000192,39.574540884827925
crop context q95,95,697,9.000192,45.85508430940955
crop wake q20,20,646,9.000192,36.823922334378615
crop wake q40,40,648,9.000192,38.478449383812624
crop wake q60,60,651,9.000192,40.49631751852058
crop wake q80,80,670,9.000192,42.0841110042018
crop wake q95,95,740,9.000192,47.835959811571215
thumbnail 96px,60,801,,
whole tile q40,40,28297,,38.49030160587357
whole tile q60,60,36790,,41.2203494484439
crop tight q20,20,955,83.00006400000001,34.39308945233251
crop tight q40,40,1180,83.00006400000001,37.038808556091
crop tight q60,60,1392,83.00006400000001,39.08459332158922
crop tight q80,80,1780,83.00006400000001,41.93890133942078
crop tight q95,95,3111,83.00006400000001,46.05748022397545
crop tight jp2,-1,6808,83.00006400000001,48.53212955602917
crop context q20,20,1190,83.00006400000001,35.14230248216569
crop context q40,40,1646,83.00006400000001,37.69647502583363
crop context q60,60,2040,83.00006400000001,40.09226011230423
crop context q80,80,2749,83.00006400000001,43.365091687698126
crop context q95,95,5052,83.00006400000001,48.46786215906597
crop context jp2,-1,13021,83.00006400000001,49.31407019332896
crop wake q20,20,1702,83.00006400000001,35.51842002878452
crop wake q40,40,2719,83.00006400000001,38.12489692876733
crop wake q60,60,3611,83.00006400000001,40.454591047776695
crop wake q80,80,5211,83.00006400000001,43.73050115910964
crop wake q95,95,10555,83.00006400000001,47.95116041643803
crop wake jp2,-1,32016,83.00006400000001,50.29808438047293
thumbnail 96px,60,855,,
whole tile q40,40,20634,,39.212504226068695
whole tile q60,60,28955,,42.111564216118694
crop tight q20,20,2333,216.0,35.17981542071205
crop tight q40,40,3385,216.0,37.99167644828382
crop tight q60,60,4771,216.0,40.28351094786588
crop tight q80,80,7314,216.0,42.93642325047689
crop tight q95,95,15251,216.0,47.1764881737219
crop tight jp2,-1,45939,216.0,50.20853993925349
crop context q20,20,3401,216.0,35.9636022510062
crop context q40,40,5350,216.0,38.698338210040745
crop context q60,60,7923,216.0,41.31528715002411
crop context q80,80,12617,216.0,44.2645882857481
crop context q95,95,26373,216.0,49.12215390882036
crop context jp2,-1,89227,216.0,50.89709952761004
crop wake q20,20,6031,216.0,36.71600223633917
crop wake q40,40,10243,216.0,39.14286438908257
crop wake q60,60,15906,216.0,41.962325751670406
crop wake q80,80,26193,216.0,45.12351342081877
crop wake q95,95,55210,216.0,50.73506299365799
crop wake jp2,-1,202382,216.0,51.48869516115039
thumbnail 96px,60,846,,
whole tile q40,40,22937,,36.420396814997225
whole tile q60,60,33358,,37.89696083881524
crop tight q20,20,902,45.000192,26.441427998072243
crop tight q40,40,1048,45.000192,28.599295901045473
crop tight q60,60,1192,45.000192,30.25896484187242
crop tight q80,80,1464,45.000192,33.38734037366374
crop tight q95,95,2343,45.000192,41.1467823090115
crop tight jp2,-1,2040,45.000192,34.69668363512793
crop context q20,20,969,45.000192,27.976686431356477
crop context q40,40,1157,45.000192,29.91330840300354
crop context q60,60,1361,45.000192,31.58990020127557
crop context q80,80,1781,45.000192,34.604351331736865
crop context q95,95,3056,45.000192,42.366578332610345
crop context jp2,-1,3886,45.000192,39.24398867870611
crop wake q20,20,1187,45.000192,29.558664728810466
crop wake q40,40,1550,45.000192,31.807037332307928
crop wake q60,60,1963,45.000192,33.31227179213333
crop wake q80,80,2813,45.000192,36.213474318528455
crop wake q95,95,5499,45.000192,43.519968079966404
crop wake jp2,-1,9416,45.000192,42.68093346538826
thumbnail 96px,60,1499,,
whole tile q40,40,71522,,34.44863219140177
whole tile q60,60,87807,,36.424594911839286
crop tight q20,20,790,35.000064,30.407974372549027
crop tight q40,40,868,35.000064,33.57260971995538
crop tight q60,60,922,35.000064,35.70370321005306
crop tight q80,80,1046,35.000064,38.51389226874238
crop tight q95,95,1431,35.000064,43.427499718646345
crop tight jp2,-1,1241,35.000064,37.369181549035396
crop context q20,20,914,35.000064,30.614545336318002
crop context q40,40,1037,35.000064,33.8577211991767
crop context q60,60,1151,35.000064,35.69620484113777
crop context q80,80,1364,35.000064,38.36037583101321
crop context q95,95,2090,35.000064,43.80975196160102
crop context jp2,-1,2356,35.000064,38.69750144263547
crop wake q20,20,1330,35.000064,30.669457221069326
crop wake q40,40,1646,35.000064,33.6780917545355
crop wake q60,60,1918,35.000064,35.37882168978874
crop wake q80,80,2447,35.000064,38.06193874961394
crop wake q95,95,4276,35.000064,43.538838424580426
crop wake jp2,-1,5704,35.000064,39.643321321508324
thumbnail 96px,60,1097,,
whole tile q40,40,34431,,38.234421579801236
whole tile q60,60,44137,,40.237201832120306
crop tight q20,20,2811,192.99993600000002,33.15054590200091
crop tight q40,40,4219,192.99993600000002,36.784086263717306
crop tight q60,60,5481,192.99993600000002,38.6226455500135
crop tight q80,80,7868,192.99993600000002,41.3859384534209
crop tight q95,95,15647,192.99993600000002,45.91690076213588
crop tight jp2,-1,36887,192.99993600000002,47.17745286031176
crop context q20,20,4289,192.99993600000002,33.64323216791986
crop context q40,40,6832,192.99993600000002,37.4920545067486
crop context q60,60,9041,192.99993600000002,39.23054855550038
crop context q80,80,13349,192.99993600000002,42.00414974496394
crop context q95,95,27497,192.99993600000002,46.466736080541835
crop context jp2,-1,71058,192.99993600000002,48.59658936197104
crop wake q20,20,7974,192.99993600000002,34.062306823786116
crop wake q40,40,13300,192.99993600000002,37.99452170477236
crop wake q60,60,18152,192.99993600000002,39.67789535373178
crop wake q80,80,27329,192.99993600000002,42.63911406437024
crop wake q95,95,57395,192.99993600000002,47.06600027078916
crop wake jp2,-1,160746,192.99993600000002,49.0758250868592
crop tight q20,20,1101,74.999808,31.80739964931135
crop tight q40,40,1376,74.999808,35.4843725601466
crop tight q60,60,1593,74.999808,37.4943611717734
crop tight q80,80,2019,74.999808,40.229219798905056
crop tight q95,95,3413,74.999808,45.182899521148116
crop tight jp2,-1,5474,74.999808,44.638131851309524
crop context q20,20,1420,74.999808,32.34311195737147
crop context q40,40,1890,74.999808,36.06871854556446
crop context q60,60,2267,74.999808,37.992292608573315
crop context q80,80,3010,74.999808,40.574136746303395
crop context q95,95,5526,74.999808,44.819202887704705
crop context jp2,-1,10397,74.999808,45.446876874671595
crop wake q20,20,2071,74.999808,32.88562853401153
crop wake q40,40,2971,74.999808,36.8170626472508
crop wake q60,60,3737,74.999808,38.83326228580241
crop wake q80,80,5290,74.999808,42.30483052945712
crop wake q95,95,9728,74.999808,47.482746695053066
crop wake jp2,-1,22652,74.999808,47.34392807763835
crop tight q20,20,2233,171.999744,33.185974604267514
crop tight q40,40,3312,171.999744,36.94593175112515
crop tight q60,60,4247,171.999744,38.904180046456396
crop tight q80,80,6059,171.999744,41.88264440658021
crop tight q95,95,11699,171.999744,47.08202912235109
crop tight jp2,-1,28008,171.999744,47.854341997100384
crop context q20,20,3182,171.999744,33.51557239569303
crop context q40,40,4897,171.999744,37.43257566272175
crop context q60,60,6419,171.999744,39.3962752690681
crop context q80,80,9297,171.999744,42.424503882779725
crop context q95,95,18654,171.999744,47.97844500380732
crop context jp2,-1,47369,171.999744,48.45485341904252
crop wake q20,20,5435,171.999744,33.81809351244052
crop wake q40,40,8934,171.999744,37.882298818793586
crop wake q60,60,11877,171.999744,39.85075296050895
crop wake q80,80,17731,171.999744,42.8553823474231
crop wake q95,95,35446,171.999744,48.13906286855028
crop wake jp2,-1,98464,171.999744,48.785440382979644
thumbnail 96px,60,1915,,
whole tile q40,40,52217,,35.505230198312056
whole tile q60,60,67796,,37.569059224228994
crop tight q20,20,1169,71.00006400000001,31.193019566220215
crop tight q40,40,1458,71.00006400000001,34.14891090094327
crop tight q60,60,1691,71.00006400000001,35.99425468840701
crop tight q80,80,2130,71.00006400000001,38.70389100946986
crop tight q95,95,3620,71.00006400000001,43.34972178234337
crop tight jp2,-1,4988,71.00006400000001,44.02476263226649
crop context q20,20,1578,71.00006400000001,31.581083538618927
crop context q40,40,2085,71.00006400000001,34.368292419750816
crop context q60,60,2506,71.00006400000001,36.194435914947675
crop context q80,80,3335,71.00006400000001,38.825074687185584
crop context q95,95,6067,71.00006400000001,43.39339822378156
crop context jp2,-1,9586,71.00006400000001,44.59673426853265
crop wake q20,20,2670,71.00006400000001,32.20790886098972
crop wake q40,40,3788,71.00006400000001,34.95862902538342
crop wake q60,60,4725,71.00006400000001,36.73703461363283
crop wake q80,80,6602,71.00006400000001,39.34702074586362
crop wake q95,95,12855,71.00006400000001,43.66420483645123
crop wake jp2,-1,23202,71.00006400000001,45.431957329953924
thumbnail 96px,60,844,,
whole tile q40,40,34675,,37.68619745110171
whole tile q60,60,44384,,40.1327393644607
crop tight q20,20,653,12.999936000000002,29.559428007586845
crop tight q40,40,667,12.999936000000002,32.88918359920446
crop tight q60,60,674,12.999936000000002,34.56098959874779
crop tight q80,80,697,12.999936000000002,36.82801297662958
crop tight q95,95,757,12.999936000000002,42.610664220693515
crop context q20,20,683,12.999936000000002,30.204844106493045
crop context q40,40,706,12.999936000000002,34.468909723468215
crop context q60,60,721,12.999936000000002,35.60915322566953
crop context q80,80,763,12.999936000000002,37.96290672883392
crop context q95,95,890,12.999936000000002,42.912887050005835
crop wake q20,20,695,12.999936000000002,31.483600683813172
crop wake q40,40,735,12.999936000000002,34.36085440891125
crop wake q60,60,770,12.999936000000002,37.34370598824095
crop wake q80,80,825,12.999936000000002,39.20435110637224
crop wake q95,95,1037,12.999936000000002,43.80534883492456
crop wake jp2,-1,783,12.999936000000002,37.90010168841809
thumbnail 96px,60,845,,
whole tile q40,40,22835,,39.436467719108634
whole tile q60,60,32498,,41.69735750564062
crop tight q20,20,691,21.000192,29.779854494895
crop tight q40,40,722,21.000192,32.41572120704988
crop tight q60,60,745,21.000192,34.07373618553241
crop tight q80,80,802,21.000192,36.81230108761207
crop tight q95,95,965,21.000192,42.08854309844015
crop context q20,20,727,21.000192,30.240143757101386
crop context q40,40,775,21.000192,33.410291288090384
crop context q60,60,820,21.000192,35.19493943518329
crop context q80,80,901,21.000192,38.05584606498354
crop context q95,95,1181,21.000192,42.50713280235337
crop context jp2,-1,851,21.000192,37.8820805673096
crop wake q20,20,766,21.000192,32.67774443270695
crop wake q40,40,838,21.000192,35.49420810179874
crop wake q60,60,912,21.000192,37.27667042043334
crop wake q80,80,1083,21.000192,40.29284261172346
crop wake q95,95,1580,21.000192,44.8321971680248
crop wake jp2,-1,2064,21.000192,45.04035618844259
thumbnail 96px,60,1009,,
whole tile q40,40,27559,,38.83625135406874
whole tile q60,60,36267,,41.08546946375874
crop tight q20,20,3961,238.00012800000002,33.549030597887
crop tight q40,40,5924,238.00012800000002,36.78791182497935
crop tight q60,60,7708,238.00012800000002,38.93489582441033
crop tight q80,80,11086,238.00012800000002,41.94525359790987
crop tight q95,95,21492,238.00012800000002,47.260816491793705
crop tight jp2,-1,51952,238.00012800000002,47.56168748350798
crop context q20,20,4916,238.00012800000002,34.41587322120863
crop context q40,40,7992,238.00012800000002,37.57209831971777
crop context q60,60,10130,238.00012800000002,39.91750994063098
crop context q80,80,16973,238.00012800000002,46.030016845002265
crop context q95,95,28828,238.00012800000002,59.315427070837565
crop context jp2,-1,87773,238.00012800000002,49.2022161595429
crop wake q20,20,7652,238.00012800000002,35.06849394877106
crop wake q40,40,13285,238.00012800000002,38.29917521387101
crop wake q60,60,18672,238.00012800000002,40.5249559986903
crop wake q80,80,28561,238.00012800000002,43.703258232123055
crop wake q95,95,59085,238.00012800000002,48.968129003528276
crop wake jp2,-1,185380,238.00012800000002,50.23029881587593
thumbnail 96px,60,1507,,
whole tile q40,40,72231,,34.40347852312554
whole tile q60,60,88696,,36.35438686858922
crop tight q20,20,3543,156.999936,30.94971237490173
crop tight q40,40,4898,156.999936,33.99404522005925
crop tight q60,60,5995,156.999936,35.75226947147482
crop tight q80,80,8214,156.999936,38.468603672064326
crop tight q95,95,16042,156.999936,43.57259884504394
crop tight jp2,-1,24238,156.999936,41.24514997543485
crop context q20,20,6188,156.999936,31.066779741538483
crop context q40,40,8763,156.999936,34.3183721978986
crop context q60,60,10847,156.999936,36.07673424562087
crop context q80,80,15200,156.999936,39.32566282578061
crop context q95,95,28815,156.999936,44.86452598475065
crop context jp2,-1,47581,156.999936,41.68186056894152
crop wake q20,20,13712,156.999936,31.12842975087088
crop wake q40,40,19570,156.999936,34.2405488225791
crop wake q60,60,24490,156.999936,35.87585647004606
crop wake q80,80,34448,156.999936,38.62502802395025
crop wake q95,95,68973,156.999936,44.00392230370964
crop wake jp2,-1,115219,156.999936,41.789005686475484
thumbnail 96px,60,1222,,
whole tile q40,40,53273,,36.95177657030704
whole tile q60,60,65006,,38.872409300787886
crop tight q20,20,1880,119.00006400000001,32.195453020727484
crop tight q40,40,2496,119.00006400000001,35.72263656631247
crop tight q60,60,2993,119.00006400000001,37.57135145458374
crop tight q80,80,3983,119.00006400000001,40.36260410636456
crop tight q95,95,7417,119.00006400000001,44.963437308642405
crop tight jp2,-1,13508,119.00006400000001,44.26161437378134
crop context q20,20,2959,119.00006400000001,32.40556832107511
crop context q40,40,4118,119.00006400000001,36.19803091343064
crop context q60,60,5066,119.00006400000001,37.8176067409288
crop context q80,80,6980,119.00006400000001,40.68268162918212
crop context q95,95,13664,119.00006400000001,45.17879903267687
crop context jp2,-1,27065,119.00006400000001,44.786563144021
crop wake q20,20,6142,119.00006400000001,32.59168976854639
crop wake q40,40,8960,119.00006400000001,36.498509924729305
crop wake q60,60,11247,119.00006400000001,38.1558121537393
crop wake q80,80,15757,119.00006400000001,41.033519846211306
crop wake q95,95,31785,119.00006400000001,45.57077261057345
crop wake jp2,-1,66037,119.00006400000001,45.16854848982493
thumbnail 96px,60,1159,,
whole tile q40,40,29132,,38.325948098280314
whole tile q60,60,38451,,40.50910947626403
crop tight q20,20,650,10.000128,29.89665398906315
crop tight q40,40,664,10.000128,33.64592645029708
crop tight q60,60,672,10.000128,34.66786666065378
crop tight q80,80,690,10.000128,37.2387127824727
crop tight q95,95,751,10.000128,42.68386091118493
crop context q20,20,651,10.000128,29.44070292772446
crop context q40,40,664,10.000128,33.09310950592782
crop context q60,60,676,10.000128,34.83995148123222
crop context q80,80,696,10.000128,37.19029798264987
crop context q95,95,755,10.000128,41.88835892685783
crop wake q20,20,681,10.000128,30.5301189438652
crop wake q40,40,712,10.000128,34.42037138330849
crop wake q60,60,746,10.000128,36.644283513845586
crop wake q80,80,791,10.000128,39.90006260240184
crop wake q95,95,935,10.000128,45.00508123154914
thumbnail 96px,60,934,,
whole tile q40,40,40419,,37.7844139050775
whole tile q60,60,50725,,40.465992822847674
crop tight q20,20,992,72.0,33.04962829680429
crop tight q40,40,1205,72.0,36.60797505803194
crop tight q60,60,1394,72.0,38.737914985292974
crop tight q80,80,1741,72.0,42.06481560904603
crop tight q95,95,2809,72.0,47.07139695731974
crop tight jp2,-1,4572,72.0,45.10151541207819
crop context q20,20,1178,72.0,33.45326980894742
crop context q40,40,1527,72.0,37.267142225499
crop context q60,60,1748,72.0,39.617593420018174
crop context q80,80,2425,72.0,45.76076297561645
crop context q95,95,3726,72.0,60.481269529090895
crop context jp2,-1,7589,72.0,45.76355757573531
crop wake q20,20,1508,72.0,33.790104777136484
crop wake q40,40,2077,72.0,37.39994030138249
crop wake q60,60,2437,72.0,39.87892254295776
crop wake q80,80,3565,72.0,46.10428741264299
crop wake q95,95,5716,72.0,61.74998416274887
crop wake jp2,-1,13607,72.0,46.53604493466876
thumbnail 96px,60,1172,,
whole tile q40,40,23287,,37.084441693633984
whole tile q60,60,32819,,38.50282694483804
crop tight q20,20,696,23.000064,27.77916784305607
crop tight q40,40,732,23.000064,29.65289222638678
crop tight q60,60,769,23.000064,31.5925879211399
crop tight q80,80,842,23.000064,34.2043517759991
crop tight q95,95,1073,23.000064,42.493716981491936
crop context q20,20,731,23.000064,28.413781278293982
crop context q40,40,785,23.000064,30.68712966858702
crop context q60,60,841,23.000064,32.00193154406157
crop context q80,80,961,23.000064,35.05995689928887
crop context q95,95,1342,23.000064,42.50680323288188
crop context jp2,-1,1003,23.000064,35.35300290712279
crop wake q20,20,787,23.000064,31.042361673755643
crop wake q40,40,878,23.000064,32.628532211737024
crop wake q60,60,978,23.000064,34.18548170452678
crop wake q80,80,1188,23.000064,37.00821089287673
crop wake q95,95,1916,23.000064,43.55178025703672
crop wake jp2,-1,2487,23.000064,43.021074191502784
crop tight q20,20,812,44.000256,28.951948535858545
crop tight q40,40,917,44.000256,31.38554584802328
crop tight q60,60,1015,44.000256,32.89310909164767
crop tight q80,80,1226,44.000256,35.458890659121074
crop tight q95,95,1928,44.000256,42.618130061510186
crop tight jp2,-1,1945,44.000256,39.25154320921911
crop context q20,20,850,44.000256,31.40516549996314
crop context q40,40,992,44.000256,33.563879121606575
crop context q60,60,1129,44.000256,34.71391918119594
crop context q80,80,1461,44.000256,37.41082533247461
crop context q95,95,2470,44.000256,43.70452481290683
crop context jp2,-1,3772,44.000256,43.718642462185926
crop wake q20,20,1015,44.000256,32.9839684066606
crop wake q40,40,1283,44.000256,35.19235489021027
crop wake q60,60,1565,44.000256,36.61534526665551
crop wake q80,80,2207,44.000256,39.23442611512273
crop wake q95,95,4357,44.000256,45.09864627466358
crop wake jp2,-1,9228,44.000256,46.42471382058445
crop tight q20,20,666,15.999744,29.671244763451607
crop tight q40,40,687,15.999744,31.157388292985182
crop tight q60,60,703,15.999744,33.03469148641169
crop tight q80,80,739,15.999744,36.02709184997127
crop tight q95,95,854,15.999744,44.10927973553788
crop context q20,20,668,15.999744,30.465226218945265
crop context q40,40,691,15.999744,32.44006699400555
crop context q60,60,717,15.999744,34.064266624595334
crop context q80,80,769,15.999744,37.64140819959107
crop context q95,95,947,15.999744,43.20499044434867
crop wake q20,20,690,15.999744,32.85332088305144
crop wake q40,40,726,15.999744,34.800294303545705
crop wake q60,60,762,15.999744,36.412601937352505
crop wake q80,80,856,15.999744,39.12316544746831
crop wake q95,95,1144,15.999744,44.628820815720395
crop wake jp2,-1,1182,15.999744,42.83050414934648
crop tight q20,20,693,24.0,28.128183165537706
crop tight q40,40,736,24.0,30.57550555956762
crop tight q60,60,768,24.0,31.828660006833843
crop tight q80,80,858,24.0,34.56546536371561
crop tight q95,95,1101,24.0,42.044672734711746
crop context q20,20,737,24.0,29.20673475957929
crop context q40,40,796,24.0,31.170766828357316
crop context q60,60,855,24.0,32.445803538000504
crop context q80,80,984,24.0,35.299308331732504
crop context q95,95,1379,24.0,42.70224108003874
crop context jp2,-1,1151,24.0,36.29627992420554
crop wake q20,20,813,24.0,30.144316276138653
crop wake q40,40,933,24.0,32.263493160240586
crop wake q60,60,1042,24.0,33.44614040332958
crop wake q80,80,1308,24.0,36.373055643261424
crop wake q95,95,2150,24.0,43.15498071094167
crop wake jp2,-1,2715,24.0,41.692622718015635
thumbnail 96px,60,1145,,
whole tile q40,40,17325,,40.594062528097325
whole tile q60,60,24832,,42.11458632955833
crop tight q20,20,1117,139.00032000000002,37.95526444292976
crop tight q40,40,1431,139.00032000000002,40.15275617367412
crop tight q60,60,1901,139.00032000000002,41.73618510040386
crop tight q80,80,2781,139.00032000000002,45.58439771832254
crop tight q95,95,5342,139.00032000000002,51.04170606465745
crop tight jp2,-1,19175,139.00032000000002,54.82222878853896
crop context q20,20,1542,139.00032000000002,38.01647803539767
crop context q40,40,2058,139.00032000000002,40.255891033233205
crop context q60,60,2917,139.00032000000002,41.73337069438516
crop context q80,80,4571,139.00032000000002,45.26209107258539
crop context q95,95,9939,139.00032000000002,49.780533153783395
crop context jp2,-1,36977,139.00032000000002,55.785699811797464
crop wake q20,20,2790,139.00032000000002,38.05489154777175
crop wake q40,40,3952,139.00032000000002,40.325746349468815
crop wake q60,60,6050,139.00032000000002,41.73728581219743
crop wake q80,80,10187,139.00032000000002,45.49944572518967
crop wake q95,95,22694,139.00032000000002,49.6163098509533
crop wake jp2,-1,90794,139.00032000000002,56.464699626884226
thumbnail 96px,60,2821,,
whole tile q40,40,71239,,30.750869711081616
whole tile q60,60,89688,,32.59373739391202
crop tight q20,20,765,35.000064,29.187804344223505
crop tight q40,40,821,35.000064,31.360192932923358
crop tight q60,60,873,35.000064,33.14531465188673
crop tight q80,80,999,35.000064,35.75353381062372
crop tight q95,95,1382,35.000064,42.81468398148135
crop tight jp2,-1,1203,35.000064,36.92581841250274
crop context q20,20,850,35.000064,29.990244156717996
crop context q40,40,948,35.000064,32.29907376848209
crop context q60,60,1035,35.000064,33.8992855402782
crop context q80,80,1247,35.000064,36.720400695699055
crop context q95,95,1924,35.000064,43.20778584983934
crop context jp2,-1,2361,35.000064,41.49298122742464
crop wake q20,20,1119,35.000064,30.10045294479697
crop wake q40,40,1337,35.000064,32.53197751828541
crop wake q60,60,1540,35.000064,34.279433100353266
crop wake q80,80,2018,35.000064,37.05103737013107
crop wake q95,95,3589,35.000064,43.69095837625664
crop wake jp2,-1,5796,35.000064,43.83043823190913
thumbnail 96px,60,822,,
whole tile q40,40,24300,,36.361667485076076
whole tile q60,60,38705,,37.71496632223666
crop tight q20,20,657,11.000064,24.444577812522304
crop tight q40,40,671,11.000064,26.711880369953057
crop tight q60,60,685,11.000064,27.541958516335132
crop tight q80,80,720,11.000064,31.194918256255054
crop tight q95,95,799,11.000064,40.01871650788318
crop context q20,20,674,11.000064,25.509809964650923
crop context q40,40,695,11.000064,27.800787786380088
crop context q60,60,717,11.000064,29.28234905632891
crop context q80,80,764,11.000064,32.50347037118061
crop context q95,95,886,11.000064,41.78739959314501
crop wake q20,20,682,11.000064,28.84446368302877
crop wake q40,40,722,11.000064,31.197565263315255
crop wake q60,60,756,11.000064,32.52947935403236
crop wake q80,80,834,11.000064,35.31334104289137
crop wake q95,95,1079,11.000064,42.139848557730346
thumbnail 96px,60,996,,
whole tile q40,40,16504,,40.439337368647166
whole tile q60,60,22730,,42.448949746523354
crop tight q20,20,682,33.000192,37.96903871448334
crop tight q40,40,701,33.000192,40.15951000921489
crop tight q60,60,728,33.000192,41.50457661456515
crop tight q80,80,784,33.000192,45.35478554794993
crop tight q95,95,966,33.000192,49.57567374263701
crop tight jp2,-1,1074,33.000192,48.19239230315275
crop context q20,20,715,33.000192,38.1787693495754
crop context q40,40,747,33.000192,40.08961450535342
crop context q60,60,792,33.000192,41.571046257795324
crop context q80,80,897,33.000192,45.42886367261794
crop context q95,95,1236,33.000192,49.42323345439882
crop context jp2,-1,2027,33.000192,50.65822587635979
crop wake q20,20,804,33.000192,38.216381562608774
crop wake q40,40,884,33.000192,40.43045773810964
crop wake q60,60,998,33.000192,42.295262313293016
crop wake q80,80,1246,33.000192,46.48478669678342
crop wake q95,95,1971,33.000192,51.46739111655801
crop wake jp2,-1,5028,33.000192,52.24123013628162
thumbnail 96px,60,863,,
whole tile q40,40,12172,,38.72239815250679
whole tile q60,60,16313,,40.33315447054203
crop tight q20,20,638,5.9996160000000005,22.69692342585696
crop tight q40,40,643,5.9996160000000005,25.013937752041727
crop tight q60,60,650,5.9996160000000005,26.671493280621025
crop tight q80,80,657,5.9996160000000005,32.50126952214988
crop tight q95,95,681,5.9996160000000005,40.56118399199818
crop context q20,20,641,5.9996160000000005,25.305421610940208
crop context q40,40,651,5.9996160000000005,25.967971255494383
crop context q60,60,662,5.9996160000000005,27.797906655314534
crop context q80,80,678,5.9996160000000005,31.356423967782696
crop context q95,95,722,5.9996160000000005,40.43593614677477
crop wake q20,20,644,5.9996160000000005,27.086853782080187
crop wake q40,40,655,5.9996160000000005,28.058339708213445
crop wake q60,60,670,5.9996160000000005,29.831846531675694
crop wake q80,80,694,5.9996160000000005,32.65227530002032
crop wake q95,95,775,5.9996160000000005,41.17988021810184
crop tight q20,20,943,72.0,30.57377429316616
crop tight q40,40,1101,72.0,32.94565115711642
crop tight q60,60,1264,72.0,34.62244064638933
crop tight q80,80,1713,72.0,37.3433715366466
crop tight q95,95,3070,72.0,43.69863741151737
crop tight jp2,-1,4933,72.0,44.48968934163082
crop context q20,20,1045,72.0,31.957791804531315
crop context q40,40,1229,72.0,34.4197742727905
crop context q60,60,1460,72.0,36.12452366432656
crop context q80,80,2103,72.0,38.64467530515374
crop context q95,95,4102,72.0,44.541289826367574
crop context jp2,-1,8367,72.0,46.33391946701007
crop wake q20,20,1274,72.0,33.61378302404824
crop wake q40,40,1489,72.0,36.268623287829826
crop wake q60,60,1840,72.0,37.92126258817514
crop wake q80,80,3013,72.0,40.24421235753201
crop wake q95,95,6614,72.0,45.568598655495194
crop wake jp2,-1,17408,72.0,48.706912856632115
crop tight q20,20,643,9.000192,23.470485220055348
crop tight q40,40,651,9.000192,25.375002906794485
crop tight q60,60,656,9.000192,28.012985303198036
crop tight q80,80,670,9.000192,31.145158745016932
crop tight q95,95,721,9.000192,40.08486653787496
crop context q20,20,651,9.000192,24.56030774646265
crop context q40,40,669,9.000192,26.884353242709558
crop context q60,60,685,9.000192,28.896107730435393
crop context q80,80,708,9.000192,32.071782520039264
crop context q95,95,800,9.000192,40.43130637043035
crop wake q20,20,656,9.000192,29.135567808205032
crop wake q40,40,667,9.000192,31.099252145414987
crop wake q60,60,681,9.000192,32.452668367154864
crop wake q80,80,717,9.000192,36.47238648157684
crop wake q95,95,830,9.000192,43.36557725990113
crop tight q20,20,644,9.000192,23.645750141584955
crop tight q40,40,656,9.000192,26.110281769743704
crop tight q60,60,669,9.000192,28.33501624775129
crop tight q80,80,693,9.000192,31.00458702074407
crop tight q95,95,758,9.000192,40.14890263242979
crop context q20,20,644,9.000192,26.427787073591237
crop context q40,40,656,9.000192,27.847263207466103
crop context q60,60,667,9.000192,28.85935305065672
crop context q80,80,692,9.000192,32.816231764011654
crop context q95,95,773,9.000192,41.340605737513876
crop wake q20,20,652,9.000192,29.29078926012313
crop wake q40,40,661,9.000192,31.414472978450906
crop wake q60,60,677,9.000192,33.51797697484312
crop wake q80,80,711,9.000192,36.565245331016044
crop wake q95,95,813,9.000192,44.916023526723336
crop tight q20,20,1153,104.00025600000001,31.813680878724707
crop tight q40,40,1348,104.00025600000001,34.24353930714013
crop tight q60,60,1625,104.00025600000001,36.002992091805744
crop tight q80,80,2409,104.00025600000001,38.69992676539266
crop tight q95,95,4843,104.00025600000001,44.69337189583072
crop tight jp2,-1,10694,104.00025600000001,46.4667290219625
crop context q20,20,1389,104.00025600000001,33.450836771406664
crop context q40,40,1619,104.00025600000001,36.0892025681441
crop context q60,60,2049,104.00025600000001,37.902856512351065
crop context q80,80,3359,104.00025600000001,40.20357103524031
crop context q95,95,7767,104.00025600000001,45.560845243269966
crop context jp2,-1,20706,104.00025600000001,48.758565820830356
crop wake q20,20,2100,104.00025600000001,34.91465393718983
crop wake q40,40,2377,104.00025600000001,37.71865355685478
crop wake q60,60,3137,104.00025600000001,39.45895363988806
crop wake q80,80,5999,104.00025600000001,41.328500503936866
crop wake q95,95,16250,104.00025600000001,46.163995746600605
crop wake jp2,-1,50307,104.00025600000001,49.66078747281047
thumbnail 96px,60,1343,,
whole tile q40,40,64110,,35.59675979746599
whole tile q60,60,78919,,37.810192229083924
crop tight q20,20,1508,94.000128,31.860321914542457
crop tight q40,40,1918,94.000128,35.1418167343577
crop tight q60,60,2254,94.000128,37.06065576446771
crop tight q80,80,2995,94.000128,40.298756571216714
crop tight q95,95,5150,94.000128,45.68709619356528
crop tight jp2,-1,8186,94.000128,42.96598878518874
crop context q20,20,2103,94.000128,31.812061478837336
crop context q40,40,2771,94.000128,35.289246405450854
crop context q60,60,3333,94.000128,37.306697790908856
crop context q80,80,4477,94.000128,40.21850027735735
crop context q95,95,8188,94.000128,45.8698074939415
crop context jp2,-1,13675,94.000128,43.25231395339246
crop wake q20,20,3726,94.000128,31.806406632917717
crop wake q40,40,5151,94.000128,35.362614695049174
crop wake q60,60,6283,94.000128,37.3359097405144
crop wake q80,80,8783,94.000128,40.45504759133092
crop wake q95,95,16220,94.000128,46.06250590060378
crop wake jp2,-1,28789,94.000128,43.279555076067744
crop tight q20,20,1455,90.000384,32.28394324451624
crop tight q40,40,1825,90.000384,35.32807304322892
crop tight q60,60,2130,90.000384,37.36548098172305
crop tight q80,80,2741,90.000384,39.79255409840016
crop tight q95,95,4951,90.000384,44.53560379600216
crop tight jp2,-1,8032,90.000384,43.274921487811085
crop context q20,20,2224,90.000384,32.14643823118888
crop context q40,40,2970,90.000384,35.43317727257978
crop context q60,60,3587,90.000384,37.34685586448122
crop context q80,80,4784,90.000384,39.77713789392819
crop context q95,95,9173,90.000384,44.647637004789416
crop context jp2,-1,15559,90.000384,43.37920993218958
crop wake q20,20,4568,90.000384,32.14200426444464
crop wake q40,40,6411,90.000384,35.365107179094124
crop wake q60,60,7896,90.000384,37.269453023185164
crop wake q80,80,10919,90.000384,39.813378492148345
crop wake q95,95,21470,90.000384,44.960831587198065
crop wake jp2,-1,37960,90.000384,43.54367498533803
crop tight q20,20,1687,98.999808,31.9130036548218
crop tight q40,40,2150,98.999808,35.27348892727456
crop tight q60,60,2552,98.999808,37.218878211382005
crop tight q80,80,3373,98.999808,39.64753078112793
crop tight q95,95,6122,98.999808,44.63857200347582
crop tight jp2,-1,9675,98.999808,43.30010298163738
crop context q20,20,2501,98.999808,31.8153357114686
crop context q40,40,3366,98.999808,35.50121576103213
crop context q60,60,4021,98.999808,37.70765082661383
crop context q80,80,5763,98.999808,43.15467154456886
crop context q95,95,9642,98.999808,50.24900000725896
crop context jp2,-1,18848,98.999808,43.46859035259514
crop wake q20,20,5122,98.999808,31.889326085288587
crop wake q40,40,7214,98.999808,35.51275521479015
crop wake q60,60,8950,98.999808,37.41638683802277
crop wake q80,80,12383,98.999808,39.91221503703197
crop wake q95,95,24911,98.999808,44.726156682343
crop wake jp2,-1,45745,98.999808,43.73560349507671
thumbnail 96px,60,1075,,
whole tile q40,40,30466,,38.40518375115721
whole tile q60,60,41584,,40.592862055977854
crop tight q20,20,3445,204.0,32.551078521178674
crop tight q40,40,4985,204.0,35.99886911613724
crop tight q60,60,6452,204.0,37.83805838613656
crop tight q80,80,9362,204.0,40.40184674344345
crop tight q95,95,19317,204.0,45.08624444835026
crop tight jp2,-1,41104,204.0,46.400218357358476
crop context q20,20,5099,204.0,33.338807842779865
crop context q40,40,7641,204.0,37.056118932285045
crop context q60,60,10150,204.0,38.96698610362365
crop context q80,80,15129,204.0,41.388614899524114
crop context q95,95,31718,204.0,45.723106296334336
crop context jp2,-1,79862,204.0,48.58158485237321
crop wake q20,20,10123,204.0,33.87168923199868
crop wake q40,40,15883,204.0,37.81500404033826
crop wake q60,60,21665,204.0,39.85120994203126
crop wake q80,80,33240,204.0,42.756473648938695
crop wake q95,95,68628,204.0,47.968219179738654
crop wake jp2,-1,194568,204.0,49.34677441235593
thumbnail 96px,60,806,,
whole tile q40,40,22426,,40.77219250007058
whole tile q60,60,29166,,43.28747972620966
crop tight q20,20,657,18.000384,34.15140352195873
crop tight q40,40,673,18.000384,37.7650848994674
crop tight q60,60,682,18.000384,39.0694210007976
crop tight q80,80,709,18.000384,42.16483259998722
crop tight q95,95,790,18.000384,46.21860077047083
crop context q20,20,659,18.000384,34.84347681241743
crop context q40,40,675,18.000384,37.936775396677334
crop context q60,60,693,18.000384,40.00304149825225
crop context q80,80,736,18.000384,42.71208166353403
crop context q95,95,869,18.000384,46.34382148480539
crop wake q20,20,685,18.000384,36.057422281678356
crop wake q40,40,731,18.000384,39.34971351487875
crop wake q60,60,772,18.000384,41.025446927154874
crop wake q80,80,850,18.000384,43.761831329626936
crop wake q95,95,1128,18.000384,47.68268026602908
crop wake jp2,-1,1527,18.000384,48.58216641520837
thumbnail 96px,60,913,,
whole tile q40,40,36942,,37.842942662922056
whole tile q60,60,47545,,39.96763807599094
crop tight q20,20,3117,204.0,32.59642891596558
crop tight q40,40,4914,204.0,35.95381249317012
crop tight q60,60,6096,204.0,38.067235849211144
crop tight q80,80,9284,204.0,42.7121232912257
crop tight q95,95,16077,204.0,48.90353597506301
crop tight jp2,-1,38542,204.0,46.44018817018035
crop context q20,20,4267,204.0,33.24352106952106
crop context q40,40,7033,204.0,36.81896738654888
crop context q60,60,9180,204.0,38.780730898067056
crop context q80,80,13204,204.0,41.859791824888084
crop context q95,95,25936,204.0,47.24587289765797
crop context jp2,-1,64425,204.0,47.67522880284554
crop wake q20,20,7184,204.0,33.791522141457605
crop wake q40,40,12787,204.0,37.45428235436983
crop wake q60,60,16820,204.0,39.43016101749975
crop wake q80,80,25007,204.0,42.940542499713416
crop wake q95,95,49255,204.0,48.382206423838
crop wake jp2,-1,136157,204.0,48.73721152294479
thumbnail 96px,60,832,,
whole tile q40,40,12491,,38.858361761661264
whole tile q60,60,17686,,39.6880526800294
crop tight q20,20,1650,141.000192,31.599559925820174
crop tight q40,40,2009,141.000192,33.7288619358145
crop tight q60,60,2646,141.000192,35.253820675720185
crop tight q80,80,4219,141.000192,37.8496372447481
crop tight q95,95,9260,141.000192,43.71117949343342
crop tight jp2,-1,19480,141.000192,45.212374115106755
crop context q20,20,2009,141.000192,33.61943228830937
crop context q40,40,2434,141.000192,35.68065402904661
crop context q60,60,3463,141.000192,36.93638735350258
crop context q80,80,6434,141.000192,39.680011366622196
crop context q95,95,14121,141.000192,46.34634145682916
crop context jp2,-1,36991,141.000192,46.739971541972295
crop wake q20,20,2834,141.000192,35.19514757987157
crop wake q40,40,3322,141.000192,37.14793824273778
crop wake q60,60,5149,141.000192,38.236090184910765
crop wake q80,80,10358,141.000192,40.38653945429643
crop wake q95,95,25384,141.000192,46.91524718875829
crop wake jp2,-1,74408,141.000192,48.19284681277085
thumbnail 96px,60,890,,
whole tile q40,40,30395,,38.421537086104514
whole tile q60,60,39411,,40.96975253494137
crop tight q20,20,811,52.99968,32.60555090147273
crop tight q40,40,940,52.99968,36.2493853605599
crop tight q60,60,1039,52.99968,38.374644345047464
crop tight q80,80,1239,52.99968,41.12397148368997
crop tight q95,95,1923,52.99968,45.485463835768854
crop tight jp2,-1,2702,52.99968,44.6836248367149
crop context q20,20,979,52.99968,33.43736974212584
crop context q40,40,1207,52.99968,36.78273115396048
crop context q60,60,1359,52.99968,39.516558326461876
crop context q80,80,1802,52.99968,45.53805100011718
crop context q95,95,2664,52.99968,58.8430593623963
crop context jp2,-1,5339,52.99968,46.01086834688645
crop wake q20,20,1342,52.99968,34.06189134016264
crop wake q40,40,1853,52.99968,37.262757637926434
crop wake q60,60,2182,52.99968,39.95841147402254
crop wake q80,80,3208,52.99968,45.40398038189639
crop wake q95,95,5214,52.99968,52.13774966860374
crop wake jp2,-1,13161,52.99968,47.74604480623345
thumbnail 96px,60,1483,,
whole tile q40,40,71440,,34.49236425763309
whole tile q60,60,87676,,36.450590816058046
crop tight q20,20,3543,156.999936,30.94971237490173
crop tight q40,40,4898,156.999936,33.99404522005925
crop tight q60,60,5995,156.999936,35.75226947147482
crop tight q80,80,8214,156.999936,38.468603672064326
crop tight q95,95,16042,156.999936,43.57259884504394
crop tight jp2,-1,24238,156.999936,41.24514997543485
crop context q20,20,6188,156.999936,31.066808079112803
crop context q40,40,8764,156.999936,34.31962194088011
crop context q60,60,10843,156.999936,36.076053963819405
crop context q80,80,15211,156.999936,39.32474756279066
crop context q95,95,28814,156.999936,44.86879395573284
crop context jp2,-1,47614,156.999936,41.69294579736843
crop wake q20,20,11691,156.999936,31.20986606637832
crop wake q40,40,16734,156.999936,34.473225530701825
crop wake q60,60,20833,156.999936,36.2347851843448
crop wake q80,80,29347,156.999936,39.35346545221003
crop wake q95,95,56554,156.999936,45.57155570765137
crop wake jp2,-1,96632,156.999936,41.80782738064786
thumbnail 96px,60,915,,
whole tile q40,40,27216,,38.76668910689405
whole tile q60,60,35719,,41.283371294508356
crop tight q20,20,693,15.999744,29.08311036967607
crop tight q40,40,720,15.999744,31.842733246400723
crop tight q60,60,743,15.999744,33.32026257823237
crop tight q80,80,787,15.999744,36.13294195816734
crop tight q95,95,943,15.999744,41.01182738385651
crop context q20,20,708,15.999744,28.743656772370116
crop context q40,40,754,15.999744,32.005736254399864
crop context q60,60,789,15.999744,33.466842630791874
crop context q80,80,858,15.999744,36.435415576732154
crop context q95,95,1074,15.999744,41.73900465860563
crop wake q20,20,766,15.999744,30.280305444263234
crop wake q40,40,840,15.999744,33.55829438801353
crop wake q60,60,900,15.999744,35.214212729405354
crop wake q80,80,1015,15.999744,37.637049504483706
crop wake q95,95,1380,15.999744,42.3227232234959
crop wake jp2,-1,1182,15.999744,38.33738256331265
crop tight q20,20,692,15.999744,28.4176200635251
crop tight q40,40,725,15.999744,31.135265959255825
crop tight q60,60,750,15.999744,32.827109010006794
crop tight q80,80,798,15.999744,35.05684405813844
crop tight q95,95,954,15.999744,41.58834375301706
crop context q20,20,722,15.999744,28.498593873273492
crop context q40,40,763,15.999744,31.433582846989886
crop context q60,60,800,15.999744,33.66073470709444
crop context q80,80,872,15.999744,36.93435401525065
crop context q95,95,1082,15.999744,42.09020526989725
crop wake q20,20,764,15.999744,30.3191898445461
crop wake q40,40,838,15.999744,33.3728505399036
crop wake q60,60,886,15.999744,35.115171104324396
crop wake q80,80,1014,15.999744,37.415602690629164
crop wake q95,95,1375,15.999744,42.20282219328037
crop wake jp2,-1,1175,15.999744,38.397649967532665
thumbnail 96px,60,914,,
whole tile q40,40,34459,,37.88063326647706
whole tile q60,60,43999,,40.199376393713166
crop tight q20,20,1983,155.000064,33.406699654101416
crop tight q40,40,3006,155.000064,36.788233180877
crop tight q60,60,3840,155.000064,38.85103842914245
crop tight q80,80,5389,155.000064,42.14281191976773
crop tight q95,95,10225,155.000064,47.620055723110795
crop tight jp2,-1,23871,155.000064,46.726244396385525
crop context q20,20,2785,155.000064,33.986100175471485
crop context q40,40,4611,155.000064,37.27645540115176
crop context q60,60,6101,155.000064,39.26267677140415
crop context q80,80,8735,155.000064,42.482758091595834
crop context q95,95,17472,155.000064,47.529658280549526
crop context jp2,-1,46046,155.000064,47.87922680441932
crop wake q20,20,5245,155.000064,34.31182218401319
crop wake q40,40,9537,155.000064,37.60372737059972
crop wake q60,60,13033,155.000064,39.390731821285655
crop wake q80,80,19460,155.000064,42.53354605020029
crop wake q95,95,40625,155.000064,47.05835779823876
crop wake jp2,-1,112617,155.000064,48.716329602673554
thumbnail 96px,60,889,,
whole tile q40,40,46112,,37.23964981444054
whole tile q60,60,57371,,39.74068085635454
crop tight q20,20,892,59.000064,32.45968725580874
crop tight q40,40,1041,59.000064,35.974166237420796
crop tight q60,60,1155,59.000064,37.945571702629536
crop tight q80,80,1403,59.000064,41.21754789749438
crop tight q95,95,2140,59.000064,46.88790772702599
crop tight jp2,-1,3225,59.000064,44.299875222925245
crop context q20,20,1005,59.000064,33.06808072286628
crop context q40,40,1237,59.000064,36.34600944933776
crop context q60,60,1436,59.000064,38.39849521965628
crop context q80,80,1809,59.000064,41.059826098118165
crop context q95,95,3121,59.000064,45.72937739963648
crop context jp2,-1,5282,59.000064,45.18680937731012
crop wake q20,20,1379,59.000064,33.675677371457965
crop wake q40,40,1793,59.000064,37.04411768194416
crop wake q60,60,2108,59.000064,39.43552321326793
crop wake q80,80,2965,59.000064,44.791192324513375
crop wake q95,95,4744,59.000064,53.56117982156854
crop wake jp2,-1,11004,59.000064,46.2061135395431
thumbnail 96px,60,857,,
whole tile q40,40,33395,,38.2826992962905
whole tile q60,60,42828,,41.150757950424115
crop tight q20,20,1460,124.99967999999998,33.94831986062318
crop tight q40,40,2036,124.99967999999998,36.86814967284496
crop tight q60,60,2544,124.99967999999998,38.91307666077773
crop tight q80,80,3489,124.99967999999998,41.53541688561364
crop tight q95,95,6692,124.99967999999998,45.96118252290254
crop tight jp2,-1,15443,124.99967999999998,47.190991028198155
crop context q20,20,1976,124.99967999999998,34.41876494087473
crop context q40,40,3089,124.99967999999998,37.34483771745183
crop context q60,60,3764,124.99967999999998,40.01886524045298
crop context q80,80,5899,124.99967999999998,46.47865460600982
crop context q95,95,9627,124.99967999999998,60.185483484314744
crop context jp2,-1,27743,124.99967999999998,48.73134078387925
crop wake q20,20,3198,124.99967999999998,34.85598886806234
crop wake q40,40,5298,124.99967999999998,37.94080816222304
crop wake q60,60,6992,124.99967999999998,40.29429657568369
crop wake q80,80,10199,124.99967999999998,43.27607315789627
crop wake q95,95,19979,124.99967999999998,48.78718366968898
crop wake jp2,-1,56540,124.99967999999998,49.14635899767898
thumbnail 96px,60,1081,,
whole tile q40,40,33239,,38.08466890676638
whole tile q60,60,42777,,40.50977269858201
crop tight q20,20,2362,186.000384,34.08213941921407
crop tight q40,40,3525,186.000384,37.16017924895169
crop tight q60,60,4637,186.000384,39.190875355525925
crop tight q80,80,6711,186.000384,41.75435280348789
crop tight q95,95,13589,186.000384,45.95623156898061
crop tight jp2,-1,34183,186.000384,48.77646981202852
crop context q20,20,3527,186.000384,34.624078057363356
crop context q40,40,5688,186.000384,37.838538512514994
crop context q60,60,7683,186.000384,39.985805546896074
crop context q80,80,11649,186.000384,43.401997073447404
crop context q95,95,22946,186.000384,48.63914667229918
crop context jp2,-1,66231,186.000384,49.317864122878426
crop wake q20,20,6946,186.000384,34.929265126519674
crop wake q40,40,11681,186.000384,38.16646600776204
crop wake q60,60,16224,186.000384,40.15033919106351
crop wake q80,80,24859,186.000384,42.86093875620797
crop wake q95,95,54061,186.000384,47.13483388633493
crop wake jp2,-1,157678,186.000384,49.73515907759659
crop tight q20,20,933,72.99993599999999,33.82931060397234
crop tight q40,40,1107,72.99993599999999,37.101967639355124
crop tight q60,60,1292,72.99993599999999,39.23296665325714
crop tight q80,80,1634,72.99993599999999,42.19808707816435
crop tight q95,95,2746,72.99993599999999,46.89889280717513
crop tight jp2,-1,5214,72.99993599999999,47.5323918649176
crop context q20,20,1141,72.99993599999999,34.54741858609865
crop context q40,40,1464,72.99993599999999,37.68640046873597
crop context q60,60,1782,72.99993599999999,39.85429467080525
crop context q80,80,2390,72.99993599999999,42.69579545113114
crop context q95,95,4283,72.99993599999999,47.4679235821645
crop context jp2,-1,10158,72.99993599999999,48.79398287927678
crop wake q20,20,1783,72.99993599999999,34.402420312247806
crop wake q40,40,2596,72.99993599999999,37.52015859911745
crop wake q60,60,3339,72.99993599999999,39.79109727349284
crop wake q80,80,4758,72.99993599999999,42.82972443388815
crop wake q95,95,9098,72.99993599999999,48.102681737425115
crop wake jp2,-1,23688,72.99993599999999,48.838791023683676
crop tight q20,20,681,14.999808,29.276476841854013
crop tight q40,40,697,14.999808,33.29898767189825
crop tight q60,60,715,14.999808,35.25381085273599
crop tight q80,80,744,14.999808,37.197044511902455
crop tight q95,95,854,14.999808,43.12030038138769
crop context q20,20,684,14.999808,30.02368802258488
crop context q40,40,711,14.999808,32.86590004733371
crop context q60,60,733,14.999808,34.56751243364751
crop context q80,80,778,14.999808,37.85358054001656
crop context q95,95,917,14.999808,43.28648691139922
crop wake q20,20,735,14.999808,31.160441832744365
crop wake q40,40,794,14.999808,34.73366534786501
crop wake q60,60,845,14.999808,36.674306357578466
crop wake q80,80,940,14.999808,38.94789455826316
crop wake q95,95,1257,14.999808,44.133319803587355
crop wake jp2,-1,1070,14.999808,38.81293701128101
crop tight q20,20,654,11.000064,30.172003435238352
crop tight q40,40,668,11.000064,31.704298543349072
crop tight q60,60,678,11.000064,32.904800970529216
crop tight q80,80,700,11.000064,35.88069457001717
crop tight q95,95,772,11.000064,41.60486928257338
crop context q20,20,674,11.000064,30.0707781966544
crop context q40,40,692,11.000064,32.883604878508685
crop context q60,60,711,11.000064,34.44354044417851
crop context q80,80,742,11.000064,36.59016568477068
crop context q95,95,856,11.000064,41.59132572054229
crop wake q20,20,697,11.000064,30.490914790136458
crop wake q40,40,739,11.000064,34.285897841704106
crop wake q60,60,765,11.000064,36.01791221271981
crop wake q80,80,831,11.000064,38.635440864882355
crop wake q95,95,1028,11.000064,44.18909839206256
thumbnail 96px,60,1760,,
whole tile q40,40,81156,,33.80245515966652
whole tile q60,60,99349,,35.8012793728814
crop tight q20,20,1465,79.00032,30.75217132274707
crop tight q40,40,1838,79.00032,33.91681348593079
crop tight q60,60,2137,79.00032,35.646569576459974
crop tight q80,80,2766,79.00032,38.24230780671839
crop tight q95,95,4904,79.00032,43.49203762723879
crop tight jp2,-1,6143,79.00032,39.54140373448719
crop context q20,20,2153,79.00032,30.84918705867483
crop context q40,40,2837,79.00032,33.75360309039528
crop context q60,60,3413,79.00032,35.55364617055004
crop context q80,80,4545,79.00032,38.23367891095346
crop context q95,95,8465,79.00032,43.64135411743675
crop context jp2,-1,11613,79.00032,39.53178685925066
crop wake q20,20,4387,79.00032,30.864818901363826
crop wake q40,40,6041,79.00032,33.8021457423678
crop wake q60,60,7403,79.00032,35.520169321575665
crop wake q80,80,10188,79.00032,38.196589568445845
crop wake q95,95,19520,79.00032,43.616441516499435
crop wake jp2,-1,29218,79.00032,40.24524405424629
thumbnail 96px,60,2125,,
whole tile q40,40,62632,,35.21436000877395
whole tile q60,60,78273,,37.241356082585575
crop tight q20,20,11330,391.00032,31.278941946659597
crop tight q40,40,16459,391.00032,34.61995006981156
crop tight q60,60,20401,391.00032,36.75696929760011
crop tight q80,80,30983,391.00032,41.66199536639204
crop tight q95,95,52390,391.00032,51.74395364418472
crop tight jp2,-1,101458,391.00032,43.95966762664949
crop context q20,20,16644,391.00032,31.46437452962043
crop context q40,40,24296,391.00032,34.83680223431829
crop context q60,60,30250,391.00032,36.943380304504615
crop context q80,80,46144,391.00032,41.81033676852046
crop context q95,95,78466,391.00032,51.883521571755864
crop context jp2,-1,156676,391.00032,44.20865169658946
crop wake q20,20,29987,391.00032,31.715168884298222
crop wake q40,40,44064,391.00032,35.12751093879625
crop wake q60,60,55017,391.00032,37.198099562688746
crop wake q80,80,84930,391.00032,42.009916223439134
crop wake q95,95,145056,391.00032,52.27502801175956
crop wake jp2,-1,301285,391.00032,44.47316210532969
thumbnail 96px,60,1739,,
whole tile q40,40,37286,,35.63295134329807
whole tile q60,60,47746,,37.321111118379186
crop tight q20,20,635,7.00032,27.82219307574396
crop tight q40,40,639,7.00032,30.20871133957789
crop tight q60,60,640,7.00032,30.986894609703462
crop tight q80,80,648,7.00032,33.683526351509414
crop tight q95,95,667,7.00032,41.141103565318915
crop context q20,20,641,7.00032,30.19652172483446
crop context q40,40,651,7.00032,31.639754731493866
crop context q60,60,660,7.00032,34.31196830496325
crop context q80,80,682,7.00032,39.532973611764675
crop context q95,95,730,7.00032,49.24817656991861
crop wake q20,20,658,7.00032,31.560520816616844
crop wake q40,40,676,7.00032,32.953659881379686
crop wake q60,60,690,7.00032,34.5191624124662
crop wake q80,80,717,7.00032,37.14493593691476
crop wake q95,95,819,7.00032,42.94918587804055
thumbnail 96px,60,1189,,
whole tile q40,40,23466,,36.41790128901159
whole tile q60,60,31076,,37.75431344312585
crop tight q20,20,638,7.00032,27.551449566674144
crop tight q40,40,641,7.00032,29.363935391894728
crop tight q60,60,644,7.00032,30.41768535014572
crop tight q80,80,653,7.00032,32.14312631224406
crop tight q95,95,678,7.00032,41.43589146527368
crop context q20,20,649,7.00032,27.404407787063278
crop context q40,40,659,7.00032,29.880722004997637
crop context q60,60,669,7.00032,31.532389472112563
crop context q80,80,688,7.00032,33.898724364418364
crop context q95,95,755,7.00032,43.35624132876077
crop wake q20,20,674,7.00032,30.306460776488976
crop wake q40,40,690,7.00032,32.180697568450626
crop wake q60,60,701,7.00032,33.36883479647555
crop wake q80,80,734,7.00032,35.68029970587068
crop wake q95,95,858,7.00032,42.26483786704185
crop tight q20,20,650,11.000064,23.67098000430472
crop tight q40,40,665,11.000064,27.42145052595506
crop tight q60,60,681,11.000064,29.078218311947353
crop tight q80,80,705,11.000064,32.61015185100415
crop tight q95,95,781,11.000064,41.19369672409625
crop context q20,20,670,11.000064,26.97987149732757
crop context q40,40,690,11.000064,29.097949270285643
crop context q60,60,710,11.000064,31.141014104333813
crop context q80,80,751,11.000064,34.63367224423627
crop context q95,95,871,11.000064,42.148349066625066
crop wake q20,20,665,11.000064,29.279634695487537
crop wake q40,40,695,11.000064,31.853914737806114
crop wake q60,60,726,11.000064,33.96469554577902
crop wake q80,80,796,11.000064,36.99165428301691
crop wake q95,95,989,11.000064,43.90727311426696
thumbnail 96px,60,2402,,
whole tile q40,40,78263,,29.916731242752007
whole tile q60,60,100164,,31.59716303712839
crop tight q20,20,700,14.999808,23.56447252201903
crop tight q40,40,733,14.999808,25.422841412676686
crop tight q60,60,767,14.999808,27.238769106617035
crop tight q80,80,826,14.999808,31.254541447883625
crop tight q95,95,995,14.999808,40.916463622084265
crop context q20,20,717,14.999808,24.48012896218728
crop context q40,40,754,14.999808,26.964752919296178
crop context q60,60,792,14.999808,28.560986652215252
crop context q80,80,866,14.999808,32.41522488393023
crop context q95,95,1078,14.999808,40.63718078557501
crop wake q20,20,770,14.999808,26.51947514008356
crop wake q40,40,845,14.999808,28.82777733949199
crop wake q60,60,908,14.999808,31.162268395074825
crop wake q80,80,1051,14.999808,34.21205681676332
crop wake q95,95,1485,14.999808,41.971584780699416
crop wake jp2,-1,1098,14.999808,33.40068804184354
crop tight q20,20,669,12.999936000000002,22.853452697033752
crop tight q40,40,688,12.999936000000002,26.17693808187272
crop tight q60,60,711,12.999936000000002,27.9573465445163
crop tight q80,80,745,12.999936000000002,32.385766379217635
crop tight q95,95,837,12.999936000000002,40.04851010019678
crop context q20,20,697,12.999936000000002,24.749178261384237
crop context q40,40,725,12.999936000000002,27.364490159612163
crop context q60,60,753,12.999936000000002,28.155447256049612
crop context q80,80,812,12.999936000000002,32.03912988195701
crop context q95,95,1002,12.999936000000002,39.924410961423334
crop wake q20,20,751,12.999936000000002,25.709707161102884
crop wake q40,40,802,12.999936000000002,27.77282029349532
crop wake q60,60,857,12.999936000000002,29.57583683322659
crop wake q80,80,967,12.999936000000002,33.761292330318604
crop wake q95,95,1250,12.999936000000002,42.2692983497185
crop wake jp2,-1,783,12.999936000000002,28.704426497567418
crop tight q20,20,659,12.999936000000002,25.037848787154473
crop tight q40,40,675,12.999936000000002,27.17639794221999
crop tight q60,60,690,12.999936000000002,28.946173202788415
crop tight q80,80,729,12.999936000000002,32.28569637152531
crop tight q95,95,807,12.999936000000002,40.19134835905044
crop context q20,20,695,12.999936000000002,25.07244651666206
crop context q40,40,724,12.999936000000002,27.530273840781124
crop context q60,60,756,12.999936000000002,29.348595582804073
crop context q80,80,813,12.999936000000002,32.5357272327082
crop context q95,95,990,12.999936000000002,40.24653823333619
crop wake q20,20,782,12.999936000000002,25.65282159881455
crop wake q40,40,856,12.999936000000002,28.23663956906277
crop wake q60,60,912,12.999936000000002,30.24203009224042
crop wake q80,80,1032,12.999936000000002,33.75335790029204
crop wake q95,95,1371,12.999936000000002,41.685137020528195
crop wake jp2,-1,795,12.999936000000002,28.41599214575552
crop tight q20,20,707,16.999679999999998,23.545419138105007
crop tight q40,40,748,16.999679999999998,25.94358327433115
crop tight q60,60,785,16.999679999999998,27.925809552708195
crop tight q80,80,851,16.999679999999998,31.96052432933831
crop tight q95,95,1040,16.999679999999998,40.575398225995315
crop context q20,20,724,16.999679999999998,25.53509038501293
crop context q40,40,768,16.999679999999998,27.831403805366367
crop context q60,60,824,16.999679999999998,29.869769748169688
crop context q80,80,906,16.999679999999998,33.31596027032684
crop context q95,95,1179,16.999679999999998,41.0180145845031
crop wake q20,20,816,16.999679999999998,27.085974017498053
crop wake q40,40,905,16.999679999999998,29.484779625827645
crop wake q60,60,991,16.999679999999998,31.222320640622602
crop wake q80,80,1168,16.999679999999998,34.34552341661537
crop wake q95,95,1722,16.999679999999998,41.478516405699494
crop wake jp2,-1,1367,16.999679999999998,35.61686064300342
crop tight q20,20,670,12.999936000000002,24.023379228428738
crop tight q40,40,685,12.999936000000002,25.537633725068165
crop tight q60,60,703,12.999936000000002,27.156742833668126
crop tight q80,80,743,12.999936000000002,31.36953119535882
crop tight q95,95,831,12.999936000000002,39.30817917108365
crop context q20,20,696,12.999936000000002,24.888616029729583
crop context q40,40,724,12.999936000000002,27.151485572294373
crop context q60,60,756,12.999936000000002,28.901943452878346
crop context q80,80,810,12.999936000000002,32.29377912936006
crop context q95,95,994,12.999936000000002,40.087353601910074
crop wake q20,20,749,12.999936000000002,26.473849757413852
crop wake q40,40,799,12.999936000000002,29.01653697645649
crop wake q60,60,856,12.999936000000002,30.354686467547594
crop wake q80,80,965,12.999936000000002,33.62736960019341
crop wake q95,95,1293,12.999936000000002,41.26457630071541
crop wake jp2,-1,800,12.999936000000002,29.610696348582234
crop tight q20,20,700,13.999872,23.47349423813594
crop tight q40,40,731,13.999872,25.973333781371952
crop tight q60,60,761,13.999872,27.644978819471042
crop tight q80,80,812,13.999872,31.65390621202887
crop tight q95,95,938,13.999872,40.856122763534096
crop context q20,20,716,13.999872,24.36799009905126
crop context q40,40,755,13.999872,26.05952020839307
crop context q60,60,798,13.999872,28.090137674305808
crop context q80,80,873,13.999872,31.509655171777766
crop context q95,95,1085,13.999872,40.42242276977541
crop wake q20,20,780,13.999872,26.337904864682077
crop wake q40,40,848,13.999872,28.55620992981347
crop wake q60,60,923,13.999872,30.52937000603582
crop wake q80,80,1052,13.999872,34.61604835626343
crop wake q95,95,1435,13.999872,43.20405493516943
crop wake jp2,-1,935,13.999872,31.38682930854195
crop tight q20,20,647,9.000192,23.78947144289246
crop tight q40,40,660,9.000192,25.69967113889614
crop tight q60,60,672,9.000192,27.779054172478993
crop tight q80,80,694,9.000192,30.81857995058327
crop tight q95,95,764,9.000192,38.598626713513795
crop context q20,20,666,9.000192,23.844956715492224
crop context q40,40,686,9.000192,25.660935491709257
crop context q60,60,704,9.000192,27.57726303188535
crop context q80,80,739,9.000192,31.474249212538318
crop context q95,95,835,9.000192,40.10035327769425
crop wake q20,20,688,9.000192,25.79173380838578
crop wake q40,40,714,9.000192,27.717813045239772
crop wake q60,60,740,9.000192,30.11547410687545
crop wake q80,80,789,9.000192,32.903132253725744
crop wake q95,95,964,9.000192,40.77056715748426
crop tight q20,20,708,26.999808,27.311604316452552
crop tight q40,40,752,26.999808,29.966491507737704
crop tight q60,60,798,26.999808,32.10165896866403
crop tight q80,80,875,26.999808,35.93783806555291
crop tight q95,95,1109,26.999808,42.355945359367695
crop tight jp2,-1,778,26.999808,34.908341258398956
crop context q20,20,784,26.999808,27.745110882661592
crop context q40,40,860,26.999808,30.38578486703573
crop context q60,60,924,26.999808,32.16598746429834
crop context q80,80,1101,26.999808,35.02831896198963
crop context q95,95,1612,26.999808,41.972758847034186
crop context jp2,-1,1462,26.999808,39.16545044227309
crop wake q20,20,979,26.999808,28.10902463332223
crop wake q40,40,1149,26.999808,30.607931497098257
crop wake q60,60,1314,26.999808,32.67721677304846
crop wake q80,80,1668,26.999808,36.00160836870321
crop wake q95,95,2724,26.999808,43.3746444424778
crop wake jp2,-1,3465,26.999808,42.1126306652163
thumbnail 96px,60,1245,,
whole tile q40,40,64944,,35.43177322792808
whole tile q60,60,80096,,37.62298435057302
crop tight q20,20,3529,156.999936,31.20169738847085
crop tight q40,40,4834,156.999936,34.340135083549356
crop tight q60,60,5867,156.999936,36.17817691870207
crop tight q80,80,8012,156.999936,38.7304304103733
crop tight q95,95,15585,156.999936,43.86104706577187
crop tight jp2,-1,24385,156.999936,41.86721290396146
crop context q20,20,5924,156.999936,31.527043269457423
crop context q40,40,8316,156.999936,34.628045788711844
crop context q60,60,10343,156.999936,36.44356467235617
crop context q80,80,14448,156.999936,39.24827118897224
crop context q95,95,27907,156.999936,44.67691688460373
crop context jp2,-1,47374,156.999936,42.54011380706367
crop wake q20,20,12208,156.999936,31.862500428447255
crop wake q40,40,17493,156.999936,35.062466270997916
crop wake q60,60,21797,156.999936,36.83960348453474
crop wake q80,80,30491,156.999936,39.435284672031024
crop wake q95,95,61672,156.999936,44.558354057807776
crop wake jp2,-1,109767,156.999936,43.17485263986718
thumbnail 96px,60,792,,
whole tile q40,40,28582,,39.57352920837294
whole tile q60,60,36980,,41.85309967093631
crop tight q20,20,705,36.999936,35.30579772024532
crop tight q40,40,753,36.999936,37.713963068812184
crop tight q60,60,800,36.999936,39.54842581136515
crop tight q80,80,888,36.999936,42.0461513781501
crop tight q95,95,1199,36.999936,46.114121117884466
crop tight jp2,-1,1332,36.999936,45.47353870820443
crop context q20,20,744,36.999936,35.806346435239405
crop context q40,40,834,36.999936,38.340501030320425
crop context q60,60,920,36.999936,40.10635204262415
crop context q80,80,1074,36.999936,42.908891938980716
crop context q95,95,1592,36.999936,47.21635298715501
crop context jp2,-1,2623,36.999936,48.323966612923016
crop wake q20,20,857,36.999936,36.53433392829681
crop wake q40,40,1059,36.999936,38.875664878448355
crop wake q60,60,1243,36.999936,40.81741297706702
crop wake q80,80,1584,36.999936,43.59595957992653
crop wake q95,95,2693,36.999936,47.87042124433684
crop wake jp2,-1,6150,36.999936,49.466084345423795
thumbnail 96px,60,886,,
whole tile q40,40,31596,,34.30284809736491
whole tile q60,60,44082,,35.5589856804167
crop tight q20,20,693,16.999679999999998,24.486810213696852
crop tight q40,40,731,16.999679999999998,26.82583112796955
crop tight q60,60,767,16.999679999999998,28.64691858251554
crop tight q80,80,834,16.999679999999998,32.59946049594311
crop tight q95,95,1029,16.999679999999998,39.11712872407015
crop context q20,20,713,16.999679999999998,26.9602193401958
crop context q40,40,761,16.999679999999998,29.219289778465864
crop context q60,60,799,16.999679999999998,30.453913923993838
crop context q80,80,903,16.999679999999998,33.290651601310344
crop context q95,95,1186,16.999679999999998,39.62503930087939
crop wake q20,20,732,16.999679999999998,28.760946305270508
crop wake q40,40,820,16.999679999999998,30.836587161606666
crop wake q60,60,908,16.999679999999998,32.26723141189539
crop wake q80,80,1071,16.999679999999998,35.10420292788827
crop wake q95,95,1609,16.999679999999998,41.37268793803824
crop wake jp2,-1,1319,16.999679999999998,36.804608469574205
crop tight q20,20,652,8.000256,21.68913390149961
crop tight q40,40,666,8.000256,25.30804286516888
crop tight q60,60,675,8.000256,27.749493787388282
crop tight q80,80,689,8.000256,31.973424108261078
crop tight q95,95,732,8.000256,40.99697013531469
crop context q20,20,667,8.000256,22.1690634547938
crop context q40,40,690,8.000256,24.857234535099003
crop context q60,60,705,8.000256,26.63800483225429
crop context q80,80,745,8.000256,30.546283629822156
crop context q95,95,840,8.000256,39.84697616489179
crop wake q20,20,703,8.000256,23.756960230887504
crop wake q40,40,742,8.000256,25.937599400780442
crop wake q60,60,771,8.000256,27.968531175222676
crop wake q80,80,857,8.000256,33.85795222287471
crop wake q95,95,1026,8.000256,44.75225109403478
crop tight q20,20,654,10.000128,22.15399031216301
crop tight q40,40,670,10.000128,24.645247618792247
crop tight q60,60,684,10.000128,26.577443234028486
crop tight q80,80,716,10.000128,29.669339009853573
crop tight q95,95,803,10.000128,39.67669080500558
crop context q20,20,672,10.000128,23.482775152947248
crop context q40,40,698,10.000128,24.99220893289808
crop context q60,60,726,10.000128,27.328049999966243
crop context q80,80,764,10.000128,31.63108748113538
crop context q95,95,866,10.000128,40.03289649121548
crop wake q20,20,685,10.000128,26.713894577516438
crop wake q40,40,726,10.000128,29.176408350191032
crop wake q60,60,756,10.000128,30.555558639922438
crop wake q80,80,836,10.000128,33.01032584228719
crop wake q95,95,1068,10.000128,40.43892475456826
thumbnail 96px,60,878,,
whole tile q40,40,21020,,39.68759417226166
whole tile q60,60,28907,,41.96294327397982
crop tight q20,20,681,24.0,31.509140503044577
crop tight q40,40,716,24.0,34.608127334308
crop tight q60,60,746,24.0,36.567064416945726
crop tight q80,80,799,24.0,38.93780855824587
crop tight q95,95,981,24.0,43.63902720422744
crop context q20,20,700,24.0,32.983361181594766
crop context q40,40,744,24.0,35.62840371400637
crop context q60,60,783,24.0,37.41204980420235
crop context q80,80,870,24.0,39.86178224443189
crop context q95,95,1139,24.0,44.790953813882346
crop context jp2,-1,1115,24.0,43.92196329217616
crop wake q20,20,749,24.0,34.943524802662274
crop wake q40,40,831,24.0,37.200317742331855
crop wake q60,60,928,24.0,39.05673976378873
crop wake q80,80,1099,24.0,41.897257840449136
crop wake q95,95,1655,24.0,46.096646525245276
crop wake jp2,-1,2707,24.0,47.34267870260997
thumbnail 96px,60,892,,
whole tile q40,40,27013,,38.705322276180546
whole tile q60,60,38662,,40.380420350285945
crop tight q20,20,873,55.00032,32.08449708793661
crop tight q40,40,1005,55.00032,35.50352038595627
crop tight q60,60,1121,55.00032,37.417150393548624
crop tight q80,80,1360,55.00032,40.026207443124065
crop tight q95,95,2120,55.00032,44.31152505792654
crop tight jp2,-1,3032,55.00032,44.74199958511345
crop context q20,20,1011,55.00032,33.14283456170137
crop context q40,40,1210,55.00032,36.52165102688787
crop context q60,60,1405,55.00032,38.50296231244601
crop context q80,80,1807,55.00032,41.32160944886752
crop context q95,95,3034,55.00032,45.30192543344547
crop context jp2,-1,5797,55.00032,47.4181283131351
crop wake q20,20,1346,55.00032,34.40632159101838
crop wake q40,40,1810,55.00032,37.31060986682168
crop wake q60,60,2240,55.00032,39.130024803138525
crop wake q80,80,3116,55.00032,41.586532976380674
crop wake q95,95,6112,55.00032,45.4878703743144
crop wake jp2,-1,14261,55.00032,49.47673217572425
thumbnail 96px,60,893,,
whole tile q40,40,42381,,37.29746762992855
whole tile q60,60,53123,,39.97136471135897
crop tight q20,20,1430,104.00025600000001,32.72602514851843
crop tight q40,40,1906,104.00025600000001,35.95655409291314
crop tight q60,60,2307,104.00025600000001,37.89477300923399
crop tight q80,80,3026,104.00025600000001,40.3378845179428
crop tight q95,95,5577,104.00025600000001,44.923116901724576
crop tight jp2,-1,10472,104.00025600000001,44.690294869487424
crop context q20,20,2065,104.00025600000001,33.216509612986336
crop context q40,40,2963,104.00025600000001,36.388633081097105
crop context q60,60,3685,104.00025600000001,38.33236304758705
crop context q80,80,5057,104.00025600000001,40.88184982950943
crop context q95,95,9800,104.00025600000001,45.344295584485586
crop context jp2,-1,20706,104.00025600000001,45.40821262402879
crop wake q20,20,3746,104.00025600000001,33.769589634172135
crop wake q40,40,5870,104.00025600000001,36.83225336220658
crop wake q60,60,7613,104.00025600000001,38.88271371677913
crop wake q80,80,10922,104.00025600000001,41.721786131727754
crop wake q95,95,21766,104.00025600000001,46.42045862091906
crop wake jp2,-1,50909,104.00025600000001,46.249342323909765
crop tight q20,20,679,14.999808,29.796887875865913
crop tight q40,40,695,14.999808,33.14544580318716
crop tight q60,60,711,14.999808,34.069299726294
crop tight q80,80,746,14.999808,36.882480700508545
crop tight q95,95,857,14.999808,40.83605001174419
crop context q20,20,688,14.999808,30.38301575945187
crop context q40,40,715,14.999808,33.15768288585427
crop context q60,60,742,14.999808,34.95408693884712
crop context q80,80,786,14.999808,38.377442922347974
crop context q95,95,926,14.999808,44.2675484956721
crop wake q20,20,750,14.999808,30.95351870820481
crop wake q40,40,812,14.999808,34.02169196551627
crop wake q60,60,859,14.999808,35.68814398167991
crop wake q80,80,972,14.999808,38.122471768285195
crop wake q95,95,1335,14.999808,43.31316390950772
crop wake jp2,-1,1061,14.999808,37.97397515267351
thumbnail 96px,60,1190,,
whole tile q40,40,46690,,36.899402455794736
whole tile q60,60,58148,,39.24545372366575
crop tight q20,20,2139,139.00032000000002,32.38240756805767
crop tight q40,40,2958,139.00032000000002,35.71559896211252
crop tight q60,60,3658,139.00032000000002,37.78617226528317
crop tight q80,80,5024,139.00032000000002,40.806971396381314
crop tight q95,95,9347,139.00032000000002,45.832075741325426
crop tight jp2,-1,18994,139.00032000000002,45.089883652009924
crop context q20,20,3389,139.00032000000002,32.72838685832995
crop context q40,40,4935,139.00032000000002,35.836869683263735
crop context q60,60,6276,139.00032000000002,37.85651052041579
crop context q80,80,8838,139.00032000000002,40.46412795363682
crop context q95,95,17499,139.00032000000002,44.80619728681435
crop context jp2,-1,37105,139.00032000000002,45.56632309658725
crop wake q20,20,6079,139.00032000000002,33.14318078015322
crop wake q40,40,9294,139.00032000000002,36.34002640735289
crop wake q60,60,11912,139.00032000000002,38.31415265020566
crop wake q80,80,17124,139.00032000000002,40.92495138967748
crop wake q95,95,34957,139.00032000000002,45.01271963395339
crop wake jp2,-1,78243,139.00032000000002,46.0660557870409
thumbnail 96px,60,929,,
whole tile q40,40,43067,,32.849148350532104
whole tile q60,60,61589,,33.93043340798385
crop tight q20,20,798,42.000384,28.3224187815461
crop tight q40,40,908,42.000384,30.35698141730579
crop tight q60,60,1007,42.000384,31.74589694766755
crop tight q80,80,1229,42.000384,34.78870612274565
crop tight q95,95,1868,42.000384,42.95346750496026
crop tight jp2,-1,1771,42.000384,35.976266990242614
crop context q20,20,904,42.000384,29.404577490425147
crop context q40,40,1096,42.000384,31.412692422602312
crop context q60,60,1287,42.000384,32.91259065994787
crop context q80,80,1635,42.000384,35.24707708918416
crop context q95,95,2890,42.000384,42.4743325321697
crop context jp2,-1,3350,42.000384,38.83986757821974
crop wake q20,20,1195,42.000384,29.80124076770071
crop wake q40,40,1649,42.000384,32.17276227799334
crop wake q60,60,2067,42.000384,33.371273808524855
crop wake q80,80,2908,42.000384,35.91670411566567
crop wake q95,95,5746,42.000384,43.66945482245973
crop wake jp2,-1,8340,42.000384,40.27083645249367
thumbnail 96px,60,819,,
whole tile q40,40,36392,,37.86151992955293
whole tile q60,60,46372,,40.615374572943104
crop tight q20,20,660,18.000384,33.94621224655382
crop tight q40,40,674,18.000384,36.90370503793011
crop tight q60,60,687,18.000384,39.562747735694
crop tight q80,80,715,18.000384,41.96529857139899
crop tight q95,95,810,18.000384,45.720163738597165
crop context q20,20,669,18.000384,34.83094994275815
crop context q40,40,693,18.000384,36.95354740588126
crop context q60,60,716,18.000384,39.21850588773337
crop context q80,80,762,18.000384,41.53535701872775
crop context q95,95,912,18.000384,45.70654006618628
crop wake q20,20,706,18.000384,34.84585869066992
crop wake q40,40,764,18.000384,37.69575704782021
crop wake q60,60,808,18.000384,39.67602835691032
crop wake q80,80,912,18.000384,42.05547653460245
crop wake q95,95,1243,18.000384,46.19221172182972
crop wake jp2,-1,1535,18.000384,45.01821428480131
crop tight q20,20,958,72.0,33.67361901754951
crop tight q40,40,1158,72.0,36.784969651186124
crop tight q60,60,1344,72.0,38.878734452940506
crop tight q80,80,1678,72.0,41.5162278782153
crop tight q95,95,2823,72.0,45.847863660066785
crop tight jp2,-1,5135,72.0,46.50036670912737
crop context q20,20,1164,72.0,34.2039516565631
crop context q40,40,1536,72.0,37.29233760341002
crop context q60,60,1857,72.0,39.49371541593963
crop context q80,80,2462,72.0,42.035054722639686
crop context q95,95,4490,72.0,46.604876298144184
crop context jp2,-1,9796,72.0,48.11332490005725
crop wake q20,20,1807,72.0,34.565652713438745
crop wake q40,40,2660,72.0,37.86362174217951
crop wake q60,60,3415,72.0,40.160109705911104
crop wake q80,80,4791,72.0,43.19946590046402
crop wake q95,95,9146,72.0,48.95339363251625
crop wake jp2,-1,24169,72.0,48.73566253339128
thumbnail 96px,60,2017,,
whole tile q40,40,47626,,32.374010004400674
whole tile q60,60,60978,,33.97303586997626
crop tight q20,20,1238,81.000192,28.403273656375507
crop tight q40,40,1571,81.000192,30.470923250931726
crop tight q60,60,1913,81.000192,31.9634824017091
crop tight q80,80,2641,81.000192,35.54335977440112
crop tight q95,95,4610,81.000192,43.69925691941901
crop tight jp2,-1,6552,81.000192,40.340495681650566
crop context q20,20,1590,81.000192,29.915504206788853
crop context q40,40,2090,81.000192,32.17480317446646
crop context q60,60,2587,81.000192,33.80355786736197
crop context q80,80,3696,81.000192,36.55637834609139
crop context q95,95,7234,81.000192,43.72010554432691
crop context jp2,-1,12515,81.000192,44.22028081478847
crop wake q20,20,2563,81.000192,30.710386457735524
crop wake q40,40,3526,81.000192,33.07504870434752
crop wake q60,60,4513,81.000192,34.56378832407274
crop wake q80,80,6886,81.000192,37.25034385816911
crop wake q95,95,14579,81.000192,44.15249832576891
crop wake jp2,-1,30069,81.000192,45.75937849486532
crop tight q20,20,1384,94.000128,28.577147723306872
crop tight q40,40,1789,94.000128,30.881184710738268
crop tight q60,60,2208,94.000128,32.31066649810566
crop tight q80,80,3150,94.000128,35.47703769559525
crop tight q95,95,5760,94.000128,43.86701387445932
crop tight jp2,-1,8777,94.000128,41.33365649742992
crop context q20,20,1700,94.000128,30.450892728148258
crop context q40,40,2256,94.000128,32.6535508714634
crop context q60,60,2825,94.000128,34.218764192380526
crop context q80,80,4211,94.000128,36.924236401073365
crop context q95,95,8635,94.000128,43.909489771879166
crop context jp2,-1,16886,94.000128,45.17624101070629
crop wake q20,20,2353,94.000128,32.16226657115188
crop wake q40,40,3176,94.000128,34.57417400000122
crop wake q60,60,4238,94.000128,36.135372608170556
crop wake q80,80,6702,94.000128,39.10870041013964
crop wake q95,95,14411,94.000128,46.90094470988828
crop wake jp2,-1,36119,94.000128,48.44121618390748
thumbnail 96px,60,823,,
whole tile q40,40,21161,,39.04896137539846
whole tile q60,60,28986,,41.782620881559254
crop tight q20,20,651,14.999808,34.84265659509725
crop tight q40,40,663,14.999808,38.68511699337856
crop tight q60,60,670,14.999808,42.271652013207024
crop tight q80,80,686,14.999808,43.94988598034481
crop tight q95,95,750,14.999808,49.636783284369216
crop context q20,20,647,14.999808,35.604236888276155
crop context q40,40,659,14.999808,38.97581118810876
crop context q60,60,668,14.999808,41.94489125839791
crop context q80,80,690,14.999808,43.45593781638418
crop context q95,95,766,14.999808,47.313279205393634
crop wake q20,20,667,14.999808,35.44147953017026
crop wake q40,40,697,14.999808,38.13884190589102
crop wake q60,60,735,14.999808,40.90974030744135
crop wake q80,80,789,14.999808,43.57957416568439
crop wake q95,95,994,14.999808,47.747687396390575
crop wake jp2,-1,1055,14.999808,46.28694567795445
crop tight q20,20,776,82.000128,36.29995428189318
crop tight q40,40,929,82.000128,38.842271286026545
crop tight q60,60,1067,82.000128,41.35102223681025
crop tight q80,80,1348,82.000128,44.42153006125339
crop tight q95,95,2207,82.000128,50.11303682112591
crop tight jp2,-1,5259,82.000128,50.215908118307055
crop context q20,20,887,82.000128,36.42189800483754
crop context q40,40,1139,82.000128,38.81868108460823
crop context q60,60,1376,82.000128,41.363411071426256
crop context q80,80,1857,82.000128,44.69804037853596
crop context q95,95,3274,82.000128,49.70046305895106
crop context jp2,-1,9102,82.000128,50.29094547275672
crop wake q20,20,1166,82.000128,36.73831542443842
crop wake q40,40,1691,82.000128,38.90249472629331
crop wake q60,60,2215,82.000128,41.525411532186745
crop wake q80,80,3266,82.000128,44.61507891326593
crop wake q95,95,6359,82.000128,50.026939782908556
crop wake jp2,-1,19574,82.000128,50.47801910438439
thumbnail 96px,60,1647,,
whole tile q40,40,33235,,37.894433711873944
whole tile q60,60,44683,,39.982781128743454
crop tight q20,20,668,21.000192,31.38933948053168
crop tight q40,40,690,21.000192,34.16711491066805
crop tight q60,60,712,21.000192,36.25334494510912
crop tight q80,80,751,21.000192,38.56637352883207
crop tight q95,95,873,21.000192,43.13351916407847
crop context q20,20,701,21.000192,32.79239573693186
crop context q40,40,735,21.000192,35.78058929437787
crop context q60,60,773,21.000192,37.501017310855154
crop context q80,80,839,21.000192,39.90582727865861
crop context q95,95,1089,21.000192,44.694412292485964
crop context jp2,-1,881,21.000192,42.362529857627635
crop wake q20,20,738,21.000192,35.31042460109572
crop wake q40,40,797,21.000192,37.807515151034835
crop wake q60,60,870,21.000192,39.35471068809121
crop wake q80,80,1004,21.000192,41.80678975353152
crop wake q95,95,1448,21.000192,46.05899489912831
crop wake jp2,-1,2019,21.000192,47.310265610817346
thumbnail 96px,60,806,,
whole tile q40,40,39239,,37.39979364372046
whole tile q60,60,49536,,39.804362713567265
crop tight q20,20,668,14.999808,31.47534122621734
crop tight q40,40,686,14.999808,34.77473887462757
crop tight q60,60,696,14.999808,36.59485021410124
crop tight q80,80,720,14.999808,38.69339592642004
crop tight q95,95,827,14.999808,42.781719913622524
crop context q20,20,666,14.999808,31.76095898610324
crop context q40,40,690,14.999808,34.62016303837496
crop context q60,60,706,14.999808,36.40775467705099
crop context q80,80,742,14.999808,38.830704922318176
crop context q95,95,873,14.999808,43.28648691139922
crop wake q20,20,705,14.999808,33.10888483326905
crop wake q40,40,755,14.999808,35.995945130224804
crop wake q60,60,799,14.999808,38.097845473438085
crop wake q80,80,879,14.999808,40.390590317431176
crop wake q95,95,1137,14.999808,45.057799333233504
crop wake jp2,-1,1093,14.999808,41.60001554318116
thumbnail 96px,60,884,,
whole tile q40,40,16077,,40.18858583681782
whole tile q60,60,26559,,42.36740468518356
crop tight q20,20,1802,170.999808,35.818688084099854
crop tight q40,40,2391,170.999808,38.00923552039451
crop tight q60,60,3185,170.999808,39.8431347644074
crop tight q80,80,4813,170.999808,42.41698604324541
crop tight q95,95,10034,170.999808,46.45579213367939
crop tight jp2,-1,28943,170.999808,50.744306864438755
crop context q20,20,2454,170.999808,37.223698966135636
crop context q40,40,3414,170.999808,39.2803601869141
crop context q60,60,4926,170.999808,41.123774704245626
crop context q80,80,7882,170.999808,43.580570206352846
crop context q95,95,16740,170.999808,48.00724743383299
crop context jp2,-1,55450,170.999808,51.68207723724734
crop wake q20,20,4149,170.999808,38.24692390918247
crop wake q40,40,5996,170.999808,39.92632524956872
crop wake q60,60,9342,170.999808,41.63937398805594
crop wake q80,80,16000,170.999808,43.70984923786435
crop wake q95,95,37517,170.999808,47.83885207530723
crop wake jp2,-1,137060,170.999808,53.27270930672622
thumbnail 96px,60,1480,,
whole tile q40,40,33524,,35.16502382129818
whole tile q60,60,44327,,36.66224489481226
crop tight q20,20,2613,184.99967999999998,30.710549091266977
crop tight q40,40,3869,184.99967999999998,33.02510889429705
crop tight q60,60,5265,184.99967999999998,34.60441716198445
crop tight q80,80,8211,184.99967999999998,38.35237445829554
crop tight q95,95,16001,184.99967999999998,46.07108624774817
crop tight jp2,-1,33460,184.99967999999998,44.75724189142377
crop context q20,20,3463,184.99967999999998,31.43138172709298
crop context q40,40,5475,184.99967999999998,33.699299243243864
crop context q60,60,7800,184.99967999999998,35.2815229885855
crop context q80,80,12394,184.99967999999998,38.72453825592442
crop context q95,95,25124,184.99967999999998,46.08621397882242
crop context jp2,-1,56140,184.99967999999998,44.942596917032276
crop wake q20,20,6970,184.99967999999998,31.157122233012778
crop wake q40,40,11572,184.99967999999998,33.38077525840162
crop wake q60,60,16324,184.99967999999998,34.84502325205539
crop wake q80,80,26224,184.99967999999998,37.75021600025624
crop wake q95,95,56143,184.99967999999998,45.57231050909364
crop wake jp2,-1,116734,184.99967999999998,44.412802195504085
thumbnail 96px,60,1829,,
whole tile q40,40,57510,,32.587722234562065
whole tile q60,60,72952,,34.11801512690356
crop tight q20,20,650,12.999936000000002,29.866088727223246
crop tight q40,40,659,12.999936000000002,33.37142470026273
crop tight q60,60,670,12.999936000000002,35.094362278232694
crop tight q80,80,686,12.999936000000002,38.10649793655784
crop tight q95,95,747,12.999936000000002,43.670845434934485
crop context q20,20,668,12.999936000000002,30.726664973587404
crop context q40,40,691,12.999936000000002,33.24634099077972
crop context q60,60,712,12.999936000000002,34.978488603308385
crop context q80,80,750,12.999936000000002,38.06614334940866
crop context q95,95,867,12.999936000000002,44.10341487519621
crop wake q20,20,681,12.999936000000002,31.568581689391895
crop wake q40,40,711,12.999936000000002,34.07568877858072
crop wake q60,60,735,12.999936000000002,36.04226771562506
crop wake q80,80,788,12.999936000000002,38.86308416670589
crop wake q95,95,944,12.999936000000002,45.06897442902943
thumbnail 96px,60,910,,
whole tile q40,40,27203,,39.0660934896139
whole tile q60,60,35838,,41.7551098526803
crop tight q20,20,694,18.000384,28.947820971851847
crop tight q40,40,721,18.000384,31.411501441745365
crop tight q60,60,749,18.000384,33.25804063919294
crop tight q80,80,798,18.000384,35.96642149938474
crop tight q95,95,955,18.000384,41.26834653990865
crop context q20,20,705,18.000384,29.790502419888817
crop context q40,40,747,18.000384,32.05461743582995
crop context q60,60,783,18.000384,34.67679039430972
crop context q80,80,854,18.000384,37.53694230370697
crop context q95,95,1075,18.000384,41.89282210874185
crop wake q20,20,750,18.000384,31.43745877756629
crop wake q40,40,831,18.000384,34.55377601341322
crop wake q60,60,895,18.000384,36.284893941151935
crop wake q80,80,1022,18.000384,39.50585807099123
crop wake q95,95,1444,18.000384,43.820476720998656
crop wake jp2,-1,1517,18.000384,42.60607421929835
crop tight q20,20,1058,71.00006400000001,32.1604309924332
crop tight q40,40,1286,71.00006400000001,35.25288417545171
crop tight q60,60,1483,71.00006400000001,37.104333110351675
crop tight q80,80,1879,71.00006400000001,39.830881913280564
crop tight q95,95,3190,71.00006400000001,44.260319713837745
crop tight jp2,-1,4996,71.00006400000001,45.07009500584091
crop context q20,20,1263,71.00006400000001,33.3469404283996
crop context q40,40,1636,71.00006400000001,36.318136009154
crop context q60,60,1988,71.00006400000001,38.29070727656121
crop context q80,80,2651,71.00006400000001,40.96615830867587
crop context q95,95,4853,71.00006400000001,45.31907510439545
crop context jp2,-1,9724,71.00006400000001,47.47673495701708
crop wake q20,20,1768,71.00006400000001,34.63726001840171
crop wake q40,40,2577,71.00006400000001,37.480414721476045
crop wake q60,60,3324,71.00006400000001,39.536432199299526
crop wake q80,80,4690,71.00006400000001,42.15973913240562
crop wake q95,95,9330,71.00006400000001,46.49877287589027
crop wake jp2,-1,23694,71.00006400000001,49.26109508718941
crop tight q20,20,1494,129.000192,33.74122966720635
crop tight q40,40,2111,129.000192,36.62368894306276
crop tight q60,60,2625,129.000192,38.727564114175095
crop tight q80,80,3625,129.000192,41.31629221764588
crop tight q95,95,6966,129.000192,45.541670653912185
crop tight jp2,-1,15428,129.000192,48.15628165054649
crop context q20,20,1794,129.000192,34.80024621174135
crop context q40,40,2669,129.000192,37.64720239812994
crop context q60,60,3499,129.000192,39.77704017347617
crop context q80,80,4951,129.000192,42.66592946266818
crop context q95,95,9564,129.000192,47.39967595365347
crop context jp2,-1,25419,129.000192,49.18343074467995
crop wake q20,20,2851,129.000192,35.31552944362041
crop wake q40,40,4639,129.000192,38.030705145500036
crop wake q60,60,6239,129.000192,40.24441551030137
crop wake q80,80,9178,129.000192,42.77966581050987
crop wake q95,95,18936,129.000192,46.97950878026201
crop wake jp2,-1,54416,129.000192,49.97738906619845
crop tight q20,20,975,93.000192,33.44048383256689
crop tight q40,40,1218,93.000192,36.43471989181569
crop tight q60,60,1435,93.000192,38.761806882345994
crop tight q80,80,1861,93.000192,41.51835605899091
crop tight q95,95,3137,93.000192,46.558289166666746
crop tight jp2,-1,6338,93.000192,47.4005983092113
crop context q20,20,1145,93.000192,34.75341568730781
crop context q40,40,1532,93.000192,37.58408355681283
crop context q60,60,1877,93.000192,39.79120047067663
crop context q80,80,2519,93.000192,42.63332956766015
crop context q95,95,4613,93.000192,47.871321431633376
crop context jp2,-1,10757,93.000192,48.921802704656685
crop wake q20,20,1489,93.000192,35.588198983580625
crop wake q40,40,2270,93.000192,38.44824769544652
crop wake q60,60,3004,93.000192,40.86443423505717
crop wake q80,80,4259,93.000192,43.77791999861991
crop wake q95,95,8193,93.000192,49.14317596308959
crop wake jp2,-1,24740,93.000192,50.236289320486655
thumbnail 96px,60,810,,
whole tile q40,40,22277,,39.992477435737996
whole tile q60,60,28985,,41.82921785330394
crop tight q20,20,848,68.000256,34.31087303325399
crop tight q40,40,976,68.000256,37.64120838434318
crop tight q60,60,1117,68.000256,39.52403862072392
crop tight q80,80,1385,68.000256,42.58580134374547
crop tight q95,95,2238,68.000256,46.489135579528835
crop tight jp2,-1,4481,68.000256,49.41115544715583
crop context q20,20,971,68.000256,35.69541566963485
crop context q40,40,1197,68.000256,38.703996400408066
crop context q60,60,1406,68.000256,40.55333020232821
crop context q80,80,1877,68.000256,43.72657908915089
crop context q95,95,3392,68.000256,47.650158850242185
crop context jp2,-1,8729,68.000256,50.96328478953845
crop wake q20,20,1328,68.000256,36.936444608977745
crop wake q40,40,1806,68.000256,39.49298677892867
crop wake q60,60,2362,68.000256,41.371202866083465
crop wake q80,80,3316,68.000256,44.95747341167176
crop wake q95,95,6599,68.000256,48.951625503327136
crop wake jp2,-1,21554,68.000256,52.50629715702704
crop tight q20,20,659,18.000384,34.256905413189436
crop tight q40,40,674,18.000384,38.11772543421678
crop tight q60,60,684,18.000384,39.065572110824704
crop tight q80,80,714,18.000384,42.55344058739102
crop tight q95,95,795,18.000384,46.16347240581519
crop context q20,20,663,18.000384,34.03398445566321
crop context q40,40,683,18.000384,37.86374053002082
crop context q60,60,706,18.000384,39.41431719082101
crop context q80,80,746,18.000384,42.47255804173598
crop context q95,95,887,18.000384,46.57679502535019
crop wake q20,20,690,18.000384,36.06510824484589
crop wake q40,40,732,18.000384,38.728061658763835
crop wake q60,60,773,18.000384,40.90920863989294
crop wake q80,80,862,18.000384,43.43554785094017
crop wake q95,95,1144,18.000384,47.735991920446345
crop wake jp2,-1,1567,18.000384,48.78874753351816
thumbnail 96px,60,2033,,
whole tile q40,40,69602,,33.969363162536666
whole tile q60,60,86710,,36.018356295509946
crop tight q20,20,657,11.000064,28.777733830594194
crop tight q40,40,668,11.000064,31.058196109774073
crop tight q60,60,682,11.000064,32.39073833927683
crop tight q80,80,706,11.000064,35.46912993133401
crop tight q95,95,778,11.000064,40.959364035592465
crop context q20,20,679,11.000064,29.245851838807994
crop context q40,40,703,11.000064,31.623031666099383
crop context q60,60,719,11.000064,33.88497618873569
crop context q80,80,758,11.000064,36.18617400957919
crop context q95,95,876,11.000064,41.16672575747234
crop wake q20,20,709,11.000064,29.999314086557472
crop wake q40,40,745,11.000064,32.96374831375911
crop wake q60,60,786,11.000064,34.70492342543277
crop wake q80,80,855,11.000064,37.08306700804492
crop wake q95,95,1094,11.000064,42.382838192388085
crop tight q20,20,654,12.0,28.262184225699155
crop tight q40,40,670,12.0,31.957996154382847
crop tight q60,60,680,12.0,33.353497294847436
crop tight q80,80,704,12.0,35.19754238265821
crop tight q95,95,770,12.0,40.33473310327376
crop context q20,20,679,12.0,29.40622472981393
crop context q40,40,705,12.0,32.69458814137898
crop context q60,60,723,12.0,34.30431474805478
crop context q80,80,759,12.0,36.458926288523884
crop context q95,95,891,12.0,41.21487074061135
crop wake q20,20,709,12.0,29.990079433349855
crop wake q40,40,759,12.0,33.18925756229583
crop wake q60,60,787,12.0,35.209474100614855
crop wake q80,80,856,12.0,37.20138897024122
crop wake q95,95,1091,12.0,41.8628390371172
thumbnail 96px,60,2211,,
whole tile q40,40,98793,,27.553744050943003
whole tile q60,60,122166,,29.46139938513437
crop tight q20,20,661,12.999936000000002,24.87972569192307
crop tight q40,40,677,12.999936000000002,27.221017145087302
crop tight q60,60,692,12.999936000000002,28.305476202381445
crop tight q80,80,724,12.999936000000002,32.15101762220669
crop tight q95,95,806,12.999936000000002,42.015232449768085
crop context q20,20,701,12.999936000000002,24.830438910552267
crop context q40,40,737,12.999936000000002,27.76774234217264
crop context q60,60,758,12.999936000000002,28.937407081218993
crop context q80,80,823,12.999936000000002,32.35301415412861
crop context q95,95,1011,12.999936000000002,41.488302465544145
crop wake q20,20,756,12.999936000000002,25.03889766691327
crop wake q40,40,822,12.999936000000002,27.123542963196353
crop wake q60,60,873,12.999936000000002,28.70705716128365
crop wake q80,80,1000,12.999936000000002,32.4622183443469
crop wake q95,95,1336,12.999936000000002,41.861908953589605
crop wake jp2,-1,782,12.999936000000002,25.854781531907438
thumbnail 96px,60,1467,,
whole tile q40,40,75187,,34.22032592440842
whole tile q60,60,92335,,36.3090967569555
crop tight q20,20,785,31.00032,30.018768195871882
crop tight q40,40,849,31.00032,33.02370611649726
crop tight q60,60,908,31.00032,34.85248607834136
crop tight q80,80,1020,31.00032,37.35755441848855
crop tight q95,95,1409,31.00032,42.27033951994219
crop tight jp2,-1,979,31.00032,34.60089388831293
crop context q20,20,918,31.00032,29.99432661449868
crop context q40,40,1052,31.00032,33.4343309190037
crop context q60,60,1153,31.00032,35.2634852903195
crop context q80,80,1379,31.00032,38.45345210525542
crop context q95,95,2052,31.00032,44.42875783978036
crop context jp2,-1,1884,31.00032,37.056985035812744
crop wake q20,20,1239,31.00032,30.007395298345315
crop wake q40,40,1510,31.00032,33.37321475928337
crop wake q60,60,1730,31.00032,35.315280794780655
crop wake q80,80,2198,31.00032,38.17831835208488
crop wake q95,95,3623,31.00032,44.09175788434689
crop wake jp2,-1,4495,31.00032,38.41397269490908
crop tight q20,20,935,47.000064,30.784762736862035
crop tight q40,40,1071,47.000064,33.33238066046996
crop tight q60,60,1187,47.000064,35.20958613024916
crop tight q80,80,1414,47.000064,37.71993520195871
crop tight q95,95,2182,47.000064,43.00410333318108
crop tight jp2,-1,2221,47.000064,37.865163899993455
crop context q20,20,1184,47.000064,30.801611003055317
crop context q40,40,1434,47.000064,33.72722836451845
crop context q60,60,1650,47.000064,35.69762325151935
crop context q80,80,2069,47.000064,38.06609315897201
crop context q95,95,3567,47.000064,43.316125859433086
crop context jp2,-1,4151,47.000064,38.67902703245133
crop wake q20,20,1868,47.000064,31.179850548007412
crop wake q40,40,2430,47.000064,34.16085501227683
crop wake q60,60,2892,47.000064,35.918719013184784
crop wake q80,80,3815,47.000064,38.62858444701543
crop wake q95,95,7062,47.000064,43.98856975212826
crop wake jp2,-1,10342,47.000064,40.79843146889083
crop tight q20,20,1002,53.999616,30.428897081494668
crop tight q40,40,1182,53.999616,33.43132874861478
crop tight q60,60,1321,53.999616,35.24035417597871
crop tight q80,80,1619,53.999616,37.84204465651319
crop tight q95,95,2620,53.999616,42.92417568993962
crop tight jp2,-1,2986,53.999616,38.464607758805094
crop context q20,20,1334,53.999616,30.931351245495733
crop context q40,40,1661,53.999616,33.93869992741443
crop context q60,60,1924,53.999616,35.697610006465545
crop context q80,80,2438,53.999616,38.41019587605042
crop context q95,95,4213,53.999616,43.661109016643806
crop context jp2,-1,5618,53.999616,39.71405684788228
crop wake q20,20,2215,53.999616,31.221141581117152
crop wake q40,40,2934,53.999616,34.23466926966468
crop wake q60,60,3541,53.999616,36.05423728714673
crop wake q80,80,4694,53.999616,38.80828428329025
crop wake q95,95,8792,53.999616,43.90370612321618
crop wake jp2,-1,13660,53.999616,41.12595834164914
crop tight q20,20,894,47.000064,31.5715361197647
crop tight q40,40,1000,47.000064,34.53126111408125
crop tight q60,60,1103,47.000064,36.390925107912494
crop tight q80,80,1288,47.000064,38.77364429560356
crop tight q95,95,1995,47.000064,43.85161235814978
crop tight jp2,-1,2170,47.000064,39.64106095684389
crop context q20,20,1141,47.000064,30.828600089562435
crop context q40,40,1390,47.000064,33.88128812058527
crop context q60,60,1603,47.000064,35.767448102805744
crop context q80,80,2014,47.000064,38.48184102965007
crop context q95,95,3431,47.000064,43.74148849460076
crop context jp2,-1,4324,47.000064,40.06587984447634
crop wake q20,20,1791,47.000064,30.907455697583238
crop wake q40,40,2317,47.000064,34.07639476685425
crop wake q60,60,2751,47.000064,35.96279464522725
crop wake q80,80,3630,47.000064,38.872422565853256
crop wake q95,95,6574,47.000064,45.152856811131265
crop wake jp2,-1,9189,47.000064,39.931637708310475
crop tight q20,20,1566,88.99968,30.995394402928152
crop tight q40,40,2001,88.99968,34.09723296957905
crop tight q60,60,2340,88.99968,35.90845423540294
crop tight q80,80,3051,88.99968,38.56836250997024
crop tight q95,95,5500,88.99968,43.834804887734975
crop tight jp2,-1,7580,88.99968,40.62400472373806
crop context q20,20,2104,88.99968,31.109130239349014
crop context q40,40,2804,88.99968,34.31883637568541
crop context q60,60,3358,88.99968,36.11718205828362
crop context q80,80,4450,88.99968,38.800730711825196
crop context q95,95,8361,88.99968,43.969510278125995
crop context jp2,-1,12639,88.99968,41.09417269687043
crop wake q20,20,3382,88.99968,31.149368427206447
crop wake q40,40,4693,88.99968,34.42744390257972
crop wake q60,60,5738,88.99968,36.45163961311798
crop wake q80,80,7855,88.99968,39.61304461285904
crop wake q95,95,14577,88.99968,45.906221242961294
crop wake jp2,-1,23822,88.99968,41.330622996954375
crop tight q20,20,845,38.999808,29.855870698243052
crop tight q40,40,942,38.999808,32.87152564475486
crop tight q60,60,1030,38.999808,34.507711956120765
crop tight q80,80,1203,38.999808,36.984289318327285
crop tight q95,95,1786,38.999808,42.396929780389485
crop tight jp2,-1,1499,38.999808,35.8026385084894
crop context q20,20,1018,38.999808,29.760613825753186
crop context q40,40,1206,38.999808,32.90097123398673
crop context q60,60,1353,38.999808,34.76380914206504
crop context q80,80,1647,38.999808,37.245556620852426
crop context q95,95,2682,38.999808,42.939984997792024
crop context jp2,-1,2945,38.999808,37.84156104246576
crop wake q20,20,1609,38.999808,30.231882251124045
crop wake q40,40,2038,38.999808,33.46740814309154
crop wake q60,60,2412,38.999808,35.30558420441586
crop wake q80,80,3104,38.999808,37.988030616986734
crop wake q95,95,5576,38.999808,43.31635412715656
crop wake jp2,-1,7117,38.999808,39.21877750911461
crop tight q20,20,802,35.000064,30.76892835699553
crop tight q40,40,878,35.000064,33.753040171440965
crop tight q60,60,942,35.000064,35.4160238870896
crop tight q80,80,1073,35.000064,38.032616741489676
crop tight q95,95,1486,35.000064,43.39771467081768
crop tight jp2,-1,1236,35.000064,35.716239784859724
crop context q20,20,944,35.000064,30.54872085888106
crop context q40,40,1073,35.000064,33.67354065727596
crop context q60,60,1181,35.000064,35.41205692425408
crop context q80,80,1401,35.000064,37.89978435946406
crop context q95,95,2187,35.000064,43.169470670025504
crop context jp2,-1,2366,35.000064,37.830482131133124
crop wake q20,20,1358,35.000064,30.75989116519031
crop wake q40,40,1669,35.000064,33.77316427681527
crop wake q60,60,1935,35.000064,35.45520421352202
crop wake q80,80,2480,35.000064,38.110185272380754
crop wake q95,95,4325,35.000064,43.50058177964145
crop wake jp2,-1,5722,35.000064,39.23566438600582
crop tight q20,20,850,40.99968,30.312450337446695
crop tight q40,40,944,40.99968,33.39356922700325
crop tight q60,60,1022,40.99968,35.17338314864994
crop tight q80,80,1190,40.99968,38.09619585512547
crop tight q95,95,1747,40.99968,43.186125096305105
crop tight jp2,-1,1730,40.99968,36.8808507227816
crop context q20,20,1099,40.99968,30.266253187803535
crop context q40,40,1294,40.99968,33.50146379428601
crop context q60,60,1465,40.99968,35.03033667733037
crop context q80,80,1812,40.99968,37.850921248093094
crop context q95,95,3026,40.99968,43.41544859832418
crop context jp2,-1,3239,40.99968,38.39483262099489
crop wake q20,20,1655,40.99968,30.63804888242345
crop wake q40,40,2085,40.99968,33.61397976349473
crop wake q60,60,2456,40.99968,35.44745887094835
crop wake q80,80,3217,40.99968,38.011121167892895
crop wake q95,95,5831,40.99968,43.550309314375745
crop wake jp2,-1,7603,40.99968,39.07117905855144
crop tight q20,20,1444,86.999808,30.75454442818547
crop tight q40,40,1806,86.999808,33.960290715176306
crop tight q60,60,2108,86.999808,35.84035178064378
crop tight q80,80,2713,86.999808,38.966243037933204
crop tight q95,95,4704,86.999808,45.07910337675645
crop tight jp2,-1,6238,86.999808,40.06380189974246
crop context q20,20,1969,86.999808,30.700550658205454
crop context q40,40,2550,86.999808,34.03720292838456
crop context q60,60,3043,86.999808,35.840972655361
crop context q80,80,4067,86.999808,39.09314499713855
crop context q95,95,7218,86.999808,45.06905782273324
crop context jp2,-1,10588,86.999808,39.97283771508716
crop wake q20,20,3464,86.999808,30.74985219940814
crop wake q40,40,4700,86.999808,33.862297199254215
crop wake q60,60,5660,86.999808,35.86761930557393
crop wake q80,80,8337,86.999808,42.698428515926054
crop wake q95,95,13595,86.999808,56.66268778610397
crop wake jp2,-1,23199,86.999808,40.473479851472625
thumbnail 96px,60,1005,,
whole tile q40,40,28049,,38.67889687171361
whole tile q60,60,37017,,40.90133548925439
crop tight q20,20,2745,241.99987199999998,33.87703329133916
crop tight q40,40,4175,241.99987199999998,37.479544419894154
crop tight q60,60,5635,241.99987199999998,39.33711185289182
crop tight q80,80,8417,241.99987199999998,42.05075527825231
crop tight q95,95,17556,241.99987199999998,46.39278301419746
crop tight jp2,-1,47455,241.99987199999998,49.36263612397817
crop context q20,20,3617,241.99987199999998,34.631570073369126
crop context q40,40,5889,241.99987199999998,38.20865397209121
crop context q60,60,8296,241.99987199999998,40.32704379889769
crop context q80,80,12815,241.99987199999998,43.475382044773816
crop context q95,95,26301,241.99987199999998,48.85806904653717
crop context jp2,-1,81114,241.99987199999998,50.05626815600438
crop wake q20,20,5437,241.99987199999998,35.03949366767442
crop wake q40,40,9257,241.99987199999998,38.57174261496261
crop wake q60,60,13438,241.99987199999998,40.803890258854835
crop wake q80,80,21095,241.99987199999998,43.83089485873218
crop wake q95,95,43828,241.99987199999998,48.95920227673037
crop wake jp2,-1,144427,241.99987199999998,50.47577273740262
crop tight q20,20,1900,164.000256,33.90611831583013
crop tight q40,40,2755,164.000256,37.52702093421966
crop tight q60,60,3610,164.000256,39.42178330839084
crop tight q80,80,5226,164.000256,42.35836455535113
crop tight q95,95,10397,164.000256,47.42423892478313
crop tight jp2,-1,26735,164.000256,48.91472057503235
crop context q20,20,2843,164.000256,34.251602452873264
crop context q40,40,4441,164.000256,37.92961860811738
crop context q60,60,5969,164.000256,39.78356958572215
crop context q80,80,8841,164.000256,42.68178051781797
crop context q95,95,18263,164.000256,47.04543025197795
crop context jp2,-1,51805,164.000256,49.3655167057188
crop wake q20,20,5272,164.000256,34.46127368814913
crop wake q40,40,9058,164.000256,38.47261939655867
crop wake q60,60,12604,164.000256,40.54568594735224
crop wake q80,80,19542,164.000256,43.8640193663291
crop wake q95,95,39773,164.000256,49.548267090574626
crop wake jp2,-1,123151,164.000256,49.87797490960052
thumbnail 96px,60,1419,,
whole tile q40,40,30321,,38.95777354712613
whole tile q60,60,38463,,41.358553623325975
crop tight q20,20,3193,263.00006399999995,35.7663330098504
crop tight q40,40,4960,263.00006399999995,38.67265467786038
crop tight q60,60,6695,263.00006399999995,40.99579717456956
crop tight q80,80,10109,263.00006399999995,43.637072750731534
crop tight q95,95,21594,263.00006399999995,47.95370646398074
crop tight jp2,-1,67935,263.00006399999995,51.17981434867729
crop context q20,20,5723,263.00006399999995,35.75439927347724
crop context q40,40,9222,263.00006399999995,38.985386345971015
crop context q60,60,12478,263.00006399999995,41.05874495240777
crop context q80,80,19064,263.00006399999995,43.678130901292455
crop context q95,95,41115,263.00006399999995,47.8619332614927
crop context jp2,-1,132132,263.00006399999995,51.41179860532595
crop wake q20,20,13389,263.00006399999995,35.725087952884834
crop wake q40,40,21804,263.00006399999995,39.03094562851102
crop wake q60,60,29728,263.00006399999995,41.10095728544137
crop wake q80,80,45790,263.00006399999995,43.834521880379455
crop wake q95,95,100458,263.00006399999995,48.225543164476065
crop wake jp2,-1,324384,263.00006399999995,51.472640003684475
crop tight q20,20,737,32.000256,32.60006224422314
crop tight q40,40,790,32.000256,35.66398882627916
crop tight q60,60,832,32.000256,37.10301160909448
crop tight q80,80,924,32.000256,39.821698936843774
crop tight q95,95,1222,32.000256,44.08320768419193
crop tight jp2,-1,1040,32.000256,40.66428354233722
crop context q20,20,792,32.000256,32.68198880760091
crop context q40,40,888,32.000256,36.01117811156388
crop context q60,60,962,32.000256,37.93545388286678
crop context q80,80,1118,32.000256,40.4968498842064
crop context q95,95,1625,32.000256,44.87410792032887
crop context jp2,-1,1935,32.000256,44.01973110810527
crop wake q20,20,965,32.000256,33.74723203849122
crop wake q40,40,1161,32.000256,37.37366000428331
crop wake q60,60,1317,32.000256,39.22307117008118
crop wake q80,80,1671,32.000256,42.34543454459846
crop wake q95,95,2687,32.000256,47.225852751636886
crop wake jp2,-1,4905,32.000256,47.222629530242656
thumbnail 96px,60,900,,
whole tile q40,40,21259,,39.50285373203583
whole tile q60,60,29389,,41.626604337504546
crop tight q20,20,637,12.0,34.12033479263925
crop tight q40,40,646,12.0,38.65068877480906
crop tight q60,60,651,12.0,39.99706016771069
crop tight q80,80,663,12.0,41.72714578609944
crop tight q95,95,701,12.0,45.830851559398994
crop context q20,20,654,12.0,35.27957505273623
crop context q40,40,666,12.0,38.74211526854931
crop context q60,60,676,12.0,41.02477832183205
crop context q80,80,695,12.0,42.50013638392201
crop context q95,95,777,12.0,46.90252036497084
crop wake q20,20,655,12.0,37.10977112333221
crop wake q40,40,677,12.0,39.328809780941526
crop wake q60,60,694,12.0,40.656685411267325
crop wake q80,80,732,12.0,42.44053443390964
crop wake q95,95,868,12.0,47.12582174774853
thumbnail 96px,60,1161,,
whole tile q40,40,38237,,37.84013802602741
whole tile q60,60,48156,,40.566775127387196
crop tight q20,20,857,51.99974400000001,32.22693661361727
crop tight q40,40,989,51.99974400000001,35.3769306834086
crop tight q60,60,1101,51.99974400000001,37.481361519567386
crop tight q80,80,1319,51.99974400000001,39.98502980542377
crop tight q95,95,2072,51.99974400000001,44.28849506978483
crop tight jp2,-1,2671,51.99974400000001,43.746110262685754
crop context q20,20,1044,51.99974400000001,32.72781528983018
crop context q40,40,1286,51.99974400000001,36.28863916026715
crop context q60,60,1480,51.99974400000001,38.27170419571412
crop context q80,80,1862,51.99974400000001,40.82738610971535
crop context q95,95,3179,51.99974400000001,45.33119760196364
crop context jp2,-1,5211,51.99974400000001,45.06654290209826
crop wake q20,20,1550,51.99974400000001,33.54174324194854
crop wake q40,40,2067,51.99974400000001,36.973055049890505
crop wake q60,60,2474,51.99974400000001,39.164181059347015
crop wake q80,80,3355,51.99974400000001,42.34598111338215
crop wake q95,95,5981,51.99974400000001,47.45571617770931
crop wake jp2,-1,12579,51.99974400000001,46.05729875539293
thumbnail 96px,60,1104,,
whole tile q40,40,31085,,38.73600966138338
whole tile q60,60,39917,,41.100190381931014
crop tight q20,20,682,38.999808,37.12280619951319
crop tight q40,40,720,38.999808,39.29285132449611
crop tight q60,60,763,38.999808,40.80050724489051
crop tight q80,80,842,38.999808,43.664448820898514
crop tight q95,95,1134,38.999808,48.03821214315669
crop tight jp2,-1,1473,38.999808,48.17932876459879
crop context q20,20,712,38.999808,38.01271298379126
crop context q40,40,776,38.999808,40.110444356017645
crop context q60,60,852,38.999808,41.8773245322044
crop context q80,80,994,38.999808,45.17157786957665
crop context q95,95,1448,38.999808,50.018637505772304
crop context jp2,-1,2904,38.999808,50.18254206745864
crop wake q20,20,863,38.999808,38.441904996668654
crop wake q40,40,1017,38.999808,40.12712248951822
crop wake q60,60,1206,38.999808,41.8088304787992
crop wake q80,80,1549,38.999808,44.71583491786192
crop wake q95,95,2715,38.999808,48.96743658633753
crop wake jp2,-1,7032,38.999808,51.281630188781705
crop tight q20,20,659,20.000256,33.93365039285912
crop tight q40,40,675,20.000256,37.65120041214098
crop tight q60,60,688,20.000256,39.04652798577969
crop tight q80,80,718,20.000256,42.18124842060796
crop tight q95,95,805,20.000256,46.678916029851365
crop context q20,20,663,20.000256,34.69169389570296
crop context q40,40,684,20.000256,37.83556567989086
crop context q60,60,708,20.000256,40.17087271767994
crop context q80,80,754,20.000256,42.54201562105106
crop context q95,95,895,20.000256,48.0426402706065
crop context jp2,-1,762,20.000256,42.979899304007255
crop wake q20,20,718,20.000256,37.05879250783067
crop wake q40,40,769,20.000256,38.96437238078645
crop wake q60,60,824,20.000256,40.921377891747554
crop wake q80,80,930,20.000256,43.44443477456928
crop wake q95,95,1310,20.000256,47.73238743156945
crop wake jp2,-1,1929,20.000256,48.750972804777454
crop tight q20,20,657,23.000064,35.18468487093256
crop tight q40,40,673,23.000064,38.04744822281438
crop tight q60,60,688,23.000064,39.48597363173883
crop tight q80,80,724,23.000064,42.147302530227066
crop tight q95,95,839,23.000064,46.73455858410705
crop context q20,20,676,23.000064,36.596497597441854
crop context q40,40,699,23.000064,38.53950617061607
crop context q60,60,726,23.000064,41.14199744801812
crop context q80,80,783,23.000064,43.35624132876077
crop context q95,95,978,23.000064,47.36195028355776
crop context jp2,-1,983,23.000064,47.11194725383626
crop wake q20,20,718,23.000064,37.72333667244001
crop wake q40,40,779,23.000064,39.883654822220294
crop wake q60,60,847,23.000064,41.5096101764054
crop wake q80,80,987,23.000064,44.42217625586399
crop wake q95,95,1439,23.000064,48.68351285383858
crop wake jp2,-1,2467,23.000064,49.74760455492644
crop tight q20,20,717,33.000192,33.58886287336518
crop tight q40,40,758,33.000192,37.09168028633372
crop tight q60,60,794,33.000192,39.47512259400335
crop tight q80,80,862,33.000192,42.208082963663784
crop tight q95,95,1101,33.000192,46.354131965321784
crop tight jp2,-1,1069,33.000192,43.111469737595804
crop context q20,20,761,33.000192,34.00477200263825
crop context q40,40,837,33.000192,37.56503682280656
crop context q60,60,904,33.000192,39.55052445610735
crop context q80,80,1032,33.000192,42.374133403072534
crop context q95,95,1483,33.000192,46.387435331399985
crop context jp2,-1,2067,33.000192,45.93887081429601
crop wake q20,20,925,33.000192,34.72878358416871
crop wake q40,40,1072,33.000192,38.25265227925988
crop wake q60,60,1234,33.000192,39.98530656798755
crop wake q80,80,1517,33.000192,42.9242150299189
crop wake q95,95,2583,33.000192,46.98898182594856
crop wake jp2,-1,5120,33.000192,48.82294786434763
crop tight q20,20,974,71.00006400000001,33.64792775206187
crop tight q40,40,1178,71.00006400000001,36.94109709330168
crop tight q60,60,1344,71.00006400000001,39.22805288555813
crop tight q80,80,1664,71.00006400000001,41.88883465648013
crop tight q95,95,2769,71.00006400000001,46.19460908367625
crop tight jp2,-1,4984,71.00006400000001,46.375270691737136
crop context q20,20,1260,71.00006400000001,33.697402466023306
crop context q40,40,1625,71.00006400000001,37.213034041440864
crop context q60,60,1930,71.00006400000001,39.34321934028516
crop context q80,80,2532,71.00006400000001,42.24038649968476
crop context q95,95,4571,71.00006400000001,46.48459426228701
crop context jp2,-1,9594,71.00006400000001,46.90660552958664
crop wake q20,20,2070,71.00006400000001,33.873536262660416
crop wake q40,40,2952,71.00006400000001,37.36982457138969
crop wake q60,60,3682,71.00006400000001,39.65247833772399
crop wake q80,80,5087,71.00006400000001,42.506423776807374
crop wake q95,95,9813,71.00006400000001,46.87459844391909
crop wake jp2,-1,23390,71.00006400000001,47.487843355299155
crop tight q20,20,751,49.999871999999996,34.78734301026199
crop tight q40,40,836,49.999871999999996,37.87733298817527
crop tight q60,60,919,49.999871999999996,39.80300266169412
crop tight q80,80,1074,49.999871999999996,42.562978946860646
crop tight q95,95,1588,49.999871999999996,46.70878287814637
crop tight jp2,-1,2446,49.999871999999996,47.89831505164818
crop context q20,20,811,49.999871999999996,35.550792059137684
crop context q40,40,951,49.999871999999996,38.398355580942656
crop context q60,60,1101,49.999871999999996,40.457718147685526
crop context q80,80,1350,49.999871999999996,43.643789138164315
crop context q95,95,2168,49.999871999999996,48.53475491206389
crop context jp2,-1,4600,49.999871999999996,49.00110931122267
crop wake q20,20,1052,49.999871999999996,35.896740098830776
crop wake q40,40,1404,49.999871999999996,38.68119945998461
crop wake q60,60,1731,49.999871999999996,40.63885952345322
crop wake q80,80,2361,49.999871999999996,43.34273064914654
crop wake q95,95,4414,49.999871999999996,47.440934529863355
crop wake jp2,-1,11528,49.999871999999996,50.11323703484237
crop tight q20,20,721,38.999808,32.88299024620763
crop tight q40,40,793,38.999808,36.4043743016379
crop tight q60,60,840,38.999808,38.81747878326807
crop tight q80,80,942,38.999808,41.3599337553964
crop tight q95,95,1301,38.999808,45.565385216710595
crop tight jp2,-1,1459,38.999808,44.19438702158982
crop context q20,20,778,38.999808,34.17702763059327
crop context q40,40,883,38.999808,37.27704502850291
crop context q60,60,972,38.999808,39.53595078478287
crop context q80,80,1157,38.999808,42.11679926870513
crop context q95,95,1750,38.999808,46.0209954378346
crop context jp2,-1,2881,38.999808,46.9655484483191
crop wake q20,20,994,38.999808,34.9835290207386
crop wake q40,40,1223,38.999808,38.209809071124226
crop wake q60,60,1433,38.999808,40.46358115751856
crop wake q80,80,1856,38.999808,43.51185792173629
crop wake q95,95,3173,38.999808,48.34048141613059
crop wake jp2,-1,7003,38.999808,49.012718361293224
crop tight q20,20,681,26.999808,33.05454625909826
crop tight q40,40,709,26.999808,36.747879343753276
crop tight q60,60,733,26.999808,38.405364200266504
crop tight q80,80,784,26.999808,41.46351607215611
crop tight q95,95,960,26.999808,45.76553585785457
crop tight jp2,-1,780,26.999808,40.877282116996206
crop context q20,20,733,26.999808,32.836294920801656
crop context q40,40,795,26.999808,36.95962071516095
crop context q60,60,852,26.999808,38.96282105435573
crop context q80,80,958,26.999808,42.339939067218026
crop context q95,95,1297,26.999808,46.93843124364983
crop context jp2,-1,1467,26.999808,44.00032427718934
crop wake q20,20,868,26.999808,32.996123660846905
crop wake q40,40,1028,26.999808,37.14031684367348
crop wake q60,60,1139,26.999808,39.31695369926963
crop wake q80,80,1370,26.999808,42.41510542160404
crop wake q95,95,2157,26.999808,46.873440209211935
crop wake jp2,-1,3413,26.999808,45.49173432634031
crop tight q20,20,775,66.000384,36.48362350179078
crop tight q40,40,893,66.000384,38.98836191368504
crop tight q60,60,1020,66.000384,40.87498272564665
crop tight q80,80,1260,66.000384,43.31855711715303
crop tight q95,95,2033,66.000384,47.44070397914563
crop tight jp2,-1,4091,66.000384,49.70931150790379
crop context q20,20,914,66.000384,36.77324508680883
crop context q40,40,1145,66.000384,39.09657193984195
crop context q60,60,1364,66.000384,41.193023506291226
crop context q80,80,1817,66.000384,43.82806662213489
crop context q95,95,3247,66.000384,48.03420521656349
crop context jp2,-1,8248,66.000384,50.75219792625048
crop wake q20,20,1416,66.000384,36.05151853389827
crop wake q40,40,1977,66.000384,38.94011839544238
crop wake q60,60,2564,66.000384,41.105143378557955
crop wake q80,80,3659,66.000384,44.075538673175664
crop wake q95,95,6978,66.000384,49.6963904289654
crop wake jp2,-1,20531,66.000384,50.59389090743599
crop tight q20,20,663,19.000320000000002,34.42267141354902
crop tight q40,40,678,19.000320000000002,38.195287484172454
crop tight q60,60,686,19.000320000000002,39.728377009473796
crop tight q80,80,716,19.000320000000002,45.6765606968128
crop tight q95,95,785,19.000320000000002,51.368277504402144
crop context q20,20,664,19.000320000000002,34.923495573666955
crop context q40,40,685,19.000320000000002,37.54078255883455
crop context q60,60,711,19.000320000000002,39.480641788327866
crop context q80,80,755,19.000320000000002,41.894865244161906
crop context q95,95,903,19.000320000000002,46.983952487301856
crop wake q20,20,682,19.000320000000002,37.34423017545791
crop wake q40,40,726,19.000320000000002,39.03481290112471
crop wake q60,60,767,19.000320000000002,41.13495037931073
crop wake q80,80,854,19.000320000000002,43.524800510372415
crop wake q95,95,1136,19.000320000000002,47.58977814202908
crop wake jp2,-1,1738,19.000320000000002,48.521732061010745
crop tight q20,20,911,66.000384,33.46445119785106
crop tight q40,40,1079,66.000384,36.63502960935295
crop tight q60,60,1222,66.000384,38.73035956201289
crop tight q80,80,1520,66.000384,41.37521766042957
crop tight q95,95,2544,66.000384,45.595184977706566
crop tight jp2,-1,4240,66.000384,45.82168558869526
crop context q20,20,1148,66.000384,33.830912247661246
crop context q40,40,1466,66.000384,37.321629491422335
crop context q60,60,1745,66.000384,39.4446426219289
crop context q80,80,2295,66.000384,42.523743750182305
crop context q95,95,3962,66.000384,47.11374022860642
crop context jp2,-1,8291,66.000384,47.13168407070633
crop wake q20,20,1797,66.000384,34.18859958422219
crop wake q40,40,2548,66.000384,37.63534013772751
crop wake q60,60,3175,66.000384,39.85674431131996
crop wake q80,80,4369,66.000384,42.88878086433825
crop wake q95,95,8290,66.000384,48.18537248444957
crop wake jp2,-1,20498,66.000384,48.515526987172436
crop tight q20,20,682,31.00032,35.54063422834643
crop tight q40,40,714,31.00032,38.3374889809711
crop tight q60,60,742,31.00032,40.12878969741193
crop tight q80,80,808,31.00032,42.720226876996165
crop tight q95,95,1024,31.00032,46.47312880270793
crop tight jp2,-1,984,31.00032,45.60134969319495
crop context q20,20,718,31.00032,36.47673788659882
crop context q40,40,771,31.00032,39.02562700186924
crop context q60,60,818,31.00032,40.73634606594511
crop context q80,80,935,31.00032,43.64003255758597
crop context q95,95,1291,31.00032,47.5602313240062
crop context jp2,-1,1860,31.00032,48.52768166192636
crop wake q20,20,761,31.00032,37.16099910604319
crop wake q40,40,867,31.00032,39.45352201649563
crop wake q60,60,993,31.00032,41.603333996904794
crop wake q80,80,1224,31.00032,45.46902693433619
crop wake q95,95,1910,31.00032,50.918482588763716
crop wake jp2,-1,4425,31.00032,50.06836454866054
crop tight q20,20,719,44.000256,36.38934028212831
crop tight q40,40,778,44.000256,38.66373285897771
crop tight q60,60,837,44.000256,40.70391351961763
crop tight q80,80,943,44.000256,43.140539264135086
crop tight q95,95,1334,44.000256,47.19376899002001
crop tight jp2,-1,1950,44.000256,47.81528240010215
crop context q20,20,755,44.000256,37.18923282108249
crop context q40,40,862,44.000256,39.40401524140748
crop context q60,60,961,44.000256,41.2534513651788
crop context q80,80,1151,44.000256,44.01586905275056
crop context q95,95,1793,44.000256,47.96459218190642
crop context jp2,-1,3652,44.000256,49.54535453220289
crop wake q20,20,864,44.000256,38.14241561837225
crop wake q40,40,1081,44.000256,39.93915410604878
crop wake q60,60,1332,44.000256,41.82099765024211
crop wake q80,80,1766,44.000256,44.58288201968239
crop wake q95,95,3194,44.000256,49.144248374683855
crop wake jp2,-1,8795,44.000256,50.70324169758801
thumbnail 96px,60,2078,,
whole tile q40,40,57622,,36.19158240996864
whole tile q60,60,71570,,38.44579010842129
crop tight q20,20,667,13.999872,31.727124360845224
crop tight q40,40,683,13.999872,34.850089277498796
crop tight q60,60,695,13.999872,36.97329775734343
crop tight q80,80,718,13.999872,39.39658512432213
crop tight q95,95,799,13.999872,44.57295096792929
crop context q20,20,669,13.999872,32.76090985109687
crop context q40,40,690,13.999872,36.31982771113073
crop context q60,60,701,13.999872,38.00219243317265
crop context q80,80,731,13.999872,40.54711366009009
crop context q95,95,846,13.999872,44.67608443484725
crop wake q20,20,726,13.999872,32.86857186469934
crop wake q40,40,775,13.999872,36.35856099107776
crop wake q60,60,811,13.999872,38.48368654029113
crop wake q80,80,894,13.999872,41.17980081971217
crop wake q95,95,1148,13.999872,47.159576794055845
crop wake jp2,-1,935,13.999872,40.62241478230799
crop tight q20,20,672,16.999679999999998,30.764315964000964
crop tight q40,40,694,16.999679999999998,33.622669483188226
crop tight q60,60,708,16.999679999999998,35.32369250610279
crop tight q80,80,744,16.999679999999998,38.08974026100473
crop tight q95,95,869,16.999679999999998,43.99920357926288
crop context q20,20,696,16.999679999999998,32.12703938531864
crop context q40,40,731,16.999679999999998,35.1436463761195
crop context q60,60,755,16.999679999999998,37.602405480164066
crop context q80,80,814,16.999679999999998,42.64655432885419
crop context q95,95,964,16.999679999999998,50.55795382231972
crop wake q20,20,765,16.999679999999998,32.085816474972255
crop wake q40,40,820,16.999679999999998,35.90174233801573
crop wake q60,60,882,16.999679999999998,37.52239815486158
crop wake q80,80,994,16.999679999999998,40.37219316306935
crop wake q95,95,1392,16.999679999999998,45.605795889794585
crop wake jp2,-1,1339,16.999679999999998,40.91734666314893
thumbnail 96px,60,1110,,
whole tile q40,40,29577,,38.15153819337118
whole tile q60,60,40604,,40.117808667671035
crop tight q20,20,4548,261.00019199999997,33.61445027626085
crop tight q40,40,6738,261.00019199999997,36.628184733729775
crop tight q60,60,8949,261.00019199999997,38.54289348349522
crop tight q80,80,13442,261.00019199999997,41.735673081835216
crop tight q95,95,26792,261.00019199999997,47.1076864831022
crop tight jp2,-1,67418,261.00019199999997,48.4504733410416
crop context q20,20,7191,261.00019199999997,34.30417883727694
crop context q40,40,10717,261.00019199999997,37.35272515649248
crop context q60,60,14644,261.00019199999997,39.14951693971298
crop context q80,80,22351,261.00019199999997,41.75463805290669
crop context q95,95,48226,261.00019199999997,46.15767675745937
crop context jp2,-1,131017,261.00019199999997,49.51917700258208
crop wake q20,20,13085,261.00019199999997,34.73052406153168
crop wake q40,40,20142,261.00019199999997,37.92762137216957
crop wake q60,60,28277,261.00019199999997,39.81985984185682
crop wake q80,80,44610,261.00019199999997,42.88742495928141
crop wake q95,95,93750,261.00019199999997,48.24569388275596
crop wake jp2,-1,279434,261.00019199999997,49.98196477630238
thumbnail 96px,60,980,,
whole tile q40,40,21217,,39.31710092171856
whole tile q60,60,30485,,41.56772038945018
crop tight q20,20,1809,166.00012800000002,34.43727712571449
crop tight q40,40,2621,166.00012800000002,37.149088471275284
crop tight q60,60,3505,166.00012800000002,39.418915670189044
crop tight q80,80,5067,166.00012800000002,42.46266627656867
crop tight q95,95,10034,166.00012800000002,47.41560839907595
crop tight jp2,-1,27332,166.00012800000002,49.54899723989293
crop context q20,20,2511,166.00012800000002,35.217251165908564
crop context q40,40,3832,166.00012800000002,38.10376360869795
crop context q60,60,5401,166.00012800000002,40.270011145764244
crop context q80,80,8323,166.00012800000002,43.106004210909944
crop context q95,95,17081,166.00012800000002,47.9334974977801
crop context jp2,-1,52157,166.00012800000002,50.43352219493241
crop wake q20,20,4056,166.00012800000002,35.866958705001636
crop wake q40,40,6773,166.00012800000002,38.92637028697516
crop wake q60,60,9434,166.00012800000002,41.272952085962906
crop wake q80,80,18316,166.00012800000002,47.51239649707862
crop wake q95,95,31337,166.00012800000002,60.55649602458976
crop wake jp2,-1,123158,166.00012800000002,51.51740373628458
crop tight q20,20,665,18.000384,31.10513056285795
crop tight q40,40,685,18.000384,33.095490680674615
crop tight q60,60,706,18.000384,35.51081541758244
crop tight q80,80,743,18.000384,37.97807101590421
crop tight q95,95,862,18.000384,42.85573208478467
crop context q20,20,669,18.000384,32.13469739370362
crop context q40,40,698,18.000384,35.36339426390856
crop context q60,60,728,18.000384,37.09869452249223
crop context q80,80,777,18.000384,39.5535680003303
crop context q95,95,947,18.000384,43.413407681381166
crop wake q20,20,693,18.000384,34.79524372665824
crop wake q40,40,741,18.000384,36.901446329572536
crop wake q60,60,792,18.000384,38.954708701574525
crop wake q80,80,895,18.000384,41.59821231841665
crop wake q95,95,1216,18.000384,45.600281062734076
crop wake jp2,-1,1537,18.000384,45.87055657914532
crop tight q20,20,1226,93.000192,32.63878882720246
crop tight q40,40,1568,93.000192,35.68730860965377
crop tight q60,60,1879,93.000192,37.57684870716205
crop tight q80,80,2481,93.000192,40.16105022352388
crop tight q95,95,4542,93.000192,44.54994317087498
crop tight jp2,-1,8381,93.000192,45.89418743683844
crop context q20,20,1514,93.000192,33.83467851400834
crop context q40,40,2054,93.000192,36.81837952830726
crop context q60,60,2594,93.000192,38.9800405932245
crop context q80,80,3637,93.000192,41.72722115453712
crop context q95,95,6818,93.000192,46.288572698230425
crop context jp2,-1,16421,93.000192,48.80394113975893
crop wake q20,20,2197,93.000192,34.796241840917084
crop wake q40,40,3209,93.000192,37.644742770465164
crop wake q60,60,4471,93.000192,39.8116816708498
crop wake q80,80,6613,93.000192,42.532947969174245
crop wake q95,95,13775,93.000192,46.562777985501704
crop wake jp2,-1,40315,93.000192,50.1005983755234
crop tight q20,20,1570,133.99987199999998,33.281900237213826
crop tight q40,40,2163,133.99987199999998,36.29536270242411
crop tight q60,60,2731,133.99987199999998,38.2202416415852
crop tight q80,80,3803,133.99987199999998,41.09803237181336
crop tight q95,95,7178,133.99987199999998,45.97175038019426
crop tight jp2,-1,15311,133.99987199999998,47.22196383878385
crop context q20,20,1846,133.99987199999998,34.357454075526036
crop context q40,40,2640,133.99987199999998,37.15753655341401
crop context q60,60,3503,133.99987199999998,39.23512892471118
crop context q80,80,5126,133.99987199999998,41.80210348300204
crop context q95,95,10265,133.99987199999998,46.144345013601146
crop context jp2,-1,26098,133.99987199999998,49.17043927321978
crop wake q20,20,2445,133.99987199999998,35.520000853951515
crop wake q40,40,3843,133.99987199999998,38.22064162256195
crop wake q60,60,5548,133.99987199999998,40.6492643811501
crop wake q80,80,8583,133.99987199999998,44.18642371429655
crop wake q95,95,17284,133.99987199999998,49.192618427560156
crop wake jp2,-1,55995,133.99987199999998,50.56591312356552
thumbnail 96px,60,1427,,
whole tile q40,40,26648,,38.57644274658676
whole tile q60,60,35275,,40.94332571034417
crop tight q20,20,667,14.999808,29.644161596039694
crop tight q40,40,684,14.999808,33.91286933580887
crop tight q60,60,703,14.999808,36.53348573821567
crop tight q80,80,732,14.999808,39.22454675667363
crop tight q95,95,823,14.999808,43.528137544434145
crop context q20,20,670,14.999808,30.344100171526524
crop context q40,40,696,14.999808,32.91031786676206
crop context q60,60,715,14.999808,34.61244268415156
crop context q80,80,755,14.999808,38.11875664318742
crop context q95,95,879,14.999808,42.62880336007041
crop wake q20,20,733,14.999808,31.437235651969345
crop wake q40,40,785,14.999808,35.03995062175333
crop wake q60,60,824,14.999808,36.40209102353851
crop wake q80,80,918,14.999808,38.93393946579286
crop wake q95,95,1204,14.999808,43.59616622896798
crop wake jp2,-1,1096,14.999808,41.56074872481532
crop tight q20,20,3199,218.99980800000003,33.390895724093035
crop tight q40,40,4747,218.99980800000003,36.56424554825586
crop tight q60,60,6174,218.99980800000003,38.88632498656604
crop tight q80,80,8902,218.99980800000003,41.80759800942997
crop tight q95,95,17415,218.99980800000003,46.71883468115915
crop tight jp2,-1,44080,218.99980800000003,49.12590453046967
crop context q20,20,4012,218.99980800000003,34.15804202779138
crop context q40,40,6298,218.99980800000003,37.12685051391614
crop context q60,60,8448,218.99980800000003,39.469578272756294
crop context q80,80,12694,218.99980800000003,42.97855354186902
crop context q95,95,24835,218.99980800000003,47.96792096971202
crop context jp2,-1,71198,218.99980800000003,49.87515491094112
crop wake q20,20,5832,218.99980800000003,34.92143113872556
crop wake q40,40,9561,218.99980800000003,37.791869926169824
crop wake q60,60,13123,218.99980800000003,40.04448632360181
crop wake q80,80,20076,218.99980800000003,43.607578887783866
crop wake q95,95,40071,218.99980800000003,48.620604841790765
crop wake jp2,-1,124251,218.99980800000003,50.585655614319656
thumbnail 96px,60,906,,
whole tile q40,40,41751,,37.479970813789514
whole tile q60,60,52160,,40.26465470258102
crop tight q20,20,716,23.000064,29.567055268619804
crop tight q40,40,763,23.000064,32.56514432357136
crop tight q60,60,800,23.000064,34.00453111360474
crop tight q80,80,871,23.000064,36.553828531688765
crop tight q95,95,1123,23.000064,41.78500717823234
crop context q20,20,770,23.000064,30.05660821829118
crop context q40,40,834,23.000064,33.2158195719833
crop context q60,60,893,23.000064,35.35500985709365
crop context q80,80,1007,23.000064,38.46175603977227
crop context q95,95,1343,23.000064,43.05599978051877
crop context jp2,-1,1014,23.000064,36.186660254308094
crop wake q20,20,877,23.000064,31.970332124602695
crop wake q40,40,1002,23.000064,34.74558379276305
crop wake q60,60,1107,23.000064,36.43589774447201
crop wake q80,80,1322,23.000064,38.97574879972689
crop wake q95,95,2075,23.000064,43.834325903780126
crop wake jp2,-1,2464,23.000064,42.118641134053256
thumbnail 96px,60,998,,
whole tile q40,40,40522,,38.058917410882216
whole tile q60,60,50138,,40.31640510846785
crop tight q20,20,2840,190.00012800000002,33.52308457184829
crop tight q40,40,4269,190.00012800000002,36.85562461348066
crop tight q60,60,5418,190.00012800000002,38.88429383205552
crop tight q80,80,7619,190.00012800000002,41.79589395915208
crop tight q95,95,15195,190.00012800000002,46.26387176027617
crop tight jp2,-1,35947,190.00012800000002,48.142470280523085
crop context q20,20,4090,190.00012800000002,33.74543462031774
crop context q40,40,6444,190.00012800000002,37.25917643343128
crop context q60,60,8227,190.00012800000002,39.30708159815187
crop context q80,80,11743,190.00012800000002,42.170257491479866
crop context q95,95,24102,190.00012800000002,46.55665376029497
crop context jp2,-1,61044,190.00012800000002,48.44310698241382
crop wake q20,20,7563,190.00012800000002,33.93702681977239
crop wake q40,40,12140,190.00012800000002,37.65281586023259
crop wake q60,60,15753,190.00012800000002,39.661556305316964
crop wake q80,80,22778,190.00012800000002,42.62549129494629
crop wake q95,95,47118,190.00012800000002,47.13636538615958
crop wake jp2,-1,123738,190.00012800000002,48.81154475100429
crop tight q20,20,686,26.999808,31.555912667174113
crop tight q40,40,721,26.999808,35.03365669261724
crop tight q60,60,756,26.999808,37.485029412800536
crop tight q80,80,808,26.999808,40.02041492100112
crop tight q95,95,988,26.999808,44.558380439871456
crop tight jp2,-1,778,26.999808,40.77889123468871
crop context q20,20,751,26.999808,32.916554331268834
crop context q40,40,815,26.999808,35.70850635163743
crop context q60,60,878,26.999808,37.734860163009536
crop context q80,80,997,26.999808,40.42738147358789
crop context q95,95,1380,26.999808,44.716308488675494
crop context jp2,-1,1467,26.999808,43.83120186820325
crop wake q20,20,920,26.999808,32.56836999183528
crop wake q40,40,1099,26.999808,35.81430530668509
crop wake q60,60,1233,26.999808,37.911135421831816
crop wake q80,80,1498,26.999808,40.714558192380004
crop wake q95,95,2390,26.999808,44.98458792287796
crop wake jp2,-1,3430,26.999808,45.03187513062568
thumbnail 96px,60,868,,
whole tile q40,40,16184,,37.7630115799677
whole tile q60,60,23740,,39.422151305751015
crop tight q20,20,840,46.000128,27.71834333655036
crop tight q40,40,949,46.000128,30.029596820905656
crop tight q60,60,1069,46.000128,31.681240470630783
crop tight q80,80,1316,46.000128,34.5860085442718
crop tight q95,95,2110,46.000128,42.367498068243485
crop tight jp2,-1,2118,46.000128,37.99493755481981
crop context q20,20,930,46.000128,29.724471423272824
crop context q40,40,1089,46.000128,31.516989423089857
crop context q60,60,1276,46.000128,33.065158460976185
crop context q80,80,1677,46.000128,35.9533553936094
crop context q95,95,2952,46.000128,43.09848094645827
crop context jp2,-1,3983,46.000128,41.521167831854356
crop wake q20,20,1126,46.000128,32.07139253640115
crop wake q40,40,1407,46.000128,33.977652932913124
crop wake q60,60,1761,46.000128,35.36003041803194
crop wake q80,80,2578,46.000128,37.82792655598695
crop wake q95,95,5322,46.000128,43.86861318715174
crop wake jp2,-1,9921,46.000128,44.70548210317135
thumbnail 96px,60,917,,
whole tile q40,40,22531,,38.84832058294924
whole tile q60,60,32070,,41.68096562935082
crop tight q20,20,1732,160.99967999999998,34.69881794485247
crop tight q40,40,2626,160.99967999999998,37.54365466895065
crop tight q60,60,3462,160.99967999999998,39.74092267470803
crop tight q80,80,4997,160.99967999999998,42.681777269828444
crop tight q95,95,9647,160.99967999999998,47.809299333795565
crop tight jp2,-1,25205,160.99967999999998,49.005901638865346
crop context q20,20,2386,160.99967999999998,35.67557988277343
crop context q40,40,3848,160.99967999999998,38.15462509896673
crop context q60,60,5313,160.99967999999998,40.2000273083531
crop context q80,80,8088,160.99967999999998,42.74124336896194
crop context q95,95,17023,160.99967999999998,47.367844193703675
crop context jp2,-1,49147,160.99967999999998,49.922049316742076
crop wake q20,20,4035,160.99967999999998,36.53385647840957
crop wake q40,40,6962,160.99967999999998,38.75335743524965
crop wake q60,60,10328,160.99967999999998,40.82907449019324
crop wake q80,80,16463,160.99967999999998,43.19567697985339
crop wake q95,95,36626,160.99967999999998,47.67210198126883
crop wake jp2,-1,118289,160.99967999999998,50.810566710765826
thumbnail 96px,60,913,,
whole tile q40,40,17818,,39.99931816238336
whole tile q60,60,24486,,43.04238144964192
crop tight q20,20,1776,183.999744,36.09716907030539
crop tight q40,40,2391,183.999744,39.50370532805436
crop tight q60,60,3216,183.999744,42.034038183348315
crop tight q80,80,4857,183.999744,44.708742725247916
crop tight q95,95,10083,183.999744,48.74069244062005
crop tight jp2,-1,33055,183.999744,51.860589171023
crop context q20,20,2475,183.999744,36.32843559928776
crop context q40,40,3480,183.999744,39.778282566837404
crop context q60,60,4992,183.999744,42.37509325965501
crop context q80,80,8164,183.999744,44.992539688623346
crop context q95,95,17626,183.999744,49.448277733039575
crop context jp2,-1,65055,183.999744,52.97233575781067
crop wake q20,20,4184,183.999744,36.553986969013884
crop wake q40,40,6373,183.999744,40.03263015607821
crop wake q60,60,9660,183.999744,42.92429776992713
crop wake q80,80,16375,183.999744,46.044160363737994
crop wake q95,95,35009,183.999744,51.85798952269505
crop wake jp2,-1,138628,183.999744,55.0464847646209
thumbnail 96px,60,1706,,
whole tile q40,40,81029,,26.2963126100832
whole tile q60,60,104908,,27.621029392529863
crop tight q20,20,651,9.000192,24.180628308481708
crop tight q40,40,665,9.000192,26.881416408266304
crop tight q60,60,675,9.000192,28.800319770504235
crop tight q80,80,697,9.000192,32.37469223444031
crop tight q95,95,768,9.000192,42.32915976977253
crop context q20,20,654,9.000192,25.621544099382593
crop context q40,40,668,9.000192,26.880087108341144
crop context q60,60,679,9.000192,28.102973893271944
crop context q80,80,715,9.000192,31.58802276132896
crop context q95,95,798,9.000192,41.8573543236377
crop wake q20,20,686,9.000192,25.194104512897102
crop wake q40,40,713,9.000192,26.826003854254576
crop wake q60,60,749,9.000192,27.7010533899498
crop wake q80,80,817,9.000192,31.203766607090664
crop wake q95,95,1001,9.000192,41.31876513068674
thumbnail 96px,60,1269,,
whole tile q40,40,64463,,35.484333377967786
whole tile q60,60,79329,,37.71823810171866
crop tight q20,20,4176,182.999808,31.192391547830226
crop tight q40,40,5802,182.999808,34.33523629722343
crop tight q60,60,7156,182.999808,36.38266224122108
crop tight q80,80,9845,182.999808,39.40602245720531
crop tight q95,95,18912,182.999808,46.07773311871107
crop tight jp2,-1,30720,182.999808,42.154360566629194
crop context q20,20,6250,182.999808,31.601425046643232
crop context q40,40,8873,182.999808,34.83501632142559
crop context q60,60,11029,182.999808,36.83406552986269
crop context q80,80,15249,182.999808,39.83374379839298
crop context q95,95,29643,182.999808,46.14725020367895
crop context jp2,-1,51698,182.999808,42.80059176932414
crop wake q20,20,11855,182.999808,31.81906013343527
crop wake q40,40,17025,182.999808,35.134059212181114
crop wake q60,60,20903,182.999808,37.346912917209906
crop wake q80,80,31228,182.999808,43.513116727729255
crop wake q95,95,53442,182.999808,52.39172362356608
crop wake jp2,-1,109071,182.999808,43.29679471988838
crop tight q20,20,954,52.99968,31.624086568761733
crop tight q40,40,1102,52.99968,34.84017862268755
crop tight q60,60,1229,52.99968,36.914536677024145
crop tight q80,80,1487,52.99968,39.7458691033542
crop tight q95,95,2325,52.99968,45.70387131796921
crop tight jp2,-1,2710,52.99968,39.92277032268862
crop context q20,20,1242,52.99968,31.78447842048701
crop context q40,40,1523,52.99968,34.79803917866662
crop context q60,60,1758,52.99968,36.666813023293784
crop context q80,80,2218,52.99968,39.39770638641966
crop context q95,95,3793,52.99968,44.54983921030613
crop context jp2,-1,5294,52.99968,41.37389995833209
crop wake q20,20,1898,52.99968,31.93227261041296
crop wake q40,40,2476,52.99968,35.112994519086
crop wake q60,60,2962,52.99968,36.96325339770545
crop wake q80,80,3901,52.99968,39.65427788504621
crop wake q95,95,7215,52.99968,44.70765793305156
crop wake jp2,-1,11757,52.99968,42.75180593102252
thumbnail 96px,60,812,,
whole tile q40,40,31564,,37.852938680417104
whole tile q60,60,41504,,40.260286381074614
crop tight q20,20,647,12.999936000000002,29.706175926958785
crop tight q40,40,658,12.999936000000002,34.79612537602674
crop tight q60,60,666,12.999936000000002,36.73436842129723
crop tight q80,80,683,12.999936000000002,40.55601701788093
crop tight q95,95,733,12.999936000000002,44.86243113545014
crop context q20,20,661,12.999936000000002,31.55347452234336
crop context q40,40,678,12.999936000000002,35.06691086826526
crop context q60,60,695,12.999936000000002,37.13831463013068
crop context q80,80,726,12.999936000000002,38.98208529219693
crop context q95,95,827,12.999936000000002,43.04214115062534
crop wake q20,20,668,12.999936000000002,32.929287251036314
crop wake q40,40,705,12.999936000000002,36.308872132814066
crop wake q60,60,733,12.999936000000002,37.978969600852395
crop wake q80,80,787,12.999936000000002,41.26761858275497
crop wake q95,95,953,12.999936000000002,46.214372541060726
crop wake jp2,-1,784,12.999936000000002,40.63636949909998
thumbnail 96px,60,1136,,
whole tile q40,40,21986,,39.46956417983039
whole tile q60,60,29769,,41.87793646473973
crop tight q20,20,657,12.999936000000002,28.638917739791218
crop tight q40,40,671,12.999936000000002,30.99869906728882
crop tight q60,60,680,12.999936000000002,32.7808779763396
crop tight q80,80,707,12.999936000000002,34.93396104313805
crop tight q95,95,774,12.999936000000002,40.25833606186234
crop context q20,20,689,12.999936000000002,29.819371075528082
crop context q40,40,712,12.999936000000002,32.83572610558286
crop context q60,60,736,12.999936000000002,34.18656484131742
crop context q80,80,777,12.999936000000002,36.65698534163717
crop context q95,95,926,12.999936000000002,42.34113872344714
crop wake q20,20,718,12.999936000000002,30.681086307599713
crop wake q40,40,749,12.999936000000002,33.186736337269636
crop wake q60,60,795,12.999936000000002,35.216069746012785
crop wake q80,80,866,12.999936000000002,37.44292669744331
crop wake q95,95,1134,12.999936000000002,42.335999047929505
crop wake jp2,-1,803,12.999936000000002,36.107547938206096
thumbnail 96px,60,1080,,
whole tile q40,40,24738,,39.00658811865181
whole tile q60,60,32667,,41.419428825850694
crop tight q20,20,683,14.999808,29.660653044202007
crop tight q40,40,701,14.999808,32.71098135044192
crop tight q60,60,715,14.999808,34.36796362957723
crop tight q80,80,756,14.999808,35.87494576842247
crop tight q95,95,884,14.999808,41.09223103963102
crop context q20,20,689,14.999808,29.496817529538543
crop context q40,40,717,14.999808,32.14369641857533
crop context q60,60,743,14.999808,34.96025933657266
crop context q80,80,790,14.999808,38.53950617061607
crop context q95,95,911,14.999808,44.70269460545062
crop wake q20,20,734,14.999808,30.7158719482355
crop wake q40,40,792,14.999808,34.07338990189956
crop wake q60,60,841,14.999808,35.75873013616304
crop wake q80,80,938,14.999808,38.434519609284685
crop wake q95,95,1250,14.999808,43.11750455944634
crop wake jp2,-1,1097,14.999808,41.31454998960491
thumbnail 96px,60,792,,
whole tile q40,40,10805,,41.45416755085897
whole tile q60,60,11843,,44.63432246117528
crop tight q20,20,720,32.000256,28.299518374170233
crop tight q40,40,756,32.000256,29.98356617711088
crop tight q60,60,809,32.000256,31.902530638571427
crop tight q80,80,922,32.000256,35.41809876815091
crop tight q95,95,1244,32.000256,43.07122805674269
crop tight jp2,-1,1014,32.000256,37.61811921569015
crop context q20,20,750,32.000256,30.975916961864876
crop context q40,40,799,32.000256,32.84458987232841
crop context q60,60,854,32.000256,34.68951470200335
crop context q80,80,982,32.000256,37.578806195961704
crop context q95,95,1476,32.000256,44.42305269522329
crop context jp2,-1,2004,32.000256,46.64518340990749
crop wake q20,20,802,32.000256,34.44480723807885
crop wake q40,40,843,32.000256,35.73907076787719
crop wake q60,60,916,32.000256,37.69031237375957
crop wake q80,80,1114,32.000256,40.9371751707128
crop wake q95,95,1987,32.000256,46.799424467616966
crop wake jp2,-1,4845,32.000256,52.31021674532286
crop tight q20,20,636,8.000256,26.495239056869366
crop tight q40,40,639,8.000256,27.597489408477113
crop tight q60,60,645,8.000256,29.01758332716243
crop tight q80,80,655,8.000256,32.33626093206848
crop tight q95,95,686,8.000256,42.24174947109223
crop context q20,20,636,8.000256,28.342940704707253
crop context q40,40,644,8.000256,30.055239871574102
crop context q60,60,655,8.000256,31.22115778131185
crop context q80,80,670,8.000256,35.041141611478544
crop context q95,95,722,8.000256,43.55822718587884
crop wake q20,20,653,8.000256,31.64952797109445
crop wake q40,40,664,8.000256,32.816303883481616
crop wake q60,60,679,8.000256,34.26352946203352
crop wake q80,80,710,8.000256,36.634261002830456
crop wake q95,95,804,8.000256,44.13632970179697
thumbnail 96px,60,1087,,
whole tile q40,40,21235,,39.73818245502419
whole tile q60,60,29247,,41.97120218689963
crop tight q20,20,1262,109.999872,33.82510083719905
crop tight q40,40,1634,109.999872,37.10379458764375
crop tight q60,60,2032,109.999872,39.02882737873964
crop tight q80,80,2787,109.999872,42.134016388115214
crop tight q95,95,5050,109.999872,46.71188679284854
crop tight jp2,-1,12010,109.999872,48.85229865533424
crop context q20,20,1501,109.999872,35.39002904339215
crop context q40,40,2049,109.999872,38.2932772687983
crop context q60,60,2709,109.999872,40.11108697709763
crop context q80,80,3983,109.999872,42.7853907186942
crop context q95,95,8015,109.999872,47.296885563454495
crop context jp2,-1,22785,109.999872,49.91928340379375
crop wake q20,20,2372,109.999872,36.69048429169191
crop wake q40,40,3527,109.999872,39.39785692646298
crop wake q60,60,5170,109.999872,41.35429187593621
crop wake q80,80,8103,109.999872,44.28817106862991
crop wake q95,95,16683,109.999872,49.49122718966642
crop wake jp2,-1,56346,109.999872,51.16276945456464
crop tight q20,20,691,40.99968,34.899285558703134
crop tight q40,40,742,40.99968,37.38176975779778
crop tight q60,60,801,40.99968,39.582807402686086
crop tight q80,80,904,40.99968,42.97826837985105
crop tight q95,95,1205,40.99968,47.65460774441354
crop tight jp2,-1,1741,40.99968,47.14614884244874
crop context q20,20,765,40.99968,35.75775253356952
crop context q40,40,844,40.99968,38.86828190326878
crop context q60,60,945,40.99968,40.32041882120109
crop context q80,80,1137,40.99968,43.058954660275944
crop context q95,95,1757,40.99968,47.59233213965574
crop context jp2,-1,3162,40.99968,49.1133843071649
crop wake q20,20,863,40.99968,36.4910336456781
crop wake q40,40,1045,40.99968,39.57051203593243
crop wake q60,60,1251,40.99968,41.066800261832455
crop wake q80,80,1657,40.99968,43.87477033286804
crop wake q95,95,2900,40.99968,48.28301944153723
crop wake jp2,-1,7631,40.99968,50.46091496253699
crop tight q20,20,1164,92.000256,33.45615195456381
crop tight q40,40,1465,92.000256,36.76154785935425
crop tight q60,60,1753,92.000256,38.79243340816303
crop tight q80,80,2327,92.000256,41.905656399062735
crop tight q95,95,4146,92.000256,47.145242246736444
crop tight jp2,-1,8345,92.000256,47.89045130349898
crop context q20,20,1404,92.000256,34.62528628843844
crop context q40,40,1855,92.000256,37.66386671373131
crop context q60,60,2352,92.000256,39.557696782271044
crop context q80,80,3321,92.000256,42.254694055946885
crop context q95,95,6482,92.000256,46.56472324647253
crop context jp2,-1,16244,92.000256,49.35383257716181
crop wake q20,20,1921,92.000256,36.31222064492525
crop wake q40,40,2754,92.000256,38.99415748421275
crop wake q60,60,3871,92.000256,40.91320048492386
crop wake q80,80,5900,92.000256,43.63836102355027
crop wake q95,95,12328,92.000256,47.97131968246113
crop wake jp2,-1,39804,92.000256,50.86710463374514
thumbnail 96px,60,827,,
whole tile q40,40,25668,,39.30098238919969
whole tile q60,60,33861,,41.443922421196206
crop tight q20,20,673,20.000256,31.037965122921214
crop tight q40,40,697,20.000256,34.005663600500554
crop tight q60,60,708,20.000256,35.788648873255866
crop tight q80,80,748,20.000256,38.96485464915293
crop tight q95,95,869,20.000256,42.71796880593405
crop context q20,20,708,20.000256,31.93741676685722
crop context q40,40,759,20.000256,35.01141715840393
crop context q60,60,792,20.000256,37.017009808149716
crop context q80,80,864,20.000256,39.611802869783745
crop context q95,95,1093,20.000256,43.53455303946515
crop context jp2,-1,833,20.000256,41.70831816552112
crop wake q20,20,740,20.000256,32.775866227252436
crop wake q40,40,815,20.000256,36.03597489578332
crop wake q60,60,874,20.000256,38.58450356088038
crop wake q80,80,1019,20.000256,44.3170273782537
crop wake q95,95,1309,20.000256,53.293470619980596
crop wake jp2,-1,1840,20.000256,46.01935959579484
crop tight q20,20,777,47.000064,33.059336835883364
crop tight q40,40,869,47.000064,36.30860014895006
crop tight q60,60,951,47.000064,38.825822662946
crop tight q80,80,1090,47.000064,41.051871343705685
crop tight q95,95,1597,47.000064,45.42056134254235
crop tight jp2,-1,2203,47.000064,46.46999483986758
crop context q20,20,849,47.000064,33.799398337837644
crop context q40,40,1011,47.000064,37.20114086585958
crop context q60,60,1149,47.000064,39.14579159541678
crop context q80,80,1417,47.000064,41.83584168830758
crop context q95,95,2317,47.000064,46.0540037699904
crop context jp2,-1,4280,47.000064,48.531442238479386
crop wake q20,20,1038,47.000064,34.751204929378595
crop wake q40,40,1344,47.000064,38.29071200336621
crop wake q60,60,1629,47.000064,40.03508683468043
crop wake q80,80,2171,47.000064,43.09808608142689
crop wake q95,95,3984,47.000064,47.46468709320411
crop wake jp2,-1,9867,47.000064,49.88276861882554
thumbnail 96px,60,792,,
whole tile q40,40,24973,,38.806747063043396
whole tile q60,60,33661,,40.790335781808544
crop tight q20,20,635,10.000128,33.68622610859944
crop tight q40,40,641,10.000128,37.722318288906685
crop tight q60,60,647,10.000128,39.89710351004392
crop tight q80,80,654,10.000128,41.58673077101176
crop tight q95,95,689,10.000128,47.51810713665924
crop context q20,20,636,10.000128,34.1581946802136
crop context q40,40,644,10.000128,38.35714052581448
crop context q60,60,649,10.000128,39.60533657524784
crop context q80,80,659,10.000128,41.7795804815863
crop context q95,95,701,10.000128,45.76553585785457
crop wake q20,20,651,10.000128,35.970095203724334
crop wake q40,40,669,10.000128,38.526032269430964
crop wake q60,60,689,10.000128,40.31890056281452
crop wake q80,80,714,10.000128,42.836499984230336
crop wake q95,95,823,10.000128,46.634917787577706
thumbnail 96px,60,1607,,
whole tile q40,40,98989,,24.9427704717385
whole tile q60,60,127924,,27.03766153162119
crop tight q20,20,791,28.99968,25.73570898987853
crop tight q40,40,875,28.99968,27.84754723185893
crop tight q60,60,947,28.99968,29.375051172686778
crop tight q80,80,1100,28.99968,32.78068899490809
crop tight q95,95,1528,28.99968,41.84779829736503
crop tight jp2,-1,877,28.99968,27.25646117537615
crop context q20,20,844,28.99968,26.139277624208358
crop context q40,40,971,28.99968,27.989849341042564
crop context q60,60,1090,28.99968,29.42918660602142
crop context q80,80,1317,28.99968,32.72426866316176
crop context q95,95,1992,28.99968,41.683111354278154
crop context jp2,-1,1580,28.99968,30.5097786436893
crop wake q20,20,1062,28.99968,26.512040373010606
crop wake q40,40,1314,28.99968,28.462143670584954
crop wake q60,60,1531,28.99968,30.062955942532327
crop wake q80,80,2006,28.99968,33.491818154188365
crop wake q95,95,3382,28.99968,42.569578739121575
crop wake jp2,-1,3901,28.99968,35.228138306845274
thumbnail 96px,60,1453,,
whole tile q40,40,22184,,40.33831931598867
whole tile q60,60,28755,,42.40718387109673
crop tight q20,20,690,32.000256,35.19882251256327
crop tight q40,40,720,32.000256,38.62673297931147
crop tight q60,60,747,32.000256,40.422695862147656
crop tight q80,80,812,32.000256,43.07481195684054
crop tight q95,95,1028,32.000256,46.73865364617275
crop tight jp2,-1,1034,32.000256,45.97751898708797
crop context q20,20,724,32.000256,35.880308744496034
crop context q40,40,775,32.000256,38.743749968726526
crop context q60,60,827,32.000256,41.25272760007939
crop context q80,80,938,32.000256,43.67842767044303
crop context q95,95,1302,32.000256,48.84024983634148
crop context jp2,-1,1965,32.000256,49.41539738892858
crop wake q20,20,813,32.000256,37.067960172450896
crop wake q40,40,927,32.000256,39.47339886004912
crop wake q60,60,1046,32.000256,41.64350374241782
crop wake q80,80,1297,32.000256,44.105793804334866
crop wake q95,95,2136,32.000256,49.02807461221378
crop wake jp2,-1,4758,32.000256,50.87349428420329
crop tight q20,20,713,44.000256,35.50557912073268
crop tight q40,40,751,44.000256,40.044060986897165
crop tight q60,60,793,44.000256,41.66337169624092
crop tight q80,80,891,44.000256,44.75379716639984
crop tight q95,95,1222,44.000256,48.85837510631739
crop tight jp2,-1,1829,44.000256,49.8900133658274
crop context q20,20,757,44.000256,35.78794994515103
crop context q40,40,811,44.000256,40.26301336021093
crop context q60,60,894,44.000256,41.95422003467827
crop context q80,80,1075,44.000256,45.5479229127412
crop context q95,95,1587,44.000256,50.621236579302476
crop context jp2,-1,3741,44.000256,51.909560215919505
crop wake q20,20,897,44.000256,36.31307766225047
crop wake q40,40,1044,44.000256,39.97394208355912
crop wake q60,60,1247,44.000256,42.301599825764065
crop wake q80,80,1659,44.000256,45.18331971045314
crop wake q95,95,3010,44.000256,49.61576615427762
crop wake jp2,-1,9156,44.000256,53.66574913003625
crop tight q20,20,688,34.000128,35.019199235486795
crop tight q40,40,725,34.000128,38.345272354221265
crop tight q60,60,753,34.000128,40.48214796692726
crop tight q80,80,818,34.000128,42.77094187245779
crop tight q95,95,1046,34.000128,46.877937655945836
crop tight jp2,-1,1178,34.000128,46.09482676232943
crop context q20,20,724,34.000128,36.097623147608026
crop context q40,40,768,34.000128,38.93972917914362
crop context q60,60,828,34.000128,40.96440068461276
crop context q80,80,941,34.000128,43.397941348015515
crop context q95,95,1335,34.000128,47.74711341444299
crop context jp2,-1,2183,34.000128,49.43809108766025
crop wake q20,20,824,34.000128,37.04589818984612
crop wake q40,40,938,34.000128,39.60349120325325
crop wake q60,60,1067,34.000128,41.608379162679974
crop wake q80,80,1333,34.000128,44.12436105234967
crop wake q95,95,2221,34.000128,48.14292712312073
crop wake jp2,-1,5049,34.000128,51.13351783957878
thumbnail 96px,60,880,,
whole tile q40,40,23833,,38.830123957534454
whole tile q60,60,32432,,41.32345471979521
crop tight q20,20,1565,148.99967999999998,33.70897482147765
crop tight q40,40,2235,148.99967999999998,37.15228706014504
crop tight q60,60,2885,148.99967999999998,39.34858867509887
crop tight q80,80,4091,148.99967999999998,42.669407370843246
crop tight q95,95,7698,148.99967999999998,47.84099408519907
crop tight jp2,-1,19055,148.99967999999998,48.58813847170687
crop context q20,20,1905,148.99967999999998,34.6164226595373
crop context q40,40,2906,148.99967999999998,37.81819946243099
crop context q60,60,3984,148.99967999999998,39.950382149816484
crop context q80,80,5841,148.99967999999998,43.352125755508766
crop context q95,95,11384,148.99967999999998,48.60741079308468
crop context jp2,-1,32108,148.99967999999998,49.40249489592827
crop wake q20,20,2554,148.99967999999998,35.3708527856563
crop wake q40,40,4291,148.99967999999998,38.33873969244547
crop wake q60,60,6062,148.99967999999998,40.50575767088884
crop wake q80,80,9328,148.99967999999998,44.406315002812924
crop wake q95,95,18429,148.99967999999998,49.57027634899278
crop wake jp2,-1,58919,148.99967999999998,50.10378680366734
thumbnail 96px,60,2237,,
whole tile q40,40,74260,,34.70710170548355
whole tile q60,60,91268,,36.91600556660638
crop tight q20,20,688,19.000320000000002,31.091556660248443
crop tight q40,40,710,19.000320000000002,33.74925037971713
crop tight q60,60,733,19.000320000000002,35.46219263208852
crop tight q80,80,778,19.000320000000002,38.29266289416815
crop tight q95,95,910,19.000320000000002,42.906942874651115
crop context q20,20,718,19.000320000000002,30.838180159864358
crop context q40,40,761,19.000320000000002,34.63049217546179
crop context q60,60,787,19.000320000000002,35.95500187992029
crop context q80,80,850,19.000320000000002,38.52778411030385
crop context q95,95,1067,19.000320000000002,43.32177490899237
crop wake q20,20,795,19.000320000000002,31.31380735157478
crop wake q40,40,866,19.000320000000002,34.47982254361324
crop wake q60,60,924,19.000320000000002,36.35511960964681
crop wake q80,80,1050,19.000320000000002,38.60946698609645
crop wake q95,95,1465,19.000320000000002,43.574066841830366
crop wake jp2,-1,1199,19.000320000000002,37.501667254269755
thumbnail 96px,60,988,,
whole tile q40,40,35565,,38.234744814018164
whole tile q60,60,47072,,40.428983488697924
crop tight q20,20,654,12.999936000000002,29.686130353818584
crop tight q40,40,666,12.999936000000002,31.189489023018226
crop tight q60,60,675,12.999936000000002,32.580243365537484
crop tight q80,80,702,12.999936000000002,34.452808907104384
crop tight q95,95,776,12.999936000000002,40.800487715262754
crop context q20,20,671,12.999936000000002,30.20138647385215
crop context q40,40,693,12.999936000000002,32.40937414805029
crop context q60,60,710,12.999936000000002,34.08260217675849
crop context q80,80,749,12.999936000000002,36.248216741332214
crop context q95,95,893,12.999936000000002,41.5265157639398
crop wake q20,20,693,12.999936000000002,31.280543262233902
crop wake q40,40,735,12.999936000000002,34.176646017557395
crop wake q60,60,766,12.999936000000002,36.19304206535878
crop wake q80,80,837,12.999936000000002,39.095108164335315
crop wake q95,95,1055,12.999936000000002,43.58610833334836
crop wake jp2,-1,804,12.999936000000002,39.44019096604938
thumbnail 96px,60,1001,,
whole tile q40,40,26100,,38.80756061844708
whole tile q60,60,34571,,41.29133622854414
crop tight q20,20,663,16.999679999999998,32.67491149189766
crop tight q40,40,678,16.999679999999998,34.456263428794934
crop tight q60,60,696,16.999679999999998,36.63969346781251
crop tight q80,80,725,16.999679999999998,38.87533055816857
crop tight q95,95,826,16.999679999999998,44.51186940246401
crop context q20,20,669,16.999679999999998,33.13482959123953
crop context q40,40,698,16.999679999999998,35.89843610175252
crop context q60,60,721,16.999679999999998,37.23726715459207
crop context q80,80,772,16.999679999999998,40.793482630165414
crop context q95,95,932,16.999679999999998,44.242739466296435
crop wake q20,20,715,16.999679999999998,34.18862765630789
crop wake q40,40,760,16.999679999999998,36.737790372541646
crop wake q60,60,812,16.999679999999998,38.510351207622335
crop wake q80,80,921,16.999679999999998,40.991568253537324
crop wake q95,95,1272,16.999679999999998,45.46138331121165
crop wake jp2,-1,1369,16.999679999999998,45.58003839501552
crop tight q20,20,995,90.000384,33.730001741974846
crop tight q40,40,1265,90.000384,36.80804958609261
crop tight q60,60,1508,90.000384,38.79507112596907
crop tight q80,80,1956,90.000384,41.48388285517729
crop tight q95,95,3412,90.000384,45.577314528595096
crop tight jp2,-1,7231,90.000384,48.294121154489375
crop context q20,20,1189,90.000384,34.318471365246495
crop context q40,40,1649,90.000384,37.83911899423116
crop context q60,60,2017,90.000384,39.90021075001601
crop context q80,80,2762,90.000384,43.410242121128746
crop context q95,95,4929,90.000384,48.323389391142896
crop context jp2,-1,11865,90.000384,48.99275067353568
crop wake q20,20,1498,90.000384,35.128747350791826
crop wake q40,40,2337,90.000384,38.383255312988595
crop wake q60,60,3081,90.000384,40.5233131645527
crop wake q80,80,4414,90.000384,43.81451252653251
crop wake q95,95,8624,90.000384,49.244087421227476
crop wake jp2,-1,25212,90.000384,50.257937924411834
crop tight q20,20,905,63.99974400000001,32.717181705468896
crop tight q40,40,1072,63.99974400000001,35.74821782631688
crop tight q60,60,1220,63.99974400000001,37.79229516730658
crop tight q80,80,1510,63.99974400000001,40.43777239120714
crop tight q95,95,2500,63.99974400000001,44.39081430954162
crop tight jp2,-1,4015,63.99974400000001,45.66299049193981
crop context q20,20,1036,63.99974400000001,33.92492892212892
crop context q40,40,1315,63.99974400000001,36.85212401091256
crop context q60,60,1586,63.99974400000001,39.04013615781163
crop context q80,80,2072,63.99974400000001,42.55664707131123
crop context q95,95,3529,63.99974400000001,47.281455226296565
crop context jp2,-1,7887,63.99974400000001,48.7170660725064
crop wake q20,20,1309,63.99974400000001,34.993454877220046
crop wake q40,40,1874,63.99974400000001,37.84586702431238
crop wake q60,60,2423,63.99974400000001,40.07735195783118
crop wake q80,80,3417,63.99974400000001,43.08535428852292
crop wake q95,95,6675,63.99974400000001,47.22637063973136
crop wake jp2,-1,18594,63.99974400000001,49.892911389408184
crop tight q20,20,765,38.999808,31.68719707249107
crop tight q40,40,840,38.999808,35.007455477898375
crop tight q60,60,904,38.999808,36.80903714742627
crop tight q80,80,1033,38.999808,39.311906526181595
crop tight q95,95,1452,38.999808,44.09416885758094
crop tight jp2,-1,1493,38.999808,41.59315780061082
crop context q20,20,844,38.999808,32.61710338704178
crop context q40,40,962,38.999808,35.33414831631322
crop context q60,60,1078,38.999808,37.328841911135044
crop context q80,80,1292,38.999808,40.005492014534184
crop context q95,95,2004,38.999808,44.63185226556415
crop context jp2,-1,2941,38.999808,44.9706096139526
crop wake q20,20,1027,38.999808,33.71540953171053
crop wake q40,40,1295,38.999808,36.730671023347824
crop wake q60,60,1526,38.999808,38.76636259144562
crop wake q80,80,1993,38.999808,41.92707229817297
crop wake q95,95,3404,38.999808,46.63595430380554
crop wake jp2,-1,7099,38.999808,48.395301941802416
thumbnail 96px,60,1510,,
whole tile q40,40,87799,,26.63928884518432
whole tile q60,60,118152,,28.0517675715732
crop tight q20,20,692,13.999872,25.020356944295226
crop tight q40,40,712,13.999872,26.282285302861055
crop tight q60,60,744,13.999872,27.94599662509476
crop tight q80,80,793,13.999872,31.609377735324763
crop tight q95,95,910,13.999872,42.519624662673806
crop context q20,20,698,13.999872,25.144143405809242
crop context q40,40,732,13.999872,26.611949919683795
crop context q60,60,771,13.999872,27.889300338542178
crop context q80,80,847,13.999872,31.869930060129647
crop context q95,95,1050,13.999872,40.70113328581523
crop wake q20,20,787,13.999872,25.023151155406723
crop wake q40,40,878,13.999872,26.816581176215266
crop wake q60,60,969,13.999872,28.363892178014645
crop wake q80,80,1157,13.999872,31.57414110860454
crop wake q95,95,1658,13.999872,41.077986026744284
crop wake jp2,-1,926,13.999872,27.037364776775966
thumbnail 96px,60,1158,,
whole tile q40,40,18720,,38.16347416722803
whole tile q60,60,26672,,39.39476123183649
crop tight q20,20,771,27.999744,25.42256505346828
crop tight q40,40,841,27.999744,27.431528234751063
crop tight q60,60,912,27.999744,29.321775774243534
crop tight q80,80,1046,27.999744,32.42435216282821
crop tight q95,95,1429,27.999744,41.43674971061077
crop tight jp2,-1,832,27.999744,28.916638033389006
crop context q20,20,773,27.999744,27.870669416024967
crop context q40,40,859,27.999744,29.548472309331846
crop context q60,60,952,27.999744,31.14661161467818
crop context q80,80,1128,27.999744,34.30934300310694
crop context q95,95,1730,27.999744,42.113421995694296
crop context jp2,-1,1531,27.999744,36.82077217977981
crop wake q20,20,861,27.999744,30.399630693545255
crop wake q40,40,991,27.999744,32.45522585973444
crop wake q60,60,1128,27.999744,33.99149085117318
crop wake q80,80,1457,27.999744,37.536044710039164
crop wake q95,95,2370,27.999744,45.286460608256704
crop wake jp2,-1,3562,27.999744,43.60873927699543
crop tight q20,20,876,72.0,32.48880581169412
crop tight q40,40,1031,72.0,34.59094864940953
crop tight q60,60,1217,72.0,35.92933292180268
crop tight q80,80,1577,72.0,38.6728057668897
crop tight q95,95,2898,72.0,44.91258531007608
crop tight jp2,-1,5181,72.0,45.845007569820325
crop context q20,20,1010,72.0,33.967056355602594
crop context q40,40,1241,72.0,35.92576132515508
crop context q60,60,1555,72.0,37.15721779031427
crop context q80,80,2215,72.0,39.6362573010812
crop context q95,95,4544,72.0,45.516008585744494
crop context jp2,-1,9808,72.0,47.351597600980384
crop wake q20,20,1401,72.0,35.04157555610058
crop wake q40,40,1893,72.0,36.91797864251264
crop wake q60,60,2579,72.0,38.186409920114556
crop wake q80,80,4093,72.0,40.372624816622995
crop wake q95,95,9452,72.0,45.69914676135333
crop wake jp2,-1,24258,72.0,48.66172429903358
crop tight q20,20,960,80.000256,30.20468546128746
crop tight q40,40,1166,80.000256,32.62534643700087
crop tight q60,60,1378,80.000256,34.33844803771012
crop tight q80,80,1848,80.000256,37.687343148236046
crop tight q95,95,3150,80.000256,44.96029466342993
crop tight jp2,-1,5070,80.000256,44.093863529838266
crop context q20,20,1049,80.000256,31.994966903656916
crop context q40,40,1320,80.000256,34.00412912775061
crop context q60,60,1531,80.000256,35.847248960171456
crop context q80,80,2480,80.000256,42.62829147093976
crop context q95,95,3843,80.000256,51.34393350501206
crop context jp2,-1,8653,80.000256,45.77588780755995
crop wake q20,20,1369,80.000256,34.12137876687743
crop wake q40,40,1779,80.000256,36.25414579123051
crop wake q60,60,2290,80.000256,37.82780719862696
crop wake q80,80,3641,80.000256,40.64369426804373
crop wake q95,95,7512,80.000256,47.795891939641436
crop wake jp2,-1,19459,80.000256,48.90306343636635
thumbnail 96px,60,2090,,
whole tile q40,40,60239,,35.571602002958876
whole tile q60,60,74502,,37.736074743547
crop tight q20,20,688,24.0,31.145275819018323
crop tight q40,40,725,24.0,34.16007008800377
crop tight q60,60,748,24.0,36.46586499733543
crop tight q80,80,809,24.0,38.780096458587565
crop tight q95,95,1000,24.0,43.370194808529604
crop context q20,20,747,24.0,32.15355865693993
crop context q40,40,799,24.0,35.231262981782095
crop context q60,60,846,24.0,37.189776040848685
crop context q80,80,946,24.0,40.106072679523564
crop context q95,95,1245,24.0,44.88659465433539
crop context jp2,-1,1157,24.0,41.17300969214554
crop wake q20,20,861,24.0,32.53448534061156
crop wake q40,40,989,24.0,35.6652709168865
crop wake q60,60,1086,24.0,37.54816070192887
crop wake q80,80,1316,24.0,40.21649632209255
crop wake q95,95,2032,24.0,44.41773021390973
crop wake jp2,-1,2632,24.0,43.93277534622467
thumbnail 96px,60,1736,,
whole tile q40,40,65972,,35.18384132698341
whole tile q60,60,81054,,37.279454724614894
crop tight q20,20,5144,265.999872,31.452464623921664
crop tight q40,40,7222,265.999872,34.750031516036074
crop tight q60,60,8906,265.999872,36.487665584820654
crop tight q80,80,12266,265.999872,39.20550152583242
crop tight q95,95,24153,265.999872,44.255171229825585
crop tight jp2,-1,40852,265.999872,42.94538690943452
crop context q20,20,8022,265.999872,31.67922674687879
crop context q40,40,11513,265.999872,35.0828083499998
crop context q60,60,14327,265.999872,36.94746838517753
crop context q80,80,20307,265.999872,40.57208607889582
crop context q95,95,37794,265.999872,46.175349650364524
crop context jp2,-1,70495,265.999872,43.34998178403627
crop wake q20,20,15078,265.999872,31.820782112643172
crop wake q40,40,21787,265.999872,35.206657822049756
crop wake q60,60,27304,265.999872,37.109173001313536
crop wake q80,80,38351,265.999872,40.26397609304563
crop wake q95,95,73704,265.999872,46.390911512513796
crop wake jp2,-1,138123,265.999872,43.4064093005082
crop tight q20,20,3074,156.999936,32.00720624841553
crop tight q40,40,4224,156.999936,35.3588558968358
crop tight q60,60,5174,156.999936,37.107045376151866
crop tight q80,80,7076,156.999936,39.913256331715026
crop tight q95,95,13562,156.999936,44.89792202362952
crop tight jp2,-1,24245,156.999936,43.946580143880894
crop context q20,20,5346,156.999936,32.01222941469154
crop context q40,40,7623,156.999936,35.35321920404379
crop context q60,60,9448,156.999936,37.11761062949946
crop context q80,80,13077,156.999936,39.89745093014035
crop context q95,95,25974,156.999936,44.94536127858032
crop context jp2,-1,47338,156.999936,43.95006588940543
crop wake q20,20,12371,156.999936,31.902956292979926
crop wake q40,40,17805,156.999936,35.27361205928738
crop wake q60,60,22258,156.999936,37.14999083099698
crop wake q80,80,31201,156.999936,40.09418898998565
crop wake q95,95,61287,156.999936,45.76425733244047
crop wake jp2,-1,115211,156.999936,43.71966491800691
crop tight q20,20,3707,168.999936,31.61697380860041
crop tight q40,40,5138,168.999936,34.881981697571526
crop tight q60,60,6301,168.999936,36.61436251131568
crop tight q80,80,8613,168.999936,39.462636282051655
crop tight q95,95,16777,168.999936,44.67779952104742
crop tight jp2,-1,28009,168.999936,43.196228403899696
crop context q20,20,6318,168.999936,31.79243310712711
crop context q40,40,8912,168.999936,35.06406531146862
crop context q60,60,11072,168.999936,36.81483844766258
crop context q80,80,15357,168.999936,39.479411618318395
crop context q95,95,30534,168.999936,44.607698813824115
crop context jp2,-1,54440,168.999936,43.27323245024118
crop wake q20,20,14598,168.999936,31.719015387084937
crop wake q40,40,21136,168.999936,34.966771117213234
crop wake q60,60,26405,168.999936,36.67950539828348
crop wake q80,80,36975,168.999936,39.56456953457787
crop wake q95,95,73485,168.999936,45.013493406759515
crop wake jp2,-1,133459,168.999936,43.30029295733223
thumbnail 96px,60,1319,,
whole tile q40,40,84137,,28.789903438094356
whole tile q60,60,107855,,30.145104403946338
crop tight q20,20,2233,118.000128,26.160178899892927
crop tight q40,40,3157,118.000128,27.978857057599626
crop tight q60,60,3991,118.000128,29.3752073831837
crop tight q80,80,5789,118.000128,32.45481064109596
crop tight q95,95,10925,118.000128,41.21779955839435
crop tight jp2,-1,11551,118.000128,33.14213537915175
crop context q20,20,3219,118.000128,26.467959166734587
crop context q40,40,4714,118.000128,28.26856264087678
crop context q60,60,6086,118.000128,29.652783561359488
crop context q80,80,9060,118.000128,32.69606721762721
crop context q95,95,17684,118.000128,41.390509922786265
crop context jp2,-1,19810,118.000128,33.70099402804073
crop wake q20,20,6127,118.000128,26.790688188096205
crop wake q40,40,9284,118.000128,28.626189159076134
crop wake q60,60,12104,118.000128,29.962657905359222
crop wake q80,80,18293,118.000128,32.84931283765145
crop wake q95,95,36772,118.000128,41.44491684176158
crop wake jp2,-1,42924,118.000128,34.318864613620434
thumbnail 96px,60,931,,
whole tile q40,40,64474,,27.966878093802258
whole tile q60,60,84660,,29.34747865094299
crop tight q20,20,1056,75.999744,27.58742452729274
crop tight q40,40,1455,75.999744,29.06876855629222
crop tight q60,60,1817,75.999744,30.208858369322684
crop tight q80,80,2663,75.999744,33.74125137374527
crop tight q95,95,4476,75.999744,43.204723325765464
crop tight jp2,-1,5627,75.999744,34.847134123276746
crop context q20,20,1445,75.999744,27.58192234820092
crop context q40,40,2227,75.999744,29.116500775113586
crop context q60,60,2962,75.999744,30.208004864247293
crop context q80,80,4552,75.999744,33.81976684744166
crop context q95,95,8129,75.999744,43.1241711987066
crop context jp2,-1,10948,75.999744,35.4029813794823
crop wake q20,20,2576,75.999744,26.800192351944872
crop wake q40,40,4520,75.999744,28.28341796446139
crop wake q60,60,6306,75.999744,29.529820366566746
crop wake q80,80,10035,75.999744,32.5214293063024
crop wake q95,95,20166,75.999744,42.06821937162745
crop wake jp2,-1,26747,75.999744,35.08729766418407
thumbnail 96px,60,879,,
whole tile q40,40,44010,,37.187186603140304
whole tile q60,60,55072,,39.86349567143881
crop tight q20,20,1227,96.99993599999999,33.51297863809366
crop tight q40,40,1563,96.99993599999999,36.81651942006307
crop tight q60,60,1839,96.99993599999999,38.846023396690214
crop tight q80,80,2439,96.99993599999999,41.40728537817601
crop tight q95,95,4368,96.99993599999999,46.18033062768154
crop tight jp2,-1,8801,96.99993599999999,46.346320173536284
crop context q20,20,1539,96.99993599999999,33.80945718349227
crop context q40,40,2097,96.99993599999999,37.18084871524925
crop context q60,60,2561,96.99993599999999,39.2660594483406
crop context q80,80,3475,96.99993599999999,41.89949738098508
crop context q95,95,6543,96.99993599999999,46.4425909653658
crop context jp2,-1,14691,96.99993599999999,46.730407751088194
crop wake q20,20,2449,96.99993599999999,34.11068211329927
crop wake q40,40,3648,96.99993599999999,37.43499420305147
crop wake q60,60,4611,96.99993599999999,39.74898839583371
crop wake q80,80,6459,96.99993599999999,42.8459445494471
crop wake q95,95,12444,96.99993599999999,48.46898690015048
crop wake jp2,-1,30791,96.99993599999999,47.52183680769134
thumbnail 96px,60,801,,
whole tile q40,40,30775,,38.46481126910072
whole tile q60,60,39776,,41.245197912327555
crop tight q20,20,710,28.99968,32.219892898957006
crop tight q40,40,755,28.99968,35.86879564961099
crop tight q60,60,792,28.99968,38.01369496169946
crop tight q80,80,866,28.99968,40.64422580178537
crop tight q95,95,1110,28.99968,44.71138851314147
crop tight jp2,-1,858,28.99968,40.52549476224801
crop context q20,20,725,28.99968,33.277323888447
crop context q40,40,790,28.99968,36.719550992969396
crop context q60,60,848,28.99968,38.88764411961134
crop context q80,80,954,28.99968,41.647158544773646
crop context q95,95,1307,28.99968,45.847714919562904
crop context jp2,-1,1611,28.99968,44.870705647494546
crop wake q20,20,829,28.99968,34.239311481430164
crop wake q40,40,968,28.99968,37.62596740485902
crop wake q60,60,1089,28.99968,39.88639006336819
crop wake q80,80,1315,28.99968,42.96434984042092
crop wake q95,95,2060,28.99968,47.96781774793498
crop wake jp2,-1,3911,28.99968,47.861944454216115
thumbnail 96px,60,1154,,
whole tile q40,40,103164,,25.567996903685277
whole tile q60,60,131231,,27.431387205304873
crop tight q20,20,2591,111.99974399999999,23.331095815998474
crop tight q40,40,3859,111.99974399999999,25.272863024434887
crop tight q60,60,4982,111.99974399999999,26.98660598572363
crop tight q80,80,7128,111.99974399999999,30.831616353127067
crop tight q95,95,12620,111.99974399999999,41.26485499197881
crop tight jp2,-1,12386,111.99974399999999,29.59047355215234
crop context q20,20,4388,111.99974399999999,23.41409520142861
crop context q40,40,6789,111.99974399999999,25.31296731037758
crop context q60,60,9033,111.99974399999999,27.080296698703826
crop context q80,80,13246,111.99974399999999,30.892446780498556
crop context q95,95,24166,111.99974399999999,41.397758633972785
crop context jp2,-1,24136,111.99974399999999,29.897149603035995
crop wake q20,20,9223,111.99974399999999,23.47033248989707
crop wake q40,40,14903,111.99974399999999,25.36085408513641
crop wake q60,60,20124,111.99974399999999,27.153563319246715
crop wake q80,80,30319,111.99974399999999,31.64008774677457
crop wake q95,95,53716,111.99974399999999,42.040099727256134
crop wake jp2,-1,58387,111.99974399999999,30.096202860889477
thumbnail 96px,60,847,,
whole tile q40,40,33641,,38.434956701378454
whole tile q60,60,42912,,41.15628849000646
crop tight q20,20,1067,88.99968,34.09190070742851
crop tight q40,40,1359,88.99968,37.40372851482902
crop tight q60,60,1597,88.99968,39.420984694118616
crop tight q80,80,2080,88.99968,42.030401857367735
crop tight q95,95,3673,88.99968,46.12920971246628
crop tight jp2,-1,7848,88.99968,47.285763446721
crop context q20,20,1343,88.99968,34.76885039256519
crop context q40,40,1891,88.99968,37.74769317925365
crop context q60,60,2356,88.99968,39.942886543179846
crop context q80,80,3213,88.99968,42.67144413902544
crop context q95,95,6151,88.99968,46.79098604988926
crop context jp2,-1,15242,88.99968,48.63922873615774
crop wake q20,20,2250,88.99968,35.33341051772152
crop wake q40,40,3519,88.99968,38.07379499058174
crop wake q60,60,4621,88.99968,40.17237554644251
crop wake q80,80,6644,88.99968,42.41401425119836
crop wake q95,95,13543,88.99968,47.170941956193666
crop wake jp2,-1,37078,88.99968,49.15709571715105
crop tight q20,20,835,58.000128000000004,34.47736597261217
crop tight q40,40,965,58.000128000000004,37.40831745411752
crop tight q60,60,1079,58.000128000000004,39.74655641125597
crop tight q80,80,1295,58.000128000000004,42.517024142726285
crop tight q95,95,1965,58.000128000000004,47.49061730514795
crop tight jp2,-1,3318,58.000128000000004,46.46588242857896
crop context q20,20,930,58.000128000000004,34.92953662330504
crop context q40,40,1177,58.000128000000004,37.90038683297371
crop context q60,60,1379,58.000128000000004,40.00133170591166
crop context q80,80,1766,58.000128000000004,42.5473725027672
crop context q95,95,3036,58.000128000000004,46.79410591236639
crop context jp2,-1,6423,58.000128000000004,47.38286464435734
crop wake q20,20,1362,58.000128000000004,35.60142522432261
crop wake q40,40,1917,58.000128000000004,38.17169655448932
crop wake q60,60,2388,58.000128000000004,40.384065379691265
crop wake q80,80,3305,58.000128000000004,43.23150444406871
crop wake q95,95,6297,58.000128000000004,47.6590760624691
crop wake jp2,-1,15873,58.000128000000004,48.95225816878049
thumbnail 96px,60,798,,
whole tile q40,40,10633,,40.654297705205174
whole tile q60,60,12394,,42.076379576253856
crop tight q20,20,898,79.00032,33.37046351266358
crop tight q40,40,999,79.00032,35.63660481927022
crop tight q60,60,1109,79.00032,37.2143414943252
crop tight q80,80,1509,79.00032,39.85462328351644
crop tight q95,95,2907,79.00032,45.37360820075135
crop tight jp2,-1,6150,79.00032,48.377916779559044
crop context q20,20,1014,79.00032,35.17393072275627
crop context q40,40,1130,79.00032,37.30266498950489
crop context q60,60,1298,79.00032,39.10541239980312
crop context q80,80,2000,79.00032,42.3330685172138
crop context q95,95,3746,79.00032,48.809328606248755
crop context jp2,-1,10922,79.00032,50.30562882650187
crop wake q20,20,1285,79.00032,36.62827088747243
crop wake q40,40,1439,79.00032,38.51710030030197
crop wake q60,60,1687,79.00032,40.310650439645855
crop wake q80,80,2891,79.00032,43.55145702535669
crop wake q95,95,6553,79.00032,49.65174697018217
crop wake jp2,-1,23028,79.00032,51.6648511417045
thumbnail 96px,60,902,,
whole tile q40,40,14117,,38.064110080881186
whole tile q60,60,20049,,38.90464973691567
crop tight q20,20,656,11.000064,24.900840268911615
crop tight q40,40,672,11.000064,26.734366859789475
crop tight q60,60,688,11.000064,29.109542350198723
crop tight q80,80,716,11.000064,32.12461105312598
crop tight q95,95,807,11.000064,39.04000032881327
crop context q20,20,693,11.000064,24.851296271398432
crop context q40,40,729,11.000064,27.443005035064548
crop context q60,60,758,11.000064,29.337383175228364
crop context q80,80,806,11.000064,32.89761851404249
crop context q95,95,938,11.000064,40.98133668569265
crop wake q20,20,740,11.000064,26.150066148929206
crop wake q40,40,793,11.000064,28.10954325556741
crop wake q60,60,842,11.000064,29.51921725838111
crop wake q80,80,959,11.000064,32.61806837505296
crop wake q95,95,1280,11.000064,41.00834600719302
thumbnail 96px,60,1603,,
whole tile q40,40,61197,,35.77643071030943
whole tile q60,60,75525,,38.0451816497426
crop tight q20,20,640,9.000192,30.87366668593029
crop tight q40,40,646,9.000192,34.98893812007891
crop tight q60,60,651,9.000192,35.86910221065922
crop tight q80,80,663,9.000192,38.89271339615493
crop tight q95,95,709,9.000192,45.4840560165314
crop context q20,20,643,9.000192,32.515814415119635
crop context q40,40,654,9.000192,36.63616853577619
crop context q60,60,659,9.000192,38.61218834389031
crop context q80,80,672,9.000192,40.98005978211613
crop context q95,95,720,9.000192,45.412756319124384
crop wake q20,20,664,9.000192,32.340050584426805
crop wake q40,40,685,9.000192,36.29501068619808
crop wake q60,60,696,9.000192,38.88944156560746
crop wake q80,80,724,9.000192,42.04137348755755
crop wake q95,95,817,9.000192,46.14502958889233
thumbnail 96px,60,941,,
whole tile q40,40,16921,,39.849019022278476
whole tile q60,60,27305,,42.48982344556218
crop tight q20,20,681,19.000320000000002,31.281596189801
crop tight q40,40,705,19.000320000000002,33.89518578140176
crop tight q60,60,724,19.000320000000002,35.00961895617945
crop tight q80,80,766,19.000320000000002,37.92204528242691
crop tight q95,95,902,19.000320000000002,42.968929404381775
crop context q20,20,683,19.000320000000002,31.47753037400094
crop context q40,40,711,19.000320000000002,34.01435721613596
crop context q60,60,747,19.000320000000002,36.21867470364731
crop context q80,80,808,19.000320000000002,38.632026642685304
crop context q95,95,998,19.000320000000002,43.31478519960652
crop wake q20,20,716,19.000320000000002,33.5815613174241
crop wake q40,40,761,19.000320000000002,36.37257266578199
crop wake q60,60,819,19.000320000000002,38.220376937581285
crop wake q80,80,932,19.000320000000002,40.774962270816175
crop wake q95,95,1299,19.000320000000002,44.87232039238512
crop wake jp2,-1,1738,19.000320000000002,45.658261833598345
crop tight q20,20,787,38.999808,30.936653489493015
crop tight q40,40,872,38.999808,33.62870133911865
crop tight q60,60,947,38.999808,35.57556110043081
crop tight q80,80,1104,38.999808,38.2120568912047
crop tight q95,95,1569,38.999808,43.00994578972846
crop tight jp2,-1,1493,38.999808,41.16485717421176
crop context q20,20,840,38.999808,32.144286219327256
crop context q40,40,965,38.999808,35.58751912681874
crop context q60,60,1071,38.999808,37.641722002091214
crop context q80,80,1296,38.999808,40.4304070997329
crop context q95,95,1981,38.999808,45.46877337915102
crop context jp2,-1,2885,38.999808,45.22724659206973
crop wake q20,20,1049,38.999808,33.78540346535223
crop wake q40,40,1291,38.999808,36.9107887522964
crop wake q60,60,1521,38.999808,38.667488907238855
crop wake q80,80,2004,38.999808,41.07935044433159
crop wake q95,95,3560,38.999808,45.382089769199816
crop wake jp2,-1,7098,38.999808,48.90929623405383
thumbnail 96px,60,818,,
whole tile q40,40,31073,,34.808117268404274
whole tile q60,60,42658,,36.33608320051193
crop tight q20,20,644,9.000192,22.194217971262585
crop tight q40,40,657,9.000192,24.275824204547874
crop tight q60,60,669,9.000192,26.23181887157962
crop tight q80,80,696,9.000192,30.092302533193177
crop tight q95,95,755,9.000192,39.636795660352156
crop context q20,20,655,9.000192,23.686067981318317
crop context q40,40,670,9.000192,26.04959046237144
crop context q60,60,692,9.000192,27.406612124388907
crop context q80,80,716,9.000192,31.102533371023945
crop context q95,95,813,9.000192,39.93640897970536
crop wake q20,20,659,9.000192,27.540375604171118
crop wake q40,40,687,9.000192,30.14389698300093
crop wake q60,60,708,9.000192,31.70089584991021
crop wake q80,80,759,9.000192,34.47698453561852
crop wake q95,95,906,9.000192,41.973617656111784
crop tight q20,20,649,9.000192,21.76504320080261
crop tight q40,40,667,9.000192,25.498317451026928
crop tight q60,60,678,9.000192,28.19363641247911
crop tight q80,80,702,9.000192,32.389788988282746
crop tight q95,95,768,9.000192,39.69300361522674
crop context q20,20,661,9.000192,23.62323071723928
crop context q40,40,680,9.000192,26.856618420884
crop context q60,60,698,9.000192,29.18000005866623
crop context q80,80,730,9.000192,32.46072699232008
crop context q95,95,817,9.000192,40.48702573975043
crop wake q20,20,661,9.000192,27.420234724800192
crop wake q40,40,678,9.000192,31.418782213027143
crop wake q60,60,697,9.000192,32.80391448400004
crop wake q80,80,737,9.000192,35.512456937262996
crop wake q95,95,886,9.000192,41.73625350077586
thumbnail 96px,60,1513,,
whole tile q40,40,72026,,34.348193569629
whole tile q60,60,88357,,36.306446115754554
crop tight q20,20,1572,84.99993599999999,30.68156379184333
crop tight q40,40,1979,84.99993599999999,33.87107662883388
crop tight q60,60,2336,84.99993599999999,35.50607517284283
crop tight q80,80,3047,84.99993599999999,38.24518139924471
crop tight q95,95,5478,84.99993599999999,43.56073496357067
crop tight jp2,-1,7020,84.99993599999999,40.02200868701756
crop context q20,20,2260,84.99993599999999,30.748493768999758
crop context q40,40,3007,84.99993599999999,33.9950573522175
crop context q60,60,3580,84.99993599999999,35.69796858324955
crop context q80,80,4798,84.99993599999999,38.23041411681753
crop context q95,95,9095,84.99993599999999,43.56385191662486
crop context jp2,-1,13807,84.99993599999999,40.810377874078384
crop wake q20,20,4676,84.99993599999999,30.761074657808585
crop wake q40,40,6521,84.99993599999999,33.997050986772244
crop wake q60,60,7982,84.99993599999999,35.66442584943354
crop wake q80,80,11066,84.99993599999999,38.29822552886439
crop wake q95,95,21825,84.99993599999999,43.819736456483504
crop wake jp2,-1,33633,84.99993599999999,41.210677753077135
thumbnail 96px,60,1535,,
whole tile q40,40,35281,,33.773963395460605
whole tile q60,60,45681,,35.42442575563082
crop tight q20,20,2547,168.999936,30.470167416603886
crop tight q40,40,3505,168.999936,32.91710590321212
crop tight q60,60,4536,168.999936,34.35437962779354
crop tight q80,80,6939,168.999936,37.12906712072199
crop tight q95,95,14568,168.999936,43.9809635597381
crop tight jp2,-1,28175,168.999936,45.06172581061087
crop context q20,20,3974,168.999936,31.00857000440204
crop context q40,40,5735,168.999936,33.46551942730537
crop context q60,60,7797,168.999936,35.03203877613955
crop context q80,80,12309,168.999936,38.22993357136048
crop context q95,95,24964,168.999936,45.37855917169968
crop context jp2,-1,54677,168.999936,45.42527708902845
crop wake q20,20,7258,168.999936,30.870747800662564
crop wake q40,40,10889,168.999936,33.198565769879664
crop wake q60,60,14895,168.999936,34.58995922570672
crop wake q80,80,23800,168.999936,37.35291247607614
crop wake q95,95,52896,168.999936,43.987370323318146
crop wake jp2,-1,110762,168.999936,45.10331680542429
thumbnail 96px,60,1598,,
whole tile q40,40,68643,,30.328759059497834
whole tile q60,60,87377,,31.557649723487184
crop tight q20,20,1780,108.99993599999999,28.302011642825455
crop tight q40,40,2516,108.99993599999999,30.242200613791262
crop tight q60,60,3184,108.99993599999999,31.481764687232975
crop tight q80,80,4620,108.99993599999999,33.92699539403986
crop tight q95,95,9341,108.99993599999999,41.56879201363802
crop tight jp2,-1,11727,108.99993599999999,36.971544223437945
crop context q20,20,2712,108.99993599999999,28.542629541457583
crop context q40,40,4081,108.99993599999999,30.490827498513248
crop context q60,60,5269,108.99993599999999,31.674546047395044
crop context q80,80,7920,108.99993599999999,33.99268063725156
crop context q95,95,16782,108.99993599999999,41.64017769501385
crop context jp2,-1,22660,108.99993599999999,37.312304799717836
crop wake q20,20,5674,108.99993599999999,28.481880186395077
crop wake q40,40,9035,108.99993599999999,30.45979948282529
crop wake q60,60,11852,108.99993599999999,31.67035430744331
crop wake q80,80,18257,108.99993599999999,33.97329696213645
crop wake q95,95,39188,108.99993599999999,41.832564203685706
crop wake jp2,-1,55465,108.99993599999999,37.297491218469034
thumbnail 96px,60,2818,,
whole tile q40,40,67600,,34.4123799409079
whole tile q60,60,84012,,36.55464785903084
crop tight q20,20,8774,286.000128,31.179135852505333
crop tight q40,40,12741,286.000128,34.300692601273596
crop tight q60,60,16016,286.000128,36.22992747443708
crop tight q80,80,22896,286.000128,39.32926986331368
crop tight q95,95,43104,286.000128,44.57898411041769
crop tight jp2,-1,76963,286.000128,44.124023549745495
crop context q20,20,14127,286.000128,31.197310828206213
crop context q40,40,20706,286.000128,34.33020561215151
crop context q60,60,26168,286.000128,36.26352471213414
crop context q80,80,37540,286.000128,39.33546607371763
crop context q95,95,71210,286.000128,44.61351325481541
crop context jp2,-1,129229,286.000128,44.21729376625568
crop wake q20,20,24930,286.000128,31.105790784919293
crop wake q40,40,36386,286.000128,34.23098323228658
crop wake q60,60,45146,286.000128,36.34348493574804
crop wake q80,80,68291,286.000128,41.26559399392717
crop wake q95,95,117291,286.000128,47.63686116396642
crop wake jp2,-1,227414,286.000128,44.08579790287436
thumbnail 96px,60,854,,
whole tile q40,40,33055,,38.16910347505191
whole tile q60,60,43006,,40.74011409811186
crop tight q20,20,639,8.000256,32.09325808805456
crop tight q40,40,646,8.000256,35.87707251500055
crop tight q60,60,649,8.000256,36.83210194726898
crop tight q80,80,659,8.000256,39.39810007490148
crop tight q95,95,686,8.000256,43.931857792245516
crop context q20,20,644,8.000256,32.12995043424568
crop context q40,40,654,8.000256,35.74692728404885
crop context q60,60,659,8.000256,37.075869708328625
crop context q80,80,677,8.000256,40.06472308111995
crop context q95,95,724,8.000256,43.45777357876606
crop wake q20,20,659,8.000256,32.51115874462545
crop wake q40,40,673,8.000256,36.58040539602217
crop wake q60,60,685,8.000256,37.644958672961614
crop wake q80,80,719,8.000256,39.88138828750776
crop wake q95,95,818,8.000256,44.3275970432353
thumbnail 96px,60,864,,
whole tile q40,40,31287,,38.216563206054246
whole tile q60,60,40344,,40.57185647024474
crop tight q20,20,740,43.00032,33.89674566491828
crop tight q40,40,817,43.00032,36.95168249118534
crop tight q60,60,877,43.00032,39.22021198365948
crop tight q80,80,992,43.00032,42.71847470001689
crop tight q95,95,1344,43.00032,47.458033770447074
crop tight jp2,-1,1653,43.00032,44.85245677698799
crop context q20,20,787,43.00032,34.952646619292516
crop context q40,40,895,43.00032,37.478765182699235
crop context q60,60,968,43.00032,39.898645184837214
crop context q80,80,1182,43.00032,46.105367725654425
crop context q95,95,1578,43.00032,56.82174775949748
crop context jp2,-1,2856,43.00032,46.957027868743744
crop wake q20,20,893,43.00032,35.544793974191435
crop wake q40,40,1102,43.00032,37.995580273999536
crop wake q60,60,1306,43.00032,39.97595022773898
crop wake q80,80,1660,43.00032,43.778553961441624
crop wake q95,95,2750,43.00032,49.01947655461069
crop wake jp2,-1,5934,43.00032,48.44611966595607
crop tight q20,20,717,38.999808,34.09488407068305
crop tight q40,40,780,38.999808,36.48982627002429
crop tight q60,60,832,38.999808,38.43781265267458
crop tight q80,80,938,38.999808,41.17367772795642
crop tight q95,95,1292,38.999808,45.58614503648087
crop tight jp2,-1,1450,38.999808,44.352810681926904
crop context q20,20,766,38.999808,34.76296912083945
crop context q40,40,870,38.999808,37.3780817870836
crop context q60,60,964,38.999808,39.599124688797694
crop context q80,80,1137,38.999808,42.74611160948879
crop context q95,95,1707,38.999808,47.14786681771193
crop context jp2,-1,2808,38.999808,46.19591868025652
crop wake q20,20,970,38.999808,35.31842807571587
crop wake q40,40,1218,38.999808,37.567640518712146
crop wake q60,60,1433,38.999808,39.90813965869991
crop wake q80,80,1865,38.999808,42.94272368105878
crop wake q95,95,3344,38.999808,47.30762630720881
crop wake jp2,-1,7216,38.999808,48.636510686621854
crop tight q20,20,864,62.999808,33.81108031917361
crop tight q40,40,1021,62.999808,36.6071173219495
crop tight q60,60,1160,62.999808,38.613915113736724
crop tight q80,80,1401,62.999808,41.4439241975373
crop tight q95,95,2304,62.999808,45.72314614662291
crop tight jp2,-1,3937,62.999808,46.01549550769562
crop context q20,20,1023,62.999808,34.75407646954666
crop context q40,40,1280,62.999808,37.26672366291061
crop context q60,60,1521,62.999808,39.28498072542455
crop context q80,80,1990,62.999808,42.494426480642375
crop context q95,95,3533,62.999808,46.69663606116171
crop context jp2,-1,7566,62.999808,47.877609901754724
crop wake q20,20,1395,62.999808,35.317591958315695
crop wake q40,40,2035,62.999808,37.76485723129167
crop wake q60,60,2581,62.999808,40.1764735288114
crop wake q80,80,3657,62.999808,43.875517317747985
crop wake q95,95,6911,62.999808,49.24562136284838
crop wake jp2,-1,18573,62.999808,49.00255186480622
crop tight q20,20,784,48.999936,32.66863832406853
crop tight q40,40,886,48.999936,35.662760139679214
crop tight q60,60,973,48.999936,37.359427635546986
crop tight q80,80,1144,48.999936,40.47646562835162
crop tight q95,95,1698,48.999936,44.96587622238569
crop tight jp2,-1,2276,48.999936,44.46450979543748
crop context q20,20,860,48.999936,33.63262138244626
crop context q40,40,1022,48.999936,36.774456307423264
crop context q60,60,1184,48.999936,38.64369406659706
crop context q80,80,1488,48.999936,41.5958238993433
crop context q95,95,2446,48.999936,45.60467725788257
crop context jp2,-1,4561,48.999936,46.744749306481815
crop wake q20,20,1124,48.999936,35.05254633855959
crop wake q40,40,1502,48.999936,37.66253048405571
crop wake q60,60,1839,48.999936,39.87305302097792
crop wake q80,80,2529,48.999936,43.36263977265416
crop wake q95,95,4602,48.999936,48.32137580446422
crop wake jp2,-1,11059,48.999936,48.76255218313767
crop tight q20,20,751,40.99968,31.912155956204373
crop tight q40,40,830,40.99968,35.246986261800586
crop tight q60,60,892,40.99968,37.40366370432834
crop tight q80,80,1028,40.99968,40.107343012746036
crop tight q95,95,1437,40.99968,44.53587439061059
crop tight jp2,-1,1736,40.99968,43.472897196306874
crop context q20,20,827,40.99968,33.10848218033589
crop context q40,40,957,40.99968,36.42649588437927
crop context q60,60,1054,40.99968,38.52590434603612
crop context q80,80,1285,40.99968,41.629149240970655
crop context q95,95,1942,40.99968,47.048838108974664
crop context jp2,-1,2994,40.99968,45.465952734809115
crop wake q20,20,929,40.99968,34.190071273951816
crop wake q40,40,1162,40.99968,37.096598788902426
crop wake q60,60,1358,40.99968,39.16837214183177
crop wake q80,80,1737,40.99968,43.10389600537391
crop wake q95,95,2870,40.99968,48.43282335128195
crop wake jp2,-1,5998,40.99968,47.031660696558205
crop tight q20,20,677,21.000192,31.086070184765777
crop tight q40,40,701,21.000192,34.53683301037466
crop tight q60,60,722,21.000192,36.709857182592586
crop tight q80,80,758,21.000192,40.06455078918676
crop tight q95,95,874,21.000192,44.655532334470536
crop context q20,20,700,21.000192,31.055487129208743
crop context q40,40,739,21.000192,35.50071212636367
crop context q60,60,773,21.000192,37.43321332674121
crop context q80,80,842,21.000192,40.32506739443039
crop context q95,95,1048,21.000192,45.90054123787185
crop wake q20,20,759,21.000192,32.36591769321247
crop wake q40,40,833,21.000192,35.79707238349944
crop wake q60,60,887,21.000192,37.934922143454926
crop wake q80,80,1017,21.000192,42.72740200003347
crop wake q95,95,1340,21.000192,47.984060692536445
crop wake jp2,-1,1406,21.000192,42.56404238981111
crop tight q20,20,811,55.00032,33.28775144062768
crop tight q40,40,921,55.00032,36.271085212345064
crop tight q60,60,1027,55.00032,38.52489379295716
crop tight q80,80,1224,55.00032,40.997040651246415
crop tight q95,95,1888,55.00032,45.67139346861093
crop tight jp2,-1,2884,55.00032,45.12597810037071
crop context q20,20,889,55.00032,34.12124813297986
crop context q40,40,1078,55.00032,36.995336830481165
crop context q60,60,1237,55.00032,39.21171396257452
crop context q80,80,1560,55.00032,42.00280452618991
crop context q95,95,2617,55.00032,46.15437865607557
crop context jp2,-1,4950,55.00032,46.9056659723381
crop wake q20,20,1119,55.00032,34.84295148249466
crop wake q40,40,1479,55.00032,37.59911204099673
crop wake q60,60,1787,55.00032,39.82747737889244
crop wake q80,80,2396,55.00032,42.72869660873677
crop wake q95,95,4490,55.00032,47.07085625670916
crop wake jp2,-1,10265,55.00032,48.59507588883864
thumbnail 96px,60,801,,
whole tile q40,40,25628,,36.62304439097703
whole tile q60,60,34502,,38.488616087029975
crop tight q20,20,642,7.00032,24.229960960126743
crop tight q40,40,649,7.00032,25.380357425339227
crop tight q60,60,654,7.00032,27.76004465271555
crop tight q80,80,665,7.00032,32.85820539025838
crop tight q95,95,698,7.00032,41.45800407460349
crop context q20,20,647,7.00032,23.72910989561406
crop context q40,40,662,7.00032,26.374353151343968
crop context q60,60,673,7.00032,29.26575392595147
crop context q80,80,696,7.00032,33.497756944388996
crop context q95,95,767,7.00032,40.10410263558627
crop wake q20,20,679,7.00032,26.30969167226533
crop wake q40,40,702,7.00032,28.355161421137936
crop wake q60,60,724,7.00032,30.391760550254745
crop wake q80,80,762,7.00032,33.33521660861822
crop wake q95,95,899,7.00032,40.97951305168177
thumbnail 96px,60,1937,,
whole tile q40,40,80944,,33.19371409297976
whole tile q60,60,100354,,35.11986959564666
crop tight q20,20,665,19.000320000000002,29.985124385141837
crop tight q40,40,683,19.000320000000002,33.47939829957981
crop tight q60,60,696,19.000320000000002,34.99464766685446
crop tight q80,80,723,19.000320000000002,38.04044962636205
crop tight q95,95,816,19.000320000000002,42.18486927043068
crop context q20,20,697,19.000320000000002,30.476917510729415
crop context q40,40,725,19.000320000000002,33.14828163723894
crop context q60,60,753,19.000320000000002,35.12096341117167
crop context q80,80,810,19.000320000000002,37.9270155041411
crop context q95,95,988,19.000320000000002,43.53464538950574
crop wake q20,20,770,19.000320000000002,30.289797713968515
crop wake q40,40,833,19.000320000000002,33.269533347295194
crop wake q60,60,886,19.000320000000002,34.956815050841584
crop wake q80,80,1001,19.000320000000002,37.66817720998379
crop wake q95,95,1340,19.000320000000002,43.257496212225995
thumbnail 96px,60,1542,,
whole tile q40,40,121096,,24.046932846307744
whole tile q60,60,154428,,26.246046661354
crop tight q20,20,4747,156.0,21.973600779278893
crop tight q40,40,7320,156.0,24.340451183445637
crop tight q60,60,9501,156.0,26.350236269852147
crop tight q80,80,13684,156.0,30.79308205809066
crop tight q95,95,24054,156.0,41.31498149347277
crop tight jp2,-1,22575,156.0,27.69833332629444
crop context q20,20,7030,156.0,21.938678277789215
crop context q40,40,11176,156.0,24.20821561291104
crop context q60,60,14585,156.0,26.24138452130934
crop context q80,80,21154,156.0,30.610687139169308
crop context q95,95,37377,156.0,41.30077476668519
crop context jp2,-1,35458,156.0,27.942407405639717
crop wake q20,20,11359,156.0,21.98693419177673
crop wake q40,40,18443,156.0,24.313589580301006
crop wake q60,60,24371,156.0,26.31119250180545
crop wake q80,80,35664,156.0,30.77414911921579
crop wake q95,95,62716,156.0,41.529453753736824
crop wake jp2,-1,61685,156.0,28.05447121969116
thumbnail 96px,60,859,,
whole tile q40,40,26028,,38.77349061793575
whole tile q60,60,34611,,42.11978637304998
crop tight q20,20,1656,143.000064,33.813268331037506
crop tight q40,40,2338,143.000064,37.273269804340785
crop tight q60,60,2979,143.000064,39.282798356857604
crop tight q80,80,4161,143.000064,41.96209507907167
crop tight q95,95,8173,143.000064,46.406494698652516
crop tight jp2,-1,19767,143.000064,49.033080333809636
crop context q20,20,2206,143.000064,34.6698677503546
crop context q40,40,3436,143.000064,37.93664667298116
crop context q60,60,4551,143.000064,40.2560616269583
crop context q80,80,6652,143.000064,42.90626031795814
crop context q95,95,13640,143.000064,47.40652346807999
crop context jp2,-1,38907,143.000064,50.1260879813417
crop wake q20,20,3723,143.000064,35.331138311398206
crop wake q40,40,6492,143.000064,38.44363613069192
crop wake q60,60,8967,143.000064,41.071085589711416
crop wake q80,80,13587,143.000064,43.7606141706775
crop wake q95,95,29078,143.000064,48.29121205319516
crop wake jp2,-1,92638,143.000064,50.87979146340857
thumbnail 96px,60,1712,,
whole tile q40,40,65591,,34.87950313361567
whole tile q60,60,81783,,36.81461758920415
crop tight q20,20,4848,193.99987199999998,30.741646026895864
crop tight q40,40,6900,193.99987199999998,33.88044348299413
crop tight q60,60,8540,193.99987199999998,35.58041605675952
crop tight q80,80,11941,193.99987199999998,38.11184433770782
crop tight q95,95,23150,193.99987199999998,42.97663269567907
crop tight jp2,-1,37259,193.99987199999998,42.44465687538346
crop context q20,20,8404,193.99987199999998,31.20236741565362
crop context q40,40,12062,193.99987199999998,34.32443313956144
crop context q60,60,15194,193.99987199999998,36.036362016807246
crop context q80,80,21414,193.99987199999998,38.43125524762665
crop context q95,95,42876,193.99987199999998,42.8437047652578
crop context jp2,-1,72253,193.99987199999998,43.214412714226256
crop wake q20,20,18694,193.99987199999998,31.498896254966667
crop wake q40,40,27266,193.99987199999998,34.59527668160276
crop wake q60,60,34700,193.99987199999998,36.28677373170109
crop wake q80,80,49556,193.99987199999998,38.784009911505485
crop wake q95,95,99747,193.99987199999998,43.08421451564072
crop wake jp2,-1,176351,193.99987199999998,43.65230069489763
thumbnail 96px,60,981,,
whole tile q40,40,23405,,38.98784877409343
whole tile q60,60,32113,,41.247697727157814
crop tight q20,20,2291,154.00012800000002,32.80642979442306
crop tight q40,40,3210,154.00012800000002,35.61744805118704
crop tight q60,60,4116,154.00012800000002,37.59878078243744
crop tight q80,80,5843,154.00012800000002,40.23404833037324
crop tight q95,95,11378,154.00012800000002,44.753774803892185
crop tight jp2,-1,23508,154.00012800000002,46.243669718881854
crop context q20,20,2935,154.00012800000002,34.06967267239447
crop context q40,40,4362,154.00012800000002,36.99386509441941
crop context q60,60,5834,154.00012800000002,38.830835820421655
crop context q80,80,8720,154.00012800000002,41.39478674010964
crop context q95,95,17921,154.00012800000002,46.0377468834077
crop context jp2,-1,45378,154.00012800000002,48.67680003593985
crop wake q20,20,4768,154.00012800000002,35.13544752023538
crop wake q40,40,7680,154.00012800000002,38.14244718010001
crop wake q60,60,11039,154.00012800000002,39.91716559909459
crop wake q80,80,17299,154.00012800000002,42.76256721083401
crop wake q95,95,36744,154.00012800000002,47.056333259037324
crop wake jp2,-1,111023,154.00012800000002,50.087310303250234
thumbnail 96px,60,841,,
whole tile q40,40,17256,,39.617659620713454
whole tile q60,60,24077,,42.41051963141149
crop tight q20,20,1211,130.00012800000002,35.77581706721777
crop tight q40,40,1552,130.00012800000002,38.7179523125844
crop tight q60,60,1999,130.00012800000002,41.06196398204859
crop tight q80,80,2875,130.00012800000002,43.72162501672331
crop tight q95,95,5689,130.00012800000002,47.940397958329655
crop tight jp2,-1,16300,130.00012800000002,50.81879117892858
crop context q20,20,1494,130.00012800000002,36.333500375982446
crop context q40,40,2061,130.00012800000002,38.927593665244885
crop context q60,60,2874,130.00012800000002,41.66893142512774
crop context q80,80,4470,130.00012800000002,44.29559111135838
crop context q95,95,9487,130.00012800000002,48.7481305213018
crop context jp2,-1,31866,130.00012800000002,51.71727695464919
crop wake q20,20,2638,130.00012800000002,36.51178029754353
crop wake q40,40,3854,130.00012800000002,39.23916667529123
crop wake q60,60,5864,130.00012800000002,42.09117782696788
crop wake q80,80,9574,130.00012800000002,45.23845089355962
crop wake q95,95,21142,130.00012800000002,49.597811075841875
crop wake jp2,-1,79221,130.00012800000002,52.538184329998415
crop tight q20,20,753,57.000192,36.100376375561375
crop tight q40,40,821,57.000192,39.195964486738
crop tight q60,60,893,57.000192,41.608585795976076
crop tight q80,80,1071,57.000192,44.093303205048244
crop tight q95,95,1655,57.000192,48.32657521557056
crop tight jp2,-1,3182,57.000192,50.424604829080295
crop context q20,20,806,57.000192,36.387425836122276
crop context q40,40,900,57.000192,39.188142947903074
crop context q60,60,1055,57.000192,42.34481345267611
crop context q80,80,1353,57.000192,45.30692393060693
crop context q95,95,2233,57.000192,50.88792353359671
crop context jp2,-1,5840,57.000192,51.42253545710076
crop wake q20,20,964,57.000192,36.231825077043034
crop wake q40,40,1155,57.000192,39.332077257899094
crop wake q60,60,1357,57.000192,42.583515085105795
crop wake q80,80,2196,57.000192,49.33656448897996
crop wake q95,95,3322,57.000192,66.92111274763442
crop wake jp2,-1,12038,57.000192,52.29266148541225
thumbnail 96px,60,845,,
whole tile q40,40,21547,,40.43021439797574
whole tile q60,60,28260,,42.89773879466846
crop tight q20,20,1383,124.99967999999998,33.603672902922234
crop tight q40,40,1801,124.99967999999998,36.90142885382253
crop tight q60,60,2184,124.99967999999998,38.96456056446431
crop tight q80,80,2913,124.99967999999998,41.703356917502134
crop tight q95,95,5416,124.99967999999998,45.7171037863987
crop tight jp2,-1,11594,124.99967999999998,48.5803599481156
crop context q20,20,1693,124.99967999999998,34.571257987990286
crop context q40,40,2298,124.99967999999998,38.02353909412465
crop context q60,60,2861,124.99967999999998,40.0607704919087
crop context q80,80,4013,124.99967999999998,43.11630084013832
crop context q95,95,7468,124.99967999999998,48.050650046054706
crop context jp2,-1,20153,124.99967999999998,50.13722927516967
crop wake q20,20,2248,124.99967999999998,35.55822196771349
crop wake q40,40,3286,124.99967999999998,39.009882501701384
crop wake q60,60,4305,124.99967999999998,41.46868356675185
crop wake q80,80,6342,124.99967999999998,44.90979585802272
crop wake q95,95,12168,124.99967999999998,50.00886608726574
crop wake jp2,-1,39164,124.99967999999998,51.820315897819434
thumbnail 96px,60,822,,
whole tile q40,40,11484,,40.084314483299565
whole tile q60,60,12932,,41.4597491105637
crop tight q20,20,1473,153.000192,34.73483472596709
crop tight q40,40,1733,153.000192,37.49354958666375
crop tight q60,60,2122,153.000192,39.01232436001286
crop tight q80,80,3554,153.000192,42.53359998426498
crop tight q95,95,7191,153.000192,48.32931382219777
crop tight jp2,-1,23015,153.000192,49.96738037518816
crop context q20,20,2005,153.000192,36.0376330596169
crop context q40,40,2304,153.000192,38.819187722859446
crop context q60,60,2806,153.000192,39.90818237668014
crop context q80,80,4943,153.000192,42.8817189460274
crop context q95,95,12624,153.000192,47.568994264391165
crop context jp2,-1,44320,153.000192,51.13726326831373
crop wake q20,20,3297,153.000192,37.517554795181596
crop wake q40,40,3738,153.000192,39.71559334731177
crop wake q60,60,4593,153.000192,40.92585783651483
crop wake q80,80,9645,153.000192,44.01685191240187
crop wake q95,95,26873,153.000192,48.38564459636047
crop wake jp2,-1,109187,153.000192,52.46723596562462
thumbnail 96px,60,847,,
whole tile q40,40,16107,,40.334684600783255
whole tile q60,60,22534,,42.13421238558308
crop tight q20,20,654,24.0,34.99128335288998
crop tight q40,40,669,24.0,38.10309109857757
crop tight q60,60,687,24.0,39.21969598657374
crop tight q80,80,730,24.0,42.18632741290052
crop tight q95,95,865,24.0,45.99288792278627
crop context q20,20,676,24.0,36.041979920965886
crop context q40,40,694,24.0,39.061290953904305
crop context q60,60,728,24.0,40.97326008066888
crop context q80,80,783,24.0,43.28722785221504
crop context q95,95,989,24.0,47.04136876333035
crop context jp2,-1,1155,24.0,47.422756867982024
crop wake q20,20,705,24.0,36.49733970785297
crop wake q40,40,745,24.0,39.84325026418231
crop wake q60,60,809,24.0,41.03818256354528
crop wake q80,80,946,24.0,44.33338538676152
crop wake q95,95,1403,24.0,48.1829900890845
crop wake jp2,-1,2647,24.0,50.230951191265056
crop tight q20,20,683,29.999616,34.914697387640395
crop tight q40,40,700,29.999616,38.91503152175555
crop tight q60,60,729,29.999616,40.92330568702927
crop tight q80,80,780,29.999616,43.541358421555394
crop tight q95,95,967,29.999616,47.16219016207158
crop tight jp2,-1,895,29.999616,46.2665112304586
crop context q20,20,677,29.999616,35.612545049334784
crop context q40,40,708,29.999616,39.420676995037546
crop context q60,60,743,29.999616,40.77917168440286
crop context q80,80,831,29.999616,43.94073311271158
crop context q95,95,1094,29.999616,48.120548832500646
crop context jp2,-1,1695,29.999616,49.36908251073077
crop wake q20,20,751,29.999616,35.70198827716468
crop wake q40,40,819,29.999616,40.23584351817203
crop wake q60,60,906,29.999616,41.167685770423006
crop wake q80,80,1123,29.999616,44.638582660344525
crop wake q95,95,1817,29.999616,49.20818576296974
crop wake jp2,-1,4061,29.999616,50.77510227143328
thumbnail 96px,60,1588,,
whole tile q40,40,61005,,35.98311181947872
whole tile q60,60,74976,,38.27124387161527
crop tight q20,20,784,33.000192,30.439139266713596
crop tight q40,40,846,33.000192,33.6442093818341
crop tight q60,60,902,33.000192,35.60481657190363
crop tight q80,80,1011,33.000192,38.31569140071999
crop tight q95,95,1388,33.000192,44.26701082161106
crop tight jp2,-1,1068,33.000192,35.46081187624213
crop context q20,20,892,33.000192,31.362131635724676
crop context q40,40,1004,33.000192,34.439233132795465
crop context q60,60,1098,33.000192,36.02977594567836
crop context q80,80,1302,33.000192,38.901927821953194
crop context q95,95,1970,33.000192,44.50768264304628
crop context jp2,-1,2046,33.000192,39.552200080563665
crop wake q20,20,1182,33.000192,31.92225994894467
crop wake q40,40,1440,33.000192,35.22586788302135
crop wake q60,60,1646,33.000192,37.199764846047316
crop wake q80,80,2076,33.000192,39.80475729354433
crop wake q95,95,3569,33.000192,44.51346996543052
crop wake jp2,-1,5097,33.000192,43.203676991997526
thumbnail 96px,60,2743,,
whole tile q40,40,73831,,34.43349609889934
whole tile q60,60,92206,,36.64124332256664
crop tight q20,20,812,34.000128,29.421452248926386
crop tight q40,40,888,34.000128,32.16949782953841
crop tight q60,60,956,34.000128,34.043528741073715
crop tight q80,80,1084,34.000128,36.68914677841207
crop tight q95,95,1548,34.000128,41.92185143505981
crop tight jp2,-1,1153,34.000128,34.45181068804623
crop context q20,20,960,34.000128,29.76294652274086
crop context q40,40,1109,34.000128,32.72364230274776
crop context q60,60,1234,34.000128,34.62800289491839
crop context q80,80,1473,34.000128,37.30554136335338
crop context q95,95,2318,34.000128,42.56578509123162
crop context jp2,-1,2270,34.000128,38.100235531243705
crop wake q20,20,1364,34.000128,30.56232542323588
crop wake q40,40,1697,34.000128,33.40955495935271
crop wake q60,60,1999,34.000128,35.150420884081434
crop wake q80,80,2552,34.000128,37.918366701560565
crop wake q95,95,4405,34.000128,42.49153322082457
crop wake jp2,-1,5380,34.000128,40.34198395178887
thumbnail 96px,60,1250,,
whole tile q40,40,48037,,36.58515803299407
whole tile q60,60,59810,,38.87235427576414
crop tight q20,20,684,14.999808,27.98200456891383
crop tight q40,40,714,14.999808,30.377231607417805
crop tight q60,60,737,14.999808,31.797365996431182
crop tight q80,80,780,14.999808,34.98957263479673
crop tight q95,95,921,14.999808,40.46168969603695
crop context q20,20,704,14.999808,28.22899331382147
crop context q40,40,734,14.999808,31.258332597037505
crop context q60,60,759,14.999808,33.042234317050394
crop context q80,80,809,14.999808,34.993815294455345
crop context q95,95,985,14.999808,40.0412892753127
crop wake q20,20,775,14.999808,29.46704357834164
crop wake q40,40,852,14.999808,32.85427837017629
crop wake q60,60,909,14.999808,34.607909066068196
crop wake q80,80,1020,14.999808,36.6573667763095
crop wake q95,95,1412,14.999808,40.95775686014855
crop wake jp2,-1,1081,14.999808,36.27731560124661
thumbnail 96px,60,1048,,
whole tile q40,40,27011,,38.87461972146599
whole tile q60,60,35742,,41.12168617395565
crop tight q20,20,3920,277.999872,34.49588447503355
crop tight q40,40,6316,277.999872,37.62593827580288
crop tight q60,60,8629,277.999872,39.54840256256849
crop tight q80,80,13030,277.999872,42.46640880410234
crop tight q95,95,27144,277.999872,46.61366312012199
crop tight jp2,-1,75677,277.999872,49.424521663168974
crop context q20,20,5600,277.999872,34.95052407491374
crop context q40,40,9491,277.999872,38.136163861075914
crop context q60,60,13245,277.999872,40.04971667194391
crop context q80,80,20426,277.999872,43.19514124488528
crop context q95,95,42917,277.999872,47.41599922596698
crop context jp2,-1,128196,277.999872,50.02007424138575
crop wake q20,20,9053,277.999872,35.48552656626996
crop wake q40,40,16342,277.999872,38.68320975878398
crop wake q60,60,23747,277.999872,40.74937100850467
crop wake q80,80,37187,277.999872,44.46666613577441
crop wake q95,95,75745,277.999872,49.678296648491994
crop wake jp2,-1,253874,277.999872,50.54073953661546
thumbnail 96px,60,869,,
whole tile q40,40,11477,,42.27540229880553
whole tile q60,60,13152,,44.75909604346242
crop tight q20,20,991,85.999872,32.58464755378763
crop tight q40,40,1112,85.999872,34.49729795407782
crop tight q60,60,1239,85.999872,36.04324236481061
crop tight q80,80,1677,85.999872,39.7312634212452
crop tight q95,95,2902,85.999872,47.117582586154604
crop tight jp2,-1,7259,85.999872,51.05482683575879
crop context q20,20,1118,85.999872,35.01406796669378
crop context q40,40,1248,85.999872,36.84274455003955
crop context q60,60,1400,85.999872,38.54646756971866
crop context q80,80,1909,85.999872,40.85606691059684
crop context q95,95,4210,85.999872,47.49427648298736
crop context jp2,-1,14189,85.999872,57.70157574333985
crop wake q20,20,1575,85.999872,37.55337845038055
crop wake q40,40,1741,85.999872,39.44228079656794
crop wake q60,60,1916,85.999872,41.73334743458238
crop wake q80,80,2839,85.999872,44.009553226084115
crop wake q95,95,7224,85.999872,49.77525549808354
crop wake jp2,-1,32853,85.999872,99.0
crop tight q20,20,679,14.999808,24.53286203994862
crop tight q40,40,698,14.999808,26.796492976945963
crop tight q60,60,713,14.999808,28.47988364239441
crop tight q80,80,764,14.999808,31.436581239986317
crop tight q95,95,886,14.999808,40.49440354070099
crop context q20,20,686,14.999808,26.320052465896083
crop context q40,40,719,14.999808,28.998457705360504
crop context q60,60,746,14.999808,30.93155899281765
crop context q80,80,804,14.999808,33.50610016821035
crop context q95,95,979,14.999808,40.98602800805316
crop wake q20,20,724,14.999808,28.936699375081517
crop wake q40,40,761,14.999808,31.466693507364376
crop wake q60,60,804,14.999808,33.09180608848661
crop wake q80,80,894,14.999808,35.90564952735149
crop wake q95,95,1202,14.999808,43.24043170629253
crop wake jp2,-1,1068,14.999808,39.87352998713547
crop tight q20,20,995,81.000192,31.261721299502202
crop tight q40,40,1152,81.000192,33.51273779624841
crop tight q60,60,1301,81.000192,35.12753873345326
crop tight q80,80,1720,81.000192,38.34310414647672
crop tight q95,95,3198,81.000192,45.0838135030242
crop tight jp2,-1,6545,81.000192,49.21310266409965
crop context q20,20,1178,81.000192,33.7382770817925
crop context q40,40,1348,81.000192,35.87916528400184
crop context q60,60,1556,81.000192,37.9886246150132
crop context q80,80,2164,81.000192,41.266779046146794
crop context q95,95,4158,81.000192,47.65299858650481
crop context jp2,-1,12387,81.000192,52.33451261475988
crop wake q20,20,1533,81.000192,36.723247917546345
crop wake q40,40,1712,81.000192,38.73137912896916
crop wake q60,60,1968,81.000192,40.689533632375415
crop wake q80,80,3003,81.000192,43.03007753496396
crop wake q95,95,7443,81.000192,48.73198734520237
crop wake jp2,-1,30624,81.000192,61.908203373889215
thumbnail 96px,60,1157,,
whole tile q40,40,62694,,35.876138392589375
whole tile q60,60,77107,,38.1324278944959
crop tight q20,20,767,34.000128,30.954492396474762
crop tight q40,40,831,34.000128,33.70913731627825
crop tight q60,60,890,34.000128,35.663893071977085
crop tight q80,80,996,34.000128,38.79543600691841
crop tight q95,95,1369,34.000128,43.803826553350646
crop tight jp2,-1,1140,34.000128,37.76507804640495
crop context q20,20,873,34.000128,31.360901459469165
crop context q40,40,994,34.000128,34.58736924224679
crop context q60,60,1095,34.000128,36.36013930603269
crop context q80,80,1289,34.000128,39.28480028262591
crop context q95,95,1952,34.000128,44.470357952781484
crop context jp2,-1,2219,34.000128,40.193015106516334
crop wake q20,20,1190,34.000128,32.09273169010188
crop wake q40,40,1444,34.000128,35.32697358557178
crop wake q60,60,1662,34.000128,37.07724601676829
crop wake q80,80,2110,34.000128,39.874019999137886
crop wake q95,95,3616,34.000128,45.010797920175165
crop wake jp2,-1,5431,34.000128,42.65247467134966
thumbnail 96px,60,932,,
whole tile q40,40,34787,,37.85840023611299
whole tile q60,60,47171,,39.92127354198828
crop tight q20,20,925,58.000128000000004,31.885989320143622
crop tight q40,40,1090,58.000128000000004,34.591620368904266
crop tight q60,60,1228,58.000128000000004,36.84411174302062
crop tight q80,80,1503,58.000128000000004,39.21240513640797
crop tight q95,95,2458,58.000128000000004,43.556514243854856
crop tight jp2,-1,3372,58.000128000000004,44.1424475200991
crop context q20,20,1071,58.000128000000004,32.487377131450145
crop context q40,40,1347,58.000128000000004,35.810030345635234
crop context q60,60,1594,58.000128000000004,37.85750486184198
crop context q80,80,2092,58.000128000000004,41.04476634661859
crop context q95,95,3530,58.000128000000004,46.183955034649664
crop context jp2,-1,6501,58.000128000000004,46.0080659618104
crop wake q20,20,1589,58.000128000000004,33.34788348075312
crop wake q40,40,2185,58.000128000000004,36.645246586865326
crop wake q60,60,2701,58.000128000000004,38.55470987866129
crop wake q80,80,3733,58.000128000000004,40.8650657773028
crop wake q95,95,7221,58.000128000000004,44.88847689962347
crop wake jp2,-1,15766,58.000128000000004,48.07667923732716
thumbnail 96px,60,1026,,
whole tile q40,40,16469,,38.49181854724201
whole tile q60,60,22472,,39.85784543611942
crop tight q20,20,661,11.000064,23.52005946141038
crop tight q40,40,676,11.000064,25.512940537954698
crop tight q60,60,695,11.000064,27.572105530450848
crop tight q80,80,727,11.000064,31.803679034242197
crop tight q95,95,813,11.000064,40.43835610905771
crop context q20,20,683,11.000064,24.650195398841205
crop context q40,40,712,11.000064,26.54149899513422
crop context q60,60,734,11.000064,28.329085761188885
crop context q80,80,791,11.000064,31.66702260055274
crop context q95,95,929,11.000064,40.45383013063677
crop wake q20,20,679,11.000064,27.01559427309578
crop wake q40,40,729,11.000064,29.172798550332605
crop wake q60,60,769,11.000064,31.294322665648945
crop wake q80,80,848,11.000064,35.0691074504213
crop wake q95,95,1062,11.000064,42.780788801212324
crop tight q20,20,636,4.99968,23.711089764141903
crop tight q40,40,639,4.99968,25.656754248304544
crop tight q60,60,644,4.99968,27.1130782898171
crop tight q80,80,654,4.99968,31.110649082289335
crop tight q95,95,678,4.99968,39.099903738759664
crop context q20,20,637,4.99968,24.831001785472587
crop context q40,40,641,4.99968,26.74580300970487
crop context q60,60,646,4.99968,27.829995319933104
crop context q80,80,656,4.99968,32.88170633136963
crop context q95,95,679,4.99968,39.98430529154817
crop wake q20,20,647,4.99968,27.073809764727997
crop wake q40,40,657,4.99968,29.582263081961777
crop wake q60,60,668,4.99968,30.480779301079828
crop wake q80,80,685,4.99968,34.12414471839428
crop wake q95,95,750,4.99968,43.16304425482318
crop tight q20,20,635,5.9996160000000005,24.32487665427039
crop tight q40,40,640,5.9996160000000005,25.9455913517472
crop tight q60,60,647,5.9996160000000005,27.62177402065566
crop tight q80,80,655,5.9996160000000005,31.39727129022547
crop tight q95,95,679,5.9996160000000005,40.8277059305378
crop context q20,20,643,5.9996160000000005,24.572041143034088
crop context q40,40,654,5.9996160000000005,26.68679149770503
crop context q60,60,659,5.9996160000000005,28.204523096405364
crop context q80,80,674,5.9996160000000005,32.102168673186426
crop context q95,95,709,5.9996160000000005,42.38215853983248
crop wake q20,20,646,5.9996160000000005,27.04575488355871
crop wake q40,40,660,5.9996160000000005,29.016426057743203
crop wake q60,60,675,5.9996160000000005,31.16937622563755
crop wake q80,80,695,5.9996160000000005,33.958363005094625
crop wake q95,95,770,5.9996160000000005,41.18637657897034
crop tight q20,20,642,10.000128,26.41250523467822
crop tight q40,40,651,10.000128,28.006692623174327
crop tight q60,60,661,10.000128,30.374588757283053
crop tight q80,80,679,10.000128,33.27631395715712
crop tight q95,95,736,10.000128,39.63307420278094
crop context q20,20,658,10.000128,26.772936290201002
crop context q40,40,670,10.000128,29.177283125866452
crop context q60,60,686,10.000128,31.113258047191188
crop context q80,80,712,10.000128,34.69476890977567
crop context q95,95,792,10.000128,42.38295754219724
crop wake q20,20,656,10.000128,31.069659393320705
crop wake q40,40,673,10.000128,33.6851099340865
crop wake q60,60,691,10.000128,35.35975645137556
crop wake q80,80,741,10.000128,37.45915249135165
crop wake q95,95,894,10.000128,44.84456138063783
crop tight q20,20,699,21.000192,24.878429998438214
crop tight q40,40,733,21.000192,27.670471931514147
crop tight q60,60,771,21.000192,29.310430579403008
crop tight q80,80,846,21.000192,33.018210306267164
crop tight q95,95,1045,21.000192,40.82836568355059
crop context q20,20,735,21.000192,26.393964775521003
crop context q40,40,798,21.000192,28.713082863055696
crop context q60,60,858,21.000192,30.103858775117295
crop context q80,80,994,21.000192,33.80018701870356
crop context q95,95,1343,21.000192,41.8122921493909
crop context jp2,-1,858,21.000192,32.70689197375434
crop wake q20,20,810,21.000192,28.47265829100976
crop wake q40,40,919,21.000192,30.828690432909198
crop wake q60,60,1032,21.000192,32.42802387067019
crop wake q80,80,1267,21.000192,35.1682495415116
crop wake q95,95,2029,21.000192,42.792472065651374
crop wake jp2,-1,2081,21.000192,38.60873686254254
thumbnail 96px,60,1121,,
whole tile q40,40,42367,,37.72611855515309
whole tile q60,60,52810,,39.84454185917724
crop tight q20,20,4562,248.000256,33.295110077938645
crop tight q40,40,7017,248.000256,37.02120182560749
crop tight q60,60,8955,248.000256,39.12417689638588
crop tight q80,80,12757,248.000256,42.29277163322176
crop tight q95,95,25073,248.000256,47.317006108720044
crop tight jp2,-1,60685,248.000256,47.01503584108811
crop context q20,20,7626,248.000256,33.4654866070222
crop context q40,40,12108,248.000256,37.40941844100449
crop context q60,60,15642,248.000256,39.45162297311143
crop context q80,80,22470,248.000256,42.482688144765596
crop context q95,95,45209,248.000256,47.1236156643822
crop context jp2,-1,115806,248.000256,47.925155053317916
crop wake q20,20,13791,248.000256,33.58701021936517
crop wake q40,40,22472,248.000256,37.72371150976555
crop wake q60,60,29267,248.000256,39.766540633043675
crop wake q80,80,42414,248.000256,43.00900742464019
crop wake q95,95,85619,248.000256,48.212103258411325
crop wake jp2,-1,230068,248.000256,48.56062026621164
thumbnail 96px,60,1832,,
whole tile q40,40,77500,,33.94771848411052
whole tile q60,60,94916,,35.962637767876195
crop tight q20,20,1672,86.999808,30.236524202650553
crop tight q40,40,2130,86.999808,33.61037224125974
crop tight q60,60,2511,86.999808,35.624684562173876
crop tight q80,80,3249,86.999808,38.548542298644655
crop tight q95,95,5691,86.999808,44.10945119319066
crop tight jp2,-1,7505,86.999808,39.22255243672651
crop context q20,20,2521,86.999808,30.348007350568498
crop context q40,40,3383,86.999808,33.726800160909505
crop context q60,60,4086,86.999808,35.50274239308407
crop context q80,80,5514,86.999808,38.002202083343555
crop context q95,95,10468,86.999808,43.499443868866805
crop context jp2,-1,14478,86.999808,39.57789952689878
crop wake q20,20,5110,86.999808,30.53027122258211
crop wake q40,40,7075,86.999808,33.86197604960604
crop wake q60,60,8761,86.999808,35.62817606179114
crop wake q80,80,12027,86.999808,38.04253718533322
crop wake q95,95,23851,86.999808,43.25537384154529
crop wake jp2,-1,35447,86.999808,40.15913140039273
thumbnail 96px,60,856,,
whole tile q40,40,21982,,39.08380407023277
whole tile q60,60,30618,,41.81843417242719
crop tight q20,20,2305,208.99968,35.264561939917584
crop tight q40,40,3407,208.99968,37.964135781605805
crop tight q60,60,4722,208.99968,39.960650089564794
crop tight q80,80,7060,208.99968,42.64197131552291
crop tight q95,95,14500,208.99968,47.01657934067394
crop tight jp2,-1,41035,208.99968,49.33479656959197
crop context q20,20,3094,208.99968,35.84825622479862
crop context q40,40,4824,208.99968,38.52767383374441
crop context q60,60,6896,208.99968,40.78626057493657
crop context q80,80,10564,208.99968,43.62806882970026
crop context q95,95,21660,208.99968,49.08012272812002
crop context jp2,-1,66431,208.99968,49.982006006549035
crop wake q20,20,4268,208.99968,36.333437673256476
crop wake q40,40,6906,208.99968,38.867999684455626
crop wake q60,60,10463,208.99968,41.22186102925938
crop wake q80,80,16534,208.99968,44.37905007195933
crop wake q95,95,34630,208.99968,49.60031895001194
crop wake jp2,-1,115180,208.99968,50.491097830106796
thumbnail 96px,60,798,,
whole tile q40,40,10958,,40.46978670991041
whole tile q60,60,13126,,42.38734185457757
crop tight q20,20,937,96.0,34.8241622674241
crop tight q40,40,1038,96.0,36.344624024545205
crop tight q60,60,1242,96.0,37.878382520501994
crop tight q80,80,1791,96.0,40.90800026108376
crop tight q95,95,3560,96.0,46.45111004866452
crop tight jp2,-1,8943,96.0,49.26775998168658
crop context q20,20,1164,96.0,36.37116907561439
crop context q40,40,1321,96.0,37.65701846827406
crop context q60,60,1622,96.0,39.35623828443131
crop context q80,80,2640,96.0,42.47256704604267
crop context q95,95,5681,96.0,47.88146557172483
crop context jp2,-1,17352,96.0,50.74130838050483
crop wake q20,20,1625,96.0,38.25625654784763
crop wake q40,40,1784,96.0,39.04180985843029
crop wake q60,60,2329,96.0,40.7161367901886
crop wake q80,80,4457,96.0,43.68495279975147
crop wake q95,95,11278,96.0,48.20627589531544
crop wake jp2,-1,42627,96.0,51.79202971952031
thumbnail 96px,60,901,,
whole tile q40,40,37319,,37.68344026742146
whole tile q60,60,47428,,40.21735404238386
crop tight q20,20,773,38.999808,31.518287391717674
crop tight q40,40,861,38.999808,34.39883435462491
crop tight q60,60,926,38.999808,36.5514964269453
crop tight q80,80,1059,38.999808,39.173360975293456
crop tight q95,95,1519,38.999808,44.0322690835746
crop tight jp2,-1,1495,38.999808,41.07061244808012
crop context q20,20,857,38.999808,32.39759272071848
crop context q40,40,989,38.999808,35.3334862059111
crop context q60,60,1100,38.999808,37.40876216450263
crop context q80,80,1321,38.999808,40.211168993943545
crop context q95,95,2059,38.999808,44.5255304961416
crop context jp2,-1,2854,38.999808,43.97207050593467
crop wake q20,20,1148,38.999808,33.35220624394396
crop wake q40,40,1450,38.999808,36.17254058009535
crop wake q60,60,1712,38.999808,38.64588246275829
crop wake q80,80,2201,38.999808,41.596580948559605
crop wake q95,95,3751,38.999808,46.888274447241756
crop wake jp2,-1,6941,38.999808,45.65372679737482
thumbnail 96px,60,1343,,
whole tile q40,40,29567,,35.98112641505785
whole tile q60,60,39833,,37.57258962381253
crop tight q20,20,2283,159.999744,31.2997241388722
crop tight q40,40,3297,159.999744,33.53652163445416
crop tight q60,60,4309,159.999744,34.91008103599571
crop tight q80,80,6425,159.999744,37.237162300375694
crop tight q95,95,13839,159.999744,43.12520083847278
crop tight jp2,-1,25086,159.999744,43.44297546110014
crop context q20,20,3464,159.999744,31.866723285594617
crop context q40,40,5388,159.999744,34.055634356498416
crop context q60,60,7442,159.999744,35.65787839630721
crop context q80,80,11569,159.999744,38.89755930442749
crop context q95,95,22827,159.999744,45.83036015428358
crop context jp2,-1,48848,159.999744,44.14262194559647
crop wake q20,20,6455,159.999744,32.79623806970868
crop wake q40,40,10636,159.999744,34.99533130511399
crop wake q60,60,15226,159.999744,36.59405931985277
crop wake q80,80,24636,159.999744,39.80262102268283
crop wake q95,95,50113,159.999744,46.68604332853911
crop wake jp2,-1,119503,159.999744,45.137029593786295
thumbnail 96px,60,916,,
whole tile q40,40,21496,,39.261671509643236
whole tile q60,60,29589,,41.287139474049454
crop tight q20,20,752,52.99968,34.213368424121725
crop tight q40,40,841,52.99968,36.97417478987425
crop tight q60,60,920,52.99968,38.80907343322834
crop tight q80,80,1101,52.99968,41.657517257679196
crop tight q95,95,1710,52.99968,45.72022971470589
crop tight jp2,-1,2707,52.99968,47.69827255236099
crop context q20,20,836,52.99968,35.44617475395221
crop context q40,40,973,52.99968,37.7291106430449
crop context q60,60,1150,52.99968,39.92241461459018
crop context q80,80,1455,52.99968,43.307789327883015
crop context q95,95,2386,52.99968,48.451545929027226
crop context jp2,-1,5181,52.99968,49.40708225696917
crop wake q20,20,1031,52.99968,36.48707693195347
crop wake q40,40,1345,52.99968,38.40487404913636
crop wake q60,60,1749,52.99968,40.598744179528516
crop wake q80,80,2438,52.99968,44.56244337045281
crop wake q95,95,4468,52.99968,49.383515660208744
crop wake jp2,-1,12768,52.99968,50.3980571814693
thumbnail 96px,60,900,,
whole tile q40,40,27640,,39.10549715518244
whole tile q60,60,36267,,41.41728632952316
crop tight q20,20,1683,140.000256,34.30624713178329
crop tight q40,40,2424,140.000256,37.192634983228004
crop tight q60,60,3046,140.000256,39.332193043195865
crop tight q80,80,4232,140.000256,42.4431311830011
crop tight q95,95,7837,140.000256,47.48266642432331
crop tight jp2,-1,19420,140.000256,49.19321644570953
crop context q20,20,2207,140.000256,35.27987021649568
crop context q40,40,3525,140.000256,38.02483999428325
crop context q60,60,4392,140.000256,40.26462254661884
crop context q80,80,7102,140.000256,45.14807906260822
crop context q95,95,12179,140.000256,53.08460285689992
crop context jp2,-1,37267,140.000256,49.889907017506715
crop wake q20,20,3707,140.000256,35.92610184928749
crop wake q40,40,6661,140.000256,38.751407101863585
crop wake q60,60,9108,140.000256,40.83814500934936
crop wake q80,80,13842,140.000256,44.12644797707428
crop wake q95,95,27700,140.000256,49.414366171057466
crop wake jp2,-1,89667,140.000256,50.584900809988405
thumbnail 96px,60,3054,,
whole tile q40,40,69440,,34.436830192378565
whole tile q60,60,86119,,36.665872350723504
crop tight q20,20,780,32.000256,31.016996443881833
crop tight q40,40,848,32.000256,34.09559645759862
crop tight q60,60,908,32.000256,36.419222041211455
crop tight q80,80,1015,32.000256,39.38338019229691
crop tight q95,95,1370,32.000256,44.42780874227043
crop tight jp2,-1,1004,32.000256,35.84804123719139
crop context q20,20,896,32.000256,31.26708780961083
crop context q40,40,1013,32.000256,34.386181733101765
crop context q60,60,1111,32.000256,36.228437731488754
crop context q80,80,1320,32.000256,39.099221438234096
crop context q95,95,1992,32.000256,43.71372177022772
crop context jp2,-1,1954,32.000256,39.83622971440233
crop wake q20,20,1159,32.000256,31.578925136994794
crop wake q40,40,1394,32.000256,34.73350887364495
crop wake q60,60,1613,32.000256,36.94217460177729
crop wake q80,80,2022,32.000256,39.9327247495112
crop wake q95,95,3289,32.000256,45.36519273304518
crop wake jp2,-1,4873,32.000256,43.28736566825143
crop tight q20,20,1361,81.000192,31.244418345947945
crop tight q40,40,1698,81.000192,34.502014911622794
crop tight q60,60,1994,81.000192,36.318856928195814
crop tight q80,80,2594,81.000192,39.02154416775345
crop tight q95,95,4586,81.000192,43.710335267131526
crop tight jp2,-1,6632,81.000192,43.34922730552079
crop context q20,20,1980,81.000192,31.701785858299196
crop context q40,40,2602,81.000192,34.795933580918486
crop context q60,60,3143,81.000192,36.603916525476556
crop context q80,80,4267,81.000192,39.32273531689607
crop context q95,95,7953,81.000192,43.91573774578021
crop context jp2,-1,12325,81.000192,44.08000538841398
crop wake q20,20,3832,81.000192,31.422159579076222
crop wake q40,40,5385,81.000192,34.63194386631692
crop wake q60,60,6664,81.000192,36.46622436327176
crop wake q80,80,9327,81.000192,39.16560707163436
crop wake q95,95,18070,81.000192,43.86672798468187
crop wake jp2,-1,30601,81.000192,44.05443278994102
crop tight q20,20,1102,64.99968,31.313844243420682
crop tight q40,40,1326,64.99968,34.66595937309378
crop tight q60,60,1517,64.99968,36.43158872755107
crop tight q80,80,1910,64.99968,38.984825156161385
crop tight q95,95,3220,64.99968,43.89427675863029
crop tight jp2,-1,4103,64.99968,42.26719662862206
crop context q20,20,1511,64.99968,31.28344841500428
crop context q40,40,1898,64.99968,34.64709138231891
crop context q60,60,2240,64.99968,36.414357626994146
crop context q80,80,2954,64.99968,39.08845859704793
crop context q95,95,5249,64.99968,43.6045688036582
crop context jp2,-1,8077,64.99968,43.518663965874076
crop wake q20,20,2566,64.99968,31.996158504463462
crop wake q40,40,3517,64.99968,35.27796553875717
crop wake q60,60,4312,64.99968,37.30654020268218
crop wake q80,80,5942,64.99968,40.380504824969556
crop wake q95,95,11005,64.99968,45.857393357109366
crop wake jp2,-1,19655,64.99968,44.54118426046355
crop tight q20,20,836,42.000384,30.936532423519655
crop tight q40,40,943,42.000384,34.17265325711099
crop tight q60,60,1029,42.000384,36.239376095688506
crop tight q80,80,1190,42.000384,38.826127430747775
crop tight q95,95,1718,42.000384,44.258075786406756
crop tight jp2,-1,1750,42.000384,40.244194838998624
crop context q20,20,1012,42.000384,31.954911135091848
crop context q40,40,1201,42.000384,34.99980114389393
crop context q60,60,1353,42.000384,36.897125407436384
crop context q80,80,1661,42.000384,40.14504065299833
crop context q95,95,2653,42.000384,45.169392942827365
crop context jp2,-1,3433,42.000384,43.28795092595204
crop wake q20,20,1492,42.000384,32.14040911058735
crop wake q40,40,1892,42.000384,35.285364696577226
crop wake q60,60,2225,42.000384,37.19401775850382
crop wake q80,80,2950,42.000384,39.739843896780314
crop wake q95,95,5242,42.000384,44.19942872934293
crop wake jp2,-1,8320,42.000384,44.21576717299972
crop tight q20,20,1140,70.000128,31.701692740026445
crop tight q40,40,1378,70.000128,34.95653346801787
crop tight q60,60,1595,70.000128,36.93397575896548
crop tight q80,80,1994,70.000128,39.488251209671446
crop tight q95,95,3363,70.000128,44.056299975108864
crop tight jp2,-1,4867,70.000128,44.21404824327463
crop context q20,20,1568,70.000128,31.404853188027055
crop context q40,40,2034,70.000128,34.489008044602784
crop context q60,60,2422,70.000128,36.28999274101426
crop context q80,80,3205,70.000128,38.86198272769799
crop context q95,95,5817,70.000128,43.62570388599353
crop context jp2,-1,9421,70.000128,43.96031124588325
crop wake q20,20,3103,70.000128,31.18592318278629
crop wake q40,40,4227,70.000128,34.342340372015165
crop wake q60,60,5201,70.000128,36.11003697511017
crop wake q80,80,7232,70.000128,38.72862104868227
crop wake q95,95,13839,70.000128,43.55139570063252
crop wake jp2,-1,22839,70.000128,43.42260024553404
crop tight q20,20,766,32.000256,30.6897150471881
crop tight q40,40,825,32.000256,33.845677620812
crop tight q60,60,880,32.000256,35.520617086704
crop tight q80,80,991,32.000256,38.601803341749864
crop tight q95,95,1341,32.000256,43.447049533642
crop tight jp2,-1,1005,32.000256,37.300040561447794
crop context q20,20,858,32.000256,31.24507090192918
crop context q40,40,968,32.000256,34.37134118339603
crop context q60,60,1064,32.000256,36.332857510624386
crop context q80,80,1248,32.000256,39.01530423152688
crop context q95,95,1885,32.000256,43.74482734864949
crop context jp2,-1,1992,32.000256,40.671067900983545
crop wake q20,20,1124,32.000256,31.716128772222604
crop wake q40,40,1365,32.000256,34.99672104405497
crop wake q60,60,1577,32.000256,36.83191982635584
crop wake q80,80,1980,32.000256,39.64805703031398
crop wake q95,95,3339,32.000256,44.55118090139369
crop wake jp2,-1,4865,32.000256,43.26115220843084
crop tight q20,20,782,31.00032,30.204237600289005
crop tight q40,40,843,31.00032,33.3595526813897
crop tight q60,60,904,31.00032,35.36861791830231
crop tight q80,80,1011,31.00032,38.04097375479456
crop tight q95,95,1381,31.00032,42.96380628860448
crop tight jp2,-1,960,31.00032,35.88914692185132
crop context q20,20,902,31.00032,30.529031270659605
crop context q40,40,1015,31.00032,33.73406159276677
crop context q60,60,1122,31.00032,35.7068430880236
crop context q80,80,1325,31.00032,38.25487039564499
crop context q95,95,1999,31.00032,42.923874407469064
crop context jp2,-1,1835,31.00032,39.1831985967668
crop wake q20,20,1153,31.00032,31.285210319409128
crop wake q40,40,1396,31.00032,34.35573076913261
crop wake q60,60,1605,31.00032,36.26576915958845
crop wake q80,80,2009,31.00032,38.962482465245714
crop wake q95,95,3411,31.00032,43.64507719355905
crop wake jp2,-1,4517,31.00032,41.983947194059965
crop tight q20,20,770,28.99968,30.096853343035153
crop tight q40,40,834,28.99968,33.25917610430431
crop tight q60,60,886,28.99968,35.0218329363221
crop tight q80,80,993,28.99968,37.71125025233755
crop tight q95,95,1309,28.99968,43.82491442874647
crop tight jp2,-1,855,28.99968,34.64797466392115
crop context q20,20,832,28.99968,30.556892500746716
crop context q40,40,919,28.99968,33.64697271163749
crop context q60,60,1002,28.99968,35.37662797032831
crop context q80,80,1164,28.99968,38.04238662029559
crop context q95,95,1690,28.99968,42.561942189843066
crop context jp2,-1,1634,28.99968,38.15598586580833
crop wake q20,20,1129,28.99968,30.88861135413297
crop wake q40,40,1338,28.99968,33.904772938989325
crop wake q60,60,1525,28.99968,35.70313101687172
crop wake q80,80,1904,28.99968,38.54638051750711
crop wake q95,95,3140,28.99968,43.17525818580641
crop wake jp2,-1,3940,28.99968,41.05266141563223
crop tight q20,20,769,29.999616,30.80332211455257
crop tight q40,40,828,29.999616,33.45159310658343
crop tight q60,60,882,29.999616,35.08337829484602
crop tight q80,80,991,29.999616,37.99721419647953
crop tight q95,95,1356,29.999616,42.41997710606924
crop tight jp2,-1,934,29.999616,36.14027046827917
crop context q20,20,827,29.999616,30.613011739194125
crop context q40,40,924,29.999616,33.79315719804214
crop context q60,60,994,29.999616,35.29667517584119
crop context q80,80,1155,29.999616,37.84234267948678
crop context q95,95,1701,29.999616,42.47219282028187
crop context jp2,-1,1699,29.999616,39.02136976880821
crop wake q20,20,1141,29.999616,31.085866690930573
crop wake q40,40,1373,29.999616,34.13324102549599
crop wake q60,60,1576,29.999616,35.984939436108654
crop wake q80,80,1978,29.999616,38.78513075259894
crop wake q95,95,3297,29.999616,43.89414676877638
crop wake jp2,-1,4233,29.999616,41.752675553393644
crop tight q20,20,671,16.999679999999998,32.21742314197119
crop tight q40,40,686,16.999679999999998,35.540987832076986
crop tight q60,60,703,16.999679999999998,37.28127990400079
crop tight q80,80,731,16.999679999999998,40.32965257394481
crop tight q95,95,848,16.999679999999998,44.76936750311366
crop context q20,20,690,16.999679999999998,33.20879396991936
crop context q40,40,719,16.999679999999998,36.558256582263766
crop context q60,60,741,16.999679999999998,39.093924056842646
crop context q80,80,790,16.999679999999998,41.5605489167411
crop context q95,95,969,16.999679999999998,46.02757591616805
crop wake q20,20,752,16.999679999999998,33.22917501096611
crop wake q40,40,804,16.999679999999998,36.91703176739538
crop wake q60,60,863,16.999679999999998,39.20753579308381
crop wake q80,80,970,16.999679999999998,42.11983333040279
crop wake q95,95,1321,16.999679999999998,47.98266246900077
crop wake jp2,-1,1364,16.999679999999998,42.59789740632126
thumbnail 96px,60,1611,,
whole tile q40,40,20995,,41.3162318466583
whole tile q60,60,25410,,42.91606334904262
crop tight q20,20,633,5.9996160000000005,33.19943323412309
crop tight q40,40,635,5.9996160000000005,34.41133363018888
crop tight q60,60,636,5.9996160000000005,35.85479271463108
crop tight q80,80,640,5.9996160000000005,36.868510160178076
crop tight q95,95,659,5.9996160000000005,42.799824383659015
crop context q20,20,637,5.9996160000000005,32.756344000776664
crop context q40,40,644,5.9996160000000005,34.37721617297059
crop context q60,60,649,5.9996160000000005,35.23045749505392
crop context q80,80,661,5.9996160000000005,37.9775164414368
crop context q95,95,701,5.9996160000000005,42.405529696677384
crop wake q20,20,644,5.9996160000000005,32.34350221032231
crop wake q40,40,652,5.9996160000000005,34.30720214082737
crop wake q60,60,662,5.9996160000000005,36.58999517464232
crop wake q80,80,681,5.9996160000000005,39.21427865903509
crop wake q95,95,734,5.9996160000000005,43.63467311518878
crop tight q20,20,630,3.9997439999999997,36.03565325872169
crop tight q40,40,632,3.9997439999999997,39.49757489400181
crop tight q60,60,633,3.9997439999999997,40.00167004225055
crop tight q80,80,636,3.9997439999999997,45.783943785041394
crop tight q95,95,643,3.9997439999999997,50.99869930777781
crop context q20,20,631,3.9997439999999997,33.58840618449351
crop context q40,40,633,3.9997439999999997,40.714661061628476
crop context q60,60,634,3.9997439999999997,40.152744298183364
crop context q80,80,638,3.9997439999999997,45.296355524131926
crop context q95,95,646,3.9997439999999997,52.506930647373466
crop wake q20,20,635,3.9997439999999997,34.4745374214868
crop wake q40,40,638,3.9997439999999997,39.05191478477906
crop wake q60,60,641,3.9997439999999997,40.34125594482631
crop wake q80,80,647,3.9997439999999997,42.50567205255039
crop wake q95,95,679,3.9997439999999997,46.47847022847028
thumbnail 96px,60,857,,
whole tile q40,40,29064,,37.848435121878346
whole tile q60,60,40902,,39.341733536288615
crop tight q20,20,953,59.000064,32.36392419292916
crop tight q40,40,1121,59.000064,34.88827735081789
crop tight q60,60,1267,59.000064,36.751244434119876
crop tight q80,80,1560,59.000064,39.43218762208431
crop tight q95,95,2518,59.000064,44.15038684013476
crop tight jp2,-1,3418,59.000064,44.00138004556999
crop context q20,20,1076,59.000064,32.928977174475
crop context q40,40,1321,59.000064,35.41129027192404
crop context q60,60,1553,59.000064,36.897886473593125
crop context q80,80,2028,59.000064,39.58848958166374
crop context q95,95,3547,59.000064,43.92231924002283
crop context jp2,-1,6035,59.000064,45.70882213785181
crop wake q20,20,1350,59.000064,33.80222187165449
crop wake q40,40,1819,59.000064,36.18306169196986
crop wake q60,60,2237,59.000064,37.774734070031556
crop wake q80,80,3116,59.000064,40.69610186841217
crop wake q95,95,5809,59.000064,45.408483136749844
crop wake jp2,-1,12418,59.000064,47.72663721970815
thumbnail 96px,60,2238,,
whole tile q40,40,54565,,35.74219379486023
whole tile q60,60,68018,,37.904589583681314
crop tight q20,20,668,13.999872,29.59228052103136
crop tight q40,40,683,13.999872,31.76757408462379
crop tight q60,60,702,13.999872,34.59459118659285
crop tight q80,80,725,13.999872,36.78281344462284
crop tight q95,95,806,13.999872,42.12332438380757
crop context q20,20,668,13.999872,29.781427537234112
crop context q40,40,687,13.999872,32.205656745607186
crop context q60,60,705,13.999872,34.06540180433955
crop context q80,80,740,13.999872,37.629781310941354
crop context q95,95,837,13.999872,43.44567136961257
crop wake q20,20,705,13.999872,30.563718221973883
crop wake q40,40,742,13.999872,33.75679878097861
crop wake q60,60,772,13.999872,35.65277084800931
crop wake q80,80,844,13.999872,40.573374582994184
crop wake q95,95,1007,13.999872,47.74775091350559
crop tight q20,20,672,13.999872,30.017728924886896
crop tight q40,40,691,13.999872,31.773694062000196
crop tight q60,60,706,13.999872,34.05255409958898
crop tight q80,80,736,13.999872,36.319755925260836
crop tight q95,95,833,13.999872,41.243486087203124
crop context q20,20,669,13.999872,30.802054423620064
crop context q40,40,689,13.999872,34.001325870684
crop context q60,60,710,13.999872,35.63192616220545
crop context q80,80,747,13.999872,38.6100210186138
crop context q95,95,863,13.999872,43.78173543468349
crop wake q20,20,704,13.999872,32.7782585857841
crop wake q40,40,748,13.999872,35.64649991801488
crop wake q60,60,790,13.999872,37.55315943840122
crop wake q80,80,869,13.999872,40.916791643995964
crop wake q95,95,1099,13.999872,45.69047390204966
crop wake jp2,-1,935,13.999872,42.14550405858613
thumbnail 96px,60,1696,,
whole tile q40,40,119928,,24.29412589665974
whole tile q60,60,153296,,26.328018595855053
crop tight q20,20,810,27.999744,23.97414757632501
crop tight q40,40,895,27.999744,26.254074652698467
crop tight q60,60,973,27.999744,28.088132843756917
crop tight q80,80,1129,27.999744,32.72666330892867
crop tight q95,95,1486,27.999744,41.887096798634886
crop tight jp2,-1,805,27.999744,24.39685907942262
crop context q20,20,943,27.999744,23.732451879438905
crop context q40,40,1102,27.999744,25.722542840496658
crop context q60,60,1264,27.999744,27.700430679249738
crop context q80,80,1551,27.999744,31.311131632239423
crop context q95,95,2353,27.999744,41.55101125445938
crop context jp2,-1,1491,27.999744,26.125204795829188
crop wake q20,20,1340,27.999744,23.353995898157294
crop wake q40,40,1714,27.999744,25.514994854419903
crop wake q60,60,2053,27.999744,27.304007859111508
crop wake q80,80,2749,27.999744,30.926345583197094
crop wake q95,95,4514,27.999744,41.35331146506257
crop wake jp2,-1,3601,27.999744,27.445093805202546
thumbnail 96px,60,1849,,
whole tile q40,40,79398,,33.789332557059375
whole tile q60,60,97851,,35.950542104661
crop tight q20,20,650,12.0,29.130743557890277
crop tight q40,40,663,12.0,33.37217259156243
crop tight q60,60,672,12.0,35.27438739922991
crop tight q80,80,690,12.0,37.81532486332945
crop tight q95,95,751,12.0,43.351033658349095
crop context q20,20,678,12.0,30.27737381076486
crop context q40,40,700,12.0,33.114155861356934
crop context q60,60,716,12.0,34.55152540375208
crop context q80,80,760,12.0,36.83415463711322
crop context q95,95,892,12.0,43.491226045037365
crop wake q20,20,720,12.0,30.523089424995202
crop wake q40,40,760,12.0,33.50926480904589
crop wake q60,60,800,12.0,35.60568948435712
crop wake q80,80,862,12.0,37.95444273077259
crop wake q95,95,1112,12.0,42.81743401310904
thumbnail 96px,60,850,,
whole tile q40,40,11484,,40.434052109218925
whole tile q60,60,14688,,41.381960146635635
crop tight q20,20,1500,108.99993599999999,28.83886493076233
crop tight q40,40,1899,108.99993599999999,31.46493496966063
crop tight q60,60,2293,108.99993599999999,33.12489790481465
crop tight q80,80,3320,108.99993599999999,36.34979347652783
crop tight q95,95,6454,108.99993599999999,43.37855158181675
crop tight jp2,-1,11299,108.99993599999999,45.179672247161484
crop context q20,20,1708,108.99993599999999,30.69717678761704
crop context q40,40,2106,108.99993599999999,33.22225057878443
crop context q60,60,2574,108.99993599999999,34.98373449960909
crop context q80,80,3929,108.99993599999999,38.04709028558603
crop context q95,95,8417,108.99993599999999,44.70867774308605
crop context jp2,-1,18999,108.99993599999999,48.042425681478434
crop wake q20,20,2195,108.99993599999999,32.969565786201954
crop wake q40,40,2668,108.99993599999999,35.65818870602566
crop wake q60,60,3296,108.99993599999999,37.27598389297134
crop wake q80,80,5519,108.99993599999999,39.99422477343223
crop wake q95,95,13872,108.99993599999999,45.79383191226509
crop wake jp2,-1,39731,108.99993599999999,50.074946027639065
thumbnail 96px,60,1060,,
whole tile q40,40,45781,,37.19766688736442
whole tile q60,60,56802,,39.76207438829614
crop tight q20,20,1308,94.000128,32.78979990534113
crop tight q40,40,1695,94.000128,36.19845478397538
crop tight q60,60,2022,94.000128,38.49346298630018
crop tight q80,80,2664,94.000128,41.25519901346033
crop tight q95,95,4728,94.000128,46.223137757943306
crop tight jp2,-1,8732,94.000128,45.42252561466009
crop context q20,20,1908,94.000128,33.019774721508725
crop context q40,40,2628,94.000128,36.32884203019615
crop context q60,60,3240,94.000128,38.49357825093118
crop context q80,80,4343,94.000128,41.106247642409826
crop context q95,95,8320,94.000128,45.49432208003293
crop context jp2,-1,17067,94.000128,45.67298241367857
crop wake q20,20,3595,94.000128,33.232903508434745
crop wake q40,40,5281,94.000128,36.636845868957586
crop wake q60,60,6631,94.000128,38.824472609255345
crop wake q80,80,9270,94.000128,41.34753136792399
crop wake q95,95,18574,94.000128,45.6494681126172
crop wake jp2,-1,41074,94.000128,46.20325607418343
crop tight q20,20,1089,79.00032,33.240111964499235
crop tight q40,40,1341,79.00032,36.3660442036237
crop tight q60,60,1563,79.00032,38.5326190628489
crop tight q80,80,1972,79.00032,41.15012040787478
crop tight q95,95,3500,79.00032,45.422530054699415
crop tight jp2,-1,5976,79.00032,45.431736519696
crop context q20,20,1432,79.00032,33.164761392010014
crop context q40,40,1913,79.00032,36.76402791488592
crop context q60,60,2302,79.00032,38.81049620194802
crop context q80,80,3074,79.00032,41.491956882473374
crop context q95,95,5739,79.00032,45.992937605462174
crop context jp2,-1,11904,79.00032,46.2656215693287
crop wake q20,20,2589,79.00032,33.37889832137462
crop wake q40,40,3692,79.00032,37.12271392402252
crop wake q60,60,4597,79.00032,39.17291685254859
crop wake q80,80,6397,79.00032,41.83108659807391
crop wake q95,95,12655,79.00032,46.118599717513995
crop wake jp2,-1,29357,79.00032,46.70952888433777
thumbnail 96px,60,1134,,
whole tile q40,40,76893,,27.987787670354326
whole tile q60,60,98434,,30.030510646497067
crop tight q20,20,664,12.999936000000002,22.485852549561088
crop tight q40,40,689,12.999936000000002,25.18288836567606
crop tight q60,60,708,12.999936000000002,27.028167708348015
crop tight q80,80,737,12.999936000000002,31.401472713390657
crop tight q95,95,835,12.999936000000002,40.783948206143904
crop context q20,20,699,12.999936000000002,23.894717394627854
crop context q40,40,738,12.999936000000002,26.570097863230117
crop context q60,60,772,12.999936000000002,28.244860193652926
crop context q80,80,834,12.999936000000002,31.75209589149839
crop context q95,95,1019,12.999936000000002,41.209891650205144
crop wake q20,20,762,12.999936000000002,24.589755576834218
crop wake q40,40,851,12.999936000000002,27.00857161705502
crop wake q60,60,907,12.999936000000002,28.89003476275328
crop wake q80,80,1037,12.999936000000002,32.04459114090079
crop wake q95,95,1381,12.999936000000002,41.50227153243081
crop wake jp2,-1,796,12.999936000000002,26.284570225907473
thumbnail 96px,60,946,,
whole tile q40,40,26208,,38.917700104344135
whole tile q60,60,38180,,40.17718305373354
crop tight q20,20,684,18.000384,30.497534093146697
crop tight q40,40,707,18.000384,33.98557965456376
crop tight q60,60,729,18.000384,35.34562642408609
crop tight q80,80,772,18.000384,37.81063119505281
crop tight q95,95,909,18.000384,43.623670322996055
crop context q20,20,696,18.000384,31.122495319015414
crop context q40,40,731,18.000384,34.10289746881598
crop context q60,60,768,18.000384,36.03501516857384
crop context q80,80,830,18.000384,38.654848957085555
crop context q95,95,1044,18.000384,44.172850210725365
crop wake q20,20,727,18.000384,33.202660071950014
crop wake q40,40,795,18.000384,35.94381696151337
crop wake q60,60,853,18.000384,37.763152003076144
crop wake q80,80,972,18.000384,39.936424044281964
crop wake q95,95,1357,18.000384,44.06581323815096
crop wake jp2,-1,1568,18.000384,44.3705617157744
thumbnail 96px,60,1221,,
whole tile q40,40,18611,,38.79823541241901
whole tile q60,60,25389,,40.37933727319319
crop tight q20,20,1429,132.0,31.973613140900365
crop tight q40,40,1863,132.0,34.05014636599874
crop tight q60,60,2399,132.0,35.76824085807233
crop tight q80,80,3593,132.0,38.703710952842584
crop tight q95,95,7230,132.0,44.92170224511062
crop tight jp2,-1,16088,132.0,46.45961557347522
crop context q20,20,1744,132.0,33.33892738189893
crop context q40,40,2347,132.0,35.60458135548055
crop context q60,60,3126,132.0,37.117559462831025
crop context q80,80,4934,132.0,40.001283601849266
crop context q95,95,10719,132.0,45.98561665040955
crop context jp2,-1,27229,132.0,48.807177717833305
crop wake q20,20,2527,132.0,34.999479703118986
crop wake q40,40,3551,132.0,37.04319997331608
crop wake q60,60,5137,132.0,38.595184606217984
crop wake q80,80,8728,132.0,41.504902666342275
crop wake q95,95,18842,132.0,47.40843397576013
crop wake jp2,-1,57358,132.0,49.78575053861702
thumbnail 96px,60,1221,,
whole tile q40,40,46814,,36.931559532276125
whole tile q60,60,58449,,39.236974875509375
crop tight q20,20,674,15.999744,29.698973770059062
crop tight q40,40,694,15.999744,31.870983962862777
crop tight q60,60,713,15.999744,34.58571301966671
crop tight q80,80,746,15.999744,36.74147037814121
crop tight q95,95,856,15.999744,41.75965301093707
crop context q20,20,682,15.999744,30.587359394246143
crop context q40,40,711,15.999744,32.824144756110194
crop context q60,60,740,15.999744,34.76435932576082
crop context q80,80,797,15.999744,37.600019100539505
crop context q95,95,978,15.999744,43.18783035164944
crop wake q20,20,732,15.999744,31.782630195604114
crop wake q40,40,783,15.999744,34.67149774640901
crop wake q60,60,839,15.999744,36.85712498573869
crop wake q80,80,925,15.999744,39.2631253313422
crop wake q95,95,1240,15.999744,43.55865064895602
crop wake jp2,-1,1185,15.999744,41.04710312465077
crop tight q20,20,654,12.0,29.24261315325606
crop tight q40,40,668,12.0,32.866132699801966
crop tight q60,60,678,12.0,34.10992261357029
crop tight q80,80,699,12.0,36.00395288937343
crop tight q95,95,769,12.0,40.853365882236346
crop context q20,20,678,12.0,31.234288656416744
crop context q40,40,696,12.0,33.04243605615896
crop context q60,60,717,12.0,34.717847195551904
crop context q80,80,756,12.0,36.64889166588816
crop context q95,95,877,12.0,41.44400235726488
crop wake q20,20,691,12.0,30.973864528177096
crop wake q40,40,735,12.0,34.055383823788695
crop wake q60,60,765,12.0,36.8936176846467
crop wake q80,80,827,12.0,39.57381761608603
crop wake q95,95,1021,12.0,44.66365268198459
thumbnail 96px,60,2349,,
whole tile q40,40,99996,,31.250642827833722
whole tile q60,60,123790,,33.2480742978752
crop tight q20,20,2856,124.99967999999998,29.255100344361644
crop tight q40,40,3851,124.99967999999998,32.0334610292538
crop tight q60,60,4679,124.99967999999998,33.78581951569203
crop tight q80,80,6382,124.99967999999998,36.430179375892806
crop tight q95,95,11954,124.99967999999998,41.82098844729455
crop tight jp2,-1,15516,124.99967999999998,38.59520995671362
crop context q20,20,5146,124.99967999999998,29.05078262893712
crop context q40,40,7074,124.99967999999998,31.844244525375768
crop context q60,60,8771,124.99967999999998,33.67719184783499
crop context q80,80,12230,124.99967999999998,36.57267784958001
crop context q95,95,22623,124.99967999999998,42.18568098659115
crop context jp2,-1,29996,124.99967999999998,38.34862946860173
crop wake q20,20,11898,124.99967999999998,28.76484435339759
crop wake q40,40,16726,124.99967999999998,31.591456104909575
crop wake q60,60,20956,124.99967999999998,33.436746011423224
crop wake q80,80,29615,124.99967999999998,36.410027558819124
crop wake q95,95,55443,124.99967999999998,42.596505988358345
crop wake jp2,-1,72869,124.99967999999998,37.98105701892265
crop tight q20,20,1528,75.999744,28.508973095203306
crop tight q40,40,1935,75.999744,31.227605529714513
crop tight q60,60,2259,75.999744,32.92228342069852
crop tight q80,80,2951,75.999744,35.770700329661295
crop tight q95,95,5169,75.999744,41.22358841072444
crop tight jp2,-1,5690,75.999744,36.77077823555937
crop context q20,20,2457,75.999744,28.453912879839173
crop context q40,40,3238,75.999744,31.308313276943963
crop context q60,60,3916,75.999744,33.1084868712231
crop context q80,80,5274,75.999744,35.72584634973956
crop context q95,95,9658,75.999744,41.4871724720199
crop context jp2,-1,10892,75.999744,37.15829962762337
crop wake q20,20,4994,75.999744,28.35170721639432
crop wake q40,40,6897,75.999744,31.20335147444239
crop wake q60,60,8490,75.999744,32.93637002339822
crop wake q80,80,11829,75.999744,35.634886332948234
crop wake q95,95,22293,75.999744,41.13425188350324
crop wake jp2,-1,26791,75.999744,37.38359242644078
crop tight q20,20,3013,128.000256,29.4445564193369
crop tight q40,40,4078,128.000256,32.461272100462914
crop tight q60,60,4976,128.000256,34.19646552514728
crop tight q80,80,6816,128.000256,36.79047269139144
crop tight q95,95,12813,128.000256,42.170053561715584
crop tight jp2,-1,16205,128.000256,38.807984637533465
crop context q20,20,4788,128.000256,29.21432490283015
crop context q40,40,6588,128.000256,32.079976574616616
crop context q60,60,8126,128.000256,33.80924679306836
crop context q80,80,11300,128.000256,36.52562793223027
crop context q95,95,21496,128.000256,42.05516009085301
crop context jp2,-1,28054,128.000256,38.6310431453468
crop wake q20,20,8860,128.000256,28.92704795317488
crop wake q40,40,12403,128.000256,31.813319197767793
crop wake q60,60,15407,128.000256,33.643068583456554
crop wake q80,80,21926,128.000256,36.86379893217297
crop wake q95,95,40062,128.000256,43.104933868441236
crop wake jp2,-1,52819,128.000256,38.235439297501756
thumbnail 96px,60,806,,
whole tile q40,40,26607,,39.42216747604717
whole tile q60,60,35288,,41.926547199786455
crop tight q20,20,677,13.999872,28.961803560751378
crop tight q40,40,704,13.999872,31.45449696253353
crop tight q60,60,718,13.999872,33.158764200392355
crop tight q80,80,755,13.999872,35.79841180541228
crop tight q95,95,856,13.999872,40.814107383252065
crop context q20,20,677,13.999872,29.452969961742316
crop context q40,40,706,13.999872,32.46575679656941
crop context q60,60,731,13.999872,34.986449579524695
crop context q80,80,768,13.999872,36.75280476552216
crop context q95,95,907,13.999872,41.822995151274924
crop wake q20,20,718,13.999872,30.816352392043367
crop wake q40,40,770,13.999872,34.28737929100829
crop wake q60,60,817,13.999872,36.5200177805276
crop wake q80,80,899,13.999872,39.47972350718421
crop wake q95,95,1174,13.999872,45.00045769413332
crop wake jp2,-1,928,13.999872,41.195568113503356
thumbnail 96px,60,1888,,
whole tile q40,40,36249,,37.68195980253638
whole tile q60,60,46171,,39.88110164521379
crop tight q20,20,797,43.00032,32.07870624601538
crop tight q40,40,886,43.00032,35.574403615134415
crop tight q60,60,963,43.00032,37.39384435994976
crop tight q80,80,1118,43.00032,40.181230789307236
crop tight q95,95,1608,43.00032,44.42754876988679
crop tight jp2,-1,1807,43.00032,44.341512262377236
crop context q20,20,868,43.00032,33.51990812939732
crop context q40,40,1002,43.00032,36.6168204013064
crop context q60,60,1130,43.00032,38.86710259584736
crop context q80,80,1369,43.00032,42.10126515644053
crop context q95,95,2116,43.00032,46.85511629386368
crop context jp2,-1,3504,43.00032,47.45235325796911
crop wake q20,20,995,43.00032,35.249682895609816
crop wake q40,40,1249,43.00032,38.047315364123406
crop wake q60,60,1498,43.00032,39.870066832422694
crop wake q80,80,1996,43.00032,42.769078134944266
crop wake q95,95,3599,43.00032,47.633387386011385
crop wake jp2,-1,8678,43.00032,49.88946185772994
crop tight q20,20,808,45.000192,32.272072438761576
crop tight q40,40,909,45.000192,35.435457197403395
crop tight q60,60,985,45.000192,37.505919724563256
crop tight q80,80,1147,45.000192,39.90056837926156
crop tight q95,95,1704,45.000192,44.326280841473825
crop tight jp2,-1,2002,45.000192,43.71036707232843
crop context q20,20,878,45.000192,33.171388188495136
crop context q40,40,1014,45.000192,36.2027486387486
crop context q60,60,1153,45.000192,38.182294773534544
crop context q80,80,1412,45.000192,40.94546440365128
crop context q95,95,2266,45.000192,45.04685041162099
crop context jp2,-1,3875,45.000192,46.637685562298195
crop wake q20,20,1023,45.000192,35.02323604308803
crop wake q40,40,1278,45.000192,37.87350391676025
crop wake q60,60,1555,45.000192,39.90632468867521
crop wake q80,80,2106,45.000192,43.674627290151456
crop wake q95,95,3650,45.000192,48.54439889954989
crop wake jp2,-1,9365,45.000192,49.9908085023674
crop tight q20,20,824,47.000064,32.00947226728517
crop tight q40,40,926,47.000064,35.83444031914719
crop tight q60,60,1011,47.000064,37.442779641464995
crop tight q80,80,1189,47.000064,40.957291537626986
crop tight q95,95,1708,47.000064,46.0099145324725
crop tight jp2,-1,2163,47.000064,44.01284438118219
crop context q20,20,891,47.000064,33.41791022929092
crop context q40,40,1047,47.000064,36.46253641839445
crop context q60,60,1193,47.000064,38.481053030298064
crop context q80,80,1475,47.000064,41.012108410830386
crop context q95,95,2483,47.000064,45.07289515310771
crop context jp2,-1,4294,47.000064,47.24224701957488
crop wake q20,20,1057,47.000064,35.46469317711234
crop wake q40,40,1343,47.000064,38.35343632953801
crop wake q60,60,1636,47.000064,40.243114216879604
crop wake q80,80,2226,47.000064,44.102482670728506
crop wake q95,95,3867,47.000064,49.27744821554817
crop wake jp2,-1,10001,47.000064,50.02264219541996
thumbnail 96px,60,1131,,
whole tile q40,40,29393,,39.023964612512515
whole tile q60,60,37127,,41.618712256482546
crop tight q20,20,3317,232.99968,34.376742921821794
crop tight q40,40,5123,232.99968,37.72581670542631
crop tight q60,60,6697,232.99968,40.120257048213155
crop tight q80,80,9727,232.99968,42.90495582922915
crop tight q95,95,20188,232.99968,47.355995493857144
crop tight jp2,-1,53747,232.99968,48.94964397739809
crop context q20,20,5576,232.99968,34.537010438427004
crop context q40,40,9153,232.99968,38.04709109812295
crop context q60,60,12062,232.99968,40.411206782370996
crop context q80,80,17884,232.99968,44.11242119172761
crop context q95,95,35253,232.99968,49.64541438810478
crop context jp2,-1,103281,232.99968,49.34391033839104
crop wake q20,20,10294,232.99968,34.73042146076648
crop wake q40,40,17711,232.99968,38.13706714329643
crop wake q60,60,22353,232.99968,40.68835163539546
crop wake q80,80,38207,232.99968,46.890452851300715
crop wake q95,95,65842,232.99968,58.73679743777221
crop wake jp2,-1,221883,232.99968,49.84980737687302
thumbnail 96px,60,1349,,
whole tile q40,40,42263,,37.591138075403656
whole tile q60,60,52213,,39.842598467932675
crop tight q20,20,2544,156.0,32.28494044813288
crop tight q40,40,3533,156.0,35.528162920376325
crop tight q60,60,4355,156.0,37.23342392981293
crop tight q80,80,6044,156.0,39.755439613623295
crop tight q95,95,11707,156.0,43.84311542376763
crop tight jp2,-1,23795,156.0,47.08580647667509
crop context q20,20,3642,156.0,32.93573836171404
crop context q40,40,5236,156.0,36.21828085232299
crop context q60,60,6556,156.0,38.20837146450686
crop context q80,80,9238,156.0,41.254199906812175
crop context q95,95,17676,156.0,46.22512693545513
crop context jp2,-1,40535,156.0,48.29719385354933
crop wake q20,20,6241,156.0,33.50428676037109
crop wake q40,40,9409,156.0,36.79336989303885
crop wake q60,60,11511,156.0,39.0224498329023
crop wake q80,80,18036,156.0,43.65906213960421
crop wake q95,95,31171,156.0,54.421090320413896
crop wake jp2,-1,84189,156.0,48.70983949534708
thumbnail 96px,60,2522,,
whole tile q40,40,82353,,33.92289266813834
whole tile q60,60,101059,,36.05089658112591
crop tight q20,20,1888,96.0,30.509863451889032
crop tight q40,40,2425,96.0,33.547929808555345
crop tight q60,60,2876,96.0,35.44903462082385
crop tight q80,80,3804,96.0,38.56271028948642
crop tight q95,95,6561,96.0,43.9324386247157
crop tight jp2,-1,9254,96.0,40.6254209049865
crop context q20,20,3119,96.0,30.534706631068875
crop context q40,40,4179,96.0,33.679253085026126
crop context q60,60,5055,96.0,35.544798084326985
crop context q80,80,6810,96.0,38.325759655856444
crop context q95,95,12451,96.0,44.027633392648866
crop context jp2,-1,17446,96.0,40.646573972026154
crop wake q20,20,5486,96.0,30.455908187953845
crop wake q40,40,7552,96.0,33.656080249190865
crop wake q60,60,9295,96.0,35.627427081769305
crop wake q80,80,12769,96.0,38.63546691666543
crop wake q95,95,23660,96.0,44.9648106836422
crop wake jp2,-1,35900,96.0,41.11382895695638
thumbnail 96px,60,1424,,
whole tile q40,40,62079,,35.88005319096312
whole tile q60,60,76648,,38.25963298871337
crop tight q20,20,644,10.000128,30.34435886758914
crop tight q40,40,653,10.000128,34.65503957768916
crop tight q60,60,660,10.000128,35.117214687622344
crop tight q80,80,675,10.000128,39.09442351434596
crop tight q95,95,730,10.000128,44.76277096513054
crop context q20,20,647,10.000128,31.30228107840065
crop context q40,40,656,10.000128,35.34982043683849
crop context q60,60,663,10.000128,36.795747279006534
crop context q80,80,679,10.000128,39.05140227286307
crop context q95,95,732,10.000128,44.3717872663144
crop wake q20,20,687,10.000128,32.262950868108376
crop wake q40,40,709,10.000128,35.54500542287889
crop wake q60,60,734,10.000128,37.62561418214312
crop wake q80,80,777,10.000128,40.22035672801174
crop wake q95,95,933,10.000128,45.10778278007584
thumbnail 96px,60,878,,
whole tile q40,40,43613,,37.27287172649488
whole tile q60,60,54527,,40.021558980948235
crop tight q20,20,1202,90.000384,33.427455755440306
crop tight q40,40,1511,90.000384,36.54503396091007
crop tight q60,60,1794,90.000384,38.62356776267813
crop tight q80,80,2305,90.000384,41.31689381726205
crop tight q95,95,4115,90.000384,45.748333764208446
crop tight jp2,-1,7819,90.000384,45.503404809014924
crop context q20,20,1675,90.000384,33.89792633779167
crop context q40,40,2277,90.000384,36.70149369214725
crop context q60,60,2793,90.000384,39.04079493765376
crop context q80,80,3754,90.000384,41.68441225287772
crop context q95,95,7309,90.000384,46.191095017658256
crop context jp2,-1,15623,90.000384,46.35245442029883
crop wake q20,20,3106,90.000384,34.13553417620255
crop wake q40,40,4559,90.000384,36.94738764553839
crop wake q60,60,5775,90.000384,39.212113724957845
crop wake q80,80,8105,90.000384,41.87126139462106
crop wake q95,95,16666,90.000384,46.58853638123798
crop wake jp2,-1,37730,90.000384,46.95436525587467
thumbnail 96px,60,895,,
whole tile q40,40,23700,,39.858192503924215
whole tile q60,60,30620,,42.368480909390314
crop tight q20,20,1913,179.000064,35.24952033355885
crop tight q40,40,2830,179.000064,38.46410282609221
crop tight q60,60,3626,179.000064,40.66080281452011
crop tight q80,80,5225,179.000064,43.342655355650834
crop tight q95,95,10682,179.000064,47.86664746301065
crop tight jp2,-1,31461,179.000064,51.07706298130002
crop context q20,20,2671,179.000064,35.74727177393977
crop context q40,40,4278,179.000064,39.019961105817266
crop context q60,60,5760,179.000064,41.170053375862814
crop context q80,80,8635,179.000064,43.88063734906596
crop context q95,95,18314,179.000064,48.13775800310996
crop context jp2,-1,61519,179.000064,52.13276642910395
crop wake q20,20,4628,179.000064,36.23898116636289
crop wake q40,40,8109,179.000064,39.60326563727064
crop wake q60,60,11350,179.000064,41.838631392993975
crop wake q80,80,17267,179.000064,45.14309344746283
crop wake q95,95,36326,179.000064,50.154803284239485
crop wake jp2,-1,136787,179.000064,53.8423914450273
