image,conf,false_alarm
0002756f7.jpg,0.6330491900444031,False
0002756f7.jpg,0.6205556988716125,False
0002756f7.jpg,0.2189782261848449,True
0002756f7.jpg,0.1322791427373886,False
00113a75c.jpg,0.8775528073310852,False
00113a75c.jpg,0.8413905501365662,False
00113a75c.jpg,0.8334069848060608,False
00113a75c.jpg,0.6212732791900635,False
00113a75c.jpg,0.5882920622825623,False
00113a75c.jpg,0.4799980521202087,False
00113a75c.jpg,0.3089329898357391,False
00113a75c.jpg,0.2764369547367096,False
00113a75c.jpg,0.0942204445600509,False
001bcf222.jpg,0.3520925641059875,False
001bcf222.jpg,0.1264195591211319,False
001bcf222.jpg,0.0776325389742851,False
0022f64e5.jpg,0.7882170677185059,False
0098456ff.jpg,0.8908835649490356,False
0098456ff.jpg,0.8524444103240967,False
0098456ff.jpg,0.3655527830123901,False
009c1116c.jpg,0.2957484722137451,True
009c1116c.jpg,0.2716195583343506,False
009c1116c.jpg,0.2146129757165908,True
009c1116c.jpg,0.2070540189743042,False
009c1116c.jpg,0.1699938327074051,True
009c1116c.jpg,0.0915916785597801,True
00a9adaa4.jpg,0.8142401576042175,False
00a9adaa4.jpg,0.767459511756897,False
00a9adaa4.jpg,0.7081369161605835,False
00a9adaa4.jpg,0.4289209544658661,False
00a9adaa4.jpg,0.3356070518493652,False
00a9adaa4.jpg,0.053281083703041,False
00b101ed7.jpg,0.7875241041183472,False
00b3e6991.jpg,0.5418863892555237,False
00b3e6991.jpg,0.1982166171073913,False
00b3e6991.jpg,0.1497150808572769,True
00c3aee3d.jpg,0.7410354614257812,False
00c3aee3d.jpg,0.4715345501899719,False
00c3aee3d.jpg,0.4684102833271026,False
00c3aee3d.jpg,0.4097652733325958,False
00c3aee3d.jpg,0.2616544961929321,True
00c3aee3d.jpg,0.254290372133255,True
00c3aee3d.jpg,0.1873879730701446,False
00c3aee3d.jpg,0.1627734452486038,False
00c3aee3d.jpg,0.0953520983457565,True
00c3aee3d.jpg,0.0857261717319488,True
00c3aee3d.jpg,0.0624423548579216,True
00c3aee3d.jpg,0.0600582249462604,True
00e603959.jpg,0.6714776158332825,False
00e603959.jpg,0.0749034509062767,True
00e603959.jpg,0.0664646700024604,False
00f34434e.jpg,0.9110007882118224,False
00f34434e.jpg,0.9034571051597596,False
00f34434e.jpg,0.4015952348709106,False
00f34434e.jpg,0.2975861430168152,False
00f34434e.jpg,0.1918090879917144,True
00f34434e.jpg,0.1454404294490814,False
00f34434e.jpg,0.0694342628121376,True
010cbbfa0.jpg,0.087829977273941,False
010cbbfa0.jpg,0.0709323212504386,False
010cbbfa0.jpg,0.0663745254278183,False
010cbbfa0.jpg,0.0576580204069614,False
010cbbfa0.jpg,0.0532059893012046,False
010cbbfa0.jpg,0.0522135347127914,False
010e15afe.jpg,0.7642685174942017,False
010e15afe.jpg,0.7411441206932068,False
010e15afe.jpg,0.7005243897438049,False
010e15afe.jpg,0.5930428504943848,False
010e15afe.jpg,0.5325502753257751,False
010e15afe.jpg,0.4327045679092407,False
010e15afe.jpg,0.4229566752910614,False
010e15afe.jpg,0.4154644310474396,False
010e15afe.jpg,0.3889105916023254,False
010e15afe.jpg,0.3181311786174774,True
010e15afe.jpg,0.3107065260410309,False
010e15afe.jpg,0.1749841272830963,False
010e15afe.jpg,0.1536112278699875,False
010e15afe.jpg,0.1377760916948318,True
010e15afe.jpg,0.1349770426750183,False
010e15afe.jpg,0.1007908582687377,True
010e15afe.jpg,0.0822258740663528,False
010e15afe.jpg,0.0645828768610954,True
0114cb925.jpg,0.8310228586196899,False
0114cb925.jpg,0.4208989441394806,False
0114cb925.jpg,0.3863103985786438,True
0114cb925.jpg,0.3466676473617553,True
0114cb925.jpg,0.2742380201816559,True
0114cb925.jpg,0.2406206876039505,True
0114cb925.jpg,0.1919610351324081,False
0114cb925.jpg,0.1648140996694564,True
0114cb925.jpg,0.1311255097389221,True
0114cb925.jpg,0.1189615651965141,True
0114cb925.jpg,0.1175024360418319,False
0114cb925.jpg,0.102054052054882,True
0114cb925.jpg,0.0877822339534759,True
0114cb925.jpg,0.0814116448163986,True
0114cb925.jpg,0.0720641687512397,True
0114cb925.jpg,0.0702922269701957,True
01178499a.jpg,0.9442147612571716,False
012635ffd.jpg,0.7581741213798523,False
014773cfa.jpg,0.4128886759281158,False
014773cfa.jpg,0.2306263744831085,False
014c589c5.jpg,0.3920015096664428,False
014c589c5.jpg,0.2853074967861175,False
014c589c5.jpg,0.2131946682929992,False
014c589c5.jpg,0.1076213344931602,False
014c589c5.jpg,0.0534113049507141,False
014f2454d.jpg,0.1812711507081985,False
014f2454d.jpg,0.0688871145248413,False
014f42813.jpg,0.8680340647697449,False
015369fd9.jpg,0.8722625970840454,False
015369fd9.jpg,0.8470457196235657,False
015369fd9.jpg,0.5277153849601746,False
015369fd9.jpg,0.3997097909450531,True
015369fd9.jpg,0.3107722997665405,False
015369fd9.jpg,0.2241168171167373,True
015369fd9.jpg,0.0957971736788749,True
015369fd9.jpg,0.0503773279488086,True
015e56b00.jpg,0.7769444584846497,False
015e56b00.jpg,0.4747357964515686,True
015e56b00.jpg,0.1256130635738372,True
015e56b00.jpg,0.0832660719752311,True
015e56b00.jpg,0.0669408217072486,True
0171499be.jpg,0.8244079351425171,False
0171499be.jpg,0.6929259300231934,False
0171499be.jpg,0.5879855155944824,False
0171499be.jpg,0.1557129472494125,True
0171499be.jpg,0.0692288428544998,False
017b8be5a.jpg,0.4919075667858124,False
017b8be5a.jpg,0.0869723930954933,False
01834cb80.jpg,0.8922327160835266,False
01933be65.jpg,0.4577310383319855,False
019637cee.jpg,0.2435781061649322,False
019637cee.jpg,0.1984903216361999,True
019637cee.jpg,0.1603545993566513,True
019637cee.jpg,0.110423557460308,True
019637cee.jpg,0.090126983821392,True
019637cee.jpg,0.0894011706113815,True
0198713b4.jpg,0.8315502405166626,False
01acf3a1a.jpg,0.5839076638221741,False
01c99b29b.jpg,0.3013584017753601,False
01c99b29b.jpg,0.0979815497994422,True
01c99b29b.jpg,0.0886406451463699,False
01c99b29b.jpg,0.0765496715903282,False
01c99b29b.jpg,0.0568298995494842,False
01cecb9b6.jpg,0.3068237900733948,False
01cecb9b6.jpg,0.173668622970581,False
01cecb9b6.jpg,0.0928424820303917,False
01ed38a14.jpg,0.2046828716993332,False
01ed38a14.jpg,0.1815765500068664,False
01ed38a14.jpg,0.10908904671669,True
01ed38a14.jpg,0.093445636332035,False
01ed38a14.jpg,0.0514508485794067,True
01ed38a14.jpg,0.0510163716971874,True
020aa1a39.jpg,0.960831880569458,False
020f1afe8.jpg,0.9690022468566896,False
020f1afe8.jpg,0.3484166860580444,False
022ecd2ce.jpg,0.4046981036663055,False
022ecd2ce.jpg,0.2595403492450714,False
022ecd2ce.jpg,0.1797509938478469,True
022ecd2ce.jpg,0.0943672135472297,True
023aec5ee.jpg,0.4810691177845001,False
023aec5ee.jpg,0.328705221414566,False
023aec5ee.jpg,0.1483400911092758,True
02641ca93.jpg,0.9018731713294984,False
02641ca93.jpg,0.873502254486084,False
02641ca93.jpg,0.8622729182243347,False
02641ca93.jpg,0.8609248995780945,False
02641ca93.jpg,0.6688038110733032,False
02641ca93.jpg,0.5361236333847046,False
02641ca93.jpg,0.5057089328765869,False
02641ca93.jpg,0.3302541077136993,False
02641ca93.jpg,0.145148366689682,False
02641ca93.jpg,0.137498140335083,False
02765ce9b.jpg,0.6037431955337524,False
02765ce9b.jpg,0.5477455854415894,False
02765ce9b.jpg,0.4762885868549347,False
02765ce9b.jpg,0.3835819661617279,False
02765ce9b.jpg,0.3702098131179809,False
02765ce9b.jpg,0.290444016456604,False
02765ce9b.jpg,0.2369685769081115,False
02765ce9b.jpg,0.1650231927633285,False
02765ce9b.jpg,0.1591029167175293,False
02765ce9b.jpg,0.1402738392353058,False
02765ce9b.jpg,0.1331489384174347,True
02765ce9b.jpg,0.1284926682710647,False
02765ce9b.jpg,0.1149373054504394,True
02765ce9b.jpg,0.0817486569285392,True
02765ce9b.jpg,0.0779934301972389,False
02765ce9b.jpg,0.0704549401998519,False
02765ce9b.jpg,0.0648370385169982,False
02765ce9b.jpg,0.0584600083529949,False
02884baad.jpg,0.4375181496143341,False
02884baad.jpg,0.3975728154182434,False
02884baad.jpg,0.1680459380149841,False
02884baad.jpg,0.0628600120544433,True
02884baad.jpg,0.0582567676901817,True
02ae62f2c.jpg,0.8391053080558777,False
02d35ca31.jpg,0.3473569750785827,False
02d35ca31.jpg,0.3246426880359649,False
02d35ca31.jpg,0.1174986585974693,True
02e440917.jpg,0.8025802969932556,False
02fa41846.jpg,0.8315576314926147,False
02fa41846.jpg,0.7606279850006104,False
02fa41846.jpg,0.0660836696624755,True
02fb4e152.jpg,0.8917136192321777,False
02fb4e152.jpg,0.5142709612846375,False
02fb4e152.jpg,0.2577241957187652,True
02fb4e152.jpg,0.2256936579942703,True
02fb4e152.jpg,0.2234588116407394,False
03007ae96.jpg,0.7927089929580688,False
031101e01.jpg,0.8583980202674866,False
0318cd222.jpg,0.3397110104560852,False
0318cd222.jpg,0.3338794708251953,False
0318cd222.jpg,0.3107210397720337,False
0318cd222.jpg,0.2811054289340973,False
0318cd222.jpg,0.1947726756334304,False
0318cd222.jpg,0.1191612631082534,True
0318cd222.jpg,0.1137159094214439,False
0318cd222.jpg,0.0591396614909172,True
03204a586.jpg,0.8576502799987793,False
03204a586.jpg,0.8369609713554382,False
03204a586.jpg,0.7930658459663391,False
03204a586.jpg,0.1910459250211715,True
03204a586.jpg,0.0651824176311492,True
03204a586.jpg,0.052319448441267,False
0325c0ae2.jpg,0.7722695469856262,False
0328935b6.jpg,0.2739839553833008,True
0328935b6.jpg,0.2485718578100204,False
0328935b6.jpg,0.233936995267868,False
0328935b6.jpg,0.1126974076032638,True
0337e7947.jpg,0.4906660318374634,False
0337e7947.jpg,0.2572306394577026,False
033f61c0d.jpg,0.8617211580276489,False
033f61c0d.jpg,0.705976665019989,False
033f61c0d.jpg,0.5900354385375977,False
033f61c0d.jpg,0.5876481533050537,False
033f61c0d.jpg,0.5520042777061462,False
033f61c0d.jpg,0.1230282858014106,True
033f61c0d.jpg,0.1036029383540153,False
033f61c0d.jpg,0.0944316536188125,False
033f61c0d.jpg,0.0601893924176692,True
0348a8d7f.jpg,0.8582266569137573,False
0354f47d7.jpg,0.5743951201438904,False
0354f47d7.jpg,0.3732010722160339,False
0354f47d7.jpg,0.3084487318992615,True
0354f47d7.jpg,0.1424526870250702,False
0354f47d7.jpg,0.0895641520619392,True
0354f47d7.jpg,0.0543285943567752,True
0360b2e7f.jpg,0.9141164422035216,False
036d3ecb1.jpg,0.8224092721939087,True
036d3ecb1.jpg,0.7635171413421631,False
0384a0b91.jpg,0.2721754610538482,False
0384a0b91.jpg,0.2082748562097549,False
0384a0b91.jpg,0.1067451015114784,False
0390a1104.jpg,0.8392699360847473,False
0393722ec.jpg,0.252221941947937,False
0393722ec.jpg,0.2430727779865265,False
0393722ec.jpg,0.2424749433994293,True
0393722ec.jpg,0.1684580743312835,False
0393722ec.jpg,0.0994079560041427,True
0393722ec.jpg,0.0596840269863605,False
03aba0a7c.jpg,0.8967750668525696,False
03aba0a7c.jpg,0.8906435966491699,False
03aba0a7c.jpg,0.7942394614219666,False
03aba0a7c.jpg,0.2077088952064514,True
03aba0a7c.jpg,0.0777138769626617,True
03aba0a7c.jpg,0.0714254304766655,True
03b1ddf8a.jpg,0.5780643820762634,False
03b1ddf8a.jpg,0.4866095781326294,False
03b1ddf8a.jpg,0.3450336158275604,True
03b1ddf8a.jpg,0.3154398798942566,False
03b1ddf8a.jpg,0.2656528651714325,True
03b1ddf8a.jpg,0.1955276131629943,False
03b1ddf8a.jpg,0.1795670092105865,False
03b1ddf8a.jpg,0.0655969455838203,False
03b1ddf8a.jpg,0.0627900511026382,True
03b1ddf8a.jpg,0.0600809976458549,False
03e12b25c.jpg,0.888282060623169,False
03e12b25c.jpg,0.8729039430618286,False
03e984e0d.jpg,0.8881505131721497,False
03eaa8a5e.jpg,0.9166080355644226,False
03ed3a56b.jpg,0.736915647983551,False
03f00631b.jpg,0.8548098206520081,False
040d0634b.jpg,0.3684671521186828,False
040d0634b.jpg,0.2843970060348511,False
040d0634b.jpg,0.2236157357692718,False
040d0634b.jpg,0.1732484400272369,False
040d0634b.jpg,0.1728987097740173,False
040d0634b.jpg,0.0828108415007591,False
040d0634b.jpg,0.0798175111413002,True
040d0634b.jpg,0.0632718577980995,True
040d0634b.jpg,0.0625174045562744,False
040d0634b.jpg,0.0607701614499092,True
0413cfbde.jpg,0.885715126991272,False
0413cfbde.jpg,0.7777237296104431,True
0413cfbde.jpg,0.2376797646284103,True
0413cfbde.jpg,0.1045656725764274,True
0413cfbde.jpg,0.0795340240001678,True
042837669.jpg,0.4674777686595917,False
042837669.jpg,0.0623148158192634,True
042c8028f.jpg,0.7887292504310608,False
042c8028f.jpg,0.3801190853118896,True
042c8028f.jpg,0.250142902135849,False
042c8028f.jpg,0.1067553237080574,False
042c8028f.jpg,0.0558968111872673,False
04823f766.jpg,0.9377214908599854,False
04867fe84.jpg,0.6397659778594971,False
04867fe84.jpg,0.0654878318309784,True
04a628f65.jpg,0.2654648125171661,False
04a628f65.jpg,0.2289478182792663,False
04a628f65.jpg,0.1801311820745468,False
04a628f65.jpg,0.0810970142483711,False
04a628f65.jpg,0.0634310990571975,False
04cb74d0a.jpg,0.495430588722229,False
04cb74d0a.jpg,0.4175015389919281,True
04cb74d0a.jpg,0.411139041185379,True
04cb74d0a.jpg,0.3306416273117065,True
04cb74d0a.jpg,0.3174361884593963,True
04cb74d0a.jpg,0.1452701687812805,True
04cb74d0a.jpg,0.1441359668970108,True
04cb74d0a.jpg,0.136526808142662,False
04cb74d0a.jpg,0.1243259236216545,True
04cb74d0a.jpg,0.1039508953690528,True
04cb74d0a.jpg,0.0551876462996006,True
04cb74d0a.jpg,0.0517956092953681,True
0502d4700.jpg,0.8380515575408936,False
0502d4700.jpg,0.0818081274628639,True
0510a3765.jpg,0.5240695476531982,False
0510a3765.jpg,0.0883932039141655,False
0510a3765.jpg,0.0716559439897537,False
05201af27.jpg,0.9609746336936952,False
05201af27.jpg,0.9105573296546936,False
052c068ff.jpg,0.9335935711860656,False
05320baaa.jpg,0.0757073238492012,True
05320baaa.jpg,0.0578327290713787,False
053b2aee5.jpg,0.5594960451126099,False
053b2aee5.jpg,0.092872604727745,True
053b2aee5.jpg,0.0831560716032981,True
053b2aee5.jpg,0.0585152842104435,False
0546baefb.jpg,0.8250835537910461,True
0546baefb.jpg,0.6416342258453369,False
0546baefb.jpg,0.4822450280189514,False
0546baefb.jpg,0.1247209459543228,True
054b37244.jpg,0.5234419703483582,False
054fadf93.jpg,0.477652907371521,False
054fadf93.jpg,0.3461156487464905,True
054fadf93.jpg,0.341935396194458,False
054fadf93.jpg,0.2249819785356521,True
054fadf93.jpg,0.0809851065278053,True
054fadf93.jpg,0.0686189979314804,True
054fadf93.jpg,0.0552811101078987,False
056949650.jpg,0.8814557194709778,False
056f0d58d.jpg,0.6919071078300476,False
057836607.jpg,0.8524340987205505,False
057836607.jpg,0.222677856683731,False
057836607.jpg,0.1886034607887268,True
057836607.jpg,0.1082497909665107,True
057836607.jpg,0.0942825600504875,False
057836607.jpg,0.0586818680167198,False
0580b46cf.jpg,0.8192372918128967,False
0580b46cf.jpg,0.136433407664299,True
0580b46cf.jpg,0.1265356838703155,True
0586bf2da.jpg,0.3874987363815307,False
0586bf2da.jpg,0.2196433395147323,False
0586bf2da.jpg,0.0584886260330677,False
058a7bd3a.jpg,0.8752161264419556,False
059aa33cd.jpg,0.2781166136264801,False
059aa33cd.jpg,0.247432067990303,False
059aa33cd.jpg,0.1477517783641815,False
05bf3db82.jpg,0.3125617802143097,False
05bf3db82.jpg,0.290623277425766,False
05bf3db82.jpg,0.1333847790956497,False
05d407505.jpg,0.8900666832923889,False
05d407505.jpg,0.7604660391807556,False
05d523c71.jpg,0.8610423803329468,False
05d523c71.jpg,0.8542414903640747,False
05d523c71.jpg,0.8502005934715271,False
05d523c71.jpg,0.6346806287765503,False
05d523c71.jpg,0.3528282344341278,False
05d523c71.jpg,0.3188011050224304,False
05d523c71.jpg,0.0716161429882049,False
05ef7a103.jpg,0.5781099796295166,False
05ef7a103.jpg,0.4385323822498321,False
05ef7a103.jpg,0.2029111087322235,False
05ef7a103.jpg,0.0890167206525802,False
05ef7a103.jpg,0.0887330770492553,False
06145c246.jpg,0.4447430372238159,False
06145c246.jpg,0.2890320420265198,True
06145c246.jpg,0.0578505024313926,True
0618dc91e.jpg,0.1843610405921936,False
0618dc91e.jpg,0.1710288077592849,False
0618dc91e.jpg,0.0651340186595916,True
0624ddeef.jpg,0.432137131690979,True
0624ddeef.jpg,0.411559522151947,True
0624ddeef.jpg,0.1889510452747345,True
0624ddeef.jpg,0.0931857377290725,True
0624ddeef.jpg,0.0831336826086044,True
0624ddeef.jpg,0.0785028412938118,True
0624ddeef.jpg,0.0540041513741016,True
0638ae9ab.jpg,0.360828161239624,False
0638ae9ab.jpg,0.3139449656009674,False
0638ae9ab.jpg,0.2883003652095794,False
0638ae9ab.jpg,0.2426769733428955,False
0638ae9ab.jpg,0.2211286276578903,False
0638ae9ab.jpg,0.2148232161998748,True
0638ae9ab.jpg,0.1161775439977645,False
0638ae9ab.jpg,0.1112034022808075,True
0638ae9ab.jpg,0.0922834798693656,True
0638ae9ab.jpg,0.0712790340185165,False
0638ae9ab.jpg,0.0650975331664085,True
0638ae9ab.jpg,0.0619540847837924,True
0638ae9ab.jpg,0.0584443174302578,True
0638ae9ab.jpg,0.056567445397377,True
0638ae9ab.jpg,0.0546033978462219,True
0638ae9ab.jpg,0.0505905672907829,True
063c4aa67.jpg,0.8534541726112366,False
063c4aa67.jpg,0.8396866917610168,False
063c4aa67.jpg,0.7918426394462585,False
063c4aa67.jpg,0.4684097170829773,False
063c4aa67.jpg,0.4058246314525604,False
063c4aa67.jpg,0.2162635922431945,False
063c4aa67.jpg,0.1319377571344375,True
063c4aa67.jpg,0.067996434867382,False
063c4aa67.jpg,0.0583255402743816,False
063c4aa67.jpg,0.0578595735132694,False
063de49ca.jpg,0.5293089151382446,False
063de49ca.jpg,0.3585895895957947,False
063de49ca.jpg,0.1269691586494445,False
063e5628f.jpg,0.8508474826812744,False
063e5628f.jpg,0.2396284788846969,True
063e5628f.jpg,0.1192432194948196,True
063e5628f.jpg,0.0802459716796875,True
063e5628f.jpg,0.0800277590751648,True
063e5628f.jpg,0.0652790814638137,True
0657903ff.jpg,0.5348381400108337,False
0657903ff.jpg,0.1523111164569854,False
0658e6598.jpg,0.8989390730857849,False
0658e6598.jpg,0.887752890586853,False
0658e6598.jpg,0.875329852104187,False
0658e6598.jpg,0.851654589176178,False
0658e6598.jpg,0.3517619669437408,False
0658e6598.jpg,0.3198326528072357,False
0658e6598.jpg,0.2878967523574829,False
0658e6598.jpg,0.1590126156806945,False
0658e6598.jpg,0.0597890876233577,True
068e7e7eb.jpg,0.3690632283687591,False
068e7e7eb.jpg,0.2850007116794586,True
068e7e7eb.jpg,0.1449160724878311,False
068e7e7eb.jpg,0.1052168235182762,True
068e7e7eb.jpg,0.0657878667116165,False
068e7e7eb.jpg,0.0587497241795063,True
06b6b6570.jpg,0.8827800750732422,False
06b6b6570.jpg,0.8674737215042114,False
06b6b6570.jpg,0.579336941242218,False
06b6b6570.jpg,0.1881460547447204,True
06b6b6570.jpg,0.1659136861562729,True
06b6b6570.jpg,0.0922734141349792,True
06b6b6570.jpg,0.0877387076616287,True
06c6a0cf0.jpg,0.9168552756309508,False
06c6a0cf0.jpg,0.8716804385185242,False
06c6a0cf0.jpg,0.85321444272995,False
06dd3e135.jpg,0.9573706388473512,False
06dd3e135.jpg,0.7925500273704529,False
070d37c1e.jpg,0.8905834555625916,False
0710ef74f.jpg,0.821111261844635,False
0710ef74f.jpg,0.7906924486160278,False
0710ef74f.jpg,0.5345824956893921,False
0710ef74f.jpg,0.0642412900924682,True
07605d36c.jpg,0.8393163084983826,False
07605d36c.jpg,0.8312961459159851,False
07605d36c.jpg,0.4221125841140747,False
07605d36c.jpg,0.3854302167892456,True
07605d36c.jpg,0.3454445898532867,True
07605d36c.jpg,0.2737279236316681,True
07605d36c.jpg,0.2403577417135238,True
07605d36c.jpg,0.2297940552234649,True
07605d36c.jpg,0.1909556835889816,False
07605d36c.jpg,0.1869105398654937,True
07605d36c.jpg,0.1599669456481933,True
07605d36c.jpg,0.1297148317098617,True
07605d36c.jpg,0.1186824813485145,True
07605d36c.jpg,0.1161192879080772,False
07605d36c.jpg,0.1111099794507026,True
07605d36c.jpg,0.1033715680241584,True
07605d36c.jpg,0.0865172073245048,True
07605d36c.jpg,0.0848763734102249,True
07605d36c.jpg,0.0809748470783233,True
07605d36c.jpg,0.078561432659626,True
07605d36c.jpg,0.0751136690378189,True
07605d36c.jpg,0.0691552683711052,True
07605d36c.jpg,0.0673653334379196,True
076a91663.jpg,0.832698404788971,False
077f24a16.jpg,0.7831125855445862,False
077f24a16.jpg,0.6990630030632019,False
077f24a16.jpg,0.3170673549175262,True
077f24a16.jpg,0.071962796151638,True
077f24a16.jpg,0.0556159317493438,True
077f24a16.jpg,0.0525362007319927,True
07a03de23.jpg,0.4311549365520477,True
07a03de23.jpg,0.4140925109386444,True
07a03de23.jpg,0.1912611424922943,True
07a03de23.jpg,0.1012076288461685,True
07a03de23.jpg,0.0889893621206283,True
07a03de23.jpg,0.0868623852729797,True
07a03de23.jpg,0.077985443174839,True
07a03de23.jpg,0.051670204848051,True
07ae92b4f.jpg,0.8193866014480591,False
07bb53be1.jpg,0.7410001158714294,False
07ec57541.jpg,0.2565661370754242,False
07ec57541.jpg,0.0834528431296348,False
07ec57541.jpg,0.0617309361696243,False
07f7c9615.jpg,0.2798071503639221,False
07f7c9615.jpg,0.1985939592123031,False
07f7c9615.jpg,0.1966840773820877,False
07f7c9615.jpg,0.1521703153848648,False
07f7c9615.jpg,0.1319292485713958,True
07f7c9615.jpg,0.1281685680150985,True
07f7c9615.jpg,0.1181267946958541,True
07f7c9615.jpg,0.1178860366344451,True
07f7c9615.jpg,0.1109371185302734,False
07f7c9615.jpg,0.1047322005033493,False
07f7c9615.jpg,0.0908619314432144,True
07f7c9615.jpg,0.0540102869272232,True
07f7c9615.jpg,0.052341129630804,False
07fbf1523.jpg,0.8962442874908447,False
08008bee4.jpg,0.5736384987831116,False
08008bee4.jpg,0.564793050289154,False
08008bee4.jpg,0.5036806464195251,False
08008bee4.jpg,0.4721410870552063,False
08008bee4.jpg,0.4507887959480285,False
08008bee4.jpg,0.4130360186100006,False
08008bee4.jpg,0.2711535096168518,False
08008bee4.jpg,0.1946448236703872,False
08008bee4.jpg,0.1715661883354187,False
08008bee4.jpg,0.0959456339478492,False
08008bee4.jpg,0.0670867785811424,False
080334c8e.jpg,0.4512361288070678,False
080334c8e.jpg,0.4125384390354156,False
080334c8e.jpg,0.1807678788900375,True
080334c8e.jpg,0.1679527014493942,True
080334c8e.jpg,0.1374996602535247,True
080334c8e.jpg,0.1223269924521446,True
080334c8e.jpg,0.1039411276578903,True
080334c8e.jpg,0.1019828096032142,False
080334c8e.jpg,0.0729334950447082,True
080334c8e.jpg,0.069273792207241,True
080334c8e.jpg,0.0531104244291782,True
0804e3632.jpg,0.899787187576294,False
0804e3632.jpg,0.8944238424301147,False
0804e3632.jpg,0.8441852331161499,False
0804e3632.jpg,0.6704376339912415,False
0804e3632.jpg,0.118674948811531,True
080cf3003.jpg,0.920752227306366,False
080fc5847.jpg,0.2384300678968429,False
080fc5847.jpg,0.1696049720048904,False
080fc5847.jpg,0.1234309151768684,False
080fc5847.jpg,0.108645312488079,True
080fc5847.jpg,0.0960139706730842,False
08199c617.jpg,0.7632439136505127,False
08203d2af.jpg,0.8418510556221008,False
08218d8a0.jpg,0.4302659630775451,False
08218d8a0.jpg,0.0578648224472999,False
08372c55f.jpg,0.2635994255542755,False
08372c55f.jpg,0.215791568160057,False
08372c55f.jpg,0.0723962038755416,False
083a42e6d.jpg,0.1439405530691146,False
083a42e6d.jpg,0.1265551745891571,False
083a42e6d.jpg,0.0707756727933883,False
083c79cf2.jpg,0.563255250453949,False
084501564.jpg,0.0649086907505989,True
0845c0106.jpg,0.8964312076568604,False
0845c0106.jpg,0.8839133381843567,False
0845c0106.jpg,0.0884809643030166,True
08606a74e.jpg,0.9167534112930298,False
08606a74e.jpg,0.8205826282501221,False
08606a74e.jpg,0.1261137127876281,False
086307a36.jpg,0.2054244577884674,False
086307a36.jpg,0.2041232883930206,False
086307a36.jpg,0.1559491157531738,False
086307a36.jpg,0.0891812592744827,False
0864ffd70.jpg,0.939343810081482,False
0864ffd70.jpg,0.0577256977558136,True
08692dd80.jpg,0.8052034378051758,False
08692dd80.jpg,0.3465656042098999,True
08692dd80.jpg,0.1889272183179855,True
08692dd80.jpg,0.1532128751277923,True
08692dd80.jpg,0.1046850085258483,True
08692dd80.jpg,0.1021039709448814,True
08692dd80.jpg,0.0990685746073722,True
08692dd80.jpg,0.0984805226325988,True
08692dd80.jpg,0.0875410586595535,True
08692dd80.jpg,0.0751347094774246,True
087072320.jpg,0.7709789276123047,False
0878ba05f.jpg,0.8678091764450073,False
0878ca34d.jpg,0.1769371926784515,True
0878ca34d.jpg,0.1641834527254104,True
0878ca34d.jpg,0.1456137895584106,False
0878ca34d.jpg,0.1202648058533668,True
0878ca34d.jpg,0.1107144877314567,False
0878ca34d.jpg,0.1000232547521591,True
0878ca34d.jpg,0.0794507339596748,False
0878ca34d.jpg,0.0733622387051582,True
0884a8c44.jpg,0.0955695286393165,True
0884a8c44.jpg,0.0839985162019729,True
0884a8c44.jpg,0.0817862078547477,False
0884a8c44.jpg,0.0705393031239509,True
0884a8c44.jpg,0.0704570934176445,True
0884a8c44.jpg,0.0629800409078598,True
0884a8c44.jpg,0.0615919716656208,True
0884a8c44.jpg,0.0610379092395305,False
0884ca333.jpg,0.8452310562133789,False
0884ca333.jpg,0.3628849685192108,False
0884ca333.jpg,0.1061773747205734,False
089f21dd9.jpg,0.9021770358085632,False
089f21dd9.jpg,0.5300287008285522,False
089f21dd9.jpg,0.2870100140571594,False
089f21dd9.jpg,0.1997706741094589,False
089f21dd9.jpg,0.0979728698730468,False
089f21dd9.jpg,0.0803040266036987,False
089f21dd9.jpg,0.0637578219175338,False
08a878518.jpg,0.4450797140598297,False
08a878518.jpg,0.356572151184082,False
08a878518.jpg,0.3490998446941376,False
08a878518.jpg,0.3269199728965759,False
08a878518.jpg,0.2317463010549545,False
08a878518.jpg,0.1200790181756019,False
08a878518.jpg,0.0994520410895347,False
08c1142b9.jpg,0.2757909595966339,True
08c1142b9.jpg,0.2528489530086517,False
08c1142b9.jpg,0.2127157300710678,True
08c1142b9.jpg,0.1947155594825744,True
08c1142b9.jpg,0.0706648379564285,False
08d2cef6f.jpg,0.8933237791061401,False
08f71ff06.jpg,0.8529734015464783,False
08f71ff06.jpg,0.0568295679986476,True
0914f3874.jpg,0.8407173752784729,False
0914f3874.jpg,0.8312742710113525,False
0914f3874.jpg,0.7396109104156494,False
0914f3874.jpg,0.7385469675064087,False
0914f3874.jpg,0.5309324264526367,False
0914f3874.jpg,0.5144596099853516,False
0914f3874.jpg,0.4178336858749389,False
0914f3874.jpg,0.3188952505588531,False
0914f3874.jpg,0.2699573934078216,False
0914f3874.jpg,0.2160768061876297,False
0914f3874.jpg,0.2052952796220779,False
0914f3874.jpg,0.1519404351711273,False
0914f3874.jpg,0.060596015304327,False
094f143b7.jpg,0.5652937889099121,False
0957ff5f9.jpg,0.172972023487091,True
0957ff5f9.jpg,0.165529727935791,True
0967e5ea0.jpg,0.2578517496585846,False
0967e5ea0.jpg,0.1643476337194442,False
0967e5ea0.jpg,0.1486275345087051,True
0967e5ea0.jpg,0.0998267531394958,True
096f867ec.jpg,0.913165807723999,False
096f867ec.jpg,0.835263729095459,False
097293761.jpg,0.6475784182548523,False
097293761.jpg,0.6258418560028076,False
097293761.jpg,0.4164365530014038,False
097293761.jpg,0.3962343633174896,False
097293761.jpg,0.146825298666954,False
097293761.jpg,0.0736972168087959,True
0974c9772.jpg,0.3729706406593323,False
0974c9772.jpg,0.2800181210041046,False
0974c9772.jpg,0.127732828259468,True
0974c9772.jpg,0.1218753159046173,True
09c49fb3d.jpg,0.8077548146247864,True
09c54c3a7.jpg,0.8860047459602356,False
09c54c3a7.jpg,0.8619892001152039,False
09c54c3a7.jpg,0.8464357256889343,False
09c54c3a7.jpg,0.7034305334091187,False
09c54c3a7.jpg,0.3214284777641296,True
09c54c3a7.jpg,0.2979297041893005,True
09c54c3a7.jpg,0.0823650583624839,True
09c54c3a7.jpg,0.0546310134232044,False
09cee96fd.jpg,0.4226881563663482,True
09cee96fd.jpg,0.0824606493115425,True
09d8bdfe6.jpg,0.878656268119812,False
09da9a17e.jpg,0.9156012535095216,False
09da9a17e.jpg,0.8603621125221252,False
09da9a17e.jpg,0.2856056988239288,True
09da9a17e.jpg,0.2585873603820801,False
09da9a17e.jpg,0.1327565908432006,False
09da9a17e.jpg,0.1135346665978431,True
09da9a17e.jpg,0.0879443809390068,True
09da9a17e.jpg,0.0727183297276496,True
09e183b5a.jpg,0.7557458281517029,False
09e183b5a.jpg,0.6880481243133545,False
09e183b5a.jpg,0.1782726794481277,False
09e183b5a.jpg,0.0823155492544174,False
09e183b5a.jpg,0.0753710642457008,True
09e183b5a.jpg,0.061030626296997,True
09e183b5a.jpg,0.0596141591668129,True
09f22d2e6.jpg,0.5297079086303711,False
09f22d2e6.jpg,0.1114087700843811,False
09f22d2e6.jpg,0.0682857483625412,False
0a09da25f.jpg,0.9090151190757751,False
0a1156125.jpg,0.2832354009151459,False
0a1156125.jpg,0.2485115826129913,False
0a1156125.jpg,0.1794674843549728,False
0a1156125.jpg,0.1470752209424972,False
0a1156125.jpg,0.0876049995422363,True
0a20b9924.jpg,0.4015672504901886,False
0a20b9924.jpg,0.103250965476036,True
0a2c6480e.jpg,0.8697793483734131,False
0a2c6480e.jpg,0.8292543292045593,False
0a430f5f4.jpg,0.5590340495109558,False
0a430f5f4.jpg,0.1574043780565261,True
0a430f5f4.jpg,0.0821764394640922,True
0a430f5f4.jpg,0.0789131596684455,True
0a430f5f4.jpg,0.0634661167860031,True
0a4864b49.jpg,0.811104953289032,False
0a4864b49.jpg,0.4313099682331085,False
0a49a473f.jpg,0.5911702513694763,False
0a49a473f.jpg,0.4562472105026245,False
0a49a473f.jpg,0.2684829533100128,False
0a49a473f.jpg,0.1278405040502548,False
0a49a473f.jpg,0.0887281000614166,False
0a4ad0982.jpg,0.0983602628111839,False
0a4ad0982.jpg,0.0773077383637428,True
0a4ad0982.jpg,0.0609637647867202,False
0a4ad0982.jpg,0.0544158481061458,False
0a4ad0982.jpg,0.0521677508950233,True
0a4c56694.jpg,0.8208977580070496,False
0a78f9786.jpg,0.8630827069282532,False
0a78f9786.jpg,0.8039840459823608,True
0a78f9786.jpg,0.0744471698999404,True
0a7a0fa38.jpg,0.3565087914466858,False
0a7a0fa38.jpg,0.191007912158966,False
0a7a0fa38.jpg,0.0539397783577442,False
0a7b289e5.jpg,0.938683271408081,False
0a7b289e5.jpg,0.837870180606842,False
0a94e5dd1.jpg,0.8286721110343933,False
0a94e5dd1.jpg,0.1735382229089737,True
0a94e5dd1.jpg,0.1380691528320312,True
0a94e5dd1.jpg,0.0839131772518158,True
0a94e5dd1.jpg,0.0508924983441829,True
0a975dc66.jpg,0.8509500622749329,False
0a975dc66.jpg,0.0812748819589614,True
0a9eca6d6.jpg,0.311308354139328,True
0a9eca6d6.jpg,0.2892291247844696,True
0a9eca6d6.jpg,0.2400100827217102,True
0a9eca6d6.jpg,0.1312048584222793,True
0a9eca6d6.jpg,0.096230074763298,False
0a9eca6d6.jpg,0.0845087692141532,True
0a9eca6d6.jpg,0.0790000930428505,True
0a9eca6d6.jpg,0.0782966762781143,True
0a9eca6d6.jpg,0.0688458085060119,True
0a9eca6d6.jpg,0.0685305818915367,True
0a9eca6d6.jpg,0.0605906993150711,False
0a9eca6d6.jpg,0.0558404102921485,True
0aa980023.jpg,0.8448981642723083,False
0ac12b127.jpg,0.9089400768280028,False
0ac12b127.jpg,0.0987987369298935,True
0ac12b127.jpg,0.0835652500391006,True
0ac12b127.jpg,0.054820854216814,True
0acbf7968.jpg,0.36786749958992,True
0acbf7968.jpg,0.3563730418682098,True
0acd25a1b.jpg,0.5690714120864868,False
0acd25a1b.jpg,0.2072228491306305,False
0acd25a1b.jpg,0.080919899046421,True
0acd25a1b.jpg,0.0738389119505882,True
0ad77edcb.jpg,0.8880947232246399,False
0ad7c2758.jpg,0.9149999618530272,False
0ae71fbc2.jpg,0.8537956476211548,False
0aefb4539.jpg,0.8603626489639282,False
0aefb4539.jpg,0.0796358361840248,True
0aefb4539.jpg,0.0766210928559303,True
0afa40357.jpg,0.8678697943687439,False
0b01dbc89.jpg,0.5456909537315369,False
0b15ad41b.jpg,0.4492994248867035,False
0b15ad41b.jpg,0.4418815970420837,False
0b15ad41b.jpg,0.4316089749336242,False
0b15ad41b.jpg,0.3805553615093231,False
0b15ad41b.jpg,0.3592478930950165,False
0b15ad41b.jpg,0.266095221042633,False
0b15ad41b.jpg,0.2589731514453888,False
0b15ad41b.jpg,0.2074942588806152,True
0b15ad41b.jpg,0.2062064260244369,False
0b15ad41b.jpg,0.2050518095493316,True
0b15ad41b.jpg,0.1994439363479614,True
0b15ad41b.jpg,0.196851298213005,False
0b15ad41b.jpg,0.1909315139055252,True
0b15ad41b.jpg,0.1811120361089706,True
0b15ad41b.jpg,0.1749195754528045,False
0b15ad41b.jpg,0.167275846004486,False
0b15ad41b.jpg,0.1564614623785019,True
0b15ad41b.jpg,0.1547748744487762,True
0b15ad41b.jpg,0.153562307357788,False
0b15ad41b.jpg,0.1485515981912613,True
0b15ad41b.jpg,0.1405411064624786,True
0b15ad41b.jpg,0.1339755058288574,True
0b15ad41b.jpg,0.1306080520153045,True
0b15ad41b.jpg,0.1244664117693901,True
0b15ad41b.jpg,0.1210777461528778,False
0b15ad41b.jpg,0.0973353311419487,False
0b15ad41b.jpg,0.0956864431500434,True
0b15ad41b.jpg,0.0955213606357574,False
0b15ad41b.jpg,0.0952283963561058,True
0b15ad41b.jpg,0.0935530215501785,False
0b15ad41b.jpg,0.0744191259145736,False
0b15ad41b.jpg,0.0716675519943237,True
0b15ad41b.jpg,0.0664770975708961,False
0b15ad41b.jpg,0.0613617524504661,True
0b15ad41b.jpg,0.056793950498104,False
0b15ad41b.jpg,0.0554781928658485,False
0b15ad41b.jpg,0.0503825098276138,True
0b1bc8662.jpg,0.509575366973877,False
0b1bc8662.jpg,0.2382988333702087,True
0b1bc8662.jpg,0.2336492985486984,True
0b1bc8662.jpg,0.1070212051272392,True
0b2bc8131.jpg,0.474748432636261,False
0b2bc8131.jpg,0.4339935183525085,False
0b2bc8131.jpg,0.2919790148735046,False
0b2bc8131.jpg,0.1449007540941238,True
0b2bc8131.jpg,0.1358224600553512,False
0b2bc8131.jpg,0.1147611141204834,True
0b2bc8131.jpg,0.0828538089990615,True
0b2bc8131.jpg,0.0564348325133323,True
0b40b432c.jpg,0.8718550205230713,False
0b40b432c.jpg,0.6809005737304688,False
0b40b432c.jpg,0.0692608207464218,True
0b40b432c.jpg,0.0650990977883338,True
0b4244187.jpg,0.4666770696640014,False
0b4244187.jpg,0.1526385098695755,False
0b4e11e35.jpg,0.8088251352310181,False
0b4e11e35.jpg,0.0864460840821266,True
0b5ef3b0c.jpg,0.8541721701622009,False
0b5ef3b0c.jpg,0.2465184926986694,True
0b5effb9c.jpg,0.859850287437439,False
0b5effb9c.jpg,0.7529775500297546,False
0b5effb9c.jpg,0.077846348285675,True
0b6b38300.jpg,0.8861361742019653,False
0b6b38300.jpg,0.5972613096237183,False
0b6b38300.jpg,0.5458853244781494,False
0b6b38300.jpg,0.1030046418309211,True
0b6b38300.jpg,0.0852759629487991,True
0b6b38300.jpg,0.0831392109394073,False
0b6b38300.jpg,0.0644289031624794,True
0b752a803.jpg,0.8050560355186462,False
0b752a803.jpg,0.4144782423973083,False
0b752a803.jpg,0.0800196975469589,False
0b752a803.jpg,0.0585698932409286,False
0b92571d6.jpg,0.3077846467494964,False
0b92571d6.jpg,0.2049864530563354,False
0b92571d6.jpg,0.1012943685054779,False
0b92571d6.jpg,0.0865150615572929,False
0bb0453d9.jpg,0.2738613486289978,False
0bb09ef89.jpg,0.9198434352874756,False
0bbc681ee.jpg,0.8974463939666748,False
0bbf29b74.jpg,0.7767539620399475,False
0bd2bd3f0.jpg,0.9592427015304564,False
0bd2bd3f0.jpg,0.0509165711700916,True
0bde4207e.jpg,0.1159965544939041,False
0bde4207e.jpg,0.1022858768701553,False
0bde4207e.jpg,0.0656065866351127,False
0bfb71a47.jpg,0.3499881029129028,False
0bfb71a47.jpg,0.1065316796302795,False
0bfb71a47.jpg,0.0679078325629234,True
0c0861189.jpg,0.6453137993812561,False
0c299ccaf.jpg,0.3388073742389679,False
0c299ccaf.jpg,0.2497780472040176,True
0c299ccaf.jpg,0.2347858697175979,False
0c299ccaf.jpg,0.0577928349375724,True
0c5bf1395.jpg,0.2583880126476288,True
0c5bf1395.jpg,0.0993015840649604,True
0c5bf1395.jpg,0.093817114830017,True
0c5bf1395.jpg,0.0935325622558593,True
0c5bf1395.jpg,0.0865108743309974,True
0c5bf1395.jpg,0.0641301348805427,True
0c5bf1395.jpg,0.0601584799587726,True
0c5bf1395.jpg,0.0569390803575515,True
0c5bf1395.jpg,0.0560511015355587,True
0c5bf1395.jpg,0.05225595459342,True
0c5bf1395.jpg,0.0513347089290618,True
0c64825df.jpg,0.1508957296609878,False
0c64825df.jpg,0.0763779878616333,False
0c64ce5c9.jpg,0.8205873966217041,False
0c669f94c.jpg,0.8195729851722717,False
0c669f94c.jpg,0.4200838804244995,True
0c669f94c.jpg,0.1848830431699752,True
0c669f94c.jpg,0.1313659846782684,True
0c6b7bca1.jpg,0.8813046813011169,False
0c748082f.jpg,0.2991933822631836,True
0c748082f.jpg,0.2111928910017013,True
0c748082f.jpg,0.1652698665857315,True
0c748082f.jpg,0.1637923270463943,True
0c748082f.jpg,0.1534509807825088,False
0c748082f.jpg,0.1495651006698608,True
0c748082f.jpg,0.1481845527887344,True
0c748082f.jpg,0.1099639162421226,True
0c748082f.jpg,0.1076958402991294,True
0c748082f.jpg,0.1057048588991165,True
0c748082f.jpg,0.1023072525858879,True
0c748082f.jpg,0.0939859375357627,True
0c748082f.jpg,0.0908501148223877,False
0c748082f.jpg,0.0837910175323486,True
0c748082f.jpg,0.0812257975339889,False
0c748082f.jpg,0.0804056525230407,True
0c748082f.jpg,0.0759888142347335,True
0c748082f.jpg,0.0714586079120636,True
0c748082f.jpg,0.067789189517498,True
0c748082f.jpg,0.065396636724472,True
0c748082f.jpg,0.0618453174829483,True
0c748082f.jpg,0.0604542195796966,True
0c748082f.jpg,0.0574834905564785,True
0c748082f.jpg,0.053049549460411,True
0c748082f.jpg,0.051889132708311,True
0c83c2cd8.jpg,0.868820309638977,False
0c8bf76ab.jpg,0.6675196290016174,True
0c8bf76ab.jpg,0.5928827524185181,False
0c8bf76ab.jpg,0.5447292923927307,True
0c8bf76ab.jpg,0.3832598030567169,True
0c8bf76ab.jpg,0.3768821954727173,True
0c8bf76ab.jpg,0.32855886220932,True
0c8bf76ab.jpg,0.3176052272319793,True
0c8bf76ab.jpg,0.3094199299812317,True
0c8bf76ab.jpg,0.2551908195018768,True
0c8bf76ab.jpg,0.2491257190704345,True
0c8bf76ab.jpg,0.1957606971263885,True
0c8bf76ab.jpg,0.183975949883461,True
0c8bf76ab.jpg,0.1837905347347259,True
0c8bf76ab.jpg,0.1770849525928497,True
0c8bf76ab.jpg,0.1426943093538284,True
0c8bf76ab.jpg,0.135238379240036,True
0c8bf76ab.jpg,0.1306160688400268,True
0c8bf76ab.jpg,0.113760806620121,True
0c8bf76ab.jpg,0.1068251803517341,True
0c8bf76ab.jpg,0.1057484000921249,True
0c8bf76ab.jpg,0.0973081886768341,True
0c8bf76ab.jpg,0.0946736559271812,True
0c8bf76ab.jpg,0.0887399762868881,True
0c8bf76ab.jpg,0.0863035842776298,True
0c8bf76ab.jpg,0.0788270458579063,False
0c8bf76ab.jpg,0.0760330557823181,True
0c8bf76ab.jpg,0.0753814876079559,True
0c8bf76ab.jpg,0.0742535218596458,True
0c8bf76ab.jpg,0.0737187638878822,True
0c8bf76ab.jpg,0.072546437382698,True
0c8bf76ab.jpg,0.0534565784037113,True
0c8bf76ab.jpg,0.0523019321262836,True
0c8bf76ab.jpg,0.0515997298061847,True
0ca6d4877.jpg,0.3320605158805847,False
0ca6d4877.jpg,0.3171650469303131,False
0ca6d4877.jpg,0.1374011188745498,False
0ca6d4877.jpg,0.0871903672814369,False
0cb7d1e84.jpg,0.8457416892051697,False
0cb8234c9.jpg,0.6741066575050354,False
0cb8234c9.jpg,0.1138667091727256,False
0cbf8d68c.jpg,0.7654600143432617,False
0cbf8d68c.jpg,0.7131792306900024,False
0cdcd25e1.jpg,0.6789405345916748,False
0cdcd25e1.jpg,0.3035557568073272,True
0cdcd25e1.jpg,0.1835109442472458,True
0cdcd25e1.jpg,0.1822908669710159,True
0cdcd25e1.jpg,0.1562127768993377,True
0cdcd25e1.jpg,0.0848741084337234,True
0cdcd25e1.jpg,0.0730368345975875,True
0cdcd25e1.jpg,0.0674890205264091,True
0cefc8948.jpg,0.8516184687614441,False
0cefc8948.jpg,0.6677881479263306,False
0cf84269c.jpg,0.9169730544090272,False
0cf84269c.jpg,0.3536675274372101,False
0cf8a35ea.jpg,0.8991231918334961,False
0d062f06b.jpg,0.2554184794425964,True
0d062f06b.jpg,0.1848551630973816,True
0d062f06b.jpg,0.1674040257930755,True
0d062f06b.jpg,0.1605829149484634,True
0d062f06b.jpg,0.109555996954441,True
0d062f06b.jpg,0.1001194939017295,True
0d062f06b.jpg,0.0913945734500885,True
0d062f06b.jpg,0.0810962542891502,True
0d062f06b.jpg,0.079689010977745,True
0d062f06b.jpg,0.0738603696227073,True
0d062f06b.jpg,0.0672967657446861,True
0d062f06b.jpg,0.0646089166402816,True
0d062f06b.jpg,0.0614541955292224,True
0d062f06b.jpg,0.060773592442274,False
0d062f06b.jpg,0.0599283874034881,True
0d062f06b.jpg,0.0528886616230011,True
0d0697409.jpg,0.8347276449203491,False
0d0697409.jpg,0.3393450081348419,False
0d0697409.jpg,0.3197474777698517,True
0d0697409.jpg,0.3119595646858215,True
0d0697409.jpg,0.2084141373634338,False
0d0697409.jpg,0.0999035611748695,False
0d0697409.jpg,0.0695942118763923,True
0d0697409.jpg,0.0644918456673622,True
0d0f80e85.jpg,0.8270276188850403,False
0d1e9e8ad.jpg,0.6495804786682129,False
0d2255fcd.jpg,0.230892926454544,False
0d2255fcd.jpg,0.2132730036973953,False
0d2255fcd.jpg,0.1620861887931823,False
0d291df5e.jpg,0.9079170823097228,False
0d2f9770f.jpg,0.8663977980613708,False
0d2f9770f.jpg,0.5734782218933105,True
0d2f9770f.jpg,0.2100537270307541,True
0d2f9770f.jpg,0.0879763588309288,True
0d2f9770f.jpg,0.0531473346054554,True
0d34fb0bc.jpg,0.7758125066757202,False
0d34fb0bc.jpg,0.3333573937416076,False
0d34fb0bc.jpg,0.1373809576034546,False
0d34fb0bc.jpg,0.1342589706182479,True
0d3516189.jpg,0.8473551869392395,False
0d37760fb.jpg,0.8525141477584839,False
0d38420ac.jpg,0.2805595695972442,False
0d38420ac.jpg,0.1783314347267151,True
0d38420ac.jpg,0.0948889702558517,True
0d38420ac.jpg,0.0568282939493656,True
0d38420ac.jpg,0.0532545335590839,True
0d3f105ab.jpg,0.8557604551315308,False
0d7416980.jpg,0.8929445743560791,False
0d7416980.jpg,0.3811735510826111,False
0d7416980.jpg,0.3159807920455932,False
0d7416980.jpg,0.2029507309198379,False
0d7c1d566.jpg,0.8367869257926941,False
0d7c1d566.jpg,0.4954006969928741,False
0d7c1d566.jpg,0.3421275019645691,False
0d7c1d566.jpg,0.2536906898021698,True
0d7c1d566.jpg,0.1811788529157638,False
0d7c1d566.jpg,0.1716109365224838,True
0dadcb924.jpg,0.056536991149187,True
0db77441f.jpg,0.6036718487739563,False
0db77441f.jpg,0.0648531764745712,False
0dbb00adb.jpg,0.4707996845245361,False
0dbb00adb.jpg,0.1141913905739784,False
0dcaad2e8.jpg,0.8916128873825073,False
0dd92e511.jpg,0.9038533568382264,False
0ddc8badf.jpg,0.7365168333053589,False
0de34ade8.jpg,0.3578913807868957,False
0de34ade8.jpg,0.1705655306577682,False
0dec35751.jpg,0.9025886058807372,False
0dec35751.jpg,0.7596023082733154,False
0dec35751.jpg,0.2631723582744598,True
0dec35751.jpg,0.1273154467344284,True
0dec35751.jpg,0.0566651672124862,True
0dec35751.jpg,0.0526944547891616,True
0e0827831.jpg,0.8971188068389893,False
0e2a3ff67.jpg,0.265310525894165,False
0e2a3ff67.jpg,0.2264274060726165,False
0e2a3ff67.jpg,0.1793423295021057,False
0e2a3ff67.jpg,0.0807857736945152,False
0e2a3ff67.jpg,0.0656981989741325,False
0e2dd8e76.jpg,0.9231117367744446,False
0e3c1baba.jpg,0.856600284576416,False
0e3c1baba.jpg,0.220097467303276,True
0e3c1baba.jpg,0.0664729550480842,True
0e3c1baba.jpg,0.0506737902760505,True
0e4298511.jpg,0.674010694026947,False
0e4aa6703.jpg,0.8831720948219299,False
0e6445a14.jpg,0.3129762411117553,False
0e6445a14.jpg,0.2843745946884155,False
0e6445a14.jpg,0.2015775144100189,False
0e6445a14.jpg,0.1203921511769294,False
0e6445a14.jpg,0.0568912960588932,False
0e6445a14.jpg,0.0523985140025615,False
0e67d3434.jpg,0.5008041858673096,False
0e68c6286.jpg,0.7893665432929993,False
0e68c6286.jpg,0.7201281189918518,False
0e68c6286.jpg,0.2462259232997894,True
0e699dde0.jpg,0.6377015709877014,False
0e699dde0.jpg,0.2544611990451813,True
0e699dde0.jpg,0.2123432606458664,True
0e699dde0.jpg,0.1065935641527175,True
0e699dde0.jpg,0.0882747024297714,True
0e699dde0.jpg,0.0744202062487602,True
0e699dde0.jpg,0.06709835678339,True
0e6a7fe30.jpg,0.675253689289093,False
0e6a7fe30.jpg,0.6003128290176392,False
0e6a7fe30.jpg,0.5491570830345154,False
0e6a7fe30.jpg,0.5224051475524902,False
0e6a7fe30.jpg,0.322734385728836,False
0e6a7fe30.jpg,0.2488284409046173,True
0e6a7fe30.jpg,0.1576094478368759,False
0e6a7fe30.jpg,0.1180518046021461,False
0e6a7fe30.jpg,0.1112071722745895,True
0e6a7fe30.jpg,0.0694383010268211,True
0e6a7fe30.jpg,0.0500840991735458,False
0e7975fc6.jpg,0.5159963369369507,True
0e7975fc6.jpg,0.3405939936637878,False
0e7975fc6.jpg,0.2977920174598694,True
0e7975fc6.jpg,0.2032914012670517,True
0e7975fc6.jpg,0.1717685312032699,False
0e7975fc6.jpg,0.162908598780632,True
0e7975fc6.jpg,0.1621894389390945,True
0e7975fc6.jpg,0.1618828177452087,True
0e7975fc6.jpg,0.1570104658603668,True
0e7975fc6.jpg,0.1557397842407226,True
0e7975fc6.jpg,0.1465654224157333,False
0e7975fc6.jpg,0.1448878198862075,True
0e7975fc6.jpg,0.1441935151815414,True
0e7975fc6.jpg,0.1398980617523193,True
0e7975fc6.jpg,0.1385380923748016,True
0e7975fc6.jpg,0.1331438720226287,True
0e7975fc6.jpg,0.1300559639930725,False
0e7975fc6.jpg,0.1280582100152969,True
0e7975fc6.jpg,0.1103168502449989,True
0e7975fc6.jpg,0.103766493499279,True
0e7975fc6.jpg,0.1008612364530563,True
0e7975fc6.jpg,0.0935034975409507,True
0e7975fc6.jpg,0.0934366658329963,True
0e7975fc6.jpg,0.0922844335436821,True
0e7975fc6.jpg,0.0804093182086944,True
0e7975fc6.jpg,0.0787282139062881,False
0e7975fc6.jpg,0.0761944130063057,True
0e7975fc6.jpg,0.0709277018904686,True
0e7975fc6.jpg,0.0708891898393631,False
0e7975fc6.jpg,0.0692241862416267,True
0e7975fc6.jpg,0.0683639347553253,True
0e7975fc6.jpg,0.0651771500706672,True
0e7975fc6.jpg,0.0634083226323127,True
0e7975fc6.jpg,0.0632653534412384,True
0e7975fc6.jpg,0.0630843713879585,True
0e7975fc6.jpg,0.0598247833549976,True
0e7975fc6.jpg,0.0590793043375015,True
0e7975fc6.jpg,0.0557885728776454,True
0e7975fc6.jpg,0.0555707402527332,True
0e7975fc6.jpg,0.055552776902914,True
0e7975fc6.jpg,0.0527087301015853,True
0e7975fc6.jpg,0.0520147979259491,True
0e7975fc6.jpg,0.0519473627209663,True
0e7975fc6.jpg,0.0513714589178562,True
0e7975fc6.jpg,0.0507713705301284,False
0e7e0f76d.jpg,0.0638897642493248,True
0e7e0f76d.jpg,0.0600709691643714,True
0e81ee44b.jpg,0.7922274470329285,False
0e81ee44b.jpg,0.790861964225769,False
0e845b123.jpg,0.4190195798873901,False
0e845b123.jpg,0.138848528265953,False
0e845b123.jpg,0.1017542853951454,False
0e99e0e40.jpg,0.2555567920207977,False
0e99e0e40.jpg,0.22779580950737,False
0e99e0e40.jpg,0.1858311742544174,False
0e99e0e40.jpg,0.1461504250764846,False
0e99e0e40.jpg,0.0928042978048324,True
0e99e0e40.jpg,0.051929447799921,True
0e99e0e40.jpg,0.0513087064027786,False
0ebbee9f9.jpg,0.8640903234481812,False
0ebbee9f9.jpg,0.8592649698257446,False
0ec205f2b.jpg,0.6706839203834534,False
0ec6df41c.jpg,0.369909256696701,False
0ec6df41c.jpg,0.1535392552614212,False
0ed86b44b.jpg,0.5709197521209717,False
0ed86b44b.jpg,0.3278529047966003,False
0ed86b44b.jpg,0.2870385944843292,False
0ed86b44b.jpg,0.0652796700596809,True
0ed86b44b.jpg,0.061441246420145,False
0ed86b44b.jpg,0.0522236339747905,True
0edd66a67.jpg,0.4392630457878113,False
0edd66a67.jpg,0.181243821978569,False
0ee8a4ea8.jpg,0.3571588397026062,False
0ee8a4ea8.jpg,0.0613875165581703,False
0eecb8a16.jpg,0.878812849521637,False
0eecb8a16.jpg,0.3630684614181518,True
0eecb8a16.jpg,0.1337210983037948,True
0eecb8a16.jpg,0.1012783944606781,True
0eecb8a16.jpg,0.0520815923810005,True
0efbf3431.jpg,0.6346054673194885,True
0efbf3431.jpg,0.547493040561676,False
0efbf3431.jpg,0.4858896136283874,True
0efbf3431.jpg,0.3308153450489044,False
0efbf3431.jpg,0.3261217772960663,True
0efbf3431.jpg,0.2852437794208526,False
0efbf3431.jpg,0.2838732898235321,True
0efbf3431.jpg,0.2509176433086395,True
0efbf3431.jpg,0.1881388425827026,True
0efbf3431.jpg,0.1856623888015747,True
0efbf3431.jpg,0.1855233013629913,True
0efbf3431.jpg,0.1778173595666885,False
0efbf3431.jpg,0.1487588286399841,True
0efbf3431.jpg,0.1415700912475586,False
0efbf3431.jpg,0.1397315710783004,True
0efbf3431.jpg,0.1080468744039535,False
0efbf3431.jpg,0.1042370572686195,False
0efbf3431.jpg,0.1037983000278472,True
0efbf3431.jpg,0.0901496559381485,True
0efbf3431.jpg,0.0714779421687126,True
0efbf3431.jpg,0.0706047639250755,True
0efbf3431.jpg,0.065797671675682,True
0efbf3431.jpg,0.0643732771277427,True
0efbf3431.jpg,0.0627370625734329,True
0efbf3431.jpg,0.0554991886019706,True
0efbf3431.jpg,0.0526267513632774,True
0f34bea30.jpg,0.8534224629402161,False
0f5b253f0.jpg,0.0874436348676681,True
0f5b253f0.jpg,0.0847078934311866,True
0f5b253f0.jpg,0.0777796953916549,True
0f5b253f0.jpg,0.051732812076807,True
0f5b253f0.jpg,0.0505091398954391,True
0f6f01e69.jpg,0.7423476576805115,False
0f6f01e69.jpg,0.6245431303977966,False
0f7a3efdf.jpg,0.5119333267211914,False
0f7a3efdf.jpg,0.4934242069721222,True
0f7a3efdf.jpg,0.1434565931558609,True
0f7a3efdf.jpg,0.1239203289151191,False
0f7aba2e0.jpg,0.6713709235191345,True
0f7aba2e0.jpg,0.4548537731170654,True
0f7aba2e0.jpg,0.2744417488574981,True
0f7aba2e0.jpg,0.2374435514211654,False
0f7aba2e0.jpg,0.2152640670537948,True
0f7aba2e0.jpg,0.2114186435937881,False
0f7aba2e0.jpg,0.1957350224256515,False
0f7aba2e0.jpg,0.1926387101411819,False
0f7aba2e0.jpg,0.1354330629110336,False
0f7aba2e0.jpg,0.1345327049493789,True
0f7aba2e0.jpg,0.1168482229113578,False
0f7aba2e0.jpg,0.1055160388350486,True
0f7aba2e0.jpg,0.071780115365982,False
0f7aba2e0.jpg,0.0558022111654281,True
0f7aba2e0.jpg,0.0545362271368503,True
0f7cb7b56.jpg,0.8401246666908264,False
0f81bc382.jpg,0.7204661965370178,False
0f8b47d44.jpg,0.4377007186412811,False
0f8b47d44.jpg,0.3592611849308014,False
0f8b47d44.jpg,0.0769932270050048,False
0fa4ddf64.jpg,0.4986560940742492,False
0fa4ddf64.jpg,0.4895397424697876,False
0fa4ddf64.jpg,0.3221963047981262,False
0fa4ddf64.jpg,0.3004718720912933,False
0fa4ddf64.jpg,0.158865287899971,False
0fa4ddf64.jpg,0.1527045518159866,False
0fa4ddf64.jpg,0.1504319310188293,False
0fa4ddf64.jpg,0.1096296161413192,True
0fa4ddf64.jpg,0.0661521255970001,False
0ff239dd3.jpg,0.4255586266517639,False
0ff239dd3.jpg,0.1152756884694099,False
100383c25.jpg,0.5444571375846863,False
100383c25.jpg,0.1107422783970832,False
101bf6dad.jpg,0.8911781907081604,False
10306ca2a.jpg,0.8249926567077637,False
10306ca2a.jpg,0.1616136133670807,False
104f9a4c8.jpg,0.3903042674064636,False
104f9a4c8.jpg,0.2319099307060241,False
105dc5604.jpg,0.7181822657585144,False
105dc5604.jpg,0.5552785396575928,False
105dc5604.jpg,0.2300322949886322,True
105dc5604.jpg,0.1444322764873504,False
105dc5604.jpg,0.1255575567483902,True
105dc5604.jpg,0.093752846121788,False
107dc1bc4.jpg,0.7720754742622375,True
107dc1bc4.jpg,0.7493919730186462,True
107dc1bc4.jpg,0.650917112827301,True
107dc1bc4.jpg,0.4955939054489136,False
107dc1bc4.jpg,0.2841884195804596,True
107dc1bc4.jpg,0.2016016244888305,True
107dc1bc4.jpg,0.1232431903481483,False
107dc1bc4.jpg,0.1206072270870208,True
107dc1bc4.jpg,0.1200901344418525,False
107dc1bc4.jpg,0.1165076419711113,True
107dc1bc4.jpg,0.1098256185650825,True
107dc1bc4.jpg,0.0996015965938568,True
107dc1bc4.jpg,0.088016927242279,True
107dc1bc4.jpg,0.0871198028326034,True
107dc1bc4.jpg,0.0731374621391296,True
107dc1bc4.jpg,0.0592552125453949,True
1093ebba2.jpg,0.14549121260643,False
1097748b8.jpg,0.7177518010139465,False
10a5cb97d.jpg,0.7990521192550659,False
10a5cb97d.jpg,0.6355270743370056,False
10c100962.jpg,0.7905328273773193,False
10c100962.jpg,0.7845706343650818,False
10c786126.jpg,0.8834581971168518,False
10c786126.jpg,0.8661370277404785,False
10c786126.jpg,0.8355764746665955,False
10c786126.jpg,0.6427328586578369,False
10c786126.jpg,0.4425979256629944,False
10c786126.jpg,0.2581352591514587,False
10c786126.jpg,0.1636040657758712,False
10c786126.jpg,0.0638508200645446,False
10c9d2e4a.jpg,0.7413432002067566,False
10c9d2e4a.jpg,0.7225520610809326,False
10cfc8ca8.jpg,0.4877395927906036,False
10cfc8ca8.jpg,0.4587427377700805,False
10cfc8ca8.jpg,0.3699647188186645,False
10cfc8ca8.jpg,0.1210096850991249,False
10defd098.jpg,0.9433565735816956,False
10defd098.jpg,0.9247708320617676,False
10f8ab308.jpg,0.8771193623542786,False
1106253f8.jpg,0.8061185479164124,False
1106253f8.jpg,0.463286429643631,True
1117dbd46.jpg,0.6315516829490662,False
111c59e0d.jpg,0.2924416363239288,False
111c59e0d.jpg,0.2776151597499847,True
111c59e0d.jpg,0.1878301501274109,False
111c59e0d.jpg,0.1661643236875534,True
111c59e0d.jpg,0.1496445685625076,True
111c59e0d.jpg,0.1466866731643676,True
111c59e0d.jpg,0.1311517506837844,True
111c59e0d.jpg,0.1104050129652023,True
111c59e0d.jpg,0.0857075229287147,True
111c59e0d.jpg,0.052739217877388,True
112b48a92.jpg,0.3796926736831665,True
112b48a92.jpg,0.3429568409919739,True
112b48a92.jpg,0.1640595644712448,True
112b48a92.jpg,0.1016641482710838,True
112b48a92.jpg,0.0700139254331588,True
11374fdd1.jpg,0.8414909839630127,False
11374fdd1.jpg,0.0709522143006324,True
113b5371f.jpg,0.3341997265815735,False
113b5371f.jpg,0.2940761744976043,False
113b5371f.jpg,0.0667668506503105,False
115f9bef0.jpg,0.4315864145755768,False
115f9bef0.jpg,0.0623940974473953,False
1169a2c66.jpg,0.1944563090801239,False
116dc2a67.jpg,0.7702963948249817,False
116dc2a67.jpg,0.7103018760681152,False
116dc2a67.jpg,0.0561045631766319,True
1172ecf76.jpg,0.8190209269523621,False
1172ecf76.jpg,0.8033218383789062,False
1172ecf76.jpg,0.7681754231452942,False
1172ecf76.jpg,0.3569368422031402,True
1172ecf76.jpg,0.1601518988609314,False
1172ecf76.jpg,0.1184349730610847,False
1172ecf76.jpg,0.115223117172718,True
1172ecf76.jpg,0.1110917925834655,True
11790c78f.jpg,0.4439921379089355,False
1179e005f.jpg,0.5694165229797363,False
1179e005f.jpg,0.0581845119595527,False
118992fba.jpg,0.1564329415559768,False
118992fba.jpg,0.1528868228197097,False
1195f6082.jpg,0.7359760403633118,False
11bdd3b25.jpg,0.5732815861701965,False
11bdd3b25.jpg,0.3686398565769195,False
11bdd3b25.jpg,0.3597664535045624,True
11bdd3b25.jpg,0.2886728644371032,True
11bdd3b25.jpg,0.2386431396007537,True
11bdd3b25.jpg,0.2042011618614196,True
11bdd3b25.jpg,0.1648067533969879,True
11bdd3b25.jpg,0.1518571376800537,True
11bdd3b25.jpg,0.1156095191836357,False
11bdd3b25.jpg,0.1112023144960403,False
11bdd3b25.jpg,0.0686831101775169,True
11bdd3b25.jpg,0.0623754225671291,True
11bdd3b25.jpg,0.0516833588480949,True
11ef28b6d.jpg,0.881655216217041,False
11ef28b6d.jpg,0.5004658699035645,True
11ef28b6d.jpg,0.3537782728672027,False
11ef28b6d.jpg,0.3116023540496826,False
11ef28b6d.jpg,0.2362309098243713,True
11ef28b6d.jpg,0.1561278849840164,True
11ef28b6d.jpg,0.0707730054855346,True
11ef28b6d.jpg,0.0574038922786712,True
1215892e3.jpg,0.851594090461731,False
1232d4183.jpg,0.7112275958061218,False
123b7ff5f.jpg,0.3668686747550964,False
123b7ff5f.jpg,0.3628860712051391,False
125fb4347.jpg,0.7294524312019348,False
127ede551.jpg,0.6894741058349609,False
127ede551.jpg,0.5065627098083496,False
127ede551.jpg,0.2928833663463592,True
127ede551.jpg,0.1431995779275894,True
127ede551.jpg,0.094958983361721,True
127ede551.jpg,0.0671407580375671,False
127ede551.jpg,0.0601283013820648,False
127ede551.jpg,0.0587264038622379,True
127ede551.jpg,0.058304339647293,True
1281987a7.jpg,0.8744131326675415,False
1286d5f8e.jpg,0.7972022891044617,False
1286d5f8e.jpg,0.4271670877933502,False
1286d5f8e.jpg,0.2268426865339279,False
1286d5f8e.jpg,0.1214044690132141,False
1286d5f8e.jpg,0.0668511018157005,False
1286d5f8e.jpg,0.0559761486947536,False
1293fb3e1.jpg,0.4416259825229645,True
1293fb3e1.jpg,0.3282638788223266,False
12ac8d91f.jpg,0.944294571876526,False
12ac8d91f.jpg,0.7076178789138794,False
12ac8d91f.jpg,0.1564178466796875,False
12c9ea516.jpg,0.6354608535766602,False
12d2ca743.jpg,0.8752662539482117,False
12d7e1a24.jpg,0.785121500492096,False
12d7e1a24.jpg,0.6986614465713501,False
12d7e1a24.jpg,0.6723634600639343,False
12d7e1a24.jpg,0.6543945074081421,False
12d7e1a24.jpg,0.6201344132423401,False
12d7e1a24.jpg,0.5219326019287109,False
12d7e1a24.jpg,0.4372827410697937,False
12d7e1a24.jpg,0.371728777885437,False
12d7e1a24.jpg,0.2499568313360214,False
12d7e1a24.jpg,0.2066361159086227,False
12d7e1a24.jpg,0.2045769840478897,False
12d7e1a24.jpg,0.1910949498414993,False
12d7e1a24.jpg,0.1256025433540344,False
13148ae99.jpg,0.8808438181877136,False
131ecea79.jpg,0.6719689965248108,False
131ecea79.jpg,0.1556413769721985,True
131ecea79.jpg,0.0626802518963813,True
13291b6f8.jpg,0.8411861658096313,False
13291b6f8.jpg,0.6442104578018188,False
13291b6f8.jpg,0.5848652124404907,False
133e519f7.jpg,0.878885805606842,False
133e519f7.jpg,0.8278645873069763,False
133e519f7.jpg,0.7087998390197754,True
133e519f7.jpg,0.5148875713348389,True
133e519f7.jpg,0.4794751107692718,True
133e519f7.jpg,0.3329438269138336,True
133e519f7.jpg,0.2542793452739715,True
133e519f7.jpg,0.1686128377914428,True
133e519f7.jpg,0.1480710208415985,True
133e519f7.jpg,0.1308541148900985,True
133e519f7.jpg,0.1283910274505615,True
133e519f7.jpg,0.077328622341156,True
133e519f7.jpg,0.0531205125153064,True
13466bcf9.jpg,0.2551993429660797,False
13466bcf9.jpg,0.213112473487854,False
13466bcf9.jpg,0.1357984095811844,False
13466bcf9.jpg,0.0753335580229759,True
13466bcf9.jpg,0.0646973475813865,False
134c1a225.jpg,0.8317212462425232,False
134c1a225.jpg,0.5296489596366882,True
13522033c.jpg,0.6797916293144226,False
135a2a350.jpg,0.8316258192062378,False
135a2a350.jpg,0.2460533082485199,True
135f22189.jpg,0.4426124989986419,False
135f22189.jpg,0.1372924894094467,False
136c2dbcd.jpg,0.5384500026702881,False
136c2dbcd.jpg,0.5313119888305664,False
136c2dbcd.jpg,0.3194439709186554,False
136c2dbcd.jpg,0.3111247718334198,False
136c2dbcd.jpg,0.2975965142250061,False
136c2dbcd.jpg,0.2634017467498779,True
136c2dbcd.jpg,0.2070499509572982,False
136c2dbcd.jpg,0.1812599599361419,False
136c2dbcd.jpg,0.1339220106601715,True
136c2dbcd.jpg,0.122317224740982,False
136c2dbcd.jpg,0.1110123917460441,True
136c2dbcd.jpg,0.0993227884173393,False
136c2dbcd.jpg,0.0932986214756965,True
136c2dbcd.jpg,0.0799351260066032,False
136c2dbcd.jpg,0.0728505030274391,False
1373dbd93.jpg,0.3581794798374176,False
1373dbd93.jpg,0.33005291223526,False
1373dbd93.jpg,0.2828097343444824,False
1373dbd93.jpg,0.0578288063406944,False
1385a619b.jpg,0.3540214002132416,False
1385a619b.jpg,0.1921294331550598,False
139b3ab79.jpg,0.8334878087043762,False
139b3ab79.jpg,0.2168591916561126,True
13aa7315c.jpg,0.9188634157180786,False
13aa7315c.jpg,0.9022268056869508,False
13aa7315c.jpg,0.6003745794296265,False
13e5d5e5a.jpg,0.3033711016178131,True
13e5d5e5a.jpg,0.1653589606285095,True
13e5d5e5a.jpg,0.1586402505636215,False
13e5d5e5a.jpg,0.1492624431848526,False
13e5d5e5a.jpg,0.0563434660434722,False
13e5d5e5a.jpg,0.051774326711893,False
1453d4c00.jpg,0.8721336722373962,False
1453d4c00.jpg,0.7289377450942993,False
1453e0557.jpg,0.7458021640777588,False
1476c98b9.jpg,0.8725681304931641,False
1476c98b9.jpg,0.051911536604166,True
147bc43db.jpg,0.4764278531074524,False
147bc43db.jpg,0.3709208369255066,True
147bc43db.jpg,0.3664584159851074,False
147bc43db.jpg,0.3597191274166107,False
147bc43db.jpg,0.297335535287857,True
147bc43db.jpg,0.2862507700920105,False
147bc43db.jpg,0.2593399882316589,False
147bc43db.jpg,0.1971430778503418,False
147bc43db.jpg,0.1876718401908874,True
147bc43db.jpg,0.1773140281438827,True
147bc43db.jpg,0.1711560040712356,False
147bc43db.jpg,0.1186568439006805,False
147bc43db.jpg,0.0705727934837341,True
147bc43db.jpg,0.0520607605576515,True
14814c9cd.jpg,0.356548935174942,False
14814c9cd.jpg,0.205812782049179,False
14814c9cd.jpg,0.0888800024986267,False
148559881.jpg,0.9242881536483764,False
149454555.jpg,0.8531999588012695,False
149f806bd.jpg,0.3065967857837677,False
149f806bd.jpg,0.1334616243839264,False
149f806bd.jpg,0.1027403771877288,False
149f806bd.jpg,0.0839356929063797,True
14a1efc07.jpg,0.5079946517944336,False
14a1efc07.jpg,0.5020976066589355,True
14a1efc07.jpg,0.4938988983631134,False
14a1efc07.jpg,0.4470959007740021,False
14a1efc07.jpg,0.4238096177577972,False
14a1efc07.jpg,0.2152312695980072,False
14a1efc07.jpg,0.1878335624933242,True
14a1efc07.jpg,0.1732160747051239,False
14a1efc07.jpg,0.1509170532226562,True
14a1efc07.jpg,0.1308007538318634,True
14a1efc07.jpg,0.1025862917304039,False
14a1efc07.jpg,0.0599219426512718,True
14a63d1fe.jpg,0.9123595952987672,False
14a63d1fe.jpg,0.8338262438774109,False
14a63d1fe.jpg,0.7762676477432251,False
14a63d1fe.jpg,0.3125415742397308,False
14a63d1fe.jpg,0.0880163386464119,True
14a63d1fe.jpg,0.0738395899534225,True
14a63d1fe.jpg,0.0607174411416053,False
14ac0acf1.jpg,0.5270852446556091,True
14ac0acf1.jpg,0.330486923456192,False
14ac0acf1.jpg,0.2478075921535492,False
14ac0acf1.jpg,0.1465380638837814,False
14ac0acf1.jpg,0.1275381296873092,False
14ac0acf1.jpg,0.1116446331143379,False
14ac0acf1.jpg,0.1088665649294853,False
14ac0acf1.jpg,0.1078206300735473,False
14ac0acf1.jpg,0.0966707319021225,False
14d37f915.jpg,0.8924588561058044,False
14d37f915.jpg,0.2592529058456421,False
14d37f915.jpg,0.0858473777770996,True
14d37f915.jpg,0.0811728611588478,False
14d37f915.jpg,0.0548291988670825,True
14ea69373.jpg,0.8731814622879028,False
14f4fb908.jpg,0.8231629729270935,False
14fb01cab.jpg,0.6946966648101807,False
14fb01cab.jpg,0.6462496519088745,False
14fb01cab.jpg,0.5906431674957275,False
14fb01cab.jpg,0.4305321872234344,False
14fb01cab.jpg,0.4095192849636078,True
14fb01cab.jpg,0.403492122888565,True
14fb01cab.jpg,0.2824493050575256,True
14fb01cab.jpg,0.273680716753006,True
14fb01cab.jpg,0.2298478782176971,False
14fb01cab.jpg,0.2275098115205764,True
14fb01cab.jpg,0.1904009133577346,True
14fb01cab.jpg,0.1669643670320511,True
14fb01cab.jpg,0.1561518907546997,True
14fb01cab.jpg,0.1531760841608047,True
14fb01cab.jpg,0.1342309266328811,True
14fb01cab.jpg,0.1302026063203811,True
14fb01cab.jpg,0.1032069101929664,True
14fb01cab.jpg,0.0988803729414939,True
14fb01cab.jpg,0.0970152989029884,True
14fb01cab.jpg,0.096052847802639,True
14fb01cab.jpg,0.0932565182447433,True
14fb01cab.jpg,0.0867635011672973,True
14fb01cab.jpg,0.0864266157150268,True
14fb01cab.jpg,0.0839777588844299,True
14fb01cab.jpg,0.0747256204485893,True
14fb01cab.jpg,0.0679067149758338,True
14fb01cab.jpg,0.063987024128437,True
14fb01cab.jpg,0.0635785907506942,True
14fb01cab.jpg,0.0564147755503654,True
14fb01cab.jpg,0.0545559749007225,False
14fb01cab.jpg,0.0544265992939472,True
1508c94ab.jpg,0.8279548287391663,False
1508c94ab.jpg,0.7621998190879822,False
1508c94ab.jpg,0.7116409540176392,False
1508c94ab.jpg,0.5245006680488586,False
1508c94ab.jpg,0.4473071694374084,False
1508c94ab.jpg,0.2580175697803497,False
1508c94ab.jpg,0.1291951388120651,False
1508c94ab.jpg,0.0787665098905563,True
1508c94ab.jpg,0.060832817107439,True
1508c94ab.jpg,0.0590760745108127,True
1508c94ab.jpg,0.0535180643200874,True
15391f0a2.jpg,0.8039482235908508,False
153dc6955.jpg,0.9296504855155944,False
153dc6955.jpg,0.9083874821662904,False
153dc6955.jpg,0.8872022032737732,False
153dc6955.jpg,0.8846525549888611,False
153dc6955.jpg,0.7553904056549072,False
15560bcc0.jpg,0.9245028495788574,False
15560bcc0.jpg,0.834129810333252,False
15560bcc0.jpg,0.3609448373317718,False
15560bcc0.jpg,0.1033321917057037,True
1582eecfe.jpg,0.6438723206520081,True
1582eecfe.jpg,0.3000984787940979,False
1582eecfe.jpg,0.2168441265821457,True
1582eecfe.jpg,0.1821337789297104,False
1582eecfe.jpg,0.0979916676878929,False
1582eecfe.jpg,0.0820220708847045,True
1582eecfe.jpg,0.0770501345396041,False
1582eecfe.jpg,0.0757610872387886,True
1583986c9.jpg,0.9257827997207642,False
1583986c9.jpg,0.9224610328674316,False
1583986c9.jpg,0.909282088279724,False
15acbd70e.jpg,0.4108816087245941,False
15acbd70e.jpg,0.2855390608310699,False
15acbd70e.jpg,0.1266555190086364,False
15acbd70e.jpg,0.117394357919693,True
15acbd70e.jpg,0.1043896973133087,False
15acbd70e.jpg,0.1007219105958938,True
15acbd70e.jpg,0.0878095030784607,True
15ad76fce.jpg,0.5086201429367065,False
15ad76fce.jpg,0.1748066544532776,False
15b6f3223.jpg,0.6876717805862427,False
15b6f3223.jpg,0.2027405649423599,False
15b8b2e75.jpg,0.6201987266540527,False
15b8b2e75.jpg,0.3444631695747375,False
15b8b2e75.jpg,0.0764231979846954,False
15bb3c734.jpg,0.886235237121582,False
15bb3c734.jpg,0.7368675470352173,False
15bb3c734.jpg,0.7235779166221619,False
15bb3c734.jpg,0.5689056515693665,False
15bb3c734.jpg,0.1120153814554214,True
15bb3c734.jpg,0.0760986804962158,False
15bb3c734.jpg,0.0529306940734386,False
15c1347cd.jpg,0.8505804538726807,False
15d775515.jpg,0.5389667749404907,False
15e51def6.jpg,0.8801879286766052,False
15e51def6.jpg,0.8474336266517639,False
15f212f47.jpg,0.7153087854385376,False
15f212f47.jpg,0.6056864857673645,True
15f212f47.jpg,0.2041149139404297,True
1603a3ccb.jpg,0.8398091793060303,False
1603a3ccb.jpg,0.4771520495414734,True
1603a3ccb.jpg,0.1446163356304168,True
1603a3ccb.jpg,0.1333018541336059,True
1603a3ccb.jpg,0.1040689125657081,True
1603a3ccb.jpg,0.1032430157065391,True
1603a3ccb.jpg,0.0770991221070289,True
1603a3ccb.jpg,0.0693458914756774,True
160d1b5ec.jpg,0.8460551500320435,False
160f8490b.jpg,0.4949508905410766,False
160f8490b.jpg,0.230575606226921,False
1622e4344.jpg,0.8544229865074158,False
1626de534.jpg,0.7964573502540588,False
1626de534.jpg,0.7952613234519958,False
1626de534.jpg,0.6080721020698547,False
162af9297.jpg,0.8925923705101013,False
1635616e4.jpg,0.8698554635047913,False
1635616e4.jpg,0.6148507595062256,False
1635616e4.jpg,0.378587394952774,True
16372685c.jpg,0.7453522086143494,False
16372685c.jpg,0.7106992602348328,False
16372685c.jpg,0.2704438865184784,False
16372685c.jpg,0.2442147880792617,False
16372685c.jpg,0.2178634256124496,False
16372685c.jpg,0.0512232221662998,False
163ae7fca.jpg,0.8771607875823975,False
1645884a0.jpg,0.8218016624450684,False
164e834c9.jpg,0.8996642231941223,False
16623c042.jpg,0.7369263768196106,False
166ba286d.jpg,0.8938565850257874,False
1676c8e96.jpg,0.5704336762428284,False
1676c8e96.jpg,0.1331368386745453,False
1676c8e96.jpg,0.1000158041715622,True
1676c8e96.jpg,0.0559489615261554,True
168f1d71b.jpg,0.7005307078361511,False
1696a45bc.jpg,0.1444791853427887,False
1696a45bc.jpg,0.0845807641744613,False
169cdc96b.jpg,0.6292034387588501,False
16a164a9c.jpg,0.9178414940834044,False
16a32fd9b.jpg,0.3523179888725281,False
16a32fd9b.jpg,0.1724691838026046,False
16a32fd9b.jpg,0.1696104854345321,False
16a32fd9b.jpg,0.1672026067972183,False
16a32fd9b.jpg,0.1530237346887588,True
16a32fd9b.jpg,0.1313408613204956,False
16a32fd9b.jpg,0.069692462682724,True
16b620c6d.jpg,0.192020371556282,True
16b620c6d.jpg,0.1712650060653686,True
16bf0c215.jpg,0.7778918147087097,False
16c2999b1.jpg,0.7437466382980347,False
16c2999b1.jpg,0.3109694719314575,False
16c2999b1.jpg,0.2661070525646209,True
16c2999b1.jpg,0.1857570111751556,False
16c2999b1.jpg,0.1263039708137512,False
16cc45aca.jpg,0.8962698578834534,False
16f539801.jpg,0.460084319114685,False
16f539801.jpg,0.3654248416423797,False
16ff0f0da.jpg,0.6337242126464844,False
16ff0f0da.jpg,0.2373543828725814,False
17246c643.jpg,0.8724029660224915,False
17246c643.jpg,0.1376717835664749,False
17246c643.jpg,0.1198255345225334,False
17246c643.jpg,0.1020476296544075,True
17246c643.jpg,0.0638502165675163,True
1726d40b1.jpg,0.7405691146850586,False
1726d40b1.jpg,0.5895562171936035,False
1726d40b1.jpg,0.2508057951927185,True
1726d40b1.jpg,0.2386586666107177,True
1726d40b1.jpg,0.1738938093185424,True
1726d40b1.jpg,0.0757994651794433,True
1726d40b1.jpg,0.0603349953889846,True
1726d40b1.jpg,0.0574381612241268,True
1726d40b1.jpg,0.0569711998105049,True
17281a4dd.jpg,0.9061982035636902,False
173d98541.jpg,0.7930460572242737,False
173d98541.jpg,0.7319037318229675,False
173d98541.jpg,0.1165970042347908,True
173d98541.jpg,0.08692117780447,True
173d98541.jpg,0.0722935795783996,True
173d98541.jpg,0.0500920191407203,True
1740e9502.jpg,0.2698143720626831,False
1740e9502.jpg,0.2044901847839355,False
1740e9502.jpg,0.0827801376581192,False
1751d5562.jpg,0.79771488904953,False
175f0bc4e.jpg,0.8917070031166077,False
175f0bc4e.jpg,0.85416179895401,False
175f0bc4e.jpg,0.8427600264549255,False
175f0bc4e.jpg,0.8074982762336731,False
175f0bc4e.jpg,0.7966238260269165,False
175f0bc4e.jpg,0.6342670321464539,False
175f0bc4e.jpg,0.5015496015548706,True
175f0bc4e.jpg,0.4979532957077026,True
177b90121.jpg,0.8453630805015564,False
177b90121.jpg,0.0935322418808937,True
17804f4a5.jpg,0.8091491460800171,False
17804f4a5.jpg,0.4704000353813171,False
17804f4a5.jpg,0.3957647085189819,False
17804f4a5.jpg,0.2253859639167785,False
17804f4a5.jpg,0.1814587414264679,True
17804f4a5.jpg,0.0791396796703338,True
17804f4a5.jpg,0.0778024420142173,False
17804f4a5.jpg,0.0620253942906856,False
178bec095.jpg,0.8337311744689941,False
178bec095.jpg,0.5733985304832458,False
178bec095.jpg,0.3545925915241241,False
178bec095.jpg,0.2525345087051391,True
178bec095.jpg,0.2388391494750976,False
178c34d1c.jpg,0.8767222166061401,False
17980f5e4.jpg,0.3266696333885193,False
17980f5e4.jpg,0.2719809114933014,False
17980f5e4.jpg,0.2085791528224945,False
17980f5e4.jpg,0.193334698677063,False
17980f5e4.jpg,0.067072756588459,False
179f643cb.jpg,0.7845214605331421,True
179f643cb.jpg,0.6791084408760071,False
179f643cb.jpg,0.660720944404602,False
179f643cb.jpg,0.3085149526596069,True
179f643cb.jpg,0.1921848058700561,True
179f643cb.jpg,0.1556138098239898,True
179f643cb.jpg,0.1033252477645874,True
179f643cb.jpg,0.0976687744259834,True
179f643cb.jpg,0.0870552435517311,True
179f643cb.jpg,0.0840351060032844,True
179f643cb.jpg,0.0783398002386093,True
179f643cb.jpg,0.0665402188897132,True
17c234248.jpg,0.9142922759056092,False
17d0b06e1.jpg,0.3437635004520416,False
17d0b06e1.jpg,0.3232983946800232,False
17d0b06e1.jpg,0.1190172508358955,True
17db77366.jpg,0.9311786890029908,False
17e4b69db.jpg,0.3164338171482086,False
17e4b69db.jpg,0.2954833805561065,False
17e4b69db.jpg,0.2709363996982574,True
17e4b69db.jpg,0.0961719453334808,True
17e831210.jpg,0.2032208293676376,False
17f2cca1d.jpg,0.7097911834716797,True
17f2cca1d.jpg,0.7093444466590881,True
17f2cca1d.jpg,0.6744183301925659,True
17f2cca1d.jpg,0.6515441536903381,False
17f2cca1d.jpg,0.6354668140411377,False
17f2cca1d.jpg,0.6345324516296387,True
17f2cca1d.jpg,0.6336649656295776,True
17f2cca1d.jpg,0.6317143440246582,True
17f2cca1d.jpg,0.6261717081069946,False
17f2cca1d.jpg,0.5755118131637573,True
17f2cca1d.jpg,0.5546765923500061,False
17f2cca1d.jpg,0.5122038722038269,True
17f2cca1d.jpg,0.3856387734413147,True
17f2cca1d.jpg,0.3620626330375671,True
17f2cca1d.jpg,0.2932190597057342,True
17f2cca1d.jpg,0.2810253500938415,False
17f2cca1d.jpg,0.2454628944396972,True
17f2cca1d.jpg,0.2440533936023712,True
17f2cca1d.jpg,0.2354171425104141,True
17f2cca1d.jpg,0.2093396037817001,True
17f2cca1d.jpg,0.2043508887290954,True
17f2cca1d.jpg,0.1405510157346725,False
17f2cca1d.jpg,0.1398147195577621,True
17f2cca1d.jpg,0.1351084858179092,True
17f2cca1d.jpg,0.1040723025798797,True
17f2cca1d.jpg,0.1008763760328292,True
17f2cca1d.jpg,0.0731855481863021,True
17f2cca1d.jpg,0.0673260986804962,True
17f2cca1d.jpg,0.0660802572965622,True
17f2cca1d.jpg,0.0586690716445446,True
17f2cca1d.jpg,0.0563130788505077,True
17f2cca1d.jpg,0.0510214529931545,True
17f5d54f5.jpg,0.6836531758308411,False
17f5d54f5.jpg,0.5595018267631531,False
17f5d54f5.jpg,0.5055236220359802,False
17f5d54f5.jpg,0.492730051279068,False
17f5d54f5.jpg,0.2801814079284668,True
17f5d54f5.jpg,0.2573850154876709,False
17f5d54f5.jpg,0.168693259358406,False
17f5d54f5.jpg,0.1611872613430023,False
17f5d54f5.jpg,0.1196990087628364,True
17f5d54f5.jpg,0.0623071491718292,True
17f5d54f5.jpg,0.0572254545986652,False
17f6ab7cd.jpg,0.9162547588348388,False
17f6ab7cd.jpg,0.8361321091651917,False
17f6ab7cd.jpg,0.0939433127641677,True
180ff73ff.jpg,0.86785489320755,False
1818c134a.jpg,0.808559238910675,False
1837bdb41.jpg,0.5763856768608093,False
1837bdb41.jpg,0.5600679516792297,False
1837bdb41.jpg,0.0826707631349563,True
1837bdb41.jpg,0.070294015109539,False
1837bdb41.jpg,0.0590460151433944,False
183896083.jpg,0.8637542724609375,False
183896083.jpg,0.1263989806175232,False
184004e89.jpg,0.847525417804718,False
1844eddf2.jpg,0.910098671913147,False
1844eddf2.jpg,0.8729007244110107,False
1844eddf2.jpg,0.8499343395233154,False
1844eddf2.jpg,0.2436154633760452,True
1844eddf2.jpg,0.1687105149030685,True
1844eddf2.jpg,0.1484441459178924,True
1844eddf2.jpg,0.1237354204058647,True
1844eddf2.jpg,0.0908434242010116,True
1844eddf2.jpg,0.0857426226139068,True
1844eddf2.jpg,0.0676892176270484,True
1844eddf2.jpg,0.0658590793609619,True
1844eddf2.jpg,0.0579200685024261,True
1844eddf2.jpg,0.0578536763787269,True
1850926b8.jpg,0.2914601862430572,False
1850926b8.jpg,0.28693488240242,False
1850926b8.jpg,0.2274800688028335,False
1850926b8.jpg,0.2120976448059082,False
1850926b8.jpg,0.2092202752828598,True
1850926b8.jpg,0.1947229504585266,False
1850926b8.jpg,0.1017340198159217,False
1850926b8.jpg,0.0794885456562042,True
1850926b8.jpg,0.0784569531679153,False
1850926b8.jpg,0.0729520767927169,True
1850926b8.jpg,0.0613517053425312,True
185e9982c.jpg,0.8207831978797913,False
18722fb07.jpg,0.7983219027519226,False
188b06cf8.jpg,0.7867840528488159,False
188b06cf8.jpg,0.475073754787445,False
188b06cf8.jpg,0.156945452094078,False
188b06cf8.jpg,0.0602375008165836,False
18acc0aeb.jpg,0.7484332919120789,False
18e50fa4d.jpg,0.5397009253501892,False
18e50fa4d.jpg,0.4042724370956421,False
18e50fa4d.jpg,0.3294717967510223,False
18e50fa4d.jpg,0.0863524377346038,True
18e50fa4d.jpg,0.0597927682101726,True
18ea7b5c6.jpg,0.8438556790351868,False
18ea7b5c6.jpg,0.5461105704307556,False
18ea7b5c6.jpg,0.5355837941169739,False
18ea7b5c6.jpg,0.3410792648792267,False
18ea7b5c6.jpg,0.2630554139614105,False
18ea7b5c6.jpg,0.1815693229436874,True
18fb7fa98.jpg,0.8375556468963623,False
18fb7fa98.jpg,0.3026801347732544,True
18fb7fa98.jpg,0.2928131818771362,True
18fb7fa98.jpg,0.121308259665966,True
18fb7fa98.jpg,0.0949210003018379,True
1911d1261.jpg,0.87419193983078,False
19179714c.jpg,0.2772937715053558,False
1923f24c9.jpg,0.5036620497703552,False
1923f24c9.jpg,0.3016257286071777,False
1923f24c9.jpg,0.267375648021698,True
1923f24c9.jpg,0.077614888548851,True
1923f24c9.jpg,0.0745303779840469,True
1923f24c9.jpg,0.0688510313630104,True
1923f24c9.jpg,0.0677707493305206,True
1928d1ad2.jpg,0.4087465107440948,False
1928d1ad2.jpg,0.3403886258602142,False
1928d1ad2.jpg,0.1727396696805954,False
1929aba96.jpg,0.8259863257408142,False
194704730.jpg,0.8299846053123474,False
194704730.jpg,0.790269136428833,False
194704730.jpg,0.7779820561408997,False
194704730.jpg,0.6964401602745056,True
194704730.jpg,0.3241314589977264,False
194704730.jpg,0.2550236582756042,False
194704730.jpg,0.1745514124631881,False
194704730.jpg,0.1083136051893234,False
194704730.jpg,0.1016812920570373,False
194704730.jpg,0.09097570925951,True
194704730.jpg,0.0883906260132789,False
194ee5699.jpg,0.8464692831039429,False
195f6f0e5.jpg,0.8339000940322876,False
195f6f0e5.jpg,0.3253250420093536,False
195f6f0e5.jpg,0.1953923404216766,False
195f6f0e5.jpg,0.1635863184928894,False
196ee962f.jpg,0.7298243045806885,False
196ee962f.jpg,0.0771040022373199,True
19956a879.jpg,0.8914922475814819,False
19956a879.jpg,0.8148455619812012,False
19956a879.jpg,0.3141188621520996,False
199f91554.jpg,0.8975317478179932,False
19a6c3326.jpg,0.68370121717453,False
19a6c3326.jpg,0.6630396842956543,False
19acbe356.jpg,0.9613329768180848,False
19acbe356.jpg,0.9098556637763976,False
19acbe356.jpg,0.214832067489624,True
19acbe356.jpg,0.2096490561962127,True
19acbe356.jpg,0.1863296180963516,True
19acbe356.jpg,0.1801865249872207,True
19acbe356.jpg,0.1173599660396575,True
19acbe356.jpg,0.0923342183232307,True
19c8196e0.jpg,0.9169958233833312,False
19c8196e0.jpg,0.0948983579874038,True
19c8196e0.jpg,0.0778987407684326,True
19d0217b0.jpg,0.3870654702186584,False
19d0217b0.jpg,0.2670912444591522,False
19d659f8a.jpg,0.353288322687149,True
19d659f8a.jpg,0.3199707269668579,False
19d659f8a.jpg,0.2116056829690933,True
19d659f8a.jpg,0.2034061104059219,False
19d659f8a.jpg,0.1274546533823013,False
19d659f8a.jpg,0.0659465491771698,True
19e27883d.jpg,0.8545857071876526,False
19e2fd98c.jpg,0.7440774440765381,False
19e2fd98c.jpg,0.394883930683136,True
19e2fd98c.jpg,0.1222420185804367,True
19e954db4.jpg,0.1426709294319152,False
19e954db4.jpg,0.1319998204708099,False
19f577039.jpg,0.8804614543914795,False
19f577039.jpg,0.0824921876192092,True
19f577039.jpg,0.0727540031075477,True
19f7a193d.jpg,0.8787871599197388,False
1a0129a7c.jpg,0.892686665058136,False
1a093117c.jpg,0.5013797283172607,False
1a093117c.jpg,0.0939045175909996,False
1a116c81a.jpg,0.9126212000846864,False
1a116c81a.jpg,0.7224233746528625,False
1a116c81a.jpg,0.3526309728622436,True
1a116c81a.jpg,0.2322660237550735,True
1a116c81a.jpg,0.1174759492278099,True
1a116c81a.jpg,0.0872859358787536,True
1a116c81a.jpg,0.0822090655565261,True
1a116c81a.jpg,0.068894550204277,True
1a116c81a.jpg,0.0623988211154937,False
1a116c81a.jpg,0.0526495054364204,True
1a359dac8.jpg,0.4065219461917877,False
1a359dac8.jpg,0.0675260573625564,False
1a3bedc55.jpg,0.9105573296546936,False
1a3bedc55.jpg,0.8672526478767395,False
1a3bedc55.jpg,0.740605890750885,False
1a3e096cc.jpg,0.4924613237380981,False
1a3e096cc.jpg,0.249991238117218,False
1a3e096cc.jpg,0.1327430158853531,True
1a3e096cc.jpg,0.0901856422424316,True
1a47330cf.jpg,0.6725156903266907,False
1a47330cf.jpg,0.1617201715707779,True
1a47330cf.jpg,0.0701326876878738,True
1a47330cf.jpg,0.0635706707835197,True
1a47330cf.jpg,0.0559130795300006,True
1a5838dc6.jpg,0.8788930773735046,False
1a5838dc6.jpg,0.710599422454834,False
1a5838dc6.jpg,0.645315945148468,False
1a61e4579.jpg,0.8963543772697449,False
1a61e4579.jpg,0.2792211771011352,True
1a61e4579.jpg,0.2119365036487579,True
1a61e4579.jpg,0.1859593242406845,True
1a61e4579.jpg,0.0771910846233367,True
1a7261884.jpg,0.8258773684501648,False
1a7261884.jpg,0.8104727864265442,False
1a7261884.jpg,0.7488241195678711,False
1a7261884.jpg,0.5635008811950684,True
1a7261884.jpg,0.3751065135002136,False
1a7261884.jpg,0.2574914693832397,True
1a7261884.jpg,0.1712584495544433,False
1a7261884.jpg,0.1085592657327652,False
1a7261884.jpg,0.1046168655157089,True
1a8d8df1c.jpg,0.675831139087677,False
1a8d8df1c.jpg,0.1877577006816864,True
1a8d8df1c.jpg,0.1566411554813385,True
1a8d8df1c.jpg,0.0933072566986084,True
1a8d8df1c.jpg,0.0896589905023574,True
1a8d8df1c.jpg,0.0547947138547897,True
1aa8eac4c.jpg,0.8618713617324829,False
1aa8eac4c.jpg,0.6949479579925537,False
1aab43e74.jpg,0.9424861073493958,False
1aab43e74.jpg,0.4526485204696655,True
1aab43e74.jpg,0.0797981843352317,True
1ae955a67.jpg,0.7814363241195679,False
1ae955a67.jpg,0.4409943222999573,True
1af142c38.jpg,0.8519300222396851,False
1b0d32b96.jpg,0.6934433579444885,False
1b3f699ee.jpg,0.4087586104869842,False
1b3f699ee.jpg,0.2968258857727051,False
1b3f699ee.jpg,0.1040142923593521,False
1b3f699ee.jpg,0.054131306707859,False
1b42c0672.jpg,0.8552575707435608,False
1b42c0672.jpg,0.8530890345573425,False
1b42c0672.jpg,0.5906320214271545,False
1b42c0672.jpg,0.4627429544925689,False
1b42c0672.jpg,0.1411416977643966,False
1b42c0672.jpg,0.0983031466603279,False
1b42c0672.jpg,0.0962893515825271,True
1b42c0672.jpg,0.0666786357760429,True
1b42c0672.jpg,0.0610712990164756,False
1b45008a3.jpg,0.893081545829773,False
1b4e72ce1.jpg,0.0917260721325874,True
1b4e72ce1.jpg,0.0737461149692535,True
1b4f0af31.jpg,0.3811493515968323,False
1b5dbf730.jpg,0.8176636695861816,False
1b5de27c9.jpg,0.6850925087928772,False
1b5de27c9.jpg,0.6648915410041809,False
1b5de27c9.jpg,0.4673607051372528,False
1b5de27c9.jpg,0.3280695974826813,False
1b5de27c9.jpg,0.2784742414951324,False
1b5de27c9.jpg,0.2502447068691253,False
1b5de27c9.jpg,0.1559400111436844,False
1b5de27c9.jpg,0.0783997625112533,False
1b5de27c9.jpg,0.0630194172263145,False
1b5de27c9.jpg,0.0603736452758312,False
1b603cc1a.jpg,0.8178367018699646,False
1b7acafbc.jpg,0.3495970368385315,False
1b7acafbc.jpg,0.2643088400363922,False
1baf4d5e3.jpg,0.8641585111618042,False
1be0cb03d.jpg,0.9081574082374572,False
1be0cb03d.jpg,0.7810617685317993,False
1be2043f6.jpg,0.9078458547592164,False
1be2043f6.jpg,0.7014946937561035,True
1be2043f6.jpg,0.05901850014925,True
1be2043f6.jpg,0.0540676712989807,True
1bed86771.jpg,0.8754075765609741,False
1befd25a3.jpg,0.8355964422225952,False
1befd25a3.jpg,0.810772716999054,False
1befd25a3.jpg,0.7918075323104858,False
1befd25a3.jpg,0.2935587167739868,True
1befd25a3.jpg,0.1948085874319076,True
1befd25a3.jpg,0.0599755197763443,True
1bfbbc7fe.jpg,0.8117437958717346,False
1bfbbc7fe.jpg,0.764896810054779,False
1bfbbc7fe.jpg,0.5533146262168884,False
1c063bba8.jpg,0.3176883161067962,True
1c063bba8.jpg,0.1737895756959915,False
1c063bba8.jpg,0.1681679934263229,True
1c063bba8.jpg,0.1445768177509308,False
1c063bba8.jpg,0.0832033827900886,True
1c4696ab5.jpg,0.3510507345199585,False
1c4696ab5.jpg,0.2849979102611542,True
1c4696ab5.jpg,0.2597309947013855,False
1c4696ab5.jpg,0.1515854448080063,False
1c4696ab5.jpg,0.1358498334884643,False
1c4696ab5.jpg,0.0742661133408546,False
1c4696ab5.jpg,0.0708504393696785,False
1c4696ab5.jpg,0.0632148757576942,False
1c4fef539.jpg,0.1775413155555725,True
1c56dd2a5.jpg,0.3808837532997131,False
1c56dd2a5.jpg,0.1066475212574005,True
1c56dd2a5.jpg,0.0959922969341278,False
1c5e228f7.jpg,0.4624883532524109,False
1c5e228f7.jpg,0.2816998064517975,True
1c5e228f7.jpg,0.0562192648649215,True
1ca5e609a.jpg,0.0902555808424949,False
1ca5e609a.jpg,0.0511300489306449,False
1ca6b86e9.jpg,0.8830562829971313,False
1cca0635a.jpg,0.7646958827972412,False
1cca0635a.jpg,0.483994722366333,True
1cca0635a.jpg,0.2473005056381225,False
1cca0635a.jpg,0.2160306870937347,False
1cca0635a.jpg,0.13145612180233,True
1cddb958d.jpg,0.3609754145145416,True
1cddb958d.jpg,0.3441772162914276,False
1cddb958d.jpg,0.155098021030426,False
1cddb958d.jpg,0.0656744986772537,False
1cf894541.jpg,0.3786520361900329,False
1cf894541.jpg,0.1079685986042022,False
1cfb2fcfa.jpg,0.8841336369514465,False
1cfb2fcfa.jpg,0.555993378162384,False
1cfb2fcfa.jpg,0.0672906562685966,False
1d0fa5bb1.jpg,0.8625558018684387,False
1d1bdb67f.jpg,0.3818676769733429,False
1d321bdfa.jpg,0.8902590870857239,False
1d3a33ab8.jpg,0.0503847226500511,True
1d3fdbd3a.jpg,0.8437781929969788,False
1d40bac5c.jpg,0.7536742091178894,False
1d47b0040.jpg,0.8455694913864136,False
1d47b0040.jpg,0.1071481928229332,True
1d47d390b.jpg,0.8411890268325806,False
1d47d390b.jpg,0.0500632748007774,True
1d5241461.jpg,0.7794762253761292,False
1d5241461.jpg,0.3824570477008819,False
1d5241461.jpg,0.2780136168003082,False
1d5241461.jpg,0.1208132058382034,True
1d5241461.jpg,0.0790923237800598,True
1d5aa07c3.jpg,0.8684213161468506,False
1d6d38c25.jpg,0.8676326870918274,False
1d82b4da4.jpg,0.4990488588809967,False
1d82b4da4.jpg,0.4813711047172546,False
1d82b4da4.jpg,0.2254013121128082,False
1d82b4da4.jpg,0.1555657535791397,False
1d9059c82.jpg,0.8937543034553528,False
1d94e25d2.jpg,0.7720961570739746,False
1d94e25d2.jpg,0.7522315979003906,False
1d94e25d2.jpg,0.6131996512413025,False
1d94e25d2.jpg,0.5779464840888977,False
1d94e25d2.jpg,0.55897057056427,False
1d94e25d2.jpg,0.4681700766086578,True
1d94e25d2.jpg,0.2979423105716705,True
1d94e25d2.jpg,0.2321710586547851,True
1d94e25d2.jpg,0.1862076222896576,True
1d94e25d2.jpg,0.1251707673072815,True
1d94e25d2.jpg,0.1133354529738426,True
1d94e25d2.jpg,0.0991132333874702,True
1d94e25d2.jpg,0.093361809849739,False
1d94e25d2.jpg,0.0766123384237289,True
1d94e25d2.jpg,0.0732003003358841,False
1d94e25d2.jpg,0.0545818507671356,True
1d9a0bc29.jpg,0.3100872933864593,False
1d9a0bc29.jpg,0.207923024892807,False
1d9a0bc29.jpg,0.2004396766424179,True
1d9a0bc29.jpg,0.1337851285934448,False
1d9a0bc29.jpg,0.1307891011238098,False
1d9a0bc29.jpg,0.1120689958333969,False
1d9a0bc29.jpg,0.1069984659552574,True
1d9a0bc29.jpg,0.0977439880371093,True
1dc5d9d58.jpg,0.8780629634857178,False
1dd26e14e.jpg,0.8927346467971802,False
1df3f6784.jpg,0.4754424691200256,False
1df3f6784.jpg,0.2630652189254761,False
1df3f6784.jpg,0.1370525658130645,False
1df3f6784.jpg,0.1229413375258445,False
1df3f6784.jpg,0.0559737756848335,True
1dfce9923.jpg,0.476273238658905,False
1dfce9923.jpg,0.4194369316101074,False
1dfce9923.jpg,0.1509993821382522,False
1dfce9923.jpg,0.1194659173488617,False
1dfce9923.jpg,0.0748755112290382,False
1e061c5a6.jpg,0.903753936290741,False
1e09597fc.jpg,0.8149501085281372,False
1e09597fc.jpg,0.4547709226608276,True
1e09597fc.jpg,0.1496800184249878,True
1e1fa8ac7.jpg,0.416924387216568,False
1e1fa8ac7.jpg,0.2449756115674972,False
1e1fa8ac7.jpg,0.2393882274627685,False
1e1fa8ac7.jpg,0.2193982601165771,False
1e1fa8ac7.jpg,0.1020485535264015,True
1e1fa8ac7.jpg,0.0833073630928993,False
1e1fd136c.jpg,0.1432010382413864,True
1e1fd136c.jpg,0.1161754876375198,True
1e1fd136c.jpg,0.1151180267333984,True
1e1fd136c.jpg,0.087174467742443,True
1e1fd136c.jpg,0.0832799822092056,True
1e1fd136c.jpg,0.0789138302206993,True
1e1fd136c.jpg,0.078526921570301,True
1e1fd136c.jpg,0.0553418062627315,True
1e2595fed.jpg,0.271785706281662,False
1e2595fed.jpg,0.2029171139001846,False
1e2595fed.jpg,0.0822455286979675,False
1e3843f36.jpg,0.8655414581298828,False
1e3843f36.jpg,0.7316182851791382,False
1e3843f36.jpg,0.138441652059555,False
1e3843f36.jpg,0.0939258709549903,False
1e3843f36.jpg,0.0628409758210182,True
1e43ac50a.jpg,0.7748576998710632,False
1e43ac50a.jpg,0.7594435811042786,False
1e43ac50a.jpg,0.1188658997416496,True
1e43ac50a.jpg,0.1001128777861595,False
1e43cb918.jpg,0.8182783126831055,False
1e4407baa.jpg,0.3734741806983948,False
1e4407baa.jpg,0.0668006092309951,False
1e53a7748.jpg,0.5904280543327332,False
1e5a70d2d.jpg,0.91942697763443,False
1e7e5caba.jpg,0.7582612633705139,False
1ec5ea69b.jpg,0.7066154479980469,False
1ec5ea69b.jpg,0.4005492925643921,False
1ec5ea69b.jpg,0.3495413064956665,False
1ec5ea69b.jpg,0.3174118995666504,False
1ec5ea69b.jpg,0.300157368183136,False
1ec5ea69b.jpg,0.2471677362918853,False
1ec5ea69b.jpg,0.1457449495792389,False
1ec5ea69b.jpg,0.1411295682191848,False
1ec5ea69b.jpg,0.1216107979416847,False
1ec5ea69b.jpg,0.080610416829586,True
1ec5ea69b.jpg,0.0520773567259311,False
1ee566913.jpg,0.6266109347343445,False
1f2defddc.jpg,0.0750060826539993,True
1f3dbd7bf.jpg,0.8592143654823303,False
1f3dbd7bf.jpg,0.7034320831298828,False
1f6553c8d.jpg,0.6722384095191956,False
1f71a4c21.jpg,0.2031065970659256,True
1f71a4c21.jpg,0.1411654651165008,True
1f71a4c21.jpg,0.0711947754025459,True
1f71a4c21.jpg,0.0671767815947532,True
1f7515895.jpg,0.550152599811554,False
1f7515895.jpg,0.1646502017974853,False
1f7515895.jpg,0.0554395802319049,True
1f88c0e49.jpg,0.7921119332313538,False
1fa5c23ba.jpg,0.8201662302017212,False
1fb0a6803.jpg,0.7584403157234192,False
1fb0a6803.jpg,0.5339229106903076,False
1fb0a6803.jpg,0.394391804933548,False
1fb0a6803.jpg,0.3378012478351593,False
1fb0a6803.jpg,0.1766835302114486,False
1fb0a6803.jpg,0.1307249963283538,True
1fb0a6803.jpg,0.0561055950820446,True
1fb6143f8.jpg,0.363942414522171,False
1fb6143f8.jpg,0.2064518630504608,False
1fb6143f8.jpg,0.1341690421104431,False
1fb6143f8.jpg,0.1116103008389473,True
1fd7821ce.jpg,0.9224234223365784,False
1fd7821ce.jpg,0.693821132183075,False
1fd7821ce.jpg,0.6588245034217834,False
1fd7821ce.jpg,0.5981966853141785,False
1fd7821ce.jpg,0.4832780063152313,False
1fd7821ce.jpg,0.4319632053375244,False
1fd7821ce.jpg,0.309491366147995,False
1fd7821ce.jpg,0.2932192683219909,False
1fd7821ce.jpg,0.2743527889251709,False
1fd7821ce.jpg,0.2692783176898956,False
1fd7821ce.jpg,0.2346650213003158,False
1fd7821ce.jpg,0.2039537578821182,False
1fd7821ce.jpg,0.11888138204813,False
1fd7821ce.jpg,0.1022265627980232,False
1fd7821ce.jpg,0.0994714125990867,False
1fd7821ce.jpg,0.0602340772747993,False
1fd7821ce.jpg,0.0515606813132762,False
1fedfea51.jpg,0.9115434288978576,False
1ffa69995.jpg,0.8963174223899841,False
1ffa69995.jpg,0.8079575300216675,False
1ffa69995.jpg,0.7747578024864197,False
1ffa69995.jpg,0.7165803909301758,False
1ffbd91fb.jpg,0.8402830362319946,False
1ffbd91fb.jpg,0.6163740754127502,False
1ffbd91fb.jpg,0.54731285572052,False
1ffbd91fb.jpg,0.2060016244649887,False
1ffbd91fb.jpg,0.0808510556817054,False
2004656f6.jpg,0.2608122229576111,True
2004656f6.jpg,0.2528233826160431,False
2004656f6.jpg,0.0791640803217887,True
2004656f6.jpg,0.0646844953298568,True
2004656f6.jpg,0.0520125441253185,True
200ec548f.jpg,0.5670492649078369,False
200ec548f.jpg,0.167446032166481,True
20131eb6a.jpg,0.2633408606052398,False
20131eb6a.jpg,0.2384417504072189,False
20131eb6a.jpg,0.1833649575710296,False
2024cdb52.jpg,0.1923510581254959,False
2027e5d0d.jpg,0.8772187829017639,False
203abde9d.jpg,0.7772793769836426,False
203abde9d.jpg,0.4272744357585907,False
203abde9d.jpg,0.4095149040222168,False
203abde9d.jpg,0.2402128130197525,False
203abde9d.jpg,0.2207012921571731,False
203ae5c9e.jpg,0.3202050626277923,False
203ae5c9e.jpg,0.2670841515064239,False
203ae5c9e.jpg,0.1872439682483673,False
20443c097.jpg,0.778113603591919,False
205658f77.jpg,0.312222421169281,True
205658f77.jpg,0.1780776679515838,False
205658f77.jpg,0.1407667994499206,False
205658f77.jpg,0.1301026791334152,False
205658f77.jpg,0.1229984611272811,False
205658f77.jpg,0.0924696996808052,False
205658f77.jpg,0.0595343373715877,True
205658f77.jpg,0.055470023304224,True
2070ea3ca.jpg,0.8677998185157776,False
2070ea3ca.jpg,0.8280596733093262,False
2070ea3ca.jpg,0.4995616972446441,False
2070ea3ca.jpg,0.2966831028461456,True
2070ea3ca.jpg,0.2539854049682617,False
2070ea3ca.jpg,0.245965838432312,False
2070ea3ca.jpg,0.2136211544275283,False
2070ea3ca.jpg,0.1395887583494186,False
2070ea3ca.jpg,0.1275265216827392,True
2070ea3ca.jpg,0.1137936785817146,True
2070ea3ca.jpg,0.0600212961435318,True
2078f13e6.jpg,0.7660009264945984,False
2078f13e6.jpg,0.6020686626434326,False
2078f13e6.jpg,0.3588476777076721,False
2078f13e6.jpg,0.3224413990974426,False
2078f13e6.jpg,0.1942830830812454,True
2078f13e6.jpg,0.1399495303630828,True
2078f13e6.jpg,0.0729590430855751,True
209631ac6.jpg,0.8158065676689148,False
209631ac6.jpg,0.694632887840271,False
209631ac6.jpg,0.6735689640045166,False
209631ac6.jpg,0.5900853872299194,False
209631ac6.jpg,0.5696275234222412,False
209631ac6.jpg,0.4039720892906189,False
209631ac6.jpg,0.351962149143219,False
209631ac6.jpg,0.2957349717617035,False
209631ac6.jpg,0.2859464287757873,True
209631ac6.jpg,0.2572177052497864,False
209631ac6.jpg,0.2395737618207931,False
209631ac6.jpg,0.2360626757144928,True
209631ac6.jpg,0.2013993859291076,False
209631ac6.jpg,0.1582874059677124,False
209631ac6.jpg,0.1451571881771087,False
209631ac6.jpg,0.1376632452011108,False
209631ac6.jpg,0.1250935792922973,False
209631ac6.jpg,0.1145427152514457,False
209631ac6.jpg,0.0698282420635223,True
209631ac6.jpg,0.0573267973959445,False
209f69e03.jpg,0.8373212814331055,False
209f69e03.jpg,0.7859439849853516,False
209f69e03.jpg,0.7511905431747437,False
209f69e03.jpg,0.6553232669830322,False
209f69e03.jpg,0.248914822936058,False
209f69e03.jpg,0.080455906689167,False
209f69e03.jpg,0.050473865121603,False
20b4417aa.jpg,0.5089426040649414,False
20b4417aa.jpg,0.2030105888843536,True
20b4417aa.jpg,0.1640630215406417,True
20ba82685.jpg,0.9177212119102478,False
20d26c027.jpg,0.8823392391204834,False
20d26c027.jpg,0.7809285521507263,False
20d26c027.jpg,0.7478972673416138,False
20d26c027.jpg,0.7386479377746582,False
20d26c027.jpg,0.7056012153625488,False
20d26c027.jpg,0.1417409032583236,False
20d26c027.jpg,0.1194526627659797,False
20d26c027.jpg,0.0928234457969665,False
20d26c027.jpg,0.0541863106191158,False
20d356fc4.jpg,0.4783117771148681,False
20d79dd2f.jpg,0.8776544332504272,False
20d79dd2f.jpg,0.8268803954124451,False
20d79dd2f.jpg,0.0943929255008697,True
20dbbb702.jpg,0.3173651099205017,False
20dbbb702.jpg,0.1969913393259048,False
20dbbb702.jpg,0.1621884703636169,False
20dbbb702.jpg,0.0754115879535675,True
20f6211e2.jpg,0.8210008144378662,False
20f6211e2.jpg,0.4154900312423706,False
20f6211e2.jpg,0.3326652348041534,False
20f6211e2.jpg,0.1305908262729644,False
20fa80660.jpg,0.8793022036552429,False
2103fe959.jpg,0.1934880167245865,True
2103fe959.jpg,0.1657353341579437,True
2103fe959.jpg,0.1394992619752884,True
2103fe959.jpg,0.1385165154933929,True
2103fe959.jpg,0.133852332830429,True
2103fe959.jpg,0.1126996204257011,True
2103fe959.jpg,0.1121111214160919,True
2103fe959.jpg,0.0901450365781784,True
2103fe959.jpg,0.0682993903756141,True
2103fe959.jpg,0.055126991122961,True
210a4223e.jpg,0.7457994222640991,False
21125597b.jpg,0.5307486057281494,False
21125597b.jpg,0.2228314131498336,False
21133ac70.jpg,0.7472804188728333,False
21133ac70.jpg,0.7320979237556458,False
21133ac70.jpg,0.7244002819061279,False
21133ac70.jpg,0.6506310105323792,False
21133ac70.jpg,0.6464957594871521,True
21133ac70.jpg,0.6423845291137695,False
21133ac70.jpg,0.6379638910293579,False
21133ac70.jpg,0.5516645312309265,False
21133ac70.jpg,0.218087762594223,False
21133ac70.jpg,0.206410214304924,False
21133ac70.jpg,0.0626161992549896,False
21133ac70.jpg,0.062382411211729,False
21133ac70.jpg,0.0596789121627807,True
21133ac70.jpg,0.0589979775249958,False
213d473fa.jpg,0.1415743380784988,True
213d473fa.jpg,0.1195715367794036,False
213d473fa.jpg,0.0998453944921493,False
213d473fa.jpg,0.0815214663743972,True
213d473fa.jpg,0.0717260092496872,False
213d473fa.jpg,0.0680015459656715,False
213ed55c2.jpg,0.8210415840148926,False
213ed55c2.jpg,0.6846043467521667,False
213ed55c2.jpg,0.6016031503677368,False
213f9167f.jpg,0.625727117061615,False
213f9167f.jpg,0.5030969977378845,False
213f9167f.jpg,0.3121221959590912,False
213f9167f.jpg,0.1870444864034652,True
213f9167f.jpg,0.1538165956735611,False
213f9167f.jpg,0.1225795075297355,True
213f9167f.jpg,0.1149260029196739,False
213f9167f.jpg,0.068229429423809,True
213f9167f.jpg,0.0663109868764877,False
213f9167f.jpg,0.0641711354255676,False
2140931ae.jpg,0.3659362494945526,True
2140931ae.jpg,0.2053709030151367,True
2140931ae.jpg,0.1189751550555229,True
2140931ae.jpg,0.0703327432274818,True
2140931ae.jpg,0.0510721057653427,False
21436b065.jpg,0.6472668647766113,False
21436b065.jpg,0.5052197575569153,True
214d4bf28.jpg,0.6201613545417786,False
2152f7486.jpg,0.3237023651599884,True
2152f7486.jpg,0.322910875082016,False
2152f7486.jpg,0.2323648184537887,False
2152f7486.jpg,0.1527330577373504,False
2152f7486.jpg,0.0937445014715194,False
2152f7486.jpg,0.0587502047419548,False
215858266.jpg,0.7354140281677246,False
215858266.jpg,0.4486326575279236,False
218da0bdb.jpg,0.6464372277259827,True
218da0bdb.jpg,0.5591294765472412,False
218da0bdb.jpg,0.5350184440612793,False
218da0bdb.jpg,0.4112380743026733,True
218da0bdb.jpg,0.2984380722045898,True
218da0bdb.jpg,0.2580229640007019,False
218da0bdb.jpg,0.1671135127544403,True
218da0bdb.jpg,0.1591800600290298,False
218da0bdb.jpg,0.1234213709831237,True
218da0bdb.jpg,0.0867276489734649,True
218da0bdb.jpg,0.0627122521400451,True
218da0bdb.jpg,0.0618857555091381,True
218da0bdb.jpg,0.0534302368760108,True
218da0bdb.jpg,0.0523875802755355,True
21ad21ac2.jpg,0.9054681062698364,False
21ad21ac2.jpg,0.8486959934234619,False
21ad21ac2.jpg,0.7868680357933044,False
21ad21ac2.jpg,0.1105657443404197,True
21afbfaa5.jpg,0.6858025789260864,False
21afbfaa5.jpg,0.1643600165843963,False
21b5d9a4d.jpg,0.8467152714729309,False
21b5d9a4d.jpg,0.8247444033622742,False
21b5d9a4d.jpg,0.6865589022636414,False
21b5d9a4d.jpg,0.6448889970779419,False
21b5d9a4d.jpg,0.642837643623352,False
21b5d9a4d.jpg,0.4141989052295685,False
21b77f1b1.jpg,0.8245032429695129,False
21b93fa24.jpg,0.2575087249279022,False
21b93fa24.jpg,0.2281205654144287,False
21b93fa24.jpg,0.2196811288595199,False
21b93fa24.jpg,0.0526768378913402,False
21c7d7861.jpg,0.2275199592113495,True
21c7d7861.jpg,0.0533112995326519,True
21d7ea9bf.jpg,0.8113464713096619,False
21d7ea9bf.jpg,0.5749108195304871,False
21d7ea9bf.jpg,0.5278199911117554,False
21d7ea9bf.jpg,0.3195728659629822,False
21d7ea9bf.jpg,0.234705775976181,False
21da572f9.jpg,0.4223279058933258,True
21da572f9.jpg,0.2993409633636474,True
21da572f9.jpg,0.0993126258254051,True
21eb38456.jpg,0.6705600023269653,True
21eb38456.jpg,0.4538983404636383,True
21eb38456.jpg,0.273819625377655,True
21eb38456.jpg,0.2372747063636779,False
21eb38456.jpg,0.2143685817718505,True
21eb38456.jpg,0.2115582078695297,False
21eb38456.jpg,0.1956533640623092,False
21eb38456.jpg,0.193045511841774,False
21eb38456.jpg,0.1356420218944549,False
21eb38456.jpg,0.1169749423861503,False
21eb38456.jpg,0.1063691675662994,True
21eb38456.jpg,0.0722021833062172,False
21eb38456.jpg,0.0552769564092159,True
21f54d20d.jpg,0.890426754951477,False
21f54d20d.jpg,0.8745546340942383,False
21f54d20d.jpg,0.1232531294226646,True
21f54d20d.jpg,0.0838260501623153,True
21f54d20d.jpg,0.0754939168691635,True
21fbda3ac.jpg,0.815831184387207,False
21fbda3ac.jpg,0.7706394791603088,False
21fbda3ac.jpg,0.7312999963760376,False
21fbda3ac.jpg,0.3299782872200012,True
21fbda3ac.jpg,0.3277105391025543,False
21fbda3ac.jpg,0.1670418530702591,True
21fbda3ac.jpg,0.0933530554175376,False
21fbda3ac.jpg,0.0822890475392341,False
22086d8ba.jpg,0.5941010117530823,False
22086d8ba.jpg,0.4679039418697357,False
22086d8ba.jpg,0.4288979768753052,False
22086d8ba.jpg,0.419268935918808,False
22086d8ba.jpg,0.3238179385662079,False
22086d8ba.jpg,0.3066319525241852,False
22086d8ba.jpg,0.2910949885845184,False
22086d8ba.jpg,0.2830086350440979,False
22086d8ba.jpg,0.2694023847579956,False
22086d8ba.jpg,0.2321236282587051,False
22086d8ba.jpg,0.2141881734132766,False
22086d8ba.jpg,0.2109402418136596,False
22086d8ba.jpg,0.184835746884346,False
22086d8ba.jpg,0.182866021990776,False
22086d8ba.jpg,0.1739490181207656,False
22086d8ba.jpg,0.1730122566223144,False
22086d8ba.jpg,0.1480920612812042,False
22086d8ba.jpg,0.1351931095123291,False
22086d8ba.jpg,0.1141490489244461,False
22086d8ba.jpg,0.0639752522110939,False
22086d8ba.jpg,0.0615505911409854,False
22086d8ba.jpg,0.0609412305057048,True
22086d8ba.jpg,0.0584159307181835,False
22086d8ba.jpg,0.0543231554329395,False
22086d8ba.jpg,0.053970031440258,False
22086d8ba.jpg,0.0504291802644729,False
222ec40d0.jpg,0.6516371369361877,False
224813566.jpg,0.7662478089332581,False
224add326.jpg,0.8068417906761169,False
224add326.jpg,0.4130417108535766,False
224add326.jpg,0.079414926469326,False
224add326.jpg,0.0575128197669982,False
225509155.jpg,0.8479347825050354,False
22555f286.jpg,0.8549162745475769,False
227cd50b3.jpg,0.366605669260025,False
227cd50b3.jpg,0.2870059311389923,True
228b43b7c.jpg,0.1311847567558288,True
228b43b7c.jpg,0.0709916427731514,True
228b43b7c.jpg,0.0527595169842243,True
229e2c773.jpg,0.2833574712276459,False
229e2c773.jpg,0.0914730429649353,False
2317cf6dd.jpg,0.7886438965797424,False
2317cf6dd.jpg,0.5275530219078064,False
2317cf6dd.jpg,0.1355638206005096,False
2320d17dc.jpg,0.0569757632911205,True
2355209cd.jpg,0.5826429128646851,False
2355209cd.jpg,0.5228498578071594,False
2355209cd.jpg,0.5223177075386047,False
2355209cd.jpg,0.4777950644493103,False
2355209cd.jpg,0.4724700152873993,False
2355209cd.jpg,0.1512979865074157,False
2355209cd.jpg,0.1406034976243972,False
2355209cd.jpg,0.1167053654789924,False
2355209cd.jpg,0.0798727646470069,False
235653b93.jpg,0.7948503494262695,False
235653b93.jpg,0.6236741542816162,False
235c208e4.jpg,0.2238702028989792,False
235c208e4.jpg,0.1769846975803375,False
235c208e4.jpg,0.1416066139936447,True
235c208e4.jpg,0.1278298795223236,True
235c208e4.jpg,0.0945137217640876,False
235c208e4.jpg,0.069376453757286,True
235c55969.jpg,0.9063203930854796,False
235c55969.jpg,0.7178171873092651,False
235c55969.jpg,0.2637662291526794,False
236dff385.jpg,0.6750257015228271,False
23753972e.jpg,0.8211231231689453,False
23753972e.jpg,0.3265991806983948,False
23753972e.jpg,0.2925497889518738,True
23753972e.jpg,0.208753615617752,False
23753972e.jpg,0.0750802531838417,True
23775dd8f.jpg,0.4914752542972564,False
237ae75c3.jpg,0.6811506152153015,False
237ae75c3.jpg,0.12029280513525,True
237ae75c3.jpg,0.0589110292494297,True
23889b713.jpg,0.8254007697105408,False
23889b713.jpg,0.3033785820007324,True
23ad7ad79.jpg,0.8690229058265686,False
23ade71e0.jpg,0.3737914264202118,False
23ade71e0.jpg,0.2891983687877655,False
23ade71e0.jpg,0.2799621820449829,False
23ce668dc.jpg,0.2970861494541168,False
23ce668dc.jpg,0.1101885885000228,False
23ce668dc.jpg,0.1085104048252105,False
23ce668dc.jpg,0.0988275781273841,True
23ce668dc.jpg,0.0854687616229057,False
23ce668dc.jpg,0.0837349146604538,False
23ce668dc.jpg,0.0787360295653343,True
23ce668dc.jpg,0.0723325982689857,True
23e0646d2.jpg,0.896371066570282,False
23eed698b.jpg,0.201028823852539,False
23eed698b.jpg,0.0571646504104137,True
2400bea19.jpg,0.8224338293075562,False
2400bea19.jpg,0.5426469445228577,False
2400bea19.jpg,0.1389487385749817,True
2400bea19.jpg,0.1007155105471611,True
2400bea19.jpg,0.0807356759905815,True
240edb900.jpg,0.8205086588859558,False
241315833.jpg,0.4549658596515655,False
2428bf494.jpg,0.3392039239406585,False
2428bf494.jpg,0.2745227515697479,False
2428bf494.jpg,0.1420500129461288,False
2428bf494.jpg,0.0857887491583824,True
2428f2d1e.jpg,0.8243345618247986,False
242d52852.jpg,0.7794137001037598,False
242d52852.jpg,0.7529805898666382,False
24628eee8.jpg,0.6021584272384644,False
24628eee8.jpg,0.501675009727478,False
24628eee8.jpg,0.4939605593681335,False
24628eee8.jpg,0.3822183012962341,False
24628eee8.jpg,0.331052154302597,False
24628eee8.jpg,0.324208527803421,False
24628eee8.jpg,0.2712041735649109,False
24628eee8.jpg,0.1945285499095916,False
24628eee8.jpg,0.1717443764209747,True
24628eee8.jpg,0.149102970957756,True
24628eee8.jpg,0.1469505429267883,True
24628eee8.jpg,0.1342148035764694,True
24628eee8.jpg,0.1109029501676559,True
24628eee8.jpg,0.070242166519165,False
24628eee8.jpg,0.0628988146781921,True
24628eee8.jpg,0.057453341782093,True
24628eee8.jpg,0.0573771670460701,False
24628eee8.jpg,0.0535908862948417,True
24628eee8.jpg,0.0511531420052051,True
24760ac60.jpg,0.9359670281410216,False
24760ac60.jpg,0.8939449787139893,False
247750a87.jpg,0.7007072567939758,False
247750a87.jpg,0.0838527902960777,True
249d4d960.jpg,0.9062709808349608,False
249d4d960.jpg,0.8994874358177185,False
249d4d960.jpg,0.8608134984970093,False
249d4d960.jpg,0.8364039659500122,False
249d4d960.jpg,0.8250529766082764,False
249d4d960.jpg,0.8198462724685669,False
249d4d960.jpg,0.7949694395065308,False
249d4d960.jpg,0.7788764238357544,False
249d4d960.jpg,0.1143585294485092,True
24a80e743.jpg,0.849267303943634,False
24b25ff32.jpg,0.374339759349823,False
24b25ff32.jpg,0.2270616888999939,False
24b25ff32.jpg,0.1507522016763687,False
24b25ff32.jpg,0.0817421749234199,False
24b25ff32.jpg,0.0505545996129512,True
25010755f.jpg,0.7644174098968506,False
25112a9ec.jpg,0.8531606197357178,False
25112a9ec.jpg,0.2196146845817566,False
25112a9ec.jpg,0.179751768708229,True
25112a9ec.jpg,0.1041833236813545,True
25112a9ec.jpg,0.0908540934324264,False
25112a9ec.jpg,0.0549652501940727,False
25127d0f6.jpg,0.8831213116645813,False
25127d0f6.jpg,0.8824747204780579,False
25127d0f6.jpg,0.8813576698303223,False
25127d0f6.jpg,0.8584221005439758,False
25127d0f6.jpg,0.828110933303833,False
25127d0f6.jpg,0.7898995280265808,False
25127d0f6.jpg,0.7538646459579468,False
25127d0f6.jpg,0.5590394139289856,False
25127d0f6.jpg,0.3743999302387237,False
25194e577.jpg,0.9226670861244202,False
252fb3868.jpg,0.6556441783905029,False
252fb3868.jpg,0.17295503616333,False
252fb3868.jpg,0.1095105484127998,True
252fb3868.jpg,0.1062084510922432,True
252fb3868.jpg,0.1036593616008758,False
252fb3868.jpg,0.0903389304876327,True
252fb3868.jpg,0.0752113163471221,True
25333a301.jpg,0.4186964333057403,False
25333a301.jpg,0.4050742983818054,False
25333a301.jpg,0.3664956092834472,False
25333a301.jpg,0.185937613248825,False
25333a301.jpg,0.0856209471821785,False
25333a301.jpg,0.0781672745943069,False
253f51944.jpg,0.819084644317627,False
2543b6098.jpg,0.8175408840179443,False
25584dc84.jpg,0.7860145568847656,False
25584dc84.jpg,0.4182508587837219,False
25584dc84.jpg,0.1733315885066986,True
25584dc84.jpg,0.1472356617450714,False
25646f16e.jpg,0.8680061101913452,False
2565c26d9.jpg,0.092596024274826,False
2565c26d9.jpg,0.0715534165501594,False
2587025dc.jpg,0.8907834887504578,False
2587025dc.jpg,0.0573786608874797,True
259021213.jpg,0.4147752225399017,False
259021213.jpg,0.3021201491355896,False
259021213.jpg,0.1167226657271385,False
259c985dd.jpg,0.8466104865074158,False
25ec1c12b.jpg,0.5383872985839844,True
25ec1c12b.jpg,0.3776701986789703,False
25ec1c12b.jpg,0.3670059442520141,False
25ec1c12b.jpg,0.2875769734382629,True
25ec1c12b.jpg,0.1927621513605117,False
25ec1c12b.jpg,0.0883932784199714,True
26097bc5c.jpg,0.8819757699966431,False
262429314.jpg,0.8294278979301453,False
2627d789a.jpg,0.8717241287231445,False
2627d789a.jpg,0.064630888402462,True
2658f9202.jpg,0.7922901511192322,False
2659080c5.jpg,0.9147350788116456,False
2659080c5.jpg,0.8755064606666565,False
2659080c5.jpg,0.8645065426826477,False
2659080c5.jpg,0.8626097440719604,False
2659080c5.jpg,0.8579598665237427,False
2659080c5.jpg,0.8318618535995483,False
2659080c5.jpg,0.7442898154258728,False
2659080c5.jpg,0.6357808113098145,False
2659080c5.jpg,0.5252513289451599,False
2659080c5.jpg,0.5236074328422546,False
2659080c5.jpg,0.4929267168045044,False
2659080c5.jpg,0.4072243869304657,False
2659080c5.jpg,0.3465491831302643,False
2659080c5.jpg,0.2879146337509155,False
2659080c5.jpg,0.2216931730508804,False
2659080c5.jpg,0.2180508524179458,False
2659080c5.jpg,0.1635537594556808,False
2659080c5.jpg,0.1339849531650543,False
2659080c5.jpg,0.0803144872188568,False
2659080c5.jpg,0.0741059631109237,False
2670216ac.jpg,0.8152501583099365,False
267c0a26e.jpg,0.2297945618629455,False
267c0a26e.jpg,0.1455024182796478,True
267c0a26e.jpg,0.1180656775832176,False
26959c163.jpg,0.7923445701599121,False
26959c163.jpg,0.3342016339302063,False
26ac0de33.jpg,0.8341964483261108,False
26affe090.jpg,0.847221851348877,False
26c05da1d.jpg,0.7869736552238464,False
26c05da1d.jpg,0.4852524697780609,False
26c05da1d.jpg,0.1623053252696991,False
26c05da1d.jpg,0.0617142394185066,False
26fa39178.jpg,0.6172968149185181,False
26fa39178.jpg,0.0633062571287155,True
26fb78845.jpg,0.8876230716705322,False
26fb78845.jpg,0.869617223739624,False
271581fae.jpg,0.2704021334648132,True
271581fae.jpg,0.2651132345199585,True
271581fae.jpg,0.1793007850646972,True
271581fae.jpg,0.1611988544464111,True
271581fae.jpg,0.0535581484436988,True
27284d1f9.jpg,0.7563151717185974,False
27284d1f9.jpg,0.3448169529438019,False
27284d1f9.jpg,0.2953005731105804,False
27284d1f9.jpg,0.2492803186178207,False
27284d1f9.jpg,0.2428120374679565,True
27284d1f9.jpg,0.0829312056303024,False
27284d1f9.jpg,0.0714384540915489,False
27284d1f9.jpg,0.0556945502758026,False
274288a4a.jpg,0.8918910622596741,False
2750a60d1.jpg,0.8260287642478943,False
27614fff3.jpg,0.5523175001144409,False
276f787c6.jpg,0.9401076436042786,False
276f787c6.jpg,0.9131909012794496,False
276f787c6.jpg,0.8984828591346741,False
276f787c6.jpg,0.8930459022521973,False
27714ff59.jpg,0.8609582185745239,False
2778c6377.jpg,0.9650545120239258,False
2778c6377.jpg,0.9598839282989502,False
2778c6377.jpg,0.0737035647034645,True
2778c6377.jpg,0.0695202723145484,True
277c74f86.jpg,0.8888047933578491,False
279132cd2.jpg,0.3831731379032135,False
279132cd2.jpg,0.3618484437465668,False
279132cd2.jpg,0.1144829392433166,True
279132cd2.jpg,0.0687750130891799,True
279132cd2.jpg,0.0675867944955825,True
2793c8f64.jpg,0.7415375113487244,False
2793c8f64.jpg,0.2315685600042343,True
2793c8f64.jpg,0.0629225969314575,True
2793f45b4.jpg,0.3200392425060272,False
2793f45b4.jpg,0.1891664862632751,False
2793f45b4.jpg,0.1626240313053131,False
2793f45b4.jpg,0.1070130541920661,False
2793f45b4.jpg,0.0835016593337059,False
2796ad5b4.jpg,0.8338886499404907,False
2796ad5b4.jpg,0.3268507122993469,True
2796ad5b4.jpg,0.2603154480457306,True
2796ad5b4.jpg,0.2423579543828964,True
2796ad5b4.jpg,0.1473894864320755,True
27aa19327.jpg,0.7633216381072998,False
27befafef.jpg,0.3382780849933624,False
27befafef.jpg,0.1268157362937927,False
27befafef.jpg,0.053816732019186,False
27bfd9e9b.jpg,0.903495192527771,False
27d6b33c2.jpg,0.8611973524093628,False
27d6b33c2.jpg,0.716185450553894,False
27d6b33c2.jpg,0.6793683767318726,False
27d6b33c2.jpg,0.5968247056007385,False
27d6b33c2.jpg,0.5314385294914246,False
27d6b33c2.jpg,0.5017387866973877,False
27d6b33c2.jpg,0.4065714478492737,False
27d6b33c2.jpg,0.2414743602275848,True
27d6b33c2.jpg,0.233935996890068,True
27d6b33c2.jpg,0.2129280567169189,False
27d6b33c2.jpg,0.1576766371726989,True
27d6b33c2.jpg,0.1527354568243026,True
27d6b33c2.jpg,0.1449140012264251,True
27d6b33c2.jpg,0.0723944082856178,False
27d6b33c2.jpg,0.0703905373811721,True
27d6b33c2.jpg,0.0602983981370925,True
27d6b33c2.jpg,0.0578396655619144,True
27d6b33c2.jpg,0.0500887259840965,True
27f4a02be.jpg,0.7807546854019165,False
27f4a02be.jpg,0.496286928653717,True
27f4a02be.jpg,0.1255041062831878,True
27f4a02be.jpg,0.1172594279050827,True
27f4a02be.jpg,0.1039409413933754,True
27f4a02be.jpg,0.0965151488780975,True
27f4a02be.jpg,0.0814627930521965,True
27f4a02be.jpg,0.074327178299427,True
281235167.jpg,0.256529301404953,False
281235167.jpg,0.0552138648927211,False
281703513.jpg,0.8784210085868835,False
281769dda.jpg,0.8910213708877563,False
2822a6b62.jpg,0.2918514609336853,False
2822a6b62.jpg,0.1512877643108368,False
2822a6b62.jpg,0.0989371538162231,False
2822a6b62.jpg,0.0722792446613311,False
2822a6b62.jpg,0.0716490596532821,False
2822a6b62.jpg,0.0635223165154457,True
2822a6b62.jpg,0.0630484521389007,False
2822a6b62.jpg,0.0607387349009513,True
283984a02.jpg,0.8962725400924683,False
283984a02.jpg,0.0573324114084243,True
2858a342a.jpg,0.752602219581604,False
2858a342a.jpg,0.1519020795822143,False
2858a342a.jpg,0.0860938504338264,False
286d840a9.jpg,0.602466344833374,True
286d840a9.jpg,0.5941976308822632,True
286d840a9.jpg,0.5475363731384277,True
286d840a9.jpg,0.4505477547645569,True
286d840a9.jpg,0.4062190055847168,False
286d840a9.jpg,0.2687098383903503,True
286d840a9.jpg,0.2660427987575531,True
286d840a9.jpg,0.2632639110088348,True
286d840a9.jpg,0.2049860507249832,False
286d840a9.jpg,0.2043755650520324,True
286d840a9.jpg,0.1857187896966934,True
286d840a9.jpg,0.1460658311843872,True
286d840a9.jpg,0.1451615095138549,True
286d840a9.jpg,0.0787314623594284,True
286d840a9.jpg,0.076225496828556,True
286d840a9.jpg,0.0713801234960556,True
286d840a9.jpg,0.056746020913124,True
286d840a9.jpg,0.0563872419297695,True
286d840a9.jpg,0.0546901226043701,True
287acf1d7.jpg,0.7099816799163818,False
287acf1d7.jpg,0.4912198185920715,True
287acf1d7.jpg,0.1731995046138763,True
287acf1d7.jpg,0.1034590080380439,True
288ab3de3.jpg,0.830938458442688,False
28c5a3d25.jpg,0.1510759890079498,True
28cb15835.jpg,0.9345230460166932,False
28cbd698b.jpg,0.3240599036216736,True
28cbd698b.jpg,0.1111364066600799,False
28cbd698b.jpg,0.0735380351543426,False
28cd31c22.jpg,0.8324083685874939,False
28cd6b67a.jpg,0.8611201643943787,False
28d0879eb.jpg,0.4400723576545715,False
28d0879eb.jpg,0.0634675920009613,False
28d0e41f0.jpg,0.4488508701324463,False
28d73ba1c.jpg,0.4504456520080566,False
28d73ba1c.jpg,0.3415253162384033,True
28d73ba1c.jpg,0.1587303280830383,True
28d73ba1c.jpg,0.0812254771590232,True
28d73ba1c.jpg,0.0805624350905418,True
28d73ba1c.jpg,0.0736779421567916,False
28d73ba1c.jpg,0.0553701817989349,True
28eb167fe.jpg,0.759311854839325,False
28eb167fe.jpg,0.7435588240623474,False
28eb167fe.jpg,0.6227293610572815,False
28eb167fe.jpg,0.5334421992301941,False
28eb167fe.jpg,0.5229235887527466,False
28eb167fe.jpg,0.5046103000640869,False
28eb167fe.jpg,0.3216492235660553,False
28eb167fe.jpg,0.3014017939567566,False
28eb167fe.jpg,0.273706704378128,False
28eb167fe.jpg,0.1837660670280456,True
28eb167fe.jpg,0.1263722330331802,False
28eb167fe.jpg,0.1249610632658004,True
28eb167fe.jpg,0.1113931983709335,True
28eb167fe.jpg,0.0975278466939926,False
28eb167fe.jpg,0.0789906904101371,True
28eb167fe.jpg,0.0777175650000572,False
28eb167fe.jpg,0.0740231648087501,True
28eb167fe.jpg,0.0697338357567787,True
28eb167fe.jpg,0.0595071911811828,True
28eb167fe.jpg,0.0580763518810272,True
28eb167fe.jpg,0.0580217689275741,False
28eb167fe.jpg,0.0551238879561424,True
292521cea.jpg,0.4449140131473541,False
292521cea.jpg,0.1333248764276504,True
292521cea.jpg,0.132122054696083,True
292521cea.jpg,0.0810627192258834,True
292521cea.jpg,0.0744904279708862,True
292521cea.jpg,0.0683757215738296,False
292521cea.jpg,0.0510247088968753,True
292870b3f.jpg,0.4048159718513489,False
292870b3f.jpg,0.2595148980617523,False
292870b3f.jpg,0.231590911746025,False
292870b3f.jpg,0.1248963177204132,False
292870b3f.jpg,0.1111658364534378,False
292870b3f.jpg,0.0808271020650863,False
292a2f22b.jpg,0.8798821568489075,False
292a2f22b.jpg,0.8063598871231079,False
292a2f22b.jpg,0.6468903422355652,False
292a2f22b.jpg,0.6273173689842224,False
292a2f22b.jpg,0.5967960953712463,False
292a2f22b.jpg,0.5109527707099915,False
292a2f22b.jpg,0.4737581312656402,False
292a2f22b.jpg,0.390376329421997,False
292a2f22b.jpg,0.3722590506076813,True
292a2f22b.jpg,0.1176429912447929,False
292a2f22b.jpg,0.1007966920733451,False
292a2f22b.jpg,0.0868292227387428,True
292a2f22b.jpg,0.0647114142775535,False
292a2f22b.jpg,0.0644326657056808,True
292a2f22b.jpg,0.0596170462667942,False
292a2f22b.jpg,0.05433851480484,True
292a2f22b.jpg,0.0541859455406665,True
2942e10c4.jpg,0.3673996925354004,False
2942e10c4.jpg,0.1186785623431205,False
2942e10c4.jpg,0.0565028712153434,False
294cd1974.jpg,0.853005588054657,False
294cd1974.jpg,0.8513251543045044,False
294cd1974.jpg,0.5899280309677124,False
294cd1974.jpg,0.0988165289163589,True
294cd1974.jpg,0.0715731978416442,False
294cd1974.jpg,0.0663658082485199,True
2959ab9c2.jpg,0.8417295813560486,False
295e54f3f.jpg,0.4474928677082062,False
295e54f3f.jpg,0.3687948882579803,False
295e54f3f.jpg,0.2466669380664825,False
296aed836.jpg,0.7647522687911987,False
296aed836.jpg,0.6536435484886169,False
296aed836.jpg,0.0817523673176765,True
296e91d16.jpg,0.1146934852004051,False
29794b4a5.jpg,0.5018455982208252,False
29794b4a5.jpg,0.3767094314098358,False
29794b4a5.jpg,0.359202116727829,False
29794b4a5.jpg,0.2805220186710357,False
29794b4a5.jpg,0.2203071266412735,False
29794b4a5.jpg,0.1584726274013519,False
29794b4a5.jpg,0.1446869522333145,True
29794b4a5.jpg,0.1065760850906372,False
29794b4a5.jpg,0.1060096845030784,True
298554c67.jpg,0.6213972568511963,True
298554c67.jpg,0.6039074063301086,False
298554c67.jpg,0.5771490931510925,True
298554c67.jpg,0.3961244821548462,True
298554c67.jpg,0.3706070482730865,True
298554c67.jpg,0.3409662246704101,True
298554c67.jpg,0.3130261898040771,True
298554c67.jpg,0.308974027633667,False
298554c67.jpg,0.3028758466243744,False
298554c67.jpg,0.2626420259475708,True
298554c67.jpg,0.2482809871435165,True
298554c67.jpg,0.1732192784547805,True
298554c67.jpg,0.1570993512868881,True
298554c67.jpg,0.1195946335792541,True
298554c67.jpg,0.0886121988296508,True
298554c67.jpg,0.0748699232935905,True
298554c67.jpg,0.0743015259504318,True
298554c67.jpg,0.072878859937191,True
298554c67.jpg,0.0686353594064712,True
29aa209e4.jpg,0.7845550179481506,False
29aa209e4.jpg,0.7493069171905518,False
29aa209e4.jpg,0.7230204343795776,False
29aa209e4.jpg,0.6753963232040405,False
29aa209e4.jpg,0.6679190397262573,False
29aa209e4.jpg,0.6648521423339844,False
29aa209e4.jpg,0.5878855586051941,False
29aa209e4.jpg,0.5202542543411255,False
29aa209e4.jpg,0.299757182598114,False
29aa209e4.jpg,0.1943632662296295,False
29aa209e4.jpg,0.1241697445511818,False
29aa209e4.jpg,0.0925388410687446,False
29aa209e4.jpg,0.0891184285283088,False
29aa209e4.jpg,0.0890163332223892,False
29aa209e4.jpg,0.0785308927297592,True
29aa209e4.jpg,0.0758217498660087,True
29aa209e4.jpg,0.0743448883295059,True
29aa209e4.jpg,0.066114492714405,True
29c203ca6.jpg,0.8218483924865723,False
29c203ca6.jpg,0.7550155520439148,False
29ca9fba4.jpg,0.3829593360424042,False
29ca9fba4.jpg,0.1006034538149833,False
29cd1ce18.jpg,0.8330715894699097,False
29cd1ce18.jpg,0.1138861551880836,True
29cd1ce18.jpg,0.0504383854568004,False
29ecb4a7c.jpg,0.6070864200592041,True
29ecb4a7c.jpg,0.4315789937973022,True
29ecb4a7c.jpg,0.4113195836544037,True
29ecb4a7c.jpg,0.1969281286001205,True
29ecb4a7c.jpg,0.1891150623559951,True
29ecb4a7c.jpg,0.0685874298214912,True
29fcfd98e.jpg,0.3213681578636169,False
29fcfd98e.jpg,0.2777384519577026,False
29fcfd98e.jpg,0.2005723714828491,True
29fdae2dd.jpg,0.3371809422969818,False
29fdae2dd.jpg,0.208209827542305,False
29fdae2dd.jpg,0.1250959634780883,False
29fdae2dd.jpg,0.0918436869978904,False
2a0f1a5cd.jpg,0.872649610042572,False
2a1aff1cf.jpg,0.4969789385795593,False
2a1aff1cf.jpg,0.1568057686090469,False
2a3673f99.jpg,0.8344631791114807,False
2a4bca9a7.jpg,0.9188137650489808,False
2a4bca9a7.jpg,0.8407611846923828,False
2a4bca9a7.jpg,0.6734379529953003,False
2a668a742.jpg,0.8676581382751465,False
2a668a742.jpg,0.192233070731163,False
2a668a742.jpg,0.1439708769321441,False
2a668a742.jpg,0.1061785891652107,False
2a7bf5bfa.jpg,0.3760086894035339,True
2a7bf5bfa.jpg,0.3549556136131286,True
2a7bf5bfa.jpg,0.1987248212099075,True
2a7bf5bfa.jpg,0.1981546282768249,True
2a7bf5bfa.jpg,0.0659639686346054,True
2a8942c29.jpg,0.9220194816589355,False
2a8942c29.jpg,0.8911036252975464,False
2ac35b494.jpg,0.8069853782653809,False
2ac81c05d.jpg,0.8947300910949707,False
2ac81c05d.jpg,0.8664767146110535,False
2ac81c05d.jpg,0.7503487467765808,False
2aea51424.jpg,0.856900691986084,False
2aea51424.jpg,0.8510058522224426,False
2aea51424.jpg,0.8412403464317322,False
2aea51424.jpg,0.8017619848251343,False
2aea51424.jpg,0.7893136739730835,False
2aea51424.jpg,0.0570702813565731,True
2aea51424.jpg,0.0550858713686466,True
2aea51424.jpg,0.0528955571353435,True
2b0054d79.jpg,0.4499539732933044,False
2b0054d79.jpg,0.3454183042049408,True
2b0054d79.jpg,0.2652839124202728,False
2b0054d79.jpg,0.1705394238233566,False
2b0054d79.jpg,0.1412686854600906,False
2b0054d79.jpg,0.0903213024139404,True
2b0054d79.jpg,0.0793890580534935,False
2b0054d79.jpg,0.0758892074227333,False
2b0054d79.jpg,0.0668282061815261,True
2b1e12567.jpg,0.8127058148384094,False
2b2a75acc.jpg,0.7748621702194214,False
2b2a75acc.jpg,0.2997899055480957,False
2b2a75acc.jpg,0.1656047105789184,False
2b2a75acc.jpg,0.1623357385396957,True
2b2a75acc.jpg,0.1586936563253402,True
2b2a75acc.jpg,0.1439483612775802,False
2b2a75acc.jpg,0.0956879332661628,True
2b2a75acc.jpg,0.0936853364109993,True
2b2a75acc.jpg,0.0759675651788711,False
2b40dac8f.jpg,0.8250417709350586,False
2b40dac8f.jpg,0.7928651571273804,False
2b5db6f9f.jpg,0.8762199878692627,False
2b722474e.jpg,0.8369372487068176,False
2b7349ec0.jpg,0.3162834644317627,False
2b7349ec0.jpg,0.1705930531024933,False
2b7349ec0.jpg,0.0575504638254642,True
2b788b466.jpg,0.4029192626476288,False
2b788b466.jpg,0.2920570969581604,False
2b81cf769.jpg,0.3747149109840393,False
2b81cf769.jpg,0.064767487347126,False
2ba373b72.jpg,0.4624370336532593,False
2ba373b72.jpg,0.1148916631937027,False
2ba46f8ff.jpg,0.429756760597229,False
2ba46f8ff.jpg,0.373955637216568,False
2ba46f8ff.jpg,0.284862071275711,False
2bb4838e1.jpg,0.3974240124225616,False
2bb4838e1.jpg,0.2255328595638275,False
2bb4838e1.jpg,0.0569812171161174,False
2bc159c55.jpg,0.8109688758850098,False
2bc159c55.jpg,0.1051982343196868,True
2bc159c55.jpg,0.0730121806263923,True
2bc159c55.jpg,0.0626544281840324,True
2bc159c55.jpg,0.0567771717905998,True
2bcb022a0.jpg,0.8303805589675903,False
2bcb022a0.jpg,0.734785258769989,False
2bcb022a0.jpg,0.6465214490890503,False
2bcb022a0.jpg,0.6306569576263428,False
2bcb022a0.jpg,0.6143989562988281,False
2bcb022a0.jpg,0.4915889203548431,False
2bcb022a0.jpg,0.4605911374092102,False
2bcb022a0.jpg,0.4224681258201599,False
2bcb022a0.jpg,0.3973683416843414,False
2bcb022a0.jpg,0.3509444892406463,True
2bcb022a0.jpg,0.3342661261558532,False
2bcb022a0.jpg,0.2774576842784881,False
2bcb022a0.jpg,0.2612447738647461,False
2bcb022a0.jpg,0.2391674220561981,True
2bcb022a0.jpg,0.2320921868085861,False
2bcb022a0.jpg,0.2308568656444549,False
2bcb022a0.jpg,0.2165296077728271,False
2bcb022a0.jpg,0.178703099489212,False
2bcb022a0.jpg,0.1706232130527496,False
2bcb022a0.jpg,0.1369588077068328,False
2bcb022a0.jpg,0.1237158253788948,False
2bcb022a0.jpg,0.1172670871019363,False
2bcb022a0.jpg,0.0998842269182205,False
2bcb022a0.jpg,0.0950648561120033,False
2bcb022a0.jpg,0.0943728312849998,True
2bcb022a0.jpg,0.0900522768497467,False
2bcb022a0.jpg,0.0564701594412326,True
2bcb022a0.jpg,0.0542034208774566,True
2bd6788e9.jpg,0.3852538466453552,False
2bd6788e9.jpg,0.3156745731830597,False
2bd6788e9.jpg,0.2756549715995788,True
2bd6788e9.jpg,0.089819349348545,True
2bd6788e9.jpg,0.0522467456758022,False
2bfa0be83.jpg,0.6586025953292847,False
2c10b281c.jpg,0.4774593710899353,False
2c10b281c.jpg,0.1740187853574752,False
2c10b281c.jpg,0.092718094587326,False
2c1e9cdd3.jpg,0.8047212958335876,False
2c1e9cdd3.jpg,0.0951351374387741,False
2c68a25b5.jpg,0.8845964670181274,False
2c725cb0c.jpg,0.7522584795951843,False
2c725cb0c.jpg,0.5081371068954468,True
2c725cb0c.jpg,0.4196791052818298,True
2c725cb0c.jpg,0.3091117143630981,True
2c725cb0c.jpg,0.2574775218963623,True
2c725cb0c.jpg,0.2140393555164337,True
2c725cb0c.jpg,0.1961814314126968,True
2c725cb0c.jpg,0.1821912974119186,True
2c725cb0c.jpg,0.1456523090600967,True
2c725cb0c.jpg,0.0793964490294456,True
2c725cb0c.jpg,0.0762969180941581,True
2c725cb0c.jpg,0.070159688591957,True
2c725cb0c.jpg,0.0700020417571067,True
2c725cb0c.jpg,0.0686146095395088,True
2c725cb0c.jpg,0.0577523149549961,True
2c725cb0c.jpg,0.0531470291316509,True
2c786192a.jpg,0.8651604056358337,False
2c9f24c2a.jpg,0.8607971668243408,False
2c9f24c2a.jpg,0.7843727469444275,False
2c9f24c2a.jpg,0.5658271312713623,False
2caec60a4.jpg,0.6348568797111511,False
2caec60a4.jpg,0.3017119467258453,True
2cc65e215.jpg,0.6724510192871094,False
2cc65e215.jpg,0.3075799643993377,False
2cc65e215.jpg,0.1910023689270019,False
2cc65e215.jpg,0.1312171965837478,False
2cc65e215.jpg,0.0946369245648384,False
2cc65e215.jpg,0.0935213267803192,False
2cc65e215.jpg,0.0932246819138526,True
2cc65e215.jpg,0.0926478877663612,False
2cc65e215.jpg,0.080685369670391,True
2cc65e215.jpg,0.0715524777770042,True
2cc65e215.jpg,0.0574675723910331,True
2cca5203a.jpg,0.3317972421646118,True
2cca5203a.jpg,0.3023170530796051,False
2cca5203a.jpg,0.2694820761680603,False
2cca5203a.jpg,0.1701625734567642,True
2cca5203a.jpg,0.1215986758470535,False
2cca5203a.jpg,0.0690012276172638,False
2cd9a46b1.jpg,0.8579251766204834,False
2ce8cd818.jpg,0.7938030362129211,False
2cee0b7fc.jpg,0.9046687483787536,False
2cee0b7fc.jpg,0.8671736121177673,False
2cee0b7fc.jpg,0.3252423405647278,False
2cee0b7fc.jpg,0.2298667877912521,True
2cee0b7fc.jpg,0.1675909161567688,False
2cee0b7fc.jpg,0.1561543941497802,False
2cee0b7fc.jpg,0.0940280556678772,False
2cee0b7fc.jpg,0.0558063499629497,True
2cee0b7fc.jpg,0.0540875755250453,True
2cef1836f.jpg,0.9340468049049376,False
2cf06799f.jpg,0.7184281349182129,False
2cf06799f.jpg,0.6951529383659363,False
2cf06799f.jpg,0.5707414150238037,False
2cf06799f.jpg,0.1605379283428192,False
2cf06799f.jpg,0.0935218930244445,False
2cf06799f.jpg,0.0785711631178855,True
2cf06799f.jpg,0.0525263734161853,True
2cf6a8330.jpg,0.8514721393585205,False
2d0320a13.jpg,0.4396399855613708,False
2d0320a13.jpg,0.3796997666358948,False
2d0320a13.jpg,0.2794502377510071,False
2d0320a13.jpg,0.2741402983665466,False
2d0320a13.jpg,0.0588241629302501,False
2d0320a13.jpg,0.0518202483654022,False
2d66f6ea0.jpg,0.8840480446815491,False
2d66f6ea0.jpg,0.8509072661399841,False
2d66f6ea0.jpg,0.7233782410621643,True
2d66f6ea0.jpg,0.2386686205863952,True
2d66f6ea0.jpg,0.2215193957090377,True
2d66f6ea0.jpg,0.1841073483228683,True
2d66f6ea0.jpg,0.1388716101646423,True
2d66f6ea0.jpg,0.1384007036685943,True
2d66f6ea0.jpg,0.1252202093601226,True
2d66f6ea0.jpg,0.0928310304880142,True
2d66f6ea0.jpg,0.0849001854658126,True
2d66f6ea0.jpg,0.0837198495864868,True
2d66f6ea0.jpg,0.0742499828338623,True
2d66f6ea0.jpg,0.0620312206447124,True
2d66f6ea0.jpg,0.0593975745141506,True
2d732b2c2.jpg,0.9089019894599916,False
2d7540351.jpg,0.9165024161338806,False
2d7540351.jpg,0.0939158424735069,True
2d7540351.jpg,0.0777953639626503,True
2d762d92d.jpg,0.862596333026886,False
2d891aca8.jpg,0.8026134371757507,False
2d891aca8.jpg,0.190880537033081,True
2d891aca8.jpg,0.1781023144721985,True
2d891aca8.jpg,0.0830655172467231,True
2da2ed7ce.jpg,0.8221661448478699,False
2daaa0e5f.jpg,0.9767069816589355,False
2de1f9bf0.jpg,0.8123685121536255,False
2de4d34dc.jpg,0.9242213368415833,False
2e1d8beed.jpg,0.7128974795341492,False
2e1d8beed.jpg,0.4053926169872284,False
2e1d8beed.jpg,0.3377330005168915,True
2e1d8beed.jpg,0.1853995472192764,False
2e1d8beed.jpg,0.1712927669286728,True
2e1d8beed.jpg,0.0836545377969741,True
2e1d8beed.jpg,0.082945816218853,True
2e339981f.jpg,0.9358145594596864,False
2e3a5d90f.jpg,0.4729246497154236,False
2e3a5d90f.jpg,0.4439269006252289,False
2e3a5d90f.jpg,0.3899210095405578,False
2e3a5d90f.jpg,0.2050191611051559,False
2e3a5d90f.jpg,0.1570182144641876,True
2e3a5d90f.jpg,0.1458379477262497,True
2e3a5d90f.jpg,0.1210080310702323,False
2e3a5d90f.jpg,0.0809639245271682,False
2e443e16b.jpg,0.8026637434959412,False
2e7940360.jpg,0.1969160735607147,True
2e7940360.jpg,0.131520003080368,True
2e7940360.jpg,0.1135461777448654,True
2e7940360.jpg,0.0865873768925666,True
2e7940360.jpg,0.0828977301716804,True
2e7940360.jpg,0.0620304495096206,True
2e7940360.jpg,0.0509541407227516,False
2e804f988.jpg,0.8373191952705383,False
2e804f988.jpg,0.1491270512342453,True
2e804f988.jpg,0.080198124051094,True
2e8453982.jpg,0.8806902170181274,False
2e8453982.jpg,0.094365581870079,True
2e8545c74.jpg,0.7478972673416138,False
2e8ab5e46.jpg,0.846988320350647,False
2e8ab5e46.jpg,0.5618808269500732,False
2e8ab5e46.jpg,0.0510807484388351,True
2e8ebd3d8.jpg,0.3255097568035126,False
2e8ebd3d8.jpg,0.2734316289424896,False
2e8ebd3d8.jpg,0.1591784060001373,True
2e8ebd3d8.jpg,0.1246166676282882,True
2e8ebd3d8.jpg,0.1050331741571426,True
2e8ebd3d8.jpg,0.0935317128896713,False
2e8ebd3d8.jpg,0.0932037457823753,True
2e948d489.jpg,0.3361427187919616,False
2e948d489.jpg,0.2443929463624954,True
2e948d489.jpg,0.1389657258987426,False
2e948d489.jpg,0.1241767033934593,True
2e948d489.jpg,0.1200859770178794,False
2e948d489.jpg,0.073882520198822,False
2e948d489.jpg,0.0648408606648445,True
2ea416a8f.jpg,0.8091243505477905,False
2ea416a8f.jpg,0.7432304620742798,False
2ea416a8f.jpg,0.477973073720932,True
2ebde71c1.jpg,0.8360484838485718,False
2ebde71c1.jpg,0.0798727646470069,True
2ebde71c1.jpg,0.0773428082466125,True
2ebde71c1.jpg,0.051195740699768,True
2ee6eee21.jpg,0.8793975114822388,False
2eee5b48f.jpg,0.5423485040664673,False
2eee5b48f.jpg,0.312816858291626,False
2eee5b48f.jpg,0.2549166679382324,True
2eee5b48f.jpg,0.1154622882604599,False
2f19e0b50.jpg,0.7003359198570251,False
2f19e0b50.jpg,0.1694296300411224,False
2f37dc1f9.jpg,0.5827878713607788,False
2f50f1b31.jpg,0.8558593392372131,False
2f50f1b31.jpg,0.8044111728668213,False
2f50f1b31.jpg,0.3386973738670349,False
2f50f1b31.jpg,0.1613415330648422,False
2f50f1b31.jpg,0.0856866687536239,False
2f5cb64eb.jpg,0.8422054648399353,False
2f6449e53.jpg,0.8450512290000916,False
2f7682a03.jpg,0.8681687116622925,False
2f7ac2fd7.jpg,0.0514681674540042,True
2faf5a01f.jpg,0.3533475399017334,False
2faf5a01f.jpg,0.2870177328586578,False
2faf5a01f.jpg,0.2290356904268264,False
2ff0d9fa0.jpg,0.8719403743743896,False
2ff0d9fa0.jpg,0.6004905104637146,False
301e92aa0.jpg,0.8266000747680664,False
302ed981d.jpg,0.8351881504058838,False
30484cd3b.jpg,0.9256445169448853,False
30484cd3b.jpg,0.8721274733543396,False
305c600f2.jpg,0.627098560333252,True
305c600f2.jpg,0.5631332993507385,True
305c600f2.jpg,0.4926128685474396,False
305c600f2.jpg,0.4162057340145111,True
305c600f2.jpg,0.3752286732196808,True
305c600f2.jpg,0.3699162602424621,True
305c600f2.jpg,0.3655028939247131,True
305c600f2.jpg,0.256900429725647,True
305c600f2.jpg,0.2200653553009033,False
305c600f2.jpg,0.203904777765274,True
305c600f2.jpg,0.1957153528928756,False
305c600f2.jpg,0.1321310997009277,False
305c600f2.jpg,0.1193614229559898,True
305c600f2.jpg,0.1190240010619163,True
305c600f2.jpg,0.1110263243317604,True
305c600f2.jpg,0.1084155738353729,True
305c600f2.jpg,0.1054331287741661,False
305c600f2.jpg,0.0873936489224433,True
305c600f2.jpg,0.0872085094451904,True
305c600f2.jpg,0.08555668592453,True
305c600f2.jpg,0.0827099680900573,True
305c600f2.jpg,0.0822327136993408,True
305c600f2.jpg,0.0793457180261612,True
305c600f2.jpg,0.0697758570313453,True
305c600f2.jpg,0.0696363747119903,False
305c600f2.jpg,0.0636729672551155,True
305c600f2.jpg,0.0530922226607799,True
305cd8864.jpg,0.8627040386199951,False
305cd8864.jpg,0.4604661166667938,True
305cd8864.jpg,0.0532620474696159,True
3062b6786.jpg,0.8518162369728088,False
3062b6786.jpg,0.7906200885772705,False
3062b6786.jpg,0.1012299656867981,True
3087ddd59.jpg,0.784557044506073,False
3087ddd59.jpg,0.3168784379959106,False
3087ddd59.jpg,0.1988994479179382,False
3092a2cd0.jpg,0.8398340940475464,False
30970217c.jpg,0.6384168863296509,False
30b59ece8.jpg,0.6484415531158447,False
30b59ece8.jpg,0.6432217955589294,False
30b59ece8.jpg,0.1341817826032638,False
30b59ece8.jpg,0.085164725780487,False
30b5e7713.jpg,0.6658650040626526,False
30b5e7713.jpg,0.0984288826584816,True
30b5e7713.jpg,0.0868110731244087,True
30b5e7713.jpg,0.0640074461698532,True
30c4213b6.jpg,0.8476528525352478,False
30e0ec084.jpg,0.8497623801231384,False
310a28e3f.jpg,0.5469000339508057,False
310a28e3f.jpg,0.3750694096088409,False
310a28e3f.jpg,0.1629158705472946,True
310a28e3f.jpg,0.1596454232931137,True
310a28e3f.jpg,0.0872472003102302,True
310a28e3f.jpg,0.0645947754383087,False
310bc1656.jpg,0.5479399561882019,False
311423f79.jpg,0.7685996890068054,False
311423f79.jpg,0.6218389272689819,False
312381d01.jpg,0.5962269902229309,False
313b581e9.jpg,0.7220632433891296,False
313b581e9.jpg,0.5507091879844666,False
313b581e9.jpg,0.0833687782287597,True
314036ea0.jpg,0.7591509222984314,False
3143e72f0.jpg,0.769065797328949,False
3147eef20.jpg,0.3621821403503418,False
3147eef20.jpg,0.2751359939575195,True
3147eef20.jpg,0.1759944856166839,False
3147eef20.jpg,0.0671513304114341,False
3153d4286.jpg,0.4506764411926269,False
3153e53de.jpg,0.8774741291999817,False
3153e53de.jpg,0.8082451820373535,False
3153e53de.jpg,0.7438209652900696,False
3153e53de.jpg,0.5592623949050903,False
3153e53de.jpg,0.2568495571613312,False
3153e53de.jpg,0.2285957932472229,True
3153e53de.jpg,0.1826845407485962,False
3153e53de.jpg,0.1489527076482772,False
3153e53de.jpg,0.1084588468074798,True
3153e53de.jpg,0.1008554473519325,True
3153e53de.jpg,0.0627186447381973,False
3170415a0.jpg,0.8413049578666687,False
3170415a0.jpg,0.6992157101631165,False
3170415a0.jpg,0.5902001261711121,False
3170415a0.jpg,0.2936441600322723,False
3170415a0.jpg,0.2003576904535293,False
3170415a0.jpg,0.1304922848939895,False
3170415a0.jpg,0.1240348815917968,False
3170415a0.jpg,0.1092209219932556,False
3170415a0.jpg,0.0917060077190399,True
3170415a0.jpg,0.0904774665832519,False
3170415a0.jpg,0.0898696929216384,False
3170415a0.jpg,0.0657202154397964,True
3170415a0.jpg,0.054044771939516,False
31744dbbe.jpg,0.8947994709014893,False
31744dbbe.jpg,0.7536901831626892,False
3187bddf0.jpg,0.8692213296890259,False
31aa7693b.jpg,0.7758654952049255,False
31aa7693b.jpg,0.3337152302265167,False
31aa7693b.jpg,0.1358840465545654,False
31aa7693b.jpg,0.1357747912406921,True
31ab675db.jpg,0.5711860060691833,False
31ab675db.jpg,0.3539716899394989,False
31ab675db.jpg,0.263704389333725,True
31ab675db.jpg,0.1775248199701309,True
31ab675db.jpg,0.1648570448160171,True
31ab675db.jpg,0.1069889068603515,True
31ab675db.jpg,0.0886530205607414,True
31ab675db.jpg,0.0846713334321975,True
31ab675db.jpg,0.0824069678783416,True
31ab675db.jpg,0.074018657207489,True
31ab675db.jpg,0.0671727806329727,True
31ab675db.jpg,0.0513426065444946,True
31ab675db.jpg,0.0501914657652378,True
31c86313a.jpg,0.871849775314331,False
31dce9e4f.jpg,0.9197730422019958,False
31dce9e4f.jpg,0.7055912017822266,False
31dce9e4f.jpg,0.1907931417226791,False
31dce9e4f.jpg,0.1139652207493782,True
31dce9e4f.jpg,0.1112736389040947,False
31dce9e4f.jpg,0.0508148893713951,False
31ff299f2.jpg,0.8607168197631836,False
31ff299f2.jpg,0.5817945003509521,False
31ff299f2.jpg,0.3130929470062256,True
31ff299f2.jpg,0.2344366908073425,False
31ff299f2.jpg,0.202511265873909,False
31ff299f2.jpg,0.1162714809179306,False
3220a767d.jpg,0.8775550127029419,False
3220a767d.jpg,0.8709211349487305,False
3220a767d.jpg,0.7482959032058716,False
3220a767d.jpg,0.5914137363433838,False
3220a767d.jpg,0.5898383259773254,False
3220a767d.jpg,0.4350394308567047,False
3220a767d.jpg,0.2917284965515136,False
3220a767d.jpg,0.0898903608322143,False
3224933c1.jpg,0.1516287475824356,False
3253c25ee.jpg,0.8677929043769836,False
3253c25ee.jpg,0.7825610637664795,False
3253c25ee.jpg,0.742834746837616,True
3253c25ee.jpg,0.5710075497627258,False
3253c25ee.jpg,0.5134946703910828,False
3253c25ee.jpg,0.4679978489875793,True
3253c25ee.jpg,0.2824096977710724,True
3253c25ee.jpg,0.239920437335968,True
3253c25ee.jpg,0.1037371382117271,True
3253c25ee.jpg,0.1035198867321014,True
3253c25ee.jpg,0.0869767889380455,True
3253c25ee.jpg,0.0721520334482193,False
3253c25ee.jpg,0.0700548887252807,True
3253c25ee.jpg,0.0630613565444946,True
3253c25ee.jpg,0.0575238279998302,True
325503718.jpg,0.8588445782661438,False
3277867b4.jpg,0.8542991876602173,False
3277867b4.jpg,0.7537974119186401,False
329575712.jpg,0.9069784879684448,False
3298c4dbb.jpg,0.0919969230890274,True
3298c4dbb.jpg,0.0806222185492515,True
3298c4dbb.jpg,0.0721001476049423,True
329b13dbc.jpg,0.683845043182373,False
329def919.jpg,0.5448874831199646,False
329def919.jpg,0.2500447034835815,False
329def919.jpg,0.1309719234704971,False
329def919.jpg,0.0652357190847396,False
32ae0c592.jpg,0.8242865800857544,False
32ae0c592.jpg,0.8148635029792786,False
32ae0c592.jpg,0.7318705916404724,False
32ae0c592.jpg,0.0722007602453231,False
32b395327.jpg,0.2394549250602722,False
32b395327.jpg,0.2194068431854248,False
32b395327.jpg,0.1703901439905166,False
32b62bf76.jpg,0.6805548071861267,False
32ccf0d88.jpg,0.3339605927467346,False
32ccf0d88.jpg,0.1589371263980865,False
32ccf0d88.jpg,0.0571244917809963,True
32d95107e.jpg,0.7872499823570251,False
32d95107e.jpg,0.1569775193929672,True
32d95107e.jpg,0.1234712377190589,True
32d95107e.jpg,0.0503093972802162,True
3311e56a6.jpg,0.7770541310310364,False
3311e56a6.jpg,0.7368388772010803,False
3311e56a6.jpg,0.5662422180175781,False
3311e56a6.jpg,0.5516213774681091,False
3311e56a6.jpg,0.3038514256477356,False
3311e56a6.jpg,0.3013534247875213,False
3311e56a6.jpg,0.2278353869915008,False
3311e56a6.jpg,0.1957151293754577,True
3311e56a6.jpg,0.1476460695266723,True
3311e56a6.jpg,0.0827465057373046,True
3311e56a6.jpg,0.0822528600692749,True
3311e56a6.jpg,0.0716099292039871,True
3311e56a6.jpg,0.0567440055310726,True
335f53314.jpg,0.7651302218437195,False
335f53314.jpg,0.6534931659698486,False
335f53314.jpg,0.5757381319999695,False
335f53314.jpg,0.4146629273891449,False
335f53314.jpg,0.2693873643875122,False
335f53314.jpg,0.2076489329338073,False
335f53314.jpg,0.057576585561037,True
336d03a6d.jpg,0.8066800236701965,False
336d03a6d.jpg,0.1559543907642364,False
336d03a6d.jpg,0.1546247899532318,True
336d03a6d.jpg,0.1535301506519317,True
336d03a6d.jpg,0.1169057190418243,False
336d03a6d.jpg,0.1005281955003738,True
336d03a6d.jpg,0.0852606371045112,True
336d03a6d.jpg,0.059967752546072,False
3398b4f45.jpg,0.348599225282669,True
3398b4f45.jpg,0.2672336101531982,False
33ac4a732.jpg,0.6282833218574524,False
33bf5dcb6.jpg,0.8016462326049805,False
33e3232b2.jpg,0.8830944895744324,False
33e6b0058.jpg,0.413187712430954,False
33e6b0058.jpg,0.3537313938140869,False
33e6b0058.jpg,0.066788725554943,False
341dfd438.jpg,0.8108552098274231,False
341dfd438.jpg,0.7844524383544922,False
341dfd438.jpg,0.7710515260696411,False
341dfd438.jpg,0.69941246509552,False
341dfd438.jpg,0.4554315209388733,False
341dfd438.jpg,0.415524959564209,False
341dfd438.jpg,0.3520826697349548,False
341dfd438.jpg,0.0753333568572998,True
341dfd438.jpg,0.055700596421957,True
3438ddd99.jpg,0.8603577613830566,False
34400982a.jpg,0.8925139307975769,False
3440823c3.jpg,0.8892735242843628,False
3453cf632.jpg,0.0503990054130554,False
34549828e.jpg,0.5840839743614197,False
34549828e.jpg,0.3897717595100403,True
34549828e.jpg,0.2284467369318008,True
34549828e.jpg,0.12993785738945,True
34549828e.jpg,0.1011142432689666,True
34549828e.jpg,0.0987998843193054,True
34549828e.jpg,0.0814917385578155,True
34549828e.jpg,0.070737175643444,True
34549828e.jpg,0.0507401041686534,True
348400ef5.jpg,0.5080744028091431,False
348400ef5.jpg,0.456810861825943,False
348400ef5.jpg,0.1259760409593582,False
3486e398b.jpg,0.8308350443840027,False
34923be6c.jpg,0.5812220573425293,False
349e6e3ef.jpg,0.5787649154663086,False
349e6e3ef.jpg,0.2612698078155517,False
34ad8b175.jpg,0.4322850108146667,False
34ad8b175.jpg,0.156977891921997,False
34ad8b175.jpg,0.1086594983935356,False
34ce5bd83.jpg,0.8829090595245361,False
34ce5bd83.jpg,0.8649774193763733,False
34ce5bd83.jpg,0.8008729219436646,False
34ce5bd83.jpg,0.766476035118103,False
34ce5bd83.jpg,0.6307610869407654,False
34ce5bd83.jpg,0.5741121768951416,False
34fa551f4.jpg,0.8296559453010559,False
3506e1464.jpg,0.8506059050559998,False
3506e1464.jpg,0.8143885135650635,False
3506e1464.jpg,0.8050916194915771,False
3506e1464.jpg,0.7863272428512573,False
3506e1464.jpg,0.771994411945343,False
3506e1464.jpg,0.7710577845573425,False
3506e1464.jpg,0.7597654461860657,False
3506e1464.jpg,0.4261233508586883,False
3506e1464.jpg,0.3456823825836181,False
3506e1464.jpg,0.1948165148496627,False
350ced10c.jpg,0.5173556208610535,False
350ced10c.jpg,0.5125488042831421,False
350ced10c.jpg,0.4492800831794739,False
350ced10c.jpg,0.2868246436119079,True
350ced10c.jpg,0.2330799698829651,True
350ced10c.jpg,0.1849613785743713,True
350ced10c.jpg,0.100191943347454,True
350ced10c.jpg,0.087752528488636,False
350ced10c.jpg,0.0722325146198272,False
350ced10c.jpg,0.0570350959897041,True
3522d78c7.jpg,0.7104150652885437,False
3527527f7.jpg,0.9030819535255432,False
3527527f7.jpg,0.9028124213218688,False
3527527f7.jpg,0.3409839272499084,False
3527527f7.jpg,0.1770023554563522,False
3527527f7.jpg,0.0701733082532882,False
3534bcb0b.jpg,0.7006576061248779,False
354cd2d58.jpg,0.9015196561813354,False
357e14a4e.jpg,0.8634876608848572,False
357e14a4e.jpg,0.8310289978981018,False
357e14a4e.jpg,0.797402560710907,False
357e14a4e.jpg,0.7820294499397278,False
357e14a4e.jpg,0.7749684453010559,False
357e14a4e.jpg,0.7630459070205688,False
357e14a4e.jpg,0.7180344462394714,False
357e14a4e.jpg,0.6796053647994995,False
357e14a4e.jpg,0.6323612928390503,True
357e14a4e.jpg,0.5137056112289429,True
357e14a4e.jpg,0.5109496712684631,True
357e14a4e.jpg,0.4719862639904022,False
357e14a4e.jpg,0.3772924840450287,False
357e14a4e.jpg,0.367450475692749,False
357e14a4e.jpg,0.2397563904523849,True
357e14a4e.jpg,0.2224317342042923,False
357e14a4e.jpg,0.2197113633155822,True
357e14a4e.jpg,0.1984626203775406,True
357e14a4e.jpg,0.1926907002925872,True
357e14a4e.jpg,0.106744460761547,False
357e14a4e.jpg,0.1059099435806274,True
357e14a4e.jpg,0.0895755439996719,False
357e14a4e.jpg,0.0889357477426529,True
357e14a4e.jpg,0.0728720501065254,False
357e14a4e.jpg,0.0507082156836986,False
35874dcc9.jpg,0.806812047958374,False
358d83d37.jpg,0.8197827339172363,False
358d83d37.jpg,0.3816007077693939,False
359675a23.jpg,0.8515558838844299,False
35a075c81.jpg,0.794979453086853,False
35a075c81.jpg,0.1205533742904663,False
35a629fb2.jpg,0.4623796343803406,False
35a629fb2.jpg,0.4417449831962585,False
35a629fb2.jpg,0.2197481542825698,False
35a629fb2.jpg,0.1850989907979965,False
35a629fb2.jpg,0.1437216401100158,False
35a629fb2.jpg,0.1431467533111572,False
35a629fb2.jpg,0.1220180764794349,False
35a629fb2.jpg,0.1161029860377311,False
35a629fb2.jpg,0.115151435136795,True
35a629fb2.jpg,0.1024954915046691,False
35a629fb2.jpg,0.1016949862241745,False
35a629fb2.jpg,0.1008132025599479,False
35a629fb2.jpg,0.063047744333744,False
35a629fb2.jpg,0.0565084069967269,True
35a629fb2.jpg,0.0560647808015346,True
35bbc3d7b.jpg,0.3351092040538788,False
35bbc3d7b.jpg,0.3341793417930603,False
35cf4b6e1.jpg,0.934344470500946,False
360bb8772.jpg,0.8865396976470947,False
3612dbf3d.jpg,0.5451326966285706,False
3612dbf3d.jpg,0.525805652141571,False
3612dbf3d.jpg,0.2836033999919891,False
3612dbf3d.jpg,0.2007224112749099,False
3612dbf3d.jpg,0.1493419706821441,False
3612dbf3d.jpg,0.1130547747015953,False
3612dbf3d.jpg,0.09245465695858,False
3612dbf3d.jpg,0.0685084238648414,False
3612dbf3d.jpg,0.0667706280946731,False
3612dbf3d.jpg,0.0641796067357063,False
3612dbf3d.jpg,0.0506812259554863,False
3614a1e31.jpg,0.9226441979408264,False
3617720aa.jpg,0.3366546928882599,False
3617720aa.jpg,0.3124991953372955,True
3617720aa.jpg,0.2313846051692962,False
3617720aa.jpg,0.1877774894237518,False
3617720aa.jpg,0.1397024691104889,False
3618853e6.jpg,0.0904328599572181,True
3618853e6.jpg,0.0614204108715057,True
363999258.jpg,0.5690491199493408,True
363999258.jpg,0.3821059763431549,False
363999258.jpg,0.2743923664093017,True
363999258.jpg,0.1921354383230209,True
363999258.jpg,0.120672807097435,True
363999258.jpg,0.1195246651768684,True
363999258.jpg,0.1153499186038971,True
363999258.jpg,0.090367391705513,True
363999258.jpg,0.0753586217761039,True
363999258.jpg,0.0697925686836242,True
365c7b32c.jpg,0.386378526687622,True
365c7b32c.jpg,0.2476266473531723,False
365c7b32c.jpg,0.1258496642112732,False
365c7b32c.jpg,0.0875367894768714,True
365c7b32c.jpg,0.0769738405942916,True
365c7b32c.jpg,0.0545845218002796,False
3679c695e.jpg,0.3378338515758514,False
368295ebd.jpg,0.3657179176807403,False
368295ebd.jpg,0.0956832244992256,False
368295ebd.jpg,0.0564076676964759,False
36838c969.jpg,0.3605202734470367,False
36838c969.jpg,0.2038260549306869,False
36952dd67.jpg,0.4375810325145721,False
36952dd67.jpg,0.2337204366922378,False
36952dd67.jpg,0.1636096835136413,True
36952dd67.jpg,0.1129530593752861,False
36952dd67.jpg,0.1111257597804069,True
36952dd67.jpg,0.0828820765018463,False
36952dd67.jpg,0.0783412456512451,True
36a678205.jpg,0.8588114976882935,False
36a678205.jpg,0.803590714931488,True
36bffb553.jpg,0.2686549127101898,True
36bffb553.jpg,0.2274755388498306,False
36bffb553.jpg,0.207245334982872,False
36bffb553.jpg,0.2014056593179702,False
36bffb553.jpg,0.0551677420735359,False
36c817765.jpg,0.657738983631134,False
36d14adfc.jpg,0.7452817559242249,False
36d226661.jpg,0.4173076450824737,False
36d226661.jpg,0.4128981530666351,False
36d226661.jpg,0.3439342379570007,False
36d226661.jpg,0.1354785114526748,False
36d226661.jpg,0.114636942744255,False
36d226661.jpg,0.1115660220384597,False
36f7c9675.jpg,0.9675938487052916,False
36f7c9675.jpg,0.3443730473518371,False
36fb375e4.jpg,0.8782183527946472,False
371371749.jpg,0.9117225408554076,False
371371749.jpg,0.4543402194976806,False
371371749.jpg,0.0641883388161659,True
371371749.jpg,0.0579105429351329,True
372caa58e.jpg,0.7815907597541809,False
373799227.jpg,0.8707181811332703,False
373799227.jpg,0.8266873359680176,True
373799227.jpg,0.4240649342536926,True
373799227.jpg,0.1242787986993789,True
373799227.jpg,0.0833527073264122,True
373799227.jpg,0.0805627405643463,True
373f6dcfb.jpg,0.5411933660507202,False
373f6dcfb.jpg,0.5212222337722778,False
373f6dcfb.jpg,0.4744430780410766,False
373f6dcfb.jpg,0.4127982854843139,False
373f6dcfb.jpg,0.4000306725502014,False
373f6dcfb.jpg,0.3464358150959015,False
373f6dcfb.jpg,0.2537239193916321,False
373f6dcfb.jpg,0.226184993982315,True
373f6dcfb.jpg,0.2219180315732956,True
373f6dcfb.jpg,0.2018467038869857,False
373f6dcfb.jpg,0.2015435993671417,False
373f6dcfb.jpg,0.1813242137432098,False
373f6dcfb.jpg,0.1658713221549987,True
373f6dcfb.jpg,0.1579957753419876,False
373f6dcfb.jpg,0.1579113006591797,True
373f6dcfb.jpg,0.1563292890787124,True
373f6dcfb.jpg,0.1556628197431564,False
373f6dcfb.jpg,0.128988429903984,False
373f6dcfb.jpg,0.1258876025676727,True
373f6dcfb.jpg,0.1258299499750137,False
373f6dcfb.jpg,0.1066659614443779,False
373f6dcfb.jpg,0.0963759422302246,False
373f6dcfb.jpg,0.0878902748227119,False
373f6dcfb.jpg,0.0863662883639335,False
373f6dcfb.jpg,0.0778662413358688,False
373f6dcfb.jpg,0.0753317028284072,False
373f6dcfb.jpg,0.0723029151558876,False
373f6dcfb.jpg,0.0699985921382904,False
373f6dcfb.jpg,0.0681686773896217,True
373f6dcfb.jpg,0.0677044466137886,True
373f6dcfb.jpg,0.0646445229649543,True
373f6dcfb.jpg,0.0644488781690597,True
373f6dcfb.jpg,0.0578884370625019,True
373f6dcfb.jpg,0.056843239814043,False
37571538d.jpg,0.8295932412147522,False
37589382b.jpg,0.9398281574249268,False
37589382b.jpg,0.0514666698873043,True
3758a6c69.jpg,0.8164868354797363,False
376216106.jpg,0.3517852127552032,False
376216106.jpg,0.2902234494686126,False
376216106.jpg,0.1809080839157104,False
376216106.jpg,0.0707544088363647,False
376216106.jpg,0.0502625778317451,False
376aa104b.jpg,0.791122555732727,False
376aa104b.jpg,0.0626446306705474,True
376d86456.jpg,0.8558889031410217,False
376d86456.jpg,0.0769660472869873,True
377b5694b.jpg,0.2817445695400238,False
377b5694b.jpg,0.2255288809537887,False
377b5694b.jpg,0.2248370200395584,False
377b5694b.jpg,0.1314016282558441,False
377b5694b.jpg,0.0599984861910343,False
377b5694b.jpg,0.0539182499051094,False
37a66079b.jpg,0.2312183231115341,True
37a66079b.jpg,0.1066997274756431,True
37a906df6.jpg,0.448474258184433,True
37a906df6.jpg,0.2809678316116333,True
37a906df6.jpg,0.2752458453178406,True
37a906df6.jpg,0.238374650478363,True
37a906df6.jpg,0.1688607782125473,False
37a906df6.jpg,0.1120455488562583,True
37a906df6.jpg,0.0948837324976921,True
37a906df6.jpg,0.0927188619971275,True
37a906df6.jpg,0.0558112598955631,True
37b0ef950.jpg,0.8411794900894165,False
37c75e67a.jpg,0.8145653009414673,False
37c75e67a.jpg,0.632584273815155,False
37c75e67a.jpg,0.4472763836383819,False
37c75e67a.jpg,0.1856825947761535,False
37c75e67a.jpg,0.0529809072613716,True
37d593f07.jpg,0.5784819722175598,True
37d593f07.jpg,0.4916220605373382,False
37d593f07.jpg,0.3255680799484253,True
37d593f07.jpg,0.2963015735149383,True
37d593f07.jpg,0.2668708264827728,True
37d593f07.jpg,0.220281183719635,False
37d593f07.jpg,0.1879797428846359,True
37d593f07.jpg,0.1857604533433914,True
37d593f07.jpg,0.1846612393856048,True
37d593f07.jpg,0.1834651529788971,True
37d593f07.jpg,0.1834386438131332,True
37d593f07.jpg,0.1779150366783142,True
37d593f07.jpg,0.1772893369197845,True
37d593f07.jpg,0.1621364504098892,True
37d593f07.jpg,0.1574525684118271,True
37d593f07.jpg,0.1541719436645507,True
37d593f07.jpg,0.1460428833961486,True
37d593f07.jpg,0.1338569223880767,True
37d593f07.jpg,0.1259954124689102,True
37d593f07.jpg,0.1256354302167892,True
37d593f07.jpg,0.1245385110378265,True
37d593f07.jpg,0.1088234633207321,True
37d593f07.jpg,0.1069912761449813,True
37d593f07.jpg,0.0964569076895713,True
37d593f07.jpg,0.0949670597910881,True
37d593f07.jpg,0.0945548266172409,True
37d593f07.jpg,0.0941230654716491,True
37d593f07.jpg,0.0923589169979095,True
37d593f07.jpg,0.0820996537804603,True
37d593f07.jpg,0.0814043954014778,True
37d593f07.jpg,0.0810092017054557,True
37d593f07.jpg,0.0758145675063133,True
37d593f07.jpg,0.0749023705720901,True
37d593f07.jpg,0.0741920247673988,True
37d593f07.jpg,0.0737090930342674,True
37d593f07.jpg,0.0723684132099151,True
37d593f07.jpg,0.0692295953631401,True
37d593f07.jpg,0.0681833997368812,True
37d593f07.jpg,0.0659229084849357,True
37d593f07.jpg,0.0650310516357421,True
37d593f07.jpg,0.062931515276432,True
37d593f07.jpg,0.0602070875465869,True
37d593f07.jpg,0.059469811618328,True
37d593f07.jpg,0.0579942390322685,True
37d593f07.jpg,0.0578836500644683,True
37d593f07.jpg,0.0560323819518089,True
37d593f07.jpg,0.0559033900499343,True
37d593f07.jpg,0.0545317754149436,True
37d83bf16.jpg,0.8213489651679993,False
37d83bf16.jpg,0.5298692584037781,False
37d83bf16.jpg,0.1637634634971618,False
37e2381d7.jpg,0.8013938665390015,False
37e91ccf0.jpg,0.393044501543045,False
37e91ccf0.jpg,0.0859468728303909,False
37e91ccf0.jpg,0.0500163808465004,False
37f02b3d2.jpg,0.7343662977218628,False
37f02b3d2.jpg,0.3431958556175232,False
37f02b3d2.jpg,0.100204162299633,False
37fca4719.jpg,0.8917996287345886,False
37fd98d8e.jpg,0.8146258592605591,False
3818abe8a.jpg,0.8534514904022217,False
3818abe8a.jpg,0.8032199144363403,False
3818abe8a.jpg,0.8014971017837524,False
3818abe8a.jpg,0.3799300193786621,False
3819f925c.jpg,0.9232918620109558,False
381c6060f.jpg,0.8602867722511292,False
38309afa8.jpg,0.9000534415245056,False
38314e5ea.jpg,0.124684028327465,False
38314e5ea.jpg,0.0834296494722366,False
38314e5ea.jpg,0.0509115755558013,False
383a66e13.jpg,0.786491334438324,False
383a66e13.jpg,0.7859223484992981,False
383a66e13.jpg,0.6479875445365906,False
383a66e13.jpg,0.516219437122345,True
383a66e13.jpg,0.2895346879959106,True
383a66e13.jpg,0.2609728276729584,False
383a66e13.jpg,0.2024529725313186,False
383a66e13.jpg,0.1658288538455963,False
383a66e13.jpg,0.1592287719249725,False
383a66e13.jpg,0.0938368290662765,True
383a66e13.jpg,0.0669669955968856,True
383a66e13.jpg,0.0644246786832809,False
383d74eed.jpg,0.6609911322593689,False
383d74eed.jpg,0.6413298845291138,False
383d74eed.jpg,0.6145193576812744,False
383d74eed.jpg,0.5024433732032776,True
383d74eed.jpg,0.2781143188476562,True
383d74eed.jpg,0.204714760184288,True
383d74eed.jpg,0.1907427310943603,True
383d74eed.jpg,0.1831071227788925,False
383d74eed.jpg,0.1728145033121109,False
383d74eed.jpg,0.1101826503872871,True
383d74eed.jpg,0.0684823840856552,True
383d74eed.jpg,0.0650774985551834,True
384387ae9.jpg,0.867784857749939,False
384b2f4f1.jpg,0.7078005075454712,False
384c595e3.jpg,0.8530155420303345,False
384c595e3.jpg,0.1239348277449607,True
384c595e3.jpg,0.103537268936634,True
384c595e3.jpg,0.0828297510743141,True
384c595e3.jpg,0.0725894048810005,True
384c595e3.jpg,0.0583129189908504,True
3859f31cc.jpg,0.8539713025093079,False
38669c62c.jpg,0.3946123123168945,False
38669c62c.jpg,0.0986431613564491,True
38669c62c.jpg,0.0975573435425758,False
3874e91b7.jpg,0.794522762298584,False
388dea368.jpg,0.8752399682998657,False
38956b250.jpg,0.4004906117916107,False
38956b250.jpg,0.2881951928138733,False
38956b250.jpg,0.2715192139148712,False
38956b250.jpg,0.0601455457508564,False
38c07f05a.jpg,0.8453243374824524,False
38c45a197.jpg,0.7649697065353394,False
38c45a197.jpg,0.7102457284927368,True
38c45a197.jpg,0.7092587351799011,True
38c45a197.jpg,0.6956616044044495,True
38c45a197.jpg,0.6731207370758057,True
38c45a197.jpg,0.6533100605010986,False
38c45a197.jpg,0.6368890404701233,False
38c45a197.jpg,0.6318416595458984,True
38c45a197.jpg,0.6257673501968384,False
38c45a197.jpg,0.5079895257949829,True
38c45a197.jpg,0.2928304672241211,True
38c45a197.jpg,0.2852080166339874,False
38c45a197.jpg,0.2436746209859848,True
38c45a197.jpg,0.2431108504533767,True
38c45a197.jpg,0.2330605238676071,True
38c45a197.jpg,0.2085781097412109,True
38c45a197.jpg,0.1406478732824325,False
38c45a197.jpg,0.1396540999412536,True
38c45a197.jpg,0.1350896060466766,True
38c45a197.jpg,0.103695124387741,True
38c45a197.jpg,0.0726365447044372,True
38c45a197.jpg,0.067184492945671,True
38c45a197.jpg,0.0645674094557762,True
38c45a197.jpg,0.0589746087789535,True
38c45a197.jpg,0.0521572344005107,True
38d4bbe23.jpg,0.3275984227657318,False
38d4bbe23.jpg,0.2149189412593841,False
38d4bbe23.jpg,0.0790035352110862,False
3941352fd.jpg,0.384854108095169,False
3941352fd.jpg,0.2641002833843231,False
395856098.jpg,0.7116773128509521,True
395856098.jpg,0.4990343749523163,False
395856098.jpg,0.3894021809101105,False
395856098.jpg,0.3423057198524475,False
395856098.jpg,0.1424232125282287,True
395856098.jpg,0.1277103573083877,True
395856098.jpg,0.1240976527333259,True
395856098.jpg,0.0938879251480102,True
395856098.jpg,0.0833474993705749,True
395856098.jpg,0.075179249048233,True
395fe220d.jpg,0.7913610339164734,False
396ec75fd.jpg,0.2523618340492248,True
396ec75fd.jpg,0.0862452015280723,True
396ec75fd.jpg,0.0807401314377784,True
3976f920f.jpg,0.4140579104423523,False
3976f920f.jpg,0.2277051359415054,False
398b3eaf9.jpg,0.1514271050691604,True
398b3eaf9.jpg,0.0966365933418273,True
399b9afeb.jpg,0.7754113674163818,False
399b9afeb.jpg,0.6791200637817383,False
399b9afeb.jpg,0.6215134263038635,False
399b9afeb.jpg,0.586618959903717,False
399b9afeb.jpg,0.5847114324569702,False
399b9afeb.jpg,0.4552107751369476,False
399b9afeb.jpg,0.2902604937553406,False
399b9afeb.jpg,0.2356516867876052,True
399b9afeb.jpg,0.2168008983135223,True
399b9afeb.jpg,0.1895522326231002,True
399b9afeb.jpg,0.1803775578737259,True
399b9afeb.jpg,0.1685490161180496,True
399b9afeb.jpg,0.1529330313205719,False
399b9afeb.jpg,0.1486042588949203,True
399b9afeb.jpg,0.1383955925703048,True
399b9afeb.jpg,0.1351700723171234,False
399b9afeb.jpg,0.1327044367790222,True
399b9afeb.jpg,0.1271344721317291,True
399b9afeb.jpg,0.1035444885492324,False
399b9afeb.jpg,0.0957336649298667,False
399b9afeb.jpg,0.0866924524307251,True
399b9afeb.jpg,0.0857127159833908,False
399b9afeb.jpg,0.0744736939668655,False
399b9afeb.jpg,0.0653073117136955,True
399b9afeb.jpg,0.0510056391358375,True
39a308133.jpg,0.8138793706893921,True
39a308133.jpg,0.7730188965797424,False
39a308133.jpg,0.719860851764679,False
39a308133.jpg,0.5804282426834106,False
39a308133.jpg,0.1915898621082306,False
39a308133.jpg,0.1535287201404571,True
39a308133.jpg,0.1157331615686416,False
39a308133.jpg,0.0901021435856819,False
39cdfb04c.jpg,0.8993076682090759,False
39d8f6b42.jpg,0.5752448439598083,False
39d8f6b42.jpg,0.2012015134096145,False
39d8f6b42.jpg,0.0601236894726753,False
3a10de0e2.jpg,0.883816123008728,False
3a162077a.jpg,0.8455016016960144,False
3a25d66bc.jpg,0.3553847372531891,True
3a25d66bc.jpg,0.2957939505577087,False
3a25d66bc.jpg,0.2726039588451385,False
3a25d66bc.jpg,0.102046363055706,False
3a25d66bc.jpg,0.063237078487873,False
3a25d66bc.jpg,0.0527427680790424,False
3a446fb40.jpg,0.6673805713653564,False
3a446fb40.jpg,0.3794740438461303,False
3a446fb40.jpg,0.3499179184436798,False
3a446fb40.jpg,0.2047050446271896,False
3a446fb40.jpg,0.1478811502456665,False
3a446fb40.jpg,0.1439420133829116,True
3a446fb40.jpg,0.0802616700530052,True
3a446fb40.jpg,0.0675990283489227,True
3a446fb40.jpg,0.0617449656128883,True
3a446fb40.jpg,0.0580591894686222,True
3a446fb40.jpg,0.0511443205177784,True
3a4ce6532.jpg,0.1727967113256454,True
3a4ce6532.jpg,0.0510230436921119,True
3a6fee078.jpg,0.337215781211853,False
3a6fee078.jpg,0.3350622653961181,False
3a71ba92f.jpg,0.4248208999633789,False
3a71ba92f.jpg,0.0809516757726669,False
3a77e81b5.jpg,0.8372539281845093,False
3a79a8197.jpg,0.7405282855033875,False
3a79a8197.jpg,0.3766930103302002,True
3a8144c1f.jpg,0.8066033124923706,False
3a8638fdb.jpg,0.8232297301292419,False
3a8638fdb.jpg,0.7013115286827087,False
3a8638fdb.jpg,0.6852879524230957,True
3a8638fdb.jpg,0.6552044153213501,False
3a8638fdb.jpg,0.1299068629741668,False
3a8638fdb.jpg,0.06131062656641,False
3a8901b53.jpg,0.2034125477075576,True
3a8901b53.jpg,0.1853734105825424,False
3a8901b53.jpg,0.1294702738523483,False
3a8901b53.jpg,0.057054616510868,True
3a8952d74.jpg,0.6017223596572876,True
3a97e02c0.jpg,0.7529483437538147,False
3a97e02c0.jpg,0.6916244626045227,False
3a97e02c0.jpg,0.1815516650676727,False
3a97e02c0.jpg,0.1056452095508575,False
3a97e02c0.jpg,0.0802316889166832,True
3a97e02c0.jpg,0.0645931288599968,True
3a97e02c0.jpg,0.0607402026653289,True
3adf7c300.jpg,0.9251744747161864,False
3b0c7d3a5.jpg,0.6543037295341492,False
3b0c7d3a5.jpg,0.4025074541568756,False
3b0c7d3a5.jpg,0.1918115317821502,False
3b279e35d.jpg,0.8709420561790466,False
3b279e35d.jpg,0.8528555035591125,False
3b279e35d.jpg,0.8450456261634827,False
3b279e35d.jpg,0.7671682834625244,False
3b279e35d.jpg,0.6811015605926514,False
3b279e35d.jpg,0.6089145541191101,False
3b2d4bd02.jpg,0.3921569883823395,False
3b2d4bd02.jpg,0.2098728120326995,False
3b2d4bd02.jpg,0.1737431585788726,False
3b2d4bd02.jpg,0.1271043717861175,False
3b2d4bd02.jpg,0.1260908991098404,True
3b2d4bd02.jpg,0.0605516023933887,False
3b4c3fa46.jpg,0.8764832019805908,False
3b5b15907.jpg,0.2284719794988632,False
3b5b15907.jpg,0.1164212599396705,True
3b5b15907.jpg,0.1048995926976203,False
3b6341ad5.jpg,0.8828257918357849,False
3b6341ad5.jpg,0.4299963712692261,False
3b6341ad5.jpg,0.409550279378891,False
3b6341ad5.jpg,0.2944332361221313,False
3b6aa514c.jpg,0.9201415181159972,False
3b6aa514c.jpg,0.8618944883346558,False
3b70b34c0.jpg,0.8795880079269409,False
3b70b34c0.jpg,0.8295751214027405,False
3b70b34c0.jpg,0.7955033183097839,False
3b70b34c0.jpg,0.4337726235389709,False
3b70b34c0.jpg,0.4175412058830261,True
3b70b34c0.jpg,0.1856562048196792,True
3b70b34c0.jpg,0.1572361588478088,True
3b70b34c0.jpg,0.0813850760459899,True
3b8efc0d9.jpg,0.4636000692844391,False
3b8efc0d9.jpg,0.1912213116884231,False
3b9557cd7.jpg,0.9132279753684998,False
3b9557cd7.jpg,0.2495905309915542,True
3b9557cd7.jpg,0.1966134160757064,True
3b9557cd7.jpg,0.1835165172815323,True
3b9557cd7.jpg,0.1210875883698463,True
3b9557cd7.jpg,0.0507888868451118,True
3b9a770a7.jpg,0.9160970449447632,False
3b9a9b124.jpg,0.74210125207901,False
3b9a9b124.jpg,0.6137727499008179,False
3b9a9b124.jpg,0.1926586627960205,True
3bb995cbc.jpg,0.7795572876930237,False
3bcc868f8.jpg,0.6364627480506897,False
3bcc868f8.jpg,0.5809606909751892,False
3bcc868f8.jpg,0.1439809799194336,False
3bd478c53.jpg,0.8368945121765137,False
3bea324fc.jpg,0.8801114559173584,False
3bea324fc.jpg,0.7083016037940979,False
3beab760e.jpg,0.8387956023216248,False
3beab760e.jpg,0.0751727893948555,True
3beab760e.jpg,0.0544360466301441,True
3bf45c4fc.jpg,0.3815100491046905,False
3bf45c4fc.jpg,0.1003589704632759,False
3bf554155.jpg,0.2029096931219101,False
3c0a27072.jpg,0.4361065924167633,False
3c105bdb7.jpg,0.1399305909872055,False
3c105bdb7.jpg,0.1107114776968956,True
3c105bdb7.jpg,0.071624644100666,True
3c105bdb7.jpg,0.0579427294433116,True
3c105bdb7.jpg,0.0534421280026435,True
3c10c9fb6.jpg,0.8772128224372864,False
3c10c9fb6.jpg,0.8634880781173706,False
3c10c9fb6.jpg,0.5331543684005737,False
3c10c9fb6.jpg,0.1220167428255081,False
3c10c9fb6.jpg,0.1162958815693855,True
3c1645748.jpg,0.4685277640819549,False
3c1645748.jpg,0.4343378245830536,False
3c1645748.jpg,0.4244602620601654,False
3c1645748.jpg,0.3828789293766022,False
3c1645748.jpg,0.3610522747039795,False
3c1645748.jpg,0.2825556397438049,False
3c1645748.jpg,0.2478273808956146,False
3c1645748.jpg,0.2176142483949661,True
3c1645748.jpg,0.2101678997278213,True
3c1645748.jpg,0.2042807340621948,False
3c1645748.jpg,0.2020985931158065,True
3c1645748.jpg,0.1908147782087326,False
3c1645748.jpg,0.1859853118658065,True
3c1645748.jpg,0.1790900379419326,True
3c1645748.jpg,0.1632513701915741,False
3c1645748.jpg,0.1612500548362732,True
3c1645748.jpg,0.1512534916400909,True
3c1645748.jpg,0.1463839560747146,True
3c1645748.jpg,0.1447730660438537,True
3c1645748.jpg,0.1377459019422531,False
3c1645748.jpg,0.1375442296266555,True
3c1645748.jpg,0.13416388630867,False
3c1645748.jpg,0.1154684945940971,True
3c1645748.jpg,0.1034334450960159,True
3c1645748.jpg,0.1029836684465408,False
3c1645748.jpg,0.1026453897356987,True
3c1645748.jpg,0.1016569212079048,False
3c1645748.jpg,0.0954089984297752,True
3c1645748.jpg,0.0902170985937118,False
3c1645748.jpg,0.0747369974851608,False
3c1645748.jpg,0.0692426189780235,True
3c1645748.jpg,0.0660028159618377,True
3c1645748.jpg,0.0658586323261261,False
3c1645748.jpg,0.0574881434440612,False
3c1645748.jpg,0.057163331657648,True
3c1645748.jpg,0.0539610013365745,False
3c1645748.jpg,0.0532740354537963,True
3c1b0cc0e.jpg,0.7876359224319458,False
3c1b0cc0e.jpg,0.102470226585865,True
3c279e5f6.jpg,0.8522089719772339,False
3c2952f27.jpg,0.9236797094345092,False
3c2d3f333.jpg,0.8621729016304016,False
3c2d3f333.jpg,0.565762460231781,False
3c2d3f333.jpg,0.5383485555648804,False
3c2d3f333.jpg,0.4646751582622528,False
3c2d3f333.jpg,0.2926303446292877,True
3c2d3f333.jpg,0.1413945406675338,False
3c6d1cf3a.jpg,0.7462063431739807,False
3c6d1cf3a.jpg,0.3696307837963104,False
3c6d1cf3a.jpg,0.3333475291728973,False
3c7ca5044.jpg,0.8193680047988892,False
3c7ca5044.jpg,0.1429798007011413,True
3c7ca5044.jpg,0.1336422264575958,True
3c85119cc.jpg,0.7119014263153076,False
3c85119cc.jpg,0.5943905711174011,False
3c8bdfdb3.jpg,0.8957922458648682,False
3c95ba2f3.jpg,0.611009418964386,False
3c9ffb788.jpg,0.3186476528644562,False
3c9ffb788.jpg,0.2781495749950409,False
3c9ffb788.jpg,0.1893236935138702,True
3cab5b14f.jpg,0.8648450970649719,False
3cad31947.jpg,0.8803057670593262,False
3cbe7318f.jpg,0.3803099989891052,False
3cbe7318f.jpg,0.3765625953674316,False
3cbe7318f.jpg,0.3385260999202728,False
3cbe7318f.jpg,0.2725843787193298,False
3cbe7318f.jpg,0.2195608168840408,False
3cbe7318f.jpg,0.1805366426706314,False
3cbe7318f.jpg,0.0635965391993522,False
3cbe7318f.jpg,0.0538581013679504,False
3cbe7318f.jpg,0.0513408631086349,False
3cc1bdaa3.jpg,0.2073267549276352,False
3cc1bdaa3.jpg,0.1630274355411529,False
3cc1bdaa3.jpg,0.1526898145675659,True
3cc1bdaa3.jpg,0.0894246622920036,True
3cdac0854.jpg,0.8587416410446167,False
3cdac0854.jpg,0.0567514300346374,True
3cdd4ef66.jpg,0.8688108921051025,False
3cdd4ef66.jpg,0.1329496204853058,True
3cdd4ef66.jpg,0.0531674996018409,True
3cf8e3abb.jpg,0.5805328488349915,False
3cf8e3abb.jpg,0.1325500309467315,False
3cff25c03.jpg,0.3177889287471771,False
3cff25c03.jpg,0.1608990132808685,False
3d04d0e48.jpg,0.5858192443847656,False
3d04d0e48.jpg,0.3382365703582763,False
3d04d0e48.jpg,0.1633926928043365,True
3d04d0e48.jpg,0.1630431711673736,True
3d04d0e48.jpg,0.158985435962677,False
3d04d0e48.jpg,0.1500262022018432,False
3d04d0e48.jpg,0.0694211348891258,False
3d04d0e48.jpg,0.0584027282893657,True
3d04d0e48.jpg,0.0528502650558948,True
3d077d28f.jpg,0.3756541311740875,False
3d077d28f.jpg,0.242032915353775,False
3d077d28f.jpg,0.0631834790110588,True
3d077d28f.jpg,0.0510745979845523,True
3d13f18ac.jpg,0.6299822330474854,False
3d192187a.jpg,0.876667320728302,False
3d192187a.jpg,0.8647474646568298,False
3d192187a.jpg,0.858441948890686,False
3d192187a.jpg,0.8310756087303162,False
3d192187a.jpg,0.73975670337677,False
3d192187a.jpg,0.5274786353111267,False
3d192187a.jpg,0.5237721800804138,False
3d192187a.jpg,0.4930191338062286,False
3d192187a.jpg,0.407997578382492,False
3d192187a.jpg,0.3503432273864746,False
3d192187a.jpg,0.2918659746646881,False
3d192187a.jpg,0.2243535220623016,False
3d192187a.jpg,0.2240935862064361,False
3d192187a.jpg,0.1693593859672546,False
3d192187a.jpg,0.1297681331634521,False
3d192187a.jpg,0.063011422753334,False
3d192187a.jpg,0.0518255904316902,False
3d2f841a8.jpg,0.479484498500824,False
3d2f841a8.jpg,0.4098358154296875,True
3d2f841a8.jpg,0.4076892733573913,True
3d2f841a8.jpg,0.2389439195394516,False
3d2f841a8.jpg,0.2358857244253158,True
3d2f841a8.jpg,0.2216953933238983,True
3d2f841a8.jpg,0.1752944588661193,True
3d2f841a8.jpg,0.1414822787046432,False
3d2f841a8.jpg,0.1371515095233917,True
3d2f841a8.jpg,0.0889432430267334,True
3d2f841a8.jpg,0.088396780192852,True
3d2f841a8.jpg,0.0765748843550682,True
3d2f841a8.jpg,0.0749157443642616,True
3d2f841a8.jpg,0.0647069737315177,True
3d2f841a8.jpg,0.063607320189476,True
3d3aebc0a.jpg,0.661774754524231,False
3d51043d5.jpg,0.6726326942443848,False
3d51043d5.jpg,0.6485161185264587,False
3d51043d5.jpg,0.6484947204589844,False
3d51043d5.jpg,0.4042610824108124,False
3d51043d5.jpg,0.2655909359455108,True
3d51043d5.jpg,0.2183722555637359,False
3d51043d5.jpg,0.2119472622871399,True
3d51043d5.jpg,0.2102310210466385,False
3d51043d5.jpg,0.2010990679264068,False
3d51043d5.jpg,0.1930770128965377,True
3d51043d5.jpg,0.1860866695642471,True
3d51043d5.jpg,0.173660323023796,True
3d51043d5.jpg,0.1391749083995819,False
3d51043d5.jpg,0.125494971871376,True
3d51043d5.jpg,0.1243268027901649,False
3d51043d5.jpg,0.1204402297735214,True
3d51043d5.jpg,0.1100869849324226,False
3d51043d5.jpg,0.1004561185836792,False
3d51043d5.jpg,0.0746361538767814,True
3d51043d5.jpg,0.0743263885378837,True
3d51043d5.jpg,0.0714392811059951,False
3d51043d5.jpg,0.0638730525970459,True
3d51043d5.jpg,0.0610854364931583,True
3d61b732b.jpg,0.7024374604225159,False
3d61b732b.jpg,0.6748055815696716,True
3d61b732b.jpg,0.6569794416427612,False
3d61b732b.jpg,0.13658307492733,False
3d61b732b.jpg,0.0645557418465614,False
3d6cccde2.jpg,0.7237123847007751,False
3d75d9cf8.jpg,0.8059710264205933,False
3d75d9cf8.jpg,0.0882572829723358,False
3d7e3902d.jpg,0.1291233301162719,True
3d7e3902d.jpg,0.0904060825705528,True
3d7e3902d.jpg,0.0671270489692688,True
3d7e3902d.jpg,0.056564312428236,True
3d9a26f9c.jpg,0.8338825106620789,False
3da46e885.jpg,0.7681636810302734,False
3da46e885.jpg,0.764603316783905,False
3da46e885.jpg,0.7201641798019409,False
3da46e885.jpg,0.5879703760147095,False
3da46e885.jpg,0.0826390907168388,True
3da46e885.jpg,0.0611762441694736,True
3dce18ae2.jpg,0.8095175623893738,False
3dce18ae2.jpg,0.6875631809234619,False
3dce18ae2.jpg,0.2009058445692062,False
3dce4a975.jpg,0.6878821849822998,False
3dce4a975.jpg,0.0543740577995777,True
3de9473c0.jpg,0.8755877614021301,False
3de9ff590.jpg,0.8409427404403687,False
3de9ff590.jpg,0.8277997374534607,False
3de9ff590.jpg,0.6754525303840637,False
3de9ff590.jpg,0.5307196378707886,False
3de9ff590.jpg,0.0683113560080528,False
3de9ff590.jpg,0.0669233947992324,False
3de9ff590.jpg,0.0618275664746761,False
3df6ef309.jpg,0.8434467315673828,False
3df7a5277.jpg,0.7226898074150085,False
3e0086c9e.jpg,0.9678385257720948,True
3e0086c9e.jpg,0.8076080083847046,True
3e0086c9e.jpg,0.7696882486343384,False
3e0086c9e.jpg,0.3200872540473938,True
3e0086c9e.jpg,0.1216242313385009,True
3e0086c9e.jpg,0.0795993208885192,True
3e0086c9e.jpg,0.0711531713604927,True
3e0086c9e.jpg,0.0543559901416301,True
3e0dd9c9b.jpg,0.9176369905471802,False
3e473fcce.jpg,0.8926146626472473,False
3e473fcce.jpg,0.765379011631012,False
3e4e7490d.jpg,0.9222602248191832,False
3e7ef0b6d.jpg,0.1034021601080894,True
3e7ef0b6d.jpg,0.0866322517395019,True
3e7ef0b6d.jpg,0.0562914870679378,True
3e9201e47.jpg,0.8754624128341675,False
3e93c193f.jpg,0.0588225536048412,False
3ea250275.jpg,0.752140462398529,False
3ea250275.jpg,0.1614992767572403,True
3ea250275.jpg,0.1596060246229171,True
3ea250275.jpg,0.1118979007005691,True
3ea250275.jpg,0.086690716445446,True
3ea250275.jpg,0.0678430125117302,True
3ea250275.jpg,0.0606048703193664,True
3ea250275.jpg,0.0516451857984066,True
3eb941d75.jpg,0.6994590163230896,False
3eb941d75.jpg,0.0700158849358558,False
3ec4320cf.jpg,0.7382028698921204,False
3ec4320cf.jpg,0.3410040438175201,True
3ec985aaa.jpg,0.8369655609130859,False
3ec985aaa.jpg,0.5060470700263977,False
3ec985aaa.jpg,0.2521917223930359,True
3ec985aaa.jpg,0.1878381371498108,False
3ec985aaa.jpg,0.1704857498407364,True
3ec985aaa.jpg,0.0866751596331596,False
3ec985aaa.jpg,0.083038792014122,False
3ec9cde7f.jpg,0.9424520134925842,False
3ec9cde7f.jpg,0.8992404937744141,False
3ec9cde7f.jpg,0.898703396320343,False
3ec9cde7f.jpg,0.4411611258983612,False
3ec9cde7f.jpg,0.2452480643987655,True
3ec9cde7f.jpg,0.2090783864259719,True
3ec9cde7f.jpg,0.1732107549905777,True
3ec9cde7f.jpg,0.1606005430221557,True
3ed47493a.jpg,0.6382715702056885,False
3ed47493a.jpg,0.6345387101173401,False
3ed47493a.jpg,0.6189330816268921,False
3ed47493a.jpg,0.4873003661632538,True
3ed47493a.jpg,0.4835734069347381,False
3ed47493a.jpg,0.4674032032489776,False
3ed47493a.jpg,0.434029221534729,False
3ed47493a.jpg,0.3323042392730713,True
3ed47493a.jpg,0.2883128821849823,False
3ed47493a.jpg,0.2030532658100128,True
3ed47493a.jpg,0.1573234349489212,False
3ed47493a.jpg,0.156131774187088,True
3ed47493a.jpg,0.1169134825468063,True
3ed47493a.jpg,0.103932961821556,False
3ed47493a.jpg,0.1024659723043441,True
3ed47493a.jpg,0.0911245346069336,False
3ed47493a.jpg,0.0742847621440887,True
3ed47493a.jpg,0.0631213635206222,True
3ed47493a.jpg,0.0601877197623252,True
3ed47493a.jpg,0.0591647401452064,True
3ed47493a.jpg,0.0565277077257633,False
3ed913d43.jpg,0.7433342933654785,True
3ed913d43.jpg,0.6187183260917664,False
3ed913d43.jpg,0.1497957706451416,True
3ed913d43.jpg,0.1475093066692352,True
3ed913d43.jpg,0.1310905367136001,True
3ee37a460.jpg,0.9124533534049988,False
3efc950a3.jpg,0.5745931267738342,False
3efc950a3.jpg,0.1425187140703201,True
3efc950a3.jpg,0.0526339039206504,True
3f0ae1e0c.jpg,0.819180965423584,True
3f0ae1e0c.jpg,0.466218501329422,True
3f0ae1e0c.jpg,0.2358724325895309,False
3f0ae1e0c.jpg,0.1599308252334594,False
3f477dc12.jpg,0.5569759607315063,False
3f477dc12.jpg,0.1333169490098953,False
3f4e1ce2b.jpg,0.5701230764389038,False
3f5e476cd.jpg,0.8924866914749146,False
3f5fd01f4.jpg,0.852760910987854,False
3f5fd01f4.jpg,0.0544251762330532,True
3f8219477.jpg,0.8555922508239746,False
3fad94568.jpg,0.8716792464256287,False
3fad94568.jpg,0.8439801335334778,False
3fc0a74ab.jpg,0.5714635848999023,False
3fd3e6246.jpg,0.9019474387168884,False
3fd4eb711.jpg,0.333967924118042,False
3fd4eb711.jpg,0.3144266307353973,False
3fd4eb711.jpg,0.2300945371389389,True
3fd4eb711.jpg,0.2016303986310959,True
3fd4eb711.jpg,0.1710083186626434,False
3fd4eb711.jpg,0.1555482149124145,True
3fd4eb711.jpg,0.1382933259010315,True
3fd4eb711.jpg,0.0876099467277526,True
3fd4eb711.jpg,0.0858458802103996,False
3fd4eb711.jpg,0.0841725915670394,True
3fe17e276.jpg,0.8091188669204712,False
3fe17e276.jpg,0.6549209952354431,False
3fe17e276.jpg,0.6046889424324036,False
3fe17e276.jpg,0.523982584476471,False
3fe17e276.jpg,0.2253025770187378,False
3fe17e276.jpg,0.0840037688612937,True
3fe17e276.jpg,0.0656948015093803,False
3fe82fd2e.jpg,0.8689903616905212,False
3ff475406.jpg,0.2166834324598312,False
3ff475406.jpg,0.2007039785385131,False
3ff475406.jpg,0.1453517228364944,True
3ff475406.jpg,0.085621640086174,False
3ff475406.jpg,0.0621150285005569,True
3ff475406.jpg,0.0540642030537128,False
3ffc3a555.jpg,0.8055986166000366,False
40099a5a6.jpg,0.8502405881881714,False
40099a5a6.jpg,0.8313981890678406,False
40099a5a6.jpg,0.3876064419746399,False
40099a5a6.jpg,0.3852773010730743,True
40099a5a6.jpg,0.3735347688198089,False
40099a5a6.jpg,0.3605960309505462,False
40099a5a6.jpg,0.3275669515132904,False
40099a5a6.jpg,0.3071365654468536,False
40099a5a6.jpg,0.2338510602712631,True
40099a5a6.jpg,0.210454910993576,False
40099a5a6.jpg,0.191758394241333,False
40099a5a6.jpg,0.1888588368892669,False
40099a5a6.jpg,0.1835232377052307,False
40099a5a6.jpg,0.1748475283384323,True
40099a5a6.jpg,0.1571938246488571,False
40099a5a6.jpg,0.0862074121832847,False
40099a5a6.jpg,0.0812151581048965,True
40099a5a6.jpg,0.061537392437458,False
402a1d27f.jpg,0.6581317782402039,False
402b8c1f8.jpg,0.8785075545310974,False
402fa9eb2.jpg,0.8700042366981506,False
4030513da.jpg,0.9770814776420592,False
403213db3.jpg,0.7889646887779236,False
403351dad.jpg,0.8845195174217224,False
403acf5c0.jpg,0.774101972579956,False
403acf5c0.jpg,0.3878780007362366,False
403acf5c0.jpg,0.1616833955049514,False
406e8cc87.jpg,0.2287080734968185,False
406e8cc87.jpg,0.225755825638771,False
406e8cc87.jpg,0.0939812734723091,True
4073a7e1e.jpg,0.7700225114822388,False
4073b0eb1.jpg,0.7158820033073425,False
4073b0eb1.jpg,0.6009019017219543,False
4074ff463.jpg,0.9601253867149352,False
4074ff463.jpg,0.9156518578529358,False
4074ff463.jpg,0.8163551092147827,False
4074ff463.jpg,0.0992935225367546,True
4074ff463.jpg,0.0864682272076606,True
4074ff463.jpg,0.0636045411229133,True
407f39acc.jpg,0.34829181432724,False
407f39acc.jpg,0.2206297069787979,False
407f39acc.jpg,0.1178627386689186,False
4084a2c92.jpg,0.667875349521637,False
4086a8dfc.jpg,0.9065166711807252,False
4086a8dfc.jpg,0.8859178423881531,False
4089f465e.jpg,0.924819827079773,False
4089f465e.jpg,0.8961331844329834,False
4089f465e.jpg,0.8676490187644958,False
4089f465e.jpg,0.8496706485748291,False
4089f465e.jpg,0.8414329886436462,False
4089f465e.jpg,0.8405107259750366,False
4089f465e.jpg,0.8150228261947632,False
4089f465e.jpg,0.7237780094146729,False
4089f465e.jpg,0.7093741297721863,False
4089f465e.jpg,0.5901449918746948,False
4089f465e.jpg,0.363632321357727,False
4089f465e.jpg,0.3574038743972778,False
4089f465e.jpg,0.2657066583633423,False
4089f465e.jpg,0.2136979699134826,False
4089f465e.jpg,0.0868390500545501,False
4089f465e.jpg,0.0501493141055107,True
409f8725a.jpg,0.9486122131347656,False
409f8725a.jpg,0.9071001410484314,False
409f8725a.jpg,0.6045485138893127,False
40a0415ef.jpg,0.3584254086017608,False
40a0415ef.jpg,0.301911860704422,False
40a0415ef.jpg,0.183827593922615,False
40a0415ef.jpg,0.143297016620636,False
40a0415ef.jpg,0.0905316397547721,False
40a0415ef.jpg,0.0529201999306678,False
40a063a6b.jpg,0.909187376499176,False
40a063a6b.jpg,0.8749428987503052,False
40a063a6b.jpg,0.5251778364181519,False
40a063a6b.jpg,0.3102828860282898,False
40a063a6b.jpg,0.2141855061054229,True
40a063a6b.jpg,0.2049503922462463,False
40a3703ec.jpg,0.1473135650157928,True
40a3703ec.jpg,0.1319305598735809,True
40a3703ec.jpg,0.084857665002346,False
40a3703ec.jpg,0.0655570924282074,True
40b66f998.jpg,0.628788411617279,False
40b66f998.jpg,0.492369532585144,False
40b66f998.jpg,0.1013960316777229,False
40b66f998.jpg,0.0990111380815506,False
40bc60e5d.jpg,0.6185763478279114,False
40bc60e5d.jpg,0.3428080379962921,False
40bc60e5d.jpg,0.2513190805912018,False
40bc60e5d.jpg,0.1049698516726493,True
40cb96d56.jpg,0.7482752203941345,False
40cb96d56.jpg,0.5305358171463013,False
40cb96d56.jpg,0.2548128068447113,False
40cb96d56.jpg,0.2204862385988235,False
40cb96d56.jpg,0.2038537561893463,False
40cb96d56.jpg,0.1962090283632278,False
40cb96d56.jpg,0.1755336672067642,False
40cb96d56.jpg,0.1389592289924621,True
40cb96d56.jpg,0.1102756783366203,False
40cb96d56.jpg,0.074087344110012,False
40d8f1fb5.jpg,0.299818217754364,False
40d8f1fb5.jpg,0.0696923062205314,False
40e97d711.jpg,0.3569707870483398,False
40e97d711.jpg,0.2909693419933319,False
40e97d711.jpg,0.0898071900010109,False
40f0e9509.jpg,0.5841781497001648,False
40f0e9509.jpg,0.2914708256721496,False
410251d55.jpg,0.5408133864402771,False
410251d55.jpg,0.462235540151596,False
410251d55.jpg,0.4330284893512726,False
410251d55.jpg,0.3352862298488617,False
410251d55.jpg,0.0833585038781166,False
41150fe77.jpg,0.907543420791626,False
41150fe77.jpg,0.864316463470459,False
4140138cd.jpg,0.2955958545207977,False
4140138cd.jpg,0.2538353502750397,False
4140138cd.jpg,0.1827965676784515,True
414a15420.jpg,0.0596459731459617,True
414da43c6.jpg,0.8839954733848572,False
414da43c6.jpg,0.4213367402553558,False
414da43c6.jpg,0.0881376042962074,False
4151943b9.jpg,0.9261886477470398,False
4151943b9.jpg,0.8595705032348633,False
4151943b9.jpg,0.8321409821510315,False
4151943b9.jpg,0.8254097700119019,False
4151943b9.jpg,0.0716198533773422,True
4151943b9.jpg,0.0531957112252712,True
4163827ad.jpg,0.936914086341858,False
4163827ad.jpg,0.0790962874889373,True
4163827ad.jpg,0.0647836327552795,True
41841b013.jpg,0.8688318729400635,False
41841b013.jpg,0.4142742455005646,False
41841b013.jpg,0.2481231540441513,False
418943434.jpg,0.3741171658039093,False
418943434.jpg,0.0646900311112403,False
418baabc2.jpg,0.8620410561561584,False
418baabc2.jpg,0.8599180579185486,False
418baabc2.jpg,0.7364398241043091,False
418baabc2.jpg,0.2100989669561386,True
418baabc2.jpg,0.1824598759412765,True
418baabc2.jpg,0.1151182129979133,True
418baabc2.jpg,0.0747386515140533,True
418baabc2.jpg,0.0727303922176361,True
41936fbd5.jpg,0.8567231297492981,False
41936fbd5.jpg,0.8113059401512146,False
4193b8be1.jpg,0.9114818572998048,False
41aceadf8.jpg,0.3258083164691925,False
41aceadf8.jpg,0.300987184047699,False
41aceadf8.jpg,0.2910023927688598,False
41aceadf8.jpg,0.2524396777153015,False
41aceadf8.jpg,0.2129879742860794,False
41aceadf8.jpg,0.1249885410070419,False
41aceadf8.jpg,0.1237582862377166,False
41aceadf8.jpg,0.1217773705720901,False
41aceadf8.jpg,0.114175908267498,False
41aceadf8.jpg,0.0681669190526008,True
41aceadf8.jpg,0.0652225166559219,False
41b682e28.jpg,0.8573960065841675,False
41b682e28.jpg,0.7970482110977173,False
41b682e28.jpg,0.7712295651435852,False
41ccfe7e1.jpg,0.5259818434715271,False
41ccfe7e1.jpg,0.3881065249443054,False
41ccfe7e1.jpg,0.3499056398868561,False
41ccfe7e1.jpg,0.2503218054771423,False
41ccfe7e1.jpg,0.1507850587368011,False
41ccfe7e1.jpg,0.1154285222291946,False
41dd57ede.jpg,0.7945543527603149,False
41dd57ede.jpg,0.4394374489784241,True
41dd57ede.jpg,0.202280193567276,True
41dd57ede.jpg,0.1148544251918792,True
41dd57ede.jpg,0.081847533583641,True
41ee21436.jpg,0.8167420625686646,False
41ee21436.jpg,0.7455661296844482,False
41ee21436.jpg,0.7131240367889404,False
41ee21436.jpg,0.4684248268604278,True
41ee21436.jpg,0.1897011995315551,False
41ee21436.jpg,0.1332629024982452,True
41ee21436.jpg,0.0897278264164924,True
41ee21436.jpg,0.0579522848129272,True
41ee21436.jpg,0.0560234859585762,True
41f15a6e7.jpg,0.9069725275039672,False
41fddc5eb.jpg,0.3490994274616241,False
41fddc5eb.jpg,0.2702774107456207,True
41fddc5eb.jpg,0.2311601042747497,False
41fff9476.jpg,0.7147589325904846,False
420234b88.jpg,0.8377009034156799,True
420234b88.jpg,0.7856315970420837,False
420234b88.jpg,0.7420538663864136,False
420234b88.jpg,0.6454848647117615,False
420234b88.jpg,0.1576017886400222,False
421ab75e7.jpg,0.88899827003479,False
421ab75e7.jpg,0.872514009475708,False
42232696d.jpg,0.8194456100463867,False
4236073e2.jpg,0.7123692035675049,False
4236073e2.jpg,0.659600555896759,False
4236073e2.jpg,0.5341472625732422,False
4236073e2.jpg,0.3553742170333862,False
4236073e2.jpg,0.2878317534923553,True
4236073e2.jpg,0.2507977187633514,False
4236073e2.jpg,0.2296069264411926,False
4236073e2.jpg,0.2234154343605041,True
4236073e2.jpg,0.1840699613094329,True
4236073e2.jpg,0.1779870241880417,False
4236073e2.jpg,0.1670708507299423,True
4236073e2.jpg,0.1376678198575973,True
4236073e2.jpg,0.1108656525611877,False
4236073e2.jpg,0.0994737148284912,True
4236073e2.jpg,0.0776170790195465,True
4236073e2.jpg,0.0611736476421356,True
4236073e2.jpg,0.0580814369022846,False
4236073e2.jpg,0.0576858259737491,True
4236073e2.jpg,0.0536739714443683,False
4236073e2.jpg,0.0535087175667285,True
4247cc4ab.jpg,0.863418698310852,False
4247cc4ab.jpg,0.7017645835876465,False
4247cc4ab.jpg,0.697426974773407,False
4247cc4ab.jpg,0.5629777908325195,False
4247cc4ab.jpg,0.4175191521644592,False
4247cc4ab.jpg,0.3850537240505218,False
4247cc4ab.jpg,0.3618477582931518,False
4247cc4ab.jpg,0.3211457729339599,False
4247cc4ab.jpg,0.3099985420703888,False
4247cc4ab.jpg,0.2864085435867309,False
4247cc4ab.jpg,0.2718485593795776,False
4247cc4ab.jpg,0.2646343410015106,False
4247cc4ab.jpg,0.2545735836029053,False
4247cc4ab.jpg,0.2448315322399139,True
4247cc4ab.jpg,0.2229553759098053,False
4247cc4ab.jpg,0.2179531306028366,False
4247cc4ab.jpg,0.1755223423242569,True
4247cc4ab.jpg,0.1612737327814102,False
4247cc4ab.jpg,0.151144802570343,False
4247cc4ab.jpg,0.1483975648880005,True
4247cc4ab.jpg,0.0953381210565567,True
4247cc4ab.jpg,0.0879476740956306,True
4247cc4ab.jpg,0.0849174857139587,True
4247cc4ab.jpg,0.0789515748620033,True
4247cc4ab.jpg,0.0777951553463935,True
4247cc4ab.jpg,0.0772162899374961,True
4247cc4ab.jpg,0.0713933035731315,True
4247cc4ab.jpg,0.0677627995610237,True
4247cc4ab.jpg,0.0575874559581279,True
4247cc4ab.jpg,0.0552158467471599,False
4247cc4ab.jpg,0.0518519096076488,False
427ac1c45.jpg,0.8931431770324707,False
429638fa2.jpg,0.5435888171195984,False
429638fa2.jpg,0.5374473929405212,True
429638fa2.jpg,0.3281325697898865,True
429756fba.jpg,0.8508589267730713,False
429756fba.jpg,0.844365119934082,False
429756fba.jpg,0.8286811709403992,False
429756fba.jpg,0.7967934012413025,False
429756fba.jpg,0.7834949493408203,False
42b5c9d2a.jpg,0.8539538979530334,False
42b5c9d2a.jpg,0.8017610907554626,False
42bee6533.jpg,0.8388569355010986,False
42bee6533.jpg,0.6963962316513062,False
42bee6533.jpg,0.6523024439811707,False
42bee6533.jpg,0.6132024526596069,False
42bee6533.jpg,0.6017895340919495,False
42bee6533.jpg,0.5991091132164001,False
42bee6533.jpg,0.5430606603622437,False
42bee6533.jpg,0.4772207736968994,False
42bee6533.jpg,0.4338444471359253,False
42bee6533.jpg,0.394680917263031,False
42bee6533.jpg,0.3481696844100952,False
42bee6533.jpg,0.3365641832351684,False
42bee6533.jpg,0.3132262825965881,False
42bee6533.jpg,0.1577020287513733,True
42bee6533.jpg,0.054451759904623,False
42bee6533.jpg,0.0533238910138607,False
42c71fb45.jpg,0.899591863155365,False
42c71fb45.jpg,0.8409411311149597,False
42c71fb45.jpg,0.636748731136322,False
42d5ffa51.jpg,0.3019043505191803,False
42d5ffa51.jpg,0.2949117422103882,False
42d5ffa51.jpg,0.2881162464618683,False
42d5ffa51.jpg,0.1747149229049682,False
42d5ffa51.jpg,0.0925647839903831,False
42f272b67.jpg,0.5634270906448364,False
42f272b67.jpg,0.1658566296100616,True
42f272b67.jpg,0.083576425909996,False
42f272b67.jpg,0.0694712474942207,False
42f272b67.jpg,0.0625502839684486,False
42f272b67.jpg,0.0517055243253707,False
42f3a4bc5.jpg,0.8690732717514038,False
42fc3e103.jpg,0.679210901260376,False
43074326f.jpg,0.8646235466003418,False
431a404fd.jpg,0.4178600013256073,False
431a404fd.jpg,0.2277847230434417,False
43215f9bc.jpg,0.273512989282608,False
43215f9bc.jpg,0.1698269695043563,False
43215f9bc.jpg,0.1092941910028457,True
43215f9bc.jpg,0.0941771492362022,False
43215f9bc.jpg,0.0777898579835891,False
43215f9bc.jpg,0.0738031715154647,False
43215f9bc.jpg,0.0553516745567321,True
433595bed.jpg,0.2879408299922943,False
433595bed.jpg,0.1609562039375305,False
433595bed.jpg,0.148678183555603,True
43374827b.jpg,0.8994700312614441,False
433898bef.jpg,0.9030100107192992,False
433898bef.jpg,0.8529002070426941,False
4342978a3.jpg,0.8526006937026978,False
4344dc460.jpg,0.8537524342536926,False
4344dc460.jpg,0.2410588860511779,True
4350e9b0f.jpg,0.8799543976783752,False
4350e9b0f.jpg,0.1144242733716964,True
435714c96.jpg,0.8169392347335815,False
435714c96.jpg,0.808893084526062,False
435714c96.jpg,0.7886790633201599,False
435714c96.jpg,0.7222179770469666,False
435714c96.jpg,0.6563339233398438,True
435714c96.jpg,0.6344403624534607,False
435714c96.jpg,0.5909202694892883,True
435714c96.jpg,0.5705324411392212,True
435714c96.jpg,0.4792838394641876,True
435714c96.jpg,0.3664754927158355,True
435714c96.jpg,0.3216423392295837,False
435714c96.jpg,0.2350498139858245,True
435714c96.jpg,0.2295323610305786,True
435714c96.jpg,0.2190959304571151,True
435714c96.jpg,0.1638624817132949,True
435714c96.jpg,0.1466454267501831,False
435714c96.jpg,0.1189020648598671,True
435714c96.jpg,0.102204605937004,True
435714c96.jpg,0.0895438268780708,False
435714c96.jpg,0.0648136287927627,True
435714c96.jpg,0.0590943321585655,True
435714c96.jpg,0.0579217076301574,True
435714c96.jpg,0.0565744936466217,True
435714c96.jpg,0.0540355630218982,True
435714c96.jpg,0.053583487868309,True
435714c96.jpg,0.0503397956490516,True
4385255d9.jpg,0.7883307933807373,False
438ed403a.jpg,0.8636683821678162,False
438ed403a.jpg,0.8183102607727051,False
438ed403a.jpg,0.7543668746948242,False
438ed403a.jpg,0.7054446935653687,False
438ed403a.jpg,0.7052395343780518,False
438ed403a.jpg,0.2268712073564529,True
438ed403a.jpg,0.0905811935663223,True
438ed403a.jpg,0.0649430230259895,True
438ed403a.jpg,0.0579587928950786,True
4390a9651.jpg,0.6860769987106323,False
4390a9651.jpg,0.6185528635978699,False
4390a9651.jpg,0.407376229763031,True
43ab0c4e5.jpg,0.55452561378479,False
43ab0c4e5.jpg,0.2614192068576813,False
43ab0c4e5.jpg,0.1910915523767471,True
43ab0c4e5.jpg,0.1422678530216217,False
43ab0c4e5.jpg,0.0613596625626087,True
43b30620e.jpg,0.8920465707778931,False
43b30620e.jpg,0.3174349367618561,False
43b30620e.jpg,0.2265371680259704,True
43b30620e.jpg,0.1079622507095336,False
43b30620e.jpg,0.0740647539496421,False
43bfbfa50.jpg,0.7753692269325256,False
43bfbfa50.jpg,0.3963367938995361,False
43bfbfa50.jpg,0.2600397169589996,True
43bfbfa50.jpg,0.2084612697362899,False
43bfbfa50.jpg,0.2057339996099472,True
43bfbfa50.jpg,0.1885500252246856,True
43bfbfa50.jpg,0.1561800241470337,True
43bfbfa50.jpg,0.1350737810134887,True
43bfbfa50.jpg,0.1198286861181259,True
43bfbfa50.jpg,0.0977782309055328,True
43bfbfa50.jpg,0.0897969380021095,True
43bfbfa50.jpg,0.0885694548487663,True
43bfbfa50.jpg,0.0669189244508743,True
43bfbfa50.jpg,0.0602381192147731,True
43bfbfa50.jpg,0.0509385801851749,True
43cee3daa.jpg,0.6641513705253601,False
43d10723a.jpg,0.5565840005874634,False
43e9a0907.jpg,0.8314527869224548,False
43f4acdc2.jpg,0.8842936158180237,False
4402f513e.jpg,0.8452852964401245,False
4402f513e.jpg,0.4751403033733368,False
4402f513e.jpg,0.059586577117443,True
441b224b9.jpg,0.6732040643692017,False
441b3befd.jpg,0.82571941614151,False
441b3befd.jpg,0.8096185326576233,False
441b3befd.jpg,0.7556688189506531,False
441cf4d9c.jpg,0.8555018305778503,False
44286579d.jpg,0.8932496905326843,False
44332fe33.jpg,0.856490969657898,False
443d09a36.jpg,0.8030164837837219,False
444db3028.jpg,0.9267196655273438,False
444db3028.jpg,0.8482130169868469,False
444db3028.jpg,0.7877765893936157,False
444db3028.jpg,0.1644129306077957,False
444db3028.jpg,0.1055318415164947,True
4482d89c5.jpg,0.3794286847114563,False
4482d89c5.jpg,0.084385834634304,True
4482d89c5.jpg,0.0602510757744312,True
448dd8e9a.jpg,0.8852375149726868,False
448dd8e9a.jpg,0.8725539445877075,False
449145852.jpg,0.3647857308387756,False
449145852.jpg,0.1971862465143203,False
449145852.jpg,0.1878182142972946,True
449145852.jpg,0.1797229498624801,True
449145852.jpg,0.1715178042650222,True
449145852.jpg,0.1671333014965057,False
449145852.jpg,0.1573499888181686,False
449145852.jpg,0.1552618741989135,True
449145852.jpg,0.140736699104309,False
449145852.jpg,0.0822247266769409,False
449145852.jpg,0.0670709013938903,True
449145852.jpg,0.0615073330700397,False
449145852.jpg,0.0570388957858085,False
449145852.jpg,0.0517564415931701,True
449638e41.jpg,0.57070392370224,True
449638e41.jpg,0.3782398104667663,False
449638e41.jpg,0.1064249277114868,True
44a897282.jpg,0.7873049378395081,False
44a897282.jpg,0.5657568573951721,False
44aa7e83a.jpg,0.8407991528511047,False
44c592564.jpg,0.8749330639839172,False
44e36ac80.jpg,0.867292582988739,False
44e39b2e3.jpg,0.357311487197876,False
44e39b2e3.jpg,0.2921352982521057,False
44e39b2e3.jpg,0.0917081534862518,False
44e67acb0.jpg,0.5625189542770386,False
452350dfd.jpg,0.3569974601268768,False
452350dfd.jpg,0.314006358385086,False
452350dfd.jpg,0.2923308610916137,False
452350dfd.jpg,0.2429459244012832,False
452350dfd.jpg,0.2262376099824905,True
452350dfd.jpg,0.1994293183088302,False
452350dfd.jpg,0.1178393512964248,True
452350dfd.jpg,0.1148758009076118,False
452350dfd.jpg,0.0939656794071197,True
452350dfd.jpg,0.066907450556755,False
452350dfd.jpg,0.0634567365050315,True
452350dfd.jpg,0.0566762313246727,True
452350dfd.jpg,0.0553977936506271,True
457473d8e.jpg,0.2022697180509567,False
457473d8e.jpg,0.1099410057067871,False
457473d8e.jpg,0.0863985270261764,False
457ccfd29.jpg,0.8471866250038147,False
457ccfd29.jpg,0.8040659427642822,False
457ccfd29.jpg,0.3108875453472137,False
4584a6187.jpg,0.8382824659347534,False
4584a6187.jpg,0.0786617249250412,True
4589cba92.jpg,0.602534294128418,False
458aba0b4.jpg,0.2258215099573135,False
458aba0b4.jpg,0.1572149246931076,False
458aba0b4.jpg,0.1046252697706222,False
45971ad97.jpg,0.4352718591690063,False
45971ad97.jpg,0.0744672194123268,False
459de5394.jpg,0.5929501056671143,False
459de5394.jpg,0.1461794674396515,False
45a3d8946.jpg,0.2390862256288528,True
45a3d8946.jpg,0.2318429350852966,False
45a3d8946.jpg,0.2040242254734039,False
45a3d8946.jpg,0.2014201581478119,False
45a3d8946.jpg,0.1951376050710678,False
45a3d8946.jpg,0.136333093047142,False
45a3d8946.jpg,0.1360316425561905,False
45a3d8946.jpg,0.0989496409893035,False
45a3d8946.jpg,0.0626389160752296,False
45bb159c6.jpg,0.8305085301399231,False
45c3dffcd.jpg,0.9158483147621156,False
45e9ff7f2.jpg,0.336131602525711,True
45e9ff7f2.jpg,0.296038955450058,True
45f460faa.jpg,0.8933482766151428,True
45f460faa.jpg,0.7878661751747131,False
45fe47755.jpg,0.5804737210273743,False
45fe47755.jpg,0.4978981018066406,False
45fe47755.jpg,0.4689850509166717,False
45fe47755.jpg,0.4656704366207123,False
45fe47755.jpg,0.3761011958122253,False
45fe47755.jpg,0.3757722377777099,False
45fe47755.jpg,0.3181515634059906,False
45fe47755.jpg,0.301035463809967,False
45fe47755.jpg,0.2632996141910553,False
45fe47755.jpg,0.2434161752462387,False
45fe47755.jpg,0.2320620864629745,True
45fe47755.jpg,0.167705088853836,False
45fe47755.jpg,0.1622532159090042,False
45fe47755.jpg,0.16000996530056,False
45fe47755.jpg,0.143641784787178,False
45fe47755.jpg,0.1092777550220489,False
45fe47755.jpg,0.0983151942491531,False
45fe47755.jpg,0.0718730241060257,True
45fe47755.jpg,0.0706087797880172,False
45fe47755.jpg,0.067623071372509,False
45fe47755.jpg,0.0598283745348453,False
45fe47755.jpg,0.0567659102380275,False
460dfa822.jpg,0.8171155452728271,False
461f9e3e6.jpg,0.6611647009849548,False
461f9e3e6.jpg,0.3750776946544647,True
461f9e3e6.jpg,0.1448954343795776,True
461f9e3e6.jpg,0.131905049085617,True
461f9e3e6.jpg,0.1064639836549758,True
461f9e3e6.jpg,0.0875830426812172,True
461f9e3e6.jpg,0.0578426010906696,True
461f9e3e6.jpg,0.0550175867974758,True
4623c9168.jpg,0.8407347798347473,False
4637d51ca.jpg,0.8054203391075134,False
463be5d05.jpg,0.8818032145500183,False
463be5d05.jpg,0.8196278810501099,False
463be5d05.jpg,0.097717247903347,True
463be5d05.jpg,0.0954970195889473,True
4655f8793.jpg,0.8811766505241394,False
4655f8793.jpg,0.8372041583061218,False
4655f8793.jpg,0.8082403540611267,False
4655f8793.jpg,0.8081943392753601,False
4655f8793.jpg,0.7061960697174072,False
4673287ee.jpg,0.8868333697319031,False
46738732d.jpg,0.8864527940750122,False
4684ece3a.jpg,0.4979720413684845,False
46904ccab.jpg,0.8811743259429932,False
46904ccab.jpg,0.8376344442367554,False
46904ccab.jpg,0.4132432341575622,False
46904ccab.jpg,0.2004330307245254,False
46904ccab.jpg,0.0992176830768585,True
469469108.jpg,0.5332401990890503,False
469469108.jpg,0.118858702480793,False
469469108.jpg,0.0599166303873062,False
46afb91b4.jpg,0.2610150575637817,False
46afb91b4.jpg,0.2508244216442108,False
46afb91b4.jpg,0.220384731888771,True
46afb91b4.jpg,0.2187852561473846,False
46afb91b4.jpg,0.1405082792043686,False
46afb91b4.jpg,0.1216226816177368,False
46afb91b4.jpg,0.0923039317131042,False
46afb91b4.jpg,0.0653115361928939,False
46afb91b4.jpg,0.0613830089569091,False
46b3bd9a2.jpg,0.8451575636863708,False
46b3bd9a2.jpg,0.2797882258892059,False
46b3bd9a2.jpg,0.2323850095272064,False
46b90a610.jpg,0.8675493597984314,False
46c361771.jpg,0.3645084500312805,False
46c361771.jpg,0.2062913030385971,False
46c361771.jpg,0.1345717459917068,False
46c361771.jpg,0.1112942025065422,True
46cd5b9e0.jpg,0.4441211223602295,False
46cd5b9e0.jpg,0.2395987808704376,True
46cd5b9e0.jpg,0.1678728312253952,True
46cd5b9e0.jpg,0.0505077429115772,False
46dd54208.jpg,0.3786576390266418,False
46dd54208.jpg,0.0882081463932991,False
46dd54208.jpg,0.0822871774435043,True
46e3b9905.jpg,0.3065663576126098,False
46e3b9905.jpg,0.301573634147644,False
46e3b9905.jpg,0.1252387166023254,False
46e3b9905.jpg,0.0899542048573494,False
470dd8fc3.jpg,0.8698021769523621,False
470dd8fc3.jpg,0.0539874397218227,True
470e822a3.jpg,0.921807825565338,False
471789c33.jpg,0.7025424242019653,False
471789c33.jpg,0.6265068650245667,False
471789c33.jpg,0.6042419075965881,False
471789c33.jpg,0.577208399772644,False
471789c33.jpg,0.5723381638526917,False
471789c33.jpg,0.5594992637634277,False
471789c33.jpg,0.4953274428844452,False
471789c33.jpg,0.4008899629116058,False
471789c33.jpg,0.3522019982337951,False
471789c33.jpg,0.3289757966995239,False
471789c33.jpg,0.1736827045679092,False
471789c33.jpg,0.1477229595184326,True
471789c33.jpg,0.1393049955368042,False
471789c33.jpg,0.0860776901245117,False
471789c33.jpg,0.0824624970555305,True
471789c33.jpg,0.0709190890192985,False
471789c33.jpg,0.0520982891321182,False
4721c48a7.jpg,0.2278744727373123,True
4721c48a7.jpg,0.2156310379505157,True
4721c48a7.jpg,0.1606648117303848,True
4721c48a7.jpg,0.1460525095462799,True
4721c48a7.jpg,0.099613219499588,True
4721c48a7.jpg,0.0764908418059349,True
476c0eca7.jpg,0.8962730765342712,False
477d7b21a.jpg,0.7118225693702698,False
477d7b21a.jpg,0.2415467053651809,True
477d7b21a.jpg,0.0686283856630325,True
47aecfd34.jpg,0.7614259123802185,False
47aecfd34.jpg,0.6966504454612732,False
47aecfd34.jpg,0.5814962983131409,False
47aecfd34.jpg,0.5466737151145935,False
47aecfd34.jpg,0.3426805138587951,False
47aecfd34.jpg,0.1578486412763595,False
47b0f0836.jpg,0.3195498585700989,True
47b0f0836.jpg,0.2572393119335174,False
47b0f0836.jpg,0.2297246754169464,False
47b0f0836.jpg,0.19995878636837,True
47b0f0836.jpg,0.1858281344175338,False
47b0f0836.jpg,0.1839712262153625,True
47b0f0836.jpg,0.1669850647449493,False
47b0f0836.jpg,0.1151682212948799,True
47b0f0836.jpg,0.0693601667881012,False
47b0f0836.jpg,0.0618855059146881,True
47cede9f5.jpg,0.772229015827179,False
47cede9f5.jpg,0.7061073184013367,False
47cede9f5.jpg,0.7046362161636353,False
47cede9f5.jpg,0.2126356214284896,False
47cede9f5.jpg,0.0812871679663658,True
47df617be.jpg,0.3110224902629852,False
47df617be.jpg,0.2429480701684951,False
47df617be.jpg,0.0752564668655395,False
47df617be.jpg,0.0670268163084983,False
47df617be.jpg,0.0603928193449974,False
47f604bcf.jpg,0.9136506915092468,False
47f8568e4.jpg,0.3533197939395904,False
47f8568e4.jpg,0.2869762480258941,False
47f8568e4.jpg,0.2291706204414367,False
4808c9479.jpg,0.7957959175109863,False
4813d4902.jpg,0.7181914448738098,False
4813d4902.jpg,0.4152410626411438,False
4813d4902.jpg,0.2539535164833069,False
4813d4902.jpg,0.1962457299232483,False
4813d4902.jpg,0.1339618414640426,False
4813d4902.jpg,0.0520552583038806,True
481de4313.jpg,0.8740710020065308,False
481de4313.jpg,0.8628630638122559,False
481de4313.jpg,0.8547976613044739,False
481e3da38.jpg,0.8360589146614075,False
481fab8cc.jpg,0.379163533449173,False
481fab8cc.jpg,0.0992649123072624,False
482010962.jpg,0.8569923639297485,False
482010962.jpg,0.823399007320404,False
482010962.jpg,0.3525693714618683,False
482010962.jpg,0.2630869150161743,False
482010962.jpg,0.2543685734272003,True
482010962.jpg,0.2482110410928726,True
482010962.jpg,0.1346629112958908,True
482010962.jpg,0.123481847345829,False
482010962.jpg,0.1119852364063263,True
482010962.jpg,0.1082427054643631,True
482010962.jpg,0.0711921975016594,True
482010962.jpg,0.0615773387253284,True
482010962.jpg,0.0542403869330883,True
482010962.jpg,0.0515222661197185,True
484068fb7.jpg,0.7431349158287048,False
484068fb7.jpg,0.6072095036506653,False
484068fb7.jpg,0.4183828830718994,False
484068fb7.jpg,0.259813904762268,False
484068fb7.jpg,0.204821765422821,False
484068fb7.jpg,0.1385127604007721,True
484068fb7.jpg,0.1304042190313339,True
484068fb7.jpg,0.1234122514724731,False
484068fb7.jpg,0.0962479934096336,True
484068fb7.jpg,0.0774546265602111,True
484068fb7.jpg,0.0575469955801963,True
484f3b0a2.jpg,0.3291238248348236,False
484f3b0a2.jpg,0.3099996745586395,False
484f3b0a2.jpg,0.2918361127376556,False
484f3b0a2.jpg,0.1222072541713714,False
484f3b0a2.jpg,0.1159451305866241,False
487f71148.jpg,0.584289014339447,False
487f71148.jpg,0.5549670457839966,False
487f71148.jpg,0.4665912985801697,False
48813ea14.jpg,0.4663205742835998,False
48813ea14.jpg,0.069976806640625,False
48813ea14.jpg,0.0521253272891044,False
4888422cb.jpg,0.6794512867927551,False
4888422cb.jpg,0.5724025964736938,False
4888422cb.jpg,0.1048727259039878,False
488c93cff.jpg,0.901738464832306,False
488d85e68.jpg,0.8798077702522278,False
488fb7cec.jpg,0.86723393201828,False
488fb7cec.jpg,0.4730180501937866,False
488fb7cec.jpg,0.090427242219448,False
48bae3234.jpg,0.8440243601799011,False
48c9a949d.jpg,0.319610595703125,True
48c9a949d.jpg,0.2787427604198456,True
48c9a949d.jpg,0.0579409338533878,True
48c9a949d.jpg,0.0573412477970123,False
48cffba29.jpg,0.6914049983024597,False
48cffba29.jpg,0.6892520785331726,False
48cffba29.jpg,0.4050023555755615,True
48cffba29.jpg,0.1778091937303543,True
48cffba29.jpg,0.1200420409440994,True
48cffba29.jpg,0.108552485704422,True
48e0b2a3c.jpg,0.4756084084510803,False
48e2b156c.jpg,0.8843368291854858,False
48e2b156c.jpg,0.832525372505188,False
48e2b156c.jpg,0.8261445164680481,False
48e2b156c.jpg,0.8238487243652344,False
48e2b156c.jpg,0.7945164442062378,False
48e2b156c.jpg,0.780825138092041,False
48e2b156c.jpg,0.6606887578964233,False
48e2b156c.jpg,0.4204367995262146,False
48eb5eac0.jpg,0.3058611154556274,False
48eb5eac0.jpg,0.1147367805242538,False
48eb5eac0.jpg,0.0609393939375877,True
48eb5eac0.jpg,0.0598924532532691,False
48eb5eac0.jpg,0.0579647347331047,True
49112920a.jpg,0.9197817444801332,False
49164130a.jpg,0.914704442024231,False
49164130a.jpg,0.0690115764737129,True
492245c35.jpg,0.3323133587837219,False
492245c35.jpg,0.1480879783630371,False
492245c35.jpg,0.0644783303141594,False
492245c35.jpg,0.0573586747050285,False
492b171a5.jpg,0.8528590202331543,False
492b171a5.jpg,0.452494353055954,False
492b171a5.jpg,0.266661524772644,False
4948153c1.jpg,0.3905434608459472,False
4948153c1.jpg,0.0905754566192627,False
495e9bde5.jpg,0.8458837270736694,False
496f2e669.jpg,0.8953157663345337,False
49a9b79c4.jpg,0.8889389038085938,False
49b3e4602.jpg,0.8369819521903992,False
49b3e4602.jpg,0.4530470371246338,False
49b3e4602.jpg,0.3473057746887207,False
49b3e4602.jpg,0.0651782527565956,True
49b3e4602.jpg,0.0575132854282856,False
49c087fe9.jpg,0.6938679218292236,False
49c087fe9.jpg,0.5583675503730774,False
49c087fe9.jpg,0.4427050948143005,False
49c087fe9.jpg,0.3102856278419494,False
49c087fe9.jpg,0.2860395312309265,False
49c087fe9.jpg,0.2219739258289337,False
49c087fe9.jpg,0.1709280312061309,False
49c087fe9.jpg,0.0672833546996116,False
49d59532d.jpg,0.6416524648666382,False
49dfe969e.jpg,0.5177894830703735,False
49dfe969e.jpg,0.107893206179142,True
49dfe969e.jpg,0.0716276168823242,True
49dfe969e.jpg,0.0519221238791942,True
49e25920f.jpg,0.2479788810014724,False
49e25920f.jpg,0.1243154853582382,True
49e25920f.jpg,0.107554130256176,True
49ed1faba.jpg,0.7961759567260742,False
49f629913.jpg,0.9149740934371948,False
49f629913.jpg,0.8745661973953247,False
49f629913.jpg,0.8614020347595215,False
49f629913.jpg,0.861323893070221,False
49f629913.jpg,0.8318463563919067,False
49f629913.jpg,0.6662302613258362,False
49f629913.jpg,0.5343775749206543,False
49f629913.jpg,0.5216200947761536,False
49f629913.jpg,0.488234668970108,False
49f629913.jpg,0.4292513132095337,False
49f629913.jpg,0.3267688751220703,False
49f629913.jpg,0.2685240507125854,False
49f629913.jpg,0.2081217169761657,False
49f629913.jpg,0.2035807818174362,False
49f629913.jpg,0.148356407880783,False
49f629913.jpg,0.0939235165715217,False
49f629913.jpg,0.0806256160140037,False
49f629913.jpg,0.0733348205685615,False
49fd215b4.jpg,0.8785910606384277,False
49fd215b4.jpg,0.1174531579017639,True
4a016fb73.jpg,0.342986524105072,False
4a016fb73.jpg,0.168526753783226,False
4a016fb73.jpg,0.0611905679106712,False
4a1a7ea2f.jpg,0.7202896475791931,False
4a1a7ea2f.jpg,0.648716926574707,False
4a2753273.jpg,0.1178603544831276,True
4a2753273.jpg,0.0742720738053321,True
4a2753273.jpg,0.0541404597461223,True
4a2bd4d7b.jpg,0.834717333316803,False
4a2be955d.jpg,0.757093071937561,False
4a31f722e.jpg,0.9054176807403564,False
4a32da6a0.jpg,0.7320249676704407,False
4a36d86bf.jpg,0.2791886627674103,True
4a36d86bf.jpg,0.2409214973449707,True
4a36d86bf.jpg,0.1146754696965217,True
4a36d86bf.jpg,0.0979371815919876,True
4a36d86bf.jpg,0.0946438685059547,False
4a36d86bf.jpg,0.0935699641704559,True
4a36d86bf.jpg,0.0915560573339462,True
4a36d86bf.jpg,0.0868620872497558,True
4a36d86bf.jpg,0.0655718445777893,True
4a36d86bf.jpg,0.058506678789854,False
4a36d86bf.jpg,0.0564539246261119,True
4a36d86bf.jpg,0.0550256632268428,True
4a566b7c3.jpg,0.8386313319206238,False
4a566b7c3.jpg,0.4619920551776886,True
4a566b7c3.jpg,0.0865415558218956,False
4a566b7c3.jpg,0.0573319159448146,False
4a566b7c3.jpg,0.0544546544551849,True
4a566b7c3.jpg,0.054398063570261,True
4a5f7531f.jpg,0.784911036491394,False
4a5f7531f.jpg,0.429755836725235,True
4a5f7531f.jpg,0.2037055194377899,True
4a5f7531f.jpg,0.1964991092681884,True
4a5f7531f.jpg,0.1893146336078643,True
4a5f7531f.jpg,0.1511719077825546,False
4a5f7531f.jpg,0.1188930720090866,True
4a5f7531f.jpg,0.0908277854323387,True
4a5f7531f.jpg,0.0756432488560676,True
4a5f7531f.jpg,0.068209670484066,True
4a5f7531f.jpg,0.0643864348530769,True
4a5f7531f.jpg,0.0533940754830837,True
4a6f5791f.jpg,0.333529382944107,False
4a6f5791f.jpg,0.1178944632411003,True
4a6f5791f.jpg,0.1080042421817779,False
4a6f5791f.jpg,0.0934411138296127,True
4a7342a52.jpg,0.8681529760360718,False
4a7342a52.jpg,0.7869362831115723,False
4a7342a52.jpg,0.0650008767843246,True
4a73910cc.jpg,0.7345485687255859,True
4a73910cc.jpg,0.6106359958648682,True
4a73910cc.jpg,0.5690323114395142,False
4a73910cc.jpg,0.5276272892951965,True
4a73910cc.jpg,0.2728091776371002,True
4a73910cc.jpg,0.2636816799640655,True
4a73910cc.jpg,0.2326787561178207,False
4a73910cc.jpg,0.191016674041748,True
4a73910cc.jpg,0.1835577487945556,True
4a73910cc.jpg,0.1746702343225479,True
4a73910cc.jpg,0.1535577923059463,True
4a73910cc.jpg,0.1342544704675674,True
4a73910cc.jpg,0.1265697181224823,True
4a73910cc.jpg,0.1260715723037719,True
4a73910cc.jpg,0.1176864057779312,True
4a73910cc.jpg,0.1059589907526969,False
4a73910cc.jpg,0.1058103814721107,True
4a73910cc.jpg,0.1020299792289733,True
4a73910cc.jpg,0.1002613082528114,True
4a73910cc.jpg,0.0971537381410598,True
4a73910cc.jpg,0.0794057250022888,True
4a73910cc.jpg,0.0691787898540496,False
4a73910cc.jpg,0.0665927454829216,True
4a73910cc.jpg,0.0599098019301891,True
4a73910cc.jpg,0.0572307035326957,True
4a73910cc.jpg,0.055660780519247,True
4a73910cc.jpg,0.0545896999537944,True
4a73910cc.jpg,0.0529921613633632,True
4a73910cc.jpg,0.0515641346573829,True
4a73910cc.jpg,0.0515522435307502,True
4a7512d17.jpg,0.5472950339317322,False
4a7512d17.jpg,0.106062427163124,False
4a86316a8.jpg,0.3207947015762329,False
4a86316a8.jpg,0.2126698642969131,False
4a86316a8.jpg,0.0988541170954704,False
4a8d2399e.jpg,0.7638446688652039,False
4a90a100b.jpg,0.8712916970252991,False
4a9f14309.jpg,0.9283700585365297,False
4a9f14309.jpg,0.7786788940429688,False
4aa0dc3d9.jpg,0.6184190511703491,False
4ab4453de.jpg,0.9007296562194824,False
4ad7f511d.jpg,0.6722630262374878,False
4ad7f511d.jpg,0.2714805006980896,False
4ad7f511d.jpg,0.1823232769966125,True
4ad7f511d.jpg,0.063277818262577,False
4ad7f511d.jpg,0.0590237416326999,True
4ae200e55.jpg,0.7421808838844299,False
4ae200e55.jpg,0.6871106624603271,False
4ae200e55.jpg,0.564673125743866,False
4ae200e55.jpg,0.3601244986057281,False
4ae200e55.jpg,0.3338567018508911,False
4ae200e55.jpg,0.3281251192092895,False
4ae200e55.jpg,0.2788052558898926,False
4ae200e55.jpg,0.19268499314785,False
4ae200e55.jpg,0.1679242551326751,False
4b000df5b.jpg,0.8621566295623779,False
4b000df5b.jpg,0.5543277263641357,False
4b2d1a964.jpg,0.2985040545463562,True
4b2d1a964.jpg,0.2446483969688415,True
4b2d1a964.jpg,0.1174057126045227,True
4b2d1a964.jpg,0.1115803346037864,True
4b3968b98.jpg,0.1112120077013969,True
4b622a74c.jpg,0.5449082851409912,False
4b622a74c.jpg,0.5381054878234863,False
4b622a74c.jpg,0.1075005978345871,False
4b622a74c.jpg,0.0906505435705185,False
4b8cc615b.jpg,0.8500895500183105,False
4b8cc615b.jpg,0.6887246966362,False
4b8cc615b.jpg,0.4855392873287201,False
4b8cc615b.jpg,0.4468982517719269,False
4bb0dedef.jpg,0.5706664323806763,False
4bb0dedef.jpg,0.0850740224123001,True
4bbb5d0ad.jpg,0.3211412727832794,False
4bbb5d0ad.jpg,0.3124641478061676,False
4bbb5d0ad.jpg,0.3028922379016876,False
4bbb5d0ad.jpg,0.0957729220390319,False
4bbb5d0ad.jpg,0.0898502320051193,False
4bbb5d0ad.jpg,0.0850597321987152,False
4bbb5d0ad.jpg,0.0734292417764663,False
4bbb5d0ad.jpg,0.0553667359054088,True
4bbb5d0ad.jpg,0.05107993632555,False
4bbb5d0ad.jpg,0.0509666204452514,False
4bc9e7730.jpg,0.8641725778579712,False
4bdc36f7a.jpg,0.970384955406189,False
4bdfdb73d.jpg,0.8466498255729675,False
4bed371a7.jpg,0.6013439297676086,False
4bed371a7.jpg,0.3236986994743347,False
4bed371a7.jpg,0.1911431550979614,False
4bed371a7.jpg,0.1780087351799011,False
4bed371a7.jpg,0.1186074838042259,False
4bed371a7.jpg,0.0628014728426933,False
4bfc4cc05.jpg,0.3750501871109009,True
4bfc4cc05.jpg,0.3548033237457275,True
4bfc4cc05.jpg,0.1989800781011581,True
4bfc4cc05.jpg,0.1973825097084045,True
4bfc4cc05.jpg,0.0659050568938255,True
4c0c8bc0c.jpg,0.8764172792434692,False
4c0c8bc0c.jpg,0.8532000780105591,False
4c30c9117.jpg,0.8841449618339539,False
4c56d2f00.jpg,0.8430813550949097,False
4c792b511.jpg,0.7833722233772278,False
4ca6495b6.jpg,0.9156261682510376,False
4cab25392.jpg,0.6762153506278992,False
4cab25392.jpg,0.475236028432846,False
4cd05cfbf.jpg,0.8901341557502747,False
4cfe8d6e9.jpg,0.5554136037826538,False
4cfe8d6e9.jpg,0.0582800656557083,True
4d09521a8.jpg,0.499460220336914,False
4d09521a8.jpg,0.4981057643890381,False
4d09521a8.jpg,0.4277143776416778,False
4d09521a8.jpg,0.346330314874649,False
4d09521a8.jpg,0.2093022465705871,False
4d09521a8.jpg,0.1875813454389572,False
4d09521a8.jpg,0.1679271161556244,False
4d09521a8.jpg,0.1659152060747146,False
4d09521a8.jpg,0.1474643945693969,False
4d09521a8.jpg,0.0992019921541214,True
4d09521a8.jpg,0.0882203355431556,True
4d395184a.jpg,0.7697940468788147,False
4d42dee53.jpg,0.932710587978363,False
4d42dee53.jpg,0.7837111949920654,True
4d42dee53.jpg,0.2958471179008484,False
4d42dee53.jpg,0.2104475647211074,False
4d42dee53.jpg,0.1407763808965683,False
4d42dee53.jpg,0.1203920543193817,False
4d42dee53.jpg,0.0634016990661621,True
4d48b15e4.jpg,0.6490615606307983,False
4d48b15e4.jpg,0.5215668082237244,False
4d48b15e4.jpg,0.4698064923286438,False
4d48b15e4.jpg,0.3324296772480011,False
4d48b15e4.jpg,0.2404076308012008,False
4d48b15e4.jpg,0.2226653099060058,True
4d48b15e4.jpg,0.1987050175666809,False
4d48b15e4.jpg,0.1897995620965957,False
4d48b15e4.jpg,0.1541533470153808,True
4d48b15e4.jpg,0.1484987735748291,True
4d48b15e4.jpg,0.1400200873613357,True
4d48b15e4.jpg,0.1204950362443924,False
4d48b15e4.jpg,0.1156457886099815,True
4d48b15e4.jpg,0.1069910451769828,False
4d48b15e4.jpg,0.1017124578356742,False
4d48b15e4.jpg,0.0982191562652587,True
4d48b15e4.jpg,0.0803088098764419,True
4d48b15e4.jpg,0.077198214828968,True
4d48b15e4.jpg,0.0676477923989296,True
4d48b15e4.jpg,0.0642010942101478,True
4d68584b1.jpg,0.8808215260505676,False
4d68584b1.jpg,0.4592091143131256,False
4d68584b1.jpg,0.057071566581726,False
4d70f9947.jpg,0.3949443399906158,False
4d70f9947.jpg,0.0883900895714759,False
4d7cd4378.jpg,0.3179060518741607,False
4d7cd4378.jpg,0.2773267328739166,False
4d7cd4378.jpg,0.1887810379266739,False
4d96f0aa3.jpg,0.8768248558044434,False
4d96f0aa3.jpg,0.8384767174720764,False
4d96f0aa3.jpg,0.8246904015541077,False
4d99b9511.jpg,0.8474553823471069,False
4d99b9511.jpg,0.6091827154159546,False
4d99b9511.jpg,0.5032898783683777,False
4d99b9511.jpg,0.3704395592212677,False
4d99b9511.jpg,0.2720462679862976,False
4d99b9511.jpg,0.2710067927837372,False
4d99b9511.jpg,0.2678898870944977,False
4d99b9511.jpg,0.215615302324295,True
4d99b9511.jpg,0.1751917004585266,False
4d99b9511.jpg,0.1694816946983337,True
4d99b9511.jpg,0.1579570770263672,True
4d99b9511.jpg,0.1350175887346267,False
4d99b9511.jpg,0.1328627318143844,False
4d99b9511.jpg,0.1278247684240341,False
4d99b9511.jpg,0.1176732033491134,False
4d99b9511.jpg,0.1159659922122955,False
4d99b9511.jpg,0.0946725979447364,True
4d99b9511.jpg,0.0759800821542739,False
4d99b9511.jpg,0.062427781522274,False
4da128f56.jpg,0.8184590935707092,False
4da128f56.jpg,0.1594687551259994,True
4da128f56.jpg,0.1540807485580444,True
4daa85aa7.jpg,0.8499789237976074,False
4daa85aa7.jpg,0.2893463969230652,True
4daa85aa7.jpg,0.1575304567813873,True
4daa85aa7.jpg,0.05398690700531,True
4dc0c6800.jpg,0.8245087265968323,False
4dc0c6800.jpg,0.4808514714241028,True
4dc0c6800.jpg,0.0544369295239448,True
4dd043d49.jpg,0.869228720664978,False
4df59feaa.jpg,0.7169557213783264,False
4df59feaa.jpg,0.1750392913818359,True
4df59feaa.jpg,0.0847078114748001,True
4e0e64ca2.jpg,0.3559470474720001,False
4e0e64ca2.jpg,0.1909175813198089,False
4e0e64ca2.jpg,0.0540857873857021,False
4e49a710c.jpg,0.4067174792289734,False
4e49a710c.jpg,0.3426842987537384,False
4e49a710c.jpg,0.1772280037403106,False
4e515e5c3.jpg,0.827178418636322,False
4e6fe1b43.jpg,0.1020121574401855,False
4e6fe1b43.jpg,0.0983910635113716,False
4e6fe1b43.jpg,0.078729011118412,False
4e6fe1b43.jpg,0.0590091794729232,False
4e77d51e3.jpg,0.4116447865962982,False
4e77d51e3.jpg,0.2700787186622619,False
4e77d51e3.jpg,0.1676707565784454,False
4e77d51e3.jpg,0.0773046761751174,False
4e99f1107.jpg,0.5479077696800232,False
4e99f1107.jpg,0.424380213022232,False
4e99f1107.jpg,0.2086588889360427,False
4e99f1107.jpg,0.1092246770858764,False
4e9d674a3.jpg,0.3450324237346649,False
4e9d674a3.jpg,0.0936119481921196,False
4e9d674a3.jpg,0.0585398524999618,True
4ea6edffd.jpg,0.5339910387992859,False
4ebb35108.jpg,0.4587197601795196,False
4ebb35108.jpg,0.2360589802265167,False
4ed20f5a9.jpg,0.588138997554779,False
4ed20f5a9.jpg,0.5480844378471375,True
4ed20f5a9.jpg,0.2989968657493591,False
4ed20f5a9.jpg,0.1151883080601692,True
4ed20f5a9.jpg,0.0979574844241142,True
4ed20f5a9.jpg,0.0699638947844505,True
4ed22a051.jpg,0.0576429516077041,True
4ed28e415.jpg,0.1157454624772071,True
4ed28e415.jpg,0.1097678244113922,True
4ed28e415.jpg,0.0878203138709068,True
4ed28e415.jpg,0.0826290026307106,True
4ed28e415.jpg,0.0536469221115112,True
4eea8b576.jpg,0.867241621017456,False
4ef7aa594.jpg,0.5135481953620911,False
4ef7aa594.jpg,0.1347437798976898,True
4ef7aa594.jpg,0.0867201685905456,False
4f0733181.jpg,0.2810273766517639,False
4f0733181.jpg,0.220607653260231,False
4f0733181.jpg,0.0710791498422622,False
4f197ced7.jpg,0.3495348989963531,False
4f197ced7.jpg,0.3052813112735748,False
4f197ced7.jpg,0.1079860404133796,False
4f3f47e80.jpg,0.8308913111686707,False
4f651c7f0.jpg,0.7891042232513428,False
4f6881caa.jpg,0.4072354137897491,False
4f6881caa.jpg,0.3938727080821991,False
4f6881caa.jpg,0.2523929476737976,True
4f8959291.jpg,0.6756057739257812,False
4f98941eb.jpg,0.8510035872459412,False
4f9cd41b8.jpg,0.924122989177704,False
4f9cd41b8.jpg,0.8848146200180054,False
4f9cd41b8.jpg,0.3800939321517944,False
4f9cd41b8.jpg,0.1042649075388908,False
4fb8ca0c3.jpg,0.7970568537712097,False
4fc021083.jpg,0.8868685960769653,False
4fc021083.jpg,0.7489817142486572,False
4fc021083.jpg,0.5727755427360535,False
4fc021083.jpg,0.0623512156307697,False
4fca80780.jpg,0.3876906633377075,False
4fca80780.jpg,0.3035147190093994,True
4fca80780.jpg,0.2401224076747894,True
4fca80780.jpg,0.0933594703674316,True
4fcd62eac.jpg,0.0593305565416812,True
4fecab7ec.jpg,0.8706360459327698,False
4fecab7ec.jpg,0.8705170750617981,False
4fecab7ec.jpg,0.0785405188798904,True
4fecab7ec.jpg,0.0515697114169597,True
4ff279eeb.jpg,0.9177176356315612,False
5002fe710.jpg,0.9138909578323364,False
501446101.jpg,0.8378739356994629,False
5021a06c2.jpg,0.6014424562454224,False
5021a06c2.jpg,0.1760651022195816,True
5022708c6.jpg,0.5986788868904114,False
5022708c6.jpg,0.3335282206535339,True
5022708c6.jpg,0.1582175493240356,True
5022708c6.jpg,0.1269213259220123,False
5025dd6f1.jpg,0.8608184456825256,False
50328f2c1.jpg,0.8627824783325195,False
50328f2c1.jpg,0.8128857612609863,False
503ac5b28.jpg,0.8756583333015442,False
50458b6ea.jpg,0.8454625010490417,False
50458b6ea.jpg,0.8263431787490845,False
50458b6ea.jpg,0.7865540385246277,False
50458b6ea.jpg,0.4347764849662781,False
50458b6ea.jpg,0.3823277950286865,False
50458b6ea.jpg,0.2744093835353851,True
50458b6ea.jpg,0.1941640526056289,True
50458b6ea.jpg,0.1581079512834549,False
50458b6ea.jpg,0.1101035475730896,False
50473a19c.jpg,0.8303236365318298,False
50473a19c.jpg,0.7059049010276794,False
50473a19c.jpg,0.4168958365917206,False
50473a19c.jpg,0.0890908911824226,False
506f02d11.jpg,0.610592246055603,False
506f02d11.jpg,0.4476937651634216,False
506f02d11.jpg,0.4293388426303863,False
506f09cf3.jpg,0.8922662138938904,False
5088fbed2.jpg,0.8036991953849792,False
5096a18c5.jpg,0.7948510050773621,False
5096a18c5.jpg,0.1299529522657394,True
5096a18c5.jpg,0.0842673629522323,True
50b05e394.jpg,0.920242726802826,False
50b05e394.jpg,0.2746850848197937,True
50b05e394.jpg,0.2085672467947006,True
50b05e394.jpg,0.0779357701539993,True
50b3e9e1c.jpg,0.3325008749961853,False
50b3e9e1c.jpg,0.2223918884992599,False
50b3e9e1c.jpg,0.1183921694755554,False
50b3e9e1c.jpg,0.1116283759474754,False
50b3e9e1c.jpg,0.1088928431272506,True
50b3e9e1c.jpg,0.0665181204676628,True
50b3e9e1c.jpg,0.0665094330906868,True
50b3e9e1c.jpg,0.0624436661601066,True
50b3e9e1c.jpg,0.0598106756806373,False
50b3e9e1c.jpg,0.0503814592957496,True
50dbf4f4c.jpg,0.8370136022567749,False
50dbf4f4c.jpg,0.0757928863167762,True
50dbf4f4c.jpg,0.0576226599514484,True
50f0ea2f1.jpg,0.8078261613845825,False
50f0ea2f1.jpg,0.0800526887178421,True
50f2d35e7.jpg,0.8789390921592712,False
50f2d35e7.jpg,0.8597683906555176,False
50f2d35e7.jpg,0.8408731818199158,False
50f2d35e7.jpg,0.8277690410614014,False
50f2d35e7.jpg,0.8244524002075195,False
50f2d35e7.jpg,0.7884912490844727,False
50f4358f2.jpg,0.8698875904083252,False
50f4358f2.jpg,0.5522390007972717,True
50f4358f2.jpg,0.2233701348304748,True
50f4358f2.jpg,0.177084669470787,True
50f4358f2.jpg,0.1707585006952285,True
50f4358f2.jpg,0.104984275996685,True
511d30ed8.jpg,0.418760746717453,False
511d30ed8.jpg,0.2905695140361786,False
5135dde45.jpg,0.915657639503479,False
5135dde45.jpg,0.904348075389862,False
5135dde45.jpg,0.832149863243103,False
5140f63a7.jpg,0.9021793603897096,False
5140f63a7.jpg,0.3195852041244507,True
5140f63a7.jpg,0.3101176917552948,True
5140f63a7.jpg,0.2930165231227875,False
5140f63a7.jpg,0.2109094560146331,True
5140f63a7.jpg,0.1655213236808776,False
5140f63a7.jpg,0.100715734064579,True
51707f72f.jpg,0.6224849224090576,False
51707f72f.jpg,0.0953629612922668,False
5186615e9.jpg,0.8124536871910095,False
5186615e9.jpg,0.1247856691479682,True
5186615e9.jpg,0.0935592949390411,True
5186615e9.jpg,0.0839616134762764,True
5186615e9.jpg,0.0730822458863258,True
5186615e9.jpg,0.0689495876431465,True
518f05554.jpg,0.3878111243247986,False
518f05554.jpg,0.3218020796775818,False
518f05554.jpg,0.1789756417274475,False
518f05554.jpg,0.166773185133934,False
518f05554.jpg,0.1470128446817398,False
518f05554.jpg,0.1007591933012008,False
518f05554.jpg,0.0949875116348266,True
519f3d337.jpg,0.7043750286102295,False
519f3d337.jpg,0.5347205996513367,False
519f3d337.jpg,0.4359270930290222,False
519f3d337.jpg,0.3654974699020386,True
519f3d337.jpg,0.3328289091587066,False
519f3d337.jpg,0.3327317237854004,False
519f3d337.jpg,0.3247149288654327,False
519f3d337.jpg,0.2483577281236648,False
519f3d337.jpg,0.2244763672351837,True
519f3d337.jpg,0.2132646888494491,True
519f3d337.jpg,0.1612376123666763,False
519f3d337.jpg,0.097624622285366,False
519f3d337.jpg,0.0896472036838531,False
51a56e049.jpg,0.8922209739685059,False
51a56e049.jpg,0.8691877126693726,False
51a56e049.jpg,0.8286920189857483,True
51b977cc5.jpg,0.4021519422531128,False
51b977cc5.jpg,0.1783967167139053,True
521b76192.jpg,0.5089700818061829,False
521b76192.jpg,0.3862961232662201,False
521b76192.jpg,0.1089285686612129,False
5223daf26.jpg,0.738876461982727,False
5225440ac.jpg,0.8600422739982605,False
5225440ac.jpg,0.83360755443573,False
5225440ac.jpg,0.7929044365882874,False
5225440ac.jpg,0.789909303188324,False
5225440ac.jpg,0.6611960530281067,False
5225440ac.jpg,0.6235040426254272,False
5225440ac.jpg,0.0986096709966659,False
5225440ac.jpg,0.0982359275221824,False
5225440ac.jpg,0.0943935364484787,False
5225440ac.jpg,0.0501519963145256,False
5225440ac.jpg,0.0500620752573013,True
5236c4d25.jpg,0.8911091089248657,False
5236c4d25.jpg,0.1861937493085861,False
5236c4d25.jpg,0.0882245153188705,False
5236c4d25.jpg,0.0649884790182113,False
5236c4d25.jpg,0.0571176558732986,True
5240bf0bd.jpg,0.4321166574954986,False
5240bf0bd.jpg,0.1680736094713211,True
5240bf0bd.jpg,0.149890124797821,True
5240bf0bd.jpg,0.1447509825229644,False
5240bf0bd.jpg,0.1288254261016845,True
5240bf0bd.jpg,0.124937891960144,True
5240bf0bd.jpg,0.0682073831558227,True
52489c5ff.jpg,0.2016315460205078,False
52489c5ff.jpg,0.1708344519138336,False
52554d6ee.jpg,0.8751541376113892,False
52554d6ee.jpg,0.8493034243583679,False
52554d6ee.jpg,0.8482551574707031,False
52554d6ee.jpg,0.8206686973571777,False
52554d6ee.jpg,0.8199042677879333,False
52554d6ee.jpg,0.7987996935844421,False
52554d6ee.jpg,0.6771509051322937,False
52554d6ee.jpg,0.3110793232917785,False
52554d6ee.jpg,0.2531382143497467,False
52554d6ee.jpg,0.1245229020714759,False
52554d6ee.jpg,0.1114787459373474,False
52554d6ee.jpg,0.1034504249691963,False
5257540c4.jpg,0.4470644295215606,True
525b98915.jpg,0.7269080877304077,False
52703a6e0.jpg,0.8110992312431335,False
528fb7b90.jpg,0.1678198128938675,False
528fb7b90.jpg,0.1595797389745712,False
528fb7b90.jpg,0.1238378435373306,False
528fb7b90.jpg,0.0766581445932388,False
528fb7b90.jpg,0.0761229544878006,False
528fb7b90.jpg,0.070597693324089,False
528fb7b90.jpg,0.0614483468234539,False
52993a461.jpg,0.8653307557106018,False
52b8a6b7b.jpg,0.8625271916389465,False
52b8a6b7b.jpg,0.6522285342216492,False
52b8a6b7b.jpg,0.1375849097967147,False
52b8a6b7b.jpg,0.0850621834397316,False
52bd61051.jpg,0.7808430790901184,False
52bd61051.jpg,0.7290622591972351,False
52bd61051.jpg,0.1846804767847061,True
52bd61051.jpg,0.1829097121953964,False
52bd61051.jpg,0.1121741384267807,True
52bd61051.jpg,0.0589575581252574,True
52d416ad6.jpg,0.8805827498435974,False
52d416ad6.jpg,0.0752865448594093,True
52deed575.jpg,0.102967768907547,False
52deed575.jpg,0.0539944060146808,False
52f502baa.jpg,0.8968052864074707,False
53019f435.jpg,0.9135277271270752,False
5301c06b0.jpg,0.8113119006156921,False
5308253c9.jpg,0.3983837962150574,False
5308253c9.jpg,0.0826877653598785,False
53331228d.jpg,0.8582963347434998,False
53331228d.jpg,0.2044826596975326,True
53331228d.jpg,0.0634600296616554,True
53587f9f4.jpg,0.8646582961082458,False
53587f9f4.jpg,0.8359315991401672,False
5360e7f42.jpg,0.8427857160568237,False
539cab1eb.jpg,0.7942643761634827,False
539fbe684.jpg,0.8079038858413696,False
539fbe684.jpg,0.1287488788366317,True
539fbe684.jpg,0.0914317667484283,True
53a7bbf1f.jpg,0.2603543996810913,False
53a7bbf1f.jpg,0.1615566313266754,False
53a7bbf1f.jpg,0.1083931699395179,False
53b260be4.jpg,0.9288671016693116,False
53b260be4.jpg,0.882158637046814,False
53d5c88cb.jpg,0.222388282418251,False
53d5c88cb.jpg,0.1976428031921386,True
53d5c88cb.jpg,0.1710703819990158,False
53d5c88cb.jpg,0.1534845381975174,True
53d5c88cb.jpg,0.1460675448179245,True
53d5c88cb.jpg,0.1239063441753387,False
53d5c88cb.jpg,0.0869850441813469,True
53d5c88cb.jpg,0.0545607432723045,False
53d5c88cb.jpg,0.0511527694761753,True
53d7d0fc0.jpg,0.5607403516769409,False
53d7d0fc0.jpg,0.1744485944509506,False
53db3ed83.jpg,0.8950182795524597,False
53ec90b6d.jpg,0.8090012669563293,False
53ee5a490.jpg,0.3036210834980011,False
53ee5a490.jpg,0.2083950191736221,False
53ee5a490.jpg,0.1007888242602348,False
5413c2733.jpg,0.9548946022987366,False
5413c2733.jpg,0.3221183121204376,False
5413c2733.jpg,0.2834806442260742,False
5413c2733.jpg,0.1911107897758484,False
5413c2733.jpg,0.1396421939134597,True
5413c2733.jpg,0.065623752772808,False
5413c2733.jpg,0.0586649626493454,True
5413c2733.jpg,0.0532113760709762,True
54160ea3e.jpg,0.4320299625396728,False
54160ea3e.jpg,0.135291188955307,False
54160ea3e.jpg,0.1163974031805992,True
54160ea3e.jpg,0.0985559001564979,True
54160ea3e.jpg,0.0706996917724609,True
54160ea3e.jpg,0.0595821104943752,True
54160ea3e.jpg,0.0541959181427955,True
541a3dd2c.jpg,0.8826873898506165,False
5420f242d.jpg,0.8286646604537964,False
5420f242d.jpg,0.4201261401176452,True
542e6c911.jpg,0.9111911654472352,False
542e6c911.jpg,0.8880316615104675,False
542e6c911.jpg,0.1255950033664703,False
54391cb81.jpg,0.359988808631897,False
54391cb81.jpg,0.2062277197837829,False
54391cb81.jpg,0.1042839884757995,True
543d39900.jpg,0.9066966772079468,False
5442b4e2d.jpg,0.8754510879516602,False
5442b4e2d.jpg,0.8465134501457214,False
5442b4e2d.jpg,0.8326117396354675,False
5442b4e2d.jpg,0.5447139143943787,True
5442b4e2d.jpg,0.3850753009319305,True
5442b4e2d.jpg,0.2209766507148742,True
5442b4e2d.jpg,0.2066138386726379,False
5451810a9.jpg,0.3264710307121277,False
5451810a9.jpg,0.3024963140487671,False
5451810a9.jpg,0.1921229213476181,False
5451810a9.jpg,0.1224080324172973,False
545a56afc.jpg,0.7967398166656494,False
545a56afc.jpg,0.7914669513702393,False
54604a0a5.jpg,0.4528410136699676,False
54604a0a5.jpg,0.1417511254549026,False
5479776f5.jpg,0.931077003479004,False
5479776f5.jpg,0.3670205175876617,True
5479776f5.jpg,0.2013130336999893,True
5479776f5.jpg,0.1932084560394287,True
5479776f5.jpg,0.0621320344507694,True
5479776f5.jpg,0.0542012900114059,True
54a4f358a.jpg,0.5519452095031738,False
54a4f358a.jpg,0.0526376888155937,False
54e8ae406.jpg,0.4169856011867523,False
54e8ae406.jpg,0.3635673224925995,False
54e8ae406.jpg,0.2972210645675659,False
54e8ae406.jpg,0.2774951457977295,False
54e8ae406.jpg,0.2692051529884338,False
54e8ae406.jpg,0.2628026604652405,False
54e8ae406.jpg,0.1486639976501464,False
54e8ae406.jpg,0.1408092081546783,False
54e8ae406.jpg,0.1004304960370063,False
54e8ae406.jpg,0.0595218986272811,False
54e8ae406.jpg,0.0559843629598617,False
54f26faa5.jpg,0.8764482736587524,False
54f26faa5.jpg,0.8171231150627136,False
54f26faa5.jpg,0.7762286067008972,False
54f26faa5.jpg,0.3504329025745392,False
54f26faa5.jpg,0.2759374678134918,False
54f26faa5.jpg,0.1743940860033035,False
54f26faa5.jpg,0.1013152450323104,False
54f4d4f03.jpg,0.8177390694618225,False
550e65871.jpg,0.8388663530349731,False
550e65871.jpg,0.8263242840766907,False
550e65871.jpg,0.7822537422180176,False
5517c5e5b.jpg,0.8989428877830505,False
5517c5e5b.jpg,0.8825669288635254,False
5517c5e5b.jpg,0.8575053811073303,False
5517c5e5b.jpg,0.8304157853126526,False
5517c5e5b.jpg,0.8085022568702698,False
5517c5e5b.jpg,0.6669759154319763,False
5517c5e5b.jpg,0.5600277781486511,False
5517c5e5b.jpg,0.4805336594581604,False
5517c5e5b.jpg,0.392341136932373,False
5517c5e5b.jpg,0.0939095094799995,True
5517c5e5b.jpg,0.0651870891451835,True
551b423fe.jpg,0.8883839249610901,False
5545f84bc.jpg,0.6490614414215088,False
5545f84bc.jpg,0.1513400077819824,False
554d79bcb.jpg,0.8655027747154236,False
556c9f4ec.jpg,0.3183315694332123,False
556c9f4ec.jpg,0.306025743484497,False
556c9f4ec.jpg,0.0867474749684333,True
556c9f4ec.jpg,0.0668648779392242,True
556c9f4ec.jpg,0.0661032050848007,False
557bf583e.jpg,0.5699414610862732,False
557bf583e.jpg,0.4692466557025909,False
557bf583e.jpg,0.3646605610847473,False
557bf583e.jpg,0.3035021424293518,True
557bf583e.jpg,0.2503665685653686,False
557bf583e.jpg,0.2500002682209015,False
557bf583e.jpg,0.2260612547397613,False
557bf583e.jpg,0.1981942504644394,True
557bf583e.jpg,0.1848654299974441,False
557bf583e.jpg,0.1648640036582946,False
557bf583e.jpg,0.154536485671997,False
557bf583e.jpg,0.1316995024681091,False
557bf583e.jpg,0.1286658346652984,True
557bf583e.jpg,0.1234093010425567,False
557bf583e.jpg,0.1153462678194046,True
557bf583e.jpg,0.1083353459835052,True
557bf583e.jpg,0.0895667895674705,True
557bf583e.jpg,0.0868016257882118,False
557bf583e.jpg,0.0782839059829711,True
557bf583e.jpg,0.0775715485215187,False
557bf583e.jpg,0.0654511377215385,False
557bf583e.jpg,0.064813308417797,False
557bf583e.jpg,0.058366123586893,True
558022404.jpg,0.8294673562049866,False
55a95a0da.jpg,0.3400525152683258,False
55a95a0da.jpg,0.2504821419715881,True
55a95a0da.jpg,0.2357401102781295,False
55a95a0da.jpg,0.058140680193901,True
55ab796d2.jpg,0.1927959769964218,False
55de990d5.jpg,0.3423879146575928,False
55de990d5.jpg,0.2933919131755829,False
55de990d5.jpg,0.0740766525268554,False
55e23a0ba.jpg,0.8211656808853149,False
55e23a0ba.jpg,0.7300542593002319,False
55e23a0ba.jpg,0.6885459423065186,False
55e23a0ba.jpg,0.57093346118927,False
55e23a0ba.jpg,0.5628843307495117,True
55e23a0ba.jpg,0.5314964056015015,False
55e23a0ba.jpg,0.4263693988323211,False
55e23a0ba.jpg,0.4093524813652038,False
55e23a0ba.jpg,0.2643235027790069,False
55e23a0ba.jpg,0.185209572315216,False
55e23a0ba.jpg,0.1180337443947792,False
55e23a0ba.jpg,0.1147588044404983,False
55e23a0ba.jpg,0.0684401392936706,False
55e23a0ba.jpg,0.0644687786698341,True
55e23a0ba.jpg,0.058851096779108,False
55e23a0ba.jpg,0.058451872318983,True
55e23a0ba.jpg,0.0557548440992832,True
55e96dc18.jpg,0.3853441774845123,False
55e96dc18.jpg,0.2027867138385772,False
55e96dc18.jpg,0.1861429512500763,False
55eff49e8.jpg,0.8394185304641724,False
55eff49e8.jpg,0.220575749874115,True
55f15197a.jpg,0.8909374475479126,False
55f238f2c.jpg,0.8101121187210083,False
55f238f2c.jpg,0.0533837117254734,False
56178ee20.jpg,0.7377204298973083,False
56178ee20.jpg,0.7328835725784302,False
56178ee20.jpg,0.7300723195075989,False
56178ee20.jpg,0.6465851068496704,False
56178ee20.jpg,0.5116497874259949,True
56178ee20.jpg,0.4797283709049225,False
56178ee20.jpg,0.4243916273117065,True
56178ee20.jpg,0.4209089577198028,False
56178ee20.jpg,0.4149196743965149,True
56178ee20.jpg,0.2979580461978912,True
56178ee20.jpg,0.2044330239295959,False
56178ee20.jpg,0.1982571482658386,False
56178ee20.jpg,0.1904610991477966,False
56178ee20.jpg,0.1776990890502929,True
56178ee20.jpg,0.1697765737771988,True
56178ee20.jpg,0.1488896012306213,True
56178ee20.jpg,0.1443194150924682,True
56178ee20.jpg,0.1352592855691909,False
56178ee20.jpg,0.1142816543579101,True
56178ee20.jpg,0.1057901754975318,True
56178ee20.jpg,0.0916769430041313,False
56178ee20.jpg,0.0861982405185699,True
56178ee20.jpg,0.0839991867542266,False
56178ee20.jpg,0.0821729898452758,False
56178ee20.jpg,0.0769167318940162,True
56178ee20.jpg,0.0579615533351898,False
56178ee20.jpg,0.0504654794931411,False
5619ffe4d.jpg,0.4639403820037842,False
5619ffe4d.jpg,0.345870167016983,False
5619ffe4d.jpg,0.1727084070444107,False
5623df1aa.jpg,0.2502113282680511,False
5623df1aa.jpg,0.2436732053756714,False
5623df1aa.jpg,0.0996885895729065,True
5623df1aa.jpg,0.0857607126235961,True
56317f238.jpg,0.7850981950759888,False
56389fabe.jpg,0.5485823750495911,False
56389fabe.jpg,0.2472995966672897,False
56389fabe.jpg,0.1249812841415405,False
56389fabe.jpg,0.0640940591692924,False
5648b7b15.jpg,0.3198707401752472,False
5648b7b15.jpg,0.2749220728874206,False
5648b7b15.jpg,0.2410173565149307,True
5648b7b15.jpg,0.1470776796340942,True
564e51762.jpg,0.7606894373893738,False
565df2a34.jpg,0.079815000295639,True
565df2a34.jpg,0.067386157810688,True
565df2a34.jpg,0.0563941672444343,True
565df2a34.jpg,0.0545737966895103,False
5676dac91.jpg,0.6925540566444397,False
5676dac91.jpg,0.6885072588920593,False
5676dac91.jpg,0.6774606704711914,False
5676dac91.jpg,0.6631913185119629,False
5676dac91.jpg,0.6548608541488647,False
5676dac91.jpg,0.645904541015625,False
5676dac91.jpg,0.6118083000183105,False
5676dac91.jpg,0.5797241926193237,True
5676dac91.jpg,0.297575294971466,False
5676dac91.jpg,0.2818926274776459,False
5676dac91.jpg,0.1840790659189224,False
5676dac91.jpg,0.1707160919904709,False
5676dac91.jpg,0.1706873923540115,False
5676dac91.jpg,0.1190499514341354,False
5676dac91.jpg,0.1154868602752685,True
5676dac91.jpg,0.096263587474823,False
569d2bbea.jpg,0.5826500058174133,False
569d2bbea.jpg,0.3526109457015991,False
569d2bbea.jpg,0.2066961526870727,False
569d2bbea.jpg,0.0504664853215217,False
56b0644e9.jpg,0.4122223258018493,False
56b0644e9.jpg,0.0686886087059974,False
56c76ee08.jpg,0.8782542943954468,False
56c76ee08.jpg,0.8456293940544128,False
56c76ee08.jpg,0.8200125098228455,False
56c76ee08.jpg,0.6964147686958313,False
56c76ee08.jpg,0.3738057315349579,True
56c76ee08.jpg,0.3416033089160919,False
56c76ee08.jpg,0.278782457113266,True
56c76ee08.jpg,0.2783989310264587,True
56c76ee08.jpg,0.2376937568187713,False
56c76ee08.jpg,0.2288035452365875,False
56c76ee08.jpg,0.168609619140625,False
56c76ee08.jpg,0.1612451672554016,True
56c76ee08.jpg,0.1119906157255172,True
56c76ee08.jpg,0.1085570976138114,True
56c76ee08.jpg,0.1008994728326797,True
56c76ee08.jpg,0.0760448202490806,False
56c76ee08.jpg,0.0678029656410217,True
56c76ee08.jpg,0.0543906539678573,True
56d712106.jpg,0.0761763900518417,False
56d712106.jpg,0.0730524063110351,False
56eb29104.jpg,0.4319343268871307,False
56eb29104.jpg,0.2424782812595367,False
5704b4870.jpg,0.7925652265548706,False
5704b4870.jpg,0.7733434438705444,False
5704b4870.jpg,0.7610788941383362,False
5704b4870.jpg,0.272875428199768,False
5704b4870.jpg,0.1279455423355102,False
5704b4870.jpg,0.0944539234042167,True
5704b4870.jpg,0.075372464954853,True
570fec891.jpg,0.8713139295578003,True
570fec891.jpg,0.4694202840328216,False
570fec891.jpg,0.2441886216402053,False
570fec891.jpg,0.1348057091236114,False
571d65401.jpg,0.3022472560405731,False
571d65401.jpg,0.2747182250022888,False
571d65401.jpg,0.0663787722587585,False
573cd511c.jpg,0.9517862200737,False
573cd511c.jpg,0.7951268553733826,False
57468bf12.jpg,0.8944562673568726,False
575f08435.jpg,0.9463335275650024,False
575f08435.jpg,0.7523524761199951,False
575f08435.jpg,0.0879811346530914,False
57610d682.jpg,0.3836715221405029,False
57610d682.jpg,0.1035926789045333,False
57610d682.jpg,0.0510462746024131,False
5775eda78.jpg,0.9619569182395936,False
577f495a3.jpg,0.7622829079627991,False
579710af7.jpg,0.8365528583526611,False
5799a1c0d.jpg,0.0648222118616104,True
5799a1c0d.jpg,0.0620122179388999,True
57da7c3ba.jpg,0.2474679499864578,False
57da7c3ba.jpg,0.2392236739397049,False
57da7c3ba.jpg,0.1393978595733642,False
57da7c3ba.jpg,0.1071304902434349,False
57da7c3ba.jpg,0.0882620438933372,True
57da7c3ba.jpg,0.0623834207653999,True
57da7c3ba.jpg,0.057189293205738,False
57da7c3ba.jpg,0.0571091324090957,False
57db7dee0.jpg,0.8393875360488892,False
57db7dee0.jpg,0.6510011553764343,False
57db7dee0.jpg,0.6487900018692017,False
580460a3c.jpg,0.9066188931465148,False
580460a3c.jpg,0.1561332792043686,True
580460a3c.jpg,0.055202916264534,True
582793043.jpg,0.9257188439369202,False
582793043.jpg,0.0716313272714614,True
582793043.jpg,0.0593292005360126,True
583975b3c.jpg,0.741276204586029,False
583975b3c.jpg,0.6206108331680298,False
583975b3c.jpg,0.4828448891639709,False
583975b3c.jpg,0.3973933756351471,False
583975b3c.jpg,0.3866569101810455,True
583975b3c.jpg,0.316034585237503,False
583975b3c.jpg,0.3076033294200897,False
583975b3c.jpg,0.2473804056644439,True
583975b3c.jpg,0.2217088937759399,True
583975b3c.jpg,0.1749764829874038,True
583975b3c.jpg,0.1679990291595459,True
583975b3c.jpg,0.1352897435426712,False
583975b3c.jpg,0.0999370142817497,True
583975b3c.jpg,0.0998357534408569,True
583975b3c.jpg,0.0902961567044258,False
583975b3c.jpg,0.0507263019680976,True
58478be45.jpg,0.7354772686958313,False
5857a91a0.jpg,0.2645032405853271,False
5857a91a0.jpg,0.1911289989948272,False
5857a91a0.jpg,0.1019305512309074,False
585d347ae.jpg,0.4360323250293731,False
585d347ae.jpg,0.1496661752462387,False
585d347ae.jpg,0.0643917769193649,True
585d347ae.jpg,0.0636871755123138,True
585d347ae.jpg,0.0553651638329029,True
585def405.jpg,0.3970794081687927,False
585def405.jpg,0.0971764177083969,False
585def405.jpg,0.0564255155622959,True
586c3b15d.jpg,0.2400904893875122,False
586c3b15d.jpg,0.0769623965024948,False
587e9ce0c.jpg,0.6977807283401489,False
587f05106.jpg,0.6379486918449402,False
5882eaf47.jpg,0.4338948130607605,False
5882eaf47.jpg,0.0570901855826377,False
58895f2ef.jpg,0.8384008407592773,False
588ae766a.jpg,0.6509742736816406,False
588ae766a.jpg,0.6217889189720154,False
588ae766a.jpg,0.4855184555053711,False
588ae766a.jpg,0.3388979732990265,False
588ae766a.jpg,0.313141793012619,False
588ae766a.jpg,0.3105961382389068,True
588ae766a.jpg,0.2985516786575317,False
588ae766a.jpg,0.2601414024829864,False
588ae766a.jpg,0.1613531410694122,False
588ae766a.jpg,0.1515267640352249,False
588ae766a.jpg,0.144495740532875,True
588ae766a.jpg,0.1419972628355026,True
588ae766a.jpg,0.1387043893337249,False
588ae766a.jpg,0.136691078543663,True
588ae766a.jpg,0.1337544173002243,False
588ae766a.jpg,0.1100204959511756,True
588ae766a.jpg,0.1057102158665657,False
588ae766a.jpg,0.0931777283549308,True
588ae766a.jpg,0.0906068459153175,True
588ae766a.jpg,0.0874150693416595,True
588ae766a.jpg,0.0860475227236747,False
588ae766a.jpg,0.0760041177272796,True
588ae766a.jpg,0.072630725800991,False
588ae766a.jpg,0.072558082640171,True
588ae766a.jpg,0.0724424570798873,False
588ae766a.jpg,0.0680086761713028,True
588ae766a.jpg,0.0650652721524238,False
588ae766a.jpg,0.0625732392072677,True
588ae766a.jpg,0.0607038103044033,True
588ae766a.jpg,0.0604301653802394,True
588ae766a.jpg,0.0589064992964267,False
588ae766a.jpg,0.0544115304946899,True
588ae766a.jpg,0.0526219978928566,True
588ae766a.jpg,0.0520882532000541,True
58acb8a45.jpg,0.3482491075992584,True
58acb8a45.jpg,0.1553703546524047,False
58b878cb9.jpg,0.8668690919876099,False
58b878cb9.jpg,0.858435332775116,False
58b878cb9.jpg,0.4795336723327636,False
58b878cb9.jpg,0.3719295859336853,False
58b878cb9.jpg,0.2103660255670547,False
58b878cb9.jpg,0.0617258325219154,False
58cab45c3.jpg,0.8870751261711121,False
58cab45c3.jpg,0.8749765753746033,False
58f8fb3e8.jpg,0.7748430371284485,False
58f8fb3e8.jpg,0.1789997518062591,True
58f8fb3e8.jpg,0.0563324652612209,True
58f8fb3e8.jpg,0.0519271679222583,True
590d5161f.jpg,0.88480144739151,False
590d5161f.jpg,0.8655077219009399,False
591cc837a.jpg,0.425085186958313,False
591cc837a.jpg,0.1692341864109039,True
592fea2dd.jpg,0.3564845025539398,False
592fea2dd.jpg,0.3495807647705078,False
592fea2dd.jpg,0.2336584627628326,False
592fea2dd.jpg,0.1197453886270523,False
59478f3f5.jpg,0.6476966738700867,True
59478f3f5.jpg,0.4716697633266449,True
59478f3f5.jpg,0.3602601885795593,False
59478f3f5.jpg,0.2089557349681854,False
596092e66.jpg,0.515386700630188,True
596092e66.jpg,0.3955203592777252,True
596092e66.jpg,0.3081121742725372,True
596092e66.jpg,0.2957866191864013,True
596092e66.jpg,0.2234945297241211,True
596092e66.jpg,0.2200769931077957,True
596092e66.jpg,0.1762081831693649,True
596092e66.jpg,0.1491796970367431,True
596092e66.jpg,0.1290064454078674,True
596092e66.jpg,0.1103885620832443,True
596092e66.jpg,0.0768190920352935,True
596092e66.jpg,0.0705890581011772,True
596092e66.jpg,0.0572659820318222,True
596092e66.jpg,0.0522631369531154,True
5960c09d9.jpg,0.9380745887756348,False
5960c09d9.jpg,0.849727213382721,False
5974abe64.jpg,0.5363969802856445,False
5974abe64.jpg,0.4081924557685852,False
5974abe64.jpg,0.3935074806213379,False
5974abe64.jpg,0.1725734770298004,True
5974abe64.jpg,0.0536166951060295,True
59839bb17.jpg,0.8761156797409058,False
59839bb17.jpg,0.6607799530029297,False
59839bb17.jpg,0.6019572615623474,False
59839bb17.jpg,0.1974873691797256,False
59839bb17.jpg,0.0548786930739879,False
599bd10c7.jpg,0.2403646260499954,False
599bd10c7.jpg,0.1723672598600387,False
599bd10c7.jpg,0.066467747092247,False
59a1be1f9.jpg,0.3159842193126678,False
59a1be1f9.jpg,0.179873913526535,False
59a1be1f9.jpg,0.0590308457612991,False
59bb7d5b8.jpg,0.892234742641449,False
59bf5d1b7.jpg,0.9001582264900208,False
59c472665.jpg,0.4317912459373474,False
59c472665.jpg,0.2118266075849533,False
59c89fe1a.jpg,0.8194913864135742,False
59e406b7e.jpg,0.4651878178119659,False
59e406b7e.jpg,0.1946945339441299,False
59f4e4cf9.jpg,0.3636288046836853,False
59f4e4cf9.jpg,0.1980792582035064,False
59f4e4cf9.jpg,0.097460500895977,False
59f4e4cf9.jpg,0.0869252309203147,True
59f4e4cf9.jpg,0.0729291215538978,False
59f4e4cf9.jpg,0.0719760209321975,True
5a167eb1f.jpg,0.8593884706497192,False
5a167eb1f.jpg,0.8444440960884094,False
5a167eb1f.jpg,0.7979960441589355,False
5a167eb1f.jpg,0.2549172341823578,True
5a167eb1f.jpg,0.2087911069393158,True
5a167eb1f.jpg,0.0505350343883037,False
5a51097a5.jpg,0.889499306678772,False
5a515f355.jpg,0.7881092429161072,False
5a515f355.jpg,0.3033711016178131,False
5a515f355.jpg,0.1564535945653915,False
5a515f355.jpg,0.1067627817392349,False
5a515f355.jpg,0.0784705653786659,False
5a515f355.jpg,0.0662351846694946,True
5a5775ea1.jpg,0.6734205484390259,False
5a5dd5955.jpg,0.3340749740600586,False
5a5dd5955.jpg,0.1846308559179306,False
5a5dd5955.jpg,0.13412407040596,False
5a5dd5955.jpg,0.1284185647964477,False
5a5e8d038.jpg,0.8266789317131042,False
5a5e8d038.jpg,0.4137706756591797,False
5a5e8d038.jpg,0.1948353499174118,False
5a5e8d038.jpg,0.1017492711544036,False
5a6a1958b.jpg,0.7704082131385803,False
5a6a1958b.jpg,0.390602171421051,False
5a6a1958b.jpg,0.1050310358405113,False
5a92876a4.jpg,0.9231707453727722,False
5aaccbeb9.jpg,0.6320854425430298,False
5aaccbeb9.jpg,0.0967722162604332,True
5acfea976.jpg,0.8532083630561829,False
5acfea976.jpg,0.8491314649581909,False
5acfea976.jpg,0.2972358167171478,True
5acfea976.jpg,0.2785066962242126,True
5acfea976.jpg,0.1654671132564544,True
5acfea976.jpg,0.1161433160305023,True
5acfea976.jpg,0.073427103459835,True
5ae8a36e7.jpg,0.3903277218341827,False
5ae8a36e7.jpg,0.159871757030487,False
5afcf25e6.jpg,0.2382746040821075,False
5afcf25e6.jpg,0.1383761465549469,False
5afcf25e6.jpg,0.1360892057418823,False
5afcf25e6.jpg,0.1131800562143325,False
5afcf25e6.jpg,0.055595226585865,False
5b1a9d6d2.jpg,0.8307217955589294,False
5b1a9d6d2.jpg,0.4004271626472473,False
5b2ec9852.jpg,0.8875462412834167,False
5b2ec9852.jpg,0.5842292904853821,False
5b2ec9852.jpg,0.4970133900642395,False
5b2ec9852.jpg,0.1521971225738525,False
5b2ec9852.jpg,0.0673402324318885,False
5b3f685a0.jpg,0.0587416850030422,True
5b5ee5ecb.jpg,0.91351717710495,False
5b5ee5ecb.jpg,0.9047448635101318,False
5b5efcd3a.jpg,0.9055345058441162,False
5b5efcd3a.jpg,0.8822899460792542,False
5b5efcd3a.jpg,0.703689694404602,False
5b5efcd3a.jpg,0.64055997133255,False
5b686f606.jpg,0.8525145053863525,False
5b8112f79.jpg,0.3116512298583984,False
5b8112f79.jpg,0.2983537018299103,True
5b8112f79.jpg,0.1388141363859176,True
5b8112f79.jpg,0.1337363868951797,True
5b8d4908d.jpg,0.382535457611084,False
5b8d4908d.jpg,0.370473712682724,False
5b8d4908d.jpg,0.1789675056934356,False
5b8d4908d.jpg,0.082858994603157,False
5b8d4908d.jpg,0.0776967406272888,False
5b91642be.jpg,0.4419262111186981,False
5b91642be.jpg,0.1357071548700332,False
5b9a12be9.jpg,0.2445603013038635,False
5b9a12be9.jpg,0.19870325922966,False
5b9a12be9.jpg,0.0580057241022586,False
5b9a12be9.jpg,0.0573092736303806,False
5ba195ac8.jpg,0.7719770669937134,False
5ba195ac8.jpg,0.6647918224334717,False
5ba195ac8.jpg,0.4880355596542358,True
5ba195ac8.jpg,0.0995233654975891,True
5ba9557ef.jpg,0.4559247493743896,False
5ba9557ef.jpg,0.1522697508335113,False
5ba9557ef.jpg,0.1372841298580169,False
5ba9557ef.jpg,0.1246493905782699,False
5ba9557ef.jpg,0.1127754673361778,False
5ba9557ef.jpg,0.1036128997802734,False
5ba9557ef.jpg,0.0990471318364143,False
5ba9557ef.jpg,0.0926646888256073,False
5ba9557ef.jpg,0.0792941078543663,True
5ba9557ef.jpg,0.0565635375678539,False
5ba9557ef.jpg,0.0530286394059658,False
5bd3a9e70.jpg,0.3254742622375488,False
5bd3a9e70.jpg,0.2655355036258697,False
5bd3a9e70.jpg,0.2634629905223846,False
5bd3a9e70.jpg,0.1672613024711609,True
5bd3a9e70.jpg,0.0535055771470069,False
5bfdbe3f2.jpg,0.8910819292068481,False
5c1c6a22d.jpg,0.7828053832054138,False
5c1c6a22d.jpg,0.7826063632965088,False
5c1c6a22d.jpg,0.1302240043878555,True
5c1c6a22d.jpg,0.0618538483977317,False
5c1ebb538.jpg,0.8308476209640503,False
5c2166eeb.jpg,0.8241222500801086,False
5c26ac9cb.jpg,0.3926490545272827,False
5c26ac9cb.jpg,0.1026289612054824,True
5c26ac9cb.jpg,0.0762600898742675,True
5c26ac9cb.jpg,0.0695013999938964,True
5c29df2f0.jpg,0.9188324809074402,False
5c378381f.jpg,0.324598878622055,False
5c378381f.jpg,0.1511970609426498,False
5c378381f.jpg,0.0529917031526565,True
5c3b38449.jpg,0.3945870399475097,False
5c3b38449.jpg,0.0736711174249649,False
5c3b38449.jpg,0.0553610771894454,True
5c48ac422.jpg,0.4410908818244934,False
5c48ac422.jpg,0.2676077485084533,False
5c48ac422.jpg,0.1951271146535873,False
5c48ac422.jpg,0.1852489411830902,True
5c48ac422.jpg,0.17515429854393,True
5c48ac422.jpg,0.154250368475914,False
5c48ac422.jpg,0.1408012956380844,True
5c48ac422.jpg,0.1050403416156768,False
5c48ac422.jpg,0.1042802035808563,False
5c48ac422.jpg,0.1037738174200058,False
5c48ac422.jpg,0.0908908098936081,True
5c48ac422.jpg,0.0759520977735519,True
5c48ac422.jpg,0.0543893612921237,False
5c512aff1.jpg,0.8675094246864319,False
5c512aff1.jpg,0.847107470035553,False
5c512aff1.jpg,0.6851975917816162,False
5c512aff1.jpg,0.6849110126495361,False
5c512aff1.jpg,0.1895254850387573,False
5c512aff1.jpg,0.1720824241638183,False
5c6268e92.jpg,0.900031328201294,False
5c6a26d22.jpg,0.8883435130119324,False
5c6a26d22.jpg,0.76927649974823,False
5c89344fa.jpg,0.2743287682533264,True
5c89344fa.jpg,0.2443794757127761,False
5c89344fa.jpg,0.2131060510873794,True
5c89344fa.jpg,0.1980076730251312,True
5c89344fa.jpg,0.0675644725561142,False
5c9fae21c.jpg,0.3814197182655334,False
5ce319150.jpg,0.4472566843032837,False
5ce319150.jpg,0.2864680886268616,False
5ce319150.jpg,0.1166096851229667,False
5ce319150.jpg,0.0541766136884689,False
5d13bfeca.jpg,0.6969484090805054,False
5d13bfeca.jpg,0.2791754901409149,False
5d13bfeca.jpg,0.1466748416423797,False
5d13bfeca.jpg,0.136715680360794,False
5d13bfeca.jpg,0.064784787595272,True
5d171e4ac.jpg,0.5787765383720398,False
5d171e4ac.jpg,0.3484664857387543,False
5d171e4ac.jpg,0.3444237411022186,False
5d171e4ac.jpg,0.2825852334499359,False
5d171e4ac.jpg,0.2290926277637481,False
5d171e4ac.jpg,0.0752268731594085,False
5d171e4ac.jpg,0.0635145455598831,False
5d171e4ac.jpg,0.0543975234031677,False
5d34a48b8.jpg,0.9153667688369752,False
5d34a48b8.jpg,0.9007687568664552,False
5d34a48b8.jpg,0.8954045176506042,False
5d34a48b8.jpg,0.8592891693115234,False
5d34a48b8.jpg,0.7735382318496704,False
5d34a48b8.jpg,0.7206689715385437,False
5d44cf827.jpg,0.9171838164329528,False
5d44cf827.jpg,0.9097868800163268,False
5d44cf827.jpg,0.357193648815155,False
5d44cf827.jpg,0.3552808165550232,False
5d44cf827.jpg,0.3090359270572662,False
5d44cf827.jpg,0.2260983288288116,False
5d44cf827.jpg,0.2051957249641418,True
5d44cf827.jpg,0.1565420925617218,True
5d44cf827.jpg,0.0789815038442611,False
5d518d410.jpg,0.8848249912261963,False
5d518d410.jpg,0.1820461153984069,True
5d580dbe1.jpg,0.6252807974815369,False
5d6757316.jpg,0.7628948092460632,False
5d6757316.jpg,0.7324981093406677,False
5d6d16fbc.jpg,0.8782734274864197,False
5da7d74ab.jpg,0.8069738745689392,False
5da7d74ab.jpg,0.7843561172485352,False
5da7d74ab.jpg,0.7064982056617737,False
5da7d74ab.jpg,0.7033016681671143,False
5da7d74ab.jpg,0.6429678201675415,False
5da7d74ab.jpg,0.279358834028244,False
5da7d74ab.jpg,0.2628354430198669,False
5da7d74ab.jpg,0.0734258368611335,True
5da7d74ab.jpg,0.0616601929068565,False
5e02a0604.jpg,0.4126456081867218,True
5e02a0604.jpg,0.3432306945323944,False
5e02a0604.jpg,0.2197282612323761,True
5e02a0604.jpg,0.1727009564638137,True
5e02a0604.jpg,0.17190682888031,True
5e02a0604.jpg,0.1643131375312805,True
5e02a0604.jpg,0.1200511157512664,True
5e02a0604.jpg,0.1149105727672576,True
5e02a0604.jpg,0.0995070338249206,True
5e02a0604.jpg,0.0883440747857093,True
5e02a0604.jpg,0.0848936215043068,True
5e02a0604.jpg,0.0823398754000663,True
5e02a0604.jpg,0.080158032476902,True
5e02a0604.jpg,0.078228011727333,True
5e02a0604.jpg,0.0773021429777145,False
5e02a0604.jpg,0.0616701319813728,True
5e02a0604.jpg,0.0542482770979404,True
5e05db88b.jpg,0.9131180047988892,False
5e05db88b.jpg,0.612150251865387,False
5e05db88b.jpg,0.0726853758096695,True
5e0b48427.jpg,0.2568117976188659,False
5e0b48427.jpg,0.2244700640439987,False
5e0b48427.jpg,0.2242544740438461,True
5e0b48427.jpg,0.0594882741570472,True
5e10b2a05.jpg,0.8935624361038208,False
5e18d3150.jpg,0.1051350906491279,True
5e18d3150.jpg,0.0660242885351181,True
5e1b9f458.jpg,0.7863649725914001,False
5e1b9f458.jpg,0.5525840520858765,False
5e1b9f458.jpg,0.5135539174079895,False
5e1b9f458.jpg,0.4308847784996032,True
5e1b9f458.jpg,0.3857716023921966,False
5e1b9f458.jpg,0.2731455266475677,True
5e1b9f458.jpg,0.1933245956897735,False
5e1b9f458.jpg,0.168749913573265,False
5e1b9f458.jpg,0.1405514776706695,False
5e1b9f458.jpg,0.1310893893241882,True
5e1b9f458.jpg,0.1205932050943374,True
5e1b9f458.jpg,0.1167018562555313,False
5e1b9f458.jpg,0.098423883318901,True
5e1b9f458.jpg,0.0735383033752441,False
5e1b9f458.jpg,0.0716392248868942,False
5e1b9f458.jpg,0.0690612196922302,True
5e1b9f458.jpg,0.0508228242397308,False
5e2ecc92b.jpg,0.3659462630748749,False
5e2ecc92b.jpg,0.2078807353973388,False
5e2ecc92b.jpg,0.059356216341257,False
5e31f3b00.jpg,0.889610230922699,False
5e31f3b00.jpg,0.8430188298225403,False
5e31f3b00.jpg,0.8356978297233582,False
5e31f3b00.jpg,0.7609742879867554,False
5e31f3b00.jpg,0.1706725507974624,True
5e31f3b00.jpg,0.1506305783987045,True
5e4318f79.jpg,0.9101264476776124,False
5e4318f79.jpg,0.8467814922332764,False
5e4318f79.jpg,0.3068431615829468,False
5e4318f79.jpg,0.1495124548673629,True
5e4389b28.jpg,0.7722808718681335,False
5e4b96122.jpg,0.8676088452339172,False
5e61b3464.jpg,0.5258845686912537,False
5e7670d13.jpg,0.2391924113035202,False
5e7670d13.jpg,0.2072783261537552,False
5e7670d13.jpg,0.1761614978313446,True
5e7670d13.jpg,0.1431092172861099,False
5e7670d13.jpg,0.0651193559169769,False
5e76f1c26.jpg,0.8171558976173401,False
5e76f1c26.jpg,0.4177096784114837,False
5e76f1c26.jpg,0.4013035297393799,False
5e76f1c26.jpg,0.3375146985054016,False
5e76f1c26.jpg,0.3153029382228851,False
5e76f1c26.jpg,0.282436192035675,False
5e76f1c26.jpg,0.2386648952960968,False
5e76f1c26.jpg,0.0869458243250846,False
5e76f1c26.jpg,0.0665864050388336,False
5e76f1c26.jpg,0.0637254938483238,False
5e7e13572.jpg,0.7740946412086487,False
5e7e13572.jpg,0.3812085390090942,False
5e7e13572.jpg,0.1011968031525611,False
5e7e13572.jpg,0.0545604228973388,True
5eb0a58bc.jpg,0.8270831108093262,False
5eb713fd8.jpg,0.8388354778289795,False
5ec7f2338.jpg,0.833977997303009,False
5ec7f2338.jpg,0.8105584383010864,False
5ec7f2338.jpg,0.7914831042289734,False
5ec7f2338.jpg,0.1408724933862686,True
5ecea870b.jpg,0.8691264986991882,False
5ecea870b.jpg,0.8081164956092834,False
5ecea870b.jpg,0.2817870080471039,False
5ecea870b.jpg,0.2243993580341339,False
5ecea870b.jpg,0.2055918276309967,False
5ecea870b.jpg,0.1813893467187881,False
5ecea870b.jpg,0.1096199303865432,False
5ed922c43.jpg,0.8071000576019287,False
5ef3977df.jpg,0.4260004460811615,False
5ef3977df.jpg,0.2167920768260955,False
5ef5e8aa9.jpg,0.6176434755325317,False
5ef5e8aa9.jpg,0.6142023801803589,False
5ef5e8aa9.jpg,0.5400546193122864,True
5ef5e8aa9.jpg,0.4656301140785217,False
5ef5e8aa9.jpg,0.4501616656780243,True
5ef5e8aa9.jpg,0.4397271573543548,True
5ef5e8aa9.jpg,0.4219090640544891,False
5ef5e8aa9.jpg,0.4122079908847809,True
5ef5e8aa9.jpg,0.3135024905204773,True
5ef5e8aa9.jpg,0.2782702147960663,True
5ef5e8aa9.jpg,0.2594451606273651,False
5ef5e8aa9.jpg,0.2180462181568145,False
5ef5e8aa9.jpg,0.186919167637825,False
5ef5e8aa9.jpg,0.1821683496236801,False
5ef5e8aa9.jpg,0.1733924746513366,True
5ef5e8aa9.jpg,0.1690791100263595,True
5ef5e8aa9.jpg,0.1223166659474372,False
5ef5e8aa9.jpg,0.1060613989830017,False
5ef5e8aa9.jpg,0.1014418303966522,True
5ef5e8aa9.jpg,0.0867059752345085,True
5ef5e8aa9.jpg,0.0552913434803485,True
5ef5e8aa9.jpg,0.0535543523728847,False
5ef5e8aa9.jpg,0.0526100359857082,True
5ef5e8aa9.jpg,0.0525526441633701,True
5ef5e8aa9.jpg,0.0506382025778293,True
5efecf273.jpg,0.8776024580001831,False
5efecf273.jpg,0.8057951331138611,True
5efecf273.jpg,0.4883888661861419,True
5efecf273.jpg,0.3115902841091156,True
5efecf273.jpg,0.2471955865621566,True
5efecf273.jpg,0.1434281319379806,True
5efecf273.jpg,0.1417347490787506,True
5efecf273.jpg,0.1038285046815872,False
5efecf273.jpg,0.0908024460077285,True
5efecf273.jpg,0.0840483605861663,True
5efecf273.jpg,0.0584154762327671,True
5efee2828.jpg,0.9201555252075196,False
5f1817b60.jpg,0.9099184274673462,False
5f4ad3032.jpg,0.8671146631240845,False
5f4ad3032.jpg,0.737425684928894,False
5f4ad3032.jpg,0.6726609468460083,False
5f4ad3032.jpg,0.6420690417289734,False
5f4ad3032.jpg,0.5886096358299255,False
5f4ad3032.jpg,0.4028600454330444,False
5f4ad3032.jpg,0.2056563198566436,True
5f4ad3032.jpg,0.1633850038051605,True
5f4ad3032.jpg,0.0569299422204494,False
5f4ad3032.jpg,0.0551046356558799,True
5f4ad3032.jpg,0.0543348379433155,False
5f525b723.jpg,0.8261491656303406,False
5f525b723.jpg,0.2575416266918182,True
5f7482430.jpg,0.6873525381088257,False
5f7482430.jpg,0.6296054124832153,False
5f7482430.jpg,0.6202743649482727,False
5f7482430.jpg,0.5023443698883057,False
5f7482430.jpg,0.3184588551521301,False
5f7482430.jpg,0.2030868977308273,False
5f7482430.jpg,0.1783816069364547,False
5f7482430.jpg,0.105585016310215,False
5f7482430.jpg,0.0885219275951385,True
5f7482430.jpg,0.0607118643820285,False
5f7482430.jpg,0.0589893199503421,False
5fac14abb.jpg,0.8760749101638794,False
5fac14abb.jpg,0.8711495995521545,False
5fac14abb.jpg,0.4425174593925476,False
5fac14abb.jpg,0.338747888803482,True
5fad659cd.jpg,0.7402953505516052,False
5fad659cd.jpg,0.6699817776679993,False
5fad659cd.jpg,0.0615348927676677,True
5fad659cd.jpg,0.0604984313249588,True
5fad659cd.jpg,0.0549089945852756,True
5fb258778.jpg,0.5854377150535583,False
5fb258778.jpg,0.427511990070343,False
5fb258778.jpg,0.3287948668003082,False
5fb258778.jpg,0.3018984198570251,False
5fb258778.jpg,0.2882592678070068,False
5fb258778.jpg,0.0754990056157112,False
5fb258778.jpg,0.0657151266932487,True
5fb258778.jpg,0.0605340562760829,False
5fbe0d723.jpg,0.7708120346069336,False
5fbe0d723.jpg,0.7489157915115356,False
5fbe0d723.jpg,0.6599130034446716,False
5fbe0d723.jpg,0.5201994776725769,False
5fbe0d723.jpg,0.4006256759166717,True
5fbe0d723.jpg,0.3386544287204742,True
5fbe0d723.jpg,0.3212358057498932,True
5fbe0d723.jpg,0.203156515955925,True
5fbe0d723.jpg,0.0876700356602668,False
5fbe0d723.jpg,0.0803625062108039,True
5fbe0d723.jpg,0.0677242502570152,True
5fbe0d723.jpg,0.0648432299494743,True
5fbe0d723.jpg,0.0647658929228782,True
5fbe0d723.jpg,0.0606249831616878,True
5fbe53511.jpg,0.7982261180877686,False
5fbe53511.jpg,0.4215460121631622,True
5fbe53511.jpg,0.3827497065067291,True
5fbe53511.jpg,0.1716772466897964,True
5fbe53511.jpg,0.1710467934608459,True
5fbe53511.jpg,0.161093920469284,True
5fbe53511.jpg,0.1470588445663452,True
5fbe53511.jpg,0.0860028341412544,True
5fc456f68.jpg,0.9356786608695984,False
5fd44dd8b.jpg,0.3932723701000213,False
5fd44dd8b.jpg,0.1826442331075668,False
5fe620edf.jpg,0.4981112480163574,False
5fe620edf.jpg,0.3448834121227264,True
5fe620edf.jpg,0.3222355842590332,True
5fe620edf.jpg,0.2490546256303787,True
5fe620edf.jpg,0.0662411451339721,True
5fe8fdae8.jpg,0.925163984298706,False
5fffefe8f.jpg,0.6136250495910645,False
600bfedf2.jpg,0.8235374689102173,False
600bfedf2.jpg,0.6601266264915466,False
600bfedf2.jpg,0.337768405675888,False
600bfedf2.jpg,0.2353700101375579,False
600bfedf2.jpg,0.2247264832258224,False
600bfedf2.jpg,0.2238349318504333,False
600bfedf2.jpg,0.1992743611335754,False
600bfedf2.jpg,0.1437386125326156,False
600bfedf2.jpg,0.05888432264328,False
6013e1698.jpg,0.8200342655181885,False
6013e1698.jpg,0.1929201632738113,False
6013e1698.jpg,0.1618821620941162,False
60338a3a3.jpg,0.4836891889572143,False
60338a3a3.jpg,0.2801174521446228,False
60338a3a3.jpg,0.0614439994096756,False
605df5867.jpg,0.8955065011978149,False
605df5867.jpg,0.1145545989274978,False
6071c4d05.jpg,0.7858393788337708,False
607a6818b.jpg,0.8795114755630493,False
608183831.jpg,0.9110493659973145,False
6084eb347.jpg,0.6067183017730713,False
6084eb347.jpg,0.4936133921146393,False
6084eb347.jpg,0.4935766756534576,False
6084eb347.jpg,0.4679630398750305,False
6084eb347.jpg,0.3137699663639068,False
6084eb347.jpg,0.3071534037590027,False
6084eb347.jpg,0.28135746717453,False
6084eb347.jpg,0.2556879818439483,True
6084eb347.jpg,0.2419236004352569,False
6084eb347.jpg,0.1457491070032119,True
6084eb347.jpg,0.0878092125058174,False
6084eb347.jpg,0.0764300301671028,False
6084eb347.jpg,0.0676460489630699,False
6086db4b3.jpg,0.8730762004852295,False
60c19b344.jpg,0.8948885202407837,False
60d951c13.jpg,0.5626667737960815,False
60d951c13.jpg,0.3049763143062591,False
60fb74cec.jpg,0.3726803362369537,False
60fb74cec.jpg,0.1813389360904693,False
60fca886c.jpg,0.57637619972229,False
60fca886c.jpg,0.3615019023418426,False
60fca886c.jpg,0.0604352690279483,False
6109bea53.jpg,0.5626006126403809,False
6109bea53.jpg,0.2317622601985931,False
6109bea53.jpg,0.1078737527132034,True
611b87d1b.jpg,0.9216197729110718,False
611b87d1b.jpg,0.7865037322044373,False
611bdd0f6.jpg,0.8734686970710754,False
611bdd0f6.jpg,0.6744683980941772,False
611c6d977.jpg,0.4622261524200439,False
611c6d977.jpg,0.4061172306537628,False
611c6d977.jpg,0.2830779254436493,False
611c6d977.jpg,0.128583550453186,False
611c6d977.jpg,0.0579612664878368,True
612f58fd0.jpg,0.6547755002975464,False
612f58fd0.jpg,0.6297443509101868,False
612f58fd0.jpg,0.4487312138080597,False
612f58fd0.jpg,0.1608056873083114,False
612f58fd0.jpg,0.1133585646748542,True
612f58fd0.jpg,0.1092518642544746,False
612f58fd0.jpg,0.0973215103149414,True
612f58fd0.jpg,0.0931756645441055,True
612f58fd0.jpg,0.0817329436540603,True
61482ae75.jpg,0.2942335605621338,False
61482ae75.jpg,0.2813170850276947,False
61482ae75.jpg,0.1418989896774292,True
61482ae75.jpg,0.1054055616259574,True
61482ae75.jpg,0.0565883927047252,True
61482ae75.jpg,0.0500123426318168,True
6171d14ca.jpg,0.7475853562355042,False
6192d732b.jpg,0.7543937563896179,False
6192d732b.jpg,0.7408639192581177,False
6192d732b.jpg,0.4153324067592621,False
6192d732b.jpg,0.2843271493911743,True
6192d732b.jpg,0.2775172591209411,False
6192d732b.jpg,0.168214738368988,True
6192d732b.jpg,0.1497656553983688,False
6192d732b.jpg,0.1161510124802589,True
6192d732b.jpg,0.1100653633475303,True
6192d732b.jpg,0.061307419091463,False
619969782.jpg,0.4464768171310425,False
619969782.jpg,0.1415605992078781,False
61b351949.jpg,0.8980567455291748,False
61b351949.jpg,0.3971821665763855,False
61b351949.jpg,0.2469759732484817,True
61b351949.jpg,0.1429448127746582,True
61b351949.jpg,0.0678299441933631,True
61b63d0b4.jpg,0.2918824255466461,False
61b63d0b4.jpg,0.1508044153451919,False
61b63d0b4.jpg,0.0993628650903701,False
61b63d0b4.jpg,0.0716153159737587,False
61b63d0b4.jpg,0.0716100260615348,False
61b63d0b4.jpg,0.0649403557181358,True
61b63d0b4.jpg,0.0639025941491127,False
61b63d0b4.jpg,0.0619126707315444,True
61b798331.jpg,0.5468516945838928,True
61b798331.jpg,0.4861563146114349,False
61b798331.jpg,0.1641295999288559,False
61bca572a.jpg,0.4765721559524536,False
61bca572a.jpg,0.1034840866923332,False
61d58ee7b.jpg,0.8332089185714722,False
61dc40fd1.jpg,0.9021501541137696,False
61dc82daf.jpg,0.6176193952560425,False
61df3baf8.jpg,0.8863098621368408,False
61e0635a9.jpg,0.9037789702415466,False
61ead3a8f.jpg,0.6695324778556824,False
61ead3a8f.jpg,0.1788212656974792,False
61ead3a8f.jpg,0.0646231919527053,False
61eea7bd2.jpg,0.4338630139827728,False
61eea7bd2.jpg,0.2511062622070312,False
61eea7bd2.jpg,0.1032032892107963,False
61eea7bd2.jpg,0.0845681801438331,True
61f4b7093.jpg,0.9006104469299316,False
61fef9752.jpg,0.8345506191253662,False
620efe0a7.jpg,0.7223320007324219,False
622d6d0d4.jpg,0.6001944541931152,False
622d6d0d4.jpg,0.1049410477280616,False
624499178.jpg,0.3917934596538543,True
624499178.jpg,0.3313998579978943,True
624499178.jpg,0.2966216206550598,True
624499178.jpg,0.2746066153049469,True
624499178.jpg,0.2285765558481216,True
624499178.jpg,0.2023708373308181,True
624499178.jpg,0.1779849976301193,True
624499178.jpg,0.1775145828723907,True
624499178.jpg,0.1714334040880203,True
624499178.jpg,0.1642451733350753,True
624499178.jpg,0.1516099125146865,True
624499178.jpg,0.1469566524028778,True
624499178.jpg,0.134033590555191,True
624499178.jpg,0.1262199133634567,True
624499178.jpg,0.1203571557998657,True
624499178.jpg,0.1186371892690658,True
624499178.jpg,0.1176113113760948,True
624499178.jpg,0.1157853528857231,True
624499178.jpg,0.1136780902743339,True
624499178.jpg,0.1107128337025642,False
624499178.jpg,0.1060820594429969,False
624499178.jpg,0.1035187691450119,True
624499178.jpg,0.1004492715001106,True
624499178.jpg,0.099388487637043,False
624499178.jpg,0.0751695707440376,True
624499178.jpg,0.0690860524773597,False
624499178.jpg,0.0683110654354095,True
624499178.jpg,0.067656509578228,True
624499178.jpg,0.0673526898026466,True
624499178.jpg,0.065731756389141,False
624499178.jpg,0.0636524409055709,True
624499178.jpg,0.0621270947158336,True
624499178.jpg,0.0599465407431125,False
6258df304.jpg,0.5683544874191284,False
6258df304.jpg,0.3492478728294372,False
6258df304.jpg,0.2006644308567047,False
6258df304.jpg,0.1995926648378372,False
6260359bc.jpg,0.8582920432090759,False
627b570cb.jpg,0.8894083499908447,False
628bda4f0.jpg,0.8405269980430603,False
628bda4f0.jpg,0.4458773136138916,False
628bda4f0.jpg,0.0827951654791832,False
629e69227.jpg,0.8660066723823547,False
62b783d1a.jpg,0.7966124415397644,False
62bb9b5ca.jpg,0.0767170414328575,True
62bebb389.jpg,0.8345270752906799,False
62bebb389.jpg,0.7031379342079163,False
62bf57d05.jpg,0.3626485466957092,True
62bf57d05.jpg,0.0547775365412235,True
62c360fc7.jpg,0.82887864112854,False
62ccf1448.jpg,0.0842260196805,False
62dc7c9bc.jpg,0.6454514861106873,False
62dc7c9bc.jpg,0.3729799389839172,False
62dc7c9bc.jpg,0.1809982657432556,False
62dc7c9bc.jpg,0.0827144533395767,True
62faad686.jpg,0.9133879542350768,False
62fbfe8e6.jpg,0.8943614959716797,False
6309f9044.jpg,0.425370454788208,True
6309f9044.jpg,0.0539740435779094,True
6323b94b0.jpg,0.7489783763885498,False
6323b94b0.jpg,0.5299915671348572,False
6323b94b0.jpg,0.2537966966629028,False
6323b94b0.jpg,0.2203323096036911,False
6323b94b0.jpg,0.2028772979974746,False
6323b94b0.jpg,0.1946197897195816,False
6323b94b0.jpg,0.1753810048103332,False
6323b94b0.jpg,0.1388228684663772,True
6323b94b0.jpg,0.1102151721715927,False
6323b94b0.jpg,0.0734013468027114,False
63340414f.jpg,0.7605855464935303,False
63340414f.jpg,0.7494860291481018,False
63340414f.jpg,0.1271412521600723,True
63340414f.jpg,0.0869293138384819,True
633b0cc46.jpg,0.8093766570091248,False
633b0cc46.jpg,0.1230320110917091,True
633b0cc46.jpg,0.0848331600427627,True
633b0cc46.jpg,0.0627674087882042,True
633b0cc46.jpg,0.0528922937810421,True
6341a8392.jpg,0.5870400667190552,False
6341a8392.jpg,0.1180616915225982,False
635879d30.jpg,0.4217853248119354,False
635879d30.jpg,0.4058104157447815,False
635879d30.jpg,0.3781102001667022,False
635879d30.jpg,0.3689346611499786,True
635879d30.jpg,0.3684571385383606,False
635879d30.jpg,0.186295211315155,False
635879d30.jpg,0.1615526229143142,True
635879d30.jpg,0.0825748071074485,False
635879d30.jpg,0.078984797000885,False
6359bb31f.jpg,0.2168443500995636,False
6359bb31f.jpg,0.1450013518333435,True
6359bb31f.jpg,0.114518329501152,False
6359bb31f.jpg,0.0566631779074668,True
636e10852.jpg,0.3920885622501373,False
636e10852.jpg,0.3020302951335907,True
636e10852.jpg,0.2323638945817947,True
636e10852.jpg,0.087625004351139,True
6371e60a3.jpg,0.9142566919326782,False
6375178e4.jpg,0.5755245089530945,False
6375178e4.jpg,0.349981278181076,False
6375178e4.jpg,0.2053704261779785,False
6375178e4.jpg,0.0812282189726829,False
6375178e4.jpg,0.0638595968484878,False
63948cf16.jpg,0.6258924007415771,False
63948cf16.jpg,0.616359293460846,False
63948cf16.jpg,0.458985298871994,False
63948cf16.jpg,0.2275807857513427,False
63948cf16.jpg,0.1595640033483505,False
63948cf16.jpg,0.1061103567481041,False
63b04978d.jpg,0.8980745077133179,False
63b70edf2.jpg,0.8522084355354309,False
63b70edf2.jpg,0.5982642769813538,False
63b70edf2.jpg,0.0811309441924095,False
63d15cc3f.jpg,0.5989448428153992,False
63d15cc3f.jpg,0.1194797977805137,True
63d15cc3f.jpg,0.0784390494227409,True
63d15cc3f.jpg,0.0551066286861896,True
63d15cc3f.jpg,0.0520382262766361,False
63e3e34f5.jpg,0.8217551708221436,True
63e3e34f5.jpg,0.7624976634979248,False
63f047d76.jpg,0.8556745648384094,False
63f91fd81.jpg,0.8621808886528015,False
63f91fd81.jpg,0.5869802236557007,False
63f91fd81.jpg,0.3110557794570923,True
63f91fd81.jpg,0.2389798015356063,False
63f91fd81.jpg,0.2031822353601455,False
63f91fd81.jpg,0.1147659942507743,False
644203589.jpg,0.074612021446228,True
644203589.jpg,0.0570755563676357,True
6448b9251.jpg,0.6132939457893372,False
646d868da.jpg,0.8208751678466797,False
646d868da.jpg,0.7935909032821655,False
646d868da.jpg,0.7933560609817505,False
646d868da.jpg,0.7522817254066467,False
646d868da.jpg,0.6952467560768127,False
646d868da.jpg,0.3711164891719818,False
646d868da.jpg,0.2562975585460663,False
646d868da.jpg,0.177163615822792,False
646d868da.jpg,0.0779653862118721,False
646d868da.jpg,0.0507883988320827,False
646fe7e2b.jpg,0.904966413974762,False
646fe7e2b.jpg,0.8359558582305908,False
646fe7e2b.jpg,0.7953164577484131,False
646fe7e2b.jpg,0.7803560495376587,False
647f1ade6.jpg,0.832878828048706,True
647f1ade6.jpg,0.5501129627227783,False
647f1ade6.jpg,0.2359742820262909,False
647f1ade6.jpg,0.2072112560272216,False
647f1ade6.jpg,0.0950487703084945,False
647f1ade6.jpg,0.085322804749012,True
6487b626e.jpg,0.8245875835418701,False
6487b626e.jpg,0.4344570636749267,False
6487b626e.jpg,0.3421096801757812,False
6487b626e.jpg,0.0673964098095893,False
648bca076.jpg,0.3129765689373016,False
648bca076.jpg,0.2901652157306671,False
648bca076.jpg,0.1336636543273925,False
649b2e8ec.jpg,0.9133522510528564,False
64a7549ff.jpg,0.1037640497088432,True
64a7549ff.jpg,0.08262849599123,True
64b2eba37.jpg,0.9271676540374756,False
64b2eba37.jpg,0.8499736189842224,False
64c6a0837.jpg,0.9243818521499634,False
64cfe2eee.jpg,0.9304466247558594,False
64cfe2eee.jpg,0.8501726984977722,False
64d4a0a5c.jpg,0.8723388910293579,False
64d4a0a5c.jpg,0.5810145139694214,False
64e99cf7f.jpg,0.3509664535522461,False
64e99cf7f.jpg,0.1696388870477676,False
64e99cf7f.jpg,0.1686338186264038,False
650485548.jpg,0.4869738817214966,False
650485548.jpg,0.0512375310063362,False
65119ed3f.jpg,0.8843526840209961,False
6511aeb37.jpg,0.6857141256332397,False
6511aeb37.jpg,0.1328095197677612,False
655875570.jpg,0.8523380756378174,True
655875570.jpg,0.3766090273857116,False
656335508.jpg,0.8821379542350769,False
656335508.jpg,0.6365818977355957,False
656335508.jpg,0.3256495594978332,False
656335508.jpg,0.2600589096546173,False
656335508.jpg,0.1728260219097137,False
656335508.jpg,0.1375176459550857,True
656335508.jpg,0.0922244191169738,False
656392ff0.jpg,0.8629216551780701,False
656392ff0.jpg,0.6353412866592407,False
656ac2333.jpg,0.8819279074668884,False
656ac6382.jpg,0.8846336007118225,False
656ac6382.jpg,0.8226810693740845,False
656ac6382.jpg,0.2957723140716553,True
656ac6382.jpg,0.1933641731739044,True
656ac6382.jpg,0.0884454324841499,True
656ce5bbc.jpg,0.9191214442253112,False
656ce5bbc.jpg,0.8910218477249146,False
656ce5bbc.jpg,0.2382874935865402,True
656ce5bbc.jpg,0.1792166829109192,True
656ce5bbc.jpg,0.0760638862848281,True
656e328c3.jpg,0.344854861497879,False
656e328c3.jpg,0.1494152843952179,False
6571aaec6.jpg,0.882621705532074,False
6571aaec6.jpg,0.8295034766197205,False
6571aaec6.jpg,0.82220858335495,False
6571aaec6.jpg,0.787032961845398,False
6571aaec6.jpg,0.7421701550483704,False
657957194.jpg,0.7713621258735657,False
657957194.jpg,0.278151273727417,True
657957194.jpg,0.1061449274420738,True
65862b293.jpg,0.8259865641593933,False
65862b293.jpg,0.0577655509114265,False
65862b293.jpg,0.053299244493246,False
6597cc0af.jpg,0.7199972867965698,False
6597cc0af.jpg,0.581335723400116,True
6597cc0af.jpg,0.3094704747200012,True
659bb04d1.jpg,0.9290165901184082,False
659bb04d1.jpg,0.7790250778198242,False
65a4b32f6.jpg,0.8544280529022217,False
65a4b32f6.jpg,0.7910736203193665,False
65a4b32f6.jpg,0.118336334824562,False
65b4b2708.jpg,0.3879914581775665,False
65b4b2708.jpg,0.1274084001779556,False
65bb54bb5.jpg,0.5866491198539734,False
65bb54bb5.jpg,0.29767706990242,False
65c56212f.jpg,0.5077815055847168,False
65c56212f.jpg,0.4992716312408447,False
65c56212f.jpg,0.3091843128204345,False
65c56212f.jpg,0.3035973012447357,False
66039a7fc.jpg,0.3470450937747955,False
66039a7fc.jpg,0.287802129983902,False
66039a7fc.jpg,0.2866803109645843,False
66039a7fc.jpg,0.1295940279960632,True
66114c351.jpg,0.7829165458679199,False
66114c351.jpg,0.1993904262781143,True
66114c351.jpg,0.1555327475070953,True
66114c351.jpg,0.1361559480428695,True
66114c351.jpg,0.1028760746121406,True
66114c351.jpg,0.0996220633387565,True
66114c351.jpg,0.0903818160295486,True
66114c351.jpg,0.0518829859793186,True
66114c351.jpg,0.0513040758669376,True
66339de00.jpg,0.877223789691925,False
66339de00.jpg,0.7643317580223083,False
66533ee72.jpg,0.7987081408500671,False
665dd4cd2.jpg,0.857416570186615,False
665dd4cd2.jpg,0.8164006471633911,False
667ca2d49.jpg,0.3457675874233246,False
667ca2d49.jpg,0.2587256133556366,True
667ca2d49.jpg,0.2356723099946975,False
667ca2d49.jpg,0.1703819930553436,False
667ca2d49.jpg,0.0824643298983573,True
667ca2d49.jpg,0.0822817459702491,False
667ca2d49.jpg,0.0819637104868888,False
667ca2d49.jpg,0.0650910884141922,False
66bdead5e.jpg,0.4900099039077759,False
66bdead5e.jpg,0.4695384204387665,False
66bdead5e.jpg,0.3016228377819061,False
66bdead5e.jpg,0.2654925286769867,True
66bdead5e.jpg,0.2588610649108886,True
66bdead5e.jpg,0.2482036650180816,False
66bdead5e.jpg,0.2449449449777603,True
66bdead5e.jpg,0.216025248169899,False
66bdead5e.jpg,0.2004667073488235,True
66bdead5e.jpg,0.1693208217620849,False
66bdead5e.jpg,0.1599447876214981,False
66bdead5e.jpg,0.1534875780344009,True
66bdead5e.jpg,0.1397134214639663,True
66bdead5e.jpg,0.1140795424580574,False
66bdead5e.jpg,0.1125686094164848,True
66bdead5e.jpg,0.1108812540769577,False
66bdead5e.jpg,0.110576719045639,False
66bdead5e.jpg,0.0939395204186439,False
66bdead5e.jpg,0.0932244285941124,True
66bdead5e.jpg,0.0898946970701217,True
66bdead5e.jpg,0.0761286243796348,False
66bdead5e.jpg,0.0719921067357063,True
66bdead5e.jpg,0.0705614387989044,False
66bdead5e.jpg,0.0625305995345115,True
66bdead5e.jpg,0.0580073930323123,False
66bdead5e.jpg,0.0576630160212516,False
66bdead5e.jpg,0.0530788525938987,True
66bdead5e.jpg,0.0515249483287334,False
66c7c3361.jpg,0.9032235145568848,False
66c7c3361.jpg,0.8666882514953613,False
66c7c3361.jpg,0.8652201890945435,False
66e928af2.jpg,0.3634457588195801,False
66e928af2.jpg,0.0955582857131958,False
66e928af2.jpg,0.0561317689716815,False
670786bb5.jpg,0.4780631065368652,False
670786bb5.jpg,0.1228129938244819,True
670858070.jpg,0.7420181035995483,False
67147851e.jpg,0.9071213006973268,False
6736a0369.jpg,0.9604655504226683,False
6744b9fda.jpg,0.9282422661781312,False
6744b9fda.jpg,0.5498927235603333,True
6744b9fda.jpg,0.0621763467788696,True
6744b9fda.jpg,0.0525134429335594,True
6749af8c4.jpg,0.874816358089447,False
6749af8c4.jpg,0.86534184217453,False
6749af8c4.jpg,0.8235523104667664,False
6749af8c4.jpg,0.3922987580299377,False
6749af8c4.jpg,0.2575635015964508,False
6754809e8.jpg,0.3619581162929535,False
6754809e8.jpg,0.3185238540172577,False
6754809e8.jpg,0.1904315501451492,False
6754809e8.jpg,0.0968590602278709,False
6754809e8.jpg,0.0903040319681167,False
6754809e8.jpg,0.0682456493377685,True
67577cbaf.jpg,0.6492649912834167,False
67577cbaf.jpg,0.5190882682800293,False
67577cbaf.jpg,0.5132203102111816,False
67577cbaf.jpg,0.4311460256576538,True
67577cbaf.jpg,0.4039022624492645,False
67577cbaf.jpg,0.3385330140590668,False
67577cbaf.jpg,0.2044289112091064,False
67577cbaf.jpg,0.1818665564060211,True
67577cbaf.jpg,0.1607594937086105,False
67577cbaf.jpg,0.0650088191032409,True
67577cbaf.jpg,0.0581791065633297,True
677099af4.jpg,0.8857731819152832,False
677099af4.jpg,0.8642727732658386,False
679a3f8ae.jpg,0.3731728494167328,False
679a3f8ae.jpg,0.0665238723158836,False
67ab21f57.jpg,0.2123049795627594,True
67ab21f57.jpg,0.1335067600011825,True
67ab21f57.jpg,0.0760367065668106,True
67c7f5fc8.jpg,0.8792313933372498,False
67c7f5fc8.jpg,0.086253322660923,True
67c7f5fc8.jpg,0.0770560353994369,True
67ca61dc8.jpg,0.4865168929100036,False
67d29dc4b.jpg,0.8935429453849792,False
67e0507b6.jpg,0.8750864267349243,False
67e60a8f5.jpg,0.2620191872119903,False
67e60a8f5.jpg,0.190891295671463,False
67e60a8f5.jpg,0.1550545990467071,True
67ede51e7.jpg,0.1568131446838379,True
67f5433fb.jpg,0.8568705916404724,False
67f5433fb.jpg,0.8455170392990112,False
67f5433fb.jpg,0.8094697594642639,False
67f5433fb.jpg,0.2961991727352142,True
67f5433fb.jpg,0.2251233607530594,True
67f5433fb.jpg,0.1129005700349807,True
67f5433fb.jpg,0.0914424583315849,True
67f5433fb.jpg,0.0647729411721229,True
680a0f26e.jpg,0.8742479085922241,False
680a0f26e.jpg,0.8662742972373962,False
682897b9d.jpg,0.8790468573570251,False
682c98497.jpg,0.4904090762138366,False
682c98497.jpg,0.2841388583183288,False
68313ac45.jpg,0.8514518141746521,False
68313ac45.jpg,0.7758108973503113,False
68313ac45.jpg,0.6897018551826477,False
68313ac45.jpg,0.3088165521621704,False
6832af874.jpg,0.5084510445594788,False
6832af874.jpg,0.0576285757124424,False
6854f3853.jpg,0.3377037644386291,True
6854f3853.jpg,0.2649029791355133,True
6854f3853.jpg,0.2111236900091171,False
6854f3853.jpg,0.1581849604845047,True
6854f3853.jpg,0.1316314786672592,True
6854f3853.jpg,0.0844338461756706,True
6854f3853.jpg,0.0612619966268539,True
68695274d.jpg,0.6950860619544983,True
68695274d.jpg,0.3423700928688049,False
68695274d.jpg,0.2496192306280136,True
68695274d.jpg,0.2192129343748092,True
68695274d.jpg,0.1103824749588966,True
68695274d.jpg,0.1040843054652214,True
68695274d.jpg,0.0945860221982002,True
68695274d.jpg,0.0918603166937828,True
68695274d.jpg,0.0573358163237571,True
688002f2e.jpg,0.9310020804405212,False
688002f2e.jpg,0.3306806683540344,False
688002f2e.jpg,0.3246484100818634,False
688002f2e.jpg,0.317734956741333,False
688002f2e.jpg,0.1667148768901825,False
688002f2e.jpg,0.1603993028402328,False
688002f2e.jpg,0.0971023589372634,False
688002f2e.jpg,0.0760377123951911,False
688002f2e.jpg,0.0699083805084228,True
688002f2e.jpg,0.0582308582961559,True
68a12828c.jpg,0.3066813349723816,False
68a12828c.jpg,0.2531973421573639,False
68a12828c.jpg,0.1485076993703842,False
68a12828c.jpg,0.118201270699501,False
68a12828c.jpg,0.0733416229486465,True
68a12828c.jpg,0.0649060606956482,True
68a7b2d4b.jpg,0.8091099858283997,False
68a7b2d4b.jpg,0.7162151336669922,False
68a7b2d4b.jpg,0.689670205116272,False
68a7b2d4b.jpg,0.1998596638441085,False
68a8e8e37.jpg,0.7079168558120728,False
68c40ca8e.jpg,0.3555752635002136,True
68c40ca8e.jpg,0.2376001179218292,False
68c40ca8e.jpg,0.1033803597092628,False
68f4cb257.jpg,0.7306680083274841,False
68f63fbf0.jpg,0.8968715071678162,False
68f8871cc.jpg,0.8362258672714233,False
69250c972.jpg,0.426489382982254,False
69250c972.jpg,0.3719917833805084,False
69250c972.jpg,0.2819447219371795,False
692db5693.jpg,0.8665533065795898,False
693912e96.jpg,0.8358026146888733,False
693e1e4f8.jpg,0.1046452820301055,False
693e1e4f8.jpg,0.0542492009699344,True
693e1e4f8.jpg,0.0514276772737503,True
69473a9b2.jpg,0.8904755115509033,False
69473a9b2.jpg,0.1105460599064827,True
69473a9b2.jpg,0.1070638746023178,True
69473a9b2.jpg,0.0547256506979465,True
695459a6e.jpg,0.1507943272590637,True
695459a6e.jpg,0.0957947298884391,True
696989b81.jpg,0.884248673915863,False
696989b81.jpg,0.845913290977478,False
697e3d6da.jpg,0.6999636888504028,False
69a3b7bed.jpg,0.2405841648578643,True
69a3b7bed.jpg,0.1489586234092712,True
69a3b7bed.jpg,0.0543139949440956,True
69a3b7bed.jpg,0.0540367998182773,True
69a69a0f4.jpg,0.8606482148170471,False
69a69a0f4.jpg,0.7825025320053101,False
69af45068.jpg,0.2551428973674774,False
69af45068.jpg,0.2286657840013504,False
69af45068.jpg,0.188195139169693,False
69af45068.jpg,0.1458100378513336,False
69af45068.jpg,0.094046413898468,True
69af45068.jpg,0.053470529615879,True
69af45068.jpg,0.0511520989239215,False
69b5fb859.jpg,0.6280220746994019,False
69b5fb859.jpg,0.6056364178657532,False
69b5fb859.jpg,0.3838772177696228,False
69b5fb859.jpg,0.3190871179103851,False
69b5fb859.jpg,0.2008795887231826,True
69b5fb859.jpg,0.0923521146178245,True
69bf94ef2.jpg,0.6346583366394043,False
69bf94ef2.jpg,0.2833398282527923,False
69cd19665.jpg,0.8758454918861389,False
69cd82614.jpg,0.8977611064910889,False
69cd82614.jpg,0.8871600031852722,False
69cd82614.jpg,0.8844491243362427,False
69cd82614.jpg,0.855348527431488,False
69cd82614.jpg,0.854076623916626,False
69cd82614.jpg,0.3501898944377899,True
69cd82614.jpg,0.1450946480035781,True
69d134368.jpg,0.8690798282623291,False
69d134368.jpg,0.5034219622612,False
69d134368.jpg,0.1335434913635254,False
69d134368.jpg,0.074369341135025,True
69d93e8ee.jpg,0.6433237195014954,False
69d93e8ee.jpg,0.5545336008071899,False
69d93e8ee.jpg,0.2904406785964966,False
69d93e8ee.jpg,0.0754368752241134,True
69dc2e683.jpg,0.8575181365013123,False
69dc2e683.jpg,0.2182232439517974,True
69dc2e683.jpg,0.1357924789190292,True
69de5849b.jpg,0.8900790810585022,False
69de5849b.jpg,0.873818039894104,False
69de5849b.jpg,0.1355632096529007,True
69de5849b.jpg,0.1005150377750396,True
69de5849b.jpg,0.0660298690199852,True
6a0062f22.jpg,0.5485725402832031,False
6a0062f22.jpg,0.0905007272958755,False
6a1d3f858.jpg,0.3446032404899597,False
6a1d3f858.jpg,0.1327726691961288,False
6a1d3f858.jpg,0.1171680092811584,False
6a296f3cf.jpg,0.9383702874183656,False
6a296f3cf.jpg,0.8704572916030884,False
6a296f3cf.jpg,0.4693274199962616,False
6a296f3cf.jpg,0.1739194840192794,False
6a296f3cf.jpg,0.0668044462800026,True
6a42583d4.jpg,0.8940646648406982,False
6a49fb569.jpg,0.869741678237915,False
6a4a609f7.jpg,0.4580418765544891,False
6a4a609f7.jpg,0.4425576627254486,False
6a4a609f7.jpg,0.4366841912269592,False
6a4a609f7.jpg,0.2940764427185058,True
6a4a609f7.jpg,0.221483364701271,False
6a4a609f7.jpg,0.1830984205007553,False
6a4a609f7.jpg,0.1383118033409118,True
6a4a609f7.jpg,0.0764549374580383,True
6a4a609f7.jpg,0.0681917294859886,True
6a4a609f7.jpg,0.0638801082968711,True
6a4ac74eb.jpg,0.8877791166305542,False
6a4ac74eb.jpg,0.8604989647865295,False
6a4ac74eb.jpg,0.8555713891983032,False
6a55855df.jpg,0.0894539803266525,True
6a55855df.jpg,0.0709136500954628,True
6a5a2f87d.jpg,0.9212793707847596,False
6a75ef9a7.jpg,0.8565642833709717,False
6a76143a3.jpg,0.3857429325580597,False
6a76143a3.jpg,0.2797413468360901,False
6a76143a3.jpg,0.190033882856369,False
6a7b004f1.jpg,0.8969426155090332,False
6a7b004f1.jpg,0.6858367919921875,False
6a7b004f1.jpg,0.632014274597168,False
6a7f33570.jpg,0.7477321624755859,False
6ab1ce750.jpg,0.8787398338317871,False
6ac23c021.jpg,0.1725111156702041,False
6ac23c021.jpg,0.1472278833389282,False
6ac23c021.jpg,0.1048712432384491,False
6ac23c021.jpg,0.0966608226299285,False
6ac23c021.jpg,0.0588414780795574,False
6ac23c021.jpg,0.0580164901912212,False
6ac3552aa.jpg,0.8294598460197449,False
6ac3552aa.jpg,0.8155101537704468,False
6ad94a376.jpg,0.6418033242225647,False
6ae2803e7.jpg,0.8678992986679077,False
6ae2803e7.jpg,0.8314154744148254,False
6af49af68.jpg,0.9183456301689148,False
6af49af68.jpg,0.0611344724893569,True
6b09f1f3a.jpg,0.3588979542255401,False
6b09f1f3a.jpg,0.3036777377128601,True
6b09f1f3a.jpg,0.2523770332336426,False
6b09f1f3a.jpg,0.067759670317173,True
6b09f1f3a.jpg,0.0549344420433044,True
6b17ea500.jpg,0.8497765064239502,False
6b2dbc7a7.jpg,0.1422952562570572,True
6b2dbc7a7.jpg,0.1310890614986419,True
6b2dbc7a7.jpg,0.1218076050281524,False
6b2dbc7a7.jpg,0.1061682701110839,False
6b2dbc7a7.jpg,0.0802717357873916,False
6b46f58f6.jpg,0.4902085661888122,False
6b46f58f6.jpg,0.2977723777294159,False
6b46f58f6.jpg,0.1240640580654144,False
6b6689889.jpg,0.3671262562274933,False
6b6689889.jpg,0.1856704205274582,False
6b6689889.jpg,0.070865161716938,True
6b6689889.jpg,0.0526139102876186,True
6b6e41e58.jpg,0.8454357385635376,False
6b71d1b7f.jpg,0.8191120624542236,False
6b7814fac.jpg,0.8337916731834412,False
6b7814fac.jpg,0.8321375250816345,False
6b7814fac.jpg,0.7320526838302612,False
6b7814fac.jpg,0.7093242406845093,False
6b7814fac.jpg,0.6918081045150757,False
6b7814fac.jpg,0.6448491811752319,False
6b7814fac.jpg,0.621744692325592,False
6b7814fac.jpg,0.3295659720897674,False
6b7814fac.jpg,0.3232583701610565,False
6b7814fac.jpg,0.2442906349897384,False
6b7814fac.jpg,0.2162034660577774,False
6b7814fac.jpg,0.1529314219951629,True
6b7814fac.jpg,0.1207436770200729,True
6b7814fac.jpg,0.1041524484753608,False
6b7814fac.jpg,0.0757378935813903,True
6b7814fac.jpg,0.0709453597664833,True
6b7814fac.jpg,0.0574780330061912,False
6b813569c.jpg,0.8971441388130188,False
6b813569c.jpg,0.075804978609085,False
6bb3e7515.jpg,0.8937087655067444,False
6bb3e7515.jpg,0.88181072473526,False
6bb3e7515.jpg,0.7645244002342224,False
6bb3e7515.jpg,0.222929760813713,True
6bb3e7515.jpg,0.1250175982713699,True
6bb8afdec.jpg,0.6838946342468262,False
6bb8afdec.jpg,0.5886134505271912,False
6bb8afdec.jpg,0.321037232875824,False
6bb8afdec.jpg,0.1577577739953994,False
6bb8afdec.jpg,0.117813766002655,False
6bcff215b.jpg,0.4858927130699157,False
6bcff215b.jpg,0.3619842231273651,False
6bcff215b.jpg,0.3496955633163452,True
6bcff215b.jpg,0.3074263334274292,False
6bcff215b.jpg,0.2868072092533111,True
6bcff215b.jpg,0.0816469863057136,True
6bcff215b.jpg,0.0814509838819503,False
6bcff215b.jpg,0.0514816008508205,True
6bdc41457.jpg,0.707431972026825,False
6bdc41457.jpg,0.6801719665527344,False
6bdc41457.jpg,0.5710750222206116,False
6bdc41457.jpg,0.3900115489959717,False
6bdc41457.jpg,0.2789936065673828,False
6bdc41457.jpg,0.181972935795784,False
6bdc41457.jpg,0.1271068006753921,False
6bdc41457.jpg,0.1188962534070015,False
6bdc41457.jpg,0.1121874302625656,False
6bdc41457.jpg,0.084438070654869,True
6bdc41457.jpg,0.0784014835953712,True
6bdf830e9.jpg,0.5058848857879639,False
6bdf830e9.jpg,0.4927055835723877,False
6bdf830e9.jpg,0.2511478662490845,False
6bdf830e9.jpg,0.2006500661373138,True
6bdf830e9.jpg,0.1760627627372741,True
6bdf830e9.jpg,0.0505387410521507,False
6bfed7f3a.jpg,0.5794681310653687,False
6bfed7f3a.jpg,0.3050578534603119,False
6bfed7f3a.jpg,0.0668665394186973,True
6bfed7f3a.jpg,0.0580231100320816,True
6c1951f5e.jpg,0.7788212895393372,False
6c1951f5e.jpg,0.532967209815979,False
6c47c962e.jpg,0.311573326587677,False
6c47c962e.jpg,0.3032043576240539,False
6c47c962e.jpg,0.2956897914409637,False
6c47c962e.jpg,0.1191753894090652,True
6c47c962e.jpg,0.1000588834285736,False
6c51b9af1.jpg,0.8712005615234375,False
6c591a931.jpg,0.8604638576507568,False
6c5fd8ca4.jpg,0.507361114025116,False
6c65c924f.jpg,0.2412218600511551,False
6c65c924f.jpg,0.1228999942541122,False
6c65c924f.jpg,0.0966106653213501,False
6c69361f0.jpg,0.8581146597862244,False
6c69361f0.jpg,0.6510407328605652,False
6c69361f0.jpg,0.5357642769813538,False
6c69361f0.jpg,0.2771613597869873,False
6c69361f0.jpg,0.1571987420320511,False
6c69361f0.jpg,0.1356334090232849,False
6c8579231.jpg,0.4196314811706543,False
6c8579231.jpg,0.066344030201435,False
6ca97ac13.jpg,0.1781851798295974,True
6caaf3e04.jpg,0.6074249744415283,False
6caaf3e04.jpg,0.4282349944114685,False
6caaf3e04.jpg,0.4201957583427429,False
6caaf3e04.jpg,0.3588317930698395,False
6caaf3e04.jpg,0.316385954618454,True
6caaf3e04.jpg,0.2518991231918335,False
6caaf3e04.jpg,0.1753182560205459,True
6caaf3e04.jpg,0.0888383090496063,False
6caaf3e04.jpg,0.069010354578495,False
6cbbfda11.jpg,0.426942378282547,False
6cbbfda11.jpg,0.1467441469430923,False
6cbbfda11.jpg,0.1319662183523178,False
6cc0bc1e3.jpg,0.7626303434371948,False
6ce05f804.jpg,0.8756731152534485,False
6ce4720c7.jpg,0.8181319832801819,False
6ce4bf88b.jpg,0.9031100273132324,False
6d0d66434.jpg,0.7838585376739502,False
6d0d66434.jpg,0.295043021440506,True
6d0d66434.jpg,0.2458196133375167,True
6d0d66434.jpg,0.171605035662651,True
6d0d66434.jpg,0.1297820806503296,True
6d0d66434.jpg,0.1268185377120971,True
6d0d66434.jpg,0.1079517751932144,True
6d0d66434.jpg,0.10553440451622,True
6d0d66434.jpg,0.094571977853775,True
6d0d66434.jpg,0.0842961743474006,True
6d0d66434.jpg,0.0760603696107864,True
6d0d66434.jpg,0.0720274746417999,True
6d0d66434.jpg,0.0711147934198379,True
6d0d66434.jpg,0.0635757222771644,True
6d2e333f6.jpg,0.7757644653320312,False
6d2ec8273.jpg,0.6467919945716858,False
6d2ec8273.jpg,0.6435085535049438,False
6d2ec8273.jpg,0.6134870052337646,True
6d2ec8273.jpg,0.3000755608081817,True
6d2ec8273.jpg,0.2902702093124389,False
6d2ec8273.jpg,0.2879030704498291,True
6d2ec8273.jpg,0.2650302648544311,True
6d2ec8273.jpg,0.2601781189441681,True
6d2ec8273.jpg,0.1415235698223114,False
6d2ec8273.jpg,0.1023975163698196,False
6d2ec8273.jpg,0.0861313045024871,True
6d2ec8273.jpg,0.0765731334686279,True
6d2ec8273.jpg,0.0599500425159931,True
6d2ec8273.jpg,0.0524519085884094,True
6d2ec8273.jpg,0.0524259284138679,True
6d2ec8273.jpg,0.0500998757779598,True
6d3414844.jpg,0.8125485181808472,False
6d3414844.jpg,0.7873511910438538,False
6d3414844.jpg,0.7709023356437683,False
6d3414844.jpg,0.7685749530792236,False
6d3414844.jpg,0.7601363658905029,False
6d3414844.jpg,0.3600678741931915,False
6d3414844.jpg,0.1783623844385147,False
6d38045d6.jpg,0.7946720123291016,False
6d38045d6.jpg,0.0514118112623691,True
6d38e99a3.jpg,0.8467263579368591,False
6d44644fd.jpg,0.8821824193000793,False
6d5ea41a0.jpg,0.8507891893386841,False
6d6b5c79e.jpg,0.815319299697876,False
6d6b5c79e.jpg,0.7495046257972717,False
6d6b5c79e.jpg,0.7469971776008606,False
6d6b5c79e.jpg,0.7369709014892578,False
6d6b5c79e.jpg,0.7324314713478088,False
6d6b5c79e.jpg,0.7092347145080566,True
6d6b5c79e.jpg,0.6778855919837952,False
6d6b5c79e.jpg,0.653374969959259,False
6d6b5c79e.jpg,0.6383882761001587,False
6d6b5c79e.jpg,0.6150021553039551,False
6d6b5c79e.jpg,0.5721005201339722,False
6d6b5c79e.jpg,0.4195772409439087,False
6d6b5c79e.jpg,0.4110307395458221,True
6d6b5c79e.jpg,0.3581917881965637,False
6d6b5c79e.jpg,0.2425426691770553,True
6d6b5c79e.jpg,0.1914013028144836,False
6d6b5c79e.jpg,0.1450210958719253,True
6d6b5c79e.jpg,0.1294905394315719,False
6d6b5c79e.jpg,0.0863752365112304,False
6d6b5c79e.jpg,0.0858673304319381,False
6d6b5c79e.jpg,0.076266273856163,False
6d6b5c79e.jpg,0.0698610246181488,True
6d6b5c79e.jpg,0.0696529895067215,True
6d6b5c79e.jpg,0.0678326860070228,True
6d6b5c79e.jpg,0.0636511370539665,True
6d6b5c79e.jpg,0.0589268840849399,True
6d6b5c79e.jpg,0.0589248277246952,True
6d6b5c79e.jpg,0.0558853521943092,True
6d719e576.jpg,0.6279177665710449,False
6d719e576.jpg,0.5613962411880493,False
6d719e576.jpg,0.5524873733520508,False
6d719e576.jpg,0.5025691390037537,False
6d719e576.jpg,0.4130711555480957,False
6d719e576.jpg,0.3707617521286011,True
6d719e576.jpg,0.2598713040351867,False
6d719e576.jpg,0.2496345937252044,False
6d719e576.jpg,0.212265744805336,False
6d719e576.jpg,0.2046675682067871,False
6d719e576.jpg,0.1833172589540481,False
6d719e576.jpg,0.1249118447303772,True
6d719e576.jpg,0.1108507588505745,True
6d719e576.jpg,0.1053443849086761,False
6d719e576.jpg,0.0774929001927375,True
6d719e576.jpg,0.0745194926857948,True
6d719e576.jpg,0.06465994566679,False
6d719e576.jpg,0.0521108508110046,False
6d746707f.jpg,0.8227487206459045,False
6d746707f.jpg,0.0615127310156822,True
6d746707f.jpg,0.0501844882965087,True
6d80383eb.jpg,0.8812000155448914,False
6d80383eb.jpg,0.7208035588264465,False
6d80383eb.jpg,0.0840453431010246,False
6d80383eb.jpg,0.0764626488089561,False
6dd0d5329.jpg,0.1876330971717834,True
6dd0d5329.jpg,0.186850905418396,False
6dd0d5329.jpg,0.0581561438739299,False
6df5e4fd7.jpg,0.9092044234275818,False
6dff0f54b.jpg,0.2014518529176712,False
6dff0f54b.jpg,0.1744464635848999,False
6dff0f54b.jpg,0.1683696508407592,False
6dff0f54b.jpg,0.0894731357693672,True
6dff0f54b.jpg,0.0744484886527061,True
6e3c534e6.jpg,0.9568446278572084,False
6e3c534e6.jpg,0.9107420444488524,False
6e3f8775c.jpg,0.357074111700058,True
6e3f8775c.jpg,0.2498499155044555,False
6e3f8775c.jpg,0.2401371151208877,True
6e5f7512b.jpg,0.1715183556079864,True
6e5f7512b.jpg,0.1219126135110855,True
6e6f35c97.jpg,0.7020184993743896,False
6e72ef098.jpg,0.9041976928710938,False
6e84f2e90.jpg,0.9433329701423644,False
6e84f2e90.jpg,0.0740010738372802,True
6e92cf4cb.jpg,0.817213773727417,False
6eaa71af0.jpg,0.5817441344261169,False
6ef274463.jpg,0.8139845132827759,False
6efb1f330.jpg,0.4168042838573456,False
6efb1f330.jpg,0.2822993695735931,False
6f09397cd.jpg,0.6199686527252197,False
6f09397cd.jpg,0.1079369634389877,False
6f2ab42b6.jpg,0.1016297489404678,True
6f361c7b3.jpg,0.7889171838760376,False
6f361c7b3.jpg,0.2973358333110809,False
6f6453d33.jpg,0.2566015124320984,False
6f6453d33.jpg,0.0554391294717788,False
6f6730e19.jpg,0.6881377696990967,False
6f7123546.jpg,0.6243454217910767,False
6f7123546.jpg,0.6165404319763184,False
6f7123546.jpg,0.579313337802887,False
6f7123546.jpg,0.4816658794879913,False
6f7123546.jpg,0.4712852537631988,True
6f7123546.jpg,0.4536153972148895,False
6f7123546.jpg,0.4300663769245147,False
6f7123546.jpg,0.2742247581481933,False
6f7123546.jpg,0.1771936416625976,False
6f7123546.jpg,0.1515507996082306,False
6f7123546.jpg,0.1484016627073288,True
6f7123546.jpg,0.114846333861351,False
6f7123546.jpg,0.0923930257558822,False
6f7123546.jpg,0.0621268153190612,False
6f7123546.jpg,0.0558560378849506,True
6f77d6a15.jpg,0.848609447479248,False
6f77d6a15.jpg,0.7966978549957275,False
6f91abac0.jpg,0.9535682797431946,False
6f91abac0.jpg,0.6483284831047058,False
6f9579041.jpg,0.8912437558174133,False
6f9579041.jpg,0.8472426533699036,False
6fa061788.jpg,0.802457332611084,False
6fa2625e1.jpg,0.9111003875732422,False
6fa2625e1.jpg,0.8978493213653564,False
6fb6a63eb.jpg,0.3852387070655823,False
6fb6a63eb.jpg,0.1923303753137588,False
6fb6a63eb.jpg,0.1909509450197219,False
6fc7ca03a.jpg,0.881662130355835,False
6fc81ad9a.jpg,0.8114836812019348,False
6fc81ad9a.jpg,0.803041398525238,False
6fc9d34a5.jpg,0.3027271330356598,False
6fc9d34a5.jpg,0.2553704082965851,False
6fc9d34a5.jpg,0.0783731043338775,True
6fcbce22e.jpg,0.3079763650894165,False
6fcbce22e.jpg,0.3043147921562195,False
6fcbce22e.jpg,0.2233440577983856,False
6fcbce22e.jpg,0.1639521420001983,False
6fcbce22e.jpg,0.0920591652393341,False
6fd9de9a7.jpg,0.8770036101341248,False
6fd9de9a7.jpg,0.7958377599716187,False
6fe04caf9.jpg,0.8942293524742126,False
700fc6a4a.jpg,0.8574960827827454,False
701c6cf5b.jpg,0.7842839956283569,False
701c6cf5b.jpg,0.573816180229187,True
701c6cf5b.jpg,0.5557147264480591,True
701c6cf5b.jpg,0.3445622026920318,True
701c6cf5b.jpg,0.228984847664833,True
701c6cf5b.jpg,0.2129030972719192,True
701c6cf5b.jpg,0.1749146282672882,True
701c6cf5b.jpg,0.1193174123764038,True
701c6cf5b.jpg,0.1173193976283073,True
701c6cf5b.jpg,0.0819400325417518,True
701c6cf5b.jpg,0.0736644864082336,True
701c6cf5b.jpg,0.057672943919897,True
701c6cf5b.jpg,0.0559965595602989,True
701c6cf5b.jpg,0.0530072078108787,True
701c6cf5b.jpg,0.0516682900488376,True
7022afc4f.jpg,0.8170651793479919,False
703d8c6a9.jpg,0.4918936192989349,False
703d8c6a9.jpg,0.0874456167221069,False
70474d159.jpg,0.9645941853523254,False
70474d159.jpg,0.8273481130599976,False
705008957.jpg,0.7906366586685181,False
705008957.jpg,0.0559594929218292,True
7060ef876.jpg,0.5141781568527222,False
7060ef876.jpg,0.4213623106479645,True
7060ef876.jpg,0.1472756564617157,True
7060ef876.jpg,0.0608236342668533,False
70731b78d.jpg,0.3988395631313324,False
70731b78d.jpg,0.1011442318558693,True
7077735cd.jpg,0.6028193235397339,False
7077735cd.jpg,0.5961645245552063,False
7077735cd.jpg,0.5719398260116577,False
7077735cd.jpg,0.5135498046875,False
7077735cd.jpg,0.4439244568347931,False
7077735cd.jpg,0.3953680694103241,False
7077735cd.jpg,0.3941630423069,False
7077735cd.jpg,0.3922604024410248,False
7077735cd.jpg,0.3918587863445282,False
7077735cd.jpg,0.2093268185853958,False
7077735cd.jpg,0.1839765906333923,False
7077735cd.jpg,0.1322915107011795,False
7077735cd.jpg,0.1192043721675872,False
7077735cd.jpg,0.0695426389575004,False
7077735cd.jpg,0.0520995110273361,False
70a11d4a6.jpg,0.347747653722763,False
70a11d4a6.jpg,0.2429511845111847,False
70a11d4a6.jpg,0.2407240122556686,False
70a11d4a6.jpg,0.1830257624387741,False
70a11d4a6.jpg,0.1202610731124877,False
70a11d4a6.jpg,0.1131367906928062,False
70a11d4a6.jpg,0.0872847586870193,False
70a11d4a6.jpg,0.0850752145051956,False
70b5ab7c6.jpg,0.932588279247284,False
70b5ab7c6.jpg,0.0750178918242454,True
70be051c0.jpg,0.8641642928123474,False
70be051c0.jpg,0.829447865486145,False
70be051c0.jpg,0.3719782531261444,False
70be051c0.jpg,0.3587600588798523,True
70c6e98f1.jpg,0.21773661673069,False
70c6e98f1.jpg,0.1956827938556671,False
70c6e98f1.jpg,0.1593373864889145,False
70c6e98f1.jpg,0.1512482166290283,False
70c6e98f1.jpg,0.0749496296048164,True
70caf88d9.jpg,0.8734533786773682,False
70caf88d9.jpg,0.8169470429420471,False
70caf88d9.jpg,0.533982515335083,False
70caf88d9.jpg,0.3175661563873291,False
70caf88d9.jpg,0.3163382112979889,False
70caf88d9.jpg,0.1676648408174514,False
70caf88d9.jpg,0.0513144060969352,False
70ed79d90.jpg,0.927426815032959,False
70f9214cc.jpg,0.8516002893447876,False
710ad2cfd.jpg,0.8845361471176147,False
710ad2cfd.jpg,0.3219648599624634,False
710ad2cfd.jpg,0.3215082585811615,False
710ad2cfd.jpg,0.1352564394474029,False
710ad2cfd.jpg,0.0857477337121963,True
713ea7916.jpg,0.9039577841758728,False
713ea7916.jpg,0.7119977474212646,False
713ea7916.jpg,0.7002966403961182,False
713ea7916.jpg,0.6939442753791809,False
713ea7916.jpg,0.6702110171318054,False
713ea7916.jpg,0.5243398547172546,False
713ea7916.jpg,0.4204686284065246,False
713ea7916.jpg,0.2919388711452484,False
713ea7916.jpg,0.2750941514968872,False
713ea7916.jpg,0.2704568803310394,False
713ea7916.jpg,0.2697771191596985,True
713ea7916.jpg,0.2542334794998169,False
713ea7916.jpg,0.2408317774534225,False
713ea7916.jpg,0.2140783369541168,False
713ea7916.jpg,0.1993994861841201,False
713ea7916.jpg,0.1635306775569915,False
713ea7916.jpg,0.1464943438768386,True
713ea7916.jpg,0.1151092797517776,False
713ea7916.jpg,0.10346320271492,True
713ea7916.jpg,0.0579950176179409,False
713ea7916.jpg,0.0557810589671134,False
715389e24.jpg,0.8302083015441895,False
715e1f0ef.jpg,0.8119206428527832,False
715e1f0ef.jpg,0.7353008389472961,False
715e1f0ef.jpg,0.5735638737678528,False
715e1f0ef.jpg,0.540282130241394,False
715e1f0ef.jpg,0.3645797967910766,False
715e1f0ef.jpg,0.3333883285522461,True
715e1f0ef.jpg,0.2898863554000854,False
715e1f0ef.jpg,0.2599680721759796,True
715e1f0ef.jpg,0.1943529546260833,True
715e1f0ef.jpg,0.1380073130130767,False
715e1f0ef.jpg,0.1057135909795761,True
715e1f0ef.jpg,0.0986467599868774,True
715e1f0ef.jpg,0.0848018005490303,False
715e1f0ef.jpg,0.0838172659277916,False
715e1f0ef.jpg,0.061863999813795,False
716a3228e.jpg,0.8818139433860779,False
716a3228e.jpg,0.1133595183491706,True
7176ed649.jpg,0.920689582824707,False
7176ed649.jpg,0.8449639678001404,False
717f680cf.jpg,0.8818328976631165,False
717f680cf.jpg,0.1866128146648407,True
717f680cf.jpg,0.064124010503292,False
7199544f3.jpg,0.8612277507781982,False
7199544f3.jpg,0.3259796798229217,False
7199544f3.jpg,0.2741740643978119,False
7199544f3.jpg,0.0650772675871849,False
71ad40c62.jpg,0.8125659823417664,False
71ad40c62.jpg,0.6769400835037231,False
71ad40c62.jpg,0.6082653999328613,False
71ad40c62.jpg,0.5655215978622437,False
71ad40c62.jpg,0.3429436087608337,True
71ad40c62.jpg,0.3273220658302307,False
71ad40c62.jpg,0.3259644210338592,False
71ad40c62.jpg,0.2563484609127044,False
71ad40c62.jpg,0.225872203707695,True
71ad40c62.jpg,0.2072778642177581,True
71ad40c62.jpg,0.1803933531045913,True
71ad40c62.jpg,0.1715979129076004,True
71ad40c62.jpg,0.1646581441164016,False
71ad40c62.jpg,0.146368458867073,True
71ad40c62.jpg,0.1061724424362182,False
71ad40c62.jpg,0.0931467413902282,True
71ad40c62.jpg,0.0930377691984176,True
71c86ce2d.jpg,0.3400604426860809,False
71c86ce2d.jpg,0.2248705774545669,False
71c86ce2d.jpg,0.1492604464292526,False
71c86ce2d.jpg,0.1465906053781509,False
71c86ce2d.jpg,0.0837969109416008,False
71c86ce2d.jpg,0.0702423825860023,True
71ce4a848.jpg,0.8682393431663513,False
71ce4a848.jpg,0.8583685159683228,False
71ce4a848.jpg,0.7956120371818542,False
71ce4a848.jpg,0.2930300533771515,False
71dea2dab.jpg,0.3928117752075195,False
71dea2dab.jpg,0.1304246932268142,False
71dea2dab.jpg,0.0777397602796554,False
71e3380f1.jpg,0.7878312468528748,False
71e3380f1.jpg,0.733703076839447,True
71e3380f1.jpg,0.5156461000442505,False
71e3380f1.jpg,0.4293562471866607,False
71e3380f1.jpg,0.3613302409648895,False
71e3380f1.jpg,0.3125483691692352,True
71e3380f1.jpg,0.2633466124534607,True
71e3380f1.jpg,0.2235910296440124,True
71e3380f1.jpg,0.1928080022335052,True
71e3380f1.jpg,0.1792032569646835,True
71e3380f1.jpg,0.1457417458295822,True
71e3380f1.jpg,0.1362450271844864,True
71e3380f1.jpg,0.1152391210198402,True
71e3380f1.jpg,0.1006177812814712,True
71e3380f1.jpg,0.0960987359285354,True
71e3380f1.jpg,0.0896168500185012,True
71e3380f1.jpg,0.0765406042337417,True
71e3380f1.jpg,0.0749721750617027,True
71e3380f1.jpg,0.051198661327362,True
71e3380f1.jpg,0.0507815293967723,True
71ea66a39.jpg,0.7799339890480042,False
71ea66a39.jpg,0.7530400156974792,False
71ea66a39.jpg,0.7118184566497803,False
71ea66a39.jpg,0.533721923828125,True
71ea66a39.jpg,0.4924632906913757,False
71ea66a39.jpg,0.4737440049648285,False
71ea66a39.jpg,0.4519111514091491,False
71ea66a39.jpg,0.2495280504226684,False
71ea66a39.jpg,0.2016398459672927,True
71ea66a39.jpg,0.1764550954103469,True
71ea66a39.jpg,0.1583748459815979,False
71ea66a39.jpg,0.1467740684747696,False
71ea66a39.jpg,0.1400720179080963,True
71ea66a39.jpg,0.107470765709877,False
71ea66a39.jpg,0.1018208637833595,True
71ea66a39.jpg,0.0831694528460502,False
71ea66a39.jpg,0.073506973683834,True
71ea66a39.jpg,0.06572987139225,True
71ea66a39.jpg,0.0647986531257629,True
71ea66a39.jpg,0.0587247125804424,False
71ea66a39.jpg,0.057078868150711,True
71f284bcf.jpg,0.5295143127441406,False
71fdd62e9.jpg,0.8360835909843445,False
7207856cc.jpg,0.2497834116220474,False
7207856cc.jpg,0.1895908415317535,False
7207856cc.jpg,0.1038602441549301,True
7207856cc.jpg,0.0670459046959877,False
7207856cc.jpg,0.0660209879279136,True
7224e3859.jpg,0.8699781894683838,False
7224e3859.jpg,0.810966968536377,True
7224e3859.jpg,0.2590888440608978,True
7224e3859.jpg,0.0773263424634933,True
723a8fabf.jpg,0.7500828504562378,False
723a8fabf.jpg,0.7499262094497681,False
723a8fabf.jpg,0.7366187572479248,False
723a8fabf.jpg,0.6935293078422546,False
723a8fabf.jpg,0.561503529548645,False
723a8fabf.jpg,0.550812304019928,False
723a8fabf.jpg,0.4100692570209503,False
723a8fabf.jpg,0.4015590250492096,False
723a8fabf.jpg,0.3853010237216949,False
723a8fabf.jpg,0.3211307823657989,False
723a8fabf.jpg,0.2715582549571991,False
723a8fabf.jpg,0.1931268572807312,False
723a8fabf.jpg,0.1410351544618606,False
723a8fabf.jpg,0.1403460353612899,False
723a8fabf.jpg,0.1264297813177108,False
723a8fabf.jpg,0.1015910282731056,True
723a8fabf.jpg,0.1005536317825317,True
723a8fabf.jpg,0.0981865152716636,True
723a8fabf.jpg,0.0936893001198768,False
723a8fabf.jpg,0.0837243348360061,True
723a8fabf.jpg,0.071266733109951,False
723a8fabf.jpg,0.0665389150381088,True
723a8fabf.jpg,0.0656803473830223,False
723a8fabf.jpg,0.0554046109318733,False
723a8fabf.jpg,0.0547410510480403,False
72548af42.jpg,0.7906213998794556,False
72568823a.jpg,0.930457353591919,False
72ca91db0.jpg,0.2936544418334961,False
72ca91db0.jpg,0.1515035927295684,False
72ca91db0.jpg,0.099025472998619,False
72ca91db0.jpg,0.0722958743572235,False
72ca91db0.jpg,0.0721823275089263,False
72ca91db0.jpg,0.0637316033244133,True
72ca91db0.jpg,0.0633247271180152,False
72ca91db0.jpg,0.0613763071596622,True
72cde7906.jpg,0.7905451059341431,False
72cde7906.jpg,0.7391992807388306,False
72cde7906.jpg,0.3061067759990692,True
72cde7906.jpg,0.1242071315646171,True
72cde7906.jpg,0.1073663756251335,True
72cde7906.jpg,0.0524581670761108,True
72d14f41c.jpg,0.8673825860023499,False
72d14f41c.jpg,0.7376013994216919,False
72ec3f4d7.jpg,0.0700547099113464,False
7301eec3c.jpg,0.681837260723114,True
7301eec3c.jpg,0.5819011330604553,False
730b4e931.jpg,0.3998759388923645,False
7316754c0.jpg,0.9159488081932068,False
7316754c0.jpg,0.9039422273635864,False
7316754c0.jpg,0.8360538482666016,False
7316754c0.jpg,0.090351678431034,True
7322abc42.jpg,0.9332470893859864,False
7322abc42.jpg,0.8551734089851379,False
7322abc42.jpg,0.3604266047477722,False
7338e736d.jpg,0.89015793800354,False
7338e736d.jpg,0.8799858093261719,False
733ef4ef3.jpg,0.8847999572753906,False
733ef4ef3.jpg,0.4795083999633789,False
733ef4ef3.jpg,0.4495632648468017,False
733ef4ef3.jpg,0.3221194744110107,False
733ef4ef3.jpg,0.3214161098003387,False
733ef4ef3.jpg,0.1333945989608764,False
733ef4ef3.jpg,0.1038584634661674,False
733ef4ef3.jpg,0.0913071855902671,True
734b64048.jpg,0.8704627752304077,False
7350e4a10.jpg,0.8089082837104797,False
7350e4a10.jpg,0.3025074899196625,True
7350e4a10.jpg,0.1336314678192138,True
7350e4a10.jpg,0.1156776472926139,True
7350e4a10.jpg,0.1047858223319053,True
7350e4a10.jpg,0.1015714257955551,True
7350e4a10.jpg,0.06187654286623,True
73515a344.jpg,0.920954406261444,False
7365b0d6d.jpg,0.1157482489943504,True
7365b0d6d.jpg,0.0969956293702125,True
7365b0d6d.jpg,0.0908868238329887,True
7365b0d6d.jpg,0.075904794037342,True
7365b0d6d.jpg,0.0518103912472724,True
73699f4d7.jpg,0.7812278866767883,False
73699f4d7.jpg,0.7796459197998047,False
737239c06.jpg,0.684980571269989,False
737239c06.jpg,0.2595146894454956,True
737239c06.jpg,0.218583658337593,True
737239c06.jpg,0.1128171682357788,True
738683c91.jpg,0.0595245137810707,True
738dbfd23.jpg,0.2353753447532653,False
738dbfd23.jpg,0.2213794589042663,True
738dbfd23.jpg,0.2076337933540344,False
738dbfd23.jpg,0.1372486054897308,False
738dbfd23.jpg,0.061623428016901,False
7390df83b.jpg,0.3420483767986297,False
7390df83b.jpg,0.1051636040210723,True
7390df83b.jpg,0.085853524506092,False
73a0fa237.jpg,0.9424802660942078,False
73b181305.jpg,0.8531493544578552,False
73b181305.jpg,0.7866702675819397,False
73b181305.jpg,0.4689896702766418,False
73b181305.jpg,0.1525462567806244,False
73b181305.jpg,0.1183270290493965,True
73c34faed.jpg,0.884167492389679,False
73c34faed.jpg,0.8818614482879639,False
73c34faed.jpg,0.8799400329589844,False
73c34faed.jpg,0.8786494731903076,False
73c34faed.jpg,0.8475931286811829,False
73c34faed.jpg,0.7538921236991882,False
73c34faed.jpg,0.3668174147605896,False
73c34faed.jpg,0.1556287705898285,False
73c34faed.jpg,0.0958395525813102,True
73c34faed.jpg,0.0801175385713577,False
73db4530f.jpg,0.906463861465454,False
73db4530f.jpg,0.8778570294380188,False
73dba17a6.jpg,0.1959657967090606,True
73dba17a6.jpg,0.0778165757656097,True
73dc1b526.jpg,0.891340434551239,False
73e2417fc.jpg,0.3903986811637878,True
73e2417fc.jpg,0.3304543197154999,True
73e2417fc.jpg,0.2848401367664337,True
73e2417fc.jpg,0.2635917961597442,True
73e2417fc.jpg,0.2210749089717865,True
73e2417fc.jpg,0.2003346085548401,True
73e2417fc.jpg,0.1749029755592346,True
73e2417fc.jpg,0.1718829274177551,True
73e2417fc.jpg,0.1704649776220321,True
73e2417fc.jpg,0.162703275680542,True
73e2417fc.jpg,0.1505244672298431,True
73e2417fc.jpg,0.1412277370691299,True
73e2417fc.jpg,0.1313077211380005,True
73e2417fc.jpg,0.1230342090129852,True
73e2417fc.jpg,0.1219672337174415,True
73e2417fc.jpg,0.1190339997410774,True
73e2417fc.jpg,0.1184877529740333,True
73e2417fc.jpg,0.1126674860715866,True
73e2417fc.jpg,0.1114539951086044,True
73e2417fc.jpg,0.1065483838319778,True
73e2417fc.jpg,0.1050366684794426,False
73e2417fc.jpg,0.1001153290271759,False
73e2417fc.jpg,0.1000425741076469,True
73e2417fc.jpg,0.0920594036579132,False
73e2417fc.jpg,0.0732781663537025,True
73e2417fc.jpg,0.0671654269099235,True
73e2417fc.jpg,0.066094622015953,True
73e2417fc.jpg,0.065115787088871,False
73e2417fc.jpg,0.0647695586085319,True
73e2417fc.jpg,0.0632900893688201,True
73e2417fc.jpg,0.0618471205234527,False
73e2417fc.jpg,0.0600841157138347,True
73e2417fc.jpg,0.0555119737982749,False
73eef4ef2.jpg,0.3778114318847656,True
73eef4ef2.jpg,0.3508264720439911,False
73eef4ef2.jpg,0.2825495600700378,False
73eef4ef2.jpg,0.1699391454458236,True
73eef4ef2.jpg,0.1420002728700637,False
73eef4ef2.jpg,0.0754952430725097,False
73eef4ef2.jpg,0.067046120762825,False
73f3e0d81.jpg,0.8904708027839661,False
74101c441.jpg,0.4144240021705627,False
74101c441.jpg,0.3512343466281891,False
74101c441.jpg,0.2426122277975082,False
74101c441.jpg,0.0842267125844955,False
74101c441.jpg,0.0814462006092071,False
7411144f6.jpg,0.8748282194137573,False
7411144f6.jpg,0.3364081084728241,False
7411144f6.jpg,0.1965845674276352,True
7411144f6.jpg,0.131177619099617,True
7411144f6.jpg,0.0662807077169418,False
7411144f6.jpg,0.0541750453412532,True
7411144f6.jpg,0.0519555322825908,True
7416fd57e.jpg,0.8492929339408875,False
7416fd57e.jpg,0.0682077854871749,True
7416fd57e.jpg,0.0517964027822017,True
74196f4d6.jpg,0.4188686907291412,False
74196f4d6.jpg,0.3722558915615082,False
74196f4d6.jpg,0.2454878091812133,False
74196f4d6.jpg,0.0860842615365982,False
741a5f582.jpg,0.3386877477169037,True
741a5f582.jpg,0.3039875030517578,False
741a5f582.jpg,0.2749469876289367,True
741a5f582.jpg,0.2668777406215668,False
741a5f582.jpg,0.1364695876836776,False
741a5f582.jpg,0.0829567685723304,False
742010982.jpg,0.8323357701301575,False
74221dddc.jpg,0.8918470144271851,False
74221dddc.jpg,0.1846600919961929,True
74284b26a.jpg,0.239686518907547,True
74284b26a.jpg,0.1508481949567794,False
74284b26a.jpg,0.0915112197399139,False
74297c0ac.jpg,0.9096855521202089,False
74374184e.jpg,0.3397923111915588,False
74374184e.jpg,0.1902875304222107,False
74374184e.jpg,0.1759193390607834,True
74374184e.jpg,0.1718652099370956,False
74374184e.jpg,0.0921144559979438,False
743fdabb3.jpg,0.7261747717857361,False
7459da01f.jpg,0.7743561863899231,False
7459da01f.jpg,0.6908441185951233,False
7459da01f.jpg,0.623958170413971,True
7459da01f.jpg,0.5443128347396851,False
7459da01f.jpg,0.4978013038635254,False
7459da01f.jpg,0.4188050925731659,False
7459da01f.jpg,0.2986540496349334,False
7459da01f.jpg,0.2377590239048004,False
7459da01f.jpg,0.2310355603694915,False
7459da01f.jpg,0.148390993475914,False
7459da01f.jpg,0.1059808582067489,False
7459da01f.jpg,0.0983350202441215,False
7459da01f.jpg,0.0919356793165206,False
7459da01f.jpg,0.0918153747916221,False
7459da01f.jpg,0.0730788186192512,False
7459da01f.jpg,0.0691825374960899,False
7459da01f.jpg,0.0642510429024696,True
7459da01f.jpg,0.0604552999138832,True
747105946.jpg,0.3011275827884674,False
747105946.jpg,0.1753665059804916,False
747105946.jpg,0.1445952802896499,False
7478f46e9.jpg,0.2072271853685379,True
7478f46e9.jpg,0.1714724153280258,True
7478f46e9.jpg,0.1635600179433822,False
7478f46e9.jpg,0.0609328150749206,False
7481d103b.jpg,0.4193826019763946,False
7481d103b.jpg,0.2216472774744033,False
7481d103b.jpg,0.0643868669867515,False
7487d56dd.jpg,0.9677694439888,False
749a4e38a.jpg,0.8343076705932617,False
749a4e38a.jpg,0.0565646961331367,True
74c3317a9.jpg,0.852026641368866,False
74c3317a9.jpg,0.7994863390922546,False
74c3317a9.jpg,0.5899932384490967,False
74c3317a9.jpg,0.0992526784539222,True
74c3317a9.jpg,0.0710856318473815,False
74c697c9e.jpg,0.8149821758270264,False
74e975b02.jpg,0.9201170802116394,False
74f5a133a.jpg,0.9152889847755432,False
7508bcdde.jpg,0.9196245074272156,False
7508bcdde.jpg,0.8624832630157471,False
7508bcdde.jpg,0.7040598392486572,False
7508bcdde.jpg,0.1810040026903152,False
7508bcdde.jpg,0.1115487664937973,False
7508bcdde.jpg,0.1110121011734008,True
7534e60ca.jpg,0.8658976554870605,False
75353e786.jpg,0.7331025004386902,False
7544cb3f2.jpg,0.8762599229812622,False
7558bafc5.jpg,0.8690071702003479,False
7558bafc5.jpg,0.3077380359172821,False
7558bafc5.jpg,0.2746882140636444,False
7558bafc5.jpg,0.2600749433040619,False
7558bafc5.jpg,0.2122321873903274,False
7558bafc5.jpg,0.1891470998525619,False
7558bafc5.jpg,0.1759318560361862,False
7558bafc5.jpg,0.1664374321699142,False
7558bafc5.jpg,0.1582754701375961,False
7558bafc5.jpg,0.1050686314702034,False
7558bafc5.jpg,0.0985335782170295,False
756560614.jpg,0.4001135528087616,False
756560614.jpg,0.2431505918502807,False
756899eb6.jpg,0.307811975479126,False
756899eb6.jpg,0.3051109313964844,False
756899eb6.jpg,0.2215293198823928,False
756899eb6.jpg,0.1619229316711425,False
756899eb6.jpg,0.090865783393383,False
7583ab982.jpg,0.7702412605285645,False
7583ab982.jpg,0.7099384069442749,False
758a8ff0f.jpg,0.9413430094718932,False
7591b11a0.jpg,0.8465352058410645,False
7591b11a0.jpg,0.8071346879005432,False
7591b11a0.jpg,0.6921482086181641,False
7591b11a0.jpg,0.3755213022232055,True
7591b11a0.jpg,0.1072976812720298,False
7591b11a0.jpg,0.0940151363611221,True
7591b11a0.jpg,0.084788367152214,True
7591b11a0.jpg,0.0662386938929557,False
7591b11a0.jpg,0.0656031146645546,True
7591b11a0.jpg,0.0537693053483963,True
759635210.jpg,0.5914517641067505,False
759635210.jpg,0.0732387974858284,False
75a616c2e.jpg,0.6389963626861572,False
75a616c2e.jpg,0.346598207950592,False
75a616c2e.jpg,0.0626778155565261,True
75ad65205.jpg,0.8540554642677307,False
75ae8fa1a.jpg,0.859874427318573,False
75b5770b9.jpg,0.8630505800247192,False
75e4ea5bc.jpg,0.8431288599967957,False
75e4ea5bc.jpg,0.5705336928367615,False
75f4880cd.jpg,0.2734917402267456,False
75f4880cd.jpg,0.1124890372157096,False
75f4880cd.jpg,0.0663169249892234,False
75f4880cd.jpg,0.0640100687742233,False
75f8cc43b.jpg,0.1367876082658767,True
75f8cc43b.jpg,0.1017555519938469,False
7622e53e0.jpg,0.1535442173480987,True
7622e53e0.jpg,0.1454039216041565,False
7622e53e0.jpg,0.1194938495755195,True
7622e53e0.jpg,0.1092869415879249,False
7622e53e0.jpg,0.0943073704838752,True
7622e53e0.jpg,0.0570431761443614,True
762f3662e.jpg,0.6951691508293152,False
762f3662e.jpg,0.2781606614589691,False
762f3662e.jpg,0.152186170220375,False
762f3662e.jpg,0.1369031369686126,False
762f3662e.jpg,0.0673866719007492,True
76342d142.jpg,0.7912910580635071,False
763b50874.jpg,0.6915563344955444,False
763b50874.jpg,0.650577187538147,False
763b50874.jpg,0.1091241389513015,False
764a83cf1.jpg,0.8130939602851868,False
764a83cf1.jpg,0.7280388474464417,False
764a83cf1.jpg,0.671238362789154,False
764a83cf1.jpg,0.6487566232681274,False
764a83cf1.jpg,0.6426611542701721,True
764a83cf1.jpg,0.4883229434490204,True
764a83cf1.jpg,0.1564924269914627,True
764a83cf1.jpg,0.1549376398324966,True
764a83cf1.jpg,0.1051976084709167,False
764a83cf1.jpg,0.1022842079401016,True
765337d5c.jpg,0.4149960875511169,False
765337d5c.jpg,0.2754324376583099,False
7659a892c.jpg,0.7585079669952393,False
7659a892c.jpg,0.3905105888843536,False
7659a892c.jpg,0.3539559841156006,False
7659a892c.jpg,0.2893799245357513,False
7659a892c.jpg,0.2135241776704788,False
7659a892c.jpg,0.1340236961841583,True
7659a892c.jpg,0.1298300772905349,False
7659a892c.jpg,0.0675035119056701,True
7659a892c.jpg,0.0612667649984359,False
76654d52a.jpg,0.7634486556053162,False
76654d52a.jpg,0.7493224740028381,False
76654d52a.jpg,0.5174880027770996,False
76654d52a.jpg,0.5077336430549622,False
76654d52a.jpg,0.4851383566856384,False
76654d52a.jpg,0.4007188975811004,False
76654d52a.jpg,0.3876952826976776,False
76654d52a.jpg,0.350212812423706,False
76654d52a.jpg,0.3090655505657196,False
76654d52a.jpg,0.3042786419391632,False
76654d52a.jpg,0.2730258703231811,False
76654d52a.jpg,0.269118458032608,False
76654d52a.jpg,0.2578913569450378,False
76654d52a.jpg,0.2315473556518554,False
76654d52a.jpg,0.2312379032373428,False
76654d52a.jpg,0.1544816046953201,False
76654d52a.jpg,0.145887017250061,False
76654d52a.jpg,0.1266879588365554,False
76654d52a.jpg,0.0907056331634521,True
76654d52a.jpg,0.0846424028277397,True
7694b5649.jpg,0.8727605938911438,False
7694b5649.jpg,0.5407178401947021,False
7694b5649.jpg,0.4216697216033935,True
7694b5649.jpg,0.302594929933548,True
7694b5649.jpg,0.1180157139897346,False
7694b5649.jpg,0.0810734778642654,True
7694b5649.jpg,0.0505314171314239,True
7695e28da.jpg,0.2253089994192123,False
7695e28da.jpg,0.2014264613389969,False
7695e28da.jpg,0.1513148993253708,False
7695e28da.jpg,0.0637511610984802,False
76be6e1d2.jpg,0.3711399734020233,False
76be6e1d2.jpg,0.3451900780200958,False
76be6e1d2.jpg,0.1395355612039566,False
76be6e1d2.jpg,0.0819652900099754,True
76d311f7f.jpg,0.3271692991256714,False
76d311f7f.jpg,0.3255102038383484,False
76d311f7f.jpg,0.099902793765068,True
76d311f7f.jpg,0.0738478451967239,True
76d311f7f.jpg,0.0624077804386615,True
76d311f7f.jpg,0.0560214444994926,False
76e8e4b86.jpg,0.8594413995742798,False
76e8e4b86.jpg,0.7157044410705566,False
76e8e4b86.jpg,0.3723694682121277,False
76e8e4b86.jpg,0.358471155166626,False
76e8e4b86.jpg,0.2160006463527679,False
76fa96bc0.jpg,0.8843659162521362,False
76fa96bc0.jpg,0.8702287077903748,False
76fa96bc0.jpg,0.755742609500885,False
76fa96bc0.jpg,0.6790860891342163,False
76fa96bc0.jpg,0.5886671543121338,False
76fa96bc0.jpg,0.5805433988571167,False
76fa96bc0.jpg,0.4371486604213714,False
76fa96bc0.jpg,0.2907581925392151,False
76fa96bc0.jpg,0.1444625556468963,False
76fa96bc0.jpg,0.1033331975340843,False
76fa96bc0.jpg,0.0934254452586174,False
76fa96bc0.jpg,0.0770473256707191,False
770c007c9.jpg,0.9496986269950868,False
772882d74.jpg,0.3355352878570556,False
772882d74.jpg,0.1031134650111198,False
7729b00a1.jpg,0.5397350192070007,False
774868083.jpg,0.8728709816932678,False
775a97bc6.jpg,0.8453388810157776,False
775a97bc6.jpg,0.7740751504898071,False
777e40118.jpg,0.3247188031673431,False
777e40118.jpg,0.1340881735086441,False
778c478b6.jpg,0.2631941735744476,False
778c478b6.jpg,0.1213744506239891,False
779969efd.jpg,0.9079975485801696,False
779969efd.jpg,0.4279496073722839,False
779969efd.jpg,0.0697717145085334,False
77b5a1bd7.jpg,0.1432849615812301,False
77e595ecb.jpg,0.2947259545326233,False
77e595ecb.jpg,0.2184513807296753,False
77e595ecb.jpg,0.0798876360058784,False
77e595ecb.jpg,0.0623932667076587,False
77e8c8938.jpg,0.7624885439872742,False
77e8c8938.jpg,0.6988105177879333,False
77e8c8938.jpg,0.4722421765327453,False
77e8c8938.jpg,0.3174225389957428,True
77e8c8938.jpg,0.308104544878006,True
77e8c8938.jpg,0.2786325216293335,True
77e8c8938.jpg,0.2432595193386078,True
77e8c8938.jpg,0.1787695884704589,True
77e8c8938.jpg,0.1287270486354828,False
77e8c8938.jpg,0.1230213046073913,True
77e8c8938.jpg,0.084123894572258,True
77e8c8938.jpg,0.0828430205583572,True
77e8c8938.jpg,0.0712899044156074,True
77e8c8938.jpg,0.069815918803215,True
77e8c8938.jpg,0.068676009774208,True
77e8c8938.jpg,0.0649500861763954,False
77e8c8938.jpg,0.0620809607207775,False
77e8c8938.jpg,0.0541779287159442,True
77e8c8938.jpg,0.052987303584814,True
77ea99db8.jpg,0.8689284920692444,False
77ea99db8.jpg,0.54739910364151,True
77ea99db8.jpg,0.3066214323043823,True
77ea99db8.jpg,0.0860857889056205,True
77ea99db8.jpg,0.0852816477417945,True
77ea99db8.jpg,0.0551789999008178,True
77ef3daf9.jpg,0.8782243132591248,False
77ef3daf9.jpg,0.8093149662017822,False
77f04608f.jpg,0.5108880400657654,False
77f04608f.jpg,0.3708070516586303,False
77f04608f.jpg,0.2953374683856964,True
77f04608f.jpg,0.1479618698358535,True
78058c3c6.jpg,0.922317922115326,False
7806b029c.jpg,0.6249023079872131,False
7806b029c.jpg,0.0616643577814102,True
7818737fa.jpg,0.7207068204879761,False
7818737fa.jpg,0.2149265706539154,False
7818737fa.jpg,0.1567981243133545,False
78290c58e.jpg,0.2463519126176834,False
78290c58e.jpg,0.2189853340387344,False
78290c58e.jpg,0.2133218795061111,False
78290c58e.jpg,0.0940383672714233,False
7832d2270.jpg,0.8929479718208313,False
7833c68e9.jpg,0.9242780208587646,False
783403b34.jpg,0.7719043493270874,False
78388954f.jpg,0.8299751877784729,False
78388954f.jpg,0.640347957611084,False
78388954f.jpg,0.2758601903915405,True
78388954f.jpg,0.1541542261838913,True
78388954f.jpg,0.1409531980752945,True
78388954f.jpg,0.1002749055624008,True
78388954f.jpg,0.0893079712986946,True
78388954f.jpg,0.0846282169222831,True
78388954f.jpg,0.0794100016355514,True
78388954f.jpg,0.0792301818728447,True
78388954f.jpg,0.0766831561923027,True
78388954f.jpg,0.0651805773377418,True
78388954f.jpg,0.0641112774610519,True
78388954f.jpg,0.0580735877156257,True
78388954f.jpg,0.0513203591108322,True
78388954f.jpg,0.0504312627017498,True
783e42843.jpg,0.3233741521835327,True
783e42843.jpg,0.3213415443897247,False
783e42843.jpg,0.2320748269557953,False
783e42843.jpg,0.1525882929563522,False
783e42843.jpg,0.0950740352272987,False
783e42843.jpg,0.0587561428546905,False
7850218dd.jpg,0.866915762424469,False
7850218dd.jpg,0.8538349270820618,False
786f8e73d.jpg,0.8850452303886414,False
7883dffb3.jpg,0.7994123697280884,False
7883dffb3.jpg,0.2407771348953247,True
7883dffb3.jpg,0.1764568835496902,True
7883dffb3.jpg,0.0982465222477912,True
7883dffb3.jpg,0.0683278068900108,True
788ff6a80.jpg,0.4780036211013794,False
788ff6a80.jpg,0.3569023907184601,False
788ff6a80.jpg,0.3254343867301941,False
788ff6a80.jpg,0.2416174560785293,False
788ff6a80.jpg,0.1108045578002929,False
78933d0d5.jpg,0.4622658491134643,False
78933d0d5.jpg,0.2263686954975128,False
78aae2ec0.jpg,0.8916705250740051,False
78aae2ec0.jpg,0.852381706237793,False
78aae2ec0.jpg,0.8497960567474365,False
78aae2ec0.jpg,0.2620901763439178,False
78ad51c28.jpg,0.3632454574108124,False
78ad51c28.jpg,0.0954597517848014,False
78ad51c28.jpg,0.0559766516089439,False
78b443453.jpg,0.7171264290809631,False
78b443453.jpg,0.0548671446740627,True
78bc9d9d5.jpg,0.7888163328170776,False
78d8769c3.jpg,0.7832394242286682,False
78ee8c40e.jpg,0.4260984063148498,False
78ee8c40e.jpg,0.2335070967674255,False
78f11bea6.jpg,0.7400318384170532,False
78f11bea6.jpg,0.7104063034057617,False
78f11bea6.jpg,0.6663756966590881,False
78f11bea6.jpg,0.592673659324646,False
78f11bea6.jpg,0.5685415863990784,False
78f11bea6.jpg,0.4705246686935425,True
78f11bea6.jpg,0.354936420917511,False
78f11bea6.jpg,0.3028308153152466,True
78f11bea6.jpg,0.2285978943109512,False
78f11bea6.jpg,0.1185355857014656,True
78f11bea6.jpg,0.0507060289382934,False
79053c150.jpg,0.6942819952964783,False
79053c150.jpg,0.5952516794204712,False
79053c150.jpg,0.5937075018882751,False
79053c150.jpg,0.4399069249629974,False
79053c150.jpg,0.3202044665813446,False
79053c150.jpg,0.30258908867836,False
79053c150.jpg,0.123170405626297,False
79053c150.jpg,0.1019349321722984,False
790f10424.jpg,0.868238091468811,False
7934e6372.jpg,0.3533993363380432,False
7934e6372.jpg,0.2818673253059387,False
7934e6372.jpg,0.2434760481119156,False
7934e6372.jpg,0.0561549328267574,False
794db00a5.jpg,0.3480234146118164,True
794db00a5.jpg,0.1554257422685623,False
794e9ad87.jpg,0.887943685054779,False
794e9ad87.jpg,0.5000091791152954,False
794e9ad87.jpg,0.1507819443941116,False
794e9ad87.jpg,0.0573290325701236,True
79538a3b2.jpg,0.2890941798686981,False
7984cee5f.jpg,0.8501385450363159,False
7984cee5f.jpg,0.8256697058677673,False
79a15032a.jpg,0.7760872840881348,False
79a15032a.jpg,0.7638115286827087,False
79a15032a.jpg,0.732231855392456,False
79a15032a.jpg,0.4579744040966034,False
79a15032a.jpg,0.3507739901542663,True
79a15032a.jpg,0.3267042636871338,False
79a15032a.jpg,0.2271001189947128,False
79a518103.jpg,0.4408131539821625,False
79a518103.jpg,0.0724891275167465,False
79a651072.jpg,0.4697079360485077,False
79a651072.jpg,0.2174519896507263,False
79a8570aa.jpg,0.7648282051086426,False
79a8570aa.jpg,0.1913533508777618,False
79b063a4e.jpg,0.9650844931602478,False
79b748025.jpg,0.8544608354568481,False
79b748025.jpg,0.8446986675262451,False
79b748025.jpg,0.7594859600067139,False
79b748025.jpg,0.7037268877029419,False
79b748025.jpg,0.6844624876976013,False
79b748025.jpg,0.6231429576873779,True
79b748025.jpg,0.5382757782936096,False
79b748025.jpg,0.1353697627782821,True
79b748025.jpg,0.1330466717481613,True
79b748025.jpg,0.0907433182001113,True
79b748025.jpg,0.0558493845164775,True
79d2cdb25.jpg,0.9140095710754396,False
79d2cdb25.jpg,0.886218249797821,False
79d2cdb25.jpg,0.32525634765625,True
79d2cdb25.jpg,0.2347607463598251,True
79d2cdb25.jpg,0.1252082139253616,True
79d2cdb25.jpg,0.1131502464413642,True
79d2cdb25.jpg,0.0697848051786422,True
79d2cdb25.jpg,0.0650199130177497,True
79de961ca.jpg,0.4492099583148956,False
79de961ca.jpg,0.0797874704003334,False
79e4d6dd8.jpg,0.9430118203163148,False
79e4d6dd8.jpg,0.7858262062072754,False
79e4d6dd8.jpg,0.2533139586448669,False
79ebcb211.jpg,0.8884271383285522,False
79fb16330.jpg,0.3531595468521118,False
79fb16330.jpg,0.2746474742889404,True
79fb16330.jpg,0.1728798151016235,False
79fb16330.jpg,0.1576404869556427,False
79fb16330.jpg,0.0827537849545478,True
7a05e917f.jpg,0.8706931471824646,False
7a1678c2f.jpg,0.6137319207191467,False
7a1678c2f.jpg,0.4471707642078399,False
7a1678c2f.jpg,0.4291031956672668,False
7a1678c2f.jpg,0.3584857583045959,True
7a1678c2f.jpg,0.3156549036502838,True
7a1678c2f.jpg,0.2529929280281067,True
7a1678c2f.jpg,0.175086572766304,True
7a1678c2f.jpg,0.0882254019379615,True
7a1678c2f.jpg,0.069351278245449,True
7a16b9d82.jpg,0.8815338015556335,False
7a1f50d01.jpg,0.8527488112449646,False
7a1f50d01.jpg,0.0635648518800735,True
7a1f6ffcd.jpg,0.1869262605905532,False
7a1f6ffcd.jpg,0.1023088246583938,False
7a1f6ffcd.jpg,0.0992472618818283,False
7a2034c2e.jpg,0.8706350326538086,False
7a2034c2e.jpg,0.0698700696229934,True
7a207492f.jpg,0.5512322783470154,False
7a207492f.jpg,0.3769724369049072,True
7a207492f.jpg,0.2786629199981689,True
7a207492f.jpg,0.1299075633287429,True
7a33e8379.jpg,0.8978410363197327,False
7a33e8379.jpg,0.8618142604827881,False
7a33e8379.jpg,0.2001185119152069,True
7a4ff4e84.jpg,0.9030175805091858,False
7a4ff4e84.jpg,0.207855686545372,True
7a4ff4e84.jpg,0.0596641451120376,True
7a5383eb6.jpg,0.2325629740953445,False
7a5383eb6.jpg,0.1498114466667175,False
7a5383eb6.jpg,0.1116605624556541,False
7a5383eb6.jpg,0.0651159062981605,True
7a583f293.jpg,0.3554266691207886,False
7a583f293.jpg,0.2209513783454895,False
7a583f293.jpg,0.1051731929183006,False
7a5c0be6f.jpg,0.1989126652479171,False
7a5c0be6f.jpg,0.1854210048913955,True
7a5c0be6f.jpg,0.1853661388158798,True
7a5c0be6f.jpg,0.1189677193760871,False
7a5c0be6f.jpg,0.0995111837983131,False
7a5c0be6f.jpg,0.08492923527956,True
7a5c0be6f.jpg,0.0660972669720649,True
7a5c0be6f.jpg,0.0633750632405281,True
7a5c0be6f.jpg,0.0517821684479713,True
7a6f6cf77.jpg,0.1115050986409187,True
7a6f6cf77.jpg,0.0637308284640312,True
7a70c9016.jpg,0.8507334589958191,False
7a70c9016.jpg,0.6349941492080688,False
7a7598680.jpg,0.7856852412223816,False
7a7598680.jpg,0.7412102222442627,False
7a7fce0c1.jpg,0.8695911169052124,False
7a7fce0c1.jpg,0.7739386558532715,True
7a7fce0c1.jpg,0.5645151138305664,False
7aaf1b589.jpg,0.6585948467254639,False
7aaf1b589.jpg,0.6126412749290466,False
7aaf1b589.jpg,0.6095834970474243,False
7aaf1b589.jpg,0.543364942073822,True
7aaf1b589.jpg,0.4651391506195068,False
7aaf1b589.jpg,0.4374542236328125,True
7aaf1b589.jpg,0.4225244224071502,True
7aaf1b589.jpg,0.3566663265228271,True
7aaf1b589.jpg,0.3189145028591156,True
7aaf1b589.jpg,0.2969022393226623,False
7aaf1b589.jpg,0.2664240896701813,True
7aaf1b589.jpg,0.2237592190504074,True
7aaf1b589.jpg,0.2163423299789428,False
7aaf1b589.jpg,0.2016385346651077,True
7aaf1b589.jpg,0.1800135225057602,False
7aaf1b589.jpg,0.1378574520349502,False
7aaf1b589.jpg,0.1222938820719719,False
7aaf1b589.jpg,0.1175394207239151,True
7aaf1b589.jpg,0.1156327724456787,True
7aaf1b589.jpg,0.1046118214726448,False
7aaf1b589.jpg,0.1011548936367034,True
7aaf1b589.jpg,0.0898659452795982,False
7aaf1b589.jpg,0.0898061767220497,True
7aaf1b589.jpg,0.0891703143715858,True
7aaf1b589.jpg,0.0861071795225143,True
7aaf1b589.jpg,0.0566074848175048,True
7aaf1b589.jpg,0.0548903234302997,True
7aaf1b589.jpg,0.053533062338829,True
7aaf1b589.jpg,0.0530463121831417,False
7aaf1b589.jpg,0.0521746613085269,True
7abde3658.jpg,0.9085813164711,False
7af142518.jpg,0.0619510933756828,True
7b321f64f.jpg,0.6938583850860596,False
7b321f64f.jpg,0.3190950751304626,True
7b321f64f.jpg,0.1887509077787399,False
7b321f64f.jpg,0.0679797306656837,False
7b35b9f8c.jpg,0.3292668163776397,False
7b35b9f8c.jpg,0.209584504365921,True
7b35b9f8c.jpg,0.1311986744403839,True
7b35b9f8c.jpg,0.1294933259487152,False
7b35b9f8c.jpg,0.0871272310614585,False
7b35b9f8c.jpg,0.0547768883407115,True
7b693c6b5.jpg,0.8724029660224915,False
7b6c0a2a8.jpg,0.9269009828567504,False
7b7fe4b0f.jpg,0.7093745470046997,False
7b7fe4b0f.jpg,0.4828472733497619,False
7b92ce704.jpg,0.9309722185134888,False
7b92ce704.jpg,0.8968029618263245,False
7b92ce704.jpg,0.3253355026245117,False
7b92ce704.jpg,0.2642304003238678,True
7b92ce704.jpg,0.1672834306955337,False
7b92ce704.jpg,0.1558094620704651,False
7b92ce704.jpg,0.094494916498661,False
7b92ce704.jpg,0.0645466148853302,True
7b92ce704.jpg,0.0560403056442737,True
7ba7a8b6e.jpg,0.8267388343811035,False
7ba7a8b6e.jpg,0.479638010263443,False
7ba8dfbf4.jpg,0.8540014028549194,False
7bbffa912.jpg,0.6469360589981079,False
7beea573c.jpg,0.8108656406402588,False
7beea573c.jpg,0.797397792339325,False
7beea573c.jpg,0.7833330035209656,False
7beea573c.jpg,0.5990699529647827,True
7beea573c.jpg,0.5249231457710266,True
7beea573c.jpg,0.491593599319458,True
7beea573c.jpg,0.1909036636352539,True
7beea573c.jpg,0.1036363318562507,True
7beea573c.jpg,0.0942184403538703,True
7beea573c.jpg,0.0887824743986129,True
7beea573c.jpg,0.083761915564537,False
7beea573c.jpg,0.0824699252843856,True
7beea573c.jpg,0.0609643645584583,True
7beea573c.jpg,0.0594520829617977,True
7beea573c.jpg,0.0522146932780742,True
7c09c5ebf.jpg,0.9007806181907654,False
7c09c5ebf.jpg,0.6176880598068237,True
7c31d0afb.jpg,0.7274317741394043,False
7c31d0afb.jpg,0.7167626023292542,False
7c31d0afb.jpg,0.120532713830471,False
7c31e9aa5.jpg,0.5609367489814758,True
7c31e9aa5.jpg,0.5547199249267578,False
7c31e9aa5.jpg,0.1426842808723449,True
7c31e9aa5.jpg,0.128531277179718,True
7c31e9aa5.jpg,0.0952042862772941,True
7c31e9aa5.jpg,0.0903799682855606,True
7c31e9aa5.jpg,0.0732891485095024,True
7c31fa060.jpg,0.1307017505168914,True
7c31fa060.jpg,0.0893658101558685,True
7c31fa060.jpg,0.088222287595272,True
7c31fa060.jpg,0.0674903690814971,True
7c31fa060.jpg,0.0606695376336574,True
7c35d33fc.jpg,0.2744438350200653,False
7c35d33fc.jpg,0.2645598351955414,False
7c35d33fc.jpg,0.1737926453351974,False
7c35d33fc.jpg,0.127047061920166,False
7c35d33fc.jpg,0.0705450549721717,False
7c35d33fc.jpg,0.0692596808075904,False
7c35d33fc.jpg,0.0683531239628791,False
7c400ce83.jpg,0.6511855721473694,False
7c43acc87.jpg,0.8737675547599792,False
7c43acc87.jpg,0.7559013366699219,False
7c43acc87.jpg,0.753833532333374,False
7c43acc87.jpg,0.7479488849639893,False
7c43acc87.jpg,0.7341554760932922,False
7c43acc87.jpg,0.319206953048706,False
7c43acc87.jpg,0.2965790629386902,False
7c43acc87.jpg,0.0703312829136848,False
7c4b06990.jpg,0.3728507757186889,True
7c4b06990.jpg,0.3027158677577972,False
7c4b06990.jpg,0.2162524461746215,True
7c4b06990.jpg,0.1714772880077362,False
7c4b06990.jpg,0.0690552145242691,True
7c4b06990.jpg,0.0622470378875732,True
7c70f32da.jpg,0.728236973285675,False
7c70f32da.jpg,0.7163883447647095,False
7c70f32da.jpg,0.69878089427948,False
7c70f32da.jpg,0.6795175671577454,False
7c70f32da.jpg,0.6673581600189209,False
7c70f32da.jpg,0.6580439805984497,False
7c70f32da.jpg,0.6398178339004517,False
7c70f32da.jpg,0.6142796874046326,False
7c70f32da.jpg,0.5512915849685669,False
7c70f32da.jpg,0.3146686553955078,False
7c70f32da.jpg,0.217036172747612,False
7c70f32da.jpg,0.2056691795587539,False
7c70f32da.jpg,0.167891263961792,False
7c70f32da.jpg,0.1648112088441848,False
7c70f32da.jpg,0.1248028129339218,False
7c70f32da.jpg,0.0995208323001861,False
7c70f32da.jpg,0.0665662512183189,False
7c70f32da.jpg,0.0606655701994895,False
7c71cde96.jpg,0.3454402983188629,False
7c71cde96.jpg,0.1684026420116424,False
7c71cde96.jpg,0.0599117688834667,False
7c9cac62a.jpg,0.2307508587837219,True
7c9cac62a.jpg,0.079455055296421,True
7c9cac62a.jpg,0.0725249126553535,True
7c9f34d3a.jpg,0.7887555956840515,False
7c9f34d3a.jpg,0.7516248226165771,False
7c9f34d3a.jpg,0.738269567489624,False
7c9f34d3a.jpg,0.5375075340270996,False
7c9f34d3a.jpg,0.4755843579769134,False
7c9f34d3a.jpg,0.4645587503910064,False
7c9f34d3a.jpg,0.2622646987438202,True
7c9f34d3a.jpg,0.1935910433530807,False
7c9f34d3a.jpg,0.1535235792398452,False
7c9f34d3a.jpg,0.1233493760228157,True
7c9f34d3a.jpg,0.1195123195648193,True
7c9f34d3a.jpg,0.1173640117049217,True
7c9f34d3a.jpg,0.1112872213125228,True
7c9f34d3a.jpg,0.1085444539785385,True
7c9f34d3a.jpg,0.1069316044449806,True
7c9f34d3a.jpg,0.0734026730060577,False
7c9f34d3a.jpg,0.0719361677765846,True
7c9f34d3a.jpg,0.0580690465867519,True
7ca1f0683.jpg,0.9531738758087158,False
7cac6dc5f.jpg,0.667902410030365,False
7cac6dc5f.jpg,0.2481186240911483,True
7cac6dc5f.jpg,0.193127691745758,True
7cac6dc5f.jpg,0.050969760864973,True
7cbfa4c30.jpg,0.8794568777084351,False
7cbfa4c30.jpg,0.5133563876152039,False
7cd3c02e1.jpg,0.8624326586723328,False
7cd3c02e1.jpg,0.8010056018829346,False
7ce32a83f.jpg,0.9311168789863586,False
7ce5ee7d5.jpg,0.8401070237159729,False
7ce7e138f.jpg,0.5295435190200806,True
7ce7e138f.jpg,0.4030479490756988,False
7ce7e138f.jpg,0.3454155325889587,False
7ce7e138f.jpg,0.2408207952976226,True
7ce7e138f.jpg,0.1843473464250564,True
7ce7e138f.jpg,0.0937920734286308,True
7d2474599.jpg,0.2841082215309143,False
7d2474599.jpg,0.266379177570343,False
7d2474599.jpg,0.241360142827034,False
7d2474599.jpg,0.2386931180953979,True
7d2474599.jpg,0.19491608440876,True
7d2474599.jpg,0.1834630072116851,True
7d2474599.jpg,0.1625347882509231,False
7d2474599.jpg,0.15397809445858,False
7d2474599.jpg,0.1352973878383636,False
7d2474599.jpg,0.098301887512207,False
7d2474599.jpg,0.0704682692885398,False
7d347c547.jpg,0.3040414750576019,False
7d347c547.jpg,0.2951945066452026,False
7d347c547.jpg,0.2853788733482361,False
7d347c547.jpg,0.1763091534376144,False
7d347c547.jpg,0.0917806327342987,False
7d4a48fde.jpg,0.7621038556098938,False
7d4a48fde.jpg,0.7568861842155457,False
7d4a48fde.jpg,0.1000318452715873,False
7d4a48fde.jpg,0.0923547223210334,True
7d53b09c1.jpg,0.859541118144989,False
7d85effad.jpg,0.8862616419792175,False
7d8e4f383.jpg,0.4624780416488647,False
7d8e4f383.jpg,0.347989022731781,True
7d8e4f383.jpg,0.3241185843944549,False
7d8e4f383.jpg,0.0998374596238136,False
7d8e4f383.jpg,0.0789825394749641,True
7d8e4f383.jpg,0.07846100628376,True
7d8e4f383.jpg,0.0509562417864799,False
7d8f442ec.jpg,0.7564382553100586,False
7d998432f.jpg,0.2218443602323532,False
7d998432f.jpg,0.2089337408542633,False
7d998432f.jpg,0.1089807823300361,False
7d998432f.jpg,0.080733336508274,True
7d9eef8c7.jpg,0.5393977165222168,False
7d9eef8c7.jpg,0.4544076025485992,False
7d9eef8c7.jpg,0.4458540678024292,False
7d9eef8c7.jpg,0.381044328212738,False
7d9eef8c7.jpg,0.2514596283435821,False
7d9eef8c7.jpg,0.2513948976993561,False
7d9eef8c7.jpg,0.2336672693490982,True
7d9eef8c7.jpg,0.1128829419612884,True
7d9eef8c7.jpg,0.1117507219314575,False
7d9eef8c7.jpg,0.0962940827012062,False
7d9eef8c7.jpg,0.0960912406444549,False
7d9eef8c7.jpg,0.0912588164210319,True
7d9eef8c7.jpg,0.0741476565599441,False
7d9eef8c7.jpg,0.0710420832037925,True
7d9eef8c7.jpg,0.0692568868398666,False
7d9eef8c7.jpg,0.0687838345766067,False
7d9eef8c7.jpg,0.0555684380233287,False
7d9eef8c7.jpg,0.0546402931213378,True
7d9eef8c7.jpg,0.0537858605384826,False
7d9eef8c7.jpg,0.0511755719780921,False
7d9f463a5.jpg,0.8684636950492859,False
7daacaf5b.jpg,0.3891914784908294,False
7daacaf5b.jpg,0.138687252998352,True
7daacaf5b.jpg,0.0567400269210338,True
7db36f616.jpg,0.9153668880462646,False
7db36f616.jpg,0.1849365681409835,True
7db36f616.jpg,0.1186025068163871,True
7db36f616.jpg,0.0645146369934082,True
7db36f616.jpg,0.0573771186172962,False
7db36f616.jpg,0.0501897595822811,True
7df285494.jpg,0.5368924736976624,False
7e002c3c2.jpg,0.4090557098388672,False
7e002c3c2.jpg,0.063023917376995,False
7e0c03b19.jpg,0.8646249175071716,False
7e1957a39.jpg,0.8987208008766174,False
7e2834961.jpg,0.4482735693454742,False
7e2834961.jpg,0.0552793927490711,False
7e697bb58.jpg,0.8587415218353271,False
7e8327c1e.jpg,0.809924304485321,False
7e8327c1e.jpg,0.4764410555362701,True
7e87e9ee9.jpg,0.9155206680297852,False
7e9141e11.jpg,0.9497951865196228,False
7e9141e11.jpg,0.1321339905261993,True
7e9141e11.jpg,0.0969171375036239,True
7e9141e11.jpg,0.0832311362028122,True
7e9141e11.jpg,0.0533675253391265,True
7e9141e11.jpg,0.0527205914258956,True
7eb7169c3.jpg,0.3775844871997833,False
7eb7169c3.jpg,0.3636133372783661,False
7eb7169c3.jpg,0.2722449898719787,True
7eb7169c3.jpg,0.2644845843315124,True
7eb7169c3.jpg,0.2589100301265716,True
7eb7169c3.jpg,0.2461557537317276,False
7eb7169c3.jpg,0.2446009218692779,True
7eb7169c3.jpg,0.0985088050365448,False
7eb7169c3.jpg,0.0858775377273559,True
7eb7169c3.jpg,0.0821164771914482,False
7eb7169c3.jpg,0.0751644670963287,True
7eb7169c3.jpg,0.0720097720623016,False
7eb7169c3.jpg,0.0715683177113533,True
7ed56296e.jpg,0.9176384210586548,False
7ee1e0c3c.jpg,0.926968276500702,False
7ee1e0c3c.jpg,0.8440978527069092,False
7ee5e1022.jpg,0.4207104444503784,False
7ee5e1022.jpg,0.1036379188299179,True
7eede29c4.jpg,0.3634573519229889,False
7eede29c4.jpg,0.2642068564891815,False
7eede29c4.jpg,0.1068552732467651,False
7ef0738af.jpg,0.3270460963249206,False
7ef0738af.jpg,0.0868838280439376,False
7ef0738af.jpg,0.081761285662651,False
7ef0738af.jpg,0.0571508929133415,False
7f27e468c.jpg,0.9053430557250975,False
7f27e468c.jpg,0.8813434839248657,False
7f27e468c.jpg,0.7063069939613342,False
7f27e468c.jpg,0.6254443526268005,False
7f313d632.jpg,0.2347554564476013,True
7f4a7658a.jpg,0.4724136590957641,False
7f4a7658a.jpg,0.4640331268310547,False
7f4a7658a.jpg,0.4505524933338165,False
7f4a7658a.jpg,0.3581962883472442,False
7f4a7658a.jpg,0.3209621012210846,False
7f4a7658a.jpg,0.1798078864812851,False
7f4a7658a.jpg,0.1243234425783157,False
7f4a7658a.jpg,0.1221057623624801,False
7f4a7658a.jpg,0.1107672676444053,False
7f4a7658a.jpg,0.0973976030945777,True
7f4a7658a.jpg,0.0942591279745101,False
7f4a7658a.jpg,0.0830744579434394,False
7f4a7658a.jpg,0.074782408773899,False
7f4a7658a.jpg,0.0741248130798339,False
7f4a7658a.jpg,0.064359463751316,False
7f4a7658a.jpg,0.0569030456244945,False
7f4c800cf.jpg,0.8848717212677002,False
7f4debc40.jpg,0.3132070004940033,False
7f4debc40.jpg,0.1163592189550399,False
7f4debc40.jpg,0.061051420867443,True
7f4debc40.jpg,0.0601038299500942,False
7f5ac1af0.jpg,0.7727187871932983,False
7f5ac1af0.jpg,0.4065619111061096,False
7f5ac1af0.jpg,0.1591577231884002,True
7f5ac1af0.jpg,0.1018689274787902,False
7f6086be4.jpg,0.2837846875190735,False
7f6086be4.jpg,0.2498337477445602,False
7f6086be4.jpg,0.1761205941438675,False
7f6086be4.jpg,0.141701340675354,False
7f6086be4.jpg,0.0840370878577232,True
7f6b0fb77.jpg,0.8839234113693237,False
7f77f0995.jpg,0.8291119337081909,False
7f77f0995.jpg,0.6232698559761047,False
7f77f0995.jpg,0.3850930035114288,False
7f77f0995.jpg,0.0647249445319175,False
7f8bd76bd.jpg,0.1619472056627273,True
7f8bd76bd.jpg,0.0653794184327125,True
7f8bd76bd.jpg,0.0539517290890216,True
7f9d77796.jpg,0.921655535697937,False
7f9d77796.jpg,0.867729663848877,False
7f9d77796.jpg,0.8423246145248413,False
7f9d77796.jpg,0.793803870677948,False
7f9e38ab2.jpg,0.9091907739639282,False
7f9e38ab2.jpg,0.7754933834075928,False
7f9e38ab2.jpg,0.0762124359607696,True
7f9e38ab2.jpg,0.0623516105115413,True
7fb7a428c.jpg,0.2872254252433777,False
7fb7a428c.jpg,0.2139427661895752,False
7fb7a428c.jpg,0.0816498771309852,True
7fb7a428c.jpg,0.0667252391576767,True
7fcd4ed92.jpg,0.0590775273740291,True
7fd79ab5f.jpg,0.928105890750885,False
7fd79ab5f.jpg,0.8860597014427185,False
7fd79ab5f.jpg,0.4241793751716614,False
7fd79ab5f.jpg,0.3928482830524444,False
7fd79ab5f.jpg,0.3219795227050781,False
7fd79ab5f.jpg,0.1042899191379547,False
7fdad6235.jpg,0.5291913151741028,True
7fdad6235.jpg,0.4170631468296051,False
7fdad6235.jpg,0.3502658605575561,False
7fdad6235.jpg,0.2532031536102295,True
7fdad6235.jpg,0.206165000796318,True
7fdad6235.jpg,0.0992970168590545,True
7fdb698d6.jpg,0.394078642129898,False
7fdb698d6.jpg,0.1815863400697708,False
7fdb698d6.jpg,0.092657946050167,True
7fe85d233.jpg,0.1078712716698646,False
7fe85d233.jpg,0.0840964242815971,False
7fe85d233.jpg,0.050354715436697,False
7ff71c5c0.jpg,0.4793237149715423,False
7ff7b8801.jpg,0.4995307624340057,False
7ff7b8801.jpg,0.4627209901809692,False
7ff7b8801.jpg,0.4260934889316559,False
7ff7b8801.jpg,0.4175411164760589,False
7ff7b8801.jpg,0.3419661223888397,False
7ff7b8801.jpg,0.2640727460384369,False
7ff7b8801.jpg,0.2418171018362045,False
7ff7b8801.jpg,0.2224791646003723,False
7ff7b8801.jpg,0.209535151720047,True
7ff7b8801.jpg,0.1763721704483032,False
7ff7b8801.jpg,0.167278841137886,False
7ff7b8801.jpg,0.1659242510795593,False
7ff7b8801.jpg,0.1597878187894821,False
7ff7b8801.jpg,0.1536905914545059,False
7ff7b8801.jpg,0.1482568532228469,False
7ff7b8801.jpg,0.1349433660507202,False
7ff7b8801.jpg,0.1311864703893661,False
7ff7b8801.jpg,0.1296052783727646,False
7ff7b8801.jpg,0.1164146289229393,False
7ff7b8801.jpg,0.1091718450188636,False
7ff7b8801.jpg,0.1055152341723442,False
7ff7b8801.jpg,0.0968408733606338,True
7ff7b8801.jpg,0.0909632891416549,True
7ff7b8801.jpg,0.0873282253742218,False
7ff7b8801.jpg,0.0703605934977531,False
7ff7b8801.jpg,0.0701747462153434,True
7ff7b8801.jpg,0.0640551373362541,False
7ff7b8801.jpg,0.0532865636050701,False
7ff7b8801.jpg,0.0510289072990417,True
7ff7b8801.jpg,0.051013670861721,False
7fff75831.jpg,0.3628902733325958,False
7fff75831.jpg,0.2732077240943908,False
7fff75831.jpg,0.2150774002075195,False
800bc5d97.jpg,0.3549255728721618,False
800bc5d97.jpg,0.2965271174907684,False
800bc5d97.jpg,0.0539293624460697,False
800c9aceb.jpg,0.44863361120224,False
800c9aceb.jpg,0.3563955724239349,False
800c9aceb.jpg,0.3272362947463989,False
800c9aceb.jpg,0.1586349755525589,False
800c9aceb.jpg,0.0749134346842765,False
802179851.jpg,0.9356975555419922,False
8040a7a6e.jpg,0.7549656629562378,False
805009727.jpg,0.385797381401062,False
805009727.jpg,0.2858299911022186,True
805009727.jpg,0.1263518631458282,False
805009727.jpg,0.0655881166458129,False
8053c0eb5.jpg,0.5464417934417725,False
8053c0eb5.jpg,0.4754093289375305,False
8053c0eb5.jpg,0.3603442013263702,False
8053c0eb5.jpg,0.2792672514915466,False
8053c0eb5.jpg,0.2505252659320831,False
8053c0eb5.jpg,0.1881453990936279,False
8053c0eb5.jpg,0.1471804678440094,True
8053c0eb5.jpg,0.1282137632369995,False
8053c0eb5.jpg,0.1098766326904296,False
8053c0eb5.jpg,0.0646476596593856,False
806211344.jpg,0.8926970362663269,False
8063fae61.jpg,0.2508299946784973,False
8063fae61.jpg,0.1734956353902816,False
8063fae61.jpg,0.0926354601979255,False
8063fae61.jpg,0.06612229347229,False
8064cfe10.jpg,0.293266087770462,False
8064cfe10.jpg,0.2272316217422485,False
8064cfe10.jpg,0.2170339971780777,False
8064cfe10.jpg,0.0805356353521347,False
806c3002b.jpg,0.8603528738021851,False
806c3002b.jpg,0.8579277396202087,False
806c3002b.jpg,0.8449288010597229,False
806c3002b.jpg,0.8239566087722778,False
80882ef86.jpg,0.85500568151474,False
80882ef86.jpg,0.8242754936218262,False
80882ef86.jpg,0.7867991924285889,False
80882ef86.jpg,0.1477109491825103,True
8099aaa13.jpg,0.2840441167354584,False
8099aaa13.jpg,0.1769324094057083,False
8099aaa13.jpg,0.0992687493562698,False
8099aaa13.jpg,0.0825833305716514,False
8099aaa13.jpg,0.079808622598648,False
80af04ff1.jpg,0.6445432305335999,False
80af04ff1.jpg,0.6219717860221863,False
80af04ff1.jpg,0.4866269528865814,False
80af04ff1.jpg,0.3406955301761627,False
80af04ff1.jpg,0.3194033503532409,True
80af04ff1.jpg,0.3117983937263489,False
80af04ff1.jpg,0.2976695895195007,False
80af04ff1.jpg,0.261286199092865,False
80af04ff1.jpg,0.1571187376976013,False
80af04ff1.jpg,0.1450138241052627,False
80af04ff1.jpg,0.1377259045839309,True
80af04ff1.jpg,0.1358464211225509,False
80af04ff1.jpg,0.1357046514749527,True
80af04ff1.jpg,0.1309532970190048,False
80af04ff1.jpg,0.1306021064519882,False
80af04ff1.jpg,0.1057372689247131,False
80af04ff1.jpg,0.1037341803312301,True
80af04ff1.jpg,0.0937525629997253,True
80af04ff1.jpg,0.0889285206794738,True
80af04ff1.jpg,0.0871942713856697,True
80af04ff1.jpg,0.0710387900471687,False
80af04ff1.jpg,0.069337397813797,True
80af04ff1.jpg,0.0684302970767021,False
80af04ff1.jpg,0.0657764226198196,True
80af04ff1.jpg,0.06320171803236,True
80af04ff1.jpg,0.0629352778196334,False
80af04ff1.jpg,0.060671679675579,True
80af04ff1.jpg,0.059670615941286,True
80af04ff1.jpg,0.0569248981773853,False
80af04ff1.jpg,0.0554728731513023,True
80af04ff1.jpg,0.0526849068701267,True
80b8c4d81.jpg,0.5276814103126526,False
80b8c4d81.jpg,0.4253120720386505,False
80b8c4d81.jpg,0.4034975469112396,False
80b8c4d81.jpg,0.2953323125839233,False
80b8c4d81.jpg,0.2511574327945709,False
80b8c4d81.jpg,0.2424725145101547,True
80b8c4d81.jpg,0.2083946913480758,False
80b8c4d81.jpg,0.1654074639081955,True
80b8c4d81.jpg,0.1643416136503219,True
80b8c4d81.jpg,0.1602324694395065,False
80b8c4d81.jpg,0.1562012135982513,False
80b8c4d81.jpg,0.1243666782975196,False
80b8c4d81.jpg,0.1217118129134178,False
80b8c4d81.jpg,0.1102682426571846,False
80b8c4d81.jpg,0.1048533618450164,False
80b8c4d81.jpg,0.1004940494894981,False
80b8c4d81.jpg,0.087660051882267,False
80b8c4d81.jpg,0.0783337727189064,False
80b8c4d81.jpg,0.0750377103686332,True
80b8c4d81.jpg,0.0748509615659713,True
80b8c4d81.jpg,0.072345919907093,False
80b8c4d81.jpg,0.0700592398643493,False
80b8c4d81.jpg,0.0559187941253185,True
80b8c4d81.jpg,0.0555025115609169,False
80c6bed54.jpg,0.8642107844352722,False
80c6bed54.jpg,0.8544531464576721,False
80c6bed54.jpg,0.7977033853530884,False
80c6bed54.jpg,0.7579330801963806,False
80c6bed54.jpg,0.6873373985290527,False
80c6bed54.jpg,0.6343117356300354,False
80c6bed54.jpg,0.328891396522522,False
80c6bed54.jpg,0.2296322882175445,False
80c6bed54.jpg,0.1162092685699462,False
80c6bed54.jpg,0.1059280037879943,False
80c6bed54.jpg,0.0784407034516334,False
80c6bed54.jpg,0.067429319024086,True
80c6bed54.jpg,0.0629015117883682,False
80c6bed54.jpg,0.0616704300045967,True
80c991d08.jpg,0.8640598058700562,False
80efb9c7b.jpg,0.8987289071083069,False
80f77e99d.jpg,0.3911901414394378,False
80f77e99d.jpg,0.3043991923332214,True
80f77e99d.jpg,0.2387105673551559,True
80f77e99d.jpg,0.0919881984591484,True
8113a97f4.jpg,0.6036000847816467,False
811962ac2.jpg,0.5937944650650024,False
81443036d.jpg,0.9307384490966796,False
814c2a312.jpg,0.8198351860046387,False
81580c882.jpg,0.8229066133499146,False
81580c882.jpg,0.8007693290710449,False
81580c882.jpg,0.7543900012969971,False
81580c882.jpg,0.5217767357826233,False
815ddd80e.jpg,0.867405116558075,False
8162b59c1.jpg,0.8190179467201233,False
81636a920.jpg,0.9139571189880372,False
81636a920.jpg,0.9049657583236694,False
816c59748.jpg,0.7945399284362793,False
8179df753.jpg,0.8722622394561768,False
8179df753.jpg,0.8609094023704529,False
8179df753.jpg,0.8554203510284424,False
817ad09f4.jpg,0.8963813185691833,False
8181e0417.jpg,0.8853274583816528,False
81828f709.jpg,0.8449236154556274,False
81828f709.jpg,0.4999594688415527,False
818c4c604.jpg,0.2022487074136734,True
818c4c604.jpg,0.1849344074726104,False
818c4c604.jpg,0.1299209743738174,False
818c4c604.jpg,0.0575345531105995,True
81906d833.jpg,0.7909559011459351,False
81906d833.jpg,0.6474756598472595,True
81906d833.jpg,0.4156496226787567,False
81906d833.jpg,0.2975957095623016,True
81906d833.jpg,0.2828511297702789,False
81906d833.jpg,0.2819051742553711,True
81906d833.jpg,0.2363189458847046,True
81906d833.jpg,0.1791161000728607,True
81906d833.jpg,0.1775773912668228,True
81906d833.jpg,0.1723986864089965,True
81906d833.jpg,0.1693504005670547,True
81906d833.jpg,0.167962372303009,True
81906d833.jpg,0.1532620042562484,True
81906d833.jpg,0.1253159940242767,True
81906d833.jpg,0.1252007931470871,True
81906d833.jpg,0.1063207760453224,True
81906d833.jpg,0.1019659489393234,True
81906d833.jpg,0.0887152999639511,True
81906d833.jpg,0.0756211802363395,True
81906d833.jpg,0.0728411898016929,True
81906d833.jpg,0.0684662386775016,True
81906d833.jpg,0.0625566020607948,True
81906d833.jpg,0.0585772879421711,True
81906d833.jpg,0.0533104799687862,False
81906d833.jpg,0.0530180223286151,True
81b1be6fa.jpg,0.626797080039978,False
81b1be6fa.jpg,0.5674880743026733,False
81b1be6fa.jpg,0.1340985894203186,False
81b1be6fa.jpg,0.0999939888715744,True
81b1be6fa.jpg,0.0570080764591693,True
81b1d206d.jpg,0.867620587348938,False
81b1d206d.jpg,0.7378841042518616,False
81b78ecff.jpg,0.9244685173034668,False
81be6d53a.jpg,0.5677905678749084,False
81cea10bd.jpg,0.8841630816459656,False
81cea10bd.jpg,0.2940956652164459,True
81cea10bd.jpg,0.1754298210144043,True
81cea10bd.jpg,0.0979494750499725,False
81cea10bd.jpg,0.0939912125468254,True
81cea10bd.jpg,0.0859202593564987,True
81cea10bd.jpg,0.0621582418680191,True
81cea10bd.jpg,0.0620229579508304,True
81cea10bd.jpg,0.0558873675763607,True
81eabfac1.jpg,0.3322113752365112,False
81eabfac1.jpg,0.2217904478311538,False
81eabfac1.jpg,0.1670972555875778,True
81eabfac1.jpg,0.1185817122459411,False
81eabfac1.jpg,0.1116690337657928,True
81eabfac1.jpg,0.1114268004894256,False
81eabfac1.jpg,0.0683552548289299,True
81eabfac1.jpg,0.0670624896883964,True
81eabfac1.jpg,0.0624375827610492,True
81eabfac1.jpg,0.060102354735136,False
81eabfac1.jpg,0.0515011474490165,True
81eabfac1.jpg,0.0503701232373714,True
81fe5a11c.jpg,0.3262328803539276,False
81fe5a11c.jpg,0.250829815864563,False
81fe5a11c.jpg,0.1361020505428314,False
81fe5a11c.jpg,0.1210915446281433,False
820a95fdf.jpg,0.8464784026145935,False
820cf0fa8.jpg,0.4102556109428406,False
820cf0fa8.jpg,0.0739878043532371,False
821089b9a.jpg,0.7335838079452515,False
821089b9a.jpg,0.4569781422615051,False
821089b9a.jpg,0.419497013092041,False
821089b9a.jpg,0.4058382213115692,False
821089b9a.jpg,0.3133783340454101,False
821089b9a.jpg,0.1147264614701271,False
821089b9a.jpg,0.051329992711544,False
8214d47e2.jpg,0.8157314658164978,False
8218de40f.jpg,0.8920015096664429,False
82305ea18.jpg,0.6280369758605957,True
82305ea18.jpg,0.6127808094024658,True
82305ea18.jpg,0.358810693025589,True
82305ea18.jpg,0.2432270497083664,False
82305ea18.jpg,0.2111162543296814,False
82305ea18.jpg,0.11738021671772,True
8243ca536.jpg,0.9034773111343384,False
827238dc5.jpg,0.8369402885437012,True
827238dc5.jpg,0.5748898983001709,False
827238dc5.jpg,0.2916845679283142,False
827238dc5.jpg,0.1552882045507431,False
828ae7e9d.jpg,0.5761165022850037,False
8291d2f31.jpg,0.8828364014625549,False
829aa0c2c.jpg,0.0797816663980484,True
82a36ee8d.jpg,0.6234252452850342,False
82a36ee8d.jpg,0.2057716250419616,False
82aaeddaf.jpg,0.3655546605587005,False
82aaeddaf.jpg,0.2482250928878784,False
82aaeddaf.jpg,0.2126078605651855,False
82aaeddaf.jpg,0.1081897392868995,False
82aaeddaf.jpg,0.1051695346832275,False
82c86dff9.jpg,0.2403961420059204,False
82c86dff9.jpg,0.1249321773648262,True
82c86dff9.jpg,0.095196820795536,False
82c86dff9.jpg,0.0685933977365493,False
82c86dff9.jpg,0.0681841596961021,True
82e237789.jpg,0.4354778528213501,False
82e237789.jpg,0.1678745448589325,False
82e8cdaa5.jpg,0.7275552749633789,False
82e8cdaa5.jpg,0.1153668984770774,False
82ec47838.jpg,0.8923599123954773,False
82fa6feb0.jpg,0.4298230111598968,False
82fa6feb0.jpg,0.374531090259552,False
82fa6feb0.jpg,0.2836289703845978,False
83176534a.jpg,0.8796011805534363,False
83176534a.jpg,0.335707277059555,True
83176534a.jpg,0.1002954319119453,True
83208e408.jpg,0.8859531879425049,False
83208e408.jpg,0.4304585456848144,False
83208e408.jpg,0.3637648522853851,False
83208e408.jpg,0.3023522496223449,False
83208e408.jpg,0.1436188668012619,False
83208e408.jpg,0.1336236298084259,False
83208e408.jpg,0.0869726240634918,False
83208e408.jpg,0.0629192218184471,True
832661f4f.jpg,0.8615636229515076,False
832661f4f.jpg,0.0933389738202095,True
833574595.jpg,0.9105108976364136,False
833574595.jpg,0.3017268180847168,True
834d275fd.jpg,0.3910649120807647,False
834d275fd.jpg,0.303303599357605,True
834d275fd.jpg,0.2366483360528946,True
834d275fd.jpg,0.0893766358494758,True
8355c30ab.jpg,0.3248265087604522,False
8355c30ab.jpg,0.2706054747104645,False
8355c30ab.jpg,0.0837953761219978,True
836216268.jpg,0.903312921524048,False
838648b78.jpg,0.7979263663291931,False
8395e055c.jpg,0.8112895488739014,False
83a978177.jpg,0.8789272308349609,False
83af3c0ea.jpg,0.2741521596908569,True
83af3c0ea.jpg,0.1680451482534408,True
83af3c0ea.jpg,0.0732669681310653,True
83af3c0ea.jpg,0.0645164772868156,True
83af3c0ea.jpg,0.051251221448183,True
83b872ea5.jpg,0.8734521269798279,False
83b872ea5.jpg,0.2725472152233124,True
83b872ea5.jpg,0.1270064264535904,True
83dfd98f4.jpg,0.8379080295562744,False
83e576834.jpg,0.6513527035713196,False
83e576834.jpg,0.4334795176982879,False
83e576834.jpg,0.1463062167167663,False
83e8e54e8.jpg,0.8934721350669861,False
83f6011e3.jpg,0.8968738317489624,False
8417fc19a.jpg,0.4619418978691101,False
8417fc19a.jpg,0.3116407096385956,False
8417fc19a.jpg,0.2996100783348083,False
8417fc19a.jpg,0.2072436958551406,False
8417fc19a.jpg,0.1549819558858871,False
8417fc19a.jpg,0.138737142086029,True
8417fc19a.jpg,0.1061536073684692,True
8417fc19a.jpg,0.0576034635305404,True
8417fc19a.jpg,0.0506905876100063,True
8438859e4.jpg,0.7320132255554199,False
844a5f36d.jpg,0.8012830018997192,False
844a5f36d.jpg,0.7259698510169983,False
844a5f36d.jpg,0.5664071440696716,False
844a5f36d.jpg,0.4708535373210907,False
844a5f36d.jpg,0.4232893586158752,False
844a5f36d.jpg,0.384219765663147,False
844a5f36d.jpg,0.2021126449108123,False
844a5f36d.jpg,0.1569369435310363,False
844e0cf41.jpg,0.8775671124458313,False
845c083f2.jpg,0.83973628282547,False
845eb47e1.jpg,0.7400195002555847,False
84714c017.jpg,0.3483989536762237,True
84714c017.jpg,0.2782700061798095,True
84714c017.jpg,0.086744874715805,True
847d6a872.jpg,0.8213995099067688,False
847d6a872.jpg,0.7956933975219727,False
847d6a872.jpg,0.6568301916122437,True
847d6a872.jpg,0.6002027988433838,True
847d6a872.jpg,0.4302893579006195,True
847d6a872.jpg,0.4074409306049347,True
847d6a872.jpg,0.4049557149410248,True
847d6a872.jpg,0.4024330675601959,True
847d6a872.jpg,0.2896807491779327,True
847d6a872.jpg,0.244004413485527,True
847d6a872.jpg,0.1920684576034546,True
847d6a872.jpg,0.1395017802715301,True
847d6a872.jpg,0.1291816085577011,True
847d6a872.jpg,0.1056034788489341,True
847d6a872.jpg,0.0749261602759361,True
847d6a872.jpg,0.0704047381877899,True
847d6a872.jpg,0.0609247423708438,True
847d6a872.jpg,0.0587104074656963,True
847d6a872.jpg,0.0507628694176673,True
84851619b.jpg,0.2166961282491684,False
84851619b.jpg,0.0665178894996643,True
849ab5fc3.jpg,0.4174997210502624,False
849ab5fc3.jpg,0.2522875070571899,True
849ab5fc3.jpg,0.2417330890893936,False
849ab5fc3.jpg,0.2027318924665451,False
849ab5fc3.jpg,0.1440622210502624,False
849ab5fc3.jpg,0.1271039992570877,True
849ab5fc3.jpg,0.0785704031586647,False
849ab5fc3.jpg,0.0703621506690979,True
84a066bee.jpg,0.6475553512573242,False
84a495da1.jpg,0.938578486442566,False
84a495da1.jpg,0.0641297623515129,True
84a80b2a0.jpg,0.8073297142982483,False
84ad59a73.jpg,0.563235342502594,False
84aff4c89.jpg,0.3529646694660187,False
84aff4c89.jpg,0.2637863457202911,False
84aff4c89.jpg,0.2223583608865738,False
84aff4c89.jpg,0.1393672674894333,False
84aff4c89.jpg,0.120612733066082,False
84aff4c89.jpg,0.1178540214896202,False
84aff4c89.jpg,0.08207917958498,False
84aff4c89.jpg,0.0780191496014595,False
84aff4c89.jpg,0.0658925548195838,False
84aff4c89.jpg,0.0578692443668842,False
84aff4c89.jpg,0.0502532236278057,False
84ed77e7c.jpg,0.7358232140541077,False
84ed77e7c.jpg,0.0662595778703689,True
851302031.jpg,0.4833180904388428,False
851302031.jpg,0.2651412785053253,False
851ccf864.jpg,0.3136976957321167,False
851ccf864.jpg,0.2540670931339264,False
851ccf864.jpg,0.2259783595800399,False
851ccf864.jpg,0.1543379724025726,False
853a7aef1.jpg,0.8810795545578003,False
853a7aef1.jpg,0.6980424523353577,True
853a7aef1.jpg,0.6804391741752625,False
853a7aef1.jpg,0.6636807918548584,False
853a7aef1.jpg,0.6466822028160095,False
853a7aef1.jpg,0.6442046761512756,False
853a7aef1.jpg,0.623110294342041,False
853a7aef1.jpg,0.5939598679542542,False
853a7aef1.jpg,0.5597960948944092,False
853a7aef1.jpg,0.4489227533340454,False
853a7aef1.jpg,0.4047443270683288,False
853a7aef1.jpg,0.400107592344284,False
853a7aef1.jpg,0.3307450413703918,False
853a7aef1.jpg,0.3047107458114624,False
853a7aef1.jpg,0.2483069747686386,False
853a7aef1.jpg,0.2162375748157501,False
853a7aef1.jpg,0.1415561437606811,False
853a7aef1.jpg,0.1318923234939575,False
853a7aef1.jpg,0.0714532956480979,True
853a7aef1.jpg,0.069491408765316,False
853a7aef1.jpg,0.0625291466712951,False
853a7aef1.jpg,0.0601834841072559,False
85426ca04.jpg,0.9550692439079284,False
8543e5205.jpg,0.1597823798656463,False
8543e5205.jpg,0.0668770000338554,False
854b5c6e8.jpg,0.7829517722129822,False
854b5c6e8.jpg,0.0601453520357608,False
8553b1c10.jpg,0.8649893403053284,False
8556d6ff8.jpg,0.8069800734519958,False
8595b77d4.jpg,0.7360430955886841,False
8595b77d4.jpg,0.4479252994060516,False
859bb4bc8.jpg,0.8891263008117676,False
859bb4bc8.jpg,0.7974649667739868,False
859e41fe0.jpg,0.8987197875976562,False
859e41fe0.jpg,0.6762436628341675,False
859e41fe0.jpg,0.6008664965629578,False
859e41fe0.jpg,0.1137306094169616,False
85a4ba676.jpg,0.582998514175415,False
85ad5b8e8.jpg,0.9149259328842164,False
85b05eeea.jpg,0.2869308888912201,False
85b05eeea.jpg,0.2776769399642944,False
85b05eeea.jpg,0.2555636763572693,False
85f92ee9d.jpg,0.4738286733627319,True
85f92ee9d.jpg,0.4626758694648742,False
85f92ee9d.jpg,0.3624798059463501,False
85f92ee9d.jpg,0.3144540786743164,False
85f92ee9d.jpg,0.243153303861618,False
85f92ee9d.jpg,0.1641192734241485,False
85f92ee9d.jpg,0.111842855811119,False
860be5ac8.jpg,0.7740828990936279,False
860be5ac8.jpg,0.2315939217805862,False
860be5ac8.jpg,0.1407228708267212,False
861026c31.jpg,0.8391934633255005,False
861026c31.jpg,0.831430196762085,False
861026c31.jpg,0.628459632396698,True
861026c31.jpg,0.5125395059585571,True
861026c31.jpg,0.4224070310592651,False
861026c31.jpg,0.2559230029582977,True
861026c31.jpg,0.2223643064498901,True
861026c31.jpg,0.1910539716482162,False
861026c31.jpg,0.1430426239967346,True
861026c31.jpg,0.135813683271408,True
861026c31.jpg,0.1234138458967208,True
861026c31.jpg,0.1162264123558998,False
861026c31.jpg,0.0787618681788444,True
861026c31.jpg,0.0753972232341766,True
861026c31.jpg,0.0620450936257839,True
861026c31.jpg,0.0522178746759891,True
862b31c63.jpg,0.8720672726631165,False
863a96e44.jpg,0.5428544282913208,False
86760f68d.jpg,0.3340007960796356,False
86760f68d.jpg,0.3180679976940155,False
86760f68d.jpg,0.1366811692714691,False
86760f68d.jpg,0.0894727855920791,False
8680839be.jpg,0.3538731932640075,True
8680839be.jpg,0.3414687216281891,True
8680839be.jpg,0.3390430808067322,False
8680839be.jpg,0.3087837696075439,False
8680839be.jpg,0.2985213100910187,True
8680839be.jpg,0.1172861009836196,True
8688f97fb.jpg,0.7827618718147278,False
8688f97fb.jpg,0.7383016347885132,False
8688f97fb.jpg,0.2210997194051742,False
8688f97fb.jpg,0.1322059780359268,True
8688f97fb.jpg,0.0897930040955543,True
8688f97fb.jpg,0.0663447976112365,True
8688f97fb.jpg,0.05593266710639,True
8688f97fb.jpg,0.0523429997265338,True
869396711.jpg,0.8374419212341309,False
869396711.jpg,0.0674767419695854,False
869396711.jpg,0.0557124465703964,False
86964c018.jpg,0.8982408046722412,False
86b02d20e.jpg,0.4791120588779449,False
86b02d20e.jpg,0.2158351391553878,False
86caf7744.jpg,0.341372936964035,False
86caf7744.jpg,0.2066694349050521,False
86caf7744.jpg,0.186877354979515,False
86caf7744.jpg,0.109024778008461,False
86e1c17ae.jpg,0.6770408749580383,False
86e1c17ae.jpg,0.2675670087337494,False
86e1c17ae.jpg,0.2475539147853851,True
86e1c17ae.jpg,0.202511116862297,True
86e1c17ae.jpg,0.0842263475060463,True
86e1c17ae.jpg,0.0510624013841152,False
86ebc244d.jpg,0.2632141411304474,False
86ebc244d.jpg,0.1146414950489997,True
86ebc244d.jpg,0.0713789537549018,True
86ebc244d.jpg,0.0521235130727291,False
86ebc244d.jpg,0.0511719360947608,True
86f473acf.jpg,0.7374939918518066,False
86f73238a.jpg,0.9168047904968262,False
86f7b8272.jpg,0.930638074874878,False
870680501.jpg,0.7000141739845276,False
870e938c3.jpg,0.9018534421920776,False
87139470c.jpg,0.8782539963722229,False
8715b56a0.jpg,0.9344903826713562,False
8715b56a0.jpg,0.0741831809282302,True
871d71a5b.jpg,0.7675622701644897,False
871d71a5b.jpg,0.4043740928173065,True
871d71a5b.jpg,0.2806742489337921,True
871d71a5b.jpg,0.0974477529525756,True
871d71a5b.jpg,0.060276623815298,True
87404fe27.jpg,0.2371159642934799,False
87404fe27.jpg,0.2214355170726776,True
87404fe27.jpg,0.151490107178688,False
87404fe27.jpg,0.1084692254662513,False
87404fe27.jpg,0.0573841817677021,False
8740db2fd.jpg,0.8949238657951355,False
8740db2fd.jpg,0.8832669854164124,False
8740db2fd.jpg,0.8643234968185425,False
8740db2fd.jpg,0.8142994046211243,False
87465375b.jpg,0.071402408182621,True
874bb3d0b.jpg,0.7703291773796082,False
8750bd082.jpg,0.852427065372467,False
8751e708d.jpg,0.7910308241844177,False
8751e708d.jpg,0.0612742230296134,True
8759ab630.jpg,0.3791035711765289,False
8759ab630.jpg,0.3628578782081604,False
8759ab630.jpg,0.1024672016501426,False
8759ab630.jpg,0.059223473072052,False
87667797b.jpg,0.7879942655563354,False
87667797b.jpg,0.3868642449378967,True
87667797b.jpg,0.2958036959171295,True
87667797b.jpg,0.1868360638618469,True
87667797b.jpg,0.1622200310230255,True
87823f0e8.jpg,0.834870457649231,False
87823f0e8.jpg,0.3085785210132599,False
87823f0e8.jpg,0.091797724366188,True
8794d5ff9.jpg,0.3162682056427002,False
8794d5ff9.jpg,0.2950312197208404,False
8794d5ff9.jpg,0.2560020983219147,True
8794d5ff9.jpg,0.1464683562517166,False
8794d5ff9.jpg,0.1406840682029724,False
8794d5ff9.jpg,0.1211981698870658,True
8794d5ff9.jpg,0.118819311261177,False
8794d5ff9.jpg,0.1105002984404563,False
8794d5ff9.jpg,0.0942034348845481,False
8794d5ff9.jpg,0.0548792220652103,False
87a1e29ab.jpg,0.919363498687744,False
87acc3ebe.jpg,0.3624173700809479,False
87acc3ebe.jpg,0.2542425096035003,False
87acc3ebe.jpg,0.1908013075590133,False
87acc3ebe.jpg,0.0629387721419334,False
87bd9c92b.jpg,0.8804994225502014,False
87edd570b.jpg,0.3476892411708832,True
87edd570b.jpg,0.1553957611322403,False
881f75cc1.jpg,0.836574375629425,False
88212dbc7.jpg,0.6188946962356567,False
88449d222.jpg,0.7430978417396545,False
88449d222.jpg,0.3908749520778656,False
88449d222.jpg,0.2730681002140045,False
88449d222.jpg,0.2503785490989685,True
88449d222.jpg,0.117534227669239,True
88449d222.jpg,0.0878964513540268,True
8849b205b.jpg,0.3010886609554291,False
8849b205b.jpg,0.200129747390747,True
8849b205b.jpg,0.1376956701278686,False
8849b205b.jpg,0.1324852854013443,False
8849b205b.jpg,0.0948599874973297,True
8849b205b.jpg,0.0661128461360931,True
88564623a.jpg,0.5426077842712402,False
887a44405.jpg,0.8238945007324219,False
887a44405.jpg,0.3441005945205688,False
887a44405.jpg,0.1884563714265823,False
887a44405.jpg,0.1742080301046371,False
887a44405.jpg,0.085962176322937,True
8889c3cb8.jpg,0.8416019082069397,False
8889c3cb8.jpg,0.1027930006384849,True
8889c3cb8.jpg,0.0776872932910919,True
889d3301e.jpg,0.9120089411735536,False
889d3301e.jpg,0.8513694405555725,False
889d3301e.jpg,0.8179728984832764,False
889d3301e.jpg,0.7760713696479797,False
88a46e015.jpg,0.8584925532341003,False
88ab00019.jpg,0.6982744336128235,False
88ab00019.jpg,0.2076640874147415,False
88ab00019.jpg,0.1935378164052963,False
88ab00019.jpg,0.1826211810111999,False
88b55ae2a.jpg,0.3380717039108276,False
88b55ae2a.jpg,0.2750287353992462,False
88b55ae2a.jpg,0.1003300100564956,False
88d1a3bfa.jpg,0.8870282769203186,False
88e14cd94.jpg,0.8452856540679932,False
88e34a21f.jpg,0.5720927715301514,True
88e34a21f.jpg,0.0864520668983459,True
88e3e33fd.jpg,0.8324753642082214,False
88e3e33fd.jpg,0.7698436975479126,False
88e3e33fd.jpg,0.6936869621276855,False
88e3e33fd.jpg,0.0915582031011581,True
88e3e33fd.jpg,0.0578834898769855,True
88ee8ca07.jpg,0.4764816462993622,False
88ee8ca07.jpg,0.4640752375125885,False
88ee8ca07.jpg,0.1167611181735992,False
88ee8ca07.jpg,0.0737093389034271,False
88f91b5d5.jpg,0.7250007390975952,True
88f91b5d5.jpg,0.3957625329494476,False
88f91b5d5.jpg,0.0768498033285141,False
890ea1a11.jpg,0.2203363180160522,False
890ea1a11.jpg,0.1121839061379432,False
890ea1a11.jpg,0.0848072841763496,False
891f7fbb8.jpg,0.5006395578384399,False
891f7fbb8.jpg,0.1467340588569641,True
891f7fbb8.jpg,0.0512431859970092,True
892a69b4b.jpg,0.8432139754295349,False
894a69786.jpg,0.548223078250885,False
894a69786.jpg,0.1827443689107895,False
894c7db4e.jpg,0.2568926215171814,False
894c7db4e.jpg,0.0832404568791389,False
894c7db4e.jpg,0.0622497648000717,False
8950afd7c.jpg,0.4685585796833038,False
8950afd7c.jpg,0.0621454082429409,True
89596469e.jpg,0.4244660139083862,False
89596469e.jpg,0.088456392288208,False
895ee3fac.jpg,0.3966628313064575,False
895ee3fac.jpg,0.3307388126850128,False
895ee3fac.jpg,0.0925534889101982,True
897dbe93c.jpg,0.4463246762752533,False
897dbe93c.jpg,0.3642862141132355,False
897dbe93c.jpg,0.3597049713134765,False
897dbe93c.jpg,0.2522978782653808,False
897dbe93c.jpg,0.1284121721982956,False
897e268f7.jpg,0.6551485061645508,False
897e268f7.jpg,0.2707343399524688,True
897e268f7.jpg,0.1744627356529235,True
897e268f7.jpg,0.1500377058982849,True
897e268f7.jpg,0.1335845440626144,True
897e268f7.jpg,0.1277762353420257,True
897e268f7.jpg,0.1224297285079956,True
897e268f7.jpg,0.1168899238109588,True
897e268f7.jpg,0.0980685204267501,True
897e268f7.jpg,0.0968859493732452,True
897e268f7.jpg,0.0958784371614456,True
897e268f7.jpg,0.0693932324647903,True
897e268f7.jpg,0.0577256493270397,True
897e268f7.jpg,0.0575479604303836,True
897e268f7.jpg,0.053359929472208,True
897e268f7.jpg,0.0504926107823848,True
89908d887.jpg,0.7740200757980347,True
89908d887.jpg,0.5911870002746582,False
89a2789b4.jpg,0.1725523620843887,True
89c857e22.jpg,0.8570829033851624,False
89c857e22.jpg,0.8074511289596558,False
89c857e22.jpg,0.3860047161579132,False
89c857e22.jpg,0.3114421963691711,False
89cbb2430.jpg,0.4203243553638458,False
89cbb2430.jpg,0.1795398145914077,False
89cbb2430.jpg,0.1337557286024093,False
89cd711b2.jpg,0.8160222768783569,False
89d46f4c4.jpg,0.8331408500671387,False
89d46f4c4.jpg,0.5574744343757629,True
89d46f4c4.jpg,0.4993319511413574,True
89d46f4c4.jpg,0.3110978007316589,True
89d46f4c4.jpg,0.2098658829927444,True
89d46f4c4.jpg,0.0594946444034576,True
89fbf46f8.jpg,0.4126745760440826,False
89fbf46f8.jpg,0.3692449331283569,False
89fbf46f8.jpg,0.2398821860551834,False
89fcf9121.jpg,0.8367617726325989,False
89fcf9121.jpg,0.4349630177021026,True
89fcf9121.jpg,0.1255722790956497,True
89fcf9121.jpg,0.1147602275013923,True
8a026fe20.jpg,0.8804798722267151,False
8a0e5c046.jpg,0.8975823521614075,False
8a0e5c046.jpg,0.0565357059240341,True
8a0e5c046.jpg,0.0560381487011909,True
8a2499cea.jpg,0.6204943060874939,False
8a2499cea.jpg,0.6121737957000732,False
8a2499cea.jpg,0.5876531004905701,False
8a2499cea.jpg,0.4579455554485321,False
8a2499cea.jpg,0.4279045462608337,False
8a2499cea.jpg,0.4054760932922363,False
8a2499cea.jpg,0.3994743824005127,False
8a2499cea.jpg,0.3659766614437103,False
8a2499cea.jpg,0.299672394990921,False
8a2499cea.jpg,0.2777786254882812,False
8a2499cea.jpg,0.2196237444877624,False
8a2499cea.jpg,0.1925525516271591,False
8a2499cea.jpg,0.1894964873790741,True
8a2499cea.jpg,0.1848783046007156,False
8a2499cea.jpg,0.1830392330884933,False
8a2499cea.jpg,0.1778854727745056,False
8a2499cea.jpg,0.1662317365407943,False
8a2499cea.jpg,0.1341221779584884,False
8a2499cea.jpg,0.1327714622020721,False
8a2499cea.jpg,0.1082910001277923,False
8a2499cea.jpg,0.0753092169761657,False
8a2499cea.jpg,0.0590435564517974,False
8a2499cea.jpg,0.0536599047482013,False
8a2499cea.jpg,0.0525394268333911,False
8a2c43d6b.jpg,0.9087098836898804,False
8a353f292.jpg,0.2982178330421448,True
8a353f292.jpg,0.1870227456092834,False
8a353f292.jpg,0.1375346183776855,True
8a353f292.jpg,0.1298823952674865,False
8a353f292.jpg,0.0912713855504989,True
8a353f292.jpg,0.0785002559423446,True
8a353f292.jpg,0.0596508458256721,True
8a353f292.jpg,0.0567026995122432,True
8a353f292.jpg,0.0512931607663631,True
8a37200de.jpg,0.824449360370636,False
8a37bcd57.jpg,0.8561493754386902,False
8a3a192a4.jpg,0.954095184803009,False
8a3a192a4.jpg,0.9153839945793152,False
8a3a192a4.jpg,0.656459391117096,False
8a59239c9.jpg,0.7699072360992432,False
8a59239c9.jpg,0.2070111334323883,False
8a59239c9.jpg,0.1231397241353988,False
8a5bf45d5.jpg,0.5540565848350525,False
8a5bf45d5.jpg,0.0504903011023998,False
8a78ffce2.jpg,0.5953324437141418,False
8a78ffce2.jpg,0.5627229809761047,False
8a78ffce2.jpg,0.1698504388332367,False
8a78ffce2.jpg,0.123327262699604,False
8a78ffce2.jpg,0.0973740518093109,True
8a78ffce2.jpg,0.0911810994148254,False
8a79b86aa.jpg,0.2324024140834808,False
8a79b86aa.jpg,0.2308288365602493,True
8a79b86aa.jpg,0.2095764577388763,False
8a79b86aa.jpg,0.1079843491315841,True
8a79b86aa.jpg,0.0891490206122398,False
8a79b86aa.jpg,0.078070268034935,True
8a8950d97.jpg,0.8232279419898987,False
8a8950d97.jpg,0.2400820255279541,False
8a8950d97.jpg,0.212059810757637,False
8a8950d97.jpg,0.0884755030274391,False
8a8950d97.jpg,0.0860499590635299,False
8aa4eedaf.jpg,0.9191325902938844,False
8aa5db618.jpg,0.1904039233922958,True
8aa5db618.jpg,0.06684160977602,True
8aa5db618.jpg,0.0597269833087921,True
8aa5db618.jpg,0.0559988804161548,True
8aa850743.jpg,0.2728174328804016,True
8aa850743.jpg,0.151631698012352,True
8aa850743.jpg,0.1038451492786407,True
8aa850743.jpg,0.0736375525593757,True
8aa850743.jpg,0.070253312587738,False
8aa850743.jpg,0.057641252875328,True
8ab0d9126.jpg,0.7372050881385803,False
8ab996730.jpg,0.4168044030666351,False
8aba2fd7a.jpg,0.8495251536369324,False
8aba2fd7a.jpg,0.2533564567565918,False
8ac027bce.jpg,0.8842850923538208,False
8ac027bce.jpg,0.1872191578149795,True
8ac027bce.jpg,0.1009899079799652,False
8ac027bce.jpg,0.0829805731773376,True
8ac027bce.jpg,0.0748889744281768,True
8ac027bce.jpg,0.0671524927020073,True
8acb482bd.jpg,0.9307399988174438,False
8ad018505.jpg,0.6657118201255798,False
8ad018505.jpg,0.2554830312728882,False
8ad018505.jpg,0.2168607115745544,False
8ad018505.jpg,0.0672323554754257,True
8ae540da8.jpg,0.9568106532096864,False
8ae540da8.jpg,0.9106716513633728,False
8afe804ba.jpg,0.9088775515556335,False
8b15c073d.jpg,0.6816698312759399,False
8b15c073d.jpg,0.6782129406929016,False
8b15c073d.jpg,0.6341851949691772,False
8b15c073d.jpg,0.5301554799079895,False
8b15c073d.jpg,0.5103163123130798,False
8b15c073d.jpg,0.4747410416603088,True
8b15c073d.jpg,0.4281842410564422,True
8b15c073d.jpg,0.3956285417079925,False
8b15c073d.jpg,0.298294723033905,False
8b15c073d.jpg,0.2386495471000671,True
8b15c073d.jpg,0.0936621353030204,True
8b15c073d.jpg,0.0808143839240074,True
8b15c073d.jpg,0.0767721682786941,True
8b15c073d.jpg,0.0709792822599411,True
8b15c073d.jpg,0.0567276515066623,False
8b2291ad4.jpg,0.4366287291049957,False
8b2291ad4.jpg,0.2930290699005127,False
8b2291ad4.jpg,0.2148641645908355,False
8b2291ad4.jpg,0.1812554150819778,False
8b2291ad4.jpg,0.1365429311990738,False
8b2291ad4.jpg,0.0670135170221328,False
8b2775080.jpg,0.8399890065193176,False
8b56662dc.jpg,0.8100987076759338,False
8b5dfef95.jpg,0.4129261076450348,False
8b5dfef95.jpg,0.2052047997713089,True
8b5dfef95.jpg,0.1254923492670059,True
8b5f9d5d8.jpg,0.8673036694526672,False
8b5f9d5d8.jpg,0.8324633240699768,False
8b61fbd84.jpg,0.8767508268356323,False
8b68319d0.jpg,0.84809809923172,False
8b68319d0.jpg,0.7639320492744446,False
8b68319d0.jpg,0.5540533661842346,False
8b6b01699.jpg,0.8771716356277466,False
8b858d1ca.jpg,0.8781916499137878,False
8b8ff7fc4.jpg,0.6899555325508118,False
8b8ff7fc4.jpg,0.6482547521591187,False
8b8ff7fc4.jpg,0.108420729637146,False
8ba136c38.jpg,0.9227032661437988,False
8ba136c38.jpg,0.8368712067604065,False
8bb20d465.jpg,0.9587841629981996,False
8bb20d465.jpg,0.0538307204842567,True
8bb46b7e3.jpg,0.3017239868640899,False
8bb46b7e3.jpg,0.1774636358022689,False
8bb46b7e3.jpg,0.1305399537086486,False
8bb46b7e3.jpg,0.0779927745461463,False
8bcdca0cb.jpg,0.2641329765319824,False
8bcdca0cb.jpg,0.1715834140777588,False
8bcdca0cb.jpg,0.0887211635708808,True
8bcdca0cb.jpg,0.0647396668791771,True
8bd94f511.jpg,0.8933451175689697,False
8bd94f511.jpg,0.8673219084739685,False
8bdec9a05.jpg,0.7389200925827026,False
8bdec9a05.jpg,0.209961712360382,True
8bdec9a05.jpg,0.1367646902799606,True
8bdec9a05.jpg,0.1031674221158027,True
8bdec9a05.jpg,0.098815806210041,True
8bdec9a05.jpg,0.0914768874645233,True
8bdec9a05.jpg,0.0837780982255935,True
8bdec9a05.jpg,0.0676729381084442,True
8bdec9a05.jpg,0.058115154504776,True
8bdec9a05.jpg,0.0551882907748222,True
8bf651696.jpg,0.5466964244842529,False
8bf651696.jpg,0.4340657889842987,False
8bf651696.jpg,0.255728006362915,False
8bf651696.jpg,0.0559927746653556,False
8bfad0524.jpg,0.8083890080451965,False
8bfad0524.jpg,0.2030896097421646,False
8bfad0524.jpg,0.1788858324289322,False
8bfad0524.jpg,0.1262706220149994,False
8c02047a1.jpg,0.7744022011756897,False
8c02047a1.jpg,0.77127605676651,False
8c02047a1.jpg,0.6949307918548584,False
8c02047a1.jpg,0.6867209672927856,False
8c02047a1.jpg,0.6801130771636963,False
8c02047a1.jpg,0.6377251148223877,False
8c02047a1.jpg,0.6116659045219421,False
8c02047a1.jpg,0.5808617472648621,True
8c02047a1.jpg,0.546462893486023,False
8c02047a1.jpg,0.5178388953208923,False
8c02047a1.jpg,0.4938665628433227,False
8c02047a1.jpg,0.3711407482624054,True
8c02047a1.jpg,0.3320032358169555,True
8c02047a1.jpg,0.3222099542617798,True
8c02047a1.jpg,0.2063789665699005,False
8c02047a1.jpg,0.1754428595304489,False
8c02047a1.jpg,0.1725000888109207,False
8c02047a1.jpg,0.0955768749117851,True
8c02047a1.jpg,0.0833996161818504,True
8c02047a1.jpg,0.0820809751749038,True
8c02047a1.jpg,0.071953572332859,False
8c02047a1.jpg,0.0620494857430458,True
8c02047a1.jpg,0.061636496335268,True
8c02047a1.jpg,0.0598713345825672,False
8c02047a1.jpg,0.0523903705179691,True
8c17b27cc.jpg,0.563514232635498,False
8c17b27cc.jpg,0.2929534018039703,False
8c17b27cc.jpg,0.273629754781723,False
8c17b27cc.jpg,0.1846810579299926,False
8c17b27cc.jpg,0.0771000385284423,True
8c1b419a1.jpg,0.3311493098735809,False
8c1b419a1.jpg,0.0995018705725669,True
8c1b419a1.jpg,0.0654546916484832,True
8c1b419a1.jpg,0.0608023665845394,True
8c1b419a1.jpg,0.0591342784464359,False
8c1b419a1.jpg,0.0584266856312751,True
8c1b419a1.jpg,0.0571007877588272,True
8c23c585a.jpg,0.8372285962104797,False
8c3e4558d.jpg,0.8424358367919922,False
8c3e4558d.jpg,0.354069709777832,True
8c3e4558d.jpg,0.3293683230876922,False
8c3e4558d.jpg,0.2216356992721557,False
8c3e4558d.jpg,0.0536497570574283,False
8c41b395b.jpg,0.2969659566879272,False
8c41b395b.jpg,0.2233240306377411,False
8c41b395b.jpg,0.0862826779484748,False
8c41b395b.jpg,0.0661862194538116,False
8c42fcfa1.jpg,0.8404171466827393,False
8c4be6a61.jpg,0.880610466003418,False
8c629b8b5.jpg,0.8002710342407227,False
8c629b8b5.jpg,0.7311657667160034,False
8c629b8b5.jpg,0.0722400397062301,True
8c6ba3e17.jpg,0.8859074711799622,False
8c7fd9fbf.jpg,0.8711857199668884,False
8c8620d2e.jpg,0.1920484900474548,True
8c8620d2e.jpg,0.1337555646896362,False
8c8620d2e.jpg,0.0669163912534713,False
8c8620d2e.jpg,0.0563464872539043,False
8c9cf7e37.jpg,0.8679366707801819,False
8c9cf7e37.jpg,0.5273760557174683,False
8c9cf7e37.jpg,0.1281362920999527,False
8ca2e363e.jpg,0.3815047442913055,False
8ca2e363e.jpg,0.3749606609344482,False
8ca2e363e.jpg,0.1920148879289627,True
8ca2e363e.jpg,0.1344444155693054,False
8ca2e363e.jpg,0.114629216492176,True
8ca2e363e.jpg,0.083862580358982,False
8ca2e363e.jpg,0.0627039894461631,True
8ca9d4a37.jpg,0.8674697875976562,False
8ca9d4a37.jpg,0.4707753360271454,False
8ca9d4a37.jpg,0.0892363637685775,False
8cafa26ce.jpg,0.8394292593002319,False
8cbb2970b.jpg,0.9171647429466248,False
8cbb2970b.jpg,0.2400828152894973,True
8cbb2970b.jpg,0.2128551751375198,True
8cbb2970b.jpg,0.1783886700868606,True
8cbca02cb.jpg,0.8771945238113403,False
8cc3ff528.jpg,0.2880263030529022,False
8cc3ff528.jpg,0.1960700899362564,False
8cc3ff528.jpg,0.0893026292324066,False
8cfb570f6.jpg,0.8324267268180847,False
8cfb570f6.jpg,0.2436705380678177,True
8d0028339.jpg,0.8904786705970764,False
8d183ca66.jpg,0.4360544085502624,True
8d183ca66.jpg,0.303916186094284,False
8d1f31dc8.jpg,0.8680768609046936,False
8d1f31dc8.jpg,0.8179183006286621,False
8d1f31dc8.jpg,0.1052330285310745,False
8d2144e59.jpg,0.2918636202812195,False
8d2144e59.jpg,0.2409006506204605,False
8d2144e59.jpg,0.0888373479247093,False
8d52d1710.jpg,0.2984422445297241,False
8d52d1710.jpg,0.1984810531139373,False
8d52d1710.jpg,0.1080029010772705,False
8d5b7a1b9.jpg,0.876258373260498,False
8d5b7a1b9.jpg,0.1707011759281158,True
8d5b7a1b9.jpg,0.1263727098703384,True
8d6079194.jpg,0.2722133696079254,False
8d6079194.jpg,0.2032407373189926,False
8d6079194.jpg,0.1061713397502899,False
8d61218a3.jpg,0.8294911980628967,False
8d61218a3.jpg,0.4216707646846771,False
8d61218a3.jpg,0.1919250935316085,False
8d61218a3.jpg,0.1170866936445236,False
8d692a8d7.jpg,0.8868623375892639,False
8d696dcb2.jpg,0.849050760269165,False
8d696dcb2.jpg,0.7579238414764404,False
8d9fd3581.jpg,0.2364356368780136,False
8d9fd3581.jpg,0.169812723994255,False
8d9fd3581.jpg,0.1679031401872635,False
8d9fd3581.jpg,0.1303385943174362,False
8d9fd3581.jpg,0.1114208474755287,True
8d9fd3581.jpg,0.1022886410355568,True
8d9fd3581.jpg,0.0971897989511489,True
8d9fd3581.jpg,0.0912351682782173,True
8d9fd3581.jpg,0.0897145494818687,False
8d9fd3581.jpg,0.0843484625220298,False
8d9fd3581.jpg,0.0791589021682739,True
8db89a8b7.jpg,0.7803363800048828,False
8dbe138c4.jpg,0.8250337243080139,False
8dbe138c4.jpg,0.4294513463973999,False
8dbe138c4.jpg,0.337846577167511,False
8dbe138c4.jpg,0.066160961985588,False
8dc26d710.jpg,0.344977468252182,False
8dc26d710.jpg,0.1628683507442474,True
8dc26d710.jpg,0.1598451137542724,False
8dfba7e05.jpg,0.9107742309570312,False
8e36f9d56.jpg,0.7828582525253296,False
8e3cc1a9a.jpg,0.4500900506973266,False
8e3cc1a9a.jpg,0.1631712168455124,False
8e3cc1a9a.jpg,0.1233630999922752,False
8e3cc1a9a.jpg,0.0809973552823066,False
8e5b5e5ac.jpg,0.8961941003799438,False
8e5b5e5ac.jpg,0.6638811826705933,False
8e5b5e5ac.jpg,0.5637704133987427,False
8e5fad340.jpg,0.8706216216087341,False
8e798b726.jpg,0.7973380088806152,False
8e7c684ae.jpg,0.6160904169082642,False
8e7e2bdb5.jpg,0.8856547474861145,False
8e9064036.jpg,0.8854660391807556,False
8e9f89188.jpg,0.8370848298072815,False
8ea11cb52.jpg,0.7882823944091797,False
8ecc8ea77.jpg,0.9140024781227112,False
8ecc8ea77.jpg,0.8627150654792786,False
8ecc8ea77.jpg,0.4668261408805847,False
8ef058535.jpg,0.9312313199043274,False
8f1dc78d3.jpg,0.3041204810142517,False
8f1dc78d3.jpg,0.1698634922504425,False
8f1dc78d3.jpg,0.1461347341537475,False
8f3358020.jpg,0.5450133085250854,False
8f3be518d.jpg,0.702790379524231,False
8f4eb84b1.jpg,0.9747031331062316,False
8f4eb84b1.jpg,0.3833292126655578,False
8f4eb84b1.jpg,0.212766095995903,False
8f4eb84b1.jpg,0.0721851736307144,False
8f53ef08b.jpg,0.8788400292396545,False
8f53ef08b.jpg,0.0629589632153511,True
8f6f06029.jpg,0.8547510504722595,False
8f6f06029.jpg,0.7539451718330383,False
8f6f06029.jpg,0.6126779317855835,False
8f6f06029.jpg,0.1680936068296432,False
8f755c40c.jpg,0.8360088467597961,False
8f755c40c.jpg,0.8287307024002075,False
8f755c40c.jpg,0.5021283626556396,False
8f755c40c.jpg,0.3949505686759949,False
8f755c40c.jpg,0.2588352859020233,True
8f755c40c.jpg,0.2580058872699737,False
8f755c40c.jpg,0.184441864490509,False
8f755c40c.jpg,0.1699750572443008,True
8f789e5b9.jpg,0.7206047773361206,False
8f789e5b9.jpg,0.584987461566925,True
8f789e5b9.jpg,0.4959753751754761,True
8f789e5b9.jpg,0.4334332346916199,True
8f789e5b9.jpg,0.3364943563938141,False
8f789e5b9.jpg,0.3003075420856476,True
8f789e5b9.jpg,0.298693984746933,True
8f789e5b9.jpg,0.2693197727203369,True
8f789e5b9.jpg,0.2287879288196563,True
8f789e5b9.jpg,0.2198128253221511,True
8f789e5b9.jpg,0.1955804973840713,True
8f789e5b9.jpg,0.1799830496311187,True
8f789e5b9.jpg,0.0754296407103538,True
8f789e5b9.jpg,0.0731251239776611,True
8f789e5b9.jpg,0.0656505674123764,True
8f789e5b9.jpg,0.0618045069277286,True
8f789e5b9.jpg,0.0519239343702793,True
8f798280c.jpg,0.8677791953086853,False
8f843f70a.jpg,0.8471084833145142,False
8f843f70a.jpg,0.3939054012298584,False
8f843f70a.jpg,0.3217997848987579,False
8f843f70a.jpg,0.1688380092382431,True
8f843f70a.jpg,0.1377500891685485,False
8f843f70a.jpg,0.0734360218048095,True
8fa56d134.jpg,0.3552857637405395,False
8fa56d134.jpg,0.3253123462200165,False
8fa56d134.jpg,0.2425373196601867,True
8fa56d134.jpg,0.2346887290477752,True
8fa56d134.jpg,0.190207228064537,True
8fa56d134.jpg,0.1558407396078109,True
8fa56d134.jpg,0.1317421048879623,True
8fa56d134.jpg,0.1292080134153366,False
8fa56d134.jpg,0.0683544650673866,True
8fb84ab8b.jpg,0.8662015795707703,False
8fc4dd67d.jpg,0.8575789928436279,False
8fdffa16f.jpg,0.8717712163925171,False
8fdffa16f.jpg,0.8398119807243347,False
8fdffa16f.jpg,0.8089072704315186,False
8fdffa16f.jpg,0.5842419862747192,False
8fdffa16f.jpg,0.5340263843536377,False
8fdffa16f.jpg,0.4114564061164856,True
8fdffa16f.jpg,0.3364987075328827,False
8fdffa16f.jpg,0.2896540760993957,True
8fdffa16f.jpg,0.1200253218412399,False
8fdffa16f.jpg,0.1109863221645355,False
8fdffa16f.jpg,0.0934480652213096,False
8fdffa16f.jpg,0.0736918672919273,True
8fed1b355.jpg,0.1944388151168823,True
8fed1b355.jpg,0.174569770693779,True
8fed1b355.jpg,0.170800894498825,True
8fed1b355.jpg,0.1222589164972305,True
8fed1b355.jpg,0.1132799908518791,True
8fed1b355.jpg,0.1126546189188957,True
8fed1b355.jpg,0.0967864617705345,True
8fed1b355.jpg,0.0953903570771217,True
8fed1b355.jpg,0.0900542885065078,True
8fed1b355.jpg,0.07265205681324,True
8feda0449.jpg,0.5001876354217529,False
9021b7349.jpg,0.8882629871368408,False
9021b7349.jpg,0.7826926708221436,False
9021b7349.jpg,0.7302392721176147,False
9030cfe70.jpg,0.7964211702346802,False
9030cfe70.jpg,0.6618010997772217,False
905547ac4.jpg,0.8692860007286072,False
90716260a.jpg,0.6349755525588989,False
9077f91aa.jpg,0.7903410792350769,False
907af4d58.jpg,0.7779435515403748,False
907af4d58.jpg,0.4985976219177246,True
907af4d58.jpg,0.1173055469989776,True
907af4d58.jpg,0.1037411391735076,True
907af4d58.jpg,0.0699041634798049,True
907af4d58.jpg,0.0515167936682701,True
907af4d58.jpg,0.0504166446626186,True
907c6a50e.jpg,0.8403958678245544,False
907c6a50e.jpg,0.7643967866897583,False
907fdf621.jpg,0.9133487939834596,False
90a1594cf.jpg,0.7711716890335083,False
90a805fe8.jpg,0.703580915927887,False
90a805fe8.jpg,0.0593725629150867,True
90b04356e.jpg,0.3830598890781402,False
90b04356e.jpg,0.3305830359458923,True
90b04356e.jpg,0.1734416186809539,False
90b04356e.jpg,0.1120998784899711,True
90b04356e.jpg,0.0924445763230323,True
90b04356e.jpg,0.0650844573974609,True
90b04356e.jpg,0.057260911911726,True
90b04356e.jpg,0.0538002476096153,True
90b04356e.jpg,0.0537838675081729,True
90b04356e.jpg,0.0510927438735961,False
90b3653af.jpg,0.869701623916626,False
90b3653af.jpg,0.3082528710365295,False
90b3653af.jpg,0.2928895056247711,False
90b3653af.jpg,0.2155231684446334,False
90b3653af.jpg,0.1921116560697555,False
90b3653af.jpg,0.1859609186649322,False
90b3653af.jpg,0.1634700149297714,False
90b3653af.jpg,0.1630807965993881,False
90b3653af.jpg,0.0601342730224132,False
90b852c20.jpg,0.18502277135849,False
90b852c20.jpg,0.0646917298436164,False
90bb334ec.jpg,0.8820502161979675,False
90d31fb80.jpg,0.422042578458786,False
90d31fb80.jpg,0.2061934769153595,False
90d34f8ee.jpg,0.0630234703421592,True
90d73e493.jpg,0.3983513116836548,False
90d73e493.jpg,0.3910159468650818,False
90d73e493.jpg,0.3384525179862976,True
90d73e493.jpg,0.3142251968383789,False
90d73e493.jpg,0.2252262681722641,False
90d73e493.jpg,0.2163575291633606,False
90d73e493.jpg,0.2108592838048935,False
90d73e493.jpg,0.1799010187387466,True
90d73e493.jpg,0.154228538274765,True
90d73e493.jpg,0.1292881369590759,False
90d73e493.jpg,0.0905527994036674,True
90d73e493.jpg,0.0750212594866752,True
90d73e493.jpg,0.0682727620005607,True
90d73e493.jpg,0.0613866597414016,True
90d73e493.jpg,0.0613620169460773,True
90d73e493.jpg,0.05863718688488,True
90da9c6e4.jpg,0.8242696523666382,False
90da9c6e4.jpg,0.0575406365096569,True
90dd7a904.jpg,0.7998623251914978,False
90fde558d.jpg,0.066099539399147,True
91026f37f.jpg,0.4398727715015411,False
91026f37f.jpg,0.1727193742990493,False
91026f37f.jpg,0.1107748225331306,False
910c12294.jpg,0.4208285510540008,False
910c12294.jpg,0.1948310285806656,False
910c12294.jpg,0.0562283210456371,False
9115f80de.jpg,0.8661354780197144,False
9118c824c.jpg,0.9343597292900084,False
91248ebd4.jpg,0.5254446864128113,False
91248ebd4.jpg,0.390784353017807,False
91248ebd4.jpg,0.2080627679824829,True
91248ebd4.jpg,0.1555993258953094,True
91248ebd4.jpg,0.1167156770825386,True
91248ebd4.jpg,0.110258549451828,True
912625b71.jpg,0.4256120026111603,False
912625b71.jpg,0.3375550210475921,False
912625b71.jpg,0.1618431657552719,False
912625b71.jpg,0.1302656978368759,True
912625b71.jpg,0.1071221977472305,True
912625b71.jpg,0.0847206488251686,True
915ee1e1a.jpg,0.273202121257782,False
915ee1e1a.jpg,0.2646941840648651,True
915ee1e1a.jpg,0.237888902425766,False
915ee1e1a.jpg,0.1663856506347656,False
915ee1e1a.jpg,0.1649934351444244,False
915ee1e1a.jpg,0.0835983380675315,True
915ee1e1a.jpg,0.0788281485438346,False
915ee1e1a.jpg,0.0637445002794265,False
915ee1e1a.jpg,0.0584242232143878,True
9184553ca.jpg,0.9064924716949464,False
9184553ca.jpg,0.8860992193222046,False
9184553ca.jpg,0.8799064755439758,False
9184553ca.jpg,0.8610076308250427,False
9184553ca.jpg,0.8557578921318054,False
9184553ca.jpg,0.8482121825218201,False
9184553ca.jpg,0.8269867300987244,False
9184553ca.jpg,0.8253616690635681,False
9184553ca.jpg,0.8190592527389526,False
9184553ca.jpg,0.7371984124183655,False
9184553ca.jpg,0.6212364435195923,False
9184553ca.jpg,0.554917573928833,False
9184553ca.jpg,0.511427104473114,False
9184553ca.jpg,0.3872944414615631,False
9184553ca.jpg,0.1951877623796463,True
9184553ca.jpg,0.1739899218082428,False
9184553ca.jpg,0.0908956825733184,False
9184553ca.jpg,0.0525473244488239,False
9184e94ad.jpg,0.4282349050045013,False
9184e94ad.jpg,0.1549104750156402,False
919314302.jpg,0.6971622705459595,False
919e75a13.jpg,0.9470037221908568,False
919f8ee92.jpg,0.6503240466117859,False
919f8ee92.jpg,0.63702791929245,False
919f8ee92.jpg,0.6090952157974243,True
919f8ee92.jpg,0.4290425777435303,True
919f8ee92.jpg,0.2997463643550873,True
919f8ee92.jpg,0.2869961559772491,True
919f8ee92.jpg,0.2786143124103546,True
919f8ee92.jpg,0.2741640210151672,True
919f8ee92.jpg,0.2665268778800964,True
919f8ee92.jpg,0.2637793719768524,True
919f8ee92.jpg,0.2612305283546448,True
919f8ee92.jpg,0.1562568396329879,True
919f8ee92.jpg,0.1483353823423385,True
919f8ee92.jpg,0.1438691765069961,True
919f8ee92.jpg,0.1429274529218673,True
919f8ee92.jpg,0.1312783062458038,True
919f8ee92.jpg,0.106064960360527,True
919f8ee92.jpg,0.1047827824950218,True
919f8ee92.jpg,0.1026056036353111,True
919f8ee92.jpg,0.0953194424510002,True
919f8ee92.jpg,0.0794617235660553,True
919f8ee92.jpg,0.0788796842098236,True
919f8ee92.jpg,0.0771395042538642,True
919f8ee92.jpg,0.0626589655876159,True
919f8ee92.jpg,0.0619183741509914,True
919f8ee92.jpg,0.0556750930845737,True
919f8ee92.jpg,0.0538443513214588,True
919f8ee92.jpg,0.0521199591457843,True
91bcdd9df.jpg,0.5673269033432007,False
91bcdd9df.jpg,0.4208245873451233,False
91bcdd9df.jpg,0.3834238946437835,False
91c9393df.jpg,0.5245141983032227,False
91f6934ce.jpg,0.8837509155273438,False
91f6934ce.jpg,0.5548226833343506,False
91f6934ce.jpg,0.0671191662549972,False
91f8d377b.jpg,0.9109925627708436,False
9200d4030.jpg,0.9807377457618712,False
9202dec29.jpg,0.3643890619277954,False
920dd8351.jpg,0.8699514865875244,False
920dd8351.jpg,0.2538258731365204,True
920dd8351.jpg,0.1082449629902839,True
920dd8351.jpg,0.0883039534091949,True
92210aa10.jpg,0.3160101771354675,False
92210aa10.jpg,0.078295812010765,False
9222cf944.jpg,0.3491002023220062,False
9222cf944.jpg,0.2267184555530548,False
9222cf944.jpg,0.1276276707649231,False
9222cf944.jpg,0.0890830159187316,True
9239ebec3.jpg,0.8814270496368408,False
9239ebec3.jpg,0.1085648089647293,True
9239ebec3.jpg,0.0952612310647964,True
9239ebec3.jpg,0.0771403163671493,True
9239ebec3.jpg,0.0642167851328849,True
9239ebec3.jpg,0.0531734302639961,True
923a86f44.jpg,0.9238815307617188,False
923a86f44.jpg,0.0546171963214874,True
92468a536.jpg,0.5833678245544434,False
92468a536.jpg,0.0998735278844833,False
92468a536.jpg,0.0836486890912056,True
92468a536.jpg,0.0620730966329574,True
924bcc0dc.jpg,0.8169894814491272,False
9259fd6d4.jpg,0.5172210931777954,False
925a10025.jpg,0.8961641192436218,False
9260a0595.jpg,0.5482140183448792,True
927652547.jpg,0.9010853171348572,False
927a27586.jpg,0.4802151620388031,False
927a27586.jpg,0.4666702151298523,False
927a27586.jpg,0.4411012530326843,True
927a27586.jpg,0.430745393037796,False
927a27586.jpg,0.1289659738540649,True
927a27586.jpg,0.128001794219017,True
92af1c5c1.jpg,0.8712727427482605,False
92af1c5c1.jpg,0.3241280019283294,False
92af1c5c1.jpg,0.3067202568054199,False
92b3cc6e3.jpg,0.0803575366735458,True
92bfbcf50.jpg,0.3253769278526306,False
92bfbcf50.jpg,0.2663761079311371,False
92bfbcf50.jpg,0.1128434613347053,False
92bfbcf50.jpg,0.072442777454853,True
92bfbcf50.jpg,0.0653808787465095,True
92bfbcf50.jpg,0.0609076134860515,True
92bfbcf50.jpg,0.0586330033838748,True
92bfbcf50.jpg,0.0554521903395652,True
92e550c1b.jpg,0.3869095742702484,False
92e550c1b.jpg,0.125883400440216,False
92ee3ad54.jpg,0.6622998714447021,False
92ee3ad54.jpg,0.6599904298782349,False
92ee3ad54.jpg,0.574508547782898,False
92ee3ad54.jpg,0.5639486312866211,False
92ee3ad54.jpg,0.3987545073032379,False
92ee3ad54.jpg,0.2344993352890014,False
92ee3ad54.jpg,0.1764427572488784,False
92ee3ad54.jpg,0.1176551654934883,False
92ee3ad54.jpg,0.1049199923872947,False
92ee3ad54.jpg,0.0754373222589492,False
92ee3ad54.jpg,0.0588171146810054,False
92f3f28f5.jpg,0.8049960136413574,False
92f3f28f5.jpg,0.6697100400924683,False
92f3f28f5.jpg,0.6605181097984314,False
92f3f28f5.jpg,0.3723206520080566,True
92f3f28f5.jpg,0.319975197315216,False
92f3f28f5.jpg,0.2865005433559418,True
92f3f28f5.jpg,0.2125633805990219,False
92f3f28f5.jpg,0.2021224051713943,True
92f3f28f5.jpg,0.1594481766223907,True
92f3f28f5.jpg,0.127422034740448,False
92f3f28f5.jpg,0.0931687727570533,False
92f3f28f5.jpg,0.0779245346784591,True
931a0f826.jpg,0.4038804471492767,False
931a0f826.jpg,0.2201377302408218,False
931a0f826.jpg,0.0504689961671829,True
9326704a8.jpg,0.7986920475959778,False
9329c24f2.jpg,0.5479701161384583,False
9329c24f2.jpg,0.5149387717247009,False
9329c24f2.jpg,0.4761203229427337,False
9329c24f2.jpg,0.4760429561138153,False
9329c24f2.jpg,0.4405094385147095,False
9329c24f2.jpg,0.275841623544693,False
9329c24f2.jpg,0.2714930772781372,False
9329c24f2.jpg,0.2456756830215454,True
9329c24f2.jpg,0.1447424888610839,True
9329c24f2.jpg,0.1336950808763504,False
9329c24f2.jpg,0.1280892044305801,False
9329c24f2.jpg,0.0891068205237388,False
9329c24f2.jpg,0.0843820944428443,False
9329c24f2.jpg,0.0765893831849098,False
9329c24f2.jpg,0.0745436996221542,False
9329c24f2.jpg,0.0631909668445587,False
9329c24f2.jpg,0.0631766021251678,False
9329c24f2.jpg,0.0618841759860515,True
9329c24f2.jpg,0.0576314628124237,False
9329c24f2.jpg,0.0552298352122306,True
9330cc637.jpg,0.8274055123329163,False
9330cc637.jpg,0.4104654788970947,True
9330cc637.jpg,0.0567475073039531,True
933c52789.jpg,0.733328640460968,False
933c52789.jpg,0.4385344982147217,False
933c52789.jpg,0.4014767110347748,False
933c52789.jpg,0.2083756774663925,True
933c52789.jpg,0.1894086897373199,False
933c52789.jpg,0.1327408850193023,True
933c52789.jpg,0.1013171151280403,True
933c52789.jpg,0.0784248784184455,True
933c52789.jpg,0.0536365397274494,True
93489bd03.jpg,0.5444337129592896,False
93489bd03.jpg,0.4596997201442718,True
93489bd03.jpg,0.0901087149977684,True
93489bd03.jpg,0.072362370789051,True
93489bd03.jpg,0.0662734732031822,False
93489bd03.jpg,0.0506213344633579,True
935944f67.jpg,0.8218873739242554,True
935944f67.jpg,0.7594029903411865,False
935d1bfc4.jpg,0.708489179611206,False
935d1bfc4.jpg,0.5575620532035828,False
935d1bfc4.jpg,0.3316038250923157,False
935d1bfc4.jpg,0.2012921869754791,True
935d1bfc4.jpg,0.1911681443452835,False
935d1bfc4.jpg,0.175887182354927,True
935d1bfc4.jpg,0.1036727875471115,True
935d1bfc4.jpg,0.0965445414185524,True
935d1bfc4.jpg,0.0907407999038696,True
935d1bfc4.jpg,0.0906146317720413,True
935d1bfc4.jpg,0.0764656439423561,True
935d1bfc4.jpg,0.0639694854617118,True
935d1bfc4.jpg,0.0589668042957782,True
935d1bfc4.jpg,0.0561578124761581,True
935d1bfc4.jpg,0.0554657541215419,True
936b0a0cc.jpg,0.7834797501564026,False
936b0a0cc.jpg,0.4609872102737427,False
936b0a0cc.jpg,0.3003919124603271,False
936b0a0cc.jpg,0.216370940208435,False
936b0a0cc.jpg,0.2147992402315139,False
936b0a0cc.jpg,0.1819928139448166,False
936b0a0cc.jpg,0.1022091060876846,False
936b0a0cc.jpg,0.0787495225667953,True
9370c6f45.jpg,0.8886862397193909,False
9370c6f45.jpg,0.063327245414257,True
9373e920d.jpg,0.5703505277633667,False
9373e920d.jpg,0.3514125645160675,False
9373e920d.jpg,0.1879190504550933,False
9373e920d.jpg,0.0547195188701152,False
93757e13c.jpg,0.8706260323524475,False
93757e13c.jpg,0.7132819294929504,True
93757e13c.jpg,0.1645240783691406,True
93757e13c.jpg,0.1139321103692054,True
93757e13c.jpg,0.0946580842137336,True
93757e13c.jpg,0.0737655982375145,True
93acc1f54.jpg,0.8649865984916687,False
93b2fb900.jpg,0.4415925741195678,False
93b2fb900.jpg,0.0918087735772132,False
93c511cde.jpg,0.8977662324905396,False
93c86a6ce.jpg,0.9244193434715272,False
93c86a6ce.jpg,0.2817440032958984,True
93c86a6ce.jpg,0.1693172007799148,True
93c86a6ce.jpg,0.1081480160355568,True
93e0cf198.jpg,0.3552347123622894,False
93e0cf198.jpg,0.2170348316431045,False
93e0cf198.jpg,0.08016999065876,True
93e0cf198.jpg,0.0763478055596351,True
93e0cf198.jpg,0.0648622289299964,False
93e0cf198.jpg,0.0615631751716136,True
93e0cf198.jpg,0.0536970384418964,True
93eec77e5.jpg,0.7199646830558777,False
93f0cd2f3.jpg,0.9352210164070128,False
941ef85cd.jpg,0.886245608329773,False
942665070.jpg,0.9603008031845092,False
94387ad31.jpg,0.58138108253479,False
94387ad31.jpg,0.192860260605812,False
94387ad31.jpg,0.0595215819776058,False
94473ba3b.jpg,0.8949863910675049,False
946c70418.jpg,0.3673606812953949,False
946c70418.jpg,0.1973048597574234,False
946c70418.jpg,0.1037299633026123,True
946c70418.jpg,0.0992519557476043,True
946c70418.jpg,0.0662837475538253,True
946c70418.jpg,0.0536747239530086,True
946e29cae.jpg,0.8601359128952026,False
94866f627.jpg,0.7083914279937744,False
94866f627.jpg,0.0556957051157951,True
94866f627.jpg,0.0511827692389488,True
948a43700.jpg,0.8042149543762207,False
948a43700.jpg,0.6610078811645508,True
948a43700.jpg,0.205484464764595,True
948a43700.jpg,0.1659792959690094,True
948a43700.jpg,0.1530584096908569,True
948a43700.jpg,0.0865700170397758,True
948aea154.jpg,0.4041423499584198,True
948aea154.jpg,0.3301796615123749,False
948aea154.jpg,0.2216165214776992,False
948aea154.jpg,0.0773684009909629,True
948aea154.jpg,0.0716962665319442,True
949ec8c8f.jpg,0.3035560548305511,False
949ec8c8f.jpg,0.2948912978172302,False
949ec8c8f.jpg,0.2851194739341736,False
949ec8c8f.jpg,0.1761884093284607,False
949ec8c8f.jpg,0.0922042429447174,False
94beb35a9.jpg,0.9144307374954224,False
94beb35a9.jpg,0.8715041279792786,False
94cae18c9.jpg,0.1251794844865799,False
94e0aeb64.jpg,0.3976327180862427,False
94e0aeb64.jpg,0.2374714314937591,False
94e1c5723.jpg,0.8014565706253052,False
94f4dd434.jpg,0.4310955107212066,False
951012287.jpg,0.4707128703594208,False
951012287.jpg,0.4584102630615234,False
951012287.jpg,0.4498787820339203,False
951012287.jpg,0.4437896609306335,False
951012287.jpg,0.417079359292984,False
951012287.jpg,0.395707905292511,False
951012287.jpg,0.3616101145744324,False
951012287.jpg,0.3407940864562988,False
951012287.jpg,0.3312877714633941,False
951012287.jpg,0.3264672458171844,False
951012287.jpg,0.2323924750089645,False
951012287.jpg,0.2170486599206924,False
951012287.jpg,0.2119595110416412,False
951012287.jpg,0.2109621912240982,False
951012287.jpg,0.2066777795553207,False
951012287.jpg,0.1798970699310302,False
951012287.jpg,0.1589614152908325,False
951012287.jpg,0.1433188617229461,False
951012287.jpg,0.1307035982608795,False
951012287.jpg,0.114745020866394,False
951012287.jpg,0.1074376627802848,False
951012287.jpg,0.1054069623351097,False
951012287.jpg,0.0574998669326305,False
95107c1f4.jpg,0.7388777732849121,False
951826911.jpg,0.6288869380950928,False
952a07a5d.jpg,0.8715274930000305,False
952e1b767.jpg,0.8691249489784241,False
952e1b767.jpg,0.6490659713745117,False
952e1b767.jpg,0.4465523362159729,False
952e1b767.jpg,0.2297612726688385,False
952e1b767.jpg,0.1699133068323135,False
952e1b767.jpg,0.1234670877456665,False
952e1b767.jpg,0.0846422910690307,True
952e1b767.jpg,0.0683496668934822,True
9540a73fa.jpg,0.8746548891067505,False
9540a73fa.jpg,0.5370610356330872,False
9540a73fa.jpg,0.3657001852989197,False
9540a73fa.jpg,0.3344990909099579,False
9540a73fa.jpg,0.292668342590332,False
9540a73fa.jpg,0.2463544011116027,False
9540a73fa.jpg,0.167915791273117,False
9540a73fa.jpg,0.0932037383317947,False
9540a73fa.jpg,0.0654146522283554,False
9540a73fa.jpg,0.0645992457866668,False
9540a73fa.jpg,0.0610452219843864,False
9540a73fa.jpg,0.0518126115202903,False
9554dadc3.jpg,0.7705111503601074,False
9554dadc3.jpg,0.5343665480613708,False
9554dadc3.jpg,0.3773331642150879,False
9554dadc3.jpg,0.3562771379947662,False
9554dadc3.jpg,0.2660324871540069,False
9554dadc3.jpg,0.2001013308763504,False
9554dadc3.jpg,0.1784454882144928,False
9554dadc3.jpg,0.1502707451581955,False
9554dadc3.jpg,0.1274475306272506,True
9554dadc3.jpg,0.0743376761674881,False
9554dadc3.jpg,0.0675070881843566,False
9554dadc3.jpg,0.0534400083124637,True
955f86d96.jpg,0.8964068293571472,False
955f86d96.jpg,0.8861734867095947,False
955f86d96.jpg,0.0861406475305557,True
9563398ea.jpg,0.981261134147644,False
9569b0c16.jpg,0.8732088208198547,False
9569b0c16.jpg,0.8165507316589355,False
9569b0c16.jpg,0.5343536138534546,False
9569b0c16.jpg,0.3127874433994293,False
9569b0c16.jpg,0.1666107773780822,False
9573080ae.jpg,0.8553264141082764,False
9573080ae.jpg,0.844821035861969,False
9573080ae.jpg,0.7893959879875183,False
9573080ae.jpg,0.4928184747695923,True
9573080ae.jpg,0.3240377604961395,True
9573080ae.jpg,0.1902608573436737,True
9573080ae.jpg,0.1451412737369537,True
9573080ae.jpg,0.1176876500248909,True
9573080ae.jpg,0.086533635854721,True
9573080ae.jpg,0.0526290908455848,False
9573eb32d.jpg,0.679186999797821,False
95940e5b9.jpg,0.8856965899467468,False
95940e5b9.jpg,0.2178800851106643,True
95940e5b9.jpg,0.1370610296726226,True
95940e5b9.jpg,0.0756490901112556,True
95940e5b9.jpg,0.0633416846394538,True
95940e5b9.jpg,0.0567721650004386,True
959a48460.jpg,0.3539908826351166,False
959a48460.jpg,0.1395281255245208,False
959a48460.jpg,0.1253158301115036,False
95a57ed06.jpg,0.0629052221775055,False
95b1243c7.jpg,0.8174545168876648,False
95b1243c7.jpg,0.4494141340255737,False
95b1243c7.jpg,0.2324254959821701,False
95b1243c7.jpg,0.1099886000156402,False
95cb378f6.jpg,0.2412326782941818,False
95cb378f6.jpg,0.1993699520826339,False
95cb378f6.jpg,0.1390802860260009,False
95d9087f6.jpg,0.7480748891830444,False
95e3b06bf.jpg,0.883529782295227,False
95e677479.jpg,0.8454211950302124,False
95e677479.jpg,0.5669401288032532,False
95e677479.jpg,0.1661466360092163,False
95fd78503.jpg,0.8432796597480774,False
95fd78503.jpg,0.5698497295379639,False
95fd78503.jpg,0.4584476947784424,False
95fd78503.jpg,0.0820249766111373,True
95fd78503.jpg,0.0786222070455551,True
95fd78503.jpg,0.0646663531661033,True
96049baca.jpg,0.5493571758270264,False
960514723.jpg,0.5977988839149475,True
960514723.jpg,0.5918962359428406,False
960514723.jpg,0.4246495068073272,False
960514723.jpg,0.2728364169597626,True
960514723.jpg,0.2172541320323944,True
960514723.jpg,0.2091012597084045,False
960514723.jpg,0.1706062108278274,False
960514723.jpg,0.1624642312526703,False
960514723.jpg,0.1597997844219207,False
960514723.jpg,0.1418937593698501,True
960514723.jpg,0.1263634860515594,False
960514723.jpg,0.0923068523406982,True
960514723.jpg,0.0755760967731475,False
960514723.jpg,0.0621964856982231,True
960514723.jpg,0.0599480532109737,True
960514723.jpg,0.0583031252026557,True
9614bdf34.jpg,0.7111048698425293,False
9614bdf34.jpg,0.5555354356765747,False
9614bdf34.jpg,0.1160531416535377,False
962299ce4.jpg,0.8228797316551208,False
962299ce4.jpg,0.6387825012207031,False
963a81be4.jpg,0.8437225222587585,False
963a81be4.jpg,0.3592309653759002,True
963a81be4.jpg,0.3289737999439239,False
963a81be4.jpg,0.2206476777791977,False
963a81be4.jpg,0.0563883632421493,False
963ff8592.jpg,0.3327637910842895,False
963ff8592.jpg,0.2919038236141205,False
963ff8592.jpg,0.0748078599572181,False
9643a7a2b.jpg,0.8688487410545349,False
96454286b.jpg,0.6785364747047424,False
965865790.jpg,0.8293550610542297,False
966ba17f4.jpg,0.9198770523071288,False
966ba17f4.jpg,0.7557490468025208,False
966ba17f4.jpg,0.1010263413190841,True
966ba17f4.jpg,0.0643034428358078,True
966ba17f4.jpg,0.0531321242451667,True
967e60dff.jpg,0.9221929907798768,False
96ab83467.jpg,0.8320156335830688,False
96ae5bd01.jpg,0.2044916450977325,False
96ae5bd01.jpg,0.1043761223554611,False
96ae5bd01.jpg,0.0885387063026428,False
96b50ad71.jpg,0.574893057346344,False
96b699a48.jpg,0.9034137725830078,False
96b699a48.jpg,0.9007898569107056,False
96c1d0f74.jpg,0.3093477785587311,False
96c1d0f74.jpg,0.2972770631313324,False
96c1d0f74.jpg,0.1224184110760688,False
96db61143.jpg,0.9190039038658142,False
96edddec9.jpg,0.8324889540672302,False
96edddec9.jpg,0.8222261667251587,False
96edddec9.jpg,0.7916698455810547,False
96edddec9.jpg,0.6224954128265381,False
96edddec9.jpg,0.4949378073215484,True
96edddec9.jpg,0.4293686151504516,True
96edddec9.jpg,0.425845593214035,True
96edddec9.jpg,0.4191678464412689,True
96edddec9.jpg,0.4087606966495514,True
96edddec9.jpg,0.3832813501358032,True
96edddec9.jpg,0.36087366938591,True
96edddec9.jpg,0.3104025721549988,True
96edddec9.jpg,0.1695026457309723,False
96edddec9.jpg,0.1655956953763961,True
96edddec9.jpg,0.0890944302082061,True
96edddec9.jpg,0.0749043822288513,True
96edddec9.jpg,0.0664873421192169,True
96edddec9.jpg,0.0655181929469108,False
9700c2b56.jpg,0.4037686288356781,False
9700c2b56.jpg,0.288596510887146,False
9700c2b56.jpg,0.0637210831046104,True
9701c64fd.jpg,0.6487501859664917,False
970291f86.jpg,0.9052490592002868,False
970291f86.jpg,0.7638261318206787,True
970291f86.jpg,0.1552404165267944,True
970291f86.jpg,0.1211700737476348,True
970291f86.jpg,0.0982062295079231,True
9710d6f81.jpg,0.485228568315506,True
9710d6f81.jpg,0.3219580054283142,True
9710d6f81.jpg,0.2478997409343719,False
9710d6f81.jpg,0.2327066659927368,True
9710d6f81.jpg,0.1183125525712966,False
9710d6f81.jpg,0.1162697300314903,True
9710d6f81.jpg,0.0620026849210262,True
9710d6f81.jpg,0.0594594255089759,True
9711af315.jpg,0.3582256734371185,False
9711af315.jpg,0.0716821104288101,False
9711af315.jpg,0.0558862313628196,False
9716875b9.jpg,0.6961808204650879,False
9716875b9.jpg,0.6899755597114563,False
9716875b9.jpg,0.639323353767395,False
9716875b9.jpg,0.6203070878982544,False
9716875b9.jpg,0.2682310044765472,False
9716875b9.jpg,0.2431797981262207,False
9716875b9.jpg,0.1073177829384803,False
9716875b9.jpg,0.0544197000563144,False
9716875b9.jpg,0.0503042452037334,True
971a6b0d5.jpg,0.91400945186615,False
971a6b0d5.jpg,0.8856387138366699,False
971a6b0d5.jpg,0.8254469037055969,False
971a6b0d5.jpg,0.0677390992641449,True
97285a1b9.jpg,0.5793102383613586,True
97285a1b9.jpg,0.1432680934667587,False
97285a1b9.jpg,0.0584065988659858,False
9759c2eae.jpg,0.3969725370407104,False
9759c2eae.jpg,0.223589226603508,False
9759c2eae.jpg,0.2043845504522323,False
975ae1404.jpg,0.4507807493209839,False
975ae1404.jpg,0.0613259710371494,False
9761c978a.jpg,0.8682873845100403,False
976a0ca8d.jpg,0.8857335448265076,False
97766d082.jpg,0.4222106635570526,False
97766d082.jpg,0.1647275537252426,False
97766d082.jpg,0.0942076221108436,False
977f4e995.jpg,0.7494101524353027,False
97a2e4018.jpg,0.8949166536331177,False
97a2e4018.jpg,0.6661462783813477,True
97a2e4018.jpg,0.6598744988441467,True
97a2e4018.jpg,0.6595450043678284,False
97a2e4018.jpg,0.637691855430603,True
97a2e4018.jpg,0.5973764657974243,True
97a2e4018.jpg,0.5522997975349426,False
97a2e4018.jpg,0.4838498830795288,False
97a2e4018.jpg,0.3893180787563324,False
97a2e4018.jpg,0.3370612561702728,True
97a2e4018.jpg,0.3253270983695984,True
97a2e4018.jpg,0.2630908191204071,True
97a2e4018.jpg,0.245677575469017,False
97a2e4018.jpg,0.2134926915168762,True
97a2e4018.jpg,0.1984282881021499,True
97a2e4018.jpg,0.1764329224824905,True
97a2e4018.jpg,0.158291220664978,False
97a2e4018.jpg,0.1230563819408416,True
97a2e4018.jpg,0.1033588275313377,False
97a2e4018.jpg,0.0969400480389595,True
97a2e4018.jpg,0.0966465771198272,False
97a2e4018.jpg,0.0906716957688331,True
97a2e4018.jpg,0.089018814265728,True
97a2e4018.jpg,0.0887035131454467,False
97a2e4018.jpg,0.0806494429707527,True
97a2e4018.jpg,0.0766917020082473,True
97a2e4018.jpg,0.0624766424298286,True
97a2e4018.jpg,0.0618016012012958,False
97a2e4018.jpg,0.0578432008624076,True
97b01cb5f.jpg,0.3755620718002319,False
97b01cb5f.jpg,0.0967584177851677,False
97b01cb5f.jpg,0.0853511318564415,False
97b4b4560.jpg,0.5037857890129089,False
97b4b4560.jpg,0.4038647413253784,False
97b4b4560.jpg,0.2384133785963058,False
97b4b4560.jpg,0.2129252552986145,False
97b4b4560.jpg,0.1273538619279861,True
97b4b4560.jpg,0.0723845139145851,True
97bc6c626.jpg,0.483056366443634,False
97bc6c626.jpg,0.215811014175415,False
97c24d8ad.jpg,0.874163806438446,False
97c695d37.jpg,0.8785362243652344,False
97c695d37.jpg,0.8624425530433655,False
97c695d37.jpg,0.8384509682655334,False
97c695d37.jpg,0.719355046749115,False
97c695d37.jpg,0.7161757349967957,False
97c695d37.jpg,0.6963343024253845,False
97c695d37.jpg,0.512820303440094,False
981a98427.jpg,0.5272238254547119,False
981a98427.jpg,0.3281622231006622,True
981a98427.jpg,0.2364719808101654,False
981a98427.jpg,0.152590274810791,False
981a98427.jpg,0.1278546005487442,True
981a98427.jpg,0.1185564920306205,False
981a98427.jpg,0.0777085870504379,False
981a98427.jpg,0.0603569522500038,True
981a98427.jpg,0.0578766018152236,False
982d2f225.jpg,0.540748119354248,True
9839ae565.jpg,0.8725076913833618,False
9867e68e8.jpg,0.8350633382797241,False
9867e68e8.jpg,0.6287356019020081,False
9867e68e8.jpg,0.6053679585456848,False
9867e68e8.jpg,0.5062346458435059,False
9867e68e8.jpg,0.0695057734847068,True
9868a54cd.jpg,0.2839318215847015,False
9868a54cd.jpg,0.2440942972898483,False
9868a54cd.jpg,0.2024494260549545,False
9868a54cd.jpg,0.0842819362878799,True
9868a54cd.jpg,0.0720401629805564,False
98a96fb09.jpg,0.7273901104927063,False
98a9c7c77.jpg,0.4325060844421386,True
98a9c7c77.jpg,0.3517664074897766,False
98a9c7c77.jpg,0.225224032998085,False
98a9c7c77.jpg,0.1285801529884338,False
98aedefbe.jpg,0.896115779876709,False
98b3ec19a.jpg,0.9198569655418396,False
98b3ec19a.jpg,0.1855091154575348,True
98b3ec19a.jpg,0.1361441612243652,True
98b3ec19a.jpg,0.0937889888882637,True
98b3ec19a.jpg,0.0548236891627311,True
98c877bdb.jpg,0.7850639224052429,False
98c877bdb.jpg,0.113047070801258,True
98cec26da.jpg,0.8399032950401306,False
98f4d7e90.jpg,0.7915627360343933,False
98fa9ded4.jpg,0.6975215673446655,False
98fa9ded4.jpg,0.3561935722827911,False
98fa9ded4.jpg,0.2678712606430053,False
98fa9ded4.jpg,0.2212072312831878,False
98fc30e7a.jpg,0.5176368355751038,False
98fc30e7a.jpg,0.4245347380638122,False
992c4184d.jpg,0.3870222270488739,False
992e504a2.jpg,0.4579521417617798,False
992e504a2.jpg,0.3775480985641479,False
992e504a2.jpg,0.3538240492343902,False
992e504a2.jpg,0.3369994759559631,False
992e504a2.jpg,0.2574121654033661,True
992e504a2.jpg,0.2243079096078872,False
992e504a2.jpg,0.2009368687868118,False
992e504a2.jpg,0.1820268034934997,False
992e504a2.jpg,0.1591954529285431,False
992e504a2.jpg,0.1489965319633484,False
992e504a2.jpg,0.0988733619451522,False
992e504a2.jpg,0.0983420386910438,False
992e504a2.jpg,0.0821807608008384,True
992e504a2.jpg,0.0796210914850235,True
992e504a2.jpg,0.0664659067988395,False
992e504a2.jpg,0.063207171857357,True
992e504a2.jpg,0.0629988610744476,True
993132f27.jpg,0.3507333695888519,False
993132f27.jpg,0.0523975230753421,False
99356862f.jpg,0.6459774971008301,False
99356862f.jpg,0.2484335750341415,False
99356862f.jpg,0.0826356187462806,False
996d335f2.jpg,0.9057425260543824,False
996d335f2.jpg,0.0610016398131847,True
9988be79a.jpg,0.8722625970840454,False
9988be79a.jpg,0.0531822182238101,True
998bea684.jpg,0.864953875541687,False
99a1a95c0.jpg,0.8639094233512878,False
99c01ba48.jpg,0.928930640220642,False
99d552cd3.jpg,0.720762312412262,False
99d552cd3.jpg,0.2361878901720047,False
99d552cd3.jpg,0.0532195679843425,True
99da5a016.jpg,0.7559306025505066,False
99da5a016.jpg,0.5791321992874146,False
99db4043d.jpg,0.5476883053779602,False
99db4043d.jpg,0.5169307589530945,False
99db4043d.jpg,0.1051585674285888,False
99db4043d.jpg,0.0799851492047309,False
99e084a60.jpg,0.8709449172019958,False
99e084a60.jpg,0.1059616580605506,True
99e084a60.jpg,0.1030205562710762,True
99e084a60.jpg,0.0995064452290535,True
99e084a60.jpg,0.086629495024681,True
99e084a60.jpg,0.0806886255741119,True
99e084a60.jpg,0.0772449001669883,True
99e084a60.jpg,0.057531788945198,True
99ee2feca.jpg,0.841339647769928,False
99ee2feca.jpg,0.790347695350647,False
99ee2feca.jpg,0.7642265558242798,False
9a10d91e2.jpg,0.3389223217964172,False
9a10d91e2.jpg,0.2496687173843383,False
9a10d91e2.jpg,0.1869036704301834,False
9a10d91e2.jpg,0.1365105062723159,False
9a10d91e2.jpg,0.0523663014173507,False
9a11118f2.jpg,0.9032175540924072,False
9a11118f2.jpg,0.5234748721122742,False
9a11118f2.jpg,0.2882410585880279,False
9a11118f2.jpg,0.2012383043766021,False
9a11118f2.jpg,0.0981882885098457,False
9a11118f2.jpg,0.0808427631855011,False
9a11118f2.jpg,0.0517971999943256,False
9a1fd6648.jpg,0.5816553831100464,False
9a245f0fd.jpg,0.7086908221244812,False
9a245f0fd.jpg,0.115181379020214,True
9a245f0fd.jpg,0.0793299749493599,False
9a29ae326.jpg,0.865304708480835,False
9a29ae326.jpg,0.6256116628646851,False
9a29ae326.jpg,0.3786636888980865,False
9a29ae326.jpg,0.056325189769268,False
9a306dc35.jpg,0.4976427853107452,False
9a306dc35.jpg,0.4909856617450714,False
9a306dc35.jpg,0.3288953602313995,False
9a306dc35.jpg,0.3069341778755188,False
9a306dc35.jpg,0.1816416829824447,False
9a306dc35.jpg,0.1594342440366745,False
9a306dc35.jpg,0.1577987074851989,False
9a306dc35.jpg,0.1515484005212783,False
9a306dc35.jpg,0.1207304671406745,True
9a306dc35.jpg,0.1150815859436988,False
9a306dc35.jpg,0.0994912311434745,False
9a306dc35.jpg,0.0686523094773292,False
9a306dc35.jpg,0.0500090606510639,True
9a3eee026.jpg,0.8334724307060242,False
9a3eee026.jpg,0.2950893342494964,False
9a3eee026.jpg,0.0954972207546234,True
9a4162f27.jpg,0.8897167444229126,False
9a554a5fc.jpg,0.2854988873004913,False
9a554a5fc.jpg,0.2157227396965026,False
9a554a5fc.jpg,0.1397095769643783,True
9a554a5fc.jpg,0.1356429606676101,True
9a554a5fc.jpg,0.1245753020048141,True
9a554a5fc.jpg,0.1191225871443748,True
9a554a5fc.jpg,0.0768823251128196,True
9a554a5fc.jpg,0.0646049454808235,True
9a554a5fc.jpg,0.0604820102453231,True
9a554a5fc.jpg,0.0582791790366172,True
9a554a5fc.jpg,0.0540335960686206,True
9a554a5fc.jpg,0.0538923218846321,True
9a623293f.jpg,0.7728668451309204,False
9a623293f.jpg,0.498416930437088,False
9a623293f.jpg,0.1068413853645324,False
9a623293f.jpg,0.0986204370856285,False
9a623293f.jpg,0.0653513669967651,True
9a66c450a.jpg,0.4156232178211212,False
9a66c450a.jpg,0.2749335765838623,False
9a66c450a.jpg,0.1539633125066757,True
9a6fa942c.jpg,0.8606019020080566,False
9a6fa942c.jpg,0.8232227563858032,False
9a6fa942c.jpg,0.7662586569786072,False
9a6fa942c.jpg,0.6581310629844666,False
9a7ae04eb.jpg,0.8726503252983093,False
9a7ae04eb.jpg,0.8568451404571533,False
9a7ae04eb.jpg,0.7545382976531982,True
9a7ae04eb.jpg,0.064036875963211,True
9a8e0d869.jpg,0.3362382650375366,False
9a8e0d869.jpg,0.3128611445426941,False
9a8e0d869.jpg,0.1163423582911491,False
9a8e0d869.jpg,0.0576282255351543,True
9a91ce9be.jpg,0.4237588942050934,False
9a91ce9be.jpg,0.2485565394163131,False
9a91ce9be.jpg,0.1311332285404205,False
9a91ce9be.jpg,0.0545799322426319,False
9a9d7d62d.jpg,0.8202664852142334,False
9a9d7d62d.jpg,0.4633226096630096,False
9a9d7d62d.jpg,0.2318557500839233,False
9a9d7d62d.jpg,0.0516369417309761,False
9a9dd97e0.jpg,0.5039106607437134,False
9a9dd97e0.jpg,0.2396251708269119,False
9aaa762fb.jpg,0.8868846297264099,False
9abde6f82.jpg,0.5279913544654846,False
9abde6f82.jpg,0.3396888077259063,False
9abde6f82.jpg,0.3225413262844085,True
9abde6f82.jpg,0.1426671296358108,False
9abde6f82.jpg,0.1262809783220291,False
9abde6f82.jpg,0.1005541086196899,False
9abde6f82.jpg,0.0945084244012832,True
9abde6f82.jpg,0.0743049979209899,True
9abde6f82.jpg,0.0742146968841552,True
9abde6f82.jpg,0.0674597099423408,True
9abde6f82.jpg,0.052306443452835,True
9ac3e07ce.jpg,0.3196020126342773,False
9ac3e07ce.jpg,0.2944783270359039,False
9ac3e07ce.jpg,0.0648345574736595,False
9ac3e07ce.jpg,0.0539361275732517,False
9ac3e07ce.jpg,0.0511166341602802,True
9ace38dea.jpg,0.313665360212326,False
9ace38dea.jpg,0.2403923124074936,False
9ace38dea.jpg,0.1911617368459701,False
9ace38dea.jpg,0.1026939302682876,True
9ace38dea.jpg,0.0956720933318138,True
9ace38dea.jpg,0.0644965395331382,False
9adae1ce7.jpg,0.9138538241386414,False
9adae1ce7.jpg,0.4223140478134155,False
9adae1ce7.jpg,0.0567715279757976,True
9ae693e0c.jpg,0.8933292031288147,False
9af77856d.jpg,0.6805334687232971,False
9af77856d.jpg,0.2771540880203247,False
9af77856d.jpg,0.1536116451025009,False
9afe7fc9d.jpg,0.4469619989395141,False
9afe7fc9d.jpg,0.2900605201721191,False
9aff0579f.jpg,0.5208732485771179,True
9aff0579f.jpg,0.2550817131996155,False
9aff0579f.jpg,0.1795963048934936,False
9aff0579f.jpg,0.1538452804088592,True
9aff0579f.jpg,0.1534351706504821,True
9aff0579f.jpg,0.1316328942775726,True
9aff0579f.jpg,0.0754456892609596,True
9aff0579f.jpg,0.0685051679611206,True
9aff0579f.jpg,0.0561973601579666,True
9aff0579f.jpg,0.0531441681087017,True
9b09d5dc3.jpg,0.3313801288604736,True
9b09d5dc3.jpg,0.1905476003885269,True
9b124ac39.jpg,0.3963369131088257,False
9b124ac39.jpg,0.3371665477752685,False
9b124ac39.jpg,0.1068776100873947,False
9b124ac39.jpg,0.0583347044885158,False
9b1ed7098.jpg,0.9001305103302002,False
9b1ed7098.jpg,0.8367167115211487,False
9b2754ced.jpg,0.8929483890533447,False
9b2754ced.jpg,0.8754658699035645,False
9b2754ced.jpg,0.8732649683952332,False
9b2754ced.jpg,0.8224672079086304,False
9b2754ced.jpg,0.8141709566116333,False
9b2754ced.jpg,0.5721182227134705,False
9b296446c.jpg,0.2942744791507721,False
9b2bb1791.jpg,0.632164716720581,False
9b2d517a0.jpg,0.8648217916488647,False
9b2d517a0.jpg,0.7228051424026489,False
9b31caa5f.jpg,0.4672931730747223,False
9b31caa5f.jpg,0.419817715883255,False
9b31caa5f.jpg,0.3248155415058136,True
9b31caa5f.jpg,0.2697227299213409,True
9b31caa5f.jpg,0.2600200176239013,False
9b31caa5f.jpg,0.1905068457126617,True
9b66947b6.jpg,0.4340650737285614,False
9b66947b6.jpg,0.1471850723028183,False
9b83125ba.jpg,0.9236000776290894,False
9b83125ba.jpg,0.9148327112197876,False
9b83125ba.jpg,0.912347674369812,False
9b83125ba.jpg,0.8835641145706177,False
9b83125ba.jpg,0.2049625962972641,True
9b83125ba.jpg,0.0813867598772049,True
9b9e6703e.jpg,0.9125025868415833,False
9b9e6703e.jpg,0.9056783318519592,False
9b9e6703e.jpg,0.8644999861717224,False
9b9e6703e.jpg,0.5515044927597046,False
9b9e6703e.jpg,0.3429977893829345,False
9b9e6703e.jpg,0.1620634496212005,False
9baebd106.jpg,0.3795227408409118,False
9baebd106.jpg,0.2296108603477478,False
9baebd106.jpg,0.1527968198060989,False
9bba328fa.jpg,0.7079886794090271,False
9bba328fa.jpg,0.7031047344207764,False
9bba328fa.jpg,0.6080171465873718,False
9bba328fa.jpg,0.5416547656059265,False
9bba328fa.jpg,0.4978382289409637,False
9bba328fa.jpg,0.477915495634079,False
9bba328fa.jpg,0.306563138961792,False
9bba328fa.jpg,0.199323832988739,True
9bba328fa.jpg,0.1439537107944488,False
9bba328fa.jpg,0.1393736153841018,True
9bba328fa.jpg,0.1135757565498352,False
9bba328fa.jpg,0.1086512207984924,False
9bba328fa.jpg,0.0694870948791503,True
9bba328fa.jpg,0.0694203376770019,False
9bba328fa.jpg,0.0619056820869445,False
9bba328fa.jpg,0.0607737265527248,False
9bba328fa.jpg,0.0532370321452617,False
9bc45db83.jpg,0.5687075257301331,False
9bccca4a6.jpg,0.6463786959648132,False
9bccca4a6.jpg,0.4597179591655731,True
9bccca4a6.jpg,0.3090523183345794,False
9bccca4a6.jpg,0.152531087398529,False
9bccca4a6.jpg,0.1006230860948562,True
9bcfee484.jpg,0.6122711896896362,False
9bcfee484.jpg,0.1749413907527923,False
9bcfee484.jpg,0.1720885336399078,False
9bcfee484.jpg,0.1658553779125213,True
9bcfee484.jpg,0.0820017680525779,True
9bcfee484.jpg,0.0547737404704093,False
9bd387741.jpg,0.8785837888717651,False
9bd387741.jpg,0.8698595762252808,False
9bd387741.jpg,0.8487074971199036,False
9bd387741.jpg,0.3129768669605255,False
9bd387741.jpg,0.2977192103862762,False
9bdd25f0f.jpg,0.8545957207679749,False
9bdd25f0f.jpg,0.0867933109402656,True
9befa51dc.jpg,0.1375812888145446,True
9c0030e2e.jpg,0.844140887260437,False
9c023e3a6.jpg,0.8646589517593384,False
9c023e3a6.jpg,0.5214953422546387,False
9c023e3a6.jpg,0.4705640971660614,False
9c023e3a6.jpg,0.2567642629146576,False
9c023e3a6.jpg,0.1068396121263504,False
9c059c126.jpg,0.802750289440155,False
9c059d9af.jpg,0.3206565380096435,False
9c059d9af.jpg,0.3019325733184814,False
9c059d9af.jpg,0.1664023846387863,True
9c059d9af.jpg,0.0770208090543747,True
9c059d9af.jpg,0.0677243396639823,True
9c059d9af.jpg,0.0593220181763172,True
9c2926b69.jpg,0.2650685608386993,False
9c2926b69.jpg,0.1613868921995163,False
9c2926b69.jpg,0.1067525967955589,False
9c4b93551.jpg,0.3758718967437744,False
9c4b93551.jpg,0.1147057637572288,True
9c505a723.jpg,0.1524440199136734,False
9c505a723.jpg,0.1471205651760101,False
9c5a8d9d4.jpg,0.6976561546325684,False
9c966f3e3.jpg,0.9084789752960204,False
9ca7b1b1d.jpg,0.922278881072998,False
9ca7d5d6d.jpg,0.4173725843429565,False
9ca7d5d6d.jpg,0.1788938194513321,False
9ca7d5d6d.jpg,0.1358594596385955,False
9cae12b2e.jpg,0.8305618166923523,False
9cbe01cd5.jpg,0.6719592809677124,False
9cbe01cd5.jpg,0.4328148663043976,False
9cbe01cd5.jpg,0.3687845468521118,False
9cbe01cd5.jpg,0.3150132298469543,False
9cbe01cd5.jpg,0.2672366201877594,False
9cc932130.jpg,0.5876540541648865,False
9cde56282.jpg,0.2798356711864471,False
9cde56282.jpg,0.2147684395313263,True
9cde56282.jpg,0.1792767792940139,False
9cde56282.jpg,0.0874362215399742,True
9ce6b289c.jpg,0.4334689974784851,True
9ce6b289c.jpg,0.3283036351203918,False
9ce6b289c.jpg,0.0530257411301136,False
9ce7301b7.jpg,0.91043221950531,False
9d0664af5.jpg,0.2219479233026504,True
9d0664af5.jpg,0.1296855509281158,True
9d0664af5.jpg,0.0922182351350784,True
9d1efce28.jpg,0.8852041363716125,False
9d53ecba4.jpg,0.8672287464141846,False
9d53ecba4.jpg,0.8513294458389282,False
9d53ecba4.jpg,0.4519940912723541,False
9d53ecba4.jpg,0.2673321366310119,False
9d5808b0b.jpg,0.273466944694519,False
9d5808b0b.jpg,0.0925527885556221,False
9d5808b0b.jpg,0.0841205939650535,False
9d5808b0b.jpg,0.0687745213508606,False
9d63574a0.jpg,0.8600584268569946,False
9d642a272.jpg,0.8785544037818909,False
9d647cc30.jpg,0.7815622687339783,False
9d74c2150.jpg,0.3239575624465942,False
9d74c2150.jpg,0.0693962499499321,False
9d8cfce03.jpg,0.8656249046325684,False
9d8cfce03.jpg,0.5535054206848145,False
9d8cfce03.jpg,0.2738924324512481,False
9d97024d0.jpg,0.7606225609779358,False
9d97024d0.jpg,0.3905359804630279,False
9d97024d0.jpg,0.2186415195465088,False
9d97024d0.jpg,0.0585680417716503,False
9d9c436e9.jpg,0.839652955532074,False
9d9c436e9.jpg,0.2106048762798309,True
9d9c436e9.jpg,0.0885914042592048,True
9d9c436e9.jpg,0.0721175298094749,True
9dacc90b9.jpg,0.3778036236763,True
9dacc90b9.jpg,0.2797586321830749,True
9dacc90b9.jpg,0.1308767348527908,True
9dbaf1251.jpg,0.2039698809385299,False
9dbaf1251.jpg,0.1805646568536758,False
9dbaf1251.jpg,0.0997955426573753,True
9dbaf1251.jpg,0.0935072153806686,False
9dc8d77e7.jpg,0.8286455273628235,False
9dd3a2c50.jpg,0.7252292037010193,False
9de9bd6d6.jpg,0.8683922290802002,False
9e1f1c5f3.jpg,0.3698445856571197,False
9e1f1c5f3.jpg,0.1330668479204177,False
9e1f1c5f3.jpg,0.0943059772253036,False
9e1f1c5f3.jpg,0.0765912309288978,True
9e1f1c5f3.jpg,0.0677316412329673,False
9e240ca49.jpg,0.9121962785720824,False
9e26fd54e.jpg,0.2657704651355743,False
9e26fd54e.jpg,0.2552766501903534,False
9e26fd54e.jpg,0.2511148452758789,False
9e26fd54e.jpg,0.1185061931610107,False
9e26fd54e.jpg,0.1043063476681709,True
9e2a69e33.jpg,0.3039628565311432,True
9e2a69e33.jpg,0.1979700475931167,False
9e2a69e33.jpg,0.1645617634057998,False
9e2a69e33.jpg,0.1440985649824142,False
9e2a69e33.jpg,0.1320359855890274,False
9e2a69e33.jpg,0.1223832741379737,False
9e6cfc07c.jpg,0.6112621426582336,False
9e6cfc07c.jpg,0.3414331376552582,True
9e6cfc07c.jpg,0.1779926717281341,True
9e6cfc07c.jpg,0.161676287651062,True
9e6cfc07c.jpg,0.1525868773460388,True
9e6cfc07c.jpg,0.1407391875982284,True
9e6cfc07c.jpg,0.125654399394989,False
9e6cfc07c.jpg,0.1118274554610252,True
9e6cfc07c.jpg,0.1090644299983978,False
9e6cfc07c.jpg,0.079806201159954,True
9e6cfc07c.jpg,0.0716325640678405,True
9e6cfc07c.jpg,0.0595044642686843,True
9e6cfc07c.jpg,0.0524057373404502,True
9e703773e.jpg,0.9097304344177246,False
9e7298d5a.jpg,0.413542628288269,False
9e7298d5a.jpg,0.2753952145576477,True
9e7298d5a.jpg,0.1259064376354217,True
9e7298d5a.jpg,0.1222428604960441,False
9e7298d5a.jpg,0.117003709077835,True
9e7298d5a.jpg,0.0742843225598335,True
9e82413af.jpg,0.7681271433830261,False
9e95cb0ea.jpg,0.7143552303314209,False
9e95cb0ea.jpg,0.5668454170227051,False
9e95cb0ea.jpg,0.1484584361314773,True
9e97ff4fd.jpg,0.4029157757759094,False
9e97ff4fd.jpg,0.3804338872432709,False
9e97ff4fd.jpg,0.3380709290504455,False
9e97ff4fd.jpg,0.2620615065097809,False
9e97ff4fd.jpg,0.2502072155475616,True
9e97ff4fd.jpg,0.0631249994039535,False
9e97ff4fd.jpg,0.0628039389848709,False
9ea6788e4.jpg,0.8761623501777649,False
9eb29b805.jpg,0.8061778545379639,False
9ebe9182d.jpg,0.089289553463459,True
9ebe9182d.jpg,0.0727515220642089,True
9ebe9182d.jpg,0.0571278780698776,True
9ed7ee672.jpg,0.8799108266830444,False
9ed7ee672.jpg,0.8759300708770752,False
9ed7ee672.jpg,0.8431732654571533,False
9ed7ee672.jpg,0.6067651510238647,False
9ed7ee672.jpg,0.4140342772006988,False
9ed7ee672.jpg,0.3656712472438812,False
9ed7ee672.jpg,0.291300505399704,False
9edef8ed8.jpg,0.6885852217674255,False
9ef254a09.jpg,0.7060057520866394,False
9ef254a09.jpg,0.0505217909812927,True
9f1949a42.jpg,0.443872332572937,False
9f1949a42.jpg,0.205284982919693,False
9f1949a42.jpg,0.1606599390506744,True
9f1949a42.jpg,0.1495347619056701,True
9f1949a42.jpg,0.1103062629699707,True
9f1949a42.jpg,0.0966160669922828,True
9f1949a42.jpg,0.0808796137571334,False
9f1949a42.jpg,0.073637954890728,True
9f1949a42.jpg,0.0667422264814376,True
9f1949a42.jpg,0.050173420459032,True
9f5d0a1a0.jpg,0.8998947143554688,False
9f5d0a1a0.jpg,0.5860039591789246,True
9f5d0a1a0.jpg,0.5535159111022949,True
9f5d0a1a0.jpg,0.0798544064164161,True
9f5d0a1a0.jpg,0.0595145560801029,True
9f5d0a1a0.jpg,0.0558642260730266,True
9f617806e.jpg,0.909690260887146,False
9f617806e.jpg,0.329789787530899,True
9f6192719.jpg,0.4405101239681244,False
9f6192719.jpg,0.0721142441034317,False
9f7f732f5.jpg,0.8061923384666443,False
9f7f732f5.jpg,0.5242772698402405,False
9f7f732f5.jpg,0.0564430840313434,True
9f813af39.jpg,0.7733755111694336,False
9f986d090.jpg,0.8360989689826965,False
9f986d090.jpg,0.0744202733039856,True
9f9fe4dbc.jpg,0.7979771494865417,False
9f9fe4dbc.jpg,0.7919219732284546,False
9f9fe4dbc.jpg,0.296406090259552,True
9f9fe4dbc.jpg,0.1370072811841964,True
9f9fe4dbc.jpg,0.0959063470363617,True
9fb50479f.jpg,0.8671340346336365,False
9fc8772e3.jpg,0.8303117156028748,False
9fcd7f82c.jpg,0.8376858830451965,False
9fcd7f82c.jpg,0.7957922220230103,False
9fcd7f82c.jpg,0.7833136320114136,False
9fcd7f82c.jpg,0.7068934440612793,True
9fcd7f82c.jpg,0.6751307249069214,True
9fcd7f82c.jpg,0.6511547565460205,False
9fcd7f82c.jpg,0.6188341975212097,False
9fcd7f82c.jpg,0.594896674156189,False
9fcd7f82c.jpg,0.5911298394203186,False
9fcd7f82c.jpg,0.5846635103225708,True
9fcd7f82c.jpg,0.5265008807182312,False
9fcd7f82c.jpg,0.4431201219558716,False
9fcd7f82c.jpg,0.3934717178344726,False
9fcd7f82c.jpg,0.2563465535640716,False
9fcd7f82c.jpg,0.2431031316518783,True
9fcd7f82c.jpg,0.2170093655586242,False
9fcd7f82c.jpg,0.1801322847604751,False
9fcd7f82c.jpg,0.160693809390068,False
9fcd7f82c.jpg,0.1518822461366653,False
9fcd7f82c.jpg,0.1116998866200447,False
9fcd7f82c.jpg,0.0810794159770011,True
9fcd7f82c.jpg,0.0731722190976142,True
9fcd7f82c.jpg,0.0625167936086654,True
9fcd7f82c.jpg,0.0546811707317829,True
9fcd7f82c.jpg,0.0518138781189918,True
9fcf09144.jpg,0.3623208105564117,False
9fcf09144.jpg,0.1977371126413345,False
9fcf09144.jpg,0.1845819801092147,True
9fcf09144.jpg,0.1686780154705047,False
9fcf09144.jpg,0.1622720062732696,False
9fcf09144.jpg,0.1599642634391784,True
9fcf09144.jpg,0.1069607883691787,True
9fcf09144.jpg,0.0957692861557006,True
9fcf09144.jpg,0.0866348147392273,True
9fcf09144.jpg,0.0819128528237342,False
9fcf09144.jpg,0.0734425783157348,True
9fcf09144.jpg,0.0642519891262054,True
9fcf09144.jpg,0.0595343969762325,True
9fcf09144.jpg,0.0593830198049545,False
9fcf09144.jpg,0.0554504916071891,True
9fcf09144.jpg,0.0527705736458301,True
9fd5ffab8.jpg,0.8656477332115173,False
9fd6d4956.jpg,0.868894100189209,False
9fd6d4956.jpg,0.7807021737098694,False
9fe7f5ea5.jpg,0.9036651849746704,False
9fede37b6.jpg,0.7835234999656677,False
9fede37b6.jpg,0.2130788564682006,True
9fede37b6.jpg,0.156954675912857,True
9fede37b6.jpg,0.1324388235807418,True
9fede37b6.jpg,0.0892982482910156,True
9fede37b6.jpg,0.0733469724655151,True
9fede37b6.jpg,0.0622269958257675,True
9fede37b6.jpg,0.0613084025681018,True
9fede37b6.jpg,0.0608374774456024,True
9fede37b6.jpg,0.0600044168531894,True
9fff9d6e5.jpg,0.3790546357631683,True
9fff9d6e5.jpg,0.3179612755775451,False
9fff9d6e5.jpg,0.1453744024038314,True
a00e7e4dd.jpg,0.753015398979187,False
a00e7e4dd.jpg,0.6842840909957886,False
a00e7e4dd.jpg,0.6566212773323059,False
a00e7e4dd.jpg,0.5455828309059143,False
a00e7e4dd.jpg,0.2076489329338073,True
a00e7e4dd.jpg,0.1457068473100662,False
a00e7e4dd.jpg,0.0997341945767402,False
a00e7e4dd.jpg,0.0709178000688552,True
a00e7e4dd.jpg,0.0596344284713268,True
a035135f0.jpg,0.921687126159668,False
a042932b8.jpg,0.4326386749744415,False
a042932b8.jpg,0.2874351441860199,False
a04681f48.jpg,0.0904253348708152,True
a04681f48.jpg,0.0547135211527347,True
a04d82b6c.jpg,0.8013050556182861,False
a04d82b6c.jpg,0.4926606714725494,False
a04d82b6c.jpg,0.2248367518186569,True
a04d82b6c.jpg,0.1798988282680511,True
a04d82b6c.jpg,0.1764205247163772,True
a04d82b6c.jpg,0.0789441913366317,True
a04d82b6c.jpg,0.0637697130441665,True
a077529df.jpg,0.8847239017486572,False
a07992ba2.jpg,0.8704089522361755,False
a089b45f0.jpg,0.8062527775764465,False
a089b45f0.jpg,0.0906015858054161,False
a08d5e278.jpg,0.822925329208374,False
a08d5e278.jpg,0.7081703543663025,False
a08d5e278.jpg,0.6995808482170105,True
a08d5e278.jpg,0.6258459687232971,False
a08d5e278.jpg,0.534798800945282,False
a08d5e278.jpg,0.4570315182209015,True
a08d5e278.jpg,0.2871036827564239,False
a08d5e278.jpg,0.2552685141563415,False
a09ebdb2a.jpg,0.8945547938346863,False
a0ad2b2c0.jpg,0.4146254658699035,False
a0ad2b2c0.jpg,0.1031862497329711,False
a0ad2b2c0.jpg,0.067423403263092,False
a0bf5e176.jpg,0.8742220401763916,False
a0bf5e176.jpg,0.7516314387321472,False
a0bf5e176.jpg,0.5349859595298767,False
a0d2a2993.jpg,0.0918629020452499,False
a0d96b1b8.jpg,0.8139116168022156,False
a0d96b1b8.jpg,0.5731213688850403,False
a0d96b1b8.jpg,0.2782284021377563,True
a0d96b1b8.jpg,0.2487839013338089,False
a0d96b1b8.jpg,0.1769365072250366,False
a0d96b1b8.jpg,0.1407480686903,True
a0d96b1b8.jpg,0.1191724240779876,True
a0d96b1b8.jpg,0.1161994338035583,True
a0d96b1b8.jpg,0.1040092259645462,False
a0d96b1b8.jpg,0.0810718089342117,True
a0d96b1b8.jpg,0.0780213773250579,False
a0d96b1b8.jpg,0.0711171850562095,True
a0d96b1b8.jpg,0.0565724298357963,True
a0d96b1b8.jpg,0.0549905933439731,False
a111ed0bc.jpg,0.4156889915466308,False
a111ed0bc.jpg,0.3687690198421478,False
a111ed0bc.jpg,0.2395545393228531,False
a11221fe0.jpg,0.361368715763092,False
a11221fe0.jpg,0.1740983724594116,False
a11221fe0.jpg,0.1458825021982193,False
a11221fe0.jpg,0.0868060141801834,True
a1192e7b1.jpg,0.8551961779594421,False
a1192e7b1.jpg,0.7355506420135498,False
a11c7463e.jpg,0.9079422950744628,False
a1285785b.jpg,0.3397921025753021,False
a1285785b.jpg,0.2818762063980102,True
a1285785b.jpg,0.224330797791481,False
a1285785b.jpg,0.1494088619947433,False
a1285785b.jpg,0.1465359032154083,False
a1285785b.jpg,0.1419398635625839,True
a1285785b.jpg,0.1234833598136901,True
a1285785b.jpg,0.0839820876717567,False
a1285785b.jpg,0.0778420343995094,True
a1285785b.jpg,0.0767425671219825,True
a1285785b.jpg,0.0702112168073654,True
a12870196.jpg,0.4441741406917572,False
a12870196.jpg,0.1329408288002014,True
a12870196.jpg,0.1320985108613968,True
a12870196.jpg,0.0816283598542213,True
a12870196.jpg,0.0745316967368125,True
a12870196.jpg,0.0684473514556884,False
a12870196.jpg,0.0511338412761688,True
a12bfae9d.jpg,0.9095858335494996,False
a12fcc09b.jpg,0.8318901658058167,False
a12fcc09b.jpg,0.8177258372306824,False
a12fcc09b.jpg,0.7033095359802246,False
a1475dae3.jpg,0.1259405016899109,True
a1475dae3.jpg,0.0865550488233566,True
a14c0830d.jpg,0.494225263595581,False
a14c0830d.jpg,0.2876476347446441,True
a14c0830d.jpg,0.175503984093666,True
a14c0830d.jpg,0.1196084395051002,False
a1604d5c2.jpg,0.8108422160148621,False
a1604d5c2.jpg,0.057383120059967,True
a165206ff.jpg,0.7973561882972717,False
a165206ff.jpg,0.6871522665023804,False
a165206ff.jpg,0.2332357168197631,False
a18f4f6af.jpg,0.8983325958251953,False
a18f4f6af.jpg,0.2934899926185608,True
a18f4f6af.jpg,0.2583574056625366,False
a18f4f6af.jpg,0.2126592546701431,True
a18f4f6af.jpg,0.1917823255062103,True
a18f4f6af.jpg,0.1652455329895019,True
a18f4f6af.jpg,0.1297530084848404,True
a18f4f6af.jpg,0.10129065066576,True
a18f4f6af.jpg,0.0775558501482009,True
a18f4f6af.jpg,0.0700470581650734,True
a18f4f6af.jpg,0.0634429082274437,True
a18f4f6af.jpg,0.0516984090209007,True
a1a0a674a.jpg,0.5024316906929016,False
a1a0a674a.jpg,0.4204812943935394,False
a1a0a674a.jpg,0.1769629716873169,False
a1a0a674a.jpg,0.1057768613100051,True
a1a3ce3c3.jpg,0.8629326224327087,False
a1a3ce3c3.jpg,0.8010563254356384,True
a1a3ce3c3.jpg,0.0673433467745781,True
a1abde08d.jpg,0.8869328498840332,False
a1b06a9be.jpg,0.9092262983322144,False
a1b06a9be.jpg,0.8894506096839905,False
a1b06a9be.jpg,0.8843024373054504,False
a1b68660a.jpg,0.8786249756813049,False
a1b68660a.jpg,0.0988406464457511,True
a1b87d224.jpg,0.8786420226097107,False
a1fd4d029.jpg,0.8954325318336487,False
a1fd4d029.jpg,0.6127372980117798,False
a1fd4d029.jpg,0.1326924711465835,False
a20832f2b.jpg,0.8639670014381409,False
a20832f2b.jpg,0.6119344830513,False
a21653a43.jpg,0.1217698752880096,False
a21653a43.jpg,0.0813328623771667,False
a22538114.jpg,0.7790468335151672,False
a22538114.jpg,0.736695408821106,False
a22538114.jpg,0.5621660351753235,False
a22538114.jpg,0.3244425058364868,False
a22538114.jpg,0.3134158551692962,False
a22538114.jpg,0.2616277933120727,True
a22538114.jpg,0.1090025082230568,True
a24633eca.jpg,0.8650334477424622,False
a24633eca.jpg,0.8640944957733154,False
a24633eca.jpg,0.4071341454982757,False
a24633eca.jpg,0.3880891799926758,False
a24633eca.jpg,0.2374078184366226,False
a24633eca.jpg,0.0703874230384826,False
a24ff2ae3.jpg,0.79990553855896,False
a24ff2ae3.jpg,0.4224469363689422,True
a24ff2ae3.jpg,0.1759512722492218,True
a24ff2ae3.jpg,0.1726353019475937,True
a24ff2ae3.jpg,0.1625040173530578,True
a24ff2ae3.jpg,0.1500480473041534,True
a2614b972.jpg,0.9121109843254088,False
a271564cc.jpg,0.8002009391784668,False
a271564cc.jpg,0.7655356526374817,False
a271564cc.jpg,0.554205596446991,True
a271564cc.jpg,0.2897205948829651,True
a273f009e.jpg,0.615230917930603,False
a274d456b.jpg,0.7252845168113708,False
a274d456b.jpg,0.1044243723154068,True
a275b9660.jpg,0.919955849647522,False
a27c1e347.jpg,0.2542096078395843,False
a27c1e347.jpg,0.2436491101980209,False
a27c1e347.jpg,0.2003103047609329,True
a27c1e347.jpg,0.1698557585477829,False
a27c1e347.jpg,0.0576749369502067,False
a280fe312.jpg,0.658244788646698,False
a280fe312.jpg,0.6044834852218628,False
a280fe312.jpg,0.4193251430988312,True
a280fe312.jpg,0.3845448493957519,False
a280fe312.jpg,0.3346354067325592,False
a280fe312.jpg,0.1022089272737503,True
a280fe312.jpg,0.081197015941143,True
a280fe312.jpg,0.0718884468078613,True
a280fe312.jpg,0.0681519508361816,True
a280fe312.jpg,0.0663798525929451,False
a280fe312.jpg,0.0632876604795456,True
a280fe312.jpg,0.057825069874525,False
a28d6927a.jpg,0.1698831766843795,False
a2a43ca82.jpg,0.8619197607040405,False
a2a43ca82.jpg,0.8570420742034912,False
a2a43ca82.jpg,0.8471553921699524,False
a2a43ca82.jpg,0.7763305306434631,False
a2a43ca82.jpg,0.292594313621521,True
a2a43ca82.jpg,0.2716650366783142,True
a2a43ca82.jpg,0.1169150248169899,True
a2a43ca82.jpg,0.1162690818309784,True
a2a43ca82.jpg,0.0685042515397071,True
a2a43ca82.jpg,0.061744038015604,True
a2a43ca82.jpg,0.0612058266997337,True
a2ac82f04.jpg,0.8104051351547241,False
a2b8745cd.jpg,0.164768561720848,False
a2b8745cd.jpg,0.1117795333266258,True
a2b8745cd.jpg,0.0784507021307945,True
a2b8745cd.jpg,0.0541783943772316,True
a2bb36d8f.jpg,0.7204797863960266,False
a2bb36d8f.jpg,0.7053947448730469,False
a2bb36d8f.jpg,0.2036752849817276,False
a2bb36d8f.jpg,0.1044001206755638,False
a2d2d9d0b.jpg,0.0532223507761955,True
a2d2d9d0b.jpg,0.0515488162636756,True
a2d57be9c.jpg,0.862694263458252,False
a2d57be9c.jpg,0.8223949670791626,False
a2d57be9c.jpg,0.6322857141494751,False
a2d57be9c.jpg,0.3954877257347107,False
a2d57be9c.jpg,0.060254156589508,False
a2dc3bd3c.jpg,0.6010926365852356,False
a2f3890a5.jpg,0.7107965350151062,False
a2f3890a5.jpg,0.1774690598249435,True
a2f3890a5.jpg,0.1003383472561836,True
a2fc8e98c.jpg,0.8117818832397461,False
a2fc8e98c.jpg,0.135871946811676,False
a308eef51.jpg,0.8070529103279114,False
a308eef51.jpg,0.1361178606748581,True
a308eef51.jpg,0.1118753403425216,True
a308eef51.jpg,0.0526046678423881,True
a3161becd.jpg,0.4446026384830475,False
a3161becd.jpg,0.1392343491315841,False
a3426c6ca.jpg,0.8689912557601929,False
a368b5692.jpg,0.4767518043518066,False
a368b5692.jpg,0.4642720222473144,False
a368b5692.jpg,0.3698158860206604,False
a368b5692.jpg,0.285070389509201,False
a368b5692.jpg,0.1886404454708099,False
a368b5692.jpg,0.1461158543825149,True
a368b5692.jpg,0.1131224483251571,False
a36bc882e.jpg,0.7696887850761414,False
a36bc882e.jpg,0.7495645880699158,False
a36bc882e.jpg,0.7375131249427795,False
a36bc882e.jpg,0.4201018512248993,False
a36bc882e.jpg,0.1924495100975036,False
a36bc882e.jpg,0.1612733453512191,True
a36bc882e.jpg,0.1499940454959869,True
a36bc882e.jpg,0.0684652626514434,True
a36bc882e.jpg,0.0629007890820503,True
a36bc882e.jpg,0.0613214671611785,True
a36bc882e.jpg,0.0507183410227298,False
a37b6d4f1.jpg,0.3899670541286468,True
a37b6d4f1.jpg,0.281646728515625,False
a37b6d4f1.jpg,0.2239453047513961,False
a37b6d4f1.jpg,0.1427642107009887,True
a37b6d4f1.jpg,0.0815796554088592,False
a38e6b240.jpg,0.6758515238761902,False
a3a1f9e8c.jpg,0.8467003703117371,False
a3a1f9e8c.jpg,0.5664371252059937,False
a3a1f9e8c.jpg,0.1659164726734161,False
a3a87b5fe.jpg,0.8674564957618713,False
a3a87b5fe.jpg,0.818742036819458,False
a3b343da9.jpg,0.8547532558441162,False
a3b5f2da2.jpg,0.8836240172386169,False
a3def29c3.jpg,0.5136034488677979,True
a3def29c3.jpg,0.4138237535953522,True
a3def29c3.jpg,0.2399389743804931,False
a3def29c3.jpg,0.2165363132953643,False
a3def29c3.jpg,0.087365798652172,True
a3def29c3.jpg,0.0649006217718124,True
a3def29c3.jpg,0.0609675645828247,True
a3e5cc8a7.jpg,0.3146774768829345,False
a3e5cc8a7.jpg,0.1878444701433181,False
a3e5cc8a7.jpg,0.1577809602022171,False
a3e5cc8a7.jpg,0.1043240875005722,False
a3e5cc8a7.jpg,0.0780627056956291,False
a409cbbd4.jpg,0.9121737480163574,False
a409cbbd4.jpg,0.0700356662273407,True
a40e7c5ed.jpg,0.1721696108579635,True
a40e7c5ed.jpg,0.112101249396801,True
a40e7c5ed.jpg,0.069709189236164,True
a419e253d.jpg,0.6477361917495728,False
a419e253d.jpg,0.5021947622299194,True
a419e253d.jpg,0.2272354662418365,False
a419e253d.jpg,0.2118666619062423,True
a419e253d.jpg,0.1058757230639457,True
a419e253d.jpg,0.0991910547018051,True
a42610500.jpg,0.0518471077084541,True
a42dee4fb.jpg,0.8085253238677979,False
a448daefc.jpg,0.5152328610420227,False
a448daefc.jpg,0.414095938205719,True
a448daefc.jpg,0.1424001604318618,True
a448daefc.jpg,0.0603154264390468,False
a44a5676d.jpg,0.8901737928390503,False
a44a5676d.jpg,0.1882390081882476,True
a45351e07.jpg,0.2911226451396942,False
a45351e07.jpg,0.1174878105521202,False
a45351e07.jpg,0.055726658552885,True
a45351e07.jpg,0.0539491735398769,True
a453f5a1d.jpg,0.6832774877548218,False
a462d0e90.jpg,0.3597944676876068,False
a462d0e90.jpg,0.3334191739559173,False
a462d0e90.jpg,0.1217554807662963,False
a462d0e90.jpg,0.0813839733600616,False
a465d05b9.jpg,0.0631818175315857,False
a46d1044c.jpg,0.8663448095321655,False
a46d1044c.jpg,0.6989593505859375,False
a482999bb.jpg,0.5334477424621582,False
a482999bb.jpg,0.478324145078659,True
a482999bb.jpg,0.4087751805782318,True
a482999bb.jpg,0.392784833908081,False
a482999bb.jpg,0.254981517791748,True
a482999bb.jpg,0.2373543828725814,True
a482999bb.jpg,0.2066119760274887,True
a482999bb.jpg,0.1649737954139709,True
a482999bb.jpg,0.150161787867546,True
a482999bb.jpg,0.1446032971143722,True
a482999bb.jpg,0.124219961464405,True
a482999bb.jpg,0.0789258852601051,True
a482999bb.jpg,0.0704487860202789,True
a482999bb.jpg,0.0689240097999572,True
a482999bb.jpg,0.0622840635478496,True
a482999bb.jpg,0.0577301606535911,True
a482999bb.jpg,0.0572813563048839,True
a498b4b46.jpg,0.1553482562303543,False
a4c146830.jpg,0.8359251022338867,True
a4c146830.jpg,0.4418043494224548,True
a4c146830.jpg,0.2539177238941192,False
a4c146830.jpg,0.2283263504505157,False
a4c146830.jpg,0.1152233183383941,False
a4c146830.jpg,0.0668835937976837,True
a4cc5f162.jpg,0.7345491051673889,False
a4cd6e110.jpg,0.8712660670280457,False
a4e9078ce.jpg,0.951102614402771,False
a4e9078ce.jpg,0.2266972810029983,True
a4ebb0a43.jpg,0.7634904980659485,False
a4ebb0a43.jpg,0.0649748519062995,True
a4f24d99e.jpg,0.6084398031234741,False
a4f24d99e.jpg,0.3633194267749786,True
a4f24d99e.jpg,0.2977392673492431,False
a4f24d99e.jpg,0.1008695438504219,False
a4f24d99e.jpg,0.0638764426112175,False
a505530ed.jpg,0.2563216388225555,False
a505530ed.jpg,0.2286031246185302,False
a505530ed.jpg,0.1277988851070404,False
a505530ed.jpg,0.0807572305202484,False
a507639aa.jpg,0.4242569208145141,False
a507639aa.jpg,0.2621316015720367,False
a515d3529.jpg,0.8722926378250122,False
a515d3529.jpg,0.5575203895568848,False
a53531c44.jpg,0.8558256030082703,False
a5381895b.jpg,0.9191665649414062,False
a53abb704.jpg,0.810203492641449,False
a53abb704.jpg,0.1136355847120285,True
a53abb704.jpg,0.1109542027115821,True
a53abb704.jpg,0.0514882020652294,True
a53e7ae66.jpg,0.0816326439380645,True
a55332cc7.jpg,0.4797521233558655,False
a55332cc7.jpg,0.2543137669563293,True
a55332cc7.jpg,0.1840578615665435,True
a562df41c.jpg,0.2309191673994064,False
a562df41c.jpg,0.1890169531106948,False
a562df41c.jpg,0.0865936949849128,True
a5683623e.jpg,0.6631481647491455,False
a5683623e.jpg,0.0894045531749725,False
a568af8f1.jpg,0.6735438704490662,False
a568af8f1.jpg,0.6508866548538208,False
a568af8f1.jpg,0.647975504398346,False
a568af8f1.jpg,0.4628739953041076,False
a568af8f1.jpg,0.3781143724918365,True
a568af8f1.jpg,0.1443964689970016,True
a568af8f1.jpg,0.1208802834153175,True
a568af8f1.jpg,0.09448953717947,True
a568af8f1.jpg,0.0891159176826477,True
a568af8f1.jpg,0.0710111707448959,True
a57beb4af.jpg,0.5901764035224915,False
a57d3ceb7.jpg,0.3876162767410278,False
a57d3ceb7.jpg,0.3808432817459106,False
a5840558f.jpg,0.7516374588012695,False
a5840558f.jpg,0.7485945224761963,False
a5840558f.jpg,0.6591519713401794,False
a5840558f.jpg,0.5278592705726624,False
a5840558f.jpg,0.46095871925354,True
a5840558f.jpg,0.4081617891788482,True
a5840558f.jpg,0.3351426720619201,True
a5840558f.jpg,0.3277568817138672,True
a5840558f.jpg,0.1004850417375564,True
a5840558f.jpg,0.0888738632202148,False
a5840558f.jpg,0.0882021188735961,True
a5840558f.jpg,0.0745327100157737,True
a5840558f.jpg,0.0579711608588695,True
a5840558f.jpg,0.050898477435112,True
a5958a38e.jpg,0.912906289100647,False
a5a7a1284.jpg,0.896278440952301,False
a5a7a1284.jpg,0.2312498539686203,True
a5cf044e4.jpg,0.5813058614730835,False
a5cf044e4.jpg,0.3286861777305603,False
a5cf044e4.jpg,0.2875601947307586,False
a5cf044e4.jpg,0.0612961165606975,False
a5d8b7d8d.jpg,0.8688976168632507,False
a5d8b7d8d.jpg,0.8121822476387024,False
a5d8b7d8d.jpg,0.4285554587841034,False
a5d8b7d8d.jpg,0.0647255331277847,False
a5e0f4b8f.jpg,0.8800931572914124,False
a5e0f4b8f.jpg,0.8721956610679626,False
a5e0f4b8f.jpg,0.7623448967933655,False
a5e0f4b8f.jpg,0.7349639534950256,False
a5e0f4b8f.jpg,0.6418100595474243,False
a5e0f4b8f.jpg,0.2476881444454193,False
a5e0f4b8f.jpg,0.2415242344141006,False
a5e0f4b8f.jpg,0.176313430070877,False
a5e0f4b8f.jpg,0.173941820859909,False
a5e0f4b8f.jpg,0.1113299652934074,False
a5e0f4b8f.jpg,0.0680877268314361,False
a5e4145a0.jpg,0.8968550562858582,False
a5fc52ed7.jpg,0.3045490384101867,True
a5fc52ed7.jpg,0.2188252061605453,True
a5fc52ed7.jpg,0.1794097870588302,True
a5fc52ed7.jpg,0.1510356217622757,True
a5fc52ed7.jpg,0.091898113489151,True
a5fc52ed7.jpg,0.0899333283305168,True
a5fc52ed7.jpg,0.0512864254415035,True
a616f7e91.jpg,0.2917625904083252,False
a616f7e91.jpg,0.2556224763393402,False
a616f7e91.jpg,0.2000128179788589,True
a62956c1d.jpg,0.6761735677719116,False
a62956c1d.jpg,0.2670566141605377,False
a6312e2f4.jpg,0.867095410823822,False
a6312e2f4.jpg,0.1462610214948654,True
a6312e2f4.jpg,0.1198201403021812,True
a6312e2f4.jpg,0.0749847441911697,True
a631a6d34.jpg,0.5591172575950623,False
a631a6d34.jpg,0.0561534166336059,True
a636dd86c.jpg,0.8445444703102112,False
a6553448a.jpg,0.5826587080955505,False
a6553448a.jpg,0.5397738814353943,False
a6553448a.jpg,0.4992284774780273,False
a6553448a.jpg,0.3842298090457916,False
a6553448a.jpg,0.2301168292760849,False
a6553448a.jpg,0.078899472951889,False
a6554920e.jpg,0.8645812273025513,False
a6554920e.jpg,0.473019003868103,False
a6554920e.jpg,0.089276522397995,False
a6654388a.jpg,0.557700514793396,False
a6654388a.jpg,0.2706361711025238,True
a6654388a.jpg,0.1895994693040847,True
a6654388a.jpg,0.1780392080545425,True
a6654388a.jpg,0.1319171786308288,False
a6654388a.jpg,0.1316496729850769,True
a6654388a.jpg,0.0654996484518051,True
a6654388a.jpg,0.0574139803647995,True
a66a86893.jpg,0.8822485208511353,False
a677c26b0.jpg,0.3237487077713012,False
a677c26b0.jpg,0.1860080510377884,True
a677c26b0.jpg,0.119063563644886,True
a677c26b0.jpg,0.0705119371414184,True
a677c26b0.jpg,0.0638231337070465,True
a677c26b0.jpg,0.0618819631636142,False
a677c26b0.jpg,0.0592440441250801,False
a677c26b0.jpg,0.0547071322798728,True
a677c26b0.jpg,0.0502560213208198,True
a67e1997d.jpg,0.6242967247962952,False
a67e1997d.jpg,0.4583683311939239,False
a67e1997d.jpg,0.3707104921340942,False
a67ffc1e6.jpg,0.8227689266204834,False
a67ffc1e6.jpg,0.796363353729248,False
a67ffc1e6.jpg,0.7931098341941833,False
a67ffc1e6.jpg,0.7615854144096375,False
a67ffc1e6.jpg,0.519543468952179,False
a67ffc1e6.jpg,0.418314665555954,False
a67ffc1e6.jpg,0.3231644928455353,False
a67ffc1e6.jpg,0.2314131706953048,False
a6838c96c.jpg,0.7694368958473206,False
a6838c96c.jpg,0.2153589874505996,False
a6838c96c.jpg,0.1283452063798904,False
a69036fca.jpg,0.8901780247688293,False
a69be0c5b.jpg,0.4257756471633911,False
a6ae01701.jpg,0.7278438210487366,False
a6ae01701.jpg,0.1208547577261924,False
a6b5683f4.jpg,0.8327891826629639,False
a6b5683f4.jpg,0.7407426834106445,False
a6b5683f4.jpg,0.2828669846057892,True
a6b5683f4.jpg,0.131860077381134,True
a6b5683f4.jpg,0.1304062157869339,True
a6b5683f4.jpg,0.0707671418786048,True
a6b6255f6.jpg,0.5992595553398132,False
a6b6255f6.jpg,0.0524922646582126,False
a6bccc26b.jpg,0.8585512638092041,False
a6bccc26b.jpg,0.7842949032783508,False
a6bccc26b.jpg,0.6874959468841553,False
a6bccc26b.jpg,0.0741444453597068,True
a6bccc26b.jpg,0.0727331563830375,True
a6bccc26b.jpg,0.0666556432843208,True
a6dc0d057.jpg,0.4191860556602478,False
a6dc0d057.jpg,0.2542155981063843,False
a6dc0d057.jpg,0.1760117709636688,True
a6dc0d057.jpg,0.147645354270935,True
a6dc0d057.jpg,0.0946697667241096,False
a6dc0d057.jpg,0.0776866823434829,True
a6dc0d057.jpg,0.0558508187532424,True
a6dc0d057.jpg,0.0547085590660572,True
a6dd3f601.jpg,0.864613950252533,False
a6ed3f370.jpg,0.4822671115398407,True
a6ed3f370.jpg,0.4166659116744995,True
a6ed3f370.jpg,0.0801262706518173,True
a6ed3f370.jpg,0.0664122328162193,True
a6fee613f.jpg,0.8760015964508057,False
a6fee613f.jpg,0.8642288446426392,False
a6fee613f.jpg,0.8183804750442505,False
a6fee613f.jpg,0.7628259658813477,False
a6fee613f.jpg,0.7563496828079224,False
a6fee613f.jpg,0.750056266784668,False
a6fee613f.jpg,0.7058515548706055,False
a6fee613f.jpg,0.7043754458427429,False
a6fee613f.jpg,0.2296754866838455,True
a6fee613f.jpg,0.093595489859581,True
a6fee613f.jpg,0.0607526674866676,True
a70b766bd.jpg,0.3579724729061126,False
a70b766bd.jpg,0.0596471428871154,False
a719f9319.jpg,0.6291481852531433,False
a71b03932.jpg,0.2777190208435058,True
a71b03932.jpg,0.2637184560298919,False
a71b03932.jpg,0.2637128829956054,False
a71b03932.jpg,0.2353392094373703,False
a71b03932.jpg,0.1546442955732345,True
a71b03932.jpg,0.1430764645338058,False
a71b03932.jpg,0.1365965753793716,False
a71b03932.jpg,0.0631566196680069,False
a71b03932.jpg,0.0575609914958477,False
a74ef30e6.jpg,0.6599282622337341,False
a74ef30e6.jpg,0.622955858707428,False
a74ef30e6.jpg,0.5249649882316589,False
a74ef30e6.jpg,0.2274252623319625,False
a74ef30e6.jpg,0.1448286920785904,False
a74ef30e6.jpg,0.0502931177616119,False
a7501cc14.jpg,0.2714151740074157,True
a75dc5c66.jpg,0.3442753851413727,True
a75dc5c66.jpg,0.1838125735521316,True
a771adeb2.jpg,0.89960777759552,False
a771adeb2.jpg,0.5946935415267944,True
a771adeb2.jpg,0.560329258441925,True
a771adeb2.jpg,0.546542227268219,True
a771adeb2.jpg,0.4714264273643493,True
a771adeb2.jpg,0.3009353280067444,True
a771adeb2.jpg,0.0803564488887786,True
a771adeb2.jpg,0.0636577010154724,True
a771adeb2.jpg,0.0634968504309654,True
a78849f28.jpg,0.5585858821868896,False
a78849f28.jpg,0.4581772685050964,False
a793f3728.jpg,0.8707714676856995,False
a793f3728.jpg,0.8245294094085693,True
a793f3728.jpg,0.2886857986450195,True
a793f3728.jpg,0.1005753725767135,True
a793f3728.jpg,0.0697161629796028,True
a793f3728.jpg,0.0545397438108921,True
a79d4dc9d.jpg,0.8250307440757751,False
a79d4dc9d.jpg,0.4464660584926605,False
a79d4dc9d.jpg,0.0630113035440445,False
a79e11add.jpg,0.3404796421527862,False
a79e11add.jpg,0.2919449210166931,False
a79e11add.jpg,0.0857633650302887,False
a7ab60610.jpg,0.4833433330059051,False
a7ab60610.jpg,0.1954592317342758,False
a7f2415df.jpg,0.9180712699890136,False
a7fd7b8d4.jpg,0.2724057137966156,False
a7fd7b8d4.jpg,0.0607169494032859,False
a80ec0bda.jpg,0.8719598054885864,False
a80ec0bda.jpg,0.8504613637924194,False
a811bd967.jpg,0.3302039206027984,True
a811bd967.jpg,0.254779577255249,True
a811bd967.jpg,0.2408977746963501,True
a811bd967.jpg,0.2107682973146438,False
a811bd967.jpg,0.1545848399400711,False
a811bd967.jpg,0.1109064146876335,True
a811bd967.jpg,0.1062406525015831,True
a811bd967.jpg,0.1019590944051742,True
a811bd967.jpg,0.093069277703762,False
a811bd967.jpg,0.0893591791391372,True
a811bd967.jpg,0.0817735344171524,False
a811bd967.jpg,0.071796528995037,True
a811bd967.jpg,0.0697717666625976,True
a811bd967.jpg,0.065069705247879,True
a811bd967.jpg,0.0630567297339439,True
a811bd967.jpg,0.0611014105379581,True
a811bd967.jpg,0.0598006471991539,True
a811bd967.jpg,0.0590493269264698,True
a811bd967.jpg,0.0585844628512859,True
a811bd967.jpg,0.0562511570751667,False
a811bd967.jpg,0.0556797496974468,True
a811bd967.jpg,0.0554204322397708,True
a81865333.jpg,0.1370329409837722,False
a81865333.jpg,0.1198813021183013,False
a81865333.jpg,0.1024229377508163,True
a81865333.jpg,0.0640720352530479,True
a82281475.jpg,0.6447051763534546,False
a824abbe6.jpg,0.3759525418281555,True
a824abbe6.jpg,0.3505373001098633,False
a824abbe6.jpg,0.2807721495628357,False
a824abbe6.jpg,0.1694854646921157,True
a824abbe6.jpg,0.1416667848825454,True
a824abbe6.jpg,0.0753282085061073,False
a824abbe6.jpg,0.0662197917699813,False
a89126e98.jpg,0.8799166679382324,False
a89126e98.jpg,0.5952591300010681,False
a89126e98.jpg,0.463775098323822,False
a89126e98.jpg,0.4392916858196258,False
a89126e98.jpg,0.3014587163925171,False
a89126e98.jpg,0.1177644655108451,False
a89126e98.jpg,0.0710633769631385,False
a89126e98.jpg,0.0579515807330608,False
a89b37507.jpg,0.92371928691864,False
a89b37507.jpg,0.8028845191001892,False
a89f33618.jpg,0.6264493465423584,False
a8b718832.jpg,0.9391090869903564,False
a8bd1fec0.jpg,0.9017814993858336,False
a8bd1fec0.jpg,0.872654139995575,False
a8bd1fec0.jpg,0.8574089407920837,False
a8bd1fec0.jpg,0.7715910077095032,False
a8bd1fec0.jpg,0.7715652585029602,False
a8bd1fec0.jpg,0.7307602763175964,False
a8bd1fec0.jpg,0.7041800022125244,False
a8bd1fec0.jpg,0.6132555603981018,False
a8bd1fec0.jpg,0.5609301328659058,False
a8bd1fec0.jpg,0.4247313141822815,False
a8bd1fec0.jpg,0.351290613412857,False
a8bd1fec0.jpg,0.2848310172557831,False
a8bd1fec0.jpg,0.0843557193875312,False
a8ed60086.jpg,0.8185833692550659,False
a8ed60086.jpg,0.7444313168525696,False
a8ed60086.jpg,0.0807113349437713,False
a90723fc9.jpg,0.4756674170494079,False
a90723fc9.jpg,0.0511046536266803,True
a90d02e44.jpg,0.8794771432876587,False
a90d02e44.jpg,0.6583606600761414,False
a90d02e44.jpg,0.6374536156654358,False
a90d02e44.jpg,0.3609235882759094,True
a90d02e44.jpg,0.1762159615755081,True
a911585a1.jpg,0.1110793203115463,True
a911585a1.jpg,0.091530904173851,True
a917fee41.jpg,0.1231698542833328,True
a917fee41.jpg,0.0769166722893714,True
a917fee41.jpg,0.0748003646731376,True
a9411389a.jpg,0.540266752243042,False
a9589c03a.jpg,0.5678979754447937,False
a9589c03a.jpg,0.2576809525489807,True
a9589c03a.jpg,0.2340680360794067,True
a9589c03a.jpg,0.1776344925165176,True
a9589c03a.jpg,0.163250982761383,True
a9589c03a.jpg,0.1152581721544265,True
a9589c03a.jpg,0.0786815732717514,False
a95dad9f9.jpg,0.386070191860199,False
a95dad9f9.jpg,0.2805074155330658,False
a95dad9f9.jpg,0.1904048025608062,False
a979907a1.jpg,0.9263818264007568,False
a979907a1.jpg,0.0580573938786983,True
a979bc71a.jpg,0.5701775550842285,False
a979bc71a.jpg,0.0584375746548175,False
a987d3c35.jpg,0.5179756879806519,True
a987d3c35.jpg,0.4832371175289154,False
a987d3c35.jpg,0.1916018277406692,True
a987d3c35.jpg,0.0510234273970127,False
a98ae52ef.jpg,0.9085347056388856,False
a98ae52ef.jpg,0.8895435333251953,False
a98e2bd12.jpg,0.8096264600753784,False
a98e2bd12.jpg,0.3147191405296325,False
a98e2bd12.jpg,0.1950925141572952,False
a98e2bd12.jpg,0.0839328691363334,False
a999e3657.jpg,0.8875814080238342,False
a999e3657.jpg,0.059368759393692,True
a9a9f3eec.jpg,0.9294860363006592,False
a9a9f3eec.jpg,0.8907821774482727,False
a9a9f3eec.jpg,0.8364225625991821,False
a9a9f3eec.jpg,0.107733316719532,True
a9a9f3eec.jpg,0.0667342394590377,True
a9b1d6344.jpg,0.8806836605072021,False
a9f4e777c.jpg,0.8435160517692566,False
a9fec07fb.jpg,0.937295138835907,False
aa0b9e324.jpg,0.8732091188430786,False
aa0cd2cba.jpg,0.894749641418457,False
aa26a405b.jpg,0.2944270074367523,False
aa26a405b.jpg,0.2812085449695587,False
aa26a405b.jpg,0.1424898654222488,False
aa26a405b.jpg,0.0522092394530773,False
aa345fcb8.jpg,0.8799431324005127,False
aa345fcb8.jpg,0.8564580082893372,False
aa370ac4e.jpg,0.8638266921043396,False
aa46d4798.jpg,0.8957408666610718,False
aa5cbb427.jpg,0.3020192384719848,False
aa5cbb427.jpg,0.0705413967370987,False
aa5cbb427.jpg,0.0666409209370613,False
aa7156bc3.jpg,0.9116923213005066,False
aa7156bc3.jpg,0.8568977117538452,False
aa7156bc3.jpg,0.8051435351371765,False
aa7156bc3.jpg,0.4623819887638092,True
aa7156bc3.jpg,0.434294193983078,False
aa7156bc3.jpg,0.0966987311840057,True
aa7156bc3.jpg,0.0596807226538658,False
aa80c46b4.jpg,0.8853300213813782,False
aa80c46b4.jpg,0.7029227018356323,False
aa80c46b4.jpg,0.6454089283943176,False
aa83cf05e.jpg,0.9654406905174256,False
aa901772f.jpg,0.8780115246772766,False
aa901772f.jpg,0.0554443746805191,True
aaa4c5723.jpg,0.7958589196205139,False
aaa4c5723.jpg,0.6964208483695984,True
aaa4c5723.jpg,0.6112522482872009,False
aaa4c5723.jpg,0.5372839570045471,False
aaa4c5723.jpg,0.41881063580513,False
aaa4c5723.jpg,0.3952647745609283,True
aaa4c5723.jpg,0.3704707026481628,True
aaa4c5723.jpg,0.3073844015598297,True
aaa4c5723.jpg,0.2993439733982086,False
aaa4c5723.jpg,0.2907514870166778,True
aaa4c5723.jpg,0.2683197259902954,False
aaa4c5723.jpg,0.2144255340099334,False
aaa4c5723.jpg,0.1907321959733963,True
aaa4c5723.jpg,0.1860796064138412,True
aaa4c5723.jpg,0.1412803679704666,False
aaa4c5723.jpg,0.1382629871368408,True
aaa4c5723.jpg,0.1368574500083923,True
aaa4c5723.jpg,0.1290054023265838,True
aaa4c5723.jpg,0.1259795129299163,True
aaa4c5723.jpg,0.0683649405837059,False
aaa4c5723.jpg,0.0519693717360496,False
aab530eb8.jpg,0.8860434293746948,False
aab530eb8.jpg,0.811230480670929,False
aab530eb8.jpg,0.581530749797821,False
aab530eb8.jpg,0.4054975807666778,False
aab530eb8.jpg,0.387093186378479,False
aab530eb8.jpg,0.2976744472980499,False
aab530eb8.jpg,0.2322727441787719,False
aab530eb8.jpg,0.2275097370147705,False
aab530eb8.jpg,0.1355070620775222,False
aab530eb8.jpg,0.0848870351910591,True
aab530eb8.jpg,0.0547166503965854,False
aab530eb8.jpg,0.0515131317079067,False
aab5e7908.jpg,0.5757431983947754,False
aab5e7908.jpg,0.1138360574841499,False
aab9542c1.jpg,0.4182039797306061,True
aab9542c1.jpg,0.2569195628166199,False
aab9542c1.jpg,0.2490458935499191,False
aab9542c1.jpg,0.2213184833526611,True
aab9542c1.jpg,0.1979759633541107,True
aab9542c1.jpg,0.1728658974170684,False
aab9542c1.jpg,0.1017104908823967,False
aab9542c1.jpg,0.0548247508704662,True
aabedc683.jpg,0.7679345011711121,False
aabedc683.jpg,0.6356402039527893,False
aac5acad2.jpg,0.2831346094608307,False
aac5acad2.jpg,0.2352154999971389,False
aac5acad2.jpg,0.1113701090216636,False
aac5acad2.jpg,0.0715161561965942,True
aac821c4c.jpg,0.7465241551399231,False
aacc0bd6e.jpg,0.2210203260183334,False
aacc0bd6e.jpg,0.1435191929340362,False
aacc0bd6e.jpg,0.0664639621973037,False
aacc0bd6e.jpg,0.0575478747487068,True
aacc0bd6e.jpg,0.054189246147871,False
aacc0bd6e.jpg,0.0518182106316089,True
aaee0904d.jpg,0.8503274917602539,False
aaee0904d.jpg,0.6675814390182495,False
aaee6f6c7.jpg,0.9109465479850768,False
ab13e2ab9.jpg,0.9123478531837464,False
ab2468b80.jpg,0.4421215355396271,False
ab2468b80.jpg,0.4021747410297394,False
ab2468b80.jpg,0.1779158115386963,True
ab2468b80.jpg,0.1499463319778442,True
ab2468b80.jpg,0.1149689853191375,False
ab2518ceb.jpg,0.8388479948043823,False
ab581a506.jpg,0.0772110894322395,True
ab5c832cb.jpg,0.5489816665649414,False
ab625db79.jpg,0.2297241687774658,True
ab625db79.jpg,0.2076873779296875,True
ab625db79.jpg,0.1252184510231018,True
ab7f5bc13.jpg,0.8748974800109863,False
ab7f5bc13.jpg,0.8740372061729431,False
ab7f5bc13.jpg,0.8698939085006714,False
ab7f5bc13.jpg,0.8518804907798767,False
ab7f5bc13.jpg,0.7227787971496582,False
ab7f5bc13.jpg,0.2341300249099731,False
ab7f5bc13.jpg,0.1843781024217605,False
ab7f5bc13.jpg,0.1738039404153823,True
ab7f5bc13.jpg,0.1401729434728622,False
ab7f5bc13.jpg,0.0847185403108596,False
ab7f5bc13.jpg,0.0612190887331962,True
aba767ca4.jpg,0.6840493083000183,False
abe09831c.jpg,0.1000051870942115,False
abe09831c.jpg,0.0851502120494842,False
abe09831c.jpg,0.0543945580720901,False
abf4fd0d8.jpg,0.8978405594825745,False
abf4fd0d8.jpg,0.3977770209312439,True
abf4fd0d8.jpg,0.1216879040002822,True
abf4fd0d8.jpg,0.0538360141217708,True
ac0d5f667.jpg,0.6702046990394592,False
ac1831291.jpg,0.6301594376564026,False
ac292bdb3.jpg,0.9535878896713256,False
ac32a9591.jpg,0.3645671010017395,False
ac32a9591.jpg,0.3206638097763061,False
ac32a9591.jpg,0.0729994028806686,True
ac7d410fe.jpg,0.7677118182182312,False
ac831c8c2.jpg,0.0641461387276649,True
ac831c8c2.jpg,0.0500866137444973,True
ac9f83c4a.jpg,0.8173077702522278,False
ac9f83c4a.jpg,0.7468929290771484,False
ac9f83c4a.jpg,0.7136261463165283,False
ac9f83c4a.jpg,0.6868969798088074,True
ac9f83c4a.jpg,0.4691143333911896,True
ac9f83c4a.jpg,0.3741935491561889,True
ac9f83c4a.jpg,0.3050596714019775,True
ac9f83c4a.jpg,0.1902875751256942,False
ac9f83c4a.jpg,0.1792736947536468,True
ac9f83c4a.jpg,0.136560246348381,True
ac9f83c4a.jpg,0.0882370173931121,True
aca889d85.jpg,0.8679267764091492,False
acb4b35f6.jpg,0.8638167381286621,False
acb4b35f6.jpg,0.3184318542480469,False
acb4b35f6.jpg,0.0910352766513824,False
accf70914.jpg,0.204553410410881,True
accf70914.jpg,0.1483426094055175,False
accf70914.jpg,0.1147723197937011,True
accf70914.jpg,0.1121304929256439,True
accf70914.jpg,0.1097909584641456,True
accf70914.jpg,0.1055995672941207,False
accf70914.jpg,0.1026081815361976,False
accf70914.jpg,0.0849182307720184,False
acd9a6662.jpg,0.0660456269979476,False
acf86ad6f.jpg,0.8719065189361572,False
acfd40d68.jpg,0.7773282527923584,False
acfd40d68.jpg,0.7538527846336365,False
ad035429d.jpg,0.8864792585372925,False
ad42a2691.jpg,0.8963140845298767,False
ad42a2691.jpg,0.7999347448348999,False
ad42a2691.jpg,0.7976582646369934,False
ad42a2691.jpg,0.2352121472358703,True
ad42a2691.jpg,0.0517758913338184,True
ad4d0bf05.jpg,0.8348953723907471,False
ad4dae948.jpg,0.4174439013004303,False
ad4dae948.jpg,0.0636811256408691,False
ad6558901.jpg,0.636368989944458,False
ad6558901.jpg,0.1052135378122329,False
ad70e1001.jpg,0.825717031955719,False
ad70e1001.jpg,0.4815860092639923,True
ad70e1001.jpg,0.3109605610370636,True
ad7348bcc.jpg,0.8669809699058533,False
ad7348bcc.jpg,0.852640688419342,False
ad7b83b0c.jpg,0.9026302695274352,False
adaec4a49.jpg,0.8907724618911743,False
adb5b5c97.jpg,0.8641824722290039,False
adbcb08ba.jpg,0.9050803780555724,False
addfa119c.jpg,0.878810465335846,False
addfa119c.jpg,0.5660018920898438,False
addfa119c.jpg,0.1019289791584014,True
ade3b9d4d.jpg,0.4744273424148559,True
ade3b9d4d.jpg,0.1031847596168518,True
adeca4b75.jpg,0.9139248132705688,False
adeca4b75.jpg,0.4250837564468384,False
adeca4b75.jpg,0.1622608751058578,False
ae013b2a2.jpg,0.8448899984359741,False
ae01f70d5.jpg,0.3947141766548157,False
ae01f70d5.jpg,0.1960083991289138,False
ae13a6826.jpg,0.0735654532909393,True
ae13a6826.jpg,0.0719155445694923,True
ae13a6826.jpg,0.0512110069394111,False
ae17679d4.jpg,0.8923783302307129,False
ae17679d4.jpg,0.828879177570343,True
ae1853ca8.jpg,0.3139346837997436,True
ae1853ca8.jpg,0.2750512659549713,False
ae1853ca8.jpg,0.2299263179302215,False
ae1853ca8.jpg,0.1874256730079651,False
ae1853ca8.jpg,0.1408042907714843,True
ae1853ca8.jpg,0.1108089238405227,False
ae1853ca8.jpg,0.1099087670445442,False
ae1853ca8.jpg,0.1042936965823173,False
ae1853ca8.jpg,0.0859087258577346,True
ae1853ca8.jpg,0.0718714222311973,True
ae1853ca8.jpg,0.0710600391030311,False
ae1853ca8.jpg,0.0694238469004631,False
ae1853ca8.jpg,0.0685650780797004,False
ae1853ca8.jpg,0.0676921978592872,False
ae1853ca8.jpg,0.0667249113321304,False
ae1853ca8.jpg,0.0615048334002494,True
ae1853ca8.jpg,0.0596644394099712,True
ae1853ca8.jpg,0.0594063438475132,False
ae1853ca8.jpg,0.057194385677576,True
ae1853ca8.jpg,0.0550105907022953,False
ae1853ca8.jpg,0.0544699281454086,False
ae1853ca8.jpg,0.0533340498805046,True
ae1853ca8.jpg,0.0527821145951747,True
ae2669bb3.jpg,0.3103160560131073,False
ae2669bb3.jpg,0.2650434672832489,False
ae2669bb3.jpg,0.129965454339981,False
ae2669bb3.jpg,0.078023262321949,False
ae508c171.jpg,0.5010032653808594,False
ae508c171.jpg,0.376731276512146,False
ae508c171.jpg,0.3608452975749969,False
ae508c171.jpg,0.2858656346797943,False
ae508c171.jpg,0.280057430267334,False
ae508c171.jpg,0.2184409499168396,False
ae508c171.jpg,0.2110875695943832,False
ae508c171.jpg,0.1815494298934936,False
ae508c171.jpg,0.1564900875091552,False
ae508c171.jpg,0.1316876858472824,True
ae508c171.jpg,0.1069339662790298,False
ae508c171.jpg,0.1021777465939521,True
ae508c171.jpg,0.0753200128674507,True
ae69c76d5.jpg,0.1281839162111282,True
ae69c76d5.jpg,0.1010576486587524,True
ae69c76d5.jpg,0.1006066501140594,True
ae69c76d5.jpg,0.0837201401591301,True
ae69c76d5.jpg,0.0821724161505699,True
ae69c76d5.jpg,0.0666497647762298,True
ae6d37ae2.jpg,0.9068867564201356,False
ae6d37ae2.jpg,0.875266432762146,False
ae6d37ae2.jpg,0.2630298137664795,False
ae8f8e687.jpg,0.7641934156417847,False
ae8f8e687.jpg,0.0622675158083438,True
aebff1304.jpg,0.9143059253692628,False
aebff1304.jpg,0.5939980149269104,True
aebff1304.jpg,0.1180461943149566,True
aebff1304.jpg,0.097898744046688,True
aec367d77.jpg,0.8639402985572815,False
aec367d77.jpg,0.696794331073761,False
aec367d77.jpg,0.6893267035484314,True
aec367d77.jpg,0.0634982660412788,True
aee136c8b.jpg,0.8695728778839111,False
aeea06e3d.jpg,0.8791300654411316,False
aef0175ab.jpg,0.5326642394065857,False
aef0175ab.jpg,0.1002466902136802,False
aef0175ab.jpg,0.0524250194430351,False
af12b8398.jpg,0.8648893237113953,False
af12b8398.jpg,0.8077178001403809,False
af12b8398.jpg,0.7775724530220032,False
af12b8398.jpg,0.7729241251945496,False
af12b8398.jpg,0.7159463763237,False
af12b8398.jpg,0.1217379942536354,False
af12b8398.jpg,0.0572779811918735,True
af12b8398.jpg,0.051208022981882,True
af3098e9b.jpg,0.8968631029129028,False
af4965e38.jpg,0.7388566136360168,False
af4965e38.jpg,0.3756200969219208,False
af4965e38.jpg,0.0590145252645015,False
af4965e38.jpg,0.0527721047401428,True
af76e6da6.jpg,0.4451059699058532,False
af76e6da6.jpg,0.1398841291666031,False
af95e42d5.jpg,0.3738418817520141,False
af95e42d5.jpg,0.127745047211647,False
af95e42d5.jpg,0.0808412730693817,False
afa18e2bb.jpg,0.8089688420295715,False
afbd785ed.jpg,0.8880559206008911,False
afdb5b25f.jpg,0.671051561832428,False
afdb5b25f.jpg,0.6709699034690857,False
afdb5b25f.jpg,0.3282913267612457,True
afdb5b25f.jpg,0.2228092551231384,True
afdb5b25f.jpg,0.0767287164926529,True
afdb5b25f.jpg,0.069247081875801,True
afdb5b25f.jpg,0.0584208369255065,True
afdb5b25f.jpg,0.0518329963088035,True
aff4f42b8.jpg,0.870658814907074,False
affd25253.jpg,0.56096351146698,False
affd25253.jpg,0.5607808828353882,False
affd25253.jpg,0.0914459079504013,True
affd25253.jpg,0.0912578627467155,True
affd25253.jpg,0.0624777302145957,False
affd25253.jpg,0.0586037673056125,False
affd25253.jpg,0.0561605505645275,True
b002d5f19.jpg,0.8565426468849182,False
b0045d2a6.jpg,0.8770250678062439,False
b0087c48f.jpg,0.7375463843345642,False
b0087c48f.jpg,0.656600296497345,False
b0087c48f.jpg,0.5900978446006775,False
b0087c48f.jpg,0.3878738284111023,False
b0087c48f.jpg,0.3095308840274811,False
b0087c48f.jpg,0.221678614616394,False
b0087c48f.jpg,0.0848511159420013,False
b01957a2b.jpg,0.8464173674583435,False
b01e876af.jpg,0.5888771414756775,False
b01e876af.jpg,0.1026374399662017,False
b02b00410.jpg,0.8583552241325378,False
b02b00410.jpg,0.4428875744342804,True
b02b00410.jpg,0.2537461221218109,True
b02b00410.jpg,0.1122398301959037,True
b02b00410.jpg,0.0611505135893821,True
b02b1ce6a.jpg,0.8451837301254272,False
b02b1ce6a.jpg,0.8135184049606323,False
b02b1ce6a.jpg,0.7979329228401184,False
b02b1ce6a.jpg,0.5157797336578369,False
b02ea98fb.jpg,0.8418971300125122,False
b02ea98fb.jpg,0.5510693788528442,False
b048cf77e.jpg,0.6674703359603882,False
b048cf77e.jpg,0.6610214710235596,False
b048cf77e.jpg,0.6111548542976379,False
b048cf77e.jpg,0.5914329290390015,False
b048cf77e.jpg,0.180394560098648,False
b04e0f7e1.jpg,0.919567048549652,False
b063d5f6e.jpg,0.9041187167167664,False
b07574b6c.jpg,0.8605729937553406,False
b07574b6c.jpg,0.8360365033149719,False
b07574b6c.jpg,0.7472898364067078,False
b07574b6c.jpg,0.6913371682167053,True
b07574b6c.jpg,0.1251841783523559,True
b07574b6c.jpg,0.088424913585186,True
b0928552f.jpg,0.218045637011528,False
b0928552f.jpg,0.1964760720729828,False
b0928552f.jpg,0.1595994234085083,False
b0928552f.jpg,0.1518584191799163,False
b0928552f.jpg,0.0755523443222045,True
b09b0a8c6.jpg,0.2004601508378982,True
b09b0a8c6.jpg,0.1349386423826217,True
b0b5fd0df.jpg,0.872641384601593,False
b0b5fd0df.jpg,0.7751678228378296,False
b0c3d06fa.jpg,0.7317556738853455,False
b0ddbd27b.jpg,0.0867890417575836,True
b0feef552.jpg,0.7735744714736938,False
b10bdf278.jpg,0.8610590696334839,False
b10bdf278.jpg,0.8406810164451599,False
b10bdf278.jpg,0.5471078753471375,True
b10bdf278.jpg,0.4957205057144165,True
b10bdf278.jpg,0.3205958902835846,False
b10bdf278.jpg,0.1708516925573349,True
b10bdf278.jpg,0.115915410220623,True
b10bdf278.jpg,0.1039288714528083,True
b11757fe1.jpg,0.8536368012428284,False
b121194b4.jpg,0.8416673541069031,False
b125b0f0e.jpg,0.7382125854492188,False
b125b0f0e.jpg,0.3861712515354156,False
b125b0f0e.jpg,0.1936494708061218,True
b125b0f0e.jpg,0.1764789968729019,False
b125b0f0e.jpg,0.1359425038099289,False
b125b0f0e.jpg,0.1225720271468162,False
b125b0f0e.jpg,0.0831271782517433,False
b125b0f0e.jpg,0.0664999186992645,True
b125b0f0e.jpg,0.0504733622074127,False
b125b0f0e.jpg,0.050423540174961,True
b128dc012.jpg,0.6306909322738647,False
b128dc012.jpg,0.3540222942829132,False
b128dc012.jpg,0.0790665969252586,False
b1320fe27.jpg,0.8127003312110901,False
b1484acc7.jpg,0.9242512583732604,False
b1484acc7.jpg,0.4741712808609009,False
b1484acc7.jpg,0.3541590273380279,False
b1484acc7.jpg,0.2181643545627594,False
b166d243a.jpg,0.6605564951896667,True
b166d243a.jpg,0.5337942838668823,True
b166d243a.jpg,0.519584059715271,False
b166d243a.jpg,0.2822428345680237,True
b166d243a.jpg,0.2473695427179336,True
b166d243a.jpg,0.231928676366806,True
b166d243a.jpg,0.2290102839469909,True
b166d243a.jpg,0.1985058784484863,True
b166d243a.jpg,0.1373492032289505,False
b166d243a.jpg,0.0801575779914856,True
b166d243a.jpg,0.0763523131608963,True
b166d243a.jpg,0.0621653050184249,True
b166d243a.jpg,0.0601391308009624,True
b166d243a.jpg,0.0584434233605861,True
b176905b0.jpg,0.7807580232620239,True
b176905b0.jpg,0.6794514656066895,False
b176905b0.jpg,0.6536587476730347,False
b176905b0.jpg,0.468957245349884,True
b176905b0.jpg,0.391827642917633,True
b176905b0.jpg,0.2744083106517792,True
b176905b0.jpg,0.1633006185293197,True
b176905b0.jpg,0.1233539581298828,True
b176905b0.jpg,0.060857743024826,False
b176905b0.jpg,0.0560989566147327,True
b1782cac6.jpg,0.9267898797988892,False
b1782cac6.jpg,0.92362380027771,False
b1782cac6.jpg,0.775800883769989,False
b1782cac6.jpg,0.0539600253105163,False
b178a4c2f.jpg,0.8748185634613037,False
b178a4c2f.jpg,0.8702988624572754,False
b178a4c2f.jpg,0.8487715721130371,False
b178a4c2f.jpg,0.848223090171814,False
b178a4c2f.jpg,0.7647857666015625,False
b178a4c2f.jpg,0.6731404662132263,False
b178a4c2f.jpg,0.3291881680488586,False
b178a4c2f.jpg,0.2606692910194397,False
b178a4c2f.jpg,0.2252258509397506,False
b178a4c2f.jpg,0.1513600945472717,False
b178a4c2f.jpg,0.0534746572375297,False
b18342086.jpg,0.3239074051380157,False
b18342086.jpg,0.2794460952281952,False
b18342086.jpg,0.2694074213504791,False
b18564030.jpg,0.9499857425689696,False
b18564030.jpg,0.1232972592115402,True
b18564030.jpg,0.10886712372303,True
b18564030.jpg,0.0847755372524261,True
b18564030.jpg,0.0774276480078697,True
b18564030.jpg,0.0519105605781078,True
b18564030.jpg,0.0516452081501483,True
b192766c3.jpg,0.7390230298042297,False
b192766c3.jpg,0.3637300729751587,False
b192766c3.jpg,0.3626993596553802,False
b192766c3.jpg,0.2408877611160278,False
b192766c3.jpg,0.1791276633739471,False
b192766c3.jpg,0.1778748631477356,True
b192766c3.jpg,0.0917208269238472,True
b192766c3.jpg,0.0633080974221229,True
b192766c3.jpg,0.055269181728363,False
b197a9b9a.jpg,0.8957340717315674,False
b19febc41.jpg,0.8913135528564453,False
b19febc41.jpg,0.8672366738319397,False
b19febc41.jpg,0.5502413511276245,False
b19febc41.jpg,0.2443126589059829,False
b1b8e66b0.jpg,0.8205355405807495,False
b1b8e66b0.jpg,0.7811360359191895,False
b1b8e66b0.jpg,0.4385442733764648,True
b1b8e66b0.jpg,0.052340779453516,True
b1bf84bfb.jpg,0.793561577796936,False
b1bf84bfb.jpg,0.7236908078193665,False
b1bf84bfb.jpg,0.6098853945732117,False
b1bf84bfb.jpg,0.5772010087966919,True
b1bf84bfb.jpg,0.4644536972045898,True
b1bf84bfb.jpg,0.3250210583209991,True
b1bf84bfb.jpg,0.1213203072547912,False
b1bf84bfb.jpg,0.1154889613389968,False
b1cefe448.jpg,0.8965864181518555,False
b1cefe448.jpg,0.437200129032135,False
b1cefe448.jpg,0.2161515951156616,False
b1dfd43e8.jpg,0.9234310388565063,False
b1e31ebea.jpg,0.8946684002876282,False
b1f1eeebb.jpg,0.8667983412742615,False
b1f5862f4.jpg,0.379840612411499,False
b1f5862f4.jpg,0.276904433965683,True
b1f5862f4.jpg,0.2308335602283477,True
b1f5862f4.jpg,0.1222145035862922,True
b1f5862f4.jpg,0.1221916899085044,True
b1f5862f4.jpg,0.1095408350229263,True
b1f5862f4.jpg,0.0845370218157768,True
b21a9f340.jpg,0.8709840774536133,False
b21f2c207.jpg,0.6300126314163208,True
b21f2c207.jpg,0.4419412612915039,False
b21f2c207.jpg,0.2251122891902923,True
b21f2c207.jpg,0.1982088834047317,False
b21f2c207.jpg,0.1845800429582595,True
b21f2c207.jpg,0.1599019914865493,True
b21f2c207.jpg,0.1076976656913757,True
b21f2c207.jpg,0.0965268313884735,True
b21f2c207.jpg,0.0850532799959182,True
b21f2c207.jpg,0.0820990875363349,False
b21f2c207.jpg,0.0613107681274414,True
b21f2c207.jpg,0.0527161136269569,True
b221987ee.jpg,0.9134239554405212,False
b221987ee.jpg,0.1278751641511917,True
b221987ee.jpg,0.0513981431722641,True
b22fbb23a.jpg,0.8020799160003662,False
b23d92ed7.jpg,0.8228206634521484,False
b23d92ed7.jpg,0.1473577171564102,True
b23d92ed7.jpg,0.1113474145531654,False
b23d92ed7.jpg,0.0964766070246696,True
b23d92ed7.jpg,0.0624000392854213,True
b23d92ed7.jpg,0.0512334629893302,True
b23dc8d66.jpg,0.8905722498893738,False
b244ed1a2.jpg,0.4239155948162079,False
b244ed1a2.jpg,0.0668799579143524,False
b24c85d36.jpg,0.7431004643440247,False
b24c85d36.jpg,0.0680281743407249,True
b25cf48fa.jpg,0.7459136843681335,False
b25cf48fa.jpg,0.5819305777549744,False
b25cf48fa.jpg,0.4228599667549133,False
b25cf48fa.jpg,0.3721037209033966,False
b25cf48fa.jpg,0.2229083925485611,True
b25cf48fa.jpg,0.2182383984327316,True
b25cf48fa.jpg,0.2169594764709472,True
b25cf48fa.jpg,0.1262327432632446,True
b25cf48fa.jpg,0.1126679703593254,False
b25cf48fa.jpg,0.0970127135515213,True
b25cf48fa.jpg,0.0756142437458038,True
b265c10ce.jpg,0.8938798308372498,False
b265c10ce.jpg,0.8736231327056885,False
b265c10ce.jpg,0.7572876214981079,False
b265c10ce.jpg,0.6286712288856506,False
b265c10ce.jpg,0.4949798583984375,False
b265c10ce.jpg,0.3045158982276916,False
b265c10ce.jpg,0.268505334854126,False
b265c10ce.jpg,0.1142210066318512,False
b288b0a5a.jpg,0.791954517364502,False
b288b0a5a.jpg,0.0759722143411636,False
b288b0a5a.jpg,0.0739360377192497,False
b288b0a5a.jpg,0.0606986247003078,False
b288fa88d.jpg,0.5820542573928833,False
b288fa88d.jpg,0.1629280298948288,True
b288fa88d.jpg,0.1419974863529205,True
b288fa88d.jpg,0.1084596440196037,False
b288fa88d.jpg,0.0588195696473121,True
b29477b25.jpg,0.8959853053092957,False
b2a5edf70.jpg,0.9004098176956177,False
b2a9baf05.jpg,0.353274792432785,False
b2a9baf05.jpg,0.1689071506261825,False
b2a9baf05.jpg,0.1675622463226318,False
b2a9baf05.jpg,0.0886307209730148,True
b2b227032.jpg,0.8921809196472168,False
b2b93510e.jpg,0.540040135383606,True
b2b93510e.jpg,0.146095871925354,True
b2b93510e.jpg,0.0922264903783798,True
b2d821591.jpg,0.8663461804389954,False
b2d821591.jpg,0.7772935628890991,False
b2d821591.jpg,0.5678019523620605,False
b2d821591.jpg,0.4945017993450165,False
b2d821591.jpg,0.0630881488323211,True
b2e52ebf8.jpg,0.8193699717521667,False
b2eb00597.jpg,0.3219272792339325,True
b2eb00597.jpg,0.2745972871780395,False
b2f1b1468.jpg,0.917989194393158,False
b2f1b1468.jpg,0.8960359692573547,False
b2f1b1468.jpg,0.8739909529685974,False
b2f1b1468.jpg,0.8492451906204224,False
b2f1b1468.jpg,0.0634524598717689,True
b2f3df87d.jpg,0.3549342453479767,False
b2f3df87d.jpg,0.3035182654857635,False
b2f3df87d.jpg,0.0889358222484588,False
b2faefebd.jpg,0.4356138110160827,False
b2faefebd.jpg,0.1684598177671432,False
b32a77006.jpg,0.6666075587272644,False
b32a77006.jpg,0.2572716474533081,False
b32a77006.jpg,0.110960304737091,False
b32ad3c7f.jpg,0.925705075263977,False
b331172cd.jpg,0.8979297876358032,False
b33474f7c.jpg,0.8369378447532654,False
b33474f7c.jpg,0.6402693390846252,False
b33474f7c.jpg,0.5324051976203918,False
b33474f7c.jpg,0.5038735270500183,False
b33474f7c.jpg,0.4422306716442108,False
b33474f7c.jpg,0.303307831287384,True
b33474f7c.jpg,0.2279378324747085,True
b33474f7c.jpg,0.217641681432724,False
b33474f7c.jpg,0.2137652188539505,False
b33474f7c.jpg,0.1869440227746963,False
b33474f7c.jpg,0.1740923374891281,False
b33474f7c.jpg,0.132938727736473,True
b33474f7c.jpg,0.1142390966415405,False
b33474f7c.jpg,0.1128930822014808,False
b33474f7c.jpg,0.0927549302577972,True
b33474f7c.jpg,0.0633665397763252,False
b33474f7c.jpg,0.0560215935111045,False
b335b3837.jpg,0.3757302761077881,False
b335b3837.jpg,0.2313248217105865,False
b357916f7.jpg,0.4502750933170318,False
b357916f7.jpg,0.3043520450592041,True
b357916f7.jpg,0.2662683129310608,True
b357916f7.jpg,0.1915272325277328,False
b357916f7.jpg,0.1257244050502777,True
b357916f7.jpg,0.0728558823466301,True
b357916f7.jpg,0.0632947534322738,True
b357916f7.jpg,0.0532092079520225,True
b357916f7.jpg,0.0502558797597885,False
b35b7f716.jpg,0.806087076663971,False
b35d57fb3.jpg,0.9110304713249208,False
b35d57fb3.jpg,0.8677647709846497,False
b35d57fb3.jpg,0.7389532327651978,False
b35d57fb3.jpg,0.3912326097488403,False
b35d57fb3.jpg,0.0999262034893035,False
b36839a32.jpg,0.3828118741512298,False
b36839a32.jpg,0.0777609497308731,False
b36839a32.jpg,0.0640733242034912,False
b3726e876.jpg,0.8242721557617188,False
b37c9e2e2.jpg,0.3689788579940796,True
b37c9e2e2.jpg,0.0851450115442276,False
b37c9e2e2.jpg,0.0671319738030433,False
b37c9e2e2.jpg,0.0647015422582626,True
b37c9e2e2.jpg,0.0640784800052642,True
b37c9e2e2.jpg,0.0624068565666675,False
b37e838d9.jpg,0.3929298222064972,False
b37e838d9.jpg,0.0853047743439674,False
b37e838d9.jpg,0.0510892309248447,False
b37f303d5.jpg,0.5857847929000854,False
b37f303d5.jpg,0.5043576955795288,False
b39c32f97.jpg,0.8652986884117126,False
b39d8aa2f.jpg,0.4295827746391296,False
b3b0ed544.jpg,0.7727550268173218,False
b3b0ed544.jpg,0.2306439727544784,False
b3b0ed544.jpg,0.1399338096380233,False
b3c5e3cf1.jpg,0.6390624046325684,False
b3e3b5227.jpg,0.6551151275634766,False
b3e7f584b.jpg,0.3945416808128357,False
b3e7f584b.jpg,0.191632330417633,True
b41775758.jpg,0.845099925994873,False
b4270c27a.jpg,0.5104142427444458,False
b4270c27a.jpg,0.4441926181316376,False
b4270c27a.jpg,0.4414235353469848,False
b4270c27a.jpg,0.4270956516265869,False
b4270c27a.jpg,0.401658684015274,False
b4270c27a.jpg,0.3743358254432678,False
b4270c27a.jpg,0.3227367997169494,False
b4270c27a.jpg,0.2586974501609802,False
b4270c27a.jpg,0.1930448561906814,False
b4270c27a.jpg,0.1891658157110214,False
b4270c27a.jpg,0.1455786824226379,False
b4270c27a.jpg,0.1447139233350753,False
b4270c27a.jpg,0.1270816773176193,False
b4270c27a.jpg,0.1215893700718879,False
b4270c27a.jpg,0.1208326146006584,False
b4270c27a.jpg,0.1156895905733108,False
b4270c27a.jpg,0.0721334517002105,False
b4270c27a.jpg,0.0604919269680976,False
b4270c27a.jpg,0.0535171739757061,False
b44507e1c.jpg,0.8167005181312561,False
b474514be.jpg,0.0830266326665878,True
b474514be.jpg,0.0779550671577453,True
b474514be.jpg,0.0715794116258621,True
b474514be.jpg,0.0678550377488136,True
b47c4bdb6.jpg,0.8566420078277588,False
b4b0e7436.jpg,0.9063129425048828,False
b4b0e7436.jpg,0.8031477332115173,False
b4b0e7436.jpg,0.3218622505664825,False
b4b0e7436.jpg,0.2590439915657043,False
b4b0e7436.jpg,0.1041832342743873,False
b4b0e7436.jpg,0.0963790118694305,False
b4b0e7436.jpg,0.0694103091955185,False
b4b0e7436.jpg,0.0525669679045677,True
b4bc2cb6c.jpg,0.8447900414466858,False
b4bc2cb6c.jpg,0.503828227519989,False
b4cc00eb1.jpg,0.2359386980533599,False
b4cc00eb1.jpg,0.1390250921249389,False
b4d7fd3b0.jpg,0.2794029712677002,False
b4d7fd3b0.jpg,0.2637836337089538,False
b4d7fd3b0.jpg,0.1851977705955505,True
b4d7fd3b0.jpg,0.080732986330986,True
b4e0bfdc7.jpg,0.3452998399734497,True
b4e0bfdc7.jpg,0.2600529193878174,False
b4e0bfdc7.jpg,0.2186933308839798,False
b4e0bfdc7.jpg,0.1837097257375717,False
b4e0bfdc7.jpg,0.1343417912721634,True
b4e0bfdc7.jpg,0.1058010384440422,False
b4e0bfdc7.jpg,0.1004803851246833,False
b4e0bfdc7.jpg,0.0953252837061882,False
b4e0bfdc7.jpg,0.084649384021759,True
b4e0bfdc7.jpg,0.0713207572698593,False
b4e0bfdc7.jpg,0.0689419135451316,False
b4e0bfdc7.jpg,0.0664683431386947,False
b4e0bfdc7.jpg,0.0655958577990531,False
b4e0bfdc7.jpg,0.0647789761424064,True
b4e0bfdc7.jpg,0.064089797437191,False
b4e0bfdc7.jpg,0.0636675059795379,False
b4e0bfdc7.jpg,0.0594948604702949,True
b4e0bfdc7.jpg,0.0565003268420696,True
b4e0bfdc7.jpg,0.0552605204284191,True
b4e0bfdc7.jpg,0.0541650764644146,False
b4e51b44b.jpg,0.854619562625885,False
b4e51b44b.jpg,0.3847865164279938,True
b4e51b44b.jpg,0.3244969546794891,True
b4e51b44b.jpg,0.2632472813129425,True
b4f257315.jpg,0.776213526725769,False
b4f257315.jpg,0.4742554724216461,True
b4f257315.jpg,0.1280803680419922,True
b4f257315.jpg,0.0841850861907005,True
b4f257315.jpg,0.0669235661625862,True
b4f257315.jpg,0.0504912845790386,True
b4f8f2177.jpg,0.8954004049301147,False
b4f8f2177.jpg,0.7723388671875,True
b4f8f2177.jpg,0.729030966758728,False
b4f8f2177.jpg,0.7199661731719971,False
b4f8f2177.jpg,0.6012874245643616,True
b4f8f2177.jpg,0.4660371840000152,False
b4f8f2177.jpg,0.1542606949806213,False
b4f8f2177.jpg,0.129646822810173,True
b4f8f2177.jpg,0.1173258423805236,True
b4f8f2177.jpg,0.0799847990274429,False
b4f8f2177.jpg,0.0613144412636756,False
b4f8f2177.jpg,0.0582822635769844,True
b52c4c1cd.jpg,0.5385600924491882,False
b52c4c1cd.jpg,0.4215703010559082,False
b52c4c1cd.jpg,0.3831468820571899,False
b52c4c1cd.jpg,0.1756651550531387,True
b52c4c1cd.jpg,0.1182644367218017,True
b52c4c1cd.jpg,0.0703663825988769,True
b54016b1b.jpg,0.8072973489761353,False
b55c577d4.jpg,0.3860238194465637,False
b55c577d4.jpg,0.3853261172771454,True
b55c577d4.jpg,0.3820111751556396,False
b55c577d4.jpg,0.3731701672077179,False
b55c577d4.jpg,0.3071001470088959,False
b55c577d4.jpg,0.2661900520324707,False
b55c577d4.jpg,0.2530127465724945,True
b55c577d4.jpg,0.2359827160835266,True
b55c577d4.jpg,0.2060700207948684,False
b55c577d4.jpg,0.1923468261957168,False
b55c577d4.jpg,0.1921060532331466,False
b55c577d4.jpg,0.1091990694403648,False
b55c577d4.jpg,0.0627118647098541,False
b56fad4b6.jpg,0.7129322290420532,False
b56fad4b6.jpg,0.6125351190567017,False
b56fad4b6.jpg,0.60858553647995,False
b56fad4b6.jpg,0.5973228216171265,False
b56fad4b6.jpg,0.5689001679420471,False
b56fad4b6.jpg,0.5667096972465515,False
b56fad4b6.jpg,0.5378998517990112,False
b56fad4b6.jpg,0.4610254168510437,False
b56fad4b6.jpg,0.3710648417472839,False
b56fad4b6.jpg,0.352475106716156,False
b56fad4b6.jpg,0.3312314748764038,False
b56fad4b6.jpg,0.3110588490962982,False
b56fad4b6.jpg,0.2384627908468246,False
b56fad4b6.jpg,0.1647522747516632,False
b56fad4b6.jpg,0.1468773484230041,False
b56fad4b6.jpg,0.0983263626694679,False
b56fad4b6.jpg,0.0863633453845977,False
b56fad4b6.jpg,0.0612767450511455,False
b5772bed0.jpg,0.8839297890663147,False
b578eb71e.jpg,0.6219202876091003,False
b578eb71e.jpg,0.5710442066192627,False
b578eb71e.jpg,0.5125832557678223,False
b58f61f6d.jpg,0.0634364485740661,True
b5b3c16cf.jpg,0.3024114966392517,False
b5b3c16cf.jpg,0.1750622689723968,False
b5b3c16cf.jpg,0.1002843230962753,False
b5b975869.jpg,0.4354614019393921,False
b5b975869.jpg,0.167883351445198,False
b5bba50f6.jpg,0.7697547078132629,False
b5dc6cd1b.jpg,0.8822441697120667,False
b5e45403d.jpg,0.4245994389057159,False
b5e45403d.jpg,0.1095153540372848,False
b5e7467ad.jpg,0.8535028100013733,False
b5f12d29b.jpg,0.7252909541130066,False
b5f12d29b.jpg,0.7205603718757629,False
b5f12d29b.jpg,0.5621145367622375,False
b5f12d29b.jpg,0.4038133323192596,False
b5f12d29b.jpg,0.3791249096393585,False
b5f12d29b.jpg,0.2710809409618377,False
b5f12d29b.jpg,0.1825743466615677,False
b5f12d29b.jpg,0.0955874621868133,False
b5f12d29b.jpg,0.0557148046791553,False
b5f12d29b.jpg,0.0540475025773048,False
b5f597bc8.jpg,0.8953520655632019,False
b5f922d64.jpg,0.6075714230537415,False
b5f922d64.jpg,0.5020389556884766,False
b5f922d64.jpg,0.112522654235363,True
b5f922d64.jpg,0.1036632508039474,True
b5f922d64.jpg,0.0987150818109512,True
b5f922d64.jpg,0.0924582555890083,True
b5f922d64.jpg,0.0534007959067821,True
b5f922d64.jpg,0.0507527366280555,True
b5fd6f0ed.jpg,0.8929667472839355,False
b5fd6f0ed.jpg,0.0973104462027549,True
b5fd6f0ed.jpg,0.0746535435318946,True
b5fd6f0ed.jpg,0.0600794069468975,True
b60e00b57.jpg,0.2629759311676025,True
b6104b6b8.jpg,0.616752564907074,False
b6104b6b8.jpg,0.4774428009986877,True
b6104b6b8.jpg,0.4122861325740814,True
b6104b6b8.jpg,0.0851826891303062,True
b6104b6b8.jpg,0.0708523616194725,True
b6230d8d1.jpg,0.8809981346130371,False
b6230d8d1.jpg,0.8571764230728149,False
b6230d8d1.jpg,0.1353890150785446,True
b6230d8d1.jpg,0.0791536569595336,False
b6230d8d1.jpg,0.0638155117630958,True
b64846832.jpg,0.4497947990894317,False
b64846832.jpg,0.0549748092889785,False
b6671293d.jpg,0.8732337355613708,False
b6671293d.jpg,0.7631222605705261,False
b66d8a9d8.jpg,0.2150973677635193,True
b679a4d70.jpg,0.8716092705726624,False
b6915e027.jpg,0.3018642365932464,False
b6915e027.jpg,0.3014687597751617,True
b6915e027.jpg,0.1429641991853714,False
b6915e027.jpg,0.1030725762248039,False
b6a2cef21.jpg,0.2401176244020462,False
b6a2cef21.jpg,0.0755020380020141,False
b6b270d5c.jpg,0.2985866367816925,False
b6b270d5c.jpg,0.2698589265346527,False
b6b270d5c.jpg,0.0677415058016777,False
b6b739c7f.jpg,0.1590998619794845,True
b6b739c7f.jpg,0.1217619180679321,True
b6cafa726.jpg,0.4815990626811981,True
b6cafa726.jpg,0.4161507189273834,True
b6cafa726.jpg,0.2772171199321747,False
b6cafa726.jpg,0.2471412867307663,False
b6cafa726.jpg,0.1557796597480774,False
b6cafa726.jpg,0.1202191039919853,False
b6cafa726.jpg,0.0808352455496788,True
b6cafa726.jpg,0.066691368818283,True
b6da569a1.jpg,0.7800123691558838,False
b6def1fa0.jpg,0.168719545006752,True
b6f3cef73.jpg,0.4775780737400055,False
b6f3cef73.jpg,0.2132747620344162,False
b6f6bb8e3.jpg,0.2933637499809265,False
b6f6bb8e3.jpg,0.2833941578865051,False
b6f6bb8e3.jpg,0.1947962492704391,True
b6f6bb8e3.jpg,0.1914813369512558,False
b6f6bb8e3.jpg,0.1779429316520691,True
b6f6bb8e3.jpg,0.1303990334272384,False
b6f6bb8e3.jpg,0.10197464376688,True
b6f6bb8e3.jpg,0.0986436232924461,True
b6f6bb8e3.jpg,0.0871295481920242,True
b6f6bb8e3.jpg,0.0754052400588989,True
b6f6bb8e3.jpg,0.0629972890019416,True
b6f6bb8e3.jpg,0.0597345903515815,True
b6f9fb684.jpg,0.7160937786102295,False
b6f9fb684.jpg,0.5117422342300415,False
b6f9fb684.jpg,0.076491966843605,False
b6ffd0b57.jpg,0.5668307542800903,False
b6ffd0b57.jpg,0.2263578921556472,False
b6ffd0b57.jpg,0.1932895630598068,True
b6ffd0b57.jpg,0.0752689093351364,True
b6ffd0b57.jpg,0.0649480372667312,True
b6ffd0b57.jpg,0.0556571707129478,True
b71df4976.jpg,0.904732584953308,False
b725e1195.jpg,0.8322614431381226,False
b72dd2631.jpg,0.9380253553390504,False
b72dd2631.jpg,0.6716605424880981,False
b77b94d20.jpg,0.8231679201126099,False
b79bd50c8.jpg,0.7799065113067627,False
b7b5f6dce.jpg,0.9132147431373596,False
b7b5f6dce.jpg,0.9047855734825134,False
b7b7bb05a.jpg,0.8663628101348877,False
b7b7bb05a.jpg,0.8450314998626709,False
b7b7bb05a.jpg,0.8322024941444397,False
b7b7bb05a.jpg,0.6597623229026794,False
b7b7bb05a.jpg,0.3566168546676636,False
b7b7bb05a.jpg,0.1191671714186668,False
b7b7bb05a.jpg,0.1137322932481765,False
b7b7bb05a.jpg,0.0959308221936225,False
b7b7bb05a.jpg,0.0759591236710548,False
b7b7bb05a.jpg,0.0605737939476966,False
b7b7bb05a.jpg,0.0584480948746204,False
b7c5ad4c6.jpg,0.9142560362815856,False
b7c5ad4c6.jpg,0.1123944371938705,True
b7cbe9065.jpg,0.6564410924911499,False
b7cbe9065.jpg,0.6077202558517456,False
b7cbe9065.jpg,0.6006240248680115,False
b7cbe9065.jpg,0.5964850187301636,False
b7cbe9065.jpg,0.4945072829723358,False
b7cbe9065.jpg,0.3284153044223785,True
b7cbe9065.jpg,0.257478266954422,False
b7cbe9065.jpg,0.2490275353193283,False
b7cbe9065.jpg,0.1649546772241592,False
b7cbe9065.jpg,0.1581311225891113,False
b7cbe9065.jpg,0.1391329914331436,False
b7cbe9065.jpg,0.1033654063940048,False
b7cbe9065.jpg,0.0875114351511001,False
b7cbe9065.jpg,0.0815826654434204,True
b7cbe9065.jpg,0.0803153291344642,True
b7cbe9065.jpg,0.0515415072441101,False
b7e2c8d0c.jpg,0.8870422840118408,False
b7ecbbeaa.jpg,0.7545798420906067,False
b7ecbbeaa.jpg,0.4168237447738647,True
b7ecbbeaa.jpg,0.184007242321968,True
b7ecbbeaa.jpg,0.1766602247953415,True
b7ecbbeaa.jpg,0.163027822971344,True
b7ecbbeaa.jpg,0.1192929297685623,True
b7ecbbeaa.jpg,0.065733216702938,True
b7ecbbeaa.jpg,0.059515543282032,True
b80232332.jpg,0.6237590312957764,False
b80fc44ab.jpg,0.9123533964157104,False
b80fc44ab.jpg,0.9089685678482056,False
b80fc44ab.jpg,0.8586246967315674,False
b80fc44ab.jpg,0.78736412525177,False
b80fc44ab.jpg,0.7222422361373901,False
b8112853c.jpg,0.8493852615356445,False
b82d750d8.jpg,0.7032073140144348,True
b82d750d8.jpg,0.1291049271821975,True
b82d750d8.jpg,0.1214736923575401,True
b82d750d8.jpg,0.0870416387915611,True
b82d750d8.jpg,0.0758712515234947,True
b82d750d8.jpg,0.0721698105335235,True
b82d750d8.jpg,0.066304050385952,True
b82d750d8.jpg,0.061522502452135,True
b849dc3ba.jpg,0.8579015135765076,False
b849dc3ba.jpg,0.8225357532501221,False
b8514c8c5.jpg,0.7529635429382324,True
b8514c8c5.jpg,0.0955773070454597,True
b8514c8c5.jpg,0.0642268806695938,True
b86c8d3fe.jpg,0.4101011455059051,False
b86c8d3fe.jpg,0.0819929242134094,False
b874f9944.jpg,0.8513038158416748,False
b874f9944.jpg,0.6753419637680054,False
b88b04651.jpg,0.5274126529693604,False
b88b04651.jpg,0.4788566529750824,False
b88b04651.jpg,0.465235024690628,False
b88b04651.jpg,0.434634268283844,False
b88b04651.jpg,0.4280588626861572,False
b88b04651.jpg,0.3821339011192322,False
b88b04651.jpg,0.3275031745433807,False
b88b04651.jpg,0.2861979007720947,False
b88b04651.jpg,0.2784602344036102,False
b88b04651.jpg,0.2637817859649658,False
b88b04651.jpg,0.2377596050500869,False
b88b04651.jpg,0.2367869019508361,False
b88b04651.jpg,0.2250895798206329,False
b88b04651.jpg,0.2074435502290725,False
b88b04651.jpg,0.1765056103467941,False
b88b04651.jpg,0.1507341414690017,True
b88b04651.jpg,0.1475623250007629,True
b88b04651.jpg,0.1383499950170517,True
b88b04651.jpg,0.1267277896404266,False
b88b04651.jpg,0.1193272471427917,True
b88b04651.jpg,0.112361840903759,True
b88b04651.jpg,0.104937732219696,True
b88b04651.jpg,0.1005188152194023,True
b88b04651.jpg,0.0850252583622932,True
b88b04651.jpg,0.0616490729153156,False
b88b04651.jpg,0.0601555109024047,False
b88fc2460.jpg,0.9061811566352844,False
b8b614d20.jpg,0.9258177876472472,False
b8cea4ad4.jpg,0.8190777897834778,False
b8cea4ad4.jpg,0.8038360476493835,False
b8cea4ad4.jpg,0.6161230206489563,False
b8cea4ad4.jpg,0.1314148008823394,True
b8d61ced2.jpg,0.7912569046020508,False
b8d61ced2.jpg,0.7578704953193665,False
b8d61ced2.jpg,0.7464553713798523,False
b8d61ced2.jpg,0.743525505065918,False
b8d61ced2.jpg,0.6759098172187805,False
b8d61ced2.jpg,0.6361444592475891,False
b8d61ced2.jpg,0.5211041569709778,False
b8d61ced2.jpg,0.4849573671817779,False
b8d61ced2.jpg,0.4756785929203033,False
b8d61ced2.jpg,0.4528542160987854,False
b8d61ced2.jpg,0.4315964579582214,False
b8d61ced2.jpg,0.4160747230052948,False
b8d61ced2.jpg,0.3468127846717834,False
b8d61ced2.jpg,0.3191978335380554,False
b8d61ced2.jpg,0.2385788559913635,False
b8d61ced2.jpg,0.1939747035503387,False
b8d61ced2.jpg,0.1676057428121566,False
b8d61ced2.jpg,0.1463645249605178,False
b8d61ced2.jpg,0.1246105805039405,False
b8d61ced2.jpg,0.0950644016265869,False
b8d61ced2.jpg,0.0904901027679443,True
b8d61ced2.jpg,0.0876825526356697,False
b8d61ced2.jpg,0.070149041712284,False
b8d61ced2.jpg,0.0545127019286155,True
b8e6e815a.jpg,0.5694668889045715,False
b8e6e815a.jpg,0.3502163589000702,False
b8e6e815a.jpg,0.2543539106845855,True
b8e6e815a.jpg,0.0967789217829704,True
b8e6e815a.jpg,0.0857019498944282,True
b8e6e815a.jpg,0.0825577303767204,True
b8e6e815a.jpg,0.0817417055368423,True
b8e8c9ec0.jpg,0.7154061794281006,False
b8e8c9ec0.jpg,0.6266553401947021,False
b8e8c9ec0.jpg,0.3926798701286316,False
b8e8c9ec0.jpg,0.2195042073726654,True
b8e8c9ec0.jpg,0.2045309692621231,True
b8e8c9ec0.jpg,0.1847823709249496,True
b8e8c9ec0.jpg,0.1466561704874038,True
b8e8c9ec0.jpg,0.1454470604658126,True
b8e8c9ec0.jpg,0.1349128186702728,True
b8e8c9ec0.jpg,0.114777036011219,False
b8e8c9ec0.jpg,0.0966960489749908,True
b8e8c9ec0.jpg,0.0750229880213737,True
b8e8c9ec0.jpg,0.0717995464801788,True
b8e8c9ec0.jpg,0.0677252188324928,True
b8e8c9ec0.jpg,0.0660526007413864,True
b8e8c9ec0.jpg,0.0650883615016937,True
b8e8c9ec0.jpg,0.0567519962787628,True
b8e8c9ec0.jpg,0.0549190454185009,True
b8e8c9ec0.jpg,0.0530861355364322,False
b8e8e8fa6.jpg,0.5192225575447083,False
b8e8e8fa6.jpg,0.2778116166591644,False
b8e8e8fa6.jpg,0.2224634289741516,False
b8e8e8fa6.jpg,0.1182882860302925,False
b8e8e8fa6.jpg,0.1167311668395996,False
b8e8e8fa6.jpg,0.0671654865145683,True
b8f954f45.jpg,0.4812964498996734,False
b8f954f45.jpg,0.411730945110321,True
b8f954f45.jpg,0.1175721362233161,False
b902aa0a0.jpg,0.9033436179161072,False
b90356332.jpg,0.8695968985557556,False
b90356332.jpg,0.7460793852806091,False
b90356332.jpg,0.1957055926322937,True
b90356332.jpg,0.1104974001646041,True
b90356332.jpg,0.1096069887280464,True
b90356332.jpg,0.0820700526237487,True
b9083aada.jpg,0.4266864061355591,False
b9083aada.jpg,0.2569556832313537,True
b9083aada.jpg,0.2491136789321899,False
b9083aada.jpg,0.2034053653478622,False
b9083aada.jpg,0.1482427716255188,False
b9083aada.jpg,0.127117708325386,True
b9083aada.jpg,0.1219952479004859,False
b9083aada.jpg,0.0727716609835624,True
b914c3c8a.jpg,0.941245973110199,False
b9270cae6.jpg,0.2881315052509308,False
b9270cae6.jpg,0.1066619679331779,False
b9270cae6.jpg,0.0679318308830261,False
b94ae3222.jpg,0.2579048573970794,False
b94ae3222.jpg,0.2273922711610794,False
b94ae3222.jpg,0.2192318737506866,False
b94ae3222.jpg,0.0939796864986419,True
b94ae3222.jpg,0.0559462420642375,False
b94ae3222.jpg,0.0528427027165889,True
b94d2bfd1.jpg,0.8332467079162598,False
b94d2bfd1.jpg,0.7842885851860046,False
b94d2bfd1.jpg,0.1305950134992599,True
b94d2bfd1.jpg,0.0890669226646423,True
b953d7546.jpg,0.4631983339786529,False
b953d7546.jpg,0.3531528115272522,False
b953d7546.jpg,0.0722380802035331,False
b95e29029.jpg,0.7732267379760742,False
b95e29029.jpg,0.3543113172054291,False
b95e29029.jpg,0.3316232562065124,False
b95e29029.jpg,0.2076661139726638,True
b95e29029.jpg,0.109027974307537,False
b95e29029.jpg,0.0682295784354209,True
b95e29029.jpg,0.0636882036924362,True
b9613cf8c.jpg,0.8101659417152405,False
b9613cf8c.jpg,0.4734663069248199,True
b9643a242.jpg,0.8193669319152832,False
b9643a242.jpg,0.534196674823761,True
b9643a242.jpg,0.3654097020626068,False
b9643a242.jpg,0.3329702019691467,True
b9643a242.jpg,0.3158720731735229,False
b9643a242.jpg,0.2120415568351745,True
b9643a242.jpg,0.1980197131633758,False
b9643a242.jpg,0.1727613359689712,False
b9643a242.jpg,0.1657043546438217,False
b9643a242.jpg,0.1639903783798217,True
b9643a242.jpg,0.1524669378995895,True
b9643a242.jpg,0.1145369559526443,True
b9643a242.jpg,0.114205002784729,True
b9643a242.jpg,0.1131140813231468,True
b9643a242.jpg,0.0734546333551406,True
b9643a242.jpg,0.0636172965168953,True
b9643a242.jpg,0.0584985502064228,True
b966c8c47.jpg,0.4096564054489136,False
b966c8c47.jpg,0.2254226058721542,False
b96837cb6.jpg,0.8460618257522583,False
b96837cb6.jpg,0.4720818698406219,False
b9720e40e.jpg,0.5674021244049072,False
b981fbaa9.jpg,0.2794959247112274,True
b98b44064.jpg,0.8356602787971497,False
b98b44064.jpg,0.8325797319412231,False
b98b44064.jpg,0.7943140864372253,False
b98b44064.jpg,0.7921113967895508,False
b98b44064.jpg,0.6603281497955322,False
b98b44064.jpg,0.4210584759712219,False
b99654137.jpg,0.9261045455932616,False
b99654137.jpg,0.6132437586784363,True
b9ad06f8a.jpg,0.5131832957267761,False
b9ad06f8a.jpg,0.499993085861206,False
b9ad06f8a.jpg,0.2455914169549942,False
b9ad06f8a.jpg,0.0512453988194465,False
b9b1b9be8.jpg,0.5048682689666748,False
b9b1b9be8.jpg,0.1380684077739715,True
b9b1b9be8.jpg,0.1342806369066238,False
b9b1b9be8.jpg,0.1187712848186492,False
b9be79b94.jpg,0.9142096638679504,False
b9d251c1e.jpg,0.9291800856590272,False
b9e5d1bd2.jpg,0.3603151440620422,False
b9e5d1bd2.jpg,0.3222413957118988,False
b9e5d1bd2.jpg,0.2948198318481445,True
b9e5d1bd2.jpg,0.2569864690303802,True
b9f224552.jpg,0.3260269463062286,False
b9f224552.jpg,0.2289247363805771,True
b9f224552.jpg,0.176782876253128,False
b9f224552.jpg,0.1453670114278793,True
b9f224552.jpg,0.1306754797697067,False
b9f224552.jpg,0.0920991897583007,False
b9f224552.jpg,0.0879220813512802,False
b9f224552.jpg,0.0797932147979736,False
b9f224552.jpg,0.0569090023636817,True
b9fa223c8.jpg,0.2600987255573272,False
b9fa223c8.jpg,0.2424350082874298,False
b9fa223c8.jpg,0.2283943146467209,True
b9fa223c8.jpg,0.1083955541253089,True
ba02af274.jpg,0.924384593963623,False
ba02af274.jpg,0.3830623924732208,False
ba02af274.jpg,0.3434303104877472,False
ba02af274.jpg,0.283575564622879,False
ba02af274.jpg,0.1517882347106933,False
ba02af274.jpg,0.0612295009195804,False
ba02af274.jpg,0.058282520622015,False
ba02cbe94.jpg,0.8733214735984802,False
ba02cbe94.jpg,0.8731419444084167,False
ba20a371d.jpg,0.8139346837997437,False
ba2227633.jpg,0.7490858435630798,False
ba2227633.jpg,0.5246232151985168,False
ba2227633.jpg,0.1754504442214965,False
ba3f97dc3.jpg,0.1177348867058754,True
ba3f97dc3.jpg,0.1059598475694656,True
ba3f97dc3.jpg,0.0595508553087711,True
ba556a187.jpg,0.8858824372291565,False
ba63044dd.jpg,0.1796862632036209,True
ba63044dd.jpg,0.1094430983066558,True
ba63044dd.jpg,0.0577371679246425,False
ba65be9ac.jpg,0.8950588703155518,False
ba9b6cd4e.jpg,0.8622539043426514,False
ba9b6cd4e.jpg,0.0525450706481933,True
baa66afec.jpg,0.8323108553886414,False
baa66afec.jpg,0.2923276126384735,True
baa66afec.jpg,0.2442042976617813,False
baa66afec.jpg,0.1548177301883697,True
baa66afec.jpg,0.1243598312139511,True
baa66afec.jpg,0.0795113667845726,False
baa66afec.jpg,0.0644231215119361,True
bacb8efe2.jpg,0.9205181002616882,False
bacb8efe2.jpg,0.7186895608901978,False
bacb8efe2.jpg,0.2147299200296402,False
bacb8efe2.jpg,0.1717914640903473,False
bacddfd1e.jpg,0.9097938537597656,False
badcf0731.jpg,0.5332440733909607,False
bae1ed628.jpg,0.8488107323646545,False
bb0e0877d.jpg,0.4111799001693725,True
bb0e0877d.jpg,0.3805392980575561,False
bb0e0877d.jpg,0.1180771365761756,True
bb0e0877d.jpg,0.0984768792986869,False
bb0e0877d.jpg,0.0566591769456863,True
bb131ee45.jpg,0.8176572322845459,False
bb1a2a7eb.jpg,0.817812442779541,False
bb1a2a7eb.jpg,0.7926828265190125,False
bb312942d.jpg,0.8536043167114258,False
bb312942d.jpg,0.3431783020496368,True
bb312942d.jpg,0.1191584765911102,True
bb312942d.jpg,0.0634985193610191,True
bb312942d.jpg,0.0592032633721828,True
bb312942d.jpg,0.0501456819474697,True
bb40cd9c5.jpg,0.8930495381355286,False
bb64b45cd.jpg,0.6396872401237488,False
bb64b45cd.jpg,0.4985914230346679,True
bb64b45cd.jpg,0.3706564009189605,False
bb64b45cd.jpg,0.3244500160217285,True
bb64b45cd.jpg,0.274410605430603,True
bb64b45cd.jpg,0.1638555526733398,True
bb64b45cd.jpg,0.1197307184338569,False
bb64b45cd.jpg,0.0965541228652,True
bb64b45cd.jpg,0.0794745907187461,True
bb64b45cd.jpg,0.0677028447389602,True
bb64b45cd.jpg,0.0527887679636478,True
bb711cfdd.jpg,0.5312216877937317,False
bb711cfdd.jpg,0.4318473041057586,False
bb711cfdd.jpg,0.4288793802261352,False
bb711cfdd.jpg,0.3396987318992615,False
bb711cfdd.jpg,0.3043153882026672,False
bb711cfdd.jpg,0.1676219701766967,False
bb711cfdd.jpg,0.157036080956459,False
bb711cfdd.jpg,0.1222070232033729,False
bb711cfdd.jpg,0.1059036776423454,False
bb711cfdd.jpg,0.0760760828852653,False
bb711cfdd.jpg,0.0718799158930778,False
bb711cfdd.jpg,0.0620120726525783,False
bb79f34a6.jpg,0.6420400142669678,False
bb79f34a6.jpg,0.0839459598064422,False
bb7f24d8e.jpg,0.5613812208175659,False
bb7f24d8e.jpg,0.0661000832915306,False
bb9606665.jpg,0.9317458868026732,False
bb9606665.jpg,0.5826859474182129,False
bb9606665.jpg,0.1122103482484817,True
bb982c78c.jpg,0.866904079914093,False
bba94b7d2.jpg,0.0701710060238838,True
bbbe346b9.jpg,0.3626509308815002,False
bbbe346b9.jpg,0.2370649874210357,False
bbbe346b9.jpg,0.0549494735896587,False
bbbe346b9.jpg,0.0512111224234104,False
bbc7b8ca2.jpg,0.8380782008171082,False
bbcee356b.jpg,0.8622673153877258,False
bbcee356b.jpg,0.7415575981140137,False
bbcee356b.jpg,0.699745774269104,True
bbcee356b.jpg,0.5087242722511292,True
bbcee356b.jpg,0.2727692723274231,True
bbcee356b.jpg,0.132491648197174,True
bbcee356b.jpg,0.1237642765045166,True
bbcee356b.jpg,0.0809275954961776,True
bbcee356b.jpg,0.0722255483269691,True
bbcee356b.jpg,0.0710501298308372,True
bbcee356b.jpg,0.0535207912325859,True
bbfda95e0.jpg,0.1019328534603118,False
bbfda95e0.jpg,0.0892340391874313,False
bbfda95e0.jpg,0.0559858456254005,False
bc27ab5b2.jpg,0.4432709217071533,False
bc27ab5b2.jpg,0.1087262853980064,True
bc2b319f5.jpg,0.2649053037166595,False
bc2b319f5.jpg,0.2069129794836044,True
bc2b319f5.jpg,0.104419969022274,True
bc2b319f5.jpg,0.1042406186461448,False
bc2b319f5.jpg,0.1021520644426345,False
bc2b319f5.jpg,0.0913555845618248,True
bc2b319f5.jpg,0.0831828638911247,False
bc2b319f5.jpg,0.0829166620969772,True
bc2b319f5.jpg,0.0767494514584541,True
bc2b319f5.jpg,0.076043039560318,False
bc2b319f5.jpg,0.0735630169510841,True
bc4582aa5.jpg,0.8387833833694458,False
bc478d3a2.jpg,0.5581005215644836,False
bc478d3a2.jpg,0.0907169580459594,False
bc478d3a2.jpg,0.0568570718169212,False
bc6978326.jpg,0.4576363563537597,False
bc6978326.jpg,0.4095786511898041,False
bc6978326.jpg,0.2090947180986404,False
bc6978326.jpg,0.1639608293771743,False
bc6978326.jpg,0.0511353909969329,True
bc75553d3.jpg,0.5215001702308655,False
bc75553d3.jpg,0.354297786951065,False
bc75553d3.jpg,0.1449277102947235,False
bc75553d3.jpg,0.13243168592453,False
bc75553d3.jpg,0.0790327861905098,False
bc8aa3f73.jpg,0.8621661067008972,False
bc8aa3f73.jpg,0.0831673443317413,True
bc8e96524.jpg,0.2057191133499145,True
bc8e96524.jpg,0.1271497160196304,True
bc8e96524.jpg,0.0844600424170494,False
bc9a537aa.jpg,0.785351574420929,False
bc9a537aa.jpg,0.418756365776062,False
bc9a537aa.jpg,0.3771830201148987,False
bc9a537aa.jpg,0.3125729560852051,False
bc9a537aa.jpg,0.3082881569862366,False
bc9a537aa.jpg,0.2425191700458526,False
bc9a537aa.jpg,0.2335576266050338,False
bc9a537aa.jpg,0.1990828365087509,True
bc9a537aa.jpg,0.1807720512151718,False
bc9a537aa.jpg,0.1539698392152786,False
bc9a537aa.jpg,0.0606642365455627,False
bc9a537aa.jpg,0.0601323433220386,False
bc9a537aa.jpg,0.0576309449970722,False
bc9bab774.jpg,0.866027295589447,False
bcbbaf020.jpg,0.8591117858886719,False
bcdbf2386.jpg,0.8690970540046692,False
bd2a67aed.jpg,0.8368613719940186,False
bd3347da7.jpg,0.846990704536438,False
bd373a745.jpg,0.3795366883277893,True
bd373a745.jpg,0.3586541712284088,False
bd373a745.jpg,0.2053645849227905,False
bd373a745.jpg,0.0865624397993087,False
bd373a745.jpg,0.0597404316067695,True
bd44bd7bc.jpg,0.9214383363723756,False
bd44bd7bc.jpg,0.7864757180213928,False
bd583e62d.jpg,0.4153860211372375,False
bd7cde303.jpg,0.6845437288284302,False
bd7f1beb0.jpg,0.4973695576190948,False
bd7f1beb0.jpg,0.2302767038345337,False
bd7f1beb0.jpg,0.180740550160408,True
bd7f1beb0.jpg,0.085027202963829,True
bd84abcb4.jpg,0.924707293510437,False
bd85640e7.jpg,0.8222001194953918,False
bd8599ecf.jpg,0.1935241967439651,False
bd99a44df.jpg,0.1577255874872207,False
bdb9a38f7.jpg,0.6349344849586487,False
bdb9a38f7.jpg,0.4936445951461792,False
bdb9a38f7.jpg,0.3709022998809814,True
bdb9a38f7.jpg,0.0685088187456131,False
bdbce3d60.jpg,0.1147343069314956,False
bdbce3d60.jpg,0.1046953350305557,True
bdbce3d60.jpg,0.0925837308168411,True
bdbce3d60.jpg,0.062660701572895,True
bdc25fbd9.jpg,0.7035896182060242,False
bdc25fbd9.jpg,0.1573575288057327,False
bdc56a1e6.jpg,0.6826175451278687,False
bdc56a1e6.jpg,0.5879696011543274,False
bdc56a1e6.jpg,0.3742159008979797,False
bdc56a1e6.jpg,0.1823558211326599,False
bdc56a1e6.jpg,0.1784255653619766,False
bdca46ebe.jpg,0.5653403401374817,False
bdca46ebe.jpg,0.4749569594860077,False
bdca46ebe.jpg,0.4210254251956939,False
bdca46ebe.jpg,0.118229366838932,True
bdd3266d4.jpg,0.8318479657173157,False
bdd3266d4.jpg,0.8030220866203308,True
bdd3266d4.jpg,0.540928840637207,True
bdd3266d4.jpg,0.1289165914058685,True
bdd3266d4.jpg,0.0735936015844345,True
bdd3e46fd.jpg,0.8174166083335876,False
bdd3e46fd.jpg,0.7182891964912415,False
bdd3e46fd.jpg,0.3967342376708984,True
bdd3e46fd.jpg,0.3353893458843231,True
bdd3e46fd.jpg,0.3328866362571716,True
bdd3e46fd.jpg,0.2952104806900024,True
bdd3e46fd.jpg,0.2439141571521759,True
bdd3e46fd.jpg,0.2404070496559143,True
bdd3e46fd.jpg,0.2195701152086258,True
bdd3e46fd.jpg,0.2028463035821914,True
bdd3e46fd.jpg,0.1949002891778946,True
bdd3e46fd.jpg,0.1946312189102172,True
bdd3e46fd.jpg,0.1767180860042572,True
bdd3e46fd.jpg,0.1686752736568451,True
bdd3e46fd.jpg,0.1345937997102737,True
bdd3e46fd.jpg,0.121394857764244,True
bdd3e46fd.jpg,0.1202610731124877,True
bdd3e46fd.jpg,0.0987260341644287,True
bdd3e46fd.jpg,0.0918799713253974,True
bdd3e46fd.jpg,0.0892705991864204,True
bdd3e46fd.jpg,0.0751664564013481,True
bdd3e46fd.jpg,0.0621872022747993,True
bdd3e46fd.jpg,0.0563374608755111,True
bdd3e46fd.jpg,0.0553810782730579,True
bdd3e46fd.jpg,0.0522116273641586,True
bde74b103.jpg,0.6678350567817688,False
bde74b103.jpg,0.5104015469551086,False
bde74b103.jpg,0.3761870861053467,False
bde74b103.jpg,0.3361639678478241,False
bde74b103.jpg,0.3104037344455719,False
bde74b103.jpg,0.2850752472877502,False
bde74b103.jpg,0.2127332687377929,False
bde74b103.jpg,0.1561707407236099,False
bde74b103.jpg,0.1477430760860443,True
bde74b103.jpg,0.1172663494944572,False
bde74b103.jpg,0.0994954630732536,False
bde74b103.jpg,0.0707245394587516,False
bde74b103.jpg,0.0564162246882915,False
bde74b103.jpg,0.0537639744579792,False
bde74b103.jpg,0.0535260140895843,False
bde74b103.jpg,0.0511162169277668,False
be0cab659.jpg,0.6644079089164734,False
be257a533.jpg,0.3616734147071838,False
be257a533.jpg,0.3456773161888122,False
be257a533.jpg,0.1899040192365646,False
be257a533.jpg,0.1622788906097412,True
be257a533.jpg,0.0679903626441955,False
be30e2101.jpg,0.8028897047042847,False
be30e2101.jpg,0.7798513770103455,False
be30e2101.jpg,0.7732467651367188,False
be30e2101.jpg,0.6252260804176331,False
be30e2101.jpg,0.6199008822441101,False
be30e2101.jpg,0.5461966395378113,False
be30e2101.jpg,0.4081744849681854,False
be30e2101.jpg,0.3984992206096649,False
be30e2101.jpg,0.2992698550224304,False
be30e2101.jpg,0.1593367457389831,True
be30e2101.jpg,0.0808350816369056,True
be30e2101.jpg,0.0785189867019653,False
be30e2101.jpg,0.0740595683455467,False
be30e2101.jpg,0.0550409629940986,False
be32de034.jpg,0.848944902420044,False
be32de034.jpg,0.1299926340579986,True
be32de034.jpg,0.0606268905103206,True
be71be18f.jpg,0.9195543527603148,False
be71be18f.jpg,0.911152184009552,False
be71be18f.jpg,0.8267452716827393,False
be71be18f.jpg,0.7442224621772766,False
be71be18f.jpg,0.1562063694000244,True
be754b1c5.jpg,0.7764859199523926,False
be894b12f.jpg,0.8525829315185547,False
be894b12f.jpg,0.0520136281847953,True
be9f5ea4f.jpg,0.6662077903747559,False
be9f5ea4f.jpg,0.5410001277923584,False
be9f5ea4f.jpg,0.0839772224426269,False
beaff72b9.jpg,0.2154019027948379,False
beaff72b9.jpg,0.2010990679264068,False
beaff72b9.jpg,0.1469856351613998,True
beaff72b9.jpg,0.0843032896518707,False
beaff72b9.jpg,0.0624366886913776,True
beaff72b9.jpg,0.0536306574940681,False
bedb8e666.jpg,0.6738640069961548,False
bedb8e666.jpg,0.6495104432106018,False
bedb8e666.jpg,0.6402895450592041,False
bedb8e666.jpg,0.5301646590232849,False
bedb8e666.jpg,0.5212019085884094,False
bedb8e666.jpg,0.4977908432483673,False
bedb8e666.jpg,0.4450960755348205,False
bedb8e666.jpg,0.3714151084423065,False
bedb8e666.jpg,0.3642051815986633,False
bedb8e666.jpg,0.3605199158191681,False
bedb8e666.jpg,0.2891239523887634,False
bedb8e666.jpg,0.287265419960022,False
bedb8e666.jpg,0.2539040148258209,False
bedb8e666.jpg,0.2489790171384811,False
bedb8e666.jpg,0.2175778746604919,False
bedb8e666.jpg,0.133509561419487,True
bedb8e666.jpg,0.0664814189076423,False
bedb8e666.jpg,0.0642130598425865,True
bedb8e666.jpg,0.0568619631230831,False
bedb8e666.jpg,0.0527279525995254,False
beddd60c7.jpg,0.5475382804870605,False
beddd60c7.jpg,0.1591468900442123,True
beddd60c7.jpg,0.1312445253133773,True
beddd60c7.jpg,0.1110026016831398,True
beddd60c7.jpg,0.0758991241455078,False
beddd60c7.jpg,0.0572376251220703,True
bedecab71.jpg,0.9418335556983948,False
bedecab71.jpg,0.0625550895929336,True
beede0422.jpg,0.7569382786750793,False
beede0422.jpg,0.7068436145782471,False
beef2d965.jpg,0.277532160282135,False
beef2d965.jpg,0.221136599779129,False
beef2d965.jpg,0.1594562232494354,False
bf0a8fa75.jpg,0.2869727313518524,False
bf0a8fa75.jpg,0.1535977125167846,False
bf0b77ff5.jpg,0.9196610450744628,False
bf2ed6e0f.jpg,0.8450208306312561,False
bf4a2d07a.jpg,0.2992036640644073,False
bf4a2d07a.jpg,0.2136980593204498,False
bf4a2d07a.jpg,0.0565877556800842,False
bf4a2d07a.jpg,0.0504945740103721,False
bf563bde6.jpg,0.9184568524360656,False
bf861b8d7.jpg,0.8755875825881958,False
bf861c7a9.jpg,0.4028564095497131,False
bf861c7a9.jpg,0.1779790818691253,True
bf890b991.jpg,0.0757611617445945,True
bf890b991.jpg,0.0654724016785621,True
bf890b991.jpg,0.0581255890429019,True
bf98e1846.jpg,0.4664759933948517,True
bf98e1846.jpg,0.3293845653533935,False
bf98e1846.jpg,0.2522000968456268,True
bf98e1846.jpg,0.1787686794996261,False
bf98e1846.jpg,0.090030625462532,False
bf98e1846.jpg,0.0561678782105445,False
bf9c08c1e.jpg,0.8330433964729309,False
bfaaf78ac.jpg,0.9289343357086182,False
bfaaf78ac.jpg,0.8432027697563171,False
bfb9f7dbe.jpg,0.0532068312168121,False
bfbcc0477.jpg,0.918772518634796,False
bfbcc0477.jpg,0.8372799158096313,True
bfbcc0477.jpg,0.7175688743591309,True
bfbcc0477.jpg,0.1798552870750427,True
bfc5da848.jpg,0.8286358714103699,False
bfd0ccdb0.jpg,0.7591901421546936,False
bfd0ccdb0.jpg,0.7507660388946533,False
bfd0ccdb0.jpg,0.7369340062141418,False
bfd0ccdb0.jpg,0.7092207670211792,False
bfd0ccdb0.jpg,0.692168116569519,False
bfd0ccdb0.jpg,0.6280737519264221,False
bfd0ccdb0.jpg,0.4243555963039398,True
bfd0ccdb0.jpg,0.4099466800689697,True
bfd0ccdb0.jpg,0.2143892347812652,True
bfd0ccdb0.jpg,0.1967613697052002,True
bfd0ccdb0.jpg,0.1628108769655227,True
bfd0ccdb0.jpg,0.1106313169002533,True
bfd0ccdb0.jpg,0.102736160159111,True
bfd0ccdb0.jpg,0.0852182134985923,True
bfd0ccdb0.jpg,0.0639088749885559,False
bfd0ccdb0.jpg,0.0529781728982925,True
bfd823419.jpg,0.8686782717704773,False
bfd823419.jpg,0.0793529897928237,True
bff440d09.jpg,0.8447864055633545,False
bff440d09.jpg,0.8281612992286682,False
bffb50d92.jpg,0.6473028659820557,False
bffb50d92.jpg,0.053394965827465,False
bfffcf834.jpg,0.9001615047454834,False
bfffcf834.jpg,0.8394830226898193,False
c00c0311d.jpg,0.8484141826629639,False
c00c0311d.jpg,0.124562032520771,True
c00c0311d.jpg,0.0863744094967842,True
c00c0311d.jpg,0.0660788714885711,True
c00c0311d.jpg,0.0598797872662544,True
c012b2df1.jpg,0.625613808631897,False
c012b2df1.jpg,0.278881311416626,True
c012b2df1.jpg,0.2375985532999038,True
c012b2df1.jpg,0.1355371177196502,True
c012b2df1.jpg,0.1292157918214798,True
c012b2df1.jpg,0.105592705309391,True
c012b2df1.jpg,0.1037351563572883,True
c012b2df1.jpg,0.0897041112184524,True
c012b2df1.jpg,0.079233206808567,True
c012b2df1.jpg,0.0771580412983894,True
c012b2df1.jpg,0.0767050087451934,True
c012b2df1.jpg,0.0750155076384544,False
c012b2df1.jpg,0.064188539981842,True
c012b2df1.jpg,0.0622254349291324,True
c012b2df1.jpg,0.051252357661724,True
c012b2df1.jpg,0.0511901825666427,True
c023cf80d.jpg,0.2094124257564544,True
c023cf80d.jpg,0.1796033382415771,False
c023cf80d.jpg,0.1033783182501792,False
c023cf80d.jpg,0.0891476571559906,False
c02a1ee0a.jpg,0.7149779796600342,False
c02a1ee0a.jpg,0.7093774676322937,False
c02a1ee0a.jpg,0.567452609539032,False
c02a1ee0a.jpg,0.5411322712898254,False
c02a1ee0a.jpg,0.5340948700904846,False
c02a1ee0a.jpg,0.5311053395271301,False
c02a1ee0a.jpg,0.423391580581665,False
c02a1ee0a.jpg,0.3871482610702514,False
c02a1ee0a.jpg,0.345726728439331,False
c02a1ee0a.jpg,0.3028302192687988,False
c02a1ee0a.jpg,0.2974131405353546,False
c02a1ee0a.jpg,0.2943598330020904,False
c02a1ee0a.jpg,0.293072909116745,False
c02a1ee0a.jpg,0.220233529806137,False
c02a1ee0a.jpg,0.1951227635145187,True
c02a1ee0a.jpg,0.1819483041763305,False
c02a1ee0a.jpg,0.1644973158836364,False
c02a1ee0a.jpg,0.1464753895998001,False
c02a1ee0a.jpg,0.1428132355213165,False
c02a1ee0a.jpg,0.140601247549057,False
c02a1ee0a.jpg,0.1102772653102874,False
c02a1ee0a.jpg,0.0750015154480934,False
c02a1ee0a.jpg,0.0721248760819435,False
c02a1ee0a.jpg,0.0525866076350212,False
c02be9269.jpg,0.5262083411216736,False
c04440f78.jpg,0.4521682858467102,False
c04440f78.jpg,0.1264378428459167,False
c04dd2134.jpg,0.6254464387893677,False
c051468af.jpg,0.8521482348442078,False
c05d43143.jpg,0.8545660972595215,False
c062957f2.jpg,0.9158604741096495,False
c06ab9e0f.jpg,0.6930791735649109,True
c06ab9e0f.jpg,0.6211533546447754,True
c06ab9e0f.jpg,0.5104471445083618,False
c06ab9e0f.jpg,0.4050568044185638,False
c06ab9e0f.jpg,0.4043999016284942,False
c06ab9e0f.jpg,0.3801718056201935,False
c06ab9e0f.jpg,0.3688060939311981,False
c06ab9e0f.jpg,0.3373027741909027,False
c06ab9e0f.jpg,0.2753422260284424,False
c06ab9e0f.jpg,0.260083943605423,True
c06ab9e0f.jpg,0.2346076369285583,False
c06ab9e0f.jpg,0.231850579380989,True
c06ab9e0f.jpg,0.2187972962856292,True
c06ab9e0f.jpg,0.2104278206825256,False
c06ab9e0f.jpg,0.1040104255080223,True
c06ab9e0f.jpg,0.0867180526256561,True
c06ab9e0f.jpg,0.0698936209082603,True
c06ab9e0f.jpg,0.0607716552913188,True
c06ab9e0f.jpg,0.0555142648518085,False
c06ab9e0f.jpg,0.0524501800537109,True
c0a2aa92f.jpg,0.2762376666069031,False
c0a2aa92f.jpg,0.2223348319530487,False
c0a2aa92f.jpg,0.120235338807106,False
c0a2aa92f.jpg,0.0717855915427208,False
c0c5c40d0.jpg,0.8400898575782776,False
c0c5c40d0.jpg,0.812664270401001,False
c0c5c40d0.jpg,0.1424704492092132,False
c0c5c40d0.jpg,0.1319903582334518,True
c0cae9708.jpg,0.8799737691879272,False
c0cffa57b.jpg,0.8879725337028503,False
c0e1bd8c6.jpg,0.917161464691162,False
c0e1bd8c6.jpg,0.1099230870604515,True
c0e3b3c03.jpg,0.5934873819351196,False
c0e45f5b0.jpg,0.9195005297660828,False
c0e45f5b0.jpg,0.9111600518226624,False
c0e45f5b0.jpg,0.7429941296577454,False
c0e45f5b0.jpg,0.1564095467329025,True
c0f49631a.jpg,0.4562606811523437,False
c0f49631a.jpg,0.4088151752948761,False
c0f49631a.jpg,0.2783486545085907,False
c0f49631a.jpg,0.2098120898008346,False
c0f8f0e36.jpg,0.8407326340675354,False
c10c45e9e.jpg,0.9224163889884948,False
c10c45e9e.jpg,0.9142903089523317,False
c10c45e9e.jpg,0.906637966632843,False
c10c45e9e.jpg,0.8364932537078857,False
c10c45e9e.jpg,0.348058134317398,False
c10c45e9e.jpg,0.3124295473098755,True
c10cc5ed5.jpg,0.9312559366226196,False
c10cc5ed5.jpg,0.4067181646823883,False
c10cc5ed5.jpg,0.2170399129390716,False
c10cc5ed5.jpg,0.2021393477916717,False
c10cc5ed5.jpg,0.0815007239580154,False
c1142e607.jpg,0.9255371689796448,False
c1142e607.jpg,0.615217924118042,True
c136a2d52.jpg,0.7236307859420776,False
c136a2d52.jpg,0.2848142981529236,False
c136a2d52.jpg,0.1893131732940673,True
c136a2d52.jpg,0.1271414905786514,True
c136a2d52.jpg,0.0807593613862991,True
c136a2d52.jpg,0.0799413323402404,False
c14e001f4.jpg,0.6383671760559082,False
c14e001f4.jpg,0.3589345514774322,True
c14e001f4.jpg,0.1939256340265274,True
c14faa0a5.jpg,0.8942705988883972,False
c14faa0a5.jpg,0.0657147765159607,True
c150a8bf0.jpg,0.4429682791233063,False
c150a8bf0.jpg,0.1026501730084419,True
c151efb9c.jpg,0.6319370269775391,False
c151efb9c.jpg,0.4928195476531982,False
c151efb9c.jpg,0.2216763198375702,False
c151efb9c.jpg,0.2129110991954803,True
c151efb9c.jpg,0.1596365272998809,True
c151efb9c.jpg,0.136462390422821,True
c151efb9c.jpg,0.1054900363087654,True
c151efb9c.jpg,0.0839999914169311,True
c151efb9c.jpg,0.0504443608224391,True
c156586cf.jpg,0.3731097280979156,False
c156586cf.jpg,0.0645862743258476,False
c1697c4c9.jpg,0.8878519535064697,False
c17a3e3fd.jpg,0.539385199546814,False
c17a3e3fd.jpg,0.4964500665664673,True
c17a3e3fd.jpg,0.3679816424846649,False
c17a3e3fd.jpg,0.3608483970165252,False
c17a3e3fd.jpg,0.1908497512340545,False
c17a3e3fd.jpg,0.1530037224292755,True
c17a3e3fd.jpg,0.1299925148487091,True
c17a3e3fd.jpg,0.1199329867959022,True
c17a3e3fd.jpg,0.0725235566496849,True
c180b9bfe.jpg,0.3918901681900024,False
c180b9bfe.jpg,0.1553151607513427,False
c180b9bfe.jpg,0.1495984643697738,True
c180b9bfe.jpg,0.1340613365173339,True
c180b9bfe.jpg,0.1278603821992874,False
c180b9bfe.jpg,0.1152895018458366,False
c180b9bfe.jpg,0.080911099910736,False
c180b9bfe.jpg,0.0690994933247566,False
c18a9eef0.jpg,0.8814648985862732,False
c18b525e8.jpg,0.8963257670402527,False
c193c16ff.jpg,0.7345353364944458,False
c193c16ff.jpg,0.7272055745124817,False
c193c16ff.jpg,0.6186011433601379,False
c193c16ff.jpg,0.5964288115501404,False
c193c16ff.jpg,0.5816280245780945,False
c193c16ff.jpg,0.4518123269081116,False
c193c16ff.jpg,0.4376133978366852,False
c193c16ff.jpg,0.1956833750009536,True
c193c16ff.jpg,0.1908218562602996,False
c193c16ff.jpg,0.1813943088054657,False
c193c16ff.jpg,0.1360919028520584,False
c193c16ff.jpg,0.1203320622444152,False
c193c16ff.jpg,0.1042911633849144,True
c193c16ff.jpg,0.1020937412977218,True
c193c16ff.jpg,0.0872484445571899,False
c193c16ff.jpg,0.0681050643324852,False
c193c16ff.jpg,0.0671049579977989,False
c193c16ff.jpg,0.065598115324974,False
c193c16ff.jpg,0.0618860907852649,False
c1a655aea.jpg,0.8338858485221863,False
c1e7eef55.jpg,0.1801332086324691,True
c1f8e3a44.jpg,0.4329557716846466,False
c1f8e3a44.jpg,0.1086154207587242,False
c209465de.jpg,0.5708014965057373,False
c209465de.jpg,0.0944433584809303,True
c209465de.jpg,0.0603791326284408,True
c218e58a6.jpg,0.9055415987968444,False
c21bb467e.jpg,0.26475989818573,False
c21bb467e.jpg,0.1691423654556274,True
c21bb467e.jpg,0.1280548572540283,True
c21bb467e.jpg,0.0994465574622154,True
c21bb467e.jpg,0.0863706469535827,True
c21bb467e.jpg,0.0763051137328147,True
c2212d548.jpg,0.9099831581115724,False
c2212d548.jpg,0.138155311346054,True
c2582ad75.jpg,0.5747511982917786,False
c2582ad75.jpg,0.1059565097093582,False
c25b6a8d6.jpg,0.7859687209129333,False
c25b6a8d6.jpg,0.783489465713501,False
c25b6a8d6.jpg,0.6491302251815796,False
c25b6a8d6.jpg,0.5258879065513611,True
c25b6a8d6.jpg,0.2945582866668701,True
c25b6a8d6.jpg,0.262608528137207,False
c25b6a8d6.jpg,0.2029556632041931,False
c25b6a8d6.jpg,0.1682250946760177,False
c25b6a8d6.jpg,0.1623867750167846,False
c25b6a8d6.jpg,0.0835650637745857,True
c25b6a8d6.jpg,0.0649181231856346,False
c25b6a8d6.jpg,0.0555673390626907,True
c26c45017.jpg,0.200674831867218,True
c26c45017.jpg,0.136624589562416,True
c26c45017.jpg,0.0638583153486251,False
c26c45017.jpg,0.0570899248123168,True
c288efbff.jpg,0.8418350219726562,False
c288efbff.jpg,0.8410423994064331,False
c288efbff.jpg,0.7766808271408081,False
c288efbff.jpg,0.1857172846794128,True
c288efbff.jpg,0.1587195098400116,True
c288efbff.jpg,0.1431148201227188,True
c288efbff.jpg,0.104347787797451,True
c291b1efd.jpg,0.3542737960815429,False
c291b1efd.jpg,0.1919492036104202,False
c292ca881.jpg,0.8383266925811768,False
c292ca881.jpg,0.577285885810852,False
c299c4851.jpg,0.7752650380134583,False
c29c0c46b.jpg,0.869293212890625,False
c29dd791a.jpg,0.8340262770652771,False
c29dd791a.jpg,0.3316644728183746,True
c29dd791a.jpg,0.2601881027221679,True
c29dd791a.jpg,0.2423683702945709,True
c29dd791a.jpg,0.147105261683464,True
c2a08140a.jpg,0.7884542346000671,False
c2a08140a.jpg,0.7852252721786499,False
c2d1bbf6a.jpg,0.8751388788223267,False
c2dccbad8.jpg,0.3112164437770843,False
c2dccbad8.jpg,0.2654763460159302,True
c2dccbad8.jpg,0.1862738132476806,False
c2dccbad8.jpg,0.1270000785589218,False
c2e41934f.jpg,0.8600432276725769,False
c2eeeeac7.jpg,0.5717779994010925,False
c2eeeeac7.jpg,0.2283686697483062,False
c2eeeeac7.jpg,0.1968749761581421,True
c2eeeeac7.jpg,0.1523736119270324,True
c2eeeeac7.jpg,0.0860720127820968,True
c2eeeeac7.jpg,0.0843421593308448,True
c2eeeeac7.jpg,0.0748224779963493,True
c2eeeeac7.jpg,0.0656547844409942,True
c2eeeeac7.jpg,0.0555097348988056,True
c30c54a2f.jpg,0.3015659749507904,False
c30c54a2f.jpg,0.2212168425321579,False
c30c54a2f.jpg,0.1000290587544441,False
c30c54a2f.jpg,0.058160163462162,False
c314fd217.jpg,0.8499385714530945,False
c329f5f9b.jpg,0.8622262477874756,False
c329f5f9b.jpg,0.6964311599731445,False
c32e168e3.jpg,0.8473959565162659,False
c32e168e3.jpg,0.4697522222995758,False
c32f1acef.jpg,0.7712845206260681,False
c32f1acef.jpg,0.6286979913711548,False
c32f1acef.jpg,0.1828687340021133,False
c32f1acef.jpg,0.1722908765077591,False
c32f1acef.jpg,0.0821586102247238,True
c32f1acef.jpg,0.0574155040085315,True
c32f1acef.jpg,0.0560717172920703,True
c34201d92.jpg,0.8332064151763916,False
c34201d92.jpg,0.827835738658905,False
c34201d92.jpg,0.7760840058326721,False
c34201d92.jpg,0.7537042498588562,False
c34201d92.jpg,0.6847928762435913,False
c34201d92.jpg,0.5878281593322754,False
c34201d92.jpg,0.5407746434211731,False
c34201d92.jpg,0.4974687099456787,True
c34201d92.jpg,0.405587375164032,False
c34201d92.jpg,0.3196426630020141,True
c34201d92.jpg,0.3148514926433563,True
c34201d92.jpg,0.3080746531486511,False
c34201d92.jpg,0.2998967170715332,False
c34201d92.jpg,0.2246607095003128,True
c34201d92.jpg,0.1990436166524887,False
c34201d92.jpg,0.1812032759189605,True
c34201d92.jpg,0.1773118674755096,False
c34201d92.jpg,0.1723689585924148,False
c34201d92.jpg,0.1493088454008102,False
c34201d92.jpg,0.1079598143696785,True
c34201d92.jpg,0.1056364998221397,False
c34201d92.jpg,0.0905879884958267,True
c34201d92.jpg,0.0774699300527572,True
c34201d92.jpg,0.0627553761005401,True
c34e7e406.jpg,0.3765838146209717,False
c34e7e406.jpg,0.1177895218133926,False
c350186a3.jpg,0.4919163882732391,False
c350186a3.jpg,0.1338635087013244,False
c354e5fe8.jpg,0.7304333448410034,False
c354e5fe8.jpg,0.5907632112503052,False
c354e5fe8.jpg,0.3899149000644684,True
c354e5fe8.jpg,0.1518430560827255,True
c37dfbe27.jpg,0.8915064930915833,False
c37dfbe27.jpg,0.6843960881233215,False
c382a8db2.jpg,0.9314107298851012,False
c394d06d7.jpg,0.8652390837669373,False
c3bfdbd6e.jpg,0.7344610095024109,False
c3d6f7f42.jpg,0.8562730550765991,False
c3d6f7f42.jpg,0.8403113484382629,False
c3d6f7f42.jpg,0.6353910565376282,False
c3d6f7f42.jpg,0.5620966553688049,False
c3d6f7f42.jpg,0.5606123805046082,False
c3d6f7f42.jpg,0.4357220530509949,False
c3d6f7f42.jpg,0.3550065159797668,False
c3ea145f7.jpg,0.6559453010559082,False
c3ea145f7.jpg,0.1236966475844383,False
c3f7689f6.jpg,0.781653881072998,False
c3f7689f6.jpg,0.7805607318878174,False
c40ddbdbe.jpg,0.851341187953949,False
c4115103a.jpg,0.3332406282424927,False
c4115103a.jpg,0.1484560817480087,False
c4115103a.jpg,0.0640127882361412,False
c4115103a.jpg,0.0573655925691127,False
c45f70f40.jpg,0.9279008507728576,False
c45f70f40.jpg,0.4135061800479889,False
c45f70f40.jpg,0.3532747030258178,False
c45f70f40.jpg,0.0613165907561779,False
c46fc340f.jpg,0.5432815551757812,False
c46fc340f.jpg,0.0594830699265003,False
c4776fa28.jpg,0.9060812592506408,False
c4776fa28.jpg,0.0607707612216472,True
c48680529.jpg,0.8426495790481567,False
c48680529.jpg,0.6332038640975952,False
c493087bc.jpg,0.8977336287498474,False
c493087bc.jpg,0.8793818354606628,False
c4a3a677d.jpg,0.8260303139686584,False
c4a3a677d.jpg,0.7495492100715637,False
c4a3a677d.jpg,0.7057743668556213,False
c4a3a677d.jpg,0.695539653301239,False
c4a3a677d.jpg,0.6935862302780151,False
c4a3a677d.jpg,0.6639391183853149,False
c4a3a677d.jpg,0.5230138897895813,False
c4a3a677d.jpg,0.4366146326065063,False
c4a3a677d.jpg,0.4232689440250397,False
c4a3a677d.jpg,0.4112181365489959,False
c4a3a677d.jpg,0.3644695580005646,False
c4a3a677d.jpg,0.2817808389663696,False
c4a3a677d.jpg,0.1869383603334427,False
c4a3a677d.jpg,0.1788187325000763,False
c4a3a677d.jpg,0.1637808382511139,True
c4a3a677d.jpg,0.1584201008081436,False
c4a3a677d.jpg,0.1239799708127975,True
c4a3a677d.jpg,0.1121821030974388,False
c4a3a677d.jpg,0.1006547212600708,True
c4a3a677d.jpg,0.093612439930439,True
c4a3a677d.jpg,0.0683519169688224,False
c4a3a677d.jpg,0.0672680363059043,False
c4a3a677d.jpg,0.0620663575828075,True
c4a3a677d.jpg,0.0589087232947349,False
c4a3a677d.jpg,0.0516439713537693,False
c4a3a677d.jpg,0.0508349016308784,True
c4a8edd30.jpg,0.86986243724823,False
c4d1e6670.jpg,0.8765759468078613,False
c4d1e6670.jpg,0.1798872202634811,True
c4f963b2d.jpg,0.8558369874954224,False
c4f963b2d.jpg,0.7749423384666443,False
c4f963b2d.jpg,0.7474370002746582,False
c4f963b2d.jpg,0.6926582455635071,False
c4f963b2d.jpg,0.5871992111206055,False
c4f963b2d.jpg,0.4901785552501678,True
c4f963b2d.jpg,0.1630330830812454,True
c4f963b2d.jpg,0.1591760367155075,False
c4f963b2d.jpg,0.1498551219701767,False
c4f963b2d.jpg,0.0597188211977481,False
c4f963b2d.jpg,0.0572023279964923,True
c50cd8cef.jpg,0.257814884185791,False
c50cd8cef.jpg,0.1411027610301971,False
c50cd8cef.jpg,0.1278500258922577,False
c50cd8cef.jpg,0.1118828803300857,False
c50cd8cef.jpg,0.056387647986412,False
c510ba6e3.jpg,0.4276756346225738,False
c510ba6e3.jpg,0.1131129339337349,True
c510ba6e3.jpg,0.0773606747388839,True
c510ba6e3.jpg,0.0546518005430698,True
c510ba6e3.jpg,0.0541381426155567,True
c514c104a.jpg,0.621109664440155,False
c514c104a.jpg,0.5471304059028625,False
c514c104a.jpg,0.1865651160478592,False
c514c104a.jpg,0.0917754247784614,False
c5258b331.jpg,0.6611258387565613,False
c5258b331.jpg,0.5451503396034241,False
c5258b331.jpg,0.0816925317049026,False
c543f74d8.jpg,0.5785272717475891,False
c543f74d8.jpg,0.3068033158779144,True
c543f74d8.jpg,0.1797229498624801,False
c543f74d8.jpg,0.1490550637245178,True
c543f74d8.jpg,0.1423603296279907,False
c543f74d8.jpg,0.1306763887405395,False
c543f74d8.jpg,0.1248562484979629,False
c543f74d8.jpg,0.0940440967679023,False
c543f74d8.jpg,0.0553613528609275,True
c543f74d8.jpg,0.0516445562243461,True
c54e1ab40.jpg,0.6742956042289734,False
c54e1ab40.jpg,0.6670984029769897,False
c553822a9.jpg,0.3726621568202972,False
c553822a9.jpg,0.0644691511988639,False
c5571ec67.jpg,0.89369136095047,False
c55dbf5cc.jpg,0.5335925817489624,False
c55dbf5cc.jpg,0.2173353284597396,False
c561e4293.jpg,0.3676837980747223,False
c561e4293.jpg,0.1485474854707718,False
c561e4293.jpg,0.143413245677948,False
c561e4293.jpg,0.0735517442226409,False
c561e4293.jpg,0.0521739497780799,False
c561e4293.jpg,0.0503006465733051,True
c56a3e864.jpg,0.3166135549545288,False
c56a3e864.jpg,0.1880389302968979,False
c56a3e864.jpg,0.1585620492696762,False
c56a3e864.jpg,0.103488378226757,False
c56a3e864.jpg,0.0769814550876617,False
c586a33b5.jpg,0.967975378036499,False
c586a33b5.jpg,0.9032690525054932,False
c586a33b5.jpg,0.6835459470748901,False
c586a33b5.jpg,0.2444019168615341,True
c586a33b5.jpg,0.1552198529243469,True
c58a63cdd.jpg,0.9069880247116088,False
c58a63cdd.jpg,0.861014723777771,False
c58a63cdd.jpg,0.2872716784477234,False
c58a63cdd.jpg,0.0880122482776641,True
c58b2346b.jpg,0.580467700958252,False
c58b2346b.jpg,0.0549247898161411,False
c58db6710.jpg,0.5030317306518555,False
c58db6710.jpg,0.2833708226680755,False
c58db6710.jpg,0.104322612285614,False
c58db6710.jpg,0.0726726278662681,True
c58db6710.jpg,0.0651259198784828,True
c58db6710.jpg,0.0627675801515579,True
c58db6710.jpg,0.0533311143517494,True
c592bdf7d.jpg,0.304243803024292,False
c592bdf7d.jpg,0.2663332521915436,False
c592bdf7d.jpg,0.2170183509588241,False
c592bdf7d.jpg,0.1686369627714157,False
c592bdf7d.jpg,0.0776034891605377,False
c592bdf7d.jpg,0.0528871677815914,True
c5c31d0ba.jpg,0.6078577637672424,False
c5c31d0ba.jpg,0.5070438385009766,False
c5c31d0ba.jpg,0.2379342019557953,True
c5c31d0ba.jpg,0.1440796107053756,True
c5c31d0ba.jpg,0.1109348088502883,False
c5c31d0ba.jpg,0.0904647931456565,False
c5c31d0ba.jpg,0.0616595558822155,True
c5c31d0ba.jpg,0.0581115968525409,True
c5d5af9b5.jpg,0.8832428455352783,False
c5e525fea.jpg,0.3869554996490478,False
c5e525fea.jpg,0.1962249130010604,False
c5e525fea.jpg,0.1927347630262375,False
c5ee24d2a.jpg,0.4242154657840729,False
c5ee24d2a.jpg,0.0791407898068428,True
c60851fb5.jpg,0.9005140662193298,False
c6105f8b3.jpg,0.9188374280929564,False
c6105f8b3.jpg,0.8637990951538086,False
c611d621a.jpg,0.3244935274124145,True
c611d621a.jpg,0.3197400271892547,False
c611d621a.jpg,0.1723681390285492,True
c611d621a.jpg,0.1071677654981613,True
c611d621a.jpg,0.0762826651334762,True
c611d621a.jpg,0.0632692947983741,False
c611d621a.jpg,0.0501337572932243,True
c61249dac.jpg,0.1283805668354034,True
c61249dac.jpg,0.1204107850790023,True
c61249dac.jpg,0.1074202805757522,True
c61249dac.jpg,0.0821212530136108,True
c61249dac.jpg,0.0769065171480178,True
c61249dac.jpg,0.0729181542992591,True
c61249dac.jpg,0.0582967139780521,True
c616d2345.jpg,0.9098454713821412,False
c61bdb74d.jpg,0.0853175595402717,False
c61bdb74d.jpg,0.0755922570824623,False
c61bdb74d.jpg,0.0722150653600692,True
c61bdb74d.jpg,0.0582845620810985,True
c6438fa0a.jpg,0.968681812286377,False
c6438fa0a.jpg,0.8734408617019653,False
c6438fa0a.jpg,0.3794926702976227,True
c6438fa0a.jpg,0.1541945785284042,True
c6438fa0a.jpg,0.0931611284613609,True
c6438fa0a.jpg,0.0835108533501625,True
c647e33d7.jpg,0.2693222165107727,False
c647e33d7.jpg,0.1729212701320648,False
c647e33d7.jpg,0.147484540939331,False
c647e33d7.jpg,0.1058884561061859,True
c647e33d7.jpg,0.0956580266356468,True
c647e33d7.jpg,0.087139718234539,True
c647e33d7.jpg,0.0729318261146545,True
c647e33d7.jpg,0.0691194608807563,True
c647e33d7.jpg,0.0606125779449939,True
c66eb97bc.jpg,0.8461460471153259,False
c670f06d8.jpg,0.9374263286590576,False
c670f06d8.jpg,0.905280828475952,False
c670f06d8.jpg,0.797107994556427,False
c68573a6c.jpg,0.9025567770004272,False
c6985c3bc.jpg,0.8643786311149597,False
c6ad8f468.jpg,0.8524642586708069,False
c6ad8f468.jpg,0.7301696538925171,False
c6ad8f468.jpg,0.6554208993911743,False
c6ad8f468.jpg,0.3257002234458923,False
c6ad8f468.jpg,0.2884571254253387,True
c6ad8f468.jpg,0.0648073256015777,False
c6c658e7c.jpg,0.3200462758541107,False
c6c658e7c.jpg,0.1967120915651321,False
c6c658e7c.jpg,0.1788230836391449,True
c6c658e7c.jpg,0.1118055284023284,False
c6c658e7c.jpg,0.1095038130879402,False
c6c658e7c.jpg,0.1094127148389816,True
c6c658e7c.jpg,0.0854129046201706,False
c6c658e7c.jpg,0.0576365888118743,True
c6ebf0bad.jpg,0.1393440961837768,True
c6ebf0bad.jpg,0.082159399986267,True
c6edc6cdd.jpg,0.7545878887176514,False
c6edc6cdd.jpg,0.058230698108673,True
c70cff811.jpg,0.4020878374576568,False
c70cff811.jpg,0.2880634367465973,False
c70cff811.jpg,0.2702364027500152,False
c70cff811.jpg,0.2081635892391204,True
c70cff811.jpg,0.0843881368637085,False
c70cff811.jpg,0.0624251589179039,False
c71663c41.jpg,0.8927640318870544,False
c71663c41.jpg,0.4068849980831146,True
c71663c41.jpg,0.2850206196308136,True
c71663c41.jpg,0.2816054224967956,True
c71663c41.jpg,0.276018351316452,False
c71663c41.jpg,0.098372608423233,True
c71663c41.jpg,0.0962086021900177,True
c71663c41.jpg,0.0581201910972595,True
c71663c41.jpg,0.0561356320977211,True
c724fb7f2.jpg,0.932466208934784,False
c724fb7f2.jpg,0.1949323862791061,False
c724fb7f2.jpg,0.16516675055027,False
c724fb7f2.jpg,0.1458868980407714,True
c724fb7f2.jpg,0.1324730068445205,False
c724fb7f2.jpg,0.1146270334720611,False
c724fb7f2.jpg,0.1036778390407562,False
c724fb7f2.jpg,0.0996998846530914,False
c724fb7f2.jpg,0.0923849865794181,True
c724fb7f2.jpg,0.072580486536026,False
c73e36916.jpg,0.8894907236099243,False
c73e36916.jpg,0.8299241065979004,False
c73e36916.jpg,0.7845807671546936,False
c73e36916.jpg,0.7288718223571777,False
c73f75ce3.jpg,0.9136157631874084,False
c74853df8.jpg,0.8781239986419678,False
c74853df8.jpg,0.6011365652084351,False
c74853df8.jpg,0.4963518381118774,False
c74853df8.jpg,0.2718058228492737,False
c74853df8.jpg,0.0554717704653739,False
c748f46a2.jpg,0.886378288269043,False
c76da3b19.jpg,0.8632421493530273,False
c76da3b19.jpg,0.2294701188802719,True
c76da3b19.jpg,0.1559724062681198,True
c76da3b19.jpg,0.1337502598762512,True
c76da3b19.jpg,0.0609785132110118,True
c76da3b19.jpg,0.0541535764932632,True
c774ac4fc.jpg,0.8784370422363281,False
c774ac4fc.jpg,0.8770908117294312,False
c774ac4fc.jpg,0.8695412874221802,False
c774ac4fc.jpg,0.7929006814956665,False
c774ac4fc.jpg,0.4425768554210663,False
c774ac4fc.jpg,0.3451681137084961,False
c77e904a7.jpg,0.9198899269104004,False
c77e904a7.jpg,0.1857020705938339,True
c77e904a7.jpg,0.1362296491861343,True
c77e904a7.jpg,0.0938189923763275,True
c77e904a7.jpg,0.054768618196249,True
c791d559e.jpg,0.3836739659309387,False
c791d559e.jpg,0.1501357555389404,False
c7986db8c.jpg,0.8692518472671509,False
c7aa3fcb0.jpg,0.3841968476772308,False
c7aa3fcb0.jpg,0.1335588246583938,False
c7bcc1e3e.jpg,0.3018172085285187,False
c7bcc1e3e.jpg,0.3010792136192322,False
c7bcc1e3e.jpg,0.2440648972988128,False
c7bcc1e3e.jpg,0.1873140782117843,True
c7bcc1e3e.jpg,0.1498021483421325,False
c7bcc1e3e.jpg,0.1127054393291473,False
c7bcc1e3e.jpg,0.0969711169600486,True
c7bcc1e3e.jpg,0.0941727608442306,True
c7bcc1e3e.jpg,0.0879373475909233,True
c7d376304.jpg,0.4759135842323303,False
c7d376304.jpg,0.381200909614563,False
c7d376304.jpg,0.3155903220176697,True
c7d376304.jpg,0.2892740368843078,False
c7d376304.jpg,0.2761690318584442,False
c7d376304.jpg,0.2438769489526748,True
c7d376304.jpg,0.2332832962274551,True
c7d376304.jpg,0.1303641647100448,False
c7d376304.jpg,0.120397038757801,False
c7d376304.jpg,0.1173795834183693,True
c7d376304.jpg,0.1005245670676231,False
c7d376304.jpg,0.0948329716920852,False
c7d376304.jpg,0.0874677300453186,True
c7d376304.jpg,0.0804513618350029,True
c7d376304.jpg,0.0728175863623619,True
c7d376304.jpg,0.0633300468325614,True
c7e07fca0.jpg,0.6462087035179138,False
c7e07fca0.jpg,0.4080266952514648,True
c7e07fca0.jpg,0.3445084989070892,False
c7e07fca0.jpg,0.2585519552230835,True
c7e07fca0.jpg,0.0740347057580947,False
c7e435e40.jpg,0.8163768649101257,False
c7f731da0.jpg,0.7899103164672852,False
c7f731da0.jpg,0.6884856224060059,False
c7f731da0.jpg,0.1049427092075347,False
c808204d4.jpg,0.8288864493370056,False
c808204d4.jpg,0.6862331032752991,False
c808204d4.jpg,0.5812638401985168,False
c811ba74f.jpg,0.8417560458183289,False
c811ba74f.jpg,0.5512785911560059,False
c811f248e.jpg,0.305165946483612,True
c811f248e.jpg,0.3047361075878143,True
c811f248e.jpg,0.0856228917837143,False
c811f248e.jpg,0.0835693702101707,True
c8150e004.jpg,0.8383498191833496,False
c8163f92f.jpg,0.8298245668411255,False
c8163f92f.jpg,0.8102179169654846,False
c8163f92f.jpg,0.7322225570678711,False
c82ed649a.jpg,0.1247473433613777,False
c82ed649a.jpg,0.1104934513568878,False
c82ed649a.jpg,0.0951498746871948,False
c82ff8d19.jpg,0.924801468849182,False
c82ff8d19.jpg,0.9148446917533876,False
c82ff8d19.jpg,0.842934787273407,False
c82ff8d19.jpg,0.3028960824012756,False
c83bce795.jpg,0.8766683340072632,False
c83bce795.jpg,0.0516907908022403,True
c84d74fb9.jpg,0.9238004684448242,False
c8544a47e.jpg,0.836574137210846,False
c860aeb26.jpg,0.0975764095783233,False
c861be6da.jpg,0.687064528465271,False
c86564d5f.jpg,0.8571377992630005,False
c86564d5f.jpg,0.8380144238471985,False
c86564d5f.jpg,0.7882927060127258,False
c86564d5f.jpg,0.7768131494522095,False
c86564d5f.jpg,0.7438587546348572,False
c86564d5f.jpg,0.7114824056625366,False
c86564d5f.jpg,0.6979431509971619,False
c86564d5f.jpg,0.6844730973243713,False
c86564d5f.jpg,0.5123263597488403,False
c86564d5f.jpg,0.4461086690425873,False
c86564d5f.jpg,0.3343905508518219,False
c86564d5f.jpg,0.0741967111825943,False
c86564d5f.jpg,0.0573160238564014,False
c866079b9.jpg,0.4211339652538299,False
c866079b9.jpg,0.1639046967029571,True
c876fc5ea.jpg,0.7891930937767029,False
c876fc5ea.jpg,0.4786992073059082,False
c876fc5ea.jpg,0.3415749967098236,False
c876fc5ea.jpg,0.3199548721313476,False
c876fc5ea.jpg,0.160118356347084,False
c876fc5ea.jpg,0.0699083805084228,False
c876fc5ea.jpg,0.0692619532346725,False
c88c2d44f.jpg,0.3258533775806427,False
c88c2d44f.jpg,0.1425986737012863,False
c88c2d44f.jpg,0.110327810049057,False
c88c2d44f.jpg,0.1007238999009132,True
c88c2d44f.jpg,0.0849838331341743,True
c88c2d44f.jpg,0.0688974484801292,True
c89f7bcc3.jpg,0.928933560848236,False
c89f7bcc3.jpg,0.0928516015410423,True
c8bad25f9.jpg,0.3669330477714538,False
c8bad25f9.jpg,0.246096596121788,False
c8bad25f9.jpg,0.2114390134811401,False
c8bad25f9.jpg,0.1061840206384658,False
c8bad25f9.jpg,0.1044353693723678,False
c8bad25f9.jpg,0.0649871081113815,True
c8bad25f9.jpg,0.0532277375459671,True
c8befbde2.jpg,0.7493602633476257,False
c8befbde2.jpg,0.5946665406227112,False
c8befbde2.jpg,0.2660059332847595,False
c8befbde2.jpg,0.2437134385108947,False
c8befbde2.jpg,0.2150801420211792,True
c8befbde2.jpg,0.1824346929788589,False
c8befbde2.jpg,0.1444998830556869,False
c8befbde2.jpg,0.0641836449503898,False
c8befbde2.jpg,0.0544488877058029,False
c8bfb3831.jpg,0.7830732464790344,False
c8bfb3831.jpg,0.3942341804504394,False
c8bfb3831.jpg,0.29860320687294,False
c8bfb3831.jpg,0.1459062695503235,True
c8bfb3831.jpg,0.0782214775681495,True
c8df0f169.jpg,0.1400166898965835,True
c8e65ad5e.jpg,0.9692097306251526,False
c8e65ad5e.jpg,0.8797931671142578,False
c8ee00067.jpg,0.6335504055023193,False
c8ee00067.jpg,0.5853627324104309,False
c8ee00067.jpg,0.5341323614120483,False
c8ee00067.jpg,0.5205477476119995,False
c8ee00067.jpg,0.4735518991947174,False
c8ee00067.jpg,0.3450013995170593,False
c8ee00067.jpg,0.337058424949646,False
c8ee00067.jpg,0.3301143944263458,False
c8ee00067.jpg,0.2894554436206817,False
c8ee00067.jpg,0.2660874426364898,False
c8ee00067.jpg,0.2375569194555282,False
c8ee00067.jpg,0.2255501002073288,True
c8ee00067.jpg,0.2066616117954254,False
c8ee00067.jpg,0.1656872183084488,False
c8ee00067.jpg,0.1219187974929809,False
c8ee00067.jpg,0.0704413577914238,False
c8f82fad1.jpg,0.761655330657959,False
c8f82fad1.jpg,0.2247576415538787,True
c8f82fad1.jpg,0.2129157483577728,True
c8f82fad1.jpg,0.1094828471541404,False
c8f82fad1.jpg,0.053505539894104,True
c8fedcb43.jpg,0.2872145771980285,False
c8fedcb43.jpg,0.2115745097398758,False
c8fedcb43.jpg,0.0807776600122451,True
c8fedcb43.jpg,0.0590062104165554,True
c8fedcb43.jpg,0.058293804526329,False
c8fef9c11.jpg,0.6999642848968506,False
c95a8c12e.jpg,0.8663162589073181,False
c96240130.jpg,0.8662089109420776,False
c96240130.jpg,0.5330736637115479,False
c96240130.jpg,0.1504431366920471,False
c96240130.jpg,0.12106454372406,True
c96240130.jpg,0.0651319026947021,False
c966e212b.jpg,0.8162189722061157,False
c973c7e9c.jpg,0.8651164770126343,False
c975acc83.jpg,0.6451658606529236,False
c975acc83.jpg,0.6132930517196655,False
c975acc83.jpg,0.5472151637077332,False
c975acc83.jpg,0.3505986630916595,False
c99b28332.jpg,0.557708740234375,False
c99b28332.jpg,0.4816597700119018,True
c99b28332.jpg,0.2995673418045044,True
c99b28332.jpg,0.263595700263977,True
c99b28332.jpg,0.2443807870149612,True
c99b28332.jpg,0.2033217698335647,True
c99b28332.jpg,0.0975764095783233,True
c99b28332.jpg,0.0941545814275741,True
c99b28332.jpg,0.0901058986783027,True
c99b28332.jpg,0.0815124660730362,True
c99b28332.jpg,0.078608937561512,True
c99b28332.jpg,0.0661657080054283,False
c99b28332.jpg,0.0531670190393924,True
c9a07bd76.jpg,0.8848141431808472,False
c9a07bd76.jpg,0.7043218016624451,False
c9a07bd76.jpg,0.6336629986763,False
c9a07bd76.jpg,0.0734671056270599,True
c9ac54a6e.jpg,0.7051873207092285,False
c9ac54a6e.jpg,0.6674275398254395,False
c9b5d67ae.jpg,0.766589879989624,False
c9c00cecf.jpg,0.9246553182601928,False
c9c00cecf.jpg,0.8348230719566345,False
c9c00cecf.jpg,0.4137951731681824,True
c9c00cecf.jpg,0.3527322113513946,False
c9c00cecf.jpg,0.1786638349294662,True
c9c00cecf.jpg,0.1137437894940376,True
c9c25b8a2.jpg,0.6048895120620728,False
c9c25b8a2.jpg,0.5075854063034058,False
c9c25b8a2.jpg,0.2348161041736602,True
c9c25b8a2.jpg,0.1422047913074493,True
c9c25b8a2.jpg,0.1099538430571556,False
c9c25b8a2.jpg,0.1074022725224495,True
c9c25b8a2.jpg,0.0909152030944824,False
c9c25b8a2.jpg,0.060888934880495,True
c9c25b8a2.jpg,0.0602929405868053,True
c9c25b8a2.jpg,0.0571806319057941,True
c9d23a9ab.jpg,0.8423389792442322,False
c9d2b7692.jpg,0.8308984637260437,False
c9d2b7692.jpg,0.7977385520935059,False
c9d2b7692.jpg,0.704896092414856,False
c9d2b7692.jpg,0.4063539206981659,False
c9d2b7692.jpg,0.3790335357189178,False
c9d2b7692.jpg,0.3007698357105255,False
c9d2b7692.jpg,0.0858569145202636,False
c9e1400d9.jpg,0.883402407169342,False
c9e1400d9.jpg,0.8367239832878113,False
c9ef9957c.jpg,0.7627099752426147,False
c9ef9957c.jpg,0.3430878221988678,False
c9fe5d5ca.jpg,0.6224484443664551,False
ca204fe06.jpg,0.0534153878688812,True
ca204fe06.jpg,0.0512643903493881,True
ca3aac5f6.jpg,0.5965414047241211,False
ca3aac5f6.jpg,0.3309429585933685,False
ca3aac5f6.jpg,0.1558118313550949,True
ca3aac5f6.jpg,0.109510138630867,False
ca3aac5f6.jpg,0.0557217672467231,False
ca3bc8ede.jpg,0.8159404397010803,False
ca3bc8ede.jpg,0.0755523145198822,True
ca3d01277.jpg,0.3692555725574493,False
ca547ba18.jpg,0.7828335762023926,False
ca547ba18.jpg,0.1157123297452926,True
ca547ba18.jpg,0.0862034261226654,True
ca5550623.jpg,0.5116018652915955,True
ca5550623.jpg,0.3075232803821563,True
ca5550623.jpg,0.202199101448059,True
ca5550623.jpg,0.1623905450105667,True
ca5550623.jpg,0.1599713861942291,True
ca5550623.jpg,0.1575972288846969,True
ca5550623.jpg,0.156132161617279,True
ca5550623.jpg,0.1487961560487747,True
ca5550623.jpg,0.1467443257570266,False
ca5550623.jpg,0.1407722383737564,True
ca5550623.jpg,0.1379554122686386,True
ca5550623.jpg,0.1345332711935043,True
ca5550623.jpg,0.1310106515884399,True
ca5550623.jpg,0.127257764339447,True
ca5550623.jpg,0.1235611960291862,True
ca5550623.jpg,0.1065293252468109,True
ca5550623.jpg,0.1051486954092979,True
ca5550623.jpg,0.1023329123854637,True
ca5550623.jpg,0.1015059575438499,True
ca5550623.jpg,0.0988211929798126,True
ca5550623.jpg,0.0968228280544281,True
ca5550623.jpg,0.0782763361930847,False
ca5550623.jpg,0.0715177357196807,True
ca5550623.jpg,0.0704473629593849,False
ca5550623.jpg,0.0703524872660636,True
ca5550623.jpg,0.0686600282788276,True
ca5550623.jpg,0.068400390446186,True
ca5550623.jpg,0.0663419961929321,True
ca5550623.jpg,0.0627980455756187,True
ca5550623.jpg,0.0597134381532669,True
ca5550623.jpg,0.0591903887689113,True
ca5550623.jpg,0.0552134402096271,True
ca5550623.jpg,0.0548840649425983,True
ca5550623.jpg,0.0544813238084316,True
ca5550623.jpg,0.0533323623239994,True
ca5550623.jpg,0.051793735474348,True
ca5550623.jpg,0.0510690100491046,True
ca5550623.jpg,0.050276942551136,True
ca5b58e6f.jpg,0.08564443141222,True
ca621f70c.jpg,0.8791670799255371,False
ca734e1f7.jpg,0.2960536777973175,False
ca734e1f7.jpg,0.0958090648055076,False
ca78eac88.jpg,0.7839259505271912,False
ca78eac88.jpg,0.7010533213615417,False
ca78eac88.jpg,0.6811885237693787,False
ca78eac88.jpg,0.5884687304496765,False
ca78eac88.jpg,0.4424389004707336,False
ca78eac88.jpg,0.4041752815246582,False
ca78eac88.jpg,0.4039706885814667,False
ca78eac88.jpg,0.3860882818698883,True
ca78eac88.jpg,0.3274681270122528,False
ca78eac88.jpg,0.3102949261665344,False
ca78eac88.jpg,0.267136812210083,False
ca78eac88.jpg,0.2479035854339599,False
ca78eac88.jpg,0.1961690187454223,True
ca78eac88.jpg,0.1960238963365554,False
ca78eac88.jpg,0.1948374509811401,False
ca78eac88.jpg,0.1864440888166427,False
ca78eac88.jpg,0.1823778748512268,False
ca78eac88.jpg,0.1623777002096176,False
ca78eac88.jpg,0.1543030738830566,False
ca78eac88.jpg,0.1473936140537262,False
ca78eac88.jpg,0.1110536158084869,False
ca78eac88.jpg,0.0892162546515464,True
ca78eac88.jpg,0.0759248957037925,False
ca78eac88.jpg,0.0656121745705604,False
ca78eac88.jpg,0.0641342252492904,False
ca78eac88.jpg,0.0582429952919483,False
ca78eac88.jpg,0.0509695075452327,True
ca78eac88.jpg,0.0509449206292629,False
ca803786e.jpg,0.8611075282096863,False
ca803786e.jpg,0.8563887476921082,False
ca803786e.jpg,0.333454430103302,False
ca803786e.jpg,0.2294815927743911,False
ca803786e.jpg,0.1371482461690902,True
ca8043da1.jpg,0.6489112377166748,False
ca8043da1.jpg,0.2788134217262268,False
ca8043da1.jpg,0.2236518114805221,False
ca8043da1.jpg,0.0823906883597374,False
ca8f71cc3.jpg,0.8461035490036011,False
ca8f71cc3.jpg,0.6439181566238403,False
cabec17ac.jpg,0.1556022763252258,False
cabec17ac.jpg,0.0654117166996002,False
cac024e66.jpg,0.9740263223648072,False
cac024e66.jpg,0.3811576962471008,False
cac024e66.jpg,0.2160052359104156,False
cac024e66.jpg,0.0713665932416915,False
cac7e5159.jpg,0.482904851436615,False
cac7e5159.jpg,0.4670775532722473,False
cac7e5159.jpg,0.4287420809268951,False
cac7e5159.jpg,0.3700374960899353,False
cac7e5159.jpg,0.2828865349292755,False
cac7e5159.jpg,0.191344141960144,False
cac7e5159.jpg,0.1445579528808593,True
cac7e5159.jpg,0.1133332476019859,False
cac7e5159.jpg,0.1007370501756668,False
cac7e5159.jpg,0.0504203215241432,True
cb0069016.jpg,0.9149095416069032,False
cb1dfe6c5.jpg,0.2084331661462783,True
cb1dfe6c5.jpg,0.1392696499824524,True
cb1dfe6c5.jpg,0.1242135167121887,True
cb1dfe6c5.jpg,0.1103814989328384,True
cb1dfe6c5.jpg,0.0897425860166549,True
cb2f03a91.jpg,0.4179541170597076,True
cb2f03a91.jpg,0.1043587327003479,False
cb2f03a91.jpg,0.0598926469683647,False
cb2ff053a.jpg,0.8743453025817871,False
cb53caede.jpg,0.797222375869751,False
cb53caede.jpg,0.7759772539138794,False
cb53caede.jpg,0.2773582935333252,True
cb53caede.jpg,0.2285534441471099,False
cb53caede.jpg,0.1466962099075317,False
cb53caede.jpg,0.1353875696659088,False
cb59838db.jpg,0.8930201530456543,False
cb894ab1f.jpg,0.8424234986305237,False
cbb7c75bf.jpg,0.9158183932304382,False
cbb7c75bf.jpg,0.9103657603263856,False
cbb7c75bf.jpg,0.8385682106018066,False
cbb7c75bf.jpg,0.6715673208236694,False
cbbfbb22d.jpg,0.9443630576133728,False
cbbfbb22d.jpg,0.8451694250106812,False
cbbfbb22d.jpg,0.7384421229362488,False
cbbfbb22d.jpg,0.5504950284957886,True
cbce3034c.jpg,0.7961631417274475,False
cbce3034c.jpg,0.1136428266763687,True
cbce86d74.jpg,0.9278556108474731,False
cbde9fff2.jpg,0.4684536457061767,False
cbde9fff2.jpg,0.1063513159751892,False
cbde9fff2.jpg,0.0547963492572307,False
cc1074060.jpg,0.2432810217142105,True
cc1074060.jpg,0.1878331899642944,True
cc1074060.jpg,0.1500020027160644,True
cc1074060.jpg,0.0530018508434295,True
cc2341806.jpg,0.9313133955001832,False
cc2341806.jpg,0.869429886341095,False
cc286f825.jpg,0.9025846123695374,False
cc286f825.jpg,0.8952704668045044,False
cc28b3bff.jpg,0.8807280659675598,False
cc3ec4d92.jpg,0.7107970118522644,False
cc46535db.jpg,0.8365696668624878,False
cc46f11d8.jpg,0.914386749267578,False
cc46f11d8.jpg,0.90456622838974,False
cc5ffaebd.jpg,0.8501632809638977,False
cc5ffaebd.jpg,0.064218483865261,True
cc5ffaebd.jpg,0.0526168011128902,True
cc656380e.jpg,0.1937790662050247,False
cc656380e.jpg,0.1690762937068939,False
cc656380e.jpg,0.1616943776607513,False
cc656380e.jpg,0.0861074700951576,True
cc656380e.jpg,0.071066714823246,False
cc6bf218a.jpg,0.4623955488204956,False
cc6bf218a.jpg,0.130364328622818,False
cc6eb78ed.jpg,0.5327466726303101,True
cc7877483.jpg,0.3225965201854706,False
cc7877483.jpg,0.2172528505325317,False
cc79330c9.jpg,0.3646509349346161,False
cc79330c9.jpg,0.3377261459827423,False
cc79330c9.jpg,0.1199157685041427,False
cc79330c9.jpg,0.0800157561898231,False
cc7aa7f73.jpg,0.6069015860557556,False
cc7aa7f73.jpg,0.2093451172113418,True
cc7aa7f73.jpg,0.202660784125328,True
cc7aa7f73.jpg,0.1557254344224929,True
cc7aa7f73.jpg,0.1277190148830413,True
cc855eb83.jpg,0.8270241618156433,False
cc8c92b9d.jpg,0.3012117743492126,False
cc8c92b9d.jpg,0.2255121916532516,True
cc8c92b9d.jpg,0.083042211830616,False
cc961a16d.jpg,0.4219935834407806,False
cc961a16d.jpg,0.2066703736782074,False
cc9d63066.jpg,0.4385066628456116,False
cc9d63066.jpg,0.0736977308988571,False
ccd0b1840.jpg,0.4829382300376892,False
ccd0b1840.jpg,0.4033175706863403,False
ccd0b1840.jpg,0.3609893918037414,False
ccd0b1840.jpg,0.2851940095424652,False
ccd0b1840.jpg,0.1626193076372146,False
ccd0b1840.jpg,0.1056464910507202,False
ccd0dbd49.jpg,0.2644251585006714,False
ccd0dbd49.jpg,0.2638308703899383,False
ccd0dbd49.jpg,0.2353357076644897,False
ccd0dbd49.jpg,0.1445235013961792,False
ccd0dbd49.jpg,0.1364331245422363,False
ccd0dbd49.jpg,0.0629128441214561,False
ccd0dbd49.jpg,0.0572682805359363,False
ccd6e5a7a.jpg,0.6714761853218079,False
ccd6e5a7a.jpg,0.4666741192340851,False
cce4454eb.jpg,0.8781045079231262,False
ccf8b2830.jpg,0.3449921309947967,False
ccf8b2830.jpg,0.1951025426387787,False
ccf8b2830.jpg,0.1677698642015457,True
ccf8b2830.jpg,0.1666630953550338,False
ccf8b2830.jpg,0.0913251116871833,False
ccfc98999.jpg,0.4377017021179199,False
ccfc98999.jpg,0.2649337947368622,False
ccfc98999.jpg,0.1928419917821884,True
ccfc98999.jpg,0.1556901335716247,True
ccfc98999.jpg,0.0926034450531005,False
ccfc98999.jpg,0.0715527310967445,True
ccfc98999.jpg,0.0580348372459411,True
ccfc98999.jpg,0.0536986105144023,False
ccfc98999.jpg,0.0501532480120658,True
cd2c3036f.jpg,0.8632441759109497,False
cd2dc4f2b.jpg,0.8374670147895813,False
cd2e27eb6.jpg,0.2845084369182586,False
cd2e27eb6.jpg,0.2489231377840042,False
cd2e27eb6.jpg,0.2237763702869415,False
cd2e27eb6.jpg,0.0952546969056129,True
cd2e27eb6.jpg,0.0626357197761535,True
cd2e27eb6.jpg,0.0566626191139221,True
cd2e27eb6.jpg,0.0506327264010906,True
cd6417574.jpg,0.7390913963317871,False
cda43b3b0.jpg,0.915886402130127,False
cdc67e294.jpg,0.5525088310241699,False
cdc67e294.jpg,0.0638558641076088,False
cdc696259.jpg,0.942352056503296,False
cdc888bb9.jpg,0.8507533073425293,False
cdcd86f93.jpg,0.4390149116516113,False
cdcd86f93.jpg,0.4274039566516876,False
cdcd86f93.jpg,0.0926971212029457,False
cdd0d02c6.jpg,0.9323527812957764,False
cdd0d02c6.jpg,0.8833900094032288,False
cdd0d02c6.jpg,0.3265736103057861,False
cdd0d02c6.jpg,0.172348752617836,False
cdd0d02c6.jpg,0.1587505787611007,False
cdd0d02c6.jpg,0.0935330092906951,False
cdd0d02c6.jpg,0.05487846955657,True
ce0f3a682.jpg,0.2452885955572128,False
ce0f3a682.jpg,0.180277481675148,False
ce0f3a682.jpg,0.0899368375539779,False
ce1186235.jpg,0.8472330570220947,False
ce1186235.jpg,0.0996745601296424,True
ce4f8cffc.jpg,0.3230527639389038,False
ce4f8cffc.jpg,0.2402808964252472,False
ce4f8cffc.jpg,0.0644439682364463,False
ce536a86a.jpg,0.2758461833000183,False
ce536a86a.jpg,0.0606305003166198,False
ce597fbd7.jpg,0.758857786655426,False
ce597fbd7.jpg,0.7337843775749207,False
ce597fbd7.jpg,0.6658615469932556,False
ce597fbd7.jpg,0.6161737442016602,True
ce597fbd7.jpg,0.5107276439666748,False
ce597fbd7.jpg,0.3441620171070099,True
ce597fbd7.jpg,0.342800110578537,False
ce597fbd7.jpg,0.2862588465213775,True
ce597fbd7.jpg,0.1938903778791427,False
ce597fbd7.jpg,0.1680232882499694,False
ce597fbd7.jpg,0.1536356508731842,True
ce597fbd7.jpg,0.1295976340770721,True
ce597fbd7.jpg,0.1097998023033142,True
ce597fbd7.jpg,0.0978964120149612,True
ce597fbd7.jpg,0.0823783576488494,False
ce597fbd7.jpg,0.074663758277893,True
ce597fbd7.jpg,0.0716877654194831,True
ce597fbd7.jpg,0.0597917735576629,True
ce597fbd7.jpg,0.055261243134737,False
ce597fbd7.jpg,0.0532320737838745,True
ce5f2ee8f.jpg,0.4259102046489715,True
ce5f2ee8f.jpg,0.376197874546051,False
ce5f2ee8f.jpg,0.2810043692588806,False
ce5f2ee8f.jpg,0.2565609514713287,False
ce5f2ee8f.jpg,0.25147145986557,True
ce5f2ee8f.jpg,0.2145425826311111,False
ce5f2ee8f.jpg,0.1671427339315414,False
ce5f2ee8f.jpg,0.086476631462574,False
ce6610063.jpg,0.2655117809772491,False
ce6610063.jpg,0.2505136430263519,False
ce6610063.jpg,0.2292420566082,True
ce6610063.jpg,0.1155594587326049,True
ce6610063.jpg,0.0506339371204376,True
ce671f28d.jpg,0.2699354290962219,False
ce671f28d.jpg,0.242069199681282,False
ce671f28d.jpg,0.196910411119461,False
ce671f28d.jpg,0.122580736875534,False
ce671f28d.jpg,0.0698951706290245,False
ce7a0f083.jpg,0.5233087539672852,False
ce7a0f083.jpg,0.1383397728204727,False
ce7a0f083.jpg,0.1150905042886734,False
ce825caad.jpg,0.3892838656902313,False
ce825caad.jpg,0.2687813937664032,False
ce8db8532.jpg,0.8487241864204407,False
ce8db8532.jpg,0.0501383692026138,True
ce8e6fa68.jpg,0.5832923650741577,False
ce8e6fa68.jpg,0.1000188365578651,False
ce8e6fa68.jpg,0.0861316323280334,True
ce8e6fa68.jpg,0.0627244710922241,True
ce9c8585d.jpg,0.8083717823028564,False
ce9c8585d.jpg,0.1573193967342376,True
ce9c8585d.jpg,0.1296951472759246,True
ce9c8585d.jpg,0.1147457435727119,True
ce9c8585d.jpg,0.1065532863140106,True
ce9c8585d.jpg,0.0963192284107208,True
ce9c8585d.jpg,0.0941500589251518,True
ce9c8585d.jpg,0.0716913193464279,True
ce9c8585d.jpg,0.0649884417653083,True
cee77050f.jpg,0.8551796078681946,False
cee77050f.jpg,0.8516727089881897,False
cee77050f.jpg,0.8408693075180054,False
cee77050f.jpg,0.789871335029602,False
cf342a5c9.jpg,0.6385461688041687,False
cf342a5c9.jpg,0.5378839373588562,True
cf342a5c9.jpg,0.4050250053405761,True
cf342a5c9.jpg,0.3961792588233948,False
cf342a5c9.jpg,0.2162987440824508,True
cf342a5c9.jpg,0.1887335032224655,True
cf342a5c9.jpg,0.1782812029123306,True
cf342a5c9.jpg,0.1655124276876449,True
cf342a5c9.jpg,0.1643701642751693,True
cf342a5c9.jpg,0.1614874005317688,True
cf342a5c9.jpg,0.1503148376941681,True
cf342a5c9.jpg,0.1465189009904861,True
cf342a5c9.jpg,0.1362582594156265,False
cf342a5c9.jpg,0.1175147593021392,True
cf342a5c9.jpg,0.1123047024011612,True
cf342a5c9.jpg,0.111561618745327,False
cf342a5c9.jpg,0.1081196889281272,True
cf342a5c9.jpg,0.104556143283844,True
cf342a5c9.jpg,0.0951853618025779,True
cf342a5c9.jpg,0.0913856700062751,True
cf342a5c9.jpg,0.0829848200082779,True
cf342a5c9.jpg,0.0775405243039131,False
cf342a5c9.jpg,0.0772426575422287,True
cf342a5c9.jpg,0.0670354664325714,True
cf342a5c9.jpg,0.0641308799386024,True
cf342a5c9.jpg,0.0600906461477279,True
cf342a5c9.jpg,0.0545237883925437,True
cf342a5c9.jpg,0.0524465329945087,True
cf493fcb5.jpg,0.622889518737793,False
cf493fcb5.jpg,0.5278822183609009,True
cf493fcb5.jpg,0.5218782424926758,True
cf493fcb5.jpg,0.1767614930868148,False
cf493fcb5.jpg,0.1325445920228958,True
cf493fcb5.jpg,0.1216995120048523,True
cf493fcb5.jpg,0.1013761833310127,True
cf493fcb5.jpg,0.0999719724059104,True
cf493fcb5.jpg,0.0818056166172027,True
cf493fcb5.jpg,0.0718151852488517,True
cf493fcb5.jpg,0.0714911147952079,True
cf493fcb5.jpg,0.070108562707901,True
cf493fcb5.jpg,0.0540001057088375,True
cf5dee855.jpg,0.7061551213264465,False
cf7cec252.jpg,0.4279179871082306,False
cf7cec252.jpg,0.4039894044399261,False
cf7cec252.jpg,0.124933160841465,True
cf7cec252.jpg,0.0648292005062103,True
cf7cec252.jpg,0.0597648918628692,True
cf8ded8fb.jpg,0.9325580596923828,False
cf8ded8fb.jpg,0.8552621006965637,False
cf9fcd6b8.jpg,0.3671616911888122,False
cf9fcd6b8.jpg,0.28886678814888,False
cf9fcd6b8.jpg,0.2761166989803314,False
cf9fcd6b8.jpg,0.2209818959236145,False
cf9fcd6b8.jpg,0.1709769666194915,False
cf9fcd6b8.jpg,0.1300266683101654,True
cf9fcd6b8.jpg,0.0586613528430461,False
cfb6c473e.jpg,0.892325758934021,False
cfbaa3622.jpg,0.6556322574615479,False
cfbaa3622.jpg,0.426896184682846,False
cfbaa3622.jpg,0.1885744035243988,True
cfbde7b02.jpg,0.4691077768802643,False
cfbde7b02.jpg,0.4513856470584869,True
cfbde7b02.jpg,0.3794104754924774,True
cfbde7b02.jpg,0.3770754933357239,False
cfbde7b02.jpg,0.3096053004264831,True
cfbde7b02.jpg,0.2730277776718139,False
cfbde7b02.jpg,0.2530392408370971,True
cfbde7b02.jpg,0.2238754630088806,False
cfbde7b02.jpg,0.0848375782370567,True
cfbde7b02.jpg,0.0804461687803268,False
cfc01b72c.jpg,0.3599071800708771,True
cfc01b72c.jpg,0.3578054904937744,True
cfc01b72c.jpg,0.2925696671009063,True
cfc01b72c.jpg,0.2586493492126465,True
cfc01b72c.jpg,0.2568488121032715,True
cfc01b72c.jpg,0.2541342377662658,True
cfc01b72c.jpg,0.0902572572231292,True
cfc01b72c.jpg,0.0713685825467109,True
cfc01b72c.jpg,0.0630534365773201,True
cfc01b72c.jpg,0.0549196414649486,True
cfc47dc7f.jpg,0.9052908420562744,False
cfc60a388.jpg,0.1653465181589126,False
cfd05d1c9.jpg,0.8984187841415405,False
cfd05d1c9.jpg,0.0567062199115753,True
cfd639214.jpg,0.5809049606323242,False
cfd639214.jpg,0.0515302345156669,False
cfd64576f.jpg,0.9043150544166564,False
cfd64576f.jpg,0.8494237065315247,False
cfd64576f.jpg,0.0901083201169967,True
cfd64576f.jpg,0.0519312508404254,True
cfef40c5a.jpg,0.0985101908445358,True
cfef40c5a.jpg,0.0869636908173561,True
cfef40c5a.jpg,0.0695222467184066,True
d01a36aa9.jpg,0.8728419542312622,False
d01a36aa9.jpg,0.0519903637468814,True
d035102d9.jpg,0.7933462262153625,False
d035102d9.jpg,0.7233700156211853,False
d035102d9.jpg,0.6081509590148926,False
d035102d9.jpg,0.4703616797924042,True
d035102d9.jpg,0.4440383911132812,False
d035102d9.jpg,0.3954969942569732,False
d035102d9.jpg,0.1183753386139869,False
d035102d9.jpg,0.1153547838330268,False
d049e596b.jpg,0.8955327272415161,False
d049e596b.jpg,0.5883927941322327,True
d049e596b.jpg,0.1362783014774322,True
d049e596b.jpg,0.1152707189321518,True
d06bd19ff.jpg,0.7807798385620117,False
d0880713c.jpg,0.8454042077064514,False
d0880713c.jpg,0.8429409861564636,False
d09408af3.jpg,0.3702410757541656,True
d09408af3.jpg,0.0819241479039192,False
d09408af3.jpg,0.0646436810493469,True
d09408af3.jpg,0.063776284456253,True
d09408af3.jpg,0.0634878054261207,False
d09408af3.jpg,0.0602289699018001,False
d0a3fabc4.jpg,0.4910102188587188,False
d0a3fabc4.jpg,0.2584593892097473,False
d0d987446.jpg,0.8886539340019226,False
d0f378ac4.jpg,0.846960186958313,False
d0f378ac4.jpg,0.5163906216621399,False
d1096c791.jpg,0.4272164106369018,False
d1096c791.jpg,0.1482215672731399,False
d1165f6ca.jpg,0.9032036662101746,False
d1165f6ca.jpg,0.8987985253334045,False
d127ffe86.jpg,0.8324740529060364,False
d127ffe86.jpg,0.6973782777786255,False
d127ffe86.jpg,0.6435975432395935,False
d127ffe86.jpg,0.6131417751312256,False
d127ffe86.jpg,0.5977843403816223,False
d127ffe86.jpg,0.5971801280975342,False
d127ffe86.jpg,0.5446861982345581,False
d127ffe86.jpg,0.4672686159610748,False
d127ffe86.jpg,0.4602899849414825,False
d127ffe86.jpg,0.3857375085353851,False
d127ffe86.jpg,0.3475048840045929,False
d127ffe86.jpg,0.2931857705116272,False
d127ffe86.jpg,0.2807470262050628,False
d127ffe86.jpg,0.1278348565101623,True
d127ffe86.jpg,0.053317941725254,False
d127ffe86.jpg,0.0521286278963089,False
d16380420.jpg,0.8223073482513428,False
d1688771a.jpg,0.8708083033561707,False
d1688771a.jpg,0.8365068435668945,False
d1688771a.jpg,0.5822726488113403,False
d1688771a.jpg,0.5354860424995422,False
d1688771a.jpg,0.4458443224430084,True
d1688771a.jpg,0.4105343520641327,True
d1688771a.jpg,0.2889312207698822,True
d1688771a.jpg,0.2084242552518844,True
d1688771a.jpg,0.1170452386140823,False
d1688771a.jpg,0.0734384581446647,True
d16d73c39.jpg,0.9491487741470336,False
d18d8c6e1.jpg,0.229142814874649,True
d18d8c6e1.jpg,0.2042571753263473,False
d18d8c6e1.jpg,0.0696817338466644,True
d18d8c6e1.jpg,0.0564562417566776,True
d19239cbd.jpg,0.939035713672638,False
d19239cbd.jpg,0.830527126789093,False
d1badb0bc.jpg,0.8414961695671082,False
d1badb0bc.jpg,0.1687577366828918,True
d1badb0bc.jpg,0.1455251276493072,True
d1cf8047a.jpg,0.8204118609428406,False
d1cf8047a.jpg,0.7803502678871155,False
d1cf8047a.jpg,0.7243922352790833,False
d1cf8047a.jpg,0.5387890338897705,False
d1e2feb78.jpg,0.3129433393478393,False
d1e2feb78.jpg,0.2782012522220611,False
d1e2feb78.jpg,0.1690698564052581,False
d1e2feb78.jpg,0.0599905289709568,True
d1e7d5121.jpg,0.9330391883850098,False
d207a3b38.jpg,0.7200431227684021,False
d207a3b38.jpg,0.6216668486595154,True
d207a3b38.jpg,0.5942795872688293,True
d207a3b38.jpg,0.5038365721702576,False
d207a3b38.jpg,0.4799339473247528,False
d207a3b38.jpg,0.4522467851638794,True
d207a3b38.jpg,0.3298462927341461,True
d207a3b38.jpg,0.3236251175403595,False
d207a3b38.jpg,0.3034759163856506,False
d207a3b38.jpg,0.2942016124725342,True
d207a3b38.jpg,0.2787589728832245,True
d207a3b38.jpg,0.2644000947475433,True
d207a3b38.jpg,0.2256714850664138,True
d207a3b38.jpg,0.2160134017467498,False
d207a3b38.jpg,0.1823620945215225,True
d207a3b38.jpg,0.1783472299575805,True
d207a3b38.jpg,0.1636413782835006,True
d207a3b38.jpg,0.1555902361869812,True
d207a3b38.jpg,0.1374468505382537,True
d207a3b38.jpg,0.1299785077571869,True
d207a3b38.jpg,0.127196192741394,True
d207a3b38.jpg,0.1271265298128128,True
d207a3b38.jpg,0.1081895902752876,True
d207a3b38.jpg,0.1077429428696632,True
d207a3b38.jpg,0.0960552617907524,True
d207a3b38.jpg,0.0914301797747612,True
d207a3b38.jpg,0.0907584652304649,True
d207a3b38.jpg,0.0883140861988067,True
d207a3b38.jpg,0.0802113488316536,True
d207a3b38.jpg,0.0737962201237678,True
d207a3b38.jpg,0.0703232958912849,True
d207a3b38.jpg,0.0679015219211578,True
d207a3b38.jpg,0.0667411237955093,True
d207a3b38.jpg,0.0617848336696624,True
d207a3b38.jpg,0.0577579215168952,True
d207a3b38.jpg,0.0569128692150116,True
d20b85754.jpg,0.934602916240692,False
d20b85754.jpg,0.0733522921800613,True
d21b2fcef.jpg,0.0534004643559455,False
d21d19455.jpg,0.9408802390098572,False
d233c8e26.jpg,0.5608845949172974,False
d248d957d.jpg,0.9130384922027588,False
d25bc545f.jpg,0.9124268293380736,False
d25bc545f.jpg,0.7770818471908569,False
d25bc545f.jpg,0.3126043975353241,False
d25bc545f.jpg,0.0600660257041454,False
d25c0ae94.jpg,0.3049823641777038,True
d25c0ae94.jpg,0.3046997487545013,True
d25c0ae94.jpg,0.0859803706407547,True
d25c0ae94.jpg,0.0840620845556259,False
d2606f085.jpg,0.7898737192153931,False
d2918b312.jpg,0.2775144577026367,False
d2918b312.jpg,0.0534802488982677,False
d297b2a96.jpg,0.8168525099754333,False
d297b2a96.jpg,0.7521122097969055,False
d297b2a96.jpg,0.6834607720375061,False
d297b2a96.jpg,0.6815633773803711,False
d297b2a96.jpg,0.5951434969902039,False
d297b2a96.jpg,0.5802733302116394,False
d297b2a96.jpg,0.520323634147644,False
d297b2a96.jpg,0.3979756534099579,False
d297b2a96.jpg,0.3138465881347656,False
d297b2a96.jpg,0.2440969347953796,False
d297b2a96.jpg,0.1900748461484909,False
d297b2a96.jpg,0.1737541705369949,False
d297b2a96.jpg,0.1347442269325256,False
d297b2a96.jpg,0.1221559569239616,False
d297b2a96.jpg,0.110901191830635,False
d297b2a96.jpg,0.0773939713835716,False
d297b2a96.jpg,0.0648747161030769,True
d297b2a96.jpg,0.0580450035631656,False
d2a2e625e.jpg,0.7527251243591309,False
d2a2e625e.jpg,0.5672496557235718,False
d2a2e625e.jpg,0.4367661774158478,False
d2a2e625e.jpg,0.3618558049201965,False
d2add8e1b.jpg,0.4303553998470306,False
d2add8e1b.jpg,0.2618641257286072,False
d2add8e1b.jpg,0.0956129431724548,False
d2add8e1b.jpg,0.0766405910253524,True
d2add8e1b.jpg,0.0563854686915874,False
d2ae3203b.jpg,0.8038487434387207,False
d2b0a6a9b.jpg,0.8802239298820496,False
d2b0a6a9b.jpg,0.8209630846977234,False
d2c5b7ffc.jpg,0.9004976153373718,False
d2e871f1c.jpg,0.728355884552002,False
d2e871f1c.jpg,0.7096497416496277,False
d2e871f1c.jpg,0.4603713154792785,False
d2e871f1c.jpg,0.1855981647968292,True
d2e871f1c.jpg,0.1313111037015915,True
d2e871f1c.jpg,0.0600069873034954,True
d30f0e444.jpg,0.6838682889938354,False
d31493201.jpg,0.4356712698936462,False
d31493201.jpg,0.365960955619812,False
d31493201.jpg,0.328244537115097,False
d31493201.jpg,0.1854103505611419,False
d31493201.jpg,0.1146799996495246,False
d31493201.jpg,0.0767854154109954,False
d31493201.jpg,0.0586263425648212,True
d31578c2e.jpg,0.3510481119155884,False
d31578c2e.jpg,0.168907418847084,False
d31578c2e.jpg,0.1688366085290908,False
d31578c2e.jpg,0.0881204381585121,True
d3200f957.jpg,0.5928540229797363,False
d3200f957.jpg,0.5764849185943604,False
d3200f957.jpg,0.5584782958030701,False
d3200f957.jpg,0.5567121505737305,False
d3200f957.jpg,0.5473144054412842,False
d3200f957.jpg,0.4974555075168609,False
d3200f957.jpg,0.4317519068717956,False
d3200f957.jpg,0.1805767267942428,False
d3200f957.jpg,0.1423286646604538,False
d3200f957.jpg,0.0568924769759178,False
d320ac3c7.jpg,0.9393461346626282,False
d33046bfd.jpg,0.7771821618080139,False
d33e79d0b.jpg,0.6100093126296997,False
d33e79d0b.jpg,0.0517987720668315,False
d3426de05.jpg,0.868948221206665,False
d345a3a9d.jpg,0.112155757844448,False
d345a3a9d.jpg,0.0621754862368106,True
d35808bb6.jpg,0.866355836391449,False
d35808bb6.jpg,0.6262237429618835,False
d35808bb6.jpg,0.3956310451030731,False
d35808bb6.jpg,0.0609969720244407,False
d3a2d2f2a.jpg,0.790479302406311,False
d3a2d2f2a.jpg,0.7527614235877991,False
d3a2d2f2a.jpg,0.7506816983222961,False
d3a2d2f2a.jpg,0.4755905568599701,False
d3a2d2f2a.jpg,0.4699727892875671,False
d3a2d2f2a.jpg,0.2990629971027374,True
d3a2d2f2a.jpg,0.1907049417495727,False
d3a2d2f2a.jpg,0.1622868627309799,False
d3a2d2f2a.jpg,0.1405491083860397,True
d3a2d2f2a.jpg,0.1212805658578872,True
d3a2d2f2a.jpg,0.11575198918581,True
d3a2d2f2a.jpg,0.1142659857869148,False
d3a2d2f2a.jpg,0.1068956702947616,True
d3a2d2f2a.jpg,0.1050256416201591,True
d3a2d2f2a.jpg,0.0988134294748306,True
d3a2d2f2a.jpg,0.0858207792043685,False
d3a2d2f2a.jpg,0.069422535598278,True
d3a2d2f2a.jpg,0.0610480532050132,True
d3a2d2f2a.jpg,0.0603160187602043,False
d3a2d2f2a.jpg,0.0557047352194786,False
d3a671bb8.jpg,0.8471328020095825,False
d3a671bb8.jpg,0.0875427722930908,True
d3a671bb8.jpg,0.0555372945964336,True
d3cff70e3.jpg,0.8181380033493042,False
d3d9b9eb1.jpg,0.2571796178817749,False
d3d9b9eb1.jpg,0.0933286398649215,False
d3d9b9eb1.jpg,0.0899437516927719,False
d3d9b9eb1.jpg,0.0831594094634056,False
d3e1d8f8b.jpg,0.8946448564529419,False
d3f3e2a6c.jpg,0.5454500317573547,False
d3f5dcaa1.jpg,0.8648194074630737,False
d41a86c8c.jpg,0.3523016571998596,False
d41a86c8c.jpg,0.1891280114650726,False
d41a86c8c.jpg,0.1162485107779502,True
d41a86c8c.jpg,0.0735644772648811,True
d42f72387.jpg,0.8298901319503784,False
d42f72387.jpg,0.3623960614204407,False
d42f72387.jpg,0.3584532737731933,False
d42f72387.jpg,0.2502688467502594,False
d42f72387.jpg,0.111608125269413,False
d42f72387.jpg,0.0550924018025398,False
d42f72387.jpg,0.0502425692975521,False
d439f2c12.jpg,0.8116458058357239,False
d4410c548.jpg,0.5384836196899414,False
d458ed93a.jpg,0.4262367188930511,False
d458ed93a.jpg,0.3734314441680908,False
d458ed93a.jpg,0.2752661108970642,False
d459530b9.jpg,0.7350298762321472,False
d45c69e55.jpg,0.8587971925735474,False
d45c69e55.jpg,0.7797853350639343,False
d46438d4b.jpg,0.0886367708444595,True
d49f98f25.jpg,0.8461256623268127,False
d4a67f6aa.jpg,0.8929970264434814,False
d4b10112b.jpg,0.3670663833618164,True
d4b2c7df1.jpg,0.8816757798194885,False
d4b2c7df1.jpg,0.8739823698997498,False
d4b2c7df1.jpg,0.3999908566474914,True
d4b2c7df1.jpg,0.1527230143547058,True
d4c673a1a.jpg,0.7462033033370972,False
d4c673a1a.jpg,0.7110999226570129,False
d4c673a1a.jpg,0.2706656157970428,False
d4c673a1a.jpg,0.2435747683048248,False
d4c673a1a.jpg,0.212975338101387,False
d4c673a1a.jpg,0.0504422448575496,False
d4cbb37c1.jpg,0.9117570519447328,False
d4cbb37c1.jpg,0.0693128481507301,True
d4d1cd099.jpg,0.8735897541046143,False
d4d26f700.jpg,0.8902831077575684,False
d4d776488.jpg,0.2836947441101074,False
d4d776488.jpg,0.2256059795618057,False
d4d776488.jpg,0.1141260042786598,False
d4d776488.jpg,0.1013198271393776,False
d4efd2ff1.jpg,0.8528035283088684,False
d4fbc6c42.jpg,0.9121906161308287,False
d51353c8c.jpg,0.7973067760467529,False
d51353c8c.jpg,0.0518452562391757,True
d53802e85.jpg,0.8990719318389893,False
d538c8b58.jpg,0.7710909247398376,False
d538c8b58.jpg,0.5729771852493286,False
d538c8b58.jpg,0.3656975328922272,False
d53b3b4f7.jpg,0.4533950388431549,False
d53b3b4f7.jpg,0.2420400828123092,True
d53b3b4f7.jpg,0.1690511107444763,True
d54485dae.jpg,0.6728746891021729,True
d54485dae.jpg,0.5798647999763489,False
d54882ad6.jpg,0.8421375751495361,False
d55291fa8.jpg,0.7369478940963745,False
d5544b1e8.jpg,0.2952916324138641,False
d5544b1e8.jpg,0.2650971710681915,False
d5544b1e8.jpg,0.1258508265018463,True
d5544b1e8.jpg,0.1024517267942428,True
d568197d7.jpg,0.815253496170044,False
d584b67e8.jpg,0.6437796354293823,False
d584b67e8.jpg,0.5153695940971375,False
d584b67e8.jpg,0.5103225111961365,False
d584b67e8.jpg,0.4888519644737243,False
d584b67e8.jpg,0.4884986877441406,False
d584b67e8.jpg,0.3991120159626007,False
d584b67e8.jpg,0.3720002174377441,True
d584b67e8.jpg,0.3265630900859833,False
d584b67e8.jpg,0.2388379573822021,False
d584b67e8.jpg,0.2027400135993957,False
d584b67e8.jpg,0.1727185398340225,True
d584b67e8.jpg,0.1574367582798004,False
d584b67e8.jpg,0.0759782046079635,False
d584b67e8.jpg,0.059448879212141,True
d584b67e8.jpg,0.053014725446701,True
d58aaa156.jpg,0.3476170301437378,False
d58aaa156.jpg,0.1038543805480003,True
d58aaa156.jpg,0.087437130510807,False
d5a1b5d87.jpg,0.9208869934082032,False
d5b4ddf7e.jpg,0.4379810094833374,False
d5b4ddf7e.jpg,0.1856667250394821,False
d5cbb1ffa.jpg,0.6421071290969849,False
d5cbb1ffa.jpg,0.2137918919324875,False
d5e62709e.jpg,0.3594750463962555,False
d5e62709e.jpg,0.2142375409603119,False
d5e62709e.jpg,0.1996596455574035,False
d5e62709e.jpg,0.1068587228655815,False
d5e62709e.jpg,0.0841104537248611,False
d5e62709e.jpg,0.0547283180058002,False
d601d1bd7.jpg,0.7986460328102112,False
d601d1bd7.jpg,0.5290194749832153,False
d601d1bd7.jpg,0.2436428070068359,False
d601d1bd7.jpg,0.0998451709747314,False
d61c69b5d.jpg,0.9445801973342896,False
d629473c8.jpg,0.8631871342658997,False
d62e79403.jpg,0.871115505695343,False
d63134c57.jpg,0.2591668367385864,False
d63134c57.jpg,0.2543229162693023,False
d63134c57.jpg,0.2189098000526428,True
d63134c57.jpg,0.2002185881137848,True
d63134c57.jpg,0.1965125799179077,True
d63134c57.jpg,0.1787904649972915,False
d63134c57.jpg,0.1737667620182037,False
d63134c57.jpg,0.0918663218617439,False
d63d5a195.jpg,0.8546197414398193,False
d63d5a195.jpg,0.8451581597328186,False
d658180e6.jpg,0.8007871508598328,False
d65ebcc15.jpg,0.8405568599700928,False
d65ebcc15.jpg,0.8343430161476135,False
d65ebcc15.jpg,0.7529774308204651,False
d65ebcc15.jpg,0.7503323554992676,False
d65ebcc15.jpg,0.6853153705596924,False
d65ebcc15.jpg,0.4193569719791412,False
d65ebcc15.jpg,0.0688492283225059,False
d65ebcc15.jpg,0.0542296357452869,False
d65ebcc15.jpg,0.0535821355879306,True
d671e0676.jpg,0.8552042841911316,False
d671e0676.jpg,0.8064452409744263,False
d671e0676.jpg,0.7847200036048889,False
d671e0676.jpg,0.6891401410102844,False
d671e0676.jpg,0.1551263928413391,True
d671e0676.jpg,0.1151178702712059,True
d673af73e.jpg,0.8239545822143555,False
d673af73e.jpg,0.2351735681295395,False
d673af73e.jpg,0.2045593559741974,False
d673af73e.jpg,0.1498803794384002,False
d673af73e.jpg,0.0644097030162811,False
d6aba2316.jpg,0.919343113899231,False
d6aba2316.jpg,0.8896304965019226,False
d6aba2316.jpg,0.8442015647888184,False
d6aba2316.jpg,0.8339529633522034,False
d6aba2316.jpg,0.1736364662647247,True
d6aba2316.jpg,0.154018297791481,True
d6aba2316.jpg,0.0683828294277191,True
d6b59d78d.jpg,0.5265878438949585,False
d6b59d78d.jpg,0.3848875164985657,False
d6b59d78d.jpg,0.2906759977340698,False
d6b59d78d.jpg,0.2352400422096252,True
d6b59d78d.jpg,0.1344001293182373,True
d6b59d78d.jpg,0.0955071970820427,True
d6b59d78d.jpg,0.0893314033746719,True
d6b59d78d.jpg,0.0849425047636032,True
d6b59d78d.jpg,0.08258868008852,True
d6b59d78d.jpg,0.0820987895131111,True
d6b59d78d.jpg,0.0815176144242286,True
d6b59d78d.jpg,0.0804257690906524,True
d6b59d78d.jpg,0.07893618196249,True
d6b59d78d.jpg,0.0786592736840248,True
d6b59d78d.jpg,0.0748444944620132,True
d6b59d78d.jpg,0.0726451203227043,True
d6b59d78d.jpg,0.0717375054955482,True
d6b59d78d.jpg,0.070385605096817,True
d6b59d78d.jpg,0.0701566338539123,True
d6b59d78d.jpg,0.0700771138072013,True
d6b59d78d.jpg,0.0595220029354095,True
d6b59d78d.jpg,0.0574829466640949,True
d6b59d78d.jpg,0.0572431571781635,True
d6b59d78d.jpg,0.052163153886795,True
d6b59d78d.jpg,0.0517812073230743,True
d6c509605.jpg,0.8735389709472656,False
d6c509605.jpg,0.8405696749687195,False
d6c509605.jpg,0.8006845712661743,False
d6c509605.jpg,0.7525866031646729,False
d6c509605.jpg,0.3654057085514068,False
d6c509605.jpg,0.2471183985471725,False
d6c509605.jpg,0.1873842179775238,False
d6c509605.jpg,0.0755404531955719,True
d6c509605.jpg,0.0729072317481041,True
d6d014ce6.jpg,0.8825640678405762,False
d6d014ce6.jpg,0.8660458922386169,False
d6d014ce6.jpg,0.6520075798034668,False
d6d014ce6.jpg,0.3621127307415008,True
d6d5b3a3a.jpg,0.8818973898887634,False
d6d5b3a3a.jpg,0.8109760284423828,False
d6e39424d.jpg,0.8787979483604431,False
d6e747951.jpg,0.8723086714744568,False
d6f4a1e1c.jpg,0.8222610950469971,False
d6f4a1e1c.jpg,0.5355322957038879,False
d6f904887.jpg,0.7586368918418884,False
d6f904887.jpg,0.3011929988861084,True
d6f904887.jpg,0.1167015731334686,True
d6f904887.jpg,0.0868062749505043,True
d70582b99.jpg,0.766791045665741,False
d70582b99.jpg,0.493191659450531,False
d70582b99.jpg,0.1938209980726242,False
d70582b99.jpg,0.1328664720058441,False
d70582b99.jpg,0.0765236243605613,True
d70582b99.jpg,0.0714403614401817,True
d70582b99.jpg,0.0646607279777526,True
d70582b99.jpg,0.0553271993994712,False
d7148ea82.jpg,0.8121095895767212,False
d7148ea82.jpg,0.3157940804958343,False
d7148ea82.jpg,0.2680249512195587,False
d7148ea82.jpg,0.1851902157068252,True
d7148ea82.jpg,0.1741197556257248,True
d7148ea82.jpg,0.1347428262233734,False
d7148ea82.jpg,0.1303144842386245,True
d7148ea82.jpg,0.1265548765659332,True
d7148ea82.jpg,0.1017408818006515,True
d7148ea82.jpg,0.1004612445831298,False
d7148ea82.jpg,0.0894962102174758,True
d7148ea82.jpg,0.084016241133213,True
d7148ea82.jpg,0.0834060236811637,True
d7148ea82.jpg,0.0830129086971283,True
d7148ea82.jpg,0.0812566578388214,True
d7148ea82.jpg,0.0747640058398246,False
d71ecae92.jpg,0.654956579208374,False
d71ecae92.jpg,0.519671618938446,False
d71ecae92.jpg,0.4487350285053253,True
d71ecae92.jpg,0.4419572353363037,False
d71ecae92.jpg,0.2633222639560699,True
d71ecae92.jpg,0.2383937835693359,True
d71ecae92.jpg,0.1856687515974044,True
d71ecae92.jpg,0.1780908554792404,False
d71ecae92.jpg,0.1592123508453369,True
d71ecae92.jpg,0.0893067270517349,True
d74430258.jpg,0.2444726675748825,False
d74430258.jpg,0.1926028132438659,False
d74430258.jpg,0.1418351382017135,False
d74a679af.jpg,0.4226749241352081,False
d74a679af.jpg,0.2471782267093658,False
d78ae1183.jpg,0.4760292172431946,False
d78ae1183.jpg,0.2851815819740295,False
d78ae1183.jpg,0.2442101836204528,False
d78ae1183.jpg,0.2032861560583114,False
d78ae1183.jpg,0.1141865253448486,False
d78ae1183.jpg,0.091715857386589,False
d78ae1183.jpg,0.0902700647711753,False
d78ae1183.jpg,0.0849436149001121,True
d78ae1183.jpg,0.0730614513158798,False
d78dc391a.jpg,0.4883043766021728,False
d78dc391a.jpg,0.0946950316429138,False
d78f1b0fc.jpg,0.356677383184433,False
d78f1b0fc.jpg,0.1901384145021438,False
d78f1b0fc.jpg,0.1110124886035919,True
d78f1b0fc.jpg,0.0685180723667144,True
d7a9c46b5.jpg,0.8578106760978699,False
d7a9c46b5.jpg,0.3311100006103515,True
d7bc33409.jpg,0.9010398387908936,False
d7bc33409.jpg,0.6953679323196411,False
d7bed5c3c.jpg,0.5701374411582947,False
d7bed5c3c.jpg,0.1936017423868179,False
d7d7a0d82.jpg,0.7401926517486572,False
d7d7a0d82.jpg,0.5391740798950195,False
d7d7a0d82.jpg,0.4676617681980133,True
d7d7a0d82.jpg,0.3767445087432861,True
d7d7a0d82.jpg,0.302107572555542,True
d7d7a0d82.jpg,0.2621725499629974,False
d7d7a0d82.jpg,0.2035850435495376,True
d7d7a0d82.jpg,0.1065658628940582,True
d7d7a0d82.jpg,0.0971599742770195,True
d7d7a0d82.jpg,0.0941150560975074,True
d7d7a0d82.jpg,0.0901995301246643,False
d7d7a0d82.jpg,0.0782792642712593,True
d7d7a0d82.jpg,0.0665998309850692,True
d7d7a0d82.jpg,0.0657531023025512,True
d7d7a0d82.jpg,0.0624479353427886,True
d7d7a0d82.jpg,0.0510225370526313,True
d7da8d2eb.jpg,0.1410290300846099,False
d7da8d2eb.jpg,0.0705766826868057,False
d7da8d2eb.jpg,0.0644121989607811,True
d7da8d2eb.jpg,0.0542937964200973,True
d7dab24b9.jpg,0.4511477649211883,False
d7dab24b9.jpg,0.0599731057882308,True
d7f59157e.jpg,0.820764422416687,False
d8014d408.jpg,0.8738923668861389,False
d8014d408.jpg,0.8582642674446106,False
d817f8a5e.jpg,0.4341495335102081,False
d817f8a5e.jpg,0.3512838780879974,True
d817f8a5e.jpg,0.304512470960617,False
d817f8a5e.jpg,0.0855142548680305,True
d817f8a5e.jpg,0.082037940621376,False
d817f8a5e.jpg,0.0679965913295745,True
d818faec7.jpg,0.2717513740062713,False
d818faec7.jpg,0.1143536940217018,False
d818faec7.jpg,0.0656715407967567,False
d818faec7.jpg,0.0625049173831939,False
d830995c0.jpg,0.7584720253944397,False
d830995c0.jpg,0.3828047811985016,False
d830995c0.jpg,0.2246293276548385,False
d84dcbec7.jpg,0.9259532690048218,False
d873b61c4.jpg,0.2125854045152664,False
d873b61c4.jpg,0.2063961625099182,False
d873b61c4.jpg,0.103952519595623,False
d873b61c4.jpg,0.0690976232290268,True
d885a0cfa.jpg,0.8257034420967102,False
d8932f238.jpg,0.850987434387207,False
d8932f238.jpg,0.635720431804657,False
d89781c4f.jpg,0.4390672445297241,False
d89781c4f.jpg,0.3133916556835174,False
d89781c4f.jpg,0.231197640299797,False
d89781c4f.jpg,0.193422183394432,True
d89781c4f.jpg,0.1667093932628631,True
d89781c4f.jpg,0.1266756206750869,False
d89781c4f.jpg,0.0597503706812858,False
d8aaa8906.jpg,0.8839218020439148,False
d8bece921.jpg,0.8278310894966125,False
d8cd22a93.jpg,0.8855503797531128,False
d8cd22a93.jpg,0.8448424339294434,False
d8cd22a93.jpg,0.7051954865455627,False
d8d932cc9.jpg,0.3332425057888031,True
d8d932cc9.jpg,0.2675060033798218,True
d8d932cc9.jpg,0.1217390596866607,False
d8d932cc9.jpg,0.0611049458384513,True
d8d932cc9.jpg,0.0601398348808288,False
d8f2d724d.jpg,0.8681198954582214,False
d8f2d724d.jpg,0.4556941390037536,True
d8f2d724d.jpg,0.256022185087204,True
d8f2d724d.jpg,0.1718340665102005,True
d8f2d724d.jpg,0.0883651971817016,True
d8f2d724d.jpg,0.0734440982341766,True
d90ee92a7.jpg,0.920153796672821,False
d90ee92a7.jpg,0.8566690683364868,False
d90ee92a7.jpg,0.4915971457958221,True
d90ee92a7.jpg,0.4499625563621521,False
d90ee92a7.jpg,0.2269973456859588,False
d90ee92a7.jpg,0.159176304936409,True
d90ee92a7.jpg,0.0751274824142456,True
d90fea18e.jpg,0.8689506649971008,False
d90fea18e.jpg,0.8113261461257935,False
d90fea18e.jpg,0.4322001039981842,False
d90fea18e.jpg,0.2442341297864914,True
d90fea18e.jpg,0.2322861701250076,True
d90fea18e.jpg,0.0754094272851944,True
d90fea18e.jpg,0.0653478428721427,False
d90fea18e.jpg,0.0532717518508434,True
d91bbf2a5.jpg,0.8625203371047974,False
d91bbf2a5.jpg,0.4542181491851806,True
d91bbf2a5.jpg,0.2023097276687622,True
d91bbf2a5.jpg,0.1060366183519363,True
d91cd539d.jpg,0.8609700202941895,False
d91cd539d.jpg,0.5050674080848694,False
d91cd539d.jpg,0.4881899952888489,False
d91cd539d.jpg,0.3386908769607544,False
d91cd539d.jpg,0.2906400859355926,True
d91cd539d.jpg,0.2770716547966003,True
d91cd539d.jpg,0.2482982724905014,True
d91cd539d.jpg,0.2316105812788009,True
d91cd539d.jpg,0.2252752780914306,False
d91cd539d.jpg,0.1838119328022003,True
d91cd539d.jpg,0.1330437511205673,True
d91cd539d.jpg,0.1321296244859695,True
d91cd539d.jpg,0.120054043829441,True
d91cd539d.jpg,0.1107216626405716,True
d91cd539d.jpg,0.0702299550175666,True
d91cd539d.jpg,0.0667499750852584,True
d91cd539d.jpg,0.0561699718236923,True
d91cd539d.jpg,0.0506692938506603,True
d93f8afa8.jpg,0.4579298794269562,False
d93f8afa8.jpg,0.2383197098970413,False
d93f8afa8.jpg,0.1754080951213836,False
d93f8afa8.jpg,0.0676317662000656,False
d94a9fb03.jpg,0.4906592667102813,False
d94a9fb03.jpg,0.1591120362281799,False
d94a9fb03.jpg,0.0733985900878906,False
d9647123f.jpg,0.8209571838378906,False
d9762ef5e.jpg,0.6328478455543518,False
d9762ef5e.jpg,0.4968471825122833,False
d9762ef5e.jpg,0.4951843321323395,False
d9762ef5e.jpg,0.4176790714263916,False
d9762ef5e.jpg,0.3488572239875793,False
d9762ef5e.jpg,0.3407366573810577,False
d9762ef5e.jpg,0.2751533091068268,False
d9762ef5e.jpg,0.2488303929567337,False
d9762ef5e.jpg,0.2102017402648925,False
d9762ef5e.jpg,0.1860688477754593,False
d9762ef5e.jpg,0.1650435626506805,False
d9762ef5e.jpg,0.1518719941377639,False
d9762ef5e.jpg,0.1231235563755035,False
d9762ef5e.jpg,0.1053088381886482,True
d9762ef5e.jpg,0.0688125789165496,True
d9762ef5e.jpg,0.050024040043354,False
d97c3853b.jpg,0.8342116475105286,False
d97c3853b.jpg,0.2650052905082702,True
d993d97f0.jpg,0.8897733688354492,False
d993d97f0.jpg,0.7604502439498901,False
d999fb7eb.jpg,0.7495943307876587,False
d9aeca52a.jpg,0.842441201210022,False
d9b0b05ae.jpg,0.898611843585968,False
d9c413612.jpg,0.6671051383018494,False
d9c413612.jpg,0.4595586955547333,False
d9c413612.jpg,0.4354154467582702,False
d9c413612.jpg,0.3797627687454223,False
d9c413612.jpg,0.2283237129449844,False
d9eb952db.jpg,0.7652968168258667,False
d9eb952db.jpg,0.6514112949371338,False
d9eb952db.jpg,0.5768876671791077,False
d9eb952db.jpg,0.4176622629165649,False
d9eb952db.jpg,0.2693287134170532,False
d9eb952db.jpg,0.2116706073284149,False
da01be553.jpg,0.7624243497848511,False
da01be553.jpg,0.7491880655288696,False
da01be553.jpg,0.2243640571832656,True
da01be553.jpg,0.2127290666103363,True
da01be553.jpg,0.1140156090259552,False
da01be553.jpg,0.0834810063242912,True
da01be553.jpg,0.0544745810329914,True
da01be553.jpg,0.0528365932404994,True
da05d9552.jpg,0.7159663438796997,False
da05d9552.jpg,0.6085306406021118,True
da05d9552.jpg,0.20633165538311,True
da3d9ff9a.jpg,0.8360042572021484,False
da3f2296d.jpg,0.8812481164932251,False
da5b2b43e.jpg,0.5512368679046631,False
da5e01c72.jpg,0.9086527824401855,False
da7127fce.jpg,0.9000798463821411,False
da7127fce.jpg,0.1052763611078262,True
dac3a1dc7.jpg,0.439558207988739,False
dac3a1dc7.jpg,0.1587142199277877,False
dac3a1dc7.jpg,0.0928628519177436,True
dac3a1dc7.jpg,0.0726624354720115,False
daf6d488b.jpg,0.9289803504943848,False
db14ea67b.jpg,0.7999853491783142,False
db323e181.jpg,0.8547950983047485,False
db323e181.jpg,0.1352732926607132,True
db323e181.jpg,0.055609792470932,True
db332a9bf.jpg,0.5231521129608154,False
db332a9bf.jpg,0.4424642920494079,False
db332a9bf.jpg,0.0902693569660186,True
db332a9bf.jpg,0.0538425557315349,False
db51d5637.jpg,0.6783334016799927,False
db51d5637.jpg,0.2428906112909317,True
db51d5637.jpg,0.239102691411972,True
db51d5637.jpg,0.1639571040868759,True
db51d5637.jpg,0.1580425351858139,True
db51d5637.jpg,0.153987169265747,True
db51d5637.jpg,0.1156320422887802,True
db51d5637.jpg,0.0862254798412323,True
db51d5637.jpg,0.0558065064251422,True
db703d95b.jpg,0.5632224678993225,False
db703d95b.jpg,0.0817134007811546,True
db703d95b.jpg,0.0522814877331256,True
db80451ad.jpg,0.6627759337425232,False
db80451ad.jpg,0.63158118724823,False
db80451ad.jpg,0.6206117272377014,False
db80451ad.jpg,0.5697834491729736,False
db80451ad.jpg,0.3486608266830444,False
db90af1ba.jpg,0.7039365768432617,False
db90af1ba.jpg,0.4078425467014313,False
db90af1ba.jpg,0.2747576534748077,False
db90af1ba.jpg,0.2089360356330871,False
db94b0c65.jpg,0.2826926410198211,False
db94b0c65.jpg,0.2250586599111557,False
db94b0c65.jpg,0.1602269560098648,False
dba4b574c.jpg,0.7174582481384277,False
dba4b574c.jpg,0.1158403307199478,True
dba4b574c.jpg,0.1148430407047271,True
dba4b574c.jpg,0.1112014651298523,False
dba4b574c.jpg,0.0785569921135902,True
dba4b574c.jpg,0.0745272859930992,False
dba4b574c.jpg,0.0630220919847488,False
dba4b574c.jpg,0.0622137561440467,False
dba4b574c.jpg,0.0617668554186821,True
dbb68029a.jpg,0.5871217250823975,False
dbb68029a.jpg,0.3592299818992615,False
dbb68029a.jpg,0.2118386328220367,False
dbb68029a.jpg,0.0581562481820583,False
dbc29fe5e.jpg,0.6475310325622559,False
dbc7efc5f.jpg,0.7831173539161682,False
dbc7efc5f.jpg,0.781193733215332,False
dbc7efc5f.jpg,0.1326301544904709,True
dbc7efc5f.jpg,0.061164304614067,False
dbea9bce8.jpg,0.6155436038970947,False
dbf31d0bf.jpg,0.2889943420886993,False
dbf31d0bf.jpg,0.1913693696260452,False
dbf31d0bf.jpg,0.1049748659133911,True
dbf31d0bf.jpg,0.0637519285082817,True
dbf31d0bf.jpg,0.0536513812839984,True
dbf49f532.jpg,0.1975046098232269,False
dbf49f532.jpg,0.1601585149765014,False
dbf49f532.jpg,0.0797866657376289,False
dc0f4e884.jpg,0.8534712791442871,False
dc0f4e884.jpg,0.753480851650238,False
dc181b406.jpg,0.6792264580726624,False
dc181b406.jpg,0.3384344577789306,True
dc181b406.jpg,0.2560542225837707,False
dc181b406.jpg,0.1061681360006332,True
dc1cec72f.jpg,0.7665702104568481,False
dc1f0561b.jpg,0.3699812889099121,False
dc1f0561b.jpg,0.3641767203807831,True
dc1f0561b.jpg,0.2845367789268493,False
dc1f0561b.jpg,0.1683612465858459,False
dc1f0561b.jpg,0.123059332370758,False
dc1f0561b.jpg,0.0915970206260681,False
dc1f0561b.jpg,0.0677325055003166,False
dc1f0561b.jpg,0.0630729347467422,False
dc24140d7.jpg,0.4937704503536224,False
dc24140d7.jpg,0.0772554352879524,True
dc2e7650e.jpg,0.9169905185699464,False
dc45a7d7d.jpg,0.5214342474937439,False
dc45a7d7d.jpg,0.5175654292106628,False
dc45a7d7d.jpg,0.173253908753395,True
dc45a7d7d.jpg,0.1192748397588729,False
dc45a7d7d.jpg,0.1035766080021858,True
dc45a7d7d.jpg,0.0899341851472854,False
dc45a7d7d.jpg,0.0577787235379219,False
dc4ee69ba.jpg,0.8582682013511658,False
dc6adaf6b.jpg,0.9314225912094116,False
dc6adaf6b.jpg,0.90288907289505,False
dc6adaf6b.jpg,0.8955972194671631,False
dc6adaf6b.jpg,0.8808664083480835,False
dc6adaf6b.jpg,0.2667784690856933,False
dc6adaf6b.jpg,0.241379901766777,False
dc6adaf6b.jpg,0.1059413403272628,True
dc70dac80.jpg,0.5247588157653809,False
dc70dac80.jpg,0.485468715429306,True
dc70dac80.jpg,0.4223262071609497,True
dc70dac80.jpg,0.2663047313690185,True
dc70dac80.jpg,0.0889175832271575,False
dc70dac80.jpg,0.0775919258594513,False
dc70dac80.jpg,0.0576572641730308,True
dc70dac80.jpg,0.0511104762554168,True
dc74e1bd7.jpg,0.296747475862503,False
dc74e1bd7.jpg,0.1746690720319748,False
dc74e1bd7.jpg,0.1511923968791961,False
dc74e1bd7.jpg,0.0978099107742309,False
dc74e1bd7.jpg,0.078249990940094,False
dc88648bc.jpg,0.9034417271614076,False
dc9918631.jpg,0.4645423889160156,False
dc9918631.jpg,0.0766604095697403,True
dc9918631.jpg,0.0600651390850544,False
dc9de6e70.jpg,0.2052485197782516,False
dc9de6e70.jpg,0.1831704080104828,False
dc9de6e70.jpg,0.1008122563362121,True
dc9de6e70.jpg,0.0937488004565239,False
dcbc1dca0.jpg,0.1902370601892471,True
dcbd287ff.jpg,0.8168482184410095,False
dcbd287ff.jpg,0.8032799363136292,False
dcbd287ff.jpg,0.7811406850814819,False
dcbd287ff.jpg,0.6564170122146606,False
dcbd287ff.jpg,0.4899397194385528,False
dcbd287ff.jpg,0.3751488626003265,False
dcbd287ff.jpg,0.1138921678066253,False
dcbd287ff.jpg,0.087195798754692,False
dcbd287ff.jpg,0.0578997731208801,False
dcc648d23.jpg,0.5214087963104248,False
dcc648d23.jpg,0.0909448638558387,True
dcc648d23.jpg,0.0784479454159736,True
dcc9d356f.jpg,0.8930778503417969,False
dcc9d356f.jpg,0.8762295246124268,False
dcc9d356f.jpg,0.8616682291030884,False
dcc9d356f.jpg,0.8323616981506348,False
dcc9d356f.jpg,0.3639508187770843,False
dcc9d356f.jpg,0.3505780100822449,True
dce120eb0.jpg,0.87840336561203,False
dce184f9f.jpg,0.387691468000412,False
dce184f9f.jpg,0.3035267293453216,True
dce184f9f.jpg,0.2394135892391204,True
dce184f9f.jpg,0.0928555279970169,True
dce4124de.jpg,0.8932487368583679,False
dce4124de.jpg,0.8729576468467712,False
dcecb5848.jpg,0.1308721154928207,False
dcecb5848.jpg,0.1118576750159263,False
dcee40e39.jpg,0.3829170167446136,False
dcee40e39.jpg,0.3616331219673157,False
dcee40e39.jpg,0.068918377161026,True
dd0c48486.jpg,0.9012175798416138,False
dd0c48486.jpg,0.8396331667900085,False
dd11c75d4.jpg,0.3470270335674286,False
dd11c75d4.jpg,0.1616532206535339,False
dd11c75d4.jpg,0.0853691473603248,True
dd3611765.jpg,0.620094895362854,True
dd3611765.jpg,0.4320211410522461,True
dd3611765.jpg,0.4118252992630005,True
dd3611765.jpg,0.2118451595306396,True
dd3611765.jpg,0.1890062838792801,True
dd3611765.jpg,0.0973919853568077,True
dd3611765.jpg,0.0875566825270652,True
dd3611765.jpg,0.0779140144586563,True
dd3611765.jpg,0.0526476018130779,True
dd3a40a04.jpg,0.8113095164299011,False
dd3d81dcc.jpg,0.928213596343994,False
dd3d81dcc.jpg,0.2669551968574524,False
dd3d81dcc.jpg,0.2325422912836074,False
dd3d81dcc.jpg,0.1387340128421783,False
dd3d81dcc.jpg,0.0516874529421329,False
dd4786821.jpg,0.3630091249942779,False
dd4786821.jpg,0.3301525712013244,False
dd4786821.jpg,0.173541709780693,True
dd4786821.jpg,0.1678804159164428,False
dd4786821.jpg,0.1652368456125259,True
dd4786821.jpg,0.1578549891710281,False
dd4786821.jpg,0.1381965279579162,False
dd4786821.jpg,0.0688819140195846,True
dd4786821.jpg,0.0611570179462432,False
dd4786821.jpg,0.0572291202843189,False
dd4a6d82e.jpg,0.8518361449241638,False
dd5aefa8e.jpg,0.7702386975288391,False
dd5aefa8e.jpg,0.7154028415679932,False
dd5aefa8e.jpg,0.7110934257507324,False
dd602e79c.jpg,0.8845500349998474,False
dd602e79c.jpg,0.7879446148872375,True
dd602e79c.jpg,0.0511958785355091,False
dd751efd2.jpg,0.8769763708114624,False
dd751efd2.jpg,0.873558521270752,False
dd751efd2.jpg,0.4603147208690643,True
dd751efd2.jpg,0.1893060803413391,True
dd7a0bae9.jpg,0.6842147707939148,False
dd7a0bae9.jpg,0.6612537503242493,False
dd87389b5.jpg,0.3680782318115234,False
dd87389b5.jpg,0.2802835404872894,False
dd87389b5.jpg,0.225029781460762,False
dd87389b5.jpg,0.1722442358732223,False
dd87389b5.jpg,0.1719246059656143,False
dd87389b5.jpg,0.0832525044679641,False
dd87389b5.jpg,0.0797236040234565,True
dd87389b5.jpg,0.0635319352149963,True
dd87389b5.jpg,0.0627014487981796,False
dd87389b5.jpg,0.0604833364486694,True
dd8a7ae86.jpg,0.8932923078536987,False
dd9316d80.jpg,0.8110964894294739,False
dd95e4912.jpg,0.9412741661071776,False
dd98989f9.jpg,0.701980471611023,False
dd9c62eb1.jpg,0.8129337430000305,False
dd9c62eb1.jpg,0.8062219619750977,False
dd9c62eb1.jpg,0.7866004109382629,False
dd9c62eb1.jpg,0.7718851566314697,False
dd9c62eb1.jpg,0.7710734009742737,False
dd9c62eb1.jpg,0.759606659412384,False
dd9c62eb1.jpg,0.4200430810451507,False
dd9c62eb1.jpg,0.3506189584732055,False
dd9c62eb1.jpg,0.1948788911104202,False
ddb836e4c.jpg,0.7943193316459656,False
ddb836e4c.jpg,0.6272006034851074,True
ddb836e4c.jpg,0.4918082952499389,True
ddb836e4c.jpg,0.406530499458313,True
ddb836e4c.jpg,0.3873562216758728,True
ddb836e4c.jpg,0.3318186104297638,True
ddb836e4c.jpg,0.1644958853721618,True
ddb836e4c.jpg,0.0819945782423019,True
ddb836e4c.jpg,0.0796065479516983,True
ddb836e4c.jpg,0.076412059366703,True
ddb836e4c.jpg,0.0628421530127525,True
dddc57439.jpg,0.9172636270523072,False
dddc57439.jpg,0.1084876284003257,True
ddfd9a43f.jpg,0.8254655599594116,False
ddfd9a43f.jpg,0.7783817052841187,False
ddfd9a43f.jpg,0.0611322484910488,True
de13169f6.jpg,0.1858468949794769,True
de13169f6.jpg,0.1539915800094604,False
de13169f6.jpg,0.0819794982671737,False
de2bc8558.jpg,0.9247621297836304,False
de729d58d.jpg,0.1245097741484642,True
de729d58d.jpg,0.1167095378041267,False
de729d58d.jpg,0.0818717628717422,True
de729d58d.jpg,0.0772071555256843,False
de729d58d.jpg,0.0665062814950943,False
de729d58d.jpg,0.066399872303009,True
de729d58d.jpg,0.0643532648682594,False
de729d58d.jpg,0.0510282889008522,True
de83256f0.jpg,0.8381984829902649,False
de93b8c30.jpg,0.8460806012153625,False
de93b8c30.jpg,0.7276822328567505,False
de93b8c30.jpg,0.694742739200592,False
de93b8c30.jpg,0.0539713725447654,False
dea844684.jpg,0.3175596594810486,False
dea844684.jpg,0.2800363004207611,False
dea844684.jpg,0.2334511131048202,False
dea844684.jpg,0.1989587843418121,False
dea844684.jpg,0.1433527469635009,False
dea844684.jpg,0.0673847496509552,False
deb4f38c4.jpg,0.8978776931762695,False
deb4f38c4.jpg,0.8924221992492676,False
deb4f38c4.jpg,0.8616991639137268,False
deb4f38c4.jpg,0.2953002750873565,False
deb7cf470.jpg,0.3876667618751526,False
deb7cf470.jpg,0.1176652610301971,False
deb7cf470.jpg,0.1166540011763572,False
dec41d40e.jpg,0.8407675623893738,False
dec41d40e.jpg,0.8230687975883484,False
dec41d40e.jpg,0.682492196559906,False
dec41d40e.jpg,0.6743037104606628,True
dec41d40e.jpg,0.4849265217781067,False
dec41d40e.jpg,0.1146366074681282,False
dec41d40e.jpg,0.0983848795294761,False
dec4b32bd.jpg,0.8431846499443054,False
dec4b32bd.jpg,0.5604328513145447,False
decd87781.jpg,0.9182000756263732,False
decf64180.jpg,0.8500245213508606,False
decf64180.jpg,0.8051110506057739,False
decf64180.jpg,0.7240213751792908,False
decf64180.jpg,0.633622407913208,False
decf64180.jpg,0.537241518497467,True
decf64180.jpg,0.2466194629669189,False
decf64180.jpg,0.2155352979898452,False
decf64180.jpg,0.204912006855011,False
decf64180.jpg,0.1568983346223831,False
decf64180.jpg,0.0848216861486435,True
dee1b7bcd.jpg,0.3301824033260345,False
dee1b7bcd.jpg,0.302279531955719,True
dee1b7bcd.jpg,0.1605248302221298,True
def8e62ff.jpg,0.8790711164474487,False
defc68332.jpg,0.4813013970851898,False
defc68332.jpg,0.1664624661207199,False
defc68332.jpg,0.1482167541980743,False
df309259f.jpg,0.6230530738830566,False
df57d6555.jpg,0.4436338245868683,False
df57d6555.jpg,0.3565814197063446,False
df57d6555.jpg,0.3491359353065491,False
df57d6555.jpg,0.3257995247840881,False
df57d6555.jpg,0.231786623597145,False
df57d6555.jpg,0.1199789568781852,False
df57d6555.jpg,0.0995635166764259,False
df67b338e.jpg,0.712924599647522,False
df9631438.jpg,0.6261368989944458,False
df9631438.jpg,0.5087409615516663,False
df9631438.jpg,0.0681788399815559,True
dfa746e2c.jpg,0.5410845279693604,False
dfa746e2c.jpg,0.3731410503387451,False
dfa746e2c.jpg,0.1805319339036941,False
dfa746e2c.jpg,0.098986305296421,False
dfb87866b.jpg,0.9316887855529784,False
dfbe7e394.jpg,0.2629580795764923,False
dfbe7e394.jpg,0.2073987275362014,False
dfc497a7c.jpg,0.9169227480888368,False
dfc497a7c.jpg,0.0993323773145675,True
dfc497a7c.jpg,0.0840221047401428,True
dfcd53bd6.jpg,0.5253131985664368,False
dfcd53bd6.jpg,0.4343630969524383,False
dfcd53bd6.jpg,0.1364545226097107,False
dfcd53bd6.jpg,0.0672340020537376,False
dfcd53bd6.jpg,0.0513192228972911,False
dfcdddcc7.jpg,0.0653349459171295,True
dfcf9539e.jpg,0.4770073890686035,False
dfcf9539e.jpg,0.0808122605085372,False
dfd14645c.jpg,0.2842347919940948,True
dfd14645c.jpg,0.2249919474124908,True
dfd14645c.jpg,0.0911925956606864,False
dfd14645c.jpg,0.0557864047586917,True
dfe9ee27b.jpg,0.8227158188819885,False
dfebd6a6d.jpg,0.3603818714618683,False
dfebd6a6d.jpg,0.3085476160049438,False
dfebd6a6d.jpg,0.1710617244243621,False
dfebd6a6d.jpg,0.0669041574001312,True
dff287a9f.jpg,0.9083338975906372,False
dff287a9f.jpg,0.7115857005119324,False
dff90a71e.jpg,0.8937407732009888,False
e00b26d45.jpg,0.8044549822807312,False
e00b26d45.jpg,0.3325558006763458,False
e00b26d45.jpg,0.2190244644880294,False
e019e8599.jpg,0.3783905506134033,False
e019e8599.jpg,0.2450468987226486,True
e019e8599.jpg,0.1772230565547943,True
e019e8599.jpg,0.1423171460628509,False
e019e8599.jpg,0.140064537525177,True
e019e8599.jpg,0.1150844171643257,True
e019e8599.jpg,0.0982869863510131,True
e019e8599.jpg,0.0910985246300697,True
e019e8599.jpg,0.0571697801351547,True
e019e8599.jpg,0.0542839989066123,False
e01e15b11.jpg,0.9022331237792968,False
e01ed6240.jpg,0.8761327862739563,False
e01ed6240.jpg,0.8217008113861084,False
e03d17003.jpg,0.5708556771278381,False
e04022899.jpg,0.8745172023773193,False
e04158da1.jpg,0.5656335949897766,False
e04158da1.jpg,0.5233004689216614,False
e04158da1.jpg,0.4283939301967621,False
e06ff97ef.jpg,0.5385528802871704,False
e08b6a633.jpg,0.8536003232002258,False
e08b6a633.jpg,0.0996768847107887,True
e0a7cfcae.jpg,0.8819277882575989,False
e0adf0993.jpg,0.8324772715568542,False
e0adf0993.jpg,0.5312782526016235,True
e0b35ff5c.jpg,0.8579625487327576,False
e0b35ff5c.jpg,0.7731320261955261,False
e0b35ff5c.jpg,0.7708268761634827,False
e0b35ff5c.jpg,0.5986166596412659,False
e0b35ff5c.jpg,0.5119683742523193,False
e0b35ff5c.jpg,0.4196006655693054,False
e0b35ff5c.jpg,0.4055928587913513,True
e0b35ff5c.jpg,0.1495270133018493,True
e0b35ff5c.jpg,0.1363455057144165,True
e0b35ff5c.jpg,0.0908244773745536,True
e0b35ff5c.jpg,0.0563456192612648,True
e0c25beb6.jpg,0.7313337326049805,False
e0c25beb6.jpg,0.4253508448600769,False
e0c25beb6.jpg,0.2541422545909881,False
e0c25beb6.jpg,0.2480722814798355,False
e0c25beb6.jpg,0.1124701425433158,False
e0c25beb6.jpg,0.1042711585760116,False
e0c25beb6.jpg,0.0933156907558441,False
e0c25beb6.jpg,0.0911176204681396,False
e0c25beb6.jpg,0.064443327486515,False
e0c25beb6.jpg,0.0588032566010952,True
e0c25beb6.jpg,0.0584376007318496,True
e0c25beb6.jpg,0.0579527057707309,False
e0d71d52d.jpg,0.8357892632484436,False
e0e5aee91.jpg,0.795453667640686,False
e0e5aee91.jpg,0.7253040671348572,False
e0e5aee91.jpg,0.7226619720458984,False
e0ef84d33.jpg,0.8457304239273071,False
e0f916574.jpg,0.4747734069824219,False
e0f916574.jpg,0.4569928348064422,False
e0f916574.jpg,0.2870427072048187,False
e0f916574.jpg,0.2634591162204742,True
e0f916574.jpg,0.2560029327869415,True
e0f916574.jpg,0.2122224867343902,True
e0f916574.jpg,0.2074085026979446,False
e0f916574.jpg,0.1883435249328613,True
e0f916574.jpg,0.1827974915504455,True
e0f916574.jpg,0.1614928245544433,False
e0f916574.jpg,0.1501047313213348,False
e0f916574.jpg,0.113615833222866,True
e0f916574.jpg,0.1133463084697723,False
e0f916574.jpg,0.1092114895582199,False
e0f916574.jpg,0.1030278652906417,False
e0f916574.jpg,0.093867152929306,True
e0f916574.jpg,0.0902102142572403,True
e0f916574.jpg,0.0894709378480911,False
e0f916574.jpg,0.0831215009093284,True
e0f916574.jpg,0.0712872222065925,True
e0f916574.jpg,0.0563079565763473,True
e0f916574.jpg,0.0554922893643379,False
e0f916574.jpg,0.0547492653131485,True
e10b4d0ae.jpg,0.6765794157981873,True
e10b4d0ae.jpg,0.6657612323760986,True
e10b4d0ae.jpg,0.5624452233314514,False
e10b4d0ae.jpg,0.4424463808536529,True
e10b4d0ae.jpg,0.3326587975025177,True
e10b4d0ae.jpg,0.2936386168003082,True
e10b4d0ae.jpg,0.1927240788936615,True
e10b4d0ae.jpg,0.138720691204071,True
e10b4d0ae.jpg,0.1202315092086792,True
e10b4d0ae.jpg,0.0616672299802303,True
e12065e8d.jpg,0.9207249283790588,False
e12065e8d.jpg,0.8867106437683105,False
e12065e8d.jpg,0.8819752931594849,False
e12065e8d.jpg,0.8414540886878967,False
e12065e8d.jpg,0.8380847573280334,False
e12065e8d.jpg,0.8253190517425537,False
e12065e8d.jpg,0.1082966104149818,False
e12ed31b2.jpg,0.8209695816040039,False
e13ddafbf.jpg,0.8660682439804077,False
e13ddafbf.jpg,0.6611362099647522,False
e13ddafbf.jpg,0.3879287242889404,False
e13ddafbf.jpg,0.1801709532737732,False
e13ddafbf.jpg,0.1015638560056686,False
e13ddafbf.jpg,0.0682404190301895,False
e13ddafbf.jpg,0.0533633567392826,False
e13ddafbf.jpg,0.0525919087231159,False
e13ddafbf.jpg,0.0514501072466373,False
e14193d38.jpg,0.852188766002655,False
e15bf18f6.jpg,0.3754110634326935,False
e15bf18f6.jpg,0.2027131021022796,False
e15bf18f6.jpg,0.050073891878128,True
e16c0aa88.jpg,0.5691159963607788,False
e1713d2e4.jpg,0.5366010665893555,False
e1713d2e4.jpg,0.436940997838974,False
e1713d2e4.jpg,0.3540641367435455,False
e1713d2e4.jpg,0.1835422366857528,False
e1713d2e4.jpg,0.1638205498456955,False
e1713d2e4.jpg,0.1186433136463165,False
e1713d2e4.jpg,0.087491251528263,False
e1713d2e4.jpg,0.0739718675613403,False
e1719ebde.jpg,0.3707516491413116,False
e1719ebde.jpg,0.2187898159027099,False
e1719ebde.jpg,0.2123150378465652,True
e1719ebde.jpg,0.164156824350357,False
e1719ebde.jpg,0.0798210576176643,False
e1719ebde.jpg,0.0654173493385315,False
e1719ebde.jpg,0.064345858991146,False
e1719ebde.jpg,0.0630515739321708,False
e1719ebde.jpg,0.0563693568110466,True
e17305d6f.jpg,0.9014948606491088,False
e17305d6f.jpg,0.8830273747444153,False
e17305d6f.jpg,0.8612082004547119,False
e17305d6f.jpg,0.8592067360877991,False
e17305d6f.jpg,0.856793999671936,False
e17305d6f.jpg,0.8083956241607666,False
e17305d6f.jpg,0.5531300902366638,False
e17305d6f.jpg,0.0653232112526893,True
e17990993.jpg,0.9363380074501038,False
e1b21f71e.jpg,0.9043658375740052,False
e1e970b82.jpg,0.7733615040779114,False
e1e970b82.jpg,0.3452257812023163,False
e1e970b82.jpg,0.1334664225578308,False
e1fb831df.jpg,0.4456493258476257,False
e1fb831df.jpg,0.4153846502304077,False
e1fb831df.jpg,0.4039838016033172,False
e1fb831df.jpg,0.3273279368877411,False
e1fb831df.jpg,0.3138244152069092,False
e1fb831df.jpg,0.2352389246225357,False
e1fb831df.jpg,0.2273912578821182,True
e1fb831df.jpg,0.2007488906383514,False
e1fb831df.jpg,0.1879307031631469,False
e1fb831df.jpg,0.1735971868038177,False
e1fb831df.jpg,0.1660061627626419,True
e1fb831df.jpg,0.1590790599584579,True
e1fb831df.jpg,0.1572173237800598,True
e1fb831df.jpg,0.1564418822526931,False
e1fb831df.jpg,0.154946744441986,False
e1fb831df.jpg,0.1316297054290771,False
e1fb831df.jpg,0.1262235343456268,True
e1fb831df.jpg,0.123678058385849,False
e1fb831df.jpg,0.1155471205711364,False
e1fb831df.jpg,0.1125894784927368,False
e1fb831df.jpg,0.1004674062132835,False
e1fb831df.jpg,0.0875045731663703,False
e1fb831df.jpg,0.0840522795915603,False
e1fb831df.jpg,0.0787359625101089,False
e1fb831df.jpg,0.0733358263969421,False
e1fb831df.jpg,0.0681791827082634,True
e1fb831df.jpg,0.064322292804718,False
e1fb831df.jpg,0.0637764930725097,False
e1fb831df.jpg,0.0625181347131729,True
e1fb831df.jpg,0.0592623129487037,False
e1fb831df.jpg,0.0585088990628719,True
e1ff8445b.jpg,0.2212263643741607,False
e1ff8445b.jpg,0.1807329952716827,True
e1ff8445b.jpg,0.1773056089878082,False
e1ff8445b.jpg,0.0669078826904296,False
e1ff8445b.jpg,0.0637655332684516,True
e1ff8445b.jpg,0.0603123977780342,True
e210c8ab1.jpg,0.9641549587249756,False
e210c8ab1.jpg,0.736321747303009,False
e215185fc.jpg,0.8402514457702637,False
e215185fc.jpg,0.3837804198265075,True
e215185fc.jpg,0.3436997234821319,True
e215185fc.jpg,0.2688553631305694,True
e215185fc.jpg,0.239446073770523,True
e215185fc.jpg,0.1582707017660141,True
e215185fc.jpg,0.1270838975906372,True
e215185fc.jpg,0.1160086244344711,True
e215185fc.jpg,0.1039749756455421,True
e215185fc.jpg,0.1030105501413345,True
e215185fc.jpg,0.0840224102139473,True
e215185fc.jpg,0.0779843777418136,True
e215185fc.jpg,0.0778637006878852,True
e215185fc.jpg,0.0694183632731437,True
e215185fc.jpg,0.065489262342453,True
e215280c6.jpg,0.4309081435203552,False
e215280c6.jpg,0.140640839934349,False
e220af7e4.jpg,0.3148034512996673,False
e220af7e4.jpg,0.2936952114105224,False
e220af7e4.jpg,0.2119147479534149,False
e220af7e4.jpg,0.1016135141253471,False
e220af7e4.jpg,0.0707663223147392,False
e24541346.jpg,0.6144818067550659,False
e24541346.jpg,0.4192675650119781,False
e24541346.jpg,0.2905893623828888,False
e24541346.jpg,0.224428117275238,False
e24541346.jpg,0.1515460759401321,False
e24541346.jpg,0.118921548128128,False
e24541346.jpg,0.0856725573539733,False
e24541346.jpg,0.0826731473207473,False
e24541346.jpg,0.0618803575634956,True
e24541346.jpg,0.0617634132504463,False
e26578776.jpg,0.7652634978294373,False
e26578776.jpg,0.737153947353363,False
e26578776.jpg,0.672042727470398,False
e26578776.jpg,0.4148063361644745,False
e26578776.jpg,0.3076453804969787,True
e26578776.jpg,0.2838623225688934,False
e26578776.jpg,0.1970327496528625,True
e26578776.jpg,0.1653137505054474,False
e26578776.jpg,0.1364856511354446,True
e26578776.jpg,0.1318298280239105,True
e26578776.jpg,0.1259349882602691,True
e26578776.jpg,0.0612699128687381,False
e26578776.jpg,0.0505085252225399,True
e270f482d.jpg,0.3792769014835357,False
e270f482d.jpg,0.258410781621933,True
e279290ac.jpg,0.2039701789617538,False
e279290ac.jpg,0.0991924628615379,True
e279290ac.jpg,0.0648121237754821,True
e27a1043e.jpg,0.8114630579948425,False
e27a1043e.jpg,0.1044417768716812,True
e27eda89e.jpg,0.8983771204948425,False
e27eda89e.jpg,0.8905647397041321,False
e27eda89e.jpg,0.887274980545044,False
e27eda89e.jpg,0.410130888223648,False
e27eda89e.jpg,0.2334936261177063,False
e28a77c4e.jpg,0.3100440502166748,False
e28a77c4e.jpg,0.284750759601593,False
e28a77c4e.jpg,0.2032739520072937,False
e28a77c4e.jpg,0.1281180083751678,False
e28a77c4e.jpg,0.0590087547898292,False
e28ea6c68.jpg,0.8605713844299316,False
e2a2ed1df.jpg,0.8130749464035034,False
e2a2ed1df.jpg,0.3424209952354431,True
e2a2ed1df.jpg,0.225701168179512,True
e2a2ed1df.jpg,0.2172426283359527,True
e2a2ed1df.jpg,0.1810118407011032,True
e2a2ed1df.jpg,0.1655511558055877,False
e2a2ed1df.jpg,0.158779114484787,True
e2a2ed1df.jpg,0.0936660170555114,True
e2a2ed1df.jpg,0.093615673482418,True
e2b48de41.jpg,0.6071310043334961,False
e2b48de41.jpg,0.4532124400138855,False
e2b48de41.jpg,0.0717549994587898,False
e2cb5c088.jpg,0.8288583159446716,False
e2eff5126.jpg,0.8393030166625977,False
e2eff5126.jpg,0.8361215591430664,False
e2eff5126.jpg,0.8102667331695557,False
e2eff5126.jpg,0.6804293990135193,False
e2eff5126.jpg,0.3851300179958343,True
e2eff5126.jpg,0.31673064827919,False
e2eff5126.jpg,0.1776604801416397,False
e2eff5126.jpg,0.1418497562408447,False
e2eff5126.jpg,0.119596891105175,False
e2eff5126.jpg,0.1041224226355552,True
e2eff5126.jpg,0.084534078836441,False
e2eff5126.jpg,0.0732906684279441,True
e2eff5126.jpg,0.0725122392177581,False
e2eff5126.jpg,0.067055657505989,True
e2eff5126.jpg,0.0661056861281395,False
e2eff5126.jpg,0.0552930384874343,True
e2eff5126.jpg,0.0546484291553497,False
e2eff5126.jpg,0.0539618991315364,True
e2eff5126.jpg,0.0508612543344497,False
e2f3712d4.jpg,0.8611205816268921,False
e2f3712d4.jpg,0.8355615139007568,False
e2f3712d4.jpg,0.6781498789787292,False
e2f3712d4.jpg,0.5536205172538757,False
e2f3712d4.jpg,0.4033843874931335,False
e2fc09570.jpg,0.9269832372665404,False
e2fc09570.jpg,0.8355832099914551,True
e2fc09570.jpg,0.7107408046722412,True
e2fc09570.jpg,0.1442069709300995,True
e32634dff.jpg,0.8878676295280457,False
e3332d6b3.jpg,0.3775092661380768,False
e3332d6b3.jpg,0.3661591410636902,False
e3332d6b3.jpg,0.1502456068992614,True
e3332d6b3.jpg,0.0744424164295196,True
e3332d6b3.jpg,0.0721692144870758,True
e3332d6b3.jpg,0.0706646814942359,True
e3332d6b3.jpg,0.0690983012318611,True
e344ff87a.jpg,0.908915638923645,False
e344ff87a.jpg,0.3162199556827545,False
e344ff87a.jpg,0.1758022606372833,False
e344ff87a.jpg,0.0577717497944831,True
e344ff87a.jpg,0.0576227083802223,False
e345aa0fa.jpg,0.8723225593566895,False
e351b3a23.jpg,0.8359703421592712,False
e351b3a23.jpg,0.3074414730072021,True
e351b3a23.jpg,0.146954670548439,True
e36bd03c3.jpg,0.7564921379089355,False
e36bd03c3.jpg,0.1895168572664261,True
e36bd03c3.jpg,0.0978326275944709,True
e36bd03c3.jpg,0.0505662970244884,False
e37025d1e.jpg,0.8935193419456482,False
e37b55da1.jpg,0.7105857133865356,False
e38061675.jpg,0.8692423701286316,True
e38061675.jpg,0.8279099464416504,True
e38061675.jpg,0.8236247301101685,False
e38061675.jpg,0.8222066760063171,True
e38061675.jpg,0.7963427305221558,True
e38061675.jpg,0.7893335819244385,False
e38061675.jpg,0.6232417225837708,True
e38061675.jpg,0.6228976845741272,False
e38061675.jpg,0.5118362307548523,True
e38061675.jpg,0.4880827665328979,True
e38061675.jpg,0.3623280227184295,False
e38061675.jpg,0.3157270848751068,True
e38061675.jpg,0.294042021036148,True
e38061675.jpg,0.2682034969329834,True
e38061675.jpg,0.2448320835828781,False
e38061675.jpg,0.2172621041536331,True
e38061675.jpg,0.1904202401638031,True
e38061675.jpg,0.1699410229921341,True
e38061675.jpg,0.1676530390977859,True
e38061675.jpg,0.1588273346424102,True
e38061675.jpg,0.14870285987854,True
e38061675.jpg,0.1486498713493347,True
e38061675.jpg,0.1160045713186264,False
e38061675.jpg,0.1097783595323562,True
e38061675.jpg,0.0992563441395759,True
e38061675.jpg,0.0900121107697486,True
e38061675.jpg,0.0772063359618187,True
e38061675.jpg,0.0706489905714988,True
e38061675.jpg,0.0667218789458274,True
e38061675.jpg,0.0604173094034194,True
e38061675.jpg,0.0588331930339336,True
e38061675.jpg,0.0526779368519783,True
e38061675.jpg,0.0526331216096878,False
e38061675.jpg,0.0525066554546356,True
e38061675.jpg,0.05087361484766,True
e3971ee6f.jpg,0.8933838605880737,False
e3971ee6f.jpg,0.8018448352813721,False
e3971ee6f.jpg,0.8002037405967712,False
e3971ee6f.jpg,0.5755497217178345,False
e3971ee6f.jpg,0.1870885789394378,False
e3971ee6f.jpg,0.0986552834510803,False
e3a216f2f.jpg,0.3732202351093292,False
e3a216f2f.jpg,0.2192499935626983,True
e3a216f2f.jpg,0.0830209329724311,False
e3a6563ee.jpg,0.828837513923645,False
e3a6563ee.jpg,0.7875128984451294,False
e3a946e05.jpg,0.6277043223381042,False
e3ad2690a.jpg,0.4932374656200409,False
e3ad2690a.jpg,0.29644975066185,True
e3ad2690a.jpg,0.260206401348114,False
e3ad2690a.jpg,0.179600328207016,True
e3ad2690a.jpg,0.1667749732732772,False
e3ad2690a.jpg,0.1189899146556854,False
e3ad2690a.jpg,0.1176313534379005,False
e3ad2690a.jpg,0.0514666065573692,True
e3b7fa739.jpg,0.6013758182525635,False
e3b7fa739.jpg,0.3686669170856476,False
e3b7fa739.jpg,0.3312099277973175,True
e3b7fa739.jpg,0.1591375768184662,True
e3b7fa739.jpg,0.0975226387381553,True
e3b7fa739.jpg,0.0742183998227119,True
e3b7fa739.jpg,0.0651820078492164,False
e3b7fa739.jpg,0.0641280189156532,True
e3bd79aae.jpg,0.889976978302002,False
e3c71ea14.jpg,0.8420460820198059,False
e3ced7d56.jpg,0.915468692779541,False
e3ced7d56.jpg,0.09695465862751,True
e3ced7d56.jpg,0.081374779343605,True
e3ced7d56.jpg,0.0547971613705158,True
e3d173076.jpg,0.5733669996261597,False
e3d173076.jpg,0.3549584448337555,False
e3d173076.jpg,0.1497354209423065,True
e3d173076.jpg,0.0518756657838821,False
e3d76f3b3.jpg,0.8303599953651428,False
e3d76f3b3.jpg,0.8102877736091614,False
e3d76f3b3.jpg,0.6994220614433289,False
e3d76f3b3.jpg,0.6833833456039429,False
e3d76f3b3.jpg,0.6748677492141724,False
e3d76f3b3.jpg,0.6182648539543152,False
e3d76f3b3.jpg,0.4751156270503998,False
e3d76f3b3.jpg,0.3014407455921173,False
e3d76f3b3.jpg,0.2087959945201873,True
e3d76f3b3.jpg,0.1206795573234558,True
e3d76f3b3.jpg,0.1111467853188514,True
e3d76f3b3.jpg,0.1068449839949607,False
e3d76f3b3.jpg,0.0967722311615943,True
e3d76f3b3.jpg,0.0772390440106391,True
e3d76f3b3.jpg,0.0742580145597457,False
e3d76f3b3.jpg,0.0527927465736866,True
e3da47a57.jpg,0.8606860041618347,False
e3da47a57.jpg,0.0861736088991165,True
e3de772e1.jpg,0.8771154880523682,False
e3eee0539.jpg,0.8896198272705078,False
e3eee0539.jpg,0.6732349395751953,False
e3eee0539.jpg,0.6282533407211304,False
e3eee0539.jpg,0.6159878969192505,False
e3eee0539.jpg,0.6081012487411499,False
e3eee0539.jpg,0.4826841354370117,False
e3eee0539.jpg,0.366831362247467,False
e3eee0539.jpg,0.3227941393852234,False
e3eee0539.jpg,0.2021500915288925,False
e3eee0539.jpg,0.1708672940731048,False
e3eee0539.jpg,0.1046396568417549,False
e3eee0539.jpg,0.0821763202548027,False
e3eee0539.jpg,0.0594421960413455,False
e3eee0539.jpg,0.0591875426471233,False
e3eee0539.jpg,0.0589691586792469,False
e3f296ecd.jpg,0.8734766840934753,False
e3f296ecd.jpg,0.7859420776367188,True
e3f296ecd.jpg,0.7738227248191833,False
e3f296ecd.jpg,0.2546703219413757,True
e3f296ecd.jpg,0.1459219008684158,True
e3f296ecd.jpg,0.135574996471405,True
e3f6d0fba.jpg,0.2783092558383941,False
e40e87799.jpg,0.1881727129220962,False
e40e87799.jpg,0.1676110625267028,False
e42e64450.jpg,0.6860583424568176,False
e42e64450.jpg,0.5432892441749573,False
e42e64450.jpg,0.4601049721240997,False
e42e64450.jpg,0.3837788701057434,True
e42e64450.jpg,0.1752712428569793,True
e42e64450.jpg,0.0841159969568252,True
e42e64450.jpg,0.0790561512112617,False
e42e64450.jpg,0.0678451061248779,False
e42fd47a9.jpg,0.817319929599762,False
e43b5d3c0.jpg,0.8408424854278564,False
e43b5d3c0.jpg,0.2780598402023315,True
e43b5d3c0.jpg,0.1584665775299072,True
e43f3ec8b.jpg,0.3021322190761566,False
e43f3ec8b.jpg,0.2494775801897049,False
e43f3ec8b.jpg,0.2070696800947189,False
e43f3ec8b.jpg,0.1567527502775192,True
e43f3ec8b.jpg,0.1515413671731948,False
e43f3ec8b.jpg,0.1168330833315849,False
e43f3ec8b.jpg,0.111125998198986,True
e43f3ec8b.jpg,0.06900355219841,True
e44af9630.jpg,0.7837731242179871,False
e44bdcbc3.jpg,0.1564793884754181,False
e44bdcbc3.jpg,0.1215212494134903,False
e44bdcbc3.jpg,0.0814242288470268,False
e44ce8314.jpg,0.7497114539146423,False
e44ce8314.jpg,0.6452886462211609,False
e44ce8314.jpg,0.5824140310287476,False
e44ce8314.jpg,0.1057130098342895,True
e44ce8314.jpg,0.0529312193393707,True
e45948d98.jpg,0.8881746530532837,False
e45948d98.jpg,0.5954052209854126,False
e45b2bfa0.jpg,0.6125763058662415,False
e45b2bfa0.jpg,0.4171425402164459,False
e45b2bfa0.jpg,0.2901469469070434,False
e45b2bfa0.jpg,0.2237047106027603,False
e45b2bfa0.jpg,0.1500671952962875,False
e45b2bfa0.jpg,0.1178240776062011,False
e45b2bfa0.jpg,0.0851356163620948,False
e45b2bfa0.jpg,0.0826317816972732,False
e45b2bfa0.jpg,0.0613605082035064,True
e45b2bfa0.jpg,0.0611251778900623,False
e46a2b722.jpg,0.6045424342155457,False
e46a2b722.jpg,0.5991631746292114,False
e46a2b722.jpg,0.5479214191436768,True
e46a2b722.jpg,0.4667330980300903,True
e46a2b722.jpg,0.4489641487598419,False
e46a2b722.jpg,0.4438900649547577,False
e46a2b722.jpg,0.3610565066337585,True
e46a2b722.jpg,0.3232401907444,True
e46a2b722.jpg,0.278201162815094,True
e46a2b722.jpg,0.2761480510234833,False
e46a2b722.jpg,0.2264231443405151,False
e46a2b722.jpg,0.2096291482448578,True
e46a2b722.jpg,0.1952693611383438,False
e46a2b722.jpg,0.1736211329698562,True
e46a2b722.jpg,0.169362798333168,True
e46a2b722.jpg,0.1497501879930496,False
e46a2b722.jpg,0.1249544769525528,False
e46a2b722.jpg,0.1162416040897369,True
e46a2b722.jpg,0.1024933084845542,True
e46a2b722.jpg,0.092607133090496,True
e46a2b722.jpg,0.090221956372261,True
e46a2b722.jpg,0.0705156400799751,True
e46a2b722.jpg,0.0555161125957965,True
e46a2b722.jpg,0.0522908456623554,False
e46a2b722.jpg,0.0505324937403202,True
e47738640.jpg,0.8869163990020752,False
e47738640.jpg,0.8050409555435181,True
e47738640.jpg,0.0840120613574981,True
e47c5350d.jpg,0.9138943552970886,False
e47c5350d.jpg,0.4926183521747589,True
e47cdd72e.jpg,0.6483617424964905,False
e47cdd72e.jpg,0.5015585422515869,True
e47cdd72e.jpg,0.230069950222969,False
e4906cfe5.jpg,0.7001883387565613,False
e4b51fe24.jpg,0.8373237252235413,False
e4b6b97cb.jpg,0.804977297782898,False
e4b6b97cb.jpg,0.7595991492271423,False
e4b6b97cb.jpg,0.7078638076782227,False
e4b6b97cb.jpg,0.4779731631278991,False
e4b6b97cb.jpg,0.1761331111192703,False
e4cb8a992.jpg,0.9011023640632628,False
e4cb8a992.jpg,0.8397805094718933,False
e4d8cf115.jpg,0.762756884098053,False
e4d8cf115.jpg,0.4503293037414551,False
e4d8cf115.jpg,0.3999155461788177,True
e4d8cf115.jpg,0.3294552564620971,True
e4d8cf115.jpg,0.219841867685318,True
e4d8cf115.jpg,0.1954903453588485,False
e4d8cf115.jpg,0.1390605866909027,False
e4d8cf115.jpg,0.0869281813502311,True
e4d8cf115.jpg,0.067010574042797,True
e4d8cf115.jpg,0.0657938867807388,False
e4d8cf115.jpg,0.0562854632735252,True
e4f4bf1f0.jpg,0.2711125910282135,True
e4f4bf1f0.jpg,0.2351932078599929,True
e4f4bf1f0.jpg,0.183035522699356,True
e4f4bf1f0.jpg,0.1777268797159195,False
e4f4bf1f0.jpg,0.1395086944103241,False
e4f4bf1f0.jpg,0.0952130332589149,True
e5030f4e2.jpg,0.8681504726409912,False
e5030f4e2.jpg,0.8189225196838379,False
e5030f4e2.jpg,0.5305291414260864,False
e5030f4e2.jpg,0.0588669404387474,False
e5030f4e2.jpg,0.0582509599626064,False
e517755c9.jpg,0.6523545384407043,True
e517755c9.jpg,0.4724391102790832,True
e517755c9.jpg,0.358789324760437,False
e517755c9.jpg,0.3489408195018768,True
e517755c9.jpg,0.2079515606164932,False
e517755c9.jpg,0.1398705840110778,True
e517755c9.jpg,0.1254974156618118,True
e517755c9.jpg,0.0883575901389122,True
e53ae8ff9.jpg,0.8688876628875732,False
e53ae8ff9.jpg,0.5271404981613159,False
e53ae8ff9.jpg,0.0561491772532463,False
e56164a38.jpg,0.3181174397468567,True
e56164a38.jpg,0.3172620236873626,True
e56164a38.jpg,0.1896458566188812,True
e56164a38.jpg,0.1345041245222091,True
e56164a38.jpg,0.1044808030128479,True
e56164a38.jpg,0.0959824472665786,True
e56164a38.jpg,0.0889786779880523,True
e56164a38.jpg,0.0840935930609703,True
e56164a38.jpg,0.0805498659610748,True
e56164a38.jpg,0.0788120850920677,True
e56645abe.jpg,0.8683791756629944,False
e5763adde.jpg,0.2307231873273849,False
e5763adde.jpg,0.0927493497729301,False
e5763adde.jpg,0.0914239212870597,False
e59ca3f9f.jpg,0.9417320489883424,False
e59f8a8a8.jpg,0.8045296669006348,False
e5c25a6af.jpg,0.9125491380691528,False
e5e24e96b.jpg,0.3875769376754761,False
e5e24e96b.jpg,0.1777617931365966,False
e5e4c25b5.jpg,0.801606297492981,False
e6077373c.jpg,0.7623888254165649,False
e6077373c.jpg,0.6132559776306152,False
e6077373c.jpg,0.5061227679252625,False
e6077373c.jpg,0.4978862106800079,False
e6077373c.jpg,0.3027676045894623,False
e6077373c.jpg,0.2470832914113998,True
e6077373c.jpg,0.2177509069442749,True
e6077373c.jpg,0.2126534283161163,False
e6077373c.jpg,0.1805367320775985,True
e6077373c.jpg,0.1771358251571655,False
e6077373c.jpg,0.1557612270116806,True
e6077373c.jpg,0.1343365758657455,False
e6077373c.jpg,0.1328125298023224,True
e6077373c.jpg,0.1165580227971077,False
e6077373c.jpg,0.0941249281167984,True
e6077373c.jpg,0.0915398448705673,True
e6077373c.jpg,0.0645538419485092,True
e6077373c.jpg,0.0535510927438735,True
e6077373c.jpg,0.0526211895048618,False
e618483e9.jpg,0.8681196570396423,False
e618483e9.jpg,0.8360802531242371,False
e618483e9.jpg,0.0924576595425605,True
e618483e9.jpg,0.0711688101291656,True
e623ad457.jpg,0.8536193370819092,False
e623ad457.jpg,0.8313089609146118,False
e623ad457.jpg,0.8270620703697205,False
e623ad457.jpg,0.7913616895675659,False
e623ad457.jpg,0.7670365571975708,False
e623ad457.jpg,0.2070079892873764,True
e623ad457.jpg,0.0826374292373657,False
e623ad457.jpg,0.0506953597068786,True
e64587598.jpg,0.912465751171112,False
e64587598.jpg,0.9069368243217468,False
e64587598.jpg,0.8735335469245911,False
e64587598.jpg,0.857110857963562,False
e64587598.jpg,0.8530157208442688,False
e64587598.jpg,0.8523836135864258,False
e64587598.jpg,0.8436734676361084,False
e64587598.jpg,0.8288236856460571,False
e64587598.jpg,0.7150444388389587,False
e64587598.jpg,0.099182017147541,False
e64587598.jpg,0.0724994763731956,False
e64587598.jpg,0.0550283156335353,True
e6464a9d6.jpg,0.9561081528663636,False
e6464a9d6.jpg,0.9375856518745422,False
e6464a9d6.jpg,0.2324292361736297,True
e6464a9d6.jpg,0.1217439621686935,True
e6464a9d6.jpg,0.0856945589184761,True
e6613a7a4.jpg,0.6260807514190674,False
e6613a7a4.jpg,0.051014270633459,True
e671463c7.jpg,0.9001695513725281,False
e688d48dc.jpg,0.2204809337854385,True
e688d48dc.jpg,0.1127180829644203,True
e688d48dc.jpg,0.092003621160984,True
e69e4a0c7.jpg,0.880956768989563,False
e6ccabbcf.jpg,0.8904412388801575,False
e6ccabbcf.jpg,0.8428911566734314,False
e6d5d1871.jpg,0.8805493712425232,False
e6ea08482.jpg,0.6391410231590271,False
e6ef70442.jpg,0.5117766857147217,True
e6ef70442.jpg,0.4862041175365448,False
e6ef70442.jpg,0.3806435763835907,True
e6ef70442.jpg,0.3724634945392608,True
e6ef70442.jpg,0.291257381439209,True
e6ef70442.jpg,0.1639227271080017,False
e6ef70442.jpg,0.1169358938932418,True
e6ef70442.jpg,0.1119818165898323,True
e6ef70442.jpg,0.1097873449325561,True
e6f2e887b.jpg,0.938719630241394,False
e6f2e887b.jpg,0.8175694942474365,False
e7029e400.jpg,0.7253390550613403,False
e7029e400.jpg,0.066536009311676,False
e704a5e66.jpg,0.8611871004104614,False
e7124ece1.jpg,0.0672928243875503,True
e7124ece1.jpg,0.0642168745398521,True
e71380836.jpg,0.8702008128166199,False
e71380836.jpg,0.8105081915855408,True
e71380836.jpg,0.4315313994884491,True
e71380836.jpg,0.1289477199316024,True
e71380836.jpg,0.0975128263235092,True
e71380836.jpg,0.0884227231144905,True
e71399e25.jpg,0.8612619638442993,False
e716a6473.jpg,0.5969547629356384,True
e722c8808.jpg,0.168177381157875,False
e72893fcb.jpg,0.9144264459609984,False
e72893fcb.jpg,0.8789598941802979,False
e72893fcb.jpg,0.3687369525432586,False
e73573145.jpg,0.8287878632545471,False
e73573145.jpg,0.6168438792228699,False
e73573145.jpg,0.5747352242469788,False
e73573145.jpg,0.4922734797000885,False
e73573145.jpg,0.4659076333045959,False
e73573145.jpg,0.2951476573944092,False
e73573145.jpg,0.2414048463106155,False
e73573145.jpg,0.1606077253818512,False
e73573145.jpg,0.1536430269479751,False
e73573145.jpg,0.0780146270990371,False
e73573145.jpg,0.0668209493160247,False
e73573145.jpg,0.0585059858858585,True
e73ee308c.jpg,0.4228952527046203,False
e73f6c491.jpg,0.7163816094398499,False
e74c35724.jpg,0.9145925641059875,False
e74c35724.jpg,0.7896270155906677,False
e74ce7f9b.jpg,0.8456824421882629,False
e74ce7f9b.jpg,0.7871330380439758,False
e74ce7f9b.jpg,0.7342446446418762,False
e74ce7f9b.jpg,0.4344643354415893,False
e74ce7f9b.jpg,0.4114032983779907,False
e74ce7f9b.jpg,0.1575321704149246,False
e74ce7f9b.jpg,0.120088867843151,False
e74dcde3b.jpg,0.7783202528953552,False
e74dcde3b.jpg,0.7718460559844971,False
e74dcde3b.jpg,0.7071588635444641,True
e74dcde3b.jpg,0.4693246781826019,False
e74dcde3b.jpg,0.2181913703680038,False
e74dcde3b.jpg,0.2152900993824005,True
e74dcde3b.jpg,0.2073482424020767,True
e74dcde3b.jpg,0.1284590363502502,True
e74dcde3b.jpg,0.1198549941182136,True
e74dcde3b.jpg,0.1004634499549865,False
e74dcde3b.jpg,0.0763735696673393,False
e751ac3b5.jpg,0.4724055826663971,False
e751ac3b5.jpg,0.2087969481945037,False
e759ce27c.jpg,0.8638775944709778,False
e773aced7.jpg,0.9522443413734436,False
e773aced7.jpg,0.7958727478981018,False
e7a5315de.jpg,0.4056018590927124,False
e7a5315de.jpg,0.1257566958665847,False
e7a5315de.jpg,0.0700169131159782,False
e7a5315de.jpg,0.0672937780618667,True
e7b0bc853.jpg,0.8816519379615784,False
e7b0bc853.jpg,0.1033716425299644,True
e7d42ca13.jpg,0.4893303513526916,False
e7d42ca13.jpg,0.243834301829338,False
e7d57adcb.jpg,0.9236860275268556,False
e7d57adcb.jpg,0.9059782028198242,False
e7d57adcb.jpg,0.8939395546913147,False
e7d57adcb.jpg,0.7746216654777527,False
e7d57adcb.jpg,0.5349366068840027,False
e7d57adcb.jpg,0.2805466949939728,True
e7d57adcb.jpg,0.2225255221128463,True
e7d57adcb.jpg,0.1350646615028381,False
e7d57adcb.jpg,0.0631662085652351,True
e7d57adcb.jpg,0.0522718988358974,True
e7d57adcb.jpg,0.0500263273715972,True
e7d9696e6.jpg,0.7874290943145752,False
e7d9696e6.jpg,0.0874779298901557,True
e7e49cac5.jpg,0.9288645386695862,False
e7f471180.jpg,0.9309245944023132,False
e7f471180.jpg,0.3295304775238037,True
e7f471180.jpg,0.3157438039779663,False
e7f471180.jpg,0.1581007093191146,False
e7f471180.jpg,0.0692968219518661,True
e812bcdda.jpg,0.8305093050003052,False
e812bcdda.jpg,0.6296247243881226,False
e812bcdda.jpg,0.6292576789855957,False
e812bcdda.jpg,0.4595257639884949,False
e812bcdda.jpg,0.2097663432359695,False
e812bcdda.jpg,0.1371518522500991,False
e812bcdda.jpg,0.0973923206329345,False
e812bcdda.jpg,0.0903777331113815,False
e812bcdda.jpg,0.0878091529011726,False
e812bcdda.jpg,0.0821847915649414,False
e812bcdda.jpg,0.059854183346033,False
e812bcdda.jpg,0.0534786842763423,False
e81415b91.jpg,0.9150261878967284,False
e84a7e3b1.jpg,0.8067231178283691,False
e8534d5b3.jpg,0.4109678268432617,False
e8534d5b3.jpg,0.3685308396816253,False
e8534d5b3.jpg,0.2379345744848251,False
e85b5e7b1.jpg,0.3336348533630371,False
e85b5e7b1.jpg,0.1043878644704818,True
e85ceea43.jpg,0.8129843473434448,False
e86cd7f3a.jpg,0.8914889693260193,False
e86cd7f3a.jpg,0.8746404051780701,False
e86cd7f3a.jpg,0.5509698987007141,False
e86cd7f3a.jpg,0.2415313273668289,False
e87017c0e.jpg,0.9056184887886048,False
e87017c0e.jpg,0.3101416826248169,False
e87017c0e.jpg,0.3078464269638061,True
e87017c0e.jpg,0.2403776794672012,False
e87017c0e.jpg,0.185136541724205,True
e884d68c8.jpg,0.7093839645385742,False
e884d68c8.jpg,0.1631561666727066,True
e884d68c8.jpg,0.1294669359922409,True
e884d68c8.jpg,0.1255242079496383,True
e884d68c8.jpg,0.1021599322557449,True
e884d68c8.jpg,0.0711256638169288,True
e885a7798.jpg,0.0656102672219276,True
e885a7798.jpg,0.0605014972388744,True
e885be5a0.jpg,0.691209614276886,False
e885be5a0.jpg,0.4212130606174469,True
e885be5a0.jpg,0.3289608359336853,True
e885be5a0.jpg,0.2576564252376556,False
e885be5a0.jpg,0.1009431630373001,True
e885be5a0.jpg,0.0985622331500053,True
e8883fe81.jpg,0.7829336524009705,False
e8883fe81.jpg,0.4889324903488159,True
e8883fe81.jpg,0.2832382917404175,True
e8883fe81.jpg,0.2211945801973343,True
e8883fe81.jpg,0.1123896762728691,True
e8883fe81.jpg,0.1004808843135833,True
e88a1e65d.jpg,0.7799646258354187,False
e88a1e65d.jpg,0.0511959269642829,True
e893d1988.jpg,0.5690197944641113,False
e893d1988.jpg,0.0953270941972732,True
e893d1988.jpg,0.0763452872633934,False
e893d1988.jpg,0.0710406228899955,True
e893d1988.jpg,0.0643432140350341,True
e893d1988.jpg,0.0552972964942455,True
e893d1988.jpg,0.0525543801486492,True
e893d1988.jpg,0.0522096380591392,True
e89421250.jpg,0.8612528443336487,False
e89f910c3.jpg,0.9002206325531006,False
e8aa104eb.jpg,0.882932722568512,False
e8aa104eb.jpg,0.3259833455085754,False
e8aa104eb.jpg,0.149030327796936,False
e8aa104eb.jpg,0.0595920383930206,False
e8aa104eb.jpg,0.0583599843084812,False
e8aa104eb.jpg,0.0507853887975215,False
e8ae93dbe.jpg,0.9414191842079164,False
e8ae93dbe.jpg,0.857313334941864,False
e8af973bd.jpg,0.813323438167572,False
e8af973bd.jpg,0.4329749047756195,False
e8af973bd.jpg,0.3935971260070801,False
e8af973bd.jpg,0.1960461139678955,False
e8af973bd.jpg,0.1629890501499176,True
e8af973bd.jpg,0.0969807207584381,False
e8af973bd.jpg,0.0658549070358276,False
e8af973bd.jpg,0.0583849139511585,True
e8af973bd.jpg,0.051379520446062,True
e8dbb8d28.jpg,0.0635088980197906,False
e8dbd930d.jpg,0.2314503788948059,False
e8dbd930d.jpg,0.1889672577381134,True
e8dbd930d.jpg,0.188656285405159,False
e8dbd930d.jpg,0.1033270061016082,True
e8dbd930d.jpg,0.0765255615115165,True
e8fbf78e1.jpg,0.8867052793502808,False
e8fbf78e1.jpg,0.6663234829902649,False
e8fbf78e1.jpg,0.1166658923029899,False
e9086d8a6.jpg,0.3335797190666199,False
e9086d8a6.jpg,0.1593401283025741,False
e9086d8a6.jpg,0.0574471987783908,True
e90fc0479.jpg,0.6958354115486145,True
e90fc0479.jpg,0.5178417563438416,True
e90fc0479.jpg,0.4555753767490387,True
e90fc0479.jpg,0.4233796000480652,True
e90fc0479.jpg,0.3952549993991852,True
e90fc0479.jpg,0.3842945694923401,True
e90fc0479.jpg,0.354423463344574,True
e90fc0479.jpg,0.3521161675453186,True
e90fc0479.jpg,0.3210615813732147,True
e90fc0479.jpg,0.3125931322574615,True
e90fc0479.jpg,0.3118094205856323,True
e90fc0479.jpg,0.2830046713352203,True
e90fc0479.jpg,0.2829671204090118,True
e90fc0479.jpg,0.2775254547595978,True
e90fc0479.jpg,0.2508746087551117,False
e90fc0479.jpg,0.2472310215234756,True
e90fc0479.jpg,0.242872267961502,True
e90fc0479.jpg,0.2279253900051117,True
e90fc0479.jpg,0.2235112488269806,True
e90fc0479.jpg,0.2130565643310547,True
e90fc0479.jpg,0.2031244933605194,False
e90fc0479.jpg,0.1968767791986465,True
e90fc0479.jpg,0.1956660449504852,True
e90fc0479.jpg,0.1758178025484085,True
e90fc0479.jpg,0.1703653335571289,True
e90fc0479.jpg,0.1454918086528778,True
e90fc0479.jpg,0.1352721750736236,True
e90fc0479.jpg,0.1286175101995468,True
e90fc0479.jpg,0.1246537640690803,True
e90fc0479.jpg,0.1229994371533393,True
e90fc0479.jpg,0.1221150010824203,True
e90fc0479.jpg,0.1191929057240486,True
e90fc0479.jpg,0.1187510192394256,True
e90fc0479.jpg,0.1157008782029151,True
e90fc0479.jpg,0.1141854077577591,True
e90fc0479.jpg,0.1112013682723045,True
e90fc0479.jpg,0.1084115132689476,True
e90fc0479.jpg,0.0992441400885582,True
e90fc0479.jpg,0.0919770523905754,True
e90fc0479.jpg,0.0908761918544769,True
e90fc0479.jpg,0.0907550379633903,True
e90fc0479.jpg,0.075530432164669,True
e90fc0479.jpg,0.0717707723379135,True
e90fc0479.jpg,0.0685331523418426,False
e90fc0479.jpg,0.066919133067131,True
e90fc0479.jpg,0.0651186481118202,True
e90fc0479.jpg,0.0612584166228771,True
e90fc0479.jpg,0.0573346838355064,True
e90fc0479.jpg,0.0564385615289211,True
e90fc0479.jpg,0.0541257634758949,True
e90fc0479.jpg,0.0528112798929214,True
e923c7e07.jpg,0.8809717893600464,False
e92cf3ae9.jpg,0.788634181022644,False
e92cf3ae9.jpg,0.5886650085449219,False
e92d47f98.jpg,0.9004889130592346,False
e932110a0.jpg,0.9212143421173096,False
e93679f6d.jpg,0.8647762537002563,False
e93929a2a.jpg,0.7643943428993225,False
e93929a2a.jpg,0.6430054306983948,False
e93929a2a.jpg,0.0705118849873542,True
e97012b00.jpg,0.8203845620155334,False
e9728b600.jpg,0.8949096202850342,False
e97cf2ad3.jpg,0.2187444865703582,False
e97cf2ad3.jpg,0.2037129551172256,False
e97cf2ad3.jpg,0.147419735789299,True
e97cf2ad3.jpg,0.0844566822052002,False
e97cf2ad3.jpg,0.0625291168689727,True
e97cf2ad3.jpg,0.0526480302214622,False
e97e8df40.jpg,0.3030266761779785,True
e97e8df40.jpg,0.2821454703807831,False
e97e8df40.jpg,0.1109862402081489,False
e97e8df40.jpg,0.0647250562906265,False
e97f8290b.jpg,0.8326310515403748,False
e97f8290b.jpg,0.6342942714691162,False
e97f8290b.jpg,0.4575049579143524,False
e97f8290b.jpg,0.3569898009300232,False
e97f8290b.jpg,0.3031012117862701,False
e97f8290b.jpg,0.2925822734832763,False
e97f8290b.jpg,0.0862378031015396,False
e9888d957.jpg,0.7046601176261902,False
e9888d957.jpg,0.6350598335266113,False
e9888d957.jpg,0.6036849617958069,False
e9888d957.jpg,0.6005777716636658,False
e9888d957.jpg,0.5911195874214172,False
e9888d957.jpg,0.3345732986927032,False
e9888d957.jpg,0.2099220156669616,True
e9888d957.jpg,0.1481463313102722,False
e9888d957.jpg,0.1426974684000015,False
e9888d957.jpg,0.1414896845817566,False
e9888d957.jpg,0.1380499750375747,True
e9888d957.jpg,0.0989658460021019,False
e9888d957.jpg,0.0946121290326118,False
e9888d957.jpg,0.088403433561325,True
e9a28af7f.jpg,0.1524204909801483,False
e9a7dd8f0.jpg,0.5811331272125244,False
e9af2524d.jpg,0.8147680163383484,False
e9af2524d.jpg,0.7543156147003174,False
e9af2524d.jpg,0.6595654487609863,False
e9af2524d.jpg,0.5589367151260376,False
e9af2524d.jpg,0.5508675575256348,False
e9af2524d.jpg,0.1545687019824981,False
e9af2524d.jpg,0.127413660287857,True
e9af2524d.jpg,0.0971979200839996,True
e9af2524d.jpg,0.0870344787836074,True
e9af2524d.jpg,0.0805694386363029,False
e9af2524d.jpg,0.0783437043428421,False
e9af2524d.jpg,0.0568817779421806,True
e9af2524d.jpg,0.056237056851387,True
e9af2524d.jpg,0.0537676848471164,True
e9af2524d.jpg,0.0517880581319332,False
e9bd05aa2.jpg,0.8704136610031128,False
e9d60af48.jpg,0.8130488395690918,False
e9e083cd3.jpg,0.0523318611085414,True
e9e2b766d.jpg,0.2930677831172943,False
e9e2b766d.jpg,0.1506394296884536,False
e9e2b766d.jpg,0.0991360172629356,False
e9e2b766d.jpg,0.0738390386104583,False
e9e2b766d.jpg,0.0722189098596572,False
e9e2b766d.jpg,0.0648112297058105,True
e9e2b766d.jpg,0.0639841109514236,False
e9e2b766d.jpg,0.0614529140293598,True
ea237d575.jpg,0.5498420000076294,False
ea237d575.jpg,0.2231813818216323,False
ea2b77c43.jpg,0.4234079718589782,False
ea2b77c43.jpg,0.336134523153305,True
ea2b77c43.jpg,0.1742197573184967,False
ea2b77c43.jpg,0.0662619397044181,True
ea69924b8.jpg,0.4317973256111145,True
ea69924b8.jpg,0.4112114310264587,True
ea69924b8.jpg,0.3952112197875976,True
ea69924b8.jpg,0.3557448089122772,True
ea69924b8.jpg,0.2992339730262756,False
ea69924b8.jpg,0.1889009922742843,True
ea69924b8.jpg,0.1448526233434677,False
ea69924b8.jpg,0.1186391487717628,False
ea69924b8.jpg,0.1112114191055297,False
ea69924b8.jpg,0.0813280940055847,True
ea69924b8.jpg,0.0712295994162559,True
ea69924b8.jpg,0.0651578456163406,True
ea79f40d7.jpg,0.7552121877670288,False
ea79f40d7.jpg,0.6876988410949707,False
ea79f40d7.jpg,0.1778073757886886,False
ea79f40d7.jpg,0.0829340666532516,False
ea79f40d7.jpg,0.0759732201695442,True
ea79f40d7.jpg,0.0612109266221523,True
ea79f40d7.jpg,0.0608235001564025,True
ea81c8a23.jpg,0.4329938590526581,False
ea81c8a23.jpg,0.2497091740369796,False
ea8fa807d.jpg,0.41949662566185,False
ea8fa807d.jpg,0.2222867161035537,False
ea8fa807d.jpg,0.0645059198141098,False
eabb995de.jpg,0.8660002946853638,False
eabb995de.jpg,0.7878750562667847,True
eac759ca6.jpg,0.8749086856842041,False
eac759ca6.jpg,0.8484999537467957,False
eac759ca6.jpg,0.8409486413002014,False
eac759ca6.jpg,0.8197808861732483,False
eac759ca6.jpg,0.6820048093795776,True
eac759ca6.jpg,0.4261146783828735,False
eac759ca6.jpg,0.0780746564269065,True
eac759ca6.jpg,0.0527425967156887,True
ead821828.jpg,0.4297261536121368,False
ead821828.jpg,0.1912432760000229,False
ead821828.jpg,0.0839288011193275,False
eaf82362d.jpg,0.0965417996048927,True
eaf82362d.jpg,0.0751094296574592,True
eb1d0f3cb.jpg,0.7831150889396667,False
eb2dc181b.jpg,0.9206087589263916,False
eb2dc181b.jpg,0.8447522521018982,False
eb3205ebe.jpg,0.4417268633842468,False
eb3205ebe.jpg,0.2618568539619446,False
eb3205ebe.jpg,0.2066526859998703,False
eb4c7dc26.jpg,0.3077627122402191,False
eb4c7dc26.jpg,0.3060420453548431,False
eb4c7dc26.jpg,0.2234929054975509,False
eb4c7dc26.jpg,0.1635337918996811,False
eb4c7dc26.jpg,0.090389609336853,False
eb5104479.jpg,0.4433927237987518,False
eb5104479.jpg,0.0733633711934089,False
eb5b94cdc.jpg,0.865060031414032,False
eb6bf1449.jpg,0.7155095934867859,True
eb6bf1449.jpg,0.6384539604187012,False
eb6bf1449.jpg,0.6130451560020447,False
eb6bf1449.jpg,0.4098609685897827,False
eb6bf1449.jpg,0.3986067771911621,False
eb6bf1449.jpg,0.3056169748306274,False
eb6bf1449.jpg,0.1423898041248321,True
eb6bf1449.jpg,0.0644149631261825,False
eb6bf1449.jpg,0.0563594177365303,False
eb817def7.jpg,0.0911163091659545,True
eb817def7.jpg,0.0586121678352355,True
eb844377b.jpg,0.9530399441719056,False
eb9a7c348.jpg,0.8422601819038391,False
eb9a7c348.jpg,0.7083970308303833,False
eb9a7c348.jpg,0.6016187071800232,False
eb9a7c348.jpg,0.4818038642406463,False
ebbd71cb7.jpg,0.7897047400474548,False
ebbd71cb7.jpg,0.7646310329437256,False
ebd3b067b.jpg,0.8678332567214966,False
ebf7e53a1.jpg,0.9202598333358764,False
ebf7e53a1.jpg,0.076637327671051,True
ec03e1e10.jpg,0.2378116995096206,True
ec170c50b.jpg,0.2288660705089569,False
ec170c50b.jpg,0.138481006026268,False
ec170c50b.jpg,0.1378015875816345,True
ec170c50b.jpg,0.1192468255758285,False
ec170c50b.jpg,0.0820044800639152,False
ec170c50b.jpg,0.0722804963588714,True
ec170c50b.jpg,0.0533739291131496,False
ec221fcdf.jpg,0.8996466994285583,False
ec221fcdf.jpg,0.88392174243927,False
ec221fcdf.jpg,0.5074643492698669,False
ec221fcdf.jpg,0.4148849546909332,False
ec221fcdf.jpg,0.2976147830486297,False
ec2932fc5.jpg,0.6316477656364441,False
ec3980a48.jpg,0.6901878714561462,False
ec3980a48.jpg,0.6499859690666199,False
ec3980a48.jpg,0.6376568675041199,False
ec3980a48.jpg,0.1176879405975341,False
ec3980a48.jpg,0.0970875546336174,True
ec4167884.jpg,0.8633277416229248,False
ec4167884.jpg,0.6705819368362427,False
ec4167884.jpg,0.4907139539718628,False
ec4167884.jpg,0.3685583770275116,False
ec4167884.jpg,0.0881811901926994,False
ec4a788af.jpg,0.8643861413002014,False
ec4a788af.jpg,0.8258850574493408,False
ec66aaac8.jpg,0.6023686528205872,False
ec66aaac8.jpg,0.199817270040512,True
ec66aaac8.jpg,0.1425238251686096,True
ec699d2f2.jpg,0.8678015470504761,False
ec699d2f2.jpg,0.4607267081737518,True
ec699d2f2.jpg,0.2529574334621429,True
ec699d2f2.jpg,0.1635974645614624,True
ec699d2f2.jpg,0.0883249565958976,True
ec699d2f2.jpg,0.0722537711262703,True
ec6d3d5a4.jpg,0.6535189151763916,False
ec6d3d5a4.jpg,0.3882530629634857,False
ec6d3d5a4.jpg,0.3777318596839905,False
ec6d3d5a4.jpg,0.1625741869211197,False
ec6d3d5a4.jpg,0.1499662101268768,False
ec6d3d5a4.jpg,0.1066367030143737,False
ec6d3d5a4.jpg,0.0881902351975441,False
ec6d3d5a4.jpg,0.0588854365050792,True
ec6d3d5a4.jpg,0.0577741377055645,True
ec8c5f01c.jpg,0.9405080080032348,False
eca1c6704.jpg,0.752259373664856,False
eca4881ac.jpg,0.0962731093168258,True
ecab4befe.jpg,0.2551511228084564,False
ecab4befe.jpg,0.1949672698974609,False
ecab4befe.jpg,0.1267585158348083,True
ecd715f45.jpg,0.872424840927124,False
ecd715f45.jpg,0.5348485112190247,False
ecd715f45.jpg,0.4192717373371124,True
ecd715f45.jpg,0.3025132119655609,True
ecd715f45.jpg,0.1232714876532554,False
ecd715f45.jpg,0.0819480717182159,True
ecd715f45.jpg,0.0513404458761215,True
ecd914a2b.jpg,0.8435613512992859,False
ecf81e6a3.jpg,0.7700127959251404,False
ecfddc632.jpg,0.5458933711051941,False
ecfddc632.jpg,0.5411083698272705,False
ecfddc632.jpg,0.108466051518917,False
ecfddc632.jpg,0.0913747400045394,False
ed0a57221.jpg,0.4952669739723205,False
ed0a57221.jpg,0.4556068480014801,True
ed0a57221.jpg,0.420999139547348,True
ed0a57221.jpg,0.4005003571510315,True
ed0a57221.jpg,0.3729754686355591,True
ed0a57221.jpg,0.1679709553718567,True
ed0a57221.jpg,0.1600393205881118,True
ed0a57221.jpg,0.1510026752948761,True
ed0a57221.jpg,0.1369754821062088,False
ed0a57221.jpg,0.1192853525280952,True
ed0a57221.jpg,0.0686169266700744,True
ed0a57221.jpg,0.0647294297814369,True
ed1e57c6d.jpg,0.838961124420166,False
ed1e57c6d.jpg,0.6158313155174255,False
ed1e57c6d.jpg,0.5436986088752747,False
ed1e57c6d.jpg,0.210766464471817,False
ed1e57c6d.jpg,0.0829007476568222,False
ed251c7a8.jpg,0.1746926456689834,False
ed251c7a8.jpg,0.1225605383515358,False
ed414a4a5.jpg,0.145045980811119,False
ed414a4a5.jpg,0.1285634636878967,False
ed414a4a5.jpg,0.0589401610195636,False
ed56586cf.jpg,0.3899652361869812,True
ed56586cf.jpg,0.3711597621440887,False
ed56586cf.jpg,0.1893413513898849,True
ed56586cf.jpg,0.1707438379526138,True
ed56586cf.jpg,0.1647600978612899,False
ed56586cf.jpg,0.0625304877758026,True
ed56586cf.jpg,0.0607709512114524,False
ed5cbc002.jpg,0.8601784110069275,False
ed5cbc002.jpg,0.7815341949462891,False
ed5cbc002.jpg,0.1919784992933273,False
ed5e572d5.jpg,0.5877625942230225,False
ed74b5bb5.jpg,0.898822009563446,False
ed74b5bb5.jpg,0.8697003722190857,False
ed74b5bb5.jpg,0.8077220916748047,False
ed74b5bb5.jpg,0.5157231688499451,False
edb4bb3ac.jpg,0.5384412407875061,False
edb53d816.jpg,0.8358649015426636,False
edb53d816.jpg,0.8280268311500549,False
edb9a96c6.jpg,0.7811229825019836,False
edb9a96c6.jpg,0.6689544320106506,False
edb9a96c6.jpg,0.5465415120124817,False
edb9a96c6.jpg,0.3354406952857971,False
edb9a96c6.jpg,0.2892408967018127,False
edb9a96c6.jpg,0.2444502115249633,False
edb9a96c6.jpg,0.2382404953241348,False
edb9a96c6.jpg,0.2052636891603469,True
edb9a96c6.jpg,0.2023476809263229,True
edb9a96c6.jpg,0.190124899148941,False
edb9a96c6.jpg,0.1818260550498962,False
edb9a96c6.jpg,0.1779534071683883,True
edb9a96c6.jpg,0.170710414648056,False
edb9a96c6.jpg,0.120374321937561,False
edb9a96c6.jpg,0.1172206997871398,True
edb9a96c6.jpg,0.1116079837083816,False
edb9a96c6.jpg,0.1100939065217971,False
edb9a96c6.jpg,0.0775636583566665,False
edb9a96c6.jpg,0.0687099620699882,False
edb9a96c6.jpg,0.0661440268158912,False
edb9a96c6.jpg,0.0620751343667507,False
edb9a96c6.jpg,0.0603265613317489,False
edb9a96c6.jpg,0.0600637905299663,False
edb9a96c6.jpg,0.0599823556840419,False
edbe5cce9.jpg,0.8579950332641602,False
edbe5cce9.jpg,0.6521720290184021,False
edbe5cce9.jpg,0.5362685322761536,False
edbe5cce9.jpg,0.2767459750175476,False
edbe5cce9.jpg,0.1477377265691757,False
edbe5cce9.jpg,0.1309297382831573,False
edc5bff58.jpg,0.8151955008506775,False
edc5bff58.jpg,0.0783236846327781,True
ede0b68ec.jpg,0.4987429976463318,False
ede0b68ec.jpg,0.1953367888927459,True
ede0b68ec.jpg,0.1834654211997985,True
ede0b68ec.jpg,0.1513832360506057,False
ede0b68ec.jpg,0.0579767636954784,True
ede296266.jpg,0.3364790380001068,False
ede296266.jpg,0.3103444278240204,False
ede296266.jpg,0.1395478099584579,False
ede296266.jpg,0.0652541518211364,False
edf808cb9.jpg,0.9220501780509948,False
ee12d6128.jpg,0.4630676805973053,False
ee3e3eef6.jpg,0.2444796115159988,False
ee3e3eef6.jpg,0.2372727245092392,False
ee3e3eef6.jpg,0.1500000655651092,False
ee3e3eef6.jpg,0.1298719942569732,False
ee3e3eef6.jpg,0.1169432401657104,False
ee3e3eef6.jpg,0.1111328229308128,False
ee3e3eef6.jpg,0.0733943432569503,False
ee3e3eef6.jpg,0.0642863363027572,False
ee3e3eef6.jpg,0.0598597675561904,False
ee6738a16.jpg,0.1719554960727691,False
ee6738a16.jpg,0.0753946378827095,False
ee7747434.jpg,0.4308283925056457,True
ee7747434.jpg,0.4136221408843994,True
ee7747434.jpg,0.2275585234165191,True
ee7747434.jpg,0.191356673836708,True
ee7747434.jpg,0.099170833826065,True
ee7747434.jpg,0.086867868900299,True
ee7747434.jpg,0.0738849639892578,False
ee7747434.jpg,0.0737694725394249,True
ee7747434.jpg,0.0507494062185287,True
ee783cf9f.jpg,0.804570198059082,False
ee783cf9f.jpg,0.459901362657547,True
ee783cf9f.jpg,0.1849232763051986,True
eea558c04.jpg,0.316918283700943,False
eea558c04.jpg,0.11573126912117,False
eea558c04.jpg,0.0602113455533981,False
eea558c04.jpg,0.0593420006334781,True
eeb88dd05.jpg,0.2498983591794967,False
eeb88dd05.jpg,0.1449780017137527,False
eec04e7a8.jpg,0.1373789757490158,False
eec04e7a8.jpg,0.0763055831193924,False
eec04e7a8.jpg,0.0725934505462646,True
eeda07894.jpg,0.911626160144806,False
eedd126c6.jpg,0.5553520917892456,False
eedd126c6.jpg,0.2215737402439117,False
eeeed778a.jpg,0.5549793839454651,False
eefabbd8e.jpg,0.2147698998451233,False
eefabbd8e.jpg,0.175725445151329,False
eefabbd8e.jpg,0.0640578269958496,False
ef0212dba.jpg,0.3624966740608215,False
ef0212dba.jpg,0.1794692426919937,False
ef14c47a3.jpg,0.2724316120147705,False
ef14c47a3.jpg,0.127587229013443,False
ef1fa61c0.jpg,0.8740454912185669,False
ef1fa61c0.jpg,0.8270067572593689,False
ef1fa61c0.jpg,0.789170503616333,False
ef21411e6.jpg,0.4119862914085388,False
ef21411e6.jpg,0.2092933505773544,False
ef21411e6.jpg,0.1790016442537307,True
ef21411e6.jpg,0.1495057791471481,False
ef21411e6.jpg,0.1356183737516403,True
ef21411e6.jpg,0.1151391044259071,True
ef21411e6.jpg,0.1097846031188964,True
ef21411e6.jpg,0.1016429886221885,True
ef21411e6.jpg,0.0858279913663864,True
ef21411e6.jpg,0.0764788463711738,True
ef21411e6.jpg,0.0745680481195449,True
ef21411e6.jpg,0.0624220296740531,True
ef21411e6.jpg,0.056754283607006,False
ef21411e6.jpg,0.0538194589316844,True
ef21411e6.jpg,0.0503726527094841,True
ef218b796.jpg,0.8478603959083557,False
ef218b796.jpg,0.1021609008312225,False
ef218b796.jpg,0.0696183666586875,False
ef4a4e497.jpg,0.2973222732543945,False
ef4a4e497.jpg,0.2940047979354858,False
ef4a4e497.jpg,0.1559599786996841,False
ef4a4e497.jpg,0.1332919895648956,True
ef58ff258.jpg,0.9011288285255432,False
ef5ec28e5.jpg,0.4483471214771271,False
ef5ec28e5.jpg,0.1132342889904975,False
ef5ec28e5.jpg,0.0908602327108383,False
ef5ec28e5.jpg,0.052001729607582,True
ef636b5c2.jpg,0.1108869686722755,True
ef636b5c2.jpg,0.0626806169748306,True
ef636b5c2.jpg,0.0584710836410522,True
ef636b5c2.jpg,0.0505193658173084,True
ef63ebe79.jpg,0.9045900106430054,False
ef63ebe79.jpg,0.8673027157783508,False
ef63ebe79.jpg,0.414071649312973,True
ef63ebe79.jpg,0.1406910866498947,True
ef78ecea4.jpg,0.9069195985794068,False
ef8928055.jpg,0.8399149179458618,True
ef8928055.jpg,0.7592530846595764,True
ef8928055.jpg,0.6982540488243103,True
ef8928055.jpg,0.6794335842132568,True
ef8928055.jpg,0.6500343084335327,True
ef8928055.jpg,0.6370472311973572,True
ef8928055.jpg,0.6121862530708313,False
ef8928055.jpg,0.4779089689254761,True
ef8928055.jpg,0.4083285927772522,True
ef8928055.jpg,0.3809341192245483,True
ef8928055.jpg,0.3803404569625854,True
ef8928055.jpg,0.2729473114013672,True
ef8928055.jpg,0.2217154651880264,True
ef8928055.jpg,0.1735208630561828,True
ef8928055.jpg,0.1558389365673065,True
ef8928055.jpg,0.1337547302246093,True
ef8928055.jpg,0.1320178359746933,False
ef8928055.jpg,0.1288090646266937,True
ef8928055.jpg,0.0928557366132736,True
ef8928055.jpg,0.0768285617232322,True
ef8928055.jpg,0.073203220963478,True
ef8928055.jpg,0.0709443539381027,True
ef8928055.jpg,0.0672954022884368,True
ef8928055.jpg,0.0632282570004463,True
ef8928055.jpg,0.0623412616550922,True
ef8928055.jpg,0.0528500042855739,True
ef8928055.jpg,0.0523763857781887,True
ef8928055.jpg,0.0520089231431484,True
ef8959c1c.jpg,0.8709849119186401,False
ef8959c1c.jpg,0.8602925539016724,False
ef89704a3.jpg,0.3232729434967041,False
ef89704a3.jpg,0.307011991739273,True
ef89704a3.jpg,0.1950112730264663,False
ef89704a3.jpg,0.0707301869988441,True
ef89704a3.jpg,0.0621256530284881,False
ef9d3506d.jpg,0.7825121283531189,False
efb0bedf2.jpg,0.3501400053501129,False
efb0bedf2.jpg,0.3128536343574524,False
efb0bedf2.jpg,0.2566913068294525,False
efb0bedf2.jpg,0.2268338948488235,False
efb0bedf2.jpg,0.1927036195993423,False
efb0bedf2.jpg,0.1523302048444748,False
efb0bedf2.jpg,0.0996728539466857,False
efb8ee13a.jpg,0.8790812492370605,False
efb8ee13a.jpg,0.8575380444526672,False
efb8ee13a.jpg,0.8558237552642822,False
efb8ee13a.jpg,0.710261881351471,False
efbe07ce5.jpg,0.777849555015564,False
efbe53883.jpg,0.3504681587219238,True
efbe53883.jpg,0.2308686375617981,True
efbe53883.jpg,0.2237424105405807,True
efbe53883.jpg,0.1674849838018417,True
efbe53883.jpg,0.1010555624961853,True
efbe53883.jpg,0.0777843296527862,True
efbe53883.jpg,0.0697188675403595,True
efdbad6db.jpg,0.9281975626945496,False
efdc877b9.jpg,0.6242720484733582,False
efdc877b9.jpg,0.6087532639503479,False
efdc877b9.jpg,0.6011412143707275,False
efdc877b9.jpg,0.4398451149463653,False
efdc877b9.jpg,0.4251459836959839,False
efdc877b9.jpg,0.4207153618335724,False
efdc877b9.jpg,0.3607619106769562,False
efdc877b9.jpg,0.3551926016807556,False
efdc877b9.jpg,0.2505902945995331,False
efdc877b9.jpg,0.2411218583583831,True
efdc877b9.jpg,0.2048862129449844,True
efdc877b9.jpg,0.1434594690799713,False
efdc877b9.jpg,0.1397803127765655,False
efdc877b9.jpg,0.1285301595926284,True
efdc877b9.jpg,0.101788155734539,True
efdc877b9.jpg,0.0865178033709526,False
efdc877b9.jpg,0.073774553835392,True
efdc877b9.jpg,0.0672406926751136,False
efdc877b9.jpg,0.0655011981725692,False
efdc877b9.jpg,0.050607219338417,True
efdfeaeed.jpg,0.6486193537712097,False
efdfeaeed.jpg,0.2829082906246185,False
efdfeaeed.jpg,0.2220212072134018,False
efdfeaeed.jpg,0.0819978415966034,False
eff2250b5.jpg,0.8900516033172607,False
effa2866c.jpg,0.3079284131526947,False
effa2866c.jpg,0.1298518925905227,False
effa2866c.jpg,0.0700311958789825,False
f016a2b97.jpg,0.9139617681503296,False
f02c2576f.jpg,0.8962788581848145,False
f02e405a0.jpg,0.8633296489715576,False
f02e405a0.jpg,0.8057470321655273,False
f02e405a0.jpg,0.7985811829566956,False
f02e405a0.jpg,0.7963830828666687,False
f02e405a0.jpg,0.7058365345001221,False
f02e405a0.jpg,0.6752424240112305,False
f02e405a0.jpg,0.5393955111503601,False
f02e405a0.jpg,0.1968337297439575,False
f02e405a0.jpg,0.1741417646408081,True
f033b1801.jpg,0.736887514591217,False
f033b1801.jpg,0.7005462050437927,False
f033b1801.jpg,0.6376457810401917,False
f033b1801.jpg,0.6334523558616638,False
f033b1801.jpg,0.6187194585800171,False
f033b1801.jpg,0.3747835457324981,True
f03727949.jpg,0.9119053483009338,False
f03c1eac3.jpg,0.8682676553726196,False
f03c1eac3.jpg,0.5369266271591187,False
f04563b65.jpg,0.6771932244300842,False
f04563b65.jpg,0.4279618263244629,True
f04563b65.jpg,0.3893046081066131,True
f04563b65.jpg,0.18963523209095,True
f04563b65.jpg,0.1288525760173797,True
f04563b65.jpg,0.10964235663414,True
f04563b65.jpg,0.0967837199568748,True
f04563b65.jpg,0.0846064686775207,True
f04563b65.jpg,0.0823787897825241,True
f04563b65.jpg,0.0579143948853015,True
f04ce7a5e.jpg,0.8542453050613403,False
f06543ef1.jpg,0.8494397401809692,False
f085311b6.jpg,0.6110540628433228,False
f085311b6.jpg,0.5733242630958557,False
f085311b6.jpg,0.4696773886680603,False
f0896223e.jpg,0.6109029054641724,True
f0896223e.jpg,0.4714566767215729,True
f0896223e.jpg,0.2154558300971985,True
f0896223e.jpg,0.1997569501399994,True
f0896223e.jpg,0.1499280333518982,True
f0896223e.jpg,0.1432278305292129,False
f0896223e.jpg,0.1302600800991058,True
f0896223e.jpg,0.1018075570464134,True
f0896223e.jpg,0.0809804946184158,False
f08b6c0cc.jpg,0.3582760989665985,False
f08b6c0cc.jpg,0.2550818920135498,False
f08b6c0cc.jpg,0.0671668052673339,True
f08b6c0cc.jpg,0.0604772455990314,False
f08b6c0cc.jpg,0.057107999920845,False
f0a108e91.jpg,0.5520539283752441,False
f0a108e91.jpg,0.2691711783409118,False
f0a108e91.jpg,0.1918482631444931,False
f0a108e91.jpg,0.0935952439904213,False
f0a108e91.jpg,0.089258573949337,False
f0a108e91.jpg,0.0890062004327774,True
f0a108e91.jpg,0.0658139139413833,True
f0a108e91.jpg,0.064429648220539,False
f0a108e91.jpg,0.0581568740308284,False
f0a108e91.jpg,0.0546590946614742,True
f0a108e91.jpg,0.0519700050354003,True
f0c4a2ead.jpg,0.4425697028636932,False
f0c4a2ead.jpg,0.0754693374037742,True
f0d92784c.jpg,0.3937085568904876,False
f0d92784c.jpg,0.0698178708553314,False
f0d92784c.jpg,0.0532117784023284,False
f0f6a35e8.jpg,0.8776192665100098,False
f0f6a35e8.jpg,0.7441872954368591,False
f0f6a35e8.jpg,0.5590307712554932,False
f0f6a35e8.jpg,0.2569024264812469,False
f0f6a35e8.jpg,0.2286271005868911,True
f0f6a35e8.jpg,0.1826499551534652,False
f0f6a35e8.jpg,0.1500659734010696,False
f0f6a35e8.jpg,0.1083496212959289,True
f0f6a35e8.jpg,0.1021936163306236,True
f0f6a35e8.jpg,0.0628840029239654,False
f1035543c.jpg,0.8980796337127686,False
f1035543c.jpg,0.1229149028658866,True
f12c7e332.jpg,0.8860577344894409,False
f12c7e332.jpg,0.8780153393745422,False
f12c7e332.jpg,0.8109750151634216,False
f12c7e332.jpg,0.4676688611507416,False
f12c7e332.jpg,0.165676936507225,False
f13083b4d.jpg,0.4434111714363098,False
f13083b4d.jpg,0.0755144506692886,True
f131f17ac.jpg,0.8862380981445312,False
f144fea2c.jpg,0.4763131439685821,False
f144fea2c.jpg,0.2680152356624603,False
f144fea2c.jpg,0.1162140220403671,False
f162579a1.jpg,0.7904126644134521,False
f162579a1.jpg,0.1293794363737106,True
f162579a1.jpg,0.0520756170153617,True
f169a1d4d.jpg,0.8398183584213257,False
f169a1d4d.jpg,0.8238754272460938,False
f169a1d4d.jpg,0.7485350966453552,False
f169a1d4d.jpg,0.6882261633872986,False
f169a1d4d.jpg,0.2446073293685913,False
f169a1d4d.jpg,0.1187656000256538,False
f169a1d4d.jpg,0.0978104993700981,False
f169a1d4d.jpg,0.0685829222202301,False
f16a69c37.jpg,0.6303030848503113,False
f1810210a.jpg,0.8728610873222351,False
f1810210a.jpg,0.8264459371566772,False
f184c923b.jpg,0.7359815835952759,False
f184c923b.jpg,0.3287028074264526,True
f18938933.jpg,0.9272847175598145,False
f1a68c90d.jpg,0.5789989829063416,False
f1a68c90d.jpg,0.4278447329998016,False
f1a68c90d.jpg,0.2142187654972076,True
f1a68c90d.jpg,0.2110607326030731,True
f1a68c90d.jpg,0.2065954804420471,True
f1a68c90d.jpg,0.1238042116165161,True
f1a68c90d.jpg,0.1124115660786628,False
f1a68c90d.jpg,0.0877986922860145,True
f1a68c90d.jpg,0.0785689353942871,True
f1a68c90d.jpg,0.0707711577415466,True
f1a9b75bc.jpg,0.6614700555801392,True
f1a9b75bc.jpg,0.6591545343399048,False
f1a9b75bc.jpg,0.6306317448616028,False
f1a9b75bc.jpg,0.6013240218162537,False
f1a9b75bc.jpg,0.27127206325531,True
f1a9b75bc.jpg,0.1961071640253067,True
f1a9b75bc.jpg,0.1741321682929992,True
f1a9b75bc.jpg,0.1716326177120208,False
f1a9b75bc.jpg,0.1686713993549347,False
f1a9b75bc.jpg,0.0780608281493187,True
f1a9b75bc.jpg,0.055936548858881,True
f1b306c90.jpg,0.8906238675117493,False
f1bd73e43.jpg,0.3380842804908752,False
f1bd73e43.jpg,0.3204788267612457,False
f1bd73e43.jpg,0.1208307370543479,True
f1c401b9f.jpg,0.8900456428527832,False
f1fe255e5.jpg,0.5138146281242371,False
f1fe255e5.jpg,0.1576442718505859,False
f1fe255e5.jpg,0.1446585208177566,True
f1fe255e5.jpg,0.0535902082920074,True
f21353998.jpg,0.8943429589271545,False
f215de2ce.jpg,0.3310672640800476,False
f215de2ce.jpg,0.2425262928009033,False
f215de2ce.jpg,0.1378407776355743,False
f215de2ce.jpg,0.093196302652359,False
f2176485a.jpg,0.898935854434967,False
f22f95a37.jpg,0.8479423522949219,False
f24510720.jpg,0.1842737942934036,True
f24510720.jpg,0.1489994972944259,True
f24510720.jpg,0.0900667607784271,True
f24510720.jpg,0.0584076382219791,True
f24510720.jpg,0.0510731898248195,False
f2603bcd9.jpg,0.5251070857048035,False
f2605578a.jpg,0.8733195662498474,False
f264220f1.jpg,0.9012067317962646,False
f264220f1.jpg,0.8617175221443176,False
f264220f1.jpg,0.553528368473053,False
f26e9f942.jpg,0.3697725832462311,False
f26e9f942.jpg,0.3566076755523681,True
f26e9f942.jpg,0.2955437302589416,False
f26e9f942.jpg,0.1013169363141059,False
f26e9f942.jpg,0.063023917376995,False
f26e9f942.jpg,0.0596319660544395,False
f2742b996.jpg,0.8989421129226685,False
f2742b996.jpg,0.7799644470214844,False
f293f6238.jpg,0.7477210164070129,False
f2a11fc7e.jpg,0.7776277661323547,False
f2a11fc7e.jpg,0.724433183670044,True
f2a11fc7e.jpg,0.5393326282501221,False
f2a11fc7e.jpg,0.5269145369529724,False
f2a11fc7e.jpg,0.4797620177268982,True
f2a11fc7e.jpg,0.3635729551315307,False
f2a11fc7e.jpg,0.3476906418800354,True
f2a11fc7e.jpg,0.3171079456806183,False
f2a11fc7e.jpg,0.3071892261505127,False
f2a11fc7e.jpg,0.3042093813419342,True
f2a11fc7e.jpg,0.2915265560150146,True
f2a11fc7e.jpg,0.2036489099264145,True
f2a11fc7e.jpg,0.1777276545763015,True
f2a11fc7e.jpg,0.1365975886583328,True
f2a11fc7e.jpg,0.1074903532862663,True
f2a11fc7e.jpg,0.1058875918388366,True
f2a11fc7e.jpg,0.0999717190861702,True
f2a11fc7e.jpg,0.0849996358156204,True
f2a11fc7e.jpg,0.081800028681755,True
f2a11fc7e.jpg,0.0624084994196891,True
f2a11fc7e.jpg,0.0608245395123958,False
f2a11fc7e.jpg,0.0593057200312614,True
f2a11fc7e.jpg,0.0507745221257209,True
f2b337746.jpg,0.312185674905777,False
f2b337746.jpg,0.2889408469200134,False
f2b337746.jpg,0.2787092328071594,False
f2b337746.jpg,0.2444071322679519,False
f2b337746.jpg,0.2371397763490677,False
f2b337746.jpg,0.195461243391037,False
f2b337746.jpg,0.1809835135936737,True
f2b337746.jpg,0.1507473289966583,False
f2b337746.jpg,0.1332870423793792,True
f2b337746.jpg,0.0812408924102783,True
f2b337746.jpg,0.0750582367181778,True
f2b337746.jpg,0.0673400983214378,True
f2b337746.jpg,0.0656911209225654,False
f2b337746.jpg,0.0651243850588798,False
f2b337746.jpg,0.0635604783892631,True
f2b337746.jpg,0.0589149855077266,True
f2d4c7959.jpg,0.3159638941287994,False
f2d4c7959.jpg,0.221838116645813,False
f2e554691.jpg,0.8911760449409485,False
f2ec0fb5d.jpg,0.3328372836112976,True
f2ec0fb5d.jpg,0.2538319230079651,True
f2ec0fb5d.jpg,0.1287852376699447,False
f2ec0fb5d.jpg,0.0650209859013557,False
f2ec0fb5d.jpg,0.0547814108431339,True
f30c0d4d4.jpg,0.847880482673645,False
f31d20a4a.jpg,0.7395710349082947,False
f31d20a4a.jpg,0.6354839205741882,False
f31d20a4a.jpg,0.4942319691181183,False
f31d20a4a.jpg,0.2967962324619293,True
f31d20a4a.jpg,0.1131760850548744,True
f31d20a4a.jpg,0.0763359665870666,True
f323a2d8b.jpg,0.5089236497879028,False
f323a2d8b.jpg,0.0978430286049842,False
f33c62135.jpg,0.8099092841148376,False
f33c62135.jpg,0.3441152274608612,False
f33c62135.jpg,0.1111673936247825,False
f33c62135.jpg,0.0890576019883155,False
f34aa9d4c.jpg,0.238682135939598,False
f34aa9d4c.jpg,0.2370621412992477,True
f34aa9d4c.jpg,0.1901191771030426,False
f34aa9d4c.jpg,0.0860505625605583,False
f34aa9d4c.jpg,0.0613422729074955,True
f3898331e.jpg,0.866213321685791,False
f3898331e.jpg,0.7707812190055847,False
f38d78c54.jpg,0.7610088586807251,False
f38d78c54.jpg,0.748259961605072,False
f39582e77.jpg,0.8324131965637207,False
f39582e77.jpg,0.7738903760910034,False
f39582e77.jpg,0.2094845920801162,True
f3abe94fb.jpg,0.8914104104042053,False
f3abe94fb.jpg,0.8473343849182129,False
f3abe94fb.jpg,0.7966183423995972,False
f3abe94fb.jpg,0.6517703533172607,False
f3abe94fb.jpg,0.6440987586975098,False
f3abe94fb.jpg,0.4980958700180053,True
f3abe94fb.jpg,0.497850626707077,True
f3b1ec4d8.jpg,0.8778795599937439,False
f3b1ec4d8.jpg,0.1629190593957901,True
f3b1ec4d8.jpg,0.0987119525671005,False
f3b1ec4d8.jpg,0.0861946046352386,True
f3b1ec4d8.jpg,0.0757392942905426,True
f3b1ec4d8.jpg,0.0711897835135459,True
f3b1ec4d8.jpg,0.0561453104019165,True
f3b1ec4d8.jpg,0.0559946149587631,True
f3b1ec4d8.jpg,0.0545995235443115,True
f3b582b14.jpg,0.879912793636322,False
f41261dd5.jpg,0.8495736718177795,False
f41baa3c4.jpg,0.8962991237640381,False
f41baa3c4.jpg,0.0854870602488517,True
f42a7d560.jpg,0.8240769505500793,False
f42a7d560.jpg,0.0709513947367668,True
f432c322a.jpg,0.901627480983734,False
f432c322a.jpg,0.8360838294029236,False
f432c322a.jpg,0.0731700882315635,True
f44c8b922.jpg,0.8941618204116821,False
f4653c538.jpg,0.0952159762382507,True
f4653c538.jpg,0.0748035982251167,True
f4653c538.jpg,0.0516418926417827,True
f4a02fd6d.jpg,0.755392849445343,False
f4a070d01.jpg,0.7877724766731262,False
f4b36f4fc.jpg,0.1416181027889251,True
f4b36f4fc.jpg,0.0816550329327583,True
f4b36f4fc.jpg,0.063759759068489,True
f4b36f4fc.jpg,0.0603988245129585,True
f4b36f4fc.jpg,0.0569300651550293,True
f4b36f4fc.jpg,0.0558051466941833,True
f4d9576b4.jpg,0.3479028940200805,True
f4d9576b4.jpg,0.1799829006195068,True
f4e82c721.jpg,0.517435610294342,False
f4e82c721.jpg,0.1979850381612777,False
f5102a8c4.jpg,0.6760703921318054,False
f5102a8c4.jpg,0.2945412397384643,False
f5102a8c4.jpg,0.1378737092018127,False
f5102a8c4.jpg,0.0729461759328842,True
f5102a8c4.jpg,0.0677621662616729,False
f51076a80.jpg,0.6087812185287476,False
f51076a80.jpg,0.511866569519043,False
f52206a6d.jpg,0.6403248906135559,True
f52206a6d.jpg,0.2991304993629455,False
f52206a6d.jpg,0.2134775668382644,True
f52206a6d.jpg,0.1835814714431762,False
f52206a6d.jpg,0.0974275395274162,False
f52206a6d.jpg,0.083091601729393,True
f52206a6d.jpg,0.0785515457391738,False
f52206a6d.jpg,0.074817955493927,True
f52a12445.jpg,0.2570658028125763,True
f52a12445.jpg,0.2548129856586456,True
f52a12445.jpg,0.0872645080089569,False
f531391de.jpg,0.9105654358863832,False
f531391de.jpg,0.8793208003044128,False
f531391de.jpg,0.8136536478996277,False
f531391de.jpg,0.8026813268661499,False
f531391de.jpg,0.1611019819974899,False
f531391de.jpg,0.0839568153023719,False
f5424907d.jpg,0.8516109585762024,False
f5424907d.jpg,0.8416789174079895,False
f5424907d.jpg,0.8286716938018799,False
f5424907d.jpg,0.7857645153999329,False
f54314324.jpg,0.9009461998939514,False
f54314324.jpg,0.8873502016067505,False
f54314324.jpg,0.8758448362350464,False
f54314324.jpg,0.874305248260498,False
f54314324.jpg,0.8434762954711914,False
f54314324.jpg,0.5044736862182617,False
f55581dac.jpg,0.3883889615535736,True
f55581dac.jpg,0.2595798671245575,False
f55581dac.jpg,0.1321219205856323,False
f55581dac.jpg,0.0919271633028984,True
f55581dac.jpg,0.0562208108603954,False
f55abea8a.jpg,0.8437709808349609,False
f56ca2cb2.jpg,0.6371857523918152,False
f56ca2cb2.jpg,0.4435586631298065,False
f56ca2cb2.jpg,0.1183308586478233,False
f56ca2cb2.jpg,0.1037590429186821,False
f56ca2cb2.jpg,0.0760341361165046,False
f56ca2cb2.jpg,0.0505402944982051,True
f58455a34.jpg,0.9203481674194336,False
f59f5e3d0.jpg,0.4114574790000915,False
f59f5e3d0.jpg,0.1888984888792038,False
f59f5e3d0.jpg,0.1214512959122657,False
f5b7e4401.jpg,0.2669408917427063,False
f5b7e4401.jpg,0.1610720157623291,False
f5b7e4401.jpg,0.1076868921518325,False
f5b7e4401.jpg,0.0509236939251422,False
f5c040a29.jpg,0.8635933995246887,False
f5c61bbdd.jpg,0.3283414840698242,False
f5c61bbdd.jpg,0.3101747035980224,False
f5c61bbdd.jpg,0.2921343743801117,False
f5c61bbdd.jpg,0.1187145560979843,False
f5c61bbdd.jpg,0.1156253591179847,False
f5ddf68d0.jpg,0.2858856916427612,False
f5ddf68d0.jpg,0.2296738773584365,False
f5ddf68d0.jpg,0.1820130348205566,True
f5ddf68d0.jpg,0.1748910099267959,False
f5ddf68d0.jpg,0.055787157267332,False
f5ec071ad.jpg,0.8467597365379333,False
f5efdc5b2.jpg,0.392461210489273,False
f5fb7e219.jpg,0.1489988267421722,True
f5fb7e219.jpg,0.1413643956184387,False
f5fb7e219.jpg,0.1191738843917846,True
f5fb7e219.jpg,0.0687020570039749,False
f5fb7e219.jpg,0.0677424073219299,False
f5fb7e219.jpg,0.0556420572102069,True
f5fb7e219.jpg,0.053549401462078,False
f614ebab0.jpg,0.9313401579856871,False
f623bce58.jpg,0.8658947348594666,False
f635db786.jpg,0.4650960862636566,False
f635db786.jpg,0.1525349766016006,False
f63de9cd1.jpg,0.904001533985138,False
f6618af68.jpg,0.8278448581695557,False
f67ff2849.jpg,0.6366713047027588,False
f67ff2849.jpg,0.3844689130783081,True
f67ff2849.jpg,0.2807824313640594,False
f67ff2849.jpg,0.2232354581356048,False
f67ff2849.jpg,0.1408600360155105,True
f67ff2849.jpg,0.0810699984431266,False
f686df473.jpg,0.4120398163795471,True
f686df473.jpg,0.3792941868305206,False
f686df473.jpg,0.1188388243317604,True
f686df473.jpg,0.0988459661602974,False
f686df473.jpg,0.0582956373691558,True
f6891969e.jpg,0.8155496120452881,False
f6891969e.jpg,0.275765061378479,True
f6891969e.jpg,0.1397139877080917,True
f69a0cfc5.jpg,0.3123115301132202,False
f6a08f68c.jpg,0.6900822520256042,False
f6a5d4c6c.jpg,0.781741738319397,False
f6bfe1d4f.jpg,0.2086426764726638,False
f6cb7888e.jpg,0.2659958899021148,True
f6cb7888e.jpg,0.244928702712059,False
f6cb7888e.jpg,0.232697993516922,False
f6cb7888e.jpg,0.1044104620814323,False
f6cb7888e.jpg,0.0629206299781799,True
f6cb7888e.jpg,0.0527274757623672,False
f6cce5f49.jpg,0.3210307955741882,False
f6cce5f49.jpg,0.268389880657196,False
f6cce5f49.jpg,0.1875607818365097,True
f6dc0e7fa.jpg,0.90477454662323,False
f6e008b23.jpg,0.7378844022750854,False
f6e008b23.jpg,0.7187900543212891,False
f6e008b23.jpg,0.7071483731269836,False
f6e008b23.jpg,0.7070125341415405,False
f6e008b23.jpg,0.6937565207481384,False
f6e008b23.jpg,0.5843974947929382,False
f6e008b23.jpg,0.3732512891292572,False
f6e008b23.jpg,0.2344299256801605,True
f6e008b23.jpg,0.233647421002388,True
f6e008b23.jpg,0.1375869512557983,True
f6e008b23.jpg,0.1306127607822418,True
f6e008b23.jpg,0.0910912826657295,True
f6e008b23.jpg,0.0684632509946823,True
f6e008b23.jpg,0.0648873522877693,True
f6e008b23.jpg,0.0641336590051651,True
f6e008b23.jpg,0.0584676228463649,True
f6e1b1630.jpg,0.8360398411750793,True
f6e1b1630.jpg,0.574434757232666,False
f6e1b1630.jpg,0.2743792831897735,False
f6e1b1630.jpg,0.2066103368997573,True
f6e1b1630.jpg,0.1954817324876785,False
f6e1b1630.jpg,0.1641506850719452,True
f6e1b1630.jpg,0.122480571269989,True
f6e1b1630.jpg,0.1220248639583587,True
f6e1b1630.jpg,0.0963065326213836,True
f6e1b1630.jpg,0.0951971039175987,True
f6e1b1630.jpg,0.0867780447006225,True
f6e1b1630.jpg,0.0670129805803299,True
f6e1b1630.jpg,0.0590399801731109,True
f6e1b1630.jpg,0.0515438243746757,True
f6eaf713c.jpg,0.0865367278456687,True
f6f980e0f.jpg,0.7844750285148621,False
f6f980e0f.jpg,0.6863019466400146,False
f6f980e0f.jpg,0.653182327747345,False
f6f980e0f.jpg,0.638977587223053,False
f6f980e0f.jpg,0.600043773651123,False
f6f980e0f.jpg,0.598119854927063,False
f6f980e0f.jpg,0.567543625831604,True
f6f980e0f.jpg,0.4489455223083496,False
f6f980e0f.jpg,0.3767015039920807,False
f6f980e0f.jpg,0.3596985936164856,True
f6f980e0f.jpg,0.3019700646400451,True
f6f980e0f.jpg,0.2462911605834961,False
f6f980e0f.jpg,0.2273715585470199,True
f6f980e0f.jpg,0.2252107113599777,False
f6f980e0f.jpg,0.2052539587020874,True
f6f980e0f.jpg,0.1740468144416809,False
f6f980e0f.jpg,0.144214928150177,False
f6f980e0f.jpg,0.1222982928156852,True
f6f980e0f.jpg,0.1082283854484558,False
f6f980e0f.jpg,0.0989954024553299,True
f6f980e0f.jpg,0.0967210382223129,True
f6f980e0f.jpg,0.0798298791050911,True
f6f980e0f.jpg,0.079287365078926,True
f6f980e0f.jpg,0.0697871297597885,True
f6f980e0f.jpg,0.0697848349809646,True
f6f980e0f.jpg,0.0555074885487556,False
f6f980e0f.jpg,0.0549240708351135,True
f6f980e0f.jpg,0.0515993349254131,False
f70a76c38.jpg,0.8704706430435181,False
f70a76c38.jpg,0.1181868687272071,False
f70c4fa65.jpg,0.8705265522003174,False
f721c8317.jpg,0.819094717502594,False
f73877c8b.jpg,0.8721761703491211,False
f7409c994.jpg,0.4132889211177826,False
f7409c994.jpg,0.2057036161422729,True
f7409c994.jpg,0.1252698451280594,True
f746d102d.jpg,0.5552475452423096,False
f74e84709.jpg,0.8879277110099792,False
f7588f477.jpg,0.2551586627960205,False
f7588f477.jpg,0.1824286580085754,False
f7588f477.jpg,0.1580785661935806,False
f7588f477.jpg,0.148172989487648,False
f7588f477.jpg,0.103022925555706,False
f7588f477.jpg,0.0720304772257804,False
f7588f477.jpg,0.0638536661863327,True
f7657ae07.jpg,0.6373084783554077,False
f7657ae07.jpg,0.4482728242874145,False
f7657ae07.jpg,0.4429118037223816,False
f7657ae07.jpg,0.3662425875663757,False
f7657ae07.jpg,0.3487695455551147,False
f7657ae07.jpg,0.3463784754276275,False
f7657ae07.jpg,0.2773846685886383,False
f7657ae07.jpg,0.2521657347679138,False
f7657ae07.jpg,0.1519942581653595,False
f7657ae07.jpg,0.1395912766456604,False
f7657ae07.jpg,0.1256613582372665,False
f7657ae07.jpg,0.116346076130867,False
f7657ae07.jpg,0.0909697562456131,True
f7657ae07.jpg,0.0786026194691658,False
f7657ae07.jpg,0.0632112398743629,True
f7657ae07.jpg,0.0546913556754589,False
f77385f88.jpg,0.7682747840881348,False
f77788c23.jpg,0.7771298289299011,False
f77788c23.jpg,0.7515872120857239,True
f77788c23.jpg,0.5061568021774292,True
f77788c23.jpg,0.392509400844574,True
f77788c23.jpg,0.2574511766433716,True
f77788c23.jpg,0.1533984392881393,True
f77788c23.jpg,0.1405001580715179,True
f77788c23.jpg,0.1069227680563926,True
f77788c23.jpg,0.0948880687355995,True
f77788c23.jpg,0.0824766308069229,True
f77788c23.jpg,0.0709062740206718,True
f77788c23.jpg,0.0637434497475624,True
f77788c23.jpg,0.0598161406815052,True
f77788c23.jpg,0.0535967871546745,True
f77788c23.jpg,0.0524829141795635,True
f77788c23.jpg,0.050084326416254,True
f77a7d955.jpg,0.5430800914764404,False
f77a7d955.jpg,0.1514870971441269,True
f77a7d955.jpg,0.0878071710467338,True
f78746f21.jpg,0.5933084487915039,False
f78746f21.jpg,0.3460781872272491,True
f78746f21.jpg,0.0513199418783187,False
f7a2f1a6f.jpg,0.6804947257041931,False
f7a2f1a6f.jpg,0.3501946628093719,False
f7a2f1a6f.jpg,0.1323680430650711,False
f7a2f1a6f.jpg,0.1291217654943466,False
f7a2f1a6f.jpg,0.1261652708053589,False
f7a2f1a6f.jpg,0.1195744946599006,False
f7a2f1a6f.jpg,0.0767297968268394,False
f7b04c1d8.jpg,0.8226838111877441,False
f7b3ef47a.jpg,0.8117408752441406,False
f7befe274.jpg,0.5211121439933777,False
f7befe274.jpg,0.3975516557693481,False
f7befe274.jpg,0.3920454680919647,False
f7befe274.jpg,0.3871602714061737,False
f7befe274.jpg,0.3374670445919037,True
f7befe274.jpg,0.3114804327487945,False
f7befe274.jpg,0.2246402502059936,False
f7befe274.jpg,0.216522991657257,False
f7befe274.jpg,0.2102977484464645,False
f7befe274.jpg,0.1789029240608215,True
f7befe274.jpg,0.1537873148918151,True
f7befe274.jpg,0.1281629204750061,False
f7befe274.jpg,0.0884449332952499,True
f7befe274.jpg,0.0745093300938606,True
f7befe274.jpg,0.0680620148777961,True
f7befe274.jpg,0.0611922964453697,True
f7befe274.jpg,0.0607956126332283,True
f7befe274.jpg,0.0538106672465801,True
f7c020891.jpg,0.3277110457420349,False
f7c020891.jpg,0.1484581977128982,False
f7c020891.jpg,0.1145349666476249,True
f7c020891.jpg,0.104126825928688,True
f7c020891.jpg,0.0830190852284431,True
f7cae76b3.jpg,0.7524710893630981,False
f7cae76b3.jpg,0.6228933334350586,False
f7cae76b3.jpg,0.1400451809167862,True
f7cae76b3.jpg,0.1164417117834091,True
f7cae76b3.jpg,0.051198061555624,True
f7d12c543.jpg,0.8769795298576355,False
f7e3fcf8b.jpg,0.8743106722831726,False
f8213373d.jpg,0.8492668867111206,False
f8213373d.jpg,0.1328144520521164,True
f8213373d.jpg,0.1257798671722412,True
f8213373d.jpg,0.0893289968371391,True
f86c72243.jpg,0.7701826691627502,False
f86c72243.jpg,0.7468198537826538,False
f86c72243.jpg,0.2385832816362381,False
f86c72243.jpg,0.1907333731651306,False
f86c72243.jpg,0.1196457967162132,True
f86c72243.jpg,0.0850912407040596,True
f86c72243.jpg,0.0569347776472568,True
f87a3f556.jpg,0.7404385805130005,False
f87a3f556.jpg,0.5841609835624695,False
f87a3f556.jpg,0.1291395127773285,False
f8a66a228.jpg,0.1581247746944427,True
f8a66a228.jpg,0.1520531475543975,True
f8a66a228.jpg,0.1381930112838745,True
f8a66a228.jpg,0.1001326814293861,True
f8a66a228.jpg,0.0993186458945274,True
f8a66a228.jpg,0.0784618631005287,True
f8a66a228.jpg,0.0763371139764785,True
f8a66a228.jpg,0.0740186870098114,True
f8a66a228.jpg,0.0642283633351326,False
f8a66a228.jpg,0.0613424964249134,True
f8a66a228.jpg,0.0579545274376869,True
f8a66a228.jpg,0.0576069205999374,True
f8aac5c96.jpg,0.549625039100647,False
f8aac5c96.jpg,0.2411182969808578,True
f8aac5c96.jpg,0.162735104560852,True
f8aac5c96.jpg,0.1197435185313224,True
f8aac5c96.jpg,0.1042070016264915,True
f8aac5c96.jpg,0.086334615945816,True
f8aac5c96.jpg,0.0702277794480323,True
f8aac5c96.jpg,0.0583445057272911,True
f8aac5c96.jpg,0.0582339689135551,True
f8aac5c96.jpg,0.0577976927161216,True
f8aac5c96.jpg,0.0563409030437469,True
f8aac5c96.jpg,0.0554216392338275,True
f8cbed833.jpg,0.8886672258377075,False
f8cbed833.jpg,0.8656669855117798,False
f8cbed833.jpg,0.65590500831604,False
f8cbed833.jpg,0.4214915037155151,True
f8cbed833.jpg,0.4204931557178497,True
f8cbed833.jpg,0.270578533411026,True
f8cbed833.jpg,0.2508549094200134,False
f8cbed833.jpg,0.2154103070497512,True
f8cbed833.jpg,0.2010254263877868,True
f8cbed833.jpg,0.0835873782634735,True
f8cbed833.jpg,0.0595736466348171,True
f8db1174b.jpg,0.4118214547634125,False
f8db1174b.jpg,0.1898905783891677,False
f8db1174b.jpg,0.140006884932518,True
f8dcd83c2.jpg,0.8803269267082214,False
f8dcd83c2.jpg,0.8649408221244812,False
f8dcd83c2.jpg,0.7755385637283325,True
f8e3d0384.jpg,0.5586692690849304,True
f8e3d0384.jpg,0.5532132387161255,False
f8e3d0384.jpg,0.2955453395843506,True
f8e3d0384.jpg,0.1356010884046554,True
f8e3d0384.jpg,0.1234615221619606,True
f8e3d0384.jpg,0.1226084306836128,True
f8e3d0384.jpg,0.0961558669805526,True
f8e3d0384.jpg,0.0943161994218826,True
f8e3d0384.jpg,0.0914642661809921,True
f8e3d0384.jpg,0.074363499879837,True
f8e3d0384.jpg,0.0550057366490364,True
f9090a6b2.jpg,0.6242150068283081,False
f90ad9340.jpg,0.079704500734806,True
f9216fd85.jpg,0.382589191198349,False
f9216fd85.jpg,0.1598066240549087,False
f9216fd85.jpg,0.0879329815506935,False
f92a0584e.jpg,0.8185830116271973,False
f943ad4bc.jpg,0.208951935172081,False
f943ad4bc.jpg,0.0771780461072921,False
f943ad4bc.jpg,0.0528961867094039,False
f94d2c284.jpg,0.9305122494697572,False
f94d2c284.jpg,0.8502646088600159,False
f96a6a64e.jpg,0.570341169834137,False
f96ff71b1.jpg,0.9159191846847534,False
f97e961f2.jpg,0.8627412915229797,False
f98ba09af.jpg,0.4389262199401855,False
f98ba09af.jpg,0.0607049353420734,True
f98d30216.jpg,0.3419836759567261,True
f98d30216.jpg,0.1843049824237823,True
f98f65d64.jpg,0.57545405626297,False
f99afa15f.jpg,0.90074223279953,False
f99afa15f.jpg,0.887269914150238,False
f99afa15f.jpg,0.8820890784263611,False
f99afa15f.jpg,0.8789105415344238,False
f99afa15f.jpg,0.8620651960372925,False
f99afa15f.jpg,0.8182033896446228,False
f99afa15f.jpg,0.8083131909370422,False
f99afa15f.jpg,0.7714079022407532,False
f99afa15f.jpg,0.3767576813697815,False
f99afa15f.jpg,0.3635592758655548,False
f99afa15f.jpg,0.2054171413183212,False
f99afa15f.jpg,0.119688294827938,True
f99afa15f.jpg,0.0757537856698036,False
f99afa15f.jpg,0.0750214308500289,True
f99afa15f.jpg,0.0647092536091804,False
f99afa15f.jpg,0.0616180188953876,False
f99afa15f.jpg,0.0527449585497379,True
f9c5ec37c.jpg,0.8701103925704956,False
f9c5ec37c.jpg,0.8620097041130066,False
f9c5ec37c.jpg,0.8467037081718445,False
f9e5eb506.jpg,0.4505890011787414,False
f9e5eb506.jpg,0.1072026267647743,False
f9e5eb506.jpg,0.0584258958697319,False
f9fb969b4.jpg,0.8157029151916504,False
f9fc053c9.jpg,0.868066132068634,False
fa02f2102.jpg,0.3231353759765625,False
fa02f2102.jpg,0.3069556653499603,True
fa02f2102.jpg,0.2893403172492981,True
fa02f2102.jpg,0.2710074484348297,False
fa02f2102.jpg,0.2601201236248016,True
fa02f2102.jpg,0.191415935754776,False
fa02f2102.jpg,0.1307553499937057,False
fa02f2102.jpg,0.1164556220173835,False
fa02f2102.jpg,0.0684659332036972,False
fa02f2102.jpg,0.0683200359344482,False
fa02f2102.jpg,0.0539128929376602,False
fa092f735.jpg,0.8354682326316833,False
fa0adedf4.jpg,0.7722560167312622,False
fa0adedf4.jpg,0.7207062840461731,False
fa0adedf4.jpg,0.7121315002441406,False
fa1633dcc.jpg,0.917620062828064,False
fa1633dcc.jpg,0.357869029045105,False
fa1633dcc.jpg,0.339240700006485,False
fa1633dcc.jpg,0.1693189293146133,True
fa1633dcc.jpg,0.1485940068960189,True
fa45b1ba3.jpg,0.4829817116260528,True
fa45b1ba3.jpg,0.4200195968151092,True
fa45b1ba3.jpg,0.2669988572597503,True
fa53811e2.jpg,0.4805920720100403,False
fa53811e2.jpg,0.2508976459503174,False
fa53811e2.jpg,0.124294675886631,False
fa53811e2.jpg,0.1239767670631408,False
fa53811e2.jpg,0.0627075210213661,True
fa7ae82f8.jpg,0.879631757736206,False
fa7ae82f8.jpg,0.7649648189544678,False
fa7ae82f8.jpg,0.6429703831672668,True
fa7ae82f8.jpg,0.6161807775497437,True
fa7ae82f8.jpg,0.2889549434185028,False
fa90f25a1.jpg,0.5706911683082581,False
fa90f25a1.jpg,0.0762139484286308,False
fa9d579c1.jpg,0.6420205235481262,False
fac263d5d.jpg,0.9384613037109376,False
fac263d5d.jpg,0.3414353728294372,False
fac732b9a.jpg,0.5434108972549438,False
fac732b9a.jpg,0.2536656856536865,False
fac732b9a.jpg,0.1130315437912941,True
facdf829f.jpg,0.7421757578849792,False
facf4bea1.jpg,0.8539829850196838,False
facf5a92c.jpg,0.7321168184280396,False
facf5a92c.jpg,0.608892560005188,False
facf5a92c.jpg,0.4524275660514831,True
facf5a92c.jpg,0.2664223313331604,True
facf5a92c.jpg,0.1356729865074157,False
facf5a92c.jpg,0.0915954113006591,False
facf5a92c.jpg,0.0900432839989662,True
facf5a92c.jpg,0.0899105370044708,True
facf5a92c.jpg,0.0775056555867195,False
facf5a92c.jpg,0.0766848847270011,False
fadc3eb1b.jpg,0.4354305565357208,False
fadc3eb1b.jpg,0.2781501412391662,True
fadc3eb1b.jpg,0.2023408859968185,True
fadc3eb1b.jpg,0.1531524509191513,True
fadc3eb1b.jpg,0.099948726594448,True
fadc3eb1b.jpg,0.0978544652462005,True
fadc3eb1b.jpg,0.08847326785326,True
fade6c947.jpg,0.8475610017776489,False
fade6c947.jpg,0.1249047666788101,True
faf5ea5e1.jpg,0.881170392036438,False
faf5ea5e1.jpg,0.8263625502586365,False
faf5ea5e1.jpg,0.2200903296470642,False
fb05dd5a8.jpg,0.424778014421463,False
fb05dd5a8.jpg,0.1005879268050193,False
fb08c0cb8.jpg,0.2752000987529754,False
fb08c0cb8.jpg,0.1152146607637405,False
fb098d758.jpg,0.9028075337409972,False
fb098d758.jpg,0.4984819591045379,False
fb098d758.jpg,0.265234112739563,False
fb098d758.jpg,0.0534283109009265,False
fb2b9197a.jpg,0.3684647381305694,False
fb2b9197a.jpg,0.0799366980791091,False
fb385591a.jpg,0.2551861107349396,False
fb385591a.jpg,0.0911019444465637,False
fb385591a.jpg,0.0896098092198371,False
fb385591a.jpg,0.0837802141904831,False
fb5694ab5.jpg,0.421454519033432,False
fb5694ab5.jpg,0.2077103853225708,False
fb6b1796d.jpg,0.881385087966919,False
fba7b297b.jpg,0.8287525773048401,False
fbab78677.jpg,0.8998655676841736,False
fbab78677.jpg,0.1105329245328903,True
fbb212db7.jpg,0.8593825101852417,False
fbb212db7.jpg,0.5069208741188049,False
fbb212db7.jpg,0.0855127125978469,False
fbb212db7.jpg,0.0550524294376373,True
fbb6f5df0.jpg,0.93174546957016,False
fbb6f5df0.jpg,0.8805691599845886,False
fbb6f5df0.jpg,0.7904712557792664,False
fbb6f5df0.jpg,0.3817202448844909,False
fbc1c89af.jpg,0.8333259224891663,False
fbc64a8d1.jpg,0.5797497034072876,False
fbc64a8d1.jpg,0.2552095055580139,False
fbc7677e3.jpg,0.4856511652469635,False
fbc7677e3.jpg,0.0640716627240181,False
fbd56ed37.jpg,0.8485222458839417,False
fbedd4a48.jpg,0.8613592386245728,False
fbedeab76.jpg,0.4308705329895019,False
fbedeab76.jpg,0.1422636657953262,False
fc09b728c.jpg,0.8936647176742554,False
fc18fcf4a.jpg,0.7944958209991455,False
fc3b36e99.jpg,0.3694859147071838,False
fc3b36e99.jpg,0.1250089406967163,False
fc3b36e99.jpg,0.0892788097262382,False
fc46f4ec0.jpg,0.310013860464096,False
fc46f4ec0.jpg,0.1338995546102523,False
fc46f4ec0.jpg,0.1041353568434715,False
fc7edde4c.jpg,0.4316497147083282,False
fc7edde4c.jpg,0.2819602787494659,False
fc7edde4c.jpg,0.2302193194627761,False
fc7edde4c.jpg,0.1508994549512863,False
fc7edde4c.jpg,0.1091808825731277,False
fc86ffbe7.jpg,0.922420859336853,False
fcc156915.jpg,0.381553441286087,False
fcc156915.jpg,0.2243871390819549,False
fcc156915.jpg,0.1121412143111229,False
fcc156915.jpg,0.0557280108332634,False
fcd2295a1.jpg,0.8435876965522766,False
fcd2295a1.jpg,0.8333730101585388,False
fcd2295a1.jpg,0.8225901126861572,False
fcd2295a1.jpg,0.8217746019363403,False
fcd2295a1.jpg,0.7925946712493896,False
fd3011186.jpg,0.9040328860282898,False
fd31cc8d9.jpg,0.7465040683746338,False
fd475a3f7.jpg,0.2990625202655792,True
fd475a3f7.jpg,0.2483630776405334,False
fd475a3f7.jpg,0.0880984812974929,True
fd475a3f7.jpg,0.0548023954033851,True
fd5606835.jpg,0.0723368525505065,False
fd5606835.jpg,0.0645750686526298,True
fd56e5a5c.jpg,0.2640596032142639,False
fd56e5a5c.jpg,0.2063997536897659,False
fd56e5a5c.jpg,0.081653244793415,False
fd5a78090.jpg,0.3768407702445984,True
fd5a78090.jpg,0.281162679195404,True
fd5a78090.jpg,0.1316741108894348,False
fd5a78090.jpg,0.0613579824566841,True
fd69a195a.jpg,0.3137325942516327,False
fd69a195a.jpg,0.2953412532806396,False
fd69a195a.jpg,0.2695859670639038,True
fd69a195a.jpg,0.096183642745018,True
fd8993afe.jpg,0.8026614785194397,False
fd9876268.jpg,0.7978535890579224,False
fda6d2ae9.jpg,0.6448332071304321,False
fda6d2ae9.jpg,0.0575751923024654,False
fda9e0b01.jpg,0.2935541570186615,False
fda9e0b01.jpg,0.2487189322710037,False
fda9e0b01.jpg,0.1258366107940673,False
fda9e0b01.jpg,0.0780202448368072,False
fdca29d51.jpg,0.8852083683013916,False
fdca29d51.jpg,0.1670873016119003,True
fdca29d51.jpg,0.0669391751289367,True
fdf72e203.jpg,0.5932751893997192,False
fdf72e203.jpg,0.4005007743835449,True
fdf72e203.jpg,0.3121762573719024,True
fdf72e203.jpg,0.268331915140152,True
fdf72e203.jpg,0.2406482249498367,True
fdf72e203.jpg,0.2034547924995422,False
fdf72e203.jpg,0.1823653727769851,True
fdf72e203.jpg,0.1509147882461547,True
fdf72e203.jpg,0.1482217013835907,True
fdf72e203.jpg,0.1195616498589515,True
fdf72e203.jpg,0.0877690613269805,True
fdf72e203.jpg,0.0872129797935485,True
fdf72e203.jpg,0.0848065763711929,True
fdf72e203.jpg,0.0740473568439483,True
fdf72e203.jpg,0.0699810311198234,True
fdf72e203.jpg,0.0683752372860908,True
fdf72e203.jpg,0.060159720480442,False
fdf72e203.jpg,0.0594214498996734,False
fdf72e203.jpg,0.0520470701158046,True
fe2420ce9.jpg,0.3372880816459656,False
fe2420ce9.jpg,0.3142957985401153,True
fe2420ce9.jpg,0.232113242149353,False
fe2420ce9.jpg,0.1874143332242965,False
fe2420ce9.jpg,0.1394780278205871,False
fe358c0cd.jpg,0.5493806600570679,False
fe358c0cd.jpg,0.1820026040077209,False
fe3a13aae.jpg,0.916009783744812,False
fe3a13aae.jpg,0.391042947769165,False
fe3a13aae.jpg,0.0743453502655029,True
fe49e9ca2.jpg,0.3884089291095733,True
fe662680f.jpg,0.339955598115921,False
fe662680f.jpg,0.2964930832386017,False
fe662680f.jpg,0.2272915840148925,False
fe662680f.jpg,0.2139690816402435,False
fe662680f.jpg,0.1050178855657577,False
fe662680f.jpg,0.1037427261471748,False
fe662680f.jpg,0.0704738050699234,False
fe662680f.jpg,0.06404959410429,False
fe69a8f4f.jpg,0.1073217913508415,True
fe69a8f4f.jpg,0.0791715830564498,True
fe69a8f4f.jpg,0.0706694349646568,True
fe86a8ad4.jpg,0.5702086687088013,False
fe86a8ad4.jpg,0.4278092980384826,False
fe86a8ad4.jpg,0.2691550552845001,False
fe86a8ad4.jpg,0.2556565105915069,True
fe86a8ad4.jpg,0.2036769986152649,False
fe86a8ad4.jpg,0.158718854188919,False
fe86a8ad4.jpg,0.12566739320755,True
fe86a8ad4.jpg,0.106098473072052,False
fe86a8ad4.jpg,0.0723248869180679,True
fe87287d5.jpg,0.8692793250083923,False
fe930020c.jpg,0.841041624546051,False
feb30b892.jpg,0.7842519283294678,False
feb7e1083.jpg,0.7339580655097961,False
fecfeb199.jpg,0.2964320480823517,True
fecfeb199.jpg,0.2724654376506805,False
fecfeb199.jpg,0.1604093760251999,True
fecfeb199.jpg,0.0922125205397605,True
feee3f6fc.jpg,0.8807156682014465,False
fef62c4c6.jpg,0.7898738384246826,False
fef62c4c6.jpg,0.7893328666687012,False
fef62c4c6.jpg,0.3463646471500397,False
fef62c4c6.jpg,0.3421961665153503,False
fef62c4c6.jpg,0.3178382515907287,False
fef62c4c6.jpg,0.0905317366123199,False
fef62c4c6.jpg,0.0683899372816085,False
fefeb074d.jpg,0.3367053866386413,False
fefeb074d.jpg,0.2401451170444488,False
fefeb074d.jpg,0.1790713816881179,False
fefeb074d.jpg,0.0775784403085708,False
fefeb074d.jpg,0.0607834681868553,True
fefeb074d.jpg,0.0562972910702228,True
ff13f7ab0.jpg,0.4273969531059265,False
ff13f7ab0.jpg,0.3712777495384216,False
ff13f7ab0.jpg,0.2832931876182556,False
ff2ba78bb.jpg,0.4184705913066864,True
ff2ba78bb.jpg,0.2866069972515106,False
ff2ba78bb.jpg,0.1427947282791137,True
ff2ba78bb.jpg,0.1384546160697937,True
ff2ba78bb.jpg,0.1183050945401191,False
ff2ba78bb.jpg,0.0860142409801483,True
ff2ba78bb.jpg,0.0811202749609947,True
ff2ba78bb.jpg,0.0666205808520317,True
ff2ba78bb.jpg,0.0662856921553611,False
ff2ba78bb.jpg,0.0531213693320751,True
ff2d21be9.jpg,0.6225203275680542,False
ff2d21be9.jpg,0.4606722593307495,False
ff2d21be9.jpg,0.3821576535701751,False
ff2d21be9.jpg,0.3710304498672485,False
ff2d21be9.jpg,0.2611229717731476,False
ff2d21be9.jpg,0.1311189979314804,False
ff3a0b066.jpg,0.8177403807640076,False
ff3a3bbbc.jpg,0.4790354967117309,False
ff3a3bbbc.jpg,0.408901035785675,False
ff3a3bbbc.jpg,0.2894017100334167,False
ff3a3bbbc.jpg,0.1451528668403625,True
ff3a3bbbc.jpg,0.1338275671005249,False
ff3f6dae7.jpg,0.8903541564941406,False
ff3f6dae7.jpg,0.8010293245315552,False
ff3f6dae7.jpg,0.7729165554046631,False
ff3f6dae7.jpg,0.1937465220689773,True
ff3f6dae7.jpg,0.1251870989799499,False
ff3f6dae7.jpg,0.0905857905745506,True
ff3f6dae7.jpg,0.0876932293176651,True
ff3f6dae7.jpg,0.0600688494741916,True
ff62ddad4.jpg,0.7680006623268127,False
ff6df12de.jpg,0.8343318700790405,False
ff6df12de.jpg,0.7048436403274536,False
ff7caf167.jpg,0.8559110760688782,False
ff7caf167.jpg,0.8458023071289062,False
ff82168c6.jpg,0.0634832978248596,False
ff82168c6.jpg,0.0576614625751972,False
ff8ace074.jpg,0.7064887285232544,True
ff8ace074.jpg,0.6165311932563782,False
ff8ace074.jpg,0.3566400706768036,False
ff8ace074.jpg,0.3293111324310303,False
ff8ace074.jpg,0.2123074680566787,False
ff8ace074.jpg,0.1668354719877243,False
ff8ace074.jpg,0.1374722868204116,False
ff8ace074.jpg,0.0599573589861393,True
ff8ace074.jpg,0.0594163611531257,False
ff9252791.jpg,0.457600861787796,True
ff9252791.jpg,0.3755550682544708,False
ff9252791.jpg,0.2325164377689361,False
ff9252791.jpg,0.1470378339290619,True
ffa9569bf.jpg,0.088108405470848,False
ffa9569bf.jpg,0.0722531974315643,False
ffae6c2e5.jpg,0.2907980978488922,False
ffae6c2e5.jpg,0.2272434383630752,False
ffae6c2e5.jpg,0.2130522429943084,True
ffae6c2e5.jpg,0.1892933398485183,False
ffae6c2e5.jpg,0.093079462647438,False
ffb6af57c.jpg,0.4843989014625549,False
ffb6af57c.jpg,0.4520561993122101,False
ffb6af57c.jpg,0.2772772312164306,True
ffb6af57c.jpg,0.1990732550621032,False
ffb6af57c.jpg,0.0744232237339019,False
ffb6af57c.jpg,0.0651616379618644,True
ffb6af57c.jpg,0.0609347857534885,False
ffb6af57c.jpg,0.0572613477706909,True
ffc4a4a05.jpg,0.8100730776786804,False
ffc4a4a05.jpg,0.7898489832878113,False
ffc4a4a05.jpg,0.4566837847232818,True
ffc4a4a05.jpg,0.3767872750759125,False
ffc4a4a05.jpg,0.2341614216566085,False
ffc4a4a05.jpg,0.1478635519742965,True
ffc4a4a05.jpg,0.1044371351599693,False
ffd1999b4.jpg,0.2969440519809723,False
ffd1999b4.jpg,0.1145721524953842,True
ffd1999b4.jpg,0.0846220105886459,False
ffd1999b4.jpg,0.0594038590788841,True
ffd1999b4.jpg,0.0560466386377811,True
ffd5c101e.jpg,0.857891857624054,False
ffd5c101e.jpg,0.8402007818222046,False
ffe89d4cb.jpg,0.9193446636199952,False
ffe89d4cb.jpg,0.9107476472854614,False
ffe89d4cb.jpg,0.6164532899856567,False
ffec95ea3.jpg,0.6240531802177429,False
ffecdeb53.jpg,0.1802388727664947,False
ffecdeb53.jpg,0.102555826306343,False
ffecdeb53.jpg,0.0726600587368011,False
fff529a0e.jpg,0.2124604433774948,False
fff529a0e.jpg,0.1501264572143554,False
fff529a0e.jpg,0.1084519326686859,True
fff67c31a.jpg,0.1272935718297958,True
fff67c31a.jpg,0.1141745150089263,True
fff67c31a.jpg,0.1043962016701698,True
fff67c31a.jpg,0.0944312512874603,True
fff67c31a.jpg,0.0845175087451934,False
fff67c31a.jpg,0.0742486044764518,True
fff67c31a.jpg,0.0645366609096527,False
fff67c31a.jpg,0.0546200536191463,False
fff909871.jpg,0.7773551344871521,False
