image,size_px,found,conf,ctx3,cloud_frac
0002756f7.jpg,25.999872000000003,True,0.6205556988716125,ships,0.0
0002756f7.jpg,25.999872000000003,True,0.6330491900444031,ships,0.0
00113a75c.jpg,40.99968,True,0.8334069848060608,ships,0.0
00113a75c.jpg,36.999936,True,0.6212732791900635,ships,0.0
00113a75c.jpg,21.000192,True,0.3089329898357391,ships,0.0
00113a75c.jpg,32.000256,True,0.4799980521202087,ships,0.0
00113a75c.jpg,64.99968,True,0.8775528073310852,ships,0.0
00113a75c.jpg,38.999808,True,0.8413905501365662,ships,0.0
00113a75c.jpg,50.999808,True,0.5882920622825623,ships,0.0
001bcf222.jpg,22.000128,True,0.0776325389742851,coast,0.09331597222222222
0022f64e5.jpg,69.000192,True,0.7882170677185059,coast,0.0
0098456ff.jpg,155.000064,True,0.8524444103240967,ships,0.0
0098456ff.jpg,19.00032,True,0.3655527830123901,ships,0.0
0098456ff.jpg,73.999872,False,0.0,ships,0.0
0098456ff.jpg,225.000192,True,0.8908835649490356,ships,0.0
009c1116c.jpg,12.999936000000002,True,0.2716195583343506,coast,0.0
00a9adaa4.jpg,14.999808,True,0.053281083703041,ships,0.156982421875
00a9adaa4.jpg,16.999679999999998,True,0.4289209544658661,ships,0.156982421875
00a9adaa4.jpg,19.00032,True,0.7081369161605835,ships,0.156982421875
00a9adaa4.jpg,23.000064,True,0.767459511756897,ships,0.156982421875
00a9adaa4.jpg,24.999936,True,0.8142401576042175,ships,0.156982421875
00b101ed7.jpg,63.99974400000001,True,0.7875241041183472,ships,0.0
00b3e6991.jpg,31.00032,True,0.5418863892555237,coast,0.0
00c3aee3d.jpg,31.00032,True,0.4684102833271026,ships,0.0
00c3aee3d.jpg,24.999936,True,0.1627734452486038,ships,0.0
00c3aee3d.jpg,51.99974400000001,True,0.7410354614257812,ships,0.0
00c3aee3d.jpg,12.999936000000002,False,0.0,ships,0.0
00e603959.jpg,45.000192,True,0.6714776158332825,ships,0.0
00f34434e.jpg,60.0,True,0.9110007882118224,ships,0.0
00f34434e.jpg,170.999808,True,0.9034571051597596,ships,0.0
00f34434e.jpg,10.000128,False,0.0,ships,0.0
010cbbfa0.jpg,21.000192,True,0.0576580204069614,coast,0.0
010cbbfa0.jpg,20.000256,False,0.0,coast,0.0
010cbbfa0.jpg,9.000192,False,0.0,coast,0.0
010e15afe.jpg,34.000128,True,0.4327045679092407,coast,0.0
010e15afe.jpg,40.99968,True,0.5930428504943848,coast,0.0
010e15afe.jpg,62.999808,True,0.7411441206932068,coast,0.0
010e15afe.jpg,24.999936,True,0.7005243897438049,coast,0.0
010e15afe.jpg,24.999936,True,0.4229566752910614,coast,0.0
010e15afe.jpg,24.0,True,0.1349770426750183,coast,0.0
010e15afe.jpg,39.999744,True,0.7642685174942017,coast,0.0
010e15afe.jpg,33.000192,True,0.4154644310474396,coast,0.0
010e15afe.jpg,16.999679999999998,False,0.0,coast,0.0
0114cb925.jpg,11.000064,True,0.4208989441394806,ships,0.0
0114cb925.jpg,77.999616,True,0.8310228586196899,ships,0.0
01178499a.jpg,139.00032000000002,True,0.9442147612571716,ships,0.0
012635ffd.jpg,101.999616,True,0.7581741213798523,ships,0.0
014773cfa.jpg,15.999744,True,0.4128886759281158,ships,0.0
014c589c5.jpg,22.000128,True,0.3920015096664428,coast,0.0
014c589c5.jpg,12.0,True,0.2853074967861175,coast,0.0
014f2454d.jpg,8.000256,True,0.1812711507081985,ships,0.0
014f42813.jpg,84.99993599999999,True,0.8680340647697449,ships,0.0
015369fd9.jpg,74.999808,True,0.5277153849601746,ships,0.0
015369fd9.jpg,112.99967999999998,True,0.8470457196235657,ships,0.0
015369fd9.jpg,84.0,True,0.8722625970840454,ships,0.0
015369fd9.jpg,93.000192,True,0.3107722997665405,ships,0.0
015e56b00.jpg,74.999808,True,0.7769444584846497,ships,0.0
015e56b00.jpg,14.999808,False,0.0,ships,0.0
0171499be.jpg,47.000064,True,0.5879855155944824,ships,0.0
0171499be.jpg,125.999616,True,0.8244079351425171,ships,0.0
0171499be.jpg,42.000384,True,0.6929259300231934,ships,0.0
017b8be5a.jpg,25.999872000000003,True,0.4919075667858124,ships,0.0
01834cb80.jpg,139.00032000000002,True,0.8922327160835266,ships,0.0
01933be65.jpg,20.000256,True,0.4577310383319855,ships,0.0
019637cee.jpg,7.00032,False,0.0,ships,0.0
0198713b4.jpg,120.999936,True,0.8315502405166626,ships,0.0
01acf3a1a.jpg,31.00032,True,0.5839076638221741,ships,0.0
01c99b29b.jpg,32.000256,True,0.3013584017753601,ships,0.0
01cecb9b6.jpg,20.000256,True,0.173668622970581,ships,0.0
01ed38a14.jpg,4.99968,True,0.1815765500068664,ships,0.0
020aa1a39.jpg,262.000128,True,0.960831880569458,ships,0.0
020f1afe8.jpg,287.00006399999995,True,0.9690022468566896,ships,0.0
020f1afe8.jpg,60.999936,True,0.3484166860580444,ships,0.0
022ecd2ce.jpg,27.999744,True,0.2595403492450714,coast,0.0
023aec5ee.jpg,10.000128,True,0.4810691177845001,ships,0.0
02641ca93.jpg,27.999744,True,0.145148366689682,ships,0.0
02641ca93.jpg,68.000256,True,0.9018731713294984,ships,0.0
02641ca93.jpg,29.999616,True,0.5361236333847046,ships,0.0
02641ca93.jpg,20.000256,True,0.5057089328765869,ships,0.0
02641ca93.jpg,40.99968,True,0.873502254486084,ships,0.0
02641ca93.jpg,64.99968,True,0.8609248995780945,ships,0.0
02641ca93.jpg,25.999872000000003,True,0.6688038110733032,ships,0.0
02641ca93.jpg,16.999679999999998,False,0.0,ships,0.0
02641ca93.jpg,44.000256,True,0.8622729182243347,ships,0.0
02765ce9b.jpg,23.000064,True,0.1284926682710647,coast,0.0
02765ce9b.jpg,100.99967999999998,True,0.4762885868549347,coast,0.0
02765ce9b.jpg,14.999808,False,0.0,coast,0.0
02765ce9b.jpg,16.999679999999998,False,0.0,coast,0.0
02765ce9b.jpg,25.999872000000003,True,0.3702098131179809,coast,0.0
02765ce9b.jpg,34.000128,True,0.290444016456604,coast,0.0
02765ce9b.jpg,23.000064,True,0.1402738392353058,coast,0.0
02765ce9b.jpg,15.999744,False,0.0,coast,0.0
02765ce9b.jpg,62.999808,True,0.2369685769081115,coast,0.0
02765ce9b.jpg,13.999872,True,0.1591029167175293,coast,0.0
02884baad.jpg,16.999679999999998,True,0.1680459380149841,ships,0.0
02884baad.jpg,12.0,True,0.4375181496143341,ships,0.0
02ae62f2c.jpg,155.000064,True,0.8391053080558777,coast,0.0
02d35ca31.jpg,7.00032,True,0.3473569750785827,ships,0.0
02e440917.jpg,50.999808,True,0.8025802969932556,ships,0.0
02fa41846.jpg,75.999744,True,0.7606279850006104,coast,0.0
02fa41846.jpg,60.999936,True,0.8315576314926147,coast,0.0
02fb4e152.jpg,82.000128,True,0.8917136192321777,ships,0.0
02fb4e152.jpg,22.000128,True,0.5142709612846375,ships,0.0
03007ae96.jpg,57.000192,True,0.7927089929580688,coast,0.0
031101e01.jpg,96.999936,True,0.8583980202674866,ships,0.0
0318cd222.jpg,15.999744,True,0.1137159094214439,ships,0.0
0318cd222.jpg,48.0,True,0.3107210397720337,ships,0.0
03204a586.jpg,60.999936,True,0.8369609713554382,coast,0.0
03204a586.jpg,72.0,True,0.7930658459663391,coast,0.0
03204a586.jpg,136.99967999999998,True,0.8576502799987793,coast,0.0
0325c0ae2.jpg,88.99968,True,0.7722695469856262,coast,0.0
0328935b6.jpg,4.99968,False,0.0,ships,0.0
0337e7947.jpg,15.999744,True,0.4906660318374634,ships,0.0
033f61c0d.jpg,14.999808,True,0.5900354385375977,ships,0.0
033f61c0d.jpg,69.000192,True,0.8617211580276489,ships,0.0
033f61c0d.jpg,20.000256,True,0.1036029383540153,ships,0.0
033f61c0d.jpg,21.000192,True,0.5876481533050537,ships,0.0
033f61c0d.jpg,15.999744,True,0.5520042777061462,ships,0.0
0348a8d7f.jpg,76.99968,True,0.8582266569137573,ships,0.0
0354f47d7.jpg,12.999936000000002,True,0.3732010722160339,ships,0.0
0354f47d7.jpg,16.999679999999998,True,0.5743951201438904,ships,0.0
0360b2e7f.jpg,194.99980800000003,True,0.9141164422035216,ships,0.0
036d3ecb1.jpg,60.0,True,0.7635171413421631,ships,0.0
0384a0b91.jpg,13.999872,True,0.2721754610538482,ships,0.0
0390a1104.jpg,80.000256,True,0.8392699360847473,ships,0.0
0393722ec.jpg,20.000256,True,0.252221941947937,ships,0.0
03aba0a7c.jpg,210.000384,True,0.8967750668525696,coast,0.0
03aba0a7c.jpg,163.00032000000002,True,0.8906435966491699,coast,0.0
03aba0a7c.jpg,81.000192,True,0.7942394614219666,coast,0.0
03b1bb0da.jpg,19.00032,False,0.0,coast,0.0
03b1ddf8a.jpg,13.999872,True,0.5780643820762634,ships,0.0
03b1ddf8a.jpg,10.000128,False,0.0,ships,0.0
03b1ddf8a.jpg,18.000384,True,0.4866095781326294,ships,0.0
03b1ddf8a.jpg,12.0,False,0.0,ships,0.0
03e12b25c.jpg,192.0,True,0.8729039430618286,ships,0.0
03e12b25c.jpg,158.999808,True,0.888282060623169,ships,0.0
03e984e0d.jpg,181.999872,True,0.8881505131721497,coast,0.0
03eaa8a5e.jpg,189.000192,True,0.9166080355644226,ships,0.0
03ed3a56b.jpg,42.000384,True,0.736915647983551,ships,0.0
03f00631b.jpg,153.000192,True,0.8548098206520081,coast,0.007593790690104167
040d0634b.jpg,8.000256,True,0.3684671521186828,ships,0.0
040d0634b.jpg,7.00032,True,0.2843970060348511,ships,0.0
040d0634b.jpg,5.9996160000000005,False,0.0,ships,0.0
0413cfbde.jpg,183.999744,True,0.885715126991272,ships,0.0
042837669.jpg,14.999808,False,0.0,ships,0.0
042c8028f.jpg,47.000064,True,0.7887292504310608,ships,0.0
042c8028f.jpg,18.000384,True,0.0558968111872673,ships,0.0
04823f766.jpg,179.000064,True,0.9377214908599854,ships,0.0
04867fe84.jpg,36.999936,True,0.6397659778594971,ships,0.0
04a628f65.jpg,13.999872,True,0.2654648125171661,ships,0.0
04cb74d0a.jpg,11.000064,True,0.495430588722229,coast,0.0
0502d4700.jpg,192.0,True,0.8380515575408936,ships,0.0
0510a3765.jpg,10.000128,True,0.5240695476531982,ships,0.0
05201af27.jpg,139.00032000000002,True,0.9105573296546936,coast,0.0
05201af27.jpg,244.99968,True,0.9609746336936952,coast,0.0
052c068ff.jpg,214.000128,True,0.9335935711860656,ships,0.0
05320baaa.jpg,24.0,False,0.0,coast,0.2196892632378472
053b2aee5.jpg,18.000384,True,0.5594960451126099,coast,0.0
0546baefb.jpg,28.99968,True,0.6416342258453369,coast,0.0
054b37244.jpg,47.000064,True,0.5234419703483582,coast,0.0
054fadf93.jpg,14.999808,True,0.477652907371521,ships,0.0
054fadf93.jpg,5.9996160000000005,False,0.0,ships,0.0
056949650.jpg,133.99987199999998,True,0.8814557194709778,ships,0.0
056f0d58d.jpg,35.000064,True,0.6919071078300476,coast,0.0
057836607.jpg,64.99968,True,0.8524340987205505,ships,0.0
057836607.jpg,10.000128,True,0.222677856683731,ships,0.0
0580b46cf.jpg,79.00032,True,0.8192372918128967,ships,0.0
0586bf2da.jpg,21.000192,True,0.2196433395147323,coast,0.1355556911892361
058a7bd3a.jpg,168.999936,True,0.8752161264419556,ships,0.0
059aa33cd.jpg,14.999808,True,0.2781166136264801,ships,0.0
05bf3db82.jpg,25.999872000000003,True,0.3125617802143097,ships,0.0
05d407505.jpg,169.99987199999998,True,0.8900666832923889,coast,0.0
05d407505.jpg,66.000384,True,0.7604660391807556,coast,0.0
05d523c71.jpg,18.000384,True,0.0716161429882049,coast,0.0
05d523c71.jpg,29.999616,False,0.0,coast,0.0
05d523c71.jpg,39.999744,True,0.3188011050224304,coast,0.0
05d523c71.jpg,67.00032,True,0.8542414903640747,coast,0.0
05d523c71.jpg,86.999808,True,0.8610423803329468,coast,0.0
05d523c71.jpg,128.000256,True,0.8502005934715271,coast,0.0
05ef7a103.jpg,13.999872,True,0.0890167206525802,ships,0.0
05ef7a103.jpg,14.999808,True,0.5781099796295166,ships,0.0
05ef7a103.jpg,8.000256,True,0.2029111087322235,ships,0.0
05ef7a103.jpg,12.0,True,0.4385323822498321,ships,0.0
06145c246.jpg,96.0,False,0.0,ships,0.0
0618dc91e.jpg,18.000384,True,0.1843610405921936,ships,0.0
0624ddeef.jpg,35.000064,False,0.0,ships,0.0
0624ddeef.jpg,4.99968,False,0.0,ships,0.0
0638ae9ab.jpg,22.000128,True,0.2211286276578903,ships,0.0
0638ae9ab.jpg,22.000128,True,0.3139449656009674,ships,0.0
063c4aa67.jpg,16.999679999999998,True,0.0578595735132694,coast,0.0
063c4aa67.jpg,145.99987199999998,True,0.7918426394462585,coast,0.0
063c4aa67.jpg,19.00032,True,0.4684097170829773,coast,0.0
063c4aa67.jpg,70.000128,True,0.8396866917610168,coast,0.0
063c4aa67.jpg,66.000384,True,0.8534541726112366,coast,0.0
063de49ca.jpg,22.000128,True,0.5293089151382446,coast,0.0
063e5628f.jpg,93.000192,True,0.8508474826812744,coast,0.0
0657903ff.jpg,23.000064,True,0.5348381400108337,ships,0.0
0658e6598.jpg,80.000256,True,0.875329852104187,ships,0.0
0658e6598.jpg,12.999936000000002,False,0.0,ships,0.0
0658e6598.jpg,155.000064,True,0.851654589176178,ships,0.0
0658e6598.jpg,73.999872,False,0.0,ships,0.0
0658e6598.jpg,36.999936,True,0.887752890586853,ships,0.0
0658e6598.jpg,19.00032,True,0.3517619669437408,ships,0.0
0658e6598.jpg,145.99987199999998,True,0.8989390730857849,ships,0.0
068e7e7eb.jpg,20.000256,True,0.1449160724878311,ships,0.0
06b6b6570.jpg,85.999872,True,0.579336941242218,coast,0.0
06b6b6570.jpg,184.99968,True,0.8674737215042114,coast,0.0
06b6b6570.jpg,202.000128,True,0.8827800750732422,coast,0.0
06c6a0cf0.jpg,88.99968,True,0.8716804385185242,ships,0.0
06c6a0cf0.jpg,68.000256,True,0.85321444272995,ships,0.0
06c6a0cf0.jpg,91.00032,True,0.9168552756309508,ships,0.0
06dd3e135.jpg,72.99993599999999,True,0.7925500273704529,ships,0.0
06dd3e135.jpg,292.99968,True,0.9573706388473512,ships,0.0
070d37c1e.jpg,121.999872,True,0.8905834555625916,ships,0.0
0710ef74f.jpg,27.999744,True,0.5345824956893921,ships,0.0
0710ef74f.jpg,72.0,True,0.7906924486160278,ships,0.0
0710ef74f.jpg,80.000256,True,0.821111261844635,ships,0.0
07605d36c.jpg,60.0,True,0.8393163084983826,ships,0.0
07605d36c.jpg,11.000064,True,0.4221125841140747,ships,0.0
07605d36c.jpg,77.999616,True,0.8312961459159851,ships,0.0
076a91663.jpg,111.999744,True,0.832698404788971,ships,0.0
077f24a16.jpg,107.000064,False,0.0,ships,0.17263624403211805
077f24a16.jpg,110.999808,True,0.7831125855445862,ships,0.17263624403211805
077f24a16.jpg,91.00032,True,0.6990630030632019,ships,0.17263624403211805
07a03de23.jpg,35.000064,False,0.0,ships,0.0
07a03de23.jpg,4.99968,False,0.0,ships,0.0
07ae92b4f.jpg,104.000256,True,0.8193866014480591,ships,0.0
07bb53be1.jpg,51.99974400000001,True,0.7410001158714294,ships,0.0
07ec57541.jpg,23.000064,True,0.0617309361696243,coast,0.0
07f567c9d.jpg,21.000192,False,0.0,ships,0.0
07f7c9615.jpg,43.00032,True,0.2798071503639221,ships,0.007554796006944444
07f7c9615.jpg,45.000192,True,0.1966840773820877,ships,0.007554796006944444
07f7c9615.jpg,47.000064,True,0.1047322005033493,ships,0.007554796006944444
07fbf1523.jpg,131.000064,True,0.8962442874908447,ships,0.0
08008bee4.jpg,73.999872,True,0.4721410870552063,ships,0.0
08008bee4.jpg,81.000192,True,0.1715661883354187,ships,0.0
08008bee4.jpg,66.000384,True,0.5736384987831116,ships,0.0
080334c8e.jpg,18.000384,True,0.4512361288070678,coast,0.017189873589409724
080334c8e.jpg,14.999808,False,0.0,coast,0.017189873589409724
080334c8e.jpg,18.000384,True,0.4125384390354156,coast,0.017189873589409724
0804e3632.jpg,131.000064,True,0.8944238424301147,ships,0.0
0804e3632.jpg,77.999616,True,0.8441852331161499,ships,0.0
0804e3632.jpg,121.999872,True,0.899787187576294,ships,0.0
0804e3632.jpg,16.999679999999998,True,0.6704376339912415,ships,0.0
080cf3003.jpg,135.999744,True,0.920752227306366,ships,0.0
080fc5847.jpg,33.000192,True,0.2384300678968429,coast,0.0
08199c617.jpg,92.000256,True,0.7632439136505127,ships,0.0
08203d2af.jpg,177.000192,True,0.8418510556221008,ships,0.0
08218d8a0.jpg,15.999744,True,0.4302659630775451,coast,0.0
08372c55f.jpg,9.000192,True,0.2635994255542755,ships,0.0
083a42e6d.jpg,19.00032,True,0.1265551745891571,coast,0.0
083c79cf2.jpg,14.999808,True,0.563255250453949,ships,0.0
0845c0106.jpg,96.0,True,0.8839133381843567,ships,0.0
0845c0106.jpg,80.000256,True,0.8964312076568604,ships,0.0
08606a74e.jpg,74.999808,True,0.8205826282501221,ships,0.0
08606a74e.jpg,29.999616,True,0.1261137127876281,ships,0.0
08606a74e.jpg,162.000384,True,0.9167534112930298,ships,0.0
086307a36.jpg,10.000128,False,0.0,ships,0.0
0864ffd70.jpg,245.999616,True,0.939343810081482,ships,0.0
08692dd80.jpg,87.999744,True,0.8052034378051758,coast,0.0
087072320.jpg,83.00006400000001,True,0.7709789276123047,ships,0.0
0878ba05f.jpg,84.99993599999999,True,0.8678091764450073,ships,0.0
0878ca34d.jpg,10.000128,False,0.0,coast,0.7377115885416666
0878ca34d.jpg,22.000128,False,0.0,coast,0.7377115885416666
0884a8c44.jpg,58.000128,False,0.0,coast,0.0
0884ca333.jpg,15.999744,True,0.3628849685192108,ships,0.0
0884ca333.jpg,55.00032,True,0.8452310562133789,ships,0.0
089f21dd9.jpg,96.999936,True,0.0637578219175338,coast,0.0
089f21dd9.jpg,289.999872,True,0.9021770358085632,coast,0.0
089f21dd9.jpg,15.999744,True,0.0979728698730468,coast,0.0
08a878518.jpg,11.000064,True,0.3269199728965759,ships,0.0
08a878518.jpg,11.000064,True,0.356572151184082,ships,0.0
08c1142b9.jpg,39.999744,True,0.0706648379564285,ships,0.0
08d2cef6f.jpg,95.000064,True,0.8933237791061401,ships,0.0
08f71ff06.jpg,271.00032,True,0.8529734015464783,ships,0.0
0914f3874.jpg,72.99993599999999,True,0.7385469675064087,ships,0.0
0914f3874.jpg,66.000384,True,0.2052952796220779,ships,0.0
0914f3874.jpg,63.99974400000001,True,0.8312742710113525,ships,0.0
0914f3874.jpg,82.000128,True,0.8407173752784729,ships,0.0
0914f3874.jpg,27.999744,True,0.5144596099853516,ships,0.0
0914f3874.jpg,36.0,True,0.060596015304327,ships,0.0
0914f3874.jpg,31.00032,True,0.1519404351711273,ships,0.0
0914f3874.jpg,34.000128,True,0.2160768061876297,ships,0.0
0914f3874.jpg,75.999744,True,0.7396109104156494,ships,0.0
0919e159e.jpg,8.000256,False,0.0,coast,0.10314263237847222
094f143b7.jpg,16.999679999999998,True,0.5652937889099121,ships,0.0
0967e5ea0.jpg,25.999872000000003,False,0.0,coast,0.0
096f867ec.jpg,51.99974400000001,True,0.835263729095459,coast,0.0
096f867ec.jpg,192.999936,True,0.913165807723999,coast,0.0
097293761.jpg,5.9996160000000005,True,0.3962343633174896,ships,0.0
097293761.jpg,105.000192,True,0.6475784182548523,ships,0.0
097293761.jpg,127.00032000000002,True,0.6258418560028076,ships,0.0
0974c9772.jpg,7.00032,True,0.2800181210041046,ships,0.0
09c54c3a7.jpg,36.0,True,0.7034305334091187,ships,0.0
09c54c3a7.jpg,96.999936,True,0.8860047459602356,ships,0.0
09c54c3a7.jpg,160.99967999999998,True,0.8619892001152039,ships,0.0
09c54c3a7.jpg,168.0,True,0.8464357256889343,ships,0.0
09cee96fd.jpg,10.000128,False,0.0,ships,0.0
09d8bdfe6.jpg,170.999808,True,0.878656268119812,coast,0.0
09da9a17e.jpg,184.99968,True,0.8603621125221252,ships,0.0
09da9a17e.jpg,154.00012800000002,True,0.9156012535095216,ships,0.0
09e183b5a.jpg,44.000256,True,0.7557458281517029,ships,0.0
09e183b5a.jpg,43.00032,True,0.6880481243133545,ships,0.0
09f22d2e6.jpg,46.000128,True,0.5297079086303711,ships,0.0
0a09da25f.jpg,104.000256,True,0.9090151190757751,coast,0.0
0a1156125.jpg,16.999679999999998,True,0.2485115826129913,ships,0.0
0a20b9924.jpg,13.999872,False,0.0,ships,0.0
0a2c6480e.jpg,141.000192,True,0.8697793483734131,coast,0.0
0a2c6480e.jpg,72.99993599999999,True,0.8292543292045593,coast,0.0
0a430f5f4.jpg,13.999872,True,0.5590340495109558,ships,0.0
0a4864b49.jpg,28.99968,True,0.4313099682331085,ships,0.0
0a4864b49.jpg,114.000384,True,0.811104953289032,ships,0.0
0a49a473f.jpg,19.00032,True,0.4562472105026245,ships,0.0
0a49a473f.jpg,31.00032,True,0.5911702513694763,ships,0.0
0a4ad0982.jpg,13.999872,True,0.0983602628111839,coast,0.12355211046006945
0a4ad0982.jpg,11.000064,False,0.0,coast,0.12355211046006945
0a4c56694.jpg,103.00032000000002,True,0.8208977580070496,ships,0.0
0a78f9786.jpg,82.000128,True,0.8630827069282532,ships,0.0
0a7a0fa38.jpg,10.000128,False,0.0,ships,0.0
0a7b289e5.jpg,53.999616,True,0.837870180606842,ships,0.0
0a7b289e5.jpg,229.999872,True,0.938683271408081,ships,0.0
0a94e5dd1.jpg,61.999872,True,0.8286721110343933,coast,0.0
0a975dc66.jpg,120.0,True,0.8509500622749329,coast,0.0
0a9eca6d6.jpg,10.000128,True,0.0605906993150711,ships,0.0
0a9eca6d6.jpg,16.999679999999998,False,0.0,ships,0.0
0a9eca6d6.jpg,85.999872,False,0.0,ships,0.0
0a9eca6d6.jpg,11.000064,True,0.096230074763298,ships,0.0
0aa980023.jpg,164.000256,True,0.8448981642723083,ships,0.0
0ac12b127.jpg,57.000192,True,0.9089400768280028,ships,0.0
0acbf7968.jpg,5.9996160000000005,False,0.0,ships,0.0
0acd25a1b.jpg,27.999744,True,0.5690714120864868,ships,0.0
0acfb1627.jpg,20.000256,False,0.0,coast,0.0
0ad77edcb.jpg,203.000064,True,0.8880947232246399,ships,0.0
0ad7c2758.jpg,114.000384,True,0.9149999618530272,coast,0.0
0ae71fbc2.jpg,129.000192,True,0.8537956476211548,ships,0.0
0aefb4539.jpg,176.000256,True,0.8603626489639282,coast,0.0
0afa40357.jpg,66.000384,True,0.8678697943687439,ships,0.0
0b01dbc89.jpg,11.000064,True,0.5456909537315369,ships,0.0
0b15ad41b.jpg,13.999872,True,0.266095221042633,coast,0.0286407470703125
0b15ad41b.jpg,13.999872,True,0.4316089749336242,coast,0.0286407470703125
0b15ad41b.jpg,12.999936000000002,False,0.0,coast,0.0286407470703125
0b15ad41b.jpg,13.999872,True,0.4418815970420837,coast,0.0286407470703125
0b15ad41b.jpg,19.00032,True,0.0664770975708961,coast,0.0286407470703125
0b15ad41b.jpg,23.000064,True,0.2589731514453888,coast,0.0286407470703125
0b1bc8662.jpg,2.9998080000000003,False,0.0,ships,0.0
0b1bc8662.jpg,3.999744,False,0.0,ships,0.0
0b1bc8662.jpg,3.999744,False,0.0,ships,0.0
0b1bc8662.jpg,12.999936000000002,True,0.509575366973877,ships,0.0
0b2bc8131.jpg,13.999872,True,0.474748432636261,ships,0.0
0b2bc8131.jpg,7.00032,True,0.2919790148735046,ships,0.0
0b40b432c.jpg,97.999872,True,0.8718550205230713,ships,0.0
0b40b432c.jpg,27.999744,True,0.6809005737304688,ships,0.0
0b4244187.jpg,15.999744,True,0.4666770696640014,ships,0.0
0b4e11e35.jpg,34.000128,True,0.8088251352310181,ships,0.0
0b4e11e35.jpg,7.00032,False,0.0,ships,0.0
0b5ef3b0c.jpg,144.0,True,0.8541721701622009,ships,0.0
0b5effb9c.jpg,28.99968,True,0.7529775500297546,ships,0.0
0b5effb9c.jpg,81.000192,True,0.859850287437439,ships,0.0
0b6b38300.jpg,212.000256,True,0.8861361742019653,ships,0.0
0b6b38300.jpg,13.999872,False,0.0,ships,0.0
0b6b38300.jpg,58.000128,True,0.5972613096237183,ships,0.0
0b6b38300.jpg,33.000192,True,0.5458853244781494,ships,0.0
0b752a803.jpg,22.000128,True,0.4144782423973083,ships,0.0
0b752a803.jpg,73.999872,True,0.8050560355186462,ships,0.0
0b92571d6.jpg,12.999936000000002,True,0.1012943685054779,ships,0.0
0bb0453d9.jpg,27.999744,True,0.2738613486289978,ships,0.0
0bb09ef89.jpg,192.0,True,0.9198434352874756,ships,0.0
0bbc681ee.jpg,96.0,True,0.8974463939666748,ships,0.0
0bbf29b74.jpg,39.999744,True,0.7767539620399475,ships,0.0
0bd2bd3f0.jpg,263.00006399999995,True,0.9592427015304564,ships,0.0
0bde4207e.jpg,19.00032,True,0.0656065866351127,ships,0.0
0bfb71a47.jpg,134.999808,True,0.3499881029129028,ships,0.0
0c0861189.jpg,27.999744,True,0.6453137993812561,ships,0.0
0c299ccaf.jpg,12.0,True,0.2347858697175979,ships,0.0
0c64825df.jpg,11.000064,True,0.1508957296609878,ships,0.0
0c64ce5c9.jpg,19.00032,False,0.0,ships,0.0
0c64ce5c9.jpg,206.99980800000003,True,0.8205873966217041,ships,0.0
0c669f94c.jpg,61.999872,True,0.8195729851722717,ships,0.0
0c6b7bca1.jpg,288.0,True,0.8813046813011169,ships,0.054901123046875
0c748082f.jpg,26.999808,True,0.0908501148223877,ships,0.0
0c83c2cd8.jpg,121.999872,True,0.868820309638977,ships,0.0
0c8bf76ab.jpg,11.000064,True,0.5928827524185181,ships,0.0
0ca6d4877.jpg,23.000064,True,0.0871903672814369,coast,0.0
0cb7d1e84.jpg,75.999744,True,0.8457416892051697,ships,0.0
0cb8234c9.jpg,31.00032,True,0.6741066575050354,ships,0.0
0cbf8d68c.jpg,26.999808,True,0.7131792306900024,ships,0.0
0cbf8d68c.jpg,59.000064,True,0.7654600143432617,ships,0.0
0cdcd25e1.jpg,43.00032,True,0.6789405345916748,ships,0.0
0cefc8948.jpg,26.999808,True,0.6677881479263306,ships,0.0
0cefc8948.jpg,67.00032,True,0.8516184687614441,ships,0.0
0cf84269c.jpg,123.999744,True,0.9169730544090272,ships,0.0
0cf84269c.jpg,23.000064,True,0.3536675274372101,ships,0.0
0cf8a35ea.jpg,214.000128,True,0.8991231918334961,ships,0.0
0d062f06b.jpg,26.999808,False,0.0,ships,0.0
0d0697409.jpg,82.000128,True,0.8347276449203491,ships,0.0
0d0697409.jpg,10.000128,True,0.2084141373634338,ships,0.0
0d0f80e85.jpg,158.999808,True,0.8270276188850403,ships,0.0
0d1e9e8ad.jpg,18.000384,True,0.6495804786682129,ships,0.0
0d2255fcd.jpg,31.00032,True,0.1620861887931823,ships,0.0
0d291df5e.jpg,101.999616,True,0.9079170823097228,coast,0.0
0d2f9770f.jpg,92.000256,True,0.8663977980613708,ships,0.0
0d34fb0bc.jpg,44.000256,True,0.1373809576034546,ships,0.0
0d34fb0bc.jpg,109.999872,True,0.7758125066757202,ships,0.0
0d3516189.jpg,124.99967999999998,True,0.8473551869392395,ships,0.0
0d37760fb.jpg,60.0,True,0.8525141477584839,ships,0.0
0d38420ac.jpg,7.00032,False,0.0,ships,0.027818467881944444
0d3f105ab.jpg,155.000064,True,0.8557604551315308,ships,0.0
0d7416980.jpg,15.999744,True,0.3811735510826111,ships,0.0
0d7416980.jpg,15.999744,True,0.2029507309198379,ships,0.0
0d7416980.jpg,239.000064,True,0.8929445743560791,ships,0.0
0d7c1d566.jpg,38.999808,True,0.1811788529157638,coast,0.0
0d7c1d566.jpg,51.99974400000001,True,0.4954006969928741,coast,0.0
0d7c1d566.jpg,59.000064,True,0.8367869257926941,coast,0.0
0dadcb924.jpg,14.999808,False,0.0,coast,0.011050754123263888
0db77441f.jpg,8.000256,True,0.6036718487739563,ships,0.0
0dbb00adb.jpg,11.000064,True,0.4707996845245361,ships,0.0
0dcaad2e8.jpg,92.000256,True,0.8916128873825073,ships,0.0
0dd92e511.jpg,338.99980800000003,True,0.9038533568382264,ships,0.0
0ddc8badf.jpg,66.000384,True,0.7365168333053589,coast,0.0
0de34ade8.jpg,8.000256,True,0.3578913807868957,ships,0.0
0dec35751.jpg,108.0,True,0.9025886058807372,ships,0.0
0dec35751.jpg,72.99993599999999,True,0.7596023082733154,ships,0.0
0e0827831.jpg,229.999872,True,0.8971188068389893,ships,0.0
0e2a3ff67.jpg,13.999872,True,0.265310525894165,ships,0.0
0e2dd8e76.jpg,140.000256,True,0.9231117367744446,ships,0.0
0e3c1baba.jpg,160.99967999999998,True,0.856600284576416,ships,0.0
0e4298511.jpg,36.0,True,0.674010694026947,ships,0.0
0e4a5ae51.jpg,13.999872,False,0.0,coast,0.004247029622395833
0e4aa6703.jpg,254.99980800000003,True,0.8831720948219299,ships,0.0
0e6445a14.jpg,32.000256,True,0.3129762411117553,coast,0.0
0e67d3434.jpg,20.000256,True,0.5008041858673096,ships,0.0
0e68c6286.jpg,24.999936,True,0.7201281189918518,ships,0.0
0e68c6286.jpg,64.99968,True,0.7893665432929993,ships,0.0
0e6990305.jpg,24.999936,False,0.0,ships,0.0
0e699dde0.jpg,24.0,True,0.6377015709877014,ships,0.0
0e6a7fe30.jpg,18.000384,True,0.5224051475524902,ships,0.0
0e6a7fe30.jpg,19.00032,True,0.5491570830345154,ships,0.0
0e6a7fe30.jpg,42.000384,True,0.675253689289093,ships,0.0
0e6a7fe30.jpg,61.999872,True,0.6003128290176392,ships,0.0
0e6a7fe30.jpg,45.000192,True,0.1576094478368759,ships,0.0
0e7975fc6.jpg,26.999808,True,0.0787282139062881,ships,0.0
0e7975fc6.jpg,11.000064,True,0.3405939936637878,ships,0.0
0e81ee44b.jpg,59.000064,True,0.7922274470329285,ships,0.0
0e81ee44b.jpg,73.999872,True,0.790861964225769,ships,0.0
0e845b123.jpg,38.999808,True,0.138848528265953,coast,0.0
0e99e0e40.jpg,14.999808,True,0.0513087064027786,ships,0.0
0ebbee9f9.jpg,11.000064,False,0.0,coast,0.0
0ebbee9f9.jpg,84.0,True,0.8640903234481812,coast,0.0
0ebbee9f9.jpg,82.000128,True,0.8592649698257446,coast,0.0
0ebbee9f9.jpg,12.0,False,0.0,coast,0.0
0ec205f2b.jpg,20.000256,True,0.6706839203834534,ships,0.0
0ec6df41c.jpg,22.000128,True,0.369909256696701,ships,0.0
0ed86b44b.jpg,16.999679999999998,True,0.5709197521209717,ships,0.0
0ed86b44b.jpg,10.000128,True,0.2870385944843292,ships,0.0
0edd66a67.jpg,33.000192,True,0.181243821978569,ships,0.0
0ee8a4ea8.jpg,12.999936000000002,True,0.3571588397026062,ships,0.0
0eecb8a16.jpg,84.0,True,0.878812849521637,ships,0.0
0efbf3431.jpg,12.999936000000002,False,0.0,coast,0.0
0efbf3431.jpg,15.999744,True,0.1080468744039535,coast,0.0
0efbf3431.jpg,37.999872,False,0.0,coast,0.0
0efbf3431.jpg,11.000064,False,0.0,coast,0.0
0efbf3431.jpg,5.9996160000000005,True,0.1415700912475586,coast,0.0
0efbf3431.jpg,9.000192,True,0.3308153450489044,coast,0.0
0efbf3431.jpg,9.000192,False,0.0,coast,0.0
0efbf3431.jpg,13.999872,False,0.0,coast,0.0
0efbf3431.jpg,36.999936,True,0.547493040561676,coast,0.0
0f34bea30.jpg,143.000064,True,0.8534224629402161,ships,0.0
0f5b253f0.jpg,9.000192,False,0.0,coast,0.0
0f6f01e69.jpg,32.000256,True,0.6245431303977966,coast,0.1693878173828125
0f6f01e69.jpg,44.000256,True,0.7423476576805115,coast,0.1693878173828125
0f6f01e69.jpg,34.000128,False,0.0,coast,0.1693878173828125
0f7a3efdf.jpg,61.999872,True,0.1239203289151191,coast,0.025868733723958332
0f7aba2e0.jpg,10.000128,False,0.0,coast,0.050650702582465276
0f7aba2e0.jpg,18.000384,True,0.1957350224256515,coast,0.050650702582465276
0f7aba2e0.jpg,14.999808,True,0.2374435514211654,coast,0.050650702582465276
0f7aba2e0.jpg,13.999872,False,0.0,coast,0.050650702582465276
0f7cb7b56.jpg,276.0,True,0.8401246666908264,ships,0.0
0f81bc382.jpg,61.999872,True,0.7204661965370178,coast,0.0
0f8b47d44.jpg,21.000192,True,0.3592611849308014,coast,0.0
0fa4ddf64.jpg,31.00032,True,0.4895397424697876,coast,0.0
0fa4ddf64.jpg,29.999616,False,0.0,coast,0.0
0fa4ddf64.jpg,23.000064,True,0.1527045518159866,coast,0.0
0fa4ddf64.jpg,28.99968,True,0.3004718720912933,coast,0.0
0fa4ddf64.jpg,33.000192,True,0.4986560940742492,coast,0.0
0fa4ddf64.jpg,24.999936,True,0.1504319310188293,coast,0.0
0fa4ddf64.jpg,20.000256,True,0.3221963047981262,coast,0.0
0fa4ddf64.jpg,21.000192,False,0.0,coast,0.0
0ff239dd3.jpg,16.999679999999998,True,0.4255586266517639,ships,0.0
100383c25.jpg,32.000256,True,0.5444571375846863,ships,0.0
101bf6dad.jpg,85.999872,True,0.8911781907081604,ships,0.0
10306ca2a.jpg,84.0,True,0.8249926567077637,ships,0.0
104f9a4c8.jpg,12.999936000000002,True,0.3903042674064636,ships,0.0
105dc5604.jpg,24.999936,True,0.5552785396575928,ships,0.0
105dc5604.jpg,12.999936000000002,True,0.7181822657585144,ships,0.0
107dc1bc4.jpg,9.000192,False,0.0,ships,0.0
107dc1bc4.jpg,14.999808,True,0.1232431903481483,ships,0.0
107dc1bc4.jpg,21.000192,True,0.1200901344418525,ships,0.0
1093ebba2.jpg,19.00032,False,0.0,coast,0.21530659993489584
1097748b8.jpg,61.999872,True,0.7177518010139465,coast,0.0
10a5cb97d.jpg,29.999616,True,0.6355270743370056,ships,0.0
10a5cb97d.jpg,94.000128,True,0.7990521192550659,ships,0.0
10c100962.jpg,36.999936,True,0.7905328273773193,ships,0.0
10c100962.jpg,36.999936,True,0.7845706343650818,ships,0.0
10c100962.jpg,12.0,False,0.0,ships,0.0
10c786126.jpg,18.000384,False,0.0,ships,0.0
10c786126.jpg,74.999808,True,0.8355764746665955,ships,0.0
10c786126.jpg,24.0,True,0.6427328586578369,ships,0.0
10c786126.jpg,93.000192,True,0.8834581971168518,ships,0.0
10c786126.jpg,21.000192,True,0.1636040657758712,ships,0.0
10c786126.jpg,67.00032,True,0.8661370277404785,ships,0.0
10c9d2e4a.jpg,27.999744,True,0.7225520610809326,ships,0.0
10c9d2e4a.jpg,63.99974400000001,True,0.7413432002067566,ships,0.0
10cfc8ca8.jpg,23.000064,True,0.4877395927906036,ships,0.0
10cfc8ca8.jpg,20.000256,True,0.3699647188186645,ships,0.0
10defd098.jpg,145.99987199999998,True,0.9433565735816956,ships,0.0
10defd098.jpg,176.000256,True,0.9247708320617676,ships,0.0
10e334e8d.jpg,5.9996160000000005,False,0.0,coast,0.5952538384331597
10e334e8d.jpg,3.999744,False,0.0,coast,0.5952538384331597
10f8ab308.jpg,183.999744,True,0.8771193623542786,ships,0.0
1106253f8.jpg,132.0,True,0.8061185479164124,ships,0.0
1117dbd46.jpg,12.999936000000002,True,0.6315516829490662,ships,0.0
111c59e0d.jpg,8.000256,True,0.1878301501274109,ships,0.0
11374fdd1.jpg,9.000192,False,0.0,coast,0.0
11374fdd1.jpg,91.00032,True,0.8414909839630127,coast,0.0
113b5371f.jpg,10.000128,True,0.2940761744976043,ships,0.0
115f9bef0.jpg,16.999679999999998,True,0.4315864145755768,ships,0.0
1169a2c66.jpg,13.999872,True,0.1944563090801239,ships,0.0
116dc2a67.jpg,272.00025600000004,True,0.7702963948249817,ships,0.0
116dc2a67.jpg,84.99993599999999,True,0.7103018760681152,ships,0.0
1172ecf76.jpg,52.99968,True,0.7681754231452942,ships,0.0
1172ecf76.jpg,42.000384,True,0.8033218383789062,ships,0.0
1172ecf76.jpg,31.00032,True,0.1601518988609314,ships,0.0
1172ecf76.jpg,52.99968,True,0.8190209269523621,ships,0.0
11790c78f.jpg,13.999872,True,0.4439921379089355,ships,0.0
1179e005f.jpg,25.999872000000003,True,0.5694165229797363,ships,0.0
118992fba.jpg,16.999679999999998,True,0.1564329415559768,coast,0.0
118992fba.jpg,11.000064,False,0.0,coast,0.0
1195f6082.jpg,58.000128,True,0.7359760403633118,ships,0.021343655056423612
11bdd3b25.jpg,10.000128,True,0.3686398565769195,ships,0.0
11bdd3b25.jpg,21.000192,True,0.5732815861701965,ships,0.0
11ef28b6d.jpg,13.999872,True,0.3537782728672027,coast,0.0
11ef28b6d.jpg,163.00032000000002,True,0.881655216217041,coast,0.0
11ef28b6d.jpg,19.00032,True,0.3116023540496826,coast,0.0
1215892e3.jpg,95.000064,True,0.851594090461731,ships,0.0
1232d4183.jpg,25.999872000000003,True,0.7112275958061218,ships,0.0
123b7ff5f.jpg,15.999744,True,0.3668686747550964,ships,0.011252509223090278
125fb4347.jpg,159.999744,True,0.7294524312019348,coast,0.0
127ede551.jpg,8.000256,False,0.0,coast,0.0
127ede551.jpg,20.000256,True,0.6894741058349609,coast,0.0
127ede551.jpg,10.000128,True,0.5065627098083496,coast,0.0
1281987a7.jpg,107.000064,True,0.8744131326675415,ships,0.0
1286d5f8e.jpg,148.99967999999998,True,0.7972022891044617,coast,0.0
1286d5f8e.jpg,69.000192,True,0.2268426865339279,coast,0.0
1293fb3e1.jpg,27.999744,False,0.0,ships,0.0
12ac8d91f.jpg,211.00032,True,0.944294571876526,ships,0.0
12ac8d91f.jpg,68.000256,True,0.7076178789138794,ships,0.0
12c9ea516.jpg,23.000064,True,0.6354608535766602,ships,0.0
12d2ca743.jpg,190.000128,True,0.8752662539482117,coast,0.0
12d7e1a24.jpg,57.000192,True,0.2045769840478897,coast,0.009838528103298612
12d7e1a24.jpg,33.000192,True,0.6723634600639343,coast,0.009838528103298612
12d7e1a24.jpg,45.000192,True,0.785121500492096,coast,0.009838528103298612
12d7e1a24.jpg,42.000384,True,0.5219326019287109,coast,0.009838528103298612
12d7e1a24.jpg,33.000192,True,0.6543945074081421,coast,0.009838528103298612
12d7e1a24.jpg,45.000192,True,0.6986614465713501,coast,0.009838528103298612
12d7e1a24.jpg,42.000384,True,0.6201344132423401,coast,0.009838528103298612
13148ae99.jpg,75.999744,True,0.8808438181877136,ships,0.0
131ecea79.jpg,27.999744,True,0.6719689965248108,ships,0.0
13291b6f8.jpg,22.000128,True,0.5848652124404907,ships,0.0
13291b6f8.jpg,80.000256,True,0.8411861658096313,ships,0.0
13291b6f8.jpg,31.00032,True,0.6442104578018188,ships,0.0
133e519f7.jpg,74.999808,True,0.8278645873069763,coast,0.0
133e519f7.jpg,204.999936,True,0.878885805606842,coast,0.0
13466bcf9.jpg,10.000128,True,0.213112473487854,ships,0.0
134c1a225.jpg,85.999872,True,0.8317212462425232,ships,0.0
13522033c.jpg,34.000128,True,0.6797916293144226,ships,0.0
135a2a350.jpg,76.99968,True,0.8316258192062378,ships,0.0
135a2a350.jpg,24.999936,False,0.0,ships,0.0
135a2a350.jpg,24.0,False,0.0,ships,0.0
135f22189.jpg,24.999936,True,0.1372924894094467,coast,0.0
136c2dbcd.jpg,20.000256,False,0.0,coast,0.006134033203125
136c2dbcd.jpg,26.999808,True,0.3194439709186554,coast,0.006134033203125
136c2dbcd.jpg,44.000256,True,0.5384500026702881,coast,0.006134033203125
136c2dbcd.jpg,47.000064,True,0.5313119888305664,coast,0.006134033203125
136c2dbcd.jpg,38.999808,True,0.2975965142250061,coast,0.006134033203125
1373dbd93.jpg,20.000256,True,0.0578288063406944,ships,0.0
1385a619b.jpg,24.0,True,0.1921294331550598,ships,0.0
139b3ab79.jpg,24.0,False,0.0,ships,0.0
139b3ab79.jpg,24.999936,False,0.0,ships,0.0
139b3ab79.jpg,76.99968,True,0.8334878087043762,ships,0.0
13aa7315c.jpg,182.999808,True,0.9022268056869508,ships,0.0
13aa7315c.jpg,192.999936,True,0.9188634157180786,ships,0.0
13aa7315c.jpg,14.999808,True,0.6003745794296265,ships,0.0
13e5d5e5a.jpg,31.00032,True,0.051774326711893,ships,0.0
1453d4c00.jpg,47.000064,True,0.7289377450942993,ships,0.0
1453d4c00.jpg,75.999744,True,0.8721336722373962,ships,0.0
1453e0557.jpg,57.000192,True,0.7458021640777588,coast,0.0
1476c98b9.jpg,106.000128,True,0.8725681304931641,ships,0.0
147bc43db.jpg,35.000064,True,0.1711560040712356,ships,0.0
147bc43db.jpg,12.999936000000002,True,0.4764278531074524,ships,0.0
147bc43db.jpg,13.999872,True,0.1971430778503418,ships,0.0
147bc43db.jpg,11.000064,True,0.2593399882316589,ships,0.0
147bc43db.jpg,14.999808,True,0.2862507700920105,ships,0.0
14814c9cd.jpg,16.999679999999998,True,0.356548935174942,coast,0.0
14814c9cd.jpg,18.000384,False,0.0,coast,0.0
14814c9cd.jpg,20.000256,True,0.205812782049179,coast,0.0
14814c9cd.jpg,13.999872,False,0.0,coast,0.0
148559881.jpg,123.999744,True,0.9242881536483764,ships,0.0
149454555.jpg,91.00032,True,0.8531999588012695,ships,0.0
149f806bd.jpg,13.999872,True,0.1027403771877288,coast,0.7367570665147569
14a1efc07.jpg,16.999679999999998,False,0.0,ships,0.0019480387369791667
14a1efc07.jpg,12.0,True,0.1732160747051239,ships,0.0019480387369791667
14a1efc07.jpg,13.999872,True,0.1025862917304039,ships,0.0019480387369791667
14a1efc07.jpg,25.999872000000003,False,0.0,ships,0.0019480387369791667
14a1efc07.jpg,15.999744,True,0.4938988983631134,ships,0.0019480387369791667
14a1efc07.jpg,25.999872000000003,True,0.4238096177577972,ships,0.0019480387369791667
14a63d1fe.jpg,83.00006400000001,True,0.8338262438774109,ships,0.0
14a63d1fe.jpg,67.00032,True,0.7762676477432251,ships,0.0
14a63d1fe.jpg,24.0,False,0.0,ships,0.0
14a63d1fe.jpg,121.999872,True,0.9123595952987672,ships,0.0
14ac0acf1.jpg,20.000256,True,0.330486923456192,ships,0.0
14ac0acf1.jpg,12.999936000000002,True,0.2478075921535492,ships,0.0
14ac0acf1.jpg,12.0,True,0.1275381296873092,ships,0.0
14ac0acf1.jpg,13.999872,True,0.1465380638837814,ships,0.0
14ac0acf1.jpg,13.999872,False,0.0,ships,0.0
14d37f915.jpg,82.000128,False,0.0,coast,0.0791965060763889
14d37f915.jpg,15.999744,False,0.0,coast,0.0791965060763889
14d37f915.jpg,170.999808,True,0.8924588561058044,coast,0.0791965060763889
14d37f915.jpg,119.000064,True,0.2592529058456421,coast,0.0791965060763889
14ea69373.jpg,76.99968,True,0.8731814622879028,ships,0.0
14f4fb908.jpg,76.99968,True,0.8231629729270935,ships,0.0
14fb01cab.jpg,34.000128,True,0.5906431674957275,ships,0.0
14fb01cab.jpg,15.999744,True,0.2298478782176971,ships,0.0
14fb01cab.jpg,34.000128,True,0.4305321872234344,ships,0.0
14fb01cab.jpg,84.0,True,0.6462496519088745,ships,0.0
14fb01cab.jpg,14.999808,False,0.0,ships,0.0
14fb01cab.jpg,44.000256,True,0.6946966648101807,ships,0.0
1508c94ab.jpg,50.999808,True,0.8279548287391663,coast,0.0
1508c94ab.jpg,50.999808,True,0.7621998190879822,coast,0.0
1508c94ab.jpg,24.999936,True,0.5245006680488586,coast,0.0
1508c94ab.jpg,12.999936000000002,False,0.0,coast,0.0
1508c94ab.jpg,12.0,False,0.0,coast,0.0
1508c94ab.jpg,19.00032,True,0.1291951388120651,coast,0.0
1508c94ab.jpg,71.00006400000001,True,0.7116409540176392,coast,0.0
15391f0a2.jpg,83.00006400000001,True,0.8039482235908508,ships,0.0
153dc6955.jpg,127.00032000000002,True,0.8872022032737732,ships,0.0
153dc6955.jpg,112.99967999999998,True,0.9296504855155944,ships,0.0
153dc6955.jpg,47.000064,True,0.7553904056549072,ships,0.0
153dc6955.jpg,20.000256,False,0.0,ships,0.0
153dc6955.jpg,94.000128,True,0.8846525549888611,ships,0.0
153dc6955.jpg,101.999616,True,0.9083874821662904,ships,0.0
15560bcc0.jpg,76.99968,True,0.834129810333252,ships,0.0
15560bcc0.jpg,149.999616,True,0.9245028495788574,ships,0.0
15560bcc0.jpg,24.0,True,0.3609448373317718,ships,0.0
1582eecfe.jpg,14.999808,True,0.1821337789297104,coast,0.0
1583986c9.jpg,140.000256,True,0.9257827997207642,ships,0.0
1583986c9.jpg,144.0,True,0.9224610328674316,ships,0.0
1583986c9.jpg,142.00012800000002,True,0.909282088279724,ships,0.0
15acbd70e.jpg,14.999808,True,0.1266555190086364,coast,0.0
15acbd70e.jpg,21.000192,True,0.4108816087245941,coast,0.0
15acbd70e.jpg,10.000128,True,0.2855390608310699,coast,0.0
15acbd70e.jpg,12.999936000000002,False,0.0,coast,0.0
15ad76fce.jpg,24.999936,True,0.5086201429367065,ships,0.0
15b6f3223.jpg,64.99968,True,0.6876717805862427,coast,0.0
15b8b2e75.jpg,11.000064,True,0.3444631695747375,ships,0.0
15b8b2e75.jpg,28.99968,True,0.6201987266540527,ships,0.0
15bb3c734.jpg,39.999744,True,0.7235779166221619,ships,0.0
15bb3c734.jpg,74.999808,True,0.886235237121582,ships,0.0
15bb3c734.jpg,38.999808,True,0.7368675470352173,ships,0.0
15bb3c734.jpg,35.000064,True,0.5689056515693665,ships,0.0
15c1347cd.jpg,330.000384,True,0.8505804538726807,coast,0.0
15d775515.jpg,31.00032,True,0.5389667749404907,ships,0.0
15e51def6.jpg,79.00032,True,0.8801879286766052,ships,0.0
15e51def6.jpg,84.0,True,0.8474336266517639,ships,0.0
15f212f47.jpg,42.000384,True,0.7153087854385376,ships,0.0
1603a3ccb.jpg,60.0,True,0.8398091793060303,coast,0.0
160d1b5ec.jpg,84.99993599999999,True,0.8460551500320435,ships,0.0
160f8490b.jpg,14.999808,True,0.4949508905410766,ships,0.0
1622e4344.jpg,80.000256,True,0.8544229865074158,coast,0.0
1626de534.jpg,39.999744,True,0.6080721020698547,ships,0.0
1626de534.jpg,40.99968,True,0.7964573502540588,ships,0.0
1626de534.jpg,120.0,True,0.7952613234519958,ships,0.0
162af9297.jpg,128.000256,True,0.8925923705101013,coast,0.0
1635616e4.jpg,84.99993599999999,True,0.8698554635047913,coast,0.006030612521701389
1635616e4.jpg,68.000256,True,0.6148507595062256,coast,0.006030612521701389
16372685c.jpg,83.00006400000001,True,0.7106992602348328,ships,0.0
16372685c.jpg,69.000192,True,0.7453522086143494,ships,0.0
163ae7fca.jpg,132.999936,True,0.8771607875823975,coast,0.0
1645884a0.jpg,75.999744,True,0.8218016624450684,ships,0.0
164e834c9.jpg,105.000192,True,0.8996642231941223,ships,0.0
16623c042.jpg,42.000384,True,0.7369263768196106,coast,0.0
166ba286d.jpg,176.000256,True,0.8938565850257874,ships,0.0
1676c8e96.jpg,36.999936,True,0.5704336762428284,coast,0.0
1676c8e96.jpg,8.000256,True,0.1331368386745453,coast,0.0
168f1d71b.jpg,35.000064,False,0.0,coast,0.0
1696a45bc.jpg,8.000256,True,0.1444791853427887,ships,0.0
169cdc96b.jpg,32.000256,True,0.6292034387588501,ships,0.0
16a164a9c.jpg,186.000384,True,0.9178414940834044,ships,0.0
16a32fd9b.jpg,15.999744,True,0.1696104854345321,ships,0.0
16a32fd9b.jpg,5.9996160000000005,True,0.1724691838026046,ships,0.0
16b620c6d.jpg,11.000064,False,0.0,coast,0.11328803168402778
16bf0c215.jpg,201.000192,True,0.7778918147087097,ships,0.0
16c2999b1.jpg,55.00032,True,0.7437466382980347,ships,0.0
16c2999b1.jpg,24.999936,True,0.1857570111751556,ships,0.0
16cc45aca.jpg,84.99993599999999,True,0.8962698578834534,ships,0.0
16f539801.jpg,15.999744,False,0.0,ships,0.0
16ff0f0da.jpg,13.999872,True,0.6337242126464844,ships,0.0
1721f5d2f.jpg,40.99968,False,0.0,coast,0.0
17246c643.jpg,84.0,True,0.8724029660224915,ships,0.0
17246c643.jpg,46.000128,True,0.1376717835664749,ships,0.0
1726d40b1.jpg,39.999744,True,0.5895562171936035,ships,0.0
1726d40b1.jpg,53.999616,True,0.7405691146850586,ships,0.0
17281a4dd.jpg,288.99993600000005,True,0.9061982035636902,ships,0.0
173d98541.jpg,64.99968,True,0.7930460572242737,ships,0.0
173d98541.jpg,24.999936,True,0.7319037318229675,ships,0.0
1740e9502.jpg,11.000064,True,0.2698143720626831,ships,0.0
1751d5562.jpg,86.999808,True,0.79771488904953,ships,0.0
175f0bc4e.jpg,99.999744,True,0.8074982762336731,ships,0.0
175f0bc4e.jpg,52.99968,True,0.6342670321464539,ships,0.0
175f0bc4e.jpg,127.00032000000002,True,0.7966238260269165,ships,0.0
175f0bc4e.jpg,114.000384,True,0.8917070031166077,ships,0.0
175f0bc4e.jpg,106.000128,True,0.85416179895401,ships,0.0
175f0bc4e.jpg,81.000192,True,0.8427600264549255,ships,0.0
177b90121.jpg,55.00032,True,0.8453630805015564,ships,0.0
17804f4a5.jpg,14.999808,True,0.2253859639167785,ships,0.0
17804f4a5.jpg,68.000256,True,0.8091491460800171,ships,0.0
17804f4a5.jpg,14.999808,True,0.3957647085189819,ships,0.0
178bec095.jpg,28.99968,False,0.0,coast,0.0
178bec095.jpg,15.999744,True,0.2388391494750976,coast,0.0
178bec095.jpg,147.999744,True,0.5733985304832458,coast,0.0
178bec095.jpg,85.999872,True,0.8337311744689941,coast,0.0
178bec095.jpg,29.999616,True,0.3545925915241241,coast,0.0
178c34d1c.jpg,114.000384,True,0.8767222166061401,ships,0.0
17980f5e4.jpg,18.000384,True,0.067072756588459,coast,0.0
17980f5e4.jpg,16.999679999999998,True,0.193334698677063,coast,0.0
179f643cb.jpg,40.99968,True,0.660720944404602,ships,0.0
179f643cb.jpg,29.999616,True,0.6791084408760071,ships,0.0
17c234248.jpg,189.000192,True,0.9142922759056092,ships,0.0
17d0b06e1.jpg,7.00032,True,0.3437635004520416,ships,0.0
17db77366.jpg,156.999936,True,0.9311786890029908,ships,0.0
17e4b69db.jpg,11.000064,False,0.0,ships,0.0
17e831210.jpg,101.999616,True,0.2032208293676376,ships,0.0
17f2cca1d.jpg,12.0,True,0.6261717081069946,ships,0.0
17f2cca1d.jpg,8.000256,True,0.2810253500938415,ships,0.0
17f2cca1d.jpg,12.0,True,0.6515441536903381,ships,0.0
17f2cca1d.jpg,24.0,True,0.5546765923500061,ships,0.0
17f2cca1d.jpg,10.000128,True,0.1405510157346725,ships,0.0
17f5d54f5.jpg,9.000192,True,0.5055236220359802,ships,0.0
17f5d54f5.jpg,10.000128,True,0.5595018267631531,ships,0.0
17f5d54f5.jpg,13.999872,True,0.1611872613430023,ships,0.0
17f5d54f5.jpg,11.000064,True,0.6836531758308411,ships,0.0
17f6ab7cd.jpg,74.999808,True,0.8361321091651917,ships,0.0
17f6ab7cd.jpg,87.999744,True,0.9162547588348388,ships,0.0
180ff73ff.jpg,111.999744,True,0.86785489320755,coast,0.0
1818c134a.jpg,71.00006400000001,True,0.808559238910675,coast,0.0
1837bdb41.jpg,31.00032,True,0.5600679516792297,coast,0.0
1837bdb41.jpg,18.000384,True,0.5763856768608093,coast,0.0
183896083.jpg,122.999808,True,0.8637542724609375,ships,0.0
184004e89.jpg,62.999808,True,0.847525417804718,coast,0.0
1844eddf2.jpg,190.000128,True,0.8499343395233154,ships,0.0
1844eddf2.jpg,307.00032,True,0.910098671913147,ships,0.0
1844eddf2.jpg,51.99974400000001,True,0.8729007244110107,ships,0.0
1850926b8.jpg,24.0,True,0.2120976448059082,ships,0.0
1850926b8.jpg,31.00032,True,0.1947229504585266,ships,0.0
185e9982c.jpg,193.999872,True,0.8207831978797913,ships,0.0
18722fb07.jpg,71.00006400000001,True,0.7983219027519226,coast,0.0
188b06cf8.jpg,18.000384,True,0.475073754787445,ships,0.0
188b06cf8.jpg,72.0,True,0.7867840528488159,ships,0.0
18acc0aeb.jpg,83.00006400000001,True,0.7484332919120789,ships,0.0
18e50fa4d.jpg,21.000192,True,0.5397009253501892,ships,0.0
18e50fa4d.jpg,20.000256,True,0.4042724370956421,ships,0.0
18ea7b5c6.jpg,24.999936,True,0.5355837941169739,ships,0.0
18ea7b5c6.jpg,91.00032,True,0.8438556790351868,ships,0.0
18ea7b5c6.jpg,39.999744,True,0.5461105704307556,ships,0.0
18f538988.jpg,25.999872000000003,False,0.0,coast,0.0
18fb7fa98.jpg,236.000256,True,0.8375556468963623,ships,0.015311347113715278
1908aba09.jpg,4.99968,False,0.0,coast,0.0
1911d1261.jpg,109.999872,True,0.87419193983078,ships,0.0
19179714c.jpg,11.000064,True,0.2772937715053558,ships,0.0
1923f24c9.jpg,24.0,True,0.5036620497703552,ships,0.0
1928d1ad2.jpg,20.000256,True,0.1727396696805954,ships,0.0
1929aba96.jpg,84.0,True,0.8259863257408142,ships,0.0
194704730.jpg,21.000192,True,0.0883906260132789,ships,0.0
194704730.jpg,56.00025599999999,True,0.8299846053123474,ships,0.0
194704730.jpg,48.999936,True,0.7779820561408997,ships,0.0
194704730.jpg,7.00032,True,0.3241314589977264,ships,0.0
194704730.jpg,61.999872,True,0.790269136428833,ships,0.0
194ee5699.jpg,116.000256,True,0.8464692831039429,ships,0.0
195f6f0e5.jpg,80.000256,True,0.8339000940322876,ships,0.0
195f6f0e5.jpg,25.999872000000003,True,0.1953923404216766,ships,0.0
196ee962f.jpg,73.999872,True,0.7298243045806885,coast,0.0
19956a879.jpg,117.000192,True,0.8148455619812012,ships,0.0
19956a879.jpg,64.99968,True,0.8914922475814819,ships,0.0
199f91554.jpg,193.999872,True,0.8975317478179932,ships,0.0
19a6c3326.jpg,23.000064,True,0.68370121717453,ships,0.0
19a6c3326.jpg,25.999872000000003,True,0.6630396842956543,ships,0.0
19acbe356.jpg,139.00032000000002,True,0.9098556637763976,coast,0.0
19acbe356.jpg,244.99968,True,0.9613329768180848,coast,0.0
19c8196e0.jpg,107.000064,True,0.9169958233833312,ships,0.0
19d0217b0.jpg,12.999936000000002,True,0.2670912444591522,ships,0.0
19d659f8a.jpg,21.000192,True,0.2034061104059219,ships,0.0
19e27883d.jpg,141.000192,True,0.8545857071876526,ships,0.0
19e2fd98c.jpg,66.000384,True,0.7440774440765381,coast,0.0
19e954db4.jpg,16.999679999999998,True,0.1426709294319152,coast,0.0
19f577039.jpg,82.000128,True,0.8804614543914795,ships,0.021796332465277776
19f7a193d.jpg,85.999872,True,0.8787871599197388,ships,0.3915540907118056
1a0129a7c.jpg,217.999872,True,0.892686665058136,ships,0.0
1a093117c.jpg,25.999872000000003,True,0.5013797283172607,ships,0.0
1a116c81a.jpg,33.000192,True,0.0623988211154937,coast,0.0
1a116c81a.jpg,72.99993599999999,True,0.7224233746528625,coast,0.0
1a116c81a.jpg,238.000128,True,0.9126212000846864,coast,0.0
1a359dac8.jpg,15.999744,True,0.0675260573625564,ships,0.0
1a3bedc55.jpg,24.0,True,0.740605890750885,ships,0.0
1a3bedc55.jpg,73.999872,True,0.8672526478767395,ships,0.0
1a3bedc55.jpg,149.999616,True,0.9105573296546936,ships,0.0
1a3e096cc.jpg,31.00032,True,0.4924613237380981,ships,0.0
1a47330cf.jpg,99.999744,True,0.6725156903266907,ships,0.0
1a47330cf.jpg,12.999936000000002,False,0.0,ships,0.0
1a5838dc6.jpg,145.99987199999998,True,0.8788930773735046,ships,0.0
1a5838dc6.jpg,37.999872,True,0.710599422454834,ships,0.0
1a5838dc6.jpg,21.000192,True,0.645315945148468,ships,0.0
1a61e4579.jpg,90.000384,True,0.8963543772697449,ships,0.0
1a7261884.jpg,16.999679999999998,True,0.3751065135002136,ships,0.0
1a7261884.jpg,24.999936,True,0.7488241195678711,ships,0.0
1a7261884.jpg,79.00032,True,0.8104727864265442,ships,0.0
1a7261884.jpg,24.0,True,0.8258773684501648,ships,0.0
1a8d8df1c.jpg,105.000192,True,0.675831139087677,coast,0.0
1aa8eac4c.jpg,20.000256,True,0.6949479579925537,ships,0.0
1aa8eac4c.jpg,71.00006400000001,True,0.8618713617324829,ships,0.0
1aab43e74.jpg,228.999936,True,0.9424861073493958,ships,0.0
1ae955a67.jpg,81.000192,True,0.7814363241195679,coast,0.0
1af142c38.jpg,76.99968,True,0.8519300222396851,ships,0.0
1b0d32b96.jpg,25.999872000000003,True,0.6934433579444885,ships,0.0
1b3f699ee.jpg,13.999872,True,0.054131306707859,ships,0.0
1b42c0672.jpg,22.000128,True,0.0610712990164756,ships,0.0
1b42c0672.jpg,73.999872,True,0.8552575707435608,ships,0.0
1b42c0672.jpg,72.0,True,0.8530890345573425,ships,0.0
1b42c0672.jpg,19.00032,True,0.1411416977643966,ships,0.0
1b45008a3.jpg,108.999936,True,0.893081545829773,coast,0.0
1b4f0af31.jpg,9.000192,True,0.3811493515968323,ships,0.0
1b5dbf730.jpg,92.000256,True,0.8176636695861816,coast,0.0
1b5de27c9.jpg,32.000256,True,0.6850925087928772,ships,0.0
1b5de27c9.jpg,36.999936,True,0.6648915410041809,ships,0.0
1b5de27c9.jpg,114.000384,True,0.4673607051372528,ships,0.0
1b603cc1a.jpg,76.99968,True,0.8178367018699646,ships,0.0
1b7acafbc.jpg,10.000128,True,0.3495970368385315,ships,0.0
1baf4d5e3.jpg,82.000128,True,0.8641585111618042,ships,0.0
1be0cb03d.jpg,83.00006400000001,True,0.7810617685317993,ships,0.0
1be0cb03d.jpg,195.999744,True,0.9081574082374572,ships,0.0
1be2043f6.jpg,168.999936,True,0.9078458547592164,coast,0.0
1bed86771.jpg,190.000128,True,0.8754075765609741,coast,0.0
1befd25a3.jpg,87.999744,True,0.7918075323104858,coast,0.0
1befd25a3.jpg,181.999872,True,0.810772716999054,coast,0.0
1befd25a3.jpg,197.999616,True,0.8355964422225952,coast,0.0
1bfbbc7fe.jpg,110.999808,True,0.764896810054779,coast,0.0
1bfbbc7fe.jpg,21.000192,False,0.0,coast,0.0
1bfbbc7fe.jpg,98.999808,True,0.8117437958717346,coast,0.0
1bfbbc7fe.jpg,31.00032,True,0.5533146262168884,coast,0.0
1c063bba8.jpg,8.000256,True,0.1445768177509308,ships,0.0
1c4696ab5.jpg,22.000128,True,0.0742661133408546,ships,0.0
1c4696ab5.jpg,19.00032,False,0.0,ships,0.0
1c4696ab5.jpg,14.999808,True,0.1515854448080063,ships,0.0
1c56dd2a5.jpg,12.0,True,0.3808837532997131,ships,0.0
1c5e228f7.jpg,96.0,False,0.0,ships,0.0
1ca5e609a.jpg,19.00032,True,0.0511300489306449,ships,0.0
1ca5e609a.jpg,12.999936000000002,False,0.0,ships,0.0
1ca6b86e9.jpg,165.000192,True,0.8830562829971313,coast,0.0
1cca0635a.jpg,38.999808,True,0.2160306870937347,ships,0.0
1cca0635a.jpg,43.00032,True,0.7646958827972412,ships,0.0
1cddb958d.jpg,38.999808,True,0.155098021030426,ships,0.0
1cf894541.jpg,16.999679999999998,True,0.3786520361900329,ships,0.11943223741319445
1cfb2fcfa.jpg,21.000192,True,0.555993378162384,ships,0.0
1cfb2fcfa.jpg,80.000256,True,0.8841336369514465,ships,0.0
1d0fa5bb1.jpg,81.000192,True,0.8625558018684387,ships,0.0
1d1bdb67f.jpg,14.999808,False,0.0,ships,0.0
1d321bdfa.jpg,156.999936,True,0.8902590870857239,coast,0.0
1d3a33ab8.jpg,4.99968,False,0.0,coast,0.0
1d3fdbd3a.jpg,261.000192,True,0.8437781929969788,ships,0.0
1d40bac5c.jpg,28.99968,True,0.7536742091178894,ships,0.0
1d47b0040.jpg,93.000192,True,0.8455694913864136,ships,0.0
1d47d390b.jpg,9.000192,False,0.0,coast,0.0
1d47d390b.jpg,86.999808,True,0.8411890268325806,coast,0.0
1d5241461.jpg,20.000256,False,0.0,coast,0.0
1d5241461.jpg,28.99968,False,0.0,coast,0.0
1d5241461.jpg,131.000064,True,0.7794762253761292,coast,0.0
1d5241461.jpg,27.999744,True,0.3824570477008819,coast,0.0
1d5aa07c3.jpg,88.99968,True,0.8684213161468506,ships,0.0
1d6d38c25.jpg,84.99993599999999,True,0.8676326870918274,ships,0.0
1d82b4da4.jpg,22.000128,True,0.4813711047172546,ships,0.0
1d82b4da4.jpg,21.000192,True,0.4990488588809967,ships,0.0
1d9059c82.jpg,167.000064,True,0.8937543034553528,ships,0.0
1d94e25d2.jpg,73.999872,True,0.7720961570739746,ships,0.0
1d94e25d2.jpg,28.99968,True,0.5779464840888977,ships,0.0
1d94e25d2.jpg,60.999936,True,0.6131996512413025,ships,0.0
1d94e25d2.jpg,42.000384,True,0.55897057056427,ships,0.0
1d94e25d2.jpg,76.99968,True,0.7522315979003906,ships,0.0
1d9a0bc29.jpg,13.999872,True,0.1307891011238098,coast,0.0
1d9a0bc29.jpg,13.999872,False,0.0,coast,0.0
1dc5d9d58.jpg,206.99980800000003,True,0.8780629634857178,ships,0.0
1dd26e14e.jpg,92.000256,True,0.8927346467971802,ships,0.0
1df3f6784.jpg,26.999808,True,0.4754424691200256,ships,0.0
1dfce9923.jpg,13.999872,True,0.0748755112290382,coast,0.0
1dfce9923.jpg,12.0,True,0.1194659173488617,coast,0.0
1dfce9923.jpg,10.000128,True,0.476273238658905,coast,0.0
1dfce9923.jpg,8.000256,True,0.4194369316101074,coast,0.0
1dfce9923.jpg,12.0,False,0.0,coast,0.0
1e061c5a6.jpg,169.99987199999998,True,0.903753936290741,coast,0.0
1e09597fc.jpg,8.000256,False,0.0,ships,0.0
1e09597fc.jpg,40.99968,True,0.8149501085281372,ships,0.0
1e1fa8ac7.jpg,8.000256,True,0.0833073630928993,ships,0.0
1e1fa8ac7.jpg,8.000256,True,0.416924387216568,ships,0.0
1e1fd136c.jpg,9.000192,False,0.0,ships,0.4538116455078125
1e1fd136c.jpg,4.99968,False,0.0,ships,0.4538116455078125
1e2595fed.jpg,10.000128,True,0.271785706281662,ships,0.0
1e3843f36.jpg,38.999808,True,0.7316182851791382,ships,0.0
1e3843f36.jpg,18.000384,False,0.0,ships,0.0
1e3843f36.jpg,21.000192,True,0.138441652059555,ships,0.0
1e3843f36.jpg,67.00032,True,0.8655414581298828,ships,0.0
1e43ac50a.jpg,46.000128,True,0.7748576998710632,ships,0.0
1e43ac50a.jpg,43.00032,True,0.7594435811042786,ships,0.0
1e43cb918.jpg,112.99967999999998,True,0.8182783126831055,ships,0.0
1e4407baa.jpg,16.999679999999998,True,0.3734741806983948,coast,0.5645090738932291
1e53a7748.jpg,22.000128,True,0.5904280543327332,ships,0.0
1e5a70d2d.jpg,145.99987199999998,True,0.91942697763443,ships,0.0
1e7e5caba.jpg,27.999744,False,0.0,ships,0.0
1e7e5caba.jpg,37.999872,False,0.0,ships,0.0
1ec5ea69b.jpg,12.0,True,0.3174118995666504,coast,0.0
1ec5ea69b.jpg,19.00032,True,0.0520773567259311,coast,0.0
1ec5ea69b.jpg,90.000384,True,0.4005492925643921,coast,0.0
1ec5ea69b.jpg,56.00025599999999,True,0.7066154479980469,coast,0.0
1ee566913.jpg,32.000256,True,0.6266109347343445,ships,0.0
1f3dbd7bf.jpg,127.00032000000002,True,0.8592143654823303,ships,0.0
1f3dbd7bf.jpg,52.99968,True,0.7034320831298828,ships,0.0
1f6553c8d.jpg,28.99968,True,0.6722384095191956,ships,0.0
1f7515895.jpg,28.99968,True,0.550152599811554,ships,0.0
1f88c0e49.jpg,44.000256,True,0.7921119332313538,ships,0.0
1fa5c23ba.jpg,299.00006399999995,True,0.8201662302017212,ships,0.0
1fb0a6803.jpg,19.00032,True,0.5339229106903076,ships,0.0
1fb0a6803.jpg,11.000064,True,0.3378012478351593,ships,0.0
1fb0a6803.jpg,68.000256,True,0.7584403157234192,ships,0.0
1fb6143f8.jpg,10.000128,True,0.363942414522171,ships,0.0
1fd7821ce.jpg,9.000192,True,0.4319632053375244,ships,0.0
1fd7821ce.jpg,155.000064,True,0.9224234223365784,ships,0.0
1fd7821ce.jpg,8.000256,True,0.2692783176898956,ships,0.0
1fd7821ce.jpg,8.000256,True,0.4832780063152313,ships,0.0
1fd7821ce.jpg,8.000256,True,0.2743527889251709,ships,0.0
1fd7821ce.jpg,10.000128,True,0.693821132183075,ships,0.0
1fd7821ce.jpg,8.000256,True,0.2932192683219909,ships,0.0
1fd7821ce.jpg,11.000064,True,0.6588245034217834,ships,0.0
1fd7821ce.jpg,5.9996160000000005,False,0.0,ships,0.0
1fd7821ce.jpg,10.000128,True,0.5981966853141785,ships,0.0
1fedfea51.jpg,191.000064,True,0.9115434288978576,ships,0.0
1ffa69995.jpg,46.000128,True,0.8079575300216675,coast,0.0
1ffa69995.jpg,53.999616,True,0.7747578024864197,coast,0.0
1ffa69995.jpg,144.999936,True,0.8963174223899841,coast,0.0
1ffa69995.jpg,44.000256,True,0.7165803909301758,coast,0.0
1ffbd91fb.jpg,20.000256,True,0.6163740754127502,ships,0.0
1ffbd91fb.jpg,83.00006400000001,True,0.8402830362319946,ships,0.0
1ffbd91fb.jpg,12.999936000000002,True,0.54731285572052,ships,0.0
1ffbd91fb.jpg,13.999872,True,0.2060016244649887,ships,0.0
2004656f6.jpg,26.999808,True,0.2528233826160431,ships,0.0
200ec548f.jpg,13.999872,True,0.5670492649078369,ships,0.0
20131eb6a.jpg,21.000192,True,0.2384417504072189,coast,0.0
2024cdb52.jpg,7.00032,True,0.1923510581254959,ships,0.0
2027e5d0d.jpg,118.000128,True,0.8772187829017639,coast,0.0
203abde9d.jpg,109.999872,True,0.7772793769836426,ships,0.0
203abde9d.jpg,13.999872,True,0.4095149040222168,ships,0.0
203abde9d.jpg,21.000192,True,0.4272744357585907,ships,0.0
203ae5c9e.jpg,13.999872,True,0.2670841515064239,ships,0.0
20443c097.jpg,240.0,True,0.778113603591919,ships,0.0
205658f77.jpg,12.0,False,0.0,ships,0.0
205658f77.jpg,19.00032,True,0.0924696996808052,ships,0.0
205658f77.jpg,15.999744,False,0.0,ships,0.0
2067bb6dc.jpg,12.999936000000002,False,0.0,ships,0.0
2067bb6dc.jpg,12.999936000000002,False,0.0,ships,0.0
206fa123f.jpg,68.000256,False,0.0,coast,0.0
2070ea3ca.jpg,69.000192,True,0.8280596733093262,ships,0.0
2070ea3ca.jpg,39.999744,True,0.1395887583494186,ships,0.0
2070ea3ca.jpg,36.999936,True,0.2136211544275283,ships,0.0
2070ea3ca.jpg,160.99967999999998,True,0.8677998185157776,ships,0.0
2078f13e6.jpg,12.999936000000002,False,0.0,ships,0.0
2078f13e6.jpg,12.999936000000002,True,0.3588476777076721,ships,0.0
2078f13e6.jpg,70.000128,True,0.7660009264945984,ships,0.0
2078f13e6.jpg,28.99968,True,0.6020686626434326,ships,0.0
209631ac6.jpg,31.00032,True,0.4039720892906189,coast,0.0
209631ac6.jpg,47.000064,True,0.5696275234222412,coast,0.0
209631ac6.jpg,53.999616,True,0.2395737618207931,coast,0.0
209631ac6.jpg,47.000064,True,0.6735689640045166,coast,0.0
209631ac6.jpg,88.99968,True,0.8158065676689148,coast,0.0
209631ac6.jpg,38.999808,True,0.2013993859291076,coast,0.0
209631ac6.jpg,35.000064,False,0.0,coast,0.0
209631ac6.jpg,40.99968,True,0.5900853872299194,coast,0.0
209631ac6.jpg,86.999808,True,0.694632887840271,coast,0.0
209f69e03.jpg,60.999936,True,0.7511905431747437,coast,0.0
209f69e03.jpg,58.000128,True,0.8373212814331055,coast,0.0
209f69e03.jpg,69.000192,True,0.7859439849853516,coast,0.0
209f69e03.jpg,70.000128,True,0.6553232669830322,coast,0.0
20b4417aa.jpg,14.999808,True,0.5089426040649414,ships,0.0
20ba82685.jpg,135.999744,True,0.9177212119102478,coast,0.0
20d26c027.jpg,67.00032,True,0.7809285521507263,coast,0.0
20d26c027.jpg,53.999616,True,0.7056012153625488,coast,0.0
20d26c027.jpg,53.999616,True,0.7478972673416138,coast,0.0
20d26c027.jpg,192.999936,True,0.8823392391204834,coast,0.0
20d26c027.jpg,56.00025599999999,True,0.0541863106191158,coast,0.0
20d26c027.jpg,61.999872,True,0.7386479377746582,coast,0.0
20d356fc4.jpg,21.000192,True,0.4783117771148681,ships,0.0
20d79dd2f.jpg,83.00006400000001,True,0.8268803954124451,coast,0.0
20d79dd2f.jpg,84.0,True,0.8776544332504272,coast,0.0
20dbbb702.jpg,33.000192,True,0.3173651099205017,coast,0.0
20f6211e2.jpg,72.0,True,0.8210008144378662,ships,0.0
20f6211e2.jpg,23.000064,True,0.4154900312423706,ships,0.0
20fa80660.jpg,183.999744,True,0.8793022036552429,ships,0.0
2103fe959.jpg,25.999872000000003,False,0.0,coast,0.10127936469184028
210a4223e.jpg,33.000192,True,0.7457994222640991,ships,0.0
21125597b.jpg,10.000128,True,0.5307486057281494,coast,0.0
21133ac70.jpg,10.000128,True,0.6423845291137695,coast,0.0
21133ac70.jpg,10.000128,True,0.6506310105323792,coast,0.0
21133ac70.jpg,18.000384,True,0.7244002819061279,coast,0.0
21133ac70.jpg,14.999808,True,0.6379638910293579,coast,0.0
21133ac70.jpg,21.000192,True,0.7472804188728333,coast,0.0
21133ac70.jpg,10.000128,True,0.7320979237556458,coast,0.0
21133ac70.jpg,7.00032,True,0.5516645312309265,coast,0.0
213d473fa.jpg,23.000064,True,0.0998453944921493,coast,0.21131727430555555
213ed55c2.jpg,101.999616,True,0.6846043467521667,ships,0.0
213ed55c2.jpg,60.999936,True,0.6016031503677368,ships,0.0
213ed55c2.jpg,66.000384,True,0.8210415840148926,ships,0.0
213f9167f.jpg,8.000256,True,0.3121221959590912,coast,0.0
213f9167f.jpg,10.000128,True,0.0663109868764877,coast,0.0
213f9167f.jpg,9.000192,True,0.625727117061615,coast,0.0
2140931ae.jpg,37.999872,True,0.0510721057653427,ships,0.0
21436b065.jpg,36.999936,True,0.6472668647766113,ships,0.0
214d4bf28.jpg,52.99968,True,0.6201613545417786,coast,0.0
2152f7486.jpg,35.000064,True,0.0587502047419548,ships,0.0
2152f7486.jpg,20.000256,True,0.322910875082016,ships,0.0
215858266.jpg,47.000064,True,0.7354140281677246,ships,0.0
215858266.jpg,20.000256,True,0.4486326575279236,ships,0.0
218da0bdb.jpg,11.000064,True,0.1591800600290298,coast,0.0
218da0bdb.jpg,15.999744,True,0.5350184440612793,coast,0.0
21ad21ac2.jpg,88.99968,True,0.7868680357933044,coast,0.0
21ad21ac2.jpg,72.0,True,0.8486959934234619,coast,0.0
21ad21ac2.jpg,279.999744,True,0.9054681062698364,coast,0.0
21afbfaa5.jpg,24.0,True,0.6858025789260864,coast,0.0
21b5d9a4d.jpg,68.000256,True,0.6448889970779419,ships,0.0
21b5d9a4d.jpg,21.000192,True,0.4141989052295685,ships,0.0
21b5d9a4d.jpg,69.000192,True,0.6865589022636414,ships,0.0
21b5d9a4d.jpg,81.000192,True,0.8467152714729309,ships,0.0
21b5d9a4d.jpg,45.000192,True,0.642837643623352,ships,0.0
21b5d9a4d.jpg,69.000192,True,0.8247444033622742,ships,0.0
21b77f1b1.jpg,119.000064,True,0.8245032429695129,ships,0.0
21b93fa24.jpg,14.999808,True,0.2196811288595199,ships,0.0
21d7ea9bf.jpg,134.999808,True,0.8113464713096619,ships,0.0
21d7ea9bf.jpg,10.000128,True,0.234705775976181,ships,0.0
21d7ea9bf.jpg,19.00032,True,0.5278199911117554,ships,0.0
21d7ea9bf.jpg,9.000192,False,0.0,ships,0.0
21d7ea9bf.jpg,16.999679999999998,True,0.5749108195304871,ships,0.0
21d7ea9bf.jpg,8.000256,False,0.0,ships,0.0
21eb38456.jpg,13.999872,False,0.0,coast,0.06316290961371528
21eb38456.jpg,10.000128,False,0.0,coast,0.06316290961371528
21eb38456.jpg,14.999808,True,0.2372747063636779,coast,0.06316290961371528
21eb38456.jpg,18.000384,True,0.1956533640623092,coast,0.06316290961371528
21f54d20d.jpg,81.000192,True,0.8745546340942383,coast,0.0
21f54d20d.jpg,94.000128,True,0.890426754951477,coast,0.0
21fbda3ac.jpg,20.000256,True,0.0933530554175376,coast,0.0
21fbda3ac.jpg,33.000192,False,0.0,coast,0.0
21fbda3ac.jpg,63.99974400000001,True,0.7312999963760376,coast,0.0
21fbda3ac.jpg,146.999808,True,0.815831184387207,coast,0.0
21fbda3ac.jpg,60.999936,True,0.7706394791603088,coast,0.0
22086d8ba.jpg,33.000192,True,0.5941010117530823,coast,0.17044576009114584
22086d8ba.jpg,48.0,True,0.4288979768753052,coast,0.17044576009114584
22086d8ba.jpg,16.999679999999998,True,0.2109402418136596,coast,0.17044576009114584
22086d8ba.jpg,37.999872,True,0.4679039418697357,coast,0.17044576009114584
22086d8ba.jpg,16.999679999999998,False,0.0,coast,0.17044576009114584
22086d8ba.jpg,61.999872,True,0.2910949885845184,coast,0.17044576009114584
22086d8ba.jpg,38.999808,True,0.419268935918808,coast,0.17044576009114584
22086d8ba.jpg,38.999808,True,0.1480920612812042,coast,0.17044576009114584
22086d8ba.jpg,48.999936,True,0.3238179385662079,coast,0.17044576009114584
22086d8ba.jpg,61.999872,True,0.184835746884346,coast,0.17044576009114584
22086d8ba.jpg,33.000192,True,0.2694023847579956,coast,0.17044576009114584
22086d8ba.jpg,24.0,True,0.053970031440258,coast,0.17044576009114584
22086d8ba.jpg,46.000128,True,0.0584159307181835,coast,0.17044576009114584
22086d8ba.jpg,19.00032,False,0.0,coast,0.17044576009114584
222ec40d0.jpg,72.99993599999999,True,0.6516371369361877,ships,0.0
224813566.jpg,130.00012800000002,True,0.7662478089332581,coast,0.0
224add326.jpg,73.999872,True,0.8068417906761169,ships,0.0
224add326.jpg,22.000128,True,0.4130417108535766,ships,0.0
225509155.jpg,86.999808,True,0.8479347825050354,ships,0.0
22555f286.jpg,156.999936,True,0.8549162745475769,coast,0.0
227cd50b3.jpg,13.999872,False,0.0,ships,0.0
228b43b7c.jpg,13.999872,False,0.0,ships,0.0
229e2c773.jpg,19.00032,True,0.2833574712276459,coast,0.0
2317cf6dd.jpg,50.999808,True,0.7886438965797424,ships,0.0
2317cf6dd.jpg,22.000128,True,0.5275530219078064,ships,0.0
2355209cd.jpg,15.999744,True,0.5826429128646851,ships,0.0
2355209cd.jpg,14.999808,True,0.4777950644493103,ships,0.0
2355209cd.jpg,15.999744,True,0.4724700152873993,ships,0.0
2355209cd.jpg,15.999744,True,0.5223177075386047,ships,0.0
2355209cd.jpg,14.999808,True,0.5228498578071594,ships,0.0
235653b93.jpg,29.999616,True,0.6236741542816162,ships,0.0
235653b93.jpg,81.000192,True,0.7948503494262695,ships,0.0
235c208e4.jpg,9.000192,True,0.1769846975803375,ships,0.0
235c55969.jpg,24.999936,True,0.2637662291526794,ships,0.0
235c55969.jpg,184.99968,True,0.9063203930854796,ships,0.0
235c55969.jpg,34.000128,True,0.7178171873092651,ships,0.0
236dff385.jpg,36.0,True,0.6750257015228271,ships,0.0
23753972e.jpg,120.999936,True,0.8211231231689453,ships,0.0
23753972e.jpg,11.000064,False,0.0,ships,0.0
23775dd8f.jpg,39.999744,False,0.0,ships,0.0
237ae75c3.jpg,15.999744,True,0.6811506152153015,ships,0.0
23889b713.jpg,94.000128,True,0.8254007697105408,ships,0.009489271375868056
23ad7ad79.jpg,144.0,True,0.8690229058265686,ships,0.0
23ade71e0.jpg,12.0,True,0.3737914264202118,ships,0.0
23ce668dc.jpg,11.000064,False,0.0,coast,0.0
23ce668dc.jpg,9.000192,True,0.1101885885000228,coast,0.0
23ce668dc.jpg,12.0,True,0.0837349146604538,coast,0.0
23ce668dc.jpg,9.000192,False,0.0,coast,0.0
23ce668dc.jpg,12.0,False,0.0,coast,0.0
23e0646d2.jpg,163.00032000000002,True,0.896371066570282,ships,0.0
23eed698b.jpg,19.00032,True,0.201028823852539,coast,0.328887939453125
2400bea19.jpg,18.000384,True,0.5426469445228577,ships,0.0
2400bea19.jpg,114.000384,True,0.8224338293075562,ships,0.0
240edb900.jpg,19.00032,False,0.0,ships,0.0
240edb900.jpg,206.99980800000003,True,0.8205086588859558,ships,0.0
241315833.jpg,22.000128,True,0.4549658596515655,ships,0.0
2428bf494.jpg,13.999872,True,0.2745227515697479,ships,0.0
2428f2d1e.jpg,177.000192,True,0.8243345618247986,ships,0.0
242d52852.jpg,40.99968,True,0.7529805898666382,ships,0.0
242d52852.jpg,38.999808,True,0.7794137001037598,ships,0.0
24628eee8.jpg,23.000064,True,0.2712041735649109,ships,0.0
24628eee8.jpg,44.000256,True,0.501675009727478,ships,0.0
24628eee8.jpg,15.999744,True,0.6021584272384644,ships,0.0
24628eee8.jpg,24.0,True,0.4939605593681335,ships,0.0
24760ac60.jpg,62.999808,True,0.8939449787139893,ships,0.0
24760ac60.jpg,157.99987199999998,True,0.9359670281410216,ships,0.0
247750a87.jpg,68.000256,True,0.7007072567939758,ships,0.0
249d4d960.jpg,60.0,True,0.8608134984970093,ships,0.0
249d4d960.jpg,50.999808,True,0.7949694395065308,ships,0.0
249d4d960.jpg,39.999744,True,0.7788764238357544,ships,0.0
249d4d960.jpg,72.0,True,0.9062709808349608,ships,0.0
249d4d960.jpg,43.00032,True,0.8198462724685669,ships,0.0
249d4d960.jpg,74.999808,True,0.8994874358177185,ships,0.0
249d4d960.jpg,85.999872,True,0.8250529766082764,ships,0.0
249d4d960.jpg,70.000128,True,0.8364039659500122,ships,0.0
24a80e743.jpg,158.999808,True,0.849267303943634,ships,0.0
24b25ff32.jpg,23.000064,True,0.1507522016763687,ships,0.0
25010755f.jpg,18.000384,True,0.7644174098968506,ships,0.0
25112a9ec.jpg,10.000128,True,0.2196146845817566,ships,0.0
25112a9ec.jpg,64.99968,True,0.8531606197357178,ships,0.0
25127d0f6.jpg,42.000384,True,0.8813576698303223,ships,0.0
25127d0f6.jpg,33.000192,True,0.7538646459579468,ships,0.0
25127d0f6.jpg,68.000256,True,0.7898995280265808,ships,0.0
25127d0f6.jpg,39.999744,True,0.828110933303833,ships,0.0
25127d0f6.jpg,16.999679999999998,True,0.5590394139289856,ships,0.0
25127d0f6.jpg,53.999616,True,0.8831213116645813,ships,0.0
25127d0f6.jpg,53.999616,True,0.8584221005439758,ships,0.0
25127d0f6.jpg,64.99968,True,0.8824747204780579,ships,0.0
25194e577.jpg,180.999936,True,0.9226670861244202,ships,0.0
252fb3868.jpg,22.000128,True,0.17295503616333,ships,0.0
252fb3868.jpg,46.000128,True,0.6556441783905029,ships,0.0
25333a301.jpg,18.000384,True,0.4186964333057403,ships,0.0
25333a301.jpg,20.000256,True,0.4050742983818054,ships,0.0
25333a301.jpg,13.999872,False,0.0,ships,0.0
25333a301.jpg,19.00032,True,0.3664956092834472,ships,0.0
253f51944.jpg,76.99968,True,0.819084644317627,ships,0.0
2543b6098.jpg,69.000192,True,0.8175408840179443,ships,0.0
25584dc84.jpg,152.000256,True,0.7860145568847656,coast,0.10913255479600695
25584dc84.jpg,107.000064,True,0.4182508587837219,coast,0.10913255479600695
25584dc84.jpg,24.999936,True,0.1472356617450714,coast,0.10913255479600695
25646f16e.jpg,85.999872,True,0.8680061101913452,ships,0.0
2565c26d9.jpg,14.999808,True,0.092596024274826,ships,0.0
2565c26d9.jpg,82.000128,True,0.0715534165501594,ships,0.0
2587025dc.jpg,146.999808,True,0.8907834887504578,ships,0.0
259021213.jpg,13.999872,True,0.1167226657271385,ships,0.0
259c985dd.jpg,171.999744,True,0.8466104865074158,ships,0.0
25ec1c12b.jpg,15.999744,True,0.3670059442520141,ships,0.0
26097bc5c.jpg,133.99987199999998,True,0.8819757699966431,ships,0.0
262429314.jpg,84.99993599999999,True,0.8294278979301453,coast,0.0
2627d789a.jpg,74.999808,True,0.8717241287231445,coast,0.0
2658f9202.jpg,36.999936,True,0.7922901511192322,ships,0.0
2658f9202.jpg,12.0,False,0.0,ships,0.0
2659080c5.jpg,40.99968,True,0.8755064606666565,ships,0.0
2659080c5.jpg,63.99974400000001,True,0.8318618535995483,ships,0.0
2659080c5.jpg,36.0,True,0.0741059631109237,ships,0.0
2659080c5.jpg,27.999744,True,0.5252513289451599,ships,0.0
2659080c5.jpg,56.00025599999999,True,0.8579598665237427,ships,0.0
2659080c5.jpg,31.00032,True,0.1635537594556808,ships,0.0
2659080c5.jpg,82.000128,True,0.8645065426826477,ships,0.0
2659080c5.jpg,34.000128,True,0.2216931730508804,ships,0.0
2659080c5.jpg,72.99993599999999,True,0.7442898154258728,ships,0.0
2659080c5.jpg,25.999872000000003,True,0.6357808113098145,ships,0.0
2659080c5.jpg,68.000256,True,0.9147350788116456,ships,0.0
2659080c5.jpg,66.000384,True,0.2180508524179458,ships,0.0
2659080c5.jpg,64.99968,True,0.8626097440719604,ships,0.0
2659080c5.jpg,20.000256,True,0.4929267168045044,ships,0.0
2670216ac.jpg,153.000192,True,0.8152501583099365,ships,0.0
267c0a26e.jpg,10.000128,False,0.0,coast,0.0655364990234375
267c0a26e.jpg,7.00032,False,0.0,coast,0.0655364990234375
267c0a26e.jpg,11.000064,False,0.0,coast,0.0655364990234375
267c0a26e.jpg,9.000192,True,0.2297945618629455,coast,0.0655364990234375
26959c163.jpg,81.000192,True,0.3342016339302063,ships,0.0
26959c163.jpg,59.000064,True,0.7923445701599121,ships,0.0
26ac0de33.jpg,61.999872,True,0.8341964483261108,coast,0.0
26affe090.jpg,124.99967999999998,True,0.847221851348877,ships,0.0
26c05da1d.jpg,72.0,True,0.7869736552238464,ships,0.0
26c05da1d.jpg,18.000384,True,0.4852524697780609,ships,0.0
26fa39178.jpg,19.00032,True,0.6172968149185181,coast,0.0
26fb78845.jpg,141.000192,True,0.869617223739624,coast,0.0
26fb78845.jpg,73.999872,True,0.8876230716705322,coast,0.0
271581fae.jpg,7.00032,False,0.0,ships,0.0
27284d1f9.jpg,23.000064,True,0.0829312056303024,ships,0.0
27284d1f9.jpg,46.000128,True,0.7563151717185974,ships,0.0
27284d1f9.jpg,18.000384,True,0.3448169529438019,ships,0.0
274288a4a.jpg,79.00032,True,0.8918910622596741,coast,0.0
2750a60d1.jpg,73.999872,True,0.8260287642478943,ships,0.0
27614fff3.jpg,21.000192,True,0.5523175001144409,ships,0.0
276f787c6.jpg,116.000256,True,0.9401076436042786,ships,0.0
276f787c6.jpg,111.999744,True,0.8984828591346741,ships,0.0
276f787c6.jpg,138.000384,True,0.9131909012794496,ships,0.0
276f787c6.jpg,60.0,True,0.8930459022521973,ships,0.0
27714ff59.jpg,57.000192,True,0.8609582185745239,ships,0.0
2778c6377.jpg,238.000128,True,0.9598839282989502,ships,0.0
2778c6377.jpg,239.000064,True,0.9650545120239258,ships,0.0
277c74f86.jpg,244.99968,True,0.8888047933578491,ships,0.0
279132cd2.jpg,16.999679999999998,True,0.3831731379032135,ships,0.0
2793c8f64.jpg,20.000256,True,0.7415375113487244,ships,0.0
2793f45b4.jpg,12.999936000000002,True,0.1626240313053131,ships,0.0
2793f45b4.jpg,12.0,True,0.1070130541920661,ships,0.0
2796ad5b4.jpg,63.99974400000001,True,0.8338886499404907,ships,0.0
27aa19327.jpg,83.00006400000001,True,0.7633216381072998,ships,0.0
27befafef.jpg,36.0,True,0.053816732019186,ships,0.0
27bfd9e9b.jpg,162.000384,True,0.903495192527771,ships,0.0
27d6b33c2.jpg,51.99974400000001,True,0.5017387866973877,ships,0.0
27d6b33c2.jpg,40.99968,True,0.0723944082856178,ships,0.0
27d6b33c2.jpg,62.999808,True,0.5314385294914246,ships,0.0
27d6b33c2.jpg,82.000128,True,0.716185450553894,ships,0.0
27d6b33c2.jpg,117.000192,True,0.6793683767318726,ships,0.0
27d6b33c2.jpg,99.999744,True,0.5968247056007385,ships,0.0
27d6b33c2.jpg,98.999808,True,0.8611973524093628,ships,0.0
27f4a02be.jpg,74.999808,True,0.7807546854019165,ships,0.0
27f4a02be.jpg,14.999808,False,0.0,ships,0.0
281235167.jpg,18.000384,True,0.256529301404953,ships,0.0
281703513.jpg,156.0,True,0.8784210085868835,coast,0.0
281769dda.jpg,104.000256,True,0.8910213708877563,ships,0.0
2822a6b62.jpg,25.999872000000003,True,0.1512877643108368,coast,0.0
283984a02.jpg,170.999808,True,0.8962725400924683,coast,0.022535536024305556
2858a342a.jpg,8.000256,True,0.0860938504338264,ships,0.0
2858a342a.jpg,67.00032,True,0.752602219581604,ships,0.0
286d840a9.jpg,19.00032,True,0.2049860507249832,ships,0.0
287acf1d7.jpg,42.000384,True,0.7099816799163818,ships,0.0
288ab3de3.jpg,44.000256,True,0.830938458442688,ships,0.0
28cb15835.jpg,156.999936,True,0.9345230460166932,ships,0.0
28cbd698b.jpg,24.999936,True,0.0735380351543426,ships,0.0
28cd31c22.jpg,51.99974400000001,True,0.8324083685874939,ships,0.0
28cd6b67a.jpg,79.00032,True,0.8611201643943787,ships,0.0
28d0879eb.jpg,12.0,True,0.4400723576545715,ships,0.0
28d0e41f0.jpg,26.999808,True,0.4488508701324463,ships,0.0
28d73ba1c.jpg,21.000192,True,0.4504456520080566,coast,0.0
28eb167fe.jpg,16.999679999999998,True,0.5229235887527466,ships,0.0
28eb167fe.jpg,35.000064,True,0.759311854839325,ships,0.0
28eb167fe.jpg,14.999808,True,0.6227293610572815,ships,0.0
28eb167fe.jpg,12.999936000000002,True,0.3216492235660553,ships,0.0
28eb167fe.jpg,21.000192,True,0.1263722330331802,ships,0.0
28eb167fe.jpg,21.000192,True,0.0777175650000572,ships,0.0
28eb167fe.jpg,14.999808,True,0.5334421992301941,ships,0.0
28eb167fe.jpg,36.999936,True,0.7435588240623474,ships,0.0
292521cea.jpg,12.999936000000002,True,0.4449140131473541,ships,0.0
292870b3f.jpg,7.00032,True,0.4048159718513489,ships,0.0
292870b3f.jpg,10.000128,True,0.1111658364534378,ships,0.0
292a2f22b.jpg,63.99974400000001,True,0.1176429912447929,coast,0.0045928955078125
292a2f22b.jpg,120.999936,True,0.8063598871231079,coast,0.0045928955078125
292a2f22b.jpg,104.000256,True,0.6273173689842224,coast,0.0045928955078125
292a2f22b.jpg,55.00032,True,0.6468903422355652,coast,0.0045928955078125
292a2f22b.jpg,95.000064,True,0.8798821568489075,coast,0.0045928955078125
292a2f22b.jpg,84.0,True,0.5109527707099915,coast,0.0045928955078125
292a2f22b.jpg,32.000256,True,0.5967960953712463,coast,0.0045928955078125
292a2f22b.jpg,34.000128,True,0.390376329421997,coast,0.0045928955078125
2942e10c4.jpg,8.000256,True,0.3673996925354004,ships,0.0
294cd1974.jpg,73.999872,True,0.8513251543045044,ships,0.0
294cd1974.jpg,72.0,True,0.853005588054657,ships,0.0
294cd1974.jpg,22.000128,True,0.0715731978416442,ships,0.0
2959ab9c2.jpg,84.0,True,0.8417295813560486,ships,0.0
295e54f3f.jpg,13.999872,True,0.2466669380664825,ships,0.0
295e54f3f.jpg,14.999808,False,0.0,ships,0.0
296aed836.jpg,37.999872,True,0.6536435484886169,ships,0.0
296aed836.jpg,73.999872,True,0.7647522687911987,ships,0.0
296e91d16.jpg,11.000064,True,0.1146934852004051,ships,0.0
29794b4a5.jpg,24.999936,True,0.2203071266412735,ships,0.0
29794b4a5.jpg,24.0,True,0.5018455982208252,ships,0.0
29794b4a5.jpg,7.00032,True,0.2805220186710357,ships,0.0
298554c67.jpg,25.999872000000003,True,0.3028758466243744,coast,0.0027177598741319445
298554c67.jpg,24.999936,True,0.308974027633667,coast,0.0027177598741319445
298554c67.jpg,92.000256,True,0.6039074063301086,coast,0.0027177598741319445
29aa209e4.jpg,46.000128,True,0.7493069171905518,ships,0.0
29aa209e4.jpg,36.999936,True,0.7230204343795776,ships,0.0
29aa209e4.jpg,68.000256,True,0.7845550179481506,ships,0.0
29aa209e4.jpg,48.0,True,0.5202542543411255,ships,0.0
29aa209e4.jpg,44.000256,True,0.6648521423339844,ships,0.0
29aa209e4.jpg,45.000192,True,0.0890163332223892,ships,0.0
29aa209e4.jpg,55.00032,True,0.6679190397262573,ships,0.0
29aa209e4.jpg,23.000064,True,0.1943632662296295,ships,0.0
29aa209e4.jpg,60.999936,True,0.6753963232040405,ships,0.0
29c203ca6.jpg,39.999744,True,0.8218483924865723,ships,0.0
29c203ca6.jpg,38.999808,True,0.7550155520439148,ships,0.0
29ca9fba4.jpg,18.000384,True,0.3829593360424042,ships,0.0
29cd1ce18.jpg,147.999744,True,0.8330715894699097,ships,0.0
29ecb4a7c.jpg,35.000064,False,0.0,ships,0.0
29fcfd98e.jpg,13.999872,True,0.2777384519577026,ships,0.0
29fdae2dd.jpg,16.999679999999998,True,0.208209827542305,ships,0.0
2a0f1a5cd.jpg,212.000256,True,0.872649610042572,coast,0.0
2a1aff1cf.jpg,21.000192,True,0.4969789385795593,ships,0.0
2a3673f99.jpg,90.000384,True,0.8344631791114807,ships,0.0
2a4bca9a7.jpg,117.000192,True,0.9188137650489808,ships,0.0
2a4bca9a7.jpg,79.00032,True,0.8407611846923828,ships,0.0
2a4bca9a7.jpg,32.000256,True,0.6734379529953003,ships,0.0
2a668a742.jpg,26.999808,True,0.1439708769321441,ships,0.0
2a668a742.jpg,85.999872,True,0.8676581382751465,ships,0.0
2a7bf5bfa.jpg,181.999872,False,0.0,ships,0.0
2a7bf5bfa.jpg,5.9996160000000005,False,0.0,ships,0.0
2a8942c29.jpg,162.000384,True,0.8911036252975464,ships,0.0
2a8942c29.jpg,147.999744,True,0.9220194816589355,ships,0.0
2ac35b494.jpg,196.99968,True,0.8069853782653809,ships,0.0
2ac81c05d.jpg,88.99968,True,0.8664767146110535,ships,0.0
2ac81c05d.jpg,45.000192,True,0.7503487467765808,ships,0.0
2ac81c05d.jpg,84.99993599999999,True,0.8947300910949707,ships,0.0
2aea51424.jpg,51.99974400000001,True,0.8017619848251343,coast,0.0
2aea51424.jpg,43.00032,True,0.8412403464317322,coast,0.0
2aea51424.jpg,46.000128,True,0.856900691986084,coast,0.0
2aea51424.jpg,46.000128,True,0.7893136739730835,coast,0.0
2aea51424.jpg,43.00032,True,0.8510058522224426,coast,0.0
2b0054d79.jpg,24.999936,True,0.1412686854600906,ships,0.0
2b0054d79.jpg,16.999679999999998,True,0.2652839124202728,ships,0.0
2b1e12567.jpg,95.000064,True,0.8127058148384094,ships,0.0
2b2a75acc.jpg,59.000064,True,0.7748621702194214,ships,0.0
2b2a75acc.jpg,43.00032,True,0.2997899055480957,ships,0.0
2b40dac8f.jpg,59.000064,True,0.7928651571273804,ships,0.0
2b40dac8f.jpg,81.000192,True,0.8250417709350586,ships,0.0
2b5db6f9f.jpg,190.000128,True,0.8762199878692627,ships,0.0
2b722474e.jpg,80.000256,True,0.8369372487068176,ships,0.0
2b7349ec0.jpg,12.999936000000002,True,0.3162834644317627,ships,0.0
2b788b466.jpg,24.999936,True,0.2920570969581604,ships,0.0
2b81cf769.jpg,16.999679999999998,True,0.3747149109840393,coast,0.7084282769097222
2ba373b72.jpg,18.000384,True,0.4624370336532593,ships,0.0
2ba46f8ff.jpg,23.000064,True,0.373955637216568,ships,0.0
2bb4838e1.jpg,35.000064,True,0.2255328595638275,ships,0.0
2bc159c55.jpg,47.000064,True,0.8109688758850098,ships,0.0
2bcb022a0.jpg,43.00032,True,0.6143989562988281,coast,0.0
2bcb022a0.jpg,24.999936,True,0.2612447738647461,coast,0.0
2bcb022a0.jpg,45.000192,True,0.734785258769989,coast,0.0
2bcb022a0.jpg,40.99968,True,0.8303805589675903,coast,0.0
2bcb022a0.jpg,50.999808,True,0.6465214490890503,coast,0.0
2bcb022a0.jpg,63.99974400000001,True,0.4224681258201599,coast,0.0
2bcb022a0.jpg,22.000128,True,0.4915889203548431,coast,0.0
2bcb022a0.jpg,40.99968,False,0.0,coast,0.0
2bcb022a0.jpg,60.999936,True,0.0950648561120033,coast,0.0
2bcb022a0.jpg,77.999616,True,0.6306569576263428,coast,0.0
2bd6788e9.jpg,15.999744,True,0.3156745731830597,ships,0.0
2bf239a5b.jpg,13.999872,False,0.0,ships,0.0
2bfa0be83.jpg,12.0,True,0.6586025953292847,ships,0.0
2c10b281c.jpg,38.999808,True,0.092718094587326,ships,0.0
2c1e9cdd3.jpg,165.000192,True,0.8047212958335876,ships,0.048424614800347224
2c68a25b5.jpg,120.999936,True,0.8845964670181274,ships,0.0
2c725cb0c.jpg,177.000192,True,0.7522584795951843,ships,0.0
2c786192a.jpg,166.00012800000002,True,0.8651604056358337,ships,0.0
2c9f24c2a.jpg,42.000384,True,0.7843727469444275,ships,0.0
2c9f24c2a.jpg,21.000192,True,0.5658271312713623,ships,0.0
2c9f24c2a.jpg,90.000384,True,0.8607971668243408,ships,0.0
2caec60a4.jpg,138.000384,True,0.6348568797111511,ships,0.0
2cc65e215.jpg,45.000192,True,0.0935213267803192,ships,0.0
2cc65e215.jpg,23.000064,True,0.1910023689270019,ships,0.0
2cc65e215.jpg,55.00032,True,0.6724510192871094,ships,0.0
2cca5203a.jpg,25.999872000000003,True,0.0690012276172638,ships,0.0
2cd9a46b1.jpg,86.999808,True,0.8579251766204834,coast,0.0
2ce8cd818.jpg,59.000064,True,0.7938030362129211,ships,0.0
2cee0b7fc.jpg,15.999744,True,0.1561543941497802,ships,0.0
2cee0b7fc.jpg,194.99980800000003,True,0.9046687483787536,ships,0.0
2cee0b7fc.jpg,131.000064,True,0.8671736121177673,ships,0.0
2cef1836f.jpg,133.99987199999998,True,0.9340468049049376,ships,0.0
2cf06799f.jpg,16.999679999999998,True,0.6951529383659363,ships,0.0
2cf06799f.jpg,12.999936000000002,True,0.5707414150238037,ships,0.0
2cf06799f.jpg,19.00032,False,0.0,ships,0.0
2cf06799f.jpg,9.000192,True,0.1605379283428192,ships,0.0
2cf06799f.jpg,16.999679999999998,True,0.7184281349182129,ships,0.0
2cf6a8330.jpg,87.999744,True,0.8514721393585205,coast,0.0
2d0320a13.jpg,12.0,True,0.2741402983665466,ships,0.0
2d0320a13.jpg,12.0,True,0.4396399855613708,ships,0.0
2d0320a13.jpg,12.0,True,0.0588241629302501,ships,0.0
2d66f6ea0.jpg,164.000256,True,0.8509072661399841,ships,0.0
2d66f6ea0.jpg,96.999936,True,0.8840480446815491,ships,0.0
2d732b2c2.jpg,104.000256,True,0.9089019894599916,coast,0.0
2d7540351.jpg,107.000064,True,0.9165024161338806,ships,0.0
2d762d92d.jpg,72.99993599999999,True,0.862596333026886,ships,0.0
2d891aca8.jpg,85.999872,True,0.8026134371757507,ships,0.0
2da2ed7ce.jpg,183.999744,True,0.8221661448478699,ships,0.0
2daaa0e5f.jpg,295.00032,True,0.9767069816589355,ships,0.0
2de1f9bf0.jpg,79.00032,True,0.8123685121536255,ships,0.0
2de4d34dc.jpg,138.000384,True,0.9242213368415833,ships,0.0
2e1d8beed.jpg,8.000256,True,0.4053926169872284,ships,0.0
2e1d8beed.jpg,10.000128,True,0.7128974795341492,ships,0.0
2e339981f.jpg,169.99987199999998,True,0.9358145594596864,ships,0.0
2e3a5d90f.jpg,11.000064,True,0.4729246497154236,ships,0.0
2e3a5d90f.jpg,4.99968,True,0.2050191611051559,ships,0.0
2e3a5d90f.jpg,5.9996160000000005,False,0.0,ships,0.0
2e3a5d90f.jpg,10.000128,True,0.4439269006252289,ships,0.0
2e3a5d90f.jpg,21.000192,True,0.3899210095405578,ships,0.0
2e443e16b.jpg,42.000384,True,0.8026637434959412,ships,0.0
2e7940360.jpg,94.000128,True,0.0509541407227516,coast,0.0
2e804f988.jpg,55.00032,True,0.8373191952705383,ships,0.0
2e8453982.jpg,182.999808,True,0.8806902170181274,ships,0.0
2e8545c74.jpg,42.000384,True,0.7478972673416138,ships,0.0
2e8ab5e46.jpg,98.999808,True,0.846988320350647,coast,0.0
2e8ab5e46.jpg,21.000192,False,0.0,coast,0.0
2e8ab5e46.jpg,31.00032,True,0.5618808269500732,coast,0.0
2e8ebd3d8.jpg,12.0,True,0.3255097568035126,ships,0.0
2e948d489.jpg,12.999936000000002,False,0.0,ships,0.0
2e948d489.jpg,24.0,True,0.1200859770178794,ships,0.0
2e948d489.jpg,13.999872,False,0.0,ships,0.0
2e948d489.jpg,12.999936000000002,False,0.0,ships,0.0
2e948d489.jpg,11.000064,True,0.3361427187919616,ships,0.0
2e948d489.jpg,12.999936000000002,False,0.0,ships,0.0
2e948d489.jpg,15.999744,False,0.0,ships,0.0
2e948d489.jpg,13.999872,False,0.0,ships,0.0
2ea416a8f.jpg,73.999872,True,0.8091243505477905,ships,0.0
2ea416a8f.jpg,66.000384,True,0.7432304620742798,ships,0.0
2ebde71c1.jpg,67.00032,True,0.8360484838485718,ships,0.0
2ebde71c1.jpg,4.99968,False,0.0,ships,0.0
2ee6eee21.jpg,108.999936,True,0.8793975114822388,ships,0.0
2eee5b48f.jpg,14.999808,True,0.5423485040664673,coast,0.0
2eee5b48f.jpg,12.0,True,0.312816858291626,coast,0.0
2f19e0b50.jpg,45.000192,True,0.7003359198570251,ships,0.0
2f37dc1f9.jpg,24.0,True,0.5827878713607788,ships,0.0
2f50f1b31.jpg,157.99987199999998,True,0.8044111728668213,ships,0.0
2f50f1b31.jpg,18.000384,True,0.0856866687536239,ships,0.0
2f50f1b31.jpg,77.999616,True,0.8558593392372131,ships,0.0
2f50f1b31.jpg,12.999936000000002,True,0.1613415330648422,ships,0.0
2f5cb64eb.jpg,74.999808,True,0.8422054648399353,coast,0.0
2f6449e53.jpg,176.000256,True,0.8450512290000916,coast,0.0
2f6f8d443.jpg,9.000192,False,0.0,ships,0.0
2f7682a03.jpg,43.00032,True,0.8681687116622925,ships,0.05436367458767361
2faf5a01f.jpg,10.000128,True,0.2290356904268264,ships,0.0
2ff0d9fa0.jpg,202.000128,True,0.8719403743743896,ships,0.0
2ff0d9fa0.jpg,149.999616,True,0.6004905104637146,ships,0.0
301e92aa0.jpg,285.000192,True,0.8266000747680664,ships,0.0
302ed981d.jpg,88.99968,True,0.8351881504058838,ships,0.0
30484cd3b.jpg,175.00032000000002,True,0.9256445169448853,ships,0.0
30484cd3b.jpg,133.99987199999998,True,0.8721274733543396,ships,0.0
305c600f2.jpg,15.999744,True,0.2200653553009033,coast,0.0
305c600f2.jpg,12.0,True,0.4926128685474396,coast,0.0
305c600f2.jpg,19.00032,True,0.1957153528928756,coast,0.0
305cd8864.jpg,100.99967999999998,True,0.8627040386199951,coast,0.0
3062b6786.jpg,74.999808,True,0.7906200885772705,ships,0.0
3062b6786.jpg,74.999808,True,0.8518162369728088,ships,0.0
3087ddd59.jpg,57.000192,True,0.784557044506073,coast,0.0
3087ddd59.jpg,14.999808,True,0.3168784379959106,coast,0.0
3092a2cd0.jpg,217.999872,True,0.8398340940475464,ships,0.0
30970217c.jpg,19.00032,True,0.6384168863296509,ships,0.0
30b59ece8.jpg,9.000192,True,0.6484415531158447,ships,0.0
30b59ece8.jpg,13.999872,True,0.6432217955589294,ships,0.0
30b5e7713.jpg,229.999872,True,0.6658650040626526,coast,0.006137424045138889
30c4213b6.jpg,241.999872,True,0.8476528525352478,coast,0.0
30e0ec084.jpg,93.000192,True,0.8497623801231384,coast,0.0
310a28e3f.jpg,38.999808,True,0.5469000339508057,ships,0.0
310bc1656.jpg,24.999936,True,0.5479399561882019,ships,0.0
311423f79.jpg,87.999744,True,0.7685996890068054,coast,0.0
311423f79.jpg,52.99968,True,0.6218389272689819,coast,0.0
312381d01.jpg,28.99968,True,0.5962269902229309,ships,0.0
313b581e9.jpg,83.00006400000001,True,0.5507091879844666,coast,0.0
313b581e9.jpg,98.999808,True,0.7220632433891296,coast,0.0
314036ea0.jpg,40.99968,True,0.7591509222984314,ships,0.0
3143e72f0.jpg,87.999744,True,0.769065797328949,coast,0.0
3147eef20.jpg,9.000192,True,0.3621821403503418,coast,0.0
3153d4286.jpg,26.999808,True,0.4506764411926269,ships,0.0
3153e53de.jpg,58.000128,True,0.7438209652900696,ships,0.0
3153e53de.jpg,212.000256,True,0.8774741291999817,ships,0.0
3153e53de.jpg,13.999872,False,0.0,ships,0.0
3153e53de.jpg,60.999936,True,0.8082451820373535,ships,0.0
3153e53de.jpg,33.000192,True,0.5592623949050903,ships,0.0
3170415a0.jpg,18.000384,True,0.2936441600322723,ships,0.005349053276909722
3170415a0.jpg,48.999936,True,0.8413049578666687,ships,0.005349053276909722
3170415a0.jpg,24.999936,True,0.1240348815917968,ships,0.005349053276909722
3170415a0.jpg,22.000128,True,0.5902001261711121,ships,0.005349053276909722
3170415a0.jpg,28.99968,True,0.054044771939516,ships,0.005349053276909722
3170415a0.jpg,23.000064,True,0.6992157101631165,ships,0.005349053276909722
317216526.jpg,7.00032,False,0.0,coast,0.1187286376953125
317216526.jpg,8.000256,False,0.0,coast,0.1187286376953125
317216526.jpg,7.00032,False,0.0,coast,0.1187286376953125
31744dbbe.jpg,84.99993599999999,True,0.8947994709014893,ships,0.007127549913194444
31744dbbe.jpg,45.000192,True,0.7536901831626892,ships,0.007127549913194444
3187bddf0.jpg,114.000384,True,0.8692213296890259,coast,0.0
31aa7693b.jpg,109.999872,True,0.7758654952049255,ships,0.0
31aa7693b.jpg,44.000256,True,0.1358840465545654,ships,0.0
31ab675db.jpg,13.999872,True,0.3539716899394989,ships,0.0
31ab675db.jpg,16.999679999999998,True,0.5711860060691833,ships,0.0
31c86313a.jpg,90.000384,True,0.871849775314331,ships,0.0
31dce9e4f.jpg,178.00012800000002,True,0.9197730422019958,coast,0.0
31dce9e4f.jpg,39.999744,True,0.1907931417226791,coast,0.0
31ff299f2.jpg,61.999872,True,0.2344366908073425,ships,0.0
31ff299f2.jpg,88.99968,True,0.8607168197631836,ships,0.0
3220a767d.jpg,49.999872,True,0.8709211349487305,ships,0.0
3220a767d.jpg,29.999616,True,0.4350394308567047,ships,0.0
3220a767d.jpg,47.000064,True,0.7482959032058716,ships,0.0
3220a767d.jpg,86.999808,True,0.8775550127029419,ships,0.0
3220a767d.jpg,82.000128,True,0.5898383259773254,ships,0.0
3224933c1.jpg,24.999936,True,0.1516287475824356,coast,0.7532365587022569
3253c25ee.jpg,168.999936,True,0.7825610637664795,ships,0.0
3253c25ee.jpg,88.99968,True,0.8677929043769836,ships,0.0
3253c25ee.jpg,27.999744,True,0.5134946703910828,ships,0.0
3253c25ee.jpg,52.99968,True,0.5710075497627258,ships,0.0
325503718.jpg,139.00032000000002,True,0.8588445782661438,ships,0.0
326c55611.jpg,12.999936000000002,False,0.0,ships,0.0
326c55611.jpg,12.999936000000002,False,0.0,ships,0.0
3277867b4.jpg,36.999936,True,0.7537974119186401,ships,0.0
3277867b4.jpg,76.99968,True,0.8542991876602173,ships,0.0
329575712.jpg,104.000256,True,0.9069784879684448,coast,0.0
329b13dbc.jpg,29.999616,True,0.683845043182373,ships,0.0
329def919.jpg,8.000256,True,0.5448874831199646,ships,0.0
32ae0c592.jpg,87.999744,True,0.8242865800857544,ships,0.0
32ae0c592.jpg,108.0,True,0.8148635029792786,ships,0.0
32ae0c592.jpg,80.000256,True,0.7318705916404724,ships,0.0
32b395327.jpg,31.00032,True,0.1703901439905166,ships,0.0
32b62bf76.jpg,18.000384,True,0.6805548071861267,ships,0.0
32ccf0d88.jpg,14.999808,True,0.3339605927467346,ships,0.0
32d95107e.jpg,55.00032,True,0.7872499823570251,ships,0.0
32f5686a7.jpg,23.000064,False,0.0,coast,0.5879567464192709
3311e56a6.jpg,12.0,True,0.5662422180175781,ships,0.0
3311e56a6.jpg,57.000192,True,0.7770541310310364,ships,0.0
3311e56a6.jpg,50.999808,True,0.3038514256477356,ships,0.0
3311e56a6.jpg,53.999616,True,0.5516213774681091,ships,0.0
3311e56a6.jpg,67.00032,True,0.7368388772010803,ships,0.0
332556767.jpg,24.0,False,0.0,coast,0.0
335f53314.jpg,72.0,True,0.5757381319999695,ships,0.0
335f53314.jpg,48.999936,True,0.4146629273891449,ships,0.0
335f53314.jpg,72.0,True,0.7651302218437195,ships,0.0
335f53314.jpg,109.999872,True,0.6534931659698486,ships,0.0
336d03a6d.jpg,28.99968,True,0.1559543907642364,coast,0.0
336d03a6d.jpg,16.999679999999998,True,0.1169057190418243,coast,0.0
336d03a6d.jpg,87.999744,True,0.8066800236701965,coast,0.0
3398b4f45.jpg,18.000384,False,0.0,ships,0.0
33ac4a732.jpg,46.000128,True,0.6282833218574524,ships,0.0
33bf5dcb6.jpg,74.999808,True,0.8016462326049805,coast,0.0
33e3232b2.jpg,85.999872,True,0.8830944895744324,ships,0.0
33e6b0058.jpg,19.00032,True,0.413187712430954,ships,0.0
341dfd438.jpg,48.0,True,0.7710515260696411,ships,0.0
341dfd438.jpg,45.000192,True,0.8108552098274231,ships,0.0
341dfd438.jpg,44.000256,True,0.7844524383544922,ships,0.0
3438ddd99.jpg,104.000256,True,0.8603577613830566,ships,0.0
34400982a.jpg,158.999808,True,0.8925139307975769,ships,0.0
3440823c3.jpg,204.0,True,0.8892735242843628,ships,0.0
3453cf632.jpg,8.000256,True,0.0503990054130554,ships,0.05800035264756945
3453cf632.jpg,10.000128,False,0.0,ships,0.05800035264756945
34549828e.jpg,24.0,True,0.5840839743614197,ships,0.0
348400ef5.jpg,36.999936,True,0.5080744028091431,ships,0.0
3486e398b.jpg,40.99968,True,0.8308350443840027,coast,0.0
34923be6c.jpg,31.00032,True,0.5812220573425293,ships,0.0
349b6cd8b.jpg,38.999808,False,0.0,coast,0.0
349e6e3ef.jpg,12.0,True,0.5787649154663086,ships,0.0
34a49faed.jpg,7.00032,False,0.0,coast,0.0
34ad8b175.jpg,22.000128,True,0.4322850108146667,ships,0.0
34ce5bd83.jpg,16.999679999999998,False,0.0,ships,0.0
34ce5bd83.jpg,76.99968,True,0.766476035118103,ships,0.0
34ce5bd83.jpg,35.000064,True,0.6307610869407654,ships,0.0
34ce5bd83.jpg,84.0,True,0.8829090595245361,ships,0.0
34ce5bd83.jpg,71.00006400000001,True,0.8649774193763733,ships,0.0
34ce5bd83.jpg,91.00032,True,0.8008729219436646,ships,0.0
34fa551f4.jpg,97.999872,True,0.8296559453010559,ships,0.0
3506e1464.jpg,47.000064,True,0.1948165148496627,ships,0.0
3506e1464.jpg,42.000384,True,0.7863272428512573,ships,0.0
3506e1464.jpg,53.999616,True,0.7710577845573425,ships,0.0
3506e1464.jpg,40.99968,True,0.7597654461860657,ships,0.0
3506e1464.jpg,43.00032,True,0.771994411945343,ships,0.0
3506e1464.jpg,12.0,False,0.0,ships,0.0
3506e1464.jpg,40.99968,True,0.8143885135650635,ships,0.0
3506e1464.jpg,44.000256,True,0.8506059050559998,ships,0.0
3506e1464.jpg,44.000256,True,0.8050916194915771,ships,0.0
3506e1464.jpg,19.00032,True,0.4261233508586883,ships,0.0
350ced10c.jpg,11.000064,True,0.4492800831794739,ships,0.0
350ced10c.jpg,19.00032,True,0.5125488042831421,ships,0.0
350ced10c.jpg,14.999808,True,0.5173556208610535,ships,0.0
3522d78c7.jpg,96.0,True,0.7104150652885437,coast,0.0
3527527f7.jpg,170.999808,True,0.9028124213218688,ships,0.0
3527527f7.jpg,175.00032000000002,True,0.9030819535255432,ships,0.0
3527527f7.jpg,12.0,True,0.3409839272499084,ships,0.0
3534bcb0b.jpg,49.999872,True,0.7006576061248779,ships,0.0
354cd2d58.jpg,285.000192,True,0.9015196561813354,ships,0.0
357e14a4e.jpg,38.999808,True,0.4719862639904022,ships,0.0
357e14a4e.jpg,20.000256,True,0.3772924840450287,ships,0.0
357e14a4e.jpg,23.000064,True,0.367450475692749,ships,0.0
357e14a4e.jpg,33.000192,True,0.7749684453010559,ships,0.0
357e14a4e.jpg,71.00006400000001,True,0.7630459070205688,ships,0.0
357e14a4e.jpg,49.999872,True,0.8310289978981018,ships,0.0
357e14a4e.jpg,38.999808,True,0.8634876608848572,ships,0.0
357e14a4e.jpg,26.999808,True,0.0895755439996719,ships,0.0
357e14a4e.jpg,66.000384,True,0.7820294499397278,ships,0.0
357e14a4e.jpg,19.00032,False,0.0,ships,0.0
357e14a4e.jpg,66.000384,True,0.797402560710907,ships,0.0
357e14a4e.jpg,31.00032,True,0.7180344462394714,ships,0.0
357e14a4e.jpg,44.000256,True,0.6796053647994995,ships,0.0
35874dcc9.jpg,86.999808,True,0.806812047958374,coast,0.0
358d83d37.jpg,117.000192,True,0.8197827339172363,ships,0.0
358d83d37.jpg,24.0,True,0.3816007077693939,ships,0.0
359675a23.jpg,93.000192,True,0.8515558838844299,coast,0.0
35a075c81.jpg,97.999872,True,0.794979453086853,ships,0.020863850911458332
35a629fb2.jpg,33.000192,True,0.4623796343803406,coast,0.0
35a629fb2.jpg,24.999936,True,0.1220180764794349,coast,0.0
35a629fb2.jpg,29.999616,False,0.0,coast,0.0
35a629fb2.jpg,20.000256,True,0.1008132025599479,coast,0.0
35a629fb2.jpg,31.00032,True,0.4417449831962585,coast,0.0
35a629fb2.jpg,25.999872000000003,True,0.1161029860377311,coast,0.0
35a629fb2.jpg,23.000064,True,0.1437216401100158,coast,0.0
35a629fb2.jpg,28.99968,True,0.2197481542825698,coast,0.0
35a629fb2.jpg,32.000256,True,0.1850989907979965,coast,0.0
35bbc3d7b.jpg,24.999936,True,0.3341793417930603,coast,0.0
35cf4b6e1.jpg,391.00032,True,0.934344470500946,coast,0.0
360bb8772.jpg,79.00032,True,0.8865396976470947,ships,0.0
3612dbf3d.jpg,15.999744,True,0.525805652141571,coast,0.0
3612dbf3d.jpg,12.999936000000002,False,0.0,coast,0.0
3612dbf3d.jpg,12.999936000000002,True,0.0641796067357063,coast,0.0
3612dbf3d.jpg,16.999679999999998,False,0.0,coast,0.0
3612dbf3d.jpg,13.999872,False,0.0,coast,0.0
3612dbf3d.jpg,14.999808,True,0.5451326966285706,coast,0.0
3612dbf3d.jpg,16.999679999999998,False,0.0,coast,0.0
3612dbf3d.jpg,18.000384,False,0.0,coast,0.0
3612dbf3d.jpg,18.000384,True,0.2836033999919891,coast,0.0
3612dbf3d.jpg,12.0,True,0.09245465695858,coast,0.0
3612dbf3d.jpg,15.999744,False,0.0,coast,0.0
3612dbf3d.jpg,18.000384,True,0.1493419706821441,coast,0.0
3614a1e31.jpg,148.99967999999998,True,0.9226441979408264,ships,0.0
3617720aa.jpg,14.999808,True,0.1877774894237518,ships,0.0
3618853e6.jpg,27.999744,False,0.0,coast,0.0
363999258.jpg,10.000128,False,0.0,ships,0.0
363999258.jpg,8.000256,False,0.0,ships,0.0
363999258.jpg,8.000256,False,0.0,ships,0.0
365c7b32c.jpg,19.00032,True,0.2476266473531723,ships,0.030977037217881944
3679c695e.jpg,7.00032,False,0.0,coast,0.0
368295ebd.jpg,21.000192,True,0.0956832244992256,ships,0.0
36838c969.jpg,21.000192,True,0.2038260549306869,ships,0.0
36952dd67.jpg,10.000128,True,0.1129530593752861,ships,0.0
36a678205.jpg,82.000128,True,0.8588114976882935,ships,0.0
36ad17902.jpg,36.0,False,0.0,coast,0.0
36bffb553.jpg,12.0,True,0.2274755388498306,ships,0.0
36c817765.jpg,12.0,True,0.657738983631134,ships,0.0
36d14adfc.jpg,159.999744,True,0.7452817559242249,coast,0.0
36d226661.jpg,21.000192,True,0.1115660220384597,ships,0.0
36d226661.jpg,15.999744,True,0.4173076450824737,ships,0.0
36f7c9675.jpg,60.999936,True,0.3443730473518371,ships,0.0
36f7c9675.jpg,287.00006399999995,True,0.9675938487052916,ships,0.0
36fb375e4.jpg,157.99987199999998,True,0.8782183527946472,ships,0.0
371371749.jpg,8.000256,True,0.4543402194976806,coast,0.0
371371749.jpg,241.999872,True,0.9117225408554076,coast,0.0
372caa58e.jpg,60.999936,True,0.7815907597541809,ships,0.0
373799227.jpg,86.999808,True,0.8707181811332703,ships,0.0
373f6dcfb.jpg,18.000384,True,0.1813242137432098,coast,0.0
373f6dcfb.jpg,13.999872,False,0.0,coast,0.0
373f6dcfb.jpg,18.000384,True,0.4744430780410766,coast,0.0
373f6dcfb.jpg,12.0,True,0.0753317028284072,coast,0.0
373f6dcfb.jpg,12.999936000000002,True,0.1258299499750137,coast,0.0
373f6dcfb.jpg,16.999679999999998,True,0.056843239814043,coast,0.0
373f6dcfb.jpg,14.999808,True,0.5411933660507202,coast,0.0
373f6dcfb.jpg,18.000384,True,0.4127982854843139,coast,0.0
373f6dcfb.jpg,15.999744,True,0.0963759422302246,coast,0.0
373f6dcfb.jpg,16.999679999999998,True,0.2018467038869857,coast,0.0
373f6dcfb.jpg,12.999936000000002,True,0.2537239193916321,coast,0.0
373f6dcfb.jpg,15.999744,True,0.5212222337722778,coast,0.0
37571538d.jpg,82.000128,True,0.8295932412147522,coast,0.0031636555989583335
37589382b.jpg,276.0,True,0.9398281574249268,ships,0.0
3758a6c69.jpg,64.99968,True,0.8164868354797363,ships,0.0
376216106.jpg,22.000128,True,0.1809080839157104,ships,0.0
376aa104b.jpg,72.0,True,0.791122555732727,ships,0.0
376d86456.jpg,130.00012800000002,True,0.8558889031410217,ships,0.0
377b5694b.jpg,35.000064,False,0.0,ships,0.0
37a906df6.jpg,16.999679999999998,True,0.1688607782125473,coast,0.0
37b0ef950.jpg,77.999616,True,0.8411794900894165,ships,0.0
37c75e67a.jpg,40.99968,False,0.0,ships,0.0
37c75e67a.jpg,13.999872,True,0.4472763836383819,ships,0.0
37c75e67a.jpg,67.00032,True,0.8145653009414673,ships,0.0
37d593f07.jpg,36.0,True,0.4916220605373382,ships,0.0
37d593f07.jpg,79.00032,False,0.0,ships,0.0
37d593f07.jpg,39.999744,False,0.0,ships,0.0
37d593f07.jpg,32.000256,False,0.0,ships,0.0
37d593f07.jpg,27.999744,False,0.0,ships,0.0
37d593f07.jpg,59.000064,True,0.220281183719635,ships,0.0
37d83bf16.jpg,27.999744,True,0.5298692584037781,coast,0.0
37d83bf16.jpg,69.000192,True,0.8213489651679993,coast,0.0
37e2381d7.jpg,60.999936,True,0.8013938665390015,ships,0.0
37e91ccf0.jpg,19.00032,True,0.0859468728303909,ships,0.0
37f02b3d2.jpg,58.000128,True,0.7343662977218628,ships,0.0
37f02b3d2.jpg,20.000256,True,0.100204162299633,ships,0.0
37fca4719.jpg,216.0,True,0.8917996287345886,ships,0.0
37fd98d8e.jpg,177.000192,True,0.8146258592605591,ships,0.0
3818abe8a.jpg,9.000192,True,0.3799300193786621,coast,0.0
3818abe8a.jpg,57.000192,True,0.8032199144363403,coast,0.0
3818abe8a.jpg,61.999872,True,0.8534514904022217,coast,0.0
3818abe8a.jpg,47.000064,True,0.8014971017837524,coast,0.0
3818abe8a.jpg,60.0,False,0.0,coast,0.0
3819f925c.jpg,169.99987199999998,True,0.9232918620109558,ships,0.0
381c6060f.jpg,256.99968,True,0.8602867722511292,ships,0.0
38309afa8.jpg,240.999936,True,0.9000534415245056,coast,0.0
38314e5ea.jpg,16.999679999999998,True,0.124684028327465,coast,0.0
383a66e13.jpg,19.00032,False,0.0,ships,0.0
383a66e13.jpg,12.0,False,0.0,ships,0.0
383a66e13.jpg,12.0,True,0.1592287719249725,ships,0.0
383a66e13.jpg,12.0,False,0.0,ships,0.0
383a66e13.jpg,12.999936000000002,False,0.0,ships,0.0
383a66e13.jpg,18.000384,True,0.2609728276729584,ships,0.0
383a66e13.jpg,50.999808,True,0.786491334438324,ships,0.0
383a66e13.jpg,67.00032,True,0.7859223484992981,ships,0.0
383a66e13.jpg,12.999936000000002,False,0.0,ships,0.0
383a66e13.jpg,15.999744,False,0.0,ships,0.0
383a66e13.jpg,12.0,False,0.0,ships,0.0
383a66e13.jpg,15.999744,True,0.2024529725313186,ships,0.0
383a66e13.jpg,52.99968,True,0.6479875445365906,ships,0.0
383a66e13.jpg,24.0,False,0.0,ships,0.0
383d74eed.jpg,18.000384,True,0.1728145033121109,coast,0.0
383d74eed.jpg,20.000256,True,0.6413298845291138,coast,0.0
383d74eed.jpg,59.000064,True,0.6145193576812744,coast,0.0
383d74eed.jpg,57.000192,True,0.6609911322593689,coast,0.0
384387ae9.jpg,111.999744,True,0.867784857749939,coast,0.0
384b2f4f1.jpg,36.0,True,0.7078005075454712,coast,0.0
384c595e3.jpg,85.999872,True,0.8530155420303345,ships,0.0
3859f31cc.jpg,141.000192,True,0.8539713025093079,ships,0.0
38669c62c.jpg,14.999808,True,0.0975573435425758,coast,0.03168063693576389
3874e91b7.jpg,70.000128,True,0.794522762298584,ships,0.0
388dea368.jpg,91.00032,True,0.8752399682998657,coast,0.0
38956b250.jpg,33.000192,True,0.2715192139148712,ships,0.018829345703125
38c07f05a.jpg,164.000256,True,0.8453243374824524,ships,0.0
38c45a197.jpg,10.000128,True,0.1406478732824325,ships,0.0
38c45a197.jpg,63.99974400000001,True,0.7649697065353394,ships,0.0
38c45a197.jpg,12.0,True,0.6257673501968384,ships,0.0
38c45a197.jpg,12.0,True,0.6533100605010986,ships,0.0
38c45a197.jpg,8.000256,True,0.2852080166339874,ships,0.0
38d4bbe23.jpg,10.000128,True,0.3275984227657318,ships,0.0
390c39956.jpg,12.0,False,0.0,coast,0.0
3941352fd.jpg,12.999936000000002,True,0.2641002833843231,ships,0.0
395856098.jpg,12.999936000000002,False,0.0,coast,0.0
395856098.jpg,31.00032,False,0.0,coast,0.0
395856098.jpg,9.000192,False,0.0,coast,0.0
395856098.jpg,37.999872,True,0.3894021809101105,coast,0.0
395856098.jpg,43.00032,True,0.3423057198524475,coast,0.0
395856098.jpg,21.000192,True,0.4990343749523163,coast,0.0
395fe220d.jpg,84.99993599999999,True,0.7913610339164734,ships,0.0
396ec75fd.jpg,8.000256,False,0.0,ships,0.0
3976f920f.jpg,28.99968,True,0.4140579104423523,coast,0.0
398b3eaf9.jpg,5.9996160000000005,False,0.0,ships,0.0
399b9afeb.jpg,44.000256,True,0.6215134263038635,ships,0.0061187744140625
399b9afeb.jpg,57.000192,True,0.5847114324569702,ships,0.0061187744140625
399b9afeb.jpg,55.00032,True,0.4552107751369476,ships,0.0061187744140625
399b9afeb.jpg,46.000128,True,0.7754113674163818,ships,0.0061187744140625
399b9afeb.jpg,24.999936,True,0.586618959903717,ships,0.0061187744140625
399b9afeb.jpg,47.000064,True,0.6791200637817383,ships,0.0061187744140625
39a308133.jpg,105.000192,True,0.5804282426834106,ships,0.0
39a308133.jpg,88.99968,True,0.719860851764679,ships,0.0
39a308133.jpg,86.999808,True,0.7730188965797424,ships,0.0
39a308133.jpg,21.000192,True,0.1157331615686416,ships,0.0
39cdfb04c.jpg,217.999872,True,0.8993076682090759,coast,0.0
39d8f6b42.jpg,12.999936000000002,True,0.2012015134096145,coast,0.0
39d8f6b42.jpg,16.999679999999998,True,0.5752448439598083,coast,0.0
3a10de0e2.jpg,103.00032000000002,True,0.883816123008728,ships,0.0
3a162077a.jpg,72.0,True,0.8455016016960144,ships,0.0
3a25d66bc.jpg,9.000192,True,0.102046363055706,ships,0.0
3a25d66bc.jpg,12.999936000000002,True,0.0527427680790424,ships,0.0
3a446fb40.jpg,26.999808,True,0.2047050446271896,coast,0.0
3a446fb40.jpg,36.999936,True,0.6673805713653564,coast,0.0
3a4ce6532.jpg,20.000256,False,0.0,coast,0.0
3a4ce6532.jpg,9.000192,False,0.0,coast,0.0
3a6fee078.jpg,14.999808,True,0.337215781211853,ships,0.0
3a71ba92f.jpg,14.999808,True,0.4248208999633789,ships,0.0
3a77e81b5.jpg,159.999744,True,0.8372539281845093,ships,0.0
3a79a8197.jpg,66.000384,True,0.7405282855033875,coast,0.0
3a8144c1f.jpg,83.00006400000001,True,0.8066033124923706,ships,0.0
3a8638fdb.jpg,84.99993599999999,True,0.7013115286827087,ships,0.0
3a8638fdb.jpg,40.99968,True,0.8232297301292419,ships,0.0
3a8638fdb.jpg,84.99993599999999,True,0.6552044153213501,ships,0.0
3a8901b53.jpg,16.999679999999998,True,0.1294702738523483,coast,0.0
3a8952d74.jpg,13.999872,False,0.0,ships,0.0
3a97e02c0.jpg,43.00032,True,0.6916244626045227,ships,0.0
3a97e02c0.jpg,44.000256,True,0.7529483437538147,ships,0.0
3adf7c300.jpg,154.00012800000002,True,0.9251744747161864,ships,0.0
3af2c6bcb.jpg,24.999936,False,0.0,ships,0.0
3b0c7d3a5.jpg,25.999872000000003,True,0.6543037295341492,ships,0.0
3b0c7d3a5.jpg,14.999808,True,0.1918115317821502,ships,0.0
3b279e35d.jpg,28.99968,True,0.6811015605926514,ships,0.0
3b279e35d.jpg,13.999872,True,0.6089145541191101,ships,0.0
3b279e35d.jpg,116.000256,True,0.8450456261634827,ships,0.0
3b279e35d.jpg,24.999936,True,0.7671682834625244,ships,0.0
3b279e35d.jpg,75.999744,True,0.8709420561790466,ships,0.0
3b279e35d.jpg,110.999808,True,0.8528555035591125,ships,0.0
3b2d4bd02.jpg,23.000064,True,0.3921569883823395,ships,0.0
3b4c3fa46.jpg,94.000128,True,0.8764832019805908,ships,0.0
3b5b15907.jpg,15.999744,True,0.2284719794988632,coast,0.3529391818576389
3b5b15907.jpg,14.999808,False,0.0,coast,0.3529391818576389
3b6341ad5.jpg,27.999744,True,0.409550279378891,ships,0.0
3b6341ad5.jpg,109.999872,True,0.8828257918357849,ships,0.0
3b6aa514c.jpg,191.000064,True,0.8618944883346558,coast,0.0
3b6aa514c.jpg,178.00012800000002,True,0.9201415181159972,coast,0.0
3b70b34c0.jpg,83.00006400000001,True,0.8295751214027405,ships,0.0
3b70b34c0.jpg,64.99968,True,0.7955033183097839,ships,0.0
3b70b34c0.jpg,26.999808,True,0.4337726235389709,ships,0.0
3b70b34c0.jpg,86.999808,True,0.8795880079269409,ships,0.0
3b8efc0d9.jpg,16.999679999999998,True,0.4636000692844391,ships,0.0
3b9557cd7.jpg,156.999936,True,0.9132279753684998,ships,0.0
3b9a770a7.jpg,107.000064,True,0.9160970449447632,ships,0.0
3b9a9b124.jpg,71.00006400000001,True,0.74210125207901,coast,0.0
3b9a9b124.jpg,21.000192,True,0.6137727499008179,coast,0.0
3bb995cbc.jpg,38.999808,True,0.7795572876930237,ships,0.0
3bcc868f8.jpg,7.00032,True,0.5809606909751892,ships,0.0
3bcc868f8.jpg,12.0,True,0.6364627480506897,ships,0.0
3bd478c53.jpg,162.000384,True,0.8368945121765137,coast,0.0
3bea324fc.jpg,88.99968,True,0.8801114559173584,ships,0.0
3bea324fc.jpg,58.000128,True,0.7083016037940979,ships,0.0
3beab760e.jpg,204.0,True,0.8387956023216248,ships,0.0
3bf45c4fc.jpg,19.00032,True,0.3815100491046905,ships,0.0
3bf554155.jpg,14.999808,True,0.2029096931219101,ships,0.0
3c0a27072.jpg,25.999872000000003,True,0.4361065924167633,ships,0.0
3c105bdb7.jpg,10.000128,False,0.0,ships,0.0
3c10c9fb6.jpg,93.000192,True,0.8772128224372864,ships,0.0
3c10c9fb6.jpg,48.0,False,0.0,ships,0.0
3c10c9fb6.jpg,66.000384,True,0.5331543684005737,ships,0.0
3c10c9fb6.jpg,96.999936,True,0.8634880781173706,ships,0.0
3c1645748.jpg,19.00032,True,0.0658586323261261,coast,0.147613525390625
3c1645748.jpg,13.999872,True,0.4244602620601654,coast,0.147613525390625
3c1645748.jpg,13.999872,True,0.2478273808956146,coast,0.147613525390625
3c1645748.jpg,13.999872,True,0.4343378245830536,coast,0.147613525390625
3c1645748.jpg,23.000064,True,0.2825556397438049,coast,0.147613525390625
3c1645748.jpg,12.999936000000002,False,0.0,coast,0.147613525390625
3c1b0cc0e.jpg,129.000192,True,0.7876359224319458,ships,0.0
3c279e5f6.jpg,156.0,True,0.8522089719772339,ships,0.0
3c2952f27.jpg,140.000256,True,0.9236797094345092,ships,0.0
3c2d3f333.jpg,42.000384,True,0.5383485555648804,ships,0.0
3c2d3f333.jpg,12.0,True,0.4646751582622528,ships,0.0
3c2d3f333.jpg,44.000256,True,0.8621729016304016,ships,0.0
3c2d3f333.jpg,36.999936,True,0.565762460231781,ships,0.0
3c6d1cf3a.jpg,10.000128,True,0.3696307837963104,ships,0.0
3c6d1cf3a.jpg,42.000384,True,0.7462063431739807,ships,0.0
3c7ca5044.jpg,79.00032,True,0.8193680047988892,ships,0.0
3c85119cc.jpg,28.99968,True,0.5943905711174011,ships,0.0
3c85119cc.jpg,91.00032,True,0.7119014263153076,ships,0.0
3c8bdfdb3.jpg,203.000064,True,0.8957922458648682,ships,0.0
3c95ba2f3.jpg,18.000384,True,0.611009418964386,ships,0.0
3c9ffb788.jpg,13.999872,True,0.2781495749950409,ships,0.0
3cab5b14f.jpg,153.000192,True,0.8648450970649719,coast,0.014573838975694444
3cad31947.jpg,59.000064,True,0.8803057670593262,ships,0.0
3cbe7318f.jpg,16.999679999999998,True,0.3803099989891052,ships,0.0150604248046875
3cbe7318f.jpg,12.0,True,0.2195608168840408,ships,0.0150604248046875
3cbe7318f.jpg,14.999808,True,0.0538581013679504,ships,0.0150604248046875
3cbe7318f.jpg,13.999872,True,0.2725843787193298,ships,0.0150604248046875
3cbe7318f.jpg,12.999936000000002,True,0.3765625953674316,ships,0.0150604248046875
3cc1bdaa3.jpg,10.000128,True,0.1630274355411529,ships,0.0
3cdac0854.jpg,216.0,True,0.8587416410446167,ships,0.0
3cdd4ef66.jpg,142.00012800000002,True,0.8688108921051025,coast,0.0
3cf8e3abb.jpg,10.000128,True,0.5805328488349915,ships,0.0
3cff25c03.jpg,15.999744,True,0.3177889287471771,ships,0.0
3d04d0e48.jpg,50.999808,True,0.5858192443847656,ships,0.0
3d04d0e48.jpg,145.99987199999998,True,0.3382365703582763,ships,0.0
3d077d28f.jpg,15.999744,False,0.0,coast,0.0
3d13f18ac.jpg,22.000128,True,0.6299822330474854,ships,0.0
3d192187a.jpg,40.99968,True,0.876667320728302,ships,0.0
3d192187a.jpg,27.999744,True,0.5274786353111267,ships,0.0
3d192187a.jpg,56.00025599999999,True,0.858441948890686,ships,0.0
3d192187a.jpg,31.00032,True,0.1693593859672546,ships,0.0
3d192187a.jpg,82.000128,True,0.8647474646568298,ships,0.0
3d192187a.jpg,72.99993599999999,True,0.73975670337677,ships,0.0
3d192187a.jpg,20.000256,True,0.4930191338062286,ships,0.0
3d192187a.jpg,66.000384,True,0.2240935862064361,ships,0.0
3d192187a.jpg,36.0,True,0.063011422753334,ships,0.0
3d192187a.jpg,63.99974400000001,True,0.8310756087303162,ships,0.0
3d192187a.jpg,34.000128,True,0.2243535220623016,ships,0.0
3d2f841a8.jpg,28.99968,True,0.479484498500824,coast,0.0
3d3aebc0a.jpg,84.0,True,0.661774754524231,coast,0.0
3d51043d5.jpg,15.999744,True,0.6726326942443848,ships,0.0
3d51043d5.jpg,10.000128,False,0.0,ships,0.0
3d51043d5.jpg,20.000256,True,0.2183722555637359,ships,0.0
3d51043d5.jpg,10.000128,True,0.4042610824108124,ships,0.0
3d51043d5.jpg,11.000064,True,0.2102310210466385,ships,0.0
3d51043d5.jpg,20.000256,True,0.0714392811059951,ships,0.0
3d51043d5.jpg,14.999808,True,0.6484947204589844,ships,0.0
3d61b732b.jpg,84.99993599999999,True,0.6569794416427612,ships,0.0
3d61b732b.jpg,84.99993599999999,True,0.7024374604225159,ships,0.0
3d6cccde2.jpg,24.0,True,0.7237123847007751,ships,0.0
3d75d9cf8.jpg,165.000192,True,0.8059710264205933,ships,0.0
3d7e3902d.jpg,40.99968,False,0.0,coast,0.0
3d9a26f9c.jpg,88.99968,True,0.8338825106620789,ships,0.0
3da46e885.jpg,50.999808,True,0.5879703760147095,ships,0.0
3da46e885.jpg,97.999872,True,0.7201641798019409,ships,0.0
3da46e885.jpg,100.99967999999998,True,0.7681636810302734,ships,0.0
3da46e885.jpg,100.99967999999998,True,0.764603316783905,ships,0.0
3dce18ae2.jpg,64.99968,True,0.6875631809234619,coast,0.0
3dce18ae2.jpg,46.000128,True,0.8095175623893738,coast,0.0
3dce4a975.jpg,100.99967999999998,True,0.6878821849822998,ships,0.0
3de9473c0.jpg,162.000384,True,0.8755877614021301,coast,0.0
3de9ff590.jpg,31.00032,True,0.5307196378707886,ships,0.0
3de9ff590.jpg,87.999744,True,0.8277997374534607,ships,0.0
3de9ff590.jpg,70.000128,True,0.8409427404403687,ships,0.0
3de9ff590.jpg,44.000256,True,0.6754525303840637,ships,0.0
3df6ef309.jpg,193.999872,True,0.8434467315673828,ships,0.0
3df7a5277.jpg,66.000384,True,0.7226898074150085,ships,0.0
3e0086c9e.jpg,105.000192,True,0.7696882486343384,coast,0.0
3e0dd9c9b.jpg,158.999808,True,0.9176369905471802,coast,0.0
3e473fcce.jpg,160.99967999999998,True,0.8926146626472473,ships,0.0
3e473fcce.jpg,62.999808,True,0.765379011631012,ships,0.0
3e4e7490d.jpg,160.99967999999998,True,0.9222602248191832,coast,0.0
3e6d5f010.jpg,9.000192,False,0.0,coast,0.0
3e6d5f010.jpg,9.000192,False,0.0,coast,0.0
3e6d5f010.jpg,7.00032,False,0.0,coast,0.0
3e6d5f010.jpg,7.00032,False,0.0,coast,0.0
3e9201e47.jpg,248.000256,True,0.8754624128341675,ships,0.0
3e93c193f.jpg,12.0,False,0.0,ships,0.6630198160807291
3e93c193f.jpg,8.000256,False,0.0,ships,0.6630198160807291
3ea250275.jpg,77.999616,True,0.752140462398529,ships,0.0
3eb941d75.jpg,144.0,True,0.6994590163230896,ships,0.0
3ec4320cf.jpg,77.999616,True,0.7382028698921204,ships,0.0
3ec985aaa.jpg,38.999808,True,0.1878381371498108,coast,0.0
3ec985aaa.jpg,59.000064,True,0.8369655609130859,coast,0.0
3ec985aaa.jpg,51.99974400000001,True,0.5060470700263977,coast,0.0
3ec9cde7f.jpg,144.999936,True,0.9424520134925842,ships,0.0
3ec9cde7f.jpg,109.999872,True,0.898703396320343,ships,0.0
3ec9cde7f.jpg,87.999744,True,0.8992404937744141,ships,0.0
3ec9cde7f.jpg,16.999679999999998,True,0.4411611258983612,ships,0.0
3ed47493a.jpg,49.999872,True,0.6189330816268921,ships,0.0
3ed47493a.jpg,56.00025599999999,True,0.6382715702056885,ships,0.0
3ed47493a.jpg,56.00025599999999,True,0.6345387101173401,ships,0.0
3ed47493a.jpg,52.99968,True,0.4835734069347381,ships,0.0
3ed47493a.jpg,50.999808,True,0.103932961821556,ships,0.0
3ed47493a.jpg,16.999679999999998,True,0.2883128821849823,ships,0.0
3ed913d43.jpg,27.999744,True,0.6187183260917664,coast,0.0
3ee37a460.jpg,140.000256,True,0.9124533534049988,ships,0.0
3efc950a3.jpg,31.00032,True,0.5745931267738342,coast,0.0
3f0ae1e0c.jpg,12.0,True,0.2358724325895309,ships,0.018614027235243056
3f477dc12.jpg,24.999936,True,0.5569759607315063,ships,0.0
3f4e1ce2b.jpg,28.99968,True,0.5701230764389038,ships,0.0
3f5e476cd.jpg,160.99967999999998,True,0.8924866914749146,ships,0.0
3f5fd01f4.jpg,45.000192,True,0.852760910987854,ships,0.0
3f8219477.jpg,156.999936,True,0.8555922508239746,coast,0.0
3fad94568.jpg,82.000128,True,0.8439801335334778,coast,0.0
3fad94568.jpg,82.000128,True,0.8716792464256287,coast,0.0
3fc0a74ab.jpg,10.000128,True,0.5714635848999023,ships,0.0
3fd3e6246.jpg,194.99980800000003,True,0.9019474387168884,coast,0.0
3fd4eb711.jpg,16.999679999999998,True,0.3144266307353973,coast,0.0
3fe17e276.jpg,132.999936,True,0.8091188669204712,coast,0.0
3fe17e276.jpg,97.999872,True,0.6046889424324036,coast,0.0
3fe17e276.jpg,33.000192,True,0.2253025770187378,coast,0.0
3fe17e276.jpg,22.000128,True,0.6549209952354431,coast,0.0
3fe82fd2e.jpg,76.99968,True,0.8689903616905212,coast,0.0034620496961805555
3ff475406.jpg,29.999616,True,0.085621640086174,coast,0.0
3ffc3a555.jpg,7.00032,False,0.0,ships,0.0
3ffc3a555.jpg,34.000128,True,0.8055986166000366,ships,0.0
40034f94f.jpg,12.0,False,0.0,coast,0.0
40099a5a6.jpg,26.999808,True,0.210454910993576,ships,0.0
40099a5a6.jpg,94.000128,True,0.8502405881881714,ships,0.0
40099a5a6.jpg,13.999872,True,0.3735347688198089,ships,0.0
40099a5a6.jpg,12.999936000000002,True,0.1835232377052307,ships,0.0
40099a5a6.jpg,95.000064,True,0.8313981890678406,ships,0.0
402a1d27f.jpg,12.0,False,0.0,ships,0.0
402b8c1f8.jpg,183.999744,True,0.8785075545310974,ships,0.0
402fa9eb2.jpg,110.999808,True,0.8700042366981506,coast,0.0
4030513da.jpg,328.99968,True,0.9770814776420592,ships,0.0
403213db3.jpg,48.999936,True,0.7889646887779236,ships,0.0
403351dad.jpg,208.99968,True,0.8845195174217224,ships,0.0
403acf5c0.jpg,24.999936,True,0.1616833955049514,ships,0.0
403acf5c0.jpg,46.000128,True,0.774101972579956,ships,0.0
406e8cc87.jpg,8.000256,True,0.2287080734968185,ships,0.0
4073a7e1e.jpg,148.99967999999998,True,0.7700225114822388,ships,0.0
4073b0eb1.jpg,96.0,True,0.7158820033073425,ships,0.0
4073b0eb1.jpg,60.999936,True,0.6009019017219543,ships,0.0
4074ff463.jpg,73.999872,True,0.8163551092147827,coast,0.0
4074ff463.jpg,244.99968,True,0.9601253867149352,coast,0.0
4074ff463.jpg,139.00032000000002,True,0.9156518578529358,coast,0.0
407f39acc.jpg,23.000064,True,0.34829181432724,ships,0.0
4084a2c92.jpg,42.000384,True,0.667875349521637,ships,0.0
4086a8dfc.jpg,60.0,True,0.9065166711807252,ships,0.0
4086a8dfc.jpg,59.000064,True,0.8859178423881531,ships,0.0
4089f465e.jpg,31.00032,True,0.7237780094146729,ships,0.0
4089f465e.jpg,83.00006400000001,True,0.8676490187644958,ships,0.0
4089f465e.jpg,16.999679999999998,True,0.2657066583633423,ships,0.0
4089f465e.jpg,60.999936,True,0.8961331844329834,ships,0.0
4089f465e.jpg,59.000064,True,0.8405107259750366,ships,0.0
4089f465e.jpg,13.999872,False,0.0,ships,0.0
4089f465e.jpg,24.999936,True,0.5901449918746948,ships,0.0
4089f465e.jpg,57.000192,True,0.8414329886436462,ships,0.0
4089f465e.jpg,19.00032,True,0.3574038743972778,ships,0.0
4089f465e.jpg,24.0,True,0.8150228261947632,ships,0.0
4089f465e.jpg,57.000192,True,0.924819827079773,ships,0.0
4089f465e.jpg,36.0,True,0.7093741297721863,ships,0.0
4089f465e.jpg,38.999808,True,0.8496706485748291,ships,0.0
409f8725a.jpg,20.000256,True,0.6045485138893127,ships,0.0
409f8725a.jpg,134.999808,True,0.9486122131347656,ships,0.0
409f8725a.jpg,157.99987199999998,True,0.9071001410484314,ships,0.0
40a0415ef.jpg,38.999808,True,0.301911860704422,coast,0.0
40a063a6b.jpg,15.999744,False,0.0,ships,0.0
40a063a6b.jpg,37.999872,True,0.8749428987503052,ships,0.0
40a063a6b.jpg,53.999616,True,0.909187376499176,ships,0.0
40a063a6b.jpg,38.999808,True,0.5251778364181519,ships,0.0
40a3703ec.jpg,12.999936000000002,False,0.0,coast,0.0
40b66f998.jpg,19.00032,True,0.492369532585144,ships,0.0
40b66f998.jpg,38.999808,True,0.628788411617279,ships,0.0
40bc60e5d.jpg,67.00032,True,0.6185763478279114,coast,0.0
40cb96d56.jpg,16.999679999999998,True,0.1102756783366203,ships,0.0
40cb96d56.jpg,63.99974400000001,True,0.7482752203941345,ships,0.0
40cb96d56.jpg,13.999872,True,0.5305358171463013,ships,0.0
40d8f1fb5.jpg,27.999744,True,0.0696923062205314,ships,0.0
40e97d711.jpg,24.999936,True,0.2909693419933319,ships,0.0
40f0e9509.jpg,25.999872000000003,True,0.5841781497001648,ships,0.0
410251d55.jpg,25.999872000000003,True,0.4330284893512726,ships,0.0
410251d55.jpg,24.0,True,0.5408133864402771,ships,0.0
410251d55.jpg,21.000192,True,0.462235540151596,ships,0.0
41150fe77.jpg,155.000064,True,0.907543420791626,ships,0.0
41150fe77.jpg,160.99967999999998,True,0.864316463470459,ships,0.0
413d8c1b7.jpg,16.999679999999998,False,0.0,coast,0.0
4140138cd.jpg,12.999936000000002,True,0.2955958545207977,ships,0.0
414a15420.jpg,10.000128,False,0.0,ships,0.04956224229600695
414da43c6.jpg,91.00032,True,0.8839954733848572,ships,0.0
414da43c6.jpg,18.000384,True,0.4213367402553558,ships,0.0
4151943b9.jpg,138.000384,True,0.9261886477470398,ships,0.0
4151943b9.jpg,75.999744,True,0.8321409821510315,ships,0.0
4151943b9.jpg,48.0,True,0.8595705032348633,ships,0.0
4151943b9.jpg,25.999872000000003,True,0.8254097700119019,ships,0.0
4163827ad.jpg,216.999936,True,0.936914086341858,ships,0.0
41841b013.jpg,19.00032,True,0.4142742455005646,cloud,0.99224853515625
41841b013.jpg,63.99974400000001,True,0.8688318729400635,cloud,0.99224853515625
418943434.jpg,16.999679999999998,True,0.3741171658039093,coast,0.5964219835069444
418baabc2.jpg,165.000192,True,0.8599180579185486,ships,0.0
418baabc2.jpg,85.999872,True,0.7364398241043091,ships,0.0
418baabc2.jpg,211.00032,True,0.8620410561561584,ships,0.0
41936fbd5.jpg,40.99968,True,0.8113059401512146,ships,0.0
41936fbd5.jpg,39.999744,True,0.8567231297492981,ships,0.0
4193b8be1.jpg,170.999808,True,0.9114818572998048,coast,0.0
41aceadf8.jpg,16.999679999999998,True,0.3258083164691925,ships,0.0
41aceadf8.jpg,11.000064,False,0.0,ships,0.0
41aceadf8.jpg,10.000128,True,0.2524396777153015,ships,0.0
41b682e28.jpg,79.00032,True,0.7712295651435852,coast,0.0
41b682e28.jpg,67.00032,True,0.7970482110977173,coast,0.0
41b682e28.jpg,88.99968,True,0.8573960065841675,coast,0.0
41ccfe7e1.jpg,12.999936000000002,True,0.1507850587368011,ships,0.0
41ccfe7e1.jpg,14.999808,True,0.2503218054771423,ships,0.0
41ccfe7e1.jpg,14.999808,True,0.3881065249443054,ships,0.0
41ccfe7e1.jpg,14.999808,True,0.1154285222291946,ships,0.0
41dd57ede.jpg,40.99968,True,0.7945543527603149,ships,0.0
41dd57ede.jpg,14.999808,False,0.0,ships,0.0
41ee21436.jpg,46.000128,True,0.8167420625686646,coast,0.0
41ee21436.jpg,27.999744,True,0.7455661296844482,coast,0.0
41ee21436.jpg,38.999808,True,0.7131240367889404,coast,0.0
41f15a6e7.jpg,160.99967999999998,True,0.9069725275039672,ships,0.0
41fddc5eb.jpg,8.000256,True,0.3490994274616241,ships,0.0
41fff9476.jpg,31.00032,True,0.7147589325904846,ships,0.0
420234b88.jpg,52.99968,True,0.7856315970420837,ships,0.0
420234b88.jpg,68.000256,True,0.6454848647117615,ships,0.0
420234b88.jpg,48.999936,True,0.7420538663864136,ships,0.0
421ab75e7.jpg,117.000192,True,0.88899827003479,ships,0.0
421ab75e7.jpg,110.999808,True,0.872514009475708,ships,0.0
42232696d.jpg,52.99968,True,0.8194456100463867,ships,0.0
4236073e2.jpg,32.000256,True,0.3553742170333862,coast,0.028895060221354168
4236073e2.jpg,81.000192,True,0.659600555896759,coast,0.028895060221354168
4236073e2.jpg,64.99968,True,0.5341472625732422,coast,0.028895060221354168
4236073e2.jpg,42.000384,False,0.0,coast,0.028895060221354168
4236073e2.jpg,70.000128,True,0.7123692035675049,coast,0.028895060221354168
4236073e2.jpg,32.000256,True,0.2507977187633514,coast,0.028895060221354168
4236073e2.jpg,31.00032,False,0.0,coast,0.028895060221354168
4236073e2.jpg,28.99968,True,0.0580814369022846,coast,0.028895060221354168
4236073e2.jpg,29.999616,True,0.1108656525611877,coast,0.028895060221354168
4236073e2.jpg,16.999679999999998,True,0.0536739714443683,coast,0.028895060221354168
4247cc4ab.jpg,10.000128,False,0.0,ships,0.0
4247cc4ab.jpg,15.999744,True,0.3618477582931518,ships,0.0
4247cc4ab.jpg,13.999872,True,0.5629777908325195,ships,0.0
4247cc4ab.jpg,18.000384,True,0.697426974773407,ships,0.0
4247cc4ab.jpg,19.00032,True,0.7017645835876465,ships,0.0
4247cc4ab.jpg,12.0,True,0.3099985420703888,ships,0.0
4247cc4ab.jpg,12.0,True,0.3850537240505218,ships,0.0
4247cc4ab.jpg,12.999936000000002,True,0.2545735836029053,ships,0.0
4247cc4ab.jpg,11.000064,True,0.3211457729339599,ships,0.0
4247cc4ab.jpg,12.0,False,0.0,ships,0.0
4247cc4ab.jpg,12.0,True,0.4175191521644592,ships,0.0
4247cc4ab.jpg,50.999808,True,0.863418698310852,ships,0.0
4247cc4ab.jpg,11.000064,False,0.0,ships,0.0
427ac1c45.jpg,164.000256,True,0.8931431770324707,ships,0.0
429638fa2.jpg,26.999808,True,0.5435888171195984,ships,0.0
429638fa2.jpg,50.999808,False,0.0,ships,0.0
429756fba.jpg,51.99974400000001,True,0.7967934012413025,coast,0.0
429756fba.jpg,46.000128,True,0.7834949493408203,coast,0.0
429756fba.jpg,46.000128,True,0.844365119934082,coast,0.0
429756fba.jpg,43.00032,True,0.8286811709403992,coast,0.0
429756fba.jpg,43.00032,True,0.8508589267730713,coast,0.0
42b5c9d2a.jpg,47.000064,True,0.8017610907554626,ships,0.0
42b5c9d2a.jpg,61.999872,True,0.8539538979530334,ships,0.0
42bee6533.jpg,22.000128,True,0.3132262825965881,ships,0.0
42bee6533.jpg,14.999808,True,0.6017895340919495,ships,0.0
42bee6533.jpg,22.000128,False,0.0,ships,0.0
42bee6533.jpg,14.999808,True,0.4772207736968994,ships,0.0
42bee6533.jpg,13.999872,True,0.054451759904623,ships,0.0
42bee6533.jpg,16.999679999999998,True,0.6132024526596069,ships,0.0
42bee6533.jpg,12.0,True,0.394680917263031,ships,0.0
42bee6533.jpg,20.000256,True,0.5991091132164001,ships,0.0
42bee6533.jpg,20.000256,True,0.6963962316513062,ships,0.0
42bee6533.jpg,18.000384,True,0.6523024439811707,ships,0.0
42bee6533.jpg,24.0,True,0.4338444471359253,ships,0.0
42bee6533.jpg,48.999936,True,0.8388569355010986,ships,0.0
42c71fb45.jpg,53.999616,True,0.899591863155365,ships,0.0
42c71fb45.jpg,27.999744,False,0.0,ships,0.0
42c71fb45.jpg,27.999744,True,0.636748731136322,ships,0.0
42c71fb45.jpg,36.999936,True,0.8409411311149597,ships,0.0
42d5ffa51.jpg,21.000192,True,0.0925647839903831,ships,0.0
42f272b67.jpg,21.000192,False,0.0,coast,0.0
42f272b67.jpg,18.000384,False,0.0,coast,0.0
42f272b67.jpg,9.000192,False,0.0,coast,0.0
42f272b67.jpg,20.000256,False,0.0,coast,0.0
42f3a4bc5.jpg,139.00032000000002,True,0.8690732717514038,ships,0.0
42fc3e103.jpg,27.999744,True,0.679210901260376,ships,0.0
43074326f.jpg,132.999936,True,0.8646235466003418,ships,0.0
431a404fd.jpg,28.99968,True,0.4178600013256073,coast,0.0696292453342014
43215f9bc.jpg,11.000064,True,0.0941771492362022,ships,0.6487664116753472
433595bed.jpg,9.000192,False,0.0,ships,0.0
43374827b.jpg,88.99968,True,0.8994700312614441,coast,0.0
433898bef.jpg,69.000192,True,0.8529002070426941,ships,0.0
433898bef.jpg,122.999808,True,0.9030100107192992,ships,0.0
4342978a3.jpg,60.0,True,0.8526006937026978,ships,0.0
4344dc460.jpg,144.0,True,0.8537524342536926,ships,0.0
4350e9b0f.jpg,49.999872,True,0.8799543976783752,ships,0.0
435714c96.jpg,72.99993599999999,True,0.6344403624534607,ships,0.0
435714c96.jpg,55.00032,True,0.8169392347335815,ships,0.0
435714c96.jpg,38.999808,True,0.7222179770469666,ships,0.0
435714c96.jpg,73.999872,True,0.808893084526062,ships,0.0
435714c96.jpg,70.000128,True,0.7886790633201599,ships,0.0
435714c96.jpg,13.999872,True,0.1466454267501831,ships,0.0
4385255d9.jpg,307.00032,True,0.7883307933807373,ships,0.0
438ed403a.jpg,20.000256,False,0.0,ships,0.022467719184027776
438ed403a.jpg,93.000192,True,0.8183102607727051,ships,0.022467719184027776
438ed403a.jpg,61.999872,True,0.7543668746948242,ships,0.022467719184027776
438ed403a.jpg,46.000128,True,0.7052395343780518,ships,0.022467719184027776
438ed403a.jpg,63.99974400000001,True,0.8636683821678162,ships,0.022467719184027776
438ed403a.jpg,25.999872000000003,True,0.7054446935653687,ships,0.022467719184027776
4390a9651.jpg,19.00032,True,0.6185528635978699,ships,0.0
4390a9651.jpg,13.999872,True,0.6860769987106323,ships,0.0
4390a9651.jpg,7.00032,False,0.0,ships,0.0
43ab0c4e5.jpg,43.00032,True,0.55452561378479,coast,0.0
43b30620e.jpg,21.000192,True,0.3174349367618561,ships,0.0
43b30620e.jpg,82.000128,True,0.8920465707778931,ships,0.0
43bfbfa50.jpg,15.999744,True,0.3963367938995361,ships,0.0
43bfbfa50.jpg,47.000064,True,0.7753692269325256,ships,0.0
43cee3daa.jpg,12.999936000000002,True,0.6641513705253601,ships,0.0
43d10723a.jpg,71.00006400000001,True,0.5565840005874634,ships,0.0
43e9a0907.jpg,287.00006399999995,True,0.8314527869224548,ships,0.06391398111979167
43f4acdc2.jpg,164.000256,True,0.8842936158180237,ships,0.0
4402f513e.jpg,18.000384,True,0.4751403033733368,ships,0.0
4402f513e.jpg,69.000192,True,0.8452852964401245,ships,0.0
441b224b9.jpg,16.999679999999998,True,0.6732040643692017,ships,0.0
441b3befd.jpg,77.999616,True,0.8096185326576233,ships,0.0
441b3befd.jpg,73.999872,True,0.82571941614151,ships,0.0
441b3befd.jpg,75.999744,True,0.7556688189506531,ships,0.0
441cf4d9c.jpg,195.999744,True,0.8555018305778503,ships,0.0
44286579d.jpg,138.000384,True,0.8932496905326843,ships,0.0
44332fe33.jpg,153.000192,True,0.856490969657898,ships,0.0
443d09a36.jpg,98.999808,True,0.8030164837837219,coast,0.0
444db3028.jpg,155.000064,True,0.9267196655273438,ships,0.0
444db3028.jpg,40.99968,True,0.7877765893936157,ships,0.0
444db3028.jpg,182.999808,True,0.8482130169868469,ships,0.0
444db3028.jpg,12.0,False,0.0,ships,0.0
444db3028.jpg,20.000256,False,0.0,ships,0.0
444db3028.jpg,16.999679999999998,False,0.0,ships,0.0
444db3028.jpg,15.999744,True,0.1644129306077957,ships,0.0
4482d89c5.jpg,26.999808,True,0.3794286847114563,ships,0.0
448dd8e9a.jpg,59.000064,True,0.8852375149726868,ships,0.0
448dd8e9a.jpg,64.99968,True,0.8725539445877075,ships,0.0
449145852.jpg,5.9996160000000005,False,0.0,ships,0.0
449145852.jpg,5.9996160000000005,True,0.140736699104309,ships,0.0
449145852.jpg,5.9996160000000005,True,0.1971862465143203,ships,0.0
449145852.jpg,8.000256,True,0.3647857308387756,ships,0.0
449638e41.jpg,10.000128,False,0.0,ships,0.0
449638e41.jpg,8.000256,False,0.0,ships,0.0
44a897282.jpg,34.000128,True,0.7873049378395081,ships,0.0
44a897282.jpg,23.000064,True,0.5657568573951721,ships,0.0
44aa7e83a.jpg,9.000192,False,0.0,coast,0.0
44aa7e83a.jpg,86.999808,True,0.8407991528511047,coast,0.0
44c592564.jpg,105.000192,True,0.8749330639839172,ships,0.0
44e36ac80.jpg,111.999744,True,0.867292582988739,coast,0.0
44e39b2e3.jpg,24.999936,True,0.2921352982521057,ships,0.0
44e67acb0.jpg,16.999679999999998,True,0.5625189542770386,ships,0.0
452350dfd.jpg,22.000128,True,0.314006358385086,coast,0.0
452350dfd.jpg,22.000128,True,0.1994293183088302,coast,0.0
457473d8e.jpg,12.0,True,0.0863985270261764,coast,0.0
457ccfd29.jpg,207.999744,True,0.8471866250038147,coast,0.0
457ccfd29.jpg,77.999616,True,0.8040659427642822,coast,0.0
4584a6187.jpg,171.999744,True,0.8382824659347534,ships,0.0
4589cba92.jpg,29.999616,True,0.602534294128418,ships,0.0
458aba0b4.jpg,9.000192,False,0.0,coast,0.0
45971ad97.jpg,16.999679999999998,True,0.4352718591690063,ships,0.0
459de5394.jpg,19.00032,True,0.5929501056671143,coast,0.0
45a3d8946.jpg,16.999679999999998,True,0.2318429350852966,ships,0.0
45a3d8946.jpg,12.0,True,0.2040242254734039,ships,0.0
45bb159c6.jpg,139.00032000000002,True,0.8305085301399231,coast,0.0
45c3dffcd.jpg,194.99980800000003,True,0.9158483147621156,ships,0.0
45f460faa.jpg,55.00032,True,0.7878661751747131,ships,0.0
45fe47755.jpg,23.000064,True,0.067623071372509,coast,0.0
45fe47755.jpg,27.999744,True,0.16000996530056,coast,0.0
45fe47755.jpg,18.000384,True,0.167705088853836,coast,0.0
45fe47755.jpg,23.000064,True,0.0983151942491531,coast,0.0
45fe47755.jpg,12.999936000000002,True,0.2632996141910553,coast,0.0
45fe47755.jpg,27.999744,True,0.2434161752462387,coast,0.0
45fe47755.jpg,24.0,True,0.4656704366207123,coast,0.0
45fe47755.jpg,28.99968,True,0.4689850509166717,coast,0.0
45fe47755.jpg,25.999872000000003,True,0.301035463809967,coast,0.0
45fe47755.jpg,11.000064,True,0.1622532159090042,coast,0.0
460dfa822.jpg,84.99993599999999,True,0.8171155452728271,ships,0.0
461f9e3e6.jpg,2.9998080000000003,False,0.0,ships,0.0
461f9e3e6.jpg,16.999679999999998,True,0.6611647009849548,ships,0.0
4623c9168.jpg,114.000384,True,0.8407347798347473,ships,0.0
4637d51ca.jpg,7.00032,False,0.0,ships,0.0
4637d51ca.jpg,34.000128,True,0.8054203391075134,ships,0.0
463b8e02c.jpg,10.000128,False,0.0,ships,0.038123236762152776
463be5d05.jpg,205.999872,True,0.8818032145500183,coast,0.0
463be5d05.jpg,139.00032000000002,True,0.8196278810501099,coast,0.0
4655f8793.jpg,72.0,True,0.8372041583061218,ships,0.0
4655f8793.jpg,60.999936,True,0.7061960697174072,ships,0.0
4655f8793.jpg,62.999808,True,0.8811766505241394,ships,0.0
4655f8793.jpg,57.000192,True,0.8081943392753601,ships,0.0
4655f8793.jpg,63.99974400000001,True,0.8082403540611267,ships,0.0
4673287ee.jpg,227.000064,True,0.8868333697319031,ships,0.0
46738732d.jpg,183.999744,True,0.8864527940750122,ships,0.0
4684ece3a.jpg,16.999679999999998,True,0.4979720413684845,ships,0.0
46904ccab.jpg,190.000128,True,0.8811743259429932,ships,0.0
46904ccab.jpg,11.000064,True,0.4132432341575622,ships,0.0
46904ccab.jpg,80.000256,True,0.8376344442367554,ships,0.0
469469108.jpg,31.00032,True,0.5332401990890503,ships,0.0
46afb91b4.jpg,23.000064,True,0.0613830089569091,ships,0.0
46afb91b4.jpg,15.999744,True,0.2508244216442108,ships,0.0
46b3bd9a2.jpg,25.999872000000003,True,0.2323850095272064,ships,0.0
46b3bd9a2.jpg,66.000384,True,0.8451575636863708,ships,0.0
46b90a610.jpg,155.000064,True,0.8675493597984314,ships,0.0
46c361771.jpg,10.000128,True,0.3645084500312805,ships,0.0
46cd5b9e0.jpg,63.99974400000001,True,0.4441211223602295,ships,0.0
46da9ed20.jpg,11.000064,False,0.0,coast,0.0
46dd54208.jpg,12.0,True,0.3786576390266418,ships,0.0
46e3b9905.jpg,18.000384,True,0.301573634147644,ships,0.0
470dd8fc3.jpg,158.999808,True,0.8698021769523621,ships,0.0
470e822a3.jpg,121.999872,True,0.921807825565338,ships,0.0
471789c33.jpg,14.999808,True,0.0520982891321182,coast,0.0
471789c33.jpg,12.999936000000002,True,0.4953274428844452,coast,0.0
471789c33.jpg,12.999936000000002,True,0.4008899629116058,coast,0.0
471789c33.jpg,16.999679999999998,True,0.0860776901245117,coast,0.0
471789c33.jpg,12.999936000000002,True,0.3522019982337951,coast,0.0
471789c33.jpg,13.999872,True,0.3289757966995239,coast,0.0
471789c33.jpg,9.000192,True,0.6042419075965881,coast,0.0
471789c33.jpg,26.999808,True,0.7025424242019653,coast,0.0
476c0eca7.jpg,76.99968,True,0.8962730765342712,ships,0.0
477d7b21a.jpg,10.000128,True,0.7118225693702698,ships,0.0
47aecfd34.jpg,45.000192,True,0.5814962983131409,coast,0.0
47aecfd34.jpg,60.0,True,0.1578486412763595,coast,0.0
47aecfd34.jpg,64.99968,True,0.7614259123802185,coast,0.0
47aecfd34.jpg,42.000384,True,0.6966504454612732,coast,0.0
47b0f0836.jpg,12.999936000000002,True,0.1858281344175338,ships,0.0
47bf505ca.jpg,7.00032,False,0.0,coast,0.0
47bf505ca.jpg,10.000128,False,0.0,coast,0.0
47bf505ca.jpg,9.000192,False,0.0,coast,0.0
47bf505ca.jpg,11.000064,False,0.0,coast,0.0
47bf505ca.jpg,7.00032,False,0.0,coast,0.0
47cede9f5.jpg,72.0,True,0.7061073184013367,coast,0.0
47cede9f5.jpg,72.99993599999999,True,0.772229015827179,coast,0.0
47cede9f5.jpg,43.00032,True,0.2126356214284896,coast,0.0
47cede9f5.jpg,64.99968,True,0.7046362161636353,coast,0.0
47df617be.jpg,13.999872,True,0.0603928193449974,coast,0.0
47f604bcf.jpg,232.99968,True,0.9136506915092468,ships,0.0
47f8568e4.jpg,10.000128,True,0.2291706204414367,ships,0.0
4808c9479.jpg,73.999872,True,0.7957959175109863,ships,0.0
4813d4902.jpg,56.00025599999999,True,0.7181914448738098,ships,0.0
4813d4902.jpg,12.999936000000002,True,0.4152410626411438,ships,0.0
481de4313.jpg,61.999872,True,0.8628630638122559,ships,0.0
481de4313.jpg,82.000128,True,0.8547976613044739,ships,0.0
481de4313.jpg,53.999616,True,0.8740710020065308,ships,0.0
481e3da38.jpg,79.00032,True,0.8360589146614075,ships,0.0
481fab8cc.jpg,19.00032,True,0.379163533449173,ships,0.0
482010962.jpg,58.000128,True,0.8569923639297485,coast,0.0
482010962.jpg,11.000064,True,0.123481847345829,coast,0.0
482010962.jpg,60.999936,True,0.823399007320404,coast,0.0
484068fb7.jpg,56.00025599999999,True,0.7431349158287048,ships,0.0
484068fb7.jpg,12.999936000000002,True,0.4183828830718994,ships,0.0
484068fb7.jpg,29.999616,True,0.6072095036506653,ships,0.0
484f3b0a2.jpg,11.000064,False,0.0,ships,0.0
484f3b0a2.jpg,16.999679999999998,True,0.3291238248348236,ships,0.0
487f71148.jpg,13.999872,True,0.5549670457839966,ships,0.0
487f71148.jpg,13.999872,True,0.4665912985801697,ships,0.0
487f71148.jpg,13.999872,True,0.584289014339447,ships,0.0
48813ea14.jpg,19.00032,True,0.069976806640625,ships,0.0
4888422cb.jpg,72.99993599999999,True,0.6794512867927551,ships,0.0
4888422cb.jpg,48.0,True,0.5724025964736938,ships,0.0
488c93cff.jpg,195.999744,True,0.901738464832306,ships,0.0
488d85e68.jpg,75.999744,True,0.8798077702522278,ships,0.0
488fb7cec.jpg,61.999872,True,0.86723393201828,ships,0.0
488fb7cec.jpg,21.000192,True,0.090427242219448,ships,0.0
48bae3234.jpg,164.000256,True,0.8440243601799011,coast,0.0
48bcbbac2.jpg,23.000064,False,0.0,coast,0.0
48c9a949d.jpg,11.000064,False,0.0,ships,0.0
48cffba29.jpg,19.00032,True,0.6892520785331726,ships,0.0
48cffba29.jpg,23.000064,True,0.6914049983024597,ships,0.0
48e0b2a3c.jpg,20.000256,True,0.4756084084510803,ships,0.0
48e2b156c.jpg,82.000128,True,0.8843368291854858,ships,0.0
48e2b156c.jpg,45.000192,True,0.780825138092041,ships,0.0
48e2b156c.jpg,47.000064,True,0.832525372505188,ships,0.0
48e2b156c.jpg,55.00032,True,0.8238487243652344,ships,0.0
48e2b156c.jpg,25.999872000000003,True,0.4204367995262146,ships,0.0
48e2b156c.jpg,60.999936,True,0.7945164442062378,ships,0.0
48e2b156c.jpg,83.00006400000001,True,0.8261445164680481,ships,0.0
48e2b156c.jpg,42.000384,True,0.6606887578964233,ships,0.0
48eb5eac0.jpg,25.999872000000003,True,0.3058611154556274,coast,0.0
49112920a.jpg,292.99968,True,0.9197817444801332,coast,0.0
49164130a.jpg,197.999616,True,0.914704442024231,ships,0.0
492245c35.jpg,27.999744,True,0.1480879783630371,coast,0.021636962890625
492b171a5.jpg,192.999936,True,0.8528590202331543,ships,0.0
492b171a5.jpg,24.0,True,0.452494353055954,ships,0.0
4948153c1.jpg,34.000128,True,0.3905434608459472,ships,0.0
495e9bde5.jpg,61.999872,True,0.8458837270736694,coast,0.0
496f2e669.jpg,90.000384,True,0.8953157663345337,ships,0.0
49a9b79c4.jpg,112.99967999999998,True,0.8889389038085938,ships,0.0
49b3e4602.jpg,24.0,True,0.4530470371246338,ships,0.0
49b3e4602.jpg,56.00025599999999,True,0.8369819521903992,ships,0.0
49c087fe9.jpg,37.999872,True,0.6938679218292236,coast,0.3306918674045139
49c087fe9.jpg,32.000256,True,0.2860395312309265,coast,0.3306918674045139
49c087fe9.jpg,32.000256,True,0.4427050948143005,coast,0.3306918674045139
49c087fe9.jpg,15.999744,True,0.2219739258289337,coast,0.3306918674045139
49c087fe9.jpg,38.999808,True,0.5583675503730774,coast,0.3306918674045139
49d59532d.jpg,27.999744,True,0.6416524648666382,ships,0.0
49dfe969e.jpg,16.999679999999998,True,0.5177894830703735,ships,0.0
49e25920f.jpg,33.000192,True,0.2479788810014724,ships,0.16234842936197916
49ed1faba.jpg,88.99968,True,0.7961759567260742,ships,0.0
49f629913.jpg,36.0,True,0.0733348205685615,ships,0.0
49f629913.jpg,82.000128,True,0.8614020347595215,ships,0.0
49f629913.jpg,63.99974400000001,True,0.8318463563919067,ships,0.0
49f629913.jpg,31.00032,True,0.148356407880783,ships,0.0
49f629913.jpg,68.000256,True,0.9149740934371948,ships,0.0
49f629913.jpg,25.999872000000003,True,0.6662302613258362,ships,0.0
49f629913.jpg,20.000256,True,0.488234668970108,ships,0.0
49f629913.jpg,64.99968,True,0.861323893070221,ships,0.0
49f629913.jpg,34.000128,True,0.2081217169761657,ships,0.0
49f629913.jpg,40.99968,True,0.8745661973953247,ships,0.0
49f629913.jpg,27.999744,True,0.5216200947761536,ships,0.0
49f629913.jpg,66.000384,True,0.2035807818174362,ships,0.0
49fd215b4.jpg,90.000384,True,0.8785910606384277,ships,0.0
4a016fb73.jpg,9.000192,True,0.342986524105072,ships,0.0
4a14ec421.jpg,25.999872000000003,False,0.0,coast,0.0
4a1a7ea2f.jpg,24.999936,True,0.648716926574707,ships,0.0
4a1a7ea2f.jpg,25.999872000000003,True,0.7202896475791931,ships,0.0
4a2bd4d7b.jpg,56.00025599999999,True,0.834717333316803,ships,0.0
4a2be955d.jpg,92.000256,True,0.757093071937561,ships,0.0
4a31f722e.jpg,108.999936,True,0.9054176807403564,ships,0.0
4a32da6a0.jpg,159.999744,True,0.7320249676704407,coast,0.0
4a36d86bf.jpg,10.000128,False,0.0,ships,0.0
4a36d86bf.jpg,11.000064,True,0.058506678789854,ships,0.0
4a566b7c3.jpg,25.999872000000003,True,0.0865415558218956,coast,0.0
4a566b7c3.jpg,62.999808,True,0.8386313319206238,coast,0.0
4a5f7531f.jpg,97.999872,True,0.784911036491394,ships,0.23340352376302084
4a6f5791f.jpg,18.000384,True,0.333529382944107,ships,0.0
4a7342a52.jpg,262.000128,True,0.8681529760360718,ships,0.0
4a7342a52.jpg,88.99968,True,0.7869362831115723,ships,0.0
4a73910cc.jpg,26.999808,True,0.1059589907526969,coast,0.0
4a73910cc.jpg,32.000256,True,0.2326787561178207,coast,0.0
4a73910cc.jpg,84.99993599999999,True,0.5690323114395142,coast,0.0
4a7512d17.jpg,32.000256,True,0.5472950339317322,ships,0.0
4a86316a8.jpg,11.000064,True,0.2126698642969131,ships,0.0
4a86316a8.jpg,10.000128,True,0.3207947015762329,ships,0.0
4a8d2399e.jpg,55.00032,True,0.7638446688652039,coast,0.0
4a90a100b.jpg,255.999744,True,0.8712916970252991,ships,0.0
4a9f14309.jpg,70.000128,True,0.7786788940429688,ships,0.0
4a9f14309.jpg,211.00032,True,0.9283700585365297,ships,0.0
4aa0dc3d9.jpg,33.000192,True,0.6184190511703491,coast,0.0
4ab4453de.jpg,100.99967999999998,True,0.9007296562194824,ships,0.0
4ad7f511d.jpg,5.9996160000000005,False,0.0,ships,0.0
4ad7f511d.jpg,21.000192,True,0.6722630262374878,ships,0.0
4ae200e55.jpg,28.99968,False,0.0,ships,0.0
4ae200e55.jpg,26.999808,True,0.564673125743866,ships,0.0
4ae200e55.jpg,18.000384,True,0.3338567018508911,ships,0.0
4ae200e55.jpg,49.999872,True,0.6871106624603271,ships,0.0
4ae200e55.jpg,47.000064,True,0.7421808838844299,ships,0.0
4ae200e55.jpg,13.999872,True,0.3601244986057281,ships,0.0
4ae200e55.jpg,8.000256,False,0.0,ships,0.0
4ae200e55.jpg,24.999936,False,0.0,ships,0.0
4b000df5b.jpg,92.000256,True,0.8621566295623779,ships,0.0
4b000df5b.jpg,35.000064,True,0.5543277263641357,ships,0.0
4b2d1a964.jpg,11.000064,False,0.0,cloud,0.9626939561631944
4b622a74c.jpg,12.0,True,0.5381054878234863,ships,0.0
4b622a74c.jpg,15.999744,True,0.5449082851409912,ships,0.0
4b8cc615b.jpg,14.999808,True,0.4855392873287201,ships,0.0
4b8cc615b.jpg,12.0,True,0.4468982517719269,ships,0.0
4b8cc615b.jpg,71.00006400000001,True,0.8500895500183105,ships,0.0
4b8cc615b.jpg,20.000256,True,0.6887246966362,ships,0.0
4bb0dedef.jpg,16.999679999999998,True,0.5706664323806763,ships,0.0
4bbb5d0ad.jpg,20.000256,True,0.0898502320051193,ships,0.0
4bbb5d0ad.jpg,25.999872000000003,True,0.0850597321987152,ships,0.0
4bc9e7730.jpg,84.0,True,0.8641725778579712,ships,0.0
4bdc36f7a.jpg,247.00032,True,0.970384955406189,ships,0.0
4bdfdb73d.jpg,48.999936,True,0.8466498255729675,coast,0.0
4bed371a7.jpg,7.00032,True,0.6013439297676086,ships,0.0
4bed371a7.jpg,8.000256,True,0.1911431550979614,ships,0.0
4bfc4cc05.jpg,181.999872,False,0.0,ships,0.0
4bfc4cc05.jpg,5.9996160000000005,False,0.0,ships,0.0
4c0c8bc0c.jpg,138.000384,True,0.8532000780105591,ships,0.0
4c0c8bc0c.jpg,193.999872,True,0.8764172792434692,ships,0.0
4c30c9117.jpg,206.99980800000003,True,0.8841449618339539,ships,0.0
4c56d2f00.jpg,193.999872,True,0.8430813550949097,ships,0.0
4c792b511.jpg,156.999936,True,0.7833722233772278,coast,0.0
4ca6495b6.jpg,196.99968,True,0.9156261682510376,ships,0.0
4cab25392.jpg,14.999808,True,0.475236028432846,ships,0.0
4cab25392.jpg,20.000256,True,0.6762153506278992,ships,0.0
4cd05cfbf.jpg,194.99980800000003,True,0.8901341557502747,ships,0.0
4cfe8d6e9.jpg,13.999872,True,0.5554136037826538,ships,0.0
4d09521a8.jpg,5.9996160000000005,False,0.0,coast,0.0
4d09521a8.jpg,9.000192,True,0.346330314874649,coast,0.0
4d09521a8.jpg,29.999616,True,0.499460220336914,coast,0.0
4d09521a8.jpg,22.000128,True,0.4277143776416778,coast,0.0
4d09521a8.jpg,18.000384,True,0.1875813454389572,coast,0.0
4d09521a8.jpg,24.999936,True,0.4981057643890381,coast,0.0
4d09521a8.jpg,22.000128,False,0.0,coast,0.0
4d09521a8.jpg,24.999936,True,0.1679271161556244,coast,0.0
4d09521a8.jpg,28.99968,True,0.2093022465705871,coast,0.0
4d09521a8.jpg,11.000064,True,0.1474643945693969,coast,0.0
4d395184a.jpg,38.999808,True,0.7697940468788147,ships,0.0
4d42dee53.jpg,13.999872,True,0.2958471179008484,coast,0.0
4d42dee53.jpg,288.99993600000005,True,0.932710587978363,coast,0.0
4d48b15e4.jpg,18.000384,True,0.5215668082237244,ships,0.0
4d48b15e4.jpg,148.99967999999998,True,0.6490615606307983,ships,0.0
4d48b15e4.jpg,13.999872,True,0.4698064923286438,ships,0.0
4d48b15e4.jpg,29.999616,True,0.3324296772480011,ships,0.0
4d48b15e4.jpg,18.000384,True,0.2404076308012008,ships,0.0
4d48b15e4.jpg,15.999744,True,0.1897995620965957,ships,0.0
4d68584b1.jpg,69.000192,True,0.8808215260505676,ships,0.0
4d68584b1.jpg,23.000064,True,0.4592091143131256,ships,0.0
4d70f9947.jpg,16.999679999999998,True,0.3949443399906158,coast,0.0
4d7cd4378.jpg,13.999872,True,0.2773267328739166,ships,0.0
4d96f0aa3.jpg,23.000064,True,0.8246904015541077,coast,0.0
4d96f0aa3.jpg,49.999872,True,0.8768248558044434,coast,0.0
4d96f0aa3.jpg,44.000256,True,0.8384767174720764,coast,0.0
4d99b9511.jpg,14.999808,True,0.1176732033491134,ships,0.0
4d99b9511.jpg,8.000256,False,0.0,ships,0.0
4d99b9511.jpg,12.0,True,0.3704395592212677,ships,0.0
4d99b9511.jpg,10.000128,False,0.0,ships,0.0
4d99b9511.jpg,59.000064,True,0.8474553823471069,ships,0.0
4d99b9511.jpg,36.999936,True,0.5032898783683777,ships,0.0
4d99b9511.jpg,40.99968,True,0.6091827154159546,ships,0.0
4d99b9511.jpg,10.000128,False,0.0,ships,0.0
4d99b9511.jpg,10.000128,False,0.0,ships,0.0
4d99b9511.jpg,12.0,True,0.1751917004585266,ships,0.0
4da128f56.jpg,70.000128,True,0.8184590935707092,ships,0.09389580620659722
4daa85aa7.jpg,85.999872,True,0.8499789237976074,ships,0.0
4dc0c6800.jpg,61.999872,True,0.8245087265968323,coast,0.0
4dd043d49.jpg,212.000256,True,0.869228720664978,coast,0.0
4df59feaa.jpg,27.999744,True,0.7169557213783264,ships,0.0
4e0e64ca2.jpg,10.000128,False,0.0,ships,0.0
4e49a710c.jpg,20.000256,True,0.1772280037403106,ships,0.0
4e515e5c3.jpg,328.99968,True,0.827178418636322,ships,0.0
4e6fe1b43.jpg,19.00032,True,0.0590091794729232,ships,0.0
4e6fe1b43.jpg,12.0,True,0.0983910635113716,ships,0.0
4e6fe1b43.jpg,13.999872,False,0.0,ships,0.0
4e77d51e3.jpg,23.000064,True,0.4116447865962982,ships,0.0
4e99f1107.jpg,9.000192,True,0.5479077696800232,ships,0.0
4e99f1107.jpg,9.000192,True,0.424380213022232,ships,0.0
4e9d674a3.jpg,15.999744,True,0.3450324237346649,ships,0.0
4ea6edffd.jpg,16.999679999999998,True,0.5339910387992859,ships,0.0
4ebb35108.jpg,12.999936000000002,True,0.4587197601795196,ships,0.0
4ed20f5a9.jpg,12.999936000000002,True,0.588138997554779,coast,0.0
4ed28e415.jpg,12.999936000000002,False,0.0,coast,0.0
4eea8b576.jpg,111.999744,True,0.867241621017456,coast,0.0
4ef7aa594.jpg,39.999744,True,0.5135481953620911,ships,0.0
4ef7aa594.jpg,40.99968,True,0.0867201685905456,ships,0.0
4f0733181.jpg,9.000192,True,0.2810273766517639,ships,0.0
4f197ced7.jpg,14.999808,True,0.3052813112735748,ships,0.0
4f3f47e80.jpg,134.999808,True,0.8308913111686707,ships,0.0
4f651c7f0.jpg,55.00032,True,0.7891042232513428,ships,0.0
4f6881caa.jpg,13.999872,True,0.4072354137897491,coast,0.0
4f6881caa.jpg,19.00032,True,0.3938727080821991,coast,0.0
4f8959291.jpg,20.000256,True,0.6756057739257812,ships,0.0082550048828125
4f98941eb.jpg,93.000192,True,0.8510035872459412,coast,0.0
4f9cd41b8.jpg,158.999808,True,0.924122989177704,ships,0.0
4f9cd41b8.jpg,68.000256,True,0.8848146200180054,ships,0.0
4f9cd41b8.jpg,13.999872,True,0.3800939321517944,ships,0.0
4fb8ca0c3.jpg,35.000064,True,0.7970568537712097,ships,0.0
4fc021083.jpg,23.000064,True,0.5727755427360535,coast,0.0
4fc021083.jpg,158.999808,True,0.7489817142486572,coast,0.0
4fc021083.jpg,103.00032000000002,True,0.8868685960769653,coast,0.0
4fca80780.jpg,7.00032,False,0.0,ships,0.0
4fcd62eac.jpg,10.000128,False,0.0,ships,0.0
4fecab7ec.jpg,94.000128,True,0.8706360459327698,ships,0.0
4fecab7ec.jpg,79.00032,True,0.8705170750617981,ships,0.0
4ff279eeb.jpg,168.999936,True,0.9177176356315612,ships,0.0
5002fe710.jpg,223.00032,True,0.9138909578323364,ships,0.0
501446101.jpg,105.000192,True,0.8378739356994629,coast,0.0
5021a06c2.jpg,56.00025599999999,True,0.6014424562454224,ships,0.0
5022708c6.jpg,21.000192,True,0.5986788868904114,ships,0.0
5025dd6f1.jpg,132.999936,True,0.8608184456825256,ships,0.0
50328f2c1.jpg,91.00032,True,0.8627824783325195,coast,0.0
50328f2c1.jpg,60.0,True,0.8128857612609863,coast,0.0
503ac5b28.jpg,117.000192,True,0.8756583333015442,ships,0.0
50458b6ea.jpg,57.000192,True,0.8263431787490845,ships,0.0
50458b6ea.jpg,20.000256,True,0.3823277950286865,ships,0.0
50458b6ea.jpg,13.999872,True,0.4347764849662781,ships,0.0
50458b6ea.jpg,80.000256,True,0.8454625010490417,ships,0.0
50458b6ea.jpg,10.000128,False,0.0,ships,0.0
50458b6ea.jpg,61.999872,True,0.7865540385246277,ships,0.0
50473a19c.jpg,10.000128,False,0.0,ships,0.0
50473a19c.jpg,55.00032,True,0.7059049010276794,ships,0.0
50473a19c.jpg,26.999808,True,0.4168958365917206,ships,0.0
50473a19c.jpg,76.99968,True,0.8303236365318298,ships,0.0
50473a19c.jpg,7.00032,False,0.0,ships,0.0
506f02d11.jpg,15.999744,True,0.4476937651634216,coast,0.05720689561631945
506f02d11.jpg,18.000384,True,0.4293388426303863,coast,0.05720689561631945
506f02d11.jpg,28.99968,True,0.610592246055603,coast,0.05720689561631945
506f09cf3.jpg,62.999808,True,0.8922662138938904,ships,0.0
5088fbed2.jpg,92.000256,True,0.8036991953849792,ships,0.0
5096a18c5.jpg,31.00032,False,0.0,ships,0.0
5096a18c5.jpg,72.99993599999999,True,0.7948510050773621,ships,0.0
50b05e394.jpg,156.999936,True,0.920242726802826,coast,0.0
50b3e9e1c.jpg,11.000064,True,0.3325008749961853,coast,0.0
50dbf4f4c.jpg,159.999744,True,0.8370136022567749,ships,0.0
50f0ea2f1.jpg,70.000128,True,0.8078261613845825,ships,0.0
50f2d35e7.jpg,76.99968,True,0.8244524002075195,coast,0.0
50f2d35e7.jpg,62.999808,True,0.8277690410614014,coast,0.0
50f2d35e7.jpg,52.99968,True,0.7884912490844727,coast,0.0
50f2d35e7.jpg,83.00006400000001,True,0.8789390921592712,coast,0.0
50f2d35e7.jpg,100.99967999999998,True,0.8408731818199158,coast,0.0
50f2d35e7.jpg,49.999872,True,0.8597683906555176,coast,0.0
50f4358f2.jpg,84.99993599999999,True,0.8698875904083252,ships,0.0
511d30ed8.jpg,24.0,True,0.2905695140361786,ships,0.0
5135dde45.jpg,85.999872,True,0.904348075389862,ships,0.0
5135dde45.jpg,70.000128,True,0.832149863243103,ships,0.0
5135dde45.jpg,87.999744,True,0.915657639503479,ships,0.0
5140f63a7.jpg,116.000256,True,0.9021793603897096,ships,0.0
5140f63a7.jpg,12.0,True,0.1655213236808776,ships,0.0
51707f72f.jpg,36.0,True,0.6224849224090576,coast,0.0504150390625
5186615e9.jpg,109.999872,True,0.8124536871910095,ships,0.0
518f05554.jpg,21.000192,True,0.166773185133934,ships,0.0
519f3d337.jpg,42.000384,True,0.7043750286102295,coast,0.0
519f3d337.jpg,27.999744,True,0.0896472036838531,coast,0.0
519f3d337.jpg,36.0,True,0.4359270930290222,coast,0.0
519f3d337.jpg,60.0,True,0.3247149288654327,coast,0.0
51a56e049.jpg,91.00032,True,0.8922209739685059,ships,0.0
51a56e049.jpg,86.999808,True,0.8691877126693726,ships,0.0
51b977cc5.jpg,14.999808,False,0.0,ships,0.0
521b76192.jpg,12.999936000000002,True,0.5089700818061829,ships,0.0
521b76192.jpg,16.999679999999998,True,0.1089285686612129,ships,0.0
5223daf26.jpg,24.0,True,0.738876461982727,ships,0.0
5225440ac.jpg,23.000064,True,0.6235040426254272,ships,0.0
5225440ac.jpg,45.000192,True,0.8600422739982605,ships,0.0
5225440ac.jpg,55.00032,True,0.7929044365882874,ships,0.0
5225440ac.jpg,43.00032,True,0.0982359275221824,ships,0.0
5225440ac.jpg,56.00025599999999,True,0.83360755443573,ships,0.0
5225440ac.jpg,61.999872,True,0.789909303188324,ships,0.0
5225440ac.jpg,21.000192,True,0.0943935364484787,ships,0.0
5225440ac.jpg,45.000192,True,0.6611960530281067,ships,0.0
5236c4d25.jpg,16.999679999999998,True,0.0882245153188705,ships,0.0
5236c4d25.jpg,228.999936,True,0.8911091089248657,ships,0.0
5240bf0bd.jpg,7.00032,True,0.1447509825229644,ships,0.0
52489c5ff.jpg,10.000128,True,0.2016315460205078,coast,0.0
52554d6ee.jpg,39.999744,True,0.2531382143497467,ships,0.0
52554d6ee.jpg,296.00025600000004,True,0.8493034243583679,ships,0.0
52554d6ee.jpg,106.000128,True,0.7987996935844421,ships,0.0
52554d6ee.jpg,219.999744,True,0.8482551574707031,ships,0.0
52554d6ee.jpg,13.999872,True,0.3110793232917785,ships,0.0
52554d6ee.jpg,79.00032,True,0.8206686973571777,ships,0.0
52554d6ee.jpg,40.99968,True,0.1245229020714759,ships,0.0
52554d6ee.jpg,59.000064,True,0.6771509051322937,ships,0.0
52554d6ee.jpg,107.000064,True,0.8199042677879333,ships,0.0
5257540c4.jpg,34.000128,False,0.0,coast,0.0
525b98915.jpg,86.999808,True,0.7269080877304077,ships,0.0
52703a6e0.jpg,84.0,True,0.8110992312431335,ships,0.0
528fb7b90.jpg,18.000384,True,0.0761229544878006,coast,0.0
52993a461.jpg,86.999808,True,0.8653307557106018,ships,0.0
52b8a6b7b.jpg,82.000128,True,0.6522285342216492,coast,0.0
52b8a6b7b.jpg,260.00025600000004,True,0.8625271916389465,coast,0.0
52bd61051.jpg,32.000256,True,0.7290622591972351,ships,0.0
52bd61051.jpg,36.999936,True,0.7808430790901184,ships,0.0
52d416ad6.jpg,164.000256,True,0.8805827498435974,ships,0.0
52deed575.jpg,9.000192,False,0.0,coast,0.0
52deed575.jpg,5.9996160000000005,False,0.0,coast,0.0
52deed575.jpg,4.99968,False,0.0,coast,0.0
52deed575.jpg,8.000256,True,0.102967768907547,coast,0.0
52deed575.jpg,7.00032,False,0.0,coast,0.0
52deed575.jpg,12.0,False,0.0,coast,0.0
52deed575.jpg,4.99968,False,0.0,coast,0.0
52deed575.jpg,4.99968,False,0.0,coast,0.0
52deed575.jpg,5.9996160000000005,False,0.0,coast,0.0
52deed575.jpg,5.9996160000000005,False,0.0,coast,0.0
52deed575.jpg,8.000256,False,0.0,coast,0.0
52deed575.jpg,4.99968,False,0.0,coast,0.0
52deed575.jpg,5.9996160000000005,False,0.0,coast,0.0
52deed575.jpg,5.9996160000000005,False,0.0,coast,0.0
52deed575.jpg,5.9996160000000005,False,0.0,coast,0.0
52f502baa.jpg,162.000384,True,0.8968052864074707,ships,0.0
53019f435.jpg,177.000192,True,0.9135277271270752,ships,0.0
5301c06b0.jpg,26.999808,False,0.0,coast,0.0
5301c06b0.jpg,83.00006400000001,True,0.8113119006156921,coast,0.0
5308253c9.jpg,14.999808,True,0.0826877653598785,ships,0.0
53331228d.jpg,153.000192,True,0.8582963347434998,ships,0.0
53587f9f4.jpg,207.999744,True,0.8646582961082458,coast,0.0
53587f9f4.jpg,153.000192,True,0.8359315991401672,coast,0.0
5360e7f42.jpg,193.999872,True,0.8427857160568237,ships,0.0
539cab1eb.jpg,38.999808,True,0.7942643761634827,ships,0.0
539fbe684.jpg,32.000256,True,0.8079038858413696,coast,0.0
53a7bbf1f.jpg,8.000256,True,0.2603543996810913,ships,0.0
53b260be4.jpg,70.000128,True,0.882158637046814,ships,0.0
53b260be4.jpg,130.00012800000002,True,0.9288671016693116,ships,0.0
53d5c88cb.jpg,12.999936000000002,True,0.1710703819990158,coast,0.0
53d5c88cb.jpg,19.00032,True,0.222388282418251,coast,0.0
53d5c88cb.jpg,15.999744,True,0.1239063441753387,coast,0.0
53d7d0fc0.jpg,20.000256,True,0.1744485944509506,ships,0.0
53db3ed83.jpg,225.000192,True,0.8950182795524597,ships,0.0
53ec90b6d.jpg,44.000256,False,0.0,ships,0.0
53ee5a490.jpg,11.000064,True,0.2083950191736221,coast,0.0
53ee5a490.jpg,10.000128,True,0.3036210834980011,coast,0.0
5413c2733.jpg,11.000064,False,0.0,ships,0.0
5413c2733.jpg,272.00025600000004,True,0.9548946022987366,ships,0.0
5413c2733.jpg,10.000128,True,0.3221183121204376,ships,0.0
54160ea3e.jpg,11.000064,True,0.135291188955307,coast,0.0
54160ea3e.jpg,22.000128,True,0.4320299625396728,coast,0.0
541a3dd2c.jpg,97.999872,True,0.8826873898506165,ships,0.0
5420f242d.jpg,61.999872,True,0.8286646604537964,coast,0.0
542e6c911.jpg,13.999872,True,0.1255950033664703,ships,0.0
542e6c911.jpg,189.000192,True,0.9111911654472352,ships,0.0
542e6c911.jpg,36.0,True,0.8880316615104675,ships,0.0
54391cb81.jpg,10.000128,True,0.359988808631897,ships,0.0
543d39900.jpg,203.000064,True,0.9066966772079468,ships,0.0
5442b4e2d.jpg,80.000256,True,0.8754510879516602,ships,0.0
5442b4e2d.jpg,72.99993599999999,True,0.8326117396354675,ships,0.0
5442b4e2d.jpg,135.999744,True,0.8465134501457214,ships,0.0
5451810a9.jpg,20.000256,True,0.3264710307121277,ships,0.0
545a56afc.jpg,79.00032,True,0.7967398166656494,ships,0.0
545a56afc.jpg,38.999808,True,0.7914669513702393,ships,0.0
54604a0a5.jpg,35.000064,False,0.0,ships,0.0
54604a0a5.jpg,21.000192,True,0.1417511254549026,ships,0.0
5479776f5.jpg,13.999872,False,0.0,coast,0.0
5479776f5.jpg,272.00025600000004,True,0.931077003479004,coast,0.0
54a4f358a.jpg,27.999744,True,0.5519452095031738,ships,0.0
54e8ae406.jpg,12.0,True,0.4169856011867523,coast,0.006237453884548611
54e8ae406.jpg,12.0,True,0.0595218986272811,coast,0.006237453884548611
54e8ae406.jpg,12.0,True,0.2774951457977295,coast,0.006237453884548611
54e8ae406.jpg,14.999808,True,0.2628026604652405,coast,0.006237453884548611
54f26faa5.jpg,12.999936000000002,True,0.3504329025745392,ships,0.0
54f26faa5.jpg,179.000064,True,0.8171231150627136,ships,0.0
54f26faa5.jpg,92.000256,True,0.7762286067008972,ships,0.0
54f26faa5.jpg,87.999744,True,0.8764482736587524,ships,0.0
54f4d4f03.jpg,76.99968,True,0.8177390694618225,ships,0.0
550e65871.jpg,46.000128,True,0.7822537422180176,coast,0.0
550e65871.jpg,43.00032,True,0.8263242840766907,coast,0.0
550e65871.jpg,46.000128,True,0.8388663530349731,coast,0.0
5517c5e5b.jpg,24.999936,True,0.6669759154319763,ships,0.0
5517c5e5b.jpg,27.999744,True,0.8085022568702698,ships,0.0
5517c5e5b.jpg,108.0,True,0.8825669288635254,ships,0.0
5517c5e5b.jpg,23.000064,True,0.5600277781486511,ships,0.0
5517c5e5b.jpg,122.999808,True,0.8575053811073303,ships,0.0
5517c5e5b.jpg,19.00032,True,0.4805336594581604,ships,0.0
5517c5e5b.jpg,24.0,True,0.392341136932373,ships,0.0
5517c5e5b.jpg,112.99967999999998,True,0.8989428877830505,ships,0.0
5517c5e5b.jpg,109.999872,True,0.8304157853126526,ships,0.0
551b423fe.jpg,203.000064,True,0.8883839249610901,ships,0.0
5545f84bc.jpg,11.000064,True,0.6490614414215088,ships,0.0
554d79bcb.jpg,167.000064,True,0.8655027747154236,ships,0.0
556c9f4ec.jpg,9.000192,True,0.306025743484497,ships,0.0
557bf583e.jpg,8.000256,True,0.1848654299974441,ships,0.0
557bf583e.jpg,5.9996160000000005,False,0.0,ships,0.0
557bf583e.jpg,10.000128,True,0.0654511377215385,ships,0.0
557bf583e.jpg,7.00032,True,0.1648640036582946,ships,0.0
557bf583e.jpg,5.9996160000000005,True,0.064813308417797,ships,0.0
557bf583e.jpg,8.000256,True,0.2500002682209015,ships,0.0
557bf583e.jpg,9.000192,True,0.2503665685653686,ships,0.0
557bf583e.jpg,10.000128,True,0.4692466557025909,ships,0.0
557bf583e.jpg,16.999679999999998,True,0.3646605610847473,ships,0.0
557bf583e.jpg,7.00032,True,0.2260612547397613,ships,0.0
557bf583e.jpg,8.000256,True,0.0868016257882118,ships,0.0
557bf583e.jpg,12.0,True,0.5699414610862732,ships,0.0
558022404.jpg,147.999744,True,0.8294673562049866,coast,0.0
55a95a0da.jpg,12.0,True,0.2357401102781295,ships,0.0
55ab796d2.jpg,43.00032,False,0.0,coast,0.19986470540364584
55de990d5.jpg,18.000384,True,0.3423879146575928,ships,0.0
55e23a0ba.jpg,15.999744,False,0.0,ships,0.0
55e23a0ba.jpg,19.00032,True,0.1180337443947792,ships,0.0
55e23a0ba.jpg,22.000128,True,0.0684401392936706,ships,0.0
55e23a0ba.jpg,12.0,False,0.0,ships,0.0
55e23a0ba.jpg,10.000128,True,0.5314964056015015,ships,0.0
55e23a0ba.jpg,50.999808,True,0.7300542593002319,ships,0.0
55e23a0ba.jpg,71.00006400000001,True,0.6885459423065186,ships,0.0
55e23a0ba.jpg,15.999744,True,0.1147588044404983,ships,0.0
55e23a0ba.jpg,12.999936000000002,True,0.4263693988323211,ships,0.0
55e23a0ba.jpg,9.000192,True,0.57093346118927,ships,0.0
55e23a0ba.jpg,12.999936000000002,False,0.0,ships,0.0
55e23a0ba.jpg,50.999808,True,0.8211656808853149,ships,0.0
55e23a0ba.jpg,11.000064,False,0.0,ships,0.0
55e23a0ba.jpg,12.999936000000002,False,0.0,ships,0.0
55e23a0ba.jpg,14.999808,False,0.0,ships,0.0
55e96dc18.jpg,15.999744,True,0.3853441774845123,ships,0.0
55eff49e8.jpg,180.999936,True,0.8394185304641724,ships,0.0
55f15197a.jpg,160.99967999999998,True,0.8909374475479126,ships,0.0
55f238f2c.jpg,26.999808,True,0.0533837117254734,ships,0.0
55f238f2c.jpg,60.999936,True,0.8101121187210083,ships,0.0
56178ee20.jpg,59.000064,True,0.7300723195075989,coast,0.0
56178ee20.jpg,60.999936,True,0.4209089577198028,coast,0.0
56178ee20.jpg,58.000128,True,0.7377204298973083,coast,0.0
56178ee20.jpg,57.000192,True,0.6465851068496704,coast,0.0
56178ee20.jpg,57.000192,True,0.4797283709049225,coast,0.0
56178ee20.jpg,53.999616,True,0.7328835725784302,coast,0.0
5619ffe4d.jpg,18.000384,True,0.345870167016983,ships,0.0
5623df1aa.jpg,10.000128,False,0.0,coast,0.0
56317f238.jpg,44.000256,True,0.7850981950759888,ships,0.0
56389fabe.jpg,8.000256,True,0.5485823750495911,ships,0.0
5648b7b15.jpg,13.999872,True,0.2749220728874206,ships,0.0
564e51762.jpg,80.000256,True,0.7606894373893738,ships,0.0
565df2a34.jpg,18.000384,False,0.0,coast,0.7350701226128472
565df2a34.jpg,23.000064,False,0.0,coast,0.7350701226128472
566a63bf9.jpg,7.00032,False,0.0,ships,0.0843471950954861
5676dac91.jpg,12.0,True,0.6118083000183105,ships,0.030309041341145832
5676dac91.jpg,2.9998080000000003,False,0.0,ships,0.030309041341145832
5676dac91.jpg,16.999679999999998,True,0.6631913185119629,ships,0.030309041341145832
5676dac91.jpg,21.000192,True,0.6925540566444397,ships,0.030309041341145832
5676dac91.jpg,16.999679999999998,True,0.1190499514341354,ships,0.030309041341145832
5676dac91.jpg,14.999808,True,0.645904541015625,ships,0.030309041341145832
5676dac91.jpg,22.000128,True,0.1707160919904709,ships,0.030309041341145832
5676dac91.jpg,18.000384,True,0.6885072588920593,ships,0.030309041341145832
5676dac91.jpg,16.999679999999998,False,0.0,ships,0.030309041341145832
5676dac91.jpg,16.999679999999998,True,0.6548608541488647,ships,0.030309041341145832
5676dac91.jpg,19.00032,True,0.2818926274776459,ships,0.030309041341145832
5676dac91.jpg,12.0,False,0.0,ships,0.030309041341145832
5676dac91.jpg,13.999872,False,0.0,ships,0.030309041341145832
5676dac91.jpg,18.000384,True,0.6774606704711914,ships,0.030309041341145832
569d2bbea.jpg,48.999936,True,0.5826500058174133,ships,0.0
56b0644e9.jpg,15.999744,True,0.0686886087059974,ships,0.0
56c76ee08.jpg,49.999872,True,0.8782542943954468,ships,0.0
56c76ee08.jpg,10.000128,True,0.168609619140625,ships,0.0
56c76ee08.jpg,50.999808,True,0.8200125098228455,ships,0.0
56c76ee08.jpg,43.00032,True,0.6964147686958313,ships,0.0
56c76ee08.jpg,14.999808,True,0.2376937568187713,ships,0.0
56c76ee08.jpg,48.0,True,0.8456293940544128,ships,0.0
56d712106.jpg,12.0,True,0.0730524063110351,ships,0.0
56eb29104.jpg,19.00032,True,0.4319343268871307,ships,0.0
5704b4870.jpg,19.00032,False,0.0,coast,0.0
5704b4870.jpg,50.999808,True,0.7925652265548706,coast,0.0
5704b4870.jpg,67.00032,True,0.7733434438705444,coast,0.0
5704b4870.jpg,52.99968,True,0.7610788941383362,coast,0.0
5704b4870.jpg,18.000384,True,0.272875428199768,coast,0.0
5704b4870.jpg,12.0,False,0.0,coast,0.0
5704b4870.jpg,12.0,False,0.0,coast,0.0
570fec891.jpg,27.999744,True,0.4694202840328216,coast,0.0
571d65401.jpg,12.0,True,0.2747182250022888,ships,0.0
573cd511c.jpg,72.0,True,0.7951268553733826,coast,0.0
573cd511c.jpg,250.000128,True,0.9517862200737,coast,0.0
57468bf12.jpg,84.99993599999999,True,0.8944562673568726,coast,0.0
575f08435.jpg,226.000128,True,0.9463335275650024,ships,0.0
575f08435.jpg,68.000256,True,0.7523524761199951,ships,0.0
57610d682.jpg,18.000384,True,0.3836715221405029,ships,0.0
5775eda78.jpg,278.99980800000003,True,0.9619569182395936,ships,0.0
577f495a3.jpg,28.99968,True,0.7622829079627991,ships,0.0
579710af7.jpg,96.0,True,0.8365528583526611,ships,0.0
57da7c3ba.jpg,19.00032,True,0.1393978595733642,coast,0.0
57db7dee0.jpg,26.999808,True,0.6487900018692017,ships,0.0
57db7dee0.jpg,60.0,True,0.6510011553764343,ships,0.0
57db7dee0.jpg,83.00006400000001,True,0.8393875360488892,ships,0.0
580460a3c.jpg,80.000256,True,0.9066188931465148,coast,0.0
58132f5da.jpg,11.000064,False,0.0,coast,0.0
58132f5da.jpg,10.000128,False,0.0,coast,0.0
582793043.jpg,132.999936,True,0.9257188439369202,ships,0.0
583975b3c.jpg,42.000384,True,0.3973933756351471,coast,0.0
583975b3c.jpg,48.0,True,0.741276204586029,coast,0.0
583975b3c.jpg,50.999808,True,0.3076033294200897,coast,0.0
583975b3c.jpg,50.999808,True,0.4828448891639709,coast,0.0
583975b3c.jpg,21.000192,True,0.0902961567044258,coast,0.0
583975b3c.jpg,23.000064,True,0.6206108331680298,coast,0.0
58478be45.jpg,152.000256,True,0.7354772686958313,ships,0.0
5857a91a0.jpg,13.999872,True,0.2645032405853271,ships,0.0
585d347ae.jpg,3.999744,False,0.0,ships,0.0
585d347ae.jpg,13.999872,True,0.4360323250293731,ships,0.0
585def405.jpg,9.000192,True,0.3970794081687927,ships,0.0
586c3b15d.jpg,29.999616,True,0.2400904893875122,ships,0.0
587e9ce0c.jpg,24.999936,True,0.6977807283401489,ships,0.0
587f05106.jpg,32.000256,True,0.6379486918449402,ships,0.0
5882eaf47.jpg,19.00032,True,0.4338948130607605,ships,0.0
58895f2ef.jpg,99.999744,True,0.8384008407592773,ships,0.0
588ae766a.jpg,28.99968,True,0.1337544173002243,ships,0.1884494357638889
588ae766a.jpg,46.000128,True,0.6217889189720154,ships,0.1884494357638889
588ae766a.jpg,47.000064,True,0.6509742736816406,ships,0.1884494357638889
588ae766a.jpg,38.999808,True,0.313141793012619,ships,0.1884494357638889
588ae766a.jpg,40.99968,True,0.1613531410694122,ships,0.1884494357638889
588ae766a.jpg,46.000128,True,0.4855184555053711,ships,0.1884494357638889
58acb8a45.jpg,29.999616,False,0.0,ships,0.0
58b878cb9.jpg,157.99987199999998,True,0.8668690919876099,ships,0.0
58b878cb9.jpg,93.000192,True,0.858435332775116,ships,0.0
58b878cb9.jpg,82.000128,True,0.4795336723327636,ships,0.0
58cab45c3.jpg,94.000128,True,0.8749765753746033,coast,0.0
58cab45c3.jpg,104.000256,True,0.8870751261711121,coast,0.0
58f8fb3e8.jpg,39.999744,True,0.7748430371284485,coast,0.0
590d5161f.jpg,70.000128,True,0.8655077219009399,ships,0.0
590d5161f.jpg,71.00006400000001,True,0.88480144739151,ships,0.0
591cc837a.jpg,11.000064,False,0.0,ships,0.0
592fea2dd.jpg,11.000064,True,0.3564845025539398,ships,0.0
59478f3f5.jpg,9.000192,True,0.3602601885795593,coast,0.0
596092e66.jpg,12.999936000000002,False,0.0,coast,0.0
5960c09d9.jpg,204.0,True,0.849727213382721,coast,0.0
5960c09d9.jpg,272.00025600000004,True,0.9380745887756348,coast,0.0
5974abe64.jpg,16.999679999999998,True,0.5363969802856445,ships,0.0
5974abe64.jpg,12.0,True,0.3935074806213379,ships,0.0
59839bb17.jpg,36.999936,True,0.6607799530029297,ships,0.0
59839bb17.jpg,77.999616,True,0.8761156797409058,ships,0.0
59839bb17.jpg,36.999936,True,0.1974873691797256,ships,0.0
599bd10c7.jpg,19.00032,True,0.1723672598600387,ships,0.0
59a1be1f9.jpg,12.999936000000002,True,0.3159842193126678,ships,0.0
59bb7d5b8.jpg,59.000064,True,0.892234742641449,ships,0.0
59bf5d1b7.jpg,85.999872,True,0.9001582264900208,ships,0.0
59c472665.jpg,22.000128,True,0.4317912459373474,ships,0.0
59c89fe1a.jpg,114.000384,True,0.8194913864135742,ships,0.0
59e406b7e.jpg,14.999808,True,0.4651878178119659,ships,0.0
59f4e4cf9.jpg,11.000064,True,0.1980792582035064,ships,0.0
59f4e4cf9.jpg,4.99968,False,0.0,ships,0.0
5a167eb1f.jpg,136.99967999999998,True,0.8593884706497192,coast,0.0
5a167eb1f.jpg,60.999936,True,0.8444440960884094,coast,0.0
5a167eb1f.jpg,72.0,True,0.7979960441589355,coast,0.0
5a243dfc1.jpg,7.00032,False,0.0,ships,0.0
5a51097a5.jpg,59.000064,True,0.889499306678772,ships,0.0
5a515f355.jpg,11.000064,True,0.3033711016178131,ships,0.0
5a515f355.jpg,74.999808,True,0.7881092429161072,ships,0.0
5a5775ea1.jpg,84.99993599999999,True,0.6734205484390259,coast,0.0
5a5dd5955.jpg,12.999936000000002,True,0.1846308559179306,coast,0.0
5a5e8d038.jpg,76.99968,True,0.8266789317131042,ships,0.0
5a5e8d038.jpg,19.00032,True,0.1017492711544036,ships,0.0
5a6a1958b.jpg,18.000384,True,0.390602171421051,ships,0.0
5a6a1958b.jpg,88.99968,True,0.7704082131385803,ships,0.0
5a92876a4.jpg,132.999936,True,0.9231707453727722,ships,0.0
5aaccbeb9.jpg,19.00032,False,0.0,coast,0.0
5acfea976.jpg,62.999808,True,0.8532083630561829,ships,0.0
5acfea976.jpg,72.99993599999999,True,0.8491314649581909,ships,0.0
5ae8a36e7.jpg,24.999936,True,0.159871757030487,ships,0.0
5afcf25e6.jpg,13.999872,True,0.2382746040821075,coast,0.0
5b1a9d6d2.jpg,76.99968,True,0.8307217955589294,ships,0.0
5b1a9d6d2.jpg,21.000192,True,0.4004271626472473,ships,0.0
5b2ec9852.jpg,20.000256,True,0.5842292904853821,ships,0.0
5b2ec9852.jpg,142.00012800000002,True,0.8875462412834167,ships,0.0
5b2ec9852.jpg,22.000128,True,0.4970133900642395,ships,0.0
5b5ee5ecb.jpg,87.999744,True,0.9047448635101318,ships,0.0
5b5ee5ecb.jpg,272.00025600000004,True,0.91351717710495,ships,0.0
5b5efcd3a.jpg,37.999872,True,0.703689694404602,ships,0.0
5b5efcd3a.jpg,21.000192,True,0.64055997133255,ships,0.0
5b5efcd3a.jpg,85.999872,True,0.9055345058441162,ships,0.0
5b5efcd3a.jpg,145.99987199999998,True,0.8822899460792542,ships,0.0
5b686f606.jpg,179.000064,True,0.8525145053863525,ships,0.0
5b8112f79.jpg,12.0,False,0.0,coast,0.0
5b8d4908d.jpg,20.000256,True,0.382535457611084,coast,0.0
5b8d4908d.jpg,18.000384,True,0.1789675056934356,coast,0.0
5b91642be.jpg,24.999936,True,0.1357071548700332,coast,0.0
5b9a12be9.jpg,14.999808,True,0.2445603013038635,ships,0.0
5ba195ac8.jpg,62.999808,True,0.7719770669937134,ships,0.0
5ba195ac8.jpg,29.999616,True,0.6647918224334717,ships,0.0
5ba9557ef.jpg,10.000128,True,0.0530286394059658,coast,0.0
5ba9557ef.jpg,70.000128,False,0.0,coast,0.0
5ba9557ef.jpg,14.999808,False,0.0,coast,0.0
5ba9557ef.jpg,22.000128,True,0.4559247493743896,coast,0.0
5ba9557ef.jpg,11.000064,True,0.0990471318364143,coast,0.0
5ba9557ef.jpg,12.0,False,0.0,coast,0.0
5ba9557ef.jpg,13.999872,False,0.0,coast,0.0
5ba9557ef.jpg,8.000256,True,0.1246493905782699,coast,0.0
5ba9557ef.jpg,12.0,True,0.1036128997802734,coast,0.0
5ba9557ef.jpg,9.000192,False,0.0,coast,0.0
5ba9557ef.jpg,97.999872,True,0.1522697508335113,coast,0.0
5ba9557ef.jpg,29.999616,False,0.0,coast,0.0
5ba9557ef.jpg,10.000128,True,0.0926646888256073,coast,0.0
5ba9557ef.jpg,11.000064,False,0.0,coast,0.0
5ba9557ef.jpg,11.000064,True,0.1372841298580169,coast,0.0
5bd3a9e70.jpg,12.999936000000002,True,0.2655355036258697,ships,0.0
5bfdbe3f2.jpg,96.0,True,0.8910819292068481,ships,0.0
5c1a4ef79.jpg,9.000192,False,0.0,ships,0.0
5c1c6a22d.jpg,55.00032,True,0.7828053832054138,ships,0.0
5c1c6a22d.jpg,53.999616,True,0.7826063632965088,ships,0.0
5c1ebb538.jpg,134.999808,True,0.8308476209640503,ships,0.0
5c2166eeb.jpg,120.999936,True,0.8241222500801086,coast,0.0
5c26ac9cb.jpg,39.999744,True,0.3926490545272827,coast,0.0
5c29df2f0.jpg,158.999808,True,0.9188324809074402,ships,0.0
5c378381f.jpg,8.000256,True,0.1511970609426498,ships,0.0
5c3b38449.jpg,33.000192,True,0.3945870399475097,coast,0.7898898654513888
5c48ac422.jpg,9.000192,True,0.1050403416156768,ships,0.0
5c48ac422.jpg,4.99968,False,0.0,ships,0.0
5c48ac422.jpg,8.000256,True,0.1951271146535873,ships,0.0
5c48ac422.jpg,8.000256,True,0.2676077485084533,ships,0.0
5c48ac422.jpg,7.00032,True,0.4410908818244934,ships,0.0
5c512aff1.jpg,67.00032,True,0.847107470035553,coast,0.0
5c512aff1.jpg,61.999872,True,0.1895254850387573,coast,0.0
5c512aff1.jpg,165.000192,True,0.8675094246864319,coast,0.0
5c512aff1.jpg,67.00032,True,0.1720824241638183,coast,0.0
5c512aff1.jpg,59.000064,True,0.6849110126495361,coast,0.0
5c512aff1.jpg,52.99968,False,0.0,coast,0.0
5c6268e92.jpg,124.99967999999998,True,0.900031328201294,ships,0.0
5c6a26d22.jpg,79.00032,True,0.8883435130119324,ships,0.0
5c6a26d22.jpg,59.000064,True,0.76927649974823,ships,0.0
5c89344fa.jpg,39.999744,True,0.0675644725561142,ships,0.0
5c9fae21c.jpg,18.000384,True,0.3814197182655334,ships,0.0
5cd6511f8.jpg,3.999744,False,0.0,coast,0.0
5ce319150.jpg,25.999872000000003,True,0.0541766136884689,ships,0.0
5d13bfeca.jpg,33.000192,True,0.6969484090805054,ships,0.005238850911458333
5d13bfeca.jpg,12.0,False,0.0,ships,0.005238850911458333
5d13bfeca.jpg,10.000128,False,0.0,ships,0.005238850911458333
5d13bfeca.jpg,12.999936000000002,True,0.2791754901409149,ships,0.005238850911458333
5d171e4ac.jpg,73.999872,True,0.5787765383720398,ships,0.0
5d171e4ac.jpg,20.000256,True,0.3444237411022186,ships,0.0
5d171e4ac.jpg,12.999936000000002,True,0.3484664857387543,ships,0.0
5d34a48b8.jpg,152.000256,True,0.9153667688369752,ships,0.0
5d34a48b8.jpg,26.999808,True,0.7206689715385437,ships,0.0
5d34a48b8.jpg,74.999808,True,0.7735382318496704,ships,0.0
5d34a48b8.jpg,72.99993599999999,True,0.8954045176506042,ships,0.0
5d34a48b8.jpg,70.000128,True,0.8592891693115234,ships,0.0
5d34a48b8.jpg,72.99993599999999,True,0.9007687568664552,ships,0.0
5d44cf827.jpg,123.999744,True,0.9097868800163268,ships,0.0
5d44cf827.jpg,26.999808,True,0.3090359270572662,ships,0.0
5d44cf827.jpg,147.999744,True,0.9171838164329528,ships,0.0
5d44cf827.jpg,15.999744,True,0.357193648815155,ships,0.0
5d518d410.jpg,261.000192,True,0.8848249912261963,coast,0.0
5d580dbe1.jpg,14.999808,True,0.6252807974815369,ships,0.0
5d6757316.jpg,81.000192,True,0.7628948092460632,coast,0.0
5d6757316.jpg,73.999872,True,0.7324981093406677,coast,0.0
5d6d16fbc.jpg,157.99987199999998,True,0.8782734274864197,ships,0.0
5da7d74ab.jpg,51.99974400000001,True,0.6429678201675415,coast,0.0
5da7d74ab.jpg,96.999936,True,0.8069738745689392,coast,0.0
5da7d74ab.jpg,64.99968,True,0.7033016681671143,coast,0.0
5da7d74ab.jpg,72.0,True,0.7064982056617737,coast,0.0
5da7d74ab.jpg,24.999936,True,0.279358834028244,coast,0.0
5da7d74ab.jpg,72.99993599999999,True,0.7843561172485352,coast,0.0
5da7d74ab.jpg,43.00032,True,0.2628354430198669,coast,0.0
5e02a0604.jpg,26.999808,False,0.0,ships,0.0
5e05db88b.jpg,158.999808,True,0.9131180047988892,ships,0.0
5e05db88b.jpg,15.999744,True,0.612150251865387,ships,0.0
5e0b48427.jpg,13.999872,False,0.0,ships,0.0
5e10b2a05.jpg,207.999744,True,0.8935624361038208,ships,0.0
5e18d3150.jpg,10.000128,False,0.0,coast,0.6700625949435763
5e1b9f458.jpg,43.00032,True,0.3857716023921966,ships,0.0
5e1b9f458.jpg,36.0,True,0.1405514776706695,ships,0.0
5e1b9f458.jpg,37.999872,True,0.5525840520858765,ships,0.0
5e1b9f458.jpg,40.99968,True,0.5135539174079895,ships,0.0
5e1b9f458.jpg,31.00032,True,0.168749913573265,ships,0.0
5e1b9f458.jpg,59.000064,True,0.7863649725914001,ships,0.0
5e2ecc92b.jpg,23.000064,True,0.3659462630748749,ships,0.0
5e31f3b00.jpg,133.99987199999998,True,0.889610230922699,coast,0.0
5e31f3b00.jpg,67.00032,True,0.8430188298225403,coast,0.0
5e31f3b00.jpg,76.99968,True,0.7609742879867554,coast,0.0
5e31f3b00.jpg,155.000064,True,0.8356978297233582,coast,0.0
5e4318f79.jpg,58.000128,True,0.8467814922332764,ships,0.0
5e4318f79.jpg,58.000128,True,0.9101264476776124,ships,0.0
5e4389b28.jpg,28.99968,True,0.7722808718681335,ships,0.0
5e4b96122.jpg,111.999744,True,0.8676088452339172,coast,0.0
5e61b3464.jpg,42.000384,False,0.0,ships,0.0
5e7670d13.jpg,21.000192,True,0.1431092172861099,ships,0.0
5e76f1c26.jpg,16.999679999999998,True,0.4013035297393799,ships,0.0
5e76f1c26.jpg,114.000384,True,0.8171558976173401,ships,0.0
5e76f1c26.jpg,12.999936000000002,True,0.4177096784114837,ships,0.0
5e76f1c26.jpg,12.999936000000002,True,0.0665864050388336,ships,0.0
5e76f1c26.jpg,12.999936000000002,True,0.3153029382228851,ships,0.0
5e7e13572.jpg,26.999808,True,0.3812085390090942,ships,0.0
5e7e13572.jpg,46.000128,True,0.7740946412086487,ships,0.0
5eb0a58bc.jpg,75.999744,True,0.8270831108093262,ships,0.0
5eb713fd8.jpg,130.00012800000002,True,0.8388354778289795,coast,0.0
5ec7f2338.jpg,181.999872,True,0.8105584383010864,ships,0.0
5ec7f2338.jpg,87.999744,True,0.7914831042289734,ships,0.0
5ec7f2338.jpg,197.999616,True,0.833977997303009,ships,0.0
5ecea870b.jpg,11.000064,False,0.0,ships,0.0
5ecea870b.jpg,12.0,True,0.1813893467187881,ships,0.0
5ecea870b.jpg,140.000256,True,0.8691264986991882,ships,0.0
5ecea870b.jpg,136.99967999999998,True,0.8081164956092834,ships,0.0
5ecea870b.jpg,15.999744,True,0.1096199303865432,ships,0.0
5ed922c43.jpg,196.99968,True,0.8071000576019287,ships,0.0
5ef3977df.jpg,16.999679999999998,True,0.4260004460811615,ships,0.0
5ef5e8aa9.jpg,31.00032,True,0.4219090640544891,ships,0.0
5ef5e8aa9.jpg,16.999679999999998,True,0.0535543523728847,ships,0.0
5ef5e8aa9.jpg,15.999744,True,0.186919167637825,ships,0.0
5ef5e8aa9.jpg,32.000256,False,0.0,ships,0.0
5ef5e8aa9.jpg,49.999872,True,0.6176434755325317,ships,0.0
5ef5e8aa9.jpg,15.999744,True,0.2594451606273651,ships,0.0
5ef5e8aa9.jpg,18.000384,False,0.0,ships,0.0
5ef5e8aa9.jpg,15.999744,False,0.0,ships,0.0
5ef5e8aa9.jpg,15.999744,True,0.1821683496236801,ships,0.0
5ef5e8aa9.jpg,45.000192,True,0.6142023801803589,ships,0.0
5efecf273.jpg,195.999744,True,0.8776024580001831,ships,0.0
5efee2828.jpg,192.0,True,0.9201555252075196,ships,0.0
5f1817b60.jpg,101.999616,True,0.9099184274673462,coast,0.0
5f4ad3032.jpg,39.999744,True,0.5886096358299255,ships,0.0
5f4ad3032.jpg,49.999872,True,0.6420690417289734,ships,0.0
5f4ad3032.jpg,162.000384,True,0.8671146631240845,ships,0.0
5f4ad3032.jpg,53.999616,True,0.737425684928894,ships,0.0
5f4ad3032.jpg,49.999872,True,0.6726609468460083,ships,0.0
5f4ad3032.jpg,60.0,True,0.0543348379433155,ships,0.0
5f525b723.jpg,72.0,True,0.8261491656303406,ships,0.10873921712239583
5f7482430.jpg,12.999936000000002,True,0.6296054124832153,coast,0.0
5f7482430.jpg,11.000064,True,0.6202743649482727,coast,0.0
5f7482430.jpg,9.000192,True,0.6873525381088257,coast,0.0
5f7482430.jpg,8.000256,True,0.5023443698883057,coast,0.0
5fac14abb.jpg,156.999936,True,0.8760749101638794,ships,0.0
5fac14abb.jpg,57.000192,False,0.0,ships,0.0
5fac14abb.jpg,14.999808,True,0.4425174593925476,ships,0.0
5fac14abb.jpg,88.99968,True,0.8711495995521545,ships,0.0
5fad659cd.jpg,36.999936,True,0.6699817776679993,coast,0.0
5fad659cd.jpg,38.999808,True,0.7402953505516052,coast,0.0
5fb258778.jpg,16.999679999999998,True,0.5854377150535583,ships,0.0
5fb258778.jpg,8.000256,False,0.0,ships,0.0
5fb258778.jpg,10.000128,True,0.2882592678070068,ships,0.0
5fbe0d723.jpg,25.999872000000003,True,0.7708120346069336,ships,0.0
5fbe0d723.jpg,19.00032,True,0.0876700356602668,ships,0.0
5fbe0d723.jpg,22.000128,True,0.7489157915115356,ships,0.0
5fbe0d723.jpg,18.000384,True,0.5201994776725769,ships,0.0
5fbe53511.jpg,97.999872,True,0.7982261180877686,ships,0.1612209743923611
5fc456f68.jpg,208.99968,True,0.9356786608695984,ships,0.0
5fd44dd8b.jpg,15.999744,True,0.3932723701000213,ships,0.0
5fe620edf.jpg,16.999679999999998,True,0.4981112480163574,ships,0.0
5fe8fdae8.jpg,154.00012800000002,True,0.925163984298706,ships,0.0
5fffefe8f.jpg,44.000256,True,0.6136250495910645,ships,0.0
600bfedf2.jpg,24.0,True,0.337768405675888,coast,0.0
600bfedf2.jpg,16.999679999999998,True,0.1992743611335754,coast,0.0
600bfedf2.jpg,50.999808,True,0.8235374689102173,coast,0.0
600bfedf2.jpg,32.000256,True,0.6601266264915466,coast,0.0
6013e1698.jpg,86.999808,True,0.8200342655181885,coast,0.0
6013e1698.jpg,7.00032,False,0.0,coast,0.0
60338a3a3.jpg,36.999936,True,0.2801174521446228,coast,0.0
605df5867.jpg,125.999616,True,0.8955065011978149,ships,0.0
605df5867.jpg,20.000256,True,0.1145545989274978,ships,0.0
6071c4d05.jpg,186.000384,True,0.7858393788337708,ships,0.0
607a6818b.jpg,217.999872,True,0.8795114755630493,coast,0.0
608183831.jpg,163.00032000000002,True,0.9110493659973145,ships,0.0
6084eb347.jpg,29.999616,True,0.4679630398750305,coast,0.0
6084eb347.jpg,28.99968,True,0.4935766756534576,coast,0.0
6084eb347.jpg,33.000192,True,0.6067183017730713,coast,0.0
6084eb347.jpg,23.000064,True,0.28135746717453,coast,0.0
6084eb347.jpg,27.999744,True,0.3137699663639068,coast,0.0
6084eb347.jpg,31.00032,True,0.4936133921146393,coast,0.0
6086db4b3.jpg,92.000256,True,0.8730762004852295,ships,0.0
60c19b344.jpg,162.000384,True,0.8948885202407837,ships,0.0
60d951c13.jpg,16.999679999999998,True,0.5626667737960815,ships,0.0
60fb74cec.jpg,14.999808,True,0.3726803362369537,ships,0.0
60fca886c.jpg,88.99968,True,0.3615019023418426,coast,0.0
6109bea53.jpg,45.000192,True,0.2317622601985931,coast,0.0
611b87d1b.jpg,151.00032000000002,True,0.7865037322044373,ships,0.0
611b87d1b.jpg,210.000384,True,0.9216197729110718,ships,0.0
611bdd0f6.jpg,46.000128,True,0.6744683980941772,coast,0.0
611bdd0f6.jpg,124.99967999999998,True,0.8734686970710754,coast,0.0
611c6d977.jpg,9.000192,True,0.4622261524200439,ships,0.0
611c6d977.jpg,8.000256,True,0.4061172306537628,ships,0.0
612f58fd0.jpg,84.99993599999999,True,0.6297443509101868,ships,0.0
612f58fd0.jpg,55.00032,True,0.6547755002975464,ships,0.0
612f58fd0.jpg,38.999808,True,0.4487312138080597,ships,0.0
61482ae75.jpg,10.000128,False,0.0,ships,0.018688625759548612
6171d14ca.jpg,79.00032,True,0.7475853562355042,coast,0.0
6192d732b.jpg,191.000064,True,0.7408639192581177,coast,0.0
6192d732b.jpg,250.000128,True,0.7543937563896179,coast,0.0
619969782.jpg,10.000128,True,0.1415605992078781,ships,0.0
61b351949.jpg,130.00012800000002,True,0.8980567455291748,ships,0.0
61b351949.jpg,16.999679999999998,True,0.3971821665763855,ships,0.0
61b63d0b4.jpg,24.999936,True,0.1508044153451919,coast,0.0
61b77138e.jpg,18.000384,False,0.0,coast,0.0
61b798331.jpg,22.000128,True,0.1641295999288559,ships,0.0
61bca572a.jpg,25.999872000000003,True,0.4765721559524536,ships,0.0
61d58ee7b.jpg,67.00032,True,0.8332089185714722,ships,0.0
61dc40fd1.jpg,194.99980800000003,True,0.9021501541137696,coast,0.0
61dc82daf.jpg,77.999616,True,0.6176193952560425,coast,0.0
61df3baf8.jpg,204.999936,True,0.8863098621368408,ships,0.0
61e0635a9.jpg,83.00006400000001,True,0.9037789702415466,ships,0.0
61ead3a8f.jpg,12.0,True,0.6695324778556824,coast,0.0
61ead3a8f.jpg,12.999936000000002,True,0.1788212656974792,coast,0.0
61eea7bd2.jpg,38.999808,True,0.4338630139827728,ships,0.0
61f4b7093.jpg,109.999872,True,0.9006104469299316,ships,0.0
61fef9752.jpg,55.00032,True,0.8345506191253662,ships,0.0
620efe0a7.jpg,96.0,True,0.7223320007324219,coast,0.0
622d6d0d4.jpg,14.999808,True,0.1049410477280616,ships,0.0
624499178.jpg,11.000064,False,0.0,coast,0.0
624499178.jpg,12.0,False,0.0,coast,0.0
624499178.jpg,11.000064,False,0.0,coast,0.0
624499178.jpg,12.999936000000002,True,0.1060820594429969,coast,0.0
624499178.jpg,12.0,True,0.1107128337025642,coast,0.0
624499178.jpg,10.000128,False,0.0,coast,0.0
624499178.jpg,10.000128,False,0.0,coast,0.0
624499178.jpg,9.000192,False,0.0,coast,0.0
624499178.jpg,14.999808,True,0.065731756389141,coast,0.0
6258df304.jpg,10.000128,True,0.3492478728294372,ships,0.0
6258df304.jpg,10.000128,True,0.5683544874191284,ships,0.0
6260359bc.jpg,93.000192,True,0.8582920432090759,ships,0.0
627b570cb.jpg,112.99967999999998,True,0.8894083499908447,ships,0.0
628bda4f0.jpg,129.000192,True,0.8405269980430603,ships,0.0
628bda4f0.jpg,12.999936000000002,True,0.4458773136138916,ships,0.0
629e69227.jpg,201.000192,True,0.8660066723823547,ships,0.0
62b783d1a.jpg,224.000256,True,0.7966124415397644,ships,0.0
62bb9b5ca.jpg,10.000128,False,0.0,coast,0.8961012098524306
62bebb389.jpg,73.999872,True,0.8345270752906799,ships,0.0
62bebb389.jpg,38.999808,True,0.7031379342079163,ships,0.0
62c360fc7.jpg,45.000192,True,0.82887864112854,ships,0.0
62ccf1448.jpg,5.9996160000000005,False,0.0,ships,0.0
62dc7c9bc.jpg,39.999744,False,0.0,coast,0.0659976535373264
62dc7c9bc.jpg,47.000064,True,0.1809982657432556,coast,0.0659976535373264
62dc7c9bc.jpg,45.000192,False,0.0,coast,0.0659976535373264
62dc7c9bc.jpg,45.000192,False,0.0,coast,0.0659976535373264
62dc7c9bc.jpg,53.999616,True,0.6454514861106873,coast,0.0659976535373264
62dc7c9bc.jpg,61.999872,True,0.3729799389839172,coast,0.0659976535373264
62dc7c9bc.jpg,56.00025599999999,False,0.0,coast,0.0659976535373264
62faad686.jpg,179.000064,True,0.9133879542350768,ships,0.0
62fbfe8e6.jpg,158.999808,True,0.8943614959716797,coast,0.0
6309f9044.jpg,5.9996160000000005,False,0.0,ships,0.0
6323b94b0.jpg,16.999679999999998,True,0.1102151721715927,ships,0.0
6323b94b0.jpg,63.99974400000001,True,0.7489783763885498,ships,0.0
6323b94b0.jpg,13.999872,True,0.5299915671348572,ships,0.0
63340414f.jpg,134.999808,True,0.7494860291481018,ships,0.0
63340414f.jpg,82.000128,True,0.7605855464935303,ships,0.0
633b0cc46.jpg,104.000256,True,0.8093766570091248,ships,0.0
6341a8392.jpg,19.00032,True,0.5870400667190552,ships,0.0
63488d54b.jpg,7.00032,False,0.0,coast,0.0975613064236111
635879d30.jpg,12.999936000000002,False,0.0,ships,0.0
635879d30.jpg,18.000384,True,0.4217853248119354,ships,0.0
635879d30.jpg,19.00032,True,0.3684571385383606,ships,0.0
635879d30.jpg,13.999872,False,0.0,ships,0.0
635879d30.jpg,20.000256,True,0.4058104157447815,ships,0.0
6359bb31f.jpg,11.000064,False,0.0,coast,0.0655364990234375
6359bb31f.jpg,10.000128,False,0.0,coast,0.0655364990234375
6359bb31f.jpg,11.000064,False,0.0,coast,0.0655364990234375
6359bb31f.jpg,9.000192,True,0.2168443500995636,coast,0.0655364990234375
636e10852.jpg,7.00032,False,0.0,ships,0.0
6371e60a3.jpg,151.00032000000002,True,0.9142566919326782,ships,0.0
6375178e4.jpg,48.999936,True,0.5755245089530945,ships,0.0
63948cf16.jpg,14.999808,True,0.458985298871994,ships,0.0
63948cf16.jpg,16.999679999999998,True,0.6258924007415771,ships,0.0
63948cf16.jpg,15.999744,True,0.2275807857513427,ships,0.0
63948cf16.jpg,16.999679999999998,True,0.616359293460846,ships,0.0
63b04978d.jpg,88.99968,True,0.8980745077133179,ships,0.0
63b70edf2.jpg,20.000256,True,0.5982642769813538,ships,0.0
63b70edf2.jpg,71.00006400000001,True,0.8522084355354309,ships,0.0
63d15cc3f.jpg,22.000128,True,0.5989448428153992,coast,0.0
63e3e34f5.jpg,60.0,True,0.7624976634979248,ships,0.0
63f047d76.jpg,52.99968,True,0.8556745648384094,ships,0.0
63f91fd81.jpg,88.99968,True,0.8621808886528015,ships,0.0
63f91fd81.jpg,61.999872,True,0.2389798015356063,ships,0.0
6448b9251.jpg,16.999679999999998,True,0.6132939457893372,ships,0.0
646d868da.jpg,40.99968,True,0.8208751678466797,ships,0.0
646d868da.jpg,24.999936,True,0.7522817254066467,ships,0.0
646d868da.jpg,58.000128,True,0.7935909032821655,ships,0.0
646d868da.jpg,44.000256,True,0.6952467560768127,ships,0.0
646d868da.jpg,67.00032,True,0.7933560609817505,ships,0.0
646d868da.jpg,63.99974400000001,False,0.0,ships,0.0
646d868da.jpg,12.999936000000002,True,0.2562975585460663,ships,0.0
646fe7e2b.jpg,39.999744,True,0.7803560495376587,ships,0.0
646fe7e2b.jpg,50.999808,True,0.7953164577484131,ships,0.0
646fe7e2b.jpg,72.0,True,0.904966413974762,ships,0.0
646fe7e2b.jpg,70.000128,True,0.8359558582305908,ships,0.0
647f1ade6.jpg,13.999872,True,0.2072112560272216,ships,0.0
647f1ade6.jpg,27.999744,True,0.5501129627227783,ships,0.0
6487b626e.jpg,62.999808,True,0.8245875835418701,ships,0.0
6487b626e.jpg,15.999744,True,0.4344570636749267,ships,0.0
648bca076.jpg,25.999872000000003,True,0.3129765689373016,ships,0.0
649b2e8ec.jpg,151.00032000000002,True,0.9133522510528564,ships,0.0
649bc21de.jpg,23.000064,False,0.0,coast,0.6546274820963541
64a7549ff.jpg,10.000128,False,0.0,ships,0.0
64a7549ff.jpg,9.000192,False,0.0,ships,0.0
64a7549ff.jpg,10.000128,False,0.0,ships,0.0
64a7549ff.jpg,10.000128,False,0.0,ships,0.0
64a7549ff.jpg,9.000192,False,0.0,ships,0.0
64a7549ff.jpg,9.000192,False,0.0,ships,0.0
64a7549ff.jpg,10.000128,False,0.0,ships,0.0
64a7549ff.jpg,9.000192,False,0.0,ships,0.0
64a7549ff.jpg,10.000128,False,0.0,ships,0.0
64a7549ff.jpg,8.000256,False,0.0,ships,0.0
64a7549ff.jpg,9.000192,False,0.0,ships,0.0
64b2eba37.jpg,170.999808,True,0.9271676540374756,ships,0.0
64b2eba37.jpg,60.999936,True,0.8499736189842224,ships,0.0
64c6a0837.jpg,180.0,True,0.9243818521499634,ships,0.0
64cfe2eee.jpg,83.00006400000001,True,0.8501726984977722,ships,0.0
64cfe2eee.jpg,168.999936,True,0.9304466247558594,ships,0.0
64d4a0a5c.jpg,24.999936,True,0.5810145139694214,ships,0.0
64d4a0a5c.jpg,101.999616,True,0.8723388910293579,ships,0.0
64e99cf7f.jpg,15.999744,True,0.1696388870477676,ships,0.0
650485548.jpg,19.00032,True,0.4869738817214966,ships,0.0
65119ed3f.jpg,73.999872,True,0.8843526840209961,coast,0.0
6511aeb37.jpg,52.99968,True,0.6857141256332397,ships,0.0
655875570.jpg,7.00032,True,0.3766090273857116,ships,0.0
656335508.jpg,31.00032,True,0.0922244191169738,ships,0.0
656335508.jpg,85.999872,True,0.8821379542350769,ships,0.0
656335508.jpg,19.00032,True,0.3256495594978332,ships,0.0
656392ff0.jpg,21.000192,True,0.6353412866592407,ships,0.0
656392ff0.jpg,72.0,True,0.8629216551780701,ships,0.0
656ac2333.jpg,132.999936,True,0.8819279074668884,ships,0.0
656ac6382.jpg,81.000192,True,0.8226810693740845,ships,0.0
656ac6382.jpg,112.99967999999998,True,0.8846336007118225,ships,0.0
656ce5bbc.jpg,133.99987199999998,True,0.8910218477249146,coast,0.0
656ce5bbc.jpg,156.999936,True,0.9191214442253112,coast,0.0
656e328c3.jpg,19.00032,True,0.344854861497879,ships,0.0
6571aaec6.jpg,179.000064,True,0.882621705532074,coast,0.0
6571aaec6.jpg,63.99974400000001,True,0.7421701550483704,coast,0.0
6571aaec6.jpg,163.00032000000002,True,0.787032961845398,coast,0.0
6571aaec6.jpg,109.999872,True,0.8295034766197205,coast,0.0
6571aaec6.jpg,81.000192,True,0.82220858335495,coast,0.0
657957194.jpg,80.000256,True,0.7713621258735657,coast,0.0
65862b293.jpg,141.000192,True,0.8259865641593933,ships,0.0
65862b293.jpg,29.999616,True,0.053299244493246,ships,0.0
6597cc0af.jpg,48.999936,True,0.7199972867965698,ships,0.0
659bb04d1.jpg,211.00032,True,0.9290165901184082,ships,0.0
659bb04d1.jpg,70.000128,True,0.7790250778198242,ships,0.0
65a4b32f6.jpg,29.999616,True,0.118336334824562,ships,0.0
65a4b32f6.jpg,60.999936,True,0.7910736203193665,ships,0.0
65a4b32f6.jpg,37.999872,True,0.8544280529022217,ships,0.0
65b4b2708.jpg,19.00032,True,0.3879914581775665,ships,0.0
65bb54bb5.jpg,25.999872000000003,True,0.5866491198539734,ships,0.0
65c56212f.jpg,46.000128,True,0.5077815055847168,coast,0.0
65c56212f.jpg,43.00032,True,0.4992716312408447,coast,0.0
66039a7fc.jpg,14.999808,True,0.3470450937747955,ships,0.0
66114c351.jpg,107.000064,False,0.0,ships,0.0
66114c351.jpg,110.999808,True,0.7829165458679199,ships,0.0
66339de00.jpg,72.0,True,0.877223789691925,ships,0.0
66339de00.jpg,42.000384,True,0.7643317580223083,ships,0.0
6649b3107.jpg,33.000192,False,0.0,coast,0.0
66533ee72.jpg,85.999872,True,0.7987081408500671,coast,0.0
665dd4cd2.jpg,85.999872,True,0.8164006471633911,coast,0.0
665dd4cd2.jpg,204.0,True,0.857416570186615,coast,0.0
667ca2d49.jpg,21.000192,False,0.0,ships,0.0
667ca2d49.jpg,27.999744,True,0.0822817459702491,ships,0.0
667ca2d49.jpg,25.999872000000003,True,0.0650910884141922,ships,0.0
66bdead5e.jpg,8.000256,True,0.0576630160212516,ships,0.0
66bdead5e.jpg,9.000192,True,0.4900099039077759,ships,0.0
66bdead5e.jpg,8.000256,True,0.2482036650180816,ships,0.0
66bdead5e.jpg,4.99968,False,0.0,ships,0.0
66bdead5e.jpg,8.000256,True,0.0705614387989044,ships,0.0
66bdead5e.jpg,3.999744,False,0.0,ships,0.0
66bdead5e.jpg,11.000064,False,0.0,ships,0.0
66bdead5e.jpg,9.000192,True,0.1108812540769577,ships,0.0
66bdead5e.jpg,7.00032,True,0.4695384204387665,ships,0.0
66bdead5e.jpg,8.000256,True,0.1599447876214981,ships,0.0
66bdead5e.jpg,8.000256,True,0.3016228377819061,ships,0.0
66be2652d.jpg,24.0,False,0.0,coast,0.0
66c7c3361.jpg,73.999872,False,0.0,coast,0.0
66c7c3361.jpg,97.999872,True,0.8666882514953613,coast,0.0
66c7c3361.jpg,88.99968,True,0.8652201890945435,coast,0.0
66c7c3361.jpg,183.999744,True,0.9032235145568848,coast,0.0
66e928af2.jpg,21.000192,True,0.0955582857131958,ships,0.0
670786bb5.jpg,8.000256,True,0.4780631065368652,ships,0.0
670858070.jpg,157.99987199999998,True,0.7420181035995483,ships,0.0
67147851e.jpg,186.000384,True,0.9071213006973268,ships,0.0
6736a0369.jpg,217.999872,True,0.9604655504226683,ships,0.0
6744b9fda.jpg,132.999936,True,0.9282422661781312,ships,0.0
6749af8c4.jpg,76.99968,True,0.874816358089447,ships,0.0
6749af8c4.jpg,192.999936,True,0.86534184217453,ships,0.0
6749af8c4.jpg,14.999808,True,0.3922987580299377,ships,0.0
6749af8c4.jpg,87.999744,True,0.8235523104667664,ships,0.0
6754809e8.jpg,24.999936,True,0.1904315501451492,ships,0.0
67577cbaf.jpg,21.000192,True,0.1607594937086105,coast,0.0
67577cbaf.jpg,27.999744,True,0.3385330140590668,coast,0.0
67577cbaf.jpg,29.999616,True,0.5132203102111816,coast,0.0
67577cbaf.jpg,23.000064,True,0.5190882682800293,coast,0.0
67577cbaf.jpg,33.000192,True,0.6492649912834167,coast,0.0
677099af4.jpg,108.999936,True,0.8642727732658386,ships,0.0
677099af4.jpg,108.999936,True,0.8857731819152832,ships,0.0
679a3f8ae.jpg,16.999679999999998,True,0.3731728494167328,coast,0.4738871256510417
67c7f5fc8.jpg,159.999744,True,0.8792313933372498,ships,0.0
67ca61dc8.jpg,33.000192,True,0.4865168929100036,ships,0.0
67d0991d8.jpg,7.00032,False,0.0,coast,0.0
67d29dc4b.jpg,158.999808,True,0.8935429453849792,ships,0.0
67e0507b6.jpg,168.999936,True,0.8750864267349243,ships,0.0
67e60a8f5.jpg,11.000064,True,0.190891295671463,ships,0.0
67f5433fb.jpg,50.999808,True,0.8094697594642639,ships,0.0
67f5433fb.jpg,39.999744,True,0.8568705916404724,ships,0.0
67f5433fb.jpg,73.999872,True,0.8455170392990112,ships,0.0
680a0f26e.jpg,67.00032,True,0.8662742972373962,ships,0.0
680a0f26e.jpg,58.000128,True,0.8742479085922241,ships,0.0
682897b9d.jpg,139.00032000000002,True,0.8790468573570251,coast,0.0
682c98497.jpg,12.999936000000002,True,0.4904090762138366,ships,0.0
68313ac45.jpg,165.000192,True,0.8514518141746521,ships,0.0
68313ac45.jpg,79.00032,True,0.7758108973503113,ships,0.0
68313ac45.jpg,39.999744,True,0.6897018551826477,ships,0.0
6832af874.jpg,24.0,True,0.0576285757124424,ships,0.0
6854f3853.jpg,33.000192,False,0.0,ships,0.0
68695274d.jpg,7.00032,False,0.0,ships,0.0
688002f2e.jpg,140.000256,True,0.9310020804405212,ships,0.0
688002f2e.jpg,22.000128,True,0.1603993028402328,ships,0.0
688002f2e.jpg,15.999744,True,0.3246484100818634,ships,0.0
68a12828c.jpg,12.0,True,0.1485076993703842,coast,0.0
68a12828c.jpg,12.999936000000002,True,0.2531973421573639,coast,0.0
68a7b2d4b.jpg,64.99968,True,0.689670205116272,coast,0.0
68a7b2d4b.jpg,46.000128,True,0.8091099858283997,coast,0.0
68a7b2d4b.jpg,44.000256,True,0.7162151336669922,coast,0.0
68a8e8e37.jpg,35.000064,True,0.7079168558120728,ships,0.0
68c40ca8e.jpg,39.999744,True,0.1033803597092628,ships,0.0
68f4cb257.jpg,53.999616,True,0.7306680083274841,ships,0.0
68f63fbf0.jpg,163.00032000000002,True,0.8968715071678162,ships,0.0
68f8871cc.jpg,124.99967999999998,True,0.8362258672714233,coast,0.0
69250c972.jpg,23.000064,True,0.3719917833805084,ships,0.0
692db5693.jpg,135.999744,True,0.8665533065795898,coast,0.0
693912e96.jpg,49.999872,True,0.8358026146888733,ships,0.0
693e1e4f8.jpg,5.9996160000000005,False,0.0,coast,0.0
693e1e4f8.jpg,12.999936000000002,False,0.0,coast,0.0
693e1e4f8.jpg,8.000256,False,0.0,coast,0.0
693e1e4f8.jpg,2.9998080000000003,False,0.0,coast,0.0
693e1e4f8.jpg,7.00032,False,0.0,coast,0.0
693e1e4f8.jpg,13.999872,False,0.0,coast,0.0
69473a9b2.jpg,120.0,True,0.8904755115509033,ships,0.0
695459a6e.jpg,7.00032,False,0.0,ships,0.0
696989b81.jpg,71.00006400000001,True,0.845913290977478,ships,0.0
696989b81.jpg,94.000128,True,0.884248673915863,ships,0.0
697e3d6da.jpg,58.000128,True,0.6999636888504028,ships,0.0
69a3b7bed.jpg,5.9996160000000005,False,0.0,ships,0.0
69a69a0f4.jpg,60.0,True,0.7825025320053101,ships,0.0
69a69a0f4.jpg,12.999936000000002,False,0.0,ships,0.0
69a69a0f4.jpg,60.999936,True,0.8606482148170471,ships,0.0
69af45068.jpg,14.999808,True,0.0511520989239215,ships,0.0
69b5fb859.jpg,18.000384,True,0.6056364178657532,ships,0.0
69b5fb859.jpg,15.999744,True,0.3190871179103851,ships,0.0
69b5fb859.jpg,20.000256,True,0.6280220746994019,ships,0.0
69bf94ef2.jpg,12.0,True,0.6346583366394043,ships,0.0
69cd19665.jpg,83.00006400000001,True,0.8758454918861389,ships,0.0
69cd82614.jpg,58.000128,True,0.855348527431488,ships,0.0
69cd82614.jpg,52.99968,True,0.854076623916626,ships,0.0
69cd82614.jpg,106.000128,True,0.8844491243362427,ships,0.0
69cd82614.jpg,74.999808,True,0.8871600031852722,ships,0.0
69cd82614.jpg,96.999936,True,0.8977611064910889,ships,0.0
69d134368.jpg,19.00032,True,0.5034219622612,ships,0.0
69d134368.jpg,186.000384,True,0.8690798282623291,ships,0.0
69d93e8ee.jpg,46.000128,True,0.5545336008071899,ships,0.2209133572048611
69d93e8ee.jpg,72.99993599999999,True,0.6433237195014954,ships,0.2209133572048611
69dc2e683.jpg,120.999936,True,0.8575181365013123,ships,0.0
69de5849b.jpg,117.000192,True,0.8900790810585022,coast,0.0
69de5849b.jpg,123.999744,True,0.873818039894104,coast,0.0
6a0062f22.jpg,26.999808,True,0.0905007272958755,ships,0.0
6a1d3f858.jpg,18.000384,True,0.1171680092811584,ships,0.0
6a296f3cf.jpg,16.999679999999998,True,0.1739194840192794,ships,0.0
6a296f3cf.jpg,18.000384,True,0.4693274199962616,ships,0.0
6a296f3cf.jpg,154.00012800000002,True,0.8704572916030884,ships,0.0
6a296f3cf.jpg,211.00032,True,0.9383702874183656,ships,0.0
6a42583d4.jpg,108.0,True,0.8940646648406982,coast,0.0
6a49fb569.jpg,142.00012800000002,True,0.869741678237915,ships,0.0
6a4a609f7.jpg,12.0,True,0.4425576627254486,ships,0.0
6a4a609f7.jpg,12.0,True,0.4580418765544891,ships,0.0
6a4a609f7.jpg,12.0,True,0.1830984205007553,ships,0.0
6a4ac74eb.jpg,94.000128,True,0.8555713891983032,coast,0.0
6a4ac74eb.jpg,90.000384,True,0.8604989647865295,coast,0.0
6a4ac74eb.jpg,98.999808,True,0.8877791166305542,coast,0.0
6a5a2f87d.jpg,171.999744,True,0.9212793707847596,ships,0.0
6a75ef9a7.jpg,111.999744,True,0.8565642833709717,coast,0.0
6a76143a3.jpg,20.000256,True,0.3857429325580597,ships,0.0
6a7b004f1.jpg,121.999872,True,0.8969426155090332,ships,0.0
6a7b004f1.jpg,28.99968,True,0.6858367919921875,ships,0.0
6a7b004f1.jpg,16.999679999999998,True,0.632014274597168,ships,0.0
6a7f33570.jpg,67.00032,True,0.7477321624755859,ships,0.0
6ab1ce750.jpg,157.99987199999998,True,0.8787398338317871,ships,0.0
6ac23c021.jpg,15.999744,True,0.1725111156702041,coast,0.0
6ac3552aa.jpg,50.999808,True,0.8155101537704468,ships,0.0
6ac3552aa.jpg,45.000192,True,0.8294598460197449,ships,0.0
6ad94a376.jpg,66.000384,True,0.6418033242225647,ships,0.0
6ade38029.jpg,5.9996160000000005,False,0.0,coast,0.0
6ade38029.jpg,9.000192,False,0.0,coast,0.0
6ae2803e7.jpg,53.999616,True,0.8678992986679077,ships,0.0
6ae2803e7.jpg,52.99968,True,0.8314154744148254,ships,0.0
6af49af68.jpg,153.000192,True,0.9183456301689148,ships,0.0
6b09f1f3a.jpg,11.000064,True,0.3588979542255401,ships,0.0
6b09f1f3a.jpg,12.999936000000002,False,0.0,ships,0.0
6b17ea500.jpg,180.0,True,0.8497765064239502,ships,0.0
6b2dbc7a7.jpg,24.0,True,0.1061682701110839,ships,0.045064290364583336
6b46f58f6.jpg,11.000064,True,0.1240640580654144,ships,0.0
6b46f58f6.jpg,13.999872,True,0.4902085661888122,ships,0.0
6b6689889.jpg,20.000256,True,0.3671262562274933,coast,0.0
6b6e41e58.jpg,155.000064,True,0.8454357385635376,coast,0.0
6b71d1b7f.jpg,58.000128,True,0.8191120624542236,coast,0.0
6b7814fac.jpg,77.999616,True,0.8337916731834412,coast,0.0
6b7814fac.jpg,60.0,True,0.621744692325592,coast,0.0
6b7814fac.jpg,50.999808,True,0.6448491811752319,coast,0.0
6b7814fac.jpg,57.000192,True,0.2442906349897384,coast,0.0
6b7814fac.jpg,56.00025599999999,True,0.8321375250816345,coast,0.0
6b7814fac.jpg,32.000256,False,0.0,coast,0.0
6b7814fac.jpg,45.000192,True,0.7320526838302612,coast,0.0
6b7814fac.jpg,40.99968,True,0.2162034660577774,coast,0.0
6b813569c.jpg,121.999872,True,0.8971441388130188,ships,0.0
6b813569c.jpg,29.999616,False,0.0,ships,0.0
6bb3e7515.jpg,195.999744,True,0.8937087655067444,ships,0.0
6bb3e7515.jpg,168.999936,True,0.88181072473526,ships,0.0
6bb3e7515.jpg,40.99968,True,0.7645244002342224,ships,0.0
6bb8afdec.jpg,11.000064,True,0.321037232875824,ships,0.0
6bb8afdec.jpg,12.0,True,0.1577577739953994,ships,0.0
6bcff215b.jpg,12.0,False,0.0,ships,0.0
6bcff215b.jpg,18.000384,True,0.4858927130699157,ships,0.0
6bcff215b.jpg,10.000128,False,0.0,ships,0.0
6bd0c95e1.jpg,7.00032,False,0.0,coast,0.0
6bd0c95e1.jpg,5.9996160000000005,False,0.0,coast,0.0
6bd0c95e1.jpg,12.999936000000002,False,0.0,coast,0.0
6bdc41457.jpg,14.999808,True,0.5710750222206116,ships,0.0
6bdc41457.jpg,15.999744,True,0.707431972026825,ships,0.0
6bdc41457.jpg,13.999872,True,0.3900115489959717,ships,0.0
6bdc41457.jpg,13.999872,True,0.181972935795784,ships,0.0
6bdf830e9.jpg,9.000192,True,0.4927055835723877,coast,0.0
6bdf830e9.jpg,8.000256,True,0.5058848857879639,coast,0.0
6bfed7f3a.jpg,12.999936000000002,True,0.5794681310653687,coast,0.004430135091145833
6c1951f5e.jpg,79.00032,True,0.7788212895393372,ships,0.0
6c1951f5e.jpg,13.999872,True,0.532967209815979,ships,0.0
6c20154a1.jpg,16.999679999999998,False,0.0,coast,0.0
6c30edd46.jpg,10.000128,False,0.0,coast,0.0
6c47c962e.jpg,20.000256,True,0.311573326587677,ships,0.0
6c51b9af1.jpg,140.000256,True,0.8712005615234375,ships,0.0
6c591a931.jpg,168.999936,True,0.8604638576507568,ships,0.0
6c5fd8ca4.jpg,183.999744,True,0.507361114025116,ships,0.1751946343315972
6c65c924f.jpg,7.00032,True,0.2412218600511551,ships,0.0
6c69361f0.jpg,24.999936,True,0.5357642769813538,ships,0.0
6c69361f0.jpg,24.0,False,0.0,ships,0.0
6c69361f0.jpg,36.0,True,0.6510407328605652,ships,0.0
6c69361f0.jpg,157.99987199999998,True,0.8581146597862244,ships,0.0
6c8579231.jpg,15.999744,True,0.066344030201435,ships,0.0
6caaf3e04.jpg,18.000384,True,0.4201957583427429,ships,0.0
6caaf3e04.jpg,8.000256,False,0.0,ships,0.0
6caaf3e04.jpg,28.99968,True,0.6074249744415283,ships,0.0
6caaf3e04.jpg,15.999744,True,0.4282349944114685,ships,0.0
6cbbfda11.jpg,14.999808,True,0.426942378282547,ships,0.0
6cc0bc1e3.jpg,60.999936,True,0.7626303434371948,coast,0.0
6cd7b2641.jpg,16.999679999999998,False,0.0,coast,0.0
6ce05f804.jpg,86.999808,True,0.8756731152534485,ships,0.0
6ce4720c7.jpg,112.99967999999998,True,0.8181319832801819,ships,0.0
6ce4bf88b.jpg,112.99967999999998,True,0.9031100273132324,ships,0.0
6d0d66434.jpg,336.99993600000005,True,0.7838585376739502,coast,0.0
6d2e333f6.jpg,85.999872,True,0.7757644653320312,ships,0.0
6d2ec8273.jpg,46.000128,True,0.6467919945716858,ships,0.0
6d2ec8273.jpg,10.000128,True,0.2902702093124389,ships,0.0
6d2ec8273.jpg,31.00032,True,0.6435085535049438,ships,0.0
6d3414844.jpg,53.999616,True,0.7709023356437683,ships,0.0
6d3414844.jpg,47.000064,True,0.1783623844385147,ships,0.0
6d3414844.jpg,40.99968,True,0.8125485181808472,ships,0.0
6d3414844.jpg,40.99968,True,0.7601363658905029,ships,0.0
6d3414844.jpg,43.00032,True,0.7685749530792236,ships,0.0
6d3414844.jpg,42.000384,True,0.7873511910438538,ships,0.0
6d3414844.jpg,12.0,False,0.0,ships,0.0
6d38045d6.jpg,21.000192,True,0.7946720123291016,ships,0.0
6d38e99a3.jpg,124.99967999999998,True,0.8467263579368591,ships,0.0
6d44644fd.jpg,157.99987199999998,True,0.8821824193000793,ships,0.0
6d5ea41a0.jpg,87.999744,True,0.8507891893386841,coast,0.0
6d6b5c79e.jpg,39.999744,True,0.7495046257972717,coast,0.0
6d6b5c79e.jpg,31.00032,True,0.6150021553039551,coast,0.0
6d6b5c79e.jpg,37.999872,True,0.6778855919837952,coast,0.0
6d6b5c79e.jpg,37.999872,True,0.815319299697876,coast,0.0
6d6b5c79e.jpg,31.00032,True,0.6383882761001587,coast,0.0
6d6b5c79e.jpg,35.000064,True,0.7469971776008606,coast,0.0
6d6b5c79e.jpg,44.000256,True,0.7369709014892578,coast,0.0
6d6b5c79e.jpg,40.99968,True,0.7324314713478088,coast,0.0
6d6b5c79e.jpg,44.000256,True,0.5721005201339722,coast,0.0
6d6b5c79e.jpg,68.000256,True,0.653374969959259,coast,0.0
6d719e576.jpg,24.999936,True,0.5524873733520508,coast,0.0
6d719e576.jpg,21.000192,True,0.5613962411880493,coast,0.0
6d719e576.jpg,18.000384,True,0.6279177665710449,coast,0.0
6d719e576.jpg,12.0,True,0.5025691390037537,coast,0.0
6d719e576.jpg,13.999872,True,0.212265744805336,coast,0.0
6d719e576.jpg,19.00032,True,0.4130711555480957,coast,0.0
6d746707f.jpg,182.999808,True,0.8227487206459045,ships,0.0
6d80383eb.jpg,40.99968,False,0.0,coast,0.0
6d80383eb.jpg,156.0,True,0.7208035588264465,coast,0.0
6d80383eb.jpg,187.00032,True,0.8812000155448914,coast,0.0
6dd0d5329.jpg,16.999679999999998,False,0.0,coast,0.0
6dd0d5329.jpg,12.0,False,0.0,coast,0.0
6df5e4fd7.jpg,188.000256,True,0.9092044234275818,ships,0.0
6dff0f54b.jpg,18.000384,True,0.2014518529176712,ships,0.0
6e3c534e6.jpg,244.99968,True,0.9568446278572084,ships,0.0
6e3c534e6.jpg,180.0,True,0.9107420444488524,ships,0.0
6e3f8775c.jpg,5.9996160000000005,False,0.0,ships,0.0
6e6f35c97.jpg,52.99968,True,0.7020184993743896,ships,0.0
6e72ef098.jpg,110.999808,True,0.9041976928710938,ships,0.0
6e84f2e90.jpg,216.999936,True,0.9433329701423644,ships,0.0
6e92cf4cb.jpg,91.00032,True,0.817213773727417,ships,0.0
6eaa71af0.jpg,20.000256,False,0.0,ships,0.0
6ef274463.jpg,60.999936,True,0.8139845132827759,coast,0.0
6efb1f330.jpg,24.0,True,0.2822993695735931,ships,0.0
6f09397cd.jpg,49.999872,True,0.6199686527252197,ships,0.0
6f2ab42b6.jpg,26.999808,False,0.0,coast,0.0
6f361c7b3.jpg,76.99968,True,0.7889171838760376,ships,0.0
6f361c7b3.jpg,21.000192,True,0.2973358333110809,ships,0.0
6f6453d33.jpg,15.999744,True,0.2566015124320984,ships,0.0
6f6730e19.jpg,31.00032,True,0.6881377696990967,ships,0.0
6f7123546.jpg,49.999872,True,0.6165404319763184,ships,0.0
6f7123546.jpg,56.00025599999999,True,0.6243454217910767,ships,0.0
6f7123546.jpg,52.99968,True,0.4816658794879913,ships,0.0
6f7123546.jpg,56.00025599999999,True,0.579313337802887,ships,0.0
6f7123546.jpg,50.999808,True,0.114846333861351,ships,0.0
6f7123546.jpg,16.999679999999998,True,0.2742247581481933,ships,0.0
6f77d6a15.jpg,95.000064,True,0.7966978549957275,coast,0.0
6f77d6a15.jpg,178.00012800000002,True,0.848609447479248,coast,0.0
6f91abac0.jpg,263.00006399999995,True,0.9535682797431946,ships,0.0
6f91abac0.jpg,32.000256,True,0.6483284831047058,ships,0.0
6f9579041.jpg,84.99993599999999,True,0.8912437558174133,ships,0.0
6f9579041.jpg,74.999808,True,0.8472426533699036,ships,0.0
6fa061788.jpg,51.99974400000001,True,0.802457332611084,ships,0.0
6fa13f6de.jpg,32.000256,False,0.0,coast,0.0
6fa13f6de.jpg,19.00032,False,0.0,coast,0.0
6fa1bc9b6.jpg,5.9996160000000005,False,0.0,coast,0.0
6fa1bc9b6.jpg,9.000192,False,0.0,coast,0.0
6fa2625e1.jpg,192.999936,True,0.9111003875732422,ships,0.0
6fa2625e1.jpg,59.000064,True,0.8978493213653564,ships,0.0
6fb6a63eb.jpg,15.999744,True,0.3852387070655823,ships,0.0
6fc7ca03a.jpg,93.000192,True,0.881662130355835,ships,0.0
6fc81ad9a.jpg,68.000256,True,0.803041398525238,coast,0.04757351345486111
6fc81ad9a.jpg,72.99993599999999,True,0.8114836812019348,coast,0.04757351345486111
6fc9d34a5.jpg,15.999744,False,0.0,ships,0.0
6fcbce22e.jpg,20.000256,True,0.3043147921562195,ships,0.0
6fd9de9a7.jpg,48.0,True,0.8770036101341248,ships,0.0
6fd9de9a7.jpg,194.99980800000003,True,0.7958377599716187,ships,0.0
6fe04caf9.jpg,202.000128,True,0.8942293524742126,ships,0.0
700fc6a4a.jpg,284.00025600000004,True,0.8574960827827454,ships,0.0
701c6cf5b.jpg,173.999616,True,0.7842839956283569,ships,0.0
7022afc4f.jpg,55.00032,True,0.8170651793479919,ships,0.0
702c958a5.jpg,10.000128,False,0.0,coast,0.0
703d8c6a9.jpg,25.999872000000003,True,0.4918936192989349,ships,0.0
70474d159.jpg,283.00032,True,0.9645941853523254,ships,0.0
70474d159.jpg,83.00006400000001,True,0.8273481130599976,ships,0.0
705008957.jpg,71.00006400000001,True,0.7906366586685181,ships,0.0
7060ef876.jpg,11.000064,True,0.5141781568527222,ships,0.0
70731b78d.jpg,13.999872,False,0.0,ships,0.0
7077735cd.jpg,11.000064,True,0.5135498046875,ships,0.0
7077735cd.jpg,24.999936,True,0.6028193235397339,ships,0.0
7077735cd.jpg,12.0,True,0.3918587863445282,ships,0.0
7077735cd.jpg,5.9996160000000005,False,0.0,ships,0.0
7077735cd.jpg,12.999936000000002,True,0.3953680694103241,ships,0.0
7077735cd.jpg,13.999872,True,0.1192043721675872,ships,0.0
7077735cd.jpg,14.999808,True,0.3922604024410248,ships,0.0
7077735cd.jpg,9.000192,True,0.1839765906333923,ships,0.0
7077735cd.jpg,12.999936000000002,True,0.1322915107011795,ships,0.0
7077735cd.jpg,14.999808,True,0.2093268185853958,ships,0.0
7077735cd.jpg,13.999872,True,0.5961645245552063,ships,0.0
7077735cd.jpg,11.000064,True,0.4439244568347931,ships,0.0
7077735cd.jpg,15.999744,True,0.5719398260116577,ships,0.0
7077735cd.jpg,16.999679999999998,True,0.3941630423069,ships,0.0
70a11d4a6.jpg,12.0,True,0.347747653722763,ships,0.0
70a11d4a6.jpg,12.0,True,0.2407240122556686,ships,0.0
70b5ab7c6.jpg,201.000192,True,0.932588279247284,ships,0.0
70be051c0.jpg,13.999872,True,0.3719782531261444,ships,0.0
70be051c0.jpg,145.99987199999998,True,0.8641642928123474,ships,0.0
70be051c0.jpg,70.000128,True,0.829447865486145,ships,0.0
70c6e98f1.jpg,21.000192,True,0.21773661673069,coast,0.0
70caf88d9.jpg,5.9996160000000005,True,0.3163382112979889,ships,0.0
70caf88d9.jpg,72.0,True,0.8169470429420471,ships,0.0
70caf88d9.jpg,9.000192,True,0.533982515335083,ships,0.0
70caf88d9.jpg,9.000192,True,0.3175661563873291,ships,0.0
70caf88d9.jpg,104.000256,True,0.8734533786773682,ships,0.0
70ed79d90.jpg,227.000064,True,0.927426815032959,ships,0.002716064453125
70f9214cc.jpg,135.999744,True,0.8516002893447876,coast,0.0
710ad2cfd.jpg,18.000384,True,0.1352564394474029,ships,0.0
710ad2cfd.jpg,67.00032,True,0.8845361471176147,ships,0.0
713ea7916.jpg,80.000256,True,0.2750941514968872,ships,0.0
713ea7916.jpg,67.00032,True,0.7002966403961182,ships,0.0
713ea7916.jpg,35.000064,True,0.6939442753791809,ships,0.0
713ea7916.jpg,165.000192,True,0.9039577841758728,ships,0.0
713ea7916.jpg,51.99974400000001,True,0.7119977474212646,ships,0.0
713ea7916.jpg,70.000128,True,0.1993994861841201,ships,0.0
713ea7916.jpg,67.00032,True,0.2140783369541168,ships,0.0
713ea7916.jpg,12.0,True,0.2408317774534225,ships,0.0
713ea7916.jpg,67.00032,True,0.6702110171318054,ships,0.0
713ea7916.jpg,66.000384,True,0.5243398547172546,ships,0.0
713ea7916.jpg,13.999872,True,0.0579950176179409,ships,0.0
713ea7916.jpg,15.999744,False,0.0,ships,0.0
715389e24.jpg,118.000128,True,0.8302083015441895,ships,0.0
715e1f0ef.jpg,32.000256,True,0.061863999813795,ships,0.0
715e1f0ef.jpg,57.000192,True,0.2898863554000854,ships,0.0
715e1f0ef.jpg,15.999744,False,0.0,ships,0.0
715e1f0ef.jpg,50.999808,True,0.8119206428527832,ships,0.0
715e1f0ef.jpg,53.999616,True,0.5735638737678528,ships,0.0
715e1f0ef.jpg,25.999872000000003,True,0.540282130241394,ships,0.0
715e1f0ef.jpg,48.999936,True,0.7353008389472961,ships,0.0
716a3228e.jpg,182.999808,True,0.8818139433860779,ships,0.0
717190a4c.jpg,12.0,False,0.0,ships,0.0
7176ed649.jpg,75.999744,True,0.8449639678001404,ships,0.0
7176ed649.jpg,255.999744,True,0.920689582824707,ships,0.0
7178a5302.jpg,25.999872000000003,False,0.0,coast,0.0
717f680cf.jpg,170.999808,True,0.8818328976631165,ships,0.0
717f680cf.jpg,24.999936,True,0.064124010503292,ships,0.0
7199544f3.jpg,15.999744,True,0.0650772675871849,ships,0.0
7199544f3.jpg,59.000064,True,0.8612277507781982,ships,0.0
71ad40c62.jpg,48.999936,True,0.6082653999328613,ships,0.0
71ad40c62.jpg,49.999872,True,0.8125659823417664,ships,0.0
71ad40c62.jpg,58.000128,True,0.3273220658302307,ships,0.0
71ad40c62.jpg,68.000256,True,0.5655215978622437,ships,0.0
71ad40c62.jpg,15.999744,False,0.0,ships,0.0
71ad40c62.jpg,27.999744,True,0.6769400835037231,ships,0.0
71c86ce2d.jpg,34.000128,True,0.1492604464292526,coast,0.0
71ce4a848.jpg,19.00032,True,0.2930300533771515,ships,0.0
71ce4a848.jpg,72.99993599999999,True,0.8583685159683228,ships,0.0
71ce4a848.jpg,61.999872,True,0.7956120371818542,ships,0.0
71ce4a848.jpg,67.00032,True,0.8682393431663513,ships,0.0
71dea2dab.jpg,12.999936000000002,True,0.1304246932268142,ships,0.0
71dea2dab.jpg,10.000128,True,0.0777397602796554,ships,0.0
71e3380f1.jpg,19.00032,True,0.5156461000442505,ships,0.0
71e3380f1.jpg,21.000192,True,0.3613302409648895,ships,0.0
71e3380f1.jpg,68.000256,True,0.7878312468528748,ships,0.0
71e3380f1.jpg,24.999936,True,0.4293562471866607,ships,0.0
71ea66a39.jpg,18.000384,True,0.107470765709877,coast,0.0
71ea66a39.jpg,18.000384,True,0.4737440049648285,coast,0.0
71ea66a39.jpg,14.999808,True,0.4519111514091491,coast,0.0
71ea66a39.jpg,47.000064,True,0.7799339890480042,coast,0.0
71ea66a39.jpg,19.00032,True,0.7118184566497803,coast,0.0
71ea66a39.jpg,22.000128,True,0.7530400156974792,coast,0.0
71ea66a39.jpg,10.000128,True,0.4924632906913757,coast,0.0
71f284bcf.jpg,13.999872,False,0.0,ships,0.0
71fd6bde3.jpg,22.000128,False,0.0,ships,0.0
71fdd62e9.jpg,162.000384,True,0.8360835909843445,coast,0.0
7207856cc.jpg,8.000256,True,0.2497834116220474,ships,0.0
7224e3859.jpg,86.999808,True,0.8699781894683838,ships,0.0
723a8fabf.jpg,24.999936,True,0.4100692570209503,coast,0.0
723a8fabf.jpg,34.000128,True,0.4015590250492096,coast,0.0
723a8fabf.jpg,73.999872,True,0.7366187572479248,coast,0.0
723a8fabf.jpg,33.000192,True,0.550812304019928,coast,0.0
723a8fabf.jpg,40.99968,True,0.561503529548645,coast,0.0
723a8fabf.jpg,19.00032,True,0.7500828504562378,coast,0.0
723a8fabf.jpg,16.999679999999998,False,0.0,coast,0.0
723a8fabf.jpg,39.999744,True,0.7499262094497681,coast,0.0
723a8fabf.jpg,33.000192,True,0.3853010237216949,coast,0.0
723a8fabf.jpg,24.0,True,0.1264297813177108,coast,0.0
723a8fabf.jpg,24.999936,True,0.6935293078422546,coast,0.0
72548af42.jpg,48.999936,True,0.7906213998794556,ships,0.0
72568823a.jpg,166.00012800000002,True,0.930457353591919,ships,0.0
72a362af2.jpg,19.00032,False,0.0,coast,0.0
72ca91db0.jpg,24.999936,True,0.1515035927295684,coast,0.0
72cde7906.jpg,61.999872,True,0.7905451059341431,coast,0.0
72cde7906.jpg,61.999872,True,0.7391992807388306,coast,0.0
72d14f41c.jpg,24.0,True,0.7376013994216919,ships,0.0
72d14f41c.jpg,73.999872,True,0.8673825860023499,ships,0.0
72ec3f4d7.jpg,9.000192,False,0.0,coast,0.0
72ec3f4d7.jpg,9.000192,False,0.0,coast,0.0
72ec3f4d7.jpg,9.000192,False,0.0,coast,0.0
72ec3f4d7.jpg,10.000128,False,0.0,coast,0.0
72ec3f4d7.jpg,9.000192,False,0.0,coast,0.0
72ec3f4d7.jpg,10.000128,False,0.0,coast,0.0
72ec3f4d7.jpg,10.000128,False,0.0,coast,0.0
72ec3f4d7.jpg,10.000128,False,0.0,coast,0.0
72ec3f4d7.jpg,8.000256,False,0.0,coast,0.0
72ec3f4d7.jpg,9.000192,False,0.0,coast,0.0
72ec3f4d7.jpg,10.000128,False,0.0,coast,0.0
7301eec3c.jpg,35.000064,True,0.5819011330604553,coast,0.0
730b4e931.jpg,19.00032,True,0.3998759388923645,coast,0.12297566731770833
7316754c0.jpg,87.999744,True,0.9159488081932068,ships,0.0
7316754c0.jpg,74.999808,True,0.8360538482666016,ships,0.0
7316754c0.jpg,85.999872,True,0.9039422273635864,ships,0.0
7322abc42.jpg,14.999808,False,0.0,ships,0.0
7322abc42.jpg,172.99967999999998,True,0.8551734089851379,ships,0.0
7322abc42.jpg,192.0,True,0.9332470893859864,ships,0.0
7338e736d.jpg,47.000064,True,0.8799858093261719,coast,0.10522969563802083
7338e736d.jpg,156.0,True,0.89015793800354,coast,0.10522969563802083
733ef4ef3.jpg,14.999808,True,0.4495632648468017,ships,0.0
733ef4ef3.jpg,18.000384,True,0.1333945989608764,ships,0.0
733ef4ef3.jpg,67.00032,True,0.8847999572753906,ships,0.0
734b64048.jpg,63.99974400000001,True,0.8704627752304077,ships,0.0
7350e4a10.jpg,87.999744,True,0.8089082837104797,coast,0.0
73515a344.jpg,158.999808,True,0.920954406261444,ships,0.0
73699f4d7.jpg,88.99968,True,0.7812278866767883,ships,0.0
73699f4d7.jpg,95.000064,True,0.7796459197998047,ships,0.0
737239c06.jpg,69.000192,True,0.684980571269989,ships,0.06791008843315972
738683c91.jpg,15.999744,False,0.0,coast,0.0
738dbfd23.jpg,16.999679999999998,True,0.2353753447532653,ships,0.0
7390df83b.jpg,10.000128,False,0.0,coast,0.7224833170572916
7390df83b.jpg,10.000128,False,0.0,coast,0.7224833170572916
7390df83b.jpg,12.0,True,0.3420483767986297,coast,0.7224833170572916
73a0fa237.jpg,262.000128,True,0.9424802660942078,ships,0.0
73b181305.jpg,12.999936000000002,True,0.4689896702766418,ships,0.0
73b181305.jpg,74.999808,True,0.7866702675819397,ships,0.0
73b181305.jpg,74.999808,True,0.8531493544578552,ships,0.0
73c34faed.jpg,84.0,True,0.8475931286811829,ships,0.0
73c34faed.jpg,73.999872,True,0.8818614482879639,ships,0.0
73c34faed.jpg,130.00012800000002,True,0.8786494731903076,ships,0.0
73c34faed.jpg,21.000192,True,0.3668174147605896,ships,0.0
73c34faed.jpg,68.000256,True,0.7538921236991882,ships,0.0
73c34faed.jpg,75.999744,True,0.8799400329589844,ships,0.0
73c34faed.jpg,106.000128,True,0.884167492389679,ships,0.0
73db4530f.jpg,181.999872,True,0.906463861465454,ships,0.0
73db4530f.jpg,128.000256,True,0.8778570294380188,ships,0.0
73dba17a6.jpg,20.000256,False,0.0,coast,0.0
73dc1b526.jpg,160.99967999999998,True,0.891340434551239,coast,0.0
73e2417fc.jpg,11.000064,False,0.0,coast,0.0
73e2417fc.jpg,10.000128,False,0.0,coast,0.0
73e2417fc.jpg,12.0,False,0.0,coast,0.0
73e2417fc.jpg,9.000192,False,0.0,coast,0.0
73e2417fc.jpg,11.000064,False,0.0,coast,0.0
73e2417fc.jpg,14.999808,True,0.0618471205234527,coast,0.0
73e2417fc.jpg,12.0,True,0.1050366684794426,coast,0.0
73e2417fc.jpg,11.000064,False,0.0,coast,0.0
73e2417fc.jpg,12.999936000000002,True,0.1001153290271759,coast,0.0
73eef4ef2.jpg,18.000384,False,0.0,ships,0.0
73eef4ef2.jpg,19.00032,False,0.0,ships,0.0
73eef4ef2.jpg,23.000064,False,0.0,ships,0.0
73f3e0d81.jpg,121.999872,True,0.8904708027839661,ships,0.0
74101c441.jpg,19.00032,True,0.4144240021705627,coast,0.0
7411144f6.jpg,14.999808,False,0.0,coast,0.0
7411144f6.jpg,208.99968,True,0.8748282194137573,coast,0.0
7416fd57e.jpg,200.000256,True,0.8492929339408875,ships,0.0
74196f4d6.jpg,32.000256,True,0.0860842615365982,ships,0.0
741a5f582.jpg,22.000128,True,0.2668777406215668,ships,0.0
742010982.jpg,112.99967999999998,True,0.8323357701301575,ships,0.0
74221dddc.jpg,84.0,True,0.8918470144271851,ships,0.006578233506944444
74284b26a.jpg,18.000384,True,0.0915112197399139,coast,0.0
74297c0ac.jpg,221.999616,True,0.9096855521202089,ships,0.0
74374184e.jpg,19.00032,True,0.3397923111915588,ships,0.0
743fdabb3.jpg,14.999808,True,0.7261747717857361,ships,0.0
7459da01f.jpg,9.000192,True,0.4978013038635254,coast,0.0
7459da01f.jpg,11.000064,True,0.2377590239048004,coast,0.0
7459da01f.jpg,4.99968,False,0.0,coast,0.0
7459da01f.jpg,16.999679999999998,True,0.6908441185951233,coast,0.0
7459da01f.jpg,8.000256,True,0.2986540496349334,coast,0.0
7459da01f.jpg,20.000256,False,0.0,coast,0.0
7459da01f.jpg,11.000064,True,0.0919356793165206,coast,0.0
7459da01f.jpg,24.0,True,0.7743561863899231,coast,0.0
747105946.jpg,15.999744,True,0.1753665059804916,ships,0.0
7478f46e9.jpg,12.0,False,0.0,coast,0.0
7481d103b.jpg,22.000128,True,0.0643868669867515,ships,0.0
7487d56dd.jpg,343.00032,True,0.9677694439888,ships,0.0
749a4e38a.jpg,216.999936,True,0.8343076705932617,ships,0.0
74c3317a9.jpg,72.0,True,0.7994863390922546,ships,0.0
74c3317a9.jpg,22.000128,True,0.0710856318473815,ships,0.0
74c3317a9.jpg,73.999872,True,0.852026641368866,ships,0.0
74c697c9e.jpg,153.000192,True,0.8149821758270264,ships,0.0
74e975b02.jpg,178.00012800000002,True,0.9201170802116394,coast,0.0
74f5a133a.jpg,143.000064,True,0.9152889847755432,ships,0.0
7508bcdde.jpg,178.00012800000002,True,0.9196245074272156,coast,0.0
7508bcdde.jpg,191.000064,True,0.8624832630157471,coast,0.0
7508bcdde.jpg,39.999744,True,0.1810040026903152,coast,0.0
7534e60ca.jpg,162.000384,True,0.8658976554870605,coast,0.0
75353e786.jpg,64.99968,True,0.7331025004386902,ships,0.0
7540ceeac.jpg,8.000256,False,0.0,coast,0.0
7544cb3f2.jpg,90.000384,True,0.8762599229812622,ships,0.0
7558bafc5.jpg,12.0,True,0.1664374321699142,ships,0.0
7558bafc5.jpg,12.0,False,0.0,ships,0.0
7558bafc5.jpg,14.999808,True,0.1050686314702034,ships,0.0
7558bafc5.jpg,18.000384,True,0.3077380359172821,ships,0.0
7558bafc5.jpg,11.000064,False,0.0,ships,0.0
7558bafc5.jpg,140.000256,True,0.8690071702003479,ships,0.0
756560614.jpg,19.00032,True,0.2431505918502807,ships,0.0
756899eb6.jpg,20.000256,True,0.3051109313964844,ships,0.0
7583ab982.jpg,28.99968,True,0.7702412605285645,ships,0.0
7583ab982.jpg,33.000192,True,0.7099384069442749,ships,0.0
758a8ff0f.jpg,232.99968,True,0.9413430094718932,ships,0.0
7591b11a0.jpg,12.999936000000002,False,0.0,coast,0.0
7591b11a0.jpg,50.999808,True,0.6921482086181641,coast,0.0
7591b11a0.jpg,50.999808,True,0.8465352058410645,coast,0.0
7591b11a0.jpg,72.99993599999999,True,0.8071346879005432,coast,0.0
7591b11a0.jpg,12.999936000000002,False,0.0,coast,0.0
759635210.jpg,28.99968,True,0.5914517641067505,ships,0.0
75a616c2e.jpg,15.999744,True,0.6389963626861572,ships,0.0
75ad65205.jpg,84.0,True,0.8540554642677307,ships,0.0
75ae8fa1a.jpg,81.000192,True,0.859874427318573,ships,0.0
75b5770b9.jpg,90.000384,True,0.8630505800247192,coast,0.0
75e4ea5bc.jpg,21.000192,True,0.5705336928367615,ships,0.0
75e4ea5bc.jpg,66.000384,True,0.8431288599967957,ships,0.0
75f4880cd.jpg,21.000192,True,0.2734917402267456,ships,0.0
75f8cc43b.jpg,15.999744,True,0.1017555519938469,ships,0.0
7622e53e0.jpg,22.000128,False,0.0,coast,0.6993391248914931
7622e53e0.jpg,10.000128,False,0.0,coast,0.6993391248914931
762f3662e.jpg,33.000192,True,0.6951691508293152,ships,0.0
762f3662e.jpg,10.000128,False,0.0,ships,0.0
762f3662e.jpg,12.0,False,0.0,ships,0.0
762f3662e.jpg,12.999936000000002,True,0.2781606614589691,ships,0.0
76342d142.jpg,84.99993599999999,True,0.7912910580635071,ships,0.0
763b50874.jpg,20.000256,True,0.6915563344955444,ships,0.0
763b50874.jpg,11.000064,False,0.0,ships,0.0
763b50874.jpg,14.999808,True,0.650577187538147,ships,0.0
764a83cf1.jpg,66.000384,True,0.8130939602851868,coast,0.0
764a83cf1.jpg,66.000384,True,0.7280388474464417,coast,0.0
764a83cf1.jpg,60.999936,True,0.6487566232681274,coast,0.0
764a83cf1.jpg,68.000256,True,0.671238362789154,coast,0.0
765337d5c.jpg,13.999872,True,0.4149960875511169,ships,0.0
7659a892c.jpg,8.000256,True,0.3905105888843536,ships,0.0
7659a892c.jpg,69.000192,True,0.7585079669952393,ships,0.0
7659a892c.jpg,8.000256,True,0.2893799245357513,ships,0.0
7659a892c.jpg,9.000192,True,0.3539559841156006,ships,0.0
76654d52a.jpg,46.000128,True,0.4007188975811004,ships,0.0
76654d52a.jpg,55.00032,True,0.350212812423706,ships,0.0
76654d52a.jpg,50.999808,True,0.4851383566856384,ships,0.0
76654d52a.jpg,34.000128,True,0.7634486556053162,ships,0.0
76654d52a.jpg,50.999808,True,0.5174880027770996,ships,0.0
76654d52a.jpg,48.0,True,0.7493224740028381,ships,0.0
76654d52a.jpg,48.0,True,0.2730258703231811,ships,0.0
7694b5649.jpg,27.999744,True,0.1180157139897346,ships,0.0
7694b5649.jpg,72.99993599999999,True,0.8727605938911438,ships,0.0
7695e28da.jpg,16.999679999999998,True,0.2014264613389969,coast,0.0
76be6e1d2.jpg,12.0,True,0.3451900780200958,ships,0.0
76d311f7f.jpg,14.999808,True,0.0560214444994926,ships,0.0
76e8e4b86.jpg,48.999936,True,0.3723694682121277,ships,0.0
76e8e4b86.jpg,51.99974400000001,True,0.358471155166626,ships,0.0
76e8e4b86.jpg,157.99987199999998,True,0.8594413995742798,ships,0.0
76fa96bc0.jpg,86.999808,True,0.8843659162521362,ships,0.0
76fa96bc0.jpg,82.000128,True,0.5886671543121338,ships,0.0
76fa96bc0.jpg,49.999872,True,0.8702287077903748,ships,0.0
76fa96bc0.jpg,49.999872,True,0.6790860891342163,ships,0.0
76fa96bc0.jpg,47.000064,True,0.755742609500885,ships,0.0
76fa96bc0.jpg,29.999616,True,0.4371486604213714,ships,0.0
770c007c9.jpg,323.00006399999995,True,0.9496986269950868,ships,0.0
770c46cd4.jpg,70.000128,False,0.0,ships,0.0
772882d74.jpg,18.000384,True,0.3355352878570556,ships,0.0
7729b00a1.jpg,31.00032,True,0.5397350192070007,ships,0.0
774868083.jpg,125.999616,True,0.8728709816932678,ships,0.0
775a97bc6.jpg,36.0,True,0.7740751504898071,ships,0.0
775a97bc6.jpg,178.00012800000002,True,0.8453388810157776,ships,0.0
777e40118.jpg,29.999616,True,0.1340881735086441,coast,0.0
778c478b6.jpg,19.00032,True,0.1213744506239891,ships,0.0
779969efd.jpg,32.000256,True,0.0697717145085334,ships,0.0
779969efd.jpg,212.000256,True,0.9079975485801696,ships,0.0
77b5a1bd7.jpg,9.000192,True,0.1432849615812301,coast,0.0
77e595ecb.jpg,24.999936,True,0.2184513807296753,ships,0.0
77e8c8938.jpg,116.000256,True,0.7624885439872742,coast,0.0
77e8c8938.jpg,63.99974400000001,True,0.1287270486354828,coast,0.0
77e8c8938.jpg,108.999936,True,0.6988105177879333,coast,0.0
77ea99db8.jpg,189.000192,True,0.8689284920692444,ships,0.0
77ef3daf9.jpg,119.000064,True,0.8093149662017822,coast,0.021626790364583332
77ef3daf9.jpg,151.00032000000002,True,0.8782243132591248,coast,0.021626790364583332
77f04608f.jpg,31.00032,True,0.5108880400657654,ships,0.0
78058c3c6.jpg,180.999936,True,0.922317922115326,ships,0.0
7806b029c.jpg,27.999744,True,0.6249023079872131,coast,0.0
7818737fa.jpg,42.000384,True,0.7207068204879761,coast,0.0
78290c58e.jpg,15.999744,True,0.2463519126176834,ships,0.0
7832d2270.jpg,164.000256,True,0.8929479718208313,ships,0.0
7833c68e9.jpg,215.000064,True,0.9242780208587646,ships,0.0
783403b34.jpg,286.000128,True,0.7719043493270874,ships,0.0
78388954f.jpg,36.999936,True,0.640347957611084,ships,0.0
78388954f.jpg,56.00025599999999,True,0.8299751877784729,ships,0.0
783e42843.jpg,35.000064,True,0.0587561428546905,ships,0.0
783e42843.jpg,20.000256,True,0.3213415443897247,ships,0.0
7850218dd.jpg,235.00032,True,0.866915762424469,ships,0.016291300455729168
7850218dd.jpg,168.0,True,0.8538349270820618,ships,0.016291300455729168
786f8e73d.jpg,73.999872,True,0.8850452303886414,ships,0.0
7883dffb3.jpg,50.999808,True,0.7994123697280884,ships,0.0
788ff6a80.jpg,11.000064,True,0.3569023907184601,ships,0.0
788ff6a80.jpg,22.000128,True,0.4780036211013794,ships,0.0
78933d0d5.jpg,12.999936000000002,True,0.4622658491134643,ships,0.0
78aae2ec0.jpg,61.999872,True,0.852381706237793,coast,0.0
78aae2ec0.jpg,20.000256,True,0.2620901763439178,coast,0.0
78aae2ec0.jpg,77.999616,True,0.8497960567474365,coast,0.0
78aae2ec0.jpg,85.999872,True,0.8916705250740051,coast,0.0
78ad51c28.jpg,21.000192,True,0.0954597517848014,ships,0.0
78b443453.jpg,66.000384,True,0.7171264290809631,ships,0.0
78bc9d9d5.jpg,44.000256,True,0.7888163328170776,ships,0.0
78d8769c3.jpg,156.999936,True,0.7832394242286682,coast,0.0
78ee8c40e.jpg,19.00032,True,0.4260984063148498,ships,0.0
78f11bea6.jpg,48.999936,True,0.592673659324646,coast,0.0
78f11bea6.jpg,49.999872,True,0.6663756966590881,coast,0.0
78f11bea6.jpg,53.999616,True,0.5685415863990784,coast,0.0
78f11bea6.jpg,53.999616,True,0.7104063034057617,coast,0.0
78f11bea6.jpg,45.000192,True,0.354936420917511,coast,0.0
78f11bea6.jpg,49.999872,True,0.7400318384170532,coast,0.0
79053c150.jpg,12.999936000000002,True,0.6942819952964783,ships,0.0
79053c150.jpg,11.000064,True,0.5937075018882751,ships,0.0
79053c150.jpg,9.000192,True,0.4399069249629974,ships,0.0
79053c150.jpg,11.000064,True,0.3202044665813446,ships,0.0
790babfb2.jpg,15.999744,False,0.0,coast,0.0
790f10424.jpg,133.99987199999998,True,0.868238091468811,ships,0.0
7934e6372.jpg,11.000064,True,0.2818673253059387,coast,0.1241455078125
7934e6372.jpg,12.0,False,0.0,coast,0.1241455078125
7934e6372.jpg,12.0,True,0.2434760481119156,coast,0.1241455078125
794db00a5.jpg,29.999616,False,0.0,ships,0.0
794e9ad87.jpg,53.999616,True,0.5000091791152954,coast,0.0
794e9ad87.jpg,97.999872,True,0.887943685054779,coast,0.0
79538a3b2.jpg,37.999872,True,0.2890941798686981,ships,0.0
7984cee5f.jpg,110.999808,True,0.8256697058677673,ships,0.0
7984cee5f.jpg,100.99967999999998,True,0.8501385450363159,ships,0.0
79a15032a.jpg,62.999808,True,0.7638115286827087,ships,0.0
79a15032a.jpg,133.99987199999998,True,0.7760872840881348,ships,0.0
79a15032a.jpg,29.999616,True,0.2271001189947128,ships,0.0
79a15032a.jpg,40.99968,True,0.732231855392456,ships,0.0
79a15032a.jpg,79.00032,True,0.4579744040966034,ships,0.0
79a518103.jpg,16.999679999999998,True,0.4408131539821625,ships,0.0
79a651072.jpg,16.999679999999998,True,0.4697079360485077,ships,0.0
79a8570aa.jpg,74.999808,True,0.7648282051086426,ships,0.0
79b063a4e.jpg,265.999872,True,0.9650844931602478,ships,0.0
79b748025.jpg,124.99967999999998,True,0.6844624876976013,coast,0.010776095920138888
79b748025.jpg,129.000192,False,0.0,coast,0.010776095920138888
79b748025.jpg,124.99967999999998,True,0.7037268877029419,coast,0.010776095920138888
79b748025.jpg,129.000192,True,0.5382757782936096,coast,0.010776095920138888
79b748025.jpg,127.00032000000002,True,0.8446986675262451,coast,0.010776095920138888
79b748025.jpg,46.000128,True,0.7594859600067139,coast,0.010776095920138888
79b748025.jpg,75.999744,True,0.8544608354568481,coast,0.010776095920138888
79d2cdb25.jpg,58.000128,True,0.886218249797821,coast,0.0
79d2cdb25.jpg,148.99967999999998,True,0.9140095710754396,coast,0.0
79de961ca.jpg,32.000256,True,0.4492099583148956,coast,0.0
79e4d6dd8.jpg,248.000256,True,0.9430118203163148,coast,0.0
79e4d6dd8.jpg,71.00006400000001,True,0.7858262062072754,coast,0.0
79ebcb211.jpg,215.000064,True,0.8884271383285522,ships,0.0
79fb16330.jpg,18.000384,True,0.1576404869556427,ships,0.0
79fb16330.jpg,13.999872,False,0.0,ships,0.0
7a05e917f.jpg,121.999872,True,0.8706931471824646,ships,0.0
7a1678c2f.jpg,18.000384,True,0.4291031956672668,ships,0.0
7a1678c2f.jpg,28.99968,True,0.6137319207191467,ships,0.0
7a1678c2f.jpg,15.999744,True,0.4471707642078399,ships,0.0
7a1678c2f.jpg,8.000256,False,0.0,ships,0.0
7a16b9d82.jpg,160.99967999999998,True,0.8815338015556335,coast,0.12490336100260417
7a1f50d01.jpg,45.000192,True,0.8527488112449646,ships,0.0
7a1f6ffcd.jpg,12.0,True,0.1869262605905532,ships,0.0
7a2034c2e.jpg,167.000064,True,0.8706350326538086,coast,0.05189175075954861
7a207492f.jpg,10.000128,False,0.0,coast,0.0
7a207492f.jpg,19.00032,True,0.5512322783470154,coast,0.0
7a33e8379.jpg,142.00012800000002,True,0.8978410363197327,coast,0.0
7a33e8379.jpg,92.000256,True,0.8618142604827881,coast,0.0
7a4ff4e84.jpg,243.999744,True,0.9030175805091858,coast,0.0
7a5383eb6.jpg,10.000128,False,0.0,coast,0.0
7a5383eb6.jpg,14.999808,True,0.1498114466667175,coast,0.0
7a583f293.jpg,19.00032,True,0.2209513783454895,ships,0.0
7a5c0be6f.jpg,11.000064,True,0.1189677193760871,ships,0.0
7a70c9016.jpg,26.999808,True,0.6349941492080688,ships,0.0
7a70c9016.jpg,50.999808,True,0.8507334589958191,ships,0.0
7a7598680.jpg,34.000128,True,0.7412102222442627,ships,0.0
7a7598680.jpg,7.00032,False,0.0,ships,0.0
7a7598680.jpg,36.0,True,0.7856852412223816,ships,0.0
7a7fce0c1.jpg,60.999936,True,0.8695911169052124,ships,0.0
7a7fce0c1.jpg,18.000384,True,0.5645151138305664,ships,0.0
7aaf1b589.jpg,16.999679999999998,True,0.0530463121831417,ships,0.0
7aaf1b589.jpg,45.000192,True,0.6126412749290466,ships,0.0
7aaf1b589.jpg,112.99967999999998,True,0.6585948467254639,ships,0.0
7aaf1b589.jpg,49.999872,True,0.6095834970474243,ships,0.0
7aaf1b589.jpg,31.00032,True,0.2969022393226623,ships,0.0
7aaf1b589.jpg,15.999744,True,0.1378574520349502,ships,0.0
7aaf1b589.jpg,15.999744,True,0.1222938820719719,ships,0.0
7aaf1b589.jpg,15.999744,False,0.0,ships,0.0
7aaf1b589.jpg,15.999744,True,0.1800135225057602,ships,0.0
7aaf1b589.jpg,32.000256,False,0.0,ships,0.0
7aaf1b589.jpg,18.000384,False,0.0,ships,0.0
7abde3658.jpg,106.000128,True,0.9085813164711,coast,0.8720228407118056
7af142518.jpg,19.00032,False,0.0,coast,0.0
7b321f64f.jpg,7.00032,True,0.1887509077787399,ships,0.0
7b321f64f.jpg,16.999679999999998,True,0.6938583850860596,ships,0.0
7b35b9f8c.jpg,12.999936000000002,True,0.3292668163776397,ships,0.0
7b693c6b5.jpg,64.99968,True,0.8724029660224915,ships,0.0
7b6c0a2a8.jpg,226.000128,True,0.9269009828567504,ships,0.0
7b7fe4b0f.jpg,204.999936,True,0.7093745470046997,ships,0.0
7b92ce704.jpg,140.000256,True,0.9309722185134888,ships,0.0
7b92ce704.jpg,15.999744,True,0.1558094620704651,ships,0.0
7b92ce704.jpg,194.99980800000003,True,0.8968029618263245,ships,0.0
7ba7a8b6e.jpg,14.999808,True,0.479638010263443,ships,0.0
7ba7a8b6e.jpg,96.0,True,0.8267388343811035,ships,0.0
7ba8dfbf4.jpg,122.999808,True,0.8540014028549194,ships,0.0
7bbffa912.jpg,29.999616,True,0.6469360589981079,ships,0.0
7beea573c.jpg,84.0,True,0.797397792339325,ships,0.0
7beea573c.jpg,83.00006400000001,True,0.7833330035209656,ships,0.0
7beea573c.jpg,79.00032,True,0.8108656406402588,ships,0.0
7c09c5ebf.jpg,186.000384,True,0.9007806181907654,ships,0.0
7c31d0afb.jpg,56.00025599999999,True,0.7274317741394043,ships,0.0
7c31d0afb.jpg,76.99968,True,0.7167626023292542,ships,0.0
7c31e9aa5.jpg,16.999679999999998,True,0.5547199249267578,ships,0.0
7c31fa060.jpg,10.000128,False,0.0,coast,0.0
7c35d33fc.jpg,32.000256,False,0.0,ships,0.0
7c400ce83.jpg,45.000192,True,0.6511855721473694,ships,0.0
7c43acc87.jpg,96.0,True,0.8737675547599792,ships,0.0
7c43acc87.jpg,42.000384,True,0.7479488849639893,ships,0.0
7c43acc87.jpg,52.99968,True,0.753833532333374,ships,0.0
7c43acc87.jpg,13.999872,False,0.0,ships,0.0
7c43acc87.jpg,61.999872,True,0.7559013366699219,ships,0.0
7c43acc87.jpg,44.000256,True,0.7341554760932922,ships,0.0
7c4b06990.jpg,3.999744,False,0.0,ships,0.0
7c4b06990.jpg,8.000256,True,0.3027158677577972,ships,0.0
7c70f32da.jpg,9.000192,True,0.3146686553955078,ships,0.0
7c70f32da.jpg,18.000384,True,0.6398178339004517,ships,0.0
7c70f32da.jpg,8.000256,True,0.5512915849685669,ships,0.0
7c70f32da.jpg,8.000256,True,0.6142796874046326,ships,0.0
7c70f32da.jpg,11.000064,True,0.6580439805984497,ships,0.0
7c70f32da.jpg,5.9996160000000005,False,0.0,ships,0.0
7c70f32da.jpg,10.000128,True,0.7163883447647095,ships,0.0
7c70f32da.jpg,11.000064,True,0.6673581600189209,ships,0.0
7c70f32da.jpg,9.000192,True,0.6795175671577454,ships,0.0
7c70f32da.jpg,10.000128,True,0.728236973285675,ships,0.0
7c71cde96.jpg,9.000192,True,0.3454402983188629,ships,0.0
7c9cac62a.jpg,12.999936000000002,False,0.0,coast,0.3229200575086806
7c9f34d3a.jpg,19.00032,True,0.4645587503910064,ships,0.0
7c9f34d3a.jpg,118.000128,True,0.7887555956840515,ships,0.0
7c9f34d3a.jpg,51.99974400000001,True,0.7516248226165771,ships,0.0
7c9f34d3a.jpg,24.999936,True,0.1535235792398452,ships,0.0
7c9f34d3a.jpg,42.000384,True,0.738269567489624,ships,0.0
7c9f34d3a.jpg,12.999936000000002,False,0.0,ships,0.0
7c9f34d3a.jpg,25.999872000000003,True,0.5375075340270996,ships,0.0
7ca1f0683.jpg,245.999616,True,0.9531738758087158,ships,0.0
7cac6dc5f.jpg,20.000256,True,0.667902410030365,ships,0.0082550048828125
7cbfa4c30.jpg,18.000384,True,0.5133563876152039,ships,0.0
7cbfa4c30.jpg,84.99993599999999,True,0.8794568777084351,ships,0.0
7cd3c02e1.jpg,91.00032,True,0.8010056018829346,ships,0.0
7cd3c02e1.jpg,85.999872,True,0.8624326586723328,ships,0.0
7ce32a83f.jpg,169.99987199999998,True,0.9311168789863586,ships,0.0
7ce5ee7d5.jpg,77.999616,True,0.8401070237159729,ships,0.0
7ce7e138f.jpg,19.00032,True,0.3454155325889587,coast,0.0
7ce7e138f.jpg,13.999872,True,0.4030479490756988,coast,0.0
7d2474599.jpg,15.999744,False,0.0,ships,0.0
7d2474599.jpg,22.000128,False,0.0,ships,0.0
7d2474599.jpg,26.999808,False,0.0,ships,0.0
7d2474599.jpg,16.999679999999998,False,0.0,ships,0.0
7d2474599.jpg,14.999808,True,0.15397809445858,ships,0.0
7d347c547.jpg,21.000192,True,0.0917806327342987,ships,0.0
7d4a48fde.jpg,46.000128,True,0.7621038556098938,ships,0.0
7d4a48fde.jpg,43.00032,True,0.7568861842155457,ships,0.0
7d53b09c1.jpg,139.00032000000002,True,0.859541118144989,ships,0.0
7d85effad.jpg,176.000256,True,0.8862616419792175,ships,0.0
7d86eff1e.jpg,19.00032,False,0.0,coast,0.0
7d8e4f383.jpg,14.999808,True,0.4624780416488647,ships,0.0
7d8e4f383.jpg,5.9996160000000005,False,0.0,ships,0.0
7d8f442ec.jpg,64.99968,True,0.7564382553100586,ships,0.07477823893229167
7d998432f.jpg,14.999808,True,0.2089337408542633,ships,0.0
7d9eef8c7.jpg,14.999808,True,0.0555684380233287,ships,0.0
7d9eef8c7.jpg,62.999808,True,0.4458540678024292,ships,0.0
7d9eef8c7.jpg,42.000384,True,0.2513948976993561,ships,0.0
7d9eef8c7.jpg,38.999808,True,0.4544076025485992,ships,0.0
7d9eef8c7.jpg,12.0,True,0.381044328212738,ships,0.0
7d9eef8c7.jpg,79.00032,True,0.5393977165222168,ships,0.0
7d9f463a5.jpg,184.99968,True,0.8684636950492859,coast,0.0
7daacaf5b.jpg,4.99968,False,0.0,ships,0.0
7db36f616.jpg,59.000064,True,0.9153668880462646,ships,0.0
7db36f616.jpg,72.99993599999999,True,0.0573771186172962,ships,0.0
7df285494.jpg,24.0,True,0.5368924736976624,ships,0.0
7e002c3c2.jpg,25.999872000000003,True,0.4090557098388672,ships,0.0
7e0c03b19.jpg,228.999936,True,0.8646249175071716,ships,0.0
7e1957a39.jpg,193.999872,True,0.8987208008766174,coast,0.0
7e2834961.jpg,12.0,True,0.4482735693454742,ships,0.0
7e697bb58.jpg,10.000128,False,0.0,coast,0.0
7e697bb58.jpg,82.000128,True,0.8587415218353271,coast,0.0
7e8327c1e.jpg,73.999872,True,0.809924304485321,ships,0.0
7e87e9ee9.jpg,194.99980800000003,True,0.9155206680297852,ships,0.0
7e9141e11.jpg,138.000384,True,0.9497951865196228,coast,0.0
7eb7169c3.jpg,12.0,True,0.3775844871997833,coast,0.0
7eb7169c3.jpg,11.000064,True,0.3636133372783661,coast,0.0
7eb7169c3.jpg,10.000128,False,0.0,coast,0.0
7ecec357e.jpg,7.00032,False,0.0,coast,0.0
7ed56296e.jpg,49.999872,True,0.9176384210586548,ships,0.0
7ee1e0c3c.jpg,20.000256,False,0.0,ships,0.0
7ee1e0c3c.jpg,12.0,False,0.0,ships,0.0
7ee1e0c3c.jpg,155.000064,True,0.926968276500702,ships,0.0
7ee1e0c3c.jpg,182.999808,True,0.8440978527069092,ships,0.0
7ee5e1022.jpg,16.999679999999998,False,0.0,ships,0.0
7eede29c4.jpg,14.999808,True,0.3634573519229889,ships,0.0
7ef0738af.jpg,19.00032,True,0.3270460963249206,ships,0.0
7f27e468c.jpg,37.999872,True,0.7063069939613342,ships,0.0
7f27e468c.jpg,85.999872,True,0.9053430557250975,ships,0.0
7f27e468c.jpg,21.000192,True,0.6254443526268005,ships,0.0
7f27e468c.jpg,145.99987199999998,True,0.8813434839248657,ships,0.0
7f313d632.jpg,10.000128,False,0.0,ships,0.0
7f4a7658a.jpg,44.000256,True,0.3209621012210846,ships,0.0
7f4a7658a.jpg,21.000192,True,0.4724136590957641,ships,0.0
7f4a7658a.jpg,63.99974400000001,True,0.4505524933338165,ships,0.0
7f4a7658a.jpg,21.000192,True,0.4640331268310547,ships,0.0
7f4a7658a.jpg,20.000256,True,0.1221057623624801,ships,0.0
7f4a7658a.jpg,43.00032,True,0.3581962883472442,ships,0.0
7f4c800cf.jpg,156.999936,True,0.8848717212677002,coast,0.0
7f4debc40.jpg,25.999872000000003,True,0.3132070004940033,coast,0.0
7f5ac1af0.jpg,15.999744,True,0.4065619111061096,ships,0.0
7f5ac1af0.jpg,72.99993599999999,True,0.7727187871932983,ships,0.0
7f6086be4.jpg,16.999679999999998,True,0.2498337477445602,ships,0.0
7f6b0fb77.jpg,108.999936,True,0.8839234113693237,coast,0.0
7f77f0995.jpg,56.00025599999999,True,0.6232698559761047,ships,0.0
7f77f0995.jpg,134.999808,True,0.8291119337081909,ships,0.0
7f9d77796.jpg,130.00012800000002,True,0.921655535697937,ships,0.0
7f9d77796.jpg,70.000128,True,0.793803870677948,ships,0.0
7f9d77796.jpg,57.000192,True,0.8423246145248413,ships,0.0
7f9d77796.jpg,72.99993599999999,True,0.867729663848877,ships,0.0
7f9e38ab2.jpg,44.000256,True,0.7754933834075928,coast,0.0
7f9e38ab2.jpg,171.999744,True,0.9091907739639282,coast,0.0
7fb7a428c.jpg,11.000064,True,0.2872254252433777,ships,0.0
7fd79ab5f.jpg,84.99993599999999,True,0.8860597014427185,ships,0.0
7fd79ab5f.jpg,13.999872,True,0.3928482830524444,ships,0.0
7fd79ab5f.jpg,152.000256,True,0.928105890750885,ships,0.0
7fd79ab5f.jpg,15.999744,True,0.4241793751716614,ships,0.0
7fdad6235.jpg,13.999872,True,0.4170631468296051,coast,0.0
7fdad6235.jpg,19.00032,True,0.3502658605575561,coast,0.0
7fdb698d6.jpg,18.000384,True,0.1815863400697708,ships,0.0
7fdb698d6.jpg,13.999872,False,0.0,ships,0.0
7fe85d233.jpg,11.000064,True,0.0840964242815971,ships,0.0
7ff71c5c0.jpg,57.000192,True,0.4793237149715423,ships,0.1572146945529514
7ff7b8801.jpg,11.000064,True,0.1482568532228469,coast,0.0
7ff7b8801.jpg,14.999808,True,0.3419661223888397,coast,0.0
7ff7b8801.jpg,12.999936000000002,True,0.4260934889316559,coast,0.0
7ff7b8801.jpg,8.000256,False,0.0,coast,0.0
7ff7b8801.jpg,13.999872,True,0.1659242510795593,coast,0.0
7ff7b8801.jpg,14.999808,False,0.0,coast,0.0
7ff7b8801.jpg,12.0,True,0.1296052783727646,coast,0.0
7ff7b8801.jpg,16.999679999999998,True,0.4627209901809692,coast,0.0
7ff7b8801.jpg,12.999936000000002,False,0.0,coast,0.0
7ff7b8801.jpg,11.000064,True,0.1536905914545059,coast,0.0
7ff7b8801.jpg,12.0,True,0.1597878187894821,coast,0.0
7ff7b8801.jpg,20.000256,True,0.2640727460384369,coast,0.0
7ff7b8801.jpg,12.0,True,0.1763721704483032,coast,0.0
7ff7b8801.jpg,15.999744,True,0.4995307624340057,coast,0.0
7fff75831.jpg,12.999936000000002,True,0.2732077240943908,ships,0.0
800bc5d97.jpg,19.00032,True,0.3549255728721618,ships,0.0
800c9aceb.jpg,12.999936000000002,True,0.3272362947463989,ships,0.0
800c9aceb.jpg,12.999936000000002,False,0.0,ships,0.0
802179851.jpg,133.99987199999998,True,0.9356975555419922,ships,0.0
8040a7a6e.jpg,177.000192,True,0.7549656629562378,ships,0.0
805009727.jpg,35.000064,True,0.385797381401062,ships,0.0
8053c0eb5.jpg,8.000256,True,0.5464417934417725,ships,0.0
8053c0eb5.jpg,8.000256,True,0.1881453990936279,ships,0.0
8053c0eb5.jpg,5.9996160000000005,True,0.3603442013263702,ships,0.0
806211344.jpg,160.99967999999998,True,0.8926970362663269,ships,0.0
8063fae61.jpg,11.000064,True,0.2508299946784973,cloud,0.9962819417317709
8063fae61.jpg,10.000128,True,0.1734956353902816,cloud,0.9962819417317709
8064cfe10.jpg,22.000128,True,0.2272316217422485,ships,0.0
806c3002b.jpg,90.000384,True,0.8603528738021851,coast,0.0
806c3002b.jpg,83.00006400000001,True,0.8449288010597229,coast,0.0
806c3002b.jpg,75.999744,True,0.8579277396202087,coast,0.0
806c3002b.jpg,97.999872,True,0.8239566087722778,coast,0.0
80882ef86.jpg,47.000064,True,0.7867991924285889,ships,0.0
80882ef86.jpg,80.000256,True,0.85500568151474,ships,0.0
80882ef86.jpg,48.0,True,0.8242754936218262,ships,0.0
8099aaa13.jpg,11.000064,True,0.0992687493562698,ships,0.6325802273220487
80af04ff1.jpg,47.000064,True,0.6445432305335999,ships,0.2846289740668403
80af04ff1.jpg,38.999808,True,0.3117983937263489,ships,0.2846289740668403
80af04ff1.jpg,46.000128,True,0.4866269528865814,ships,0.2846289740668403
80af04ff1.jpg,40.99968,True,0.1571187376976013,ships,0.2846289740668403
80af04ff1.jpg,46.000128,True,0.6219717860221863,ships,0.2846289740668403
80af04ff1.jpg,28.99968,True,0.1358464211225509,ships,0.2846289740668403
80b8c4d81.jpg,13.999872,False,0.0,coast,0.0
80b8c4d81.jpg,16.999679999999998,True,0.4253120720386505,coast,0.0
80b8c4d81.jpg,12.999936000000002,False,0.0,coast,0.0
80b8c4d81.jpg,13.999872,True,0.2953323125839233,coast,0.0
80b8c4d81.jpg,13.999872,False,0.0,coast,0.0
80b8c4d81.jpg,12.999936000000002,True,0.2511574327945709,coast,0.0
80b8c4d81.jpg,18.000384,True,0.1048533618450164,coast,0.0
80b8c4d81.jpg,12.0,True,0.0783337727189064,coast,0.0
80b8c4d81.jpg,15.999744,True,0.1102682426571846,coast,0.0
80c6bed54.jpg,72.99993599999999,True,0.8544531464576721,ships,0.0
80c6bed54.jpg,67.00032,True,0.8642107844352722,ships,0.0
80c6bed54.jpg,36.999936,True,0.2296322882175445,ships,0.0
80c6bed54.jpg,62.999808,True,0.6873373985290527,ships,0.0
80c6bed54.jpg,67.00032,True,0.6343117356300354,ships,0.0
80c6bed54.jpg,71.00006400000001,True,0.7579330801963806,ships,0.0
80c6bed54.jpg,52.99968,True,0.7977033853530884,ships,0.0
80c6bed54.jpg,50.999808,False,0.0,ships,0.0
80c991d08.jpg,134.999808,True,0.8640598058700562,ships,0.0
80efb9c7b.jpg,239.000064,True,0.8987289071083069,ships,0.0
80f77e99d.jpg,7.00032,False,0.0,ships,0.0
8113a97f4.jpg,34.000128,True,0.6036000847816467,coast,0.0
811962ac2.jpg,37.999872,True,0.5937944650650024,ships,0.0
81443036d.jpg,171.999744,True,0.9307384490966796,ships,0.0
814c2a312.jpg,75.999744,True,0.8198351860046387,ships,0.0
81580c882.jpg,35.000064,True,0.7543900012969971,ships,0.0
81580c882.jpg,67.00032,True,0.8007693290710449,ships,0.0
81580c882.jpg,28.99968,True,0.5217767357826233,ships,0.0
81580c882.jpg,45.000192,True,0.8229066133499146,ships,0.0
815ddd80e.jpg,111.999744,True,0.867405116558075,coast,0.0
8162b59c1.jpg,48.999936,True,0.8190179467201233,ships,0.0
81636a920.jpg,156.999936,True,0.9049657583236694,ships,0.0
81636a920.jpg,216.0,True,0.9139571189880372,ships,0.0
816c59748.jpg,66.000384,True,0.7945399284362793,ships,0.0
8179df753.jpg,53.999616,True,0.8722622394561768,ships,0.0
8179df753.jpg,61.999872,True,0.8609094023704529,ships,0.0
8179df753.jpg,82.000128,True,0.8554203510284424,ships,0.0
817ad09f4.jpg,95.000064,True,0.8963813185691833,ships,0.0
8181e0417.jpg,108.999936,True,0.8853274583816528,coast,0.0
81828f709.jpg,66.000384,True,0.8449236154556274,ships,0.0
81828f709.jpg,23.000064,True,0.4999594688415527,ships,0.0
818c4c604.jpg,16.999679999999998,True,0.1299209743738174,coast,0.0
81906d833.jpg,226.000128,True,0.7909559011459351,ships,0.0
81906d833.jpg,179.000064,True,0.2828511297702789,ships,0.0
81b1be6fa.jpg,27.999744,True,0.626797080039978,coast,0.0
81b1be6fa.jpg,7.00032,True,0.1340985894203186,coast,0.0
81b1be6fa.jpg,36.999936,True,0.5674880743026733,coast,0.0
81b1d206d.jpg,73.999872,True,0.867620587348938,ships,0.0
81b1d206d.jpg,24.0,True,0.7378841042518616,ships,0.0
81b78ecff.jpg,148.99967999999998,True,0.9244685173034668,ships,0.0
81be6d53a.jpg,71.00006400000001,True,0.5677905678749084,ships,0.0
81cea10bd.jpg,14.999808,True,0.0979494750499725,ships,0.0
81cea10bd.jpg,218.99980800000003,True,0.8841630816459656,ships,0.0
81eabfac1.jpg,11.000064,True,0.3322113752365112,ships,0.0
81fe5a11c.jpg,19.00032,True,0.3262328803539276,coast,0.047461615668402776
81fe5a11c.jpg,12.999936000000002,True,0.1210915446281433,coast,0.047461615668402776
820a95fdf.jpg,147.999744,True,0.8464784026145935,ships,0.0
820cf0fa8.jpg,20.000256,True,0.4102556109428406,ships,0.0
821089b9a.jpg,14.999808,True,0.7335838079452515,ships,0.0
821089b9a.jpg,15.999744,True,0.3133783340454101,ships,0.0
821089b9a.jpg,14.999808,True,0.4058382213115692,ships,0.0
8214d47e2.jpg,96.999936,True,0.8157314658164978,coast,0.0
8218de40f.jpg,93.000192,True,0.8920015096664429,ships,0.0
82305ea18.jpg,12.999936000000002,True,0.2111162543296814,ships,0.0
8243ca536.jpg,175.00032000000002,True,0.9034773111343384,coast,0.0
827238dc5.jpg,13.999872,True,0.2916845679283142,ships,0.0
827238dc5.jpg,24.0,True,0.5748898983001709,ships,0.0
828ae7e9d.jpg,21.000192,True,0.5761165022850037,ships,0.0
8291d2f31.jpg,153.000192,True,0.8828364014625549,ships,0.0
82a36ee8d.jpg,96.999936,True,0.6234252452850342,ships,0.0
82aaeddaf.jpg,12.999936000000002,True,0.2482250928878784,coast,0.0
82c86dff9.jpg,11.000064,True,0.0685933977365493,ships,0.0
82c86dff9.jpg,10.000128,True,0.2403961420059204,ships,0.0
82e237789.jpg,15.999744,True,0.4354778528213501,ships,0.0
82e8cdaa5.jpg,48.0,True,0.7275552749633789,coast,0.0
82ec47838.jpg,177.000192,True,0.8923599123954773,ships,0.0
82fa6feb0.jpg,23.000064,True,0.374531090259552,ships,0.0
83176534a.jpg,82.000128,True,0.8796011805534363,ships,0.0
83208e408.jpg,91.00032,True,0.8859531879425049,ships,0.0
83208e408.jpg,18.000384,True,0.1436188668012619,ships,0.0
83208e408.jpg,18.000384,True,0.4304585456848144,ships,0.0
832661f4f.jpg,121.999872,True,0.8615636229515076,coast,0.0
833574595.jpg,101.999616,True,0.9105108976364136,ships,0.0
834d275fd.jpg,7.00032,False,0.0,ships,0.0
8355c30ab.jpg,12.999936000000002,True,0.3248265087604522,ships,0.0
836216268.jpg,189.000192,True,0.903312921524048,ships,0.0
838648b78.jpg,86.999808,True,0.7979263663291931,ships,0.0
8395e055c.jpg,90.000384,True,0.8112895488739014,ships,0.0
83a978177.jpg,75.999744,True,0.8789272308349609,ships,0.0
83b872ea5.jpg,180.0,True,0.8734521269798279,coast,0.0
83d7d5d87.jpg,12.999936000000002,False,0.0,coast,0.003879123263888889
83dfd98f4.jpg,86.999808,True,0.8379080295562744,ships,0.0
83e576834.jpg,67.00032,True,0.6513527035713196,coast,0.0
83e576834.jpg,19.00032,True,0.1463062167167663,coast,0.0
83e8e54e8.jpg,170.999808,True,0.8934721350669861,ships,0.0
83f6011e3.jpg,131.000064,True,0.8968738317489624,ships,0.0
8417fc19a.jpg,12.999936000000002,True,0.2996100783348083,coast,0.0
8417fc19a.jpg,13.999872,True,0.3116407096385956,coast,0.0
8417fc19a.jpg,16.999679999999998,True,0.4619418978691101,coast,0.0
8438859e4.jpg,70.000128,True,0.7320132255554199,ships,0.0
844a5f36d.jpg,84.99993599999999,True,0.7259698510169983,coast,0.0
844a5f36d.jpg,77.999616,True,0.8012830018997192,coast,0.0
844a5f36d.jpg,48.999936,True,0.4232893586158752,coast,0.0
844a5f36d.jpg,36.999936,True,0.4708535373210907,coast,0.0
844a5f36d.jpg,42.000384,True,0.5664071440696716,coast,0.0
844e0cf41.jpg,170.999808,True,0.8775671124458313,ships,0.0
845c083f2.jpg,130.00012800000002,True,0.83973628282547,coast,0.0
845eb47e1.jpg,28.99968,True,0.7400195002555847,ships,0.0
84714c017.jpg,14.999808,False,0.0,coast,0.011050754123263888
847d6a872.jpg,250.000128,True,0.8213995099067688,coast,0.0
847d6a872.jpg,144.999936,True,0.7956933975219727,coast,0.0
84851619b.jpg,12.0,True,0.2166961282491684,ships,0.0
849ab5fc3.jpg,14.999808,True,0.2417330890893936,ships,0.0
849ab5fc3.jpg,12.999936000000002,False,0.0,ships,0.0
849ab5fc3.jpg,12.0,False,0.0,ships,0.0
849ab5fc3.jpg,12.999936000000002,False,0.0,ships,0.0
849ab5fc3.jpg,15.999744,False,0.0,ships,0.0
849ab5fc3.jpg,13.999872,False,0.0,ships,0.0
849ab5fc3.jpg,13.999872,False,0.0,ships,0.0
849ab5fc3.jpg,24.0,True,0.0785704031586647,ships,0.0
849ab5fc3.jpg,11.000064,True,0.4174997210502624,ships,0.0
849ab5fc3.jpg,12.999936000000002,False,0.0,ships,0.0
84a066bee.jpg,29.999616,True,0.6475553512573242,ships,0.0
84a495da1.jpg,163.00032000000002,True,0.938578486442566,ships,0.0
84a80b2a0.jpg,196.99968,True,0.8073297142982483,ships,0.0
84ad59a73.jpg,23.000064,True,0.563235342502594,ships,0.0
84aff4c89.jpg,16.999679999999998,True,0.3529646694660187,coast,0.0
84aff4c89.jpg,15.999744,False,0.0,coast,0.0
84aff4c89.jpg,12.999936000000002,True,0.0780191496014595,coast,0.0
84aff4c89.jpg,13.999872,True,0.1178540214896202,coast,0.0
84aff4c89.jpg,12.0,True,0.0502532236278057,coast,0.0
84aff4c89.jpg,13.999872,False,0.0,coast,0.0
84aff4c89.jpg,16.999679999999998,True,0.2223583608865738,coast,0.0
84aff4c89.jpg,13.999872,False,0.0,coast,0.0
84aff4c89.jpg,12.999936000000002,False,0.0,coast,0.0
84ed77e7c.jpg,44.000256,True,0.7358232140541077,ships,0.14950731065538195
851302031.jpg,33.000192,True,0.4833180904388428,ships,0.0
851ccf864.jpg,18.000384,True,0.2259783595800399,ships,0.0
853a7aef1.jpg,49.999872,True,0.6804391741752625,ships,0.0
853a7aef1.jpg,37.999872,True,0.6466822028160095,ships,0.0
853a7aef1.jpg,47.000064,True,0.6442046761512756,ships,0.0
853a7aef1.jpg,46.000128,True,0.4489227533340454,ships,0.0
853a7aef1.jpg,39.999744,True,0.5939598679542542,ships,0.0
853a7aef1.jpg,49.999872,True,0.623110294342041,ships,0.0
853a7aef1.jpg,44.000256,True,0.8810795545578003,ships,0.0
853a7aef1.jpg,39.999744,True,0.5597960948944092,ships,0.0
853a7aef1.jpg,38.999808,True,0.1318923234939575,ships,0.0
853a7aef1.jpg,47.000064,True,0.6636807918548584,ships,0.0
85426ca04.jpg,263.00006399999995,True,0.9550692439079284,ships,0.0
8543e5205.jpg,15.999744,True,0.1597823798656463,coast,0.8405592176649306
854b5c6e8.jpg,75.999744,True,0.7829517722129822,ships,0.0
8553b1c10.jpg,224.000256,True,0.8649893403053284,coast,0.0
8556d6ff8.jpg,156.999936,True,0.8069800734519958,ships,0.0
8595b77d4.jpg,20.000256,True,0.4479252994060516,ships,0.0
8595b77d4.jpg,47.000064,True,0.7360430955886841,ships,0.0
859bb4bc8.jpg,81.000192,True,0.8891263008117676,ships,0.0
859bb4bc8.jpg,62.999808,True,0.7974649667739868,ships,0.0
859e41fe0.jpg,25.999872000000003,True,0.6008664965629578,ships,0.04368421766493055
859e41fe0.jpg,64.99968,True,0.6762436628341675,ships,0.04368421766493055
859e41fe0.jpg,87.999744,True,0.8987197875976562,ships,0.04368421766493055
85a4ba676.jpg,40.99968,True,0.582998514175415,ships,0.0
85ad5b8e8.jpg,231.999744,True,0.9149259328842164,ships,0.0
85b05eeea.jpg,14.999808,True,0.2776769399642944,ships,0.0
85f92ee9d.jpg,38.999808,True,0.111842855811119,coast,0.7154405381944444
85f92ee9d.jpg,36.0,False,0.0,coast,0.7154405381944444
85f92ee9d.jpg,39.999744,True,0.3144540786743164,coast,0.7154405381944444
860be5ac8.jpg,24.0,False,0.0,ships,0.0
860be5ac8.jpg,71.00006400000001,True,0.7740828990936279,ships,0.0
861026c31.jpg,11.000064,True,0.4224070310592651,coast,0.0
861026c31.jpg,60.0,True,0.8391934633255005,coast,0.0
861026c31.jpg,77.999616,True,0.831430196762085,coast,0.0
862b31c63.jpg,96.0,True,0.8720672726631165,ships,0.0
863a96e44.jpg,24.0,True,0.5428544282913208,ships,0.0
86760f68d.jpg,23.000064,True,0.0894727855920791,coast,0.0
8680839be.jpg,4.99968,False,0.0,ships,0.0
8680839be.jpg,16.999679999999998,True,0.3390430808067322,ships,0.0
8680839be.jpg,4.99968,False,0.0,ships,0.0
8688f97fb.jpg,32.000256,True,0.7383016347885132,ships,0.0
8688f97fb.jpg,36.999936,True,0.7827618718147278,ships,0.0
869396711.jpg,96.999936,True,0.8374419212341309,ships,0.0
869396711.jpg,22.000128,True,0.0674767419695854,ships,0.0
86964c018.jpg,88.99968,True,0.8982408046722412,ships,0.0
86b02d20e.jpg,24.999936,True,0.4791120588779449,ships,0.0
86caf7744.jpg,20.000256,True,0.341372936964035,coast,0.0
86e1c17ae.jpg,48.999936,True,0.6770408749580383,ships,0.0
86ebc244d.jpg,33.000192,True,0.0521235130727291,ships,0.017630683051215276
86f473acf.jpg,91.00032,True,0.7374939918518066,ships,0.4684499104817708
86f73238a.jpg,135.999744,True,0.9168047904968262,ships,0.0
86f7b8272.jpg,228.999936,True,0.930638074874878,ships,0.0
870680501.jpg,35.000064,False,0.0,coast,0.0
870e938c3.jpg,159.999744,True,0.9018534421920776,ships,0.0
87139470c.jpg,151.00032000000002,True,0.8782539963722229,coast,0.021626790364583332
8715b56a0.jpg,266.99980800000003,True,0.9344903826713562,ships,0.0
871d71a5b.jpg,60.999936,True,0.7675622701644897,ships,0.0
87404fe27.jpg,35.000064,True,0.151490107178688,ships,0.0
8740db2fd.jpg,195.999744,True,0.8949238657951355,ships,0.0
8740db2fd.jpg,76.99968,True,0.8832669854164124,ships,0.0
8740db2fd.jpg,75.999744,True,0.8643234968185425,ships,0.0
8740db2fd.jpg,82.000128,True,0.8142994046211243,ships,0.0
874bb3d0b.jpg,75.999744,True,0.7703291773796082,coast,0.0
8750bd082.jpg,74.999808,True,0.852427065372467,ships,0.0
8751e708d.jpg,72.0,True,0.7910308241844177,ships,0.0
8759ab630.jpg,22.000128,True,0.3628578782081604,ships,0.0
8759ab630.jpg,18.000384,True,0.3791035711765289,ships,0.0
87667797b.jpg,47.000064,True,0.7879942655563354,ships,0.0
87823f0e8.jpg,141.000192,True,0.834870457649231,ships,0.0
87823f0e8.jpg,22.000128,True,0.3085785210132599,ships,0.0
8794d5ff9.jpg,18.000384,True,0.2950312197208404,ships,0.0
8794d5ff9.jpg,27.999744,True,0.0548792220652103,ships,0.0
87a1e29ab.jpg,145.99987199999998,True,0.919363498687744,ships,0.0
87acc3ebe.jpg,15.999744,True,0.2542425096035003,ships,0.0
87bd9c92b.jpg,91.00032,True,0.8804994225502014,coast,0.0
87edd570b.jpg,29.999616,False,0.0,ships,0.0
881f75cc1.jpg,43.00032,True,0.836574375629425,ships,0.0
88212dbc7.jpg,20.000256,True,0.6188946962356567,ships,0.0
883b243fb.jpg,12.999936000000002,False,0.0,ships,0.036799112955729164
88449d222.jpg,60.0,True,0.7430978417396545,ships,0.0
88449d222.jpg,12.999936000000002,True,0.2730681002140045,ships,0.0
8849b205b.jpg,9.000192,True,0.3010886609554291,ships,0.0
88564623a.jpg,11.000064,True,0.5426077842712402,ships,0.0
886cbd726.jpg,20.000256,False,0.0,coast,0.0
887a44405.jpg,16.999679999999998,False,0.0,ships,0.0
887a44405.jpg,80.000256,True,0.8238945007324219,ships,0.0
8889c3cb8.jpg,177.000192,True,0.8416019082069397,ships,0.0
889d3301e.jpg,60.0,True,0.9120089411735536,ships,0.0
889d3301e.jpg,92.000256,True,0.7760713696479797,ships,0.0
889d3301e.jpg,156.999936,True,0.8513694405555725,ships,0.0
889d3301e.jpg,179.000064,True,0.8179728984832764,ships,0.0
88a46e015.jpg,81.000192,True,0.8584925532341003,coast,0.0
88ab00019.jpg,11.000064,True,0.1935378164052963,ships,0.0
88ab00019.jpg,14.999808,True,0.6982744336128235,ships,0.0
88b55ae2a.jpg,13.999872,True,0.2750287353992462,ships,0.0
88d1a3bfa.jpg,213.000192,True,0.8870282769203186,coast,0.0
88e14cd94.jpg,105.000192,True,0.8452856540679932,ships,0.0
88e34a21f.jpg,4.99968,False,0.0,ships,0.0
88e3e33fd.jpg,87.999744,True,0.6936869621276855,ships,0.0
88e3e33fd.jpg,77.999616,True,0.7698436975479126,ships,0.0
88e3e33fd.jpg,135.999744,True,0.8324753642082214,ships,0.0
88ee8ca07.jpg,18.000384,True,0.4640752375125885,ships,0.0
88ee8ca07.jpg,16.999679999999998,True,0.4764816462993622,ships,0.0
88f91b5d5.jpg,58.000128,True,0.3957625329494476,ships,0.0
890ea1a11.jpg,7.00032,True,0.2203363180160522,ships,0.0
891f7fbb8.jpg,4.99968,False,0.0,ships,0.0
891f7fbb8.jpg,5.9996160000000005,False,0.0,ships,0.0
892a69b4b.jpg,193.999872,True,0.8432139754295349,ships,0.0
894a69786.jpg,23.000064,True,0.548223078250885,ships,0.0
894c7db4e.jpg,23.000064,True,0.0622497648000717,coast,0.0
8950afd7c.jpg,14.999808,False,0.0,ships,0.0
89596469e.jpg,19.00032,True,0.4244660139083862,ships,0.0
895ee3fac.jpg,19.00032,True,0.3966628313064575,ships,0.0
897dbe93c.jpg,16.999679999999998,True,0.4463246762752533,ships,0.0
897dbe93c.jpg,11.000064,True,0.3642862141132355,ships,0.0
897e268f7.jpg,36.999936,True,0.6551485061645508,ships,0.0
89908d887.jpg,18.000384,True,0.5911870002746582,ships,0.0
89c857e22.jpg,46.000128,True,0.8074511289596558,ships,0.0
89c857e22.jpg,19.00032,True,0.3114421963691711,ships,0.0
89c857e22.jpg,93.000192,True,0.8570829033851624,ships,0.0
89cbb2430.jpg,16.999679999999998,True,0.4203243553638458,ships,0.0
89cd711b2.jpg,252.0,True,0.8160222768783569,coast,0.0
89d46f4c4.jpg,133.99987199999998,True,0.8331408500671387,ships,0.0
89fbf46f8.jpg,23.000064,True,0.4126745760440826,ships,0.0
89fcf9121.jpg,12.999936000000002,False,0.0,ships,0.0
89fcf9121.jpg,55.00032,True,0.8367617726325989,ships,0.0
8a026fe20.jpg,259.00032,True,0.8804798722267151,coast,0.0
8a0e5c046.jpg,193.999872,True,0.8975823521614075,ships,0.0
8a2499cea.jpg,9.000192,True,0.5876531004905701,ships,0.0
8a2499cea.jpg,8.000256,True,0.6204943060874939,ships,0.0
8a2499cea.jpg,7.00032,True,0.4579455554485321,ships,0.0
8a2499cea.jpg,9.000192,True,0.1925525516271591,ships,0.0
8a2499cea.jpg,11.000064,True,0.2196237444877624,ships,0.0
8a2499cea.jpg,9.000192,True,0.1848783046007156,ships,0.0
8a2499cea.jpg,12.999936000000002,True,0.6121737957000732,ships,0.0
8a2499cea.jpg,8.000256,True,0.3994743824005127,ships,0.0
8a2499cea.jpg,10.000128,False,0.0,ships,0.0
8a2499cea.jpg,10.000128,True,0.3659766614437103,ships,0.0
8a2499cea.jpg,9.000192,True,0.299672394990921,ships,0.0
8a2c43d6b.jpg,177.000192,True,0.9087098836898804,ships,0.0
8a353f292.jpg,19.00032,True,0.1298823952674865,ships,0.0
8a37200de.jpg,60.999936,True,0.824449360370636,coast,0.0
8a37bcd57.jpg,240.0,True,0.8561493754386902,ships,0.0
8a3a192a4.jpg,250.000128,True,0.954095184803009,ships,0.0
8a3a192a4.jpg,36.0,True,0.656459391117096,ships,0.0
8a3a192a4.jpg,195.999744,True,0.9153839945793152,ships,0.0
8a59239c9.jpg,71.00006400000001,True,0.7699072360992432,ships,0.0
8a59239c9.jpg,24.0,False,0.0,ships,0.0
8a5bf45d5.jpg,27.999744,True,0.5540565848350525,ships,0.0
8a78ffce2.jpg,22.000128,True,0.0911810994148254,ships,0.0
8a78ffce2.jpg,13.999872,True,0.5953324437141418,ships,0.0
8a79b86aa.jpg,14.999808,True,0.2095764577388763,ships,0.0
8a8950d97.jpg,18.000384,True,0.2400820255279541,ships,0.0
8a8950d97.jpg,60.999936,True,0.8232279419898987,ships,0.0
8aa4eedaf.jpg,204.999936,True,0.9191325902938844,ships,0.0
8aa850743.jpg,12.999936000000002,True,0.070253312587738,ships,0.0
8ab0d9126.jpg,42.000384,True,0.7372050881385803,coast,0.0
8ab996730.jpg,12.999936000000002,True,0.4168044030666351,ships,0.0
8aba2fd7a.jpg,20.000256,True,0.2533564567565918,ships,0.0
8aba2fd7a.jpg,77.999616,True,0.8495251536369324,ships,0.0
8ac027bce.jpg,14.999808,True,0.1009899079799652,ships,0.0
8ac027bce.jpg,223.00032,True,0.8842850923538208,ships,0.0
8acb482bd.jpg,154.00012800000002,True,0.9307399988174438,ships,0.0
8ad018505.jpg,11.000064,True,0.2168607115745544,coast,0.0
8ad018505.jpg,29.999616,True,0.2554830312728882,coast,0.0
8ad018505.jpg,99.999744,True,0.6657118201255798,coast,0.0
8ae540da8.jpg,244.99968,True,0.9568106532096864,ships,0.0
8ae540da8.jpg,180.0,True,0.9106716513633728,ships,0.0
8afe804ba.jpg,179.000064,True,0.9088775515556335,ships,0.0
8b15c073d.jpg,16.999679999999998,True,0.5301554799079895,ships,0.0
8b15c073d.jpg,12.999936000000002,True,0.6341851949691772,ships,0.0
8b15c073d.jpg,16.999679999999998,True,0.6816698312759399,ships,0.0
8b15c073d.jpg,18.000384,True,0.3956285417079925,ships,0.0
8b15c073d.jpg,16.999679999999998,True,0.6782129406929016,ships,0.0
8b15c073d.jpg,15.999744,True,0.5103163123130798,ships,0.0
8b15c073d.jpg,13.999872,True,0.298294723033905,ships,0.0
8b2291ad4.jpg,12.999936000000002,True,0.1812554150819778,ships,0.0
8b2291ad4.jpg,20.000256,True,0.4366287291049957,ships,0.0
8b2775080.jpg,77.999616,True,0.8399890065193176,ships,0.0
8b56662dc.jpg,84.99993599999999,True,0.8100987076759338,coast,0.0
8b5dfef95.jpg,12.999936000000002,False,0.0,ships,0.0
8b5f9d5d8.jpg,86.999808,True,0.8673036694526672,ships,0.0
8b5f9d5d8.jpg,52.99968,True,0.8324633240699768,ships,0.0
8b61fbd84.jpg,61.999872,True,0.8767508268356323,ships,0.0
8b68319d0.jpg,110.999808,True,0.7639320492744446,coast,0.0
8b68319d0.jpg,31.00032,True,0.5540533661842346,coast,0.0
8b68319d0.jpg,98.999808,True,0.84809809923172,coast,0.0
8b68319d0.jpg,21.000192,False,0.0,coast,0.0
8b6b01699.jpg,170.999808,True,0.8771716356277466,ships,0.0
8b858d1ca.jpg,82.000128,True,0.8781916499137878,ships,0.0
8b8ff7fc4.jpg,20.000256,True,0.6899555325508118,coast,0.0
8b8ff7fc4.jpg,11.000064,False,0.0,coast,0.0
8b8ff7fc4.jpg,14.999808,True,0.6482547521591187,coast,0.0
8ba136c38.jpg,194.99980800000003,True,0.8368712067604065,ships,0.0
8ba136c38.jpg,223.00032,True,0.9227032661437988,ships,0.0
8bb20d465.jpg,263.00006399999995,True,0.9587841629981996,ships,0.0
8bb46b7e3.jpg,12.999936000000002,True,0.3017239868640899,ships,0.0
8bcdca0cb.jpg,16.999679999999998,True,0.2641329765319824,ships,0.0
8bd94f511.jpg,98.999808,True,0.8933451175689697,ships,0.0
8bd94f511.jpg,82.000128,True,0.8673219084739685,ships,0.0
8bdec9a05.jpg,43.00032,True,0.7389200925827026,ships,0.0
8bf651696.jpg,24.999936,True,0.255728006362915,ships,0.0
8bf651696.jpg,40.99968,True,0.0559927746653556,ships,0.0
8bfad0524.jpg,136.99967999999998,True,0.8083890080451965,ships,0.0
8bfad0524.jpg,12.0,True,0.1788858324289322,ships,0.0
8bfad0524.jpg,11.000064,True,0.1262706220149994,ships,0.0
8c02047a1.jpg,76.99968,True,0.6801130771636963,coast,0.0
8c02047a1.jpg,98.999808,True,0.77127605676651,coast,0.0
8c02047a1.jpg,48.999936,True,0.6116659045219421,coast,0.0
8c02047a1.jpg,48.999936,True,0.1725000888109207,coast,0.0
8c02047a1.jpg,143.000064,True,0.7744022011756897,coast,0.0
8c02047a1.jpg,70.000128,True,0.6949307918548584,coast,0.0
8c02047a1.jpg,74.999808,True,0.546462893486023,coast,0.0
8c02047a1.jpg,100.99967999999998,True,0.5178388953208923,coast,0.0
8c02047a1.jpg,52.99968,True,0.6867209672927856,coast,0.0
8c17b27cc.jpg,15.999744,True,0.273629754781723,ships,0.0
8c17b27cc.jpg,16.999679999999998,True,0.563514232635498,ships,0.0
8c1b419a1.jpg,16.999679999999998,True,0.3311493098735809,coast,0.0
8c23c585a.jpg,124.99967999999998,True,0.8372285962104797,coast,0.0
8c3e4558d.jpg,68.000256,True,0.8424358367919922,ships,0.0
8c3e4558d.jpg,18.000384,True,0.0536497570574283,ships,0.0
8c41b395b.jpg,24.999936,True,0.2233240306377411,coast,0.0
8c42fcfa1.jpg,151.00032000000002,True,0.8404171466827393,coast,0.0
8c4be6a61.jpg,120.0,True,0.880610466003418,ships,0.0
8c629b8b5.jpg,29.999616,True,0.7311657667160034,ships,0.0
8c629b8b5.jpg,60.0,True,0.8002710342407227,ships,0.0
8c6ba3e17.jpg,139.00032000000002,True,0.8859074711799622,ships,0.0
8c7fd9fbf.jpg,87.999744,True,0.8711857199668884,coast,0.0
8c8620d2e.jpg,19.00032,True,0.0563464872539043,ships,0.0
8c9cf7e37.jpg,19.00032,False,0.0,ships,0.0
8c9cf7e37.jpg,71.00006400000001,True,0.8679366707801819,ships,0.0
8c9cf7e37.jpg,20.000256,True,0.5273760557174683,ships,0.0
8ca2e363e.jpg,15.999744,True,0.1344444155693054,coast,0.0
8ca2e363e.jpg,10.000128,True,0.3749606609344482,coast,0.0
8ca9d4a37.jpg,21.000192,True,0.0892363637685775,ships,0.0
8ca9d4a37.jpg,61.999872,True,0.8674697875976562,ships,0.0
8cafa26ce.jpg,86.999808,True,0.8394292593002319,ships,0.0
8cbb2970b.jpg,211.00032,True,0.9171647429466248,ships,0.0
8cbca02cb.jpg,70.000128,True,0.8771945238113403,ships,0.0
8cc3ff528.jpg,31.00032,True,0.0893026292324066,ships,0.0
8cfb570f6.jpg,24.999936,False,0.0,ships,0.0
8cfb570f6.jpg,76.99968,True,0.8324267268180847,ships,0.0
8cfb570f6.jpg,24.0,False,0.0,ships,0.0
8d0028339.jpg,160.99967999999998,True,0.8904786705970764,ships,0.0
8d183ca66.jpg,11.000064,True,0.303916186094284,coast,0.0
8d1f31dc8.jpg,92.000256,True,0.8680768609046936,coast,0.0
8d1f31dc8.jpg,12.999936000000002,True,0.1052330285310745,coast,0.0
8d1f31dc8.jpg,109.999872,True,0.8179183006286621,coast,0.0
8d2144e59.jpg,11.000064,True,0.2918636202812195,coast,0.0
8d52d1710.jpg,13.999872,True,0.2984422445297241,ships,0.0
8d5b7a1b9.jpg,86.999808,True,0.876258373260498,ships,0.0
8d6079194.jpg,13.999872,True,0.2722133696079254,ships,0.0
8d61218a3.jpg,11.000064,True,0.4216707646846771,ships,0.0
8d61218a3.jpg,77.999616,True,0.8294911980628967,ships,0.0
8d692a8d7.jpg,84.99993599999999,True,0.8868623375892639,coast,0.0
8d696dcb2.jpg,84.0,True,0.7579238414764404,ships,0.0
8d696dcb2.jpg,138.000384,True,0.849050760269165,ships,0.0
8d9fd3581.jpg,43.00032,True,0.2364356368780136,coast,0.007554796006944444
8d9fd3581.jpg,45.000192,True,0.169812723994255,coast,0.007554796006944444
8d9fd3581.jpg,47.000064,True,0.0843484625220298,coast,0.007554796006944444
8db89a8b7.jpg,207.999744,True,0.7803363800048828,ships,0.0
8dbe138c4.jpg,62.999808,True,0.8250337243080139,ships,0.0
8dbe138c4.jpg,15.999744,True,0.4294513463973999,ships,0.0
8dc26d710.jpg,12.999936000000002,True,0.344977468252182,ships,0.0
8dfba7e05.jpg,80.000256,True,0.9107742309570312,ships,0.0
8dfcc9a22.jpg,20.000256,False,0.0,coast,0.0
8e0cc7b1a.jpg,25.999872000000003,False,0.0,coast,0.0
8e36f9d56.jpg,55.00032,True,0.7828582525253296,ships,0.0
8e3cc1a9a.jpg,13.999872,True,0.4500900506973266,ships,0.0
8e3cc1a9a.jpg,13.999872,True,0.0809973552823066,ships,0.0
8e5b5e5ac.jpg,191.000064,True,0.8961941003799438,coast,0.0
8e5b5e5ac.jpg,73.999872,True,0.6638811826705933,coast,0.0
8e5fad340.jpg,197.999616,True,0.8706216216087341,ships,0.0
8e798b726.jpg,63.99974400000001,True,0.7973380088806152,ships,0.0
8e7c684ae.jpg,18.000384,True,0.6160904169082642,ships,0.0
8e7e2bdb5.jpg,204.0,True,0.8856547474861145,ships,0.0
8e9064036.jpg,108.999936,True,0.8854660391807556,coast,0.0
8e9f89188.jpg,96.0,True,0.8370848298072815,ships,0.0
8ea11cb52.jpg,44.000256,True,0.7882823944091797,ships,0.0
8ecc8ea77.jpg,291.999744,True,0.9140024781227112,ships,0.0
8ecc8ea77.jpg,104.000256,True,0.8627150654792786,ships,0.0
8ecc8ea77.jpg,24.999936,True,0.4668261408805847,ships,0.0
8ef058535.jpg,136.99967999999998,True,0.9312313199043274,ships,0.0
8f1dc78d3.jpg,15.999744,True,0.1461347341537475,ships,0.0
8f3358020.jpg,14.999808,False,0.0,ships,0.0
8f3be518d.jpg,40.99968,True,0.702790379524231,coast,0.0
8f411018d.jpg,5.9996160000000005,False,0.0,coast,0.2638905843098958
8f4eb84b1.jpg,267.999744,True,0.9747031331062316,ships,0.0
8f4eb84b1.jpg,20.000256,True,0.0721851736307144,ships,0.0
8f53ef08b.jpg,86.999808,True,0.8788400292396545,coast,0.0
8f6f06029.jpg,95.000064,True,0.7539451718330383,coast,0.0
8f6f06029.jpg,192.999936,True,0.8547510504722595,coast,0.0
8f6f06029.jpg,70.000128,True,0.6126779317855835,coast,0.0
8f755c40c.jpg,51.99974400000001,True,0.5021283626556396,coast,0.0
8f755c40c.jpg,21.000192,True,0.3949505686759949,coast,0.0
8f755c40c.jpg,38.999808,True,0.184441864490509,coast,0.0
8f755c40c.jpg,59.000064,True,0.8287307024002075,coast,0.0
8f755c40c.jpg,59.000064,True,0.8360088467597961,coast,0.0
8f789e5b9.jpg,94.000128,True,0.7206047773361206,coast,0.0
8f798280c.jpg,40.99968,True,0.8677791953086853,ships,0.0
8f843f70a.jpg,24.0,True,0.3939054012298584,ships,0.0
8f843f70a.jpg,10.000128,True,0.3217997848987579,ships,0.0
8f843f70a.jpg,79.00032,True,0.8471084833145142,ships,0.0
8fa56d134.jpg,9.000192,False,0.0,ships,0.0
8fa56d134.jpg,8.000256,False,0.0,ships,0.0
8fb84ab8b.jpg,166.00012800000002,True,0.8662015795707703,ships,0.0
8fc4dd67d.jpg,58.000128,True,0.8575789928436279,ships,0.0
8fdffa16f.jpg,82.000128,True,0.8398119807243347,ships,0.0
8fdffa16f.jpg,27.999744,True,0.1200253218412399,ships,0.0
8fdffa16f.jpg,12.999936000000002,True,0.3364987075328827,ships,0.0
8fdffa16f.jpg,22.000128,True,0.5842419862747192,ships,0.0
8fdffa16f.jpg,72.99993599999999,True,0.8717712163925171,ships,0.0
8fdffa16f.jpg,70.000128,True,0.8089072704315186,ships,0.0
8fed1b355.jpg,25.999872000000003,False,0.0,coast,0.17547776963975695
8feda0449.jpg,13.999872,True,0.5001876354217529,coast,0.0
9021b7349.jpg,42.000384,True,0.7826926708221436,ships,0.0
9021b7349.jpg,200.000256,True,0.8882629871368408,ships,0.0
9021b7349.jpg,74.999808,True,0.7302392721176147,ships,0.0
9030cfe70.jpg,47.000064,True,0.6618010997772217,ships,0.0
9030cfe70.jpg,108.0,True,0.7964211702346802,ships,0.0
905547ac4.jpg,194.99980800000003,True,0.8692860007286072,ships,0.0
90716260a.jpg,28.99968,True,0.6349755525588989,ships,0.0
9077f91aa.jpg,88.99968,True,0.7903410792350769,ships,0.0
907af4d58.jpg,14.999808,False,0.0,ships,0.0
907af4d58.jpg,74.999808,True,0.7779435515403748,ships,0.0
907c6a50e.jpg,59.000064,True,0.7643967866897583,ships,0.0
907c6a50e.jpg,84.99993599999999,True,0.8403958678245544,ships,0.0
907fdf621.jpg,166.00012800000002,True,0.9133487939834596,ships,0.0
908adff15.jpg,10.000128,False,0.0,ships,0.0
90a1594cf.jpg,28.99968,True,0.7711716890335083,ships,0.0
90a805fe8.jpg,36.999936,True,0.703580915927887,coast,0.2565477159288194
90b04356e.jpg,21.000192,True,0.1734416186809539,ships,0.0
90b3653af.jpg,11.000064,False,0.0,ships,0.0
90b3653af.jpg,12.999936000000002,True,0.1634700149297714,ships,0.0
90b3653af.jpg,18.000384,True,0.3082528710365295,ships,0.0
90b3653af.jpg,13.999872,True,0.0601342730224132,ships,0.0
90b3653af.jpg,140.000256,True,0.869701623916626,ships,0.0
90b852c20.jpg,20.000256,True,0.18502277135849,coast,0.3214348687065972
90bb334ec.jpg,94.000128,True,0.8820502161979675,ships,0.0
90d31fb80.jpg,19.00032,True,0.2061934769153595,ships,0.0
90d34f8ee.jpg,33.000192,False,0.0,coast,0.013337877061631944
90d73e493.jpg,11.000064,True,0.2108592838048935,ships,0.0
90d73e493.jpg,8.000256,False,0.0,ships,0.0
90d73e493.jpg,8.000256,True,0.1292881369590759,ships,0.0
90d73e493.jpg,9.000192,True,0.2252262681722641,ships,0.0
90d73e493.jpg,10.000128,True,0.3983513116836548,ships,0.0
90d73e493.jpg,10.000128,True,0.3910159468650818,ships,0.0
90d73e493.jpg,5.9996160000000005,False,0.0,ships,0.0
90d73e493.jpg,9.000192,False,0.0,ships,0.0
90da9c6e4.jpg,218.99980800000003,True,0.8242696523666382,ships,0.0
90dd7a904.jpg,67.00032,True,0.7998623251914978,ships,0.03141615125868055
90fde558d.jpg,35.000064,False,0.0,ships,0.0
91013c5fa.jpg,10.000128,False,0.0,coast,0.0
91026f37f.jpg,21.000192,True,0.4398727715015411,ships,0.0
910c12294.jpg,18.000384,True,0.4208285510540008,ships,0.0
9115f80de.jpg,56.00025599999999,True,0.8661354780197144,ships,0.0
9118c824c.jpg,240.999936,True,0.9343597292900084,ships,0.0
91248ebd4.jpg,10.000128,True,0.390784353017807,ships,0.0
912625b71.jpg,19.00032,True,0.3375550210475921,ships,0.0
915ee1e1a.jpg,47.000064,False,0.0,coast,0.0
915ee1e1a.jpg,25.999872000000003,True,0.0637445002794265,coast,0.0
915ee1e1a.jpg,21.000192,False,0.0,coast,0.0
915ee1e1a.jpg,27.999744,True,0.1649934351444244,coast,0.0
9184553ca.jpg,48.0,True,0.8860992193222046,ships,0.0
9184553ca.jpg,32.000256,True,0.3872944414615631,ships,0.0
9184553ca.jpg,36.999936,True,0.8799064755439758,ships,0.0
9184553ca.jpg,42.000384,True,0.8610076308250427,ships,0.0
9184553ca.jpg,49.999872,True,0.9064924716949464,ships,0.0
9184553ca.jpg,42.000384,True,0.554917573928833,ships,0.0
9184553ca.jpg,36.0,True,0.8253616690635681,ships,0.0
9184553ca.jpg,40.99968,True,0.6212364435195923,ships,0.0
9184553ca.jpg,48.0,True,0.8269867300987244,ships,0.0
9184553ca.jpg,36.999936,True,0.8190592527389526,ships,0.0
9184553ca.jpg,75.999744,True,0.8482121825218201,ships,0.0
9184553ca.jpg,42.000384,True,0.7371984124183655,ships,0.0
9184553ca.jpg,81.000192,True,0.8557578921318054,ships,0.0
9184e94ad.jpg,11.000064,True,0.4282349050045013,ships,0.0
919314302.jpg,27.999744,True,0.6971622705459595,ships,0.0
919e75a13.jpg,239.000064,True,0.9470037221908568,ships,0.0
919f8ee92.jpg,31.00032,True,0.63702791929245,coast,0.0
919f8ee92.jpg,46.000128,True,0.6503240466117859,coast,0.0
91bcdd9df.jpg,27.999744,True,0.4208245873451233,coast,0.0
91bcdd9df.jpg,28.99968,True,0.5673269033432007,coast,0.0
91c9393df.jpg,28.99968,True,0.5245141983032227,ships,0.08508470323350695
91cff7dad.jpg,18.000384,False,0.0,cloud,0.9985385470920138
91f6934ce.jpg,80.000256,True,0.8837509155273438,ships,0.0
91f6934ce.jpg,21.000192,True,0.5548226833343506,ships,0.0
91f8d377b.jpg,196.99968,True,0.9109925627708436,ships,0.0
9200d4030.jpg,277.999872,True,0.9807377457618712,ships,0.0
9202dec29.jpg,22.000128,True,0.3643890619277954,ships,0.0
920dd8351.jpg,180.0,True,0.8699514865875244,coast,0.0
92210aa10.jpg,19.00032,True,0.3160101771354675,ships,0.0
9222cf944.jpg,18.000384,True,0.3491002023220062,ships,0.0
9239ebec3.jpg,160.99967999999998,True,0.8814270496368408,ships,0.0
923a86f44.jpg,105.000192,True,0.9238815307617188,ships,0.0
92468a536.jpg,24.999936,True,0.5833678245544434,coast,0.0
924bcc0dc.jpg,84.99993599999999,True,0.8169894814491272,ships,0.0
9259fd6d4.jpg,47.000064,True,0.5172210931777954,coast,0.0
925a10025.jpg,139.00032000000002,True,0.8961641192436218,ships,0.0
927652547.jpg,111.999744,True,0.9010853171348572,ships,0.0
927a27586.jpg,13.999872,True,0.4802151620388031,ships,0.0
927a27586.jpg,15.999744,True,0.4666702151298523,ships,0.0
927a27586.jpg,13.999872,True,0.430745393037796,ships,0.0
92af1c5c1.jpg,56.00025599999999,True,0.8712727427482605,ships,0.0
92af1c5c1.jpg,13.999872,True,0.3067202568054199,ships,0.0
92b3cc6e3.jpg,13.999872,False,0.0,coast,0.0
92b3cc6e3.jpg,11.000064,False,0.0,coast,0.0
92bfbcf50.jpg,12.0,True,0.2663761079311371,ships,0.0
92e550c1b.jpg,19.00032,True,0.3869095742702484,ships,0.0
92ee3ad54.jpg,16.999679999999998,True,0.6622998714447021,coast,0.030951605902777776
92ee3ad54.jpg,19.00032,True,0.6599904298782349,coast,0.030951605902777776
92ee3ad54.jpg,10.000128,True,0.2344993352890014,coast,0.030951605902777776
92ee3ad54.jpg,16.999679999999998,True,0.5639486312866211,coast,0.030951605902777776
92ee3ad54.jpg,10.000128,True,0.1764427572488784,coast,0.030951605902777776
92ee3ad54.jpg,13.999872,True,0.3987545073032379,coast,0.030951605902777776
92ee3ad54.jpg,5.9996160000000005,False,0.0,coast,0.030951605902777776
92ee3ad54.jpg,11.000064,True,0.574508547782898,coast,0.030951605902777776
92ee3ad54.jpg,12.0,False,0.0,coast,0.030951605902777776
92f3f28f5.jpg,22.000128,True,0.8049960136413574,coast,0.0
92f3f28f5.jpg,12.0,True,0.6605181097984314,coast,0.0
92f3f28f5.jpg,8.000256,True,0.319975197315216,coast,0.0
92f3f28f5.jpg,11.000064,True,0.127422034740448,coast,0.0
92f3f28f5.jpg,10.000128,True,0.6697100400924683,coast,0.0
931a0f826.jpg,11.000064,True,0.4038804471492767,ships,0.0
931a89ac1.jpg,18.000384,False,0.0,coast,0.0
9326704a8.jpg,57.000192,True,0.7986920475959778,ships,0.0
9329c24f2.jpg,14.999808,True,0.0631766021251678,ships,0.0
9329c24f2.jpg,62.999808,True,0.4760429561138153,ships,0.0
9329c24f2.jpg,42.000384,True,0.2714930772781372,ships,0.0
9329c24f2.jpg,79.00032,True,0.5479701161384583,ships,0.0
9329c24f2.jpg,16.999679999999998,True,0.4405094385147095,ships,0.0
9329c24f2.jpg,38.999808,True,0.4761203229427337,ships,0.0
9330cc637.jpg,155.000064,True,0.8274055123329163,ships,0.0
933c52789.jpg,90.000384,True,0.4385344982147217,coast,0.0
933c52789.jpg,108.0,True,0.733328640460968,coast,0.0
933c52789.jpg,15.999744,True,0.4014767110347748,coast,0.0
93489bd03.jpg,32.000256,True,0.5444337129592896,coast,0.0
935944f67.jpg,60.0,True,0.7594029903411865,ships,0.0
935d1bfc4.jpg,36.999936,True,0.5575620532035828,ships,0.0
935d1bfc4.jpg,50.999808,True,0.708489179611206,ships,0.0
936b0a0cc.jpg,37.999872,True,0.7834797501564026,coast,0.0
936b0a0cc.jpg,16.999679999999998,True,0.4609872102737427,coast,0.0
936b0a0cc.jpg,13.999872,True,0.3003919124603271,coast,0.0
936b0a0cc.jpg,12.0,False,0.0,coast,0.0
9370c6f45.jpg,179.000064,True,0.8886862397193909,ships,0.0
9373e920d.jpg,35.000064,True,0.5703505277633667,ships,0.0
9373e920d.jpg,18.000384,True,0.3514125645160675,ships,0.0
93757e13c.jpg,93.000192,True,0.8706260323524475,ships,0.0
93acc1f54.jpg,97.999872,True,0.8649865984916687,ships,0.0
93b2fb900.jpg,19.00032,True,0.4415925741195678,ships,0.0
93c511cde.jpg,205.999872,True,0.8977662324905396,ships,0.0
93c86a6ce.jpg,123.999744,True,0.9244193434715272,ships,0.0
93e0cf198.jpg,12.999936000000002,True,0.3552347123622894,ships,0.0
93eec77e5.jpg,317.999616,True,0.7199646830558777,ships,0.0
93f0cd2f3.jpg,208.99968,True,0.9352210164070128,ships,0.0
941ef85cd.jpg,103.00032000000002,True,0.886245608329773,ships,0.0
942665070.jpg,262.000128,True,0.9603008031845092,ships,0.0
94387ad31.jpg,13.999872,True,0.58138108253479,ships,0.0
94473ba3b.jpg,127.00032000000002,True,0.8949863910675049,ships,0.0
946c70418.jpg,12.0,True,0.3673606812953949,ships,0.0
946e29cae.jpg,68.000256,True,0.8601359128952026,ships,0.0
94866f627.jpg,36.0,True,0.7083914279937744,coast,0.0
948a43700.jpg,29.999616,True,0.8042149543762207,ships,0.0
948aea154.jpg,11.000064,False,0.0,coast,0.0
949ec8c8f.jpg,21.000192,True,0.0922042429447174,ships,0.0
94beb35a9.jpg,87.999744,True,0.9144307374954224,ships,0.0
94beb35a9.jpg,70.000128,True,0.8715041279792786,ships,0.0
94cae18c9.jpg,194.99980800000003,True,0.1251794844865799,ships,0.0
94e0aeb64.jpg,24.999936,True,0.2374714314937591,ships,0.0
94e1c5723.jpg,240.0,True,0.8014565706253052,ships,0.0
94f4dd434.jpg,13.999872,True,0.4310955107212066,ships,0.0
951012287.jpg,7.00032,True,0.3264672458171844,ships,0.0
951012287.jpg,9.000192,True,0.395707905292511,ships,0.0
951012287.jpg,8.000256,True,0.4584102630615234,ships,0.0
951012287.jpg,8.000256,True,0.2119595110416412,ships,0.0
951012287.jpg,8.000256,True,0.4707128703594208,ships,0.0
951012287.jpg,8.000256,True,0.2066777795553207,ships,0.0
951012287.jpg,7.00032,True,0.417079359292984,ships,0.0
951012287.jpg,9.000192,True,0.1589614152908325,ships,0.0
951012287.jpg,8.000256,True,0.4437896609306335,ships,0.0
951012287.jpg,7.00032,True,0.3616101145744324,ships,0.0
951012287.jpg,8.000256,True,0.4498787820339203,ships,0.0
951012287.jpg,8.000256,True,0.3312877714633941,ships,0.0
951012287.jpg,8.000256,True,0.2323924750089645,ships,0.0
95107c1f4.jpg,42.000384,True,0.7388777732849121,ships,0.0
951826911.jpg,50.999808,True,0.6288869380950928,ships,0.0
952a07a5d.jpg,91.00032,True,0.8715274930000305,ships,0.0
952e1b767.jpg,37.999872,True,0.4465523362159729,coast,0.0
952e1b767.jpg,81.000192,True,0.8691249489784241,coast,0.0
952e1b767.jpg,24.0,True,0.1234670877456665,coast,0.0
952e1b767.jpg,28.99968,True,0.6490659713745117,coast,0.0
9540a73fa.jpg,9.000192,True,0.5370610356330872,ships,0.0
9540a73fa.jpg,5.9996160000000005,True,0.3344990909099579,ships,0.0
9540a73fa.jpg,10.000128,True,0.0932037383317947,ships,0.0
9540a73fa.jpg,104.000256,True,0.8746548891067505,ships,0.0
9540a73fa.jpg,9.000192,True,0.292668342590332,ships,0.0
9554dadc3.jpg,37.999872,True,0.7705111503601074,ships,0.0
9554dadc3.jpg,16.999679999999998,True,0.3562771379947662,ships,0.0
9554dadc3.jpg,34.000128,True,0.5343665480613708,ships,0.0
9554dadc3.jpg,36.0,False,0.0,ships,0.0
9554dadc3.jpg,16.999679999999998,False,0.0,ships,0.0
9554dadc3.jpg,27.999744,True,0.1502707451581955,ships,0.0
9554dadc3.jpg,32.000256,True,0.0743376761674881,ships,0.0
9554dadc3.jpg,19.00032,False,0.0,ships,0.0
9554dadc3.jpg,24.999936,True,0.2001013308763504,ships,0.0
955f86d96.jpg,80.000256,True,0.8964068293571472,ships,0.0
955f86d96.jpg,96.0,True,0.8861734867095947,ships,0.0
9563398ea.jpg,277.999872,True,0.981261134147644,ships,0.0
9569b0c16.jpg,9.000192,True,0.3127874433994293,ships,0.0
9569b0c16.jpg,104.000256,True,0.8732088208198547,ships,0.0
9569b0c16.jpg,9.000192,True,0.5343536138534546,ships,0.0
9569b0c16.jpg,72.0,True,0.8165507316589355,ships,0.0
9573080ae.jpg,225.000192,True,0.8553264141082764,ships,0.0
9573080ae.jpg,95.000064,True,0.7893959879875183,ships,0.0
9573080ae.jpg,307.00032,True,0.844821035861969,ships,0.0
9573eb32d.jpg,34.000128,True,0.679186999797821,ships,0.0
95940e5b9.jpg,241.999872,True,0.8856965899467468,coast,0.0
959a48460.jpg,22.000128,False,0.0,ships,0.0
95a57ed06.jpg,5.9996160000000005,False,0.0,ships,0.0
95b1243c7.jpg,21.000192,True,0.4494141340255737,ships,0.0
95b1243c7.jpg,72.0,True,0.8174545168876648,ships,0.0
95cb378f6.jpg,10.000128,True,0.2412326782941818,ships,0.0
95d9087f6.jpg,96.0,True,0.7480748891830444,coast,0.0
95e3b06bf.jpg,123.999744,True,0.883529782295227,ships,0.0
95e677479.jpg,70.000128,True,0.8454211950302124,ships,0.0
95e677479.jpg,19.00032,True,0.5669401288032532,ships,0.0
95fd78503.jpg,46.000128,True,0.8432796597480774,ships,0.0
95fd78503.jpg,81.000192,True,0.5698497295379639,ships,0.0
96049baca.jpg,28.99968,True,0.5493571758270264,ships,0.0
960514723.jpg,14.999808,False,0.0,ships,0.0
960514723.jpg,14.999808,True,0.0755760967731475,ships,0.0
960514723.jpg,31.00032,True,0.5918962359428406,ships,0.0
960514723.jpg,19.00032,True,0.1263634860515594,ships,0.0
9614bdf34.jpg,34.000128,True,0.7111048698425293,ships,0.0
9614bdf34.jpg,33.000192,True,0.1160531416535377,ships,0.0
962299ce4.jpg,154.00012800000002,True,0.8228797316551208,ships,0.0
962299ce4.jpg,66.000384,True,0.6387825012207031,ships,0.0
963a81be4.jpg,68.000256,True,0.8437225222587585,ships,0.0
963a81be4.jpg,18.000384,True,0.0563883632421493,ships,0.0
963ff8592.jpg,21.000192,True,0.2919038236141205,ships,0.0
9643a7a2b.jpg,66.000384,True,0.8688487410545349,ships,0.0
96454286b.jpg,18.000384,True,0.6785364747047424,ships,0.0
965865790.jpg,44.000256,True,0.8293550610542297,ships,0.0
966ba17f4.jpg,145.99987199999998,True,0.9198770523071288,ships,0.0
966ba17f4.jpg,84.99993599999999,True,0.7557490468025208,ships,0.0
967e60dff.jpg,186.000384,True,0.9221929907798768,ships,0.0
96ab83467.jpg,33.000192,True,0.8320156335830688,ships,0.0
96ae5bd01.jpg,24.0,True,0.0885387063026428,ships,0.0
96b50ad71.jpg,10.000128,True,0.574893057346344,coast,0.3821512858072917
96b699a48.jpg,189.000192,True,0.9007898569107056,coast,0.0
96b699a48.jpg,180.0,True,0.9034137725830078,coast,0.0
96c1d0f74.jpg,5.9996160000000005,False,0.0,ships,0.0
96db61143.jpg,158.999808,True,0.9190039038658142,ships,0.0
96edddec9.jpg,309.000192,True,0.8222261667251587,coast,0.0
96edddec9.jpg,35.000064,True,0.1695026457309723,coast,0.0
96edddec9.jpg,25.999872000000003,True,0.6224954128265381,coast,0.0
96edddec9.jpg,155.000064,True,0.8324889540672302,coast,0.0
96edddec9.jpg,148.99967999999998,True,0.7916698455810547,coast,0.0
9700c2b56.jpg,13.999872,True,0.4037686288356781,ships,0.0
9701c64fd.jpg,12.999936000000002,True,0.6487501859664917,ships,0.0
970291f86.jpg,168.999936,True,0.9052490592002868,coast,0.0
9710d6f81.jpg,8.000256,True,0.1183125525712966,ships,0.0
9711af315.jpg,26.999808,True,0.3582256734371185,ships,0.0
9711af315.jpg,32.000256,False,0.0,ships,0.0
9716875b9.jpg,14.999808,True,0.6899755597114563,coast,0.0
9716875b9.jpg,13.999872,True,0.6203070878982544,coast,0.0
9716875b9.jpg,12.999936000000002,False,0.0,coast,0.0
9716875b9.jpg,20.000256,True,0.6961808204650879,coast,0.0
9716875b9.jpg,14.999808,True,0.639323353767395,coast,0.0
9716875b9.jpg,11.000064,False,0.0,coast,0.0
9716875b9.jpg,12.999936000000002,True,0.2682310044765472,coast,0.0
971a6b0d5.jpg,148.99967999999998,True,0.91400945186615,coast,0.0
971a6b0d5.jpg,42.000384,True,0.8254469037055969,coast,0.0
971a6b0d5.jpg,58.000128,True,0.8856387138366699,coast,0.0
97285a1b9.jpg,45.000192,True,0.0584065988659858,coast,0.0
9759c2eae.jpg,20.000256,True,0.3969725370407104,coast,0.0
975ae1404.jpg,18.000384,True,0.4507807493209839,coast,0.0
9761c978a.jpg,215.000064,True,0.8682873845100403,ships,0.0
976a0ca8d.jpg,115.00032000000002,True,0.8857335448265076,coast,0.0
97766d082.jpg,38.999808,True,0.0942076221108436,ships,0.0
977f4e995.jpg,97.999872,True,0.7494101524353027,ships,0.0
97a2e4018.jpg,119.000064,True,0.8949166536331177,coast,0.0
97a2e4018.jpg,48.0,True,0.245677575469017,coast,0.0
97a2e4018.jpg,57.000192,True,0.0966465771198272,coast,0.0
97a2e4018.jpg,72.0,True,0.4838498830795288,coast,0.0
97a2e4018.jpg,11.000064,True,0.0618016012012958,coast,0.0
97a2e4018.jpg,75.999744,True,0.5522997975349426,coast,0.0
97b01cb5f.jpg,14.999808,True,0.3755620718002319,ships,0.0
97b4b4560.jpg,19.00032,True,0.2129252552986145,ships,0.0
97b4b4560.jpg,10.000128,True,0.2384133785963058,ships,0.0
97b4b4560.jpg,15.999744,True,0.5037857890129089,ships,0.0
97bc6c626.jpg,24.999936,True,0.483056366443634,ships,0.0
97c24d8ad.jpg,93.000192,True,0.874163806438446,ships,0.0
97c695d37.jpg,38.999808,True,0.512820303440094,ships,0.0
97c695d37.jpg,86.999808,True,0.8624425530433655,ships,0.0
97c695d37.jpg,83.00006400000001,True,0.8384509682655334,ships,0.0
97c695d37.jpg,171.999744,True,0.8785362243652344,ships,0.0
97c695d37.jpg,37.999872,True,0.6963343024253845,ships,0.0
97c695d37.jpg,63.99974400000001,True,0.7161757349967957,ships,0.0
97c695d37.jpg,84.99993599999999,True,0.719355046749115,ships,0.0
981a98427.jpg,8.000256,True,0.152590274810791,coast,0.08709886338975695
981a98427.jpg,14.999808,True,0.2364719808101654,coast,0.08709886338975695
9839ae565.jpg,104.000256,True,0.8725076913833618,ships,0.0
9867e68e8.jpg,212.000256,True,0.8350633382797241,coast,0.0
9867e68e8.jpg,44.000256,True,0.6053679585456848,coast,0.0
9867e68e8.jpg,29.999616,True,0.6287356019020081,coast,0.0
9868a54cd.jpg,19.00032,True,0.2839318215847015,ships,0.0
98a96fb09.jpg,79.00032,True,0.7273901104927063,ships,0.0
98a9c7c77.jpg,18.000384,True,0.3517664074897766,ships,0.0
98aedefbe.jpg,117.000192,True,0.896115779876709,coast,0.0
98b3ec19a.jpg,56.00025599999999,False,0.0,ships,0.0
98b3ec19a.jpg,156.999936,True,0.9198569655418396,ships,0.0
98c877bdb.jpg,50.999808,True,0.7850639224052429,coast,0.0395660400390625
98cec26da.jpg,119.000064,True,0.8399032950401306,ships,0.0
98f4d7e90.jpg,88.99968,True,0.7915627360343933,coast,0.0
98fa9ded4.jpg,9.000192,True,0.2678712606430053,ships,0.0
98fa9ded4.jpg,15.999744,True,0.6975215673446655,ships,0.0
98fc30e7a.jpg,32.000256,True,0.4245347380638122,ships,0.0
992c4184d.jpg,26.999808,True,0.3870222270488739,coast,0.0
992e504a2.jpg,13.999872,True,0.1820268034934997,coast,0.002685546875
992e504a2.jpg,16.999679999999998,True,0.3775480985641479,coast,0.002685546875
992e504a2.jpg,11.000064,True,0.0983420386910438,coast,0.002685546875
992e504a2.jpg,11.000064,True,0.2243079096078872,coast,0.002685546875
992e504a2.jpg,15.999744,True,0.1489965319633484,coast,0.002685546875
992e504a2.jpg,15.999744,True,0.3538240492343902,coast,0.002685546875
992e504a2.jpg,15.999744,True,0.4579521417617798,coast,0.002685546875
992e504a2.jpg,14.999808,True,0.2009368687868118,coast,0.002685546875
992e504a2.jpg,12.0,True,0.3369994759559631,coast,0.002685546875
993132f27.jpg,14.999808,False,0.0,ships,0.0
99356862f.jpg,45.000192,True,0.6459774971008301,ships,0.0
99356862f.jpg,18.000384,True,0.2484335750341415,ships,0.0
996d335f2.jpg,199.00032,True,0.9057425260543824,ships,0.0
997cc6536.jpg,20.000256,False,0.0,coast,0.0
9988be79a.jpg,64.99968,True,0.8722625970840454,ships,0.0
998bea684.jpg,140.000256,True,0.864953875541687,ships,0.0
99a1a95c0.jpg,265.999872,True,0.8639094233512878,ships,0.0
99c01ba48.jpg,218.99980800000003,True,0.928930640220642,ships,0.0
99d552cd3.jpg,40.99968,True,0.720762312412262,ships,0.0
99da5a016.jpg,49.999872,True,0.7559306025505066,ships,0.0
99da5a016.jpg,27.999744,True,0.5791321992874146,ships,0.0
99db4043d.jpg,15.999744,True,0.5476883053779602,ships,0.0
99db4043d.jpg,12.0,True,0.5169307589530945,ships,0.0
99e084a60.jpg,129.000192,True,0.8709449172019958,coast,0.0
99ee2feca.jpg,84.99993599999999,True,0.841339647769928,ships,0.0
99ee2feca.jpg,59.000064,True,0.7642265558242798,ships,0.0
99ee2feca.jpg,81.000192,True,0.790347695350647,ships,0.0
9a10d91e2.jpg,23.000064,True,0.1365105062723159,ships,0.0
9a11118f2.jpg,289.999872,True,0.9032175540924072,coast,0.0
9a11118f2.jpg,96.999936,True,0.0517971999943256,coast,0.0
9a11118f2.jpg,15.999744,True,0.0981882885098457,coast,0.0
9a1fd6648.jpg,31.00032,True,0.5816553831100464,ships,0.0
9a245f0fd.jpg,12.0,True,0.7086908221244812,ships,0.0
9a29ae326.jpg,88.99968,True,0.6256116628646851,ships,0.0
9a29ae326.jpg,105.000192,True,0.865304708480835,ships,0.0
9a29ae326.jpg,48.0,True,0.3786636888980865,ships,0.0
9a306dc35.jpg,32.000256,True,0.1816416829824447,coast,0.0
9a306dc35.jpg,28.99968,True,0.3069341778755188,coast,0.0
9a306dc35.jpg,31.00032,True,0.4909856617450714,coast,0.0
9a306dc35.jpg,33.000192,True,0.4976427853107452,coast,0.0
9a306dc35.jpg,29.999616,False,0.0,coast,0.0
9a306dc35.jpg,23.000064,True,0.1577987074851989,coast,0.0
9a306dc35.jpg,24.999936,True,0.1515484005212783,coast,0.0
9a306dc35.jpg,20.000256,True,0.3288953602313995,coast,0.0
9a306dc35.jpg,21.000192,False,0.0,coast,0.0
9a306dc35.jpg,25.999872000000003,True,0.1150815859436988,coast,0.0
9a3eee026.jpg,22.000128,True,0.2950893342494964,ships,0.0
9a3eee026.jpg,141.000192,True,0.8334724307060242,ships,0.0
9a4162f27.jpg,261.000192,True,0.8897167444229126,ships,0.0
9a4db0fd7.jpg,5.9996160000000005,False,0.0,ships,0.0
9a554a5fc.jpg,11.000064,True,0.2854988873004913,ships,0.0
9a623293f.jpg,9.000192,True,0.498416930437088,ships,0.0
9a623293f.jpg,24.0,True,0.7728668451309204,ships,0.0
9a66c450a.jpg,14.999808,True,0.4156232178211212,coast,0.0
9a6fa942c.jpg,72.99993599999999,True,0.7662586569786072,ships,0.020946926540798612
9a6fa942c.jpg,39.999744,False,0.0,ships,0.020946926540798612
9a6fa942c.jpg,64.99968,True,0.8606019020080566,ships,0.020946926540798612
9a6fa942c.jpg,40.99968,True,0.8232227563858032,ships,0.020946926540798612
9a6fa942c.jpg,43.00032,True,0.6581310629844666,ships,0.020946926540798612
9a7ae04eb.jpg,84.0,True,0.8726503252983093,coast,0.0
9a7ae04eb.jpg,112.99967999999998,True,0.8568451404571533,coast,0.0
9a8e0d869.jpg,11.000064,True,0.3362382650375366,ships,0.0
9a91ce9be.jpg,12.0,True,0.2485565394163131,ships,0.0
9a9d7d62d.jpg,72.0,True,0.8202664852142334,ships,0.0
9a9d7d62d.jpg,21.000192,True,0.4633226096630096,ships,0.0
9a9dd97e0.jpg,20.000256,True,0.5039106607437134,ships,0.0
9aaa762fb.jpg,183.999744,True,0.8868846297264099,ships,0.0
9abde6f82.jpg,5.9996160000000005,True,0.3396888077259063,ships,0.0
9abde6f82.jpg,7.00032,True,0.5279913544654846,ships,0.0
9ac3e07ce.jpg,7.00032,False,0.0,ships,0.0
9ace38dea.jpg,24.0,True,0.1911617368459701,ships,0.0
9adae1ce7.jpg,9.000192,False,0.0,ships,0.0
9adae1ce7.jpg,213.000192,True,0.9138538241386414,ships,0.0
9ae693e0c.jpg,86.999808,True,0.8933292031288147,ships,0.0
9af77856d.jpg,20.000256,True,0.1536116451025009,ships,0.0
9af77856d.jpg,47.000064,True,0.6805334687232971,ships,0.0
9afe7fc9d.jpg,16.999679999999998,True,0.4469619989395141,ships,0.0
9aff0579f.jpg,39.999744,True,0.2550817131996155,coast,0.6281009250217013
9b09d5dc3.jpg,34.000128,False,0.0,coast,0.0
9b124ac39.jpg,18.000384,True,0.3371665477752685,ships,0.0
9b1ed7098.jpg,90.000384,True,0.9001305103302002,ships,0.0
9b1ed7098.jpg,28.99968,False,0.0,ships,0.0
9b1ed7098.jpg,72.99993599999999,True,0.8367167115211487,ships,0.0
9b2754ced.jpg,195.999744,True,0.8754658699035645,ships,0.0
9b2754ced.jpg,83.00006400000001,True,0.8224672079086304,ships,0.0
9b2754ced.jpg,159.999744,True,0.8732649683952332,ships,0.0
9b2754ced.jpg,156.999936,True,0.8141709566116333,ships,0.0
9b2754ced.jpg,197.999616,True,0.8929483890533447,ships,0.0
9b2754ced.jpg,42.000384,True,0.5721182227134705,ships,0.0
9b296446c.jpg,101.999616,True,0.2942744791507721,ships,0.0
9b2bb1791.jpg,37.999872,True,0.632164716720581,coast,0.0
9b2d517a0.jpg,107.000064,True,0.8648217916488647,ships,0.0
9b2d517a0.jpg,24.0,True,0.7228051424026489,ships,0.0
9b31caa5f.jpg,14.999808,True,0.4672931730747223,ships,0.0
9b31caa5f.jpg,13.999872,True,0.2600200176239013,ships,0.0
9b66947b6.jpg,7.00032,True,0.1471850723028183,ships,0.0
9b83125ba.jpg,114.000384,True,0.912347674369812,ships,0.0
9b83125ba.jpg,146.999808,True,0.9148327112197876,ships,0.0
9b83125ba.jpg,112.99967999999998,True,0.8835641145706177,ships,0.0
9b83125ba.jpg,147.999744,True,0.9236000776290894,ships,0.0
9b9e6703e.jpg,57.000192,True,0.9056783318519592,ships,0.0
9b9e6703e.jpg,27.999744,True,0.1620634496212005,ships,0.0
9b9e6703e.jpg,16.999679999999998,False,0.0,ships,0.0
9b9e6703e.jpg,58.000128,True,0.9125025868415833,ships,0.0
9b9e6703e.jpg,44.000256,True,0.8644999861717224,ships,0.0
9b9e6703e.jpg,29.999616,True,0.5515044927597046,ships,0.0
9baebd106.jpg,12.999936000000002,True,0.3795227408409118,coast,0.0
9bba328fa.jpg,12.0,True,0.7031047344207764,coast,0.0
9bba328fa.jpg,9.000192,True,0.5416547656059265,coast,0.0
9bba328fa.jpg,12.999936000000002,True,0.4978382289409637,coast,0.0
9bba328fa.jpg,1.999872,False,0.0,coast,0.0
9bba328fa.jpg,10.000128,True,0.0694203376770019,coast,0.0
9bba328fa.jpg,11.000064,True,0.1086512207984924,coast,0.0
9bba328fa.jpg,8.000256,True,0.306563138961792,coast,0.0
9bba328fa.jpg,9.000192,True,0.6080171465873718,coast,0.0
9bc45db83.jpg,14.999808,True,0.5687075257301331,ships,0.0
9bccca4a6.jpg,13.999872,True,0.152531087398529,ships,0.0
9bccca4a6.jpg,13.999872,True,0.6463786959648132,ships,0.0
9bcfee484.jpg,8.000256,False,0.0,ships,0.0
9bcfee484.jpg,11.000064,True,0.1720885336399078,ships,0.0
9bcfee484.jpg,15.999744,True,0.6122711896896362,ships,0.0
9bd387741.jpg,77.999616,True,0.8487074971199036,ships,0.0
9bd387741.jpg,24.0,True,0.3129768669605255,ships,0.0
9bd387741.jpg,108.999936,True,0.8698595762252808,ships,0.0
9bd387741.jpg,86.999808,True,0.8785837888717651,ships,0.0
9bdd25f0f.jpg,182.999808,True,0.8545957207679749,ships,0.0
9c0030e2e.jpg,139.00032000000002,True,0.844140887260437,coast,0.0
9c023e3a6.jpg,71.00006400000001,True,0.8646589517593384,ships,0.0
9c023e3a6.jpg,32.000256,True,0.2567642629146576,ships,0.0
9c023e3a6.jpg,21.000192,False,0.0,ships,0.0
9c059c126.jpg,392.000256,True,0.802750289440155,ships,0.0
9c059d9af.jpg,10.000128,False,0.0,ships,0.04456753200954861
9c2926b69.jpg,8.000256,True,0.2650685608386993,ships,0.0
9c4b93551.jpg,4.99968,False,0.0,ships,0.0
9c505a723.jpg,16.999679999999998,True,0.1524440199136734,coast,0.0
9c505a723.jpg,11.000064,False,0.0,coast,0.0
9c5a8d9d4.jpg,23.000064,True,0.6976561546325684,ships,0.0
9c711d585.jpg,22.000128,False,0.0,coast,0.0
9c966f3e3.jpg,148.99967999999998,True,0.9084789752960204,ships,0.0
9ca7b1b1d.jpg,228.999936,True,0.922278881072998,ships,0.0
9ca7d5d6d.jpg,16.999679999999998,True,0.4173725843429565,ships,0.0
9cae12b2e.jpg,98.999808,True,0.8305618166923523,ships,0.0
9cbe01cd5.jpg,24.999936,True,0.3150132298469543,ships,0.0
9cbe01cd5.jpg,23.000064,True,0.3687845468521118,ships,0.0
9cbe01cd5.jpg,24.999936,True,0.6719592809677124,ships,0.0
9cc932130.jpg,20.000256,False,0.0,ships,0.0
9cde56282.jpg,7.00032,True,0.1792767792940139,ships,0.0
9ce6b289c.jpg,27.999744,True,0.0530257411301136,ships,0.0
9ce7301b7.jpg,181.999872,True,0.91043221950531,coast,0.0
9d0664af5.jpg,20.000256,False,0.0,coast,0.0
9d1efce28.jpg,128.000256,True,0.8852041363716125,ships,0.0
9d53ecba4.jpg,24.0,True,0.4519940912723541,ships,0.0
9d53ecba4.jpg,192.999936,True,0.8513294458389282,ships,0.0
9d53ecba4.jpg,108.0,True,0.8672287464141846,ships,0.0
9d5808b0b.jpg,36.0,True,0.0925527885556221,coast,0.0
9d63574a0.jpg,96.999936,True,0.8600584268569946,ships,0.0
9d642a272.jpg,239.000064,True,0.8785544037818909,ships,0.0
9d647cc30.jpg,52.99968,True,0.7815622687339783,ships,0.0
9d74c2150.jpg,12.999936000000002,True,0.3239575624465942,coast,0.0
9d8cfce03.jpg,48.0,True,0.2738924324512481,ships,0.0
9d8cfce03.jpg,105.000192,True,0.8656249046325684,ships,0.0
9d8cfce03.jpg,88.99968,True,0.5535054206848145,ships,0.0
9d97024d0.jpg,21.000192,True,0.2186415195465088,ships,0.0
9d97024d0.jpg,90.000384,True,0.7606225609779358,ships,0.0
9d9c436e9.jpg,79.00032,True,0.839652955532074,coast,0.0
9dacc90b9.jpg,10.000128,False,0.0,coast,0.0
9dbaf1251.jpg,4.99968,True,0.1805646568536758,ships,0.0
9dc8d77e7.jpg,123.999744,True,0.8286455273628235,ships,0.0
9dd3a2c50.jpg,42.000384,True,0.7252292037010193,ships,0.0
9de9bd6d6.jpg,92.000256,True,0.8683922290802002,coast,0.0
9e1f1c5f3.jpg,13.999872,True,0.3698445856571197,coast,0.0
9e240ca49.jpg,183.999744,True,0.9121962785720824,ships,0.0
9e26fd54e.jpg,16.999679999999998,False,0.0,coast,0.0
9e2a69e33.jpg,15.999744,True,0.1979700475931167,ships,0.0
9e2a69e33.jpg,20.000256,False,0.0,ships,0.0
9e2a69e33.jpg,19.00032,False,0.0,ships,0.0
9e6cfc07c.jpg,10.000128,False,0.0,ships,0.0
9e6cfc07c.jpg,19.00032,True,0.6112621426582336,ships,0.0
9e6cfc07c.jpg,12.999936000000002,False,0.0,ships,0.0
9e6cfc07c.jpg,10.000128,False,0.0,ships,0.0
9e703773e.jpg,183.999744,True,0.9097304344177246,ships,0.0
9e7298d5a.jpg,10.000128,True,0.413542628288269,coast,0.0
9e82413af.jpg,69.000192,True,0.7681271433830261,ships,0.0
9e95cb0ea.jpg,42.000384,True,0.7143552303314209,ships,0.0
9e95cb0ea.jpg,47.000064,True,0.5668454170227051,ships,0.0
9e97ff4fd.jpg,11.000064,True,0.3804338872432709,coast,0.0
9e97ff4fd.jpg,9.000192,True,0.4029157757759094,coast,0.0
9ea6788e4.jpg,162.000384,True,0.8761623501777649,coast,0.0
9eb29b805.jpg,96.0,True,0.8061778545379639,ships,0.0
9ed7ee672.jpg,108.999936,True,0.8759300708770752,ships,0.0
9ed7ee672.jpg,107.000064,True,0.8799108266830444,ships,0.0
9ed7ee672.jpg,72.0,True,0.8431732654571533,ships,0.0
9ed7ee672.jpg,26.999808,True,0.6067651510238647,ships,0.0
9ed7ee672.jpg,27.999744,True,0.3656712472438812,ships,0.0
9edef8ed8.jpg,22.000128,True,0.6885852217674255,ships,0.0
9ef254a09.jpg,87.999744,True,0.7060057520866394,ships,0.0
9f1949a42.jpg,10.000128,True,0.443872332572937,ships,0.0
9f1949a42.jpg,4.99968,True,0.205284982919693,ships,0.0
9f1949a42.jpg,5.9996160000000005,False,0.0,ships,0.0
9f5d0a1a0.jpg,184.99968,True,0.8998947143554688,coast,0.0
9f617806e.jpg,101.999616,True,0.909690260887146,ships,0.0
9f6192719.jpg,16.999679999999998,True,0.4405101239681244,ships,0.0
9f7f732f5.jpg,18.000384,True,0.5242772698402405,ships,0.0
9f7f732f5.jpg,76.99968,True,0.8061923384666443,ships,0.0
9f813af39.jpg,62.999808,True,0.7733755111694336,ships,0.0
9f986d090.jpg,74.999808,True,0.8360989689826965,ships,0.0
9f9fe4dbc.jpg,45.000192,True,0.7979771494865417,ships,0.0
9f9fe4dbc.jpg,71.00006400000001,True,0.7919219732284546,ships,0.0
9fb50479f.jpg,111.999744,True,0.8671340346336365,coast,0.0
9fc8772e3.jpg,203.000064,True,0.8303117156028748,ships,0.0
9fcd7f82c.jpg,49.999872,True,0.594896674156189,ships,0.0
9fcd7f82c.jpg,110.999808,True,0.7957922220230103,ships,0.0
9fcd7f82c.jpg,15.999744,True,0.1801322847604751,ships,0.0
9fcd7f82c.jpg,26.999808,True,0.6188341975212097,ships,0.0
9fcd7f82c.jpg,15.999744,True,0.1518822461366653,ships,0.0
9fcd7f82c.jpg,103.00032000000002,True,0.5265008807182312,ships,0.0
9fcd7f82c.jpg,45.000192,True,0.5911298394203186,ships,0.0
9fcd7f82c.jpg,32.000256,True,0.7833136320114136,ships,0.0
9fcd7f82c.jpg,16.999679999999998,False,0.0,ships,0.0
9fcd7f82c.jpg,15.999744,True,0.2563465535640716,ships,0.0
9fcd7f82c.jpg,31.00032,True,0.3934717178344726,ships,0.0
9fcd7f82c.jpg,27.999744,True,0.6511547565460205,ships,0.0
9fcd7f82c.jpg,139.00032000000002,True,0.8376858830451965,ships,0.0
9fcf09144.jpg,5.9996160000000005,True,0.1977371126413345,ships,0.0
9fcf09144.jpg,5.9996160000000005,False,0.0,ships,0.0
9fcf09144.jpg,5.9996160000000005,False,0.0,ships,0.0
9fcf09144.jpg,8.000256,True,0.3623208105564117,ships,0.0
9fd5ffab8.jpg,116.000256,True,0.8656477332115173,coast,0.0
9fd6d4956.jpg,48.999936,True,0.7807021737098694,ships,0.0
9fd6d4956.jpg,56.00025599999999,True,0.868894100189209,ships,0.0
9fe7f5ea5.jpg,158.999808,True,0.9036651849746704,ships,0.0
9fede37b6.jpg,133.99987199999998,False,0.0,ships,0.0
9fede37b6.jpg,110.999808,True,0.7835234999656677,ships,0.0
9fff9d6e5.jpg,18.000384,True,0.3179612755775451,coast,0.0
a00e7e4dd.jpg,99.999744,True,0.6842840909957886,coast,0.0
a00e7e4dd.jpg,100.99967999999998,True,0.6566212773323059,coast,0.0
a00e7e4dd.jpg,74.999808,True,0.753015398979187,coast,0.0
a00e7e4dd.jpg,31.00032,False,0.0,coast,0.0
a00e7e4dd.jpg,52.99968,True,0.5455828309059143,coast,0.0
a035135f0.jpg,130.00012800000002,True,0.921687126159668,ships,0.0
a042932b8.jpg,16.999679999999998,True,0.4326386749744415,ships,0.0
a04681f48.jpg,12.0,False,0.0,ships,0.0
a04d82b6c.jpg,75.999744,True,0.8013050556182861,ships,0.0
a04d82b6c.jpg,13.999872,False,0.0,ships,0.0
a04d82b6c.jpg,33.000192,True,0.4926606714725494,ships,0.0
a077529df.jpg,143.000064,True,0.8847239017486572,coast,0.0
a07992ba2.jpg,155.000064,True,0.8704089522361755,ships,0.0
a089b45f0.jpg,165.000192,True,0.8062527775764465,ships,0.0
a08d5e278.jpg,67.00032,True,0.6258459687232971,ships,0.0
a08d5e278.jpg,70.000128,True,0.7081703543663025,ships,0.0
a08d5e278.jpg,9.000192,True,0.2871036827564239,ships,0.0
a08d5e278.jpg,23.000064,True,0.534798800945282,ships,0.0
a08d5e278.jpg,148.99967999999998,True,0.822925329208374,ships,0.0
a09ad448b.jpg,13.999872,False,0.0,ships,0.0
a09ebdb2a.jpg,125.999616,True,0.8945547938346863,ships,0.0
a0ad2b2c0.jpg,15.999744,True,0.4146254658699035,ships,0.013402303059895834
a0bf5e176.jpg,21.000192,False,0.0,coast,0.0
a0bf5e176.jpg,98.999808,True,0.8742220401763916,coast,0.0
a0bf5e176.jpg,110.999808,True,0.7516314387321472,coast,0.0
a0bf5e176.jpg,31.00032,True,0.5349859595298767,coast,0.0
a0d2a2993.jpg,12.0,True,0.0918629020452499,coast,0.0
a0d96b1b8.jpg,288.99993600000005,True,0.8139116168022156,coast,0.0
a0d96b1b8.jpg,33.000192,True,0.2487839013338089,coast,0.0
a0d96b1b8.jpg,4.99968,False,0.0,coast,0.0
a0d96b1b8.jpg,289.999872,True,0.5731213688850403,coast,0.0
a0d96b1b8.jpg,10.000128,True,0.1769365072250366,coast,0.0
a0d96b1b8.jpg,4.99968,False,0.0,coast,0.0
a0d96b1b8.jpg,7.00032,False,0.0,coast,0.0
a111ed0bc.jpg,23.000064,True,0.4156889915466308,ships,0.0
a11221fe0.jpg,19.00032,True,0.361368715763092,ships,0.0
a1192e7b1.jpg,118.000128,True,0.8551961779594421,ships,0.0
a1192e7b1.jpg,47.000064,True,0.7355506420135498,ships,0.0
a11c7463e.jpg,101.999616,True,0.9079422950744628,coast,0.0
a1285785b.jpg,34.000128,True,0.1494088619947433,coast,0.0
a12870196.jpg,12.999936000000002,True,0.4441741406917572,ships,0.0
a12bfae9d.jpg,204.999936,True,0.9095858335494996,ships,0.0
a12fcc09b.jpg,82.000128,True,0.7033095359802246,coast,0.0
a12fcc09b.jpg,94.000128,True,0.8318901658058167,coast,0.0
a12fcc09b.jpg,92.000256,True,0.8177258372306824,coast,0.0
a14c0830d.jpg,12.0,True,0.494225263595581,coast,0.0
a1604d5c2.jpg,50.999808,True,0.8108422160148621,ships,0.0
a165206ff.jpg,45.000192,True,0.6871522665023804,ships,0.0
a165206ff.jpg,194.99980800000003,True,0.7973561882972717,ships,0.0
a18f4f6af.jpg,191.000064,True,0.8983325958251953,ships,0.0
a1a0a674a.jpg,34.000128,True,0.5024316906929016,ships,0.0
a1a0a674a.jpg,19.00032,False,0.0,ships,0.0
a1a0a674a.jpg,16.999679999999998,False,0.0,ships,0.0
a1a0a674a.jpg,24.999936,True,0.1769629716873169,ships,0.0
a1a3ce3c3.jpg,82.000128,True,0.8629326224327087,ships,0.0
a1abde08d.jpg,227.000064,True,0.8869328498840332,ships,0.0
a1b06a9be.jpg,188.000256,True,0.9092262983322144,ships,0.0
a1b06a9be.jpg,191.000064,True,0.8843024373054504,ships,0.0
a1b06a9be.jpg,39.999744,True,0.8894506096839905,ships,0.0
a1b68660a.jpg,84.0,True,0.8786249756813049,coast,0.0
a1b87d224.jpg,106.000128,True,0.8786420226097107,coast,0.0
a1fd4d029.jpg,27.999744,True,0.1326924711465835,ships,0.007127549913194444
a1fd4d029.jpg,84.99993599999999,True,0.8954325318336487,ships,0.007127549913194444
a20832f2b.jpg,108.999936,True,0.6119344830513,coast,0.0
a20832f2b.jpg,291.999744,True,0.8639670014381409,coast,0.0
a21653a43.jpg,16.999679999999998,True,0.1217698752880096,coast,0.0
a22538114.jpg,53.999616,True,0.5621660351753235,ships,0.0
a22538114.jpg,57.000192,True,0.7790468335151672,ships,0.0
a22538114.jpg,50.999808,True,0.3244425058364868,ships,0.0
a22538114.jpg,67.00032,True,0.736695408821106,ships,0.0
a24633eca.jpg,85.999872,True,0.8640944957733154,ships,0.0
a24633eca.jpg,14.999808,True,0.3880891799926758,ships,0.0
a24633eca.jpg,81.000192,True,0.8650334477424622,ships,0.0
a24ff2ae3.jpg,97.999872,True,0.79990553855896,ships,0.2207556830512153
a2614b972.jpg,290.99980800000003,True,0.9121109843254088,ships,0.0
a271564cc.jpg,105.000192,True,0.8002009391784668,coast,0.0
a271564cc.jpg,81.000192,True,0.7655356526374817,coast,0.0
a273f009e.jpg,19.00032,True,0.615230917930603,ships,0.0
a274d456b.jpg,82.000128,True,0.7252845168113708,ships,0.0
a275b9660.jpg,158.999808,True,0.919955849647522,ships,0.0
a27c1e347.jpg,20.000256,True,0.2542096078395843,ships,0.0
a280fe312.jpg,26.999808,True,0.3845448493957519,coast,0.006908840603298611
a280fe312.jpg,35.000064,True,0.6044834852218628,coast,0.006908840603298611
a280fe312.jpg,24.999936,True,0.658244788646698,coast,0.006908840603298611
a28d6927a.jpg,10.000128,True,0.1698831766843795,ships,0.0
a2a43ca82.jpg,73.999872,True,0.8471553921699524,ships,0.0
a2a43ca82.jpg,64.99968,True,0.7763305306434631,ships,0.0
a2a43ca82.jpg,39.999744,True,0.8570420742034912,ships,0.0
a2a43ca82.jpg,60.999936,True,0.8619197607040405,ships,0.0
a2ac82f04.jpg,83.00006400000001,True,0.8104051351547241,coast,0.0
a2b8745cd.jpg,5.9996160000000005,True,0.164768561720848,ships,0.0
a2bb36d8f.jpg,82.000128,True,0.7204797863960266,ships,0.0
a2bb36d8f.jpg,24.999936,False,0.0,ships,0.0
a2bb36d8f.jpg,31.00032,True,0.7053947448730469,ships,0.0
a2d57be9c.jpg,96.999936,True,0.862694263458252,ships,0.0
a2d57be9c.jpg,134.999808,True,0.8223949670791626,ships,0.0
a2d57be9c.jpg,56.00025599999999,True,0.6322857141494751,ships,0.0
a2dc3bd3c.jpg,15.999744,True,0.6010926365852356,ships,0.0
a2f3890a5.jpg,96.0,True,0.7107965350151062,coast,0.0
a2fc8e98c.jpg,83.00006400000001,True,0.8117818832397461,coast,0.0
a308eef51.jpg,132.0,True,0.8070529103279114,ships,0.0
a3161becd.jpg,10.000128,True,0.1392343491315841,ships,0.0
a3426c6ca.jpg,144.0,True,0.8689912557601929,ships,0.0
a368b5692.jpg,8.000256,True,0.1886404454708099,ships,0.0
a368b5692.jpg,5.9996160000000005,True,0.3698158860206604,ships,0.0
a368b5692.jpg,9.000192,True,0.4642720222473144,ships,0.0
a36bc882e.jpg,98.999808,True,0.7696887850761414,ships,0.0
a36bc882e.jpg,100.99967999999998,True,0.4201018512248993,ships,0.0
a36bc882e.jpg,98.999808,True,0.7495645880699158,ships,0.0
a36bc882e.jpg,103.00032000000002,True,0.7375131249427795,ships,0.0
a37b6d4f1.jpg,7.00032,True,0.281646728515625,ships,0.0
a38e6b240.jpg,25.999872000000003,True,0.6758515238761902,ships,0.0
a3a1f9e8c.jpg,19.00032,True,0.5664371252059937,ships,0.0
a3a1f9e8c.jpg,70.000128,True,0.8467003703117371,ships,0.0
a3a87b5fe.jpg,202.000128,True,0.8674564957618713,ships,0.0
a3a87b5fe.jpg,162.000384,True,0.818742036819458,ships,0.0
a3b343da9.jpg,64.99968,True,0.8547532558441162,coast,0.0
a3b5f2da2.jpg,108.999936,True,0.8836240172386169,coast,0.0
a3def29c3.jpg,10.000128,True,0.2399389743804931,ships,0.0
a3e5cc8a7.jpg,12.0,True,0.1043240875005722,ships,0.0
a3e5cc8a7.jpg,12.999936000000002,True,0.1577809602022171,ships,0.0
a409cbbd4.jpg,168.0,True,0.9121737480163574,ships,0.0
a40e7c5ed.jpg,7.00032,False,0.0,coast,0.0
a419e253d.jpg,14.999808,True,0.2272354662418365,ships,0.0
a419e253d.jpg,26.999808,True,0.6477361917495728,ships,0.0
a419e253d.jpg,12.999936000000002,False,0.0,ships,0.0
a42dee4fb.jpg,239.000064,True,0.8085253238677979,ships,0.0
a448daefc.jpg,11.000064,True,0.5152328610420227,ships,0.0
a44a5676d.jpg,84.0,True,0.8901737928390503,ships,0.006578233506944444
a45351e07.jpg,10.000128,True,0.2911226451396942,coast,0.0
a453f5a1d.jpg,34.000128,True,0.6832774877548218,ships,0.0
a462d0e90.jpg,14.999808,True,0.3597944676876068,ships,0.0
a465d05b9.jpg,11.000064,True,0.0631818175315857,coast,0.0
a465d05b9.jpg,9.000192,False,0.0,coast,0.0
a465d05b9.jpg,11.000064,False,0.0,coast,0.0
a465d05b9.jpg,8.000256,False,0.0,coast,0.0
a465d05b9.jpg,8.000256,False,0.0,coast,0.0
a465d05b9.jpg,11.000064,False,0.0,coast,0.0
a465d05b9.jpg,11.000064,False,0.0,coast,0.0
a465d05b9.jpg,16.999679999999998,False,0.0,coast,0.0
a46d1044c.jpg,71.00006400000001,True,0.8663448095321655,ships,0.0
a46d1044c.jpg,20.000256,True,0.6989593505859375,ships,0.0
a482999bb.jpg,10.000128,True,0.392784833908081,ships,0.0
a498b4b46.jpg,18.000384,True,0.1553482562303543,ships,0.0
a4c146830.jpg,13.999872,True,0.2283263504505157,ships,0.0
a4cc5f162.jpg,42.000384,True,0.7345491051673889,coast,0.0
a4cd6e110.jpg,92.000256,True,0.8712660670280457,ships,0.0
a4e9078ce.jpg,231.999744,True,0.951102614402771,ships,0.0
a4ebb0a43.jpg,110.999808,True,0.7634904980659485,coast,0.0
a4f24d99e.jpg,9.000192,True,0.1008695438504219,ships,0.0
a4f24d99e.jpg,19.00032,True,0.6084398031234741,ships,0.0
a505530ed.jpg,13.999872,True,0.1277988851070404,ships,0.0
a505530ed.jpg,15.999744,True,0.2563216388225555,ships,0.0
a507639aa.jpg,29.999616,True,0.2621316015720367,ships,0.0
a515d3529.jpg,79.00032,True,0.8722926378250122,ships,0.0
a515d3529.jpg,22.000128,True,0.5575203895568848,ships,0.0
a53531c44.jpg,218.99980800000003,True,0.8558256030082703,ships,0.0
a5381895b.jpg,100.99967999999998,True,0.9191665649414062,ships,0.0
a53abb704.jpg,38.999808,True,0.810203492641449,ships,0.0
a53e7ae66.jpg,14.999808,False,0.0,coast,0.2626156277126736
a55332cc7.jpg,22.000128,True,0.4797521233558655,ships,0.0
a55332cc7.jpg,5.9996160000000005,False,0.0,ships,0.0
a562df41c.jpg,11.000064,True,0.2309191673994064,ships,0.0
a5683623e.jpg,12.999936000000002,True,0.6631481647491455,ships,0.0
a568af8f1.jpg,14.999808,True,0.647975504398346,ships,0.0
a568af8f1.jpg,15.999744,True,0.6735438704490662,ships,0.0
a568af8f1.jpg,10.000128,False,0.0,ships,0.0
a568af8f1.jpg,10.000128,True,0.4628739953041076,ships,0.0
a57beb4af.jpg,21.000192,False,0.0,ships,0.0
a57d3ceb7.jpg,29.999616,True,0.3876162767410278,ships,0.0
a5840558f.jpg,19.00032,True,0.6591519713401794,coast,0.0
a5840558f.jpg,25.999872000000003,True,0.7516374588012695,coast,0.0
a5840558f.jpg,22.000128,True,0.7485945224761963,coast,0.0
a5840558f.jpg,18.000384,True,0.5278592705726624,coast,0.0
a5958a38e.jpg,151.00032000000002,True,0.912906289100647,ships,0.0
a5a7a1284.jpg,279.999744,True,0.896278440952301,ships,0.0
a5cf044e4.jpg,16.999679999999998,True,0.5813058614730835,ships,0.0
a5cf044e4.jpg,10.000128,True,0.2875601947307586,ships,0.0
a5d8b7d8d.jpg,74.999808,True,0.8121822476387024,coast,0.0
a5d8b7d8d.jpg,91.00032,True,0.8688976168632507,coast,0.0
a5d8b7d8d.jpg,10.000128,True,0.4285554587841034,coast,0.0
a5e0f4b8f.jpg,42.000384,True,0.8800931572914124,ships,0.0
a5e0f4b8f.jpg,49.999872,True,0.7349639534950256,ships,0.0
a5e0f4b8f.jpg,47.000064,True,0.0680877268314361,ships,0.0
a5e0f4b8f.jpg,36.0,True,0.176313430070877,ships,0.0
a5e0f4b8f.jpg,64.99968,True,0.8721956610679626,ships,0.0
a5e0f4b8f.jpg,80.000256,True,0.2415242344141006,ships,0.0
a5e4145a0.jpg,92.000256,True,0.8968550562858582,ships,0.0
a5fc52ed7.jpg,12.0,False,0.0,ships,0.0
a616f7e91.jpg,12.999936000000002,True,0.2917625904083252,ships,0.0
a62956c1d.jpg,59.000064,True,0.6761735677719116,cloud,0.993865966796875
a6312e2f4.jpg,66.000384,True,0.867095410823822,coast,0.0
a631a6d34.jpg,23.000064,True,0.5591172575950623,ships,0.0
a636dd86c.jpg,82.000128,True,0.8445444703102112,coast,0.0
a6553448a.jpg,12.999936000000002,True,0.5397738814353943,ships,0.0
a6553448a.jpg,15.999744,True,0.5826587080955505,ships,0.0
a6553448a.jpg,18.000384,True,0.3842298090457916,ships,0.0
a6553448a.jpg,14.999808,True,0.4992284774780273,ships,0.0
a6554920e.jpg,61.999872,True,0.8645812273025513,ships,0.0
a6554920e.jpg,21.000192,True,0.089276522397995,ships,0.0
a6654388a.jpg,24.999936,True,0.557700514793396,ships,0.0
a6654388a.jpg,5.9996160000000005,False,0.0,ships,0.0
a66a86893.jpg,197.999616,True,0.8822485208511353,coast,0.0
a677c26b0.jpg,34.000128,False,0.0,coast,0.08934190538194445
a677c26b0.jpg,33.000192,True,0.3237487077713012,coast,0.08934190538194445
a677c26b0.jpg,21.000192,True,0.0618819631636142,coast,0.08934190538194445
a677c26b0.jpg,33.000192,False,0.0,coast,0.08934190538194445
a677c26b0.jpg,24.999936,False,0.0,coast,0.08934190538194445
a677c26b0.jpg,26.999808,False,0.0,coast,0.08934190538194445
a677c26b0.jpg,5.9996160000000005,False,0.0,coast,0.08934190538194445
a67e1997d.jpg,20.000256,True,0.3707104921340942,ships,0.0
a67e1997d.jpg,14.999808,True,0.6242967247962952,ships,0.0
a67ffc1e6.jpg,29.999616,True,0.3231644928455353,coast,0.0
a67ffc1e6.jpg,38.999808,True,0.796363353729248,coast,0.0
a67ffc1e6.jpg,46.000128,True,0.8227689266204834,coast,0.0
a67ffc1e6.jpg,46.000128,True,0.7615854144096375,coast,0.0
a67ffc1e6.jpg,51.99974400000001,True,0.7931098341941833,coast,0.0
a6838c96c.jpg,24.0,False,0.0,ships,0.0
a6838c96c.jpg,71.00006400000001,True,0.7694368958473206,ships,0.0
a69036fca.jpg,93.000192,True,0.8901780247688293,ships,0.0
a69be0c5b.jpg,20.000256,True,0.4257756471633911,coast,0.0
a6ae01701.jpg,56.00025599999999,True,0.7278438210487366,ships,0.0
a6b5683f4.jpg,39.999744,True,0.7407426834106445,ships,0.0
a6b5683f4.jpg,96.0,True,0.8327891826629639,ships,0.0
a6b6255f6.jpg,48.0,True,0.5992595553398132,ships,0.0
a6bccc26b.jpg,77.999616,True,0.7842949032783508,ships,0.0
a6bccc26b.jpg,158.999808,True,0.8585512638092041,ships,0.0
a6bccc26b.jpg,86.999808,True,0.6874959468841553,ships,0.0
a6dc0d057.jpg,36.0,True,0.4191860556602478,coast,0.0
a6dd3f601.jpg,132.999936,True,0.864613950252533,coast,0.0
a6ed3f370.jpg,58.000128,False,0.0,ships,0.0
a6fee613f.jpg,25.999872000000003,True,0.7043754458427429,ships,0.0
a6fee613f.jpg,84.0,True,0.8760015964508057,ships,0.0
a6fee613f.jpg,61.999872,True,0.7563496828079224,ships,0.0
a6fee613f.jpg,46.000128,True,0.7058515548706055,ships,0.0
a6fee613f.jpg,63.99974400000001,True,0.8642288446426392,ships,0.0
a6fee613f.jpg,43.00032,True,0.750056266784668,ships,0.0
a6fee613f.jpg,20.000256,False,0.0,ships,0.0
a6fee613f.jpg,93.000192,True,0.8183804750442505,ships,0.0
a6fee613f.jpg,68.000256,True,0.7628259658813477,ships,0.0
a70b766bd.jpg,12.999936000000002,True,0.3579724729061126,ships,0.0
a719f9319.jpg,18.000384,True,0.6291481852531433,ships,0.0
a71b03932.jpg,35.000064,False,0.0,ships,0.0
a71b03932.jpg,7.00032,False,0.0,ships,0.0
a74ef30e6.jpg,10.000128,True,0.6599282622337341,ships,0.0
a74ef30e6.jpg,11.000064,True,0.622955858707428,ships,0.0
a74ef30e6.jpg,9.000192,True,0.5249649882316589,ships,0.0
a75dc5c66.jpg,4.99968,False,0.0,ships,0.0
a771adeb2.jpg,184.99968,True,0.89960777759552,coast,0.006907145182291667
a78849f28.jpg,16.999679999999998,True,0.5585858821868896,ships,0.0
a78849f28.jpg,13.999872,True,0.4581772685050964,ships,0.0
a793f3728.jpg,86.999808,True,0.8707714676856995,ships,0.0
a79d4dc9d.jpg,15.999744,True,0.4464660584926605,ships,0.0
a79d4dc9d.jpg,62.999808,True,0.8250307440757751,ships,0.0
a79e11add.jpg,13.999872,True,0.2919449210166931,ships,0.0
a7ab60610.jpg,23.000064,True,0.4833433330059051,ships,0.0
a7d954641.jpg,22.000128,False,0.0,ships,0.0
a7f2415df.jpg,168.999936,True,0.9180712699890136,ships,0.0
a7fd7b8d4.jpg,18.000384,True,0.2724057137966156,ships,0.0
a80ec0bda.jpg,82.000128,True,0.8719598054885864,coast,0.0
a80ec0bda.jpg,82.000128,True,0.8504613637924194,coast,0.0
a811bd967.jpg,12.0,False,0.0,ships,0.0
a811bd967.jpg,5.9996160000000005,True,0.0817735344171524,ships,0.0
a811bd967.jpg,3.999744,False,0.0,ships,0.0
a811bd967.jpg,8.000256,False,0.0,ships,0.0
a811bd967.jpg,8.000256,False,0.0,ships,0.0
a811bd967.jpg,8.000256,False,0.0,ships,0.0
a811bd967.jpg,8.000256,False,0.0,ships,0.0
a811bd967.jpg,7.00032,False,0.0,ships,0.0
a811bd967.jpg,5.9996160000000005,True,0.1545848399400711,ships,0.0
a811bd967.jpg,11.000064,True,0.2107682973146438,ships,0.0
a81865333.jpg,46.000128,True,0.1370329409837722,ships,0.0
a82281475.jpg,66.000384,True,0.6447051763534546,ships,0.0
a824abbe6.jpg,23.000064,False,0.0,ships,0.0
a824abbe6.jpg,22.000128,False,0.0,ships,0.0
a824abbe6.jpg,18.000384,False,0.0,ships,0.0
a89126e98.jpg,44.000256,True,0.8799166679382324,coast,0.0
a89126e98.jpg,37.999872,True,0.1177644655108451,coast,0.0
a89126e98.jpg,39.999744,True,0.5952591300010681,coast,0.0
a891e6210.jpg,10.000128,False,0.0,coast,0.0
a89b37507.jpg,74.999808,True,0.8028845191001892,ships,0.0
a89b37507.jpg,288.0,True,0.92371928691864,ships,0.0
a89f33618.jpg,32.000256,True,0.6264493465423584,ships,0.0
a8b718832.jpg,205.999872,True,0.9391090869903564,coast,0.0
a8bd1fec0.jpg,13.999872,True,0.2848310172557831,ships,0.0
a8bd1fec0.jpg,35.000064,True,0.6132555603981018,ships,0.0
a8bd1fec0.jpg,22.000128,True,0.7715910077095032,ships,0.0
a8bd1fec0.jpg,20.000256,True,0.7307602763175964,ships,0.0
a8bd1fec0.jpg,26.999808,True,0.7715652585029602,ships,0.0
a8bd1fec0.jpg,40.99968,True,0.9017814993858336,ships,0.0
a8bd1fec0.jpg,38.999808,True,0.4247313141822815,ships,0.0
a8bd1fec0.jpg,62.999808,True,0.8574089407920837,ships,0.0
a8bd1fec0.jpg,58.000128,True,0.872654139995575,ships,0.0
a8bd1fec0.jpg,36.999936,True,0.7041800022125244,ships,0.0
a8bd1fec0.jpg,12.999936000000002,True,0.5609301328659058,ships,0.0
a8ed60086.jpg,336.0,True,0.7444313168525696,coast,0.0
a8ed60086.jpg,18.000384,False,0.0,coast,0.0
a8ed60086.jpg,16.999679999999998,False,0.0,coast,0.0
a8ed60086.jpg,220.99968,True,0.8185833692550659,coast,0.0
a90723fc9.jpg,13.999872,True,0.4756674170494079,ships,0.0
a90d02e44.jpg,18.000384,True,0.6374536156654358,ships,0.0
a90d02e44.jpg,84.99993599999999,True,0.8794771432876587,ships,0.0
a90d02e44.jpg,15.999744,True,0.6583606600761414,ships,0.0
a9411389a.jpg,28.99968,True,0.540266752243042,ships,0.0
a9589c03a.jpg,27.999744,True,0.0786815732717514,ships,0.0
a95dad9f9.jpg,20.000256,True,0.386070191860199,ships,0.0
a97971e23.jpg,9.000192,False,0.0,coast,0.0
a979907a1.jpg,260.00025600000004,True,0.9263818264007568,ships,0.0
a979bc71a.jpg,25.999872000000003,True,0.5701775550842285,ships,0.0
a987d3c35.jpg,20.000256,True,0.4832371175289154,ships,0.0
a98ae52ef.jpg,228.999936,True,0.9085347056388856,coast,0.0
a98ae52ef.jpg,156.999936,True,0.8895435333251953,coast,0.0
a98e2bd12.jpg,60.999936,True,0.8096264600753784,ships,0.0
a98e2bd12.jpg,26.999808,False,0.0,ships,0.0
a98e2bd12.jpg,13.999872,True,0.3147191405296325,ships,0.0
a999e3657.jpg,118.000128,True,0.8875814080238342,coast,0.0
a9a9f3eec.jpg,124.99967999999998,True,0.8907821774482727,coast,0.0
a9a9f3eec.jpg,75.999744,True,0.8364225625991821,coast,0.0
a9a9f3eec.jpg,128.000256,True,0.9294860363006592,coast,0.0
a9b1d6344.jpg,94.000128,True,0.8806836605072021,coast,0.0
a9f4e777c.jpg,192.999936,True,0.8435160517692566,ships,0.0
a9fec07fb.jpg,250.000128,True,0.937295138835907,coast,0.0
aa0b9e324.jpg,92.000256,True,0.8732091188430786,ships,0.0
aa0cd2cba.jpg,100.99967999999998,True,0.894749641418457,coast,0.0
aa10c13c1.jpg,28.99968,False,0.0,coast,0.0
aa26a405b.jpg,20.000256,True,0.1424898654222488,ships,0.0
aa345fcb8.jpg,166.00012800000002,True,0.8564580082893372,ships,0.0
aa345fcb8.jpg,128.000256,True,0.8799431324005127,ships,0.0
aa370ac4e.jpg,160.99967999999998,True,0.8638266921043396,coast,0.2324608696831597
aa46d4798.jpg,125.999616,True,0.8957408666610718,ships,0.0
aa5cbb427.jpg,15.999744,True,0.3020192384719848,ships,0.0
aa7156bc3.jpg,57.000192,True,0.9116923213005066,coast,0.0
aa7156bc3.jpg,142.00012800000002,True,0.8568977117538452,coast,0.0
aa7156bc3.jpg,59.000064,True,0.8051435351371765,coast,0.0
aa80c46b4.jpg,145.99987199999998,True,0.8853300213813782,ships,0.0
aa80c46b4.jpg,36.999936,True,0.7029227018356323,ships,0.0
aa80c46b4.jpg,21.000192,True,0.6454089283943176,ships,0.0
aa83cf05e.jpg,279.999744,True,0.9654406905174256,ships,0.0
aa901772f.jpg,85.999872,True,0.8780115246772766,ships,0.04902988009982639
aaa4c5723.jpg,50.999808,True,0.5372839570045471,ships,0.0
aaa4c5723.jpg,48.0,True,0.6112522482872009,ships,0.0
aaa4c5723.jpg,20.000256,True,0.41881063580513,ships,0.0
aaa4c5723.jpg,53.999616,True,0.7958589196205139,ships,0.0
aab530eb8.jpg,32.000256,True,0.2275097370147705,ships,0.0
aab530eb8.jpg,24.0,True,0.581530749797821,ships,0.0
aab530eb8.jpg,15.999744,True,0.387093186378479,ships,0.0
aab530eb8.jpg,53.999616,True,0.811230480670929,ships,0.0
aab530eb8.jpg,197.999616,True,0.8860434293746948,ships,0.0
aab5e7908.jpg,19.00032,True,0.5757431983947754,ships,0.0
aab9542c1.jpg,16.999679999999998,True,0.1017104908823967,ships,0.0
aab9542c1.jpg,26.999808,False,0.0,ships,0.0
aab9542c1.jpg,15.999744,False,0.0,ships,0.0
aabedc683.jpg,23.000064,True,0.6356402039527893,ships,0.0
aabedc683.jpg,177.000192,True,0.7679345011711121,ships,0.0
aac5acad2.jpg,90.000384,True,0.1113701090216636,ships,0.0
aac821c4c.jpg,19.00032,True,0.7465241551399231,ships,0.0
aacc0bd6e.jpg,14.999808,True,0.2210203260183334,coast,0.7002360026041666
aaee0904d.jpg,67.00032,True,0.8503274917602539,coast,0.11122979058159722
aaee0904d.jpg,26.999808,True,0.6675814390182495,coast,0.11122979058159722
aaee6f6c7.jpg,73.999872,True,0.9109465479850768,ships,0.0
ab13e2ab9.jpg,151.00032000000002,True,0.9123478531837464,ships,0.0
ab2468b80.jpg,15.999744,True,0.4421215355396271,ships,0.04797193739149305
ab2468b80.jpg,16.999679999999998,True,0.4021747410297394,ships,0.04797193739149305
ab2518ceb.jpg,77.999616,True,0.8388479948043823,ships,0.0
ab5c832cb.jpg,20.000256,False,0.0,ships,0.0
ab625db79.jpg,7.00032,False,0.0,coast,0.0
ab758680b.jpg,42.000384,False,0.0,coast,0.0
ab7f5bc13.jpg,20.000256,False,0.0,ships,0.0
ab7f5bc13.jpg,72.99993599999999,True,0.8698939085006714,ships,0.0
ab7f5bc13.jpg,40.99968,True,0.7227787971496582,ships,0.0
ab7f5bc13.jpg,12.999936000000002,True,0.1843781024217605,ships,0.0
ab7f5bc13.jpg,80.000256,True,0.8740372061729431,ships,0.0
ab7f5bc13.jpg,52.99968,True,0.8748974800109863,ships,0.0
ab7f5bc13.jpg,57.000192,True,0.8518804907798767,ships,0.0
aba767ca4.jpg,33.000192,True,0.6840493083000183,coast,0.0
abe09831c.jpg,19.00032,True,0.0543945580720901,ships,0.0
abf4fd0d8.jpg,83.00006400000001,True,0.8978405594825745,ships,0.0
ac0d5f667.jpg,14.999808,False,0.0,ships,0.0
ac0d5f667.jpg,39.999744,True,0.6702046990394592,ships,0.0
ac1831291.jpg,38.999808,True,0.6301594376564026,ships,0.0
ac292bdb3.jpg,217.999872,True,0.9535878896713256,ships,0.0
ac32a9591.jpg,9.000192,True,0.3645671010017395,ships,0.0
ac7d410fe.jpg,83.00006400000001,True,0.7677118182182312,ships,0.0
ac831c8c2.jpg,28.99968,False,0.0,coast,0.0
ac9f83c4a.jpg,27.999744,True,0.7468929290771484,ships,0.0
ac9f83c4a.jpg,38.999808,True,0.7136261463165283,ships,0.0
ac9f83c4a.jpg,46.000128,True,0.8173077702522278,ships,0.0
aca889d85.jpg,84.99993599999999,True,0.8679267764091492,ships,0.0
acb4b35f6.jpg,11.000064,True,0.0910352766513824,ships,0.0
acb4b35f6.jpg,111.999744,True,0.8638167381286621,ships,0.0
accf70914.jpg,21.000192,True,0.0849182307720184,coast,0.0
acd9a6662.jpg,14.999808,True,0.0660456269979476,coast,0.0
acf86ad6f.jpg,106.000128,True,0.8719065189361572,ships,0.0
acfd40d68.jpg,38.999808,True,0.7773282527923584,ships,0.0
acfd40d68.jpg,40.99968,True,0.7538527846336365,ships,0.0
ad018aea0.jpg,40.99968,False,0.0,coast,0.0
ad035429d.jpg,125.999616,True,0.8864792585372925,ships,0.0
ad42a2691.jpg,144.999936,True,0.8963140845298767,coast,0.0
ad42a2691.jpg,42.000384,True,0.7976582646369934,coast,0.0
ad42a2691.jpg,72.99993599999999,True,0.7999347448348999,coast,0.0
ad4d0bf05.jpg,67.00032,True,0.8348953723907471,ships,0.0
ad4dae948.jpg,9.000192,True,0.4174439013004303,ships,0.0
ad6558901.jpg,44.000256,True,0.636368989944458,ships,0.0
ad6da5c09.jpg,25.999872000000003,False,0.0,coast,0.0
ad70e1001.jpg,94.000128,True,0.825717031955719,ships,0.009489271375868056
ad7348bcc.jpg,221.999616,True,0.8669809699058533,ships,0.0
ad7348bcc.jpg,235.00032,True,0.852640688419342,ships,0.0
ad7b83b0c.jpg,216.0,True,0.9026302695274352,ships,0.0
adaec4a49.jpg,116.000256,True,0.8907724618911743,ships,0.0
adb5b5c97.jpg,132.999936,True,0.8641824722290039,ships,0.0
adbcb08ba.jpg,199.00032,True,0.9050803780555724,ships,0.0
addfa119c.jpg,237.000192,True,0.878810465335846,ships,0.0
addfa119c.jpg,37.999872,True,0.5660018920898438,ships,0.0
ade3b9d4d.jpg,10.000128,False,0.0,ships,0.0
adeca4b75.jpg,12.0,True,0.4250837564468384,ships,0.0
adeca4b75.jpg,283.00032,True,0.9139248132705688,ships,0.0
ae013b2a2.jpg,73.999872,True,0.8448899984359741,ships,0.0
ae01f70d5.jpg,24.999936,True,0.3947141766548157,ships,0.0
ae13a6826.jpg,46.000128,False,0.0,coast,0.0
ae17679d4.jpg,91.00032,True,0.8923783302307129,ships,0.0
ae1853ca8.jpg,56.00025599999999,True,0.0685650780797004,coast,0.0
ae1853ca8.jpg,25.999872000000003,True,0.1874256730079651,coast,0.0
ae1853ca8.jpg,21.000192,False,0.0,coast,0.0
ae1853ca8.jpg,23.000064,True,0.0594063438475132,coast,0.0
ae1853ca8.jpg,28.99968,True,0.1108089238405227,coast,0.0
ae1853ca8.jpg,34.000128,True,0.0676921978592872,coast,0.0
ae1853ca8.jpg,19.00032,True,0.2299263179302215,coast,0.0
ae1853ca8.jpg,36.999936,False,0.0,coast,0.0
ae1853ca8.jpg,47.000064,True,0.0550105907022953,coast,0.0
ae1853ca8.jpg,34.000128,True,0.1099087670445442,coast,0.0
ae1853ca8.jpg,20.000256,True,0.2750512659549713,coast,0.0
ae2669bb3.jpg,21.000192,True,0.3103160560131073,ships,0.0
ae508c171.jpg,24.0,True,0.5010032653808594,ships,0.0
ae508c171.jpg,7.00032,True,0.280057430267334,ships,0.0
ae508c171.jpg,24.999936,True,0.2184409499168396,ships,0.0
ae508c171.jpg,7.00032,True,0.1815494298934936,ships,0.0
ae69c76d5.jpg,9.000192,False,0.0,ships,0.4341956244574653
ae6d37ae2.jpg,130.00012800000002,True,0.875266432762146,coast,0.0
ae6d37ae2.jpg,145.99987199999998,True,0.9068867564201356,coast,0.0
ae6d37ae2.jpg,8.000256,True,0.2630298137664795,coast,0.0
ae8f8e687.jpg,34.000128,True,0.7641934156417847,ships,0.0
aeba0e9b0.jpg,18.000384,False,0.0,cloud,0.9987148708767362
aebff1304.jpg,235.00032,True,0.9143059253692628,ships,0.0
aec367d77.jpg,71.00006400000001,True,0.8639402985572815,ships,0.0
aec367d77.jpg,20.000256,True,0.696794331073761,ships,0.0
aee136c8b.jpg,127.00032000000002,True,0.8695728778839111,coast,0.0
aeea06e3d.jpg,139.00032000000002,True,0.8791300654411316,coast,0.0
aef0175ab.jpg,36.0,True,0.1002466902136802,coast,0.7046966552734375
af12b8398.jpg,22.000128,True,0.8077178001403809,ships,0.0
af12b8398.jpg,24.999936,True,0.7159463763237,ships,0.0
af12b8398.jpg,51.99974400000001,True,0.7729241251945496,ships,0.0
af12b8398.jpg,75.999744,True,0.7775724530220032,ships,0.0
af12b8398.jpg,72.99993599999999,True,0.8648893237113953,ships,0.0
af3098e9b.jpg,64.99968,True,0.8968631029129028,ships,0.0
af4965e38.jpg,24.0,True,0.3756200969219208,ships,0.0
af4965e38.jpg,99.999744,True,0.7388566136360168,ships,0.0
af76e6da6.jpg,20.000256,True,0.4451059699058532,ships,0.0
af95e42d5.jpg,25.999872000000003,True,0.3738418817520141,coast,0.0
afa18e2bb.jpg,347.00006399999995,True,0.8089688420295715,ships,0.0
afbd785ed.jpg,182.999808,True,0.8880559206008911,ships,0.0
afdb5b25f.jpg,106.000128,True,0.671051561832428,ships,0.0
afdb5b25f.jpg,100.99967999999998,True,0.6709699034690857,ships,0.0
aff4f42b8.jpg,94.000128,True,0.870658814907074,ships,0.0
affd25253.jpg,31.00032,True,0.5607808828353882,coast,0.0
affd25253.jpg,18.000384,True,0.56096351146698,coast,0.0
b002d5f19.jpg,83.00006400000001,True,0.8565426468849182,ships,0.0
b0045d2a6.jpg,143.000064,True,0.8770250678062439,ships,0.0
b0087c48f.jpg,61.999872,True,0.7375463843345642,ships,0.0
b0087c48f.jpg,40.99968,True,0.3095308840274811,ships,0.0
b0087c48f.jpg,57.000192,True,0.5900978446006775,ships,0.0
b0087c48f.jpg,49.999872,True,0.656600296497345,ships,0.0
b01957a2b.jpg,239.000064,True,0.8464173674583435,ships,0.0
b01e876af.jpg,23.000064,True,0.5888771414756775,ships,0.0
b02b00410.jpg,85.999872,True,0.8583552241325378,ships,0.0
b02b1ce6a.jpg,16.999679999999998,True,0.5157797336578369,ships,0.0
b02b1ce6a.jpg,90.000384,True,0.8451837301254272,ships,0.0
b02b1ce6a.jpg,63.99974400000001,True,0.7979329228401184,ships,0.0
b02b1ce6a.jpg,38.999808,True,0.8135184049606323,ships,0.0
b02ea98fb.jpg,28.99968,True,0.5510693788528442,ships,0.0
b02ea98fb.jpg,84.0,True,0.8418971300125122,ships,0.0
b048cf77e.jpg,28.99968,True,0.6610214710235596,coast,0.0
b048cf77e.jpg,38.999808,True,0.6111548542976379,coast,0.0
b048cf77e.jpg,44.000256,True,0.5914329290390015,coast,0.0
b048cf77e.jpg,48.0,True,0.6674703359603882,coast,0.0
b04e0f7e1.jpg,232.99968,True,0.919567048549652,coast,0.0
b063d5f6e.jpg,110.999808,True,0.9041187167167664,ships,0.0
b07574b6c.jpg,87.999744,True,0.8605729937553406,coast,0.0
b07574b6c.jpg,51.99974400000001,True,0.8360365033149719,coast,0.0
b07574b6c.jpg,57.000192,True,0.7472898364067078,coast,0.0
b0928552f.jpg,21.000192,True,0.218045637011528,coast,0.0
b0b5fd0df.jpg,81.000192,True,0.7751678228378296,ships,0.0
b0b5fd0df.jpg,253.999872,True,0.872641384601593,ships,0.0
b0c3d06fa.jpg,39.999744,True,0.7317556738853455,ships,0.0
b0feef552.jpg,111.999744,True,0.7735744714736938,coast,0.013461642795138888
b10bdf278.jpg,92.000256,True,0.8610590696334839,coast,0.0
b10bdf278.jpg,70.000128,True,0.8406810164451599,coast,0.0
b11757fe1.jpg,108.999936,True,0.8536368012428284,ships,0.0
b121194b4.jpg,158.999808,True,0.8416673541069031,ships,0.0
b125b0f0e.jpg,12.999936000000002,True,0.1359425038099289,ships,0.0
b125b0f0e.jpg,36.0,True,0.7382125854492188,ships,0.0
b125b0f0e.jpg,7.00032,True,0.3861712515354156,ships,0.0
b128dc012.jpg,28.99968,True,0.6306909322738647,ships,0.0
b128dc012.jpg,11.000064,True,0.3540222942829132,ships,0.0
b1320fe27.jpg,205.999872,True,0.8127003312110901,coast,0.0
b1484acc7.jpg,20.000256,True,0.3541590273380279,coast,0.0
b1484acc7.jpg,15.999744,True,0.4741712808609009,coast,0.0
b1484acc7.jpg,199.00032,True,0.9242512583732604,coast,0.0
b166d243a.jpg,12.999936000000002,True,0.519584059715271,coast,0.006222195095486111
b176905b0.jpg,29.999616,True,0.6794514656066895,ships,0.0
b176905b0.jpg,40.99968,True,0.6536587476730347,ships,0.0
b1782cac6.jpg,36.0,True,0.775800883769989,ships,0.0
b1782cac6.jpg,140.000256,True,0.92362380027771,ships,0.0
b1782cac6.jpg,171.999744,True,0.9267898797988892,ships,0.0
b178a4c2f.jpg,40.99968,True,0.2252258509397506,ships,0.0
b178a4c2f.jpg,39.999744,True,0.1513600945472717,ships,0.0
b178a4c2f.jpg,296.00025600000004,True,0.8487715721130371,ships,0.0
b178a4c2f.jpg,100.99967999999998,True,0.7647857666015625,ships,0.0
b178a4c2f.jpg,219.999744,True,0.848223090171814,ships,0.0
b178a4c2f.jpg,59.000064,True,0.6731404662132263,ships,0.0
b178a4c2f.jpg,13.999872,True,0.3291881680488586,ships,0.0
b178a4c2f.jpg,90.000384,True,0.8702988624572754,ships,0.0
b18342086.jpg,21.000192,True,0.3239074051380157,ships,0.0
b18564030.jpg,138.000384,True,0.9499857425689696,coast,0.0
b192766c3.jpg,108.0,True,0.7390230298042297,ships,0.0
b192766c3.jpg,15.999744,True,0.3637300729751587,ships,0.0
b192766c3.jpg,90.000384,True,0.2408877611160278,ships,0.0
b197a9b9a.jpg,162.000384,True,0.8957340717315674,ships,0.0
b19febc41.jpg,187.00032,True,0.8672366738319397,coast,0.0
b19febc41.jpg,252.999936,True,0.8913135528564453,coast,0.0
b19febc41.jpg,91.00032,True,0.2443126589059829,coast,0.0
b1b8e66b0.jpg,81.000192,True,0.7811360359191895,coast,0.0
b1b8e66b0.jpg,82.000128,True,0.8205355405807495,coast,0.0
b1bf84bfb.jpg,20.000256,True,0.6098853945732117,coast,0.0
b1bf84bfb.jpg,60.999936,True,0.7236908078193665,coast,0.0
b1bf84bfb.jpg,64.99968,True,0.793561577796936,coast,0.0
b1cefe448.jpg,104.000256,True,0.8965864181518555,ships,0.0
b1cefe448.jpg,14.999808,True,0.437200129032135,ships,0.0
b1dfd43e8.jpg,192.0,True,0.9234310388565063,ships,0.0
b1e31ebea.jpg,223.00032,True,0.8946684002876282,ships,0.0
b1f1eeebb.jpg,169.99987199999998,True,0.8667983412742615,ships,0.0
b1f5862f4.jpg,8.000256,False,0.0,ships,0.0
b1f5862f4.jpg,8.000256,False,0.0,ships,0.0
b21a9f340.jpg,197.999616,True,0.8709840774536133,ships,0.0
b21f2c207.jpg,5.9996160000000005,False,0.0,ships,0.0
b21f2c207.jpg,5.9996160000000005,True,0.1982088834047317,ships,0.0
b21f2c207.jpg,10.000128,True,0.4419412612915039,ships,0.0
b221987ee.jpg,59.000064,True,0.9134239554405212,ships,0.0
b22fbb23a.jpg,169.99987199999998,True,0.8020799160003662,ships,0.0
b23d92ed7.jpg,182.999808,True,0.8228206634521484,ships,0.0
b23d92ed7.jpg,14.999808,True,0.1113474145531654,ships,0.0
b23dc8d66.jpg,114.000384,True,0.8905722498893738,ships,0.0
b244ed1a2.jpg,15.999744,True,0.0668799579143524,ships,0.0
b24c85d36.jpg,68.000256,True,0.7431004643440247,ships,0.006183200412326389
b25cf48fa.jpg,19.00032,True,0.5819305777549744,ships,0.0
b25cf48fa.jpg,12.0,False,0.0,ships,0.0
b25cf48fa.jpg,42.000384,True,0.7459136843681335,ships,0.0
b25cf48fa.jpg,10.000128,False,0.0,ships,0.0
b265c10ce.jpg,52.99968,True,0.7572876214981079,ships,0.0
b265c10ce.jpg,45.000192,True,0.8736231327056885,ships,0.0
b265c10ce.jpg,221.999616,True,0.8938798308372498,ships,0.0
b265c10ce.jpg,123.999744,True,0.4949798583984375,ships,0.0
b265c10ce.jpg,10.000128,True,0.268505334854126,ships,0.0
b288b0a5a.jpg,10.000128,True,0.0759722143411636,ships,0.0
b288b0a5a.jpg,57.000192,True,0.791954517364502,ships,0.0
b288fa88d.jpg,23.000064,True,0.5820542573928833,ships,0.0
b29477b25.jpg,151.00032000000002,True,0.8959853053092957,ships,0.0
b2a5edf70.jpg,124.99967999999998,True,0.9004098176956177,ships,0.0
b2a9baf05.jpg,15.999744,True,0.1675622463226318,ships,0.0
b2b227032.jpg,104.000256,True,0.8921809196472168,ships,0.0
b2d821591.jpg,159.999744,True,0.8663461804389954,ships,0.021233452690972224
b2d821591.jpg,26.999808,True,0.5678019523620605,ships,0.021233452690972224
b2d821591.jpg,26.999808,True,0.4945017993450165,ships,0.021233452690972224
b2d821591.jpg,92.000256,True,0.7772935628890991,ships,0.021233452690972224
b2e52ebf8.jpg,104.000256,True,0.8193699717521667,ships,0.0
b2eb00597.jpg,25.999872000000003,False,0.0,ships,0.0
b2f1b1468.jpg,154.00012800000002,True,0.8739909529685974,ships,0.0
b2f1b1468.jpg,154.00012800000002,True,0.917989194393158,ships,0.0
b2f1b1468.jpg,134.999808,True,0.8492451906204224,ships,0.0
b2f1b1468.jpg,157.99987199999998,True,0.8960359692573547,ships,0.0
b2f3df87d.jpg,24.0,True,0.3035182654857635,coast,0.0
b2faefebd.jpg,15.999744,True,0.4356138110160827,ships,0.0
b32a77006.jpg,211.00032,True,0.6666075587272644,ships,0.0
b32a77006.jpg,12.0,True,0.2572716474533081,ships,0.0
b32ad3c7f.jpg,147.999744,True,0.925705075263977,ships,0.0
b331172cd.jpg,151.00032000000002,True,0.8979297876358032,ships,0.0
b33474f7c.jpg,68.000256,True,0.8369378447532654,coast,0.0
b33474f7c.jpg,49.999872,True,0.5324051976203918,coast,0.0
b33474f7c.jpg,42.000384,True,0.6402693390846252,coast,0.0
b33474f7c.jpg,43.00032,True,0.2137652188539505,coast,0.0
b33474f7c.jpg,49.999872,True,0.5038735270500183,coast,0.0
b335b3837.jpg,16.999679999999998,True,0.3757302761077881,ships,0.0
b357916f7.jpg,22.000128,True,0.1915272325277328,ships,0.0
b35b7f716.jpg,203.000064,True,0.806087076663971,ships,0.059393988715277776
b35d57fb3.jpg,24.0,True,0.7389532327651978,ships,0.0
b35d57fb3.jpg,149.999616,True,0.9110304713249208,ships,0.0
b35d57fb3.jpg,13.999872,True,0.3912326097488403,ships,0.0
b35d57fb3.jpg,73.999872,True,0.8677647709846497,ships,0.0
b36839a32.jpg,11.000064,True,0.3828118741512298,coast,0.0
b36839a32.jpg,12.0,True,0.0777609497308731,coast,0.0
b3726e876.jpg,90.000384,True,0.8242721557617188,ships,0.0
b37c9e2e2.jpg,9.000192,False,0.0,coast,0.0
b37c9e2e2.jpg,8.000256,False,0.0,coast,0.0
b37c9e2e2.jpg,10.000128,False,0.0,coast,0.0
b37c9e2e2.jpg,9.000192,False,0.0,coast,0.0
b37c9e2e2.jpg,11.000064,False,0.0,coast,0.0
b37c9e2e2.jpg,9.000192,False,0.0,coast,0.0
b37c9e2e2.jpg,9.000192,False,0.0,coast,0.0
b37c9e2e2.jpg,10.000128,False,0.0,coast,0.0
b37c9e2e2.jpg,10.000128,False,0.0,coast,0.0
b37c9e2e2.jpg,10.000128,True,0.0624068565666675,coast,0.0
b37c9e2e2.jpg,10.000128,False,0.0,coast,0.0
b37c9e2e2.jpg,9.000192,False,0.0,coast,0.0
b37e838d9.jpg,19.00032,True,0.0853047743439674,ships,0.0
b37f303d5.jpg,24.999936,True,0.5857847929000854,ships,0.0
b37f303d5.jpg,19.00032,True,0.5043576955795288,ships,0.0
b39c32f97.jpg,224.000256,True,0.8652986884117126,coast,0.0
b39d8aa2f.jpg,8.000256,True,0.4295827746391296,ships,0.0
b3b0ed544.jpg,71.00006400000001,True,0.7727550268173218,ships,0.0
b3b0ed544.jpg,24.0,False,0.0,ships,0.0
b3c5e3cf1.jpg,29.999616,True,0.6390624046325684,ships,0.0
b3e3b5227.jpg,19.00032,True,0.6551151275634766,ships,0.0
b3e7f584b.jpg,14.999808,False,0.0,ships,0.0
b41775758.jpg,87.999744,True,0.845099925994873,coast,0.0
b4270c27a.jpg,8.000256,True,0.1891658157110214,coast,0.0
b4270c27a.jpg,8.000256,True,0.1270816773176193,coast,0.0
b4270c27a.jpg,8.000256,True,0.4441926181316376,coast,0.0
b4270c27a.jpg,8.000256,True,0.4270956516265869,coast,0.0
b4270c27a.jpg,9.000192,True,0.401658684015274,coast,0.0
b4270c27a.jpg,8.000256,True,0.4414235353469848,coast,0.0
b4270c27a.jpg,9.000192,True,0.1455786824226379,coast,0.0
b4270c27a.jpg,7.00032,True,0.3743358254432678,coast,0.0
b44507e1c.jpg,64.99968,True,0.8167005181312561,ships,0.0
b474514be.jpg,4.99968,False,0.0,ships,0.0
b47c4bdb6.jpg,166.00012800000002,True,0.8566420078277588,ships,0.0
b4a518c26.jpg,7.00032,False,0.0,ships,0.0
b4b0e7436.jpg,13.999872,True,0.3218622505664825,ships,0.0
b4b0e7436.jpg,70.000128,True,0.8031477332115173,ships,0.0
b4b0e7436.jpg,179.000064,True,0.9063129425048828,ships,0.0
b4bc2cb6c.jpg,66.000384,True,0.8447900414466858,ships,0.0
b4bc2cb6c.jpg,23.000064,True,0.503828227519989,ships,0.0
b4cc00eb1.jpg,12.999936000000002,True,0.1390250921249389,ships,0.0
b4d7fd3b0.jpg,12.999936000000002,True,0.2637836337089538,ships,0.0
b4e0bfdc7.jpg,47.000064,False,0.0,coast,0.0
b4e0bfdc7.jpg,34.000128,True,0.0713207572698593,coast,0.0
b4e0bfdc7.jpg,34.000128,True,0.1004803851246833,coast,0.0
b4e0bfdc7.jpg,19.00032,True,0.2186933308839798,coast,0.0
b4e0bfdc7.jpg,21.000192,False,0.0,coast,0.0
b4e0bfdc7.jpg,20.000256,True,0.2600529193878174,coast,0.0
b4e0bfdc7.jpg,36.999936,False,0.0,coast,0.0
b4e0bfdc7.jpg,23.000064,True,0.0636675059795379,coast,0.0
b4e0bfdc7.jpg,56.00025599999999,True,0.0655958577990531,coast,0.0
b4e0bfdc7.jpg,28.99968,True,0.1058010384440422,coast,0.0
b4e0bfdc7.jpg,25.999872000000003,True,0.1837097257375717,coast,0.0
b4e51b44b.jpg,129.000192,True,0.854619562625885,coast,0.0
b4f257315.jpg,14.999808,False,0.0,ships,0.0
b4f257315.jpg,74.999808,True,0.776213526725769,ships,0.0
b4f8f2177.jpg,23.000064,True,0.7199661731719971,coast,0.0
b4f8f2177.jpg,84.99993599999999,True,0.729030966758728,coast,0.0
b4f8f2177.jpg,195.999744,True,0.8954004049301147,coast,0.0
b52c4c1cd.jpg,28.99968,True,0.5385600924491882,ships,0.0
b52c4c1cd.jpg,27.999744,True,0.4215703010559082,ships,0.0
b54016b1b.jpg,196.99968,True,0.8072973489761353,ships,0.0
b55c577d4.jpg,26.999808,True,0.1091990694403648,ships,0.0
b55c577d4.jpg,33.000192,True,0.3820111751556396,ships,0.0
b55c577d4.jpg,13.999872,True,0.3731701672077179,ships,0.0
b56fad4b6.jpg,12.999936000000002,True,0.3312314748764038,ships,0.0
b56fad4b6.jpg,26.999808,True,0.7129322290420532,ships,0.0
b56fad4b6.jpg,16.999679999999998,True,0.0863633453845977,ships,0.0
b56fad4b6.jpg,14.999808,False,0.0,ships,0.0
b56fad4b6.jpg,12.999936000000002,True,0.4610254168510437,ships,0.0
b56fad4b6.jpg,12.999936000000002,True,0.2384627908468246,ships,0.0
b56fad4b6.jpg,16.999679999999998,True,0.352475106716156,ships,0.0
b56fad4b6.jpg,12.999936000000002,True,0.3710648417472839,ships,0.0
b56fad4b6.jpg,9.000192,True,0.60858553647995,ships,0.0
b56fad4b6.jpg,13.999872,True,0.3110588490962982,ships,0.0
b5772bed0.jpg,97.999872,True,0.8839297890663147,ships,0.0
b578eb71e.jpg,15.999744,True,0.5710442066192627,ships,0.0
b578eb71e.jpg,24.999936,True,0.6219202876091003,ships,0.0
b578eb71e.jpg,11.000064,True,0.5125832557678223,ships,0.0
b5b3c16cf.jpg,29.999616,True,0.3024114966392517,ships,0.09100511338975695
b5b975869.jpg,15.999744,True,0.4354614019393921,ships,0.0
b5bba50f6.jpg,81.000192,True,0.7697547078132629,coast,0.0
b5dc6cd1b.jpg,132.999936,True,0.8822441697120667,ships,0.0
b5e45403d.jpg,9.000192,True,0.4245994389057159,ships,0.0
b5e7467ad.jpg,138.000384,True,0.8535028100013733,coast,0.0
b5f12d29b.jpg,23.000064,True,0.1825743466615677,ships,0.0
b5f12d29b.jpg,73.999872,True,0.7252909541130066,ships,0.0
b5f12d29b.jpg,57.000192,True,0.7205603718757629,ships,0.0
b5f12d29b.jpg,25.999872000000003,True,0.5621145367622375,ships,0.0
b5f12d29b.jpg,23.000064,True,0.0955874621868133,ships,0.0
b5f597bc8.jpg,291.999744,True,0.8953520655632019,ships,0.0
b5f922d64.jpg,16.999679999999998,True,0.5020389556884766,coast,0.0
b5f922d64.jpg,24.0,True,0.6075714230537415,coast,0.0
b5fd6f0ed.jpg,167.000064,True,0.8929667472839355,ships,0.0
b6104b6b8.jpg,58.000128,False,0.0,ships,0.0
b6104b6b8.jpg,16.999679999999998,True,0.616752564907074,ships,0.0
b6230d8d1.jpg,262.000128,True,0.8809981346130371,coast,0.0
b6230d8d1.jpg,215.000064,True,0.8571764230728149,coast,0.0
b6230d8d1.jpg,22.000128,False,0.0,coast,0.0
b64846832.jpg,12.0,True,0.4497947990894317,ships,0.0
b6671293d.jpg,72.0,True,0.8732337355613708,ships,0.0
b6671293d.jpg,42.000384,True,0.7631222605705261,ships,0.0
b679a4d70.jpg,92.000256,True,0.8716092705726624,ships,0.0
b6915e027.jpg,22.000128,True,0.1429641991853714,ships,0.0
b6a2cef21.jpg,19.00032,True,0.2401176244020462,coast,0.0
b6b270d5c.jpg,12.0,False,0.0,ships,0.0
b6cafa726.jpg,10.000128,True,0.2772171199321747,ships,0.0
b6cafa726.jpg,58.000128,False,0.0,ships,0.0
b6da569a1.jpg,26.999808,True,0.7800123691558838,ships,0.0
b6f3cef73.jpg,24.999936,True,0.4775780737400055,ships,0.0
b6f6bb8e3.jpg,12.0,True,0.2833941578865051,ships,0.0
b6f6bb8e3.jpg,11.000064,True,0.2933637499809265,ships,0.0
b6f9fb684.jpg,20.000256,True,0.7160937786102295,ships,0.0
b6f9fb684.jpg,15.999744,True,0.5117422342300415,ships,0.0
b6ffd0b57.jpg,12.0,True,0.5668307542800903,ships,0.0
b71df4976.jpg,158.999808,True,0.904732584953308,ships,0.0
b725e1195.jpg,60.0,True,0.8322614431381226,ships,0.0
b72dd2631.jpg,300.99993600000005,True,0.9380253553390504,ships,0.0
b72dd2631.jpg,37.999872,True,0.6716605424880981,ships,0.0
b77b94d20.jpg,76.99968,True,0.8231679201126099,ships,0.0
b79bd50c8.jpg,79.00032,True,0.7799065113067627,ships,0.0
b7b5f6dce.jpg,272.00025600000004,True,0.9132147431373596,ships,0.0
b7b5f6dce.jpg,87.999744,True,0.9047855734825134,ships,0.0
b7b7bb05a.jpg,59.000064,True,0.8322024941444397,coast,0.0
b7b7bb05a.jpg,34.000128,True,0.6597623229026794,coast,0.0
b7b7bb05a.jpg,25.999872000000003,True,0.1137322932481765,coast,0.0
b7b7bb05a.jpg,57.000192,True,0.8663628101348877,coast,0.0
b7b7bb05a.jpg,50.999808,True,0.8450314998626709,coast,0.0
b7b7bb05a.jpg,28.99968,True,0.3566168546676636,coast,0.0
b7c5ad4c6.jpg,235.00032,True,0.9142560362815856,ships,0.0
b7cbe9065.jpg,20.000256,True,0.1649546772241592,ships,0.0
b7cbe9065.jpg,16.999679999999998,True,0.6564410924911499,ships,0.0
b7cbe9065.jpg,21.000192,True,0.0515415072441101,ships,0.0
b7cbe9065.jpg,18.000384,True,0.5964850187301636,ships,0.0
b7cbe9065.jpg,24.0,True,0.6077202558517456,ships,0.0
b7cbe9065.jpg,23.000064,False,0.0,ships,0.0
b7cbe9065.jpg,11.000064,True,0.257478266954422,ships,0.0
b7cbe9065.jpg,20.000256,True,0.6006240248680115,ships,0.0
b7e2c8d0c.jpg,115.00032000000002,True,0.8870422840118408,coast,0.0
b7ecbbeaa.jpg,152.000256,True,0.7545798420906067,ships,0.057105170355902776
b80232332.jpg,14.999808,True,0.6237590312957764,ships,0.0
b80fc44ab.jpg,24.999936,True,0.7222422361373901,ships,0.0
b80fc44ab.jpg,55.00032,True,0.78736412525177,ships,0.0
b80fc44ab.jpg,40.99968,True,0.8586246967315674,ships,0.0
b80fc44ab.jpg,98.999808,True,0.9123533964157104,ships,0.0
b80fc44ab.jpg,121.999872,True,0.9089685678482056,ships,0.0
b8112853c.jpg,153.000192,True,0.8493852615356445,ships,0.0
b81ee75f4.jpg,8.000256,False,0.0,coast,0.0
b82d750d8.jpg,4.99968,False,0.0,ships,0.3638712565104167
b82d750d8.jpg,9.000192,False,0.0,ships,0.3638712565104167
b849dc3ba.jpg,52.99968,True,0.8225357532501221,ships,0.0
b849dc3ba.jpg,123.999744,True,0.8579015135765076,ships,0.0
b86c8d3fe.jpg,24.0,True,0.4101011455059051,coast,0.0
b874f9944.jpg,63.99974400000001,True,0.8513038158416748,ships,0.0
b874f9944.jpg,29.999616,True,0.6753419637680054,ships,0.0
b88b04651.jpg,48.0,True,0.4788566529750824,ships,0.07423570421006945
b88b04651.jpg,44.000256,True,0.2250895798206329,ships,0.07423570421006945
b88b04651.jpg,21.000192,True,0.4280588626861572,ships,0.07423570421006945
b88b04651.jpg,48.0,True,0.465235024690628,ships,0.07423570421006945
b88b04651.jpg,20.000256,False,0.0,ships,0.07423570421006945
b88b04651.jpg,45.000192,True,0.434634268283844,ships,0.07423570421006945
b88fc2460.jpg,167.000064,True,0.9061811566352844,coast,0.0
b8b614d20.jpg,175.00032000000002,True,0.9258177876472472,ships,0.0
b8cea4ad4.jpg,76.99968,True,0.8190777897834778,coast,0.0
b8cea4ad4.jpg,61.999872,True,0.8038360476493835,coast,0.0
b8cea4ad4.jpg,80.000256,True,0.6161230206489563,coast,0.0
b8d61ced2.jpg,46.000128,True,0.6361444592475891,coast,0.0
b8d61ced2.jpg,47.000064,True,0.4756785929203033,coast,0.0
b8d61ced2.jpg,47.000064,True,0.7464553713798523,coast,0.0
b8d61ced2.jpg,25.999872000000003,True,0.4315964579582214,coast,0.0
b8d61ced2.jpg,63.99974400000001,True,0.7912569046020508,coast,0.0
b8d61ced2.jpg,21.000192,False,0.0,coast,0.0
b8d61ced2.jpg,15.999744,True,0.1939747035503387,coast,0.0
b8d61ced2.jpg,44.000256,True,0.5211041569709778,coast,0.0
b8d61ced2.jpg,64.99968,True,0.3468127846717834,coast,0.0
b8d61ced2.jpg,52.99968,True,0.6759098172187805,coast,0.0
b8d61ced2.jpg,69.000192,True,0.0876825526356697,coast,0.0
b8d61ced2.jpg,36.0,True,0.743525505065918,coast,0.0
b8d61ced2.jpg,53.999616,True,0.7578704953193665,coast,0.0
b8e6e815a.jpg,13.999872,True,0.3502163589000702,ships,0.030492146809895832
b8e6e815a.jpg,16.999679999999998,True,0.5694668889045715,ships,0.030492146809895832
b8e8c9ec0.jpg,21.000192,True,0.0530861355364322,ships,0.0
b8e8c9ec0.jpg,12.999936000000002,True,0.3926798701286316,ships,0.0
b8e8c9ec0.jpg,28.99968,True,0.7154061794281006,ships,0.0
b8e8e8fa6.jpg,9.000192,False,0.0,ships,0.0
b8e8e8fa6.jpg,12.999936000000002,True,0.2778116166591644,ships,0.0
b8f954f45.jpg,11.000064,True,0.4812964498996734,coast,0.0
b902aa0a0.jpg,247.00032,True,0.9033436179161072,ships,0.0
b90356332.jpg,205.999872,True,0.8695968985557556,coast,0.0
b90356332.jpg,139.00032000000002,True,0.7460793852806091,coast,0.0
b9083aada.jpg,24.0,True,0.1219952479004859,ships,0.0
b9083aada.jpg,12.999936000000002,False,0.0,ships,0.0
b9083aada.jpg,12.999936000000002,False,0.0,ships,0.0
b9083aada.jpg,14.999808,True,0.2491136789321899,ships,0.0
b9083aada.jpg,15.999744,False,0.0,ships,0.0
b9083aada.jpg,13.999872,False,0.0,ships,0.0
b9083aada.jpg,13.999872,False,0.0,ships,0.0
b9083aada.jpg,12.0,False,0.0,ships,0.0
b9083aada.jpg,12.999936000000002,False,0.0,ships,0.0
b9083aada.jpg,11.000064,True,0.4266864061355591,ships,0.0
b914c3c8a.jpg,232.99968,True,0.941245973110199,ships,0.0
b9270cae6.jpg,18.000384,True,0.2881315052509308,ships,0.0
b94ae3222.jpg,10.000128,False,0.0,ships,0.0
b94ae3222.jpg,14.999808,True,0.2192318737506866,ships,0.0
b94d2bfd1.jpg,16.999679999999998,True,0.7842885851860046,ships,0.0
b94d2bfd1.jpg,24.999936,True,0.8332467079162598,ships,0.0
b953d7546.jpg,36.999936,True,0.3531528115272522,coast,0.0
b95e29029.jpg,12.0,True,0.109027974307537,coast,0.0
b95e29029.jpg,39.999744,True,0.7732267379760742,coast,0.0
b9613cf8c.jpg,73.999872,True,0.8101659417152405,ships,0.0
b9643a242.jpg,24.999936,False,0.0,coast,0.0
b9643a242.jpg,7.00032,False,0.0,coast,0.0
b9643a242.jpg,7.00032,True,0.3158720731735229,coast,0.0
b9643a242.jpg,86.999808,True,0.8193669319152832,coast,0.0
b9643a242.jpg,32.000256,True,0.3654097020626068,coast,0.0
b9643a242.jpg,15.999744,True,0.1727613359689712,coast,0.0
b966c8c47.jpg,28.99968,True,0.4096564054489136,coast,0.08011033799913195
b96837cb6.jpg,52.99968,True,0.8460618257522583,ships,0.008870442708333334
b96837cb6.jpg,72.99993599999999,True,0.4720818698406219,ships,0.008870442708333334
b9720e40e.jpg,11.000064,True,0.5674021244049072,ships,0.0
b98b44064.jpg,42.000384,True,0.6603281497955322,ships,0.0
b98b44064.jpg,55.00032,True,0.8356602787971497,ships,0.0
b98b44064.jpg,47.000064,True,0.8325797319412231,ships,0.0
b98b44064.jpg,60.999936,True,0.7943140864372253,ships,0.0
b98b44064.jpg,45.000192,True,0.7921113967895508,ships,0.0
b98b44064.jpg,25.999872000000003,True,0.4210584759712219,ships,0.0
b99654137.jpg,212.000256,True,0.9261045455932616,ships,0.0
b9ad06f8a.jpg,8.000256,True,0.0512453988194465,coast,0.0
b9ad06f8a.jpg,9.000192,True,0.499993085861206,coast,0.0
b9b1b9be8.jpg,33.000192,True,0.1342806369066238,ships,0.004002888997395833
b9be79b94.jpg,151.00032000000002,True,0.9142096638679504,ships,0.0
b9d251c1e.jpg,94.000128,True,0.9291800856590272,coast,0.0
b9e5d1bd2.jpg,25.999872000000003,True,0.3603151440620422,ships,0.0
b9f224552.jpg,12.999936000000002,True,0.0797932147979736,ships,0.0
b9f224552.jpg,13.999872,True,0.176782876253128,ships,0.0
b9f224552.jpg,12.999936000000002,True,0.3260269463062286,ships,0.0
b9fa223c8.jpg,15.999744,False,0.0,coast,0.0
ba02af274.jpg,199.00032,True,0.924384593963623,coast,0.0
ba02af274.jpg,20.000256,True,0.3434303104877472,coast,0.0
ba02af274.jpg,12.0,True,0.3830623924732208,coast,0.0
ba02cbe94.jpg,76.99968,True,0.8731419444084167,ships,0.0
ba02cbe94.jpg,55.00032,True,0.8733214735984802,ships,0.0
ba20a371d.jpg,60.999936,True,0.8139346837997437,coast,0.0
ba2227633.jpg,38.999808,True,0.7490858435630798,ships,0.0842742919921875
ba2227633.jpg,27.999744,True,0.5246232151985168,ships,0.0842742919921875
ba556a187.jpg,177.000192,True,0.8858824372291565,ships,0.18225606282552084
ba63044dd.jpg,7.00032,True,0.0577371679246425,ships,0.0
ba65be9ac.jpg,90.000384,True,0.8950588703155518,ships,0.0
ba9b6cd4e.jpg,81.000192,True,0.8622539043426514,ships,0.0
baa66afec.jpg,32.000256,True,0.8323108553886414,ships,0.0
baa66afec.jpg,8.000256,True,0.2442042976617813,ships,0.0
bacb8efe2.jpg,116.000256,True,0.9205181002616882,coast,0.0
bacb8efe2.jpg,42.000384,True,0.7186895608901978,coast,0.0
bacddfd1e.jpg,101.999616,True,0.9097938537597656,coast,0.0
badcf0731.jpg,13.999872,False,0.0,ships,0.0
badcf0731.jpg,13.999872,True,0.5332440733909607,ships,0.0
bae1ed628.jpg,326.99980800000003,True,0.8488107323646545,ships,0.0
bae4a6a28.jpg,10.000128,False,0.0,coast,0.0
bb0e0877d.jpg,19.00032,True,0.3805392980575561,ships,0.0
bb131ee45.jpg,187.00032,True,0.8176572322845459,ships,0.0
bb1a2a7eb.jpg,75.999744,True,0.7926828265190125,ships,0.0
bb1a2a7eb.jpg,116.000256,True,0.817812442779541,ships,0.0
bb312942d.jpg,184.99968,True,0.8536043167114258,ships,0.0
bb40cd9c5.jpg,108.999936,True,0.8930495381355286,ships,0.0
bb64b45cd.jpg,16.999679999999998,True,0.6396872401237488,coast,0.0
bb64b45cd.jpg,11.000064,True,0.3706564009189605,coast,0.0
bb711cfdd.jpg,13.999872,True,0.3043153882026672,coast,0.0
bb711cfdd.jpg,18.000384,True,0.1059036776423454,coast,0.0
bb711cfdd.jpg,18.000384,True,0.157036080956459,coast,0.0
bb711cfdd.jpg,13.999872,False,0.0,coast,0.0
bb711cfdd.jpg,12.999936000000002,False,0.0,coast,0.0
bb711cfdd.jpg,20.000256,True,0.4318473041057586,coast,0.0
bb711cfdd.jpg,16.999679999999998,True,0.4288793802261352,coast,0.0
bb79f34a6.jpg,58.000128,True,0.6420400142669678,coast,0.0
bb7f24d8e.jpg,32.000256,True,0.0661000832915306,ships,0.0
bb9606665.jpg,25.999872000000003,True,0.5826859474182129,coast,0.026652018229166668
bb9606665.jpg,117.000192,True,0.9317458868026732,coast,0.026652018229166668
bb982c78c.jpg,111.999744,True,0.866904079914093,coast,0.0
bbbe346b9.jpg,12.999936000000002,True,0.3626509308815002,ships,0.0
bbc7b8ca2.jpg,159.999744,True,0.8380782008171082,ships,0.0
bbcee356b.jpg,49.999872,True,0.8622673153877258,ships,0.0
bbcee356b.jpg,39.999744,True,0.7415575981140137,ships,0.0
bbfda95e0.jpg,19.00032,True,0.0559858456254005,ships,0.005360921223958333
bc27ab5b2.jpg,12.999936000000002,False,0.0,coast,0.0
bc2b319f5.jpg,11.000064,False,0.0,ships,0.0
bc2b319f5.jpg,12.0,True,0.0831828638911247,ships,0.0
bc2b319f5.jpg,12.0,False,0.0,ships,0.0
bc2b319f5.jpg,9.000192,True,0.1042406186461448,ships,0.0
bc2b319f5.jpg,9.000192,False,0.0,ships,0.0
bc4582aa5.jpg,159.999744,True,0.8387833833694458,ships,0.0
bc478d3a2.jpg,29.999616,True,0.5581005215644836,ships,0.0
bc6978326.jpg,18.000384,True,0.2090947180986404,ships,0.0
bc6978326.jpg,19.00032,True,0.4576363563537597,ships,0.0
bc75553d3.jpg,5.9996160000000005,True,0.354297786951065,ships,0.0
bc75553d3.jpg,7.00032,True,0.5215001702308655,ships,0.0
bc8aa3f73.jpg,201.000192,True,0.8621661067008972,ships,0.0
bc8e96524.jpg,11.000064,True,0.0844600424170494,ships,0.0
bc9a537aa.jpg,29.999616,False,0.0,ships,0.0
bc9a537aa.jpg,25.999872000000003,True,0.1539698392152786,ships,0.0
bc9a537aa.jpg,35.000064,True,0.3771830201148987,ships,0.0
bc9a537aa.jpg,24.999936,True,0.1807720512151718,ships,0.0
bc9a537aa.jpg,120.0,True,0.785351574420929,ships,0.0
bc9a537aa.jpg,38.999808,True,0.3125729560852051,ships,0.0
bc9a537aa.jpg,18.000384,True,0.0576309449970722,ships,0.0
bc9bab774.jpg,59.000064,True,0.866027295589447,ships,0.0
bcbbaf020.jpg,100.99967999999998,True,0.8591117858886719,ships,0.0
bcdbf2386.jpg,96.0,True,0.8690970540046692,ships,0.0
bcfc5624f.jpg,9.000192,False,0.0,coast,0.0
bd2a67aed.jpg,73.999872,True,0.8368613719940186,ships,0.0
bd3347da7.jpg,98.999808,True,0.846990704536438,coast,0.0
bd373a745.jpg,24.999936,True,0.0865624397993087,ships,0.0
bd44bd7bc.jpg,210.000384,True,0.9214383363723756,ships,0.0
bd44bd7bc.jpg,151.00032000000002,True,0.7864757180213928,ships,0.0
bd583e62d.jpg,21.000192,True,0.4153860211372375,ships,0.0
bd7cde303.jpg,49.999872,True,0.6845437288284302,ships,0.0
bd7f1beb0.jpg,14.999808,True,0.4973695576190948,ships,0.0
bd84abcb4.jpg,175.00032000000002,True,0.924707293510437,ships,0.0
bd85640e7.jpg,84.0,True,0.8222001194953918,ships,0.0
bd8599ecf.jpg,11.000064,True,0.1935241967439651,coast,0.0
bd99a44df.jpg,10.000128,True,0.1577255874872207,ships,0.0
bdb9a38f7.jpg,12.999936000000002,True,0.6349344849586487,ships,0.0
bdb9a38f7.jpg,16.999679999999998,True,0.4936445951461792,ships,0.0
bdbce3d60.jpg,9.000192,False,0.0,ships,0.007298787434895833
bdc25fbd9.jpg,45.000192,True,0.7035896182060242,ships,0.0
bdc56a1e6.jpg,9.000192,True,0.3742159008979797,ships,0.0
bdc56a1e6.jpg,15.999744,True,0.6826175451278687,ships,0.0
bdc56a1e6.jpg,10.000128,True,0.5879696011543274,ships,0.0
bdca46ebe.jpg,12.999936000000002,True,0.4210254251956939,ships,0.0
bdd3266d4.jpg,62.999808,True,0.8318479657173157,ships,0.0
bdd3e46fd.jpg,12.0,False,0.0,coast,0.0
bdd3e46fd.jpg,176.000256,True,0.8174166083335876,coast,0.0
bdd3e46fd.jpg,42.000384,True,0.7182891964912415,coast,0.0
bdd3e46fd.jpg,11.000064,False,0.0,coast,0.0
bdd3e46fd.jpg,12.999936000000002,False,0.0,coast,0.0
bdd3e46fd.jpg,8.000256,False,0.0,coast,0.0
bdd3e46fd.jpg,8.000256,False,0.0,coast,0.0
bdd3e46fd.jpg,11.000064,False,0.0,coast,0.0
bdd3e46fd.jpg,7.00032,False,0.0,coast,0.0
bde74b103.jpg,26.999808,True,0.6678350567817688,coast,0.0
bde74b103.jpg,12.999936000000002,True,0.0994954630732536,coast,0.0
bde74b103.jpg,11.000064,True,0.2850752472877502,coast,0.0
bde74b103.jpg,9.000192,True,0.3361639678478241,coast,0.0
bde74b103.jpg,11.000064,True,0.2127332687377929,coast,0.0
bde74b103.jpg,11.000064,True,0.3761870861053467,coast,0.0
bde74b103.jpg,9.000192,False,0.0,coast,0.0
bde74b103.jpg,14.999808,True,0.1172663494944572,coast,0.0
bde74b103.jpg,14.999808,True,0.0564162246882915,coast,0.0
be0cab659.jpg,32.000256,True,0.6644079089164734,ships,0.0
be257a533.jpg,39.999744,True,0.3616734147071838,coast,0.0
be30e2101.jpg,62.999808,True,0.7798513770103455,ships,0.0
be30e2101.jpg,57.000192,True,0.7732467651367188,ships,0.0
be30e2101.jpg,51.99974400000001,True,0.8028897047042847,ships,0.0
be30e2101.jpg,13.999872,True,0.4081744849681854,ships,0.0
be30e2101.jpg,29.999616,True,0.5461966395378113,ships,0.0
be30e2101.jpg,12.0,True,0.2992698550224304,ships,0.0
be30e2101.jpg,13.999872,True,0.3984992206096649,ships,0.0
be30e2101.jpg,40.99968,True,0.6252260804176331,ships,0.0
be30e2101.jpg,26.999808,True,0.6199008822441101,ships,0.0
be32de034.jpg,143.000064,True,0.848944902420044,coast,0.0
be71be18f.jpg,171.999744,True,0.911152184009552,ships,0.0
be71be18f.jpg,143.000064,True,0.8267452716827393,ships,0.0
be71be18f.jpg,59.000064,False,0.0,ships,0.0
be71be18f.jpg,74.999808,True,0.7442224621772766,ships,0.0
be71be18f.jpg,192.999936,True,0.9195543527603148,ships,0.0
be754b1c5.jpg,66.000384,True,0.7764859199523926,ships,0.0
be894b12f.jpg,45.000192,True,0.8525829315185547,ships,0.0
be9f5ea4f.jpg,24.0,True,0.5410001277923584,ships,0.0
be9f5ea4f.jpg,29.999616,True,0.6662077903747559,ships,0.0
beaff72b9.jpg,29.999616,True,0.2154019027948379,coast,0.0
bedb8e666.jpg,25.999872000000003,True,0.3642051815986633,coast,0.0
bedb8e666.jpg,43.00032,True,0.6402895450592041,coast,0.0
bedb8e666.jpg,9.000192,False,0.0,coast,0.0
bedb8e666.jpg,44.000256,True,0.4977908432483673,coast,0.0
bedb8e666.jpg,52.99968,True,0.6738640069961548,coast,0.0
bedb8e666.jpg,64.99968,True,0.5301646590232849,coast,0.0
bedb8e666.jpg,46.000128,True,0.3714151084423065,coast,0.0
bedb8e666.jpg,62.999808,True,0.3605199158191681,coast,0.0
bedb8e666.jpg,21.000192,False,0.0,coast,0.0
bedb8e666.jpg,56.00025599999999,True,0.6495104432106018,coast,0.0
bedb8e666.jpg,53.999616,True,0.5212019085884094,coast,0.0
beddd60c7.jpg,32.000256,True,0.5475382804870605,coast,0.0
bedecab71.jpg,139.00032000000002,True,0.9418335556983948,ships,0.0
beede0422.jpg,25.999872000000003,True,0.7068436145782471,ships,0.0
beede0422.jpg,23.000064,True,0.7569382786750793,ships,0.0
beef2d965.jpg,18.000384,True,0.277532160282135,ships,0.0
bf0a8fa75.jpg,15.999744,True,0.2869727313518524,ships,0.0
bf0b77ff5.jpg,100.99967999999998,True,0.9196610450744628,ships,0.0
bf2ed6e0f.jpg,63.99974400000001,True,0.8450208306312561,ships,0.0
bf4a2d07a.jpg,18.000384,True,0.2136980593204498,ships,0.0
bf563bde6.jpg,261.000192,True,0.9184568524360656,ships,0.0
bf861b8d7.jpg,79.00032,True,0.8755875825881958,ships,0.0
bf861c7a9.jpg,14.999808,False,0.0,ships,0.0
bf98e1846.jpg,8.000256,True,0.1787686794996261,ships,0.0
bf9c08c1e.jpg,76.99968,True,0.8330433964729309,ships,0.0
bfaaf78ac.jpg,200.000256,True,0.9289343357086182,ships,0.0
bfaaf78ac.jpg,164.000256,True,0.8432027697563171,ships,0.0
bfb9f7dbe.jpg,15.999744,False,0.0,coast,0.3817715115017361
bfbcc0477.jpg,148.99967999999998,True,0.918772518634796,ships,0.0
bfc5da848.jpg,100.99967999999998,True,0.8286358714103699,ships,0.0
bfd0ccdb0.jpg,81.000192,True,0.7092207670211792,ships,0.0
bfd0ccdb0.jpg,82.000128,True,0.7507660388946533,ships,0.0
bfd0ccdb0.jpg,59.000064,True,0.6280737519264221,ships,0.0
bfd0ccdb0.jpg,69.000192,True,0.7591901421546936,ships,0.0
bfd0ccdb0.jpg,72.99993599999999,True,0.7369340062141418,ships,0.0
bfd0ccdb0.jpg,83.00006400000001,True,0.692168116569519,ships,0.0
bfd823419.jpg,167.000064,True,0.8686782717704773,coast,0.05460951063368055
bff440d09.jpg,76.99968,True,0.8281612992286682,coast,0.0
bff440d09.jpg,81.000192,True,0.8447864055633545,coast,0.0
bffb50d92.jpg,15.999744,True,0.6473028659820557,ships,0.0
bfffcf834.jpg,53.999616,True,0.9001615047454834,ships,0.0
bfffcf834.jpg,36.999936,True,0.8394830226898193,ships,0.0
c00c0311d.jpg,108.0,True,0.8484141826629639,ships,0.0
c012b2df1.jpg,50.999808,True,0.625613808631897,ships,0.0
c023cf80d.jpg,31.00032,True,0.0891476571559906,coast,0.3335283067491319
c02a1ee0a.jpg,28.99968,True,0.3028302192687988,coast,0.0
c02a1ee0a.jpg,48.0,True,0.5340948700904846,coast,0.0
c02a1ee0a.jpg,44.000256,True,0.5311053395271301,coast,0.0
c02a1ee0a.jpg,28.99968,True,0.423391580581665,coast,0.0
c02a1ee0a.jpg,28.99968,True,0.1819483041763305,coast,0.0
c02a1ee0a.jpg,29.999616,True,0.3871482610702514,coast,0.0
c02a1ee0a.jpg,27.999744,True,0.220233529806137,coast,0.0
c02a1ee0a.jpg,28.99968,True,0.7149779796600342,coast,0.0
c02a1ee0a.jpg,31.00032,True,0.2974131405353546,coast,0.0
c02a1ee0a.jpg,20.000256,True,0.293072909116745,coast,0.0
c02a1ee0a.jpg,37.999872,True,0.567452609539032,coast,0.0
c02a1ee0a.jpg,45.000192,True,0.7093774676322937,coast,0.0
c02a1ee0a.jpg,28.99968,True,0.345726728439331,coast,0.0
c02a1ee0a.jpg,22.000128,True,0.1464753895998001,coast,0.0
c02a1ee0a.jpg,40.99968,True,0.5411322712898254,coast,0.0
c02be9269.jpg,42.000384,False,0.0,ships,0.0
c04440f78.jpg,24.0,True,0.1264378428459167,ships,0.0
c04440f78.jpg,37.999872,True,0.4521682858467102,ships,0.0
c04dd2134.jpg,27.999744,True,0.6254464387893677,coast,0.0
c051468af.jpg,108.999936,True,0.8521482348442078,ships,0.0
c05d43143.jpg,61.999872,True,0.8545660972595215,ships,0.0
c062957f2.jpg,107.000064,True,0.9158604741096495,ships,0.0
c06ab9e0f.jpg,11.000064,False,0.0,ships,0.0
c06ab9e0f.jpg,12.999936000000002,True,0.2753422260284424,ships,0.0
c06ab9e0f.jpg,9.000192,True,0.5104471445083618,ships,0.0
c06ab9e0f.jpg,7.00032,True,0.4043999016284942,ships,0.0
c06ab9e0f.jpg,7.00032,False,0.0,ships,0.0
c0a2aa92f.jpg,25.999872000000003,True,0.120235338807106,ships,0.0
c0c5c40d0.jpg,83.00006400000001,True,0.812664270401001,coast,0.0
c0c5c40d0.jpg,191.000064,True,0.8400898575782776,coast,0.0
c0cae9708.jpg,59.000064,True,0.8799737691879272,ships,0.0
c0cffa57b.jpg,162.000384,True,0.8879725337028503,ships,0.0
c0e1bd8c6.jpg,153.000192,True,0.917161464691162,ships,0.0
c0e3b3c03.jpg,21.000192,False,0.0,ships,0.0
c0e45f5b0.jpg,192.999936,True,0.9195005297660828,ships,0.0
c0e45f5b0.jpg,74.999808,True,0.7429941296577454,ships,0.0
c0e45f5b0.jpg,171.999744,True,0.9111600518226624,ships,0.0
c0f49631a.jpg,18.000384,True,0.2098120898008346,ships,0.0
c0f49631a.jpg,19.00032,True,0.4562606811523437,ships,0.0
c0f8f0e36.jpg,124.99967999999998,True,0.8407326340675354,ships,0.0
c10c45e9e.jpg,13.999872,True,0.348058134317398,ships,0.0
c10c45e9e.jpg,70.000128,True,0.8364932537078857,ships,0.0
c10c45e9e.jpg,60.999936,True,0.9224163889884948,ships,0.0
c10c45e9e.jpg,171.999744,True,0.906637966632843,ships,0.0
c10c45e9e.jpg,142.00012800000002,True,0.9142903089523317,ships,0.0
c10cc5ed5.jpg,151.00032000000002,True,0.9312559366226196,ships,0.0
c10cc5ed5.jpg,12.999936000000002,True,0.2021393477916717,ships,0.0
c1142e607.jpg,212.000256,True,0.9255371689796448,ships,0.0
c136a2d52.jpg,21.000192,True,0.2848142981529236,ships,0.0
c136a2d52.jpg,67.00032,True,0.7236307859420776,ships,0.0
c14e001f4.jpg,18.000384,True,0.6383671760559082,ships,0.0
c14faa0a5.jpg,97.999872,True,0.8942705988883972,coast,0.0
c150a8bf0.jpg,12.999936000000002,False,0.0,ships,0.0
c151efb9c.jpg,95.000064,True,0.6319370269775391,ships,0.0
c153b3ca5.jpg,7.00032,False,0.0,coast,0.0
c156586cf.jpg,16.999679999999998,True,0.3731097280979156,coast,0.6372019449869791
c1697c4c9.jpg,195.999744,True,0.8878519535064697,coast,0.0
c17a3e3fd.jpg,44.000256,True,0.539385199546814,ships,0.0
c17a3e3fd.jpg,37.999872,True,0.3679816424846649,ships,0.0
c180b9bfe.jpg,26.999808,False,0.0,ships,0.17522684733072916
c180b9bfe.jpg,39.999744,True,0.1152895018458366,ships,0.17522684733072916
c180b9bfe.jpg,21.000192,True,0.1278603821992874,ships,0.17522684733072916
c180b9bfe.jpg,5.9996160000000005,False,0.0,ships,0.17522684733072916
c180b9bfe.jpg,24.999936,False,0.0,ships,0.17522684733072916
c180b9bfe.jpg,37.999872,True,0.1553151607513427,ships,0.17522684733072916
c180b9bfe.jpg,33.000192,True,0.3918901681900024,ships,0.17522684733072916
c18a9eef0.jpg,93.000192,True,0.8814648985862732,ships,0.0
c18b525e8.jpg,156.0,True,0.8963257670402527,coast,0.0
c193c16ff.jpg,16.999679999999998,False,0.0,ships,0.0
c193c16ff.jpg,55.00032,True,0.5964288115501404,ships,0.0
c193c16ff.jpg,52.99968,True,0.4518123269081116,ships,0.0
c193c16ff.jpg,16.999679999999998,True,0.0681050643324852,ships,0.0
c193c16ff.jpg,46.000128,True,0.7272055745124817,ships,0.0
c193c16ff.jpg,46.000128,True,0.7345353364944458,ships,0.0
c193c16ff.jpg,52.99968,True,0.6186011433601379,ships,0.0
c193c16ff.jpg,23.000064,True,0.4376133978366852,ships,0.0
c1a49c499.jpg,24.999936,False,0.0,ships,0.0
c1a655aea.jpg,216.999936,True,0.8338858485221863,ships,0.0
c1f8e3a44.jpg,24.0,True,0.4329557716846466,ships,0.0
c209465de.jpg,27.999744,False,0.0,ships,0.0
c218e58a6.jpg,40.99968,True,0.9055415987968444,ships,0.0
c21bb467e.jpg,10.000128,True,0.26475989818573,ships,0.0
c2212d548.jpg,208.99968,True,0.9099831581115724,coast,0.0
c2582ad75.jpg,27.999744,True,0.5747511982917786,coast,0.0
c25b6a8d6.jpg,12.999936000000002,False,0.0,ships,0.0
c25b6a8d6.jpg,18.000384,True,0.262608528137207,ships,0.0
c25b6a8d6.jpg,12.0,True,0.1623867750167846,ships,0.0
c25b6a8d6.jpg,15.999744,True,0.2029556632041931,ships,0.0
c25b6a8d6.jpg,12.999936000000002,False,0.0,ships,0.0
c25b6a8d6.jpg,12.0,False,0.0,ships,0.0
c25b6a8d6.jpg,52.99968,True,0.6491302251815796,ships,0.0
c25b6a8d6.jpg,19.00032,False,0.0,ships,0.0
c25b6a8d6.jpg,12.0,False,0.0,ships,0.0
c25b6a8d6.jpg,50.999808,True,0.783489465713501,ships,0.0
c25b6a8d6.jpg,67.00032,True,0.7859687209129333,ships,0.0
c25b6a8d6.jpg,24.0,False,0.0,ships,0.0
c25b6a8d6.jpg,15.999744,False,0.0,ships,0.0
c25b6a8d6.jpg,12.0,False,0.0,ships,0.0
c26c45017.jpg,20.000256,True,0.0638583153486251,coast,0.0
c288efbff.jpg,53.999616,True,0.7766808271408081,ships,0.0
c288efbff.jpg,60.0,True,0.8410423994064331,ships,0.0
c288efbff.jpg,60.0,True,0.8418350219726562,ships,0.0
c291b1efd.jpg,23.000064,True,0.1919492036104202,ships,0.0
c292ca881.jpg,27.999744,True,0.577285885810852,coast,0.0
c292ca881.jpg,74.999808,True,0.8383266925811768,coast,0.0
c299c4851.jpg,90.000384,True,0.7752650380134583,coast,0.0
c29c0c46b.jpg,143.000064,True,0.869293212890625,ships,0.0
c29dd791a.jpg,63.99974400000001,True,0.8340262770652771,ships,0.0
c2a08140a.jpg,36.999936,True,0.7884542346000671,ships,0.0
c2a08140a.jpg,12.0,False,0.0,ships,0.0
c2a08140a.jpg,36.999936,True,0.7852252721786499,ships,0.0
c2d1bbf6a.jpg,94.000128,True,0.8751388788223267,coast,0.0
c2dccbad8.jpg,24.999936,True,0.1862738132476806,ships,0.0
c2e41934f.jpg,100.99967999999998,True,0.8600432276725769,coast,0.0
c2eeeeac7.jpg,12.0,True,0.5717779994010925,ships,0.0
c30c54a2f.jpg,11.000064,True,0.3015659749507904,ships,0.0
c314fd217.jpg,48.0,True,0.8499385714530945,ships,0.0
c329f5f9b.jpg,71.00006400000001,True,0.8622262477874756,ships,0.0
c329f5f9b.jpg,20.000256,True,0.6964311599731445,ships,0.0
c32e168e3.jpg,24.0,True,0.4697522222995758,ships,0.0
c32e168e3.jpg,79.00032,True,0.8473959565162659,ships,0.0
c32f1acef.jpg,82.000128,True,0.7712845206260681,ships,0.006000094943576389
c32f1acef.jpg,32.000256,False,0.0,ships,0.006000094943576389
c32f1acef.jpg,48.0,True,0.6286979913711548,ships,0.006000094943576389
c34201d92.jpg,48.0,True,0.827835738658905,coast,0.0
c34201d92.jpg,15.999744,True,0.2998967170715332,coast,0.0
c34201d92.jpg,51.99974400000001,True,0.7760840058326721,coast,0.0
c34201d92.jpg,53.999616,True,0.6847928762435913,coast,0.0
c34201d92.jpg,28.99968,False,0.0,coast,0.0
c34201d92.jpg,57.000192,True,0.5407746434211731,coast,0.0
c34201d92.jpg,29.999616,True,0.405587375164032,coast,0.0
c34201d92.jpg,147.999744,True,0.5878281593322754,coast,0.0
c34201d92.jpg,28.99968,True,0.7537042498588562,coast,0.0
c34201d92.jpg,85.999872,True,0.8332064151763916,coast,0.0
c34e7e406.jpg,23.000064,True,0.3765838146209717,ships,0.0
c350186a3.jpg,22.000128,True,0.4919163882732391,coast,0.0
c354e5fe8.jpg,27.999744,True,0.5907632112503052,coast,0.0
c354e5fe8.jpg,40.99968,True,0.7304333448410034,coast,0.0
c37dfbe27.jpg,80.000256,True,0.8915064930915833,ships,0.0
c37dfbe27.jpg,46.000128,True,0.6843960881233215,ships,0.0
c382a8db2.jpg,144.999936,True,0.9314107298851012,ships,0.0
c394d06d7.jpg,79.00032,True,0.8652390837669373,ships,0.0
c3bfdbd6e.jpg,58.000128,True,0.7344610095024109,ships,0.0
c3d6f7f42.jpg,21.000192,True,0.5606123805046082,ships,0.0
c3d6f7f42.jpg,23.000064,True,0.4357220530509949,ships,0.0
c3d6f7f42.jpg,29.999616,True,0.6353910565376282,ships,0.0
c3d6f7f42.jpg,50.999808,True,0.8403113484382629,ships,0.0
c3d6f7f42.jpg,24.0,True,0.5620966553688049,ships,0.0
c3d6f7f42.jpg,69.000192,True,0.8562730550765991,ships,0.0
c3ea145f7.jpg,12.0,True,0.6559453010559082,ships,0.0
c3ea145f7.jpg,12.999936000000002,True,0.1236966475844383,ships,0.0
c3f7689f6.jpg,95.000064,True,0.781653881072998,ships,0.0
c3f7689f6.jpg,88.99968,True,0.7805607318878174,ships,0.0
c40ddbdbe.jpg,176.000256,True,0.851341187953949,coast,0.0
c4115103a.jpg,27.999744,True,0.1484560817480087,ships,0.0
c45f70f40.jpg,184.99968,True,0.9279008507728576,ships,0.0
c45f70f40.jpg,19.00032,True,0.3532747030258178,ships,0.0
c46fc340f.jpg,14.999808,True,0.5432815551757812,ships,0.0
c4776fa28.jpg,104.000256,True,0.9060812592506408,ships,0.0
c48680529.jpg,57.000192,True,0.8426495790481567,ships,0.0
c48680529.jpg,16.999679999999998,True,0.6332038640975952,ships,0.0
c493087bc.jpg,116.000256,True,0.8793818354606628,coast,0.0
c493087bc.jpg,118.000128,True,0.8977336287498474,coast,0.0
c4a3a677d.jpg,56.00025599999999,True,0.7495492100715637,coast,0.0
c4a3a677d.jpg,74.999808,True,0.8260303139686584,coast,0.0
c4a3a677d.jpg,36.0,True,0.5230138897895813,coast,0.0
c4a3a677d.jpg,35.000064,True,0.6639391183853149,coast,0.0
c4a3a677d.jpg,39.999744,True,0.1121821030974388,coast,0.0
c4a3a677d.jpg,21.000192,False,0.0,coast,0.0
c4a3a677d.jpg,33.000192,True,0.4112181365489959,coast,0.0
c4a3a677d.jpg,15.999744,False,0.0,coast,0.0
c4a3a677d.jpg,38.999808,True,0.7057743668556213,coast,0.0
c4a3a677d.jpg,31.00032,True,0.695539653301239,coast,0.0
c4a3a677d.jpg,47.000064,True,0.2817808389663696,coast,0.0
c4a3a677d.jpg,40.99968,True,0.6935862302780151,coast,0.0
c4a8edd30.jpg,85.999872,True,0.86986243724823,ships,0.0
c4d1e6670.jpg,228.0,True,0.8765759468078613,ships,0.0
c4f963b2d.jpg,56.00025599999999,True,0.8558369874954224,coast,0.0
c4f963b2d.jpg,91.00032,True,0.6926582455635071,coast,0.0
c4f963b2d.jpg,40.99968,True,0.7749423384666443,coast,0.0
c4f963b2d.jpg,51.99974400000001,False,0.0,coast,0.0
c4f963b2d.jpg,56.00025599999999,True,0.1498551219701767,coast,0.0
c4f963b2d.jpg,46.000128,True,0.1591760367155075,coast,0.0
c4f963b2d.jpg,72.0,True,0.0597188211977481,coast,0.0
c4f963b2d.jpg,29.999616,False,0.0,coast,0.0
c4f963b2d.jpg,49.999872,False,0.0,coast,0.0
c4f963b2d.jpg,96.0,True,0.5871992111206055,coast,0.0
c4f963b2d.jpg,72.0,False,0.0,coast,0.0
c4f963b2d.jpg,27.999744,False,0.0,coast,0.0
c50cd8cef.jpg,11.000064,False,0.0,ships,0.0
c50cd8cef.jpg,11.000064,True,0.056387647986412,ships,0.0
c50cd8cef.jpg,12.0,True,0.257814884185791,ships,0.0
c50cd8cef.jpg,10.000128,True,0.1411027610301971,ships,0.0
c510ba6e3.jpg,23.000064,True,0.4276756346225738,coast,0.0
c510ba6e3.jpg,14.999808,False,0.0,coast,0.0
c514c104a.jpg,19.00032,True,0.5471304059028625,ships,0.0
c514c104a.jpg,12.0,True,0.621109664440155,ships,0.0
c514c104a.jpg,12.999936000000002,True,0.1865651160478592,ships,0.0
c5258b331.jpg,29.999616,True,0.6611258387565613,ships,0.0
c5258b331.jpg,24.0,True,0.5451503396034241,ships,0.0
c543f74d8.jpg,31.00032,True,0.5785272717475891,ships,0.0
c543f74d8.jpg,19.00032,True,0.0940440967679023,ships,0.0
c543f74d8.jpg,12.0,False,0.0,ships,0.0
c54e1ab40.jpg,57.000192,True,0.6670984029769897,ships,0.010843912760416666
c54e1ab40.jpg,49.999872,True,0.6742956042289734,ships,0.010843912760416666
c553822a9.jpg,16.999679999999998,True,0.3726621568202972,coast,0.5607503255208334
c5571ec67.jpg,204.0,True,0.89369136095047,ships,0.0
c55dbf5cc.jpg,33.000192,True,0.5335925817489624,coast,0.5172593858506944
c561e4293.jpg,8.000256,True,0.3676837980747223,coast,0.0
c561e4293.jpg,13.999872,True,0.0735517442226409,coast,0.0
c561e4293.jpg,9.000192,True,0.0521739497780799,coast,0.0
c56a3e864.jpg,12.999936000000002,True,0.1585620492696762,ships,0.0
c56a3e864.jpg,12.0,True,0.103488378226757,ships,0.0
c586a33b5.jpg,142.00012800000002,True,0.9032690525054932,ships,0.0
c586a33b5.jpg,248.000256,True,0.967975378036499,ships,0.0
c586a33b5.jpg,75.999744,True,0.6835459470748901,ships,0.0
c58a63cdd.jpg,8.000256,True,0.2872716784477234,coast,0.0
c58a63cdd.jpg,145.99987199999998,True,0.9069880247116088,coast,0.0
c58a63cdd.jpg,130.00012800000002,True,0.861014723777771,coast,0.0
c58b2346b.jpg,29.999616,True,0.580467700958252,ships,0.0
c58db6710.jpg,14.999808,True,0.5030317306518555,ships,0.0
c58db6710.jpg,12.0,True,0.2833708226680755,ships,0.0
c592bdf7d.jpg,9.000192,True,0.2663332521915436,ships,0.0
c592bdf7d.jpg,8.000256,True,0.304243803024292,ships,0.0
c5c31d0ba.jpg,9.000192,True,0.6078577637672424,ships,0.0
c5c31d0ba.jpg,9.000192,True,0.5070438385009766,ships,0.0
c5d5af9b5.jpg,166.00012800000002,True,0.8832428455352783,ships,0.0
c5e525fea.jpg,15.999744,True,0.3869554996490478,ships,0.0
c5ee24d2a.jpg,9.000192,False,0.0,ships,0.0
c6079250b.jpg,8.000256,False,0.0,coast,0.4264933268229167
c60851fb5.jpg,179.000064,True,0.9005140662193298,ships,0.0
c6105f8b3.jpg,173.999616,True,0.8637990951538086,ships,0.0
c6105f8b3.jpg,164.000256,True,0.9188374280929564,ships,0.0
c611d621a.jpg,51.99974400000001,True,0.3197400271892547,ships,0.0
c61249dac.jpg,4.99968,False,0.0,ships,0.3239305284288194
c61249dac.jpg,9.000192,False,0.0,ships,0.3239305284288194
c616d2345.jpg,148.99967999999998,True,0.9098454713821412,ships,0.0
c61bdb74d.jpg,10.000128,False,0.0,ships,0.04920620388454861
c61bdb74d.jpg,8.000256,True,0.0853175595402717,ships,0.04920620388454861
c6438fa0a.jpg,139.00032000000002,True,0.8734408617019653,ships,0.0
c6438fa0a.jpg,248.000256,True,0.968681812286377,ships,0.0
c647e33d7.jpg,21.000192,False,0.0,ships,0.0
c66eb97bc.jpg,66.000384,True,0.8461460471153259,ships,0.0
c670f06d8.jpg,263.00006399999995,True,0.9374263286590576,ships,0.0
c670f06d8.jpg,74.999808,True,0.797107994556427,ships,0.0
c670f06d8.jpg,74.999808,True,0.905280828475952,ships,0.0
c68573a6c.jpg,84.99993599999999,True,0.9025567770004272,ships,0.0
c6985c3bc.jpg,76.99968,True,0.8643786311149597,ships,0.0
c6ad8f468.jpg,24.0,True,0.6554208993911743,coast,0.0
c6ad8f468.jpg,64.99968,True,0.8524642586708069,coast,0.0
c6ad8f468.jpg,52.99968,True,0.7301696538925171,coast,0.0
c6c658e7c.jpg,12.999936000000002,True,0.1967120915651321,ships,0.0
c6edc6cdd.jpg,39.999744,True,0.7545878887176514,ships,0.0
c70cff811.jpg,33.000192,True,0.2702364027500152,ships,0.0
c71663c41.jpg,16.999679999999998,False,0.0,ships,0.0
c71663c41.jpg,82.000128,True,0.8927640318870544,ships,0.0
c724fb7f2.jpg,15.999744,True,0.1949323862791061,coast,0.0
c724fb7f2.jpg,149.999616,True,0.932466208934784,coast,0.0
c73e36916.jpg,84.99993599999999,True,0.8894907236099243,ships,0.0
c73e36916.jpg,74.999808,True,0.7288718223571777,ships,0.0
c73e36916.jpg,61.999872,True,0.8299241065979004,ships,0.0
c73e36916.jpg,42.000384,True,0.7845807671546936,ships,0.0
c73f75ce3.jpg,232.99968,True,0.9136157631874084,ships,0.0
c74853df8.jpg,85.999872,True,0.6011365652084351,ships,0.0
c74853df8.jpg,214.000128,True,0.8781239986419678,ships,0.0
c74853df8.jpg,28.99968,True,0.4963518381118774,ships,0.0
c748f46a2.jpg,204.0,True,0.886378288269043,ships,0.0
c76da3b19.jpg,100.99967999999998,True,0.8632421493530273,ships,0.0
c774ac4fc.jpg,108.999936,True,0.8695412874221802,ships,0.0
c774ac4fc.jpg,86.999808,True,0.8784370422363281,ships,0.0
c774ac4fc.jpg,57.000192,True,0.7929006814956665,ships,0.0
c774ac4fc.jpg,87.999744,True,0.8770908117294312,ships,0.0
c774ac4fc.jpg,24.0,True,0.3451681137084961,ships,0.0
c77e904a7.jpg,56.00025599999999,False,0.0,ships,0.0
c77e904a7.jpg,156.999936,True,0.9198899269104004,ships,0.0
c791d559e.jpg,19.00032,True,0.3836739659309387,ships,0.0
c7986db8c.jpg,241.999872,True,0.8692518472671509,ships,0.0
c7aa3fcb0.jpg,16.999679999999998,True,0.3841968476772308,ships,0.0
c7bcc1e3e.jpg,12.0,True,0.1498021483421325,coast,0.0
c7bcc1e3e.jpg,18.000384,True,0.3010792136192322,coast,0.0
c7bcc1e3e.jpg,12.999936000000002,True,0.2440648972988128,coast,0.0
c7d376304.jpg,27.999744,True,0.2892740368843078,coast,0.18326822916666666
c7d376304.jpg,24.999936,True,0.4759135842323303,coast,0.18326822916666666
c7d376304.jpg,14.999808,True,0.1303641647100448,coast,0.18326822916666666
c7d376304.jpg,11.000064,True,0.1005245670676231,coast,0.18326822916666666
c7d376304.jpg,19.00032,True,0.2761690318584442,coast,0.18326822916666666
c7e07fca0.jpg,24.0,True,0.0740347057580947,ships,0.0
c7e07fca0.jpg,20.000256,True,0.6462087035179138,ships,0.0
c7e435e40.jpg,101.999616,True,0.8163768649101257,ships,0.0
c7f731da0.jpg,36.999936,True,0.6884856224060059,ships,0.0
c7f731da0.jpg,156.999936,True,0.7899103164672852,ships,0.0
c808204d4.jpg,29.999616,True,0.5812638401985168,coast,0.0
c808204d4.jpg,77.999616,True,0.8288864493370056,coast,0.0
c808204d4.jpg,70.000128,True,0.6862331032752991,coast,0.0
c811ba74f.jpg,84.0,True,0.8417560458183289,ships,0.0
c811ba74f.jpg,28.99968,True,0.5512785911560059,ships,0.0
c811f248e.jpg,35.000064,False,0.0,ships,0.0
c8150e004.jpg,103.00032000000002,True,0.8383498191833496,coast,0.0
c8163f92f.jpg,99.999744,True,0.8102179169654846,ships,0.0
c8163f92f.jpg,63.99974400000001,True,0.7322225570678711,ships,0.0
c8163f92f.jpg,94.000128,True,0.8298245668411255,ships,0.0
c82ed649a.jpg,8.000256,True,0.1247473433613777,coast,0.0
c82ff8d19.jpg,144.0,True,0.9148446917533876,coast,0.0
c82ff8d19.jpg,140.000256,True,0.924801468849182,coast,0.0
c82ff8d19.jpg,170.999808,False,0.0,coast,0.0
c82ff8d19.jpg,60.999936,True,0.3028960824012756,coast,0.0
c83bce795.jpg,168.999936,True,0.8766683340072632,coast,0.0
c84d74fb9.jpg,140.000256,True,0.9238004684448242,ships,0.0
c8544a47e.jpg,43.00032,True,0.836574137210846,ships,0.0
c860aeb26.jpg,18.000384,False,0.0,ships,0.0
c861be6da.jpg,52.99968,True,0.687064528465271,coast,0.0
c86564d5f.jpg,69.000192,True,0.7438587546348572,ships,0.0
c86564d5f.jpg,33.000192,True,0.4461086690425873,ships,0.0
c86564d5f.jpg,72.0,True,0.0741967111825943,ships,0.0
c86564d5f.jpg,34.000128,True,0.7768131494522095,ships,0.0
c86564d5f.jpg,43.00032,True,0.8571377992630005,ships,0.0
c86564d5f.jpg,51.99974400000001,True,0.8380144238471985,ships,0.0
c86564d5f.jpg,32.000256,True,0.6979431509971619,ships,0.0
c86564d5f.jpg,38.999808,True,0.7882927060127258,ships,0.0
c86564d5f.jpg,22.000128,True,0.5123263597488403,ships,0.0
c86564d5f.jpg,45.000192,True,0.6844730973243713,ships,0.0
c86564d5f.jpg,29.999616,True,0.7114824056625366,ships,0.0
c866079b9.jpg,11.000064,False,0.0,ships,0.0
c876fc5ea.jpg,15.999744,True,0.3415749967098236,ships,0.0
c876fc5ea.jpg,20.000256,True,0.4786992073059082,ships,0.0
c876fc5ea.jpg,60.999936,True,0.7891930937767029,ships,0.0
c88c2d44f.jpg,12.999936000000002,True,0.110327810049057,coast,0.8730824788411459
c88c2d44f.jpg,15.999744,False,0.0,coast,0.8730824788411459
c89f7bcc3.jpg,141.000192,True,0.928933560848236,ships,0.0
c8bad25f9.jpg,12.999936000000002,True,0.246096596121788,coast,0.0
c8befbde2.jpg,32.000256,True,0.1824346929788589,ships,0.0
c8befbde2.jpg,57.000192,True,0.7493602633476257,ships,0.0
c8befbde2.jpg,24.999936,True,0.5946665406227112,ships,0.0
c8bfb3831.jpg,27.999744,True,0.3942341804504394,ships,0.0
c8bfb3831.jpg,28.99968,False,0.0,ships,0.0
c8bfb3831.jpg,20.000256,False,0.0,ships,0.0
c8bfb3831.jpg,131.000064,True,0.7830732464790344,ships,0.0
c8e65ad5e.jpg,248.000256,True,0.9692097306251526,ships,0.0
c8e65ad5e.jpg,139.00032000000002,True,0.8797931671142578,ships,0.0
c8ee00067.jpg,69.000192,True,0.5341323614120483,ships,0.0
c8ee00067.jpg,42.000384,True,0.6335504055023193,ships,0.0
c8ee00067.jpg,53.999616,True,0.5853627324104309,ships,0.0
c8ee00067.jpg,8.000256,False,0.0,ships,0.0
c8ee00067.jpg,71.00006400000001,True,0.5205477476119995,ships,0.0
c8ee00067.jpg,36.0,True,0.3450013995170593,ships,0.0
c8f82fad1.jpg,82.000128,True,0.761655330657959,ships,0.0
c8fedcb43.jpg,11.000064,True,0.2872145771980285,ships,0.0
c8fef9c11.jpg,171.999744,True,0.6999642848968506,coast,0.0
c95a8c12e.jpg,201.000192,True,0.8663162589073181,ships,0.0
c96240130.jpg,19.00032,True,0.5330736637115479,ships,0.0
c96240130.jpg,13.999872,True,0.0651319026947021,ships,0.0
c96240130.jpg,79.00032,True,0.8662089109420776,ships,0.0
c966e212b.jpg,96.999936,True,0.8162189722061157,coast,0.0
c973c7e9c.jpg,68.000256,True,0.8651164770126343,ships,0.0
c975acc83.jpg,16.999679999999998,True,0.6132930517196655,ships,0.0
c975acc83.jpg,15.999744,True,0.6451658606529236,ships,0.0
c975acc83.jpg,16.999679999999998,True,0.5472151637077332,ships,0.0
c99b28332.jpg,23.000064,True,0.0661657080054283,ships,0.0
c9a07bd76.jpg,145.99987199999998,True,0.8848141431808472,ships,0.0
c9a07bd76.jpg,37.999872,True,0.7043218016624451,ships,0.0
c9a07bd76.jpg,21.000192,True,0.6336629986763,ships,0.0
c9ac54a6e.jpg,47.000064,True,0.6674275398254395,ships,0.0
c9ac54a6e.jpg,85.999872,True,0.7051873207092285,ships,0.0
c9b5d67ae.jpg,130.00012800000002,True,0.766589879989624,coast,0.0
c9c00cecf.jpg,149.999616,True,0.9246553182601928,ships,0.0
c9c00cecf.jpg,24.0,True,0.3527322113513946,ships,0.0
c9c00cecf.jpg,76.99968,True,0.8348230719566345,ships,0.0
c9c25b8a2.jpg,9.000192,True,0.6048895120620728,ships,0.0
c9c25b8a2.jpg,9.000192,True,0.5075854063034058,ships,0.0
c9d23a9ab.jpg,88.99968,True,0.8423389792442322,ships,0.0
c9d2b7692.jpg,7.00032,False,0.0,ships,0.0
c9d2b7692.jpg,55.00032,True,0.704896092414856,ships,0.0
c9d2b7692.jpg,12.0,True,0.3007698357105255,ships,0.0
c9d2b7692.jpg,26.999808,True,0.4063539206981659,ships,0.0
c9d2b7692.jpg,76.99968,True,0.8308984637260437,ships,0.0
c9d2b7692.jpg,10.000128,False,0.0,ships,0.0
c9d2b7692.jpg,87.999744,True,0.7977385520935059,ships,0.0
c9e1400d9.jpg,156.0,True,0.883402407169342,ships,0.0
c9e1400d9.jpg,71.00006400000001,True,0.8367239832878113,ships,0.0
c9ef774de.jpg,19.00032,False,0.0,coast,0.0
c9ef9957c.jpg,69.000192,True,0.7627099752426147,ships,0.0
c9fe5d5ca.jpg,15.999744,True,0.6224484443664551,ships,0.0
ca204fe06.jpg,9.000192,False,0.0,coast,0.0
ca3aac5f6.jpg,9.000192,True,0.5965414047241211,ships,0.0
ca3aac5f6.jpg,8.000256,False,0.0,ships,0.0
ca3bc8ede.jpg,124.99967999999998,True,0.8159404397010803,ships,0.0
ca3d01277.jpg,26.999808,True,0.3692555725574493,coast,0.0
ca547ba18.jpg,50.999808,True,0.7828335762023926,coast,0.0
ca5550623.jpg,26.999808,True,0.0782763361930847,ships,0.0
ca621f70c.jpg,160.99967999999998,True,0.8791670799255371,ships,0.0
ca734e1f7.jpg,18.000384,True,0.2960536777973175,ships,0.0
ca78eac88.jpg,46.000128,True,0.6811885237693787,coast,0.0
ca78eac88.jpg,68.000256,True,0.3102949261665344,coast,0.0
ca78eac88.jpg,53.999616,True,0.4041752815246582,coast,0.0
ca78eac88.jpg,49.999872,True,0.4424389004707336,coast,0.0
ca78eac88.jpg,56.00025599999999,True,0.7010533213615417,coast,0.0
ca78eac88.jpg,37.999872,False,0.0,coast,0.0
ca78eac88.jpg,29.999616,False,0.0,coast,0.0
ca78eac88.jpg,33.000192,False,0.0,coast,0.0
ca78eac88.jpg,64.99968,True,0.3274681270122528,coast,0.0
ca78eac88.jpg,27.999744,False,0.0,coast,0.0
ca78eac88.jpg,45.000192,True,0.5884687304496765,coast,0.0
ca78eac88.jpg,53.999616,True,0.7839259505271912,coast,0.0
ca803786e.jpg,5.9996160000000005,False,0.0,ships,0.0
ca803786e.jpg,70.000128,True,0.8563887476921082,ships,0.0
ca803786e.jpg,49.999872,True,0.8611075282096863,ships,0.0
ca8043da1.jpg,11.000064,True,0.6489112377166748,ships,0.0
ca8043da1.jpg,7.00032,True,0.2788134217262268,ships,0.0
ca8f71cc3.jpg,36.0,True,0.6439181566238403,coast,0.0
ca8f71cc3.jpg,251.000064,True,0.8461035490036011,coast,0.0
cabec17ac.jpg,24.0,True,0.0654117166996002,ships,0.0
cac024e66.jpg,20.000256,True,0.0713665932416915,ships,0.0
cac024e66.jpg,267.999744,True,0.9740263223648072,ships,0.0
cac7e5159.jpg,9.000192,True,0.4670775532722473,ships,0.0
cac7e5159.jpg,8.000256,True,0.4287420809268951,ships,0.0
cac7e5159.jpg,8.000256,True,0.191344141960144,ships,0.0
cac7e5159.jpg,5.9996160000000005,True,0.3700374960899353,ships,0.0
cb0069016.jpg,154.00012800000002,True,0.9149095416069032,ships,0.0
cb1dfe6c5.jpg,9.000192,False,0.0,coast,0.0
cb2f03a91.jpg,28.99968,False,0.0,ships,0.0
cb2ff053a.jpg,109.999872,True,0.8743453025817871,ships,0.0
cb53caede.jpg,64.99968,True,0.797222375869751,ships,0.0
cb53caede.jpg,20.000256,True,0.1353875696659088,ships,0.0
cb53caede.jpg,44.000256,True,0.7759772539138794,ships,0.0
cb59838db.jpg,204.0,True,0.8930201530456543,ships,0.0
cb894ab1f.jpg,91.00032,True,0.8424234986305237,coast,0.0
cbb7c75bf.jpg,142.00012800000002,True,0.9103657603263856,ships,0.0
cbb7c75bf.jpg,116.000256,True,0.9158183932304382,ships,0.0
cbb7c75bf.jpg,87.999744,True,0.6715673208236694,ships,0.0
cbb7c75bf.jpg,82.000128,True,0.8385682106018066,ships,0.0
cbbfbb22d.jpg,71.00006400000001,True,0.7384421229362488,ships,0.0
cbbfbb22d.jpg,228.999936,True,0.9443630576133728,ships,0.0
cbbfbb22d.jpg,241.999872,True,0.8451694250106812,ships,0.0
cbce3034c.jpg,31.00032,True,0.7961631417274475,ships,0.0
cbce86d74.jpg,155.000064,True,0.9278556108474731,ships,0.0
cbde9fff2.jpg,15.999744,True,0.4684536457061767,ships,0.0
cc1074060.jpg,5.9996160000000005,False,0.0,ships,0.0
cc2341806.jpg,125.999616,True,0.869429886341095,ships,0.0
cc2341806.jpg,158.999808,True,0.9313133955001832,ships,0.0
cc286f825.jpg,204.999936,True,0.8952704668045044,coast,0.0
cc286f825.jpg,178.00012800000002,True,0.9025846123695374,coast,0.0
cc28b3bff.jpg,159.999744,True,0.8807280659675598,coast,0.0
cc36cf02d.jpg,15.999744,False,0.0,cloud,0.9745466444227431
cc3ec4d92.jpg,38.999808,True,0.7107970118522644,coast,0.09593031141493055
cc46535db.jpg,162.000384,True,0.8365696668624878,coast,0.0
cc46f11d8.jpg,216.0,True,0.914386749267578,ships,0.0
cc46f11d8.jpg,156.999936,True,0.90456622838974,ships,0.0
cc5ffaebd.jpg,108.0,True,0.8501632809638977,coast,0.0
cc656380e.jpg,18.000384,True,0.1937790662050247,ships,0.0
cc6bf218a.jpg,12.999936000000002,True,0.4623955488204956,coast,0.0
cc7877483.jpg,14.999808,True,0.2172528505325317,ships,0.0
cc79330c9.jpg,14.999808,True,0.3646509349346161,ships,0.0
cc7aa7f73.jpg,31.00032,True,0.6069015860557556,coast,0.0
cc855eb83.jpg,322.000128,True,0.8270241618156433,coast,0.0
cc8c92b9d.jpg,67.00032,True,0.3012117743492126,coast,0.029888576931423612
cc961a16d.jpg,19.00032,True,0.2066703736782074,ships,0.0
cc9d63066.jpg,16.999679999999998,True,0.4385066628456116,ships,0.0
ccd0b1840.jpg,19.00032,True,0.4033175706863403,ships,0.0
ccd0b1840.jpg,38.999808,True,0.3609893918037414,ships,0.0
ccd0dbd49.jpg,35.000064,False,0.0,ships,0.0
ccd6e5a7a.jpg,14.999808,True,0.4666741192340851,ships,0.0
ccd6e5a7a.jpg,20.000256,True,0.6714761853218079,ships,0.0
cce4454eb.jpg,131.000064,True,0.8781045079231262,ships,0.0
ccf8b2830.jpg,19.00032,True,0.3449921309947967,ships,0.0
ccfc98999.jpg,36.0,True,0.4377017021179199,ships,0.0
cd2c3036f.jpg,228.999936,True,0.8632441759109497,coast,0.0
cd2dc4f2b.jpg,66.000384,True,0.8374670147895813,ships,0.0
cd2e27eb6.jpg,10.000128,True,0.2489231377840042,coast,0.0
cd6417574.jpg,91.00032,True,0.7390913963317871,ships,0.5656670464409722
cda43b3b0.jpg,160.99967999999998,True,0.915886402130127,ships,0.0
cdc67e294.jpg,16.999679999999998,True,0.0638558641076088,coast,0.20851304796006945
cdc696259.jpg,273.000192,True,0.942352056503296,coast,0.0
cdc888bb9.jpg,95.000064,True,0.8507533073425293,ships,0.0
cdcd86f93.jpg,13.999872,True,0.4274039566516876,ships,0.0
cdd0d02c6.jpg,74.999808,True,0.8833900094032288,ships,0.0
cdd0d02c6.jpg,152.000256,True,0.9323527812957764,ships,0.0
cdd0d02c6.jpg,15.999744,True,0.1587505787611007,ships,0.0
ce0f3a682.jpg,28.99968,True,0.2452885955572128,coast,0.0
ce1186235.jpg,249.000192,True,0.8472330570220947,ships,0.0
ce4f8cffc.jpg,12.0,True,0.3230527639389038,ships,0.0
ce536a86a.jpg,15.999744,True,0.2758461833000183,ships,0.0
ce597fbd7.jpg,8.000256,False,0.0,coast,0.0
ce597fbd7.jpg,25.999872000000003,True,0.6658615469932556,coast,0.0
ce597fbd7.jpg,22.000128,True,0.758857786655426,coast,0.0
ce597fbd7.jpg,7.00032,False,0.0,coast,0.0
ce597fbd7.jpg,18.000384,True,0.5107276439666748,coast,0.0
ce597fbd7.jpg,18.000384,True,0.1938903778791427,coast,0.0
ce597fbd7.jpg,19.00032,True,0.7337843775749207,coast,0.0
ce5f2ee8f.jpg,16.999679999999998,True,0.2565609514713287,ships,0.0
ce5f2ee8f.jpg,9.000192,True,0.376197874546051,ships,0.0
ce6610063.jpg,15.999744,False,0.0,coast,0.0
ce671f28d.jpg,29.999616,True,0.122580736875534,coast,0.0
ce7a0f083.jpg,14.999808,True,0.5233087539672852,ships,0.0
ce825caad.jpg,18.000384,True,0.3892838656902313,ships,0.0
ce8db8532.jpg,200.000256,True,0.8487241864204407,ships,0.0
ce8e6fa68.jpg,24.999936,True,0.5832923650741577,coast,0.0
ce9c8585d.jpg,38.999808,True,0.8083717823028564,ships,0.0
cee77050f.jpg,43.00032,True,0.8516727089881897,coast,0.0
cee77050f.jpg,46.000128,True,0.789871335029602,coast,0.0
cee77050f.jpg,43.00032,True,0.8408693075180054,coast,0.0
cee77050f.jpg,46.000128,True,0.8551796078681946,coast,0.0
cf342a5c9.jpg,25.999872000000003,True,0.6385461688041687,ships,0.0
cf342a5c9.jpg,55.00032,True,0.3961792588233948,ships,0.0
cf342a5c9.jpg,114.000384,True,0.1362582594156265,ships,0.0
cf493fcb5.jpg,15.999744,False,0.0,ships,0.0
cf493fcb5.jpg,107.000064,True,0.622889518737793,ships,0.0
cf493fcb5.jpg,32.000256,False,0.0,ships,0.0
cf493fcb5.jpg,18.000384,False,0.0,ships,0.0
cf5dee855.jpg,35.000064,False,0.0,coast,0.0
cf7cec252.jpg,11.000064,False,0.0,ships,0.0
cf8ded8fb.jpg,289.999872,True,0.8552621006965637,ships,0.0
cf8ded8fb.jpg,139.00032000000002,True,0.9325580596923828,ships,0.0
cf9fcd6b8.jpg,15.999744,True,0.3671616911888122,ships,0.0
cf9fcd6b8.jpg,15.999744,True,0.28886678814888,ships,0.0
cfb6c473e.jpg,177.000192,True,0.892325758934021,ships,0.0
cfbaa3622.jpg,5.9996160000000005,False,0.0,ships,0.0
cfbaa3622.jpg,10.000128,True,0.6556322574615479,ships,0.0
cfbde7b02.jpg,8.000256,True,0.3770754933357239,ships,0.0
cfbde7b02.jpg,10.000128,True,0.4691077768802643,ships,0.0
cfc01b72c.jpg,7.00032,False,0.0,ships,0.0
cfc01b72c.jpg,8.000256,False,0.0,ships,0.0
cfc47dc7f.jpg,40.99968,True,0.9052908420562744,ships,0.0
cfc60a388.jpg,10.000128,True,0.1653465181589126,coast,0.0
cfd05d1c9.jpg,152.000256,True,0.8984187841415405,ships,0.0
cfd639214.jpg,80.000256,True,0.5809049606323242,coast,0.0
cfd64576f.jpg,201.000192,True,0.9043150544166564,coast,0.0
cfd64576f.jpg,70.000128,True,0.8494237065315247,coast,0.0
cfef40c5a.jpg,15.999744,False,0.0,coast,0.0
cfef40c5a.jpg,15.999744,False,0.0,coast,0.0
d01a36aa9.jpg,156.0,True,0.8728419542312622,ships,0.0
d035102d9.jpg,60.999936,True,0.7233700156211853,coast,0.0
d035102d9.jpg,16.999679999999998,True,0.3954969942569732,coast,0.0
d035102d9.jpg,64.99968,True,0.7933462262153625,coast,0.0
d035102d9.jpg,20.000256,True,0.6081509590148926,coast,0.0
d035102d9.jpg,47.000064,True,0.4440383911132812,coast,0.0
d049e596b.jpg,235.00032,True,0.8955327272415161,ships,0.0
d06bd19ff.jpg,22.000128,True,0.7807798385620117,ships,0.0
d0880713c.jpg,100.99967999999998,True,0.8429409861564636,ships,0.0
d0880713c.jpg,110.999808,True,0.8454042077064514,ships,0.0
d09408af3.jpg,9.000192,False,0.0,coast,0.0
d09408af3.jpg,9.000192,False,0.0,coast,0.0
d09408af3.jpg,11.000064,False,0.0,coast,0.0
d09408af3.jpg,10.000128,False,0.0,coast,0.0
d09408af3.jpg,9.000192,False,0.0,coast,0.0
d09408af3.jpg,8.000256,False,0.0,coast,0.0
d09408af3.jpg,10.000128,False,0.0,coast,0.0
d09408af3.jpg,9.000192,False,0.0,coast,0.0
d09408af3.jpg,10.000128,False,0.0,coast,0.0
d09408af3.jpg,9.000192,False,0.0,coast,0.0
d09408af3.jpg,10.000128,True,0.0602289699018001,coast,0.0
d09408af3.jpg,10.000128,False,0.0,coast,0.0
d0a3fabc4.jpg,15.999744,True,0.4910102188587188,ships,0.0
d0d987446.jpg,158.999808,True,0.8886539340019226,ships,0.0
d0f378ac4.jpg,72.99993599999999,True,0.5163906216621399,coast,0.008870442708333334
d0f378ac4.jpg,52.99968,True,0.846960186958313,coast,0.008870442708333334
d1096c791.jpg,12.999936000000002,True,0.1482215672731399,ships,0.0
d1165f6ca.jpg,171.999744,True,0.8987985253334045,ships,0.0
d1165f6ca.jpg,220.99968,True,0.9032036662101746,ships,0.0
d127ffe86.jpg,20.000256,True,0.5977843403816223,ships,0.0
d127ffe86.jpg,16.999679999999998,True,0.6131417751312256,ships,0.0
d127ffe86.jpg,12.0,True,0.3857375085353851,ships,0.0
d127ffe86.jpg,22.000128,False,0.0,ships,0.0
d127ffe86.jpg,48.999936,True,0.8324740529060364,ships,0.0
d127ffe86.jpg,22.000128,True,0.2807470262050628,ships,0.0
d127ffe86.jpg,14.999808,True,0.4672686159610748,ships,0.0
d127ffe86.jpg,18.000384,True,0.6435975432395935,ships,0.0
d127ffe86.jpg,20.000256,True,0.6973782777786255,ships,0.0
d127ffe86.jpg,14.999808,True,0.5971801280975342,ships,0.0
d127ffe86.jpg,13.999872,True,0.053317941725254,ships,0.0
d127ffe86.jpg,24.0,True,0.4602899849414825,ships,0.0
d155d157d.jpg,9.000192,False,0.0,ships,0.0
d16380420.jpg,68.000256,True,0.8223073482513428,coast,0.0
d1688771a.jpg,22.000128,True,0.5822726488113403,ships,0.0
d1688771a.jpg,27.999744,True,0.1170452386140823,ships,0.0
d1688771a.jpg,72.99993599999999,True,0.8708083033561707,ships,0.0
d1688771a.jpg,82.000128,True,0.8365068435668945,ships,0.0
d1688771a.jpg,13.999872,False,0.0,ships,0.0
d16d73c39.jpg,153.000192,True,0.9491487741470336,ships,0.0
d18d8c6e1.jpg,8.000256,False,0.0,ships,0.0
d19239cbd.jpg,64.99968,True,0.830527126789093,ships,0.0
d19239cbd.jpg,239.000064,True,0.939035713672638,ships,0.0
d1badb0bc.jpg,168.0,True,0.8414961695671082,ships,0.0
d1cf8047a.jpg,85.999872,True,0.5387890338897705,coast,0.0
d1cf8047a.jpg,69.000192,True,0.7243922352790833,coast,0.0
d1cf8047a.jpg,69.000192,True,0.8204118609428406,coast,0.0
d1cf8047a.jpg,76.99968,True,0.7803502678871155,coast,0.0
d1e2feb78.jpg,8.000256,False,0.0,ships,0.0
d1e2feb78.jpg,20.000256,True,0.3129433393478393,ships,0.0
d1e7d5121.jpg,389.99961600000006,True,0.9330391883850098,ships,0.0
d1f4649a8.jpg,35.000064,False,0.0,coast,0.021460639105902776
d207a3b38.jpg,51.99974400000001,True,0.5038365721702576,ships,0.0
d207a3b38.jpg,24.999936,True,0.3236251175403595,ships,0.0
d207a3b38.jpg,25.999872000000003,True,0.3034759163856506,ships,0.0
d207a3b38.jpg,40.99968,True,0.2160134017467498,ships,0.0
d207a3b38.jpg,92.000256,True,0.7200431227684021,ships,0.0
d20b85754.jpg,266.99980800000003,True,0.934602916240692,ships,0.0
d21b2fcef.jpg,11.000064,True,0.0534004643559455,coast,0.0
d21b2fcef.jpg,9.000192,False,0.0,coast,0.0
d21d19455.jpg,248.000256,True,0.9408802390098572,ships,0.0
d233c8e26.jpg,28.99968,True,0.5608845949172974,coast,0.0
d248d957d.jpg,151.00032000000002,True,0.9130384922027588,ships,0.0
d25bc545f.jpg,24.0,False,0.0,ships,0.0
d25bc545f.jpg,121.999872,True,0.9124268293380736,ships,0.0
d25bc545f.jpg,67.00032,True,0.7770818471908569,ships,0.0
d25c0ae94.jpg,35.000064,False,0.0,ships,0.0
d2606f085.jpg,24.999936,True,0.7898737192153931,ships,0.0
d2918b312.jpg,12.999936000000002,True,0.0534802488982677,ships,0.0
d297b2a96.jpg,20.000256,True,0.520323634147644,coast,0.0
d297b2a96.jpg,18.000384,True,0.3979756534099579,coast,0.0
d297b2a96.jpg,67.00032,True,0.5951434969902039,coast,0.0
d297b2a96.jpg,23.000064,True,0.1737541705369949,coast,0.0
d297b2a96.jpg,66.000384,True,0.6815633773803711,coast,0.0
d297b2a96.jpg,66.000384,True,0.5802733302116394,coast,0.0
d297b2a96.jpg,62.999808,True,0.8168525099754333,coast,0.0
d297b2a96.jpg,60.999936,True,0.6834607720375061,coast,0.0
d297b2a96.jpg,60.0,True,0.7521122097969055,coast,0.0
d2a2e625e.jpg,35.000064,True,0.7527251243591309,ships,0.0
d2a2e625e.jpg,23.000064,True,0.4367661774158478,ships,0.0
d2a2e625e.jpg,24.0,True,0.5672496557235718,ships,0.0
d2add8e1b.jpg,36.0,True,0.4303553998470306,coast,0.0
d2ae3203b.jpg,190.000128,True,0.8038487434387207,ships,0.0
d2b0a6a9b.jpg,72.0,True,0.8209630846977234,ships,0.0
d2b0a6a9b.jpg,96.0,True,0.8802239298820496,ships,0.0
d2c5b7ffc.jpg,214.000128,True,0.9004976153373718,ships,0.0
d2e871f1c.jpg,265.999872,True,0.4603713154792785,coast,0.0
d2e871f1c.jpg,156.999936,True,0.728355884552002,coast,0.0
d2e871f1c.jpg,168.999936,True,0.7096497416496277,coast,0.0
d30f0e444.jpg,68.000256,True,0.6838682889938354,ships,0.0
d31493201.jpg,15.999744,True,0.365960955619812,ships,0.0
d31493201.jpg,48.999936,True,0.4356712698936462,ships,0.0
d31578c2e.jpg,15.999744,True,0.1688366085290908,ships,0.0
d3200f957.jpg,15.999744,True,0.5584782958030701,ships,0.0
d3200f957.jpg,21.000192,True,0.0568924769759178,ships,0.0
d3200f957.jpg,24.999936,True,0.5928540229797363,ships,0.0
d3200f957.jpg,13.999872,True,0.4317519068717956,ships,0.0
d3200f957.jpg,14.999808,True,0.5473144054412842,ships,0.0
d3200f957.jpg,14.999808,True,0.5764849185943604,ships,0.0
d3200f957.jpg,21.000192,True,0.4974555075168609,ships,0.0
d320ac3c7.jpg,248.000256,True,0.9393461346626282,coast,0.0
d33046bfd.jpg,36.0,True,0.7771821618080139,ships,0.0
d33e79d0b.jpg,48.999936,True,0.6100093126296997,ships,0.0
d3426de05.jpg,276.0,True,0.868948221206665,ships,0.0
d345a3a9d.jpg,12.999936000000002,True,0.112155757844448,coast,0.0
d35808bb6.jpg,48.0,True,0.3956310451030731,ships,0.0
d35808bb6.jpg,88.99968,True,0.6262237429618835,ships,0.0
d35808bb6.jpg,105.000192,True,0.866355836391449,ships,0.0
d3a2d2f2a.jpg,42.000384,True,0.7527614235877991,ships,0.0
d3a2d2f2a.jpg,31.00032,True,0.0858207792043685,ships,0.0
d3a2d2f2a.jpg,51.99974400000001,True,0.7506816983222961,ships,0.0
d3a2d2f2a.jpg,19.00032,True,0.4699727892875671,ships,0.0
d3a2d2f2a.jpg,12.999936000000002,False,0.0,ships,0.0
d3a2d2f2a.jpg,24.999936,True,0.1622868627309799,ships,0.0
d3a2d2f2a.jpg,118.000128,True,0.790479302406311,ships,0.0
d3a671bb8.jpg,70.000128,True,0.8471328020095825,ships,0.0
d3cff70e3.jpg,64.99968,True,0.8181380033493042,ships,0.0
d3d9b9eb1.jpg,18.000384,True,0.2571796178817749,cloud,0.9987928602430556
d3e1d8f8b.jpg,92.000256,True,0.8946448564529419,ships,0.0
d3f3e2a6c.jpg,11.000064,True,0.5454500317573547,ships,0.0
d3f5dcaa1.jpg,140.000256,True,0.8648194074630737,ships,0.0
d41a86c8c.jpg,12.999936000000002,True,0.3523016571998596,ships,0.0
d42f72387.jpg,42.000384,True,0.8298901319503784,ships,0.0
d42f72387.jpg,12.999936000000002,True,0.0502425692975521,ships,0.0
d42f72387.jpg,14.999808,True,0.3623960614204407,ships,0.0
d439f2c12.jpg,83.00006400000001,True,0.8116458058357239,coast,0.0
d439f2c12.jpg,26.999808,False,0.0,coast,0.0
d4410c548.jpg,20.000256,True,0.5384836196899414,ships,0.0
d458ed93a.jpg,23.000064,True,0.3734314441680908,ships,0.0
d459530b9.jpg,152.000256,True,0.7350298762321472,ships,0.0
d45c69e55.jpg,81.000192,True,0.7797853350639343,ships,0.0
d45c69e55.jpg,200.000256,True,0.8587971925735474,ships,0.0
d49f98f25.jpg,51.99974400000001,True,0.8461256623268127,ships,0.0
d4a67f6aa.jpg,160.99967999999998,True,0.8929970264434814,ships,0.0
d4b10112b.jpg,5.9996160000000005,False,0.0,ships,0.0
d4b2c7df1.jpg,95.000064,True,0.8739823698997498,ships,0.0
d4b2c7df1.jpg,74.999808,True,0.8816757798194885,ships,0.0
d4c673a1a.jpg,83.00006400000001,True,0.7110999226570129,ships,0.0
d4c673a1a.jpg,69.000192,True,0.7462033033370972,ships,0.0
d4cbb37c1.jpg,231.999744,True,0.9117570519447328,coast,0.0
d4d1cd099.jpg,83.00006400000001,True,0.8735897541046143,ships,0.0
d4d26f700.jpg,160.99967999999998,True,0.8902831077575684,ships,0.0
d4d776488.jpg,22.000128,True,0.2256059795618057,coast,0.0
d4efd2ff1.jpg,186.000384,True,0.8528035283088684,ships,0.0
d4fbc6c42.jpg,215.000064,True,0.9121906161308287,ships,0.0
d51353c8c.jpg,75.999744,True,0.7973067760467529,ships,0.0
d53802e85.jpg,139.00032000000002,True,0.8990719318389893,ships,0.0
d538c8b58.jpg,39.999744,True,0.5729771852493286,ships,0.0
d538c8b58.jpg,10.000128,False,0.0,ships,0.0
d538c8b58.jpg,23.000064,False,0.0,ships,0.0
d538c8b58.jpg,33.000192,True,0.7710909247398376,ships,0.0
d53b3b4f7.jpg,63.99974400000001,True,0.4533950388431549,ships,0.0
d54485dae.jpg,35.000064,True,0.5798647999763489,coast,0.0
d54882ad6.jpg,86.999808,True,0.8421375751495361,coast,0.0
d55291fa8.jpg,50.999808,True,0.7369478940963745,ships,0.0
d5544b1e8.jpg,15.999744,False,0.0,ships,0.0
d568197d7.jpg,69.000192,True,0.815253496170044,coast,0.0
d56e15f1e.jpg,26.999808,False,0.0,coast,0.0
d584b67e8.jpg,33.000192,True,0.6437796354293823,coast,0.0
d584b67e8.jpg,29.999616,True,0.5103225111961365,coast,0.0
d584b67e8.jpg,27.999744,True,0.3265630900859833,coast,0.0
d584b67e8.jpg,28.99968,True,0.4888519644737243,coast,0.0
d584b67e8.jpg,23.000064,True,0.5153695940971375,coast,0.0
d584b67e8.jpg,21.000192,True,0.1574367582798004,coast,0.0
d584b67e8.jpg,31.00032,True,0.4884986877441406,coast,0.0
d58aaa156.jpg,12.0,True,0.3476170301437378,coast,0.7577887641059028
d58aaa156.jpg,10.000128,False,0.0,coast,0.7577887641059028
d58aaa156.jpg,10.000128,False,0.0,coast,0.7577887641059028
d5a1b5d87.jpg,171.999744,True,0.9208869934082032,ships,0.0
d5b4ddf7e.jpg,33.000192,True,0.1856667250394821,ships,0.0
d5cbb1ffa.jpg,10.000128,True,0.6421071290969849,ships,0.0
d5e62709e.jpg,13.999872,True,0.1068587228655815,coast,0.0
d5e62709e.jpg,12.999936000000002,False,0.0,coast,0.0
d5e62709e.jpg,13.999872,False,0.0,coast,0.0
d5e62709e.jpg,16.999679999999998,True,0.3594750463962555,coast,0.0
d5e62709e.jpg,20.000256,True,0.1996596455574035,coast,0.0
d5e62709e.jpg,16.999679999999998,True,0.2142375409603119,coast,0.0
d5e62709e.jpg,18.000384,False,0.0,coast,0.0
d601d1bd7.jpg,24.999936,True,0.5290194749832153,ships,0.0
d601d1bd7.jpg,139.00032000000002,True,0.7986460328102112,ships,0.0
d61c69b5d.jpg,238.000128,True,0.9445801973342896,ships,0.0
d629473c8.jpg,129.000192,True,0.8631871342658997,ships,0.0
d62e79403.jpg,88.99968,True,0.871115505695343,ships,0.0
d63134c57.jpg,20.000256,False,0.0,ships,0.0
d63134c57.jpg,26.999808,False,0.0,ships,0.0
d63134c57.jpg,15.999744,False,0.0,ships,0.0
d63134c57.jpg,16.999679999999998,True,0.0918663218617439,ships,0.0
d63d5a195.jpg,105.000192,True,0.8451581597328186,ships,0.0
d63d5a195.jpg,122.999808,True,0.8546197414398193,ships,0.0
d658180e6.jpg,162.000384,True,0.8007871508598328,coast,0.0
d65ebcc15.jpg,47.000064,True,0.6853153705596924,ships,0.0
d65ebcc15.jpg,35.000064,True,0.7529774308204651,ships,0.0
d65ebcc15.jpg,47.000064,True,0.8343430161476135,ships,0.0
d65ebcc15.jpg,47.000064,True,0.4193569719791412,ships,0.0
d65ebcc15.jpg,46.000128,True,0.7503323554992676,ships,0.0
d65ebcc15.jpg,45.000192,True,0.8405568599700928,ships,0.0
d671e0676.jpg,31.00032,True,0.6891401410102844,ships,0.0
d671e0676.jpg,64.99968,True,0.7847200036048889,ships,0.0
d671e0676.jpg,91.00032,True,0.8552042841911316,ships,0.0
d671e0676.jpg,59.000064,True,0.8064452409744263,ships,0.0
d673af73e.jpg,50.999808,True,0.8239545822143555,coast,0.0
d673af73e.jpg,16.999679999999998,True,0.2045593559741974,coast,0.0
d67d144f8.jpg,9.000192,False,0.0,coast,0.0
d6aba2316.jpg,156.999936,True,0.919343113899231,coast,0.0
d6aba2316.jpg,155.000064,True,0.8339529633522034,coast,0.0
d6aba2316.jpg,67.00032,True,0.8442015647888184,coast,0.0
d6aba2316.jpg,133.99987199999998,True,0.8896304965019226,coast,0.0
d6b59d78d.jpg,9.000192,False,0.0,coast,0.0
d6b59d78d.jpg,43.00032,True,0.2906759977340698,coast,0.0
d6b59d78d.jpg,21.000192,True,0.5265878438949585,coast,0.0
d6b59d78d.jpg,31.00032,False,0.0,coast,0.0
d6b59d78d.jpg,12.999936000000002,False,0.0,coast,0.0
d6b59d78d.jpg,37.999872,True,0.3848875164985657,coast,0.0
d6c509605.jpg,64.99968,True,0.8405696749687195,coast,0.0
d6c509605.jpg,68.000256,True,0.8735389709472656,coast,0.0
d6c509605.jpg,20.000256,False,0.0,coast,0.0
d6c509605.jpg,25.999872000000003,True,0.2471183985471725,coast,0.0
d6c509605.jpg,56.00025599999999,True,0.7525866031646729,coast,0.0
d6c509605.jpg,38.999808,False,0.0,coast,0.0
d6c509605.jpg,19.00032,True,0.3654057085514068,coast,0.0
d6c509605.jpg,58.000128,True,0.8006845712661743,coast,0.0
d6d014ce6.jpg,16.999679999999998,False,0.0,ships,0.0
d6d014ce6.jpg,35.000064,True,0.6520075798034668,ships,0.0
d6d014ce6.jpg,71.00006400000001,True,0.8660458922386169,ships,0.0
d6d014ce6.jpg,84.0,True,0.8825640678405762,ships,0.0
d6d5b3a3a.jpg,72.0,True,0.8109760284423828,ships,0.0
d6d5b3a3a.jpg,181.999872,True,0.8818973898887634,ships,0.0
d6e39424d.jpg,108.999936,True,0.8787979483604431,ships,0.0
d6e747951.jpg,156.0,True,0.8723086714744568,ships,0.0
d6f4a1e1c.jpg,27.999744,True,0.5355322957038879,ships,0.0
d6f4a1e1c.jpg,80.000256,True,0.8222610950469971,ships,0.0
d6f904887.jpg,44.000256,True,0.7586368918418884,ships,0.0
d70582b99.jpg,109.999872,True,0.766791045665741,ships,0.0
d70582b99.jpg,24.999936,True,0.493191659450531,ships,0.0
d70582b99.jpg,27.999744,True,0.1938209980726242,ships,0.0
d7148ea82.jpg,13.999872,True,0.3157940804958343,ships,0.0
d7148ea82.jpg,75.999744,True,0.8121095895767212,ships,0.0
d71ecae92.jpg,86.999808,True,0.654956579208374,coast,0.0
d74430258.jpg,9.000192,False,0.0,coast,0.0
d74a679af.jpg,15.999744,True,0.4226749241352081,coast,0.0
d78ae1183.jpg,19.00032,True,0.2851815819740295,ships,0.0
d78ae1183.jpg,20.000256,True,0.091715857386589,ships,0.0
d78dc391a.jpg,22.000128,True,0.0946950316429138,ships,0.0
d78f1b0fc.jpg,12.999936000000002,True,0.356677383184433,ships,0.0
d7a9c46b5.jpg,191.000064,True,0.8578106760978699,coast,0.0
d7bc33409.jpg,182.999808,True,0.9010398387908936,coast,0.0
d7bc33409.jpg,52.99968,True,0.6953679323196411,coast,0.0
d7bed5c3c.jpg,36.999936,True,0.5701374411582947,coast,0.0
d7d7a0d82.jpg,15.999744,True,0.5391740798950195,coast,0.0
d7d7a0d82.jpg,13.999872,True,0.7401926517486572,coast,0.0
d7da8d2eb.jpg,10.000128,True,0.1410290300846099,ships,0.0
d7dab24b9.jpg,14.999808,False,0.0,ships,0.0
d7f59157e.jpg,193.999872,True,0.820764422416687,ships,0.0
d8014d408.jpg,73.999872,True,0.8582642674446106,ships,0.0
d8014d408.jpg,118.000128,True,0.8738923668861389,ships,0.0
d817f8a5e.jpg,14.999808,True,0.4341495335102081,ships,0.0
d817f8a5e.jpg,5.9996160000000005,False,0.0,ships,0.0
d818faec7.jpg,21.000192,True,0.2717513740062713,ships,0.0
d830995c0.jpg,90.000384,True,0.7584720253944397,ships,0.0
d830995c0.jpg,21.000192,True,0.2246293276548385,ships,0.0
d84dcbec7.jpg,147.999744,True,0.9259532690048218,ships,0.0
d873b61c4.jpg,14.999808,True,0.2063961625099182,ships,0.0
d885a0cfa.jpg,23.000064,False,0.0,ships,0.0
d885a0cfa.jpg,67.00032,True,0.8257034420967102,ships,0.0
d8932f238.jpg,26.999808,True,0.635720431804657,ships,0.0
d8932f238.jpg,50.999808,True,0.850987434387207,ships,0.0
d89781c4f.jpg,19.00032,True,0.4390672445297241,ships,0.0
d89781c4f.jpg,13.999872,True,0.3133916556835174,ships,0.0
d8aaa8906.jpg,127.00032000000002,True,0.8839218020439148,ships,0.0
d8bece921.jpg,62.999808,True,0.8278310894966125,ships,0.0
d8cd22a93.jpg,55.00032,True,0.7051954865455627,ships,0.0
d8cd22a93.jpg,121.999872,True,0.8855503797531128,ships,0.0
d8cd22a93.jpg,86.999808,True,0.8448424339294434,ships,0.0
d8d932cc9.jpg,36.999936,True,0.0601398348808288,ships,0.0
d8e1291a9.jpg,23.000064,False,0.0,coast,0.0
d8f2d724d.jpg,63.99974400000001,True,0.8681198954582214,ships,0.0
d90ee92a7.jpg,186.000384,True,0.920153796672821,ships,0.0
d90ee92a7.jpg,72.99993599999999,True,0.8566690683364868,ships,0.0
d90ee92a7.jpg,14.999808,False,0.0,ships,0.0
d90ee92a7.jpg,11.000064,False,0.0,ships,0.0
d90fea18e.jpg,91.00032,True,0.8689506649971008,coast,0.0
d90fea18e.jpg,10.000128,True,0.4322001039981842,coast,0.0
d90fea18e.jpg,74.999808,True,0.8113261461257935,coast,0.0
d91bbf2a5.jpg,100.99967999999998,True,0.8625203371047974,ships,0.0
d91cd539d.jpg,98.999808,True,0.8609700202941895,ships,0.0
d91cd539d.jpg,24.999936,True,0.3386908769607544,ships,0.0
d91cd539d.jpg,40.99968,True,0.2252752780914306,ships,0.0
d91cd539d.jpg,51.99974400000001,True,0.5050674080848694,ships,0.0
d93f8afa8.jpg,23.000064,True,0.2383197098970413,ships,0.0
d94a9fb03.jpg,16.999679999999998,True,0.4906592667102813,ships,0.0
d9647123f.jpg,183.999744,True,0.8209571838378906,ships,0.0
d9762ef5e.jpg,11.000064,True,0.1231235563755035,coast,0.0
d9762ef5e.jpg,24.999936,True,0.4951843321323395,coast,0.0
d9762ef5e.jpg,28.99968,True,0.2102017402648925,coast,0.0
d9762ef5e.jpg,18.000384,True,0.1860688477754593,coast,0.0
d9762ef5e.jpg,29.999616,True,0.4968471825122833,coast,0.0
d9762ef5e.jpg,9.000192,True,0.3488572239875793,coast,0.0
d9762ef5e.jpg,22.000128,False,0.0,coast,0.0
d9762ef5e.jpg,29.999616,True,0.3407366573810577,coast,0.0
d9762ef5e.jpg,5.9996160000000005,False,0.0,coast,0.0
d9762ef5e.jpg,22.000128,True,0.4176790714263916,coast,0.0
d9762ef5e.jpg,24.999936,True,0.6328478455543518,coast,0.0
d9762ef5e.jpg,24.999936,True,0.1518719941377639,coast,0.0
d97c3853b.jpg,63.99974400000001,True,0.8342116475105286,ships,0.0
d993d97f0.jpg,169.99987199999998,True,0.8897733688354492,coast,0.0
d993d97f0.jpg,66.000384,True,0.7604502439498901,coast,0.0
d999fb7eb.jpg,67.00032,True,0.7495943307876587,ships,0.0
d9aeca52a.jpg,104.000256,True,0.842441201210022,coast,0.0
d9b0b05ae.jpg,168.0,True,0.898611843585968,ships,0.0
d9c413612.jpg,42.000384,True,0.4354154467582702,ships,0.0
d9c413612.jpg,37.999872,True,0.6671051383018494,ships,0.0
d9eb952db.jpg,48.999936,True,0.4176622629165649,ships,0.0
d9eb952db.jpg,109.999872,True,0.6514112949371338,ships,0.0
d9eb952db.jpg,72.0,True,0.7652968168258667,ships,0.0
d9eb952db.jpg,72.0,True,0.5768876671791077,ships,0.0
da01be553.jpg,134.999808,True,0.7491880655288696,ships,0.0
da01be553.jpg,82.000128,True,0.7624243497848511,ships,0.0
da05d9552.jpg,42.000384,True,0.7159663438796997,ships,0.0
da3d9ff9a.jpg,82.000128,True,0.8360042572021484,ships,0.0
da3f2296d.jpg,229.999872,True,0.8812481164932251,ships,0.0
da5b2b43e.jpg,57.000192,True,0.5512368679046631,coast,0.0
da5e01c72.jpg,183.999744,True,0.9086527824401855,ships,0.0
da7127fce.jpg,166.00012800000002,True,0.9000798463821411,ships,0.0
dac3a1dc7.jpg,26.999808,True,0.1587142199277877,ships,0.0
daf6d488b.jpg,94.000128,True,0.9289803504943848,coast,0.0
db14ea67b.jpg,184.99968,True,0.7999853491783142,ships,0.0
db323e181.jpg,76.99968,True,0.8547950983047485,coast,0.0
db332a9bf.jpg,124.99967999999998,True,0.4424642920494079,ships,0.0
db332a9bf.jpg,68.000256,True,0.5231521129608154,ships,0.0
db51d5637.jpg,26.999808,True,0.6783334016799927,ships,0.0
db5eb5b52.jpg,24.0,False,0.0,coast,0.0
db703d95b.jpg,27.999744,False,0.0,coast,0.0
db80451ad.jpg,56.00025599999999,True,0.6206117272377014,ships,0.0
db80451ad.jpg,49.999872,True,0.5697834491729736,ships,0.0
db80451ad.jpg,19.00032,True,0.63158118724823,ships,0.0
db80451ad.jpg,35.000064,True,0.6627759337425232,ships,0.0
db90af1ba.jpg,51.99974400000001,True,0.7039365768432617,ships,0.0
db90af1ba.jpg,40.99968,True,0.4078425467014313,ships,0.0
db94b0c65.jpg,18.000384,True,0.2826926410198211,ships,0.0
dba4b574c.jpg,12.999936000000002,True,0.1112014651298523,ships,0.0
dba4b574c.jpg,10.000128,False,0.0,ships,0.0
dba4b574c.jpg,13.999872,False,0.0,ships,0.0
dba4b574c.jpg,12.0,False,0.0,ships,0.0
dba4b574c.jpg,57.000192,True,0.7174582481384277,ships,0.0
dbb68029a.jpg,48.999936,True,0.5871217250823975,ships,0.0
dbc29fe5e.jpg,19.00032,True,0.6475310325622559,ships,0.0
dbc7efc5f.jpg,53.999616,True,0.7831173539161682,ships,0.0
dbc7efc5f.jpg,55.00032,True,0.781193733215332,ships,0.0
dbea9bce8.jpg,24.999936,True,0.6155436038970947,ships,0.0
dbf31d0bf.jpg,11.000064,True,0.2889943420886993,ships,0.0
dbf49f532.jpg,14.999808,True,0.1601585149765014,ships,0.0
dc0f4e884.jpg,76.99968,True,0.8534712791442871,ships,0.0
dc0f4e884.jpg,36.999936,True,0.753480851650238,ships,0.0
dc181b406.jpg,48.999936,True,0.6792264580726624,ships,0.0
dc1cec72f.jpg,86.999808,True,0.7665702104568481,coast,0.0
dc1f0561b.jpg,10.000128,True,0.0915970206260681,ships,0.0
dc1f0561b.jpg,8.000256,True,0.2845367789268493,ships,0.0
dc24140d7.jpg,18.000384,False,0.0,coast,0.0
dc2e7650e.jpg,135.999744,True,0.9169905185699464,ships,0.0
dc45a7d7d.jpg,27.999744,True,0.5175654292106628,coast,0.024707370334201388
dc45a7d7d.jpg,34.000128,True,0.5214342474937439,coast,0.024707370334201388
dc4ee69ba.jpg,90.000384,True,0.8582682013511658,coast,0.0
dc6adaf6b.jpg,145.99987199999998,True,0.90288907289505,ships,0.0
dc6adaf6b.jpg,9.000192,True,0.2667784690856933,ships,0.0
dc6adaf6b.jpg,95.000064,True,0.8955972194671631,ships,0.0
dc6adaf6b.jpg,90.000384,True,0.9314225912094116,ships,0.0
dc6adaf6b.jpg,97.999872,True,0.8808664083480835,ships,0.0
dc70dac80.jpg,8.000256,True,0.5247588157653809,ships,0.0
dc70dac80.jpg,40.99968,False,0.0,ships,0.0
dc74e1bd7.jpg,12.0,True,0.0978099107742309,ships,0.0
dc74e1bd7.jpg,12.999936000000002,True,0.1511923968791961,ships,0.0
dc88648bc.jpg,83.00006400000001,True,0.9034417271614076,coast,0.0
dc9918631.jpg,18.000384,True,0.4645423889160156,ships,0.0
dc9de6e70.jpg,4.99968,True,0.1831704080104828,ships,0.0
dcbd287ff.jpg,22.000128,True,0.4899397194385528,ships,0.0
dcbd287ff.jpg,29.999616,False,0.0,ships,0.0
dcbd287ff.jpg,71.00006400000001,True,0.7811406850814819,ships,0.0
dcbd287ff.jpg,44.000256,True,0.6564170122146606,ships,0.0
dcbd287ff.jpg,74.999808,True,0.8168482184410095,ships,0.0
dcbd287ff.jpg,20.000256,True,0.3751488626003265,ships,0.0
dcbd287ff.jpg,75.999744,True,0.8032799363136292,ships,0.0
dcbd287ff.jpg,25.999872000000003,False,0.0,ships,0.0
dcc648d23.jpg,25.999872000000003,True,0.5214087963104248,ships,0.0
dcc9d356f.jpg,14.999808,True,0.3639508187770843,ships,0.0
dcc9d356f.jpg,158.999808,True,0.8616682291030884,ships,0.0
dcc9d356f.jpg,112.99967999999998,True,0.8930778503417969,ships,0.0
dcc9d356f.jpg,72.99993599999999,True,0.8323616981506348,ships,0.0
dcc9d356f.jpg,57.000192,False,0.0,ships,0.0
dcc9d356f.jpg,145.99987199999998,True,0.8762295246124268,ships,0.0
dce120eb0.jpg,94.000128,True,0.87840336561203,coast,0.0
dce184f9f.jpg,7.00032,False,0.0,ships,0.0
dce4124de.jpg,58.000128,True,0.8729576468467712,ships,0.0
dce4124de.jpg,98.999808,True,0.8932487368583679,ships,0.0
dcecb5848.jpg,24.999936,True,0.1118576750159263,ships,0.0
dcee40e39.jpg,16.999679999999998,True,0.3829170167446136,ships,0.0
dd0c48486.jpg,85.999872,True,0.9012175798416138,ships,0.0
dd0c48486.jpg,70.000128,True,0.8396331667900085,ships,0.0
dd11c75d4.jpg,15.999744,True,0.1616532206535339,coast,0.0
dd3611765.jpg,35.000064,False,0.0,ships,0.0
dd3611765.jpg,4.99968,False,0.0,ships,0.0
dd3a40a04.jpg,99.999744,True,0.8113095164299011,ships,0.0
dd3d81dcc.jpg,18.000384,True,0.2669551968574524,ships,0.0
dd3d81dcc.jpg,166.00012800000002,True,0.928213596343994,ships,0.0
dd4786821.jpg,10.000128,True,0.3301525712013244,ships,0.0
dd4786821.jpg,8.000256,True,0.3630091249942779,ships,0.0
dd4786821.jpg,5.9996160000000005,True,0.1381965279579162,ships,0.0
dd4a6d82e.jpg,158.999808,True,0.8518361449241638,ships,0.0
dd5aefa8e.jpg,28.99968,True,0.7702386975288391,ships,0.0
dd5aefa8e.jpg,33.000192,True,0.7110934257507324,ships,0.0
dd5aefa8e.jpg,28.99968,True,0.7154028415679932,ships,0.0
dd602e79c.jpg,132.999936,True,0.8845500349998474,ships,0.0
dd751efd2.jpg,95.000064,True,0.873558521270752,ships,0.0
dd751efd2.jpg,74.999808,True,0.8769763708114624,ships,0.0
dd7a0bae9.jpg,25.999872000000003,True,0.6612537503242493,ships,0.0
dd7a0bae9.jpg,23.000064,True,0.6842147707939148,ships,0.0
dd87389b5.jpg,7.00032,True,0.2802835404872894,ships,0.0
dd87389b5.jpg,8.000256,True,0.3680782318115234,ships,0.0
dd87389b5.jpg,5.9996160000000005,False,0.0,ships,0.0
dd8a7ae86.jpg,97.999872,True,0.8932923078536987,coast,0.0
dd9316d80.jpg,69.000192,True,0.8110964894294739,coast,0.0
dd95e4912.jpg,391.00032,True,0.9412741661071776,coast,0.0
dd98989f9.jpg,33.000192,True,0.701980471611023,ships,0.0
dd9c62eb1.jpg,53.999616,True,0.7710734009742737,ships,0.0
dd9c62eb1.jpg,44.000256,True,0.8062219619750977,ships,0.0
dd9c62eb1.jpg,40.99968,True,0.8129337430000305,ships,0.0
dd9c62eb1.jpg,42.000384,True,0.7866004109382629,ships,0.0
dd9c62eb1.jpg,40.99968,True,0.759606659412384,ships,0.0
dd9c62eb1.jpg,47.000064,True,0.1948788911104202,ships,0.0
dd9c62eb1.jpg,43.00032,True,0.7718851566314697,ships,0.0
dd9c62eb1.jpg,12.0,False,0.0,ships,0.0
dd9c62eb1.jpg,19.00032,True,0.4200430810451507,ships,0.0
ddb836e4c.jpg,144.999936,True,0.7943193316459656,coast,0.0
dddc57439.jpg,153.000192,True,0.9172636270523072,ships,0.0
ddfd9a43f.jpg,215.000064,True,0.8254655599594116,ships,0.0
ddfd9a43f.jpg,182.999808,True,0.7783817052841187,ships,0.0
de13169f6.jpg,19.00032,False,0.0,ships,0.0
de2bc8558.jpg,196.99968,True,0.9247621297836304,ships,0.0
de729d58d.jpg,10.000128,False,0.0,ships,0.0
de729d58d.jpg,12.999936000000002,True,0.1167095378041267,ships,0.0
de729d58d.jpg,12.0,False,0.0,ships,0.0
de83256f0.jpg,74.999808,True,0.8381984829902649,coast,0.0
de93b8c30.jpg,36.0,True,0.694742739200592,coast,0.0
de93b8c30.jpg,75.999744,True,0.8460806012153625,coast,0.0
de93b8c30.jpg,36.0,True,0.7276822328567505,coast,0.0
dea844684.jpg,23.000064,True,0.0673847496509552,ships,0.0
deb4f38c4.jpg,77.999616,True,0.8924221992492676,ships,0.0
deb4f38c4.jpg,70.000128,True,0.8616991639137268,ships,0.0
deb4f38c4.jpg,16.999679999999998,True,0.2953002750873565,ships,0.0
deb4f38c4.jpg,87.999744,True,0.8978776931762695,ships,0.0
deb7cf470.jpg,14.999808,True,0.3876667618751526,ships,0.0
dec41d40e.jpg,109.999872,True,0.8407675623893738,ships,0.0
dec41d40e.jpg,40.99968,True,0.8230687975883484,ships,0.0
dec41d40e.jpg,92.000256,True,0.682492196559906,ships,0.0
dec4b32bd.jpg,66.000384,True,0.8431846499443054,ships,0.0
dec4b32bd.jpg,21.000192,True,0.5604328513145447,ships,0.0
decd87781.jpg,261.000192,True,0.9182000756263732,ships,0.0
decf64180.jpg,18.000384,True,0.2466194629669189,ships,0.0
decf64180.jpg,84.0,True,0.7240213751792908,ships,0.0
decf64180.jpg,80.000256,True,0.8051110506057739,ships,0.0
decf64180.jpg,83.00006400000001,True,0.8500245213508606,ships,0.0
decf64180.jpg,59.000064,True,0.633622407913208,ships,0.0
dee1b7bcd.jpg,7.00032,False,0.0,ships,0.0
def8e62ff.jpg,144.0,True,0.8790711164474487,ships,0.0
defc68332.jpg,24.0,True,0.1664624661207199,ships,0.0
df309259f.jpg,29.999616,True,0.6230530738830566,ships,0.0
df57d6555.jpg,11.000064,True,0.3257995247840881,ships,0.0
df57d6555.jpg,11.000064,True,0.3565814197063446,ships,0.0
df67b338e.jpg,118.000128,True,0.712924599647522,ships,0.0
df9631438.jpg,32.000256,True,0.6261368989944458,ships,0.0
df9631438.jpg,34.000128,False,0.0,ships,0.0
dfa746e2c.jpg,11.000064,True,0.3731410503387451,ships,0.0
dfa746e2c.jpg,10.000128,True,0.5410845279693604,ships,0.0
dfb87866b.jpg,144.999936,True,0.9316887855529784,ships,0.0
dfbe7e394.jpg,16.999679999999998,True,0.2629580795764923,ships,0.0
dfc497a7c.jpg,107.000064,True,0.9169227480888368,ships,0.0
dfcd53bd6.jpg,21.000192,True,0.4343630969524383,ships,0.0
dfcd53bd6.jpg,31.00032,True,0.5253131985664368,ships,0.0
dfcf9539e.jpg,29.999616,True,0.0808122605085372,ships,0.0
dfd14645c.jpg,8.000256,True,0.0911925956606864,ships,0.0
dfe9ee27b.jpg,72.99993599999999,True,0.8227158188819885,ships,0.0
dfebd6a6d.jpg,10.000128,False,0.0,coast,0.0
dff287a9f.jpg,208.99968,True,0.9083338975906372,ships,0.0
dff287a9f.jpg,96.0,True,0.7115857005119324,ships,0.0
dff90a71e.jpg,207.999744,True,0.8937407732009888,ships,0.0
e0031bf86.jpg,24.0,False,0.0,coast,0.0
e00b26d45.jpg,8.000256,False,0.0,ships,0.0
e00b26d45.jpg,66.000384,True,0.8044549822807312,ships,0.0
e00b26d45.jpg,7.00032,True,0.3325558006763458,ships,0.0
e019e8599.jpg,23.000064,False,0.0,ships,0.0
e019e8599.jpg,23.000064,False,0.0,ships,0.0
e01e15b11.jpg,159.999744,True,0.9022331237792968,ships,0.0
e01ed6240.jpg,132.999936,True,0.8761327862739563,coast,0.0
e01ed6240.jpg,93.000192,True,0.8217008113861084,coast,0.0
e03d17003.jpg,183.999744,True,0.5708556771278381,ships,0.0
e04022899.jpg,90.000384,True,0.8745172023773193,ships,0.0
e04158da1.jpg,62.999808,True,0.4283939301967621,ships,0.0
e04158da1.jpg,37.999872,True,0.5233004689216614,ships,0.0
e04158da1.jpg,85.999872,True,0.5656335949897766,ships,0.0
e05d0385a.jpg,7.00032,False,0.0,coast,0.0
e06ff97ef.jpg,33.000192,True,0.5385528802871704,coast,0.0
e08b6a633.jpg,72.0,True,0.8536003232002258,ships,0.0
e0a7cfcae.jpg,160.99967999999998,True,0.8819277882575989,coast,0.2216220431857639
e0adf0993.jpg,85.999872,True,0.8324772715568542,ships,0.0
e0b35ff5c.jpg,92.000256,True,0.5986166596412659,coast,0.1054653591579861
e0b35ff5c.jpg,44.000256,True,0.7708268761634827,coast,0.1054653591579861
e0b35ff5c.jpg,38.999808,True,0.8579625487327576,coast,0.1054653591579861
e0b35ff5c.jpg,33.000192,True,0.7731320261955261,coast,0.1054653591579861
e0b35ff5c.jpg,28.99968,True,0.5119683742523193,coast,0.1054653591579861
e0c25beb6.jpg,110.999808,True,0.0933156907558441,ships,0.0
e0c25beb6.jpg,192.0,True,0.4253508448600769,ships,0.0
e0c25beb6.jpg,12.0,True,0.1124701425433158,ships,0.0
e0c25beb6.jpg,192.999936,True,0.7313337326049805,ships,0.0
e0d71d52d.jpg,76.99968,True,0.8357892632484436,ships,0.0
e0e5aee91.jpg,34.000128,True,0.7253040671348572,ships,0.0
e0e5aee91.jpg,33.000192,True,0.7226619720458984,ships,0.0
e0e5aee91.jpg,34.000128,True,0.795453667640686,ships,0.0
e0ef84d33.jpg,94.000128,True,0.8457304239273071,coast,0.0
e0f916574.jpg,9.000192,True,0.4747734069824219,ships,0.0
e0f916574.jpg,7.00032,True,0.4569928348064422,ships,0.0
e0f916574.jpg,8.000256,True,0.2870427072048187,ships,0.0
e0f916574.jpg,9.000192,True,0.1030278652906417,ships,0.0
e0f916574.jpg,8.000256,True,0.1501047313213348,ships,0.0
e0f916574.jpg,4.99968,False,0.0,ships,0.0
e0f916574.jpg,3.999744,False,0.0,ships,0.0
e10b4d0ae.jpg,22.000128,True,0.5624452233314514,ships,0.0
e12065e8d.jpg,43.00032,True,0.8253190517425537,ships,0.0
e12065e8d.jpg,38.999808,True,0.8380847573280334,ships,0.0
e12065e8d.jpg,62.999808,True,0.8867106437683105,ships,0.0
e12065e8d.jpg,48.999936,True,0.8819752931594849,ships,0.0
e12065e8d.jpg,40.99968,True,0.8414540886878967,ships,0.0
e12065e8d.jpg,21.000192,True,0.1082966104149818,ships,0.0
e12065e8d.jpg,55.00032,True,0.9207249283790588,ships,0.0
e12ed31b2.jpg,76.99968,True,0.8209695816040039,ships,0.0
e13ddafbf.jpg,34.000128,True,0.6611362099647522,coast,0.0
e13ddafbf.jpg,28.99968,True,0.3879287242889404,coast,0.0
e13ddafbf.jpg,25.999872000000003,True,0.1015638560056686,coast,0.0
e13ddafbf.jpg,57.000192,True,0.8660682439804077,coast,0.0
e14193d38.jpg,77.999616,True,0.852188766002655,ships,0.0
e15bf18f6.jpg,11.000064,True,0.3754110634326935,ships,0.0
e16c0aa88.jpg,32.000256,True,0.5691159963607788,ships,0.0
e1713d2e4.jpg,20.000256,True,0.436940997838974,coast,0.0
e1713d2e4.jpg,13.999872,False,0.0,coast,0.0
e1713d2e4.jpg,18.000384,True,0.1638205498456955,coast,0.0
e1713d2e4.jpg,18.000384,True,0.1186433136463165,coast,0.0
e1719ebde.jpg,24.0,True,0.0654173493385315,coast,0.0
e1719ebde.jpg,12.0,True,0.3707516491413116,coast,0.0
e17305d6f.jpg,47.000064,True,0.8612082004547119,ships,0.0
e17305d6f.jpg,23.000064,True,0.5531300902366638,ships,0.0
e17305d6f.jpg,27.999744,True,0.8083956241607666,ships,0.0
e17305d6f.jpg,122.999808,True,0.856793999671936,ships,0.0
e17305d6f.jpg,109.999872,True,0.8830273747444153,ships,0.0
e17305d6f.jpg,25.999872000000003,True,0.8592067360877991,ships,0.0
e17305d6f.jpg,112.99967999999998,True,0.9014948606491088,ships,0.0
e17990993.jpg,100.99967999999998,True,0.9363380074501038,coast,0.0
e1b21f71e.jpg,57.000192,True,0.9043658375740052,ships,0.0
e1e970b82.jpg,44.000256,True,0.3452257812023163,ships,0.0
e1e970b82.jpg,109.999872,True,0.7733615040779114,ships,0.0
e1fb831df.jpg,16.999679999999998,True,0.4456493258476257,coast,0.0
e1fb831df.jpg,12.999936000000002,True,0.2352389246225357,coast,0.0
e1fb831df.jpg,13.999872,True,0.3138244152069092,coast,0.0
e1fb831df.jpg,12.999936000000002,False,0.0,coast,0.0
e1fb831df.jpg,18.000384,True,0.1735971868038177,coast,0.0
e1fb831df.jpg,13.999872,False,0.0,coast,0.0
e1fb831df.jpg,16.999679999999998,True,0.0592623129487037,coast,0.0
e1fb831df.jpg,15.999744,True,0.1004674062132835,coast,0.0
e1fb831df.jpg,16.999679999999998,True,0.1879307031631469,coast,0.0
e1fb831df.jpg,18.000384,True,0.4153846502304077,coast,0.0
e1fb831df.jpg,12.0,True,0.0733358263969421,coast,0.0
e1fb831df.jpg,12.999936000000002,True,0.1155471205711364,coast,0.0
e1ff8445b.jpg,19.00032,True,0.0669078826904296,ships,0.0
e1ff8445b.jpg,12.0,True,0.1773056089878082,ships,0.0
e210c8ab1.jpg,83.00006400000001,True,0.736321747303009,ships,0.0
e210c8ab1.jpg,283.00032,True,0.9641549587249756,ships,0.0
e215185fc.jpg,60.0,True,0.8402514457702637,ships,0.0
e215280c6.jpg,39.999744,True,0.140640839934349,coast,0.0
e220af7e4.jpg,16.999679999999998,True,0.1016135141253471,ships,0.0
e24541346.jpg,11.000064,True,0.4192675650119781,ships,0.0
e24541346.jpg,12.999936000000002,False,0.0,ships,0.0
e24541346.jpg,12.999936000000002,True,0.6144818067550659,ships,0.0
e24541346.jpg,12.999936000000002,True,0.2905893623828888,ships,0.0
e26578776.jpg,286.000128,True,0.7652634978294373,coast,0.0
e26578776.jpg,191.000064,True,0.737153947353363,coast,0.0
e270f482d.jpg,12.0,False,0.0,ships,0.0
e279290ac.jpg,35.000064,True,0.2039701789617538,coast,0.006778293185763889
e27a1043e.jpg,96.999936,True,0.8114630579948425,ships,0.0
e27eda89e.jpg,96.999936,True,0.887274980545044,ships,0.0
e27eda89e.jpg,130.00012800000002,True,0.8983771204948425,ships,0.0
e27eda89e.jpg,16.999679999999998,True,0.410130888223648,ships,0.0
e27eda89e.jpg,71.00006400000001,True,0.8905647397041321,ships,0.0
e28a77c4e.jpg,23.000064,True,0.0590087547898292,ships,0.0
e28ea6c68.jpg,291.999744,True,0.8605713844299316,ships,0.0
e2a2ed1df.jpg,49.999872,True,0.8130749464035034,ships,0.0
e2b48de41.jpg,14.999808,True,0.4532124400138855,ships,0.0
e2b48de41.jpg,19.00032,True,0.6071310043334961,ships,0.0
e2cb5c088.jpg,45.000192,True,0.8288583159446716,ships,0.0
e2eff5126.jpg,12.999936000000002,False,0.0,ships,0.0
e2eff5126.jpg,12.999936000000002,True,0.0546484291553497,ships,0.0
e2eff5126.jpg,15.999744,True,0.1776604801416397,ships,0.0
e2eff5126.jpg,50.999808,True,0.8361215591430664,ships,0.0
e2eff5126.jpg,14.999808,True,0.31673064827919,ships,0.0
e2eff5126.jpg,16.999679999999998,False,0.0,ships,0.0
e2eff5126.jpg,5.9996160000000005,False,0.0,ships,0.0
e2eff5126.jpg,12.999936000000002,True,0.0725122392177581,ships,0.0
e2eff5126.jpg,37.999872,True,0.6804293990135193,ships,0.0
e2eff5126.jpg,15.999744,False,0.0,ships,0.0
e2eff5126.jpg,72.99993599999999,True,0.8102667331695557,ships,0.0
e2eff5126.jpg,50.999808,True,0.8393030166625977,ships,0.0
e2f3712d4.jpg,55.00032,True,0.8611205816268921,ships,0.0
e2f3712d4.jpg,24.0,True,0.5536205172538757,ships,0.0
e2f3712d4.jpg,31.00032,True,0.6781498789787292,ships,0.0
e2f3712d4.jpg,43.00032,True,0.8355615139007568,ships,0.0
e2fc09570.jpg,149.999616,True,0.9269832372665404,ships,0.0
e32634dff.jpg,85.999872,True,0.8878676295280457,ships,0.0
e3332d6b3.jpg,16.999679999999998,True,0.3775092661380768,ships,0.0
e344ff87a.jpg,191.000064,True,0.908915638923645,ships,0.0
e344ff87a.jpg,12.999936000000002,True,0.3162199556827545,ships,0.0
e345aa0fa.jpg,124.99967999999998,True,0.8723225593566895,ships,0.0
e351b3a23.jpg,72.99993599999999,True,0.8359703421592712,ships,0.0
e36bd03c3.jpg,53.999616,True,0.7564921379089355,coast,0.0
e37025d1e.jpg,167.000064,True,0.8935193419456482,ships,0.0
e37b55da1.jpg,42.000384,True,0.7105857133865356,ships,0.0
e38061675.jpg,63.99974400000001,True,0.8236247301101685,coast,0.12953016493055555
e38061675.jpg,19.00032,True,0.3623280227184295,coast,0.12953016493055555
e38061675.jpg,35.000064,True,0.6228976845741272,coast,0.12953016493055555
e38061675.jpg,34.000128,True,0.7893335819244385,coast,0.12953016493055555
e38061675.jpg,21.000192,True,0.2448320835828781,coast,0.12953016493055555
e38061675.jpg,16.999679999999998,False,0.0,coast,0.12953016493055555
e3971ee6f.jpg,160.99967999999998,True,0.8933838605880737,ships,0.0
e3971ee6f.jpg,59.000064,True,0.5755497217178345,ships,0.0
e3971ee6f.jpg,88.99968,True,0.8002037405967712,ships,0.0
e3971ee6f.jpg,127.00032000000002,True,0.8018448352813721,ships,0.0
e3a216f2f.jpg,33.000192,True,0.0830209329724311,ships,0.0
e3a6563ee.jpg,69.000192,True,0.828837513923645,coast,0.0
e3a6563ee.jpg,69.000192,True,0.7875128984451294,coast,0.0
e3a946e05.jpg,46.000128,True,0.6277043223381042,ships,0.0
e3ad2690a.jpg,12.0,True,0.4932374656200409,coast,0.0
e3ad2690a.jpg,9.000192,True,0.260206401348114,coast,0.0
e3b7fa739.jpg,9.000192,False,0.0,ships,0.0
e3b7fa739.jpg,8.000256,True,0.6013758182525635,ships,0.0
e3bd79aae.jpg,204.999936,True,0.889976978302002,ships,0.0
e3c71ea14.jpg,177.000192,True,0.8420460820198059,ships,0.0
e3ced7d56.jpg,292.99968,True,0.915468692779541,ships,0.042443169487847224
e3d173076.jpg,9.000192,False,0.0,coast,0.0
e3d173076.jpg,11.000064,False,0.0,coast,0.0
e3d173076.jpg,12.0,True,0.5733669996261597,coast,0.0
e3d76f3b3.jpg,12.999936000000002,False,0.0,coast,0.0
e3d76f3b3.jpg,42.000384,True,0.6994220614433289,coast,0.0
e3d76f3b3.jpg,47.000064,False,0.0,coast,0.0
e3d76f3b3.jpg,35.000064,True,0.3014407455921173,coast,0.0
e3d76f3b3.jpg,55.00032,True,0.6833833456039429,coast,0.0
e3d76f3b3.jpg,33.000192,False,0.0,coast,0.0
e3d76f3b3.jpg,49.999872,False,0.0,coast,0.0
e3d76f3b3.jpg,49.999872,False,0.0,coast,0.0
e3d76f3b3.jpg,12.999936000000002,False,0.0,coast,0.0
e3d76f3b3.jpg,36.0,False,0.0,coast,0.0
e3d76f3b3.jpg,42.000384,True,0.6748677492141724,coast,0.0
e3d76f3b3.jpg,37.999872,True,0.8303599953651428,coast,0.0
e3d76f3b3.jpg,10.000128,False,0.0,coast,0.0
e3d76f3b3.jpg,36.999936,True,0.6182648539543152,coast,0.0
e3d76f3b3.jpg,55.00032,True,0.8102877736091614,coast,0.0
e3da47a57.jpg,93.000192,True,0.8606860041618347,ships,0.0
e3de772e1.jpg,131.000064,True,0.8771154880523682,ships,0.0
e3eee0539.jpg,9.000192,True,0.6732349395751953,ships,0.0
e3eee0539.jpg,122.999808,True,0.8896198272705078,ships,0.0
e3eee0539.jpg,11.000064,True,0.6159878969192505,ships,0.0
e3eee0539.jpg,12.0,True,0.6081012487411499,ships,0.0
e3eee0539.jpg,8.000256,True,0.4826841354370117,ships,0.0
e3eee0539.jpg,12.999936000000002,True,0.6282533407211304,ships,0.0
e3eee0539.jpg,7.00032,True,0.366831362247467,ships,0.0
e3f296ecd.jpg,56.00025599999999,True,0.8734766840934753,coast,0.0
e3f296ecd.jpg,48.999936,True,0.7738227248191833,coast,0.0
e3f6d0fba.jpg,11.000064,True,0.2783092558383941,ships,0.0
e40e87799.jpg,14.999808,True,0.1676110625267028,ships,0.0
e42e64450.jpg,13.999872,True,0.0678451061248779,ships,0.0
e42e64450.jpg,7.00032,False,0.0,ships,0.0
e42e64450.jpg,11.000064,True,0.4601049721240997,ships,0.0
e42e64450.jpg,11.000064,True,0.6860583424568176,ships,0.0
e42fd47a9.jpg,159.999744,True,0.817319929599762,ships,0.14717610677083334
e43b5d3c0.jpg,45.000192,True,0.8408424854278564,ships,0.0
e43f3ec8b.jpg,12.999936000000002,True,0.2494775801897049,coast,0.0
e43f3ec8b.jpg,12.0,True,0.2070696800947189,coast,0.0
e44af9630.jpg,57.000192,True,0.7837731242179871,ships,0.0
e44bdcbc3.jpg,26.999808,True,0.1564793884754181,ships,0.0
e44ce8314.jpg,77.999616,True,0.7497114539146423,coast,0.0
e44ce8314.jpg,46.000128,True,0.6452886462211609,coast,0.0
e45948d98.jpg,20.000256,True,0.5954052209854126,ships,0.0
e45948d98.jpg,142.00012800000002,True,0.8881746530532837,ships,0.0
e45b2bfa0.jpg,12.999936000000002,True,0.6125763058662415,ships,0.0
e45b2bfa0.jpg,12.999936000000002,True,0.2901469469070434,ships,0.0
e45b2bfa0.jpg,11.000064,True,0.4171425402164459,ships,0.0
e45b2bfa0.jpg,12.999936000000002,False,0.0,ships,0.0
e46a2b722.jpg,15.999744,True,0.1497501879930496,ships,0.0
e46a2b722.jpg,45.000192,True,0.5991631746292114,ships,0.0
e46a2b722.jpg,18.000384,False,0.0,ships,0.0
e46a2b722.jpg,31.00032,True,0.4438900649547577,ships,0.0
e46a2b722.jpg,16.999679999999998,True,0.0522908456623554,ships,0.0
e46a2b722.jpg,15.999744,True,0.1952693611383438,ships,0.0
e46a2b722.jpg,15.999744,True,0.2761480510234833,ships,0.0
e46a2b722.jpg,49.999872,True,0.6045424342155457,ships,0.0
e47738640.jpg,90.000384,True,0.8869163990020752,ships,0.0
e47c5350d.jpg,98.999808,True,0.9138943552970886,ships,0.0
e47cdd72e.jpg,26.999808,True,0.6483617424964905,ships,0.0
e47cdd72e.jpg,14.999808,True,0.230069950222969,ships,0.0
e4906cfe5.jpg,58.000128,True,0.7001883387565613,ships,0.0
e4b51fe24.jpg,75.999744,True,0.8373237252235413,ships,0.0
e4b6b97cb.jpg,63.99974400000001,True,0.7078638076782227,ships,0.13413831922743055
e4b6b97cb.jpg,50.999808,True,0.804977297782898,ships,0.13413831922743055
e4b6b97cb.jpg,64.99968,True,0.7595991492271423,ships,0.13413831922743055
e4b6b97cb.jpg,57.000192,True,0.4779731631278991,ships,0.13413831922743055
e4cb8a992.jpg,85.999872,True,0.9011023640632628,ships,0.0
e4cb8a992.jpg,70.000128,True,0.8397805094718933,ships,0.0
e4d8cf115.jpg,67.00032,True,0.762756884098053,ships,0.0
e4d8cf115.jpg,16.999679999999998,True,0.4503293037414551,ships,0.0
e4f4bf1f0.jpg,14.999808,True,0.1777268797159195,ships,0.0
e5030f4e2.jpg,20.000256,True,0.0588669404387474,ships,0.0
e5030f4e2.jpg,19.00032,False,0.0,ships,0.0
e5030f4e2.jpg,71.00006400000001,True,0.8189225196838379,ships,0.0
e5030f4e2.jpg,71.00006400000001,True,0.8681504726409912,ships,0.0
e517755c9.jpg,9.000192,True,0.358789324760437,coast,0.0
e53ae8ff9.jpg,59.000064,True,0.8688876628875732,ships,0.0
e53ae8ff9.jpg,23.000064,True,0.5271404981613159,ships,0.0
e56645abe.jpg,81.000192,True,0.8683791756629944,ships,0.0
e5763adde.jpg,8.000256,True,0.2307231873273849,ships,0.0
e59ca3f9f.jpg,273.000192,True,0.9417320489883424,coast,0.0
e59f8a8a8.jpg,71.00006400000001,True,0.8045296669006348,coast,0.0
e5c25a6af.jpg,158.999808,True,0.9125491380691528,ships,0.0
e5e24e96b.jpg,11.000064,True,0.3875769376754761,ships,0.0
e5e4c25b5.jpg,320.00025600000004,True,0.801606297492981,ships,0.0
e6077373c.jpg,50.999808,True,0.7623888254165649,ships,0.0
e6077373c.jpg,29.999616,True,0.3027676045894623,ships,0.0
e6077373c.jpg,27.999744,True,0.4978862106800079,ships,0.0
e6077373c.jpg,27.999744,True,0.6132559776306152,ships,0.0
e6077373c.jpg,26.999808,False,0.0,ships,0.0
e6077373c.jpg,26.999808,True,0.2126534283161163,ships,0.0
e6077373c.jpg,25.999872000000003,True,0.1165580227971077,ships,0.0
e6077373c.jpg,21.000192,True,0.1771358251571655,ships,0.0
e618483e9.jpg,83.00006400000001,True,0.8360802531242371,ships,0.0
e618483e9.jpg,88.99968,True,0.8681196570396423,ships,0.0
e623ad457.jpg,42.000384,True,0.7670365571975708,ships,0.0
e623ad457.jpg,59.000064,True,0.8536193370819092,ships,0.0
e623ad457.jpg,47.000064,True,0.7913616895675659,ships,0.0
e623ad457.jpg,68.000256,True,0.8313089609146118,ships,0.0
e623ad457.jpg,48.0,True,0.8270620703697205,ships,0.0
e64587598.jpg,96.0,True,0.9069368243217468,ships,0.0
e64587598.jpg,57.000192,True,0.912465751171112,ships,0.0
e64587598.jpg,50.999808,True,0.8523836135864258,ships,0.0
e64587598.jpg,47.000064,True,0.8530157208442688,ships,0.0
e64587598.jpg,84.99993599999999,True,0.8436734676361084,ships,0.0
e64587598.jpg,60.999936,True,0.8735335469245911,ships,0.0
e64587598.jpg,58.000128,True,0.8288236856460571,ships,0.0
e64587598.jpg,68.000256,True,0.857110857963562,ships,0.0
e64587598.jpg,46.000128,True,0.7150444388389587,ships,0.0
e6464a9d6.jpg,245.999616,True,0.9375856518745422,ships,0.0
e6464a9d6.jpg,240.0,True,0.9561081528663636,ships,0.0
e6613a7a4.jpg,27.999744,True,0.6260807514190674,coast,0.0
e671463c7.jpg,255.999744,True,0.9001695513725281,ships,0.0
e688d48dc.jpg,8.000256,False,0.0,ships,0.0
e688d48dc.jpg,8.000256,False,0.0,ships,0.0
e69e4a0c7.jpg,170.999808,True,0.880956768989563,coast,0.0
e6ccabbcf.jpg,241.999872,True,0.8904412388801575,ships,0.0
e6ccabbcf.jpg,164.000256,True,0.8428911566734314,ships,0.0
e6d5d1871.jpg,132.0,True,0.8805493712425232,ships,0.0
e6ea08482.jpg,29.999616,True,0.6391410231590271,ships,0.0
e6ef70442.jpg,22.000128,True,0.1639227271080017,ships,0.0
e6f2e887b.jpg,53.999616,True,0.8175694942474365,ships,0.0
e6f2e887b.jpg,229.999872,True,0.938719630241394,ships,0.0
e7029e400.jpg,11.000064,True,0.7253390550613403,ships,0.0
e704a5e66.jpg,81.000192,True,0.8611871004104614,ships,0.0
e71380836.jpg,86.999808,True,0.8702008128166199,ships,0.0
e71399e25.jpg,76.99968,True,0.8612619638442993,ships,0.0
e716a6473.jpg,13.999872,False,0.0,ships,0.0
e722c8808.jpg,12.0,True,0.168177381157875,ships,0.0
e72893fcb.jpg,291.999744,True,0.9144264459609984,ships,0.0
e72893fcb.jpg,108.0,True,0.8789598941802979,ships,0.0
e72893fcb.jpg,25.999872000000003,True,0.3687369525432586,ships,0.0
e73573145.jpg,120.999936,True,0.8287878632545471,ships,0.0
e73573145.jpg,71.00006400000001,True,0.4922734797000885,ships,0.0
e73573145.jpg,69.000192,True,0.5747352242469788,ships,0.0
e73573145.jpg,42.000384,True,0.6168438792228699,ships,0.0
e73ee308c.jpg,71.00006400000001,True,0.4228952527046203,coast,0.0
e73f6c491.jpg,61.999872,True,0.7163816094398499,coast,0.0
e74c35724.jpg,167.000064,True,0.7896270155906677,ships,0.0
e74c35724.jpg,202.000128,True,0.9145925641059875,ships,0.0
e74ce7f9b.jpg,49.999872,True,0.7342446446418762,ships,0.0
e74ce7f9b.jpg,20.000256,True,0.4114032983779907,ships,0.0
e74ce7f9b.jpg,61.999872,True,0.7871330380439758,ships,0.0
e74ce7f9b.jpg,13.999872,True,0.4344643354415893,ships,0.0
e74ce7f9b.jpg,10.000128,False,0.0,ships,0.0
e74ce7f9b.jpg,80.000256,True,0.8456824421882629,ships,0.0
e74dcde3b.jpg,26.999808,True,0.4693246781826019,ships,0.0
e74dcde3b.jpg,26.999808,True,0.7783202528953552,ships,0.0
e74dcde3b.jpg,51.99974400000001,True,0.7718460559844971,ships,0.0
e74dcde3b.jpg,24.999936,True,0.2181913703680038,ships,0.0
e751ac3b5.jpg,22.000128,True,0.4724055826663971,ships,0.0
e759ce27c.jpg,79.00032,True,0.8638775944709778,ships,0.0
e773aced7.jpg,250.000128,True,0.9522443413734436,coast,0.0
e773aced7.jpg,72.0,True,0.7958727478981018,coast,0.0
e7a5315de.jpg,34.000128,True,0.0700169131159782,coast,0.0
e7b0bc853.jpg,285.000192,True,0.8816519379615784,ships,0.0
e7d42ca13.jpg,31.00032,True,0.4893303513526916,ships,0.0
e7d57adcb.jpg,16.999679999999998,True,0.5349366068840027,coast,0.0
e7d57adcb.jpg,79.00032,True,0.7746216654777527,coast,0.0
e7d57adcb.jpg,115.00032000000002,True,0.9059782028198242,coast,0.0
e7d57adcb.jpg,94.000128,True,0.8939395546913147,coast,0.0
e7d57adcb.jpg,156.0,True,0.9236860275268556,coast,0.0
e7d9696e6.jpg,70.000128,True,0.7874290943145752,ships,0.0
e7e49cac5.jpg,282.000384,True,0.9288645386695862,coast,0.007149590386284722
e7f471180.jpg,22.000128,True,0.1581007093191146,ships,0.0
e7f471180.jpg,140.000256,True,0.9309245944023132,ships,0.0
e812bcdda.jpg,60.999936,True,0.0878091529011726,coast,0.0
e812bcdda.jpg,40.99968,True,0.8305093050003052,coast,0.0
e812bcdda.jpg,77.999616,True,0.6296247243881226,coast,0.0
e812bcdda.jpg,50.999808,True,0.6292576789855957,coast,0.0
e812bcdda.jpg,40.99968,False,0.0,coast,0.0
e81415b91.jpg,207.999744,True,0.9150261878967284,ships,0.0
e84a7e3b1.jpg,79.00032,True,0.8067231178283691,ships,0.0
e8534d5b3.jpg,23.000064,True,0.4109678268432617,ships,0.0
e85b5e7b1.jpg,11.000064,True,0.3336348533630371,ships,0.0
e85ceea43.jpg,79.00032,True,0.8129843473434448,ships,0.0
e86cd7f3a.jpg,91.00032,True,0.2415313273668289,coast,0.0
e86cd7f3a.jpg,252.999936,True,0.8914889693260193,coast,0.0
e86cd7f3a.jpg,187.00032,True,0.8746404051780701,coast,0.0
e87017c0e.jpg,16.999679999999998,True,0.2403776794672012,coast,0.0
e87017c0e.jpg,183.999744,True,0.9056184887886048,coast,0.0
e884d68c8.jpg,43.00032,True,0.7093839645385742,ships,0.0
e885be5a0.jpg,48.999936,True,0.691209614276886,ships,0.0
e8883fe81.jpg,131.000064,True,0.7829336524009705,ships,0.0
e88a1e65d.jpg,108.0,True,0.7799646258354187,ships,0.0
e88a92edd.jpg,25.999872000000003,False,0.0,coast,0.0
e893d1988.jpg,27.999744,True,0.0763452872633934,ships,0.0
e89421250.jpg,96.0,True,0.8612528443336487,coast,0.0
e89f910c3.jpg,129.000192,True,0.9002206325531006,ships,0.0
e8aa104eb.jpg,220.99968,True,0.882932722568512,coast,0.0
e8aa104eb.jpg,19.00032,True,0.0583599843084812,coast,0.0
e8ae93dbe.jpg,72.0,True,0.857313334941864,coast,0.0
e8ae93dbe.jpg,235.00032,True,0.9414191842079164,coast,0.0
e8af973bd.jpg,68.000256,True,0.813323438167572,ships,0.0
e8af973bd.jpg,14.999808,True,0.1960461139678955,ships,0.0
e8af973bd.jpg,14.999808,True,0.3935971260070801,ships,0.0
e8dbb8d28.jpg,9.000192,True,0.0635088980197906,coast,0.0
e8dbd930d.jpg,22.000128,True,0.2314503788948059,coast,0.0
e8fbf78e1.jpg,189.000192,True,0.8867052793502808,ships,0.0
e8fbf78e1.jpg,51.99974400000001,True,0.6663234829902649,ships,0.0
e9086d8a6.jpg,14.999808,True,0.3335797190666199,ships,0.0
e90fc0479.jpg,13.999872,True,0.0685331523418426,ships,0.0
e914461d7.jpg,11.000064,False,0.0,ships,0.0
e923c7e07.jpg,59.000064,True,0.8809717893600464,ships,0.0
e92cf3ae9.jpg,221.999616,True,0.5886650085449219,ships,0.0
e92d47f98.jpg,168.0,True,0.9004889130592346,ships,0.0
e932110a0.jpg,121.999872,True,0.9212143421173096,ships,0.0
e93299972.jpg,10.000128,False,0.0,coast,0.0
e93299972.jpg,12.0,False,0.0,coast,0.0
e93679f6d.jpg,55.00032,True,0.8647762537002563,coast,0.0
e93929a2a.jpg,73.999872,True,0.7643943428993225,ships,0.0
e93929a2a.jpg,37.999872,True,0.6430054306983948,ships,0.0
e97012b00.jpg,45.000192,True,0.8203845620155334,ships,0.0
e9728b600.jpg,84.99993599999999,True,0.8949096202850342,coast,0.0
e97cf2ad3.jpg,29.999616,True,0.0844566822052002,coast,0.0
e97e8df40.jpg,24.999936,True,0.1109862402081489,ships,0.0
e97f8290b.jpg,25.999872000000003,True,0.3569898009300232,ships,0.0
e97f8290b.jpg,20.000256,True,0.6342942714691162,ships,0.0
e97f8290b.jpg,31.00032,True,0.0862378031015396,ships,0.0
e97f8290b.jpg,67.00032,True,0.8326310515403748,ships,0.0
e9888d957.jpg,33.000192,True,0.5911195874214172,ships,0.0
e9888d957.jpg,11.000064,False,0.0,ships,0.0
e9888d957.jpg,66.000384,True,0.6005777716636658,ships,0.0
e9888d957.jpg,23.000064,True,0.1426974684000015,ships,0.0
e9888d957.jpg,92.000256,True,0.7046601176261902,ships,0.0
e9888d957.jpg,48.0,True,0.6036849617958069,ships,0.0
e9888d957.jpg,48.999936,True,0.6350598335266113,ships,0.0
e98dcb68e.jpg,12.999936000000002,False,0.0,coast,0.1354437934027778
e9a28af7f.jpg,194.99980800000003,True,0.1524204909801483,ships,0.0
e9a7dd8f0.jpg,22.000128,True,0.5811331272125244,coast,0.2766876220703125
e9af2524d.jpg,19.00032,True,0.1545687019824981,ships,0.0
e9af2524d.jpg,47.000064,True,0.6595654487609863,ships,0.0
e9af2524d.jpg,56.00025599999999,True,0.5508675575256348,ships,0.0
e9af2524d.jpg,91.00032,True,0.8147680163383484,ships,0.0
e9af2524d.jpg,18.000384,False,0.0,ships,0.0
e9af2524d.jpg,39.999744,True,0.7543156147003174,ships,0.0
e9bd05aa2.jpg,155.000064,True,0.8704136610031128,ships,0.0
e9d60af48.jpg,153.000192,True,0.8130488395690918,ships,0.0
e9e2b766d.jpg,24.999936,True,0.1506394296884536,coast,0.0
ea237d575.jpg,16.999679999999998,True,0.5498420000076294,ships,0.0
ea2b77c43.jpg,4.99968,False,0.0,coast,0.0
ea69924b8.jpg,35.000064,False,0.0,ships,0.0
ea69924b8.jpg,9.000192,True,0.1112114191055297,ships,0.0
ea79f40d7.jpg,43.00032,True,0.6876988410949707,ships,0.0
ea79f40d7.jpg,44.000256,True,0.7552121877670288,ships,0.0
ea81c8a23.jpg,21.000192,True,0.4329938590526581,coast,0.0
ea8fa807d.jpg,22.000128,True,0.0645059198141098,ships,0.0
eabb995de.jpg,92.000256,True,0.8660002946853638,coast,0.0
eac759ca6.jpg,107.000064,True,0.8197808861732483,ships,0.0
eac759ca6.jpg,27.999744,False,0.0,ships,0.0
eac759ca6.jpg,25.999872000000003,False,0.0,ships,0.0
eac759ca6.jpg,13.999872,True,0.4261146783828735,ships,0.0
eac759ca6.jpg,219.999744,True,0.8484999537467957,ships,0.0
eac759ca6.jpg,296.00025600000004,True,0.8409486413002014,ships,0.0
ead821828.jpg,7.00032,True,0.4297261536121368,ships,0.0
eaef6a679.jpg,46.000128,False,0.0,coast,0.0
eaf82362d.jpg,23.000064,False,0.0,coast,0.7880486382378472
eb1d0f3cb.jpg,95.000064,True,0.7831150889396667,ships,0.0
eb2dc181b.jpg,130.00012800000002,True,0.9206087589263916,ships,0.0
eb2dc181b.jpg,57.000192,True,0.8447522521018982,ships,0.0
eb3205ebe.jpg,12.999936000000002,True,0.4417268633842468,coast,0.0
eb4c7dc26.jpg,20.000256,True,0.3060420453548431,ships,0.0
eb5104479.jpg,25.999872000000003,True,0.0733633711934089,ships,0.0
eb5b94cdc.jpg,224.000256,True,0.865060031414032,coast,0.0
eb6bf1449.jpg,46.000128,True,0.4098609685897827,ships,0.0
eb6bf1449.jpg,37.999872,True,0.6384539604187012,ships,0.0
eb6bf1449.jpg,47.000064,True,0.6130451560020447,ships,0.0
eb844377b.jpg,250.000128,True,0.9530399441719056,ships,0.0
eb9a7c348.jpg,49.999872,True,0.7083970308303833,ships,0.0
eb9a7c348.jpg,25.999872000000003,True,0.6016187071800232,ships,0.0
eb9a7c348.jpg,24.999936,True,0.4818038642406463,ships,0.0
eb9a7c348.jpg,283.00032,True,0.8422601819038391,ships,0.0
ebbd71cb7.jpg,81.000192,True,0.7897047400474548,ships,0.0
ebbd71cb7.jpg,59.000064,True,0.7646310329437256,ships,0.0
ebd3b067b.jpg,242.99980800000003,True,0.8678332567214966,ships,0.0
ebf7e53a1.jpg,156.999936,True,0.9202598333358764,coast,0.0
ec170c50b.jpg,4.99968,False,0.0,coast,0.0
ec170c50b.jpg,4.99968,False,0.0,coast,0.0
ec170c50b.jpg,4.99968,True,0.0533739291131496,coast,0.0
ec170c50b.jpg,5.9996160000000005,True,0.1192468255758285,coast,0.0
ec170c50b.jpg,7.00032,False,0.0,coast,0.0
ec170c50b.jpg,4.99968,True,0.138481006026268,coast,0.0
ec170c50b.jpg,8.000256,False,0.0,coast,0.0
ec170c50b.jpg,9.000192,True,0.0820044800639152,coast,0.0
ec221fcdf.jpg,18.000384,True,0.5074643492698669,ships,0.0
ec221fcdf.jpg,71.00006400000001,True,0.4148849546909332,ships,0.0
ec221fcdf.jpg,129.000192,True,0.8996466994285583,ships,0.0
ec221fcdf.jpg,93.000192,True,0.88392174243927,ships,0.0
ec2932fc5.jpg,12.999936000000002,True,0.6316477656364441,ships,0.0
ec3980a48.jpg,22.000128,True,0.6376568675041199,ships,0.0
ec3980a48.jpg,18.000384,True,0.6901878714561462,ships,0.0
ec3980a48.jpg,20.000256,True,0.1176879405975341,ships,0.0
ec4167884.jpg,24.0,True,0.3685583770275116,ships,0.0
ec4167884.jpg,15.999744,True,0.4907139539718628,ships,0.0
ec4167884.jpg,35.000064,True,0.6705819368362427,ships,0.0
ec4167884.jpg,11.000064,False,0.0,ships,0.0
ec4167884.jpg,111.999744,True,0.8633277416229248,ships,0.0
ec4a788af.jpg,96.999936,True,0.8643861413002014,ships,0.0
ec4a788af.jpg,90.000384,True,0.8258850574493408,ships,0.0
ec66aaac8.jpg,27.999744,True,0.6023686528205872,ships,0.0
ec699d2f2.jpg,63.99974400000001,True,0.8678015470504761,ships,0.0
ec6d3d5a4.jpg,12.0,True,0.3882530629634857,coast,0.0
ec6d3d5a4.jpg,47.000064,True,0.6535189151763916,coast,0.0
ec6d3d5a4.jpg,22.000128,True,0.3777318596839905,coast,0.0
ec8c5f01c.jpg,293.999616,True,0.9405080080032348,ships,0.0
eca1c6704.jpg,38.999808,True,0.752259373664856,ships,0.0
ecab4befe.jpg,10.000128,True,0.2551511228084564,ships,0.0
ecd715f45.jpg,27.999744,True,0.1232714876532554,ships,0.0
ecd715f45.jpg,72.99993599999999,True,0.872424840927124,ships,0.0
ecd914a2b.jpg,46.000128,True,0.8435613512992859,ships,0.0
ecf81e6a3.jpg,64.99968,True,0.7700127959251404,coast,0.0
ecfddc632.jpg,15.999744,True,0.5458933711051941,ships,0.0
ecfddc632.jpg,12.0,True,0.5411083698272705,ships,0.0
ed0a57221.jpg,11.000064,True,0.4952669739723205,coast,0.0
ed1e57c6d.jpg,12.999936000000002,True,0.5436986088752747,ships,0.0
ed1e57c6d.jpg,8.000256,False,0.0,ships,0.0
ed1e57c6d.jpg,83.00006400000001,True,0.838961124420166,ships,0.0
ed1e57c6d.jpg,13.999872,True,0.210766464471817,ships,0.0
ed1e57c6d.jpg,20.000256,True,0.6158313155174255,ships,0.0
ed251c7a8.jpg,11.000064,True,0.1746926456689834,ships,0.0
ed414a4a5.jpg,16.999679999999998,True,0.1285634636878967,ships,0.051727294921875
ed56586cf.jpg,21.000192,True,0.1647600978612899,ships,0.0
ed5cbc002.jpg,84.0,True,0.8601784110069275,coast,0.0
ed5cbc002.jpg,28.99968,True,0.1919784992933273,coast,0.0
ed5cbc002.jpg,69.000192,True,0.7815341949462891,coast,0.0
ed5e572d5.jpg,22.000128,True,0.5877625942230225,ships,0.054285685221354164
ed74b5bb5.jpg,103.00032000000002,True,0.898822009563446,ships,0.0
ed74b5bb5.jpg,46.000128,True,0.8077220916748047,ships,0.0
ed74b5bb5.jpg,20.000256,True,0.5157231688499451,ships,0.0
ed74b5bb5.jpg,151.00032000000002,True,0.8697003722190857,ships,0.0
ed9256906.jpg,22.000128,False,0.0,ships,0.0
edb4bb3ac.jpg,36.0,True,0.5384412407875061,coast,0.0
edb53d816.jpg,47.000064,True,0.8280268311500549,ships,0.0
edb53d816.jpg,47.000064,True,0.8358649015426636,ships,0.0
edb9a96c6.jpg,44.000256,True,0.170710414648056,coast,0.0
edb9a96c6.jpg,48.999936,True,0.2892408967018127,coast,0.0
edb9a96c6.jpg,37.999872,True,0.120374321937561,coast,0.0
edb9a96c6.jpg,37.999872,False,0.0,coast,0.0
edb9a96c6.jpg,15.999744,True,0.6689544320106506,coast,0.0
edb9a96c6.jpg,48.0,True,0.5465415120124817,coast,0.0
edb9a96c6.jpg,51.99974400000001,True,0.7811229825019836,coast,0.0
edb9a96c6.jpg,16.999679999999998,True,0.2444502115249633,coast,0.0
edb9a96c6.jpg,45.000192,True,0.1818260550498962,coast,0.0
edb9a96c6.jpg,42.000384,True,0.0603265613317489,coast,0.0
edb9a96c6.jpg,36.999936,False,0.0,coast,0.0
edb9a96c6.jpg,13.999872,False,0.0,coast,0.0
edb9a96c6.jpg,36.0,True,0.3354406952857971,coast,0.0
edbe5cce9.jpg,157.99987199999998,True,0.8579950332641602,ships,0.0
edbe5cce9.jpg,24.0,False,0.0,ships,0.0
edbe5cce9.jpg,36.0,True,0.6521720290184021,ships,0.0
edbe5cce9.jpg,24.999936,True,0.5362685322761536,ships,0.0
edc5bff58.jpg,90.000384,True,0.8151955008506775,ships,0.0
ede0b68ec.jpg,23.000064,True,0.1513832360506057,ships,0.0
ede296266.jpg,29.999616,True,0.3103444278240204,ships,0.0
edf808cb9.jpg,162.000384,True,0.9220501780509948,ships,0.0
ee11856e2.jpg,13.999872,False,0.0,ships,0.04432339138454861
ee12d6128.jpg,15.999744,True,0.4630676805973053,ships,0.0
ee3e3eef6.jpg,12.0,True,0.1111328229308128,coast,0.0
ee3e3eef6.jpg,15.999744,False,0.0,coast,0.0
ee3e3eef6.jpg,13.999872,True,0.1169432401657104,coast,0.0
ee3e3eef6.jpg,12.999936000000002,False,0.0,coast,0.0
ee3e3eef6.jpg,16.999679999999998,True,0.2372727245092392,coast,0.0
ee3e3eef6.jpg,18.000384,False,0.0,coast,0.0
ee3e3eef6.jpg,16.999679999999998,False,0.0,coast,0.0
ee3e3eef6.jpg,18.000384,True,0.1500000655651092,coast,0.0
ee3e3eef6.jpg,12.999936000000002,True,0.0642863363027572,coast,0.0
ee3e3eef6.jpg,13.999872,False,0.0,coast,0.0
ee3e3eef6.jpg,16.999679999999998,False,0.0,coast,0.0
ee3e3eef6.jpg,12.999936000000002,False,0.0,coast,0.0
ee6738a16.jpg,15.999744,True,0.1719554960727691,coast,0.8744252522786459
ee7747434.jpg,35.000064,False,0.0,ships,0.0
ee7747434.jpg,13.999872,True,0.0738849639892578,ships,0.0
ee7747434.jpg,12.999936000000002,False,0.0,ships,0.0
ee7747434.jpg,12.0,False,0.0,ships,0.0
ee783cf9f.jpg,62.999808,True,0.804570198059082,ships,0.0
eea558c04.jpg,25.999872000000003,True,0.316918283700943,coast,0.0
eeb88dd05.jpg,32.000256,True,0.1449780017137527,ships,0.0
eec04e7a8.jpg,4.99968,False,0.0,coast,0.0
eec04e7a8.jpg,4.99968,False,0.0,coast,0.0
eec04e7a8.jpg,8.000256,True,0.1373789757490158,coast,0.0
eec04e7a8.jpg,12.0,False,0.0,coast,0.0
eec04e7a8.jpg,5.9996160000000005,False,0.0,coast,0.0
eec04e7a8.jpg,5.9996160000000005,False,0.0,coast,0.0
eec04e7a8.jpg,5.9996160000000005,False,0.0,coast,0.0
eec04e7a8.jpg,5.9996160000000005,False,0.0,coast,0.0
eec04e7a8.jpg,8.000256,False,0.0,coast,0.0
eec04e7a8.jpg,4.99968,False,0.0,coast,0.0
eec04e7a8.jpg,5.9996160000000005,False,0.0,coast,0.0
eec04e7a8.jpg,9.000192,False,0.0,coast,0.0
eec04e7a8.jpg,7.00032,False,0.0,coast,0.0
eec04e7a8.jpg,5.9996160000000005,False,0.0,coast,0.0
eec04e7a8.jpg,4.99968,False,0.0,coast,0.0
eeda07894.jpg,169.99987199999998,True,0.911626160144806,ships,0.0
eedd126c6.jpg,11.000064,True,0.5553520917892456,ships,0.0
eeeed778a.jpg,16.999679999999998,True,0.5549793839454651,ships,0.0
eefabbd8e.jpg,15.999744,True,0.175725445151329,coast,0.0
ef0212dba.jpg,20.000256,True,0.3624966740608215,ships,0.0
ef14c47a3.jpg,12.0,True,0.2724316120147705,ships,0.0
ef1fa61c0.jpg,85.999872,True,0.8270067572593689,ships,0.0
ef1fa61c0.jpg,44.000256,True,0.789170503616333,ships,0.0
ef1fa61c0.jpg,191.000064,True,0.8740454912185669,ships,0.0
ef21411e6.jpg,8.000256,True,0.4119862914085388,ships,0.0
ef21411e6.jpg,7.00032,True,0.2092933505773544,ships,0.0
ef218b796.jpg,31.00032,True,0.1021609008312225,ships,0.0
ef218b796.jpg,115.00032000000002,True,0.8478603959083557,ships,0.0
ef4a4e497.jpg,13.999872,True,0.2973222732543945,ships,0.0
ef58ff258.jpg,122.999808,True,0.9011288285255432,ships,0.0
ef5ec28e5.jpg,21.000192,True,0.4483471214771271,ships,0.0
ef63ebe79.jpg,194.99980800000003,True,0.9045900106430054,ships,0.0
ef63ebe79.jpg,131.000064,True,0.8673027157783508,ships,0.0
ef78ecea4.jpg,104.000256,True,0.9069195985794068,coast,0.0
ef8928055.jpg,25.999872000000003,True,0.6121862530708313,coast,0.0
ef8959c1c.jpg,160.99967999999998,True,0.8602925539016724,coast,0.0
ef8959c1c.jpg,108.0,True,0.8709849119186401,coast,0.0
ef89704a3.jpg,22.000128,True,0.1950112730264663,ships,0.0
ef9d3506d.jpg,83.00006400000001,True,0.7825121283531189,ships,0.0
efb0bedf2.jpg,24.0,True,0.1927036195993423,ships,0.0
efb0bedf2.jpg,16.999679999999998,True,0.2268338948488235,ships,0.0
efb8ee13a.jpg,166.00012800000002,True,0.8558237552642822,ships,0.0
efb8ee13a.jpg,18.000384,True,0.710261881351471,ships,0.0
efb8ee13a.jpg,93.000192,True,0.8575380444526672,ships,0.0
efb8ee13a.jpg,133.99987199999998,True,0.8790812492370605,ships,0.0
efbe07ce5.jpg,60.999936,True,0.777849555015564,ships,0.0
efbe53883.jpg,7.00032,False,0.0,ships,0.0
efbe53883.jpg,8.000256,False,0.0,ships,0.0
efdbad6db.jpg,212.000256,True,0.9281975626945496,ships,0.0
efdc877b9.jpg,16.999679999999998,True,0.6087532639503479,ships,0.0
efdc877b9.jpg,15.999744,True,0.1397803127765655,ships,0.0
efdc877b9.jpg,16.999679999999998,True,0.6242720484733582,ships,0.0
efdc877b9.jpg,8.000256,False,0.0,ships,0.0
efdc877b9.jpg,28.99968,True,0.6011412143707275,ships,0.0
efdc877b9.jpg,18.000384,True,0.4251459836959839,ships,0.0
efdc877b9.jpg,15.999744,True,0.4207153618335724,ships,0.0
efdc877b9.jpg,12.999936000000002,True,0.3551926016807556,ships,0.0
efdc877b9.jpg,16.999679999999998,False,0.0,ships,0.0
efdc877b9.jpg,19.00032,False,0.0,ships,0.0
efdc877b9.jpg,14.999808,True,0.4398451149463653,ships,0.0
efdfeaeed.jpg,7.00032,True,0.2829082906246185,ships,0.0
efdfeaeed.jpg,11.000064,True,0.6486193537712097,ships,0.0
eff2250b5.jpg,116.000256,True,0.8900516033172607,ships,0.0
eff5057b2.jpg,24.0,False,0.0,coast,0.0
effa2866c.jpg,19.00032,True,0.1298518925905227,coast,0.0
f016a2b97.jpg,232.99968,True,0.9139617681503296,ships,0.0
f02c2576f.jpg,92.000256,True,0.8962788581848145,ships,0.0
f02e405a0.jpg,72.99993599999999,True,0.7963830828666687,coast,0.0
f02e405a0.jpg,44.000256,True,0.7058365345001221,coast,0.0
f02e405a0.jpg,128.000256,True,0.8633296489715576,coast,0.0
f02e405a0.jpg,59.000064,True,0.5393955111503601,coast,0.0
f02e405a0.jpg,57.000192,True,0.1968337297439575,coast,0.0
f02e405a0.jpg,42.000384,True,0.7985811829566956,coast,0.0
f02e405a0.jpg,69.000192,True,0.8057470321655273,coast,0.0
f033b1801.jpg,21.000192,True,0.7005462050437927,ships,0.0
f033b1801.jpg,20.000256,True,0.6376457810401917,ships,0.0
f033b1801.jpg,18.000384,True,0.6187194585800171,ships,0.0
f033b1801.jpg,20.000256,True,0.6334523558616638,ships,0.0
f033b1801.jpg,18.000384,True,0.736887514591217,ships,0.0
f03727949.jpg,166.00012800000002,True,0.9119053483009338,coast,0.0
f03c1eac3.jpg,23.000064,True,0.5369266271591187,ships,0.0
f03c1eac3.jpg,59.000064,True,0.8682676553726196,ships,0.0
f04563b65.jpg,26.999808,True,0.6771932244300842,ships,0.0
f04ce7a5e.jpg,57.000192,True,0.8542453050613403,ships,0.0
f06543ef1.jpg,74.999808,True,0.8494397401809692,coast,0.0
f085311b6.jpg,64.99968,True,0.6110540628433228,ships,0.0
f085311b6.jpg,44.000256,True,0.5733242630958557,ships,0.0
f085311b6.jpg,43.00032,True,0.4696773886680603,ships,0.0
f0896223e.jpg,14.999808,True,0.0809804946184158,ships,0.0
f08b6c0cc.jpg,12.999936000000002,True,0.3582760989665985,ships,0.0
f0a108e91.jpg,37.999872,True,0.5520539283752441,coast,0.0
f0a108e91.jpg,13.999872,True,0.1918482631444931,coast,0.0
f0c4a2ead.jpg,19.00032,False,0.0,coast,0.2636973063151042
f0d92784c.jpg,28.99968,True,0.0698178708553314,coast,0.0
f0f6a35e8.jpg,212.000256,True,0.8776192665100098,ships,0.0
f0f6a35e8.jpg,58.000128,True,0.7441872954368591,ships,0.0
f0f6a35e8.jpg,13.999872,False,0.0,ships,0.0
f0f6a35e8.jpg,33.000192,True,0.5590307712554932,ships,0.0
f1035543c.jpg,71.00006400000001,True,0.8980796337127686,ships,0.0
f118b3e13.jpg,20.000256,False,0.0,ships,0.0
f12c7e332.jpg,62.999808,True,0.8109750151634216,ships,0.0
f12c7e332.jpg,172.99967999999998,True,0.8780153393745422,ships,0.0
f12c7e332.jpg,156.999936,True,0.8860577344894409,ships,0.0
f12c7e332.jpg,14.999808,True,0.4676688611507416,ships,0.0
f13083b4d.jpg,19.00032,False,0.0,coast,0.2738087972005208
f131ec686.jpg,7.00032,False,0.0,ships,0.0
f131f17ac.jpg,183.999744,True,0.8862380981445312,ships,0.0
f144fea2c.jpg,22.000128,True,0.4763131439685821,coast,0.0
f162579a1.jpg,92.000256,True,0.7904126644134521,coast,0.0
f169a1d4d.jpg,53.999616,True,0.8238754272460938,coast,0.0
f169a1d4d.jpg,60.0,True,0.6882261633872986,coast,0.0
f169a1d4d.jpg,20.000256,False,0.0,coast,0.0
f169a1d4d.jpg,48.0,True,0.8398183584213257,coast,0.0
f169a1d4d.jpg,29.999616,True,0.7485350966453552,coast,0.0
f16a69c37.jpg,38.999808,True,0.6303030848503113,ships,0.0
f1810210a.jpg,253.999872,True,0.8728610873222351,ships,0.0
f1810210a.jpg,88.99968,True,0.8264459371566772,ships,0.0
f184c923b.jpg,77.999616,True,0.7359815835952759,ships,0.0
f18938933.jpg,227.000064,True,0.9272847175598145,ships,0.01104736328125
f1a68c90d.jpg,19.00032,True,0.5789989829063416,ships,0.0
f1a68c90d.jpg,12.0,False,0.0,ships,0.0
f1a9b75bc.jpg,59.000064,True,0.6013240218162537,coast,0.0
f1a9b75bc.jpg,20.000256,True,0.6306317448616028,coast,0.0
f1a9b75bc.jpg,57.000192,True,0.6591545343399048,coast,0.0
f1a9b75bc.jpg,18.000384,True,0.1686713993549347,coast,0.0
f1b306c90.jpg,204.999936,True,0.8906238675117493,ships,0.0
f1bd73e43.jpg,7.00032,True,0.3380842804908752,ships,0.0
f1c401b9f.jpg,197.999616,True,0.8900456428527832,ships,0.0
f1fe255e5.jpg,12.0,True,0.5138146281242371,ships,0.0
f21353998.jpg,208.99968,True,0.8943429589271545,ships,0.0
f215de2ce.jpg,10.000128,True,0.2425262928009033,ships,0.0
f2176485a.jpg,244.99968,True,0.898935854434967,ships,0.0
f22f95a37.jpg,116.000256,True,0.8479423522949219,ships,0.0
f24510720.jpg,94.000128,True,0.0510731898248195,coast,0.0
f2603bcd9.jpg,42.000384,False,0.0,ships,0.0
f2605578a.jpg,79.00032,True,0.8733195662498474,ships,0.0
f264220f1.jpg,23.000064,True,0.553528368473053,ships,0.0
f264220f1.jpg,112.99967999999998,True,0.9012067317962646,ships,0.0
f264220f1.jpg,47.000064,True,0.8617175221443176,ships,0.0
f26e9f942.jpg,12.999936000000002,True,0.3697725832462311,ships,0.0
f26e9f942.jpg,9.000192,True,0.1013169363141059,ships,0.0
f2742b996.jpg,93.000192,True,0.8989421129226685,ships,0.0
f2742b996.jpg,46.000128,True,0.7799644470214844,ships,0.0
f293f6238.jpg,73.999872,True,0.7477210164070129,coast,0.0
f2a11fc7e.jpg,23.000064,False,0.0,coast,0.0
f2a11fc7e.jpg,45.000192,True,0.5269145369529724,coast,0.0
f2a11fc7e.jpg,23.000064,False,0.0,coast,0.0
f2a11fc7e.jpg,47.000064,True,0.7776277661323547,coast,0.0
f2a11fc7e.jpg,42.000384,True,0.3171079456806183,coast,0.0
f2a11fc7e.jpg,44.000256,True,0.5393326282501221,coast,0.0
f2b127ab8.jpg,7.00032,False,0.0,coast,0.0
f2b127ab8.jpg,4.99968,False,0.0,coast,0.0
f2b127ab8.jpg,23.000064,False,0.0,coast,0.0
f2b337746.jpg,21.000192,True,0.2787092328071594,ships,0.0
f2b337746.jpg,24.999936,True,0.195461243391037,ships,0.0
f2d4c7959.jpg,16.999679999999998,True,0.3159638941287994,ships,0.0
f2e554691.jpg,160.99967999999998,True,0.8911760449409485,ships,0.0
f2ec0fb5d.jpg,36.999936,True,0.0650209859013557,ships,0.0
f30c0d4d4.jpg,92.000256,True,0.847880482673645,ships,0.0
f31d20a4a.jpg,14.999808,True,0.6354839205741882,ships,0.0
f31d20a4a.jpg,15.999744,True,0.4942319691181183,ships,0.0
f31d20a4a.jpg,18.000384,True,0.7395710349082947,ships,0.0
f323a2d8b.jpg,21.000192,True,0.0978430286049842,ships,0.0
f33c62135.jpg,70.000128,True,0.8099092841148376,ships,0.0
f33c62135.jpg,12.999936000000002,True,0.0890576019883155,ships,0.0
f34aa9d4c.jpg,19.00032,True,0.0860505625605583,ships,0.0
f34aa9d4c.jpg,12.0,True,0.1901191771030426,ships,0.0
f3898331e.jpg,51.99974400000001,True,0.7707812190055847,ships,0.0
f3898331e.jpg,84.0,True,0.866213321685791,ships,0.0
f38d78c54.jpg,42.000384,True,0.7610088586807251,ships,0.0
f38d78c54.jpg,40.99968,True,0.748259961605072,ships,0.0
f39582e77.jpg,98.999808,True,0.8324131965637207,coast,0.010275946723090278
f39582e77.jpg,73.999872,True,0.7738903760910034,coast,0.010275946723090278
f3abe94fb.jpg,130.00012800000002,True,0.8473343849182129,ships,0.0
f3abe94fb.jpg,114.000384,True,0.8914104104042053,ships,0.0
f3abe94fb.jpg,52.99968,True,0.6440987586975098,ships,0.0
f3abe94fb.jpg,127.00032000000002,True,0.7966183423995972,ships,0.0
f3abe94fb.jpg,99.999744,True,0.6517703533172607,ships,0.0
f3b1ec4d8.jpg,195.999744,True,0.8778795599937439,ships,0.0
f3b582b14.jpg,164.000256,True,0.879912793636322,ships,0.0
f41261dd5.jpg,60.0,True,0.8495736718177795,coast,0.0
f41baa3c4.jpg,148.99967999999998,True,0.8962991237640381,ships,0.0
f42a7d560.jpg,71.00006400000001,True,0.8240769505500793,ships,0.0
f432c322a.jpg,74.999808,True,0.8360838294029236,ships,0.0
f432c322a.jpg,85.999872,True,0.901627480983734,ships,0.0
f44c8b922.jpg,225.000192,True,0.8941618204116821,ships,0.0
f4653c538.jpg,20.000256,False,0.0,coast,0.026970757378472224
f4a02fd6d.jpg,25.999872000000003,True,0.755392849445343,ships,0.0
f4a070d01.jpg,48.999936,True,0.7877724766731262,ships,0.0
f4b36f4fc.jpg,27.999744,False,0.0,coast,0.0
f4d9576b4.jpg,4.99968,False,0.0,ships,0.0
f4e82c721.jpg,20.000256,True,0.517435610294342,ships,0.0
f5102a8c4.jpg,72.0,True,0.6760703921318054,ships,0.0
f5102a8c4.jpg,15.999744,True,0.2945412397384643,ships,0.0
f51076a80.jpg,24.0,True,0.6087812185287476,coast,0.0
f51076a80.jpg,16.999679999999998,True,0.511866569519043,coast,0.0
f52206a6d.jpg,14.999808,True,0.1835814714431762,coast,0.0
f52a12445.jpg,8.000256,True,0.0872645080089569,ships,0.0
f531391de.jpg,118.000128,True,0.8136536478996277,ships,0.0
f531391de.jpg,94.000128,True,0.8793208003044128,ships,0.0
f531391de.jpg,14.999808,True,0.1611019819974899,ships,0.0
f531391de.jpg,13.999872,True,0.0839568153023719,ships,0.0
f531391de.jpg,90.000384,True,0.8026813268661499,ships,0.0
f531391de.jpg,42.000384,False,0.0,ships,0.0
f531391de.jpg,162.000384,True,0.9105654358863832,ships,0.0
f5424907d.jpg,46.000128,True,0.8416789174079895,coast,0.0
f5424907d.jpg,43.00032,True,0.8516109585762024,coast,0.0
f5424907d.jpg,43.00032,True,0.8286716938018799,coast,0.0
f5424907d.jpg,46.000128,True,0.7857645153999329,coast,0.0
f54314324.jpg,85.999872,True,0.9009461998939514,coast,0.0
f54314324.jpg,58.000128,True,0.8434762954711914,coast,0.0
f54314324.jpg,63.99974400000001,True,0.874305248260498,coast,0.0
f54314324.jpg,77.999616,True,0.8758448362350464,coast,0.0
f54314324.jpg,23.000064,True,0.5044736862182617,coast,0.0
f54314324.jpg,11.000064,False,0.0,coast,0.0
f54314324.jpg,83.00006400000001,True,0.8873502016067505,coast,0.0
f55581dac.jpg,19.00032,True,0.2595798671245575,ships,0.002734714084201389
f55abea8a.jpg,88.99968,True,0.8437709808349609,ships,0.0
f56ca2cb2.jpg,49.999872,True,0.4435586631298065,coast,0.0
f56ca2cb2.jpg,51.99974400000001,True,0.6371857523918152,coast,0.0
f58455a34.jpg,248.000256,True,0.9203481674194336,coast,0.0
f59f5e3d0.jpg,12.999936000000002,True,0.4114574790000915,coast,0.0
f5b7e4401.jpg,8.000256,True,0.2669408917427063,ships,0.0
f5c040a29.jpg,112.99967999999998,True,0.8635933995246887,ships,0.0
f5c61bbdd.jpg,16.999679999999998,True,0.3283414840698242,ships,0.0
f5c61bbdd.jpg,11.000064,False,0.0,ships,0.0
f5ddf68d0.jpg,26.999808,True,0.2858856916427612,ships,0.0
f5ec071ad.jpg,99.999744,True,0.8467597365379333,coast,0.0
f5efdc5b2.jpg,11.000064,True,0.392461210489273,ships,0.0
f5fb7e219.jpg,4.99968,False,0.0,coast,0.0
f5fb7e219.jpg,4.99968,True,0.0687020570039749,coast,0.0
f5fb7e219.jpg,12.0,False,0.0,coast,0.0
f5fb7e219.jpg,12.0,False,0.0,coast,0.0
f5fb7e219.jpg,11.000064,False,0.0,coast,0.0
f5fb7e219.jpg,5.9996160000000005,False,0.0,coast,0.0
f5fb7e219.jpg,7.00032,True,0.053549401462078,coast,0.0
f5fb7e219.jpg,12.999936000000002,False,0.0,coast,0.0
f5fb7e219.jpg,10.000128,False,0.0,coast,0.0
f5fb7e219.jpg,11.000064,True,0.1413643956184387,coast,0.0
f614ebab0.jpg,144.999936,True,0.9313401579856871,ships,0.0
f623bce58.jpg,103.00032000000002,True,0.8658947348594666,ships,0.0
f635db786.jpg,15.999744,True,0.4650960862636566,ships,0.0
f63de9cd1.jpg,105.000192,True,0.904001533985138,ships,0.0
f6618af68.jpg,44.000256,True,0.8278448581695557,ships,0.0
f67ff2849.jpg,7.00032,True,0.2807824313640594,ships,0.0
f67ff2849.jpg,11.000064,True,0.6366713047027588,ships,0.0
f686df473.jpg,19.00032,True,0.3792941868305206,ships,0.0
f6891969e.jpg,84.99993599999999,True,0.8155496120452881,ships,0.0
f69a0cfc5.jpg,16.999679999999998,False,0.0,ships,0.0
f6a08f68c.jpg,49.999872,True,0.6900822520256042,ships,0.0
f6a5d4c6c.jpg,66.000384,True,0.781741738319397,ships,0.0
f6bfe1d4f.jpg,13.999872,True,0.2086426764726638,coast,0.0
f6cb7888e.jpg,12.0,True,0.244928702712059,ships,0.0
f6cce5f49.jpg,13.999872,True,0.268389880657196,ships,0.0
f6dc0e7fa.jpg,172.99967999999998,True,0.90477454662323,ships,0.0
f6e008b23.jpg,176.000256,True,0.7071483731269836,coast,0.0
f6e008b23.jpg,76.99968,True,0.5843974947929382,coast,0.0
f6e008b23.jpg,71.00006400000001,True,0.7070125341415405,coast,0.0
f6e008b23.jpg,189.000192,True,0.7187900543212891,coast,0.0
f6e008b23.jpg,114.000384,True,0.6937565207481384,coast,0.0
f6e008b23.jpg,347.00006399999995,True,0.7378844022750854,coast,0.0
f6e1b1630.jpg,18.000384,True,0.1954817324876785,ships,0.0
f6e1b1630.jpg,24.0,True,0.574434757232666,ships,0.0
f6eaf713c.jpg,15.999744,False,0.0,coast,0.0
f6eaf713c.jpg,15.999744,False,0.0,coast,0.0
f6f980e0f.jpg,15.999744,True,0.2462911605834961,ships,0.0
f6f980e0f.jpg,15.999744,True,0.1740468144416809,ships,0.0
f6f980e0f.jpg,31.00032,True,0.3767015039920807,ships,0.0
f6f980e0f.jpg,26.999808,True,0.653182327747345,ships,0.0
f6f980e0f.jpg,49.999872,True,0.600043773651123,ships,0.0
f6f980e0f.jpg,18.000384,False,0.0,ships,0.0
f6f980e0f.jpg,45.000192,True,0.598119854927063,ships,0.0
f6f980e0f.jpg,16.999679999999998,True,0.0515993349254131,ships,0.0
f6f980e0f.jpg,32.000256,True,0.7844750285148621,ships,0.0
f6f980e0f.jpg,112.99967999999998,True,0.638977587223053,ships,0.0
f6f980e0f.jpg,15.999744,True,0.144214928150177,ships,0.0
f6f980e0f.jpg,27.999744,True,0.6863019466400146,ships,0.0
f70a76c38.jpg,123.999744,True,0.8704706430435181,ships,0.0
f70c4fa65.jpg,155.000064,True,0.8705265522003174,ships,0.0
f721c8317.jpg,76.99968,True,0.819094717502594,ships,0.0
f73877c8b.jpg,173.999616,True,0.8721761703491211,ships,0.0
f7409c994.jpg,12.999936000000002,False,0.0,ships,0.0
f746d102d.jpg,71.00006400000001,True,0.5552475452423096,ships,0.0
f74e84709.jpg,194.99980800000003,True,0.8879277110099792,coast,0.0
f7588f477.jpg,16.999679999999998,True,0.1580785661935806,ships,0.0
f7588f477.jpg,16.999679999999998,True,0.103022925555706,ships,0.0
f7657ae07.jpg,29.999616,True,0.4482728242874145,coast,0.0
f7657ae07.jpg,11.000064,True,0.116346076130867,coast,0.0
f7657ae07.jpg,18.000384,True,0.1519942581653595,coast,0.0
f7657ae07.jpg,9.000192,True,0.3487695455551147,coast,0.0
f7657ae07.jpg,24.999936,True,0.4429118037223816,coast,0.0
f7657ae07.jpg,5.9996160000000005,False,0.0,coast,0.0
f7657ae07.jpg,22.000128,True,0.3662425875663757,coast,0.0
f7657ae07.jpg,24.999936,True,0.0786026194691658,coast,0.0
f7657ae07.jpg,29.999616,True,0.3463784754276275,coast,0.0
f7657ae07.jpg,24.999936,True,0.6373084783554077,coast,0.0
f7657ae07.jpg,28.99968,False,0.0,coast,0.0
f77385f88.jpg,122.999808,True,0.7682747840881348,coast,0.0
f77788c23.jpg,105.000192,True,0.7771298289299011,coast,0.0
f77a7d955.jpg,18.000384,True,0.5430800914764404,ships,0.0
f78746f21.jpg,22.000128,True,0.5933084487915039,ships,0.0
f7a2f1a6f.jpg,23.000064,True,0.3501946628093719,coast,0.0
f7a2f1a6f.jpg,72.0,True,0.6804947257041931,coast,0.0
f7a2f1a6f.jpg,70.000128,False,0.0,coast,0.0
f7b04c1d8.jpg,119.000064,True,0.8226838111877441,ships,0.0
f7b3ef47a.jpg,72.0,True,0.8117408752441406,ships,0.0
f7befe274.jpg,9.000192,False,0.0,ships,0.0
f7befe274.jpg,5.9996160000000005,False,0.0,ships,0.0
f7befe274.jpg,11.000064,True,0.2102977484464645,ships,0.0
f7befe274.jpg,8.000256,False,0.0,ships,0.0
f7befe274.jpg,8.000256,True,0.1281629204750061,ships,0.0
f7befe274.jpg,10.000128,True,0.3975516557693481,ships,0.0
f7befe274.jpg,10.000128,True,0.3920454680919647,ships,0.0
f7befe274.jpg,10.000128,True,0.3871602714061737,ships,0.0
f7befe274.jpg,9.000192,True,0.2246402502059936,ships,0.0
f7c020891.jpg,8.000256,True,0.1484581977128982,coast,0.0
f7cae76b3.jpg,286.000128,True,0.7524710893630981,coast,0.0
f7d12c543.jpg,153.000192,True,0.8769795298576355,ships,0.0
f7e3fcf8b.jpg,110.999808,True,0.8743106722831726,coast,0.0
f80a8b091.jpg,12.999936000000002,False,0.0,coast,0.0
f8213373d.jpg,81.000192,True,0.8492668867111206,ships,0.0
f8339e72f.jpg,11.000064,False,0.0,coast,0.0
f8339e72f.jpg,20.000256,False,0.0,coast,0.0
f8339e72f.jpg,10.000128,False,0.0,coast,0.0
f86c72243.jpg,18.000384,True,0.1907333731651306,ships,0.0
f86c72243.jpg,272.00025600000004,True,0.7701826691627502,ships,0.0
f86c72243.jpg,7.00032,False,0.0,ships,0.0
f86c72243.jpg,84.99993599999999,True,0.7468198537826538,ships,0.0
f87a3f556.jpg,84.0,True,0.7404385805130005,coast,0.0
f87a3f556.jpg,51.99974400000001,True,0.5841609835624695,coast,0.0
f87a3f556.jpg,44.000256,True,0.1291395127773285,coast,0.0
f8a66a228.jpg,27.999744,False,0.0,ships,0.0
f8aac5c96.jpg,24.0,True,0.549625039100647,coast,0.0
f8cbed833.jpg,85.999872,True,0.8886672258377075,coast,0.0
f8cbed833.jpg,26.999808,True,0.2508549094200134,coast,0.0
f8cbed833.jpg,69.000192,True,0.65590500831604,coast,0.0
f8cbed833.jpg,82.000128,True,0.8656669855117798,coast,0.0
f8db1174b.jpg,8.000256,True,0.4118214547634125,ships,0.0
f8dcd83c2.jpg,99.999744,True,0.8649408221244812,ships,0.3308614095052083
f8dcd83c2.jpg,85.999872,True,0.8803269267082214,ships,0.3308614095052083
f8e3d0384.jpg,16.999679999999998,True,0.5532132387161255,ships,0.0
f9090a6b2.jpg,39.999744,True,0.6242150068283081,ships,0.0
f9216fd85.jpg,19.00032,True,0.0879329815506935,ships,0.0
f92a0584e.jpg,117.000192,True,0.8185830116271973,ships,0.0
f943ad4bc.jpg,40.99968,True,0.208951935172081,ships,0.0
f94d2c284.jpg,168.999936,True,0.9305122494697572,ships,0.0
f94d2c284.jpg,83.00006400000001,True,0.8502646088600159,ships,0.0
f96a6a64e.jpg,28.99968,True,0.570341169834137,ships,0.0
f96ff71b1.jpg,158.999808,True,0.9159191846847534,ships,0.0
f97e961f2.jpg,144.0,True,0.8627412915229797,ships,0.0
f98ba09af.jpg,25.999872000000003,False,0.0,coast,0.017405192057291668
f98ba09af.jpg,26.999808,True,0.4389262199401855,coast,0.017405192057291668
f98d30216.jpg,4.99968,False,0.0,ships,0.0
f98f65d64.jpg,14.999808,True,0.57545405626297,ships,0.0
f99afa15f.jpg,84.0,True,0.8182033896446228,ships,0.0
f99afa15f.jpg,90.000384,True,0.8789105415344238,ships,0.0
f99afa15f.jpg,90.000384,True,0.887269914150238,ships,0.0
f99afa15f.jpg,64.99968,True,0.8620651960372925,ships,0.0
f99afa15f.jpg,42.000384,True,0.8083131909370422,ships,0.0
f99afa15f.jpg,73.999872,True,0.90074223279953,ships,0.0
f99afa15f.jpg,12.999936000000002,False,0.0,ships,0.0
f99afa15f.jpg,79.00032,True,0.8820890784263611,ships,0.0
f99afa15f.jpg,15.999744,True,0.0616180188953876,ships,0.0
f99afa15f.jpg,16.999679999999998,True,0.3635592758655548,ships,0.0
f99afa15f.jpg,39.999744,True,0.7714079022407532,ships,0.0
f9c5ec37c.jpg,168.0,True,0.8467037081718445,ships,0.0
f9c5ec37c.jpg,146.999808,True,0.8701103925704956,ships,0.0
f9c5ec37c.jpg,160.99967999999998,True,0.8620097041130066,ships,0.0
f9e5eb506.jpg,12.0,True,0.4505890011787414,ships,0.0
f9fb969b4.jpg,92.000256,True,0.8157029151916504,coast,0.0
f9fc053c9.jpg,116.000256,True,0.868066132068634,ships,0.0
fa02f2102.jpg,15.999744,False,0.0,ships,0.0
fa02f2102.jpg,23.000064,False,0.0,ships,0.0
fa02f2102.jpg,22.000128,True,0.0539128929376602,ships,0.0
fa092f735.jpg,190.000128,True,0.8354682326316833,coast,0.0
fa0adedf4.jpg,33.000192,True,0.7121315002441406,ships,0.0
fa0adedf4.jpg,28.99968,True,0.7207062840461731,ships,0.0
fa0adedf4.jpg,28.99968,True,0.7722560167312622,ships,0.0
fa1633dcc.jpg,219.999744,True,0.917620062828064,ships,0.0
fa1633dcc.jpg,12.999936000000002,True,0.339240700006485,ships,0.0
fa36defc8.jpg,12.0,False,0.0,coast,0.0
fa45b1ba3.jpg,40.99968,False,0.0,ships,0.0
fa53811e2.jpg,26.999808,True,0.4805920720100403,ships,0.0
fa7ae82f8.jpg,44.000256,True,0.7649648189544678,ships,0.0
fa7ae82f8.jpg,165.000192,True,0.879631757736206,ships,0.0
fa90f25a1.jpg,27.999744,True,0.0762139484286308,ships,0.0
fa9d579c1.jpg,47.000064,True,0.6420205235481262,ships,0.0
fac263d5d.jpg,190.000128,True,0.9384613037109376,ships,0.0
fac263d5d.jpg,26.999808,True,0.3414353728294372,ships,0.0
fac732b9a.jpg,24.0,True,0.2536656856536865,ships,0.0
facdf829f.jpg,51.99974400000001,True,0.7421757578849792,ships,0.0
facf4bea1.jpg,74.999808,True,0.8539829850196838,coast,0.0
facf5a92c.jpg,12.999936000000002,False,0.0,ships,0.0
facf5a92c.jpg,57.000192,True,0.7321168184280396,ships,0.0
facf5a92c.jpg,37.999872,True,0.608892560005188,ships,0.0
facf5a92c.jpg,10.000128,False,0.0,ships,0.0
facf5a92c.jpg,19.00032,True,0.0775056555867195,ships,0.0
fada39cd3.jpg,26.999808,False,0.0,coast,0.0
fadc3eb1b.jpg,33.000192,True,0.4354305565357208,coast,0.0
fade6c947.jpg,70.000128,True,0.8475610017776489,coast,0.0
faf5ea5e1.jpg,80.000256,True,0.8263625502586365,coast,0.0
faf5ea5e1.jpg,173.999616,True,0.881170392036438,coast,0.0
fb05dd5a8.jpg,21.000192,True,0.424778014421463,coast,0.0
fb08c0cb8.jpg,40.99968,True,0.2752000987529754,ships,0.0
fb098d758.jpg,12.0,True,0.0534283109009265,ships,0.0
fb098d758.jpg,160.99967999999998,True,0.9028075337409972,ships,0.0
fb2b9197a.jpg,25.999872000000003,True,0.3684647381305694,ships,0.0
fb385591a.jpg,18.000384,True,0.2551861107349396,cloud,0.9987572564019097
fb5694ab5.jpg,19.00032,True,0.2077103853225708,ships,0.0
fb6b1796d.jpg,197.999616,True,0.881385087966919,coast,0.0
fba7b297b.jpg,123.999744,True,0.8287525773048401,ships,0.0
fbab78677.jpg,251.000064,True,0.8998655676841736,ships,0.0
fbb212db7.jpg,71.00006400000001,True,0.8593825101852417,ships,0.0
fbb212db7.jpg,19.00032,True,0.5069208741188049,ships,0.0
fbb6f5df0.jpg,16.999679999999998,True,0.3817202448844909,ships,0.0
fbb6f5df0.jpg,74.999808,True,0.7904712557792664,ships,0.0
fbb6f5df0.jpg,149.999616,True,0.8805691599845886,ships,0.0
fbb6f5df0.jpg,151.00032000000002,True,0.93174546957016,ships,0.0
fbc1c89af.jpg,33.000192,True,0.8333259224891663,ships,0.0
fbc64a8d1.jpg,12.0,True,0.5797497034072876,ships,0.0
fbc7677e3.jpg,26.999808,True,0.4856511652469635,ships,0.0
fbd56ed37.jpg,86.999808,True,0.8485222458839417,ships,0.0
fbedd4a48.jpg,72.0,True,0.8613592386245728,ships,0.0
fbedeab76.jpg,39.999744,True,0.1422636657953262,coast,0.0
fc09b728c.jpg,158.999808,True,0.8936647176742554,ships,0.0
fc18fcf4a.jpg,37.999872,True,0.7944958209991455,ships,0.0
fc3b36e99.jpg,31.00032,False,0.0,coast,0.0
fc46f4ec0.jpg,13.999872,True,0.1041353568434715,coast,0.7931976318359375
fc46f4ec0.jpg,15.999744,False,0.0,coast,0.7931976318359375
fc7edde4c.jpg,12.999936000000002,True,0.2819602787494659,ships,0.0
fc7edde4c.jpg,11.000064,True,0.4316497147083282,ships,0.0
fc86ffbe7.jpg,168.999936,True,0.922420859336853,ships,0.0
fcc156915.jpg,20.000256,True,0.2243871390819549,coast,0.0
fcc156915.jpg,12.0,False,0.0,coast,0.0
fcd2295a1.jpg,103.00032000000002,True,0.7925946712493896,ships,0.0
fcd2295a1.jpg,62.999808,True,0.8217746019363403,ships,0.0
fcd2295a1.jpg,86.999808,True,0.8435876965522766,ships,0.0
fcd2295a1.jpg,63.99974400000001,True,0.8333730101585388,ships,0.0
fcd2295a1.jpg,84.99993599999999,True,0.8225901126861572,ships,0.0
fd3011186.jpg,202.000128,True,0.9040328860282898,ships,0.0
fd31cc8d9.jpg,57.000192,True,0.7465040683746338,coast,0.0
fd475a3f7.jpg,7.00032,False,0.0,coast,0.0
fd5606835.jpg,8.000256,True,0.0723368525505065,ships,0.0
fd56e5a5c.jpg,10.000128,True,0.2640596032142639,ships,0.0
fd5a78090.jpg,36.0,True,0.1316741108894348,coast,0.0
fd69a195a.jpg,11.000064,False,0.0,ships,0.0
fd8993afe.jpg,392.000256,True,0.8026614785194397,ships,0.0
fd9876268.jpg,69.000192,True,0.7978535890579224,coast,0.0
fda6d2ae9.jpg,16.999679999999998,True,0.6448332071304321,ships,0.0
fda9e0b01.jpg,14.999808,True,0.2935541570186615,ships,0.0
fdca29d51.jpg,67.00032,True,0.8852083683013916,ships,0.0
fdf72e203.jpg,67.00032,True,0.2034547924995422,ships,0.0
fdf72e203.jpg,56.00025599999999,False,0.0,ships,0.0
fdf72e203.jpg,85.999872,False,0.0,ships,0.0
fdf72e203.jpg,49.999872,False,0.0,ships,0.0
fdf72e203.jpg,60.999936,False,0.0,ships,0.0
fdf72e203.jpg,16.999679999999998,False,0.0,ships,0.0
fdf72e203.jpg,10.000128,False,0.0,ships,0.0
fdf72e203.jpg,61.999872,False,0.0,ships,0.0
fdf72e203.jpg,11.000064,False,0.0,ships,0.0
fe2420ce9.jpg,14.999808,True,0.1874143332242965,ships,0.0
fe358c0cd.jpg,23.000064,True,0.5493806600570679,ships,0.0
fe3a13aae.jpg,9.000192,False,0.0,ships,0.0
fe3a13aae.jpg,155.000064,True,0.916009783744812,ships,0.0
fe662680f.jpg,22.000128,True,0.2272915840148925,ships,0.0
fe662680f.jpg,22.000128,True,0.1037427261471748,ships,0.0
fe86a8ad4.jpg,15.999744,False,0.0,coast,0.0
fe86a8ad4.jpg,13.999872,False,0.0,coast,0.0
fe86a8ad4.jpg,12.999936000000002,False,0.0,coast,0.0
fe86a8ad4.jpg,12.999936000000002,False,0.0,coast,0.0
fe86a8ad4.jpg,11.000064,True,0.4278092980384826,coast,0.0
fe86a8ad4.jpg,12.999936000000002,False,0.0,coast,0.0
fe86a8ad4.jpg,20.000256,True,0.5702086687088013,coast,0.0
fe86a8ad4.jpg,12.0,False,0.0,coast,0.0
fe86a8ad4.jpg,14.999808,True,0.2691550552845001,coast,0.0
fe86a8ad4.jpg,24.0,True,0.106098473072052,coast,0.0
fe86a8ad4.jpg,13.999872,False,0.0,coast,0.0
fe87287d5.jpg,133.99987199999998,True,0.8692793250083923,ships,0.0
fe930020c.jpg,217.999872,True,0.841041624546051,ships,0.0
feb30b892.jpg,59.000064,True,0.7842519283294678,ships,0.0
feb7e1083.jpg,42.000384,True,0.7339580655097961,coast,0.0
fecfeb199.jpg,7.00032,False,0.0,ships,0.0
feee3f6fc.jpg,95.000064,True,0.8807156682014465,ships,0.0
fef62c4c6.jpg,15.999744,True,0.3421961665153503,ships,0.0
fef62c4c6.jpg,60.999936,True,0.7898738384246826,ships,0.0
fef62c4c6.jpg,60.999936,True,0.7893328666687012,ships,0.0
fef62c4c6.jpg,20.000256,True,0.0905317366123199,ships,0.0
fefeb074d.jpg,15.999744,True,0.3367053866386413,ships,0.0
ff13f7ab0.jpg,23.000064,True,0.3712777495384216,ships,0.0
ff2ba78bb.jpg,12.0,False,0.0,ships,0.0
ff2ba78bb.jpg,12.0,False,0.0,ships,0.0
ff2ba78bb.jpg,9.000192,False,0.0,ships,0.0
ff2ba78bb.jpg,16.999679999999998,False,0.0,ships,0.0
ff2d21be9.jpg,14.999808,True,0.6225203275680542,ships,0.0
ff2d21be9.jpg,19.00032,True,0.1311189979314804,ships,0.0
ff2d21be9.jpg,20.000256,True,0.3710304498672485,ships,0.0
ff3a0b066.jpg,79.00032,True,0.8177403807640076,ships,0.0
ff3a3bbbc.jpg,13.999872,True,0.4790354967117309,ships,0.0
ff3a3bbbc.jpg,7.00032,True,0.2894017100334167,ships,0.0
ff3f6dae7.jpg,77.999616,True,0.7729165554046631,ships,0.0
ff3f6dae7.jpg,116.000256,True,0.8010293245315552,ships,0.0
ff3f6dae7.jpg,173.999616,True,0.8903541564941406,ships,0.0
ff62ddad4.jpg,59.000064,True,0.7680006623268127,ships,0.0
ff6df12de.jpg,38.999808,True,0.7048436403274536,ships,0.0
ff6df12de.jpg,73.999872,True,0.8343318700790405,ships,0.0
ff7caf167.jpg,134.999808,True,0.8559110760688782,ships,0.0
ff7caf167.jpg,64.99968,True,0.8458023071289062,ships,0.0
ff82168c6.jpg,8.000256,True,0.0634832978248596,ships,0.0664944118923611
ff82168c6.jpg,10.000128,False,0.0,ships,0.0664944118923611
ff8ace074.jpg,18.000384,True,0.3566400706768036,ships,0.0
ff8ace074.jpg,18.000384,True,0.6165311932563782,ships,0.0
ff8ace074.jpg,24.0,True,0.2123074680566787,ships,0.0
ff9252791.jpg,8.000256,False,0.0,ships,0.0
ff9252791.jpg,16.999679999999998,True,0.3755550682544708,ships,0.0
ffa9569bf.jpg,21.000192,True,0.0722531974315643,coast,0.0
ffa9569bf.jpg,21.000192,False,0.0,coast,0.0
ffae6c2e5.jpg,31.00032,True,0.1892933398485183,ships,0.0
ffb6af57c.jpg,21.000192,True,0.0744232237339019,ships,0.0
ffb6af57c.jpg,20.000256,True,0.4843989014625549,ships,0.0
ffb6af57c.jpg,25.999872000000003,True,0.1990732550621032,ships,0.0
ffb6af57c.jpg,24.999936,False,0.0,ships,0.0
ffb6af57c.jpg,19.00032,True,0.4520561993122101,ships,0.0
ffc4a4a05.jpg,24.999936,True,0.7898489832878113,ships,0.0
ffc4a4a05.jpg,40.99968,True,0.8100730776786804,ships,0.0
ffc4a4a05.jpg,8.000256,False,0.0,ships,0.0
ffc4a4a05.jpg,16.999679999999998,True,0.3767872750759125,ships,0.0
ffd1999b4.jpg,19.00032,True,0.2969440519809723,coast,0.0
ffd5c101e.jpg,86.999808,True,0.8402007818222046,coast,0.0
ffd5c101e.jpg,64.99968,True,0.857891857624054,coast,0.0
ffe89d4cb.jpg,184.99968,True,0.9107476472854614,ships,0.0
ffe89d4cb.jpg,213.000192,True,0.9193446636199952,ships,0.0
ffe89d4cb.jpg,31.00032,True,0.6164532899856567,ships,0.0
ffec95ea3.jpg,21.000192,True,0.6240531802177429,coast,0.0
ffecdeb53.jpg,12.0,True,0.0726600587368011,coast,0.0
fff529a0e.jpg,12.999936000000002,True,0.1501264572143554,cloud,0.9960751003689237
fff67c31a.jpg,28.99968,False,0.0,coast,0.0
fff909871.jpg,38.999808,True,0.7773551344871521,ships,0.0
