image,context,cloud_frac,edge_density,big_blob_frac,n_candidates,prefilter_ms,n_fp_0.05,n_tp_0.05,n_fp_0.25,n_tp_0.25,n_fp_0.4,n_tp_0.4,n_ships,ctx3
0002756f7.jpg,candidates,0.0,0.0884246826171875,0.0,7,75.03199996426702,1,3,0,2,0,2,2,ships
00113a75c.jpg,candidates,0.0,0.0013682047526041667,0.0,11,102.94689994771034,0,9,0,8,0,6,7,ships
001bcf222.jpg,land_coast,0.09331597222222222,0.0016698956410756114,0.12863928343517023,3,85.23049997165799,0,3,0,1,0,0,1,coast
001db1e48.jpg,candidates,0.0,0.004550509982638889,0.0,99,71.92630006466061,0,0,0,0,0,0,0,empty
0022f64e5.jpg,land_coast,0.0,0.3036007351345486,0.0,4,103.03540003951639,0,1,0,1,0,1,1,coast
00293fb9e.jpg,empty_sea,0.0,0.0,0.0,0,81.09639992471784,0,0,0,0,0,0,0,empty
002aa3894.jpg,candidates,0.015830145941840276,0.0012565666439618072,0.04359159677556333,52,84.95509997010231,0,0,0,0,0,0,0,empty
00808d376.jpg,candidates,0.0,0.015092637803819444,0.0,17,86.80369996000081,0,0,0,0,0,0,0,empty
0098456ff.jpg,candidates,0.0,0.006598578559027778,0.017625596788194444,19,77.99100002739578,0,3,0,3,0,2,4,ships
009c1116c.jpg,land_coast,0.0,0.04633755154079861,0.1844024658203125,71,81.85039996169508,4,2,1,1,0,0,1,coast
00a9adaa4.jpg,candidates,0.156982421875,0.0011431401275199637,0.056694798093390834,42,79.55919997766614,0,6,0,5,0,4,5,ships
00b101ed7.jpg,candidates,0.0,0.0,0.0,1,69.39800002146512,0,1,0,1,0,1,1,ships
00b3e6991.jpg,land_coast,0.0,0.2644195556640625,0.0,3,85.64609999302775,1,2,0,1,0,1,1,coast
00c3aee3d.jpg,candidates,0.0,0.0042572021484375,0.0,36,80.39680006913841,6,6,2,4,0,4,4,ships
00e603959.jpg,candidates,0.0,0.002600775824652778,0.0,2,77.09939999040216,1,2,0,1,0,1,1,ships
00f34434e.jpg,candidates,0.0,0.013729519314236112,0.0,53,94.22900003846735,2,5,0,4,0,3,3,ships
010cbbfa0.jpg,land_coast,0.0,0.17204793294270834,0.0,68,93.31200004089624,0,6,0,0,0,0,3,coast
010e15afe.jpg,land_coast,0.0,0.042731391059027776,0.13090684678819445,55,81.15959994029254,4,14,1,10,0,8,9,coast
0114cb925.jpg,candidates,0.0,0.003980848524305556,0.0,7,94.88770004827529,12,4,3,2,0,2,2,ships
01178499a.jpg,candidates,0.0,0.0013020833333333333,0.0,17,88.03669991903007,0,1,0,1,0,1,1,ships
012635ffd.jpg,candidates,0.0,0.0016699896918402778,0.0,3,75.22400002926588,0,1,0,1,0,1,1,ships
014773cfa.jpg,candidates,0.0,5.9339735243055555e-05,0.0,1,87.43850002065301,0,2,0,1,0,1,1,ships
014c589c5.jpg,land_coast,0.0,0.18171861436631945,0.0,8,95.60010000132024,0,5,0,2,0,0,2,coast
014f2454d.jpg,candidates,0.0,0.06665717230902778,0.0,55,98.26310002245009,0,2,0,0,0,0,1,ships
014f42813.jpg,candidates,0.0,0.0004831949869791667,0.0,4,97.11530001368374,0,1,0,1,0,1,1,ships
015369fd9.jpg,candidates,0.0,0.004338582356770833,0.0,45,89.12019990384579,4,4,1,4,0,3,4,ships
015e56b00.jpg,candidates,0.0,0.00029839409722222225,0.0,9,99.43220007698983,4,1,1,1,1,1,2,ships
0171499be.jpg,candidates,0.0,0.045249091254340276,0.0,51,96.37480007950217,1,4,0,3,0,3,3,ships
017b8be5a.jpg,candidates,0.0,0.025080362955729168,0.0,4,92.31239999644458,0,2,0,1,0,1,1,ships
01834cb80.jpg,candidates,0.0,0.002648247612847222,0.0,24,71.79139996878803,0,1,0,1,0,1,1,ships
01933be65.jpg,candidates,0.0,7.120768229166667e-05,0.0,1,67.28269997984171,0,1,0,1,0,1,1,ships
019637cee.jpg,candidates,0.0,0.00018649631076388888,0.0,16,76.11959998030216,5,1,0,0,0,0,1,ships
0198713b4.jpg,candidates,0.0,0.0005069308810763889,0.0,4,89.64690007269382,0,1,0,1,0,1,1,ships
01a441c31.jpg,candidates,0.0,0.0001678466796875,0.0478057861328125,48,88.57030002400279,0,0,0,0,0,0,0,empty
01acf3a1a.jpg,candidates,0.0,0.00041876898871527775,0.0,3,79.55710007809103,0,1,0,1,0,1,1,ships
01c99b29b.jpg,candidates,0.0,0.0016377766927083333,0.03303697374131945,55,82.97059999313205,1,4,0,1,0,0,1,ships
01cecb9b6.jpg,candidates,0.0,0.1030917697482639,0.0,8,94.24769994802773,0,3,0,1,0,0,1,ships
01ed38a14.jpg,candidates,0.0,0.08223809136284722,0.0,7,73.0575000634417,3,3,0,0,0,0,1,ships
020aa1a39.jpg,candidates,0.0,0.016927083333333332,0.019493950737847224,46,87.61289995163679,0,1,0,1,0,1,1,ships
020f1afe8.jpg,candidates,0.0,0.0,0.0,12,68.63919994793832,0,2,0,2,0,1,2,ships
022ecd2ce.jpg,land_coast,0.0,0.2602623833550347,0.0,22,87.58070005569607,2,2,0,2,0,1,1,coast
02340e46d.jpg,candidates,0.0,0.0,0.0,5,88.33420008886606,0,0,0,0,0,0,0,empty
023aec5ee.jpg,candidates,0.0,0.0005950927734375,0.0,37,90.83650005050004,1,2,0,2,0,1,1,ships
024e6ba29.jpg,cloud,0.9995642768012153,0.0,0.0,0,52.57029994390905,0,0,0,0,0,0,0,cloud
02641ca93.jpg,candidates,0.0,0.0015784369574652778,0.0,9,74.54920001327991,0,10,0,8,0,7,9,ships
02765ce9b.jpg,land_coast,0.0,0.07293701171875,0.19959004720052084,33,87.0272999163717,3,15,0,6,0,3,10,coast
027d9c067.jpg,candidates,0.0,0.0014902750651041667,0.0,1,79.43769998382777,0,0,0,0,0,0,0,empty
02884baad.jpg,candidates,0.0,0.0015852186414930555,0.0,4,83.82649999111891,2,3,0,2,0,1,2,ships
02ae62f2c.jpg,land_coast,0.0,0.3290032280815972,0.0,3,105.97220005001873,0,1,0,1,0,1,1,coast
02bd946c3.jpg,land_coast,0.0,0.2639482286241319,0.0,0,75.12509997468442,0,0,0,0,0,0,0,coast
02c5b00e8.jpg,candidates,0.0,0.0,0.018971761067708332,37,83.20409990847111,0,0,0,0,0,0,0,empty
02d35ca31.jpg,candidates,0.0,0.0006849500868055555,0.0,5,88.33080006297678,1,2,0,2,0,0,1,ships
02dfc6a62.jpg,candidates,0.0,0.005820380316840278,0.05753750271267361,66,89.53270001802593,0,0,0,0,0,0,0,empty
02e440917.jpg,candidates,0.0,0.005216810438368056,0.022516886393229168,31,82.39850006066263,0,1,0,1,0,1,1,ships
02e9b1860.jpg,land_coast,0.0,0.2632259792751736,0.0,2,88.64560001529753,0,0,0,0,0,0,0,coast
02fa41846.jpg,land_coast,0.0,0.23018391927083334,0.0,3,83.63040001131594,1,2,0,2,0,2,2,coast
02fb4e152.jpg,candidates,0.0,0.0020158555772569445,0.0,16,74.75760008674115,2,3,1,2,0,2,2,ships
03007ae96.jpg,land_coast,0.0,0.2746717664930556,0.0,15,81.04620000813156,0,1,0,1,0,1,1,coast
031101e01.jpg,candidates,0.0,0.10205925835503472,0.0,33,90.7331999624148,0,1,0,1,0,1,1,ships
0318cd222.jpg,candidates,0.0,0.0005238850911458334,0.0,6,81.2662000535056,2,6,0,4,0,0,2,ships
0318e0afc.jpg,land_coast,0.0,0.0002492268880208333,0.1500888400607639,38,104.61050004232675,0,0,0,0,0,0,0,coast
03204a586.jpg,land_coast,0.0,0.2909274631076389,0.0,7,105.39369995240122,2,4,0,3,0,3,3,coast
0325c0ae2.jpg,land_coast,0.0,0.3631167941623264,0.0,5,91.99070010799915,0,1,0,1,0,1,1,coast
0328935b6.jpg,candidates,0.0,7.968478732638889e-05,0.0,2,84.16440000291914,2,2,1,0,0,0,1,ships
0334b5c53.jpg,candidates,0.0,0.0015394422743055555,0.0,60,82.44489994831383,0,0,0,0,0,0,0,empty
0337e7947.jpg,candidates,0.0,0.012727525499131944,0.04596116807725695,82,79.1401999304071,0,2,0,2,0,1,1,ships
033f61c0d.jpg,candidates,0.0,0.0006951226128472222,0.0,5,87.94929995201528,2,7,0,5,0,5,5,ships
0348a8d7f.jpg,candidates,0.0,0.0006696912977430555,0.0,1,97.99289994407445,0,1,0,1,0,1,1,ships
0354f47d7.jpg,candidates,0.0,0.00025261773003472225,0.0,3,90.24069993756711,3,3,1,2,0,1,2,ships
0360b2e7f.jpg,candidates,0.0,0.004396226671006944,0.026926676432291668,29,112.38870001398027,0,1,0,1,0,1,1,ships
036d3ecb1.jpg,candidates,0.0,0.1108584933810764,0.0,12,88.10180006548762,1,1,1,1,1,1,1,ships
0384a0b91.jpg,candidates,0.0,0.012939453125,0.0,165,103.14160003326833,0,3,0,1,0,0,1,ships
0390a1104.jpg,candidates,0.0,0.007068210177951389,0.0,32,96.7153999954462,0,1,0,1,0,1,1,ships
0393722ec.jpg,candidates,0.0,0.005216810438368056,0.012722439236111112,3,73.80000001285225,2,4,0,1,0,0,1,ships
03aba0a7c.jpg,land_coast,0.0,0.06406656901041667,0.16091749403211805,49,88.59019994270056,3,3,0,3,0,3,3,coast
03b1bb0da.jpg,land_coast,0.0,0.2619951036241319,0.0,1,88.62369996495545,0,0,0,0,0,0,1,coast
03b1ddf8a.jpg,candidates,0.0,0.003653632269965278,0.0,7,76.56539999879897,3,7,2,3,0,2,4,ships
03b9ccd94.jpg,candidates,0.0742068820529514,0.0,0.04532564576860907,13,84.4962999690324,0,0,0,0,0,0,0,empty
03e12b25c.jpg,candidates,0.0,0.004170735677083333,0.0,11,97.48679993208498,0,2,0,2,0,2,2,ships
03e4a01d9.jpg,candidates,0.0,0.0,0.0,11,65.72870002128184,0,0,0,0,0,0,0,empty
03e984e0d.jpg,land_coast,0.0,0.3356238471137153,0.0,1,102.57919994182885,0,1,0,1,0,1,1,coast
03eaa8a5e.jpg,candidates,0.0,0.023298475477430556,0.0,21,101.02200007531792,0,1,0,1,0,1,1,ships
03ed3a56b.jpg,candidates,0.0,0.011176215277777778,0.0,37,76.65260008070618,0,1,0,1,0,1,1,ships
03f00631b.jpg,land_coast,0.007593790690104167,0.003954756760183756,0.22102258220942048,8,84.62580002378672,0,1,0,1,0,1,1,coast
040d0634b.jpg,candidates,0.0,0.025399102105034724,0.05566236707899305,31,82.75679999496788,3,7,0,2,0,0,3,ships
0413cfbde.jpg,candidates,0.0,0.08189900716145833,0.0660519070095486,83,97.68469992559403,4,1,1,1,1,1,1,ships
042837669.jpg,candidates,0.0,0.0005154079861111111,0.0,3,75.55319997482002,1,1,0,1,0,1,1,ships
042c8028f.jpg,candidates,0.0,0.00025770399305555556,0.0,2,97.54039999097586,1,4,1,2,0,1,2,ships
043693d8f.jpg,land_coast,0.0,0.2756941053602431,0.0,0,95.61069996561855,0,0,0,0,0,0,0,coast
04557dd8c.jpg,candidates,0.0,0.047515869140625,0.0,76,78.62190005835146,0,0,0,0,0,0,0,empty
04823f766.jpg,candidates,0.0,0.009660508897569444,0.0,19,83.37329991627485,0,1,0,1,0,1,1,ships
04867fe84.jpg,candidates,0.0,0.0005289713541666666,0.0,13,69.75469994358718,1,1,0,1,0,1,1,ships
04a628f65.jpg,candidates,0.0,8.646647135416667e-05,0.0,1,76.16380008403212,0,5,0,1,0,0,1,ships
04cb74d0a.jpg,land_coast,0.0,0.007102118598090278,0.2298550075954861,61,85.22880007512867,10,2,4,1,2,1,1,coast
0502d4700.jpg,candidates,0.0,0.002953423394097222,0.0,21,83.67039996664971,1,1,0,1,0,1,1,ships
0510a3765.jpg,candidates,0.0,2.8822157118055555e-05,0.0,3,82.0677001029253,0,3,0,1,0,1,1,ships
05150a041.jpg,candidates,0.0,0.00494384765625,0.0,41,92.98129996750504,0,0,0,0,0,0,0,empty
05201af27.jpg,land_coast,0.0,0.04691908094618055,0.1731448703342014,65,79.49300005566329,0,2,0,2,0,2,2,coast
0526e0f27.jpg,empty_sea,0.0,0.0,0.0,0,93.50309998262674,0,0,0,0,0,0,0,empty
052c068ff.jpg,candidates,0.0,0.00022210015190972222,0.0,26,76.54110004659742,0,1,0,1,0,1,1,ships
05320baaa.jpg,land_coast,0.2196892632378472,0.29178770259699266,0.0,12,118.44480002764612,1,1,0,0,0,0,1,coast
053b2aee5.jpg,land_coast,0.0,0.027806599934895832,0.1428460015190972,96,77.36060000024736,2,2,0,1,0,1,1,coast
0546baefb.jpg,land_coast,0.0,0.17135111490885416,0.0,12,109.34970004018396,2,2,1,2,1,2,1,coast
054b37244.jpg,land_coast,0.0,0.24273851182725695,0.0,5,89.61450005881488,0,1,0,1,0,1,1,coast
054fadf93.jpg,candidates,0.0,0.00016954210069444444,0.0,2,82.9954999499023,4,3,1,2,0,1,2,ships
0565f85d9.jpg,candidates,0.0,0.0,0.0,2,80.78600000590086,0,0,0,0,0,0,0,empty
056949650.jpg,candidates,0.0,0.0027669270833333335,0.0,4,87.30289991945028,0,1,0,1,0,1,1,ships
056f0d58d.jpg,land_coast,0.0,0.12774658203125,0.07169257269965278,24,85.37099999375641,0,1,0,1,0,1,1,coast
057836607.jpg,candidates,0.0,0.00034247504340277775,0.0,1,85.75570001266897,2,4,0,1,0,1,2,ships
0580b46cf.jpg,candidates,0.0,0.002414279513888889,0.0,11,79.88680002745241,2,1,0,1,0,1,1,ships
0586bf2da.jpg,land_coast,0.1355556911892361,0.0005787787767809921,0.1667960603127401,14,100.30709998682141,0,3,0,1,0,0,1,coast
058a7bd3a.jpg,candidates,0.0,0.0015716552734375,0.0,9,98.3003000728786,0,1,0,1,0,1,1,ships
0595684d6.jpg,empty_sea,0.0,0.0,0.0,0,86.71000006143004,0,0,0,0,0,0,0,empty
059aa33cd.jpg,candidates,0.0,0.05261400010850695,0.0,7,90.8651000354439,0,3,0,1,0,0,1,ships
05bf3db82.jpg,candidates,0.0,0.0023752848307291665,0.0,3,70.74070000089705,0,3,0,2,0,0,1,ships
05d407505.jpg,land_coast,0.0,0.243621826171875,0.0,5,101.13260010257363,0,2,0,2,0,2,2,coast
05d523c71.jpg,land_coast,0.0,0.2628343370225694,0.0,9,82.19320001080632,0,7,0,6,0,4,6,coast
05ee80d40.jpg,candidates,0.0,0.0,0.0,3,82.58739998564124,0,0,0,0,0,0,0,empty
05ef7a103.jpg,candidates,0.0,0.054448445638020836,0.0,65,96.27720003481954,0,5,0,2,0,2,4,ships
05fa5fdb6.jpg,land_coast,0.0,0.17197672526041666,0.0,0,98.3863000292331,0,0,0,0,0,0,0,coast
06042c03e.jpg,land_coast,0.0,0.2605726453993056,0.0,0,93.8116000033915,0,0,0,0,0,0,0,coast
060da5393.jpg,land_coast,0.0,0.1961279975043403,0.0,51,101.58719995524734,0,0,0,0,0,0,0,coast
06145c246.jpg,candidates,0.0,0.00040520562065972225,0.0,4,83.5036999778822,2,1,1,1,0,1,1,ships
06157d332.jpg,candidates,0.015974256727430556,0.005922274042600269,0.07029804976369677,68,90.03219997975975,0,0,0,0,0,0,0,empty
0618dc91e.jpg,candidates,0.0,0.007407294379340278,0.0,6,79.64530005119741,1,2,0,0,0,0,1,ships
0624ddeef.jpg,candidates,0.0,0.014495849609375,0.04915025499131945,40,77.25999993272126,7,0,2,0,2,0,2,ships
0638ae9ab.jpg,candidates,0.0,0.017223782009548612,0.0796051025390625,54,84.70870007295161,9,7,0,3,0,0,2,ships
063c4aa67.jpg,land_coast,0.0,0.053914388020833336,0.0926700168185764,59,92.86020009312779,1,9,0,5,0,5,5,coast
063de49ca.jpg,land_coast,0.0,0.20425923665364584,0.0,13,95.22419993299991,0,3,0,2,0,1,1,coast
063e5628f.jpg,land_coast,0.0,0.0884433322482639,0.14139302571614584,48,81.93690003827214,5,1,0,1,0,1,1,coast
0657903ff.jpg,candidates,0.0,0.0003848605685763889,0.0,15,82.26609998382628,0,2,0,1,0,1,1,ships
0658e6598.jpg,candidates,0.0,0.007720947265625,0.0,31,95.253000035882,1,8,0,7,0,4,7,ships
068e7e7eb.jpg,candidates,0.0,0.0015309651692708333,0.0,3,112.19410004559904,3,3,1,1,0,0,1,ships
06b6b6570.jpg,land_coast,0.0,0.3128390842013889,0.0,0,90.59030003845692,4,3,0,3,0,3,3,coast
06c6a0cf0.jpg,candidates,0.0,0.0017038981119791667,0.0,8,90.90269997250289,0,3,0,3,0,3,3,ships
06dd3e135.jpg,candidates,0.0,0.005588107638888889,0.0,14,78.44610000029206,0,2,0,2,0,2,2,ships
070d37c1e.jpg,candidates,0.0,0.0015580919053819445,0.0,5,74.21829993836582,0,1,0,1,0,1,1,ships
0710ef74f.jpg,candidates,0.0,0.0017072889539930555,0.0,7,80.1484000403434,1,3,0,3,0,3,3,ships
0712a9f82.jpg,candidates,0.0,0.0861477322048611,0.0,2,72.4023999646306,0,0,0,0,0,0,0,empty
071be1a26.jpg,candidates,0.0,0.0019582112630208335,0.0,80,73.54120002128184,0,0,0,0,0,0,0,empty
07605d36c.jpg,candidates,0.0,0.0030975341796875,0.0,6,87.70440006628633,18,5,3,3,0,3,3,ships
076a91663.jpg,candidates,0.0,0.002144707573784722,0.0,13,86.92040003370494,0,1,0,1,0,1,1,ships
077f24a16.jpg,candidates,0.17263624403211805,0.0,0.0,24,95.6173000158742,4,2,1,2,0,2,3,ships
07a03de23.jpg,candidates,0.0,0.013114081488715278,0.060358683268229164,42,69.43219993263483,8,0,2,0,2,0,2,ships
07ae92b4f.jpg,candidates,0.0,0.0032331678602430555,0.0,6,69.32300003245473,0,1,0,1,0,1,1,ships
07bb53be1.jpg,candidates,0.0,0.0,0.0,3,92.87769999355078,0,1,0,1,0,1,1,ships
07ec57541.jpg,land_coast,0.0,0.23529561360677084,0.0,65,80.75379999354482,0,3,0,1,0,0,1,coast
07f567c9d.jpg,empty_sea,0.0,0.11534288194444445,0.0,0,91.3596999598667,0,0,0,0,0,0,1,ships
07f7c9615.jpg,candidates,0.007554796006944444,0.03242423566665923,0.04841163786818627,34,86.21730003505945,6,7,0,1,0,0,3,ships
07fbf1523.jpg,candidates,0.0,0.006011962890625,0.0,20,84.88199999555945,0,1,0,1,0,1,1,ships
08008bee4.jpg,candidates,0.0,0.0,0.030602349175347224,48,75.65959997009486,0,11,0,7,0,6,3,ships
080334c8e.jpg,land_coast,0.017189873589409724,0.271816020301496,0.10666634199115375,22,84.8715000320226,8,3,0,2,0,2,3,coast
0804e3632.jpg,candidates,0.0,0.0024566650390625,0.0,10,102.66089998185635,1,4,0,4,0,4,4,ships
080cf3003.jpg,candidates,0.0,0.00017123752170138888,0.0,9,76.38979994226247,0,1,0,1,0,1,1,ships
080fc5847.jpg,land_coast,0.0,0.1446041531032986,0.0,2,79.60289996117353,1,4,0,0,0,0,1,coast
08199c617.jpg,candidates,0.0,0.002288818359375,0.0,9,93.44139997847378,0,1,0,1,0,1,1,ships
081b7aa66.jpg,candidates,0.0,0.00025770399305555556,0.0,14,73.72680003754795,0,0,0,0,0,0,0,empty
08203d2af.jpg,candidates,0.0,0.0009104410807291666,0.0,3,87.5962000573054,0,1,0,1,0,1,1,ships
08218d8a0.jpg,land_coast,0.0,0.003857082790798611,0.2710689968532986,70,64.46839997079223,0,2,0,1,0,1,1,coast
08372c55f.jpg,candidates,0.0,7.62939453125e-05,0.0,1,88.12910004053265,0,3,0,1,0,0,1,ships
083a42e6d.jpg,land_coast,0.0,0.3009236653645833,0.0,0,92.17970003373921,0,3,0,0,0,0,1,coast
083c79cf2.jpg,candidates,0.0,7.798936631944444e-05,0.0,1,88.6691000778228,0,1,0,1,0,1,1,ships
084501564.jpg,land_coast,0.0,0.21837022569444445,0.0,19,105.14170001260936,1,0,0,0,0,0,0,coast
0845c0106.jpg,candidates,0.0,0.0037553575303819445,0.0,15,90.69859993178397,1,2,0,2,0,2,2,ships
0846c1f88.jpg,land_coast,0.01263427734375,9.334630962279448e-05,0.13811450826374136,22,84.79509991593659,0,0,0,0,0,0,0,coast
08606a74e.jpg,candidates,0.0,0.0029008653428819445,0.0,12,73.15009995363653,0,3,0,2,0,2,3,ships
086307a36.jpg,candidates,0.0,0.0,0.0,2,78.93760001752526,0,4,0,0,0,0,1,ships
0864ffd70.jpg,candidates,0.0,0.004750569661458333,0.0,18,77.43389997631311,1,1,0,1,0,1,1,ships
08692dd80.jpg,land_coast,0.0,0.1873440212673611,0.016949123806423612,31,101.58379992935807,9,1,1,1,0,1,1,coast
087072320.jpg,candidates,0.0,0.041525946723090276,0.0,12,73.7066000001505,0,1,0,1,0,1,1,ships
0878ba05f.jpg,candidates,0.0,0.0004831949869791667,0.0,4,99.5342000387609,0,1,0,1,0,1,1,ships
0878ca34d.jpg,land_coast,0.7377115885416666,0.21359240113948272,0.0,2,72.48790003359318,5,3,0,0,0,0,2,coast
0884a8c44.jpg,land_coast,0.0,0.1309017605251736,0.0,84,94.17120006401092,6,2,0,0,0,0,1,coast
0884ca333.jpg,candidates,0.0,0.0014360215928819445,0.0,4,80.94590005930513,0,3,0,2,0,1,2,ships
0890f05fd.jpg,land_coast,0.0,0.2530975341796875,0.0,0,90.41469998192042,0,0,0,0,0,0,0,coast
089f21dd9.jpg,land_coast,0.0,0.2938215467664931,0.0,1,90.51989996805787,0,7,0,3,0,2,3,coast
08a878518.jpg,candidates,0.0,0.0023515489366319445,0.0,3,71.32069999352098,0,7,0,4,0,1,2,ships
08bec270e.jpg,land_coast,0.0,0.23808119032118055,0.0,1,88.1904000416398,0,0,0,0,0,0,0,coast
08c1142b9.jpg,candidates,0.0,0.0018463134765625,0.0,2,94.83329998329282,3,2,1,1,0,0,1,ships
08d2cef6f.jpg,candidates,0.0,0.006471421983506944,0.0,3,111.83339997660369,0,1,0,1,0,1,1,ships
08f71ff06.jpg,candidates,0.0,0.0036451551649305555,0.0,25,84.18849995359778,1,1,0,1,0,1,1,ships
090c44412.jpg,land_coast,0.0,0.016715155707465276,0.13306681315104166,85,82.87909999489784,0,0,0,0,0,0,0,coast
0912360a7.jpg,empty_sea,0.0,0.003116183810763889,0.0,0,76.41560002230108,0,0,0,0,0,0,0,empty
0914f3874.jpg,candidates,0.0,0.002880520290798611,0.0,12,73.15140007995069,0,13,0,9,0,7,9,ships
0919e159e.jpg,land_coast,0.10314263237847222,0.005452440455136717,0.2823788180129614,48,75.49650000873953,0,0,0,0,0,0,1,coast
094f143b7.jpg,candidates,0.0,4.916720920138889e-05,0.0,2,80.77160001266748,0,1,0,1,0,1,1,ships
09525b367.jpg,land_coast,0.015489366319444444,0.0009673929626496165,0.23722625206307818,50,82.39419991150498,0,0,0,0,0,0,0,coast
0957ff5f9.jpg,candidates,0.0,0.006212022569444444,0.0,50,84.42169998306781,2,0,0,0,0,0,0,empty
0967e5ea0.jpg,land_coast,0.0,0.20638529459635416,0.0,19,109.51030009891838,2,2,0,1,0,0,1,coast
096f867ec.jpg,land_coast,0.0,0.3046485053168403,0.0,12,104.44180003833026,0,2,0,2,0,2,2,coast
097293761.jpg,candidates,0.0,0.0016937255859375,0.0,1,90.86660004686564,1,5,0,4,0,3,3,ships
0974c9772.jpg,candidates,0.0,0.00010511610243055556,0.0,1,73.94629996269941,2,2,0,2,0,0,1,ships
09c49fb3d.jpg,candidates,0.0,0.00022718641493055556,0.0,7,76.25620008911937,1,0,1,0,1,0,0,empty
09c54c3a7.jpg,candidates,0.0,0.0029856363932291665,0.0,25,86.20699995663017,3,5,2,4,0,4,4,ships
09cee96fd.jpg,candidates,0.0,0.0002492268880208333,0.0,18,77.28279998991638,2,0,1,0,1,0,1,ships
09d8bdfe6.jpg,land_coast,0.0,0.3042365180121528,0.0,5,98.58730004634708,0,1,0,1,0,1,1,coast
09da9a17e.jpg,candidates,0.0,0.0024159749348958335,0.024744669596354168,14,73.75510002020746,4,4,1,3,0,2,2,ships
09e183b5a.jpg,candidates,0.0,0.00044080946180555556,0.0,6,86.35390002746135,3,4,0,2,0,2,2,ships
09f22d2e6.jpg,candidates,0.0,0.0002797444661458333,0.0,4,72.81479996163398,0,3,0,1,0,1,1,ships
0a09da25f.jpg,land_coast,0.0,0.3338572184244792,0.0,1,94.3340000230819,0,1,0,1,0,1,1,coast
0a1156125.jpg,candidates,0.0,0.00010342068142361111,0.0,1,108.25249995104969,1,4,0,1,0,0,1,ships
0a20b9924.jpg,candidates,0.0,0.00037468804253472225,0.0,44,80.23859991226345,1,1,0,1,0,1,1,ships
0a2b3828a.jpg,empty_sea,0.0,0.0,0.0,0,83.92840006854385,0,0,0,0,0,0,0,empty
0a2c6480e.jpg,land_coast,0.0,0.3034294976128472,0.0,10,99.18670007027686,0,2,0,2,0,2,2,coast
0a430f5f4.jpg,candidates,0.0,0.006169637044270833,0.0761532253689236,52,68.63379990682006,4,1,0,1,0,1,1,ships
0a467e92a.jpg,land_coast,0.0,0.13411966959635416,0.0,1,83.37510004639626,0,0,0,0,0,0,0,coast
0a474030e.jpg,candidates,0.0,0.0,0.0,1,87.97210000921041,0,0,0,0,0,0,0,empty
0a4864b49.jpg,candidates,0.0,0.0008460150824652778,0.0,3,86.97489998303354,0,2,0,2,0,2,2,ships
0a49a473f.jpg,candidates,0.0,0.014244927300347222,0.0,10,82.88840006571263,0,5,0,3,0,2,2,ships
0a4ad0982.jpg,land_coast,0.12355211046006945,0.08358970011142872,0.28715703373544565,36,77.87279994226992,2,3,0,0,0,0,2,coast
0a4c56694.jpg,candidates,0.0,0.0009002685546875,0.0,3,81.07409998774529,0,1,0,1,0,1,1,ships
0a78f9786.jpg,candidates,0.0,0.016686333550347224,0.0,20,71.18680002167821,2,1,1,1,1,1,1,ships
0a7a0fa38.jpg,candidates,0.0,0.00032721625434027775,0.0,1,83.36560009047389,0,3,0,1,0,0,1,ships
0a7b289e5.jpg,candidates,0.0,0.0022752549913194445,0.017069498697916668,18,77.87269994150847,0,2,0,2,0,2,2,ships
0a94e5dd1.jpg,land_coast,0.0,0.23150126139322916,0.0,8,97.11470000911504,4,1,0,1,0,1,1,coast
0a975dc66.jpg,land_coast,0.0,0.2772640652126736,0.0,0,98.34180003963411,1,1,0,1,0,1,1,coast
0a9eca6d6.jpg,candidates,0.0,0.0006391737196180555,0.0,80,90.4928999952972,10,2,2,0,0,0,4,ships
0aa980023.jpg,candidates,0.0,0.0016733805338541667,0.0,6,82.8038000036031,0,1,0,1,0,1,1,ships
0ac12b127.jpg,candidates,0.0,0.003387451171875,0.0,3,75.26599999982864,3,1,0,1,0,1,1,ships
0ac4c59c7.jpg,land_coast,0.0,0.1783175998263889,0.0,1,87.68470003269613,0,0,0,0,0,0,0,coast
0acbf7968.jpg,candidates,0.0,7.290310329861111e-05,0.0,1,74.48650000151247,2,0,2,0,0,0,1,ships
0acd25a1b.jpg,candidates,0.0,0.00011867947048611111,0.0,2,81.89859997946769,2,2,0,1,0,1,1,ships
0acfb1627.jpg,land_coast,0.0,0.1556311713324653,0.045740763346354164,41,81.11640007700771,0,0,0,0,0,0,1,coast
0ad77edcb.jpg,candidates,0.0,0.0034739176432291665,0.012000189887152778,11,79.44300002418458,0,1,0,1,0,1,1,ships
0ad7c2758.jpg,land_coast,0.0,0.2770521375868056,0.0,6,94.16209999471903,0,1,0,1,0,1,1,coast
0addd33a3.jpg,candidates,0.0,0.0,0.0,1,85.38920001592487,0,0,0,0,0,0,0,empty
0ae3c476e.jpg,land_coast,0.0,0.17809041341145834,0.0,64,93.76329998485744,0,0,0,0,0,0,0,coast
0ae71fbc2.jpg,candidates,0.0,0.0010833740234375,0.0,4,84.29489994887263,0,1,0,1,0,1,1,ships
0aefb4539.jpg,land_coast,0.0,0.17543538411458334,0.0,35,79.35390004422516,2,1,0,1,0,1,1,coast
0afa40357.jpg,candidates,0.0,0.028215196397569444,0.0,51,104.25309999845922,0,1,0,1,0,1,1,ships
0b01dbc89.jpg,candidates,0.0,0.03783840603298611,0.0,1,80.77620004769415,0,1,0,1,0,1,1,ships
0b15ad41b.jpg,land_coast,0.0286407470703125,0.034025124896248815,0.11108088995267366,78,105.4790000198409,17,20,0,7,0,3,6,coast
0b1bc8662.jpg,candidates,0.0,0.001278347439236111,0.0,6,93.22629997041076,3,1,0,1,0,1,4,ships
0b2bc8131.jpg,candidates,0.0,0.06239657931857639,0.0306243896484375,41,83.23440002277493,4,4,0,3,0,2,2,ships
0b392db6f.jpg,empty_sea,0.0,0.0,0.0,0,77.44590006768703,0,0,0,0,0,0,0,empty
0b40b432c.jpg,candidates,0.0,0.001071506076388889,0.016684638129340276,43,95.23830004036427,2,2,0,2,0,2,2,ships
0b4244187.jpg,candidates,0.0,0.0012834337022569445,0.0,4,81.27189998049289,0,2,0,1,0,1,1,ships
0b4e11e35.jpg,candidates,0.0,0.0003102620442708333,0.0,2,77.73800007998943,1,1,0,1,0,1,2,ships
0b5ef3b0c.jpg,candidates,0.0,0.013524373372395834,0.024285210503472224,22,90.47020005527884,1,1,0,1,0,1,1,ships
0b5effb9c.jpg,candidates,0.0,0.0004069010416666667,0.0,7,76.6719999955967,1,2,0,2,0,2,2,ships
0b6b38300.jpg,candidates,0.0,0.002743191189236111,0.0,20,94.15739995893091,3,4,0,3,0,3,4,ships
0b752a803.jpg,candidates,0.0,0.0013495551215277778,0.0,17,85.71949996985495,0,4,0,2,0,2,2,ships
0b92571d6.jpg,candidates,0.0,0.00013224283854166666,0.0,7,101.24230000656098,0,4,0,1,0,0,1,ships
0bb0453d9.jpg,candidates,0.0,0.019282023111979168,0.0,42,90.18559998366982,0,1,0,1,0,0,1,ships
0bb09ef89.jpg,candidates,0.0,0.001976860894097222,0.0,18,82.1144999936223,0,1,0,1,0,1,1,ships
0bb2329f7.jpg,empty_sea,0.0,0.0,0.0,0,79.91660002153367,0,0,0,0,0,0,0,empty
0bbc681ee.jpg,candidates,0.0,0.0007239447699652778,0.0,2,88.99810002185404,0,1,0,1,0,1,1,ships
0bbf29b74.jpg,candidates,0.0,0.014119466145833334,0.0,41,75.13530005235225,0,1,0,1,0,1,1,ships
0bc11ad09.jpg,land_coast,0.0,0.17276170518663195,0.0,0,78.3904999261722,0,0,0,0,0,0,0,coast
0bd2bd3f0.jpg,candidates,0.0,0.0030805799696180555,0.021360609266493056,22,83.29940005205572,1,1,0,1,0,1,1,ships
0bde4207e.jpg,candidates,0.0,0.0,0.0,38,89.15889996569604,0,3,0,0,0,0,1,ships
0bfb71a47.jpg,candidates,0.0,0.004742092556423611,0.0,16,93.93380000256002,1,2,0,1,0,0,1,ships
0c0861189.jpg,candidates,0.0,0.0006679958767361111,0.0,82,97.95909991953522,0,1,0,1,0,1,1,ships
0c299ccaf.jpg,candidates,0.0,0.002804226345486111,0.0,9,82.05119997728616,2,2,0,1,0,0,1,ships
0c5bf1395.jpg,candidates,0.007103814019097222,0.017126700939476866,0.010324655530857516,72,84.90000001620501,11,0,1,0,0,0,0,empty
0c64825df.jpg,candidates,0.0,0.00020005967881944444,0.0,30,72.48890004120767,0,2,0,0,0,0,1,ships
0c64ce5c9.jpg,candidates,0.0,0.002185397677951389,0.0,8,89.93349992670119,0,1,0,1,0,1,2,ships
0c669f94c.jpg,candidates,0.0,0.0371856689453125,0.0,2,87.51790004316717,3,1,1,1,1,1,1,ships
0c6b7bca1.jpg,candidates,0.054901123046875,0.01782664566025873,0.0,65,87.81999989878386,0,1,0,1,0,1,1,ships
0c748082f.jpg,candidates,0.0,0.012819078233506944,0.0,92,79.97770002111793,22,3,1,0,0,0,1,ships
0c7e7a597.jpg,land_coast,0.0,0.184814453125,0.1057773166232639,0,94.01070000603795,0,0,0,0,0,0,0,coast
0c83c2cd8.jpg,candidates,0.0,0.0018700493706597222,0.0,2,83.55390001088381,0,1,0,1,0,1,1,ships
0c8bf76ab.jpg,candidates,0.0,0.002465142144097222,0.0,18,72.46399996802211,31,2,8,1,2,1,1,ships
0ca6d4877.jpg,land_coast,0.0,0.3178812662760417,0.0,14,86.95759996771812,0,4,0,2,0,0,1,coast
0cb7d1e84.jpg,candidates,0.0,0.00026109483506944444,0.0,5,85.66270000301301,0,1,0,1,0,1,1,ships
0cb8234c9.jpg,candidates,0.0,0.012474907769097222,0.0135345458984375,3,77.36090000253171,0,2,0,1,0,1,1,ships
0cba20fa6.jpg,candidates,0.0,0.0,0.0,12,77.64190004672855,0,0,0,0,0,0,0,empty
0cbf8d68c.jpg,candidates,0.0,0.0015716552734375,0.0,12,87.38919999450445,0,2,0,2,0,2,2,ships
0cdcd25e1.jpg,candidates,0.0,0.029061211480034724,0.0,80,82.05710002221167,7,1,1,1,0,1,1,ships
0cefc8948.jpg,candidates,0.0,0.0008629692925347222,0.025078667534722224,28,91.23590006493032,0,2,0,2,0,2,2,ships
0cf84269c.jpg,candidates,0.0,0.00140380859375,0.0,5,84.55260004848242,0,2,0,2,0,1,2,ships
0cf8a35ea.jpg,candidates,0.0,0.002838134765625,0.011015150282118056,25,93.94190006423742,0,1,0,1,0,1,1,ships
0cfc3c00b.jpg,candidates,0.0,0.008302476671006944,0.0,118,82.92489999439567,0,0,0,0,0,0,0,empty
0d062f06b.jpg,candidates,0.0,0.09627787272135417,0.0,21,96.66399995330721,15,1,1,0,0,0,1,ships
0d0697409.jpg,candidates,0.0,0.0009867350260416667,0.0,7,103.82040007971227,4,4,2,2,0,1,2,ships
0d0f80e85.jpg,candidates,0.0,0.0013071695963541667,0.0,7,65.86309999693185,0,1,0,1,0,1,1,ships
0d1270a81.jpg,candidates,0.0,0.0,0.0,6,85.07000003010035,0,0,0,0,0,0,0,empty
0d1e9e8ad.jpg,candidates,0.0,6.781684027777778e-05,0.0,1,74.65760002378374,0,1,0,1,0,1,1,ships
0d2255fcd.jpg,candidates,0.0,0.027491251627604168,0.0,11,78.73119995929301,0,3,0,0,0,0,1,ships
0d291df5e.jpg,land_coast,0.0,0.3453097873263889,0.0,1,93.81470002699643,0,1,0,1,0,1,1,coast
0d2f9770f.jpg,candidates,0.0,0.07230461968315972,0.05778842502170139,47,97.21369994804263,4,1,1,1,1,1,1,ships
0d34fb0bc.jpg,candidates,0.0,0.0006985134548611111,0.0,2,98.42699998989701,1,3,0,2,0,1,2,ships
0d3516189.jpg,candidates,0.0,0.0010121663411458333,0.0,7,72.16909993439913,0,1,0,1,0,1,1,ships
0d363847d.jpg,empty_sea,0.0,0.004231770833333333,0.0,0,76.98279991745949,0,0,0,0,0,0,0,empty
0d37760fb.jpg,candidates,0.0,0.00043402777777777775,0.0,2,78.09980004094541,0,1,0,1,0,1,1,ships
0d38420ac.jpg,candidates,0.027818467881944444,0.060081568566706156,0.0,118,95.88209993671626,4,1,0,1,0,0,1,ships
0d3f105ab.jpg,candidates,0.0,0.001491970486111111,0.0,9,89.90200003609061,0,1,0,1,0,1,1,ships
0d4d2af8e.jpg,candidates,0.0,0.0,0.0,30,80.95590001903474,0,0,0,0,0,0,0,empty
0d71e6b72.jpg,land_coast,0.1306491427951389,0.0,0.30695200283278834,19,74.95199993718415,0,0,0,0,0,0,0,coast
0d7416980.jpg,candidates,0.0,0.002356635199652778,0.0,2,79.42590001039207,0,4,0,3,0,1,3,ships
0d7c1d566.jpg,land_coast,0.0,0.013253106011284722,0.08653089735243055,64,79.71859991084784,2,4,1,3,0,2,3,coast
0dadcb924.jpg,land_coast,0.011050754123263888,0.3051780130419427,0.029955119866996303,8,92.80949993990362,1,0,0,0,0,0,1,coast
0db77441f.jpg,candidates,0.0,2.712673611111111e-05,0.0,3,74.14580008480698,0,2,0,1,0,1,1,ships
0dbb00adb.jpg,candidates,0.0,0.0007154676649305555,0.07256571451822917,67,89.41199991386384,0,2,0,1,0,1,1,ships
0dcaad2e8.jpg,candidates,0.0,0.0007646348741319445,0.0,2,85.06299997679889,0,1,0,1,0,1,1,ships
0dd92e511.jpg,candidates,0.0,0.011827256944444444,0.015401204427083334,50,72.56629993207753,0,1,0,1,0,1,1,ships
0ddc8badf.jpg,land_coast,0.0,0.2946624755859375,0.0,6,102.40309999790043,0,1,0,1,0,1,1,coast
0de34ade8.jpg,candidates,0.0,3.390842013888889e-05,0.0,1,79.00239992886782,0,2,0,1,0,0,1,ships
0debcd8ae.jpg,candidates,0.0,0.0120086669921875,0.0,54,86.84729994274676,0,0,0,0,0,0,0,empty
0dec35751.jpg,candidates,0.0,0.018834431966145832,0.05006069607204861,76,85.2370000211522,4,2,1,2,0,2,2,ships
0e011db65.jpg,land_coast,0.11126030815972222,0.008937150326899707,0.31168874373059,37,84.82449990697205,0,0,0,0,0,0,0,coast
0e0827831.jpg,candidates,0.0,0.002983940972222222,0.0,23,67.32180004473776,0,1,0,1,0,1,1,ships
0e1ff2cb7.jpg,candidates,0.0,0.011711968315972222,0.0,9,76.99630002025515,0,0,0,0,0,0,0,empty
0e2a3ff67.jpg,candidates,0.0,0.0007985432942708334,0.0,7,78.60110001638532,0,5,0,1,0,0,1,ships
0e2dd8e76.jpg,candidates,0.0,0.0017852783203125,0.0,5,68.39420006144792,0,1,0,1,0,1,1,ships
0e3c1baba.jpg,candidates,0.0,0.003256903754340278,0.0,20,89.89820000715554,3,1,0,1,0,1,1,ships
0e4298511.jpg,candidates,0.0,0.00021701388888888888,0.0,2,99.62420002557337,0,1,0,1,0,1,1,ships
0e4a5ae51.jpg,land_coast,0.004247029622395833,0.2622756963736016,0.0,3,101.586899952963,0,0,0,0,0,0,1,coast
0e4aa6703.jpg,candidates,0.0,0.005098130967881944,0.0,28,83.51110003422946,0,1,0,1,0,1,1,ships
0e6445a14.jpg,land_coast,0.0,0.1451941596137153,0.0,51,107.16369992587715,0,6,0,2,0,0,1,coast
0e65a7093.jpg,empty_sea,0.0,0.0,0.0,0,87.64130005147308,0,0,0,0,0,0,0,empty
0e67d3434.jpg,candidates,0.0,0.003055148654513889,0.019982231987847224,62,76.65439997799695,0,1,0,1,0,1,1,ships
0e68c6286.jpg,candidates,0.0,0.0008951822916666666,0.0,2,77.30939995963126,1,2,0,2,0,2,2,ships
0e6990305.jpg,candidates,0.0,0.0285186767578125,0.0,6,92.22999995108694,0,0,0,0,0,0,1,ships
0e699dde0.jpg,candidates,0.0,0.029754638671875,0.045267740885416664,56,82.08429999649525,6,1,1,1,0,1,1,ships
0e6a7fe30.jpg,candidates,0.0,0.04458279079861111,0.0,24,78.6587999900803,3,8,0,5,0,4,5,ships
0e7975fc6.jpg,candidates,0.0,0.018566555447048612,0.0,127,84.46959999855608,38,7,2,1,1,0,2,ships
0e7b65cab.jpg,candidates,0.0,0.0009579128689236111,0.0,3,85.36909997928888,0,0,0,0,0,0,0,empty
0e7e0f76d.jpg,candidates,0.0,0.0030924479166666665,0.0,66,100.80869996454567,2,0,0,0,0,0,0,empty
0e81ee44b.jpg,candidates,0.0,0.0005018446180555555,0.0,22,76.2652000412345,0,2,0,2,0,2,2,ships
0e845b123.jpg,land_coast,0.0,0.22479417588975695,0.0,10,93.96559989545494,0,3,0,1,0,1,1,coast
0e99e0e40.jpg,candidates,0.0,0.0005442301432291666,0.0,7,80.26170008815825,2,5,0,1,0,0,1,ships
0ebbee9f9.jpg,land_coast,0.0,0.272857666015625,0.0,21,83.57169991359115,0,2,0,2,0,2,4,coast
0ec205f2b.jpg,candidates,0.0,0.029742770724826388,0.0517578125,64,77.19370000995696,0,1,0,1,0,1,1,ships
0ec6df41c.jpg,candidates,0.0,0.00014580620659722222,0.0,1,89.82970006763935,0,2,0,1,0,0,1,ships
0ed86b44b.jpg,candidates,0.0,0.0007137722439236111,0.0,2,83.1698999973014,2,4,0,3,0,1,2,ships
0edd66a67.jpg,candidates,0.0,8.816189236111111e-05,0.0,1,84.57190007902682,0,2,0,1,0,1,1,ships
0ee8a4ea8.jpg,candidates,0.0,0.001193576388888889,0.0,27,84.83820001129061,0,2,0,1,0,0,1,ships
0eecb8a16.jpg,candidates,0.0,0.011942545572916666,0.0617218017578125,50,69.86849999520928,4,1,1,1,0,1,1,ships
0efbf3431.jpg,land_coast,0.0,0.033866034613715276,0.12308586968315972,74,97.35850000288337,19,7,5,3,2,1,9,coast
0f34bea30.jpg,candidates,0.0,0.0018598768446180555,0.0,6,90.65489994827658,0,1,0,1,0,1,1,ships
0f5b253f0.jpg,land_coast,0.0,0.2045525444878472,0.0,52,80.61679999809712,5,0,0,0,0,0,1,coast
0f5bf2f15.jpg,empty_sea,0.0,0.0,0.0,0,96.0073999594897,0,0,0,0,0,0,0,empty
0f6f01e69.jpg,land_coast,0.1693878173828125,4.6207615014954464e-05,0.10852278455489464,49,89.3252999521792,0,2,0,2,0,2,3,coast
0f7a3efdf.jpg,land_coast,0.025868733723958332,0.004956882156278894,0.22051446108847508,28,76.66679995600134,2,2,1,1,1,1,1,coast
0f7aba2e0.jpg,land_coast,0.050650702582465276,0.005430919892575211,0.08492164681839966,13,76.1158000677824,8,7,3,0,2,0,4,coast
0f7cb7b56.jpg,candidates,0.0,0.0120086669921875,0.029062906901041668,45,84.87160003278404,0,1,0,1,0,1,1,ships
0f8134343.jpg,candidates,0.0,0.0006985134548611111,0.0,32,109.66779990121722,0,0,0,0,0,0,0,empty
0f81bc382.jpg,land_coast,0.0,0.24521043565538195,0.0,57,78.29119998496026,0,1,0,1,0,1,1,coast
0f8b47d44.jpg,land_coast,0.0,0.0011461046006944445,0.0934566921657986,56,86.6341000655666,0,3,0,2,0,1,1,coast
0fa4ddf64.jpg,land_coast,0.0,0.011593288845486112,0.22953287760416666,70,77.32119993306696,1,8,0,4,0,2,8,coast
0ff239dd3.jpg,candidates,0.0,0.00014071994357638888,0.0,1,85.0061000091955,0,2,0,1,0,1,1,ships
100383c25.jpg,candidates,0.0,0.020089043511284724,0.0,13,88.95790006499738,0,2,0,1,0,1,1,ships
101bf6dad.jpg,candidates,0.0,0.0017683241102430555,0.06302727593315972,42,91.39549999963492,0,1,0,1,0,1,1,ships
10213647d.jpg,land_coast,0.0,0.2987518310546875,0.0,0,92.09160006139427,0,0,0,0,0,0,0,coast
102193b0a.jpg,empty_sea,0.0,0.0,0.0,0,80.54579992312938,0,0,0,0,0,0,0,empty
10306ca2a.jpg,candidates,0.0,0.0007849799262152778,0.0,3,83.7575999321416,0,2,0,1,0,1,1,ships
104f9a4c8.jpg,candidates,0.0,0.002966986762152778,0.0,3,73.94759997259825,0,2,0,1,0,0,1,ships
105dc5604.jpg,candidates,0.0,0.000213623046875,0.0,31,80.69739991333336,2,4,0,2,0,2,2,ships
1076a4e9e.jpg,candidates,0.0,0.0005917019314236111,0.0,80,85.99789999425411,0,0,0,0,0,0,0,empty
107dc1bc4.jpg,candidates,0.0,0.031275431315104164,0.0,43,96.10079997219145,13,3,4,1,3,1,3,ships
1093ebba2.jpg,land_coast,0.21530659993489584,0.24318375117839452,0.0,0,92.30090002529323,0,1,0,0,0,0,1,coast
1097748b8.jpg,land_coast,0.0,0.24761962890625,0.0,44,80.6194000178948,0,1,0,1,0,1,1,coast
109de8d41.jpg,candidates,0.0,0.0,0.0,1,72.87739997263998,0,0,0,0,0,0,0,empty
10a5cb97d.jpg,candidates,0.0,0.0007392035590277778,0.0,6,100.72049999143928,0,2,0,2,0,2,2,ships
10acf3589.jpg,candidates,0.0,0.00044080946180555556,0.0,15,77.08799990359694,0,0,0,0,0,0,0,empty
10c100962.jpg,candidates,0.0,0.00032212999131944444,0.0,8,71.61819993052632,0,2,0,2,0,2,3,ships
10c786126.jpg,candidates,0.0,0.002987331814236111,0.0,14,87.69140008371323,0,8,0,6,0,5,6,ships
10c9d2e4a.jpg,candidates,0.0,0.0011376274956597222,0.0,9,83.96620000712574,0,2,0,2,0,2,2,ships
10cfc8ca8.jpg,candidates,0.0,0.007620917426215278,0.0,2,91.4603000273928,0,4,0,3,0,2,2,ships
10defd098.jpg,candidates,0.0,0.006578233506944444,0.0,16,89.31619999930263,0,2,0,2,0,2,2,ships
10e334e8d.jpg,land_coast,0.5952538384331597,0.014880427498148214,0.2201950548481535,20,80.63520002178848,0,0,0,0,0,0,2,coast
10f8ab308.jpg,candidates,0.0,0.004823472764756944,0.0,35,94.46010005194694,0,1,0,1,0,1,1,ships
1106253f8.jpg,candidates,0.0,0.0004781087239583333,0.0,4,89.22689990140498,1,1,1,1,1,1,1,ships
110aa83cb.jpg,empty_sea,0.0,0.09596421983506945,0.0,0,94.7001000167802,0,0,0,0,0,0,0,empty
1117dbd46.jpg,candidates,0.0,0.0009256998697916666,0.0,25,94.71459989435971,0,1,0,1,0,1,1,ships
111c59e0d.jpg,candidates,0.0,0.028650919596354168,0.052466498480902776,11,70.3747000079602,8,2,1,1,0,0,1,ships
112b48a92.jpg,candidates,0.0,0.0015106201171875,0.06357828776041667,46,75.6186000071466,5,0,2,0,0,0,0,empty
11319bd4d.jpg,land_coast,0.0,0.21955702039930555,0.0,1,75.93869999982417,0,0,0,0,0,0,0,coast
11374fdd1.jpg,land_coast,0.0,0.3472934299045139,0.0,0,90.82820010371506,1,1,0,1,0,1,2,coast
113b5371f.jpg,candidates,0.0,0.0010002983940972222,0.0,2,88.72689993586391,0,3,0,2,0,0,1,ships
113c5965a.jpg,candidates,0.0,0.012049357096354166,0.0,18,102.59659995790571,0,0,0,0,0,0,0,empty
115f9bef0.jpg,candidates,0.0,0.0,0.0,2,77.05039996653795,0,2,0,1,0,1,1,ships
1165285c5.jpg,empty_sea,0.0,0.0,0.0,0,72.61549995746464,0,0,0,0,0,0,0,empty
1169a2c66.jpg,candidates,0.0,0.008660210503472222,0.018039279513888888,87,79.47819994296879,0,1,0,0,0,0,1,ships
116dc2a67.jpg,candidates,0.0,0.010089450412326388,0.011335584852430556,12,91.25389996916056,1,2,0,2,0,2,2,ships
1172ecf76.jpg,candidates,0.0,0.0012461344401041667,0.0,6,87.46350009460002,3,5,1,3,0,3,4,ships
11790c78f.jpg,candidates,0.0,5.764431423611111e-05,0.0,14,85.89700004085898,0,1,0,1,0,1,1,ships
1179e005f.jpg,candidates,0.0,0.003345065646701389,0.0,2,101.0299000190571,0,2,0,1,0,1,1,ships
118992fba.jpg,land_coast,0.0,0.2536129421657986,0.0,3,98.94500009249896,0,2,0,0,0,0,2,coast
1195f6082.jpg,candidates,0.021343655056423612,0.0007921676603659675,0.05696627703882843,14,69.7250000666827,0,1,0,1,0,1,1,ships
11bdd3b25.jpg,candidates,0.0,0.005072699652777778,0.0,15,82.98060006927699,9,4,2,2,0,1,2,ships
11ef28b6d.jpg,land_coast,0.0,0.07029045952690972,0.3160925971137153,42,82.18450006097555,5,3,1,3,1,1,3,coast
11f1398df.jpg,land_coast,0.0,0.3232947455512153,0.0,2,101.46829998120666,0,0,0,0,0,0,0,coast
11f537a9a.jpg,candidates,0.0,0.002956814236111111,0.0,30,84.19820002745837,0,0,0,0,0,0,0,empty
1215892e3.jpg,candidates,0.0,0.007422553168402778,0.0,93,90.69169999565929,0,1,0,1,0,1,1,ships
1232d4183.jpg,candidates,0.0,0.00012037489149305556,0.0,1,88.5878000408411,0,1,0,1,0,1,1,ships
123b7ff5f.jpg,candidates,0.011252509223090278,0.00014789948338366502,0.019557127035337657,18,89.40779999829829,0,2,0,2,0,0,1,ships
125cb02ff.jpg,empty_sea,0.0,0.0,0.0,0,84.03180004097521,0,0,0,0,0,0,0,empty
125fb4347.jpg,land_coast,0.0,0.015953911675347224,0.2966664632161458,49,93.44640001654625,0,1,0,1,0,1,1,coast
127ede551.jpg,land_coast,0.0,0.053292168511284724,0.1070556640625,64,88.5150000685826,5,4,1,2,0,2,3,coast
1281987a7.jpg,candidates,0.0,0.00103759765625,0.0,5,71.90209999680519,0,1,0,1,0,1,1,ships
1286d5f8e.jpg,land_coast,0.0,0.3003997802734375,0.0,5,91.57380007673055,0,6,0,2,0,2,2,coast
1293fb3e1.jpg,candidates,0.0,5.764431423611111e-05,0.0,2,92.92640001513064,1,1,1,1,1,0,1,ships
12ac8d91f.jpg,candidates,0.0,0.020853678385416668,0.0,17,89.51830002479255,0,3,0,2,0,2,2,ships
12c41b236.jpg,land_coast,0.0,0.2812550862630208,0.0,0,79.21889994759113,0,0,0,0,0,0,0,coast
12c9ea516.jpg,candidates,0.0,0.000640869140625,0.0,2,89.85630003735423,0,1,0,1,0,1,1,ships
12d2ca743.jpg,land_coast,0.0,0.3037974039713542,0.0,13,93.5944999800995,0,1,0,1,0,1,1,coast
12d7e1a24.jpg,land_coast,0.009838528103298612,0.00038505041753904653,0.11342657054158028,60,81.40479994472116,0,13,0,8,0,7,7,coast
12f42a9bd.jpg,candidates,0.0,0.007439507378472222,0.0,1,82.26830000057817,0,0,0,0,0,0,0,empty
13038001c.jpg,land_coast,0.0,0.007422553168402778,0.2983245849609375,82,85.51110001280904,0,0,0,0,0,0,0,coast
13148ae99.jpg,candidates,0.0,0.0009104410807291666,0.0,3,74.35010001063347,0,1,0,1,0,1,1,ships
131ecea79.jpg,candidates,0.0,0.014309353298611112,0.0306243896484375,60,90.37830005399883,2,1,0,1,0,1,1,ships
13291b6f8.jpg,candidates,0.0,0.0025804307725694445,0.0,11,73.47299996763468,0,3,0,3,0,3,3,ships
133b13bda.jpg,candidates,0.0,0.05019972059461805,0.0,57,89.54459999222308,0,0,0,0,0,0,0,empty
133e519f7.jpg,land_coast,0.0,0.2933485243055556,0.0,6,88.5485999751836,11,2,5,2,3,2,2,coast
13466bcf9.jpg,candidates,0.0,0.0004119873046875,0.0,14,77.64439994934946,1,4,0,1,0,0,1,ships
134c1a225.jpg,candidates,0.0,0.0004696316189236111,0.0,3,83.51350005250424,1,1,1,1,1,1,1,ships
135099204.jpg,empty_sea,0.0,0.0,0.0,0,93.98870007134974,0,0,0,0,0,0,0,empty
13522033c.jpg,candidates,0.0,0.0005679660373263889,0.0,2,92.61619998142123,0,1,0,1,0,1,1,ships
135a2a350.jpg,candidates,0.0,0.002621120876736111,0.0,4,91.99700003955513,1,1,0,1,0,1,3,ships
135f22189.jpg,land_coast,0.0,0.015006171332465278,0.08207024468315972,63,77.40410009864718,0,2,0,1,0,1,1,coast
136c2dbcd.jpg,land_coast,0.006134033203125,0.13214198361780113,0.0,24,76.7356000142172,4,11,1,5,0,2,5,coast
1373dbd93.jpg,candidates,0.0,0.026880900065104168,0.014967176649305556,30,86.19780000299215,0,4,0,3,0,0,1,ships
1385a619b.jpg,candidates,0.0,0.0013953314887152778,0.0,2,91.30049997474998,0,2,0,1,0,0,1,ships
139b3ab79.jpg,candidates,0.0,0.0010325113932291667,0.0,4,107.04489995259792,1,1,0,1,0,1,3,ships
13aa7315c.jpg,candidates,0.0,0.004106309678819444,0.0,15,105.10849999263883,0,3,0,3,0,3,3,ships
13e5d5e5a.jpg,candidates,0.0,0.00011359320746527778,0.0,1,81.21229999233037,2,4,1,0,0,0,1,ships
13f654053.jpg,candidates,0.0,0.0,0.0,5,91.23380004893988,0,0,0,0,0,0,0,empty
144a5986b.jpg,empty_sea,0.0,7.120768229166667e-05,0.0,0,92.61809999588877,0,0,0,0,0,0,0,empty
1453d4c00.jpg,candidates,0.0,0.00025770399305555556,0.0,2,90.36559995729476,0,2,0,2,0,2,2,ships
1453e0557.jpg,land_coast,0.0,0.12162102593315972,0.0,6,99.06179993413389,0,1,0,1,0,1,1,coast
1469c3a5a.jpg,land_coast,0.0,0.24863179524739584,0.0,0,90.45160003006458,0,0,0,0,0,0,0,coast
1476c98b9.jpg,candidates,0.0,0.0008833143446180555,0.0,6,82.57309999316931,1,1,0,1,0,1,1,ships
147bc43db.jpg,candidates,0.0,0.0014801025390625,0.0,12,95.2009999891743,6,8,2,5,0,1,5,ships
14814c9cd.jpg,land_coast,0.0,0.1417728000217014,0.0,48,80.78289998229593,0,3,0,1,0,0,4,coast
148559881.jpg,candidates,0.0,0.004813300238715278,0.0,26,83.13250006176531,0,1,0,1,0,1,1,ships
149454555.jpg,candidates,0.0,0.0007832845052083334,0.0,5,74.01580002624542,0,1,0,1,0,1,1,ships
149f806bd.jpg,land_coast,0.7367570665147569,0.08697374123836141,0.23527521633214268,15,78.62379995640367,1,3,0,1,0,0,1,coast
14a1efc07.jpg,candidates,0.0019480387369791667,0.03787041414282265,0.07712164446364134,74,83.53270008228719,5,7,1,4,1,4,6,ships
14a63d1fe.jpg,candidates,0.0,0.0016276041666666667,0.0,10,94.54299998469651,2,5,0,4,0,3,4,ships
14ac0acf1.jpg,candidates,0.0,0.007939656575520834,0.045784844292534724,53,87.97999995294958,1,8,1,1,1,0,5,ships
14d37f915.jpg,land_coast,0.0791965060763889,0.0020147889664340313,0.14428872473488624,24,73.84470000397414,2,3,0,2,0,1,4,coast
14db79c5f.jpg,candidates,0.0,0.00043572319878472225,0.021124945746527776,41,79.37040005344898,0,0,0,0,0,0,0,empty
14ea69373.jpg,candidates,0.0,0.0005035400390625,0.0,3,77.01839995570481,0,1,0,1,0,1,1,ships
14f4fb908.jpg,candidates,0.0,0.00022549099392361112,0.0,3,76.64409989956766,0,1,0,1,0,1,1,ships
14fb01cab.jpg,candidates,0.0,0.09937540690104167,0.0,16,86.55680005904287,25,6,4,4,2,4,6,ships
1508c94ab.jpg,land_coast,0.0,0.23032633463541666,0.025639851888020832,27,86.77829999942333,4,7,0,6,0,5,7,coast
15224645e.jpg,candidates,0.0,2.3735894097222223e-05,0.0,50,79.13820003159344,0,0,0,0,0,0,0,empty
1523f641a.jpg,land_coast,0.059458414713541664,0.13394526168500143,0.11910739597643141,13,94.69029994215816,0,0,0,0,0,0,0,coast
15333d228.jpg,candidates,0.0,0.0008205837673611111,0.0,52,81.04540000203997,0,0,0,0,0,0,0,empty
15391f0a2.jpg,candidates,0.0,0.0005527072482638889,0.0,16,87.74999994784594,0,1,0,1,0,1,1,ships
153ae1870.jpg,candidates,0.0,0.009282430013020834,0.0,4,77.91530003305525,0,0,0,0,0,0,0,empty
153dc6955.jpg,candidates,0.0,0.003638373480902778,0.0,32,95.81640001852065,0,5,0,5,0,5,6,ships
15560bcc0.jpg,candidates,0.0,0.002288818359375,0.0,21,72.8111999342218,1,3,0,3,0,2,3,ships
1582eecfe.jpg,land_coast,0.0,0.020402696397569444,0.08544413248697917,36,79.11960000637919,4,4,1,1,1,0,1,coast
1583986c9.jpg,candidates,0.0,0.004152086046006944,0.0,21,77.37860002089292,0,3,0,3,0,3,3,ships
15a38a09e.jpg,candidates,0.0,0.0,0.0,23,72.53170001786202,0,0,0,0,0,0,0,empty
15acbd70e.jpg,land_coast,0.0,0.006742689344618056,0.1850314670138889,42,84.54980002716184,3,4,0,2,0,1,4,coast
15ad76fce.jpg,candidates,0.0,0.0007442898220486111,0.0,3,93.22419995442033,0,2,0,1,0,1,1,ships
15b6f3223.jpg,land_coast,0.0,0.3144022623697917,0.0,25,98.03290001582354,0,2,0,1,0,1,1,coast
15b8b2e75.jpg,candidates,0.0,0.00017632378472222222,0.0,2,106.2343999510631,0,3,0,2,0,1,2,ships
15bb3c734.jpg,candidates,0.0,0.003811306423611111,0.0,14,74.5253999484703,1,6,0,4,0,4,4,ships
15c1347cd.jpg,land_coast,0.0,0.04575941297743055,0.21182759602864584,28,77.95860001351684,0,1,0,1,0,1,1,coast
15d775515.jpg,candidates,0.0,0.00014241536458333334,0.0,1,91.01909992750734,0,1,0,1,0,1,1,ships
15e51def6.jpg,candidates,0.0,0.0013580322265625,0.0,42,99.4146999437362,0,2,0,2,0,2,2,ships
15f212f47.jpg,candidates,0.0,0.0003306070963541667,0.0,2,83.40150001458824,2,1,1,1,1,1,1,ships
1603a3ccb.jpg,land_coast,0.0,0.023101806640625,0.2269134521484375,48,106.24760005157441,7,1,1,1,1,1,1,coast
160d1b5ec.jpg,candidates,0.0,0.0008154975043402778,0.0,14,77.12970010470599,0,1,0,1,0,1,1,ships
160f8490b.jpg,candidates,0.0,0.0003611246744791667,0.0,5,91.85399999842048,0,2,0,1,0,1,1,ships
16139c28d.jpg,candidates,0.0,0.0,0.01416015625,56,82.14199997019023,0,0,0,0,0,0,0,empty
1622e4344.jpg,land_coast,0.0,0.3158603244357639,0.0,3,86.10840002074838,0,1,0,1,0,1,1,coast
1626de534.jpg,candidates,0.0,0.001163058810763889,0.0,4,76.14260003902018,0,3,0,3,0,3,3,ships
162af9297.jpg,land_coast,0.0,0.23752000596788195,0.0,4,80.93099994584918,0,1,0,1,0,1,1,coast
1635616e4.jpg,land_coast,0.006030612521701389,0.047302884673002484,0.29401955530597323,36,83.6140998871997,1,2,1,2,0,2,2,coast
16372685c.jpg,candidates,0.0,0.000640869140625,0.0,20,77.51179998740554,0,6,0,3,0,2,2,ships
163ae7fca.jpg,land_coast,0.0,0.15482076009114584,0.0,15,90.24859999772161,0,1,0,1,0,1,1,coast
1645884a0.jpg,candidates,0.0,0.00036451551649305556,0.0,4,100.91929999180138,0,1,0,1,0,1,1,ships
164e834c9.jpg,candidates,0.0,0.10628594292534722,0.0,29,81.7603999748826,0,1,0,1,0,1,1,ships
16623c042.jpg,land_coast,0.0,0.3044891357421875,0.0,7,86.61939995363355,0,1,0,1,0,1,1,coast
166ba286d.jpg,candidates,0.0,0.00201416015625,0.0,7,87.83540001604706,0,1,0,1,0,1,1,ships
1674b8918.jpg,candidates,0.0,0.0,0.0,1,73.60220002010465,0,0,0,0,0,0,0,empty
1676c8e96.jpg,land_coast,0.0,0.3726382785373264,0.0,5,101.6135000390932,2,2,0,1,0,1,2,coast
168f1d71b.jpg,land_coast,0.0,0.2987603081597222,0.0,5,77.28610001504421,0,1,0,1,0,1,1,coast
1696a45bc.jpg,candidates,0.0,0.0,0.0,10,78.86709994636476,0,2,0,0,0,0,1,ships
169cdc96b.jpg,candidates,0.0,0.0002848307291666667,0.0,1,75.33659995533526,0,1,0,1,0,1,1,ships
16a164a9c.jpg,candidates,0.0,0.001888699001736111,0.0,6,86.49470005184412,0,1,0,1,0,1,1,ships
16a32fd9b.jpg,candidates,0.0,0.00013224283854166666,0.0,1,74.27199999801815,2,5,0,1,0,0,2,ships
16af068ec.jpg,candidates,0.0,0.012208726671006944,0.0,36,78.50719999987632,0,0,0,0,0,0,0,empty
16b620c6d.jpg,land_coast,0.11328803168402778,0.2934547512884934,0.0,16,83.42789998278022,2,0,0,0,0,0,1,coast
16bf0c215.jpg,candidates,0.0,0.003100925021701389,0.0,21,92.13350003119558,0,1,0,1,0,1,1,ships
16c2999b1.jpg,candidates,0.0,0.006590101453993056,0.0,8,72.12160003837198,1,4,1,2,0,1,2,ships
16cc45aca.jpg,candidates,0.0,0.00010172526041666667,0.0,5,86.5139999659732,0,1,0,1,0,1,1,ships
16f25a174.jpg,candidates,0.0,0.00016954210069444444,0.028986612955729168,6,75.64229995477945,0,0,0,0,0,0,0,empty
16f539801.jpg,candidates,0.0,0.005683051215277778,0.0,1,75.67170006223023,0,2,0,2,0,1,1,ships
16ff0f0da.jpg,candidates,0.0,0.0001068115234375,0.0,41,93.95620005670935,0,2,0,1,0,1,1,ships
170db3f05.jpg,land_coast,0.0,0.2764383951822917,0.0,8,87.4078000197187,0,0,0,0,0,0,0,coast
1721f5d2f.jpg,land_coast,0.0,0.2924109564887153,0.0,0,84.28990002721548,0,0,0,0,0,0,1,coast
17246c643.jpg,candidates,0.0,0.0016276041666666667,0.0,4,75.5629000486806,2,3,0,1,0,1,2,ships
1726d40b1.jpg,candidates,0.0,0.00040351019965277775,0.0,20,77.68240000586957,7,2,1,2,0,2,2,ships
17281a4dd.jpg,candidates,0.0,0.0021226671006944445,0.023447672526041668,28,81.348100095056,0,1,0,1,0,1,1,ships
173d98541.jpg,candidates,0.0,0.0033518473307291665,0.02215576171875,14,105.86389992386103,4,2,0,2,0,2,2,ships
1740e9502.jpg,candidates,0.0,4.916720920138889e-05,0.0,3,76.23750006314367,0,3,0,1,0,0,1,ships
1751d5562.jpg,candidates,0.0,0.0004764133029513889,0.023623996310763888,3,76.22019993141294,0,1,0,1,0,1,1,ships
175f0bc4e.jpg,candidates,0.0,0.0588531494140625,0.0,28,82.78779999818653,2,6,2,6,2,6,6,ships
17770f2a8.jpg,candidates,0.0,0.0008205837673611111,0.0,57,86.96010010316968,0,0,0,0,0,0,0,empty
177b90121.jpg,candidates,0.0,0.0009663899739583334,0.0,2,74.4260000064969,1,1,0,1,0,1,1,ships
17804f4a5.jpg,candidates,0.0,0.001086764865451389,0.028527153862847224,22,80.52920002955943,2,6,0,3,0,2,3,ships
178bec095.jpg,land_coast,0.0,0.02142333984375,0.3589731852213542,32,76.31129992660135,1,4,1,3,0,2,5,coast
178c34d1c.jpg,candidates,0.0,0.0009324815538194445,0.0,4,67.96669994946569,0,1,0,1,0,1,1,ships
17980f5e4.jpg,land_coast,0.0,0.00032212999131944444,0.09586079915364583,57,88.40290002990514,0,5,0,2,0,0,2,coast
179f643cb.jpg,candidates,0.0,0.0010833740234375,0.010219997829861112,59,85.93289996497333,10,2,2,2,1,2,2,ships
17c234248.jpg,candidates,0.0,0.0,0.0,14,87.33290003146976,0,1,0,1,0,1,1,ships
17d0b06e1.jpg,candidates,0.0,0.0006849500868055555,0.0,5,71.20370003394783,1,2,0,2,0,0,1,ships
17d340b7c.jpg,land_coast,0.1052127414279514,0.00882690921839394,0.26638490154451433,64,74.61370003875345,0,0,0,0,0,0,0,coast
17db77366.jpg,candidates,0.0,0.0014478895399305555,0.0,2,76.03640004526824,0,1,0,1,0,1,1,ships
17e4b69db.jpg,candidates,0.0,0.00028143988715277775,0.0,6,76.36390009429306,2,2,1,2,0,0,1,ships
17e60f700.jpg,land_coast,0.0,0.24730088975694445,0.0,3,77.35810009762645,0,0,0,0,0,0,0,coast
17e831210.jpg,candidates,0.0,0.013631184895833334,0.0,38,75.86729992181063,0,1,0,0,0,0,1,ships
17f2cca1d.jpg,candidates,0.0,0.004969278971354167,0.0,30,92.29659999255091,26,6,11,5,8,4,5,ships
17f5d54f5.jpg,candidates,0.0,0.013761732313368056,0.0,45,77.51640002243221,3,8,1,5,0,4,4,ships
17f6ab7cd.jpg,candidates,0.0,0.011006673177083334,0.0,70,69.3827000213787,1,2,0,2,0,2,2,ships
180ff73ff.jpg,land_coast,0.0,0.3254021538628472,0.0,1,109.56299991812557,0,1,0,1,0,1,1,coast
1818c134a.jpg,land_coast,0.0,0.3389027913411458,0.0,0,94.06329994089901,0,1,0,1,0,1,1,coast
1837bdb41.jpg,land_coast,0.0,0.019904242621527776,0.08524407280815972,77,79.64120001997799,1,4,0,2,0,2,2,coast
183896083.jpg,candidates,0.0,0.002093844943576389,0.0,7,99.1691000526771,0,2,0,1,0,1,1,ships
183e6fdd2.jpg,candidates,0.0,0.0,0.0,7,75.11420000810176,0,0,0,0,0,0,0,empty
184004e89.jpg,land_coast,0.0,0.3229777018229167,0.0,4,79.57870000973344,0,1,0,1,0,1,1,coast
1844eddf2.jpg,candidates,0.0,0.022304958767361112,0.037053426106770836,116,83.23959994595498,10,3,0,3,0,3,3,ships
1850926b8.jpg,candidates,0.0,0.0023634168836805555,0.0,14,90.41239996440709,4,7,0,2,0,0,2,ships
185d6e84c.jpg,empty_sea,0.0,0.0,0.0,0,89.40109994728118,0,0,0,0,0,0,0,empty
185e9982c.jpg,candidates,0.0,0.0025312635633680555,0.0,10,81.37679996434599,0,1,0,1,0,1,1,ships
18722fb07.jpg,land_coast,0.0,0.3441908094618056,0.0,0,97.56699996069074,0,1,0,1,0,1,1,coast
187e5a6a6.jpg,empty_sea,0.0,0.0,0.0,0,71.06750004459172,0,0,0,0,0,0,0,empty
188b06cf8.jpg,candidates,0.0,0.0004526774088541667,0.0,3,70.61880000401288,0,4,0,2,0,2,2,ships
18acc0aeb.jpg,candidates,0.0,0.004584418402777778,0.0,9,69.3873999407515,0,1,0,1,0,1,1,ships
18b9332f9.jpg,candidates,0.0,2.3735894097222223e-05,0.0,10,94.2207999760285,0,0,0,0,0,0,0,empty
18e2acdec.jpg,candidates,0.0,3.5603841145833336e-05,0.0,29,87.03230007085949,0,0,0,0,0,0,0,empty
18e50fa4d.jpg,candidates,0.0,0.0003102620442708333,0.0,2,84.34989990200847,2,3,0,3,0,2,2,ships
18ea7b5c6.jpg,candidates,0.0,0.0008205837673611111,0.0,17,78.29520001541823,1,5,0,5,0,3,3,ships
18ee4f771.jpg,empty_sea,0.0,0.0,0.0,0,80.87960002012551,0,0,0,0,0,0,0,empty
18f538988.jpg,land_coast,0.0,0.3236202663845486,0.0,1,104.09030003938824,0,0,0,0,0,0,1,coast
18fb7fa98.jpg,candidates,0.015311347113715278,0.10360465740938102,0.010929558329390928,29,83.2430999726057,4,1,2,1,0,1,1,ships
1908aba09.jpg,land_coast,0.0,0.1612311469184028,0.0,8,81.99279999826103,0,0,0,0,0,0,1,coast
1911d1261.jpg,candidates,0.0,0.0008629692925347222,0.041344536675347224,40,73.71670007705688,0,1,0,1,0,1,1,ships
19179714c.jpg,candidates,0.0,0.0012223985460069445,0.048195732964409724,35,100.30320007354021,0,1,0,1,0,0,1,ships
1923f24c9.jpg,candidates,0.0,0.000396728515625,0.0,4,84.19129997491837,5,2,1,2,0,1,1,ships
1928d1ad2.jpg,candidates,0.0,0.0,0.0,1,81.72419993206859,0,3,0,2,0,1,1,ships
1929aba96.jpg,candidates,0.0,0.001720852322048611,0.0,11,95.35199997480959,0,1,0,1,0,1,1,ships
192bd6793.jpg,land_coast,0.0,0.2210845947265625,0.0,0,105.56809999980032,0,0,0,0,0,0,0,coast
194704730.jpg,candidates,0.0,0.001849704318576389,0.0,7,103.49490004591644,2,9,1,5,1,3,5,ships
194ee5699.jpg,candidates,0.0,0.024785359700520832,0.0,76,84.74420011043549,0,1,0,1,0,1,1,ships
195f6f0e5.jpg,candidates,0.0,0.00030348036024305556,0.0,5,82.08610001020133,0,4,0,2,0,1,2,ships
196ee962f.jpg,land_coast,0.0,0.22401258680555555,0.0,41,88.38299999479204,1,1,0,1,0,1,1,coast
19956a879.jpg,candidates,0.0,0.002453274197048611,0.0,15,87.60580001398921,0,3,0,3,0,2,2,ships
199f91554.jpg,candidates,0.0,0.0,0.0,6,79.619099968113,0,1,0,1,0,1,1,ships
19a6c3326.jpg,candidates,0.0,0.00017462836371527778,0.0,2,84.31510010268539,0,2,0,2,0,2,2,ships
19acbe356.jpg,land_coast,0.0,0.07514105902777778,0.1192287868923611,62,81.14350005052984,6,2,0,2,0,2,2,coast
19c8196e0.jpg,candidates,0.0,0.00039503309461805556,0.0,5,92.3835999565199,2,1,0,1,0,1,1,ships
19d0217b0.jpg,candidates,0.0,4.916720920138889e-05,0.0,1,96.25830000732094,0,2,0,2,0,0,1,ships
19d659f8a.jpg,candidates,0.0,0.00042894151475694444,0.0,11,80.47000004444271,3,3,1,1,0,0,1,ships
19dcd64f2.jpg,candidates,0.0,0.04484897189670139,0.0,2,79.72839998546988,0,0,0,0,0,0,0,empty
19e27883d.jpg,candidates,0.0,0.0014394124348958333,0.0,5,86.42559999134392,0,1,0,1,0,1,1,ships
19e2fd98c.jpg,land_coast,0.0,0.2207302517361111,0.0,29,88.36880000308156,2,1,1,1,0,1,1,coast
19e954db4.jpg,land_coast,0.0,0.2591027153862847,0.0,2,82.04080001451075,0,2,0,0,0,0,1,coast
19f41b89f.jpg,land_coast,0.0,0.13603379991319445,0.0,44,97.00990002602339,0,0,0,0,0,0,0,coast
19f577039.jpg,candidates,0.021796332465277776,0.0007706398398182473,0.03920521460492966,31,93.81680004298687,2,1,0,1,0,1,1,ships
19f7a193d.jpg,candidates,0.3915540907118056,0.0006167437106825884,0.0,30,70.4564000479877,0,1,0,1,0,1,1,ships
1a0129a7c.jpg,candidates,0.0,0.002322726779513889,0.0,14,75.16350003425032,0,1,0,1,0,1,1,ships
1a093117c.jpg,candidates,0.0,0.0004153781467013889,0.0,19,102.49730001669377,0,2,0,1,0,1,1,ships
1a116c81a.jpg,land_coast,0.0,0.2848036024305556,0.0,15,89.81079992372543,7,3,1,2,0,2,3,coast
1a359dac8.jpg,candidates,0.0,4.916720920138889e-05,0.0,1,86.5341000026092,0,2,0,1,0,1,1,ships
1a3bedc55.jpg,candidates,0.0,0.0019243028428819445,0.0,20,94.50279991142452,0,3,0,3,0,3,3,ships
1a3e096cc.jpg,candidates,0.0,0.028257581922743056,0.0,4,84.91969993337989,2,2,0,1,0,1,1,ships
1a47330cf.jpg,candidates,0.0,0.003195868598090278,0.0,10,92.92370011098683,4,1,0,1,0,1,2,ships
1a4cdc3a6.jpg,candidates,0.0,0.001391940646701389,0.0,70,103.16089994739741,0,0,0,0,0,0,0,empty
1a510701f.jpg,candidates,0.0,0.00011528862847222222,0.0,16,81.09920006245375,0,0,0,0,0,0,0,empty
1a5838dc6.jpg,candidates,0.0,0.002205742730034722,0.027199639214409724,34,102.03339997678995,0,3,0,3,0,3,3,ships
1a61e4579.jpg,candidates,0.0,0.0006035698784722222,0.0,16,90.33709997311234,4,1,1,1,0,1,1,ships
1a7261884.jpg,candidates,0.0,0.002773708767361111,0.0,9,92.7624999312684,3,6,2,4,1,3,4,ships
1a8944c02.jpg,land_coast,0.0,0.19557698567708334,0.0,7,71.6829999582842,0,0,0,0,0,0,0,coast
1a8d8df1c.jpg,land_coast,0.0,0.1920623779296875,0.0,20,77.572499983944,5,1,0,1,0,1,1,coast
1aa8eac4c.jpg,candidates,0.0,0.023730807834201388,0.016854180230034724,71,87.29329996276647,0,2,0,2,0,2,2,ships
1aab43e74.jpg,candidates,0.0,0.00390625,0.0166473388671875,19,91.06509992852807,2,1,1,1,1,1,1,ships
1ac0edfc8.jpg,candidates,0.0,0.044581095377604164,0.0,47,93.46750006079674,0,0,0,0,0,0,0,empty
1ae955a67.jpg,land_coast,0.0,0.2805396185980903,0.0,3,101.48970002774149,1,1,1,1,1,1,1,coast
1af142c38.jpg,candidates,0.0,0.0007951524522569445,0.0,1,103.05459995288402,0,1,0,1,0,1,1,ships
1b0d32b96.jpg,candidates,0.0,0.1188930935329861,0.0,4,74.65130009222776,0,1,0,1,0,1,1,ships
1b18bbcf0.jpg,candidates,0.09851582845052083,0.04426361902434461,0.0,21,85.94359993003309,0,0,0,0,0,0,0,empty
1b3f699ee.jpg,candidates,0.0,0.009365505642361112,0.0,3,77.48490001540631,0,4,0,2,0,1,1,ships
1b42c0672.jpg,candidates,0.0,0.0025278727213541665,0.0,6,83.04389996919781,2,7,0,4,0,4,4,ships
1b45008a3.jpg,land_coast,0.0,0.12686326768663195,0.0,79,78.99950002320111,0,1,0,1,0,1,1,coast
1b4e72ce1.jpg,candidates,0.0,2.8822157118055555e-05,0.0,1,81.03400003165007,2,0,0,0,0,0,0,empty
1b4f0af31.jpg,candidates,0.0,0.0020497639973958335,0.0,1,82.6670000096783,0,1,0,1,0,0,1,ships
1b515cbb5.jpg,candidates,0.0745086669921875,0.05095118080836367,0.0,7,91.61990007851273,0,0,0,0,0,0,0,empty
1b5dbf730.jpg,land_coast,0.0,0.2640957302517361,0.0,19,80.51050000358373,0,1,0,1,0,1,1,coast
1b5de27c9.jpg,candidates,0.0,0.006964789496527778,0.06595696343315972,16,84.4594999216497,0,10,0,6,0,3,3,ships
1b603cc1a.jpg,candidates,0.0,0.003916422526041667,0.0,7,97.21999999601394,0,1,0,1,0,1,1,ships
1b715e252.jpg,candidates,0.0,0.040257771809895836,0.0,66,78.56359996367246,0,0,0,0,0,0,0,empty
1b7acafbc.jpg,candidates,0.0,0.005930582682291667,0.0,34,78.51419993676245,0,2,0,2,0,0,1,ships
1baf4d5e3.jpg,candidates,0.0,0.06942070855034722,0.0,9,74.14959999732673,0,1,0,1,0,1,1,ships
1bb8b189d.jpg,empty_sea,0.0,0.0,0.0,0,91.39329998288304,0,0,0,0,0,0,0,empty
1be0cb03d.jpg,candidates,0.0,0.0037553575303819445,0.0,10,81.59109996631742,0,2,0,2,0,2,2,ships
1be2043f6.jpg,land_coast,0.0,0.043451944986979164,0.2517378065321181,79,81.50239998940378,3,1,1,1,1,1,1,coast
1bed86771.jpg,land_coast,0.0,0.3181525336371528,0.0,5,77.9030000558123,0,1,0,1,0,1,1,coast
1befd25a3.jpg,land_coast,0.0,0.048375447591145836,0.1698947482638889,63,90.74380004312843,3,3,1,3,0,3,3,coast
1bfbbc7fe.jpg,land_coast,0.0,0.22357177734375,0.0,43,92.04449993558228,0,3,0,3,0,3,4,coast
1c063bba8.jpg,candidates,0.0,0.0040130615234375,0.07987128363715278,31,85.69000009447336,3,2,1,0,0,0,1,ships
1c2c07392.jpg,candidates,0.0,0.0002933078342013889,0.0,66,99.47699995245785,0,0,0,0,0,0,0,empty
1c4696ab5.jpg,candidates,0.0,5.0862630208333336e-05,0.0,3,81.4076999668032,1,7,1,2,0,0,3,ships
1c4cfbc3d.jpg,candidates,0.6613989935980903,0.0016303439852980994,0.05904380037215626,16,77.35739997588098,0,0,0,0,0,0,0,empty
1c4fef539.jpg,land_coast,0.0,0.19475301106770834,0.0,16,92.38529996946454,1,0,0,0,0,0,0,coast
1c56dd2a5.jpg,candidates,0.0,0.002280341254340278,0.0,11,91.99380001518875,1,2,0,1,0,0,1,ships
1c5e228f7.jpg,candidates,0.0,0.00040520562065972225,0.0,4,76.27950003370643,2,1,1,1,0,1,1,ships
1ca5e609a.jpg,candidates,0.0,0.03971523708767361,0.0,5,85.29329998418689,0,2,0,0,0,0,2,ships
1ca6b86e9.jpg,land_coast,0.0,0.3740437825520833,0.0,1,92.24640007596463,0,1,0,1,0,1,1,coast
1cc126201.jpg,empty_sea,0.0,0.0,0.0,0,91.78959997370839,0,0,0,0,0,0,0,empty
1cca0635a.jpg,candidates,0.0,0.024217393663194444,0.033528645833333336,43,91.86479996424168,2,3,1,1,1,1,2,ships
1cddb958d.jpg,candidates,0.0,0.00019158257378472222,0.0,6,81.11320005264133,1,3,1,1,0,0,1,ships
1cf894541.jpg,candidates,0.11943223741319445,0.0005999011927447244,0.07675010390445496,52,82.0714000146836,0,2,0,1,0,0,1,ships
1cfb2fcfa.jpg,candidates,0.0,0.0005476209852430555,0.0,2,97.509799990803,0,3,0,2,0,2,2,ships
1d0fa5bb1.jpg,candidates,0.0,0.0006035698784722222,0.0,9,74.86890000291169,0,1,0,1,0,1,1,ships
1d193e3c5.jpg,candidates,0.0,0.04002210828993055,0.0,21,94.64210004080087,0,0,0,0,0,0,0,empty
1d1bdb67f.jpg,candidates,0.0,0.008192274305555556,0.0,1,79.09770007245243,0,1,0,1,0,0,1,ships
1d234ae63.jpg,candidates,0.005532158745659722,5.640167564250909e-05,0.03731739957510738,44,96.23050002846867,0,0,0,0,0,0,0,empty
1d321bdfa.jpg,land_coast,0.0,0.2324150933159722,0.0,11,80.30650008004159,0,1,0,1,0,1,1,coast
1d3a33ab8.jpg,land_coast,0.0,0.0783877902560764,0.11375257703993055,46,78.33970000501722,1,0,0,0,0,0,1,coast
1d3fdbd3a.jpg,candidates,0.0,0.021253797743055556,0.020672268337673612,93,83.14310002606362,0,1,0,1,0,1,1,ships
1d40bac5c.jpg,candidates,0.0,0.00018141004774305556,0.0,7,92.54500002134591,0,1,0,1,0,1,1,ships
1d47b0040.jpg,candidates,0.0,0.001434326171875,0.0,8,95.52880004048347,1,1,0,1,0,1,1,ships
1d47d390b.jpg,land_coast,0.0,0.3615349663628472,0.0,0,92.17740001622587,1,1,0,1,0,1,2,coast
1d5241461.jpg,land_coast,0.0,0.075286865234375,0.094207763671875,43,74.37729998491704,2,3,0,3,0,1,4,coast
1d5aa07c3.jpg,candidates,0.0,0.0005425347222222222,0.0,5,87.06410008016974,0,1,0,1,0,1,1,ships
1d6d38c25.jpg,candidates,0.0,0.0004831949869791667,0.0,4,78.39020004030317,0,1,0,1,0,1,1,ships
1d82b4da4.jpg,candidates,0.0,0.0004119873046875,0.0,4,92.62939996551722,0,4,0,2,0,2,2,ships
1d9059c82.jpg,candidates,0.0,0.0013648139105902778,0.0,13,88.71209993958473,0,1,0,1,0,1,1,ships
1d94b37b7.jpg,empty_sea,0.0,0.0,0.0,0,81.02349995169789,0,0,0,0,0,0,0,empty
1d94e25d2.jpg,candidates,0.0,0.023529052734375,0.0,75,96.10039996914566,9,7,2,5,1,5,5,ships
1d9a0bc29.jpg,land_coast,0.0,0.3181694878472222,0.0,1,101.45810001995414,3,5,0,1,0,0,2,coast
1dc5d9d58.jpg,candidates,0.0,0.021106296115451388,0.0,12,74.82049998361617,0,1,0,1,0,1,1,ships
1dd26e14e.jpg,candidates,0.0,0.0007646348741319445,0.0,2,72.62220000848174,0,1,0,1,0,1,1,ships
1df3f6784.jpg,candidates,0.0,0.00010002983940972222,0.0,1,90.81500000320375,1,4,0,2,0,1,1,ships
1dfce9923.jpg,land_coast,0.0,0.2113104926215278,0.0,7,92.52900001592934,0,5,0,2,0,2,5,coast
1e061c5a6.jpg,land_coast,0.0,0.3690253363715278,0.0,15,85.42569994460791,0,1,0,1,0,1,1,coast
1e09597fc.jpg,candidates,0.0,0.001736111111111111,0.0,6,78.17039999645203,2,1,1,1,1,1,2,ships
1e1fa8ac7.jpg,candidates,0.0,0.0010918511284722222,0.0,4,79.28499998524785,1,5,0,1,0,1,2,ships
1e1fd136c.jpg,candidates,0.4538116455078125,0.05253075807324056,0.0,23,84.71840003039688,8,0,0,0,0,0,2,ships
1e2595fed.jpg,candidates,0.0,0.020524766710069444,0.06600782606336805,83,78.18599999882281,0,3,0,1,0,0,1,ships
1e281ee37.jpg,candidates,0.0,0.012585110134548612,0.0,118,75.76819998212159,0,0,0,0,0,0,0,empty
1e3843f36.jpg,candidates,0.0,0.0032484266493055555,0.0,5,80.75100008863956,1,4,0,2,0,2,4,ships
1e43ac50a.jpg,candidates,0.0,0.05224778917100695,0.0,28,76.83000003453344,1,3,0,2,0,2,2,ships
1e43cb918.jpg,candidates,0.0,0.0008104112413194445,0.0,3,86.52329992037266,0,1,0,1,0,1,1,ships
1e4407baa.jpg,land_coast,0.5645090738932291,0.2614964252009744,0.0,0,71.47140009328723,0,2,0,1,0,0,1,coast
1e53a7748.jpg,candidates,0.0,0.001971774631076389,0.011762830946180556,3,80.54200001060963,0,1,0,1,0,1,1,ships
1e596b4c1.jpg,candidates,0.0,0.0005391438802083334,0.0,35,87.35139993950725,0,0,0,0,0,0,0,empty
1e5a70d2d.jpg,candidates,0.0,0.006595187717013889,0.011532253689236112,18,99.45630002766848,0,1,0,1,0,1,1,ships
1e63bbe29.jpg,candidates,0.0,0.0,0.0,2,88.66779995150864,0,0,0,0,0,0,0,empty
1e7e5caba.jpg,candidates,0.0,0.00040351019965277775,0.0,3,84.65740003157407,0,1,0,1,0,1,2,ships
1e958ee2c.jpg,candidates,0.0,0.11034478081597222,0.0,9,81.437399960123,0,0,0,0,0,0,0,empty
1e9b83944.jpg,candidates,0.0,0.004630194769965278,0.0,64,79.83969990164042,0,0,0,0,0,0,0,empty
1ec5ea69b.jpg,land_coast,0.0,0.2931688096788194,0.0,22,78.74599995557219,1,10,0,5,0,2,4,coast
1ee566913.jpg,candidates,0.0,0.0003102620442708333,0.0,1,74.15160001255572,0,1,0,1,0,1,1,ships
1f2defddc.jpg,land_coast,0.0,0.1267361111111111,0.0,37,87.68859994597733,1,0,0,0,0,0,0,coast
1f3dbd7bf.jpg,candidates,0.0,0.0009731716579861111,0.0,13,91.8818999780342,0,2,0,2,0,2,2,ships
1f6553c8d.jpg,candidates,0.0,0.00030348036024305556,0.0,1,84.82810005079955,0,1,0,1,0,1,1,ships
1f71a4c21.jpg,candidates,0.01373291015625,0.0,0.0,7,84.1159000992775,4,0,0,0,0,0,0,empty
1f7515895.jpg,candidates,0.0,0.010326809353298612,0.05200025770399305,11,79.31419997476041,1,2,0,1,0,1,1,ships
1f88c0e49.jpg,candidates,0.0,0.0002712673611111111,0.0,1,67.7741999970749,0,1,0,1,0,1,1,ships
1f9c22f7e.jpg,empty_sea,0.0,0.0,0.0,0,80.96160006243736,0,0,0,0,0,0,0,empty
1fa5c23ba.jpg,candidates,0.0,0.0038960774739583335,0.017903645833333332,27,80.59360005427152,0,1,0,1,0,1,1,ships
1fb0a6803.jpg,candidates,0.0,0.003977457682291667,0.022747463650173612,38,90.73060005903244,2,5,0,4,0,2,3,ships
1fb6143f8.jpg,candidates,0.0,0.00011189778645833333,0.0,31,82.562500028871,1,3,0,1,0,0,1,ships
1fd7821ce.jpg,candidates,0.0,0.003228081597222222,0.0,16,78.65199993830174,0,17,0,10,0,6,10,ships
1fedfea51.jpg,candidates,0.0,0.0016072591145833333,0.0,14,91.00470005068928,0,1,0,1,0,1,1,ships
1ffa69995.jpg,land_coast,0.0,0.3084394666883681,0.0,9,90.4055000282824,0,4,0,4,0,4,4,coast
1ffbd91fb.jpg,candidates,0.0,0.0016649034288194445,0.0,4,86.27349999733269,0,5,0,3,0,3,4,ships
2004656f6.jpg,candidates,0.0,0.014782375759548612,0.014517890082465278,87,95.31210002023727,4,1,1,1,0,0,1,ships
200ec548f.jpg,candidates,0.0,0.005708482530381944,0.0,8,89.04270001221448,1,1,0,1,0,1,1,ships
20131eb6a.jpg,land_coast,0.0,0.2743326822916667,0.0,36,80.65059990622103,0,3,0,1,0,0,1,coast
2024cdb52.jpg,candidates,0.0,0.010384453667534722,0.015474107530381944,29,81.18660002946854,0,1,0,0,0,0,1,ships
2027e5d0d.jpg,land_coast,0.0,0.3162468804253472,0.0,2,91.96370001882315,0,1,0,1,0,1,1,coast
203abde9d.jpg,candidates,0.0,2.3735894097222223e-05,0.0,6,89.23449995927513,0,5,0,3,0,3,3,ships
203ae5c9e.jpg,candidates,0.0,0.0006120469835069445,0.0,9,69.98289993498474,0,3,0,2,0,0,1,ships
20443c097.jpg,candidates,0.0,0.005705091688368056,0.0,26,71.77350006531924,0,1,0,1,0,1,1,ships
20459ad07.jpg,candidates,0.0,0.0028737386067708335,0.0,46,76.45270007196814,0,0,0,0,0,0,0,empty
205658f77.jpg,candidates,0.0,0.09850226508246528,0.0,54,84.43659998010844,3,5,1,0,0,0,3,ships
2067bb6dc.jpg,candidates,0.0,0.0781521267361111,0.0,15,88.7988000176847,0,0,0,0,0,0,2,ships
206fa123f.jpg,land_coast,0.0,0.2522956000434028,0.0,0,97.6026999996975,0,0,0,0,0,0,1,coast
2070ea3ca.jpg,candidates,0.0,0.00177001953125,0.0,12,107.15830000117421,4,7,1,4,0,3,4,ships
2078f13e6.jpg,candidates,0.0,0.014623006184895834,0.030219184027777776,66,82.8123000683263,3,4,0,4,0,2,4,ships
209631ac6.jpg,land_coast,0.0,0.3192782931857639,0.0,9,86.99670003261417,3,17,1,9,0,6,9,coast
209f69e03.jpg,land_coast,0.0,0.3005913628472222,0.0,9,98.36499998345971,0,7,0,4,0,4,4,coast
20b4417aa.jpg,empty_sea,0.0,0.0,0.0,0,91.12230001483113,2,1,0,1,0,1,1,ships
20ba82685.jpg,land_coast,0.0,0.2704840766059028,0.0,8,98.0000999988988,0,1,0,1,0,1,1,coast
20d26c027.jpg,land_coast,0.0,0.15385945638020834,0.0,31,93.5835000127554,0,9,0,5,0,5,6,coast
20d356fc4.jpg,candidates,0.0,0.0019429524739583333,0.0,2,67.668900010176,0,1,0,1,0,1,1,ships
20d79dd2f.jpg,land_coast,0.0,0.1694403754340278,0.0,37,96.5092999394983,1,2,0,2,0,2,2,coast
20dbbb702.jpg,land_coast,0.0,0.1963840060763889,0.0,131,93.87899993453175,1,3,0,1,0,0,1,coast
20f6211e2.jpg,candidates,0.0,0.0,0.0,5,76.66560006327927,0,4,0,3,0,2,2,ships
20fa80660.jpg,candidates,0.0,0.0002780490451388889,0.0,14,81.53650001622736,0,1,0,1,0,1,1,ships
2103fe959.jpg,land_coast,0.10127936469184028,0.24913408674107396,0.12262615301139447,24,85.71659994777292,10,0,0,0,0,0,1,coast
210a4223e.jpg,candidates,0.0,0.001293606228298611,0.0,11,94.74229998886585,0,1,0,1,0,1,1,ships
21125597b.jpg,land_coast,0.0,0.19947306315104166,0.050969441731770836,17,79.34409996960312,0,2,0,1,0,1,1,coast
21133ac70.jpg,land_coast,0.0,0.060862223307291664,0.19182332356770834,107,76.59030007198453,2,12,1,7,1,7,7,coast
2138567a0.jpg,candidates,0.0,0.0004696316189236111,0.0,3,76.55450003221631,0,0,0,0,0,0,0,empty
213d473fa.jpg,land_coast,0.21131727430555555,0.28811091369762953,0.0,1,88.83080002851784,2,4,0,0,0,0,1,coast
213ed55c2.jpg,candidates,0.0,0.0017005072699652778,0.0,48,76.6502000624314,0,3,0,3,0,3,3,ships
213f9167f.jpg,land_coast,0.0,0.18430921766493055,0.1224551730685764,1,84.40799999516457,3,7,0,3,0,2,3,coast
2140931ae.jpg,candidates,0.0,0.00034925672743055556,0.0,1,83.53840000927448,4,1,1,0,0,0,1,ships
21436b065.jpg,candidates,0.0,0.0005628797743055555,0.0,6,76.27009996213019,1,1,1,1,1,1,1,ships
214d4bf28.jpg,land_coast,0.0,0.3060319688585069,0.0,2,90.50829999614507,0,1,0,1,0,1,1,coast
2152f7486.jpg,candidates,0.0,0.002541436089409722,0.0,5,87.44929998647422,1,5,1,1,0,0,2,ships
215858266.jpg,candidates,0.0,0.0003323025173611111,0.0,2,89.61340005043894,0,2,0,2,0,2,2,ships
218da0bdb.jpg,land_coast,0.0,0.028467814127604168,0.0896572536892361,41,84.47140001226217,10,4,3,3,2,2,2,coast
21a87b31d.jpg,empty_sea,0.0,0.0,0.0,0,94.10199988633394,0,0,0,0,0,0,0,empty
21ad21ac2.jpg,land_coast,0.0,0.004738701714409722,0.0961422390407986,38,88.48359994590282,1,3,0,3,0,3,3,coast
21afbfaa5.jpg,land_coast,0.0,0.3233913845486111,0.0,1,86.74669999163598,0,2,0,1,0,1,1,coast
21b5d9a4d.jpg,candidates,0.0,0.0012139214409722222,0.0,15,73.70799989439547,0,6,0,6,0,6,6,ships
21b77f1b1.jpg,candidates,0.0,0.002346462673611111,0.0,8,78.56779999565333,0,1,0,1,0,1,1,ships
21b93fa24.jpg,candidates,0.0,4.0690104166666664e-05,0.0,3,95.53370007779449,0,4,0,1,0,0,1,ships
21c7d7861.jpg,candidates,0.0,0.0003509521484375,0.0,1,86.28169994335622,2,0,0,0,0,0,0,empty
21d7ea9bf.jpg,candidates,0.0,0.022769504123263888,0.012485080295138888,98,95.20420001354069,0,5,0,4,0,3,6,ships
21da572f9.jpg,candidates,0.0,0.0,0.0,1,81.84660004917532,3,0,2,0,1,0,0,empty
21eb38456.jpg,land_coast,0.06316290961371528,0.016696840193726987,0.18855094949524837,36,83.30940001178533,6,7,3,0,2,0,4,coast
21f54d20d.jpg,land_coast,0.0,0.09426710340711805,0.3602854410807292,39,78.39610008522868,3,2,0,2,0,2,2,coast
21fbda3ac.jpg,land_coast,0.0,0.044525146484375,0.0812225341796875,61,96.86139994300902,2,6,1,4,0,3,5,coast
22086d8ba.jpg,land_coast,0.17044576009114584,0.02572087609955217,0.10574676775940153,51,84.91550001781434,1,25,0,9,0,4,14,coast
220a6c93c.jpg,land_coast,0.0,0.24990336100260416,0.0,3,88.39209994766861,0,0,0,0,0,0,0,coast
222ec40d0.jpg,candidates,0.0,0.002972073025173611,0.0,10,86.28829999361187,0,1,0,1,0,1,1,ships
223f80646.jpg,candidates,0.0,0.048065185546875,0.0,57,91.0405000904575,0,0,0,0,0,0,0,empty
2241c0623.jpg,land_coast,0.21842447916666666,0.002465747260905757,0.2747913338882765,45,76.57050003763288,0,0,0,0,0,0,0,coast
224813566.jpg,land_coast,0.0,0.24391682942708334,0.0,8,76.24660001602024,0,1,0,1,0,1,1,coast
224add326.jpg,candidates,0.0,0.001300387912326389,0.0,16,89.94360000360757,0,4,0,2,0,2,2,ships
225509155.jpg,candidates,0.0,0.0005662706163194445,0.0,7,81.45719999447465,0,1,0,1,0,1,1,ships
22555f286.jpg,land_coast,0.0,0.3090888129340278,0.0,13,90.05290002096444,0,1,0,1,0,1,1,coast
227cd50b3.jpg,candidates,0.0,0.0,0.0,2,88.27910001855344,1,1,1,1,0,0,1,ships
228b04e51.jpg,candidates,0.0,0.0,0.0,4,81.79049997124821,0,0,0,0,0,0,0,empty
228b43b7c.jpg,candidates,0.0,0.015574137369791666,0.0,57,103.8542001042515,3,0,0,0,0,0,1,ships
2293e64a0.jpg,candidates,0.0,0.05346510145399305,0.0,2,85.30300005804747,0,0,0,0,0,0,0,empty
229e2c773.jpg,land_coast,0.0,0.2205284966362847,0.0,1,75.16300003044307,0,2,0,1,0,0,1,coast
22bc48bec.jpg,empty_sea,0.0,0.0732150607638889,0.0,0,75.41549997404218,0,0,0,0,0,0,0,empty
22d18a90b.jpg,land_coast,0.0,0.19938829210069445,0.025229560004340276,6,83.052400033921,0,0,0,0,0,0,0,coast
22f4988da.jpg,candidates,0.0,0.0,0.0,7,78.81199999246746,0,0,0,0,0,0,0,empty
230f15ff9.jpg,candidates,0.0,0.00013902452256944444,0.0,63,83.6492000380531,0,0,0,0,0,0,0,empty
2317cf6dd.jpg,candidates,0.0,0.04388597276475695,0.016454060872395832,179,82.44719996582717,0,3,0,2,0,2,2,ships
2320d17dc.jpg,land_coast,0.0,0.1581386990017361,0.0,70,79.11189994774759,1,0,0,0,0,0,0,coast
232da691a.jpg,land_coast,0.0,0.2033114963107639,0.0,0,86.33650001138449,0,0,0,0,0,0,0,coast
234c6db69.jpg,empty_sea,0.0,0.0,0.0,0,84.7190999193117,0,0,0,0,0,0,0,empty
2355209cd.jpg,candidates,0.0,2.5431315104166668e-05,0.0,2,79.83620010782033,0,9,0,5,0,5,5,ships
235653b93.jpg,candidates,0.0,0.05292934841579861,0.0,9,80.87760000489652,0,2,0,2,0,2,2,ships
235c208e4.jpg,candidates,0.0,0.004102918836805556,0.0,6,77.53490004688501,3,3,0,0,0,0,1,ships
235c55969.jpg,candidates,0.0,0.002270168728298611,0.0,12,86.62829990498722,0,3,0,3,0,2,3,ships
236dff385.jpg,candidates,0.0,0.00021701388888888888,0.0,2,78.17610003985465,0,1,0,1,0,1,1,ships
23753972e.jpg,candidates,0.0,0.006725735134548611,0.0,33,90.87860002182424,2,3,1,2,0,1,2,ships
23775dd8f.jpg,candidates,0.0,0.0074920654296875,0.0,14,71.24550000298768,0,1,0,1,0,1,1,ships
237ae75c3.jpg,candidates,0.0,7.120768229166667e-05,0.0,1,87.64609997160733,2,1,0,1,0,1,1,ships
237dfd0cd.jpg,candidates,0.0,0.0,0.0,1,68.85059992782772,0,0,0,0,0,0,0,empty
23889b713.jpg,candidates,0.009489271375868056,0.008459346468622687,0.021637629044157478,40,79.79880005586892,1,1,1,1,0,1,1,ships
239ed3484.jpg,empty_sea,0.0,0.0,0.0,0,90.22410004399717,0,0,0,0,0,0,0,empty
23ad7ad79.jpg,candidates,0.0,0.0016496446397569445,0.0,10,79.56810004543513,0,1,0,1,0,1,1,ships
23ade71e0.jpg,candidates,0.0,0.004116482204861111,0.0,4,89.49389995541424,0,3,0,3,0,0,1,ships
23aee43b3.jpg,land_coast,0.0,0.1925506591796875,0.0,79,81.84510003775358,0,0,0,0,0,0,0,coast
23ce668dc.jpg,land_coast,0.0,0.12219068739149305,0.054931640625,39,87.66239997930825,3,5,0,1,0,0,5,coast
23dd5b605.jpg,land_coast,0.0,3.5603841145833336e-05,0.19123331705729166,50,89.5972999278456,0,0,0,0,0,0,0,coast
23e0646d2.jpg,candidates,0.0,0.0018242730034722222,0.0,6,77.6033999864012,0,1,0,1,0,1,1,ships
23eed698b.jpg,land_coast,0.328887939453125,0.2462369967331557,0.0,0,96.17849998176098,1,1,0,0,0,0,1,coast
2400bea19.jpg,candidates,0.0,0.025026109483506944,0.027635362413194444,54,86.04470000136644,3,2,0,2,0,2,2,ships
240edb900.jpg,candidates,0.0,0.002185397677951389,0.0,9,79.8388000112027,0,1,0,1,0,1,2,ships
241315833.jpg,candidates,0.0,0.007670084635416667,0.0,1,70.5860999878496,0,1,0,1,0,1,1,ships
24151a6b6.jpg,candidates,0.0,0.10713026258680555,0.030480278862847224,64,96.16559999994934,0,0,0,0,0,0,0,empty
2428bf494.jpg,candidates,0.0,0.0013478597005208333,0.0,1,85.12220007833093,1,3,0,2,0,0,1,ships
2428f2d1e.jpg,candidates,0.0,0.0097503662109375,0.0,29,87.90759998373687,0,1,0,1,0,1,1,ships
242d52852.jpg,candidates,0.0,0.004414876302083333,0.0,26,78.88489996548742,0,2,0,2,0,2,2,ships
245e7d855.jpg,candidates,0.0,5.0862630208333336e-05,0.0,6,91.26379992812872,0,0,0,0,0,0,0,empty
246039b42.jpg,empty_sea,0.0,0.0,0.0,0,88.6439000023529,0,0,0,0,0,0,0,empty
24628eee8.jpg,candidates,0.0,0.003333197699652778,0.0,24,82.37680001184344,9,10,0,7,0,3,4,ships
24760ac60.jpg,candidates,0.0,0.003938462999131944,0.0,10,85.53699997719377,0,2,0,2,0,2,2,ships
247750a87.jpg,candidates,0.0,0.004908243815104167,0.0,3,78.78540002275258,1,1,0,1,0,1,1,ships
249d4d960.jpg,candidates,0.0,0.0025075276692708335,0.0,20,85.8832000521943,1,8,0,8,0,8,8,ships
249f1fbab.jpg,candidates,0.0,0.00014071994357638888,0.0,18,89.02120008133352,0,0,0,0,0,0,0,empty
24a80e743.jpg,candidates,0.0,0.057213677300347224,0.0,5,111.66960000991821,0,1,0,1,0,1,1,ships
24b02cf31.jpg,candidates,0.0,2.3735894097222223e-05,0.0,12,89.08399997744709,0,0,0,0,0,0,0,empty
24b04b023.jpg,candidates,0.0,0.019707573784722224,0.0,5,83.84229999501258,0,0,0,0,0,0,0,empty
24b25ff32.jpg,candidates,0.0,0.00787353515625,0.0,4,83.61610001884401,1,4,0,1,0,0,1,ships
24bd2691b.jpg,candidates,0.0,0.0005476209852430555,0.0,16,103.43230003491044,0,0,0,0,0,0,0,empty
25010755f.jpg,candidates,0.0,6.781684027777778e-05,0.0,17,87.4281000578776,0,1,0,1,0,1,1,ships
25112a9ec.jpg,candidates,0.0,0.00034247504340277775,0.0,1,82.74599991273135,2,4,0,1,0,1,2,ships
25127d0f6.jpg,candidates,0.0,0.001697116427951389,0.0,13,79.86160006839782,0,9,0,9,0,8,8,ships
25194e577.jpg,candidates,0.0,0.003155178493923611,0.0,16,83.49429990630597,0,1,0,1,0,1,1,ships
252fb3868.jpg,candidates,0.0,0.03224012586805555,0.026404486762152776,63,90.85150004830211,4,3,0,1,0,1,2,ships
25333a301.jpg,candidates,0.0,0.004030015733506944,0.027798122829861112,17,99.19009997975081,0,6,0,3,0,2,4,ships
253f51944.jpg,candidates,0.0,0.008838229709201388,0.0,2,98.16120006144047,0,1,0,1,0,1,1,ships
2543b6098.jpg,candidates,0.0,0.0023600260416666665,0.0,2,74.20939998701215,0,1,0,1,0,1,1,ships
25584dc84.jpg,land_coast,0.10913255479600695,0.1698086010082361,0.0,49,84.76629992946982,1,3,0,2,0,2,3,coast
25646f16e.jpg,candidates,0.0,8.477105034722222e-05,0.0,6,70.70430007297546,0,1,0,1,0,1,1,ships
2565c26d9.jpg,candidates,0.0,0.0,0.0,1,92.71130000706762,0,2,0,0,0,0,2,ships
2587025dc.jpg,candidates,0.0,0.001864963107638889,0.0,6,81.79959992412478,1,1,0,1,0,1,1,ships
259021213.jpg,candidates,0.0,0.008302476671006944,0.0,8,85.08270001038909,0,3,0,2,0,1,1,ships
259c985dd.jpg,candidates,0.0,0.0017022026909722222,0.0,3,86.68479998596013,0,1,0,1,0,1,1,ships
25b8cd9b0.jpg,candidates,0.0,0.0,0.0,1,98.09099999256432,0,0,0,0,0,0,0,empty
25d1b72c8.jpg,candidates,0.0,0.0,0.012981838650173612,20,81.27119997516274,0,0,0,0,0,0,0,empty
25e83a857.jpg,land_coast,0.0,0.21214124891493055,0.0,1,98.21480000391603,0,0,0,0,0,0,0,coast
25ec1c12b.jpg,candidates,0.0,0.0007544623480902778,0.0,5,90.92009998857975,3,3,2,2,1,0,1,ships
26097bc5c.jpg,candidates,0.0,0.0027669270833333335,0.0,4,84.60029994603246,0,1,0,1,0,1,1,ships
261525225.jpg,candidates,0.0,0.0,0.0,7,79.95779998600483,0,0,0,0,0,0,0,empty
262429314.jpg,land_coast,0.0,0.1849704318576389,0.0,18,80.18449996598065,0,1,0,1,0,1,1,coast
2627d789a.jpg,land_coast,0.0,0.03413560655381945,0.16421000162760416,33,87.60999992955476,1,1,0,1,0,1,1,coast
2658f9202.jpg,candidates,0.0,0.00020005967881944444,0.0,6,96.2246999843046,0,1,0,1,0,1,2,ships
2659080c5.jpg,candidates,0.0,0.0037129720052083335,0.0,14,77.84829998854548,0,20,0,14,0,12,14,ships
2670216ac.jpg,candidates,0.0,0.10601128472222222,0.0,29,77.49629998579621,0,1,0,1,0,1,1,ships
267c0a26e.jpg,land_coast,0.0655364990234375,0.09719815323138171,0.1319038360668499,105,78.25220003724098,1,2,0,0,0,0,4,coast
26959c163.jpg,candidates,0.0,0.0003153483072916667,0.0,23,74.38910007476807,0,2,0,2,0,1,2,ships
26a816ded.jpg,candidates,0.0,0.00021531846788194444,0.017498440212673612,44,86.00869996007532,0,0,0,0,0,0,0,empty
26ab807de.jpg,empty_sea,0.0,0.0,0.0,0,72.31339998543262,0,0,0,0,0,0,0,empty
26ac0de33.jpg,land_coast,0.0,0.3051435682508681,0.0,15,94.31630000472069,0,1,0,1,0,1,1,coast
26affe090.jpg,candidates,0.0,0.0010121663411458333,0.0,7,86.61070000380278,0,1,0,1,0,1,1,ships
26c05da1d.jpg,candidates,0.0,0.0004323323567708333,0.0,3,85.5984000954777,0,4,0,2,0,2,2,ships
26d49661c.jpg,candidates,0.0,0.0,0.0,8,74.94299998506904,0,0,0,0,0,0,0,empty
26f7651dc.jpg,land_coast,0.0,0.2885555691189236,0.0,0,82.3145000031218,0,0,0,0,0,0,0,coast
26fa39178.jpg,land_coast,0.0,0.17666456434461805,0.04156833224826389,42,80.1299000158906,1,1,0,1,0,1,1,coast
26fb78845.jpg,land_coast,0.0,0.3095143636067708,0.0,6,84.13380000274628,0,2,0,2,0,2,2,coast
271581fae.jpg,candidates,0.0,0.0,0.0,2,85.41209995746613,5,0,2,0,0,0,1,ships
27284d1f9.jpg,candidates,0.0,0.003204345703125,0.0,4,91.38280001934618,1,7,0,3,0,1,3,ships
272be8800.jpg,candidates,0.0,0.0,0.0,37,80.22210001945496,0,0,0,0,0,0,0,empty
274288a4a.jpg,land_coast,0.0,0.1883460150824653,0.0,61,91.67310001794249,0,1,0,1,0,1,1,coast
2750a60d1.jpg,candidates,0.0,0.0009392632378472222,0.0,9,84.62929993402213,0,1,0,1,0,1,1,ships
27614fff3.jpg,candidates,0.0,0.00014071994357638888,0.0,38,93.85750000365078,0,1,0,1,0,1,1,ships
276f787c6.jpg,candidates,0.0,0.0026262071397569445,0.0,10,85.87320009246469,0,4,0,4,0,4,4,ships
27714ff59.jpg,candidates,0.0,0.00043402777777777775,0.0,5,81.82560000568628,0,1,0,1,0,1,1,ships
2778c6377.jpg,candidates,0.0,0.024278428819444444,0.019173516167534724,58,71.53299998026341,2,2,0,2,0,2,2,ships
277c74f86.jpg,candidates,0.0,0.006841023763020833,0.0,34,90.12219996657223,0,1,0,1,0,1,1,ships
279132cd2.jpg,candidates,0.0,0.0019243028428819445,0.0,1,90.22829995956272,3,2,0,2,0,0,1,ships
2793c8f64.jpg,candidates,0.0,0.06290351019965278,0.0,88,83.10330007225275,2,1,0,1,0,1,1,ships
2793f45b4.jpg,candidates,0.0,5.5948893229166664e-05,0.0,2,101.74920002464205,0,5,0,1,0,0,2,ships
2796ad5b4.jpg,candidates,0.0,0.011210123697916666,0.0,7,77.58529996499419,4,1,2,1,0,1,1,ships
27a4aaf93.jpg,land_coast,0.0,0.2635515001085069,0.0,2,87.34839991666377,0,0,0,0,0,0,0,coast
27aa19327.jpg,candidates,0.0,0.0006256103515625,0.0,2,81.23160002287477,0,1,0,1,0,1,1,ships
27be49052.jpg,empty_sea,0.0,0.0,0.0,0,85.35690000280738,0,0,0,0,0,0,0,empty
27befafef.jpg,candidates,0.0,0.002368503146701389,0.0,2,74.3528000311926,0,3,0,1,0,0,1,ships
27bfd9e9b.jpg,candidates,0.0,0.004870944552951389,0.0,17,76.40220003668219,0,1,0,1,0,1,1,ships
27d5155de.jpg,land_coast,0.004004584418402778,0.19811943562598194,0.0,123,101.01920005399734,0,0,0,0,0,0,0,coast
27d6b33c2.jpg,candidates,0.0,0.045050726996527776,0.072509765625,48,70.53500006441027,9,9,0,7,0,7,7,ships
27f4a02be.jpg,candidates,0.0,0.00032891167534722225,0.0,14,78.29819992184639,7,1,1,1,1,1,2,ships
2806919ab.jpg,land_coast,0.0,0.20219930013020834,0.0,5,95.42350005358458,0,0,0,0,0,0,0,coast
281235167.jpg,candidates,0.0,0.0008782280815972222,0.022074381510416668,40,80.25630004703999,0,2,0,1,0,0,1,ships
281703513.jpg,land_coast,0.0,0.2770724826388889,0.0,2,109.46149996016175,0,1,0,1,0,1,1,coast
281769dda.jpg,candidates,0.0,0.0007307264539930555,0.0,2,99.36699992977083,0,1,0,1,0,1,1,ships
2822a6b62.jpg,land_coast,0.0,0.24073282877604166,0.0,7,98.24850002769381,2,6,0,1,0,0,1,coast
283984a02.jpg,land_coast,0.022535536024305556,0.00204678821761913,0.10337065711847815,15,74.93639993481338,1,1,0,1,0,1,1,coast
2858a342a.jpg,candidates,0.0,0.00022379557291666666,0.0,1,83.35640002042055,0,3,0,1,0,1,2,ships
286d840a9.jpg,candidates,0.0,0.0014631483289930555,0.0,2,85.07429994642735,17,2,7,1,4,1,1,ships
287acf1d7.jpg,candidates,0.0,0.0013936360677083333,0.0,15,81.98310004081577,3,1,1,1,1,1,1,ships
288ab3de3.jpg,candidates,0.0,0.00029161241319444444,0.0,1,87.51009998377413,0,1,0,1,0,1,1,ships
28c5a3d25.jpg,candidates,0.0,0.0008561876085069445,0.0,45,84.98400007374585,1,0,0,0,0,0,0,empty
28cb15835.jpg,candidates,0.0,0.0013495551215277778,0.0,5,111.62360000889748,0,1,0,1,0,1,1,ships
28cbd698b.jpg,candidates,0.0,8.307562934027778e-05,0.0,43,88.62290007527918,1,2,1,0,0,0,1,ships
28cd31c22.jpg,candidates,0.0,0.003029717339409722,0.0,18,84.58700007759035,0,1,0,1,0,1,1,ships
28cd6b67a.jpg,candidates,0.0,0.0005713568793402778,0.0,7,79.04880004934967,0,1,0,1,0,1,1,ships
28d0879eb.jpg,candidates,0.0,0.00029161241319444444,0.031280517578125,43,89.07490002457052,0,2,0,1,0,1,1,ships
28d0e41f0.jpg,candidates,0.0,0.00031365288628472225,0.0,3,80.67920000758022,0,1,0,1,0,1,1,ships
28d73ba1c.jpg,land_coast,0.0,0.0107879638671875,0.2231835259331597,31,84.74110008683056,5,2,1,1,0,1,1,coast
28eb167fe.jpg,candidates,0.0,0.014973958333333334,0.0,54,81.32669993210584,9,13,0,9,0,6,8,ships
292521cea.jpg,candidates,0.0,0.0016920301649305555,0.0,5,85.58260009158403,5,2,0,1,0,1,1,ships
292870b3f.jpg,candidates,0.0,0.016247219509548612,0.0,38,97.55379997659475,0,6,0,2,0,1,2,ships
292a2f22b.jpg,land_coast,0.0045928955078125,0.13423752301860775,0.33429418420688845,31,88.49380002357066,5,12,1,8,0,7,8,coast
2932bd7ef.jpg,land_coast,0.0,0.12416924370659722,0.0,3,76.47879992146045,0,0,0,0,0,0,0,coast
2942e10c4.jpg,candidates,0.0,2.8822157118055555e-05,0.0,2,100.9347999934107,0,3,0,1,0,0,1,ships
294cd1974.jpg,candidates,0.0,0.0012953016493055555,0.0,4,92.29420009069145,2,4,0,3,0,3,3,ships
2959ab9c2.jpg,candidates,0.0,0.07140096028645833,0.0,44,89.13119998760521,0,1,0,1,0,1,1,ships
295e54f3f.jpg,candidates,0.0,0.000244140625,0.0,2,94.61120003834367,0,3,0,2,0,1,2,ships
296aed836.jpg,candidates,0.0,0.0006527370876736111,0.0,4,88.25159992557019,1,2,0,2,0,2,2,ships
296e91d16.jpg,candidates,0.0,0.002709282769097222,0.0,58,84.40659998450428,0,1,0,0,0,0,1,ships
29794b4a5.jpg,candidates,0.0,0.019802517361111112,0.0,10,90.40800004731864,2,7,0,4,0,1,3,ships
297dc4ef4.jpg,candidates,0.0,7.459852430555556e-05,0.0,66,109.08900003414601,0,0,0,0,0,0,0,empty
298554c67.jpg,land_coast,0.0027177598741319445,0.036612157729630675,0.11099284378608336,58,76.74399996176362,16,3,7,3,2,1,3,coast
29aa209e4.jpg,candidates,0.0,0.020714653862847224,0.058929443359375,69,80.49279998522252,4,14,0,9,0,8,9,ships
29b94fcd7.jpg,candidates,0.0,0.0012766520182291667,0.0,34,93.18960004020482,0,0,0,0,0,0,0,empty
29c203ca6.jpg,candidates,0.0,0.10742865668402778,0.0,10,79.05419997405261,0,2,0,2,0,2,2,ships
29ca9fba4.jpg,candidates,0.0,0.0021514892578125,0.0,2,66.81649992242455,0,2,0,1,0,0,1,ships
29cd1ce18.jpg,candidates,0.0,0.002020941840277778,0.0,7,101.80160007439554,1,2,0,1,0,1,1,ships
29dad21c8.jpg,candidates,0.0,3.0517578125e-05,0.0,3,84.2238999903202,0,0,0,0,0,0,0,empty
29ecb4a7c.jpg,candidates,0.0,0.008572048611111112,0.049290974934895836,33,80.54630004335195,6,0,3,0,3,0,1,ships
29fcfd98e.jpg,candidates,0.0,0.0005018446180555555,0.0,4,75.41090005543083,1,2,0,2,0,0,1,ships
29fdae2dd.jpg,candidates,0.0,0.007843017578125,0.0,6,79.80930001940578,0,4,0,1,0,0,1,ships
2a0f1a5cd.jpg,land_coast,0.0,0.316864013671875,0.0,7,97.39090001676232,0,1,0,1,0,1,1,coast
2a1aff1cf.jpg,candidates,0.0,0.00030348036024305556,0.0,3,80.0400999141857,0,2,0,1,0,1,1,ships
2a3673f99.jpg,candidates,0.0,0.004993014865451389,0.0,8,94.26840010564774,0,1,0,1,0,1,1,ships
2a4bca9a7.jpg,candidates,0.0,0.0012732611762152778,0.0,3,78.23099999222904,0,3,0,3,0,3,3,ships
2a668a742.jpg,candidates,0.0,8.477105034722222e-05,0.0,7,84.98100005090237,0,4,0,1,0,1,2,ships
2a7bf5bfa.jpg,candidates,0.0,0.006422254774305556,0.0,20,75.31849993392825,5,0,2,0,0,0,2,ships
2a8942c29.jpg,candidates,0.0,0.0037367078993055555,0.0,26,73.95859993994236,0,2,0,2,0,2,2,ships
2abab7a20.jpg,candidates,0.0,0.027921888563368056,0.0,43,78.40910006780177,0,0,0,0,0,0,0,empty
2ac35b494.jpg,candidates,0.0,0.0052032470703125,0.014921400282118056,7,87.70240005105734,0,1,0,1,0,1,1,ships
2ac81c05d.jpg,candidates,0.0,0.001217312282986111,0.014789157443576388,14,66.02350005414337,0,3,0,3,0,3,3,ships
2aea51424.jpg,land_coast,0.0,0.1669243706597222,0.0,21,88.36470008827746,3,5,0,5,0,5,5,coast
2b0054d79.jpg,candidates,0.0,0.0006222195095486111,0.0,32,91.01380000356585,3,6,1,2,0,1,2,ships
2b1e12567.jpg,candidates,0.0,0.0027414957682291665,0.0,8,75.98700001835823,0,1,0,1,0,1,1,ships
2b1fa0083.jpg,candidates,0.014987521701388888,0.030940270636509795,0.0,10,92.0373999979347,0,0,0,0,0,0,0,empty
2b2a75acc.jpg,candidates,0.0,0.0032789442274305555,0.0,35,90.47160006593913,4,5,0,2,0,1,2,ships
2b40dac8f.jpg,candidates,0.0,0.0008392333984375,0.0,5,87.7135000191629,0,2,0,2,0,2,2,ships
2b5db6f9f.jpg,candidates,0.0,0.09725104437934028,0.0,6,93.6959000537172,0,1,0,1,0,1,1,ships
2b722474e.jpg,candidates,0.0,0.006539238823784722,0.0,19,91.61330002825707,0,1,0,1,0,1,1,ships
2b7349ec0.jpg,candidates,0.0,0.0004950629340277778,0.0,2,82.1027000201866,1,2,0,1,0,0,1,ships
2b788b466.jpg,candidates,0.0,0.0006679958767361111,0.0,2,91.95259993430227,0,2,0,2,0,1,1,ships
2b81cf769.jpg,land_coast,0.7084282769097222,0.2491042291668626,0.0,0,84.66250007040799,0,2,0,1,0,0,1,coast
2b88c5998.jpg,candidates,0.0,0.003182305230034722,0.0,55,88.91560009215027,0,0,0,0,0,0,0,empty
2b9b519c7.jpg,candidates,0.0,0.0,0.0,8,83.00540002528578,0,0,0,0,0,0,0,empty
2ba373b72.jpg,candidates,0.0,0.04679531521267361,0.0,8,89.25640000961721,0,2,0,1,0,1,1,ships
2ba46f8ff.jpg,candidates,0.0,0.002295600043402778,0.0,24,83.09840003494173,0,3,0,3,0,1,1,ships
2bb4838e1.jpg,candidates,0.0,0.0396270751953125,0.0,8,95.43970006052405,0,3,0,1,0,0,1,ships
2bc159c55.jpg,candidates,0.0,0.00042894151475694444,0.0,2,86.5532000316307,4,1,0,1,0,1,1,ships
2bcb022a0.jpg,land_coast,0.0,0.2942216661241319,0.0,11,89.50490003917366,5,23,1,12,0,8,10,coast
2bd6788e9.jpg,candidates,0.0,0.03736707899305555,0.014299180772569444,133,84.0771000366658,2,3,1,2,0,0,1,ships
2bf239a5b.jpg,candidates,0.0,0.016984727647569444,0.0,63,76.7976000206545,0,0,0,0,0,0,1,ships
2bfa0be83.jpg,candidates,0.0,0.004708184136284722,0.0,45,86.84669993817806,0,1,0,1,0,1,1,ships
2c10b281c.jpg,candidates,0.0,0.0005171034071180555,0.0,4,83.33689998835325,0,3,0,1,0,1,1,ships
2c1e9cdd3.jpg,candidates,0.048424614800347224,0.0035355201445762398,0.030164871416072634,9,81.57819998450577,0,2,0,1,0,1,1,ships
2c4e15cc4.jpg,candidates,0.0,0.0,0.0,4,79.46170005016029,0,0,0,0,0,0,0,empty
2c68a25b5.jpg,candidates,0.0,0.004784478081597222,0.0,27,101.26069991383702,0,1,0,1,0,1,1,ships
2c7082725.jpg,empty_sea,0.0,0.0,0.0,0,93.76230009365827,0,0,0,0,0,0,0,empty
2c725cb0c.jpg,candidates,0.0,0.033487955729166664,0.010423448350694444,60,94.63820001110435,15,1,4,1,2,1,1,ships
2c786192a.jpg,candidates,0.0,0.005969577365451389,0.0,105,74.90749994758517,0,1,0,1,0,1,1,ships
2c7dcb355.jpg,land_coast,0.0,0.3087938096788194,0.0,1,109.67100004199892,0,0,0,0,0,0,0,coast
2c8fd83a9.jpg,candidates,0.0,0.05040317111545139,0.0,12,86.7831000359729,0,0,0,0,0,0,0,empty
2c9f24c2a.jpg,candidates,0.0,0.0021955702039930555,0.0,7,80.36420005373657,0,3,0,3,0,3,3,ships
2caec60a4.jpg,candidates,0.0,0.0,0.0,2,78.22610007133335,1,1,1,1,0,1,1,ships
2cc65e215.jpg,candidates,0.0,0.047507392035590276,0.04345703125,56,104.39380002208054,4,7,0,2,0,1,3,ships
2cca5203a.jpg,candidates,0.0,0.0666927761501736,0.0,12,88.59230007510632,2,4,1,2,0,0,1,ships
2cd3db7cc.jpg,candidates,0.0,0.006880018446180556,0.0,90,85.43219999410212,0,0,0,0,0,0,0,empty
2cd9a46b1.jpg,land_coast,0.0,0.3222096761067708,0.0,1,87.19180000480264,0,1,0,1,0,1,1,coast
2cdb83b1c.jpg,land_coast,0.0,0.2997097439236111,0.0,0,99.87559996079654,0,0,0,0,0,0,0,coast
2ce8cd818.jpg,candidates,0.0,0.0002475314670138889,0.0,25,91.3674000184983,0,1,0,1,0,1,1,ships
2cee0b7fc.jpg,candidates,0.0,0.003204345703125,0.0,14,84.60669999476522,3,6,0,3,0,2,3,ships
2cef1836f.jpg,candidates,0.0,0.0014750162760416667,0.0,5,103.98160002660006,0,1,0,1,0,1,1,ships
2cf06799f.jpg,candidates,0.0,0.05949571397569445,0.0,106,86.57289994880557,2,5,0,3,0,3,5,ships
2cf6a8330.jpg,land_coast,0.0,0.2534315321180556,0.0,23,83.63200002349913,0,1,0,1,0,1,1,coast
2d0320a13.jpg,candidates,0.0,0.0038299560546875,0.0673641628689236,6,87.18069992028177,0,6,0,4,0,1,3,ships
2d03da5c7.jpg,empty_sea,0.0,0.0,0.0,0,92.6764999749139,0,0,0,0,0,0,0,empty
2d32b39d5.jpg,candidates,0.0,0.016369289822048612,0.0,79,114.23690000083297,0,0,0,0,0,0,0,empty
2d506f484.jpg,empty_sea,0.0,0.0,0.0,0,97.18609997071326,0,0,0,0,0,0,0,empty
2d66f6ea0.jpg,candidates,0.0,0.03890652126736111,0.0,62,83.97039992269129,13,2,1,2,1,2,2,ships
2d732b2c2.jpg,land_coast,0.0,0.3341742621527778,0.0,1,95.67740000784397,0,1,0,1,0,1,1,coast
2d7540351.jpg,candidates,0.0,0.00039503309461805556,0.0,5,85.73550009168684,2,1,0,1,0,1,1,ships
2d762d92d.jpg,candidates,0.0,0.00035264756944444444,0.0,2,81.85050007887185,0,1,0,1,0,1,1,ships
2d891aca8.jpg,candidates,0.0,0.003467135959201389,0.028291490342881944,15,88.86329992674291,3,1,0,1,0,1,1,ships
2d9a55ed9.jpg,land_coast,0.0,0.2818027072482639,0.0,0,80.35349997226149,0,0,0,0,0,0,0,coast
2da2ed7ce.jpg,candidates,0.0,5.5948893229166664e-05,0.0,4,93.84490002412349,0,1,0,1,0,1,1,ships
2daaa0e5f.jpg,candidates,0.0,0.004247029622395833,0.012310451931423612,48,78.73539999127388,0,1,0,1,0,1,1,ships
2db76922e.jpg,candidates,0.0,0.0812564425998264,0.04792955186631945,1,86.88219997566193,0,0,0,0,0,0,0,empty
2de1f9bf0.jpg,candidates,0.0,0.004599677191840278,0.0,10,85.74769995175302,0,1,0,1,0,1,1,ships
2de4d34dc.jpg,candidates,0.0,0.0021769205729166665,0.0,10,90.57680005207658,0,1,0,1,0,1,1,ships
2e1d8beed.jpg,candidates,0.0,0.007268269856770833,0.0,37,77.59070000611246,4,3,1,2,0,2,2,ships
2e339981f.jpg,candidates,0.0,0.11294386121961805,0.0,48,94.14110006764531,0,1,0,1,0,1,1,ships
2e3a5d90f.jpg,candidates,0.0,0.002465142144097222,0.0,10,82.3256999719888,2,6,0,3,0,2,5,ships
2e443e16b.jpg,candidates,0.0,0.06465827094184028,0.0,1,114.20670000370592,0,1,0,1,0,1,1,ships
2e7940360.jpg,land_coast,0.0,0.1649865044487847,0.059441460503472224,18,76.68529998045415,6,1,0,0,0,0,1,coast
2e804f988.jpg,candidates,0.0,0.00035773383246527775,0.0,2,98.80510007496923,2,1,0,1,0,1,1,ships
2e8453982.jpg,candidates,0.0,0.004725138346354167,0.012958102756076388,10,88.75220001209527,1,1,0,1,0,1,1,ships
2e8545c74.jpg,candidates,0.0,0.00023735894097222222,0.0,2,96.47260000929236,0,1,0,1,0,1,1,ships
2e8ab5e46.jpg,land_coast,0.0,0.2689310709635417,0.0,8,93.92550005577505,1,2,0,2,0,2,3,coast
2e8ebd3d8.jpg,candidates,0.0,0.0005255805121527778,0.038397894965277776,46,75.11159998830408,4,3,0,2,0,0,1,ships
2e909ee8f.jpg,candidates,0.0,0.0596771240234375,0.0,4,81.63989998865873,0,0,0,0,0,0,0,empty
2e93d344b.jpg,candidates,0.0,2.712673611111111e-05,0.0,3,88.02550006657839,0,0,0,0,0,0,0,empty
2e948d489.jpg,candidates,0.0,0.10677591959635417,0.010281032986111112,61,86.96049998980016,3,4,0,1,0,0,8,ships
2ea416a8f.jpg,candidates,0.0,0.0008799235026041666,0.0,4,83.21609999984503,1,2,1,2,1,2,2,ships
2eb0e3664.jpg,candidates,0.0,0.09311760796440972,0.0,3,79.52400005888194,0,0,0,0,0,0,0,empty
2eb531a47.jpg,candidates,0.0,9.494357638888889e-05,0.0,11,88.41850003227592,0,0,0,0,0,0,0,empty
2ebde71c1.jpg,candidates,0.0,0.0,0.0,3,67.3810999142006,3,1,0,1,0,1,2,ships
2ee6eee21.jpg,candidates,0.0,0.0006239149305555555,0.0,3,88.28119991812855,0,1,0,1,0,1,1,ships
2eee5b48f.jpg,land_coast,0.0,0.1485256618923611,0.1994866265190972,39,90.58379998896271,1,3,1,2,0,1,2,coast
2f18e80c1.jpg,candidates,0.8072035047743056,0.0014386884514582055,0.0,8,63.21449996903539,0,0,0,0,0,0,0,empty
2f19e0b50.jpg,candidates,0.0,0.00042555067274305556,0.0,5,87.80739991925657,0,2,0,1,0,1,1,ships
2f37dc1f9.jpg,candidates,0.0,0.00012037489149305556,0.0,4,86.73670003190637,0,1,0,1,0,1,1,ships
2f50f1b31.jpg,candidates,0.0,0.0020701090494791665,0.0,8,80.75389999430627,0,5,0,3,0,2,4,ships
2f5cb64eb.jpg,land_coast,0.0,0.3255293104383681,0.0,0,94.15549994446337,0,1,0,1,0,1,1,coast
2f6449e53.jpg,land_coast,0.0,0.3641560872395833,0.0,0,80.9785999590531,0,1,0,1,0,1,1,coast
2f6f8d443.jpg,candidates,0.0,0.1032833523220486,0.0,55,94.75380007643253,0,0,0,0,0,0,1,ships
2f7682a03.jpg,candidates,0.05436367458767361,0.07472954702180457,0.0,69,85.0918999640271,0,1,0,1,0,1,1,ships
2f7ac2fd7.jpg,candidates,0.0,0.008234659830729166,0.0,49,93.65910000633448,1,0,0,0,0,0,0,empty
2faf5a01f.jpg,candidates,0.0,0.007422553168402778,0.0,5,79.20350006315857,0,3,0,2,0,0,1,ships
2fe9f6986.jpg,cloud,0.9990030924479166,0.0,0.0,0,54.44860004354268,0,0,0,0,0,0,0,cloud
2ff0d9fa0.jpg,candidates,0.0,0.005048963758680556,0.0,28,91.91640000790358,0,2,0,2,0,2,2,ships
301e92aa0.jpg,candidates,0.0,0.001842922634548611,0.0,25,104.03599997516721,0,1,0,1,0,1,1,ships
302ed981d.jpg,candidates,0.0,0.0010698106553819445,0.0,2,85.62959998380393,0,1,0,1,0,1,1,ships
30484cd3b.jpg,candidates,0.0,0.0023701985677083335,0.0,7,96.37319995090365,0,2,0,2,0,2,2,ships
305c600f2.jpg,land_coast,0.0,0.18046400282118055,0.028667873806423612,18,100.24759999942034,21,6,7,1,3,1,3,coast
305cd8864.jpg,land_coast,0.0,0.05378892686631945,0.1385311550564236,41,98.44849992077798,2,1,1,1,1,1,1,coast
3062b6786.jpg,candidates,0.0,8.138020833333333e-05,0.0,10,92.66520000528544,1,2,0,2,0,2,2,ships
3067d76f5.jpg,empty_sea,0.0,0.06764729817708333,0.0,0,91.06050000991672,0,0,0,0,0,0,0,empty
3077323f1.jpg,land_coast,0.0,0.1950615776909722,0.0,8,79.84040002338588,0,0,0,0,0,0,0,coast
3087ddd59.jpg,land_coast,0.0,0.2890811496310764,0.0,1,92.24489994812757,0,3,0,2,0,1,2,coast
3092a2cd0.jpg,candidates,0.0,0.005986531575520833,0.023039076063368056,22,83.3993999985978,0,1,0,1,0,1,1,ships
30970217c.jpg,candidates,0.0,6.103515625e-05,0.0,1,94.17699999175966,0,1,0,1,0,1,1,ships
30aa04ebf.jpg,empty_sea,0.0,0.0,0.0,0,85.675899987109,0,0,0,0,0,0,0,empty
30b59ece8.jpg,candidates,0.0,8.477105034722222e-05,0.0,2,80.47340007033199,0,4,0,2,0,2,2,ships
30b5e7713.jpg,land_coast,0.006137424045138889,0.09614699697951412,0.4442271734142449,36,83.85090006049722,3,1,0,1,0,1,1,coast
30c4213b6.jpg,land_coast,0.0,0.2832319471571181,0.0,29,80.64059994649142,0,1,0,1,0,1,1,coast
30e0ec084.jpg,land_coast,0.0,0.2597842746310764,0.0,7,85.34800005145371,0,1,0,1,0,1,1,coast
310a28e3f.jpg,candidates,0.0,0.0022142198350694445,0.0,6,91.89839998725802,3,3,0,2,0,1,1,ships
310bc1656.jpg,candidates,0.0,0.0,0.0,3,83.12899991869926,0,1,0,1,0,1,1,ships
311423f79.jpg,land_coast,0.0,0.2858123779296875,0.0,5,102.29950002394617,0,2,0,2,0,2,2,coast
312381d01.jpg,candidates,0.0,0.0021209716796875,0.0,2,76.41710003372282,0,1,0,1,0,1,1,ships
313b581e9.jpg,land_coast,0.0,0.029568142361111112,0.2108832465277778,69,88.8404999859631,1,2,0,2,0,2,2,coast
313f0c410.jpg,empty_sea,0.0,0.0,0.0,0,81.64029999170452,0,0,0,0,0,0,0,empty
314036ea0.jpg,candidates,0.0,0.0,0.0,13,72.30070000514388,0,1,0,1,0,1,1,ships
3143e72f0.jpg,land_coast,0.0,0.2670983208550347,0.0,5,102.11659991182387,0,1,0,1,0,1,1,coast
3147eef20.jpg,land_coast,0.0,0.0013410780164930555,0.08907572428385417,44,86.50780003517866,1,3,1,1,0,0,1,coast
3153d4286.jpg,candidates,0.0,0.0004306369357638889,0.0,2,100.85600009188056,0,1,0,1,0,1,1,ships
3153e53de.jpg,candidates,0.0,0.003517998589409722,0.0,23,74.35160002205521,3,8,0,5,0,4,5,ships
3170415a0.jpg,candidates,0.005349053276909722,0.0055942861048458754,0.06486398742396282,35,88.71969999745488,2,11,0,4,0,3,6,ships
317216526.jpg,land_coast,0.1187286376953125,0.006707520360697899,0.23461239263998476,25,78.88679997995496,0,0,0,0,0,0,3,coast
31744dbbe.jpg,candidates,0.007127549913194444,0.000904586665570198,0.029006736429486785,25,88.3623999543488,0,2,0,2,0,2,2,ships
3187bddf0.jpg,land_coast,0.0,0.347320556640625,0.0,0,93.58430001884699,0,1,0,1,0,1,1,coast
31aa7693b.jpg,candidates,0.0,0.0006985134548611111,0.0,2,90.3014000505209,1,3,0,2,0,1,2,ships
31ab675db.jpg,candidates,0.0,0.1010470920138889,0.0,90,107.10230004042387,11,2,1,2,0,1,2,ships
31c86313a.jpg,candidates,0.0,0.004701402452256944,0.0,10,84.69839999452233,0,1,0,1,0,1,1,ships
31dce9e4f.jpg,land_coast,0.0,0.3069186740451389,0.0,11,105.2133000921458,1,5,0,2,0,2,2,coast
31ff299f2.jpg,candidates,0.0,0.0009019639756944445,0.0,7,86.26440004445612,1,5,1,2,0,2,2,ships
3220a767d.jpg,candidates,0.0,0.0018022325303819445,0.0,13,89.26679997239262,0,8,0,7,0,6,5,ships
3224933c1.jpg,land_coast,0.7532365587022569,0.19279706929467003,0.0,0,76.03680004831403,0,1,0,0,0,0,1,coast
3253a285e.jpg,candidates,0.0,0.0,0.0,1,85.86750004906207,0,0,0,0,0,0,0,empty
3253c25ee.jpg,candidates,0.0,0.001437717013888889,0.0,43,87.95590000227094,10,5,3,4,2,4,4,ships
325503718.jpg,candidates,0.0,0.006417168511284722,0.0,12,85.65160003490746,0,1,0,1,0,1,1,ships
325725cf5.jpg,candidates,0.0,0.013081868489583334,0.0,30,76.0776000097394,0,0,0,0,0,0,0,empty
326c55611.jpg,candidates,0.0,0.04788038465711805,0.0,43,74.98140004463494,0,0,0,0,0,0,2,ships
3277867b4.jpg,candidates,0.0,0.0008985731336805555,0.0,4,90.39749996736646,0,2,0,2,0,2,2,ships
329575712.jpg,land_coast,0.0,0.3365834554036458,0.0,1,79.0625000372529,0,1,0,1,0,1,1,coast
3298c4dbb.jpg,land_coast,0.0,0.23525492350260416,0.0,11,89.20519996900111,3,0,0,0,0,0,0,coast
329b13dbc.jpg,candidates,0.0,0.0009816487630208333,0.0,2,86.66049991734326,0,1,0,1,0,1,1,ships
329d37dd9.jpg,candidates,0.0,0.0004730224609375,0.0,15,92.19090000260621,0,0,0,0,0,0,0,empty
329def919.jpg,candidates,0.0,2.5431315104166668e-05,0.0,1,79.05329996719956,0,4,0,2,0,1,1,ships
32ae0c592.jpg,candidates,0.0,0.0010986328125,0.0,18,74.72060003783554,0,4,0,3,0,3,3,ships
32b395327.jpg,candidates,0.0,0.026692708333333332,0.0,14,76.7469999846071,0,3,0,0,0,0,1,ships
32b62bf76.jpg,candidates,0.0,0.002037896050347222,0.0135345458984375,2,71.66539994068444,0,1,0,1,0,1,1,ships
32c22f8d9.jpg,candidates,0.0,0.028749254014756944,0.0,77,77.49229995533824,0,0,0,0,0,0,0,empty
32ccf0d88.jpg,candidates,0.0,0.0003170437282986111,0.0,3,84.23179993405938,1,2,0,1,0,0,1,ships
32d95107e.jpg,candidates,0.0,7.120768229166667e-05,0.0,2,84.47979995980859,3,1,0,1,0,1,1,ships
32e3b6335.jpg,empty_sea,0.0,0.0,0.0,0,82.8781999880448,0,0,0,0,0,0,0,empty
32f5686a7.jpg,land_coast,0.5879567464192709,0.18058570450767575,0.0,7,80.84109995979816,0,0,0,0,0,0,1,coast
3309ccebf.jpg,candidates,0.0,2.2040473090277777e-05,0.0,51,83.1024000653997,0,0,0,0,0,0,0,empty
3311e56a6.jpg,candidates,0.0,0.003261990017361111,0.0,18,91.10560000408441,6,7,0,6,0,4,5,ships
332556767.jpg,land_coast,0.0,0.2644670274522569,0.0,13,82.6598999556154,0,0,0,0,0,0,1,coast
3327a9dc8.jpg,candidates,0.1334923638237847,0.014230890947911534,0.040773856020638294,21,80.55529999546707,0,0,0,0,0,0,0,empty
3330ef548.jpg,empty_sea,0.0,0.0,0.0,0,86.71060006599873,0,0,0,0,0,0,0,empty
335f53314.jpg,candidates,0.0,0.002895779079861111,0.0,28,88.56329997070134,1,6,0,5,0,4,4,ships
336d03a6d.jpg,land_coast,0.0,0.18250868055555555,0.015716552734375,36,91.47890005260706,4,4,0,1,0,1,3,coast
3372d8023.jpg,candidates,0.0,0.0024770100911458335,0.0,64,91.95419994648546,0,0,0,0,0,0,0,empty
3398b4f45.jpg,candidates,0.0,0.00015936957465277778,0.0,1,78.93379998859018,1,1,1,1,0,0,1,ships
33ac4a732.jpg,candidates,0.0,0.002631293402777778,0.0,15,89.18980008456856,0,1,0,1,0,1,1,ships
33aed36ad.jpg,candidates,0.0,0.0012834337022569445,0.0,10,121.95669999346137,0,0,0,0,0,0,0,empty
33b2a9163.jpg,candidates,0.0,0.007124159071180556,0.0,61,90.73749999515712,0,0,0,0,0,0,0,empty
33bf5dcb6.jpg,land_coast,0.0,0.2820536295572917,0.0,0,87.99939998425543,0,1,0,1,0,1,1,coast
33e3232b2.jpg,candidates,0.0,0.0007205539279513889,0.0,9,83.70749989990145,0,1,0,1,0,1,1,ships
33e6b0058.jpg,candidates,0.0,9.833441840277778e-05,0.0,1,71.45970000419766,0,3,0,2,0,1,1,ships
341dfd438.jpg,candidates,0.0,0.0084075927734375,0.0,41,76.60059991758317,2,7,0,7,0,6,3,ships
3438ddd99.jpg,candidates,0.0,0.04215833875868055,0.017800225151909724,114,95.67900002002716,0,1,0,1,0,1,1,ships
34400982a.jpg,candidates,0.0,0.0003458658854166667,0.0,6,82.80069997999817,0,1,0,1,0,1,1,ships
3440823c3.jpg,candidates,0.0,0.001861572265625,0.011142306857638888,16,85.123399971053,0,1,0,1,0,1,1,ships
3453cf632.jpg,candidates,0.05800035264756945,0.06723399892343578,0.0,56,82.5480999192223,0,1,0,0,0,0,2,ships
34549828e.jpg,candidates,0.0,0.0249176025390625,0.0268402099609375,42,89.92550009861588,8,1,1,1,0,1,1,ships
34773c433.jpg,candidates,0.0,0.050226847330729164,0.0,66,92.768199974671,0,0,0,0,0,0,0,empty
348400ef5.jpg,candidates,0.0,0.0005425347222222222,0.0,1,85.39779996499419,0,3,0,2,0,2,1,ships
3486e398b.jpg,land_coast,0.0,0.3015340169270833,0.0,40,89.02279997710139,0,1,0,1,0,1,1,coast
34923be6c.jpg,candidates,0.0,0.00041876898871527775,0.0,3,82.28650002274662,0,1,0,1,0,1,1,ships
349b6cd8b.jpg,land_coast,0.0,0.12311469184027778,0.0,14,70.93250006437302,0,0,0,0,0,0,1,coast
349e6e3ef.jpg,candidates,0.0,4.57763671875e-05,0.0,2,78.23559991084039,0,2,0,2,0,1,1,ships
34a49faed.jpg,land_coast,0.0,0.1655053032769097,0.0186920166015625,18,79.25000006798655,0,0,0,0,0,0,1,coast
34ad8b175.jpg,candidates,0.0,0.005098130967881944,0.0,39,85.35009995102882,0,3,0,1,0,1,1,ships
34ce5bd83.jpg,candidates,0.0,0.00311279296875,0.0,9,104.58509996533394,0,6,0,6,0,6,6,ships
34fa551f4.jpg,candidates,0.0,0.0007239447699652778,0.0,5,109.58080005366355,0,1,0,1,0,1,1,ships
3506e1464.jpg,candidates,0.0,0.0015767415364583333,0.0,9,80.21859999280423,0,10,0,9,0,8,10,ships
350ced10c.jpg,candidates,0.0,0.024388631184895832,0.0,36,84.70050001051277,5,5,1,3,0,3,3,ships
3522d78c7.jpg,land_coast,0.0,0.2691073947482639,0.0,0,93.42889999970794,0,1,0,1,0,1,1,coast
3527527f7.jpg,candidates,0.0,0.008309258355034722,0.0,18,87.9613000433892,0,5,0,3,0,2,3,ships
3534bcb0b.jpg,candidates,0.0,0.0014936659071180555,0.0,2,79.72769998013973,0,1,0,1,0,1,1,ships
354cd2d58.jpg,candidates,0.0,0.0033925374348958335,0.0,16,85.70919989142567,0,1,0,1,0,1,1,ships
357e14a4e.jpg,candidates,0.0,0.0014563666449652778,0.0,35,99.92029995191842,9,16,3,11,3,9,13,ships
35874dcc9.jpg,land_coast,0.0,0.1912384033203125,0.0,70,78.87720002327114,0,1,0,1,0,1,1,coast
358d83d37.jpg,candidates,0.0,0.0008154975043402778,0.0,7,74.35239991173148,0,2,0,2,0,1,2,ships
359675a23.jpg,land_coast,0.0,0.2631581624348958,0.0,7,101.63859999738634,0,1,0,1,0,1,1,coast
35a075c81.jpg,candidates,0.020863850911458332,0.0019316912217685939,0.0,54,87.99090003594756,0,2,0,1,0,1,1,ships
35a629fb2.jpg,land_coast,0.0,0.010826958550347222,0.1431206597222222,60,97.43429999798536,3,12,0,2,0,2,9,coast
35bbc3d7b.jpg,land_coast,0.0,0.15876261393229166,0.0,5,83.26139999553561,0,2,0,2,0,0,1,coast
35cf4b6e1.jpg,land_coast,0.0,0.16532728407118055,0.06530083550347222,57,77.21579994540662,0,1,0,1,0,1,1,coast
35e19298b.jpg,empty_sea,0.0,0.0,0.0,0,80.64729999750853,0,0,0,0,0,0,0,empty
35e3bc3c4.jpg,candidates,0.0,0.0,0.0,2,83.00529990810901,0,0,0,0,0,0,0,empty
360bb8772.jpg,candidates,0.0,0.0018225775824652778,0.0,5,83.56579998508096,0,1,0,1,0,1,1,ships
3612dbf3d.jpg,land_coast,0.0,0.1299709743923611,0.0,45,84.1309999814257,0,11,0,3,0,2,12,coast
3614a1e31.jpg,candidates,0.0,0.0019632975260416665,0.0,18,82.45330001227558,0,1,0,1,0,1,1,ships
3617720aa.jpg,candidates,0.0,0.00021701388888888888,0.0,1,88.29809993039817,1,4,1,1,0,0,1,ships
3618853e6.jpg,land_coast,0.0,0.2641516791449653,0.010850694444444444,13,97.12960000615567,2,0,0,0,0,0,1,coast
3628f44bb.jpg,land_coast,0.011644151475694444,0.05578456758156396,0.32336095287415845,55,94.64329993352294,0,0,0,0,0,0,0,coast
363999258.jpg,candidates,0.0,0.0,0.0,2,94.27170001436025,9,1,2,1,1,0,3,ships
365c7b32c.jpg,candidates,0.030977037217881944,0.0,0.0,2,97.52900002058595,3,3,1,0,0,0,1,ships
3679c695e.jpg,land_coast,0.0,0.2737002902560764,0.0,1,100.6014000158757,0,1,0,1,0,0,1,coast
367eb945c.jpg,empty_sea,0.0,0.0632781982421875,0.0,0,85.09310008957982,0,0,0,0,0,0,0,empty
368295ebd.jpg,candidates,0.0,0.004063924153645833,0.0,49,89.51249998062849,0,3,0,1,0,0,1,ships
36838c969.jpg,candidates,0.0,0.0013207329644097222,0.0,3,86.00799995474517,0,2,0,1,0,0,1,ships
3691b11a4.jpg,candidates,0.0,0.005396525065104167,0.0,10,81.38449990656227,0,0,0,0,0,0,0,empty
36952dd67.jpg,candidates,0.0,0.016757541232638888,0.0,47,69.9146999977529,3,4,0,1,0,1,1,ships
36a678205.jpg,candidates,0.0,0.030527750651041668,0.0,19,100.8457998977974,1,1,1,1,1,1,1,ships
36ad17902.jpg,land_coast,0.0,0.2208014594184028,0.0,54,100.82579997833818,0,0,0,0,0,0,1,coast
36bffb553.jpg,candidates,0.0,0.014909532335069444,0.0,74,87.76209992356598,1,4,1,0,0,0,1,ships
36c3af550.jpg,candidates,0.0,2.2040473090277777e-05,0.0,3,77.0006999373436,0,0,0,0,0,0,0,empty
36c817765.jpg,candidates,0.0,0.0138092041015625,0.0,49,81.25940000172704,0,1,0,1,0,1,1,ships
36d14adfc.jpg,land_coast,0.0,0.024892171223958332,0.2988603379991319,35,86.70869993511587,0,1,0,1,0,1,1,coast
36d226661.jpg,candidates,0.0,0.002037896050347222,0.0,7,90.5614000512287,0,6,0,3,0,2,2,ships
36dc92104.jpg,candidates,0.0,0.0,0.0,6,84.12619994487613,0,0,0,0,0,0,0,empty
36f7c9675.jpg,candidates,0.0,0.0,0.0,12,74.76399990264326,0,2,0,2,0,1,2,ships
36fb375e4.jpg,candidates,0.0,0.0007358127170138889,0.0,4,83.83010001853108,0,1,0,1,0,1,1,ships
371371749.jpg,land_coast,0.0,0.030973646375868056,0.14039442274305555,81,76.04030007496476,2,2,0,2,0,2,2,coast
372caa58e.jpg,candidates,0.0,0.005757649739583333,0.0,6,91.3357000099495,0,1,0,1,0,1,1,ships
372e7818b.jpg,land_coast,0.0,0.2374844021267361,0.0,0,81.72979997470975,0,0,0,0,0,0,0,coast
373799227.jpg,candidates,0.0,0.003899468315972222,0.0,34,87.86680002231151,5,1,2,1,2,1,1,ships
373f6dcfb.jpg,land_coast,0.0,0.1028561062282986,0.4011247422960069,77,94.62160000111908,11,23,0,7,0,5,12,coast
37571538d.jpg,land_coast,0.0031636555989583335,0.0038289431980451432,0.21896034053226912,45,81.09789993613958,0,1,0,1,0,1,1,coast
37589382b.jpg,candidates,0.0,0.005635579427083333,0.025510999891493056,32,82.1155000012368,1,1,0,1,0,1,1,ships
3758a6c69.jpg,candidates,0.0,0.00024583604600694444,0.0,3,71.12300000153482,0,1,0,1,0,1,1,ships
37616dcc5.jpg,candidates,0.0,0.0021870930989583335,0.0,63,79.75199993234128,0,0,0,0,0,0,0,empty
376216106.jpg,candidates,0.0,0.0001678466796875,0.0,4,79.50100000016391,0,5,0,2,0,0,1,ships
376aa104b.jpg,candidates,0.0,0.00041876898871527775,0.0,2,89.06629995908588,1,1,0,1,0,1,1,ships
376d86456.jpg,candidates,0.0,0.009394327799479166,0.03885057237413195,44,103.45890000462532,1,1,0,1,0,1,1,ships
37722e7ee.jpg,candidates,0.0,0.0022989908854166665,0.0,14,84.44839995354414,0,0,0,0,0,0,0,empty
377b5694b.jpg,candidates,0.0,0.00038825141059027775,0.0,7,82.41849998012185,0,6,0,1,0,0,1,ships
37a66079b.jpg,candidates,0.0,0.00028313530815972225,0.0,16,101.52969998307526,2,0,0,0,0,0,0,empty
37a906df6.jpg,land_coast,0.0,0.028578016493055556,0.14953443739149305,87,90.21719999145716,8,1,3,0,1,0,1,coast
37b0ef950.jpg,candidates,0.0,0.0005238850911458334,0.0,6,92.01899997424334,0,1,0,1,0,1,1,ships
37c75e67a.jpg,candidates,0.0,0.0179290771484375,0.06915961371527778,56,82.44649996049702,1,4,0,3,0,3,3,ships
37d593f07.jpg,candidates,0.0,0.047119140625,0.0,96,70.41149993892759,46,2,4,1,1,1,6,ships
37d83bf16.jpg,land_coast,0.0,0.3001590304904514,0.0,4,99.56909995526075,0,3,0,2,0,2,2,coast
37e2381d7.jpg,candidates,0.0,0.006295098198784722,0.0,18,87.81429997179657,0,1,0,1,0,1,1,ships
37e4582b5.jpg,land_coast,0.0,0.0022939046223958335,0.149993896484375,46,72.09369994234294,0,0,0,0,0,0,0,coast
37e91ccf0.jpg,candidates,0.0,0.00017971462673611112,0.0,1,93.9906999701634,0,3,0,1,0,0,1,ships
37f02b3d2.jpg,candidates,0.0,0.003696017795138889,0.0,5,110.56880000978708,0,3,0,2,0,1,2,ships
37fca4719.jpg,candidates,0.0,0.0023328993055555555,0.0,6,79.86130006611347,0,1,0,1,0,1,1,ships
37fd98d8e.jpg,candidates,0.0,0.004136827256944444,0.011954413519965278,15,88.52470002602786,0,1,0,1,0,1,1,ships
3818abe8a.jpg,land_coast,0.0,0.0035756429036458335,0.17483350965711805,45,78.09830002952367,0,4,0,4,0,3,5,coast
3819f925c.jpg,candidates,0.0,0.002570258246527778,0.0,6,83.74689996708184,0,1,0,1,0,1,1,ships
381c6060f.jpg,candidates,0.0,0.028618706597222224,0.026599460177951388,38,94.19249999336898,0,1,0,1,0,1,1,ships
38309afa8.jpg,land_coast,0.0,0.2608693440755208,0.0,12,91.64270001929253,0,1,0,1,0,1,1,coast
38314e5ea.jpg,land_coast,0.0,0.2504662407769097,0.0,24,89.14339996408671,0,3,0,0,0,0,1,coast
383a66e13.jpg,candidates,0.0,0.10444810655381945,0.0,58,85.89200000278652,4,8,2,4,1,3,14,ships
383d74eed.jpg,land_coast,0.0,0.028089735243055556,0.1441497802734375,40,74.00839996989816,7,5,2,3,1,3,4,coast
384387ae9.jpg,land_coast,0.0,0.3273569742838542,0.0,1,99.80649990029633,0,1,0,1,0,1,1,coast
384b2f4f1.jpg,land_coast,0.0,0.27435302734375,0.0,20,72.97800004016608,0,1,0,1,0,1,1,coast
384c595e3.jpg,candidates,0.0,0.026073879665798612,0.052100287543402776,54,81.5260000526905,5,1,0,1,0,1,1,ships
3859f31cc.jpg,candidates,0.0,0.0014394124348958333,0.0,5,88.02869997452945,0,1,0,1,0,1,1,ships
38669c62c.jpg,land_coast,0.03168063693576389,0.08229500446965698,0.3601814876226934,48,91.51040005963296,1,2,0,1,0,0,1,coast
386b0984b.jpg,land_coast,0.0,0.3456929524739583,0.0,0,89.58989998791367,0,0,0,0,0,0,0,coast
3874e91b7.jpg,candidates,0.0,0.001147800021701389,0.0,3,99.60339998360723,0,1,0,1,0,1,1,ships
388dea368.jpg,land_coast,0.0,0.2183074951171875,0.0,3,85.50399995874614,0,1,0,1,0,1,1,coast
38956b250.jpg,candidates,0.018829345703125,0.0,0.0,13,92.51689992379397,0,4,0,3,0,1,1,ships
38a68fcb3.jpg,candidates,0.0,0.031607733832465276,0.0,61,96.52699995785952,0,0,0,0,0,0,0,empty
38c07f05a.jpg,candidates,0.0,0.0016733805338541667,0.0,6,106.29070003051311,0,1,0,1,0,1,1,ships
38c45a197.jpg,candidates,0.0,0.002554999457465278,0.0,16,82.97470002435148,19,6,7,5,6,4,5,ships
38d4bbe23.jpg,candidates,0.0,0.00016445583767361112,0.024205525716145832,26,105.28050002176315,0,3,0,1,0,0,1,ships
38edd52e5.jpg,candidates,0.0,0.0,0.0,1,71.09600002877414,0,0,0,0,0,0,0,empty
390c39956.jpg,land_coast,0.0,0.2516055636935764,0.020287407769097224,2,109.0288000414148,0,0,0,0,0,0,1,coast
3941352fd.jpg,candidates,0.0,4.916720920138889e-05,0.0,1,79.1185999987647,0,2,0,2,0,0,1,ships
394d93708.jpg,land_coast,0.0,0.2835371229383681,0.0,0,111.372199957259,0,0,0,0,0,0,0,coast
395856098.jpg,land_coast,0.0,0.1405249701605903,0.22342088487413195,1,85.97110002301633,7,3,1,3,1,1,6,coast
395fe220d.jpg,candidates,0.0,0.0007137722439236111,0.0,3,86.65959991049021,0,1,0,1,0,1,1,ships
396ec75fd.jpg,candidates,0.0,0.0016496446397569445,0.0,26,83.16030004061759,3,0,1,0,0,0,1,ships
3976f920f.jpg,land_coast,0.0,0.2884487575954861,0.0,5,85.86420002393425,0,2,0,1,0,1,1,coast
398b3eaf9.jpg,candidates,0.0,6.103515625e-05,0.0,2,89.93009990081191,2,0,0,0,0,0,1,ships
399b9afeb.jpg,candidates,0.0061187744140625,0.07835873227632682,0.0,31,82.04719994682819,12,13,0,7,0,6,6,ships
39a308133.jpg,candidates,0.0,0.013838026258680556,0.042444864908854164,65,97.82969998195767,2,6,1,3,1,3,4,ships
39a31ef1b.jpg,cloud,0.9199608696831597,0.0,0.0,0,55.38110004272312,0,0,0,0,0,0,0,cloud
39cdfb04c.jpg,land_coast,0.0,0.2308586968315972,0.0,21,98.67959993425757,0,1,0,1,0,1,1,coast
39d8f6b42.jpg,land_coast,0.0,0.0344390869140625,0.10268317328559028,60,70.46389998868108,0,3,0,1,0,1,2,coast
39e5cef83.jpg,empty_sea,0.0,0.0,0.0,0,86.50249999482185,0,0,0,0,0,0,0,empty
3a0eb0243.jpg,candidates,0.0,0.019334581163194444,0.0,36,67.35050003044307,0,0,0,0,0,0,0,empty
3a10de0e2.jpg,candidates,0.0,0.005521986219618056,0.013673570421006944,14,88.07709999382496,0,1,0,1,0,1,1,ships
3a162077a.jpg,candidates,0.0,0.0022735595703125,0.0,2,79.00019991211593,0,1,0,1,0,1,1,ships
3a25d66bc.jpg,candidates,0.0,0.010523478190104166,0.0,33,82.88170001469553,1,5,1,2,0,0,2,ships
3a446fb40.jpg,land_coast,0.0,0.2871195475260417,0.0,11,89.64759996160865,6,5,0,3,0,1,2,coast
3a4ce6532.jpg,land_coast,0.0,0.17880079481336805,0.0,47,73.4041000250727,2,0,0,0,0,0,2,coast
3a6393ddd.jpg,land_coast,0.0,0.2058037651909722,0.0,3,86.11799997743219,0,0,0,0,0,0,0,coast
3a6bc3af3.jpg,candidates,0.0,0.0002288818359375,0.011559380425347222,41,83.50129995960742,0,0,0,0,0,0,0,empty
3a6fee078.jpg,candidates,0.0,0.0011461046006944445,0.0,1,86.50249999482185,0,2,0,2,0,0,1,ships
3a71ba92f.jpg,candidates,0.0,0.0003170437282986111,0.0,1,76.33589999750257,0,2,0,1,0,1,1,ships
3a77e81b5.jpg,candidates,0.0,0.0009646945529513889,0.0,4,90.91340005397797,0,1,0,1,0,1,1,ships
3a79a8197.jpg,land_coast,0.0,0.24540201822916666,0.0,31,87.75790000800043,1,1,1,1,0,1,1,coast
3a8144c1f.jpg,candidates,0.0,0.0005527072482638889,0.0,11,80.89129999279976,0,1,0,1,0,1,1,ships
3a8638fdb.jpg,candidates,0.0,0.0015547010633680555,0.024007161458333332,45,86.13209996838123,1,5,1,3,1,3,3,ships
3a8901b53.jpg,land_coast,0.0,0.2232632107204861,0.0,15,97.12769999168813,2,2,0,0,0,0,1,coast
3a8952d74.jpg,candidates,0.0,0.0,0.0,5,86.12789993640035,1,0,1,0,1,0,1,ships
3a97e02c0.jpg,candidates,0.0,0.00044080946180555556,0.0,6,91.25529997982085,3,4,0,2,0,2,2,ships
3aa04fd6e.jpg,land_coast,0.0,0.2562747531467014,0.0,2,87.25129999220371,0,0,0,0,0,0,0,coast
3adf7c300.jpg,candidates,0.0,0.004248725043402778,0.0,14,97.33340004459023,0,1,0,1,0,1,1,ships
3af2c6bcb.jpg,candidates,0.0,0.0216827392578125,0.0,14,88.70399999432266,0,0,0,0,0,0,1,ships
3b010d21f.jpg,land_coast,0.0,0.0008697509765625,0.09330919053819445,60,88.02469994407147,0,0,0,0,0,0,0,coast
3b0c7d3a5.jpg,candidates,0.0,0.0,0.0,1,77.5914000114426,0,3,0,2,0,2,2,ships
3b250499b.jpg,empty_sea,0.0,0.0,0.0,0,91.1387000232935,0,0,0,0,0,0,0,empty
3b279e35d.jpg,candidates,0.0,0.0029313829210069445,0.0,16,83.68380006868392,0,6,0,6,0,6,6,ships
3b2d4bd02.jpg,candidates,0.0,0.00262451171875,0.0,3,97.3113999934867,1,5,0,1,0,0,1,ships
3b315bbf3.jpg,empty_sea,0.0,0.0660552978515625,0.0,0,94.2899000365287,0,0,0,0,0,0,0,empty
3b3cc8ea7.jpg,land_coast,0.0,0.2692226833767361,0.0,0,104.0776000590995,0,0,0,0,0,0,0,coast
3b4c3fa46.jpg,candidates,0.0,0.0008985731336805555,0.0,5,92.46700000949204,0,1,0,1,0,1,1,ships
3b5b15907.jpg,land_coast,0.3529391818576389,0.2828942518907284,0.0,2,77.08730001468211,1,2,0,0,0,0,2,coast
3b6341ad5.jpg,candidates,0.0,0.0009206136067708334,0.0,6,86.01640001870692,0,4,0,4,0,3,2,ships
3b6aa514c.jpg,land_coast,0.0,0.3010118272569444,0.0,23,86.7583000799641,0,2,0,2,0,2,2,coast
3b70b34c0.jpg,candidates,0.0,0.08362833658854167,0.017742580837673612,93,83.62489996943623,4,4,1,4,1,4,4,ships
3b7e0d72f.jpg,empty_sea,0.0,0.0,0.0,0,82.60179997887462,0,0,0,0,0,0,0,empty
3b821d503.jpg,land_coast,0.0,0.1440497504340278,0.0,9,89.08669999800622,0,0,0,0,0,0,0,coast
3b8590e93.jpg,land_coast,0.0,0.2728864881727431,0.0,2,98.05400006007403,0,0,0,0,0,0,0,coast
3b8ec9ac2.jpg,land_coast,0.4579739040798611,0.010493877718170277,0.2365746618070628,28,76.48179994430393,0,0,0,0,0,0,0,coast
3b8efc0d9.jpg,candidates,0.0,0.008639865451388888,0.0,8,92.68520004115999,0,2,0,1,0,1,1,ships
3b9557cd7.jpg,candidates,0.0,0.001079983181423611,0.0,15,90.39239992853254,5,1,0,1,0,1,1,ships
3b9a770a7.jpg,candidates,0.0,0.0009290907118055555,0.0,2,88.6418999871239,0,1,0,1,0,1,1,ships
3b9a9b124.jpg,land_coast,0.0,0.030251397026909724,0.0926055908203125,90,76.34759997017682,1,2,0,2,0,2,2,coast
3ba9afbd3.jpg,candidates,0.0,0.03891160753038195,0.0,6,94.65470002032816,0,0,0,0,0,0,0,empty
3bb995cbc.jpg,candidates,0.0,0.003838433159722222,0.0,21,79.69819998834282,0,1,0,1,0,1,1,ships
3bcc868f8.jpg,candidates,0.0,7.62939453125e-05,0.0,1,72.7760000154376,0,3,0,2,0,2,2,ships
3bd478c53.jpg,land_coast,0.0,0.3547617594401042,0.0,6,98.90550002455711,0,1,0,1,0,1,1,coast
3bea324fc.jpg,candidates,0.0,0.0006985134548611111,0.0,3,94.71380000468343,0,2,0,2,0,2,2,ships
3beab760e.jpg,candidates,0.0,0.023903740776909724,0.010359022352430556,61,94.52029992826283,2,1,0,1,0,1,1,ships
3bf45c4fc.jpg,candidates,0.0,0.0001220703125,0.0,1,69.59119997918606,0,2,0,1,0,0,1,ships
3bf554155.jpg,candidates,0.0,0.05175442165798611,0.0,32,105.86589993909001,0,1,0,0,0,0,1,ships
3c0a27072.jpg,candidates,0.0,0.002117580837673611,0.0,3,89.41549994051456,0,1,0,1,0,1,1,ships
3c105bdb7.jpg,candidates,0.0,7.798936631944444e-05,0.0,2,97.87259995937347,4,1,0,0,0,0,1,ships
3c10c9fb6.jpg,candidates,0.0,0.002193874782986111,0.057305230034722224,48,98.74110005330294,1,4,0,3,0,3,4,ships
3c1645748.jpg,land_coast,0.147613525390625,0.056912512407073554,0.0888164158243361,104,93.95340003538877,18,19,0,6,0,3,6,coast
3c1b0cc0e.jpg,candidates,0.0,0.0013020833333333333,0.0,20,86.6198999574408,1,1,0,1,0,1,1,ships
3c279e5f6.jpg,candidates,0.0,0.001636081271701389,0.0,4,77.9272000072524,0,1,0,1,0,1,1,ships
3c2952f27.jpg,candidates,0.0,0.0017852783203125,0.0,5,87.12529996410012,0,1,0,1,0,1,1,ships
3c2b7c0a3.jpg,empty_sea,0.0,0.0,0.0,0,101.75979998894036,0,0,0,0,0,0,0,empty
3c2d3f333.jpg,candidates,0.0,0.0032806396484375,0.0,13,90.9460000693798,1,5,1,4,0,4,4,ships
3c35ac79f.jpg,candidates,0.0,0.034734090169270836,0.0,133,76.07409998308867,0,0,0,0,0,0,0,empty
3c5ec62f9.jpg,candidates,0.0,0.0003102620442708333,0.0,29,94.16079998482019,0,0,0,0,0,0,0,empty
3c6d1cf3a.jpg,candidates,0.0,0.00026618109809027775,0.0,2,100.10499996133149,0,3,0,3,0,1,2,ships
3c7a7aa6a.jpg,candidates,0.0,0.045298258463541664,0.0,47,94.7730999905616,0,0,0,0,0,0,0,empty
3c7ca5044.jpg,candidates,0.0,0.002200656467013889,0.0,12,93.86640007141978,2,1,0,1,0,1,1,ships
3c85119cc.jpg,candidates,0.0,0.023500230577256944,0.033545600043402776,61,83.1703000003472,0,2,0,2,0,2,2,ships
3c8bdfdb3.jpg,candidates,0.0,0.0205535888671875,0.0,15,80.55679989047348,0,1,0,1,0,1,1,ships
3c95ba2f3.jpg,candidates,0.0,6.103515625e-05,0.0,23,80.30320005491376,0,1,0,1,0,1,1,ships
3c9a4b6ad.jpg,candidates,0.0,0.0,0.0,1,84.30240000598133,0,0,0,0,0,0,0,empty
3c9e785ff.jpg,land_coast,0.0,0.2957746717664931,0.0,0,80.06270008627325,0,0,0,0,0,0,0,coast
3c9ffb788.jpg,candidates,0.0,0.0005527072482638889,0.0,8,95.34980007447302,1,2,0,2,0,0,1,ships
3cab5b14f.jpg,land_coast,0.014573838975694444,0.0018052949543565303,0.14450329267088363,7,82.43760000914335,0,1,0,1,0,1,1,coast
3cad31947.jpg,candidates,0.0,0.00039503309461805556,0.0,5,85.9881000360474,0,1,0,1,0,1,1,ships
3cbe7318f.jpg,candidates,0.0150604248046875,0.00037505682024408074,0.0,31,90.16300004441291,0,9,0,4,0,0,5,ships
3cc1bdaa3.jpg,candidates,0.0,0.00016954210069444444,0.0,16,86.08350006397814,2,2,0,0,0,0,1,ships
3cdac0854.jpg,candidates,0.0,0.001934475368923611,0.012022230360243056,9,79.75639996584505,1,1,0,1,0,1,1,ships
3cdd4ef66.jpg,land_coast,0.0,0.002544826931423611,0.09453837076822917,40,79.66180006042123,2,1,0,1,0,1,1,coast
3cf5ff5b2.jpg,candidates,0.0,2.2040473090277777e-05,0.0,29,84.6906000515446,0,0,0,0,0,0,0,empty
3cf898015.jpg,empty_sea,0.0,0.0,0.0,0,76.27359998878092,0,0,0,0,0,0,0,empty
3cf8e3abb.jpg,candidates,0.0,3.729926215277778e-05,0.0,2,83.96140008699149,0,2,0,1,0,1,1,ships
3cff25c03.jpg,candidates,0.0,0.006323920355902778,0.0,118,93.74220005702227,0,2,0,1,0,0,1,ships
3d04d0e48.jpg,candidates,0.0,0.002200656467013889,0.0,6,91.11279994249344,4,5,0,2,0,1,2,ships
3d077d28f.jpg,land_coast,0.0,0.0023668077256944445,0.08069864908854167,6,86.1799999838695,2,2,0,1,0,0,1,coast
3d13f18ac.jpg,candidates,0.0,0.0015309651692708333,0.0,3,84.38300003763288,0,1,0,1,0,1,1,ships
3d192187a.jpg,candidates,0.0,0.0028584798177083335,0.0,13,82.86470000166446,0,17,0,11,0,9,11,ships
3d2f841a8.jpg,land_coast,0.0,0.038909912109375,0.2553948296440972,63,79.72929999232292,12,3,2,1,2,1,1,coast
3d37aa292.jpg,candidates,0.0,0.0,0.012858072916666666,18,85.84690000861883,0,0,0,0,0,0,0,empty
3d3aebc0a.jpg,land_coast,0.0,0.3483564588758681,0.0,0,87.58609998039901,0,1,0,1,0,1,1,coast
3d51043d5.jpg,candidates,0.0,0.03767564561631945,0.018210517035590276,129,80.53430006839335,11,12,1,4,0,4,7,ships
3d6039ae2.jpg,candidates,0.0,0.06806267632378472,0.019387139214409724,5,78.82379996590316,0,0,0,0,0,0,0,empty
3d61b732b.jpg,candidates,0.0,0.0014665391710069445,0.051796807183159724,40,80.41119994595647,1,4,1,2,1,2,2,ships
3d6cccde2.jpg,candidates,0.0,0.0181427001953125,0.0,1,86.37500007171184,0,1,0,1,0,1,1,ships
3d75d9cf8.jpg,candidates,0.0,0.004021538628472222,0.0,6,80.94480005092919,0,2,0,1,0,1,1,ships
3d7e3902d.jpg,land_coast,0.0,0.2925974527994792,0.0,0,94.5120999822393,4,0,0,0,0,0,1,coast
3d9a26f9c.jpg,candidates,0.0,0.0010698106553819445,0.0,2,89.49959999881685,0,1,0,1,0,1,1,ships
3da46e885.jpg,candidates,0.0,0.07567681206597222,0.029318915473090276,30,92.02250000089407,2,4,0,4,0,4,4,ships
3dce18ae2.jpg,land_coast,0.0,0.3124542236328125,0.0,27,107.50819998793304,0,3,0,2,0,2,2,coast
3dce4a975.jpg,candidates,0.0,0.00042046440972222225,0.0,4,87.62540004681796,1,1,0,1,0,1,1,ships
3dd50f6b4.jpg,candidates,0.0,7.459852430555556e-05,0.0,20,86.5959000075236,0,0,0,0,0,0,0,empty
3dd9e6aab.jpg,land_coast,0.032923380533854164,0.18667758793329772,0.01932038113569379,4,81.8923000479117,0,0,0,0,0,0,0,coast
3de9473c0.jpg,land_coast,0.0,0.2929755316840278,0.0,20,86.54480008408427,0,1,0,1,0,1,1,coast
3de9ff590.jpg,candidates,0.0,0.001208835177951389,0.0,7,89.32629995979369,0,7,0,4,0,4,4,ships
3df6ef309.jpg,candidates,0.0,0.002410888671875,0.0,13,78.20819993503392,0,1,0,1,0,1,1,ships
3df7a5277.jpg,candidates,0.0,0.0004425048828125,0.0,1,87.01889996882528,0,1,0,1,0,1,1,ships
3e0086c9e.jpg,land_coast,0.0,0.08175828721788195,0.19939676920572916,50,81.2158000189811,7,1,3,1,2,1,1,coast
3e0dd9c9b.jpg,land_coast,0.0,0.2780507405598958,0.0,10,76.71749999281019,0,1,0,1,0,1,1,coast
3e2a5fd08.jpg,candidates,0.0,0.001312255859375,0.0,21,94.06909998506308,0,0,0,0,0,0,0,empty
3e3e2b503.jpg,empty_sea,0.0,0.00015767415364583334,0.0,0,96.49010002613068,0,0,0,0,0,0,0,empty
3e473fcce.jpg,candidates,0.0,0.002093844943576389,0.0,14,86.74639998935163,0,2,0,2,0,2,2,ships
3e4e7490d.jpg,land_coast,0.0,0.1809624565972222,0.0,8,88.71909999288619,0,1,0,1,0,1,1,coast
3e6d5f010.jpg,land_coast,0.0,0.1691962348090278,0.0,12,86.94409998133779,0,0,0,0,0,0,4,coast
3e7ef0b6d.jpg,candidates,0.0,0.0885196261935764,0.0,72,82.45949994307011,3,0,0,0,0,0,0,empty
3e9201e47.jpg,empty_sea,0.0,0.0034535725911458335,0.011608547634548612,0,81.60639996640384,0,1,0,1,0,1,1,ships
3e93c193f.jpg,candidates,0.6630198160807291,0.027572288801378613,0.0,11,77.5495000416413,0,1,0,0,0,0,2,ships
3ea250275.jpg,candidates,0.0,0.006812201605902778,0.0,58,78.19280005060136,7,1,0,1,0,1,1,ships
3eb941d75.jpg,candidates,0.0,0.006549411349826389,0.0,45,87.77980005834252,0,2,0,1,0,1,1,ships
3ec4320cf.jpg,candidates,0.0,0.0456390380859375,0.0592193603515625,70,91.09900007024407,1,1,1,1,0,1,1,ships
3ec985aaa.jpg,land_coast,0.0,0.01806640625,0.12750244140625,77,92.68440003506839,2,5,1,2,0,2,3,coast
3ec9cde7f.jpg,candidates,0.0,0.012861463758680556,0.04838901095920139,13,83.14980007708073,4,4,0,4,0,4,4,ships
3ed1d45b4.jpg,candidates,0.0,0.0018480088975694445,0.0,60,101.80760000366718,0,0,0,0,0,0,0,empty
3ed47493a.jpg,candidates,0.0,0.001422458224826389,0.0,38,82.40079996176064,10,11,2,7,1,6,6,ships
3ed913d43.jpg,land_coast,0.0,0.2884860568576389,0.0,5,89.17009993456304,4,1,1,1,1,1,1,coast
3ee37a460.jpg,candidates,0.0,9.1552734375e-05,0.0,11,84.89410008769482,0,1,0,1,0,1,1,ships
3efc950a3.jpg,land_coast,0.0,0.14554002549913195,0.04256015353732639,87,89.214300038293,2,1,0,1,0,1,1,coast
3f0ae1e0c.jpg,candidates,0.018614027235243056,0.04806127133853667,0.011260556228000613,59,75.96739998552948,2,2,2,0,2,0,1,ships
3f17d6902.jpg,candidates,0.0,0.00017462836371527778,0.011572943793402778,43,94.3230000557378,0,0,0,0,0,0,0,empty
3f477dc12.jpg,candidates,0.0,0.09393310546875,0.0,27,83.67490000091493,0,2,0,1,0,1,1,ships
3f4e1ce2b.jpg,candidates,0.0,0.0003102620442708333,0.0,1,101.20720008853823,0,1,0,1,0,1,1,ships
3f5e476cd.jpg,candidates,0.0,0.0018937852647569445,0.0,6,88.99309998378158,0,1,0,1,0,1,1,ships
3f5fd01f4.jpg,candidates,0.0,0.00046454535590277775,0.0,8,92.20830001868308,1,1,0,1,0,1,1,ships
3f6b248e9.jpg,candidates,0.0,0.039147271050347224,0.0,87,85.13799996580929,0,0,0,0,0,0,0,empty
3f6be30d7.jpg,candidates,0.0,0.004118177625868056,0.0,99,101.12840007059276,0,0,0,0,0,0,0,empty
3f8219477.jpg,land_coast,0.0,0.3144107394748264,0.0,14,89.363900013268,0,1,0,1,0,1,1,coast
3fad94568.jpg,land_coast,0.0,0.2364162868923611,0.0,2,80.22859995253384,0,2,0,2,0,2,2,coast
3fc0a74ab.jpg,candidates,0.0,3.5603841145833336e-05,0.0,1,80.42230003047734,0,1,0,1,0,1,1,ships
3fd3e6246.jpg,land_coast,0.0,0.19265577528211805,0.06432257758246528,13,87.80350000597537,0,1,0,1,0,1,1,coast
3fd4eb711.jpg,land_coast,0.0,0.20543077256944445,0.0,8,100.78410001005977,6,4,0,2,0,0,1,coast
3fe17e276.jpg,land_coast,0.0,0.007826063368055556,0.15924580891927084,27,105.44259997550398,1,6,0,4,0,4,4,coast
3fe82fd2e.jpg,land_coast,0.0034620496961805555,0.25973492435542295,0.0,28,102.9215999878943,0,1,0,1,0,1,1,coast
3ff475406.jpg,land_coast,0.0,0.38055419921875,0.0,8,100.2594999736175,2,4,0,0,0,0,1,coast
3ffc3a555.jpg,candidates,0.0,0.0014936659071180555,0.0,1,81.02280006278306,0,1,0,1,0,1,2,ships
40034f94f.jpg,land_coast,0.0,0.2996673583984375,0.0,0,103.1744999345392,0,0,0,0,0,0,1,coast
40099a5a6.jpg,candidates,0.0,0.0032365587022569445,0.0,11,92.7077999804169,4,14,1,7,0,2,5,ships
4021b56d6.jpg,land_coast,0.0,0.1466437445746528,0.0,11,83.78860005177557,0,0,0,0,0,0,0,coast
402677695.jpg,land_coast,0.0,0.0010782877604166667,0.10892232259114583,57,89.76400003302842,0,0,0,0,0,0,0,coast
402a1d27f.jpg,candidates,0.0,5.9339735243055555e-05,0.0,1,76.97449997067451,0,1,0,1,0,1,1,ships
402b8c1f8.jpg,candidates,0.0,0.0002780490451388889,0.0,14,95.71470005903393,0,1,0,1,0,1,1,ships
402fa9eb2.jpg,land_coast,0.0,0.1994967990451389,0.019865247938368056,17,101.9820999354124,0,1,0,1,0,1,1,coast
4030513da.jpg,candidates,0.0,0.009614732530381944,0.0308990478515625,82,91.79039997979999,0,1,0,1,0,1,1,ships
403213db3.jpg,candidates,0.0,0.0007561577690972222,0.0,16,77.17639999464154,0,1,0,1,0,1,1,ships
403351dad.jpg,candidates,0.0,0.002834743923611111,0.0,19,104.15310005191714,0,1,0,1,0,1,1,ships
403acf5c0.jpg,candidates,0.0,0.0008663601345486111,0.0,14,91.09369991347194,0,3,0,2,0,1,2,ships
406e8cc87.jpg,candidates,0.0,4.916720920138889e-05,0.0,5,86.99790004175156,1,2,0,0,0,0,1,ships
4071187d0.jpg,candidates,0.0,0.0,0.0,3,109.66229997575283,0,0,0,0,0,0,0,empty
4073a7e1e.jpg,candidates,0.0,0.002600775824652778,0.0,15,84.85939993988723,0,1,0,1,0,1,1,ships
4073b0eb1.jpg,candidates,0.0,0.0,0.0,3,84.77919991128147,0,2,0,2,0,2,2,ships
4074ff463.jpg,land_coast,0.0,0.06480238172743055,0.15069410536024305,53,82.41000003181398,3,3,0,3,0,3,3,coast
407f39acc.jpg,candidates,0.0,0.059395684136284724,0.0,22,91.61899995524436,0,3,0,1,0,0,1,ships
4084a2c92.jpg,candidates,0.0,0.007010565863715278,0.0,20,84.63259995914996,0,1,0,1,0,1,1,ships
4086a8dfc.jpg,candidates,0.0,0.000995212131076389,0.0,5,81.62700000684708,0,2,0,2,0,2,2,ships
4089f465e.jpg,candidates,0.0,0.004085964626736111,0.0,19,75.4614999750629,1,15,0,13,0,10,13,ships
409f8725a.jpg,candidates,0.0,0.0027177598741319445,0.0,16,93.55839993804693,0,3,0,3,0,3,3,ships
40a0415ef.jpg,land_coast,0.0,0.23272705078125,0.0,11,81.07349998317659,0,6,0,2,0,0,1,coast
40a063a6b.jpg,candidates,0.0,0.0007154676649305555,0.0,6,96.06849995907396,1,5,0,4,0,3,4,ships
40a3703ec.jpg,land_coast,0.0,0.3007829454210069,0.0,5,83.33120006136596,3,1,0,0,0,0,1,coast
40b08613e.jpg,candidates,0.0,0.0016004774305555555,0.0,74,78.98979994934052,0,0,0,0,0,0,0,empty
40b41aee6.jpg,empty_sea,0.0,0.0,0.0,0,78.15399998798966,0,0,0,0,0,0,0,empty
40b66f998.jpg,candidates,0.0,0.0028127034505208335,0.010199652777777778,4,74.30089998524636,0,4,0,2,0,2,2,ships
40bc60e5d.jpg,land_coast,0.0,0.2460513644748264,0.0,10,81.40120003372431,1,3,0,3,0,1,1,coast
40c7b07b4.jpg,land_coast,0.0,0.281005859375,0.0,0,99.5579999871552,0,0,0,0,0,0,0,coast
40cb96d56.jpg,candidates,0.0,0.0034434000651041665,0.0,10,94.12679995875806,1,9,0,3,0,2,3,ships
40d8f1fb5.jpg,candidates,0.0,0.00046624077690972225,0.03369310167100695,18,85.27569996658713,0,2,0,1,0,0,1,ships
40e97d711.jpg,candidates,0.0,0.0001983642578125,0.0,1,85.44920000713319,0,3,0,2,0,0,1,ships
40f0e9509.jpg,candidates,0.0,0.0010087754991319445,0.0,19,82.03670009970665,0,2,0,2,0,1,1,ships
410251d55.jpg,candidates,0.0,0.0,0.0,3,83.96399999037385,0,5,0,4,0,3,3,ships
4112f51e4.jpg,land_coast,0.0,0.20626661512586805,0.0,1,80.90679999440908,0,0,0,0,0,0,0,coast
41150fe77.jpg,candidates,0.0,0.002326117621527778,0.0,17,91.41380002256483,0,2,0,2,0,2,2,ships
413d8c1b7.jpg,land_coast,0.0,0.2555491129557292,0.08840094672309028,21,80.88929997757077,0,0,0,0,0,0,1,coast
4140138cd.jpg,candidates,0.0,0.003536648220486111,0.03457980685763889,9,81.60479995422065,1,2,0,2,0,0,1,ships
414a15420.jpg,candidates,0.04956224229600695,0.0022609068324786078,0.011297270204698328,14,78.35690001957119,1,0,0,0,0,0,1,ships
414aadda5.jpg,candidates,0.0,0.030117458767361112,0.0,59,92.54159999545664,0,0,0,0,0,0,0,empty
414da43c6.jpg,candidates,0.0,0.0027313232421875,0.0,3,87.9545999923721,0,3,0,2,0,2,2,ships
4151943b9.jpg,candidates,0.0,0.004442003038194444,0.0,11,82.44010002817959,2,4,0,4,0,4,4,ships
4163827ad.jpg,candidates,0.0,0.004341973198784722,0.026689317491319444,34,82.49159995466471,2,1,0,1,0,1,1,ships
417e6c55e.jpg,land_coast,0.0,0.21945359971788195,0.0,1,80.04729996901006,0,0,0,0,0,0,0,coast
41841b013.jpg,cloud,0.99224853515625,0.0,0.0,0,49.85329997725785,0,3,0,2,0,2,2,cloud
418943434.jpg,land_coast,0.5964219835069444,0.26574652268987126,0.0,0,72.55279994569719,0,2,0,1,0,0,1,coast
418baabc2.jpg,candidates,0.0,0.049774169921875,0.010801527235243056,47,91.61290002521127,5,3,0,3,0,3,3,ships
41936fbd5.jpg,candidates,0.0,0.0005306667751736111,0.0,2,72.920500067994,0,2,0,2,0,2,2,ships
4193b8be1.jpg,land_coast,0.0,0.3046332465277778,0.0,4,111.46919999737293,0,1,0,1,0,1,1,coast
41aceadf8.jpg,candidates,0.0,0.0017293294270833333,0.0,13,83.17560004070401,1,10,0,4,0,0,3,ships
41aec10e5.jpg,candidates,0.0,0.0009697808159722222,0.03575473361545139,44,84.25120008178055,0,0,0,0,0,0,0,empty
41b682e28.jpg,land_coast,0.0,0.2782338460286458,0.0,5,105.45899998396635,0,3,0,3,0,3,3,coast
41ccfe7e1.jpg,candidates,0.0,0.00017632378472222222,0.0,3,80.19139990210533,0,6,0,4,0,1,4,ships
41d658e5b.jpg,candidates,0.0,0.03955247667100695,0.0,67,79.01860005222261,0,0,0,0,0,0,0,empty
41dd57ede.jpg,candidates,0.0,0.005822075737847222,0.06834581163194445,33,87.90449996013194,4,1,1,1,1,1,2,ships
41ebf903d.jpg,candidates,0.0,0.00023735894097222222,0.030687120225694444,36,86.90360002219677,0,0,0,0,0,0,0,empty
41ee21436.jpg,land_coast,0.0,0.1613430447048611,0.0267486572265625,64,93.05420005694032,5,4,1,3,1,3,3,coast
41f15a6e7.jpg,candidates,0.0,0.031348334418402776,0.011423746744791666,23,84.237499977462,0,1,0,1,0,1,1,ships
41fddc5eb.jpg,candidates,0.0,0.005703396267361111,0.0,12,83.08550005313009,1,2,1,1,0,0,1,ships
41fff9476.jpg,candidates,0.0,0.00012037489149305556,0.0,2,100.87199998088181,0,1,0,1,0,1,1,ships
420234b88.jpg,candidates,0.0,0.004809909396701389,0.0,23,71.752900024876,1,4,1,3,1,3,3,ships
420a7681c.jpg,candidates,0.0,0.012990315755208334,0.0,5,81.7492000060156,0,0,0,0,0,0,0,empty
421ab75e7.jpg,candidates,0.0,0.0013342963324652778,0.0,15,79.67729994561523,0,2,0,2,0,2,2,ships
42232696d.jpg,candidates,0.0,0.0,0.0,2,84.38949997071177,0,1,0,1,0,1,1,ships
4236073e2.jpg,land_coast,0.028895060221354168,0.16543938984284848,0.28258998704688393,151,76.73750002868474,10,10,1,5,0,3,10,coast
4247cc4ab.jpg,candidates,0.0,0.04535081651475695,0.0,42,76.73960004467517,12,19,0,13,0,5,13,ships
426fd7245.jpg,land_coast,0.0,0.2974582248263889,0.0,1,108.59810002148151,0,0,0,0,0,0,0,coast
427ac1c45.jpg,candidates,0.0,0.0017310248480902778,0.0,1,93.92120002303272,0,1,0,1,0,1,1,ships
429638fa2.jpg,candidates,0.0,0.04181077745225695,0.07798936631944445,62,103.50229998584837,2,1,2,1,1,1,2,ships
429756fba.jpg,land_coast,0.0,0.1457604302300347,0.0,59,79.04920005239546,0,5,0,5,0,5,5,coast
42b5c9d2a.jpg,candidates,0.0,0.0015428331163194445,0.036231146918402776,29,79.05369997024536,0,2,0,2,0,2,2,ships
42bee6533.jpg,candidates,0.0,0.001369900173611111,0.0,4,76.32829993963242,1,15,0,13,0,9,12,ships
42c71fb45.jpg,candidates,0.0,0.0004170735677083333,0.0,5,86.01550001185387,0,3,0,3,0,3,4,ships
42d5ffa51.jpg,candidates,0.0,0.00031873914930555556,0.0,37,84.20670009218156,0,5,0,3,0,0,1,ships
42f272b67.jpg,land_coast,0.0,0.19781494140625,0.0,91,91.76229999866337,1,5,0,1,0,1,4,coast
42f3a4bc5.jpg,candidates,0.0,0.001068115234375,0.0,11,103.37800008710474,0,1,0,1,0,1,1,ships
42fc3e103.jpg,candidates,0.0,0.00015767415364583334,0.0,3,85.63900005538017,0,1,0,1,0,1,1,ships
43074326f.jpg,candidates,0.0,0.0015343560112847222,0.0,7,79.16470000054687,0,1,0,1,0,1,1,ships
431a404fd.jpg,land_coast,0.0696292453342014,0.3110265486399194,0.0,22,95.38080007769167,0,2,0,1,0,1,1,coast
43215f9bc.jpg,candidates,0.6487664116753472,0.02061512700093705,0.0,16,85.41090006474406,2,5,0,1,0,0,1,ships
433595bed.jpg,candidates,0.0,0.0015207926432291667,0.0,4,82.64240005519241,1,2,0,1,0,0,1,ships
43374827b.jpg,land_coast,0.0,0.18147786458333334,0.0,63,85.84530011285096,0,1,0,1,0,1,1,coast
433898bef.jpg,candidates,0.0,0.0015614827473958333,0.0,8,92.12550008669496,0,2,0,2,0,2,2,ships
4342978a3.jpg,candidates,0.0,0.00043402777777777775,0.0,2,91.34030004497617,0,1,0,1,0,1,1,ships
4344dc460.jpg,candidates,0.0,0.014812893337673612,0.024285210503472224,21,89.71069997642189,1,1,0,1,0,1,1,ships
4350e9b0f.jpg,candidates,0.0,0.0002950032552083333,0.0,2,84.23459995537996,1,1,0,1,0,1,1,ships
435714c96.jpg,candidates,0.0,0.016350640190972224,0.0680508083767361,37,94.85120000317693,18,8,5,6,4,5,6,ships
4385255d9.jpg,candidates,0.0,0.0078125,0.0302734375,32,88.57349993195385,0,1,0,1,0,1,1,ships
438ed403a.jpg,candidates,0.022467719184027776,0.0038382893791043524,0.0636702420913792,36,84.13229999132454,4,5,0,5,0,5,6,ships
4390a9651.jpg,candidates,0.0,0.09468756781684028,0.0,50,102.20090008806437,1,2,1,2,1,2,3,ships
43ab0c4e5.jpg,land_coast,0.0,0.3127848307291667,0.0,5,79.585500061512,2,3,0,2,0,1,1,coast
43b30620e.jpg,candidates,0.0,0.001495361328125,0.0,12,79.26649996079504,1,4,0,2,0,1,2,ships
43bfbfa50.jpg,candidates,0.0,0.002265082465277778,0.0,19,83.96499999798834,12,3,1,2,0,1,2,ships
43c11e6f8.jpg,land_coast,0.0,0.2880316840277778,0.0,0,90.31670005060732,0,0,0,0,0,0,0,coast
43cee3daa.jpg,candidates,0.0,5.255805121527778e-05,0.0,1,76.48739998694509,0,1,0,1,0,1,1,ships
43d10723a.jpg,candidates,0.0,0.09362623426649305,0.0,66,80.92209999449551,0,1,0,1,0,1,1,ships
43e9a0907.jpg,candidates,0.06391398111979167,0.11486689276388848,0.01186260091839491,33,83.75869994051754,0,1,0,1,0,1,1,ships
43f4acdc2.jpg,candidates,0.0,0.0016309950086805555,0.0,5,92.6022999919951,0,1,0,1,0,1,1,ships
4402f513e.jpg,candidates,0.0,0.00048658582899305556,0.0,2,79.2182000586763,1,2,0,2,0,2,2,ships
441b224b9.jpg,candidates,0.0,0.015903049045138888,0.0,75,82.78499997686595,0,1,0,1,0,1,1,ships
441b3befd.jpg,candidates,0.0,0.0036790635850694445,0.019246419270833332,39,84.03680007904768,0,3,0,3,0,3,3,ships
441cf4d9c.jpg,candidates,0.0,0.0015021430121527778,0.012240939670138888,16,79.80209996458143,0,1,0,1,0,1,1,ships
44286579d.jpg,candidates,0.0,0.03336927625868055,0.0,43,77.72960001602769,0,1,0,1,0,1,1,ships
44332fe33.jpg,candidates,0.0,0.028094821506076388,0.0,5,83.93989992327988,0,1,0,1,0,1,1,ships
443d09a36.jpg,land_coast,0.0,0.2622850206163194,0.0,2,109.00329996366054,0,1,0,1,0,1,1,coast
444db3028.jpg,candidates,0.0,0.011237250434027778,0.0,36,90.56319994851947,1,4,0,3,0,3,7,ships
4482d89c5.jpg,candidates,0.0,0.004677666558159722,0.013297186957465278,34,115.48659997060895,2,1,0,1,0,0,1,ships
448dd8e9a.jpg,candidates,0.0,0.0009579128689236111,0.0,4,92.29949989821762,0,2,0,2,0,2,2,ships
449145852.jpg,candidates,0.0,0.002846611870659722,0.0,11,83.77889997791499,6,8,0,1,0,0,4,ships
449638e41.jpg,candidates,0.0,0.0,0.0,2,78.19199992809445,2,1,1,1,1,0,2,ships
44a897282.jpg,candidates,0.0,0.0037180582682291665,0.0118408203125,2,95.4709000652656,0,2,0,2,0,2,2,ships
44aa7e83a.jpg,land_coast,0.0,0.3560909695095486,0.0,1,78.56970001012087,0,1,0,1,0,1,2,coast
44bd37e8d.jpg,land_coast,0.1904296875,0.12999984813608742,0.04967251631994689,0,86.5383999189362,0,0,0,0,0,0,0,coast
44c592564.jpg,candidates,0.0,0.0005374484592013889,0.0,1,77.13290001265705,0,1,0,1,0,1,1,ships
44e36ac80.jpg,land_coast,0.0,0.3392486572265625,0.0,0,81.27229998353869,0,1,0,1,0,1,1,coast
44e39b2e3.jpg,candidates,0.0,0.0001983642578125,0.0,1,74.76570003200322,0,3,0,2,0,0,1,ships
44e67acb0.jpg,candidates,0.0,0.0020395914713541665,0.0,23,77.353399945423,0,1,0,1,0,1,1,ships
44f2c0a33.jpg,candidates,0.0,0.06635877821180555,0.0,1,85.6108000734821,0,0,0,0,0,0,0,empty
45175b8f5.jpg,candidates,0.0,0.0,0.0,1,74.4824999710545,0,0,0,0,0,0,0,empty
452350dfd.jpg,land_coast,0.0,0.03897264268663195,0.13828023274739584,70,82.22610002849251,6,7,0,3,0,0,2,coast
45647fe43.jpg,empty_sea,0.0,0.0,0.0,0,87.67249993979931,0,0,0,0,0,0,0,empty
457473d8e.jpg,land_coast,0.0,0.23724365234375,0.0,5,90.77190002426505,0,3,0,0,0,0,1,coast
457ccfd29.jpg,land_coast,0.0,0.301910400390625,0.0,8,80.06369997747242,0,3,0,3,0,2,2,coast
4584a6187.jpg,candidates,0.0,0.003750271267361111,0.0,25,92.92219998314977,1,1,0,1,0,1,1,ships
4589cba92.jpg,candidates,0.0,0.0010172526041666667,0.0,40,78.57270003296435,0,1,0,1,0,1,1,ships
458aba0b4.jpg,land_coast,0.0,0.15596177842881945,0.010338677300347222,0,92.1857999637723,0,3,0,0,0,0,1,coast
45971ad97.jpg,candidates,0.0,0.0034637451171875,0.0,2,85.8990999404341,0,2,0,1,0,1,1,ships
45977598b.jpg,empty_sea,0.0,0.0,0.0,0,81.82900003157556,0,0,0,0,0,0,0,empty
459de5394.jpg,land_coast,0.0,0.0018310546875,0.18549601236979166,68,78.44209996983409,0,2,0,1,0,1,1,coast
45a321911.jpg,land_coast,0.0,0.2349514431423611,0.0,6,105.26560002472252,0,0,0,0,0,0,0,coast
45a3d8946.jpg,candidates,0.0,0.05070834689670139,0.0,5,78.6429001018405,1,8,0,0,0,0,2,ships
45bb159c6.jpg,land_coast,0.0,0.2888641357421875,0.0,11,94.2793000722304,0,1,0,1,0,1,1,coast
45c3dffcd.jpg,candidates,0.0,0.0023057725694444445,0.0,11,82.35129993408918,0,1,0,1,0,1,1,ships
45e9ff7f2.jpg,candidates,0.0,9.663899739583333e-05,0.016562567816840276,12,93.91029994003475,2,0,2,0,0,0,0,empty
45eaace17.jpg,candidates,0.0,0.07061089409722222,0.0,97,81.57799998298287,0,0,0,0,0,0,0,empty
45f460faa.jpg,candidates,0.0,0.00035264756944444444,0.0,4,74.45959991309792,1,1,1,1,1,1,1,ships
45fe47755.jpg,land_coast,0.0,0.028603447808159724,0.2500525580512153,66,88.798200013116,2,20,0,9,0,4,10,coast
460dfa822.jpg,candidates,0.0,0.083160400390625,0.0,14,101.83900000993162,0,1,0,1,0,1,1,ships
461f9e3e6.jpg,candidates,0.0,0.007837931315104166,0.0,82,103.43189991544932,7,1,1,1,0,1,2,ships
4623c9168.jpg,candidates,0.0,0.007676866319444444,0.0,49,81.23599993996322,0,1,0,1,0,1,1,ships
4637d51ca.jpg,candidates,0.0,0.0014936659071180555,0.0,1,80.96960000693798,0,1,0,1,0,1,2,ships
463b8e02c.jpg,candidates,0.038123236762152776,0.10147040171210424,0.0669389169654453,19,79.95789998676628,0,0,0,0,0,0,1,ships
463be5d05.jpg,land_coast,0.0,0.3042195638020833,0.0,3,103.65489998366684,2,2,0,2,0,2,2,coast
464a4d12a.jpg,candidates,0.0,0.0,0.0,10,85.30260005500168,0,0,0,0,0,0,0,empty
4655f8793.jpg,candidates,0.0,0.006501939561631944,0.0,8,90.57889995165169,0,5,0,5,0,5,5,ships
466670bdc.jpg,candidates,0.0,0.0008833143446180555,0.07018873426649305,61,80.49049996770918,0,0,0,0,0,0,0,empty
4673287ee.jpg,candidates,0.0,0.0034840901692708335,0.0,8,95.6428999779746,0,1,0,1,0,1,1,ships
46738732d.jpg,candidates,0.0,0.007503933376736111,0.019410875108506944,20,88.89420004561543,0,1,0,1,0,1,1,ships
4684ece3a.jpg,candidates,0.0,5.255805121527778e-05,0.0,1,92.17970003373921,0,1,0,1,0,1,1,ships
46904ccab.jpg,candidates,0.0,0.007804022894965278,0.0,44,95.36040003877133,1,4,0,3,0,3,3,ships
469469108.jpg,candidates,0.0,0.0006120469835069445,0.0,1,108.84460003580898,0,3,0,1,0,1,1,ships
46afb91b4.jpg,candidates,0.0,8.985731336805556e-05,0.0,9,91.54779999516904,1,8,0,2,0,0,2,ships
46b3bd9a2.jpg,candidates,0.0,0.011218600802951388,0.0,5,77.39270001184195,0,3,0,2,0,1,2,ships
46b90a610.jpg,candidates,0.0,0.0022413465711805555,0.0,15,94.40189995802939,0,1,0,1,0,1,1,ships
46c361771.jpg,candidates,0.0,0.00011189778645833333,0.0,40,99.38630007673055,1,3,0,1,0,0,1,ships
46cd5b9e0.jpg,candidates,0.0,0.0004221598307291667,0.0,3,77.57389999460429,2,2,0,1,0,1,1,ships
46da9ed20.jpg,land_coast,0.0,0.2503729926215278,0.0,0,76.85159996617585,0,0,0,0,0,0,1,coast
46dd54208.jpg,candidates,0.0,0.004986233181423611,0.015313042534722222,5,73.61660001333803,1,2,0,1,0,0,1,ships
46def5bb7.jpg,candidates,0.009645250108506944,0.012118031658637302,0.0,2,91.87580004800111,0,0,0,0,0,0,0,empty
46e3b9905.jpg,candidates,0.0,0.0001220703125,0.0,1,73.33759998437017,0,4,0,2,0,0,1,ships
46fc11c7e.jpg,candidates,0.0,0.0,0.0,2,93.82489998824894,0,0,0,0,0,0,0,empty
470dd8fc3.jpg,candidates,0.0,0.001285129123263889,0.0,10,91.26539994031191,1,1,0,1,0,1,1,ships
470e822a3.jpg,candidates,0.0,0.0010630289713541667,0.0,12,79.93929996155202,0,1,0,1,0,1,1,ships
471789c33.jpg,land_coast,0.0,0.1864844428168403,0.0,57,77.70650007296354,2,15,0,10,0,8,8,coast
4721c48a7.jpg,candidates,0.0,0.00015428331163194444,0.0,3,77.66899990383536,6,0,0,0,0,0,0,empty
476c0eca7.jpg,candidates,0.0,0.0022989908854166665,0.0,1,97.02510002534837,0,1,0,1,0,1,1,ships
477d7b21a.jpg,candidates,0.0,9.663899739583333e-05,0.0,1,92.04349992796779,2,1,0,1,0,1,1,ships
47aecfd34.jpg,land_coast,0.0,0.2963680691189236,0.0,19,80.02720004878938,0,6,0,5,0,4,4,coast
47b0f0836.jpg,candidates,0.0,6.273057725694444e-05,0.0,1,93.2058000471443,5,5,1,1,0,0,1,ships
47bf505ca.jpg,land_coast,0.0,0.15817769368489584,0.04227871365017361,28,85.18260007258505,0,0,0,0,0,0,5,coast
47cede9f5.jpg,land_coast,0.0,0.3090922037760417,0.0,1,90.66190000157803,1,4,0,3,0,3,4,coast
47df617be.jpg,land_coast,0.0,0.1739010281032986,0.0,18,82.01610005926341,0,5,0,1,0,0,1,coast
47f604bcf.jpg,candidates,0.0,0.002575344509548611,0.043848673502604164,16,84.186099935323,0,1,0,1,0,1,1,ships
47f8568e4.jpg,candidates,0.0,0.007459852430555556,0.0,5,86.08949999324977,0,3,0,2,0,0,1,ships
4808c9479.jpg,candidates,0.0,0.007115681966145833,0.0,38,79.93100001476705,0,1,0,1,0,1,1,ships
4813d4902.jpg,candidates,0.0,0.0005967881944444445,0.0,15,92.69570000469685,1,5,0,3,0,2,2,ships
481de4313.jpg,candidates,0.0,0.0014885796440972222,0.0,11,95.5914999358356,0,3,0,3,0,3,3,ships
481e3da38.jpg,candidates,0.0,0.0003102620442708333,0.0,14,86.29320003092289,0,1,0,1,0,1,1,ships
481fab8cc.jpg,candidates,0.0,0.0001220703125,0.0,1,86.99219999834895,0,2,0,1,0,0,1,ships
482010962.jpg,land_coast,0.0,0.0904964870876736,0.2792443169487847,53,96.50649991817772,9,5,1,4,0,2,3,coast
482794d96.jpg,candidates,0.0,0.0,0.0,1,90.83679993636906,0,0,0,0,0,0,0,empty
484068fb7.jpg,candidates,0.0,0.0027414957682291665,0.0,33,87.91359991300851,5,6,0,4,0,3,3,ships
484f3b0a2.jpg,candidates,0.0,0.0013834635416666667,0.0,7,82.11440010927618,0,5,0,3,0,0,2,ships
487f71148.jpg,candidates,0.0,0.00028313530815972225,0.0,3,73.29259999096394,0,3,0,3,0,3,3,ships
48813ea14.jpg,candidates,0.0,0.06818135579427083,0.06322733561197917,55,89.47699994314462,0,3,0,1,0,1,1,ships
48832940c.jpg,land_coast,0.0,0.04999966091579861,0.148651123046875,20,78.45379994250834,0,0,0,0,0,0,0,coast
4888422cb.jpg,candidates,0.0,0.00012546115451388888,0.0,5,89.931899914518,0,3,0,2,0,2,2,ships
488c93cff.jpg,candidates,0.0,0.003409491644965278,0.0,6,95.10229993611574,0,1,0,1,0,1,1,ships
488d85e68.jpg,candidates,0.0,0.001324123806423611,0.0,8,101.34170006494969,0,1,0,1,0,1,1,ships
488f5a173.jpg,candidates,0.0,2.712673611111111e-05,0.0,3,88.87390000745654,0,0,0,0,0,0,0,empty
488fb7cec.jpg,candidates,0.0,0.0005713568793402778,0.0,2,84.46479996200651,0,3,0,2,0,2,2,ships
48bae3234.jpg,land_coast,0.0,0.14528062608506945,0.032277425130208336,60,91.57509997021407,0,1,0,1,0,1,1,coast
48bcbbac2.jpg,land_coast,0.0,0.16456773546006945,0.0,38,95.82020004745573,0,0,0,0,0,0,1,coast
48c9a949d.jpg,candidates,0.0,9.494357638888889e-05,0.0,26,96.59919992554933,3,1,2,0,0,0,1,ships
48cffba29.jpg,candidates,0.0,0.1123928493923611,0.014129638671875,22,103.43989997636527,4,2,1,2,1,2,2,ships
48e0b2a3c.jpg,candidates,0.0,0.0005696614583333334,0.0,11,83.65050004795194,0,1,0,1,0,1,1,ships
48e2b156c.jpg,candidates,0.0,0.0016191270616319445,0.041264851888020836,23,83.64570001140237,0,8,0,8,0,8,8,ships
48eb5eac0.jpg,land_coast,0.0,0.3196004231770833,0.0,24,82.60349999181926,2,3,0,1,0,0,1,coast
49112920a.jpg,land_coast,0.0,0.3093482123480903,0.0,3,90.79769998788834,0,1,0,1,0,1,1,coast
49164130a.jpg,candidates,0.0,0.004392835828993056,0.0,13,91.10790002159774,1,1,0,1,0,1,1,ships
491b74e4f.jpg,land_coast,0.0,0.20303514268663195,0.0,1,96.85479989275336,0,0,0,0,0,0,0,coast
492245c35.jpg,land_coast,0.021636962890625,0.003998174062239292,0.13756097390343167,5,78.4607999958098,0,4,0,1,0,0,1,coast
492aaff1f.jpg,candidates,0.022544013129340276,0.002393153408842054,0.07681041354601915,41,82.86490000318736,0,0,0,0,0,0,0,empty
492b171a5.jpg,candidates,0.0,0.013636271158854166,0.0,22,96.94620000664145,0,3,0,3,0,2,2,ships
4948153c1.jpg,candidates,0.0,0.004464043511284722,0.0,52,91.01889992598444,0,2,0,1,0,0,1,ships
495e9bde5.jpg,land_coast,0.0,0.2587805853949653,0.0,32,84.926399984397,0,1,0,1,0,1,1,coast
496f2e669.jpg,candidates,0.0,0.0005832248263888889,0.0,2,80.12699999380857,0,1,0,1,0,1,1,ships
49a9b79c4.jpg,candidates,0.0,0.0009223090277777778,0.0,41,82.44189992547035,0,1,0,1,0,1,1,ships
49b3e4602.jpg,candidates,0.0,0.0005120171440972222,0.0,4,81.47460001055151,1,4,0,3,0,2,2,ships
49bb13db9.jpg,empty_sea,0.0,0.0,0.0,0,86.49880008306354,0,0,0,0,0,0,0,empty
49c087fe9.jpg,land_coast,0.3306918674045139,0.08398931082835896,0.16447949902931747,10,77.78910000342876,0,8,0,5,0,3,5,coast
49c4a9024.jpg,candidates,0.0,0.0,0.0,6,93.19899999536574,0,0,0,0,0,0,0,empty
49d2cb011.jpg,empty_sea,0.0,0.0,0.0,0,86.73530002124608,0,0,0,0,0,0,0,empty
49d59532d.jpg,candidates,0.0,0.00091552734375,0.0,67,96.77170007489622,0,1,0,1,0,1,1,ships
49dfe969e.jpg,candidates,0.0,0.008332994249131944,0.0,58,81.32560004014522,3,1,0,1,0,1,1,ships
49e25920f.jpg,candidates,0.16234842936197916,0.0397199617532758,0.013234515616728428,65,83.1573000177741,2,1,0,0,0,0,1,ships
49ec07a16.jpg,empty_sea,0.0,0.11812845865885417,0.0,0,89.32610007468611,0,0,0,0,0,0,0,empty
49ed1faba.jpg,candidates,0.0,0.0009596082899305555,0.0,53,81.45699999295175,0,1,0,1,0,1,1,ships
49f629913.jpg,candidates,0.0,0.002663506401909722,0.0,12,98.60979998484254,0,18,0,12,0,10,12,ships
49fd215b4.jpg,candidates,0.0,0.002677069769965278,0.0,16,92.86299999803305,1,1,0,1,0,1,1,ships
4a016fb73.jpg,candidates,0.0,9.494357638888889e-05,0.0,13,79.13420000113547,0,3,0,1,0,0,1,ships
4a14ec421.jpg,land_coast,0.0,0.3224402533637153,0.0,1,99.38399994280189,0,0,0,0,0,0,1,coast
4a1a7ea2f.jpg,candidates,0.0,0.0005018446180555555,0.0,14,94.54289998393506,0,2,0,2,0,2,2,ships
4a2753273.jpg,land_coast,0.0,0.2841864691840278,0.0,2,96.68369998689741,3,0,0,0,0,0,0,coast
4a2bd4d7b.jpg,candidates,0.0,0.0016988118489583333,0.0,3,88.18399999290705,0,1,0,1,0,1,1,ships
4a2be955d.jpg,candidates,0.0,0.0,0.0,5,77.50959997065365,0,1,0,1,0,1,1,ships
4a31f722e.jpg,candidates,0.0,0.0019361707899305555,0.0,5,95.91829997953027,0,1,0,1,0,1,1,ships
4a32da6a0.jpg,land_coast,0.0,0.021124945746527776,0.4135114881727431,32,85.28480003587902,0,1,0,1,0,1,1,coast
4a36d86bf.jpg,candidates,0.0,0.030492146809895832,0.0,99,87.62890007346869,10,2,1,0,0,0,2,ships
4a566b7c3.jpg,land_coast,0.0,0.2554694281684028,0.0,17,92.61010005138814,3,3,1,1,1,1,2,coast
4a5f7531f.jpg,candidates,0.23340352376302084,0.001610980295239599,0.0,46,78.48289993125945,10,2,1,1,1,1,1,ships
4a6f5791f.jpg,candidates,0.0,0.004726833767361111,0.05365159776475695,37,78.11839994974434,2,2,0,1,0,0,1,ships
4a7342a52.jpg,candidates,0.0,0.0036485460069444445,0.017088148328993056,23,90.23349999915808,1,2,0,2,0,2,2,ships
4a73910cc.jpg,land_coast,0.0,0.05853441026475695,0.09964836968315972,62,96.11319995019585,26,4,5,1,3,1,3,coast
4a7512d17.jpg,candidates,0.0,0.018261379665798612,0.0,15,77.46830000542104,0,2,0,1,0,1,1,ships
4a86316a8.jpg,candidates,0.0,0.011043972439236112,0.07740275065104167,13,86.46150003187358,0,3,0,1,0,0,2,ships
4a8d2399e.jpg,land_coast,0.0,0.13321940104166666,0.0,8,77.98619999084622,0,1,0,1,0,1,1,coast
4a90a100b.jpg,candidates,0.0,0.09057447645399305,0.03209262424045139,115,95.42450006119907,0,1,0,1,0,1,1,ships
4a9f14309.jpg,candidates,0.0,0.0037434895833333335,0.013042873806423612,27,80.26069996412843,0,2,0,2,0,2,2,ships
4aa0dc3d9.jpg,land_coast,0.0,0.1623806423611111,0.0,3,89.96739995200187,0,1,0,1,0,1,1,coast
4ab4453de.jpg,candidates,0.0,0.0005442301432291666,0.0,1,90.07979999296367,0,1,0,1,0,1,1,ships
4ad7f511d.jpg,candidates,0.0,6.781684027777778e-05,0.0,1,78.88429996091872,2,3,0,2,0,1,2,ships
4ae200e55.jpg,candidates,0.0,0.00033399793836805556,0.0,8,102.36979997716844,0,9,0,7,0,3,8,ships
4b000df5b.jpg,candidates,0.0,0.0012274848090277778,0.0,4,92.44729997590184,0,2,0,2,0,2,2,ships
4b2d1a964.jpg,cloud,0.9626939561631944,0.0,0.0,0,54.03380002826452,4,0,1,0,0,0,1,cloud
4b3968b98.jpg,candidates,0.0,0.004848904079861111,0.0,36,85.16919997055084,1,0,0,0,0,0,0,empty
4b5993c9a.jpg,candidates,0.004314846462673611,0.05145595470552623,0.0,8,81.97599998675287,0,0,0,0,0,0,0,empty
4b622a74c.jpg,candidates,0.0,0.00653076171875,0.0,3,100.63689993694425,0,4,0,2,0,2,2,ships
4b661b951.jpg,land_coast,0.0,0.1430172390407986,0.0,26,81.94559998810291,0,0,0,0,0,0,0,coast
4b756254e.jpg,land_coast,0.17616102430555555,0.004830928021272886,0.09008210477232677,25,81.76560001447797,0,0,0,0,0,0,0,coast
4b8425913.jpg,land_coast,0.0,0.12288750542534722,0.0,10,85.29030007775873,0,0,0,0,0,0,0,coast
4b8cc615b.jpg,candidates,0.0,0.0008392333984375,0.010243733723958334,4,78.82409996818751,0,4,0,4,0,4,4,ships
4bb0dedef.jpg,candidates,0.0,0.006603664822048611,0.031707763671875,44,104.11519999615848,1,1,0,1,0,1,1,ships
4bbb5d0ad.jpg,candidates,0.0,0.0984225802951389,0.0,12,86.63419994991273,1,9,0,3,0,0,2,ships
4bc9e7730.jpg,candidates,0.0,0.004009670681423611,0.0,13,100.12730001471937,0,1,0,1,0,1,1,ships
4bdc36f7a.jpg,candidates,0.0,0.00390625,0.018537733289930556,17,82.19069999177009,0,1,0,1,0,1,1,ships
4bdfdb73d.jpg,land_coast,0.0,0.2705468071831597,0.0,1,97.3786999238655,0,1,0,1,0,1,1,coast
4bed371a7.jpg,candidates,0.0,0.00048828125,0.0,2,97.99979999661446,0,6,0,2,0,1,2,ships
4bfc4cc05.jpg,candidates,0.0,0.005420260959201389,0.0,14,90.29090008698404,5,0,2,0,0,0,2,ships
4c0c8bc0c.jpg,candidates,0.0,0.003689236111111111,0.0,23,87.91869995184243,0,2,0,2,0,2,2,ships
4c30c9117.jpg,candidates,0.0,0.0012410481770833333,0.0,22,88.29240000341088,0,1,0,1,0,1,1,ships
4c54809d2.jpg,candidates,0.0,0.010959201388888888,0.0,107,86.06350002810359,0,0,0,0,0,0,0,empty
4c56d2f00.jpg,candidates,0.0,0.002373589409722222,0.0,11,80.65410004928708,0,1,0,1,0,1,1,ships
4c792b511.jpg,land_coast,0.0,0.2619984944661458,0.0,24,96.5602999785915,0,1,0,1,0,1,1,coast
4ca6495b6.jpg,candidates,0.0,0.0030364990234375,0.0,21,85.88579995557666,0,1,0,1,0,1,1,ships
4cab25392.jpg,candidates,0.0,0.0002644856770833333,0.022065904405381944,34,88.8917000265792,0,2,0,2,0,2,2,ships
4caf9808f.jpg,candidates,0.0,0.023288302951388888,0.03928968641493055,3,78.9080000249669,0,0,0,0,0,0,0,empty
4cd05cfbf.jpg,candidates,0.0,0.001953125,0.0,1,98.02049992140383,0,1,0,1,0,1,1,ships
4cdb5e282.jpg,candidates,0.0,0.03470187717013889,0.0,40,80.57780005037785,0,0,0,0,0,0,0,empty
4cfe8d6e9.jpg,candidates,0.0,0.010662502712673612,0.0,9,83.21609999984503,1,1,0,1,0,1,1,ships
4d06395ab.jpg,land_coast,0.03239271375868055,0.00341188816510141,0.1885404445010733,47,93.55410002171993,0,0,0,0,0,0,0,coast
4d09521a8.jpg,land_coast,0.0,0.018768310546875,0.2197299533420139,81,85.45300003606826,2,9,0,4,0,3,10,coast
4d395184a.jpg,candidates,0.0,0.004208034939236111,0.0,22,86.0822000540793,0,1,0,1,0,1,1,ships
4d42dee53.jpg,land_coast,0.0,0.3019392225477431,0.0,13,101.15539992693812,2,5,1,2,1,1,2,coast
4d4520868.jpg,empty_sea,0.0,0.0,0.0,0,82.79270003549755,0,0,0,0,0,0,0,empty
4d48b15e4.jpg,candidates,0.0,0.007939656575520834,0.019916110568576388,45,78.57499993406236,10,10,0,4,0,3,6,ships
4d68584b1.jpg,candidates,0.0,0.09115091959635417,0.0,47,90.59449995402247,0,3,0,2,0,2,2,ships
4d70f9947.jpg,land_coast,0.0,0.1612430148654514,0.0,3,86.93650003988296,0,2,0,1,0,0,1,coast
4d7cd4378.jpg,candidates,0.0,0.0004730224609375,0.0,5,90.96010006032884,0,3,0,2,0,0,1,ships
4d8f330b9.jpg,candidates,0.0,0.004692925347222222,0.011349148220486112,83,96.33149998262525,0,0,0,0,0,0,0,empty
4d96f0aa3.jpg,land_coast,0.0,0.1776360405815972,0.0164031982421875,29,88.74590008053929,0,3,0,3,0,3,3,coast
4d99b9511.jpg,candidates,0.0,0.002529568142361111,0.0,9,90.3595999116078,4,15,0,7,0,3,10,ships
4da128f56.jpg,candidates,0.09389580620659722,0.07659356293137694,0.0,21,87.64439995866269,2,1,0,1,0,1,1,ships
4daa85aa7.jpg,candidates,0.0,0.0009731716579861111,0.0,3,83.00439990125597,3,1,1,1,0,1,1,ships
4dbb14c2a.jpg,empty_sea,0.0,0.0,0.0,0,99.19520001858473,0,0,0,0,0,0,0,empty
4dc0c6800.jpg,land_coast,0.0,0.1882205539279514,0.0,7,83.26760004274547,2,1,1,1,1,1,1,coast
4dc83b95d.jpg,candidates,0.0,4.0690104166666664e-05,0.0,8,91.73809993080795,0,0,0,0,0,0,0,empty
4dcece4b9.jpg,candidates,0.0,0.008785671657986112,0.0,24,78.992799972184,0,0,0,0,0,0,0,empty
4dd043d49.jpg,land_coast,0.0,0.273101806640625,0.0,4,92.90590009186417,0,1,0,1,0,1,1,coast
4df59feaa.jpg,candidates,0.0,0.012927585177951388,0.05119154188368055,49,86.3159999717027,2,1,0,1,0,1,1,ships
4e0e64ca2.jpg,candidates,0.0,0.00032721625434027775,0.0,1,88.27149996068329,0,3,0,1,0,0,1,ships
4e49a710c.jpg,candidates,0.0,0.0,0.0,1,80.97989996895194,0,3,0,2,0,1,1,ships
4e515e5c3.jpg,candidates,0.0,0.11984931098090278,0.0,37,81.23200002592057,0,1,0,1,0,1,1,ships
4e6fe1b43.jpg,candidates,0.0,0.028611924913194444,0.0,16,98.8257999997586,0,4,0,0,0,0,3,ships
4e77d51e3.jpg,candidates,0.0,0.0014105902777777778,0.0,3,97.08830004092306,0,4,0,2,0,1,1,ships
4e78ce744.jpg,empty_sea,0.0,0.0,0.0,0,73.56509997043759,0,0,0,0,0,0,0,empty
4e99f1107.jpg,candidates,0.0,0.00023905436197916666,0.0,4,75.16010000836104,0,4,0,2,0,2,2,ships
4e9d674a3.jpg,candidates,0.0,5.9339735243055555e-05,0.0,5,83.7579999351874,1,2,0,1,0,0,1,ships
4ea6edffd.jpg,candidates,0.0,0.008951822916666666,0.0,56,101.04950005188584,0,1,0,1,0,1,1,ships
4eb46538a.jpg,land_coast,0.0,0.2479163275824653,0.0,0,117.14580003172159,0,0,0,0,0,0,0,coast
4ebb35108.jpg,candidates,0.0,9.833441840277778e-05,0.0,2,91.9193000299856,0,2,0,1,0,1,1,ships
4ed20f5a9.jpg,land_coast,0.0,0.07499525282118055,0.2939724392361111,43,82.8887999523431,4,2,1,2,1,1,1,coast
4ed22a051.jpg,land_coast,0.0,0.045328776041666664,0.22060648600260416,71,83.9882999425754,1,0,0,0,0,0,0,coast
4ed28e415.jpg,land_coast,0.0,0.3036431206597222,0.0,24,100.01930000726134,5,0,0,0,0,0,1,coast
4eea8b576.jpg,land_coast,0.0,0.3400082058376736,0.0,0,98.45270006917417,0,1,0,1,0,1,1,coast
4ef7aa594.jpg,candidates,0.0,0.078399658203125,0.020543416341145832,22,75.19100001081824,1,2,0,1,0,1,2,ships
4f0733181.jpg,empty_sea,0.0,0.0,0.0,0,102.00820001773536,0,3,0,1,0,0,1,ships
4f0a0fa67.jpg,candidates,0.0,0.0,0.0,2,82.71670003887266,0,0,0,0,0,0,0,empty
4f197ced7.jpg,candidates,0.0,0.012797037760416666,0.0,2,89.85890005715191,0,3,0,2,0,0,1,ships
4f3f47e80.jpg,candidates,0.0,0.001708984375,0.0,7,74.53370001167059,0,1,0,1,0,1,1,ships
4f44e82c9.jpg,candidates,0.0,0.035010443793402776,0.0,65,82.27720006834716,0,0,0,0,0,0,0,empty
4f651c7f0.jpg,candidates,0.0,7.120768229166667e-05,0.0,1,86.34319994598627,0,1,0,1,0,1,1,ships
4f6881caa.jpg,land_coast,0.0,0.1294589572482639,0.057456122504340276,1,88.30229996237904,1,2,1,2,0,1,2,coast
4f8959291.jpg,candidates,0.0082550048828125,0.010219797767509904,0.036030281645401174,70,95.52919992711395,0,1,0,1,0,1,1,ships
4f909f7fb.jpg,candidates,0.0,0.012159559461805556,0.0438232421875,106,78.92400003038347,0,0,0,0,0,0,0,empty
4f98941eb.jpg,land_coast,0.0,0.2627427842881944,0.0,4,77.19340000767261,0,1,0,1,0,1,1,coast
4f9cd41b8.jpg,candidates,0.0,0.005577935112847222,0.0,26,95.73379997164011,0,4,0,3,0,2,3,ships
4fa623943.jpg,land_coast,0.0,0.18510267469618055,0.0,2,80.3205999545753,0,0,0,0,0,0,0,coast
4fb8ca0c3.jpg,candidates,0.0,0.0009002685546875,0.0,5,84.61189991794527,0,1,0,1,0,1,1,ships
4fc021083.jpg,land_coast,0.0,0.24351331922743055,0.0,22,94.1286999732256,0,4,0,3,0,3,3,coast
4fca80780.jpg,candidates,0.0,0.00023566351996527778,0.0,1,74.14719997905195,3,1,1,1,0,0,1,ships
4fcd62eac.jpg,candidates,0.0,0.005549112955729167,0.0,7,83.57940008863807,1,0,0,0,0,0,1,ships
4fecab7ec.jpg,candidates,0.0,0.0074462890625,0.0,10,88.96130009088665,2,2,0,2,0,2,2,ships
4ff279eeb.jpg,candidates,0.0,0.0008748372395833334,0.0,19,75.09450009092689,0,1,0,1,0,1,1,ships
5002fe710.jpg,candidates,0.0,0.003879123263888889,0.012507120768229166,15,84.24989995546639,0,1,0,1,0,1,1,ships
501313860.jpg,candidates,0.0,0.007493760850694444,0.0,42,71.03239989373833,0,0,0,0,0,0,0,empty
501446101.jpg,land_coast,0.0,0.3336656358506944,0.0,1,105.6526000611484,0,1,0,1,0,1,1,coast
5021a06c2.jpg,candidates,0.0,0.009046766493055556,0.0,64,85.72999993339181,1,1,0,1,0,1,1,ships
5022708c6.jpg,candidates,0.0,0.0004611545138888889,0.0,2,78.51800008211285,2,2,1,1,0,1,1,ships
5025dd6f1.jpg,candidates,0.0,0.0015343560112847222,0.0,6,83.53089995216578,0,1,0,1,0,1,1,ships
50328f2c1.jpg,land_coast,0.0,0.3250918918185764,0.0,2,82.35129993408918,0,2,0,2,0,2,2,coast
503ac5b28.jpg,candidates,0.0,0.002002292209201389,0.0,7,90.88979999069124,0,1,0,1,0,1,1,ships
50458b6ea.jpg,candidates,0.0,0.0014970567491319445,0.0,5,79.02699999976903,2,7,1,5,0,4,6,ships
50473a19c.jpg,candidates,0.0,0.0010138617621527778,0.0,11,70.8839000435546,0,4,0,3,0,3,5,ships
506f02d11.jpg,land_coast,0.05720689561631945,0.0011856959962756053,0.14674260940409684,17,78.4898999845609,0,3,0,3,0,3,3,coast
506f09cf3.jpg,candidates,0.0,0.00034247504340277775,0.0,1,76.25330006703734,0,1,0,1,0,1,1,ships
5088fbed2.jpg,candidates,0.0,0.0005272759331597222,0.0,3,89.78279994335026,0,1,0,1,0,1,1,ships
5096a18c5.jpg,candidates,0.0,0.0037384033203125,0.0,35,80.25480003561825,2,1,0,1,0,1,2,ships
50b05e394.jpg,land_coast,0.0,0.3003556993272569,0.0,9,113.26829995959997,3,1,1,1,0,1,1,coast
50b3e9e1c.jpg,land_coast,0.0,0.03299289279513889,0.1469387478298611,69,83.99159996770322,5,5,0,1,0,0,1,coast
50ce93e55.jpg,candidates,0.0,0.022199842664930556,0.0,61,84.90079990588129,0,0,0,0,0,0,0,empty
50dbf4f4c.jpg,candidates,0.0,0.0009646945529513889,0.0,4,86.72779996413738,2,1,0,1,0,1,1,ships
50f0ea2f1.jpg,candidates,0.0,0.0003933376736111111,0.0,2,84.81250004842877,1,1,0,1,0,1,1,ships
50f2d35e7.jpg,land_coast,0.0,0.24254862467447916,0.0,5,96.7113000806421,0,6,0,6,0,6,6,coast
50f4358f2.jpg,candidates,0.0,0.08731248643663195,0.07452392578125,53,83.99859990458935,5,1,1,1,1,1,1,ships
51080a099.jpg,candidates,0.0,0.004179212782118056,0.0,1,82.24779996089637,0,0,0,0,0,0,0,empty
510940e17.jpg,candidates,0.0,0.06440904405381945,0.0,13,81.64469990879297,0,0,0,0,0,0,0,empty
511d30ed8.jpg,candidates,0.0,0.020745171440972224,0.0,10,89.24490003846586,0,2,0,2,0,1,1,ships
5129c08e4.jpg,land_coast,0.0,0.00018649631076388888,0.10554673936631945,29,80.72270010598004,0,0,0,0,0,0,0,coast
5135dde45.jpg,candidates,0.0,0.005211724175347222,0.0,4,102.43919992353767,0,3,0,3,0,3,3,ships
5140f63a7.jpg,candidates,0.0,0.0007883707682291666,0.0,12,96.46589995827526,4,3,2,2,0,1,2,ships
51707f72f.jpg,land_coast,0.0504150390625,0.00033134286200565635,0.1477300298027514,27,90.98119998816401,0,2,0,1,0,1,1,coast
5186615e9.jpg,candidates,0.0,0.0007222493489583334,0.0,3,97.78790001291782,5,1,0,1,0,1,1,ships
518f05554.jpg,candidates,0.0,0.00038316514756944444,0.0,5,80.77970007434487,1,6,0,2,0,0,1,ships
519a98c42.jpg,empty_sea,0.0,0.0,0.0,0,100.00169998966157,0,0,0,0,0,0,0,empty
519f3d337.jpg,land_coast,0.0,0.3111114501953125,0.0,8,81.93589991424233,3,10,1,6,0,3,4,coast
51a56e049.jpg,candidates,0.0,0.002953423394097222,0.0,5,86.74520009662956,1,2,1,2,1,2,2,ships
51b977cc5.jpg,candidates,0.0,0.011020236545138888,0.0,28,95.38229997269809,1,1,0,1,0,1,1,ships
51c5269d8.jpg,land_coast,0.0,0.17457411024305555,0.0,27,81.60309994127601,0,0,0,0,0,0,0,coast
51c613db1.jpg,land_coast,0.18564012315538195,0.0,0.1615615383624963,25,83.68539996445179,0,0,0,0,0,0,0,coast
5203de422.jpg,candidates,0.0,0.0034162733289930555,0.0,75,77.30919995810837,0,0,0,0,0,0,0,empty
521b76192.jpg,candidates,0.0,0.03239101833767361,0.0,4,90.36589995957911,0,3,0,2,0,1,2,ships
5223daf26.jpg,candidates,0.0,8.477105034722222e-05,0.0,1,87.45099999941885,0,1,0,1,0,1,1,ships
5224d95ac.jpg,candidates,0.0,0.003996107313368056,0.0,72,78.22270004544407,0,0,0,0,0,0,0,empty
5225440ac.jpg,candidates,0.0,0.0021379258897569445,0.0,14,76.96059998124838,1,10,0,6,0,6,8,ships
5236c4d25.jpg,candidates,0.0,0.002556694878472222,0.0,31,77.50899996608496,1,4,0,1,0,1,2,ships
5240bf0bd.jpg,candidates,0.0,0.010284423828125,0.0,32,101.18840006180108,5,2,0,1,0,1,1,ships
52489c5ff.jpg,land_coast,0.0,0.3471493191189236,0.0,7,85.26390010956675,0,2,0,0,0,0,1,coast
52554d6ee.jpg,candidates,0.0,0.007524278428819444,0.011149088541666666,48,103.70640002656728,0,12,0,9,0,7,9,ships
5257540c4.jpg,land_coast,0.0,0.13604227701822916,0.0,2,72.26140005514026,1,0,1,0,1,0,1,coast
525b98915.jpg,candidates,0.0,0.00047471788194444444,0.0,2,82.4185999808833,0,1,0,1,0,1,1,ships
52703a6e0.jpg,candidates,0.0,0.0019310845269097222,0.0,9,87.18699996825308,0,1,0,1,0,1,1,ships
5289bdbbd.jpg,candidates,0.0,0.0003458658854166667,0.0,69,86.48970001377165,0,0,0,0,0,0,0,empty
528fb7b90.jpg,land_coast,0.0,0.2705145941840278,0.0,1,90.38179996423423,0,7,0,0,0,0,1,coast
5296ecd31.jpg,land_coast,0.0,0.17790052625868055,0.0,6,91.1582000553608,0,0,0,0,0,0,0,coast
52993a461.jpg,candidates,0.0,0.0005255805121527778,0.0,1,87.16199989430606,0,1,0,1,0,1,1,ships
529c6831e.jpg,candidates,0.0,0.016450670030381944,0.0,105,109.88630005158484,0,0,0,0,0,0,0,empty
52b8a6b7b.jpg,land_coast,0.0,0.2996944851345486,0.0,0,81.52170001994818,0,4,0,2,0,2,2,coast
52bd61051.jpg,candidates,0.0,0.012271457248263888,0.025612725151909724,24,80.30509995296597,3,3,0,2,0,2,2,ships
52d416ad6.jpg,candidates,0.0,0.0032145182291666665,0.0,7,90.63530003186315,1,1,0,1,0,1,1,ships
52deed575.jpg,land_coast,0.0,0.018361409505208332,0.1366611056857639,46,98.28179993201047,0,2,0,0,0,0,15,coast
52edd602d.jpg,empty_sea,0.0,0.0,0.0,0,85.88699996471405,0,0,0,0,0,0,0,empty
52f4119ad.jpg,candidates,0.0,0.0016004774305555555,0.0,9,88.95150001626462,0,0,0,0,0,0,0,empty
52f502baa.jpg,candidates,0.0,0.0011986626519097222,0.0,22,84.6529999980703,0,1,0,1,0,1,1,ships
53019f435.jpg,candidates,0.0,0.002227783203125,0.0,11,99.34670000802726,0,1,0,1,0,1,1,ships
5301c06b0.jpg,land_coast,0.0,0.2913089328342014,0.0,6,120.48229994252324,0,1,0,1,0,1,2,coast
5308253c9.jpg,candidates,0.0,0.011766221788194444,0.0,1,97.8445999789983,0,2,0,1,0,0,1,ships
5315edf2b.jpg,candidates,0.0,0.005109998914930556,0.0,79,77.54379999823868,0,0,0,0,0,0,0,empty
53331228d.jpg,candidates,0.0,0.003304375542534722,0.0,17,81.6207000752911,2,1,0,1,0,1,1,ships
53587f9f4.jpg,land_coast,0.0,0.3019443088107639,0.0,3,90.39060003124177,0,2,0,2,0,2,2,coast
5360e7f42.jpg,candidates,0.0,0.002373589409722222,0.0,11,87.16939995065331,0,1,0,1,0,1,1,ships
5389801a5.jpg,land_coast,0.0,0.2591908772786458,0.0,1,95.92360001988709,0,0,0,0,0,0,0,coast
539cab1eb.jpg,candidates,0.0,0.0012868245442708333,0.0,1,87.14590000454336,0,1,0,1,0,1,1,ships
539fbe684.jpg,land_coast,0.0,0.21323649088541666,0.012971666124131944,29,96.86940000392497,2,1,0,1,0,1,1,coast
53a7bbf1f.jpg,candidates,0.0,6.103515625e-05,0.0,8,110.51759996917099,0,3,0,1,0,0,1,ships
53b260be4.jpg,candidates,0.0,0.002280341254340278,0.0,10,97.47809998225421,0,2,0,2,0,2,2,ships
53d5c88cb.jpg,land_coast,0.0,0.008819580078125,0.1335822211371528,58,78.9513000054285,5,4,0,0,0,0,3,coast
53d7d0fc0.jpg,candidates,0.0,0.0001068115234375,0.0,1,75.18119993619621,0,2,0,1,0,1,1,ships
53db3ed83.jpg,candidates,0.0,0.0013105604383680555,0.011232164171006944,13,75.84239996504039,0,1,0,1,0,1,1,ships
53eb17de6.jpg,candidates,0.0,0.0,0.0,10,82.03130005858839,0,0,0,0,0,0,0,empty
53ec90b6d.jpg,candidates,0.0,0.003936767578125,0.020540025499131944,5,82.05510000698268,0,1,0,1,0,1,1,ships
53ee5a490.jpg,land_coast,0.0,0.010403103298611112,0.08396233452690972,12,89.50989996083081,0,3,0,1,0,0,2,coast
5413c2733.jpg,candidates,0.0,0.0024888780381944445,0.0,27,86.56249998603016,3,5,0,3,0,1,3,ships
54160ea3e.jpg,land_coast,0.0,0.026816474066840276,0.1563229031032986,103,84.10500001627952,5,2,0,1,0,1,2,coast
541a3dd2c.jpg,candidates,0.0,0.0006120469835069445,0.0,9,85.86720004677773,0,1,0,1,0,1,1,ships
5420f242d.jpg,land_coast,0.0,0.1612887912326389,0.0,25,89.1220000339672,1,1,1,1,1,1,1,coast
542e6c911.jpg,candidates,0.0,0.0030229356553819445,0.0,11,83.16090004518628,0,3,0,2,0,2,3,ships
54391cb81.jpg,candidates,0.0,0.00011189778645833333,0.0,38,88.43400003388524,1,2,0,1,0,0,1,ships
543d39900.jpg,candidates,0.0,0.008594089084201388,0.010233561197916666,19,82.5706000905484,0,1,0,1,0,1,1,ships
5442b4e2d.jpg,candidates,0.0,0.003395928276909722,0.0,12,81.96759992279112,3,4,2,3,1,3,3,ships
5451810a9.jpg,candidates,0.0,0.001995510525173611,0.0,5,80.82910010125488,0,4,0,2,0,0,1,ships
545a56afc.jpg,candidates,0.0,0.007151285807291667,0.0,46,87.59559993632138,0,2,0,2,0,2,2,ships
54604a0a5.jpg,candidates,0.0,0.0011800130208333333,0.0,3,86.39879990369081,0,2,0,1,0,1,2,ships
54718c8e3.jpg,empty_sea,0.0,0.0,0.0,0,76.40669995453209,0,0,0,0,0,0,0,empty
5479776f5.jpg,land_coast,0.0,0.2739596896701389,0.0,3,95.27459996752441,5,1,1,1,0,1,2,coast
5488109de.jpg,candidates,0.0,0.036019219292534724,0.0,243,97.64799999538809,0,0,0,0,0,0,0,empty
54a4f358a.jpg,candidates,0.0,0.0012190077039930555,0.0,15,89.66020005755126,0,2,0,1,0,1,1,ships
54e8ae406.jpg,land_coast,0.006237453884548611,0.0065816353568870405,0.09408661432129663,11,93.2485000230372,0,11,0,6,0,1,4,coast
54f26faa5.jpg,candidates,0.0,0.0138702392578125,0.0,37,73.2595999725163,0,7,0,5,0,3,4,ships
54f4d4f03.jpg,candidates,0.0,0.003965589735243056,0.0,2,95.63259989954531,0,1,0,1,0,1,1,ships
550e65871.jpg,land_coast,0.0,0.1884918212890625,0.011227077907986112,58,80.45800006948411,0,3,0,3,0,3,3,coast
5517c5e5b.jpg,candidates,0.0,0.004716661241319444,0.0,28,82.7102999901399,2,9,0,9,0,8,9,ships
551b423fe.jpg,candidates,0.0,0.0034739176432291665,0.012012057834201388,11,99.31800002232194,0,1,0,1,0,1,1,ships
553768325.jpg,land_coast,0.0,0.21126302083333334,0.0,76,98.03539991844445,0,0,0,0,0,0,0,coast
5545f84bc.jpg,candidates,0.0,5.425347222222222e-05,0.0,1,93.05629995651543,0,2,0,1,0,1,1,ships
554d79bcb.jpg,candidates,0.0,0.0019514295789930555,0.0,9,90.7053000992164,0,1,0,1,0,1,1,ships
556c9f4ec.jpg,candidates,0.0,0.001797146267361111,0.0,2,96.08879999723285,2,3,0,2,0,0,1,ships
557bf583e.jpg,candidates,0.0,0.0842929416232639,0.010433620876736112,67,92.83929993398488,8,15,1,5,0,2,12,ships
558022404.jpg,land_coast,0.0,0.3085445827907986,0.0,5,98.8565000006929,0,1,0,1,0,1,1,coast
55934a76a.jpg,candidates,0.0,0.024317423502604168,0.0,63,85.85859998129308,0,0,0,0,0,0,0,empty
55a95a0da.jpg,candidates,0.0,0.0035959879557291665,0.0,8,76.27800002228469,2,2,1,1,0,0,1,ships
55ab796d2.jpg,land_coast,0.19986470540364584,0.0019629671104201937,0.16774585943486747,29,73.5949999652803,0,1,0,0,0,0,1,coast
55de990d5.jpg,candidates,0.0,0.0013885498046875,0.0,1,84.76009999867529,0,3,0,2,0,0,1,ships
55e23a0ba.jpg,candidates,0.0,0.10222032335069445,0.0,50,85.1558999856934,4,13,1,8,1,7,15,ships
55e450dda.jpg,land_coast,0.0,0.24107191297743055,0.0,0,88.21349998470396,0,0,0,0,0,0,0,coast
55e96dc18.jpg,candidates,0.0,0.0007375081380208334,0.0,2,93.991499976255,0,3,0,1,0,0,1,ships
55eff49e8.jpg,candidates,0.0,0.006841023763020833,0.0,59,83.3491999655962,1,1,0,1,0,1,1,ships
55f15197a.jpg,candidates,0.0,0.001895480685763889,0.0,6,80.92220011167228,0,1,0,1,0,1,1,ships
55f238f2c.jpg,candidates,0.0,0.009258694118923612,0.0,14,96.30970004945993,0,2,0,1,0,1,2,ships
56178ee20.jpg,land_coast,0.0,0.17349073621961805,0.0,49,91.9875999679789,12,15,4,6,3,6,6,coast
5619ffe4d.jpg,candidates,0.0,0.0021107991536458335,0.0,3,86.88079996500164,0,3,0,2,0,1,1,ships
5623df1aa.jpg,land_coast,0.0,0.1346011691623264,0.0,1,94.47030001319945,2,2,0,1,0,0,1,coast
56317f238.jpg,candidates,0.0,0.00031873914930555556,0.0,1,105.37060000933707,0,1,0,1,0,1,1,ships
56389fabe.jpg,candidates,0.0,2.5431315104166668e-05,0.0,3,80.34679992124438,0,4,0,1,0,1,1,ships
56431b49c.jpg,empty_sea,0.0,0.0,0.0,0,79.61809996049851,0,0,0,0,0,0,0,empty
5648b7b15.jpg,candidates,0.0,0.004579332139756944,0.0,17,84.09100002609193,2,2,0,2,0,0,1,ships
564e51762.jpg,candidates,0.0,0.00048828125,0.0,3,84.9144000094384,0,1,0,1,0,1,1,ships
565df2a34.jpg,land_coast,0.7350701226128472,0.17393767705382437,0.0,3,69.7683000471443,3,1,0,0,0,0,2,coast
566a63bf9.jpg,candidates,0.0843471950954861,0.023040895054486067,0.0,16,78.035399899818,0,0,0,0,0,0,1,ships
5676dac91.jpg,candidates,0.030309041341145832,0.005656667187991488,0.0,81,98.1065999949351,2,14,1,9,1,7,14,ships
569d2bbea.jpg,candidates,0.0,0.034829033745659724,0.0,9,76.32710004691035,0,4,0,2,0,1,1,ships
56b0644e9.jpg,candidates,0.0,4.916720920138889e-05,0.0,1,99.59510003682226,0,2,0,1,0,1,1,ships
56c76ee08.jpg,candidates,0.0,0.0014631483289930555,0.0,12,81.7061000270769,9,9,3,5,0,4,6,ships
56d712106.jpg,candidates,0.0,2.8822157118055555e-05,0.0,1,94.24799995031208,0,2,0,0,0,0,1,ships
56eb29104.jpg,candidates,0.0,0.00024074978298611112,0.0,2,76.95430004969239,0,2,0,1,0,1,1,ships
5704b4870.jpg,land_coast,0.0,0.1734246148003472,0.0,53,92.64000004623085,2,5,0,4,0,3,7,coast
570fec891.jpg,land_coast,0.0,0.026363796657986112,0.10443623860677083,74,83.8274999987334,1,3,1,1,1,1,1,coast
571d65401.jpg,candidates,0.0,0.0,0.0,1,83.95089989062399,0,3,0,2,0,0,1,ships
573cd511c.jpg,land_coast,0.0,0.2984347873263889,0.0,34,102.33340004924685,0,2,0,2,0,2,2,coast
57468bf12.jpg,land_coast,0.0,0.22125413682725695,0.0,5,91.8453000485897,0,1,0,1,0,1,1,coast
575f08435.jpg,candidates,0.0,0.022335476345486112,0.0,22,74.44929995108396,0,3,0,2,0,2,2,ships
57610d682.jpg,candidates,0.0,5.255805121527778e-05,0.0,1,87.54069998394698,0,3,0,1,0,0,1,ships
576c9af90.jpg,candidates,0.0,0.058127509223090276,0.0,20,82.18469994608313,0,0,0,0,0,0,0,empty
5775eda78.jpg,candidates,0.0,0.013422648111979166,0.028018527560763888,73,90.00349999405444,0,1,0,1,0,1,1,ships
577f495a3.jpg,candidates,0.0,0.00011867947048611111,0.0,1,94.93420005310327,0,1,0,1,0,1,1,ships
579710af7.jpg,candidates,0.0,0.0005713568793402778,0.0,4,85.07519995328039,0,1,0,1,0,1,1,ships
5799a1c0d.jpg,candidates,0.0,0.0006832546657986111,0.010187784830729166,75,89.43600009661168,2,0,0,0,0,0,0,empty
579edd68a.jpg,candidates,0.0,0.0,0.0,28,79.43929999601096,0,0,0,0,0,0,0,empty
57af469c2.jpg,candidates,0.0,0.0,0.0,16,104.57650001626462,0,0,0,0,0,0,0,empty
57da7c3ba.jpg,land_coast,0.0,0.1284908718532986,0.0,3,101.86569998040795,2,6,0,0,0,0,1,coast
57db7dee0.jpg,candidates,0.0,0.001178317599826389,0.0,5,96.53400001116097,0,3,0,3,0,3,3,ships
57e141421.jpg,empty_sea,0.0,0.0,0.0,0,74.00980009697378,0,0,0,0,0,0,0,empty
580460a3c.jpg,land_coast,0.0,0.0314483642578125,0.117034912109375,43,86.31959999911487,2,1,0,1,0,1,1,coast
58132f5da.jpg,land_coast,0.0,0.20502217610677084,0.014940049913194444,22,98.64109999034554,0,0,0,0,0,0,2,coast
582294c70.jpg,land_coast,0.0,0.2972089979383681,0.0,0,83.61850003711879,0,0,0,0,0,0,0,coast
582793043.jpg,candidates,0.0,0.033294677734375,0.0,103,85.38950001820922,2,1,0,1,0,1,1,ships
583975b3c.jpg,land_coast,0.0,0.005830552842881944,0.1404266357421875,44,82.40099996328354,8,8,1,6,0,3,6,coast
58478be45.jpg,candidates,0.0,0.03425767686631945,0.031624688042534724,85,97.01060003135353,0,1,0,1,0,1,1,ships
5857a91a0.jpg,candidates,0.0,0.012539333767361112,0.0,172,92.1658999286592,0,3,0,1,0,0,1,ships
585d347ae.jpg,candidates,0.0,0.0019785563151041665,0.0,4,84.21770005952567,3,2,0,1,0,1,2,ships
585def405.jpg,candidates,0.0,0.015004475911458334,0.0,62,84.95789999142289,1,2,0,1,0,0,1,ships
586c3b15d.jpg,candidates,0.0,0.021045260959201388,0.0,46,81.06659993063658,0,2,0,0,0,0,1,ships
587e9ce0c.jpg,candidates,0.0,9.663899739583333e-05,0.0,1,78.21950002107769,0,1,0,1,0,1,1,ships
587f05106.jpg,candidates,0.0,0.00026109483506944444,0.0,2,92.41539996583015,0,1,0,1,0,1,1,ships
5882eaf47.jpg,candidates,0.0,0.002449883355034722,0.0,1,88.97149993572384,0,2,0,1,0,1,1,ships
58895f2ef.jpg,candidates,0.0,0.005989922417534722,0.0,53,120.38169999141246,0,1,0,1,0,1,1,ships
588ae766a.jpg,candidates,0.1884494357638889,0.013628900556657945,0.0240596519570829,49,87.82760007306933,17,17,1,7,0,3,6,ships
58a34c5d5.jpg,candidates,0.0,0.0,0.0,3,91.28489997237921,0,0,0,0,0,0,0,empty
58acb8a45.jpg,candidates,0.0,0.0013970269097222222,0.0,1,77.05239998176694,1,1,1,0,0,0,1,ships
58acdc0e5.jpg,candidates,0.0,0.0023752848307291665,0.0,2,82.58010004647076,0,0,0,0,0,0,0,empty
58b878cb9.jpg,candidates,0.0,0.0015174018012152778,0.04005093044704861,52,92.7490999456495,0,6,0,4,0,3,3,ships
58cab45c3.jpg,land_coast,0.0,0.2825639512803819,0.0,27,92.41419995669276,0,2,0,2,0,2,2,coast
58f8fb3e8.jpg,land_coast,0.0,0.010114881727430556,0.1924370659722222,41,113.78819996025413,3,1,0,1,0,1,1,coast
590d5161f.jpg,candidates,0.0,0.002109103732638889,0.0,11,107.70719998981804,0,2,0,2,0,2,2,ships
591cc837a.jpg,candidates,0.0,0.00035264756944444444,0.0,1,92.60119998361915,1,1,0,1,0,1,1,ships
592fea2dd.jpg,candidates,0.0,0.0012953016493055555,0.0,2,100.49860004801303,0,4,0,2,0,0,1,ships
593f1f5a8.jpg,candidates,0.003806220160590278,0.0,0.0,18,94.97890004422516,0,0,0,0,0,0,0,empty
59478f3f5.jpg,land_coast,0.0,0.07206556532118055,0.4119906955295139,19,101.61139990668744,2,2,2,1,2,0,1,coast
596092e66.jpg,land_coast,0.0,0.20071241590711805,0.0,2,104.52699998859316,14,0,4,0,1,0,1,coast
5960c09d9.jpg,land_coast,0.0,0.3003997802734375,0.0,35,102.14850003831089,0,2,0,2,0,2,2,coast
5974abe64.jpg,candidates,0.0,0.005520290798611111,0.03491550021701389,29,86.8046999676153,2,3,0,3,0,2,2,ships
59839bb17.jpg,candidates,0.0,0.006220499674479167,0.0,10,89.69699998851866,0,5,0,3,0,3,3,ships
599bd10c7.jpg,candidates,0.0,0.11289299858940972,0.0,2,97.30290004517883,0,3,0,0,0,0,1,ships
59a1be1f9.jpg,candidates,0.0,0.0006442599826388889,0.0,5,82.33699994161725,0,3,0,1,0,0,1,ships
59a39d3b7.jpg,land_coast,0.0,0.2299736870659722,0.0,2,107.35429998021573,0,0,0,0,0,0,0,coast
59a589dff.jpg,empty_sea,0.0,0.0,0.0,0,111.89699999522418,0,0,0,0,0,0,0,empty
59bb7d5b8.jpg,candidates,0.0,0.0037824842664930555,0.0,3,86.89040003810078,0,1,0,1,0,1,1,ships
59bf5d1b7.jpg,candidates,0.0,0.030760023328993056,0.0,60,107.15679998975247,0,1,0,1,0,1,1,ships
59c472665.jpg,candidates,0.0,0.07233683268229167,0.0,46,137.82940001692623,0,2,0,1,0,1,1,ships
59c89fe1a.jpg,candidates,0.0,0.0011545817057291667,0.0,3,79.5660000294447,0,1,0,1,0,1,1,ships
59d82efa5.jpg,candidates,0.0,0.012556287977430556,0.0,2,88.30070006661117,0,0,0,0,0,0,0,empty
59e406b7e.jpg,candidates,0.0,0.00030517578125,0.0,19,93.92720006871969,0,2,0,1,0,1,1,ships
59f0b98e7.jpg,land_coast,0.0,0.2141944037543403,0.011372884114583334,0,83.6211999412626,0,0,0,0,0,0,0,coast
59f4e4cf9.jpg,candidates,0.0,0.00038825141059027775,0.0,1,75.3643000498414,2,4,0,1,0,0,2,ships
5a04ee754.jpg,land_coast,0.0,0.3127254909939236,0.0,0,88.6434999993071,0,0,0,0,0,0,0,coast
5a167eb1f.jpg,land_coast,0.0,0.2997385660807292,0.0,8,82.853400032036,2,4,1,3,0,3,3,coast
5a243dfc1.jpg,candidates,0.0,0.0,0.0,1,79.08890000544488,0,0,0,0,0,0,1,ships
5a324478f.jpg,empty_sea,0.0,0.0,0.0,0,93.0497000226751,0,0,0,0,0,0,0,empty
5a51097a5.jpg,candidates,0.0,0.0031721327039930555,0.0,3,81.62880002055317,0,1,0,1,0,1,1,ships
5a515f355.jpg,candidates,0.0,0.0016394721137152778,0.0,7,82.83189998473972,1,5,0,2,0,1,2,ships
5a5775ea1.jpg,land_coast,0.0,0.3376990424262153,0.0,0,90.9516999963671,0,1,0,1,0,1,1,coast
5a5dd5955.jpg,land_coast,0.0,0.2627699110243056,0.13825480143229166,51,102.2510000038892,0,4,0,1,0,0,1,coast
5a5e8d038.jpg,candidates,0.0,0.0060272216796875,0.0,8,92.13600005023181,0,4,0,2,0,2,2,ships
5a6a1958b.jpg,candidates,0.0,0.0010613335503472222,0.0,3,87.10190001875162,0,3,0,2,0,1,2,ships
5a92876a4.jpg,candidates,0.0,0.007185194227430556,0.0,36,84.95659998152405,0,1,0,1,0,1,1,ships
5aaccbeb9.jpg,land_coast,0.0,0.22495015462239584,0.0,18,86.00590005517006,1,1,0,1,0,1,1,coast
5acfea976.jpg,candidates,0.0,0.032706366644965276,0.0,80,90.0942999869585,5,2,2,2,0,2,2,ships
5ad76b591.jpg,empty_sea,0.0,0.0,0.0,0,74.19169996865094,0,0,0,0,0,0,0,empty
5ae8a36e7.jpg,candidates,0.0,0.0005289713541666666,0.0,6,90.48240003176033,0,2,0,1,0,0,1,ships
5afcf25e6.jpg,land_coast,0.0,0.20221964518229166,0.0,9,107.28730005212128,0,5,0,0,0,0,1,coast
5b1a9d6d2.jpg,candidates,0.0,0.009009467230902778,0.0,2,111.66069994214922,0,2,0,2,0,2,2,ships
5b2ec9852.jpg,candidates,0.0,0.001922607421875,0.0,8,87.61699998285621,0,5,0,3,0,3,3,ships
5b3f685a0.jpg,candidates,0.0,0.0,0.0,3,92.71040000021458,1,0,0,0,0,0,0,empty
5b5ee5ecb.jpg,candidates,0.0,0.003192477756076389,0.014809502495659722,5,95.0379999121651,0,2,0,2,0,2,2,ships
5b5efcd3a.jpg,candidates,0.0,0.0027414957682291665,0.031890869140625,22,85.75680002104491,0,4,0,4,0,4,4,ships
5b686f606.jpg,candidates,0.0,0.0019972059461805555,0.0,16,105.77560006640851,0,1,0,1,0,1,1,ships
5b8112f79.jpg,land_coast,0.0,0.2593010796440972,0.0,19,89.10970005672425,3,1,1,1,0,0,1,coast
5b8d4908d.jpg,land_coast,0.0,0.0938720703125,0.4312862820095486,49,80.52920002955943,0,5,0,2,0,0,2,coast
5b91642be.jpg,land_coast,0.0,0.027058919270833332,0.16787211100260416,75,89.23540008254349,0,2,0,1,0,1,1,coast
5b957582b.jpg,cloud,1.0,0.0,0.0,0,51.21159995906055,0,0,0,0,0,0,0,cloud
5b9a12be9.jpg,candidates,0.0,0.0006306966145833334,0.0,3,97.5494000595063,0,4,0,0,0,0,1,ships
5ba195ac8.jpg,candidates,0.0,0.004696316189236111,0.0,4,88.08759995736182,2,2,1,2,1,2,2,ships
5ba9557ef.jpg,land_coast,0.0,0.15024820963541666,0.011345757378472222,21,91.17400005925447,1,10,0,1,0,1,15,coast
5bbf96e5c.jpg,candidates,0.0,0.0,0.0,2,82.0789000717923,0,0,0,0,0,0,0,empty
5bc117ac2.jpg,candidates,0.0,0.10175916883680555,0.0,3,79.84750007744879,0,0,0,0,0,0,0,empty
5bd3a9e70.jpg,candidates,0.0,0.009179009331597222,0.0,2,78.92220001667738,1,4,0,3,0,0,1,ships
5bdbe7e78.jpg,land_coast,0.0,0.2144843207465278,0.0,7,79.94120009243488,0,0,0,0,0,0,0,coast
5bfdbe3f2.jpg,candidates,0.0,0.0007239447699652778,0.0,2,79.41669994033873,0,1,0,1,0,1,1,ships
5c1a4ef79.jpg,candidates,0.0,0.0659332275390625,0.0,25,87.80009998008609,0,0,0,0,0,0,1,ships
5c1c6a22d.jpg,candidates,0.0,0.004581027560763889,0.014344957139756944,46,86.7388000478968,1,3,0,2,0,2,2,ships
5c1ebb538.jpg,candidates,0.0,0.001708984375,0.0,7,107.9884999198839,0,1,0,1,0,1,1,ships
5c2166eeb.jpg,land_coast,0.0,0.3069373236762153,0.0,13,87.91690005455166,0,1,0,1,0,1,1,coast
5c26ac9cb.jpg,land_coast,0.0,0.2613711886935764,0.0,20,86.33880002889782,3,1,0,1,0,0,1,coast
5c26aff76.jpg,land_coast,0.0,0.0006561279296875,0.0969696044921875,22,84.01069999672472,0,0,0,0,0,0,0,coast
5c29df2f0.jpg,candidates,0.0,0.008675469292534722,0.022801717122395832,14,95.40009999182075,0,1,0,1,0,1,1,ships
5c378381f.jpg,candidates,0.0,5.0862630208333336e-05,0.0,2,104.1129999794066,1,2,0,1,0,0,1,ships
5c3b38449.jpg,land_coast,0.7898898654513888,0.1757406830979937,0.0,0,96.21229988988489,1,2,0,1,0,0,1,coast
5c48ac422.jpg,candidates,0.0,0.0977969699435764,0.0,33,98.460300010629,5,8,0,2,0,1,5,ships
5c512aff1.jpg,land_coast,0.0,0.2128482394748264,0.0,10,85.70339996367693,0,6,0,4,0,4,6,coast
5c6268e92.jpg,candidates,0.0,0.0014851888020833333,0.0,8,78.68180004879832,0,1,0,1,0,1,1,ships
5c62944ca.jpg,candidates,0.0,0.0,0.0,8,82.47220003977418,0,0,0,0,0,0,0,empty
5c6a26d22.jpg,candidates,0.0,0.002677069769965278,0.0,11,96.25790000427514,0,2,0,2,0,2,2,ships
5c80aade3.jpg,candidates,0.0,0.0,0.0,1,91.48519998416305,0,0,0,0,0,0,0,empty
5c81946ab.jpg,candidates,0.0,0.0003696017795138889,0.0,37,84.39129998441786,0,0,0,0,0,0,0,empty
5c89344fa.jpg,candidates,0.0,0.0015004475911458333,0.0,2,85.48180002253503,3,2,1,0,0,0,1,ships
5c9fae21c.jpg,candidates,0.0,0.0,0.0,6,80.67230007145554,0,1,0,1,0,0,1,ships
5cd6511f8.jpg,land_coast,0.0,0.1868065728081597,0.0,5,90.53250006400049,0,0,0,0,0,0,1,coast
5ce319150.jpg,candidates,0.0,0.00038316514756944444,0.0,7,87.16200001072139,0,4,0,2,0,1,1,ships
5d13bfeca.jpg,candidates,0.005238850911458333,0.04693111189320139,0.0,67,95.86099989246577,1,4,0,2,0,1,4,ships
5d171e4ac.jpg,candidates,0.0,0.0009426540798611111,0.0,4,83.38899991940707,0,8,0,4,0,1,3,ships
5d34a48b8.jpg,candidates,0.0,0.004133436414930556,0.0,24,78.29199999105185,0,6,0,6,0,6,6,ships
5d3fdfcfc.jpg,candidates,0.0,0.04363844129774305,0.0,76,82.64819998294115,0,0,0,0,0,0,0,empty
5d44cf827.jpg,candidates,0.0,0.012032402886284722,0.029425726996527776,57,97.22340002190322,2,7,0,5,0,2,4,ships
5d518d410.jpg,land_coast,0.0,0.0028228759765625,0.1170993381076389,30,91.21500002220273,1,1,0,1,0,1,1,coast
5d580dbe1.jpg,candidates,0.0,6.103515625e-05,0.0,1,86.17669995874166,0,1,0,1,0,1,1,ships
5d6757316.jpg,land_coast,0.0,0.24883863661024305,0.0,28,92.5460000289604,0,2,0,2,0,2,2,coast
5d6d16fbc.jpg,candidates,0.0,0.0007358127170138889,0.0,4,93.37100002449006,0,1,0,1,0,1,1,ships
5da7d74ab.jpg,land_coast,0.0,0.3069678412543403,0.0,2,90.14520002529025,1,8,0,7,0,5,7,coast
5daf1913c.jpg,land_coast,0.225311279296875,0.005680916855379169,0.22910349108548964,29,99.22579990234226,0,0,0,0,0,0,0,coast
5dc8eca89.jpg,candidates,0.0,0.05961269802517361,0.0,39,85.16070002224296,0,0,0,0,0,0,0,empty
5dd4c8fcc.jpg,land_coast,0.0,0.2883453369140625,0.0,0,93.3891999302432,0,0,0,0,0,0,0,coast
5e02a0604.jpg,candidates,0.0,0.0090484619140625,0.010828653971354166,86,88.63480004947633,15,2,1,1,1,0,1,ships
5e05db88b.jpg,candidates,0.0,0.007146199544270833,0.0,7,97.198799951002,1,2,0,2,0,2,2,ships
5e0615a63.jpg,candidates,0.18304612901475695,0.029605615450521205,0.0,4,85.6348000233993,0,0,0,0,0,0,0,empty
5e0b48427.jpg,candidates,0.0,0.0005950927734375,0.0,37,95.77319992240518,2,2,0,1,0,0,1,ships
5e10b2a05.jpg,candidates,0.0,0.0029161241319444445,0.0,6,86.3107000477612,0,1,0,1,0,1,1,ships
5e18d3150.jpg,land_coast,0.6700625949435763,0.28058052867344324,0.0,8,113.74020006041974,2,0,0,0,0,0,1,coast
5e1b9f458.jpg,candidates,0.0,0.0080413818359375,0.0201873779296875,14,81.91900001838803,6,11,2,4,1,3,6,ships
5e2ecc92b.jpg,candidates,0.0,0.024831136067708332,0.0,24,77.76579994242638,0,3,0,1,0,0,1,ships
5e31f3b00.jpg,land_coast,0.0,0.2982059054904514,0.0,12,86.70149999670684,2,4,0,4,0,4,4,coast
5e3966066.jpg,empty_sea,0.0,0.0,0.0,0,87.80790003947914,0,0,0,0,0,0,0,empty
5e40211e9.jpg,candidates,0.0,0.0,0.0,2,95.23119998630136,0,0,0,0,0,0,0,empty
5e4318f79.jpg,candidates,0.0,0.013609144422743056,0.017281426323784724,34,74.55630006734282,1,3,0,3,0,2,2,ships
5e4389b28.jpg,candidates,0.0,0.00015597873263888888,0.0,1,96.23479994479567,0,1,0,1,0,1,1,ships
5e4b96122.jpg,land_coast,0.0,0.3302239312065972,0.0,1,83.83140002842993,0,1,0,1,0,1,1,coast
5e57020b7.jpg,land_coast,0.0,0.2247161865234375,0.0,0,113.36200009100139,0,0,0,0,0,0,0,coast
5e5c558c4.jpg,land_coast,0.7239261203342013,0.13504127852442702,0.0,0,81.54480007942766,0,0,0,0,0,0,0,coast
5e61b3464.jpg,candidates,0.0,0.005293104383680556,0.0,1,79.83319996856153,0,1,0,1,0,1,1,ships
5e65f927a.jpg,candidates,0.0,0.0,0.0,4,105.83469993434846,0,0,0,0,0,0,0,empty
5e7670d13.jpg,candidates,0.0,0.0023210313585069445,0.0,1,92.43239997886121,1,4,0,0,0,0,1,ships
5e76f1c26.jpg,candidates,0.0,0.0030687120225694445,0.0,8,86.98739996179938,0,10,0,6,0,3,5,ships
5e7e13572.jpg,candidates,0.0,0.00044928656684027775,0.0,28,89.01889994740486,1,3,0,2,0,1,2,ships
5eb0a58bc.jpg,candidates,0.0,0.0317840576171875,0.0,5,81.32500003557652,0,1,0,1,0,1,1,ships
5eb713fd8.jpg,land_coast,0.0,0.3181237114800347,0.0,19,102.83230000641197,0,1,0,1,0,1,1,coast
5ec7f2338.jpg,candidates,0.0,0.023510403103298612,0.016532050238715276,28,102.1345000481233,1,3,0,3,0,3,3,ships
5ecea870b.jpg,candidates,0.0,0.0009528266059027778,0.0,6,91.35670005343854,0,7,0,3,0,2,5,ships
5ed922c43.jpg,candidates,0.0,0.0052032470703125,0.015155368381076388,7,97.11199998855591,0,1,0,1,0,1,1,ships
5ef3977df.jpg,candidates,0.0,0.0004323323567708333,0.0,4,84.72630009055138,0,2,0,1,0,1,1,ships
5ef5e8aa9.jpg,candidates,0.0,0.014989217122395834,0.017430623372395832,46,90.32309998292476,14,11,6,5,4,4,10,ships
5efecf273.jpg,candidates,0.0,0.05395168728298611,0.043051825629340276,67,85.84150008391589,9,2,3,1,2,1,1,ships
5efee2828.jpg,candidates,0.0,0.001976860894097222,0.0,18,91.70789993368089,0,1,0,1,0,1,1,ships
5f12dd678.jpg,candidates,0.0,0.0,0.025188869900173612,11,91.98209992609918,0,0,0,0,0,0,0,empty
5f1817b60.jpg,land_coast,0.0,0.3435567220052083,0.0,1,88.70399999432266,0,1,0,1,0,1,1,coast
5f1a5d81a.jpg,candidates,0.0,0.029942830403645832,0.0,7,85.38220007903874,0,0,0,0,0,0,0,empty
5f4ad3032.jpg,candidates,0.0,0.0027635362413194445,0.0,35,104.44729996379465,3,8,0,6,0,6,6,ships
5f525b723.jpg,candidates,0.10873921712239583,0.061561776000507794,0.0,14,88.20170001126826,1,1,1,1,0,1,1,ships
5f68036bb.jpg,candidates,0.0,0.0013071695963541667,0.0,78,80.3510999539867,0,0,0,0,0,0,0,empty
5f7482430.jpg,land_coast,0.0,0.1538204616970486,0.010270860460069444,18,107.8490000218153,1,10,0,5,0,4,4,coast
5fac14abb.jpg,candidates,0.0,0.001788669162326389,0.0,4,104.94170000310987,1,3,1,3,0,3,4,ships
5fad659cd.jpg,land_coast,0.0,0.16122266981336805,0.0,5,91.01019997615367,3,2,0,2,0,2,2,coast
5fb258778.jpg,candidates,0.0,0.001922607421875,0.0,6,79.0047999471426,1,7,0,5,0,2,3,ships
5fbe0d723.jpg,candidates,0.0,0.0695037841796875,0.04072909884982639,119,109.41279993858188,9,5,3,4,1,4,4,ships
5fbe53511.jpg,candidates,0.1612209743923611,0.0004882702309025819,0.012411911331767313,30,86.042599985376,7,1,2,1,1,1,1,ships
5fc456f68.jpg,candidates,0.0,0.00299072265625,0.015404595269097222,8,84.52360006049275,0,1,0,1,0,1,1,ships
5fd44dd8b.jpg,candidates,0.0,0.0004967583550347222,0.0,1,81.66299993172288,0,2,0,1,0,0,1,ships
5fe5af744.jpg,candidates,0.0,0.0006256103515625,0.0,39,100.47369997482747,0,0,0,0,0,0,0,empty
5fe620edf.jpg,candidates,0.0,0.00015597873263888888,0.0,2,97.20679989550263,4,1,2,1,0,1,1,ships
5fe8fdae8.jpg,candidates,0.0,0.005025227864583333,0.0,14,78.67109996732324,0,1,0,1,0,1,1,ships
5fffefe8f.jpg,candidates,0.0,0.011308458116319444,0.0,5,84.49640008620918,0,1,0,1,0,1,1,ships
600bfedf2.jpg,land_coast,0.0,0.3695763481987847,0.019085354275173612,11,105.20849993918091,0,9,0,3,0,2,4,coast
6013e1698.jpg,land_coast,0.0,0.1962398952907986,0.026936848958333332,20,103.85369998402894,0,3,0,1,0,1,2,coast
60338a3a3.jpg,land_coast,0.0,0.24649217393663195,0.0,2,98.66200003307313,0,3,0,2,0,1,1,coast
6051efdfb.jpg,land_coast,0.8258819580078125,0.2778442271160205,0.0,0,75.0457999529317,0,0,0,0,0,0,0,coast
605df5867.jpg,candidates,0.0,0.0017852783203125,0.0,14,100.88139993604273,0,2,0,1,0,1,2,ships
6071c4d05.jpg,candidates,0.0,0.0,0.0,1,99.4691998930648,0,1,0,1,0,1,1,ships
607a6818b.jpg,land_coast,0.0,0.3151465521918403,0.0,3,93.55860005598515,0,1,0,1,0,1,1,coast
608183831.jpg,candidates,0.0,0.0011494954427083333,0.0,11,85.57940006721765,0,1,0,1,0,1,1,ships
6084eb347.jpg,land_coast,0.0,0.049163818359375,0.3179372151692708,53,89.11930001340806,2,11,1,7,0,4,6,coast
6086db4b3.jpg,candidates,0.0,0.0003916422526041667,0.0,4,92.8311999887228,0,1,0,1,0,1,1,ships
6097b137c.jpg,empty_sea,0.0,0.0,0.0,0,87.68590004183352,0,0,0,0,0,0,0,empty
60c19b344.jpg,candidates,0.0,0.002087063259548611,0.0,3,80.75369999278337,0,1,0,1,0,1,1,ships
60d951c13.jpg,candidates,0.0,0.001095241970486111,0.0,30,93.73750002123415,0,2,0,2,0,1,1,ships
60fa60ce1.jpg,cloud,1.0,0.0,0.0,0,50.16740004066378,0,0,0,0,0,0,0,cloud
60fb74cec.jpg,candidates,0.0,0.09193589952256945,0.0,25,86.10099996440113,0,2,0,1,0,0,1,ships
60fca886c.jpg,land_coast,0.0,0.2680002848307292,0.0,4,92.84499997738749,0,3,0,2,0,1,1,coast
6109bea53.jpg,land_coast,0.0,0.21758863661024305,0.0,4,105.55020009633154,1,2,0,1,0,1,1,coast
611b87d1b.jpg,candidates,0.0,0.0033128526475694445,0.0,27,89.8759999545291,0,2,0,2,0,2,2,ships
611bdd0f6.jpg,land_coast,0.0,0.2371826171875,0.0,16,80.09649999439716,0,2,0,2,0,2,2,coast
611c6d977.jpg,candidates,0.0,0.0012986924913194445,0.0,2,92.60610002093017,1,4,0,3,0,2,2,ships
612475f72.jpg,land_coast,0.0,0.1487036810980903,0.0,0,95.38569999858737,0,0,0,0,0,0,0,coast
612f58fd0.jpg,candidates,0.0,0.001422458224826389,0.0,13,83.42149993404746,4,5,0,3,0,3,3,ships
613439502.jpg,candidates,0.0,0.00029839409722222225,0.0,27,81.79069997277111,0,0,0,0,0,0,0,empty
61482ae75.jpg,candidates,0.018688625759548612,0.10763974787368596,0.0,1,95.26659990660846,4,2,0,2,0,0,1,ships
6171d14ca.jpg,land_coast,0.0,0.3238406711154514,0.0,3,106.3774999929592,0,1,0,1,0,1,1,coast
6172d21ee.jpg,candidates,0.0,0.0,0.0,1,91.76390001084656,0,0,0,0,0,0,0,empty
618df3664.jpg,candidates,0.0,0.003277248806423611,0.0,39,83.98899994790554,0,0,0,0,0,0,0,empty
6192d732b.jpg,land_coast,0.0,0.05868360731336805,0.2143673366970486,55,82.90109992958605,4,6,1,4,0,3,2,coast
619969782.jpg,candidates,0.0,3.2212999131944445e-05,0.0,4,90.1993999723345,0,2,0,1,0,1,1,ships
61a8246ec.jpg,candidates,0.0,0.0,0.0,24,96.6818000888452,0,0,0,0,0,0,0,empty
61b351949.jpg,candidates,0.0,0.0015801323784722222,0.0,2,96.58069990109652,3,2,0,2,0,1,2,ships
61b63d0b4.jpg,land_coast,0.0,0.24160257975260416,0.0,7,92.1610000077635,2,6,0,1,0,0,1,coast
61b77138e.jpg,land_coast,0.0,0.2555694580078125,0.0,71,83.31010001711547,0,0,0,0,0,0,1,coast
61b798331.jpg,candidates,0.0,0.011064317491319444,0.0,60,78.79039994440973,1,2,1,1,1,1,1,ships
61bca572a.jpg,candidates,0.0,0.0006035698784722222,0.0,12,114.2202999908477,0,2,0,1,0,1,1,ships
61c31088d.jpg,empty_sea,0.029681735568576388,0.0,0.0,0,84.81639996170998,0,0,0,0,0,0,0,empty
61d58ee7b.jpg,candidates,0.0,0.0,0.0,1,76.69099990744144,0,1,0,1,0,1,1,ships
61dc40fd1.jpg,land_coast,0.0,0.23498026529947916,0.04316880967881945,8,122.47840000782162,0,1,0,1,0,1,1,coast
61dc82daf.jpg,land_coast,0.0,0.2470821804470486,0.0,41,88.56040006503463,0,1,0,1,0,1,1,coast
61df3baf8.jpg,candidates,0.0,0.0016089545355902778,0.0,17,87.14399999007583,0,1,0,1,0,1,1,ships
61e0635a9.jpg,candidates,0.0,0.004097832573784722,0.0,3,98.14569994341582,0,1,0,1,0,1,1,ships
61e13ffc2.jpg,candidates,0.0,0.009738498263888888,0.0,6,87.55140006542206,0,0,0,0,0,0,0,empty
61ead3a8f.jpg,land_coast,0.0,0.08606126573350695,0.3109639485677083,38,89.41470005083829,0,3,0,1,0,1,2,coast
61eea7bd2.jpg,candidates,0.0,0.0004425048828125,0.0,8,94.65670003555715,1,3,0,2,0,1,1,ships
61f4b7093.jpg,candidates,0.0,0.10409715440538195,0.0,29,105.70829990319908,0,1,0,1,0,1,1,ships
61fef9752.jpg,candidates,0.0,0.0402984619140625,0.0,6,79.62510001379997,0,1,0,1,0,1,1,ships
6202c708c.jpg,candidates,0.0,0.002663506401909722,0.0,67,102.82210004515946,0,0,0,0,0,0,0,empty
620efe0a7.jpg,land_coast,0.0,0.2711249457465278,0.0,0,110.12169998139143,0,1,0,1,0,1,1,coast
621c68c03.jpg,candidates,0.0,0.0,0.05828518337673611,18,94.13669991772622,0,0,0,0,0,0,0,empty
622d6d0d4.jpg,candidates,0.0,0.000988430447048611,0.0,2,89.12030002102256,0,2,0,1,0,1,1,ships
62316abde.jpg,candidates,0.0,0.00047980414496527775,0.0,1,76.71420008409768,0,0,0,0,0,0,0,empty
624499178.jpg,land_coast,0.0,0.247314453125,0.1687130398220486,51,102.42150002159178,27,6,4,0,0,0,9,coast
6258df304.jpg,candidates,0.0,0.0018208821614583333,0.0,4,79.83669999521226,0,4,0,2,0,1,2,ships
6260359bc.jpg,candidates,0.0,0.0004306369357638889,0.043921576605902776,52,81.68099995236844,0,1,0,1,0,1,1,ships
627b570cb.jpg,candidates,0.0,0.0009223090277777778,0.0,31,93.53429998736829,0,1,0,1,0,1,1,ships
628bda4f0.jpg,candidates,0.0,0.0008104112413194445,0.0,32,81.37699996586889,0,3,0,2,0,2,2,ships
629e69227.jpg,candidates,0.0,0.08538987901475695,0.0,51,76.34769997093827,0,1,0,1,0,1,1,ships
62b0f23b5.jpg,empty_sea,0.0,0.0,0.0,0,82.4177999747917,0,0,0,0,0,0,0,empty
62b6cdf6a.jpg,candidates,0.0,0.00022210015190972222,0.0,35,96.26489994116127,0,0,0,0,0,0,0,empty
62b783d1a.jpg,candidates,0.0,0.029468112521701388,0.018664889865451388,45,90.5376001028344,0,1,0,1,0,1,1,ships
62bb9b5ca.jpg,land_coast,0.8961012098524306,0.24103045473508553,0.0,0,84.63679999113083,1,0,0,0,0,0,1,coast
62bebb389.jpg,candidates,0.0,0.002051459418402778,0.0,9,102.70100005436689,0,2,0,2,0,2,2,ships
62bf57d05.jpg,candidates,0.0,4.916720920138889e-05,0.0,3,96.05589997954667,2,0,1,0,0,0,0,empty
62c360fc7.jpg,candidates,0.0,0.0005984836154513889,0.0,3,76.33309997618198,0,1,0,1,0,1,1,ships
62ccf1448.jpg,candidates,0.0,6.612141927083333e-05,0.0,1,96.52719995938241,0,1,0,0,0,0,1,ships
62d04cd06.jpg,empty_sea,0.0,0.0,0.0,0,81.26340003218502,0,0,0,0,0,0,0,empty
62dc7c9bc.jpg,land_coast,0.0659976535373264,0.12876189981620545,0.23508639827592923,92,87.5368999550119,1,3,0,2,0,1,7,coast
62f9ef30e.jpg,land_coast,0.3560774061414931,0.006438351850632527,0.35798839436264895,30,89.36800004448742,0,0,0,0,0,0,0,coast
62faad686.jpg,candidates,0.0,0.001330905490451389,0.0,2,101.3946000020951,0,1,0,1,0,1,1,ships
62fbfe8e6.jpg,land_coast,0.0,0.2880079481336806,0.0,17,104.07939995639026,0,1,0,1,0,1,1,coast
6309f9044.jpg,candidates,0.0,8.816189236111111e-05,0.0,14,99.14210007991642,2,0,1,0,1,0,1,ships
6323b94b0.jpg,candidates,0.0,0.002956814236111111,0.0,10,73.25160002801567,1,9,0,3,0,2,3,ships
63276a6d2.jpg,empty_sea,0.0,0.0,0.0,0,97.52840001601726,0,0,0,0,0,0,0,empty
63340414f.jpg,candidates,0.0,0.004060533311631944,0.0,16,102.05079999286681,2,2,0,2,0,2,2,ships
633b0cc46.jpg,candidates,0.0,0.013419257269965278,0.0,79,107.84950002562255,4,1,0,1,0,1,1,ships
6341a8392.jpg,candidates,0.0,0.00012885199652777778,0.0,2,87.88889995776117,0,2,0,1,0,1,1,ships
63421669e.jpg,candidates,0.0,0.027406480577256944,0.0,82,89.34189996216446,0,0,0,0,0,0,0,empty
63488d54b.jpg,land_coast,0.0975613064236111,0.002523829737969359,0.24105854204453364,31,79.89779999479651,0,0,0,0,0,0,1,coast
635879d30.jpg,candidates,0.0,0.002917819552951389,0.014350043402777778,11,103.13579998910427,2,7,1,4,0,2,5,ships
6359bb31f.jpg,land_coast,0.0655364990234375,0.09894594809994495,0.1342058097961771,104,80.7299999287352,2,2,0,0,0,0,4,coast
636e10852.jpg,candidates,0.0,0.00023566351996527778,0.0,1,86.25799999572337,3,1,1,1,0,0,1,ships
6371e60a3.jpg,candidates,0.0,0.002068413628472222,0.0,3,78.54739995673299,0,1,0,1,0,1,1,ships
6375178e4.jpg,candidates,0.0,0.019885592990451388,0.0,1,81.53750002384186,0,5,0,2,0,1,1,ships
63760ae99.jpg,candidates,0.0,0.03451707628038195,0.0,2,104.38040003646165,0,0,0,0,0,0,0,empty
63948cf16.jpg,candidates,0.0,0.09691365559895833,0.025648328993055556,70,99.00039993226528,0,6,0,3,0,3,4,ships
63b04978d.jpg,candidates,0.0,0.0016225179036458333,0.0,9,92.27989998180419,0,1,0,1,0,1,1,ships
63b70edf2.jpg,candidates,0.0,0.0005120171440972222,0.0,4,114.76139992009848,0,3,0,2,0,2,2,ships
63d15cc3f.jpg,land_coast,0.0,0.08841451009114583,0.1770901150173611,50,90.04829998593777,3,2,0,1,0,1,1,coast
63e3e34f5.jpg,candidates,0.0,0.11067877875434028,0.0,16,92.1416999772191,1,1,1,1,1,1,1,ships
63f047d76.jpg,candidates,0.0,0.00023566351996527778,0.0,23,76.04620000347495,0,1,0,1,0,1,1,ships
63f91fd81.jpg,candidates,0.0,0.0011088053385416667,0.0,8,114.40129997208714,1,5,1,2,0,2,2,ships
643e4e5aa.jpg,cloud,0.9272596571180556,0.0,0.0,0,53.28500003088266,0,0,0,0,0,0,0,cloud
644203589.jpg,land_coast,0.0,0.2985059950086806,0.0,1,111.76200001500547,2,0,0,0,0,0,0,coast
644426a8d.jpg,land_coast,0.0,0.2981296115451389,0.0,0,103.10850001405925,0,0,0,0,0,0,0,coast
6448b9251.jpg,candidates,0.0,0.0002627902560763889,0.0,1,88.78039999399334,0,1,0,1,0,1,1,ships
644ab05a7.jpg,candidates,0.0,0.015657212999131944,0.0,189,79.19680001214147,0,0,0,0,0,0,0,empty
646d868da.jpg,candidates,0.0,0.0015174018012152778,0.0,10,88.60360004473478,0,10,0,7,0,5,7,ships
646fe7e2b.jpg,candidates,0.0,0.0008375379774305555,0.0,12,98.19300007075071,0,4,0,4,0,4,4,ships
647f1ade6.jpg,candidates,0.0,0.061238606770833336,0.0,11,71.41169998794794,2,4,1,1,1,1,2,ships
6487b626e.jpg,candidates,0.0,0.0007731119791666666,0.0,6,100.57639994192868,0,4,0,3,0,2,2,ships
648bca076.jpg,candidates,0.0,0.0023752848307291665,0.0,3,86.89650008454919,0,3,0,2,0,0,1,ships
649b2e8ec.jpg,candidates,0.0,0.06146579318576389,0.0,17,95.3194999601692,0,1,0,1,0,1,1,ships
649bc21de.jpg,land_coast,0.6546274820963541,0.21951824154030491,0.0,0,70.86390000768006,0,0,0,0,0,0,1,coast
64a7549ff.jpg,candidates,0.0,0.0022413465711805555,0.0,16,92.52150007523596,2,0,0,0,0,0,11,ships
64b2eba37.jpg,candidates,0.0,0.003811306423611111,0.0,27,92.74140000343323,0,2,0,2,0,2,2,ships
64c6a0837.jpg,candidates,0.0,0.0020345052083333335,0.0,7,98.13920001033694,0,1,0,1,0,1,1,ships
64c745c64.jpg,land_coast,0.142974853515625,0.0009811002768749248,0.27552867059909314,38,81.50929992552847,0,0,0,0,0,0,0,coast
64cfe2eee.jpg,candidates,0.0,0.005810207790798611,0.0,13,95.23879992775619,0,2,0,2,0,2,2,ships
64d4a0a5c.jpg,candidates,0.0,0.0011545817057291667,0.0,2,92.54910005256534,0,2,0,2,0,2,2,ships
64d4d6ee0.jpg,candidates,0.0,0.0,0.0,13,89.43299995735288,0,0,0,0,0,0,0,empty
64d632f12.jpg,candidates,0.0,0.0,0.0,40,92.14319998864084,0,0,0,0,0,0,0,empty
64e99cf7f.jpg,candidates,0.0,0.00011528862847222222,0.0,1,87.81349996570498,0,3,0,1,0,0,1,ships
650485548.jpg,candidates,0.0,0.006568060980902778,0.0,40,87.69910002592951,0,2,0,1,0,1,1,ships
65119ed3f.jpg,land_coast,0.0,0.17771742078993055,0.0,6,89.58179992623627,0,1,0,1,0,1,1,coast
6511aeb37.jpg,candidates,0.0,0.0005476209852430555,0.0,4,101.70380002819002,0,2,0,1,0,1,1,ships
651e8a037.jpg,candidates,0.0,0.037650214301215276,0.0,59,83.87670002412051,0,0,0,0,0,0,0,empty
65565b352.jpg,candidates,0.0,0.026148478190104168,0.0,1,96.70439991168678,0,0,0,0,0,0,0,empty
655875570.jpg,candidates,0.0,0.00034925672743055556,0.0,1,93.89700007159263,1,1,1,1,1,0,1,ships
656335508.jpg,candidates,0.0,0.001971774631076389,0.0,9,97.35799999907613,1,6,0,4,0,2,3,ships
656392ff0.jpg,candidates,0.0,0.0644412570529514,0.0,3,93.04439998231828,0,2,0,2,0,2,2,ships
656ac2333.jpg,candidates,0.0,0.0029585096571180555,0.0,12,85.23510000668466,0,1,0,1,0,1,1,ships
656ac6382.jpg,candidates,0.0,0.0130157470703125,0.014017740885416666,74,78.0945000005886,3,2,1,2,0,2,2,ships
656ce5bbc.jpg,land_coast,0.0,0.3015187581380208,0.0,12,86.1440000589937,3,2,0,2,0,2,2,coast
656e328c3.jpg,candidates,0.0,0.0011732313368055555,0.0,2,83.199999993667,0,2,0,1,0,0,1,ships
6571aaec6.jpg,land_coast,0.0,0.3055335150824653,0.0,60,87.51630003098398,0,5,0,5,0,5,5,coast
657957194.jpg,land_coast,0.0,0.1772070990668403,0.0,10,89.02590000070632,2,1,1,1,0,1,1,coast
65862b293.jpg,candidates,0.0,0.0018361409505208333,0.0,5,87.66259998083115,0,3,0,1,0,1,2,ships
6597cc0af.jpg,candidates,0.0,0.008514404296875,0.028025309244791668,31,87.25280000362545,2,1,2,1,1,1,1,ships
659bb04d1.jpg,candidates,0.0,0.0037434895833333335,0.013042873806423612,27,90.7301000552252,0,2,0,2,0,2,2,ships
659f6dccf.jpg,land_coast,0.0,0.143280029296875,0.0,89,113.57739998493344,0,0,0,0,0,0,0,coast
65a4b32f6.jpg,candidates,0.0,0.000579833984375,0.0,21,80.36749996244907,0,3,0,2,0,2,3,ships
65b4b2708.jpg,candidates,0.0,0.00020684136284722222,0.0,2,92.38139993976802,0,2,0,1,0,0,1,ships
65bb54bb5.jpg,candidates,0.0,0.00103759765625,0.0,26,86.8054999737069,0,2,0,2,0,1,1,ships
65c56212f.jpg,land_coast,0.0,0.1870303683810764,0.0,25,106.28579999320209,0,4,0,4,0,2,2,coast
66039a7fc.jpg,candidates,0.0,0.0003204345703125,0.0,1,89.85639992170036,1,3,0,3,0,0,1,ships
66114c351.jpg,candidates,0.0,0.0,0.0,15,90.60389990918338,8,1,0,1,0,1,2,ships
662803de2.jpg,land_coast,0.05056593153211805,0.00024392315155939167,0.1801652534180861,38,81.65740000549704,0,0,0,0,0,0,0,coast
66339de00.jpg,candidates,0.0,0.005759345160590278,0.0,12,78.0942999990657,0,2,0,2,0,2,2,ships
6649b3107.jpg,land_coast,0.0,0.20945231119791666,0.018317328559027776,25,103.0966000398621,0,0,0,0,0,0,1,coast
66533ee72.jpg,land_coast,0.0,0.2606252034505208,0.0,3,82.32740010134876,0,1,0,1,0,1,1,coast
665dd4cd2.jpg,land_coast,0.0,0.23225572374131945,0.0,10,78.59889999963343,0,2,0,2,0,2,2,coast
66773775e.jpg,empty_sea,0.0,0.0,0.0,0,88.192000053823,0,0,0,0,0,0,0,empty
667ca2d49.jpg,candidates,0.0,0.0025634765625,0.0,26,91.29050001502037,2,6,1,1,0,0,3,ships
667f2efbe.jpg,candidates,0.0,0.0003543429904513889,0.0,27,80.25749993976206,0,0,0,0,0,0,0,empty
6683adbea.jpg,land_coast,0.0,0.2180870903862847,0.0,19,87.59230002760887,0,0,0,0,0,0,0,coast
66bdead5e.jpg,candidates,0.0,0.0753631591796875,0.0,39,94.35959998518229,12,16,2,3,0,2,11,ships
66be2652d.jpg,land_coast,0.0,0.2936553955078125,0.0,0,88.52809993550181,0,0,0,0,0,0,1,coast
66c7c3361.jpg,land_coast,0.0,0.2891472710503472,0.0,7,96.26610006671399,0,3,0,3,0,3,4,coast
66e928af2.jpg,candidates,0.0,0.004781087239583333,0.0,60,88.81839993409812,0,3,0,1,0,0,1,ships
670786bb5.jpg,candidates,0.0,0.005288018120659722,0.025666978624131944,17,99.8767000855878,1,1,0,1,0,1,1,ships
670858070.jpg,candidates,0.0,0.021002875434027776,0.023664686414930556,61,92.18979999423027,0,1,0,1,0,1,1,ships
67147851e.jpg,candidates,0.0,0.005164252387152778,0.0,11,83.91189994290471,0,1,0,1,0,1,1,ships
6736a0369.jpg,candidates,0.0,0.0037095811631944445,0.017910427517361112,17,98.44990004785359,0,1,0,1,0,1,1,ships
6744b9fda.jpg,candidates,0.0,0.0021684434678819445,0.0,10,86.86589996796101,3,1,1,1,1,1,1,ships
6749af8c4.jpg,candidates,0.0,0.0027906629774305555,0.0,16,76.63380005396903,0,5,0,5,0,3,4,ships
6754809e8.jpg,candidates,0.0,0.0010426839192708333,0.0,2,97.41270006634295,1,5,0,2,0,0,1,ships
67577cbaf.jpg,land_coast,0.0,0.032440185546875,0.2461429172092014,83,94.53769994433969,4,7,1,5,1,4,5,coast
6766c03b6.jpg,empty_sea,0.0,0.0,0.0,0,86.35529992170632,0,0,0,0,0,0,0,empty
677099af4.jpg,candidates,0.0,0.002056545681423611,0.0,30,84.73599993158132,0,2,0,2,0,2,2,ships
6788d5f48.jpg,land_coast,0.020923190646701388,0.008201982116531104,0.29433573563385235,50,75.80340001732111,0,0,0,0,0,0,0,coast
6790f0a40.jpg,land_coast,0.0,0.2533365885416667,0.0,3,87.70739997271448,0,0,0,0,0,0,0,coast
679127cbe.jpg,candidates,0.0,0.001147800021701389,0.0,83,75.4574000602588,0,0,0,0,0,0,0,empty
679a3f8ae.jpg,land_coast,0.4738871256510417,0.2723302835728454,0.0,0,80.74030000716448,0,2,0,1,0,0,1,coast
67ab21f57.jpg,candidates,0.0,0.052176581488715276,0.0,9,86.54679998289794,3,0,0,0,0,0,0,empty
67b34d693.jpg,empty_sea,0.0,0.0,0.0,0,94.38220004085451,0,0,0,0,0,0,0,empty
67c7f5fc8.jpg,candidates,0.0,0.0016428629557291667,0.0,3,93.22030004113913,2,1,0,1,0,1,1,ships
67ca61dc8.jpg,empty_sea,0.0,7.968478732638889e-05,0.0,0,86.34009992238134,0,1,0,1,0,1,1,ships
67d0991d8.jpg,land_coast,0.0,0.3565419514973958,0.0,0,85.00870002899319,0,0,0,0,0,0,1,coast
67d29dc4b.jpg,candidates,0.0,0.0003458658854166667,0.0,6,92.25469990633428,0,1,0,1,0,1,1,ships
67e0507b6.jpg,candidates,0.0,0.0016021728515625,0.0,9,90.75090009719133,0,1,0,1,0,1,1,ships
67e60a8f5.jpg,candidates,0.0,0.00016106499565972222,0.0,2,92.28360000997782,1,2,0,1,0,0,1,ships
67ede51e7.jpg,candidates,0.0,0.08420308430989583,0.0,7,85.3116000071168,1,0,0,0,0,0,0,empty
67f5433fb.jpg,candidates,0.0,0.0026397705078125,0.0,10,89.47399992030114,5,3,1,3,0,3,3,ships
680a0f26e.jpg,candidates,0.0,0.007468329535590278,0.0,7,104.1428999742493,0,2,0,2,0,2,2,ships
680d320ae.jpg,land_coast,0.0,0.2685106065538194,0.0,0,97.82370005268604,0,0,0,0,0,0,0,coast
682897b9d.jpg,land_coast,0.0,0.23790995279947916,0.031209309895833332,10,85.59669996611774,0,1,0,1,0,1,1,coast
682c98497.jpg,candidates,0.0,0.00012037489149305556,0.0,1,100.98800004925579,0,2,0,2,0,1,1,ships
68313ac45.jpg,candidates,0.0,0.0028703477647569445,0.0,17,107.867700047791,0,4,0,4,0,3,3,ships
6832af874.jpg,candidates,0.0,0.04742770724826389,0.0,5,86.42479998525232,0,2,0,1,0,1,1,ships
6850d4139.jpg,empty_sea,0.0,0.09758843315972222,0.0,0,89.853800018318,0,0,0,0,0,0,0,empty
6854f3853.jpg,candidates,0.0,0.0014173719618055555,0.0,3,84.75319994613528,6,1,2,0,0,0,1,ships
68695274d.jpg,candidates,0.0,0.006505330403645833,0.017550998263888888,22,93.78100000321865,8,1,1,1,1,0,1,ships
688002f2e.jpg,candidates,0.0,0.0035112169053819445,0.020272148980034724,9,83.93989992327988,2,8,0,4,0,1,3,ships
68a12828c.jpg,land_coast,0.0,0.1668124728732639,0.0,8,76.42349996604025,2,4,0,2,0,0,2,coast
68a7b2d4b.jpg,land_coast,0.0,0.3101755777994792,0.0,22,90.85599996615201,0,4,0,3,0,3,3,coast
68a8e8e37.jpg,candidates,0.0,0.0015275743272569445,0.0,5,87.5882999971509,0,1,0,1,0,1,1,ships
68c40ca8e.jpg,candidates,0.0,0.002053154839409722,0.0,1,83.66360003128648,1,2,1,0,0,0,1,ships
68f4cb257.jpg,candidates,0.0,0.0,0.0,4,84.96199990622699,0,1,0,1,0,1,1,ships
68f63fbf0.jpg,candidates,0.0,0.0023244222005208335,0.0,8,96.48219996597618,0,1,0,1,0,1,1,ships
68f8871cc.jpg,land_coast,0.0,0.3056081136067708,0.0,1,81.75420004408807,0,1,0,1,0,1,1,coast
69250c972.jpg,candidates,0.0,0.004330105251736111,0.0,18,88.68439996149391,0,3,0,3,0,1,1,ships
692db5693.jpg,land_coast,0.0,0.2317623562282986,0.010598076714409722,7,93.62780000083148,0,1,0,1,0,1,1,coast
693912e96.jpg,candidates,0.0,0.0014207628038194445,0.0,4,90.61039995867759,0,1,0,1,0,1,1,ships
693e1e4f8.jpg,land_coast,0.0,0.1223636203342014,0.04656643337673611,45,76.97319996077567,2,1,0,0,0,0,6,coast
69473a9b2.jpg,candidates,0.0,0.001864963107638889,0.033014933268229164,44,87.66179997473955,3,1,0,1,0,1,1,ships
695459a6e.jpg,candidates,0.0,6.103515625e-05,0.0,2,82.30350003577769,2,0,0,0,0,0,1,ships
696989b81.jpg,candidates,0.0,0.0021650526258680555,0.0,11,89.52779998071492,0,2,0,2,0,2,2,ships
697e3d6da.jpg,candidates,0.0,0.0021921793619791665,0.0,17,86.24689991120249,0,1,0,1,0,1,1,ships
69a3b7bed.jpg,candidates,0.0,0.0003509521484375,0.0,39,89.06110003590584,4,0,0,0,0,0,1,ships
69a69a0f4.jpg,candidates,0.0,0.0008697509765625,0.0,4,99.37920002266765,0,2,0,2,0,2,3,ships
69af45068.jpg,candidates,0.0,0.0005442301432291666,0.0,9,90.51620005629957,2,5,0,1,0,0,1,ships
69b5fb859.jpg,candidates,0.0,0.00011189778645833333,0.0,4,86.78180002607405,2,4,0,4,0,2,3,ships
69bf94ef2.jpg,candidates,0.0,0.0005289713541666666,0.0,2,92.21290005370975,0,2,0,2,0,1,1,ships
69c28c9e7.jpg,land_coast,0.0,0.16446940104166666,0.0,0,79.20889998786151,0,0,0,0,0,0,0,coast
69cd19665.jpg,candidates,0.0,0.0006137424045138889,0.0,1,92.85730007104576,0,1,0,1,0,1,1,ships
69cd82614.jpg,candidates,0.0,0.004136827256944444,0.0,13,87.53899997100234,2,5,1,5,0,5,5,ships
69d134368.jpg,candidates,0.0,0.007329305013020833,0.0,24,88.6979999486357,1,3,0,2,0,2,2,ships
69d93e8ee.jpg,candidates,0.2209133572048611,0.0,0.0,4,84.46730009745806,1,3,0,3,0,2,2,ships
69dc2e683.jpg,candidates,0.0,0.0015004475911458333,0.0,7,100.15780001413077,2,1,0,1,0,1,1,ships
69de5849b.jpg,land_coast,0.0,0.2862023247612847,0.0,4,117.06119996961206,3,2,0,2,0,2,2,coast
69e41cab5.jpg,candidates,0.0,0.00011867947048611111,0.0,19,83.12690001912415,0,0,0,0,0,0,0,empty
6a0062f22.jpg,candidates,0.0,5.764431423611111e-05,0.0,1,103.5973000107333,0,2,0,1,0,1,1,ships
6a1d3f858.jpg,candidates,0.0,0.0009782579210069445,0.0,3,85.17350000329316,0,3,0,1,0,0,1,ships
6a296f3cf.jpg,candidates,0.0,0.0037434895833333335,0.010872734917534722,22,89.43060005549341,1,4,0,3,0,3,4,ships
6a42583d4.jpg,land_coast,0.0,0.2860260009765625,0.0,7,88.79239996895194,0,1,0,1,0,1,1,coast
6a49fb569.jpg,candidates,0.0,0.011786566840277778,0.0,66,75.79639996401966,0,1,0,1,0,1,1,ships
6a4a609f7.jpg,candidates,0.0,0.11344061957465278,0.037392510308159724,56,94.86279997508973,5,5,1,3,0,3,3,ships
6a4ac74eb.jpg,land_coast,0.0,0.2609524197048611,0.0,2,98.86280004866421,0,3,0,3,0,3,3,coast
6a55855df.jpg,candidates,0.0,0.1197391086154514,0.0,21,96.75579995382577,2,0,0,0,0,0,0,empty
6a5a2f87d.jpg,candidates,0.0,0.002285427517361111,0.0,7,79.91229998879135,0,1,0,1,0,1,1,ships
6a75ef9a7.jpg,land_coast,0.0,0.3187967936197917,0.0,8,80.14740003272891,0,1,0,1,0,1,1,coast
6a76143a3.jpg,candidates,0.0,0.001827663845486111,0.0,1,97.9437999194488,0,3,0,2,0,0,1,ships
6a7b004f1.jpg,candidates,0.0,0.001800537109375,0.0,5,97.99880010541528,0,3,0,3,0,3,3,ships
6a7f33570.jpg,candidates,0.0,0.005627102322048611,0.0,117,88.41620001476258,0,1,0,1,0,1,1,ships
6aaf04dd0.jpg,empty_sea,0.0,0.0,0.0,0,93.25659996829927,0,0,0,0,0,0,0,empty
6aaf92bdb.jpg,empty_sea,0.0,0.002872043185763889,0.0,0,93.57749996706843,0,0,0,0,0,0,0,empty
6ab1ce750.jpg,candidates,0.0,0.0007358127170138889,0.0,4,81.46550005767494,0,1,0,1,0,1,1,ships
6ac23c021.jpg,land_coast,0.0,0.2108849419487847,0.0,9,86.42980002332479,0,6,0,0,0,0,1,coast
6ac3552aa.jpg,candidates,0.0,0.00042555067274305556,0.0,2,79.1909999679774,0,2,0,2,0,2,2,ships
6ad94a376.jpg,candidates,0.0,0.00016615125868055556,0.0,2,95.64319998025894,0,1,0,1,0,1,1,ships
6ade38029.jpg,land_coast,0.0,0.2846306694878472,0.0,7,93.22269994299859,0,0,0,0,0,0,2,coast
6ae2803e7.jpg,candidates,0.0,0.0018717447916666667,0.0,39,88.5731999296695,0,2,0,2,0,2,2,ships
6af49af68.jpg,candidates,0.0,0.001544528537326389,0.0,2,88.76620000228286,1,1,0,1,0,1,1,ships
6b09f1f3a.jpg,candidates,0.0,0.09844122992621528,0.0,10,85.80690005328506,3,2,1,2,0,0,2,ships
6b17ea500.jpg,candidates,0.0,0.0014292399088541667,0.0,6,92.00619999319315,0,1,0,1,0,1,1,ships
6b2dbc7a7.jpg,candidates,0.045064290364583336,0.04299783504612096,0.0,4,78.36069993209094,2,3,0,0,0,0,1,ships
6b46f58f6.jpg,candidates,0.0,0.016513400607638888,0.055582682291666664,72,79.99360002577305,0,3,0,2,0,1,2,ships
6b6689889.jpg,land_coast,0.0,0.022449069552951388,0.14569091796875,94,85.206100018695,2,2,0,1,0,0,1,coast
6b6e41e58.jpg,land_coast,0.0,0.3276451958550347,0.0,2,97.21160004846752,0,1,0,1,0,1,1,coast
6b71d1b7f.jpg,land_coast,0.0,0.2595045301649306,0.0,10,102.23000007681549,0,1,0,1,0,1,1,coast
6b7814fac.jpg,land_coast,0.0,0.2854393853081597,0.0,22,100.36530008073896,4,13,0,9,0,7,8,coast
6b813569c.jpg,candidates,0.0,0.0036570231119791665,0.0,9,91.07560000848025,0,2,0,1,0,1,2,ships
6bb3e7515.jpg,candidates,0.0,0.003546820746527778,0.0,22,77.38729997072369,2,3,0,3,0,3,3,ships
6bb5ad438.jpg,candidates,0.011445787217881944,0.00021869591796320055,0.05494433586182551,66,93.30509998835623,0,0,0,0,0,0,0,empty
6bb8afdec.jpg,candidates,0.0,7.62939453125e-05,0.0,2,73.59949999954551,0,5,0,3,0,2,2,ships
6bcff215b.jpg,candidates,0.0,0.00390625,0.0,6,98.87450002133846,4,4,2,3,0,1,3,ships
6bd0c95e1.jpg,land_coast,0.0,0.2942047119140625,0.0,42,83.85970001108944,0,0,0,0,0,0,3,coast
6bdc41457.jpg,candidates,0.0,0.002780490451388889,0.0,5,100.68959998898208,2,9,0,5,0,3,4,ships
6bdf830e9.jpg,land_coast,0.0,0.1221957736545139,0.1957973904079861,12,79.1127000702545,2,4,0,3,0,2,2,coast
6bfed7f3a.jpg,land_coast,0.004430135091145833,0.06997919500543592,0.21828859719038704,62,121.2701000040397,2,2,0,2,0,1,1,coast
6c1951f5e.jpg,candidates,0.0,0.000274658203125,0.0,35,98.85190008208156,0,2,0,2,0,2,2,ships
6c20154a1.jpg,land_coast,0.0,0.2546098497178819,0.0776214599609375,24,90.94919997733086,0,0,0,0,0,0,1,coast
6c30edd46.jpg,land_coast,0.0,0.12056477864583333,0.04815334743923611,28,82.99570006784052,0,0,0,0,0,0,1,coast
6c403e23b.jpg,candidates,0.0,0.0,0.0,9,79.86880000680685,0,0,0,0,0,0,0,empty
6c47c962e.jpg,candidates,0.0,0.016191270616319444,0.0,7,82.59530004579574,1,4,0,3,0,0,1,ships
6c51b9af1.jpg,candidates,0.0,0.0011376274956597222,0.0,7,96.28840000368655,0,1,0,1,0,1,1,ships
6c591a931.jpg,candidates,0.0,0.0015174018012152778,0.0,9,86.06329991016537,0,1,0,1,0,1,1,ships
6c5fd8ca4.jpg,empty_sea,0.1751946343315972,0.0,0.0,0,100.7677000015974,0,1,0,1,0,1,1,ships
6c63aead0.jpg,candidates,0.0,0.0018547905815972222,0.013339572482638888,61,77.12519995402545,0,0,0,0,0,0,0,empty
6c65c924f.jpg,candidates,0.0,1.6954210069444445e-05,0.0,4,94.17180006857961,0,3,0,0,0,0,1,ships
6c69361f0.jpg,candidates,0.0,0.10784912109375,0.0,22,77.3934000171721,0,6,0,4,0,3,4,ships
6c8579231.jpg,candidates,0.0,4.916720920138889e-05,0.0,1,84.89259995985776,0,2,0,1,0,1,1,ships
6ca97ac13.jpg,candidates,0.0,0.09506903754340278,0.0,30,102.41880000103265,1,0,0,0,0,0,0,empty
6caaf3e04.jpg,candidates,0.0,0.0006747775607638889,0.0,5,91.64480003528297,2,7,1,5,0,3,4,ships
6cb1cc185.jpg,candidates,0.0,0.000213623046875,0.0,44,71.7401000438258,0,0,0,0,0,0,0,empty
6cb20c450.jpg,land_coast,0.0,0.2810533311631944,0.0,0,95.9150999551639,0,0,0,0,0,0,0,coast
6cbbfda11.jpg,candidates,0.0,0.00017123752170138888,0.0,1,76.80420007091016,0,3,0,1,0,1,1,ships
6cbd3d50f.jpg,land_coast,0.0,0.2907663981119792,0.0,0,84.92200006730855,0,0,0,0,0,0,0,coast
6cc0bc1e3.jpg,land_coast,0.0,0.14244588216145834,0.0161590576171875,49,112.14059998746961,0,1,0,1,0,1,1,coast
6cd7b2641.jpg,land_coast,0.0,0.2472161187065972,0.0,3,82.22139999270439,0,0,0,0,0,0,1,coast
6ce05f804.jpg,candidates,0.0,0.0004221598307291667,0.0,2,107.11159999482334,0,1,0,1,0,1,1,ships
6ce4720c7.jpg,candidates,0.0,0.0006900363498263889,0.0,2,74.21340001747012,0,1,0,1,0,1,1,ships
6ce4bf88b.jpg,candidates,0.0,0.0017310248480902778,0.0,8,85.03210009075701,0,1,0,1,0,1,1,ships
6ce7ff8e9.jpg,candidates,0.0,0.0,0.0,2,97.61850000359118,0,0,0,0,0,0,0,empty
6d0ca30c3.jpg,candidates,0.0,0.024615817599826388,0.0,77,82.49599998816848,0,0,0,0,0,0,0,empty
6d0d66434.jpg,land_coast,0.0,0.05434841579861111,0.3405846489800347,19,93.08579994831234,13,1,1,1,0,1,1,coast
6d2e333f6.jpg,candidates,0.0,0.0014868842230902778,0.010353936089409722,5,79.21400002669543,0,1,0,1,0,1,1,ships
6d2ec8273.jpg,candidates,0.0,0.05099148220486111,0.07044813368055555,72,98.75469992402941,11,5,5,3,1,2,3,ships
6d3414844.jpg,candidates,0.0,0.0011545817057291667,0.0,6,79.64640005957335,0,7,0,6,0,5,7,ships
6d38045d6.jpg,candidates,0.0,0.00011020236545138889,0.0,59,85.52229998167604,1,1,0,1,0,1,1,ships
6d38e99a3.jpg,candidates,0.0,0.0012105305989583333,0.0,1,108.43759996350855,0,1,0,1,0,1,1,ships
6d44644fd.jpg,candidates,0.0,0.011523776584201388,0.0,59,86.11489995382726,0,1,0,1,0,1,1,ships
6d5ea41a0.jpg,land_coast,0.0,0.24255201551649305,0.0,14,79.72909999080002,0,1,0,1,0,1,1,coast
6d6b5c79e.jpg,land_coast,0.0,0.1422763400607639,0.17268202039930555,31,88.41440000105649,11,17,2,12,2,11,10,coast
6d719e576.jpg,land_coast,0.0,0.03939480251736111,0.1165737575954861,93,92.21539995633066,5,13,1,6,0,5,6,coast
6d746707f.jpg,candidates,0.0,0.10025702582465278,0.0,34,98.17660006228834,2,1,0,1,0,1,1,ships
6d80383eb.jpg,land_coast,0.0,0.17895338270399305,0.1673855251736111,37,92.54159999545664,0,4,0,2,0,2,3,coast
6dd0d5329.jpg,land_coast,0.0,0.18858846028645834,0.09821065266927083,32,92.10419992450625,1,2,0,0,0,0,2,coast
6de40f536.jpg,land_coast,0.0,0.16462537977430555,0.0,0,88.77590007614344,0,0,0,0,0,0,0,coast
6df5e4fd7.jpg,candidates,0.0,0.002371893988715278,0.0,2,91.29879996180534,0,1,0,1,0,1,1,ships
6dff0f54b.jpg,candidates,0.0,0.0,0.0,2,92.07379992585629,2,3,0,0,0,0,1,ships
6e3c534e6.jpg,candidates,0.0,0.002551608615451389,0.0,44,79.75800009444356,0,2,0,2,0,2,2,ships
6e3f8775c.jpg,candidates,0.0,8.646647135416667e-05,0.0,11,95.02440004143864,2,1,1,0,0,0,1,ships
6e5e6b070.jpg,empty_sea,0.0,0.0,0.0,0,103.23229990899563,0,0,0,0,0,0,0,empty
6e5f7512b.jpg,candidates,0.8944278293185763,0.01585090103464815,0.0,6,81.03320002555847,2,0,0,0,0,0,0,empty
6e641ba07.jpg,candidates,0.0,2.2040473090277777e-05,0.0,13,88.50959991104901,0,0,0,0,0,0,0,empty
6e6f35c97.jpg,candidates,0.0,0.0009918212890625,0.0,46,77.01349991839379,0,1,0,1,0,1,1,ships
6e72ef098.jpg,candidates,0.0,0.0030042860243055555,0.0,2,83.47599999979138,0,1,0,1,0,1,1,ships
6e82bb580.jpg,land_coast,0.0,0.2829149034288194,0.0,0,88.56740000192076,0,0,0,0,0,0,0,coast
6e84f2e90.jpg,candidates,0.0,0.004747178819444444,0.015819973415798612,14,106.61079990677536,1,1,0,1,0,1,1,ships
6e92cf4cb.jpg,candidates,0.0,0.004031711154513889,0.0,19,100.72119999676943,0,1,0,1,0,1,1,ships
6e931d7ab.jpg,candidates,0.005316840277777778,0.0,0.012854203972278797,26,98.14459993503988,0,0,0,0,0,0,0,empty
6eaa71af0.jpg,candidates,0.0,0.00015767415364583334,0.0,1,97.92789991479367,0,1,0,1,0,1,1,ships
6ed4f27f7.jpg,candidates,0.0,0.001434326171875,0.030076768663194444,51,103.08100003749132,0,0,0,0,0,0,0,empty
6ef274463.jpg,land_coast,0.0,0.2616339789496528,0.0,10,95.5762000521645,0,1,0,1,0,1,1,coast
6efb1f330.jpg,candidates,0.0,0.007703993055555556,0.0,5,80.36140003241599,0,2,0,2,0,1,1,ships
6f09397cd.jpg,candidates,0.0,0.0003628200954861111,0.0,2,84.57269996870309,0,2,0,1,0,1,1,ships
6f2ab42b6.jpg,land_coast,0.0,0.3154398600260417,0.0,0,84.85400001518428,1,0,0,0,0,0,1,coast
6f361c7b3.jpg,candidates,0.0,0.00011189778645833333,0.0,2,93.07730000000447,0,2,0,2,0,1,2,ships
6f6453d33.jpg,candidates,0.0,0.002926296657986111,0.027370876736111112,36,77.81689998228103,0,2,0,1,0,0,1,ships
6f6730e19.jpg,candidates,0.0,0.015992906358506944,0.0,72,79.89970000926405,0,1,0,1,0,1,1,ships
6f7123546.jpg,candidates,0.0,0.0013715955946180555,0.0,28,85.684800054878,3,12,1,7,1,6,6,ships
6f77d6a15.jpg,land_coast,0.0,0.2545047336154514,0.0,11,80.9350999770686,0,2,0,2,0,2,2,coast
6f91abac0.jpg,candidates,0.0,0.0023091634114583335,0.07115342881944445,3,90.51340003497899,0,2,0,2,0,2,2,ships
6f9579041.jpg,candidates,0.0,0.005103217230902778,0.0,16,97.98600000794977,0,2,0,2,0,2,2,ships
6f9aca4a8.jpg,land_coast,0.0,0.20880126953125,0.0,51,79.29550006520003,0,0,0,0,0,0,0,coast
6fa061788.jpg,candidates,0.0,5.5948893229166664e-05,0.0,6,81.87390002422035,0,1,0,1,0,1,1,ships
6fa13f6de.jpg,land_coast,0.0,0.13503011067708334,0.049201117621527776,57,94.98789999634027,0,0,0,0,0,0,2,coast
6fa1bc9b6.jpg,land_coast,0.0,0.3480021158854167,0.0,0,88.23130000382662,0,0,0,0,0,0,2,coast
6fa2625e1.jpg,candidates,0.0,0.002478705512152778,0.0,9,83.69949995540082,0,2,0,2,0,2,2,ships
6fb14cefc.jpg,land_coast,0.0,0.2885945638020833,0.0,0,98.43839996028692,0,0,0,0,0,0,0,coast
6fb6a63eb.jpg,candidates,0.0,0.0007205539279513889,0.0,2,76.47119998000562,0,3,0,1,0,0,1,ships
6fc7ca03a.jpg,candidates,0.0,0.0066375732421875,0.0,5,84.74760001990944,0,1,0,1,0,1,1,ships
6fc81ad9a.jpg,land_coast,0.04757351345486111,0.000670927264649328,0.2580389857306542,30,81.96580002550036,0,2,0,2,0,2,2,coast
6fc9d34a5.jpg,candidates,0.0,0.00038825141059027775,0.0,2,96.53060010168701,1,2,0,2,0,0,1,ships
6fcbce22e.jpg,candidates,0.0,0.09949408637152778,0.0,2,85.30909998808056,0,5,0,2,0,0,1,ships
6fd9de9a7.jpg,candidates,0.0,0.0017564561631944445,0.0,9,71.27940002828836,0,2,0,2,0,2,2,ships
6fe04caf9.jpg,candidates,0.0,0.007622612847222222,0.0,9,75.24530007503927,0,1,0,1,0,1,1,ships
700fc6a4a.jpg,candidates,0.0,0.0,0.0,28,91.29640005994588,0,1,0,1,0,1,1,ships
701c6cf5b.jpg,candidates,0.0,0.04095119900173611,0.045735677083333336,64,86.60859998781234,14,1,3,1,2,1,1,ships
7022afc4f.jpg,candidates,0.0,0.004540337456597222,0.0,12,83.85529997758567,0,1,0,1,0,1,1,ships
702c958a5.jpg,land_coast,0.0,0.028639051649305556,0.12020026312934028,38,94.07630003988743,0,0,0,0,0,0,1,coast
703d8c6a9.jpg,candidates,0.0,0.031085544162326388,0.0,3,82.7607000246644,0,2,0,1,0,1,1,ships
70474d159.jpg,candidates,0.0,0.0013715955946180555,0.0,21,92.50179992523044,0,2,0,2,0,2,2,ships
705008957.jpg,candidates,0.0,0.015497843424479166,0.0,40,106.66699998546392,1,1,0,1,0,1,1,ships
7060ef876.jpg,candidates,0.0,0.0013037787543402778,0.0,7,78.58109998051077,2,2,1,1,1,1,1,ships
70731b78d.jpg,candidates,0.0,0.0005374484592013889,0.0,41,80.37229999899864,1,1,0,1,0,0,1,ships
7077735cd.jpg,candidates,0.0,0.014382256401909722,0.0,79,129.9381999997422,0,15,0,9,0,5,14,ships
70a11d4a6.jpg,candidates,0.0,0.0004221598307291667,0.0,44,89.95240007061511,0,8,0,1,0,0,2,ships
70a722ade.jpg,empty_sea,0.0,0.0,0.0,0,93.71530008502305,0,0,0,0,0,0,0,empty
70b5ab7c6.jpg,candidates,0.0,0.009819878472222222,0.018025716145833332,62,101.29480005707592,1,1,0,1,0,1,1,ships
70be051c0.jpg,candidates,0.0,0.003043280707465278,0.0,13,93.79800001624972,1,3,1,3,0,2,3,ships
70c6e98f1.jpg,land_coast,0.0,0.23538716634114584,0.0,13,81.24850003514439,1,4,0,0,0,0,1,coast
70caf88d9.jpg,candidates,0.0,0.0014478895399305555,0.0,5,96.7554000671953,0,7,0,5,0,3,5,ships
70ed79d90.jpg,candidates,0.002716064453125,0.004681675048494252,0.0,29,94.36680004000664,0,1,0,1,0,1,1,ships
70f9214cc.jpg,land_coast,0.0,0.3123423258463542,0.0,6,96.55809996183962,0,1,0,1,0,1,1,coast
710ad2cfd.jpg,candidates,0.0,0.0008884006076388889,0.0,1,100.81769991666079,1,4,0,3,0,1,2,ships
713ea7916.jpg,candidates,0.0,0.036046346028645836,0.0696682400173611,55,77.90080003906041,3,18,1,11,0,7,12,ships
715389e24.jpg,candidates,0.0,0.055369059244791664,0.0,6,83.68150005117059,0,1,0,1,0,1,1,ships
715e1f0ef.jpg,candidates,0.0,0.002007378472222222,0.0,19,105.48040003050119,5,10,2,6,0,4,7,ships
716a3228e.jpg,candidates,0.0,0.004725138346354167,0.012958102756076388,10,75.08189999498427,1,1,0,1,0,1,1,ships
717190a4c.jpg,candidates,0.0,0.018964979383680556,0.0,63,79.39369999803603,0,0,0,0,0,0,1,ships
7176ed649.jpg,candidates,0.0,0.004865858289930556,0.011425442165798612,27,82.49900001101196,0,2,0,2,0,2,2,ships
7178a5302.jpg,land_coast,0.0,0.3152906629774306,0.0,3,91.33279998786747,0,0,0,0,0,0,1,coast
717f680cf.jpg,candidates,0.0,0.003640068901909722,0.0,8,90.2689000358805,1,2,0,1,0,1,2,ships
7193b60fb.jpg,land_coast,0.0,0.2750379774305556,0.0,0,98.40910008642823,0,0,0,0,0,0,0,coast
7199544f3.jpg,candidates,0.0,0.0004153781467013889,0.0,1,81.86799997929484,0,4,0,3,0,1,2,ships
71a1750f9.jpg,candidates,0.0,0.050713433159722224,0.0,1,87.545600021258,0,0,0,0,0,0,0,empty
71ad40c62.jpg,candidates,0.0,0.001788669162326389,0.0,25,90.10879998095334,8,9,1,7,0,4,6,ships
71c86ce2d.jpg,land_coast,0.0,0.24211290147569445,0.0,5,99.10919994581491,1,5,0,1,0,0,1,coast
71ce4a848.jpg,candidates,0.0,0.0014258490668402778,0.0,8,84.31770000606775,0,4,0,4,0,3,4,ships
71d78b955.jpg,cloud,0.9999898274739584,0.0,0.0,0,68.05670005269349,0,0,0,0,0,0,0,cloud
71dea2dab.jpg,candidates,0.0,0.0008002387152777778,0.05529954698350695,78,76.47709990851581,0,3,0,1,0,0,2,ships
71e3380f1.jpg,candidates,0.0,0.0026753743489583335,0.0,12,89.16590001899749,16,4,3,4,1,3,4,ships
71ea66a39.jpg,land_coast,0.0,0.06923082139756945,0.08798895941840278,55,83.69879995007068,9,12,1,6,1,6,7,coast
71f284bcf.jpg,candidates,0.0,0.0026838514539930555,0.0,3,79.32889997027814,0,1,0,1,0,1,1,ships
71fd6bde3.jpg,candidates,0.0,0.046503702799479164,0.0,2,80.94830007757992,0,0,0,0,0,0,1,ships
71fdd62e9.jpg,land_coast,0.0,0.3489651150173611,0.0,9,99.28660001605749,0,1,0,1,0,1,1,coast
7207856cc.jpg,candidates,0.0,0.005228678385416667,0.0,47,93.30189996398985,2,3,0,0,0,0,1,ships
7224e3859.jpg,candidates,0.0,0.005800035264756944,0.0,23,96.41790005844086,3,1,2,1,1,1,1,ships
723a8fabf.jpg,land_coast,0.0,0.040868123372395836,0.08014594184027778,52,78.30300007481128,5,20,0,11,0,8,11,coast
7243b0261.jpg,candidates,0.0,0.0,0.0,1,83.35369999986142,0,0,0,0,0,0,0,empty
72548af42.jpg,candidates,0.0,0.0005425347222222222,0.0,7,98.62650011200458,0,1,0,1,0,1,1,ships
72568823a.jpg,candidates,0.0,0.002655029296875,0.0,23,81.7488000029698,0,1,0,1,0,1,1,ships
72a098aa1.jpg,candidates,0.0,0.016364203559027776,0.0,36,98.62550010439008,0,0,0,0,0,0,0,empty
72a362af2.jpg,land_coast,0.0,0.2639295789930556,0.0,0,106.38920008204877,0,0,0,0,0,0,1,coast
72ca91db0.jpg,land_coast,0.0,0.2409125434027778,0.0,7,92.69129997119308,2,6,0,1,0,0,1,coast
72cde7906.jpg,land_coast,0.0,0.2863413492838542,0.0,3,86.87959995586425,4,2,1,2,0,2,2,coast
72d14f41c.jpg,candidates,0.0,0.0004018147786458333,0.0,29,88.17100001033396,0,2,0,2,0,2,2,ships
72ec3f4d7.jpg,land_coast,0.0,0.1315884060329861,0.0666046142578125,15,90.09139996487647,0,1,0,0,0,0,11,coast
7301eec3c.jpg,land_coast,0.0,0.3327043321397569,0.0,1,87.15910010505468,1,1,1,1,1,1,1,coast
730b4e931.jpg,land_coast,0.12297566731770833,0.15960309788995353,0.0,28,81.82309998665005,0,1,0,1,0,0,1,coast
730d8417c.jpg,candidates,0.0,0.00020175509982638888,0.0,40,80.33410005737096,0,0,0,0,0,0,0,empty
7316754c0.jpg,candidates,0.0,0.0031382242838541665,0.0,4,83.890900015831,1,3,0,3,0,3,3,ships
7322abc42.jpg,candidates,0.0,0.004711574978298611,0.0128326416015625,27,91.27660002559423,0,3,0,3,0,2,3,ships
7338e736d.jpg,land_coast,0.10522969563802083,0.19145066294051294,0.0,15,80.80899994820356,0,2,0,2,0,2,2,coast
733ef4ef3.jpg,candidates,0.0,0.0009392632378472222,0.0,1,85.87929990608245,1,7,0,5,0,3,3,ships
734b64048.jpg,candidates,0.0,0.0004696316189236111,0.0,2,107.31910006143153,0,1,0,1,0,1,1,ships
7350e4a10.jpg,land_coast,0.0,0.026255289713541668,0.16976759168836805,77,90.74450004845858,6,1,1,1,0,1,1,coast
73515a344.jpg,candidates,0.0,0.0032602945963541665,0.0,14,77.33820006251335,0,1,0,1,0,1,1,ships
7365b0d6d.jpg,candidates,0.0,0.0017954508463541667,0.0,32,95.87960003409535,5,0,0,0,0,0,0,empty
73699f4d7.jpg,candidates,0.0,0.00023057725694444444,0.0,13,81.85830002184957,0,2,0,2,0,2,2,ships
737239c06.jpg,candidates,0.06791008843315972,0.0338130874869652,0.06521634996259981,88,97.55810000933707,3,1,1,1,0,1,1,ships
738683c91.jpg,land_coast,0.0,0.1382632785373264,0.0,87,106.23390006367117,1,0,0,0,0,0,1,coast
738dbfd23.jpg,candidates,0.0,0.05360751681857639,0.030239529079861112,7,98.0795999057591,1,4,0,0,0,0,1,ships
7390df83b.jpg,land_coast,0.7224833170572916,0.24644025656083404,0.12913460291796003,5,75.37970005068928,1,2,0,1,0,0,3,coast
73976a15c.jpg,candidates,0.3652140299479167,0.005701100987404353,0.0,12,99.18859996832907,0,0,0,0,0,0,0,empty
73a0fa237.jpg,candidates,0.0,0.004845513237847222,0.0,16,88.18530000280589,0,1,0,1,0,1,1,ships
73b181305.jpg,candidates,0.0,0.00036790635850694444,0.027453952365451388,19,83.66820006631315,1,4,0,3,0,3,3,ships
73c34faed.jpg,candidates,0.0,0.0039520263671875,0.0,22,88.38019997347146,1,9,0,7,0,6,7,ships
73db4530f.jpg,candidates,0.0,0.0033620198567708335,0.0,18,77.68950005993247,0,2,0,2,0,2,2,ships
73dba17a6.jpg,land_coast,0.0,0.12914869520399305,0.0,71,89.85650003887713,2,0,0,0,0,0,1,coast
73dc1b526.jpg,land_coast,0.0,0.3047977023654514,0.0,11,112.63720004353672,0,1,0,1,0,1,1,coast
73e2417fc.jpg,land_coast,0.0,0.2031792534722222,0.0,46,94.08400009851903,27,6,4,0,0,0,9,coast
73eef4ef2.jpg,candidates,0.0,0.00011867947048611111,0.0,3,94.41090002655983,2,5,1,2,0,0,3,ships
73f3e0d81.jpg,candidates,0.0,0.0014512803819444445,0.0,5,103.07399998418987,0,1,0,1,0,1,1,ships
74101c441.jpg,land_coast,0.0,0.3058844672309028,0.0,16,99.52310007065535,0,5,0,2,0,1,1,coast
7411144f6.jpg,land_coast,0.0,0.31317138671875,0.0,0,98.67870004381984,4,3,0,2,0,1,2,coast
7416fd57e.jpg,candidates,0.0,0.0008680555555555555,0.0,21,88.84330000728369,2,1,0,1,0,1,1,ships
74196f4d6.jpg,candidates,0.0,0.0013105604383680555,0.0,8,107.54190001171082,0,4,0,2,0,1,1,ships
741a5f582.jpg,candidates,0.0,0.00019158257378472222,0.0,1,100.33399995882064,2,4,2,2,0,0,1,ships
742010982.jpg,candidates,0.0,0.0010308159722222222,0.0,2,73.31019989214838,0,1,0,1,0,1,1,ships
74221dddc.jpg,candidates,0.006578233506944444,0.0007991717363588914,0.0238348264325624,21,82.08540000487119,1,1,0,1,0,1,1,ships
74284b26a.jpg,land_coast,0.0,0.15746053059895834,0.0,3,85.50050004851073,1,2,0,0,0,0,1,coast
74297c0ac.jpg,candidates,0.0,0.0024820963541666665,0.013071695963541666,11,86.11530007328838,0,1,0,1,0,1,1,ships
74374184e.jpg,candidates,0.0,0.0014326307508680555,0.0,2,98.6282000085339,1,4,0,1,0,0,1,ships
743fdabb3.jpg,candidates,0.0,0.0013495551215277778,0.0,1,108.0169000197202,0,1,0,1,0,1,1,ships
7459da01f.jpg,land_coast,0.0,0.05767483181423611,0.1839718288845486,55,82.07789994776249,3,15,1,6,1,5,8,coast
746549a54.jpg,empty_sea,0.0,0.09570482042100695,0.0,0,90.78239998780191,0,0,0,0,0,0,0,empty
747105946.jpg,candidates,0.0,0.002632988823784722,0.0,2,81.15339989308268,0,3,0,1,0,0,1,ships
7473033d2.jpg,candidates,0.0,0.018313937717013888,0.0,208,85.02440003212541,0,0,0,0,0,0,0,empty
74779e724.jpg,candidates,0.0,0.0007171630859375,0.0,41,82.9210999654606,0,0,0,0,0,0,0,empty
7478f46e9.jpg,land_coast,0.0,0.1924981011284722,0.052759806315104164,6,106.95209994446486,2,2,0,0,0,0,1,coast
747f70fb9.jpg,candidates,0.0,0.064208984375,0.0,54,102.46899991761893,0,0,0,0,0,0,0,empty
7481d103b.jpg,candidates,0.0,0.0003848605685763889,0.0,1,83.9335999917239,0,3,0,1,0,1,1,ships
7487d56dd.jpg,candidates,0.0,0.024563259548611112,0.029686821831597224,82,97.30539994779974,0,1,0,1,0,1,1,ships
749a4e38a.jpg,candidates,0.0,0.006700303819444444,0.020192464192708332,32,86.31319995038211,1,1,0,1,0,1,1,ships
74b60c9dc.jpg,land_coast,0.0,0.0,0.11090596516927083,21,106.20109993033111,0,0,0,0,0,0,0,coast
74c3317a9.jpg,candidates,0.0,0.0012410481770833333,0.0,4,84.75859998725355,1,4,0,3,0,3,3,ships
74c697c9e.jpg,candidates,0.0,0.08513387044270833,0.0,26,95.31280002556741,0,1,0,1,0,1,1,ships
74cf432f1.jpg,candidates,0.0,0.035980224609375,0.0,74,81.06279990170151,0,0,0,0,0,0,0,empty
74daf41d6.jpg,empty_sea,0.0,0.0,0.0,0,93.45790010411292,0,0,0,0,0,0,0,empty
74dd206c6.jpg,candidates,0.0,0.0,0.046393500434027776,34,73.8306000130251,0,0,0,0,0,0,0,empty
74e975b02.jpg,land_coast,0.0,0.3055233425564236,0.0,16,87.45710004586726,0,1,0,1,0,1,1,coast
74f5a133a.jpg,candidates,0.0,0.001385158962673611,0.0,6,94.20890000183135,0,1,0,1,0,1,1,ships
75032c049.jpg,land_coast,0.0,0.21732584635416666,0.0,4,89.63480009697378,0,0,0,0,0,0,0,coast
7508bcdde.jpg,land_coast,0.0,0.3009507921006944,0.0,18,101.93399991840124,1,5,0,3,0,3,3,coast
751cd7aa0.jpg,candidates,0.0,0.0,0.0,4,87.32179994694889,0,0,0,0,0,0,0,empty
7534e60ca.jpg,land_coast,0.0,0.16866556803385416,0.0,6,86.90769993700087,0,1,0,1,0,1,1,coast
75353e786.jpg,candidates,0.0,0.004070705837673611,0.0,26,114.53899997286499,0,1,0,1,0,1,1,ships
7540ceeac.jpg,land_coast,0.0,0.3022783067491319,0.0,13,89.98619997873902,0,0,0,0,0,0,1,coast
7544cb3f2.jpg,candidates,0.0,0.0005340576171875,0.0,5,92.3528999555856,0,1,0,1,0,1,1,ships
7558bafc5.jpg,candidates,0.0,0.0006815592447916666,0.0,3,86.50030009448528,0,11,0,4,0,1,6,ships
756560614.jpg,candidates,0.0,0.00017971462673611112,0.0,1,80.28850005939603,0,2,0,1,0,1,1,ships
756899eb6.jpg,candidates,0.0,0.1047854953342014,0.0,2,96.7243000632152,0,5,0,2,0,0,1,ships
7583ab982.jpg,candidates,0.0,0.0003848605685763889,0.0,2,85.84900002460927,0,2,0,2,0,2,2,ships
758a8ff0f.jpg,candidates,0.0,0.004121568467881944,0.0,30,95.72480001952499,0,1,0,1,0,1,1,ships
7591b11a0.jpg,land_coast,0.0,0.1664055718315972,0.0592041015625,41,109.1072999406606,5,5,1,3,0,3,5,coast
759635210.jpg,candidates,0.0,0.00011528862847222222,0.0,2,101.80250008124858,0,2,0,1,0,1,1,ships
75a616c2e.jpg,candidates,0.0,8.138020833333333e-05,0.0,1,95.23570002056658,1,2,0,2,0,1,1,ships
75aba5420.jpg,candidates,0.0,0.0,0.0,2,82.8652000054717,0,0,0,0,0,0,0,empty
75ad65205.jpg,empty_sea,0.0,0.10824754503038195,0.0,0,86.98909997474402,0,1,0,1,0,1,1,ships
75ae8fa1a.jpg,candidates,0.0,0.026189168294270832,0.0,11,93.14270003233105,0,1,0,1,0,1,1,ships
75b5770b9.jpg,land_coast,0.0,0.2713589138454861,0.0,0,92.9236999945715,0,1,0,1,0,1,1,coast
75e4ea5bc.jpg,candidates,0.0,0.000518798828125,0.0,2,78.94959999248385,0,2,0,2,0,2,2,ships
75ec3ad7b.jpg,candidates,0.0,0.1035427517361111,0.0,1,82.81960000749677,0,0,0,0,0,0,0,empty
75f4880cd.jpg,candidates,0.0,0.0016394721137152778,0.0,1,91.86059993226081,0,4,0,1,0,0,1,ships
75f8cc43b.jpg,candidates,0.0,0.11268785264756945,0.0,7,84.44450004026294,1,1,0,0,0,0,1,ships
7622e53e0.jpg,land_coast,0.6993391248914931,0.2544633421167585,0.0,4,82.59030000772327,4,2,0,0,0,0,2,coast
762874df7.jpg,land_coast,0.0,0.14559427897135416,0.0,1,97.19669993501157,0,0,0,0,0,0,0,coast
762f3662e.jpg,candidates,0.0,0.04399447970920139,0.0,47,92.80430001672357,1,4,0,2,0,1,4,ships
76342d142.jpg,candidates,0.0,0.0007408989800347222,0.0,5,87.24089991301298,0,1,0,1,0,1,1,ships
763b50874.jpg,candidates,0.0,0.06685384114583333,0.041405571831597224,97,91.73970005940646,0,3,0,2,0,2,3,ships
764a83cf1.jpg,land_coast,0.0,0.029590182834201388,0.10784233940972222,42,86.4635999314487,5,5,2,4,2,4,4,coast
765337d5c.jpg,candidates,0.0,0.0014631483289930555,0.0,2,77.66430010087788,0,2,0,2,0,1,1,ships
76543688d.jpg,empty_sea,0.0,0.0,0.0,0,104.62070000357926,0,0,0,0,0,0,0,empty
7659a892c.jpg,candidates,0.0,0.097259521484375,0.0,11,86.32000000216067,2,7,0,4,0,1,4,ships
76654d52a.jpg,candidates,0.0,0.0005391438802083334,0.0,17,90.0282000657171,2,18,0,13,0,6,7,ships
7694b5649.jpg,candidates,0.0,0.0010579427083333333,0.0,4,85.14239999931306,4,3,2,2,1,2,2,ships
7695e28da.jpg,land_coast,0.0,0.370330810546875,0.010981241861979166,7,87.1595999924466,0,4,0,0,0,0,1,coast
76be6e1d2.jpg,candidates,0.0,9.1552734375e-05,0.0,1,72.3720999667421,1,3,0,2,0,0,1,ships
76c7aaa6d.jpg,candidates,0.0,0.0,0.0,1,105.85030005313456,0,0,0,0,0,0,0,empty
76cab12e0.jpg,land_coast,0.0,0.19798109266493055,0.0,4,115.44019996654242,0,0,0,0,0,0,0,coast
76d311f7f.jpg,candidates,0.0,0.00016445583767361112,0.0,7,85.39090002886951,3,3,0,2,0,0,1,ships
76e8e4b86.jpg,candidates,0.0,0.00048658582899305556,0.0,22,99.78040005080402,0,5,0,4,0,2,3,ships
76fa96bc0.jpg,candidates,0.0,0.002109103732638889,0.0,14,105.88160005863756,0,12,0,8,0,7,6,ships
76fba9191.jpg,candidates,0.0,0.037297566731770836,0.0,8,87.15469995513558,0,0,0,0,0,0,0,empty
770c007c9.jpg,candidates,0.0,0.0638766818576389,0.024778578016493056,85,94.44809996057302,0,1,0,1,0,1,1,ships
770c46cd4.jpg,candidates,0.0,0.0058441162109375,0.0,117,82.38529996015131,0,0,0,0,0,0,1,ships
7715a2fe3.jpg,land_coast,0.0,0.00022379557291666666,0.08592054578993055,46,93.45779998693615,0,0,0,0,0,0,0,coast
772882d74.jpg,candidates,0.0,0.0003407796223958333,0.0,39,80.26129996869713,0,2,0,1,0,0,1,ships
7729b00a1.jpg,candidates,0.0,0.00014241536458333334,0.0,1,112.589200027287,0,1,0,1,0,1,1,ships
7730ab3dc.jpg,candidates,0.0860019259982639,0.01662973053886578,0.0,78,82.31940004043281,0,0,0,0,0,0,0,empty
7732bf690.jpg,empty_sea,0.0,0.006037394205729167,0.0,0,79.39500000793487,0,0,0,0,0,0,0,empty
7738c656d.jpg,land_coast,0.0,0.1555904812282986,0.0,0,86.48540009744465,0,0,0,0,0,0,0,coast
774868083.jpg,candidates,0.0,0.0021226671006944445,0.0,7,89.19990004505962,0,1,0,1,0,1,1,ships
774bf34a0.jpg,empty_sea,0.0,0.0,0.0,0,101.47320001851767,0,0,0,0,0,0,0,empty
775a97bc6.jpg,candidates,0.0,0.004228379991319444,0.0,18,93.00150000490248,0,2,0,2,0,2,2,ships
775ae6c8f.jpg,land_coast,0.0,0.009107801649305556,0.3524254692925347,33,94.20759999193251,0,0,0,0,0,0,0,coast
777b1a4a2.jpg,land_coast,0.0,0.12614949544270834,0.0,1,84.97939992230386,0,0,0,0,0,0,0,coast
777e40118.jpg,land_coast,0.0,0.21589491102430555,0.0,1,76.06390002183616,0,2,0,1,0,0,1,coast
778c478b6.jpg,candidates,0.0,0.0,0.0,1,93.80200004670769,0,2,0,1,0,0,1,ships
779969efd.jpg,candidates,0.0,0.002972073025173611,0.0,26,86.68949990533292,0,3,0,2,0,2,2,ships
77b5a1bd7.jpg,land_coast,0.0,0.03732469346788195,0.13566080729166666,74,95.33199993893504,0,1,0,0,0,0,1,coast
77e595ecb.jpg,candidates,0.0,0.00020345052083333334,0.0,10,85.53709997795522,0,4,0,1,0,0,1,ships
77e8c8938.jpg,land_coast,0.0,0.18258836534288195,0.09064229329427083,13,113.85780002456158,13,6,3,3,0,3,3,coast
77ea99db8.jpg,candidates,0.0,0.008029513888888888,0.0,44,93.74720009509474,5,1,2,1,1,1,1,ships
77ef3daf9.jpg,land_coast,0.021626790364583332,0.0020668262172716147,0.08649597894071664,19,92.5895000109449,0,2,0,2,0,2,2,coast
77f04608f.jpg,candidates,0.0,0.0021345350477430555,0.0,4,85.11770004406571,2,2,1,2,0,1,1,ships
78058c3c6.jpg,candidates,0.0,8.307562934027778e-05,0.0,16,77.47419993393123,0,1,0,1,0,1,1,ships
7806b029c.jpg,land_coast,0.0,0.3687371148003472,0.0,5,103.26480004005134,1,1,0,1,0,1,1,coast
7818737fa.jpg,land_coast,0.0,0.12185838487413195,0.0,2,84.00709996931255,0,3,0,1,0,1,1,coast
7823b61d7.jpg,empty_sea,0.0,0.0,0.0,0,76.17629994638264,0,0,0,0,0,0,0,empty
78290c58e.jpg,candidates,0.0,0.0011308458116319445,0.0,1,90.11340001598,0,4,0,0,0,0,1,ships
7832d2270.jpg,candidates,0.0,0.0017310248480902778,0.0,1,89.24559992738068,0,1,0,1,0,1,1,ships
7833c68e9.jpg,candidates,0.0,0.0031483968098958335,0.0,6,79.76270001381636,0,1,0,1,0,1,1,ships
783403b34.jpg,candidates,0.0,0.001385158962673611,0.0,25,93.41349999886006,0,1,0,1,0,1,1,ships
78388954f.jpg,candidates,0.0,0.1157718234592014,0.0,9,85.27819998562336,14,2,1,2,0,2,2,ships
783e42843.jpg,candidates,0.0,0.0025651719835069445,0.0,6,95.93029995448887,1,5,1,1,0,0,2,ships
783fdce10.jpg,candidates,0.0,0.0,0.0,7,80.10549994651228,0,0,0,0,0,0,0,empty
7850218dd.jpg,candidates,0.016291300455729168,0.0035873864095446327,0.07766197422422119,22,85.46499989461154,0,2,0,2,0,2,2,ships
785e95aca.jpg,candidates,0.0,0.0,0.0,4,87.6690000295639,0,0,0,0,0,0,0,empty
786f8e73d.jpg,candidates,0.0,0.0012291802300347222,0.0,3,76.17650006432086,0,1,0,1,0,1,1,ships
7883dffb3.jpg,candidates,0.0,0.0005560980902777778,0.0,1,85.37570002954453,4,1,0,1,0,1,1,ships
788ff6a80.jpg,candidates,0.0,0.0004730224609375,0.0,2,92.6525000249967,0,5,0,3,0,1,2,ships
78933d0d5.jpg,candidates,0.0,9.833441840277778e-05,0.0,3,91.2547999760136,0,2,0,1,0,1,1,ships
78aae2ec0.jpg,land_coast,0.0,0.002616034613715278,0.09890238444010417,11,96.81370004545897,0,4,0,4,0,3,4,coast
78ad51c28.jpg,candidates,0.0,0.004169040256076389,0.0,51,76.67999994009733,0,3,0,1,0,0,1,ships
78b19af7d.jpg,empty_sea,0.0,0.0,0.0,0,99.5545000769198,0,0,0,0,0,0,0,empty
78b443453.jpg,candidates,0.0,0.00029669867621527775,0.0,5,105.09740002453327,1,1,0,1,0,1,1,ships
78b60743c.jpg,empty_sea,0.0,0.0,0.0,0,85.70609998423606,0,0,0,0,0,0,0,empty
78bc9d9d5.jpg,candidates,0.0,0.00017632378472222222,0.0,1,89.75859999191016,0,1,0,1,0,1,1,ships
78be9b1ed.jpg,land_coast,0.0,0.2933519151475694,0.0,2,119.44819998461753,0,0,0,0,0,0,0,coast
78d8769c3.jpg,land_coast,0.0,0.274078369140625,0.0,20,82.07959996070713,0,1,0,1,0,1,1,coast
78ee8c40e.jpg,candidates,0.0,0.00024074978298611112,0.0,3,103.2681999495253,0,2,0,1,0,1,1,ships
78f11bea6.jpg,land_coast,0.0,0.03691270616319445,0.3171878390842014,47,84.0645000571385,3,8,2,6,1,5,6,coast
78fb67ca4.jpg,empty_sea,0.0,0.0,0.0,0,75.485699926503,0,0,0,0,0,0,0,empty
79053c150.jpg,candidates,0.0,0.0017022026909722222,0.0,6,90.67189996130764,0,8,0,6,0,4,4,ships
790babfb2.jpg,land_coast,0.0,0.3021816677517361,0.0,2,97.39480004645884,0,0,0,0,0,0,1,coast
790f10424.jpg,candidates,0.0,0.0004425048828125,0.0,4,91.09170001465827,0,1,0,1,0,1,1,ships
7934e6372.jpg,land_coast,0.1241455078125,0.004186190704682017,0.08987080072744937,42,88.80779996979982,0,4,0,2,0,0,3,coast
794db00a5.jpg,candidates,0.0,0.0013970269097222222,0.0,1,78.94120004493743,1,1,1,0,0,0,1,ships
794e9ad87.jpg,land_coast,0.0,0.009318033854166666,0.08432176378038195,7,79.67169990297407,1,3,0,2,0,2,2,coast
79538a3b2.jpg,candidates,0.0,0.00250244140625,0.011172824435763888,3,85.19710006657988,0,1,0,1,0,0,1,ships
795de0bcb.jpg,empty_sea,0.0,0.0,0.0,0,90.36700008437037,0,0,0,0,0,0,0,empty
795ee4a9a.jpg,candidates,0.0,0.030546400282118056,0.0,64,96.28410008735955,0,0,0,0,0,0,0,empty
798154da8.jpg,candidates,0.006861368815104167,0.054416958710907876,0.07531231756151761,30,90.67730000242591,0,0,0,0,0,0,0,empty
7984cee5f.jpg,candidates,0.0,0.0009545220269097222,0.0,7,92.72900002542883,0,2,0,2,0,2,2,ships
79a15032a.jpg,candidates,0.0,0.0017717149522569445,0.0,20,75.63540001865476,1,6,1,5,0,4,5,ships
79a518103.jpg,candidates,0.0,0.003685845269097222,0.0,1,82.32600009068847,0,2,0,1,0,1,1,ships
79a601931.jpg,candidates,0.04501681857638889,0.11828153237783384,0.0,3,89.39169999212027,0,0,0,0,0,0,0,empty
79a651072.jpg,candidates,0.0,0.00014919704861111112,0.0,8,81.37789997272193,0,2,0,1,0,1,1,ships
79a8570aa.jpg,candidates,0.0,0.0642055935329861,0.0,5,81.52380003593862,0,2,0,1,0,1,1,ships
79aa4bd71.jpg,candidates,0.0,0.00014241536458333334,0.0,2,101.47810005582869,0,0,0,0,0,0,0,empty
79b063a4e.jpg,candidates,0.0,0.003033108181423611,0.0,40,87.1366000501439,0,1,0,1,0,1,1,ships
79b5709af.jpg,candidates,0.0,0.015840318467881944,0.0,93,113.27749991323799,0,0,0,0,0,0,0,empty
79b748025.jpg,land_coast,0.010776095920138888,0.11257762503983532,0.08830607305582112,16,86.81250002700835,5,6,1,6,1,6,7,coast
79ba39871.jpg,candidates,0.0,6.781684027777778e-05,0.0,15,77.64670008327812,0,0,0,0,0,0,0,empty
79d2cdb25.jpg,land_coast,0.0,0.3000725640190972,0.0,11,86.88499999698251,6,2,1,2,0,2,2,coast
79de961ca.jpg,land_coast,0.0,0.315185546875,0.0,37,99.84819998499006,0,2,0,1,0,1,1,coast
79e099d74.jpg,empty_sea,0.0,0.018749660915798612,0.0,0,94.4586000405252,0,0,0,0,0,0,0,empty
79e4d6dd8.jpg,land_coast,0.0,0.2953321668836806,0.0,29,102.13380004279315,0,3,0,3,0,2,2,coast
79e96a7d6.jpg,land_coast,0.0,0.2297295464409722,0.0,1,94.6927999611944,0,0,0,0,0,0,0,coast
79ebcb211.jpg,candidates,0.0,0.002292209201388889,0.0,10,92.52569999080151,0,1,0,1,0,1,1,ships
79fb16330.jpg,candidates,0.0,0.0006476508246527778,0.0,4,72.81819998752326,2,3,1,1,0,0,2,ships
7a05e917f.jpg,candidates,0.0,0.001491970486111111,0.0,2,100.52229999564588,0,1,0,1,0,1,1,ships
7a1678c2f.jpg,candidates,0.0,0.00067138671875,0.019036187065972224,23,81.34859998244792,6,3,3,3,0,3,4,ships
7a16b9d82.jpg,land_coast,0.12490336100260417,0.2570656783493386,0.0,0,91.61439992021769,0,1,0,1,0,1,1,coast
7a175e792.jpg,land_coast,0.0,0.270904541015625,0.0,8,112.76809999253601,0,0,0,0,0,0,0,coast
7a1f50d01.jpg,candidates,0.0,0.00046454535590277775,0.0,8,78.68430006783456,1,1,0,1,0,1,1,ships
7a1f6ffcd.jpg,candidates,0.0,0.1121181911892361,0.0,3,91.07620001304895,0,3,0,0,0,0,1,ships
7a2034c2e.jpg,land_coast,0.05189175075954861,0.19334845049130764,0.0,8,76.94589998573065,1,1,0,1,0,1,1,coast
7a207492f.jpg,land_coast,0.0,0.1244625515407986,0.0,6,79.50510003138334,3,1,2,1,0,1,2,coast
7a2e70ffc.jpg,candidates,0.0,0.0,0.0,3,93.33189995959401,0,0,0,0,0,0,0,empty
7a33e8379.jpg,land_coast,0.0,0.05318874782986111,0.2025417751736111,60,99.86329998355359,1,2,0,2,0,2,2,coast
7a3c80079.jpg,candidates,0.0,2.5431315104166668e-05,0.0,33,90.57960007339716,0,0,0,0,0,0,0,empty
7a4ff4e84.jpg,land_coast,0.0,0.16253831651475695,0.022647433810763888,37,98.53560000192374,2,1,0,1,0,1,1,coast
7a517e761.jpg,candidates,0.0,0.001141018337673611,0.0,33,89.74269998725504,0,0,0,0,0,0,0,empty
7a5383eb6.jpg,land_coast,0.0,0.017176310221354168,0.1074371337890625,47,75.10520005598664,1,3,0,0,0,0,2,coast
7a583f293.jpg,candidates,0.0,0.00014750162760416666,0.0,1,88.13930000178516,0,3,0,1,0,0,1,ships
7a5c0be6f.jpg,candidates,0.0,0.04573398166232639,0.019795735677083332,40,91.65820002090186,6,3,0,0,0,0,1,ships
7a6f6cf77.jpg,candidates,0.0,5.0862630208333336e-05,0.0,3,86.03749994654208,2,0,0,0,0,0,0,empty
7a70c9016.jpg,candidates,0.0,0.0005323621961805555,0.0,2,89.86890001688153,0,2,0,2,0,2,2,ships
7a7598680.jpg,candidates,0.0,0.00035773383246527775,0.0,2,87.40179997403175,0,2,0,2,0,2,3,ships
7a7d500ee.jpg,candidates,0.0,0.002600775824652778,0.0,78,84.02930002193898,0,0,0,0,0,0,0,empty
7a7fce0c1.jpg,candidates,0.0,0.0032806396484375,0.0,4,91.67570003774017,1,2,1,2,1,2,2,ships
7aa60fac1.jpg,candidates,0.0,0.004141913519965278,0.0,50,92.11959992535412,0,0,0,0,0,0,0,empty
7aaf1b589.jpg,candidates,0.0,0.017428927951388888,0.04193284776475695,43,86.43839997239411,18,12,6,5,3,4,11,ships
7abde3658.jpg,land_coast,0.8720228407118056,0.14990253112096885,0.0,1,105.80289992503822,0,1,0,1,0,1,1,coast
7af142518.jpg,land_coast,0.0,0.3108486599392361,0.0,90,88.74519995879382,1,0,0,0,0,0,1,coast
7af5a13c8.jpg,candidates,0.0,0.012829250759548612,0.0,5,86.90450002904981,0,0,0,0,0,0,0,empty
7b321f64f.jpg,candidates,0.0,0.004987928602430556,0.035074869791666664,63,103.82829990703613,1,3,1,1,0,1,2,ships
7b35b9f8c.jpg,candidates,0.0,0.00025092230902777775,0.0,22,75.3531000809744,3,3,0,1,0,0,1,ships
7b4c4c592.jpg,candidates,0.0,0.0010053846571180555,0.0734405517578125,47,77.96860008966178,0,0,0,0,0,0,0,empty
7b52a2f99.jpg,candidates,0.0,0.012073092990451388,0.0,7,76.09059999231249,0,0,0,0,0,0,0,empty
7b693c6b5.jpg,candidates,0.0,0.0005442301432291666,0.0,2,91.47579991258681,0,1,0,1,0,1,1,ships
7b6c0a2a8.jpg,candidates,0.0,0.004904852973090278,0.019695705837673612,30,84.23799998126924,0,1,0,1,0,1,1,ships
7b7fe4b0f.jpg,candidates,0.0,0.09789869520399305,0.0,8,84.55569995567203,0,2,0,2,0,2,1,ships
7b92ce704.jpg,candidates,0.0,0.003399319118923611,0.0,17,91.26929997000843,3,6,1,3,0,2,3,ships
7ba7a8b6e.jpg,candidates,0.0,0.0028093126085069445,0.0,7,77.79969996772707,0,2,0,2,0,2,2,ships
7ba8dfbf4.jpg,candidates,0.0,0.0010579427083333333,0.0,4,91.35390003211796,0,1,0,1,0,1,1,ships
7bbffa912.jpg,candidates,0.0,0.00016954210069444444,0.0,48,114.16170001029968,0,1,0,1,0,1,1,ships
7beea573c.jpg,candidates,0.0,0.009746975368923612,0.0,20,92.58940001018345,11,4,3,3,3,3,3,ships
7beef222a.jpg,empty_sea,0.0,0.0,0.0,0,81.87690004706383,0,0,0,0,0,0,0,empty
7c09c5ebf.jpg,candidates,0.0,0.0018683539496527778,0.0,12,89.64259992353618,1,1,1,1,1,1,1,ships
7c2889b0b.jpg,empty_sea,0.0,0.0,0.0,0,95.71110003162175,0,0,0,0,0,0,0,empty
7c29268a8.jpg,candidates,0.0,0.0,0.0,2,111.13730003125966,0,0,0,0,0,0,0,empty
7c31d0afb.jpg,candidates,0.0,0.11313544379340278,0.0,37,80.50899999216199,0,3,0,2,0,2,2,ships
7c31e9aa5.jpg,candidates,0.0,0.002444797092013889,0.0,25,89.53240001574159,6,1,1,1,1,1,1,ships
7c31fa060.jpg,land_coast,0.0,0.08641221788194445,0.18225606282552084,50,85.65499994438142,5,0,0,0,0,0,1,coast
7c3525717.jpg,candidates,0.0,0.014012654622395834,0.0,12,91.43499995116144,0,0,0,0,0,0,0,empty
7c35d33fc.jpg,candidates,0.0,0.05796644422743055,0.0646701388888889,71,85.60630003921688,0,7,0,2,0,0,1,ships
7c400ce83.jpg,candidates,0.0,0.0,0.0,12,102.07889997400343,0,1,0,1,0,1,1,ships
7c43acc87.jpg,candidates,0.0,0.009892781575520834,0.0,56,86.10140008386225,0,8,0,7,0,5,6,ships
7c4b06990.jpg,candidates,0.0,0.00032721625434027775,0.0,2,96.50890005286783,4,2,1,1,0,0,2,ships
7c6865b24.jpg,land_coast,0.0,0.3046468098958333,0.0,1,104.15639996062964,0,0,0,0,0,0,0,coast
7c70f32da.jpg,candidates,0.0,0.010974460177951388,0.0,64,88.4823000524193,0,18,0,10,0,9,10,ships
7c71cde96.jpg,candidates,0.0,9.494357638888889e-05,0.0,3,84.89870000630617,0,3,0,1,0,0,1,ships
7c9cac62a.jpg,land_coast,0.3229200575086806,0.23313849929411143,0.0,55,83.52880005259067,3,0,0,0,0,0,1,coast
7c9f34d3a.jpg,candidates,0.0,0.003277248806423611,0.0,21,97.77419990859926,9,9,1,6,0,6,7,ships
7ca1f0683.jpg,candidates,0.0,0.003884209526909722,0.018271552191840276,17,97.61249995790422,0,1,0,1,0,1,1,ships
7cac6dc5f.jpg,candidates,0.0082550048828125,0.0008464987062134379,0.020492823648392253,12,97.6541000418365,3,1,0,1,0,1,1,ships
7cbfa4c30.jpg,candidates,0.0,0.0007968478732638889,0.0,2,79.677400062792,0,2,0,2,0,2,2,ships
7cd3c02e1.jpg,candidates,0.0,0.0082244873046875,0.0,4,86.93550003226846,0,2,0,2,0,2,2,ships
7cdd91b20.jpg,land_coast,0.044411553276909724,0.041337796475693606,0.10508443613425963,42,101.47960006725043,0,0,0,0,0,0,0,coast
7ce32a83f.jpg,candidates,0.0,0.003933376736111111,0.011232164171006944,21,120.67880004178733,0,1,0,1,0,1,1,ships
7ce5ee7d5.jpg,candidates,0.0,0.0005238850911458334,0.0,6,93.55290001258254,0,1,0,1,0,1,1,ships
7ce7e138f.jpg,land_coast,0.0,0.021448771158854168,0.18121507432725695,31,81.30670001264662,4,2,1,2,1,1,2,coast
7d2474599.jpg,candidates,0.0,5.0862630208333336e-05,0.0,5,85.21139994263649,3,8,0,2,0,0,5,ships
7d2b21ac7.jpg,candidates,0.006608751085069444,0.0003542743110049239,0.023202400165670305,34,105.80540006048977,0,0,0,0,0,0,0,empty
7d347c547.jpg,candidates,0.0,0.00041029188368055556,0.0,28,106.75849998369813,0,5,0,3,0,0,1,ships
7d4a48fde.jpg,candidates,0.0,0.028840806749131944,0.0,38,96.95370006375015,1,3,0,2,0,2,2,ships
7d53b09c1.jpg,candidates,0.0,0.011949327256944444,0.0,25,119.43079996854067,0,1,0,1,0,1,1,ships
7d85effad.jpg,candidates,0.0,0.0023701985677083335,0.014765421549479166,19,93.53529999498278,0,1,0,1,0,1,1,ships
7d86eff1e.jpg,land_coast,0.0,0.023907131618923612,0.08401997884114583,87,85.81710001453757,0,0,0,0,0,0,1,coast
7d8ae05ce.jpg,candidates,0.19355265299479166,0.0,0.0,13,97.38319995813072,0,0,0,0,0,0,0,empty
7d8e4f383.jpg,candidates,0.0,0.00016954210069444444,0.0,2,87.06920000258833,3,4,1,2,0,1,2,ships
7d8f442ec.jpg,candidates,0.07477823893229167,0.00016207364850137762,0.0,14,77.15049991384149,0,1,0,1,0,1,1,ships
7d998432f.jpg,candidates,0.0,0.00019497341579861112,0.0,1,104.2367999907583,1,3,0,0,0,0,1,ships
7d9eef8c7.jpg,candidates,0.0,0.0059814453125,0.015524970160590278,13,83.69290002156049,5,15,0,6,0,3,6,ships
7d9f463a5.jpg,land_coast,0.0,0.22490098741319445,0.0,30,93.71409995947033,0,1,0,1,0,1,1,coast
7daacaf5b.jpg,empty_sea,0.0,0.0,0.0,0,94.973300001584,2,1,0,1,0,0,1,ships
7db36f616.jpg,candidates,0.0,0.003653632269965278,0.0,6,89.48500000406057,4,2,0,1,0,1,2,ships
7df285494.jpg,candidates,0.0,0.021706475151909724,0.0,5,84.29120003711432,0,1,0,1,0,1,1,ships
7e002c3c2.jpg,candidates,0.0,0.0709109836154514,0.0,9,94.37529998831451,0,2,0,1,0,1,1,ships
7e0c03b19.jpg,candidates,0.0,0.0016072591145833333,0.0,24,101.69989999849349,0,1,0,1,0,1,1,ships
7e1957a39.jpg,land_coast,0.0,0.2276611328125,0.026053534613715276,30,92.98970003146678,0,1,0,1,0,1,1,coast
7e27106cd.jpg,candidates,0.0,0.0,0.013497246636284722,5,96.67280002031475,0,0,0,0,0,0,0,empty
7e2834961.jpg,candidates,0.0,6.103515625e-05,0.0,1,84.29370005615056,0,2,0,1,0,1,1,ships
7e697bb58.jpg,land_coast,0.0,0.2841627332899306,0.0,35,100.9364000055939,0,1,0,1,0,1,2,coast
7e8327c1e.jpg,candidates,0.0,0.0003916422526041667,0.0,1,96.90839995164424,1,1,1,1,1,1,1,ships
7e87e9ee9.jpg,candidates,0.0,0.0023057725694444445,0.010187784830729166,11,75.3021000418812,0,1,0,1,0,1,1,ships
7e9141e11.jpg,land_coast,0.0,0.1417236328125,0.012673272026909722,36,99.05960003379732,5,1,0,1,0,1,1,coast
7eb64f3f9.jpg,land_coast,0.0,0.2959001329210069,0.0,1,97.13959996588528,0,0,0,0,0,0,0,coast
7eb7169c3.jpg,land_coast,0.0,0.0102691650390625,0.1709255642361111,47,113.64979995414615,7,6,3,2,0,0,3,coast
7ec9bbf18.jpg,candidates,0.0,0.07058207194010417,0.0,6,81.75180002581328,0,0,0,0,0,0,0,empty
7ecec357e.jpg,land_coast,0.0,0.361328125,0.0,1,93.30309997312725,0,0,0,0,0,0,1,coast
7ed56296e.jpg,candidates,0.0,0.0003238254123263889,0.0,2,86.80499996989965,0,1,0,1,0,1,1,ships
7edd9df3a.jpg,candidates,0.0,0.0017293294270833333,0.038230048285590276,64,79.3777999933809,0,0,0,0,0,0,0,empty
7ee1e0c3c.jpg,candidates,0.0,0.012186686197916666,0.0,40,105.41409999132156,0,2,0,2,0,2,4,ships
7ee5e1022.jpg,candidates,0.0,0.0,0.0,1,88.77660008147359,1,1,0,1,0,1,1,ships
7eede29c4.jpg,candidates,0.0,0.0003000895182291667,0.0,2,86.38940006494522,0,3,0,2,0,0,1,ships
7ef0738af.jpg,candidates,0.0,0.07010396321614583,0.0,34,87.27299992460757,0,4,0,1,0,0,1,ships
7eff627af.jpg,candidates,0.0,0.03678724500868055,0.0,4,76.97960000950843,0,0,0,0,0,0,0,empty
7f27e468c.jpg,candidates,0.0,0.0027414957682291665,0.0325927734375,22,113.73350000940263,0,4,0,4,0,4,4,ships
7f313d632.jpg,candidates,0.0,0.0,0.0,1,93.64400000777096,1,0,0,0,0,0,1,ships
7f4a7658a.jpg,candidates,0.0,0.05784946017795139,0.0,20,85.99829999729991,1,15,0,5,0,3,6,ships
7f4c800cf.jpg,land_coast,0.0,0.2700076633029514,0.0,4,82.58030004799366,0,1,0,1,0,1,1,coast
7f4debc40.jpg,land_coast,0.0,0.3091142442491319,0.0,26,98.20250002667308,1,3,0,1,0,0,1,coast
7f5ac1af0.jpg,candidates,0.0,0.0005204942491319445,0.0,2,115.28020002879202,1,3,0,2,0,2,2,ships
7f6086be4.jpg,candidates,0.0,0.00010342068142361111,0.0,1,85.03990003373474,1,4,0,1,0,0,1,ships
7f6b0fb77.jpg,land_coast,0.0,0.2579006618923611,0.0,7,102.93629998341203,0,1,0,1,0,1,1,coast
7f77f0995.jpg,candidates,0.0,0.0016564263237847222,0.0,12,78.90379999298602,0,4,0,3,0,2,2,ships
7f8bd76bd.jpg,land_coast,0.0,0.15031263563368055,0.0,9,99.15809996891767,3,0,0,0,0,0,0,coast
7f9d77796.jpg,candidates,0.0,0.00037977430555555556,0.0,25,86.25479997135699,0,4,0,4,0,4,4,ships
7f9e38ab2.jpg,land_coast,0.0,0.3073255750868056,0.0,15,92.71369990892708,2,2,0,2,0,2,2,coast
7fb7a428c.jpg,candidates,0.0,0.0013173421223958333,0.010667588975694444,5,87.000000057742,2,2,0,1,0,0,1,ships
7fc6b7773.jpg,candidates,0.6119266086154513,0.0,0.0,2,84.51890002470464,0,0,0,0,0,0,0,empty
7fcd4ed92.jpg,candidates,0.0,0.002541436089409722,0.0,43,89.97759991325438,1,0,0,0,0,0,0,empty
7fd79ab5f.jpg,candidates,0.0,0.004252115885416667,0.0,17,73.53579998016357,0,6,0,5,0,3,4,ships
7fdad6235.jpg,land_coast,0.0,0.06481764051649305,0.4210984971788194,54,75.8586999727413,4,2,2,2,1,1,2,coast
7fdb698d6.jpg,candidates,0.0,0.0006137424045138889,0.0,3,85.26150009129196,1,2,0,1,0,0,2,ships
7fe85d233.jpg,candidates,0.0,0.00016615125868055556,0.0,25,92.82620006706566,0,3,0,0,0,0,1,ships
7ff71c5c0.jpg,candidates,0.1572146945529514,0.05686334843549397,0.015283245090029391,55,84.17990000452846,0,1,0,1,0,1,1,ships
7ff7b8801.jpg,land_coast,0.0,0.07246568467881945,0.0943756103515625,62,89.67589994426817,5,25,0,6,0,4,14,coast
7fff75831.jpg,candidates,0.0,0.001895480685763889,0.039633856879340276,45,97.7510999655351,0,3,0,2,0,0,1,ships
800bc5d97.jpg,candidates,0.0,0.0007697211371527778,0.0,12,91.64699993561953,0,3,0,2,0,0,1,ships
800c9aceb.jpg,candidates,0.0,0.011762830946180556,0.014500935872395834,19,74.00789996609092,0,5,0,3,0,1,2,ships
8015da36c.jpg,candidates,0.0,0.00022549099392361112,0.0,17,90.79009993001819,0,0,0,0,0,0,0,empty
802179851.jpg,candidates,0.0,0.0014750162760416667,0.0,5,77.64399994630367,0,1,0,1,0,1,1,ships
8040a7a6e.jpg,candidates,0.0,0.008516099717881944,0.0,61,95.28230002615601,0,1,0,1,0,1,1,ships
805009727.jpg,candidates,0.0,4.916720920138889e-05,0.0,3,100.11710005346686,1,3,1,1,0,0,1,ships
8053c0eb5.jpg,candidates,0.0,0.00017462836371527778,0.0,5,90.76950000599027,1,9,0,5,0,2,3,ships
806211344.jpg,candidates,0.0,0.0018768310546875,0.0,12,86.28679998219013,0,1,0,1,0,1,1,ships
8063fae61.jpg,cloud,0.9962819417317709,0.0,0.0,0,53.86449990328401,0,4,0,1,0,0,2,cloud
8064cfe10.jpg,candidates,0.0,0.00469970703125,0.0,27,98.33740000613034,0,4,0,1,0,0,1,ships
806c3002b.jpg,land_coast,0.0,0.2591637505425347,0.0,4,86.95250004529953,0,4,0,4,0,4,4,coast
80882ef86.jpg,candidates,0.0,0.0013512505425347222,0.0,8,85.23059997241944,1,3,0,3,0,3,3,ships
808932215.jpg,candidates,0.0,0.014439900716145834,0.0,41,93.59300008509308,0,0,0,0,0,0,0,empty
8099aaa13.jpg,candidates,0.6325802273220487,0.01258086914353102,0.0,17,72.2625000635162,0,5,0,1,0,0,1,ships
80af04ff1.jpg,candidates,0.2846289740668403,0.0018112748667090746,0.04837560067137241,23,90.86519991979003,14,17,1,7,0,3,6,ships
80b8c4d81.jpg,land_coast,0.0,0.09298875596788195,0.393585205078125,63,83.03340000566095,6,18,0,5,0,3,9,coast
80c6bed54.jpg,candidates,0.0,0.002597384982638889,0.0,14,92.56089990958571,2,12,0,7,0,6,8,ships
80c991d08.jpg,candidates,0.0,0.021314832899305556,0.0,12,85.80719993915409,0,1,0,1,0,1,1,ships
80efb9c7b.jpg,candidates,0.0,0.0017005072699652778,0.0,22,84.6105000237003,0,1,0,1,0,1,1,ships
80f77e99d.jpg,candidates,0.0,0.00023566351996527778,0.0,1,91.07710001990199,3,1,1,1,0,0,1,ships
8113a97f4.jpg,land_coast,0.0,0.24045308430989584,0.0,2,83.94879999104887,0,1,0,1,0,1,1,coast
811962ac2.jpg,candidates,0.0,0.0030042860243055555,0.0,2,77.3033999139443,0,1,0,1,0,1,1,ships
811c470bc.jpg,empty_sea,0.0,0.0,0.0,0,94.85700004734099,0,0,0,0,0,0,0,empty
812e60e7d.jpg,empty_sea,0.0,0.0,0.0,0,79.5812999131158,0,0,0,0,0,0,0,empty
813e7bef2.jpg,empty_sea,0.0,0.0,0.0,0,106.85079998802394,0,0,0,0,0,0,0,empty
814278217.jpg,candidates,0.0,0.04812961154513889,0.0,73,83.16390006802976,0,0,0,0,0,0,0,empty
81443036d.jpg,candidates,0.0,0.002582126193576389,0.0,8,89.04619992244989,0,1,0,1,0,1,1,ships
814c2a312.jpg,candidates,0.0,0.00036451551649305556,0.0,4,105.28729995712638,0,1,0,1,0,1,1,ships
8151a5aeb.jpg,empty_sea,0.0,0.0,0.0,0,84.0819999575615,0,0,0,0,0,0,0,empty
81580c882.jpg,candidates,0.0,0.000701904296875,0.0,1,89.16610002052039,0,4,0,4,0,4,4,ships
815ddd80e.jpg,land_coast,0.0,0.3312869601779514,0.0,1,100.85609997622669,0,1,0,1,0,1,1,coast
8162b59c1.jpg,candidates,0.0,0.002465142144097222,0.0,10,89.09420005511492,0,1,0,1,0,1,1,ships
81636a920.jpg,candidates,0.0,0.007083468967013889,0.0,19,94.88899994175881,0,2,0,2,0,2,2,ships
816c59748.jpg,candidates,0.0,0.00042046440972222225,0.0,3,78.85280007030815,0,1,0,1,0,1,1,ships
8179df753.jpg,candidates,0.0,0.0014885796440972222,0.0,11,86.16910001728684,0,3,0,3,0,3,3,ships
817ad09f4.jpg,candidates,0.0,0.009741889105902778,0.0,2,94.08449998591095,0,1,0,1,0,1,1,ships
8181e0417.jpg,land_coast,0.0,0.2601979573567708,0.0,3,75.02560003194958,0,1,0,1,0,1,1,coast
81828f709.jpg,candidates,0.0,0.0013868543836805555,0.0,6,96.77319996990263,0,2,0,2,0,2,2,ships
818c4c604.jpg,land_coast,0.0,0.2245398627387153,0.0,11,97.21630008425564,2,2,0,0,0,0,1,coast
81906d833.jpg,candidates,0.0,0.015374077690972222,0.0675693088107639,49,78.11379991471767,21,4,3,3,1,2,2,ships
81b1be6fa.jpg,land_coast,0.0,0.3723229302300347,0.0,8,108.17770007997751,2,3,0,2,0,2,3,coast
81b1d206d.jpg,candidates,0.0,0.0004018147786458333,0.0,18,94.91260000504553,0,2,0,2,0,2,2,ships
81b78ecff.jpg,candidates,0.0,0.0024871826171875,0.0402069091796875,8,80.8356999186799,0,1,0,1,0,1,1,ships
81be6d53a.jpg,candidates,0.0,0.09371439615885417,0.0,70,100.7689000107348,0,1,0,1,0,1,1,ships
81c923c5b.jpg,candidates,0.03127712673611111,0.005361345926343896,0.058586327337414985,8,82.90129993110895,0,0,0,0,0,0,0,empty
81cea10bd.jpg,candidates,0.0,0.010201348198784722,0.029819064670138888,35,106.55150003731251,7,2,1,1,0,1,2,ships
81eabfac1.jpg,candidates,0.0,0.014670477973090278,0.035593668619791664,78,104.13510003127158,7,5,0,1,0,0,1,ships
81fe5a11c.jpg,land_coast,0.047461615668402776,0.04407500657352078,0.15764743596670378,13,77.81599997542799,0,4,0,2,0,0,2,coast
820a95fdf.jpg,candidates,0.0,0.0017801920572916667,0.0,4,112.03560000285506,0,1,0,1,0,1,1,ships
820cf0fa8.jpg,candidates,0.0,0.0026109483506944445,0.0,5,79.4202999677509,0,2,0,1,0,1,1,ships
821089b9a.jpg,candidates,0.0,0.001330905490451389,0.0,3,91.0378999542445,0,7,0,5,0,4,3,ships
8214d47e2.jpg,land_coast,0.0,0.2345852322048611,0.0,5,107.49089997261763,0,1,0,1,0,1,1,coast
8218de40f.jpg,candidates,0.0,0.0007866753472222222,0.0,5,80.58020006865263,0,1,0,1,0,1,1,ships
822aac20d.jpg,candidates,0.0,0.00372314453125,0.0,8,93.02300005219877,0,0,0,0,0,0,0,empty
82305ea18.jpg,candidates,0.0,0.006540934244791667,0.0323486328125,2,82.97890005633235,4,2,3,0,2,0,1,ships
8243ca536.jpg,land_coast,0.0,0.3755103217230903,0.0,15,107.15880000498146,0,1,0,1,0,1,1,coast
8271cbfeb.jpg,empty_sea,0.0,0.0,0.0,0,88.06789992377162,0,0,0,0,0,0,0,empty
827238dc5.jpg,candidates,0.0,0.0004018147786458333,0.0,2,88.53920002002269,1,3,1,2,1,1,2,ships
827ab9bde.jpg,candidates,0.0,0.0,0.0,11,93.77779997885227,0,0,0,0,0,0,0,empty
828ae7e9d.jpg,candidates,0.0,0.0004781087239583333,0.0,50,100.47940001823008,0,1,0,1,0,1,1,ships
8291d2f31.jpg,candidates,0.0,0.10421922471788195,0.0,108,85.81950003281236,0,1,0,1,0,1,1,ships
829aa0c2c.jpg,candidates,0.0,0.055899726019965276,0.04286024305555555,22,73.48690007347614,1,0,0,0,0,0,0,empty
82a36ee8d.jpg,candidates,0.0,0.006539238823784722,0.0,9,93.59150007367134,0,2,0,1,0,1,1,ships
82a698659.jpg,land_coast,0.0,0.2126837836371528,0.0,4,83.85549997910857,0,0,0,0,0,0,0,coast
82aaeddaf.jpg,land_coast,0.0,0.2588924831814236,0.0,19,118.25749999843538,0,5,0,1,0,0,1,coast
82af744e9.jpg,candidates,0.0,0.06580607096354167,0.0,8,93.13920000568032,0,0,0,0,0,0,0,empty
82c86dff9.jpg,candidates,0.0,0.00028143988715277775,0.0,38,98.47910003736615,2,3,0,0,0,0,2,ships
82dbdbbcb.jpg,candidates,0.0,0.0,0.0,23,96.73780004959553,0,0,0,0,0,0,0,empty
82e237789.jpg,candidates,0.0,6.273057725694444e-05,0.0,3,91.60109993536025,0,2,0,1,0,1,1,ships
82e8cdaa5.jpg,land_coast,0.0,0.1230807834201389,0.0,51,98.31050003413111,0,2,0,1,0,1,1,coast
82ec47838.jpg,candidates,0.0,0.0031280517578125,0.0,11,90.37550003267825,0,1,0,1,0,1,1,ships
82fa6feb0.jpg,candidates,0.0,0.0083770751953125,0.0,25,90.58059996459633,0,3,0,3,0,1,1,ships
83176534a.jpg,candidates,0.0,0.0006985134548611111,0.0,4,85.77940007671714,2,1,1,1,0,1,1,ships
83208e408.jpg,candidates,0.0,0.0034467909071180555,0.0,6,99.56949995830655,1,7,0,4,0,2,3,ships
832661f4f.jpg,land_coast,0.0,0.05038791232638889,0.2003089057074653,46,90.90810001362115,1,1,0,1,0,1,1,coast
833574595.jpg,candidates,0.0,0.0005866156684027778,0.0,11,102.9283000389114,1,1,1,1,0,1,1,ships
834d275fd.jpg,candidates,0.0,0.00023566351996527778,0.0,1,86.24209999106824,3,1,1,1,0,0,1,ships
8350b3152.jpg,candidates,0.0,0.0002865261501736111,0.0,4,91.99640003498644,0,0,0,0,0,0,0,empty
8355c30ab.jpg,candidates,0.0,0.00021023220486111112,0.0,10,84.18130001518875,1,2,0,2,0,0,1,ships
836216268.jpg,candidates,0.0,0.0020124647352430555,0.0,7,92.45259989984334,0,1,0,1,0,1,1,ships
838648b78.jpg,candidates,0.0,0.0004764133029513889,0.013219197591145834,2,100.30389996245503,0,1,0,1,0,1,1,ships
839098191.jpg,candidates,0.0,0.059153238932291664,0.0,69,87.32540009077638,0,0,0,0,0,0,0,empty
8395e055c.jpg,candidates,0.0,0.0029296875,0.015482584635416666,8,88.43709994107485,0,1,0,1,0,1,1,ships
83a79dd43.jpg,candidates,0.0,0.0,0.0,2,98.39139995165169,0,0,0,0,0,0,0,empty
83a978177.jpg,candidates,0.0,0.0010969373914930555,0.05226474338107639,24,87.65920007135719,0,1,0,1,0,1,1,ships
83af3c0ea.jpg,land_coast,0.3834398057725694,0.04022997402420486,0.11696538315071843,39,74.90680005867034,5,0,1,0,0,0,0,coast
83b872ea5.jpg,land_coast,0.0,0.3098822699652778,0.0,1,98.95010001491755,2,1,1,1,0,1,1,coast
83bfc42da.jpg,candidates,0.0,0.0,0.0,2,93.75340002588928,0,0,0,0,0,0,0,empty
83d7d5d87.jpg,land_coast,0.003879123263888889,0.33689964524491745,0.0,0,96.89800010528415,0,0,0,0,0,0,1,coast
83dfd98f4.jpg,candidates,0.0,0.0005476209852430555,0.0,2,95.58999992441386,0,1,0,1,0,1,1,ships
83e576834.jpg,land_coast,0.0,0.030170016818576388,0.14928690592447916,72,89.93349992670119,0,3,0,2,0,2,2,coast
83e8e54e8.jpg,candidates,0.0,0.0018870035807291667,0.0,4,90.03089996986091,0,1,0,1,0,1,1,ships
83eda20e3.jpg,land_coast,0.021501329210069444,0.002913093016265789,0.14252836202738692,62,68.51629994343966,0,0,0,0,0,0,0,coast
83f6011e3.jpg,candidates,0.0,0.005896674262152778,0.0,17,93.57120003551245,0,1,0,1,0,1,1,ships
8417fc19a.jpg,land_coast,0.0,0.016338772243923612,0.0939144558376736,47,100.86719994433224,4,5,0,3,0,1,3,coast
842167ae3.jpg,land_coast,0.0,0.2879367404513889,0.0,0,95.12830001767725,0,0,0,0,0,0,0,coast
8438859e4.jpg,candidates,0.0,0.002002292209201389,0.0,12,109.94190000928938,0,1,0,1,0,1,1,ships
84398cc98.jpg,candidates,0.0,0.0,0.0,1,95.04049993120134,0,0,0,0,0,0,0,empty
844a5f36d.jpg,land_coast,0.0,0.2178887261284722,0.012608846028645834,45,107.94709995388985,0,8,0,6,0,5,5,coast
844e0cf41.jpg,candidates,0.0,0.001407199435763889,0.0,4,89.54290009569377,0,1,0,1,0,1,1,ships
845c083f2.jpg,land_coast,0.0,0.3191257052951389,0.0,30,88.7004000833258,0,1,0,1,0,1,1,coast
845eb47e1.jpg,candidates,0.0,0.00014580620659722222,0.0,1,101.02639999240637,0,1,0,1,0,1,1,ships
84714c017.jpg,land_coast,0.011050754123263888,0.2648612786489747,0.07936239875926245,12,110.58940005023032,3,0,2,0,0,0,1,coast
847d6a872.jpg,land_coast,0.0,0.027035183376736112,0.09283616807725695,78,91.18480002507567,17,2,7,2,6,2,2,coast
84851619b.jpg,candidates,0.0,0.10972086588541667,0.0,22,81.34549995884299,1,1,0,0,0,0,1,ships
849ab5fc3.jpg,candidates,0.0,0.0947265625,0.04171922471788195,62,82.84309995360672,3,5,1,1,0,1,10,ships
84a066bee.jpg,candidates,0.0,0.00019158257378472222,0.0,53,95.3314999351278,0,1,0,1,0,1,1,ships
84a495da1.jpg,candidates,0.0,0.001849704318576389,0.0,15,108.24069997761399,1,1,0,1,0,1,1,ships
84a80b2a0.jpg,candidates,0.0,0.005823771158854167,0.017162746853298612,9,99.42809992935508,0,1,0,1,0,1,1,ships
84ad59a73.jpg,candidates,0.0,0.04206678602430555,0.0,65,93.90770003665239,0,1,0,1,0,1,1,ships
84aff4c89.jpg,land_coast,0.0,0.13524034288194445,0.0,53,87.55409996956587,0,11,0,2,0,0,9,coast
84ed77e7c.jpg,candidates,0.14950731065538195,7.895201587351055e-05,0.07142871983461631,41,83.91830010805279,1,1,0,1,0,1,1,ships
851302031.jpg,candidates,0.0,0.007714165581597222,0.0,18,86.5009999834001,0,2,0,2,0,1,1,ships
851827135.jpg,candidates,0.0,0.0005917019314236111,0.0,42,80.64130006823689,0,0,0,0,0,0,0,empty
851ccf864.jpg,candidates,0.0,0.00011189778645833333,0.0,1,75.90779999736696,0,4,0,2,0,0,1,ships
853563069.jpg,land_coast,0.0,0.13696797688802084,0.0,24,100.3131999168545,0,0,0,0,0,0,0,coast
853a7aef1.jpg,candidates,0.0,0.10871039496527778,0.0,24,100.77790007926524,2,20,1,13,1,11,10,ships
85426ca04.jpg,candidates,0.0,0.0010121663411458333,0.026404486762152776,24,90.07069992367178,0,1,0,1,0,1,1,ships
8543e5205.jpg,land_coast,0.8405592176649306,0.18412557211931646,0.0,3,76.10740000382066,0,2,0,0,0,0,1,coast
854b5c6e8.jpg,candidates,0.0,0.0004425048828125,0.0,2,88.44669989775866,0,2,0,1,0,1,1,ships
8553b1c10.jpg,land_coast,0.0,0.2967342800564236,0.0,6,92.01229992322624,0,1,0,1,0,1,1,coast
8556d6ff8.jpg,candidates,0.0,7.120768229166667e-05,0.0,8,86.646500043571,0,1,0,1,0,1,1,ships
8595b77d4.jpg,candidates,0.0,0.0003323025173611111,0.0,2,83.59079994261265,0,2,0,2,0,2,2,ships
859bb4bc8.jpg,candidates,0.0,0.023457845052083332,0.0,13,104.27950008306652,0,2,0,2,0,2,2,ships
859e41fe0.jpg,candidates,0.04368421766493055,0.0018662714984956667,0.05490861736045624,40,90.07949999067932,0,4,0,3,0,3,3,ships
85a4ba676.jpg,candidates,0.0,0.0006544325086805555,0.0,9,89.6932000759989,0,1,0,1,0,1,1,ships
85ad5b8e8.jpg,candidates,0.0,0.025212605794270832,0.0298614501953125,63,98.98939996492118,0,1,0,1,0,1,1,ships
85b05eeea.jpg,candidates,0.0,0.00010850694444444444,0.0,2,75.14570001512766,0,3,0,3,0,0,1,ships
85f92ee9d.jpg,land_coast,0.7154405381944444,0.2523501235454081,0.0,15,86.81140001863241,1,6,1,3,1,1,3,coast
860be5ac8.jpg,candidates,0.0,0.00044080946180555556,0.0,3,96.54569998383522,0,3,0,1,0,1,2,ships
861026c31.jpg,land_coast,0.0,0.016704983181423612,0.12568495008680555,55,93.04690000135452,11,5,3,3,2,3,3,coast
862b31c63.jpg,candidates,0.0,0.012398613823784722,0.06791517469618055,17,98.14959997311234,0,1,0,1,0,1,1,ships
863a96e44.jpg,candidates,0.0,0.018925984700520832,0.0,4,95.3892000252381,0,1,0,1,0,1,1,ships
8660742a0.jpg,land_coast,0.0,0.2597944471571181,0.0,1,96.51200007647276,0,0,0,0,0,0,0,coast
86760f68d.jpg,land_coast,0.0,0.3092278374565972,0.0,16,91.49199991952628,0,4,0,2,0,0,1,coast
8680839be.jpg,candidates,0.0,0.00031365288628472225,0.0,1,77.46119995135814,4,2,3,2,0,0,3,ships
8688f97fb.jpg,candidates,0.0,0.031624688042534724,0.07536146375868055,41,95.43870005290955,5,3,0,2,0,2,2,ships
869396711.jpg,candidates,0.0,0.0018090142144097222,0.0,5,95.53060005418956,0,3,0,1,0,1,2,ships
86964c018.jpg,candidates,0.0,0.0016225179036458333,0.0,9,75.36889996845275,0,1,0,1,0,1,1,ships
86b02d20e.jpg,candidates,0.0,0.0003323025173611111,0.0,3,76.10049995128065,0,2,0,1,0,1,1,ships
86caf7744.jpg,land_coast,0.0,0.2661285400390625,0.0,0,101.17519996128976,0,4,0,1,0,0,1,coast
86e1c17ae.jpg,candidates,0.0,0.017674763997395832,0.020704481336805556,45,81.8349999608472,3,3,0,2,0,1,1,ships
86ebc244d.jpg,candidates,0.017630683051215276,0.03631778844238773,0.05656188138960137,68,102.07059991080314,3,2,0,1,0,0,1,ships
86f473acf.jpg,candidates,0.4684499104817708,0.0,0.0,15,80.93779999762774,0,1,0,1,0,1,1,ships
86f73238a.jpg,candidates,0.0,0.037972344292534724,0.0,7,90.5118000227958,0,1,0,1,0,1,1,ships
86f7b8272.jpg,candidates,0.0,0.0008494059244791666,0.0,22,95.15300008933991,0,1,0,1,0,1,1,ships
870680501.jpg,land_coast,0.0,0.291656494140625,0.0,4,92.05550001934171,0,1,0,1,0,1,1,coast
870e938c3.jpg,candidates,0.0,0.0009850396050347222,0.0,4,88.90909992624074,0,1,0,1,0,1,1,ships
87139470c.jpg,land_coast,0.021626790364583332,0.0006703220164124156,0.08427553726135052,16,90.26720002293587,0,1,0,1,0,1,1,coast
8715b56a0.jpg,candidates,0.0,0.002834743923611111,0.020216200086805556,14,85.18320007715374,1,1,0,1,0,1,1,ships
871d71a5b.jpg,candidates,0.0,0.00024244520399305556,0.0,4,94.34219996910542,4,1,2,1,1,1,1,ships
87404fe27.jpg,candidates,0.0,0.00017971462673611112,0.0,7,87.52719999756664,1,4,0,0,0,0,1,ships
8740db2fd.jpg,candidates,0.0,0.0018683539496527778,0.0,17,79.4340999564156,0,4,0,4,0,4,4,ships
87465375b.jpg,land_coast,0.0,0.3157958984375,0.0,6,111.40819999855012,1,0,0,0,0,0,0,coast
874bb3d0b.jpg,land_coast,0.0,0.3002777099609375,0.0,17,96.6661999700591,0,1,0,1,0,1,1,coast
8750bd082.jpg,candidates,0.0,0.00043572319878472225,0.0,4,105.8680999558419,0,1,0,1,0,1,1,ships
8751e708d.jpg,candidates,0.0,0.00041876898871527775,0.0,2,89.75799998734146,1,1,0,1,0,1,1,ships
8759ab630.jpg,candidates,0.0,0.00013563368055555556,0.0,2,76.68009994085878,0,4,0,2,0,0,2,ships
87667797b.jpg,candidates,0.0,0.007926093207465278,0.0,62,81.03540004231036,4,1,2,1,0,1,1,ships
87823f0e8.jpg,candidates,0.0,0.007422553168402778,0.0,17,85.05400002468377,1,2,0,2,0,1,2,ships
87859b6d3.jpg,land_coast,0.0,0.21038987901475695,0.0,0,96.34920000098646,0,0,0,0,0,0,0,coast
8794d5ff9.jpg,candidates,0.0,0.0010291205512152778,0.0,6,79.57209995947778,2,8,1,2,0,0,2,ships
87a1e29ab.jpg,candidates,0.0,0.006635877821180556,0.011038886176215278,18,92.79879997484386,0,1,0,1,0,1,1,ships
87a605148.jpg,land_coast,0.0,0.2083655463324653,0.0,11,99.29819998797029,0,0,0,0,0,0,0,coast
87acc3ebe.jpg,candidates,0.0,0.002770317925347222,0.0,2,90.10460006538779,0,4,0,2,0,0,1,ships
87bd8465b.jpg,candidates,0.0,0.05170016818576389,0.0,169,94.60249997209758,0,0,0,0,0,0,0,empty
87bd9c92b.jpg,land_coast,0.0,0.18764750162760416,0.0,1,106.29149992018938,0,1,0,1,0,1,1,coast
87edd570b.jpg,candidates,0.0,0.0013970269097222222,0.0,1,85.79200005624443,1,1,1,0,0,0,1,ships
8802f9396.jpg,land_coast,0.0,0.1599646674262153,0.0,28,88.7994000222534,0,0,0,0,0,0,0,coast
88101d3f1.jpg,candidates,0.0,0.0007171630859375,0.0,69,87.50470005907118,0,0,0,0,0,0,0,empty
881f75cc1.jpg,candidates,0.0,0.0003204345703125,0.0,1,104.73260004073381,0,1,0,1,0,1,1,ships
88212dbc7.jpg,candidates,0.0,0.0033467610677083335,0.0,6,100.27319996152073,0,1,0,1,0,1,1,ships
883b243fb.jpg,candidates,0.036799112955729164,0.09362672682442078,0.06686150383719008,10,100.51380004733801,0,0,0,0,0,0,1,ships
88449d222.jpg,candidates,0.0,0.0005357530381944445,0.0,4,80.21419995930046,3,3,1,3,0,1,2,ships
88496852b.jpg,candidates,0.0,0.08120218912760417,0.0,118,85.22510004695505,0,0,0,0,0,0,0,empty
8849b205b.jpg,candidates,0.0,6.103515625e-05,0.0,2,99.38310005236417,3,3,0,1,0,0,1,ships
88564623a.jpg,candidates,0.0,0.04262966579861111,0.0,1,101.25020006671548,0,1,0,1,0,1,1,ships
886cbd726.jpg,land_coast,0.0,0.2104458279079861,0.0,21,87.60500000789762,0,0,0,0,0,0,1,coast
887a44405.jpg,candidates,0.0,0.005035400390625,0.0,3,97.76789997704327,1,4,0,2,0,1,2,ships
8889c3cb8.jpg,candidates,0.0,0.0009409586588541666,0.0,3,87.26519998162985,2,1,0,1,0,1,1,ships
889d3301e.jpg,candidates,0.0,0.018468221028645832,0.0,42,97.30379993561655,0,4,0,4,0,4,4,ships
88a46e015.jpg,land_coast,0.0,0.2309299045138889,0.0,2,75.24639996699989,0,1,0,1,0,1,1,coast
88ab00019.jpg,candidates,0.0,0.001636081271701389,0.0,5,94.64659995865077,0,4,0,1,0,1,2,ships
88b55ae2a.jpg,candidates,0.0,0.00012885199652777778,0.0,2,72.90510006714612,0,3,0,2,0,0,1,ships
88d1a3bfa.jpg,land_coast,0.0,0.3123982747395833,0.0,36,97.0499999821186,0,1,0,1,0,1,1,coast
88e14cd94.jpg,candidates,0.0,0.002032809787326389,0.0,2,108.21780003607273,0,1,0,1,0,1,1,ships
88e34a21f.jpg,candidates,0.0,0.09653727213541667,0.0,47,102.88070002570748,2,0,1,0,1,0,1,ships
88e3e33fd.jpg,candidates,0.0,0.012920803493923612,0.040827433268229164,40,98.95230003166944,2,3,0,3,0,3,3,ships
88ee8ca07.jpg,candidates,0.0,0.04697842068142361,0.0,7,88.40500004589558,0,4,0,2,0,2,2,ships
88f91b5d5.jpg,candidates,0.0,0.0687747531467014,0.0,28,84.38760007265955,1,2,1,1,1,0,1,ships
890ea1a11.jpg,candidates,0.0,0.007146199544270833,0.0,8,84.50280001852661,0,3,0,0,0,0,1,ships
891f7fbb8.jpg,candidates,0.0,3.729926215277778e-05,0.0,1,98.24830002617091,2,1,0,1,0,1,2,ships
892874b5f.jpg,candidates,0.0,0.0,0.0,1,91.72949998173863,0,0,0,0,0,0,0,empty
892a69b4b.jpg,candidates,0.0,0.002410888671875,0.0,13,92.02700003515929,0,1,0,1,0,1,1,ships
894a69786.jpg,candidates,0.0,0.0003848605685763889,0.0,14,93.55799993500113,0,2,0,1,0,1,1,ships
894c7db4e.jpg,land_coast,0.0,0.2125006781684028,0.0,71,114.82359992805868,0,3,0,1,0,0,1,coast
8950afd7c.jpg,candidates,0.0,0.0005425347222222222,0.0,1,108.60390006564558,1,1,0,1,0,1,1,ships
89596469e.jpg,candidates,0.0,0.00030348036024305556,0.0,16,89.42869992461056,0,2,0,1,0,1,1,ships
895ee3fac.jpg,candidates,0.0,0.0011223687065972222,0.0,3,88.46960007213056,1,2,0,2,0,0,1,ships
897dbe93c.jpg,candidates,0.0,0.007731119791666667,0.0,13,87.27129991166294,0,5,0,4,0,1,2,ships
897e268f7.jpg,candidates,0.0,0.00018819173177083334,0.0,9,85.63370001502335,15,1,1,1,0,1,1,ships
898bfc15e.jpg,land_coast,0.0,0.2583516438802083,0.0,1,90.58590000495315,0,0,0,0,0,0,0,coast
89908d887.jpg,candidates,0.0,0.041875203450520836,0.0,28,80.29539999552071,1,1,1,1,1,1,1,ships
89a2789b4.jpg,candidates,0.0,0.06601799858940972,0.011671278211805556,47,93.79519999492913,1,0,0,0,0,0,0,empty
89c857e22.jpg,candidates,0.0,0.002938164605034722,0.0,15,82.227100036107,0,4,0,4,0,2,3,ships
89cbb2430.jpg,candidates,0.0,0.003516303168402778,0.0,2,84.88179999403656,0,3,0,1,0,1,1,ships
89cd711b2.jpg,land_coast,0.0,0.3030005560980903,0.0,20,84.02680000290275,0,1,0,1,0,1,1,coast
89d46f4c4.jpg,candidates,0.0,0.022586398654513888,0.011796739366319444,96,94.53469992149621,5,1,3,1,2,1,1,ships
89fbf46f8.jpg,candidates,0.0,0.0008511013454861111,0.0,12,97.51650004182011,0,3,0,2,0,1,1,ships
89fcf9121.jpg,candidates,0.0,0.005245632595486111,0.0,59,102.56659996230155,3,1,1,1,1,1,2,ships
8a026fe20.jpg,land_coast,0.0,0.2592095269097222,0.017062717013888888,17,93.58099999371916,0,1,0,1,0,1,1,coast
8a0e5c046.jpg,candidates,0.0,0.0,0.0,6,83.14140001311898,2,1,0,1,0,1,1,ships
8a1ee6d79.jpg,candidates,0.0,0.0,0.0,1,103.59089996200055,0,0,0,0,0,0,0,empty
8a2499cea.jpg,candidates,0.0,0.0007595486111111111,0.0,12,91.5584999602288,1,23,0,10,0,6,11,ships
8a2c43d6b.jpg,candidates,0.0,0.002227783203125,0.0,11,87.37500000279397,0,1,0,1,0,1,1,ships
8a353f292.jpg,candidates,0.0,0.014560275607638888,0.0,127,84.6093000145629,7,2,1,0,0,0,1,ships
8a37200de.jpg,land_coast,0.0,0.2511528862847222,0.0,25,91.83979989029467,0,1,0,1,0,1,1,coast
8a37bcd57.jpg,candidates,0.0,0.007551405164930556,0.0284881591796875,30,85.92230000067502,0,1,0,1,0,1,1,ships
8a3a192a4.jpg,candidates,0.0,0.004909939236111111,0.021413167317708332,37,91.58420003950596,0,3,0,3,0,3,3,ships
8a59239c9.jpg,candidates,0.0,0.00044080946180555556,0.0,2,82.2563999099657,0,3,0,1,0,1,2,ships
8a5bf45d5.jpg,candidates,0.0,0.0008680555555555555,0.0,15,84.19660001527518,0,2,0,1,0,1,1,ships
8a75ec0f8.jpg,empty_sea,0.0,0.0,0.0,0,89.9786000372842,0,0,0,0,0,0,0,empty
8a78ffce2.jpg,candidates,0.0,0.002368503146701389,0.0,20,91.95090003777295,1,5,0,2,0,2,2,ships
8a79b86aa.jpg,candidates,0.0,0.0172119140625,0.0,53,95.2030000044033,3,3,0,0,0,0,1,ships
8a7ac6d69.jpg,candidates,0.0,0.011742485894097222,0.0,3,88.19210005458444,0,0,0,0,0,0,0,empty
8a8950d97.jpg,candidates,0.0,0.0002933078342013889,0.0,1,94.91260000504553,0,5,0,1,0,1,2,ships
8aa4eedaf.jpg,candidates,0.0,0.003055148654513889,0.011237250434027778,4,74.92549996823072,0,1,0,1,0,1,1,ships
8aa5db618.jpg,candidates,0.0,7.459852430555556e-05,0.0,32,79.52010002918541,4,0,0,0,0,0,0,empty
8aa850743.jpg,candidates,0.0,0.00015936957465277778,0.0,4,93.41610001865774,5,1,1,0,0,0,1,ships
8ab0d9126.jpg,land_coast,0.0,0.3001285129123264,0.0,7,88.30399997532368,0,1,0,1,0,1,1,coast
8ab996730.jpg,candidates,0.0,0.00010342068142361111,0.0,9,84.8200999898836,0,1,0,1,0,1,1,ships
8aba2fd7a.jpg,candidates,0.0,0.0008494059244791666,0.03682284884982639,42,85.15050006099045,0,2,0,2,0,1,2,ships
8ac027bce.jpg,candidates,0.0,0.007332695855034722,0.019056532118055556,31,95.50920000765473,4,2,0,1,0,1,2,ships
8acb482bd.jpg,candidates,0.0,0.005071004231770833,0.016476101345486112,22,83.67009996436536,0,1,0,1,0,1,1,ships
8ad018505.jpg,land_coast,0.0,0.029264662000868056,0.0845675998263889,58,81.96360000874847,1,3,0,2,0,1,3,coast
8ae540da8.jpg,candidates,0.0,0.002551608615451389,0.0,44,93.39709999039769,0,2,0,2,0,2,2,ships
8afe804ba.jpg,candidates,0.0,0.0018310546875,0.0,13,80.22600004915148,0,1,0,1,0,1,1,ships
8b15c073d.jpg,candidates,0.0,0.09615071614583333,0.0,82,123.8474000710994,7,8,2,7,2,5,7,ships
8b2291ad4.jpg,candidates,0.0,0.0007815890842013889,0.0,2,96.46170004270971,0,6,0,2,0,1,2,ships
8b2775080.jpg,candidates,0.0,0.0005238850911458334,0.0,6,104.84449996147305,0,1,0,1,0,1,1,ships
8b4b22344.jpg,land_coast,0.0,0.1986728244357639,0.03860812717013889,4,100.46629991848022,0,0,0,0,0,0,0,coast
8b56662dc.jpg,land_coast,0.0,0.2960934109157986,0.0,5,107.50679997727275,0,1,0,1,0,1,1,coast
8b5dfef95.jpg,candidates,0.0,0.0005679660373263889,0.0,2,87.21200004220009,2,1,0,1,0,1,1,ships
8b5f9d5d8.jpg,candidates,0.0,0.0009290907118055555,0.0,4,98.29069999977946,0,2,0,2,0,2,2,ships
8b61fbd84.jpg,candidates,0.0,0.00025092230902777775,0.0,4,82.7722999965772,0,1,0,1,0,1,1,ships
8b68319d0.jpg,land_coast,0.0,0.2270321316189236,0.0,11,80.68179991096258,0,3,0,3,0,3,4,coast
8b6b01699.jpg,candidates,0.0,0.001407199435763889,0.0,4,90.15479998197407,0,1,0,1,0,1,1,ships
8b858d1ca.jpg,candidates,0.0,0.0006764729817708334,0.017478095160590276,12,90.68390005268157,0,1,0,1,0,1,1,ships
8b8ff7fc4.jpg,land_coast,0.0,0.1512875027126736,0.04086134168836805,49,100.73959990404546,0,3,0,2,0,2,3,coast
8ba136c38.jpg,candidates,0.0,0.0041351318359375,0.0,15,97.73380006663501,0,2,0,2,0,2,2,ships
8bb20d465.jpg,candidates,0.0,0.0030805799696180555,0.021413167317708332,22,82.61410007253289,1,1,0,1,0,1,1,ships
8bb46b7e3.jpg,candidates,0.0,8.307562934027778e-05,0.0,1,87.15410006698221,0,4,0,1,0,0,1,ships
8bcdca0cb.jpg,candidates,0.0,0.0003933376736111111,0.0,33,105.03640002571046,2,2,0,1,0,0,1,ships
8bd94f511.jpg,candidates,0.0,0.041541205512152776,0.0,4,80.73339995462447,0,2,0,2,0,2,2,ships
8bdec9a05.jpg,candidates,0.0,0.0025312635633680555,0.010918511284722222,23,108.5417999420315,9,1,0,1,0,1,1,ships
8be96a446.jpg,land_coast,0.0,0.2872161865234375,0.0,1,107.6121999649331,0,0,0,0,0,0,0,coast
8bf651696.jpg,candidates,0.0,0.0009646945529513889,0.0,6,76.05409994721413,0,4,0,3,0,2,2,ships
8bfad0524.jpg,candidates,0.0,0.0002712673611111111,0.0,5,94.91580002941191,0,4,0,1,0,1,3,ships
8c02047a1.jpg,land_coast,0.0,0.14978196885850695,0.0,26,84.53079999890178,10,15,4,10,1,10,9,coast
8c17b27cc.jpg,candidates,0.0,0.047448052300347224,0.0,23,87.39539992529899,1,4,0,3,0,1,2,ships
8c1b419a1.jpg,land_coast,0.0,0.005584716796875,0.0834231906467014,28,85.67399997264147,5,2,0,1,0,0,1,coast
8c23c585a.jpg,land_coast,0.0,0.3090735541449653,0.0,1,86.38700004667044,0,1,0,1,0,1,1,coast
8c2ca2723.jpg,land_coast,0.0,0.3559824625651042,0.0,0,108.88139996677637,0,0,0,0,0,0,0,coast
8c3254b6d.jpg,land_coast,0.0,0.267242431640625,0.0,0,76.93630002904683,0,0,0,0,0,0,0,coast
8c3e4558d.jpg,candidates,0.0,0.0005171034071180555,0.0,6,88.33339996635914,1,4,1,2,0,1,2,ships
8c41b395b.jpg,land_coast,0.0,0.0009053548177083334,0.0821872287326389,46,90.71299992501736,0,4,0,1,0,0,1,coast
8c42fcfa1.jpg,land_coast,0.0,0.1461605495876736,0.0,22,79.37249995302409,0,1,0,1,0,1,1,coast
8c4be6a61.jpg,candidates,0.0,0.0036977132161458335,0.0,3,96.19720000773668,0,1,0,1,0,1,1,ships
8c6280110.jpg,land_coast,0.0,0.274749755859375,0.0,3,101.3338000047952,0,0,0,0,0,0,0,coast
8c629b8b5.jpg,candidates,0.0,0.001156277126736111,0.0,30,90.52150009665638,1,2,0,2,0,2,2,ships
8c6ba3e17.jpg,candidates,0.0,0.002788967556423611,0.0,14,86.71920001506805,0,1,0,1,0,1,1,ships
8c7fd9fbf.jpg,land_coast,0.0,0.2859853108723958,0.0,4,98.28789997845888,0,1,0,1,0,1,1,coast
8c8620d2e.jpg,candidates,0.0,0.006944444444444444,0.0,4,103.90270000789315,1,3,0,0,0,0,1,ships
8c9cf7e37.jpg,candidates,0.0,0.0005323621961805555,0.0,2,79.55110003240407,0,3,0,2,0,2,3,ships
8ca2e363e.jpg,land_coast,0.0,0.03515455457899305,0.22108289930555555,34,89.83229997102171,3,4,0,2,0,0,2,coast
8ca9d4a37.jpg,candidates,0.0,0.0005713568793402778,0.0,2,77.45779992546886,0,3,0,2,0,2,2,ships
8cafa26ce.jpg,candidates,0.0,0.0005476209852430555,0.0,2,85.72129998356104,0,1,0,1,0,1,1,ships
8cbb2970b.jpg,candidates,0.0,0.00653076171875,0.010377671983506944,41,97.58899989537895,3,1,0,1,0,1,1,ships
8cbca02cb.jpg,candidates,0.0,0.0007052951388888889,0.0,2,83.16340006422251,0,1,0,1,0,1,1,ships
8cc3ff528.jpg,candidates,0.0,0.031792534722222224,0.0,14,77.24770007189363,0,3,0,1,0,0,1,ships
8cd7051c4.jpg,land_coast,0.03451707628038195,0.0,0.14131233297725473,20,85.02420003060251,0,0,0,0,0,0,0,coast
8cfb570f6.jpg,candidates,0.0,0.0010918511284722222,0.0,4,98.13049994409084,1,1,0,1,0,1,3,ships
8d0028339.jpg,candidates,0.0,0.0018446180555555555,0.0,13,82.139499951154,0,1,0,1,0,1,1,ships
8d183ca66.jpg,land_coast,0.0,0.15145704481336805,0.043572319878472224,47,79.55509994644672,1,1,1,1,1,0,1,coast
8d1f31dc8.jpg,land_coast,0.0,0.2591417100694444,0.013495551215277778,12,88.67890003602952,0,3,0,2,0,2,3,coast
8d2144e59.jpg,land_coast,0.0,0.028990003797743056,0.21574232313368055,41,82.56160002201796,0,3,0,1,0,0,1,coast
8d2b1bd43.jpg,land_coast,0.0,0.2148369683159722,0.0,0,85.93020006082952,0,0,0,0,0,0,0,coast
8d47b94f3.jpg,candidates,0.0,0.0,0.0,1,75.86559990886599,0,0,0,0,0,0,0,empty
8d52d1710.jpg,candidates,0.0,0.0005035400390625,0.018205430772569444,54,91.54819999821484,0,3,0,1,0,0,1,ships
8d5ac77fa.jpg,land_coast,0.0,0.20332166883680555,0.0,14,80.17969992943108,0,0,0,0,0,0,0,coast
8d5b7a1b9.jpg,candidates,0.0,0.00044928656684027775,0.0,3,91.20409993920475,2,1,0,1,0,1,1,ships
8d6079194.jpg,candidates,0.0,0.010009765625,0.0,151,90.76749999076128,0,3,0,1,0,0,1,ships
8d61218a3.jpg,candidates,0.0,0.005279541015625,0.0,4,98.09169999789447,0,4,0,2,0,2,2,ships
8d692a8d7.jpg,land_coast,0.0,0.13934156629774305,0.0,3,79.8640000866726,0,1,0,1,0,1,1,coast
8d696dcb2.jpg,candidates,0.0,0.0024397108289930555,0.0,20,85.89939994271845,0,2,0,2,0,2,2,ships
8d9b2cebb.jpg,land_coast,0.0,0.20150587293836805,0.0,0,93.48000003956258,0,0,0,0,0,0,0,coast
8d9e3758d.jpg,land_coast,0.0,0.227569580078125,0.0,6,100.58939992450178,0,0,0,0,0,0,0,coast
8d9fd3581.jpg,land_coast,0.007554796006944444,0.030274856379265094,0.12031892465850944,41,73.84179998189211,5,6,0,0,0,0,3,coast
8da8dd738.jpg,land_coast,0.0,0.19509379069010416,0.0,19,97.95329999178648,0,0,0,0,0,0,0,coast
8db89a8b7.jpg,candidates,0.0,0.0017496744791666667,0.0,6,106.69699998106807,0,1,0,1,0,1,1,ships
8dbe138c4.jpg,candidates,0.0,0.0007002088758680555,0.0,5,95.58179997839034,0,4,0,3,0,2,2,ships
8dc26d710.jpg,candidates,0.0,0.002685546875,0.0,56,99.23920000437647,1,2,0,1,0,0,1,ships
8dd9a1ae9.jpg,candidates,0.0,0.0,0.0,5,87.76960009709,0,0,0,0,0,0,0,empty
8de248cad.jpg,cloud,0.9814843071831597,0.0,0.0,0,59.801099938340485,0,0,0,0,0,0,0,cloud
8dfba7e05.jpg,candidates,0.0,0.0005764431423611111,0.0,2,95.2326999977231,0,1,0,1,0,1,1,ships
8dfcc9a22.jpg,land_coast,0.0,0.20367940266927084,0.025424533420138888,13,86.27620001789182,0,0,0,0,0,0,1,coast
8e0cc7b1a.jpg,land_coast,0.0,0.2918768988715278,0.0,0,100.43470002710819,0,0,0,0,0,0,1,coast
8e1f2867b.jpg,empty_sea,0.0,0.0,0.0,0,91.77110006567091,0,0,0,0,0,0,0,empty
8e36f9d56.jpg,candidates,0.0,9.833441840277778e-05,0.0,3,98.86979998555034,0,1,0,1,0,1,1,ships
8e3cc1a9a.jpg,candidates,0.0,0.06513298882378472,0.010943942599826388,78,97.51200000755489,0,4,0,1,0,1,2,ships
8e4085cc2.jpg,land_coast,0.0,0.2155846489800347,0.0,4,109.07439992297441,0,0,0,0,0,0,0,coast
8e4bcb4ae.jpg,candidates,0.0,0.037317911783854164,0.0,65,76.01990003604442,0,0,0,0,0,0,0,empty
8e54ed164.jpg,land_coast,0.0,0.1956058078342014,0.0,0,85.82640008535236,0,0,0,0,0,0,0,coast
8e5b5e5ac.jpg,land_coast,0.0,0.3118574354383681,0.0,10,96.03100002277642,0,3,0,3,0,3,2,coast
8e5fad340.jpg,candidates,0.0,0.0005374484592013889,0.0,18,95.23110010195524,0,1,0,1,0,1,1,ships
8e798b726.jpg,candidates,0.0,0.0,0.0,1,87.06159994471818,0,1,0,1,0,1,1,ships
8e7b8da7c.jpg,candidates,0.0,0.0,0.0,54,113.86519996449351,0,0,0,0,0,0,0,empty
8e7c684ae.jpg,candidates,0.0,0.003914727105034722,0.021196153428819444,2,96.63260006345809,0,1,0,1,0,1,1,ships
8e7e2bdb5.jpg,candidates,0.0,0.002249823676215278,0.0,3,77.92379998136312,0,1,0,1,0,1,1,ships
8e857e892.jpg,candidates,0.0,0.00047132703993055556,0.0,33,86.74990001600236,0,0,0,0,0,0,0,empty
8e9064036.jpg,land_coast,0.0,0.2614661322699653,0.0,3,81.65830001235008,0,1,0,1,0,1,1,coast
8e994c7cb.jpg,candidates,0.0,0.017210218641493056,0.0,29,89.77029996458441,0,0,0,0,0,0,0,empty
8e9f89188.jpg,candidates,0.0,0.0005713568793402778,0.0,4,78.76760000362992,0,1,0,1,0,1,1,ships
8ea11cb52.jpg,candidates,0.0,0.05249362521701389,0.0,7,93.5278000542894,0,1,0,1,0,1,1,ships
8ecc8ea77.jpg,candidates,0.0,0.003745185004340278,0.0,36,86.49439993314445,0,3,0,3,0,3,3,ships
8ef058535.jpg,candidates,0.0,0.0025126139322916665,0.0,11,89.89480009768158,0,1,0,1,0,1,1,ships
8f1dc78d3.jpg,candidates,0.0,0.0012037489149305555,0.0,1,74.84420004766434,0,3,0,1,0,0,1,ships
8f3358020.jpg,candidates,0.0,0.0013495551215277778,0.0,5,85.73569997679442,0,1,0,1,0,1,1,ships
8f3be518d.jpg,land_coast,0.0,0.20708719889322916,0.0,5,89.29130004253238,0,1,0,1,0,1,1,coast
8f411018d.jpg,land_coast,0.2638905843098958,0.016152862387446485,0.11619754102042215,30,91.45669999998063,0,0,0,0,0,0,1,coast
8f4eb84b1.jpg,candidates,0.0,0.005474514431423611,0.015623304578993056,24,80.16150002367795,0,4,0,2,0,1,2,ships
8f53ef08b.jpg,land_coast,0.0,0.1014285617404514,0.12989976671006945,54,90.28819995000958,1,1,0,1,0,1,1,coast
8f6f06029.jpg,land_coast,0.0,0.3619571261935764,0.023642645941840276,14,108.88509999495,0,4,0,3,0,3,3,coast
8f755c40c.jpg,land_coast,0.0,0.020936754014756944,0.11675177680121528,80,118.46580007113516,2,6,1,5,0,3,5,coast
8f789e5b9.jpg,land_coast,0.0,0.026246812608506944,0.20975240071614584,68,78.30759999342263,15,2,6,2,3,1,1,coast
8f798280c.jpg,candidates,0.0,0.00022718641493055556,0.0,1,97.17349999118596,0,1,0,1,0,1,1,ships
8f843f70a.jpg,candidates,0.0,0.0017378065321180555,0.0,3,101.77100007422268,2,4,0,3,0,1,3,ships
8f8a04c86.jpg,candidates,0.0,0.010548909505208334,0.0,50,96.09539993107319,0,0,0,0,0,0,0,empty
8fa56d134.jpg,candidates,0.0,0.013966878255208334,0.059814453125,30,107.05509991385043,6,3,0,2,0,0,2,ships
8fb84ab8b.jpg,candidates,0.0,0.002780490451388889,0.0,23,82.80980004929006,0,1,0,1,0,1,1,ships
8fc4dd67d.jpg,candidates,0.0,0.0024278428819444445,0.0,2,92.38729998469353,0,1,0,1,0,1,1,ships
8fc8a52fd.jpg,candidates,0.0,0.00023566351996527778,0.0,27,90.14790004584938,0,0,0,0,0,0,0,empty
8fdffa16f.jpg,candidates,0.0,0.0020904541015625,0.0,8,87.40499999839813,3,9,2,6,1,5,6,ships
8fed1b355.jpg,land_coast,0.17547776963975695,0.24162985426099184,0.31507325068718844,21,83.21779989637434,10,0,0,0,0,0,1,coast
8feda0449.jpg,land_coast,0.0,0.2395409478081597,0.0,2,89.55409994814545,0,1,0,1,0,1,1,coast
8ff4c1200.jpg,candidates,0.0,0.0013834635416666667,0.0,96,85.79879999160767,0,0,0,0,0,0,0,empty
9021b7349.jpg,candidates,0.0,0.012412177191840278,0.0,13,84.58970009814948,0,3,0,3,0,3,3,ships
9023791be.jpg,empty_sea,0.0,0.0021345350477430555,0.0,0,98.99490000680089,0,0,0,0,0,0,0,empty
9026a3f42.jpg,candidates,0.0,0.10106743706597222,0.0,1,106.50479991454631,0,0,0,0,0,0,0,empty
9030cfe70.jpg,candidates,0.0,0.0017259385850694445,0.0,8,82.36210001632571,0,2,0,2,0,2,2,ships
905547ac4.jpg,candidates,0.0,0.0063934326171875,0.012461344401041666,9,83.52129999548197,0,1,0,1,0,1,1,ships
90716260a.jpg,candidates,0.0,0.0,0.0,1,82.02860003802925,0,1,0,1,0,1,1,ships
9077f91aa.jpg,candidates,0.0,0.0005849202473958334,0.0,1,102.50419995281845,0,1,0,1,0,1,1,ships
9079d5390.jpg,land_coast,0.0,0.19317118326822916,0.03265211317274305,38,103.91810000874102,0,0,0,0,0,0,0,coast
907af4d58.jpg,candidates,0.0,0.00029839409722222225,0.0,13,86.75729995593429,6,1,1,1,1,1,2,ships
907c6a50e.jpg,candidates,0.0,0.0008646647135416666,0.0,3,85.0422999355942,0,2,0,2,0,2,2,ships
907fdf621.jpg,candidates,0.0,0.002617730034722222,0.0,8,81.38610003516078,0,1,0,1,0,1,1,ships
908adff15.jpg,candidates,0.0,0.09648301866319445,0.0,30,104.2672999901697,0,0,0,0,0,0,1,ships
909b5855f.jpg,empty_sea,0.0,0.0,0.0,0,98.88639999553561,0,0,0,0,0,0,0,empty
90a1594cf.jpg,candidates,0.0,0.00015597873263888888,0.0,1,98.3229000121355,0,1,0,1,0,1,1,ships
90a805fe8.jpg,land_coast,0.2565477159288194,0.120044639398869,0.0,2,88.48669996950775,1,1,0,1,0,1,1,coast
90b04356e.jpg,candidates,0.0,0.06571451822916667,0.0,31,104.02460000477731,7,3,1,1,0,0,1,ships
90b3653af.jpg,candidates,0.0,0.0006815592447916666,0.0,3,83.12039996962994,0,9,0,3,0,1,5,ships
90b852c20.jpg,land_coast,0.3214348687065972,0.0,0.16516540066360375,18,84.64360004290938,0,2,0,0,0,0,1,coast
90bb334ec.jpg,candidates,0.0,0.0004916720920138889,0.0,4,94.42360000684857,0,1,0,1,0,1,1,ships
90d31fb80.jpg,candidates,0.0,0.00019158257378472222,0.0,18,97.50240005087107,0,2,0,1,0,1,1,ships
90d34f8ee.jpg,land_coast,0.013337877061631944,0.17306313295814463,0.017246354523949816,27,94.17439997196198,1,0,0,0,0,0,1,coast
90d73e493.jpg,candidates,0.0,0.044165717230902776,0.012108696831597222,46,83.05999997537583,9,7,1,3,0,0,8,ships
90da9c6e4.jpg,candidates,0.0,0.011405097113715278,0.031088935004340276,34,94.35469994787127,1,1,0,1,0,1,1,ships
90dd7a904.jpg,candidates,0.03141615125868055,0.0022475232364334605,0.023580513955940095,18,78.12550000380725,0,1,0,1,0,1,1,ships
90fde558d.jpg,candidates,0.0,0.10598585340711805,0.0,40,103.66470005828887,1,0,0,0,0,0,1,ships
91013c5fa.jpg,land_coast,0.0,0.2172325981987847,0.0,43,85.74449992738664,0,0,0,0,0,0,1,coast
91026f37f.jpg,candidates,0.0,0.002026028103298611,0.020090738932291668,3,81.98169991374016,0,3,0,1,0,1,1,ships
910c12294.jpg,candidates,0.0,0.00011020236545138889,0.0,1,85.20769991446286,0,3,0,1,0,1,1,ships
9115f80de.jpg,candidates,0.0,0.0003255208333333333,0.0,3,92.72349998354912,0,1,0,1,0,1,1,ships
9118c824c.jpg,candidates,0.0,0.010725233289930556,0.029212103949652776,56,99.90160004235804,0,1,0,1,0,1,1,ships
9120f7996.jpg,candidates,0.0,0.030424329969618056,0.0,12,76.03710005059838,0,0,0,0,0,0,0,empty
91248ebd4.jpg,candidates,0.0,0.05186801486545139,0.0,18,77.71510002203286,4,2,0,2,0,1,1,ships
912625b71.jpg,candidates,0.0,0.0013936360677083333,0.0,7,85.25879995431751,3,3,0,2,0,1,1,ships
912f0ba38.jpg,land_coast,0.0,0.24380323621961805,0.0,1,91.83789999224246,0,0,0,0,0,0,0,coast
912f8c864.jpg,empty_sea,0.0,0.0002712673611111111,0.0,0,98.8251999951899,0,0,0,0,0,0,0,empty
915ee1e1a.jpg,land_coast,0.0,0.0011206732855902778,0.1255730523003472,33,83.13689997885376,3,6,1,1,0,0,4,coast
9184553ca.jpg,candidates,0.0,0.003200954861111111,0.0,22,89.35040002688766,1,17,0,14,0,13,13,ships
9184e94ad.jpg,candidates,0.0,0.0669284396701389,0.0,13,102.04929998144507,0,2,0,1,0,1,1,ships
919314302.jpg,candidates,0.0,0.00010342068142361111,0.0,1,80.18590009305626,0,1,0,1,0,1,1,ships
9194bb1c2.jpg,candidates,0.0,0.010450575086805556,0.0,31,84.81389994267374,0,0,0,0,0,0,0,empty
919e75a13.jpg,candidates,0.0,0.008339775933159722,0.012225680881076388,80,86.85179997701198,0,1,0,1,0,1,1,ships
919f8ee92.jpg,land_coast,0.0,0.1024746365017361,0.11198594835069445,54,84.64049990288913,26,2,9,2,2,2,2,coast
91bcdd9df.jpg,land_coast,0.0,0.07803853352864583,0.1818813747829861,63,82.91829994414002,0,3,0,3,0,2,2,coast
91c22804f.jpg,candidates,0.0,0.0,0.0,1,80.11280000209808,0,0,0,0,0,0,0,empty
91c9393df.jpg,candidates,0.08508470323350695,0.0025628152986723377,0.06500675958987434,16,85.90870001353323,0,1,0,1,0,1,1,ships
91cff7dad.jpg,cloud,0.9985385470920138,0.0,0.0,0,51.43290001433343,0,0,0,0,0,0,1,cloud
91eb41fad.jpg,land_coast,0.0,0.2722710503472222,0.0,0,93.73750002123415,0,0,0,0,0,0,0,coast
91f6934ce.jpg,candidates,0.0,0.0005476209852430555,0.0,2,84.10360000561923,0,3,0,2,0,2,2,ships
91f8d377b.jpg,candidates,0.0,0.003933376736111111,0.012881808810763888,16,91.7341000167653,0,1,0,1,0,1,1,ships
9200d4030.jpg,candidates,0.0,0.005842420789930556,0.0,15,103.21129998192191,0,1,0,1,0,1,1,ships
9202dec29.jpg,candidates,0.0,0.0,0.0,3,85.36320005077869,0,1,0,1,0,0,1,ships
920dd8351.jpg,land_coast,0.0,0.24955919053819445,0.0,12,86.51699998881668,3,1,1,1,0,1,1,coast
92107a952.jpg,empty_sea,0.0,0.0009307861328125,0.0,0,90.8021000213921,0,0,0,0,0,0,0,empty
92210aa10.jpg,candidates,0.0,0.007837931315104166,0.0,95,79.08779999706894,0,2,0,1,0,0,1,ships
9222cf944.jpg,candidates,0.0,0.0018598768446180555,0.0,2,85.05769993644208,1,3,0,1,0,0,1,ships
922d73618.jpg,candidates,0.0,0.0,0.0,4,79.75939998868853,0,0,0,0,0,0,0,empty
9239ebec3.jpg,candidates,0.0,0.0013749864366319445,0.0,5,80.34360001329333,5,1,0,1,0,1,1,ships
923a86f44.jpg,candidates,0.0,0.0013275146484375,0.0,7,77.63650000561029,1,1,0,1,0,1,1,ships
92468a536.jpg,land_coast,0.0,0.007427639431423611,0.0894588894314236,17,88.12710002530366,2,2,0,1,0,1,1,coast
924bcc0dc.jpg,candidates,0.0,0.08416239420572917,0.0,18,88.65709998644888,0,1,0,1,0,1,1,ships
9259fd6d4.jpg,land_coast,0.0,0.058171590169270836,0.12417093912760417,40,76.67600002605468,0,1,0,1,0,1,1,coast
925a10025.jpg,candidates,0.0,0.003577338324652778,0.0,24,83.31310003995895,0,1,0,1,0,1,1,ships
9260a0595.jpg,candidates,0.0,0.013236151801215278,0.021616617838541668,101,75.00479998998344,1,0,1,0,1,0,0,empty
926391926.jpg,candidates,0.0,0.002266777886284722,0.0,60,97.25950006395578,0,0,0,0,0,0,0,empty
9267fcd79.jpg,candidates,0.0,0.02642822265625,0.0,82,83.54600006714463,0,0,0,0,0,0,0,empty
927652547.jpg,candidates,0.0,0.001278347439236111,0.0,8,94.35150003992021,0,1,0,1,0,1,1,ships
927a27586.jpg,candidates,0.0,0.027203030056423612,0.0750393337673611,95,81.69629995245486,3,3,1,3,1,3,3,ships
92af1c5c1.jpg,candidates,0.0,0.009487575954861112,0.03529018825954861,3,86.97180007584393,0,3,0,3,0,1,2,ships
92b3cc6e3.jpg,land_coast,0.0,0.3180355495876736,0.0,7,96.42129996791482,1,0,0,0,0,0,2,coast
92bfbcf50.jpg,candidates,0.0,0.003014458550347222,0.0,24,88.47860002424568,5,3,0,2,0,0,1,ships
92cf67b7e.jpg,empty_sea,0.0,0.0,0.0,0,101.90080001484603,0,0,0,0,0,0,0,empty
92d219d3c.jpg,candidates,0.0,0.0005086263020833334,0.0,21,88.83799996692687,0,0,0,0,0,0,0,empty
92e550c1b.jpg,candidates,0.0,0.00021531846788194444,0.0,4,97.66339999623597,0,2,0,1,0,0,1,ships
92e60f8ea.jpg,land_coast,0.0,0.1804623074001736,0.0,0,102.40820003673434,0,0,0,0,0,0,0,coast
92ee3ad54.jpg,land_coast,0.030951605902777776,0.023664414262783602,0.12015753834815053,84,86.56239998526871,0,11,0,5,0,4,9,coast
92f3f28f5.jpg,land_coast,0.0,0.04691738552517361,0.09734598795572917,84,93.98569993209094,5,7,2,4,0,3,5,coast
930d6db89.jpg,land_coast,0.0,0.19607374403211805,0.0,5,98.35390001535416,0,0,0,0,0,0,0,coast
930daf533.jpg,land_coast,0.0,0.2832692464192708,0.0,1,78.59740010462701,0,0,0,0,0,0,0,coast
931778d1d.jpg,candidates,0.0,0.0,0.0,28,84.02230008505285,0,0,0,0,0,0,0,empty
931a0f826.jpg,candidates,0.0,0.013553195529513888,0.0,7,89.19860003516078,1,2,0,1,0,1,1,ships
931a89ac1.jpg,land_coast,0.0,0.2530415852864583,0.0,59,85.74940008111298,0,0,0,0,0,0,1,coast
9326704a8.jpg,candidates,0.0,0.0004916720920138889,0.0,14,94.88910005893558,0,1,0,1,0,1,1,ships
9329c24f2.jpg,candidates,0.0,0.0027364095052083335,0.0,15,91.88409999478608,4,16,0,7,0,5,6,ships
932a2652e.jpg,land_coast,0.0,0.2955644395616319,0.0,0,91.97880001738667,0,0,0,0,0,0,0,coast
9330cc637.jpg,candidates,0.0,0.0015547010633680555,0.0,7,87.05349999945611,2,1,1,1,1,1,1,ships
933c52789.jpg,land_coast,0.0,0.05480617947048611,0.1809878879123264,47,117.00269998982549,5,4,0,3,0,3,3,coast
93489bd03.jpg,land_coast,0.0,0.17436048719618055,0.0,32,92.4545000307262,4,2,1,1,1,1,1,coast
935944f67.jpg,candidates,0.0,0.1149105495876736,0.0,13,94.76430003996938,1,1,1,1,1,1,1,ships
935d1bfc4.jpg,candidates,0.0,0.009885999891493056,0.020329793294270832,47,86.89719997346401,11,4,0,3,0,2,2,ships
936b0a0cc.jpg,land_coast,0.0,0.011859469943576388,0.2764689127604167,18,80.7251000078395,1,7,0,3,0,2,4,coast
936db4caa.jpg,candidates,0.0,0.0,0.0,15,114.7002000361681,0,0,0,0,0,0,0,empty
9370c6f45.jpg,candidates,0.0,0.002295600043402778,0.0,5,90.162199921906,1,1,0,1,0,1,1,ships
9373e920d.jpg,candidates,0.0,5.5948893229166664e-05,0.0,2,82.76399993337691,0,4,0,2,0,1,2,ships
93757e13c.jpg,candidates,0.0,0.003704494900173611,0.0,13,90.56459995917976,5,1,1,1,1,1,1,ships
93acc1f54.jpg,candidates,0.0,0.0005340576171875,0.0,5,106.40300007071346,0,1,0,1,0,1,1,ships
93b2fb900.jpg,candidates,0.0,0.000152587890625,0.0,15,97.76420006528497,0,2,0,1,0,1,1,ships
93c0b551f.jpg,candidates,0.0,0.01812744140625,0.0,2,99.98890000861138,0,0,0,0,0,0,0,empty
93c511cde.jpg,candidates,0.0,0.005598280164930556,0.0,10,110.33980001229793,0,1,0,1,0,1,1,ships
93c86a6ce.jpg,candidates,0.0,0.002960205078125,0.0,16,85.00119997188449,3,1,1,1,0,1,1,ships
93e0cf198.jpg,candidates,0.0,0.002948337131076389,0.0,6,78.3046999713406,4,3,0,1,0,0,1,ships
93eec77e5.jpg,candidates,0.0,0.023729112413194444,0.025124443901909724,96,94.56220001447946,0,1,0,1,0,1,1,ships
93f0cd2f3.jpg,candidates,0.0,0.00299072265625,0.015389336480034722,11,77.04709994141012,0,1,0,1,0,1,1,ships
941ef85cd.jpg,candidates,0.0,0.03485276963975695,0.011422051323784722,15,101.2273000087589,0,1,0,1,0,1,1,ships
942665070.jpg,candidates,0.0,0.022952609592013888,0.019493950737847224,46,81.81170001626015,0,1,0,1,0,1,1,ships
94387ad31.jpg,candidates,0.0,0.001476711697048611,0.0,20,96.58120002131909,0,3,0,1,0,1,1,ships
943c6d482.jpg,candidates,0.0,0.0011749267578125,0.0,60,103.82820002269,0,0,0,0,0,0,0,empty
94473ba3b.jpg,candidates,0.0,0.0010121663411458333,0.0,1,89.08459998201579,0,1,0,1,0,1,1,ships
9460122c9.jpg,candidates,0.0,0.11320665147569445,0.0,6,86.19009994436055,0,0,0,0,0,0,0,empty
946c70418.jpg,candidates,0.0,4.4080946180555555e-05,0.0,3,82.30919996276498,4,2,0,1,0,0,1,ships
946e29cae.jpg,candidates,0.0,0.0003306070963541667,0.0,3,87.27410004939884,0,1,0,1,0,1,1,ships
947a7be5c.jpg,candidates,0.0,2.712673611111111e-05,0.0,28,83.45989999361336,0,0,0,0,0,0,0,empty
94866f627.jpg,land_coast,0.0,0.2890540228949653,0.0,3,86.92919998429716,2,1,0,1,0,1,1,coast
948a43700.jpg,candidates,0.0,0.00037468804253472225,0.0,2,96.83689998928457,5,1,1,1,1,1,1,ships
948aea154.jpg,land_coast,0.0,0.3482208251953125,0.0,5,88.18630001042038,3,2,1,1,1,0,1,coast
949ec8c8f.jpg,candidates,0.0,0.00024583604600694444,0.0,1,93.89059990644455,0,5,0,3,0,0,1,ships
94beb35a9.jpg,candidates,0.0,0.005562676323784722,0.0,3,95.28520004823804,0,2,0,2,0,2,2,ships
94c12289a.jpg,land_coast,0.0,0.2340206570095486,0.0,2,89.45929992478341,0,0,0,0,0,0,0,coast
94cae18c9.jpg,candidates,0.0,0.086273193359375,0.0,67,98.73820003122091,0,1,0,0,0,0,1,ships
94d34fea2.jpg,candidates,0.0,0.016642252604166668,0.0,25,86.43709996249527,0,0,0,0,0,0,0,empty
94dbd89ed.jpg,candidates,0.0,2.8822157118055555e-05,0.0,16,93.46340002957731,0,0,0,0,0,0,0,empty
94e0aeb64.jpg,candidates,0.0,0.0002492268880208333,0.0,3,93.23889994993806,0,2,0,1,0,0,1,ships
94e1c5723.jpg,empty_sea,0.0,0.0,0.0,0,94.81510007753968,0,1,0,1,0,1,1,ships
94f4dd434.jpg,candidates,0.0,0.027865939670138888,0.0,21,85.00279998406768,0,1,0,1,0,1,1,ships
951012287.jpg,candidates,0.0,0.0754428439670139,0.05646091037326389,26,104.95920001994818,0,23,0,10,0,5,13,ships
95107c1f4.jpg,candidates,0.0,0.006122165256076389,0.0,5,80.20069997292012,0,1,0,1,0,1,1,ships
951826911.jpg,candidates,0.0,0.009818183051215278,0.0,3,101.87830007635057,0,1,0,1,0,1,1,ships
952a07a5d.jpg,candidates,0.0,0.0007527669270833334,0.0,2,77.57540000602603,0,1,0,1,0,1,1,ships
952e1b767.jpg,land_coast,0.0,0.14459058973524305,0.0,25,94.41580006387085,2,6,0,3,0,3,4,coast
9540a73fa.jpg,candidates,0.0,0.0013800726996527778,0.0,5,102.68879996147007,0,12,0,5,0,2,5,ships
9554dadc3.jpg,candidates,0.0,0.00023905436197916666,0.0,58,83.4424999775365,2,10,0,5,0,2,9,ships
955f66576.jpg,candidates,0.0,0.009306165907118056,0.0,75,93.87839992996305,0,0,0,0,0,0,0,empty
955f86d96.jpg,candidates,0.0,0.0038197835286458335,0.0,15,87.89810002781451,1,2,0,2,0,2,2,ships
9563398ea.jpg,candidates,0.0,0.005788167317708333,0.0,17,85.69229999557137,0,1,0,1,0,1,1,ships
9569b0c16.jpg,candidates,0.0,0.0014275444878472222,0.0,5,96.28449997399002,0,5,0,4,0,3,4,ships
9573080ae.jpg,candidates,0.0,0.005671183268229167,0.010425143771701388,41,103.67260000202805,6,4,2,3,1,3,3,ships
9573eb32d.jpg,candidates,0.0,0.0005679660373263889,0.0,11,101.80000006221235,0,1,0,1,0,1,1,ships
95940e5b9.jpg,land_coast,0.0,0.033852471245659724,0.1301032172309028,66,81.82680001482368,5,1,0,1,0,1,1,coast
959a48460.jpg,candidates,0.0,0.0005628797743055555,0.017818874782986112,25,97.53469994757324,0,3,0,1,0,0,1,ships
95a57ed06.jpg,candidates,0.0,6.612141927083333e-05,0.0,1,93.76330010127276,0,1,0,0,0,0,1,ships
95b1243c7.jpg,candidates,0.0,0.0007188585069444445,0.0,3,97.79789997264743,0,4,0,2,0,2,2,ships
95cb378f6.jpg,candidates,0.0,0.0,0.0,22,97.74850006215274,0,3,0,0,0,0,1,ships
95d9087f6.jpg,land_coast,0.0,0.2751261393229167,0.0,0,92.05820003990084,0,1,0,1,0,1,1,coast
95e3b06bf.jpg,candidates,0.0,0.0012969970703125,0.0,5,77.2031000815332,0,1,0,1,0,1,1,ships
95e677479.jpg,candidates,0.0,0.0008477105034722222,0.019141303168402776,24,91.99570002965629,0,3,0,2,0,2,2,ships
95f1f92b4.jpg,land_coast,0.0,0.17712571885850695,0.0,0,83.51469994522631,0,0,0,0,0,0,0,coast
95fd78503.jpg,candidates,0.0,0.0022718641493055555,0.0,8,91.76179999485612,3,3,0,3,0,3,2,ships
96049baca.jpg,candidates,0.0,0.0,0.0,1,84.86429997719824,0,1,0,1,0,1,1,ships
960514723.jpg,candidates,0.0,0.07906934950086805,0.0,56,85.40890004951507,8,8,2,2,1,2,4,ships
961439a81.jpg,land_coast,0.0,0.15743001302083334,0.0,4,95.19969997927547,0,0,0,0,0,0,0,coast
9614bdf34.jpg,candidates,0.0,0.006261189778645833,0.0,17,87.82889996655285,0,3,0,2,0,2,2,ships
962299ce4.jpg,candidates,0.0,0.0018327501085069445,0.0,11,83.11080001294613,0,2,0,2,0,2,2,ships
963a81be4.jpg,candidates,0.0,0.0005171034071180555,0.0,2,89.14039994124323,1,4,1,2,0,1,2,ships
963ff8592.jpg,candidates,0.0,0.003406100802951389,0.023807101779513888,19,110.889200004749,0,3,0,2,0,0,1,ships
9643a7a2b.jpg,candidates,0.0,0.010236952039930556,0.0,3,84.98240006156266,0,1,0,1,0,1,1,ships
96454286b.jpg,candidates,0.0,0.0010443793402777778,0.0,4,91.69300005305558,0,1,0,1,0,1,1,ships
965865790.jpg,candidates,0.0,0.00029161241319444444,0.0,1,88.67810002993792,0,1,0,1,0,1,1,ships
966ba17f4.jpg,candidates,0.0,0.014609442816840278,0.011350843641493056,52,91.20759996585548,3,2,0,2,0,2,2,ships
9673c4036.jpg,candidates,0.0,0.0009392632378472222,0.013310750325520834,59,85.21369996014982,0,0,0,0,0,0,0,empty
967e60dff.jpg,candidates,0.0,0.002221001519097222,0.0,13,108.39970002416521,0,1,0,1,0,1,1,ships
968b633cd.jpg,candidates,0.0,2.0345052083333332e-05,0.0,28,82.20159995835274,0,0,0,0,0,0,0,empty
969ce5536.jpg,candidates,0.0,0.00014750162760416666,0.011299981011284722,48,83.41299998573959,0,0,0,0,0,0,0,empty
96ab83467.jpg,candidates,0.0,0.00017293294270833334,0.0,1,86.8493999587372,0,1,0,1,0,1,1,ships
96ac137df.jpg,land_coast,0.2591366238064236,0.023136423727888315,0.1588386217830806,5,86.01760002784431,0,0,0,0,0,0,0,coast
96ae5bd01.jpg,empty_sea,0.0,0.06490071614583333,0.0,0,79.63449996896088,0,3,0,0,0,0,1,ships
96b50ad71.jpg,land_coast,0.3821512858072917,0.005449885257900001,0.12233519856069376,22,78.26530002057552,0,1,0,1,0,1,1,coast
96b699a48.jpg,land_coast,0.0,0.2901848687065972,0.0,37,105.17690004780889,0,2,0,2,0,2,2,coast
96c1d0f74.jpg,candidates,0.0,0.0012495252821180555,0.0,2,97.56220004055649,0,3,0,2,0,0,1,ships
96d589e9e.jpg,land_coast,0.0,0.15986124674479166,0.0,2,80.14690002892166,0,0,0,0,0,0,0,coast
96db61143.jpg,candidates,0.0,0.008675469292534722,0.022382948133680556,14,106.67130001820624,0,1,0,1,0,1,1,ships
96e513c9d.jpg,candidates,0.0,0.0,0.0,13,97.27730008307844,0,0,0,0,0,0,0,empty
96edddec9.jpg,land_coast,0.0,0.0965915256076389,0.3031785753038194,24,80.35370009019971,12,6,8,4,5,4,5,coast
96fbcff1c.jpg,candidates,0.0,0.05128309461805555,0.0,7,85.5524999788031,0,0,0,0,0,0,0,empty
9700c2b56.jpg,candidates,0.0,0.0641208224826389,0.0,192,99.80670001823455,1,2,0,2,0,1,1,ships
9701c64fd.jpg,candidates,0.0,0.0064544677734375,0.0,50,93.49609992932528,0,1,0,1,0,1,1,ships
970291f86.jpg,land_coast,0.0,0.03767055935329861,0.2184210883246528,48,93.0419999640435,4,1,1,1,1,1,1,coast
970481747.jpg,candidates,0.0,0.0003611246744791667,0.0,31,93.87370001059026,0,0,0,0,0,0,0,empty
9710d6f81.jpg,candidates,0.0,0.006768120659722222,0.0,20,82.16949994675815,6,2,2,0,1,0,1,ships
9711af315.jpg,candidates,0.0,0.019609239366319444,0.0,2,102.14649990666658,0,3,0,1,0,0,2,ships
9716875b9.jpg,land_coast,0.0,0.1617516411675347,0.03518846299913195,42,88.23319990187883,1,8,0,5,0,4,7,coast
971a6b0d5.jpg,land_coast,0.0,0.2895134819878472,0.0,10,81.73650002572685,1,3,0,3,0,3,3,coast
97285a1b9.jpg,land_coast,0.0,0.14171346028645834,0.0,12,100.73950001969934,1,2,1,0,1,0,1,coast
9759c2eae.jpg,land_coast,0.0,0.2180447048611111,0.0,3,90.72380000725389,0,3,0,1,0,0,1,coast
975ae1404.jpg,land_coast,0.0,0.10833909776475695,0.4213731553819444,67,128.90720006544143,0,2,0,1,0,1,1,coast
9761c978a.jpg,candidates,0.0,0.006422254774305556,0.018042670355902776,36,94.00909999385476,0,1,0,1,0,1,1,ships
976a0ca8d.jpg,land_coast,0.0,0.3518659803602431,0.0,2,88.0113000748679,0,1,0,1,0,1,1,coast
97766d082.jpg,candidates,0.0,0.0005171034071180555,0.0,5,102.99689997918904,0,3,0,1,0,1,1,ships
977f4e995.jpg,candidates,0.0,0.0014512803819444445,0.0,10,97.48130000662059,0,1,0,1,0,1,1,ships
9794dd379.jpg,candidates,0.0,0.0,0.0,1,87.2577999252826,0,0,0,0,0,0,0,empty
97a2e4018.jpg,land_coast,0.0,0.012652926974826388,0.08835347493489583,50,78.64800002425909,18,11,7,5,4,4,6,coast
97b01cb5f.jpg,candidates,0.0,0.00022549099392361112,0.010772705078125,18,92.00720000080764,0,3,0,1,0,0,1,ships
97b4b4560.jpg,candidates,0.0,0.001788669162326389,0.0,4,93.86449994053692,2,4,0,2,0,2,3,ships
97bc6c626.jpg,candidates,0.0,0.0003323025173611111,0.0,5,89.83650000300258,0,2,0,1,0,1,1,ships
97c24d8ad.jpg,candidates,0.0,0.0007425944010416666,0.0,4,86.34339994750917,0,1,0,1,0,1,1,ships
97c574372.jpg,land_coast,0.0,0.2807956271701389,0.0,0,95.78059997875243,0,0,0,0,0,0,0,coast
97c695d37.jpg,candidates,0.0,0.003933376736111111,0.0,18,81.55420003458858,0,7,0,7,0,7,7,ships
97d7eab43.jpg,empty_sea,0.0,0.0,0.0,0,95.48919997178018,0,0,0,0,0,0,0,empty
981a98427.jpg,land_coast,0.08709886338975695,0.15103749524280172,0.015565742113464622,8,95.15570010989904,3,6,1,1,0,1,2,coast
982d2f225.jpg,candidates,0.0,0.0006391737196180555,0.038033379448784724,13,95.21599998697639,1,0,1,0,1,0,0,empty
9839ae565.jpg,candidates,0.0,0.0029703776041666665,0.0,3,87.87139994092286,0,1,0,1,0,1,1,ships
9865b4ff6.jpg,land_coast,0.012229071723090278,0.00016195922418085675,0.17150792652564728,37,92.98049996141344,0,0,0,0,0,0,0,coast
9867e68e8.jpg,land_coast,0.0,0.028703477647569444,0.1189693874782986,71,79.29290004540235,1,4,0,4,0,4,3,coast
9868a54cd.jpg,candidates,0.0,0.00011867947048611111,0.0,1,101.30830004345626,1,4,0,1,0,0,1,ships
98739da18.jpg,empty_sea,0.0,0.0,0.0,0,101.93230002187192,0,0,0,0,0,0,0,empty
98a96fb09.jpg,candidates,0.0,0.001003689236111111,0.0,2,85.49510000739247,0,1,0,1,0,1,1,ships
98a9c7c77.jpg,candidates,0.0,0.001434326171875,0.0,2,98.79419999197125,1,3,1,1,1,0,1,ships
98aedefbe.jpg,land_coast,0.0,0.3125372992621528,0.0,1,103.32180000841618,0,1,0,1,0,1,1,coast
98b3ec19a.jpg,candidates,0.0,0.002429538302951389,0.0,21,84.18500004336238,4,1,0,1,0,1,2,ships
98c877bdb.jpg,land_coast,0.0395660400390625,0.003580413305392697,0.24677077342980805,25,88.38139998260885,1,1,0,1,0,1,1,coast
98cec26da.jpg,candidates,0.0,0.054146660698784724,0.0,10,107.69640002399683,0,1,0,1,0,1,1,ships
98f0b389d.jpg,candidates,0.0,0.038991292317708336,0.0,76,89.58929998334497,0,0,0,0,0,0,0,empty
98f4d7e90.jpg,land_coast,0.0,0.2651570638020833,0.0,4,82.91390002705157,0,1,0,1,0,1,1,coast
98fa9ded4.jpg,candidates,0.0,0.0015970865885416667,0.0,5,69.74530010484159,0,4,0,3,0,1,2,ships
98fc30e7a.jpg,candidates,0.0,0.010982937282986112,0.0,2,107.90489998180419,0,2,0,2,0,2,1,ships
990e887cb.jpg,candidates,0.0,0.0,0.0,3,89.24999996088445,0,0,0,0,0,0,0,empty
992c4184d.jpg,land_coast,0.0,0.15773518880208334,0.0,98,108.5684000281617,0,1,0,1,0,0,1,coast
992e504a2.jpg,land_coast,0.002685546875,0.07436742812573441,0.24361467696174766,53,97.46520000044256,5,12,1,4,0,1,9,coast
992f64d41.jpg,empty_sea,0.0,0.0,0.0,0,85.7189999660477,0,0,0,0,0,0,0,empty
993132f27.jpg,candidates,0.0,6.612141927083333e-05,0.0,3,82.01140002347529,0,2,0,1,0,0,1,ships
99356862f.jpg,candidates,0.0,0.0,0.0,2,88.3701000129804,0,3,0,1,0,1,2,ships
996d335f2.jpg,candidates,0.0,0.0018513997395833333,0.0,5,85.26849991176277,1,1,0,1,0,1,1,ships
997ab7e45.jpg,candidates,0.0,6.951226128472222e-05,0.011037190755208334,23,91.65310009848326,0,0,0,0,0,0,0,empty
997cc6536.jpg,land_coast,0.0,0.2331051296657986,0.022294786241319444,9,107.03499999362975,0,0,0,0,0,0,1,coast
9988be79a.jpg,candidates,0.0,0.0070953369140625,0.0,2,93.007400049828,1,1,0,1,0,1,1,ships
998bea684.jpg,candidates,0.0,0.0016869439019097222,0.0,9,79.33390000835061,0,1,0,1,0,1,1,ships
998c196b3.jpg,candidates,0.0,0.0,0.0,2,88.27559999190271,0,0,0,0,0,0,0,empty
99920bfb6.jpg,land_coast,0.0,0.2829165988498264,0.0,0,78.66770005784929,0,0,0,0,0,0,0,coast
99938e6f6.jpg,land_coast,0.0,0.19856431749131945,0.0,1,103.74129994306713,0,0,0,0,0,0,0,coast
99a1a95c0.jpg,candidates,0.0,0.004740397135416667,0.010555691189236112,9,86.23879996594042,0,1,0,1,0,1,1,ships
99c01ba48.jpg,candidates,0.0,0.015864054361979168,0.0,22,113.26450004708022,0,1,0,1,0,1,1,ships
99d552cd3.jpg,candidates,0.0,0.004325018988715278,0.010181003146701388,11,75.3695999737829,1,2,0,1,0,1,1,ships
99da5a016.jpg,candidates,0.0,0.00042894151475694444,0.0,2,82.06439996138215,0,2,0,2,0,2,2,ships
99db4043d.jpg,candidates,0.0,0.005984836154513889,0.0,4,91.52189991436899,0,4,0,2,0,2,2,ships
99e084a60.jpg,land_coast,0.0,0.20647176106770834,0.0,5,86.70240000355989,7,1,0,1,0,1,1,coast
99ee2feca.jpg,candidates,0.0,0.0013665093315972222,0.0,3,93.33920001517981,0,3,0,3,0,3,3,ships
9a10d91e2.jpg,candidates,0.0,0.005466037326388889,0.0,23,97.78119996190071,0,5,0,1,0,0,1,ships
9a11118f2.jpg,land_coast,0.0,0.2813873291015625,0.011974758572048612,5,99.44570006337017,0,7,0,3,0,2,3,coast
9a1fd6648.jpg,candidates,0.0,0.00041876898871527775,0.0,3,92.14800002519041,0,1,0,1,0,1,1,ships
9a245f0fd.jpg,candidates,0.0,0.003543429904513889,0.0,29,90.8531000604853,1,2,0,1,0,1,1,ships
9a29ae326.jpg,candidates,0.0,0.047370062934027776,0.04892306857638889,43,91.64559992495924,0,4,0,3,0,2,3,ships
9a306dc35.jpg,land_coast,0.0,0.013342963324652778,0.3204074435763889,59,107.32650000136346,2,11,0,4,0,2,10,coast
9a38f263b.jpg,land_coast,0.0,0.2397121853298611,0.0,7,120.62229996081442,0,0,0,0,0,0,0,coast
9a3eee026.jpg,candidates,0.0,0.006447686089409722,0.0,17,92.20459999050945,1,2,0,2,0,1,2,ships
9a4162f27.jpg,candidates,0.0,0.001849704318576389,0.0,44,97.00970002450049,0,1,0,1,0,1,1,ships
9a4276850.jpg,candidates,0.0,0.014692518446180556,0.0,199,86.4154000300914,0,0,0,0,0,0,0,empty
9a4a16fa5.jpg,candidates,0.0,0.035578409830729164,0.0,3,93.40649994555861,0,0,0,0,0,0,0,empty
9a4db0fd7.jpg,candidates,0.0,6.612141927083333e-05,0.0,1,88.37480004876852,0,0,0,0,0,0,1,ships
9a554a5fc.jpg,candidates,0.0,0.0013173421223958333,0.0,8,77.46349996887147,10,2,0,1,0,0,1,ships
9a623293f.jpg,candidates,0.0,0.011457655164930556,0.0,11,81.04179997462779,1,4,0,2,0,2,2,ships
9a66c450a.jpg,land_coast,0.0,0.1706356472439236,0.0,1,85.18970001023263,1,2,0,2,0,1,1,coast
9a6fa942c.jpg,candidates,0.020946926540798612,0.0016740158631274515,0.0,23,76.14160003140569,0,4,0,4,0,4,5,ships
9a76c3398.jpg,candidates,0.0,0.0,0.035576714409722224,2,87.43519999552518,0,0,0,0,0,0,0,empty
9a7ae04eb.jpg,land_coast,0.0,0.2942708333333333,0.0,16,91.96730004623532,2,2,1,2,1,2,2,coast
9a8cc57e3.jpg,land_coast,0.0,0.3216434054904514,0.0,4,97.90860000066459,0,0,0,0,0,0,0,coast
9a8e0d869.jpg,candidates,0.0,0.0001068115234375,0.0,1,79.34099994599819,1,3,0,2,0,0,1,ships
9a91ce9be.jpg,candidates,0.0,0.07103814019097222,0.0,1,92.67119993455708,0,4,0,1,0,1,1,ships
9a9d7d62d.jpg,candidates,0.0,0.0007188585069444445,0.0,2,81.58310002181679,0,4,0,2,0,2,2,ships
9a9dd97e0.jpg,candidates,0.0,0.0841098361545139,0.021043565538194444,3,92.43429999332875,0,2,0,1,0,1,1,ships
9aaa762fb.jpg,candidates,0.0,0.007453070746527778,0.019410875108506944,20,92.22140000201762,0,1,0,1,0,1,1,ships
9ab1bebbf.jpg,empty_sea,0.0,0.0034230550130208335,0.0,0,84.4228999922052,0,0,0,0,0,0,0,empty
9abde6f82.jpg,candidates,0.0,0.005362616644965278,0.023106892903645832,13,90.44770000036806,6,5,1,2,0,1,2,ships
9ac3e07ce.jpg,candidates,0.0,0.00689697265625,0.0,1,85.9261000296101,1,4,0,2,0,0,1,ships
9ace38dea.jpg,candidates,0.0,0.001415676540798611,0.0,10,105.04149994812906,2,4,0,1,0,0,1,ships
9adae1ce7.jpg,candidates,0.0,0.0016157362196180555,0.010531955295138888,10,86.52979996986687,1,2,0,2,0,2,2,ships
9ae693e0c.jpg,candidates,0.0,0.028667873806423612,0.0,60,104.44689996074885,0,1,0,1,0,1,1,ships
9aec676d8.jpg,land_coast,0.0,0.2660098605685764,0.0,1,106.011199997738,0,0,0,0,0,0,0,coast
9af160eec.jpg,candidates,0.0,0.013580322265625,0.0,41,87.14389998931438,0,0,0,0,0,0,0,empty
9af77856d.jpg,candidates,0.0,0.0003323025173611111,0.0,2,81.00749994628131,0,3,0,2,0,1,2,ships
9afe7fc9d.jpg,candidates,0.0,0.007268269856770833,0.0,47,90.12109995819628,0,2,0,2,0,1,1,ships
9aff0579f.jpg,land_coast,0.6281009250217013,0.2340780134193437,0.0,0,90.92170000076294,8,2,1,1,1,0,1,coast
9b09d5dc3.jpg,land_coast,0.0,0.0,0.08891465928819445,18,100.94909998588264,2,0,1,0,0,0,1,coast
9b124ac39.jpg,candidates,0.0,0.00011020236545138889,0.0,1,98.94969989545643,0,4,0,2,0,0,1,ships
9b1ed7098.jpg,candidates,0.0,0.001156277126736111,0.0,5,88.63029989879578,0,2,0,2,0,2,3,ships
9b2754ced.jpg,candidates,0.0,0.005298190646701389,0.0,27,95.59989999979734,0,6,0,6,0,6,6,ships
9b296446c.jpg,candidates,0.0,0.018603854709201388,0.0,69,82.62090000789613,0,1,0,1,0,0,1,ships
9b2bb1791.jpg,land_coast,0.0,0.06757948133680555,0.08507453070746528,27,100.65319994464517,0,1,0,1,0,1,1,coast
9b2d517a0.jpg,candidates,0.0,0.0014055040147569445,0.0,5,82.01740006916225,0,2,0,2,0,2,2,ships
9b31caa5f.jpg,candidates,0.0,0.000274658203125,0.0,2,73.77379992976785,3,3,2,3,0,2,2,ships
9b3b7fbde.jpg,candidates,0.0,0.00011359320746527778,0.0,17,100.70000006817281,0,0,0,0,0,0,0,empty
9b663f71d.jpg,candidates,0.0,0.0,0.0,10,90.0942999869585,0,0,0,0,0,0,0,empty
9b66947b6.jpg,candidates,0.0,0.010943942599826388,0.0,32,84.73260002210736,0,2,0,1,0,1,1,ships
9b83125ba.jpg,candidates,0.0,0.04153103298611111,0.027340359157986112,74,93.91799999866635,2,4,0,4,0,4,4,ships
9b9e6703e.jpg,candidates,0.0,0.0010426839192708333,0.0,4,96.38530004303902,0,6,0,5,0,4,6,ships
9babb2117.jpg,empty_sea,0.0,0.04274156358506945,0.0,0,81.38159988448024,0,0,0,0,0,0,0,empty
9baebd106.jpg,land_coast,0.0,0.3572353786892361,0.0,2,104.0377999888733,0,3,0,1,0,0,1,coast
9bba328fa.jpg,land_coast,0.0,0.03793504503038195,0.10687086317274305,110,77.21510005649179,3,14,0,7,0,6,8,coast
9bc45db83.jpg,candidates,0.0,5.425347222222222e-05,0.0,1,101.71199997421354,0,1,0,1,0,1,1,ships
9bccca4a6.jpg,candidates,0.0,0.017839219835069444,0.045354207356770836,48,88.00850005354732,2,3,1,2,1,1,2,ships
9bcfee484.jpg,candidates,0.0,0.03231981065538195,0.047826131184895836,52,97.40679990500212,2,4,0,1,0,1,3,ships
9bd387741.jpg,candidates,0.0,0.0035552978515625,0.0,10,92.63660002034158,0,5,0,5,0,3,4,ships
9bdd25f0f.jpg,candidates,0.0,0.004299587673611111,0.012022230360243056,10,76.10089995432645,1,1,0,1,0,1,1,ships
9befa51dc.jpg,candidates,0.0,0.038519965277777776,0.027348836263020832,44,81.23499993234873,1,0,0,0,0,0,0,empty
9bf7b2bdb.jpg,candidates,0.0,0.0,0.0,9,84.99380003195256,0,0,0,0,0,0,0,empty
9c0030e2e.jpg,land_coast,0.0,0.2074500189887153,0.0,22,107.71460004616529,0,1,0,1,0,1,1,coast
9c023e3a6.jpg,candidates,0.0,0.0028635660807291665,0.0,9,84.52519995626062,0,5,0,4,0,3,3,ships
9c059c126.jpg,candidates,0.0,0.0031602647569444445,0.022913614908854168,31,79.81200003996491,0,1,0,1,0,1,1,ships
9c059d9af.jpg,candidates,0.04456753200954861,0.11819410924805095,0.0,1,77.2883000317961,4,2,0,2,0,0,1,ships
9c2926b69.jpg,candidates,0.0,6.103515625e-05,0.0,13,89.81350006069988,0,3,0,1,0,0,1,ships
9c4b93551.jpg,empty_sea,0.0,0.0013020833333333333,0.0,0,82.07030000630766,1,1,0,1,0,0,1,ships
9c505a723.jpg,land_coast,0.0,0.2494235568576389,0.0,3,98.22519996669143,0,2,0,0,0,0,2,coast
9c58cedca.jpg,candidates,0.0,0.0,0.0,2,89.49270006269217,0,0,0,0,0,0,0,empty
9c5a8d9d4.jpg,candidates,0.0,0.00010850694444444444,0.0,3,73.28859996050596,0,1,0,1,0,1,1,ships
9c711d585.jpg,land_coast,0.0,0.2554592556423611,0.0,1,97.52850001677871,0,0,0,0,0,0,1,coast
9c75bec7b.jpg,candidates,0.0,0.028232150607638888,0.0,6,93.25729997362942,0,0,0,0,0,0,0,empty
9c966f3e3.jpg,candidates,0.0,0.0031687418619791665,0.0,2,91.06659993994981,0,1,0,1,0,1,1,ships
9ca7b1b1d.jpg,candidates,0.0,0.006056043836805556,0.057944403754340276,23,87.82890008296818,0,1,0,1,0,1,1,ships
9ca7d5d6d.jpg,candidates,0.0,0.0016411675347222222,0.0,2,71.84779993258417,0,3,0,1,0,1,1,ships
9cae12b2e.jpg,candidates,0.0,0.000640869140625,0.0,2,87.49750000424683,0,1,0,1,0,1,1,ships
9cbe01cd5.jpg,candidates,0.0,0.0004916720920138889,0.0,5,84.96040001045913,0,5,0,5,0,2,3,ships
9cc932130.jpg,candidates,0.0,0.00015767415364583334,0.0,1,87.46089995838702,0,1,0,1,0,1,1,ships
9cde56282.jpg,candidates,0.0,0.0007358127170138889,0.0,5,109.09799998626113,2,2,0,1,0,0,1,ships
9ce6b289c.jpg,candidates,0.0,5.764431423611111e-05,0.0,3,93.69210002478212,1,2,1,1,1,0,1,ships
9ce7301b7.jpg,land_coast,0.0,0.250640869140625,0.0,10,111.02189996745437,0,1,0,1,0,1,1,coast
9d0664af5.jpg,land_coast,0.0,0.2567291259765625,0.0,1,89.14350008126348,3,0,0,0,0,0,1,coast
9d1efce28.jpg,candidates,0.0,0.004260592990451389,0.0,19,100.91779998037964,0,1,0,1,0,1,1,ships
9d241dc38.jpg,candidates,0.0,2.3735894097222223e-05,0.0,8,101.76240000873804,0,0,0,0,0,0,0,empty
9d24b5cdc.jpg,candidates,0.0,0.031182183159722224,0.0,13,85.22819995414466,0,0,0,0,0,0,0,empty
9d2631637.jpg,candidates,0.0,0.0,0.0,14,78.7628999678418,0,0,0,0,0,0,0,empty
9d3367444.jpg,candidates,0.0,0.005705091688368056,0.0,13,86.34819998405874,0,0,0,0,0,0,0,empty
9d53ecba4.jpg,candidates,0.0,0.022191365559895832,0.0,31,90.20009997766465,0,4,0,4,0,3,3,ships
9d5808b0b.jpg,land_coast,0.0,0.24025132921006945,0.0,1,89.30330001749098,0,4,0,1,0,0,1,coast
9d63574a0.jpg,candidates,0.0,0.0007832845052083334,0.0,2,82.14860002044588,0,1,0,1,0,1,1,ships
9d642a272.jpg,candidates,0.0,0.0012953016493055555,0.0,18,91.82940004393458,0,1,0,1,0,1,1,ships
9d647cc30.jpg,candidates,0.0,0.0009646945529513889,0.0,39,106.41390003729612,0,1,0,1,0,1,1,ships
9d74c2150.jpg,land_coast,0.0,0.370697021484375,0.0,1,91.42060007434338,0,2,0,1,0,0,1,coast
9d8cfce03.jpg,candidates,0.0,0.0210418701171875,0.0,26,105.86109990254045,0,3,0,3,0,2,3,ships
9d9313862.jpg,candidates,0.0,0.007602267795138889,0.0,4,77.48929993249476,0,0,0,0,0,0,0,empty
9d97024d0.jpg,candidates,0.0,0.0014699300130208333,0.058281792534722224,15,82.13670004624873,0,4,0,2,0,1,2,ships
9d9c436e9.jpg,land_coast,0.0,0.04769558376736111,0.13128153483072916,22,89.34149995911866,3,1,0,1,0,1,1,coast
9dacc90b9.jpg,land_coast,0.0,0.1346367730034722,0.0,3,99.07670004758984,3,0,2,0,0,0,1,coast
9dbaf1251.jpg,candidates,0.0,0.10002983940972222,0.0,3,82.52339996397495,1,3,0,0,0,0,1,ships
9dc8d77e7.jpg,candidates,0.0,0.0015326605902777778,0.0,13,91.39489999506623,0,1,0,1,0,1,1,ships
9dd3a2c50.jpg,candidates,0.0,0.019838121202256944,0.0,109,98.4363000607118,0,1,0,1,0,1,1,ships
9de4d36fa.jpg,candidates,0.0,0.0,0.0,20,84.6019999589771,0,0,0,0,0,0,0,empty
9de7ce883.jpg,candidates,0.0,0.0,0.0,4,85.61070007272065,0,0,0,0,0,0,0,empty
9de9bd6d6.jpg,land_coast,0.0,0.3091583251953125,0.0,3,84.09490005578846,0,1,0,1,0,1,1,coast
9e1f1c5f3.jpg,land_coast,0.0,0.1345452202690972,0.0,33,83.22770008817315,1,4,0,1,0,0,1,coast
9e240ca49.jpg,candidates,0.0,0.001522488064236111,0.0,1,73.40510003268719,0,1,0,1,0,1,1,ships
9e26fd54e.jpg,land_coast,0.0,0.2667795817057292,0.0,2,90.41429997887462,1,4,0,3,0,0,1,coast
9e2a69e33.jpg,candidates,0.0,0.0,0.0,3,86.96089999284595,1,5,1,0,0,0,3,ships
9e6cfc07c.jpg,candidates,0.0,0.005715264214409722,0.0,12,90.7024999614805,10,3,1,1,0,1,4,ships
9e703773e.jpg,candidates,0.0,0.00039503309461805556,0.0,17,83.04679999127984,0,1,0,1,0,1,1,ships
9e7298d5a.jpg,land_coast,0.0,0.1457739935980903,0.0,3,86.8445000378415,4,2,1,1,0,1,1,coast
9e82413af.jpg,candidates,0.0,0.08316548665364583,0.0,8,92.67699997872114,0,1,0,1,0,1,1,ships
9e95cb0ea.jpg,candidates,0.0,0.018317328559027776,0.0,55,100.18339997623116,1,2,0,2,0,2,2,ships
9e97ff4fd.jpg,land_coast,0.0,0.3308512369791667,0.0,3,84.05559998936951,1,6,1,4,0,1,2,coast
9ea6788e4.jpg,land_coast,0.0,0.29864501953125,0.0,6,101.10490000806749,0,1,0,1,0,1,1,coast
9eb29b805.jpg,candidates,0.0,0.0006239149305555555,0.0,4,78.45070003531873,0,1,0,1,0,1,1,ships
9ebe9182d.jpg,land_coast,0.0,0.2554592556423611,0.0,6,91.01810003630817,3,0,0,0,0,0,0,coast
9ed7ee672.jpg,candidates,0.0,0.002402411566840278,0.0,20,101.84830008074641,0,7,0,7,0,5,5,ships
9ede6ed1c.jpg,land_coast,0.0,0.0024668375651041665,0.16448465983072916,65,94.64940009638667,0,0,0,0,0,0,0,coast
9edef8ed8.jpg,candidates,0.0,8.138020833333333e-05,0.0,26,102.14660002384335,0,1,0,1,0,1,1,ships
9ef254a09.jpg,candidates,0.0,0.0010698106553819445,0.0,16,81.5195000031963,1,1,0,1,0,1,1,ships
9f044ff4e.jpg,land_coast,0.0,0.00010511610243055556,0.10415479871961805,16,81.4136000117287,0,0,0,0,0,0,0,coast
9f1949a42.jpg,candidates,0.0,0.0124359130859375,0.059687296549479164,46,95.46880004927516,7,3,0,1,0,1,3,ships
9f1e6df40.jpg,candidates,0.0,0.00010172526041666667,0.0,19,103.03630004636943,0,0,0,0,0,0,0,empty
9f5d0a1a0.jpg,land_coast,0.0,0.029025607638888888,0.3046366373697917,60,88.48409994971007,5,1,2,1,2,1,1,coast
9f617806e.jpg,candidates,0.0,0.0005866156684027778,0.0,14,97.62539993971586,1,1,1,1,0,1,1,ships
9f6192719.jpg,candidates,0.0,0.003918117947048611,0.0,1,101.50890005752444,0,2,0,1,0,1,1,ships
9f7a69dae.jpg,candidates,0.0,4.238552517361111e-05,0.0,48,87.69460010807961,0,0,0,0,0,0,0,empty
9f7f732f5.jpg,candidates,0.0,0.0049896240234375,0.0,100,100.82849999889731,1,2,0,2,0,2,2,ships
9f813af39.jpg,candidates,0.0,0.00024244520399305556,0.0,3,100.14420002698898,0,1,0,1,0,1,1,ships
9f986d090.jpg,candidates,0.0,0.03950839572482639,0.0,27,89.256800012663,1,1,0,1,0,1,1,ships
9f9fe4dbc.jpg,candidates,0.0,0.001308865017361111,0.0,5,96.84460004791617,3,2,1,2,0,2,2,ships
9faa8eac7.jpg,candidates,0.0,0.0002899169921875,0.0,22,90.20570002030581,0,0,0,0,0,0,0,empty
9fb50479f.jpg,land_coast,0.0,0.3438025580512153,0.0,1,100.86949996184558,0,1,0,1,0,1,1,coast
9fc8772e3.jpg,candidates,0.0,0.006200154622395833,0.0,17,90.21120006218553,0,1,0,1,0,1,1,ships
9fcd7f82c.jpg,candidates,0.0,0.032368977864583336,0.0,23,86.46350004710257,9,16,3,11,3,9,13,ships
9fcf09144.jpg,candidates,0.0,0.014940049913194444,0.049519856770833336,48,107.18739998992532,10,6,0,1,0,0,4,ships
9fd5ffab8.jpg,land_coast,0.0,0.21923997667100695,0.0,8,83.5050999885425,0,1,0,1,0,1,1,coast
9fd6d4956.jpg,candidates,0.0,0.003796047634548611,0.017344156901041668,3,88.33160006906837,0,2,0,2,0,2,2,ships
9fe7f5ea5.jpg,candidates,0.0,0.0228118896484375,0.0,15,88.72259990312159,0,1,0,1,0,1,1,ships
9fe8194d1.jpg,candidates,0.0,0.0008544921875,0.0,52,96.18510003201663,0,0,0,0,0,0,0,empty
9fede37b6.jpg,candidates,0.0,0.0,0.0,14,99.15619995445013,9,1,0,1,0,1,2,ships
9fff9d6e5.jpg,land_coast,0.0,0.1610683865017361,0.07644483778211805,52,96.05150006245822,2,1,1,1,0,0,1,coast
a00e7e4dd.jpg,land_coast,0.0,0.04405381944444445,0.1523980034722222,39,115.45469996053725,3,6,0,4,0,4,5,coast
a0220e22a.jpg,candidates,0.0,0.022123548719618056,0.0,3,83.86280003469437,0,0,0,0,0,0,0,empty
a035135f0.jpg,candidates,0.0,0.0006222195095486111,0.0,32,89.17419996578246,0,1,0,1,0,1,1,ships
a042932b8.jpg,candidates,0.0,0.0017411973741319445,0.0,21,91.30119998008013,0,2,0,2,0,1,1,ships
a04681f48.jpg,candidates,0.0,0.09183247884114583,0.0,17,91.48249996360391,2,0,0,0,0,0,1,ships
a04d82b6c.jpg,candidates,0.0,0.016655815972222224,0.046059502495659724,105,114.30650006514043,5,2,0,2,0,2,3,ships
a06753b6b.jpg,empty_sea,0.0,0.07538519965277778,0.0,0,96.55130002647638,0,0,0,0,0,0,0,empty
a077529df.jpg,land_coast,0.0,0.13868543836805555,0.0,77,93.02679996471852,0,1,0,1,0,1,1,coast
a07992ba2.jpg,candidates,0.0,0.001971774631076389,0.0,9,90.93969990499318,0,1,0,1,0,1,1,ships
a089b45f0.jpg,candidates,0.0,0.004528469509548611,0.0,3,90.7455999404192,0,2,0,1,0,1,1,ships
a089cb0ce.jpg,candidates,0.0,0.026624891493055556,0.0,102,82.87000004202127,0,0,0,0,0,0,0,empty
a08d5e278.jpg,candidates,0.0,0.00013054741753472222,0.0,15,82.3992999503389,2,6,2,6,2,4,5,ships
a09ad448b.jpg,candidates,0.0,0.00909423828125,0.0,48,95.642099971883,0,0,0,0,0,0,1,ships
a09ebdb2a.jpg,candidates,0.0,0.0009273952907986111,0.0,3,82.48010009992868,0,1,0,1,0,1,1,ships
a0ad2b2c0.jpg,candidates,0.013402303059895834,0.0009526307796385526,0.02115979345860198,35,89.31549999397248,0,3,0,1,0,1,1,ships
a0bf5e176.jpg,land_coast,0.0,0.2571004231770833,0.0,11,97.65010001137853,0,3,0,3,0,3,4,coast
a0d2a2993.jpg,land_coast,0.0,0.2340935601128472,0.0,23,92.17069996520877,0,1,0,0,0,0,1,coast
a0d4fd551.jpg,candidates,0.0,0.00016615125868055556,0.0,29,75.80000010784715,0,0,0,0,0,0,0,empty
a0d96b1b8.jpg,land_coast,0.0,0.0854034423828125,0.3014051649305556,23,105.64820002764463,7,7,1,2,0,2,7,coast
a111ed0bc.jpg,candidates,0.0,0.033599853515625,0.0,5,98.80719997454435,0,3,0,2,0,1,1,ships
a11221fe0.jpg,candidates,0.0,0.0003475613064236111,0.0,2,83.19679996930063,1,3,0,1,0,0,1,ships
a1192e7b1.jpg,candidates,0.0,0.0016004774305555555,0.0,8,98.36129995528609,0,2,0,2,0,2,2,ships
a11c7463e.jpg,land_coast,0.0,0.3424852159288194,0.0,1,122.15950002428144,0,1,0,1,0,1,1,coast
a1285785b.jpg,land_coast,0.0,0.2414788140190972,0.0,6,100.44840001501143,6,5,1,1,0,0,1,coast
a12870196.jpg,candidates,0.0,0.0018208821614583333,0.0,5,102.68310003448278,5,2,0,1,0,1,1,ships
a12bfae9d.jpg,candidates,0.0,0.0030568440755208335,0.013036092122395834,14,102.51380002591759,0,1,0,1,0,1,1,ships
a12fcc09b.jpg,land_coast,0.0,0.2540384928385417,0.0,17,122.21639999188483,0,3,0,3,0,3,3,coast
a1309c4b3.jpg,candidates,0.0,7.62939453125e-05,0.0,19,88.61360000446439,0,0,0,0,0,0,0,empty
a1475dae3.jpg,candidates,0.0,0.0009189181857638889,0.0,43,104.97420001775026,2,0,0,0,0,0,0,empty
a14c0830d.jpg,land_coast,0.0,0.2515682644314236,0.0,6,81.15600002929568,2,2,1,1,0,1,1,coast
a1604d5c2.jpg,candidates,0.0,0.004072401258680556,0.0,45,88.6272001080215,1,1,0,1,0,1,1,ships
a165206ff.jpg,candidates,0.0,0.0016801622178819445,0.0,9,83.59609998296946,0,3,0,2,0,2,2,ships
a18f4f6af.jpg,candidates,0.0,0.017520480685763888,0.025867038302951388,34,94.70609994605184,10,2,1,2,0,1,1,ships
a1a0a674a.jpg,candidates,0.0,9.833441840277778e-05,0.0,4,100.18119995947927,1,3,0,2,0,2,4,ships
a1a3ce3c3.jpg,candidates,0.0,0.023640950520833332,0.0,39,84.75329994689673,2,1,1,1,1,1,1,ships
a1abde08d.jpg,candidates,0.0,0.0035400390625,0.0,8,90.49819991923869,0,1,0,1,0,1,1,ships
a1ad3bd93.jpg,land_coast,0.0,0.2751125759548611,0.0,0,85.54629993159324,0,0,0,0,0,0,0,coast
a1b06a9be.jpg,candidates,0.0,0.0037282307942708335,0.0,9,109.14600000251085,0,3,0,3,0,3,3,ships
a1b68660a.jpg,land_coast,0.0,0.1717919243706597,0.0,27,91.21710003819317,1,1,0,1,0,1,1,coast
a1b87d224.jpg,land_coast,0.0,0.2733679877387153,0.0,2,99.4905000552535,0,1,0,1,0,1,1,coast
a1fd4d029.jpg,candidates,0.007127549913194444,0.003022141814518616,0.05045297862571356,18,104.41550007089972,0,3,0,2,0,2,2,ships
a20832f2b.jpg,land_coast,0.0,0.20808580186631945,0.017888387044270832,26,108.78080001566559,0,2,0,2,0,2,2,coast
a21653a43.jpg,land_coast,0.0,0.2551099989149306,0.025105794270833332,25,86.56320010777563,0,2,0,0,0,0,1,coast
a22538114.jpg,candidates,0.0,0.0013936360677083333,0.0,7,86.43310004845262,2,5,1,5,0,3,4,ships
a24633eca.jpg,candidates,0.0,0.001712375217013889,0.0,7,91.98019991163164,0,6,0,4,0,3,3,ships
a24ff2ae3.jpg,candidates,0.2207556830512153,0.000532487319866028,0.0,40,92.5813999492675,5,1,1,1,1,1,1,ships
a25276c7a.jpg,land_coast,0.0,0.24785359700520834,0.0,0,78.61880003474653,0,0,0,0,0,0,0,coast
a2614b972.jpg,candidates,0.0,0.0082550048828125,0.014707777235243056,35,101.55440005473793,0,1,0,1,0,1,1,ships
a271564cc.jpg,land_coast,0.0,0.2818569607204861,0.0,15,101.34409996680915,2,2,2,2,1,2,2,coast
a273f009e.jpg,candidates,0.0,0.035744561089409724,0.0,10,86.37019991874695,0,1,0,1,0,1,1,ships
a274d456b.jpg,candidates,0.0,0.11121114095052083,0.0,46,98.46799995284528,1,1,0,1,0,1,1,ships
a275b9660.jpg,candidates,0.0,0.007074991861979167,0.020750257703993056,8,94.04100000392646,0,1,0,1,0,1,1,ships
a27c1e347.jpg,candidates,0.0,0.003406100802951389,0.011983235677083334,1,74.3524000281468,1,4,0,1,0,0,1,ships
a280fe312.jpg,land_coast,0.006908840603298611,0.015396295223618163,0.2137315622338338,34,102.72579989396036,6,6,1,4,1,2,3,coast
a28d6927a.jpg,candidates,0.0,0.00022379557291666666,0.0,56,105.99009995348752,0,1,0,0,0,0,1,ships
a2a43ca82.jpg,candidates,0.0,0.001812405056423611,0.0,11,87.18050003517419,7,4,2,4,0,4,4,ships
a2ac82f04.jpg,land_coast,0.0,0.2888132731119792,0.0,10,79.35709995217621,0,1,0,1,0,1,1,coast
a2b8745cd.jpg,candidates,0.0,0.0904574924045139,0.029557969835069444,24,93.6140000121668,3,1,0,0,0,0,1,ships
a2bb36d8f.jpg,candidates,0.0,0.0015462239583333333,0.0,9,92.62690006289631,0,4,0,2,0,2,3,ships
a2d2d9d0b.jpg,candidates,0.0,0.10542466905381945,0.025246514214409724,45,92.51039999071509,2,0,0,0,0,0,0,empty
a2d57be9c.jpg,candidates,0.0,0.002307467990451389,0.0,14,89.07149999868125,0,5,0,4,0,3,3,ships
a2d929cff.jpg,candidates,0.0,0.0034993489583333335,0.0,81,91.10319998580962,0,0,0,0,0,0,0,empty
a2dc3bd3c.jpg,candidates,0.0,5.5948893229166664e-05,0.0,2,90.36249993368983,0,1,0,1,0,1,1,ships
a2f3890a5.jpg,land_coast,0.0,0.3001217312282986,0.0,0,99.56180001609027,2,1,0,1,0,1,1,coast
a2fc8e98c.jpg,land_coast,0.0,0.2927788628472222,0.0,5,94.57640000618994,0,2,0,1,0,1,1,coast
a305463cf.jpg,land_coast,0.0,0.2931060791015625,0.0,0,105.04399996716529,0,0,0,0,0,0,0,coast
a308eef51.jpg,candidates,0.0,0.0016615125868055555,0.0,48,104.05739990528673,3,1,0,1,0,1,1,ships
a313ffb5a.jpg,land_coast,0.0,0.2286410861545139,0.0,29,109.88789994735271,0,0,0,0,0,0,0,coast
a3161becd.jpg,candidates,0.0,3.2212999131944445e-05,0.0,2,106.10890004318208,0,2,0,1,0,1,1,ships
a33f0c919.jpg,land_coast,0.0,0.1750606960720486,0.0,0,105.10809998959303,0,0,0,0,0,0,0,coast
a3426c6ca.jpg,candidates,0.0,0.0016496446397569445,0.0,10,106.2229999806732,0,1,0,1,0,1,1,ships
a34fe6136.jpg,land_coast,0.0,0.2087368435329861,0.0,30,86.3346999976784,0,0,0,0,0,0,0,coast
a35f4fa8b.jpg,empty_sea,0.0,0.0,0.0,0,84.63039994239807,0,0,0,0,0,0,0,empty
a368b5692.jpg,candidates,0.0,0.0009765625,0.0,2,103.97980001289397,1,6,0,4,0,2,3,ships
a36bc882e.jpg,candidates,0.0,0.06934271918402778,0.0,26,99.92489998694509,5,6,0,4,0,4,4,ships
a37b6d4f1.jpg,candidates,0.0,0.024493747287326388,0.05219862196180555,41,86.27170010004193,2,3,1,1,0,0,1,ships
a38e6b240.jpg,candidates,0.0,0.00013224283854166666,0.0,1,85.04789997823536,0,1,0,1,0,1,1,ships
a3a1f9e8c.jpg,candidates,0.0,0.0008477105034722222,0.019632975260416668,25,78.62559997010976,0,3,0,2,0,2,2,ships
a3a87b5fe.jpg,candidates,0.0,0.0037943522135416665,0.0,35,93.69000000879169,0,2,0,2,0,2,2,ships
a3b343da9.jpg,land_coast,0.0,0.3140089246961806,0.0,1,104.62250001728535,0,1,0,1,0,1,1,coast
a3b5f2da2.jpg,land_coast,0.0,0.2572140163845486,0.0,5,103.57000003568828,0,1,0,1,0,1,1,coast
a3cb5b44b.jpg,land_coast,0.0,0.20973375108506945,0.0,6,99.28359999321401,0,0,0,0,0,0,0,coast
a3da3cd44.jpg,candidates,0.0,0.002697414822048611,0.0,66,90.72009997908026,0,0,0,0,0,0,0,empty
a3def29c3.jpg,candidates,0.0,0.00010850694444444444,0.0,3,102.64329996425658,5,2,2,0,2,0,1,ships
a3e5cc8a7.jpg,candidates,0.0,5.5948893229166664e-05,0.0,2,83.54570006486028,0,5,0,1,0,0,2,ships
a4023755a.jpg,candidates,0.0,0.0008222791883680555,0.0,26,97.55040006712079,0,0,0,0,0,0,0,empty
a40636ef2.jpg,candidates,0.0,3.729926215277778e-05,0.0,20,99.63920002337545,0,0,0,0,0,0,0,empty
a409cbbd4.jpg,candidates,0.0,0.04806688096788195,0.0,67,85.50809998996556,1,1,0,1,0,1,1,ships
a40e7c5ed.jpg,land_coast,0.0,0.2342190212673611,0.0,8,85.48589993733913,3,0,0,0,0,0,1,coast
a415cc5bf.jpg,candidates,0.0,0.008039686414930556,0.0,52,91.00649994798005,0,0,0,0,0,0,0,empty
a419e253d.jpg,candidates,0.0,0.010428534613715278,0.010533650716145834,51,100.34380003344268,4,2,1,1,1,1,3,ships
a42610500.jpg,candidates,0.0,0.05920071072048611,0.0,19,107.63199999928474,1,0,0,0,0,0,0,empty
a42dee4fb.jpg,candidates,0.0,0.003887600368923611,0.0,14,76.83110004290938,0,1,0,1,0,1,1,ships
a44462b3c.jpg,candidates,0.0,0.07845221625434028,0.0,15,100.20600003190339,0,0,0,0,0,0,0,empty
a448daefc.jpg,candidates,0.0,0.0013037787543402778,0.0,2,78.31410004291683,2,2,1,1,1,1,1,ships
a44a5676d.jpg,candidates,0.006578233506944444,0.0007991717363588914,0.0238348264325624,20,88.56549998745322,1,1,0,1,0,1,1,ships
a45351e07.jpg,land_coast,0.0,0.03529696994357639,0.20173136393229166,88,84.75450007244945,2,2,0,1,0,0,1,coast
a453f5a1d.jpg,candidates,0.0,0.004048665364583333,0.0,2,100.66779993940145,0,1,0,1,0,1,1,ships
a45d03b5b.jpg,empty_sea,0.0,0.0,0.0,0,92.83849992789328,0,0,0,0,0,0,0,empty
a462d0e90.jpg,candidates,0.0,0.00011189778645833333,0.0,1,78.88399995863438,0,4,0,2,0,0,1,ships
a465d05b9.jpg,land_coast,0.0,0.3366326226128472,0.0,5,106.74260009545833,0,1,0,0,0,0,8,coast
a46d1044c.jpg,candidates,0.0,0.010764227973090278,0.0,64,86.76330000162125,0,2,0,2,0,2,2,ships
a482999bb.jpg,candidates,0.0,0.04075961642795139,0.0,35,77.03419995959848,15,2,3,2,2,1,1,ships
a498b4b46.jpg,candidates,0.0,0.03314039442274305,0.0,13,84.28900002036244,0,1,0,0,0,0,1,ships
a4a941c4d.jpg,land_coast,0.0,0.22314961751302084,0.0,0,90.37290001288056,0,0,0,0,0,0,0,coast
a4c146830.jpg,candidates,0.0,0.06851365831163195,0.0,6,82.64999999664724,3,3,2,1,2,0,1,ships
a4cc5f162.jpg,land_coast,0.0,0.3074086507161458,0.013205634223090278,11,95.04479996394366,0,1,0,1,0,1,1,coast
a4cd6e110.jpg,candidates,0.0,0.0003916422526041667,0.0,4,91.89859998878092,0,1,0,1,0,1,1,ships
a4e9078ce.jpg,candidates,0.0,0.0028483072916666665,0.019561767578125,19,80.28019999619573,1,1,0,1,0,1,1,ships
a4ebb0a43.jpg,land_coast,0.0,0.1769171820746528,0.0,16,84.14029993582517,1,1,0,1,0,1,1,coast
a4f24d99e.jpg,candidates,0.0,0.003350151909722222,0.0,4,79.63400008156896,1,4,1,2,0,1,2,ships
a505530ed.jpg,candidates,0.0,0.00012885199652777778,0.0,1,129.88070002757013,0,4,0,1,0,0,2,ships
a507639aa.jpg,candidates,0.0,0.0002950032552083333,0.0,5,118.42209997121245,0,2,0,2,0,1,1,ships
a515d3529.jpg,candidates,0.0,0.00041029188368055556,0.0,10,93.44279998913407,0,2,0,2,0,2,2,ships
a53531c44.jpg,candidates,0.0,0.0012444390190972222,0.014146592881944444,4,89.20499996747822,0,1,0,1,0,1,1,ships
a5381895b.jpg,candidates,0.0,0.001147800021701389,0.0,5,94.74759991280735,0,1,0,1,0,1,1,ships
a53abb704.jpg,candidates,0.0,0.0015428331163194445,0.0,15,74.18609992600977,3,1,0,1,0,1,1,ships
a53e7ae66.jpg,land_coast,0.2626156277126736,0.2930379482953556,0.0,21,105.70439998991787,1,0,0,0,0,0,1,coast
a55332cc7.jpg,candidates,0.0,0.0,0.0,1,88.9224000275135,2,1,1,1,0,1,2,ships
a562df41c.jpg,candidates,0.0,0.006034003363715278,0.0,31,90.02410003449768,1,2,0,0,0,0,1,ships
a5683623e.jpg,candidates,0.0,5.0862630208333336e-05,0.0,1,90.40949994232506,0,2,0,1,0,1,1,ships
a568af8f1.jpg,candidates,0.0,0.0189208984375,0.04746670193142361,93,84.40570009406656,6,4,1,4,0,4,4,ships
a56cdd683.jpg,candidates,0.0,0.07910664876302083,0.0,21,86.68609999585897,0,0,0,0,0,0,0,empty
a57beb4af.jpg,candidates,0.0,5.5948893229166664e-05,0.0,1,85.55180008988827,0,1,0,1,0,1,1,ships
a57d3ceb7.jpg,candidates,0.0,0.004981146918402778,0.014616224500868056,2,100.8042999310419,0,2,0,2,0,0,1,ships
a5840558f.jpg,land_coast,0.0,0.03233167860243055,0.08359442816840278,89,85.19080001860857,9,5,4,4,2,4,4,coast
a5958a38e.jpg,candidates,0.0,0.04521009657118055,0.0,15,103.17559994291514,0,1,0,1,0,1,1,ships
a59fbfb69.jpg,land_coast,0.0,0.2787729899088542,0.0,1,95.76720010954887,0,0,0,0,0,0,0,coast
a5a7a1284.jpg,candidates,0.0,0.022832234700520832,0.0,107,97.29519998654723,1,1,0,1,0,1,1,ships
a5cda709b.jpg,cloud,0.9700436062282987,0.0,0.0,0,56.809799978509545,0,0,0,0,0,0,0,cloud
a5cf044e4.jpg,candidates,0.0,0.0008494059244791666,0.0,2,86.80270006880164,0,4,0,3,0,1,2,ships
a5d8b7d8d.jpg,land_coast,0.0,0.035515679253472224,0.20762803819444445,49,86.2411999842152,0,4,0,3,0,3,3,coast
a5e0f4b8f.jpg,candidates,0.0,0.00146484375,0.0,10,95.45350004918873,0,11,0,5,0,5,6,ships
a5e4145a0.jpg,candidates,0.0,0.0008409288194444445,0.0,1,85.92430001590401,0,1,0,1,0,1,1,ships
a5fc52ed7.jpg,candidates,0.0,0.00017123752170138888,0.0,2,113.39209997095168,7,0,1,0,0,0,1,ships
a6031e6ac.jpg,candidates,0.0,0.030058119032118056,0.0,1,88.05100002791733,0,0,0,0,0,0,0,empty
a616f7e91.jpg,candidates,0.0,0.0002865261501736111,0.0,1,71.83180004358292,1,2,0,2,0,0,1,ships
a62956c1d.jpg,cloud,0.993865966796875,0.0,0.0,0,61.30309996660799,0,2,0,2,0,1,1,cloud
a62a01368.jpg,candidates,0.0,0.0009036593967013889,0.0,37,83.05779995862395,0,0,0,0,0,0,0,empty
a6312e2f4.jpg,land_coast,0.0,0.009150187174479166,0.09191385904947917,3,85.09270008653402,3,1,0,1,0,1,1,coast
a631a6d34.jpg,candidates,0.0,0.07465955946180555,0.0,72,77.2913999389857,1,1,0,1,0,1,1,ships
a636dd86c.jpg,land_coast,0.0,0.2135467529296875,0.0,5,72.99000001512468,0,1,0,1,0,1,1,coast
a640204b1.jpg,candidates,0.0,0.00012376573350694444,0.0,62,82.53530005458742,0,0,0,0,0,0,0,empty
a6553448a.jpg,candidates,0.0,0.0,0.0,3,81.73159998841584,0,6,0,4,0,3,4,ships
a6554920e.jpg,candidates,0.0,0.0005713568793402778,0.0,2,91.15630004089326,0,3,0,2,0,2,2,ships
a6654388a.jpg,candidates,0.0,0.06384955512152778,0.0,26,96.69150004629046,6,2,1,1,0,1,2,ships
a66a86893.jpg,land_coast,0.0,0.279388427734375,0.0,17,109.69670000486076,0,1,0,1,0,1,1,coast
a677c26b0.jpg,land_coast,0.08934190538194445,0.14037139407862792,0.0,20,82.74360001087189,6,3,0,1,0,0,7,coast
a67e1997d.jpg,candidates,0.0,0.012303670247395834,0.0,2,104.01709994766861,0,3,0,3,0,2,2,ships
a67ffc1e6.jpg,land_coast,0.0,0.1376563178168403,0.0,49,107.03219997230917,0,8,0,7,0,6,5,coast
a6838c96c.jpg,candidates,0.0,0.00044080946180555556,0.0,2,81.96179999504238,0,3,0,1,0,1,2,ships
a69036fca.jpg,candidates,0.0,0.0007866753472222222,0.0,5,82.91919995099306,0,1,0,1,0,1,1,ships
a69be0c5b.jpg,land_coast,0.0,0.18744913736979166,0.0,1,87.91000000201166,0,1,0,1,0,1,1,coast
a6ae01701.jpg,candidates,0.0,0.11929490831163195,0.0,42,101.8428000388667,0,2,0,1,0,1,1,ships
a6b5683f4.jpg,candidates,0.0,0.0036451551649305555,0.0,30,83.99149996694177,4,2,1,2,0,2,2,ships
a6b6255f6.jpg,candidates,0.0,0.0025278727213541665,0.011569552951388888,2,103.99029997643083,0,2,0,1,0,1,1,ships
a6bccc26b.jpg,candidates,0.0,0.007778591579861111,0.0,24,93.6945000430569,3,3,0,3,0,3,3,ships
a6dc0d057.jpg,land_coast,0.0,0.1510043674045139,0.05891079372829861,22,94.06349994242191,5,3,0,2,0,1,1,coast
a6dd3f601.jpg,land_coast,0.0,0.1633792453342014,0.0,3,94.03619996737689,0,1,0,1,0,1,1,coast
a6ed3f370.jpg,candidates,0.0,0.0024363199869791665,0.0,1,87.75410009548068,4,0,2,0,2,0,1,ships
a6fee613f.jpg,candidates,0.0,0.0029008653428819445,0.0,18,81.32660004775971,3,8,0,8,0,8,9,ships
a70b766bd.jpg,candidates,0.0,0.0010138617621527778,0.0,5,86.17870009038597,0,2,0,1,0,0,1,ships
a719f9319.jpg,candidates,0.0,6.951226128472222e-05,0.0,1,83.07709998916835,0,1,0,1,0,1,1,ships
a71b03932.jpg,candidates,0.0,0.00038825141059027775,0.0,8,88.3904000511393,2,7,1,2,0,0,2,ships
a74ef30e6.jpg,candidates,0.0,0.022282918294270832,0.0715484619140625,106,101.69419995509088,0,6,0,3,0,3,3,ships
a7501cc14.jpg,candidates,0.0,0.016394721137152776,0.0,70,100.73479998391122,1,0,1,0,0,0,0,empty
a75dc5c66.jpg,candidates,0.0,0.0013054741753472222,0.0,23,98.26540003996342,2,0,1,0,0,0,1,ships
a771adeb2.jpg,land_coast,0.006907145182291667,0.05100066436991021,0.26402197215125717,42,84.70370003487915,8,1,5,1,4,1,1,coast
a78849f28.jpg,candidates,0.0,0.00010172526041666667,0.0,3,78.01549998112023,0,2,0,2,0,2,2,ships
a7910d269.jpg,candidates,0.0,0.025163438585069444,0.0,26,102.84320008940995,0,0,0,0,0,0,0,empty
a793f3728.jpg,candidates,0.0,0.0113372802734375,0.0,39,91.68920002412051,5,1,2,1,1,1,1,ships
a79d4dc9d.jpg,candidates,0.0,0.0007002088758680555,0.0,4,82.80600002035499,0,3,0,2,0,2,2,ships
a79e11add.jpg,candidates,0.0,0.0006476508246527778,0.0,57,96.58450004644692,0,3,0,2,0,0,1,ships
a7ab60610.jpg,candidates,0.0,7.459852430555556e-05,0.0,1,86.7701000533998,0,2,0,1,0,1,1,ships
a7b454a13.jpg,candidates,0.0037672254774305555,0.05605191128695311,0.0,1,90.53299995139241,0,0,0,0,0,0,0,empty
a7d7a8762.jpg,land_coast,0.0,0.2092810736762153,0.0,7,92.96469995751977,0,0,0,0,0,0,0,coast
a7d954641.jpg,empty_sea,0.0,0.059443155924479164,0.0,0,98.10049994848669,0,0,0,0,0,0,1,ships
a7e7794c1.jpg,land_coast,0.0,0.16252305772569445,0.0,4,95.50490009132773,0,0,0,0,0,0,0,coast
a7f2415df.jpg,candidates,0.0,0.0008748372395833334,0.06831868489583333,16,107.94879996683449,0,1,0,1,0,1,1,ships
a7fabbe3f.jpg,empty_sea,0.0,0.0,0.0,0,87.2494000941515,0,0,0,0,0,0,0,empty
a7fd7b8d4.jpg,candidates,0.0,0.0007442898220486111,0.0220489501953125,40,117.3671999713406,0,2,0,1,0,0,1,ships
a80ec0bda.jpg,land_coast,0.0,0.2391086154513889,0.0,1,84.07360001001507,0,2,0,2,0,2,2,coast
a811bd967.jpg,candidates,0.0,0.06837632921006945,0.0,43,94.04669993091375,17,5,2,0,0,0,10,ships
a81665002.jpg,candidates,0.0,9.663899739583333e-05,0.0,28,82.64129993040115,0,0,0,0,0,0,0,empty
a81865333.jpg,candidates,0.0,0.0009138319227430555,0.0,4,108.10610000044107,2,2,0,0,0,0,1,ships
a82281475.jpg,candidates,0.0,0.00016615125868055556,0.0,2,93.65070005878806,0,1,0,1,0,1,1,ships
a824abbe6.jpg,candidates,0.0,0.00011867947048611111,0.0,3,80.12810000218451,3,4,1,2,0,0,3,ships
a85cd2105.jpg,candidates,0.0,6.781684027777778e-05,0.0,4,80.76349995099008,0,0,0,0,0,0,0,empty
a85cf7145.jpg,candidates,0.0,0.11395094129774305,0.0,1,83.20269989781082,0,0,0,0,0,0,0,empty
a8874e77b.jpg,candidates,0.0,0.00026787651909722225,0.0,3,88.88739999383688,0,0,0,0,0,0,0,empty
a89126e98.jpg,land_coast,0.0,0.1789025200737847,0.0,3,95.29580001253635,0,8,0,5,0,4,3,coast
a891e6210.jpg,land_coast,0.0,0.2101067437065972,0.0,49,87.24839997012168,0,0,0,0,0,0,1,coast
a8985e1bb.jpg,land_coast,0.0,0.2822808159722222,0.0,0,98.285699961707,0,0,0,0,0,0,0,coast
a89b37507.jpg,candidates,0.0,0.002716064453125,0.0,18,86.68950002174824,0,2,0,2,0,2,2,ships
a89f33618.jpg,candidates,0.0,0.005503336588541667,0.016501532660590276,25,72.4806000944227,0,1,0,1,0,1,1,ships
a8b718832.jpg,land_coast,0.0,0.1918267144097222,0.034617106119791664,65,94.04070000164211,0,1,0,1,0,1,1,coast
a8bd1fec0.jpg,candidates,0.0,0.001888699001736111,0.0,15,106.18910007178783,0,13,0,12,0,10,11,ships
a8ed60086.jpg,land_coast,0.0,0.026735093858506944,0.09781731499565972,71,86.6569000063464,0,3,0,2,0,2,4,coast
a904b13c2.jpg,candidates,0.0,0.041266547309027776,0.0,59,93.19119993597269,0,0,0,0,0,0,0,empty
a90723fc9.jpg,candidates,0.0,0.0012563069661458333,0.0,2,81.49100001901388,1,1,0,1,0,1,1,ships
a90d02e44.jpg,candidates,0.0,0.0008917914496527778,0.0,2,79.87489993683994,2,3,1,3,0,3,3,ships
a911585a1.jpg,candidates,0.0,3.5603841145833336e-05,0.0,5,102.08400001283735,2,0,0,0,0,0,0,empty
a917fee41.jpg,candidates,0.0,0.0006730821397569445,0.0,2,90.71350004523993,3,0,0,0,0,0,0,empty
a9411389a.jpg,candidates,0.0,0.0,0.0,1,84.18320002965629,0,1,0,1,0,1,1,ships
a9589c03a.jpg,candidates,0.0,0.00012546115451388888,0.0,2,84.44530004635453,5,2,1,1,0,1,1,ships
a95dad9f9.jpg,candidates,0.0,0.001827663845486111,0.0,1,100.16679996624589,0,3,0,2,0,0,1,ships
a97971e23.jpg,land_coast,0.0,0.24068705240885416,0.2757551405164931,5,94.74380000028759,0,0,0,0,0,0,1,coast
a979907a1.jpg,candidates,0.0,0.006764729817708333,0.017003377278645832,48,84.5483000157401,1,1,0,1,0,1,1,ships
a979bc71a.jpg,candidates,0.0,0.0019938151041666665,0.0,2,81.87699993140996,0,2,0,1,0,1,1,ships
a97f55b54.jpg,candidates,0.0,0.001369900173611111,0.0,88,101.03839996736497,0,0,0,0,0,0,0,empty
a987d3c35.jpg,candidates,0.0,0.0012274848090277778,0.0,17,97.85189991816878,2,2,1,1,1,1,1,ships
a98ae52ef.jpg,land_coast,0.0,0.3029446072048611,0.0,18,89.62250000331551,0,2,0,2,0,2,2,coast
a98e2bd12.jpg,candidates,0.0,0.009882609049479166,0.0,12,79.1879000607878,0,4,0,2,0,1,3,ships
a999e3657.jpg,land_coast,0.0,0.2812754313151042,0.0,3,127.59679998271167,1,1,0,1,0,1,1,coast
a9a9f3eec.jpg,land_coast,0.0,0.3084462483723958,0.0,0,87.56890008226037,2,3,0,3,0,3,3,coast
a9ac51ac4.jpg,empty_sea,0.8370768229166666,0.0,0.0,0,71.63650006987154,0,0,0,0,0,0,0,empty
a9b1d6344.jpg,land_coast,0.0,0.2754753960503472,0.0,45,87.25320000667125,0,1,0,1,0,1,1,coast
a9d183962.jpg,candidates,0.0,0.08790079752604167,0.0,12,82.17830001376569,0,0,0,0,0,0,0,empty
a9f4e777c.jpg,candidates,0.0,0.0027177598741319445,0.0,18,99.45140010677278,0,1,0,1,0,1,1,ships
a9fec07fb.jpg,land_coast,0.0,0.2905069986979167,0.0,56,104.47210003621876,0,1,0,1,0,1,1,coast
aa0b9e324.jpg,candidates,0.0,0.0003916422526041667,0.0,4,89.10849993117154,0,1,0,1,0,1,1,ships
aa0cd2cba.jpg,land_coast,0.0,0.2823282877604167,0.0,0,92.50699996482581,0,1,0,1,0,1,1,coast
aa10c13c1.jpg,land_coast,0.0,0.16049363878038195,0.0,2,83.47910002339631,0,0,0,0,0,0,1,coast
aa1fa46ee.jpg,candidates,0.0,4.4080946180555555e-05,0.0,14,94.64750008191913,0,0,0,0,0,0,0,empty
aa26a405b.jpg,candidates,0.0,0.00020514594184027778,0.0,2,88.38419988751411,0,4,0,2,0,0,1,ships
aa345fcb8.jpg,candidates,0.0,0.0026380750868055555,0.0,10,87.23730000201613,0,2,0,2,0,2,2,ships
aa370ac4e.jpg,land_coast,0.2324608696831597,0.25443237636002786,0.0,1,106.28319997340441,0,1,0,1,0,1,1,coast
aa46d4798.jpg,candidates,0.0,0.0021107991536458335,0.0,10,103.42179995495826,0,1,0,1,0,1,1,ships
aa58fcbb7.jpg,land_coast,0.0,0.2941843668619792,0.0,3,85.57710004970431,0,0,0,0,0,0,0,coast
aa5cbb427.jpg,candidates,0.0,0.003879123263888889,0.0,8,88.52270001079887,0,3,0,1,0,0,1,ships
aa7156bc3.jpg,land_coast,0.0,0.2460242377387153,0.014936659071180556,1,99.2221999913454,2,5,1,4,1,4,3,coast
aa80c46b4.jpg,candidates,0.0,0.001827663845486111,0.013570149739583334,42,88.74379994813353,0,3,0,3,0,3,3,ships
aa83cf05e.jpg,candidates,0.0,0.0009545220269097222,0.0,14,93.24550000019372,0,1,0,1,0,1,1,ships
aa901772f.jpg,candidates,0.04902988009982639,0.00024889485274623007,0.034616223976510097,44,87.7749000210315,1,1,0,1,0,1,1,ships
aaa4c5723.jpg,candidates,0.0,0.0010443793402777778,0.023613823784722224,50,97.86340000573546,11,10,5,6,1,4,4,ships
aab530eb8.jpg,candidates,0.0,0.0022142198350694445,0.0,21,84.66639998368919,1,11,0,6,0,4,5,ships
aab5e7908.jpg,candidates,0.0,6.273057725694444e-05,0.0,2,93.80620007868856,0,2,0,1,0,1,1,ships
aab9542c1.jpg,candidates,0.0,0.0,0.0,4,84.62709991727024,4,4,1,1,1,0,3,ships
aabedc683.jpg,candidates,0.0,0.002902560763888889,0.0,10,82.16380001977086,0,2,0,2,0,2,2,ships
aac5acad2.jpg,candidates,0.0,0.002819485134548611,0.0,4,88.40010000858456,1,3,0,1,0,0,1,ships
aac821c4c.jpg,candidates,0.0,7.459852430555556e-05,0.0,1,88.23190000839531,0,1,0,1,0,1,1,ships
aacc0bd6e.jpg,land_coast,0.7002360026041666,0.2761346840743934,0.0,2,84.10790003836155,2,4,0,0,0,0,1,coast
aaee0904d.jpg,land_coast,0.11122979058159722,0.0011806055013502327,0.13807268575150677,31,94.08959990832955,0,2,0,2,0,2,2,coast
aaee6f6c7.jpg,candidates,0.0,0.0004628499348958333,0.0,1,85.61930002178997,0,1,0,1,0,1,1,ships
ab13e2ab9.jpg,candidates,0.0,0.04671054416232639,0.0,15,107.0171999745071,0,1,0,1,0,1,1,ships
ab2468b80.jpg,candidates,0.04797193739149305,5.015341571628929e-05,0.026364575926002217,42,80.85979998577386,2,3,0,2,0,2,2,ships
ab2518ceb.jpg,candidates,0.0,0.0005238850911458334,0.0,6,87.35180005896837,0,1,0,1,0,1,1,ships
ab2a5ac49.jpg,candidates,0.0,0.038214789496527776,0.0,74,84.22329998575151,0,0,0,0,0,0,0,empty
ab581a506.jpg,land_coast,0.7959238688151041,0.06500622430118073,0.20993813421856727,4,76.65110006928444,1,0,0,0,0,0,0,coast
ab5c832cb.jpg,candidates,0.0,0.06403435601128472,0.028454250759548612,4,84.5790000166744,0,1,0,1,0,1,1,ships
ab625db79.jpg,land_coast,0.0,0.21690877278645834,0.027413262261284724,32,89.61240004282445,3,0,0,0,0,0,1,coast
ab758680b.jpg,land_coast,0.0,0.21080186631944445,0.0,19,103.96620002575219,0,0,0,0,0,0,1,coast
ab7f5bc13.jpg,candidates,0.0,0.002276950412326389,0.0,16,86.58320002723485,2,9,0,5,0,5,7,ships
aba767ca4.jpg,land_coast,0.0,0.1332482231987847,0.0,40,97.69960003904998,0,1,0,1,0,1,1,coast
abe09831c.jpg,candidates,0.0,0.0,0.0,40,97.10980008821934,0,3,0,0,0,0,1,ships
abf4fd0d8.jpg,candidates,0.0,0.0753597683376736,0.013158162434895834,35,84.38539993949234,3,1,1,1,0,1,1,ships
ac00ad4cc.jpg,land_coast,0.0,0.3018883599175347,0.0,1,123.97369998507202,0,0,0,0,0,0,0,coast
ac0d5f667.jpg,candidates,0.0,8.985731336805556e-05,0.0,3,120.20700005814433,0,1,0,1,0,1,2,ships
ac1831291.jpg,candidates,0.0,0.002926296657986111,0.0,15,97.40150009747595,0,1,0,1,0,1,1,ships
ac292bdb3.jpg,candidates,0.0,0.0036977132161458335,0.017830742730034724,17,99.34539999812841,0,1,0,1,0,1,1,ships
ac32a9591.jpg,candidates,0.0,0.0003662109375,0.0,4,75.59020002372563,1,2,0,2,0,0,1,ships
ac32d2cfe.jpg,candidates,0.0,0.003619723849826389,0.0,84,87.69670000765473,0,0,0,0,0,0,0,empty
ac7d410fe.jpg,candidates,0.0,0.003119574652777778,0.0,11,83.0402000574395,0,1,0,1,0,1,1,ships
ac831c8c2.jpg,land_coast,0.0,0.1624518500434028,0.022082858615451388,17,81.2904000049457,2,0,0,0,0,0,1,coast
ac96f1a00.jpg,candidates,0.0,0.00014411078559027778,0.0,56,85.9616999514401,0,0,0,0,0,0,0,empty
ac9f83c4a.jpg,candidates,0.0,0.042822943793402776,0.0,64,82.66769989859313,7,4,4,3,2,3,3,ships
aca889d85.jpg,candidates,0.0,0.0004831949869791667,0.0,4,94.98310007620603,0,1,0,1,0,1,1,ships
acb4b35f6.jpg,candidates,0.0,0.00079345703125,0.0,2,117.04209994059056,0,3,0,2,0,1,2,ships
accf70914.jpg,land_coast,0.0,0.23752848307291666,0.0,9,83.02650006953627,4,4,0,0,0,0,1,coast
acd9a6662.jpg,land_coast,0.0,0.005547417534722222,0.1768561469184028,36,92.1573000960052,0,1,0,0,0,0,1,coast
acf86ad6f.jpg,candidates,0.0,0.0008833143446180555,0.0,6,77.27719994727522,0,1,0,1,0,1,1,ships
acfd40d68.jpg,candidates,0.0,0.005060831705729167,0.0,25,94.64090003166348,0,2,0,2,0,2,2,ships
ad018aea0.jpg,land_coast,0.0,0.2922905815972222,0.0,0,89.08029994927347,0,0,0,0,0,0,1,coast
ad035429d.jpg,candidates,0.0,0.0014868842230902778,0.0,3,93.45629997551441,0,1,0,1,0,1,1,ships
ad42a2691.jpg,land_coast,0.0,0.3042161729600694,0.0,7,82.21679995767772,2,3,0,3,0,3,3,coast
ad4d0bf05.jpg,candidates,0.0,0.0,0.0,1,98.00140000879765,0,1,0,1,0,1,1,ships
ad4dae948.jpg,candidates,0.0,3.2212999131944445e-05,0.0,4,99.09070003777742,0,2,0,1,0,1,1,ships
ad6558901.jpg,candidates,0.0,0.0003865559895833333,0.0,2,99.93050002958626,0,2,0,1,0,1,1,ships
ad6da5c09.jpg,land_coast,0.0,0.3005710177951389,0.0,1,99.2742000380531,0,0,0,0,0,0,1,coast
ad70e1001.jpg,candidates,0.009489271375868056,0.006856559132018428,0.016650415228543373,38,101.85189999174327,2,1,2,1,1,1,1,ships
ad7348bcc.jpg,candidates,0.0,0.0636867947048611,0.0,43,87.41849998477846,0,2,0,2,0,2,2,ships
ad7b83b0c.jpg,candidates,0.0,0.001895480685763889,0.0,7,101.38569993432611,0,1,0,1,0,1,1,ships
ada2fdff0.jpg,candidates,0.0,0.005837334526909722,0.0,97,122.30220006313175,0,0,0,0,0,0,0,empty
ada663274.jpg,candidates,0.0,0.0,0.0,2,105.5440999334678,0,0,0,0,0,0,0,empty
adaec4a49.jpg,candidates,0.0,0.0013105604383680555,0.0,6,85.06020007189363,0,1,0,1,0,1,1,ships
adb5b5c97.jpg,candidates,0.0,0.0015343560112847222,0.0,6,87.96590007841587,0,1,0,1,0,1,1,ships
adbcb08ba.jpg,candidates,0.0,0.003528171115451389,0.0,36,92.84980001393706,0,1,0,1,0,1,1,ships
addfa119c.jpg,candidates,0.0,0.0066986083984375,0.014456854926215278,22,87.64499996323138,1,2,0,2,0,2,2,ships
ade3b9d4d.jpg,candidates,0.0,0.00014919704861111112,0.0,3,84.14369996171445,2,0,1,0,1,0,1,ships
adeca4b75.jpg,candidates,0.0,0.003387451171875,0.0,26,115.87400001008064,0,3,0,2,0,2,2,ships
ae013b2a2.jpg,candidates,0.0,0.0013326009114583333,0.0,5,111.73550004605204,0,1,0,1,0,1,1,ships
ae01f70d5.jpg,candidates,0.0,0.0023973253038194445,0.0,2,101.01270000450313,0,2,0,1,0,0,1,ships
ae13a6826.jpg,land_coast,0.0,0.23764207628038195,0.0,52,80.51130000967532,2,1,0,0,0,0,1,coast
ae15fcc43.jpg,candidates,0.0,0.0,0.0,1,81.52260002680123,0,0,0,0,0,0,0,empty
ae17679d4.jpg,candidates,0.0,0.0029551188151041665,0.0,17,94.12140003405511,1,1,1,1,1,1,1,ships
ae1853ca8.jpg,land_coast,0.0,0.12902323404947916,0.15331522623697916,32,119.17489999905229,9,14,1,1,0,0,11,coast
ae2669bb3.jpg,candidates,0.0,0.04385206434461805,0.0,29,94.89319997373968,0,4,0,2,0,0,1,ships
ae508c171.jpg,candidates,0.0,0.013892279730902778,0.0,11,98.92889996990561,3,10,0,5,0,1,4,ships
ae69c76d5.jpg,candidates,0.4341956244574653,0.059733731558210386,0.0,16,117.8949000313878,6,0,0,0,0,0,1,ships
ae6d37ae2.jpg,land_coast,0.0,0.04141065809461805,0.17004224989149305,39,85.36230004392564,0,3,0,3,0,2,3,coast
ae8f8e687.jpg,candidates,0.0,0.004814995659722222,0.0,29,99.9557999894023,1,1,0,1,0,1,1,ships
aeba0e9b0.jpg,cloud,0.9987148708767362,0.0,0.0,0,48.24369994457811,0,0,0,0,0,0,1,cloud
aebff1304.jpg,candidates,0.0,0.001544528537326389,0.015085856119791666,23,84.81719996780157,3,1,1,1,1,1,1,ships
aec367d77.jpg,candidates,0.0,0.011662801106770834,0.042363484700520836,79,91.90620004665107,2,2,1,2,1,2,2,ships
aee136c8b.jpg,land_coast,0.0,0.3638729519314236,0.0,13,98.1846998911351,0,1,0,1,0,1,1,coast
aeea06e3d.jpg,land_coast,0.0,0.2614661322699653,0.03076171875,8,97.44990000035614,0,1,0,1,0,1,1,coast
aef0175ab.jpg,land_coast,0.7046966552734375,0.2822500634503126,0.0,0,79.87050001975149,0,3,0,1,0,1,1,coast
af12b8398.jpg,candidates,0.0,0.0012596978081597222,0.0,7,95.26410000398755,2,6,0,5,0,5,5,ships
af3098e9b.jpg,candidates,0.0,0.0007171630859375,0.0,1,86.0820000525564,0,1,0,1,0,1,1,ships
af4965e38.jpg,candidates,0.0,0.013600667317708334,0.039315117730034724,52,101.41090000979602,1,3,0,2,0,1,2,ships
af6b05926.jpg,candidates,0.0,3.2212999131944445e-05,0.0,6,88.82380009163171,0,0,0,0,0,0,0,empty
af76e6da6.jpg,candidates,0.0,0.0010596381293402778,0.0,17,93.76630000770092,0,2,0,1,0,1,1,ships
af8f9f0c6.jpg,candidates,0.0,0.0009036593967013889,0.012554592556423612,52,96.73359990119934,0,0,0,0,0,0,0,empty
af95e42d5.jpg,land_coast,0.0,0.2212287055121528,0.0,10,116.666299989447,0,3,0,1,0,0,1,coast
afa18e2bb.jpg,candidates,0.0,0.004055447048611111,0.020821465386284724,9,97.36110002268106,0,1,0,1,0,1,1,ships
afbd785ed.jpg,candidates,0.0,0.0025160047743055555,0.0,8,90.88330005761236,0,1,0,1,0,1,1,ships
afdb5b25f.jpg,candidates,0.0,0.029383341471354168,0.029780069986979168,45,87.04999997280538,6,2,1,2,0,2,2,ships
afe24a2d5.jpg,candidates,0.7461734347873263,0.004083946947000636,0.0,8,86.85540000442415,0,0,0,0,0,0,0,empty
afe3bb3b5.jpg,empty_sea,0.6852874755859375,0.002265198941872823,0.0,0,97.3931000335142,0,0,0,0,0,0,0,empty
aff4f42b8.jpg,candidates,0.0,0.0108184814453125,0.0,7,88.9768999768421,0,1,0,1,0,1,1,ships
affd25253.jpg,land_coast,0.0,0.016279432508680556,0.0972408718532986,74,102.09930001292378,3,4,0,2,0,2,2,coast
b002d5f19.jpg,candidates,0.0,0.0008833143446180555,0.0,3,88.74789997935295,0,1,0,1,0,1,1,ships
b0045d2a6.jpg,candidates,0.0,0.004521687825520833,0.0,45,97.27440006099641,0,1,0,1,0,1,1,ships
b0087c48f.jpg,candidates,0.0,0.0005510118272569445,0.0,13,78.762499964796,0,7,0,5,0,3,4,ships
b01957a2b.jpg,candidates,0.0,0.00616455078125,0.0,71,96.37789998669177,0,1,0,1,0,1,1,ships
b01e876af.jpg,candidates,0.0,0.0007951524522569445,0.0,2,104.91049999836832,0,2,0,1,0,1,1,ships
b02b00410.jpg,candidates,0.0,0.04936557345920139,0.0,34,110.69500003941357,4,1,2,1,1,1,1,ships
b02b1ce6a.jpg,candidates,0.0,0.0012359619140625,0.0,5,94.855000032112,0,4,0,4,0,4,4,ships
b02ea98fb.jpg,candidates,0.0,0.08139885796440972,0.0,55,117.572300019674,0,2,0,2,0,2,2,ships
b048cf77e.jpg,land_coast,0.0,0.3143734402126736,0.0,3,105.04920000676066,0,5,0,4,0,4,4,coast
b04e0f7e1.jpg,land_coast,0.0,0.17140706380208334,0.0,12,104.70680007711053,0,1,0,1,0,1,1,coast
b063d5f6e.jpg,candidates,0.0,0.0031941731770833335,0.0,2,103.58479991555214,0,1,0,1,0,1,1,ships
b07574b6c.jpg,land_coast,0.0,0.2786237928602431,0.0,31,94.28309998475015,3,3,1,3,1,3,3,coast
b0928552f.jpg,land_coast,0.0,0.233062744140625,0.0,13,90.62330005690455,1,4,0,0,0,0,1,coast
b09b0a8c6.jpg,candidates,0.0,0.00024074978298611112,0.0,23,89.86299997195601,2,0,0,0,0,0,0,empty
b0b5fd0df.jpg,candidates,0.0,0.002612643771701389,0.0,27,82.0289000403136,0,2,0,2,0,2,2,ships
b0c3d06fa.jpg,candidates,0.0,0.0005204942491319445,0.0,1,88.80420005880296,0,1,0,1,0,1,1,ships
b0ddbd27b.jpg,land_coast,0.0,0.19508192274305555,0.0,11,95.33730009570718,1,0,0,0,0,0,0,coast
b0feef552.jpg,land_coast,0.013461642795138888,0.014653318245817101,0.14189636258411145,47,98.49250002298504,0,1,0,1,0,1,1,coast
b10bdf278.jpg,land_coast,0.0,0.07936604817708333,0.2634141710069444,66,100.1226999796927,5,3,2,3,2,2,2,coast
b11757fe1.jpg,candidates,0.0,0.033971150716145836,0.022145589192708332,73,80.4218000266701,0,1,0,1,0,1,1,ships
b121194b4.jpg,candidates,0.0,0.040278116861979164,0.0,11,100.32269998919219,0,1,0,1,0,1,1,ships
b125b0f0e.jpg,candidates,0.0,0.010301378038194444,0.028245713975694444,1,102.17769991140813,3,7,0,2,0,1,3,ships
b128dc012.jpg,candidates,0.0,0.00017632378472222222,0.0,2,109.34980004094541,0,3,0,2,0,1,2,ships
b1320fe27.jpg,land_coast,0.0,0.308624267578125,0.0,22,97.30340004898608,0,1,0,1,0,1,1,coast
b1484acc7.jpg,land_coast,0.0,0.3271196153428819,0.0,3,94.5637000259012,0,4,0,3,0,2,3,coast
b166d243a.jpg,land_coast,0.006222195095486111,0.1290126469555687,0.07456480601436803,24,91.8591000372544,12,2,3,1,2,1,1,coast
b176905b0.jpg,candidates,0.0,0.014500935872395834,0.03727383083767361,72,102.22580004483461,7,3,4,2,2,2,2,ships
b1782cac6.jpg,candidates,0.0,0.005847507052951389,0.0,27,86.48090006317943,0,4,0,3,0,3,3,ships
b178a4c2f.jpg,candidates,0.0,0.006854587131076389,0.0219879150390625,45,98.47750002518296,0,11,0,8,0,6,8,ships
b18342086.jpg,candidates,0.0,0.0008884006076388889,0.0,2,81.61490003112704,0,3,0,3,0,0,1,ships
b18564030.jpg,land_coast,0.0,0.09021843804253472,0.2985195583767361,36,97.96299994923174,6,1,0,1,0,1,1,coast
b192766c3.jpg,candidates,0.0,0.013890584309895834,0.0,18,99.11569999530911,3,6,0,3,0,1,3,ships
b195ee409.jpg,land_coast,0.0,0.2443423800998264,0.0,0,113.16840001381934,0,0,0,0,0,0,0,coast
b197a9b9a.jpg,candidates,0.0,0.001987033420138889,0.0,3,84.5155999995768,0,1,0,1,0,1,1,ships
b19febc41.jpg,land_coast,0.0,0.3059115939670139,0.0,2,95.81289999186993,0,4,0,3,0,3,3,coast
b1b8e66b0.jpg,land_coast,0.0,0.2804107666015625,0.0,4,105.37110001314431,2,2,1,2,1,2,2,coast
b1b96d684.jpg,candidates,0.0,0.003231472439236111,0.0,47,102.1459000185132,0,0,0,0,0,0,0,empty
b1bf84bfb.jpg,land_coast,0.0,0.021584404839409724,0.11588202582465278,56,119.80169999878854,3,5,3,3,2,3,3,coast
b1cefe448.jpg,candidates,0.0,0.0029398600260416665,0.0,12,87.86319999489933,0,3,0,2,0,2,2,ships
b1dfd43e8.jpg,candidates,0.0,0.003814697265625,0.018151177300347224,35,86.43280004616827,0,1,0,1,0,1,1,ships
b1e31ebea.jpg,candidates,0.0,0.001922607421875,0.0,24,92.38189994357526,0,1,0,1,0,1,1,ships
b1f1eeebb.jpg,candidates,0.0,0.0021345350477430555,0.0,8,107.64509998261929,0,1,0,1,0,1,1,ships
b1f5862f4.jpg,candidates,0.0,0.0,0.0,1,92.110599973239,6,1,1,1,0,0,2,ships
b201045ba.jpg,land_coast,0.0,0.1555107964409722,0.0,6,95.25600005872548,0,0,0,0,0,0,0,coast
b21a9f340.jpg,candidates,0.0,0.0005374484592013889,0.0,18,84.50490003451705,0,1,0,1,0,1,1,ships
b21f2c207.jpg,candidates,0.0,0.009162055121527778,0.0486297607421875,35,96.61959996446967,9,3,1,1,1,1,3,ships
b221987ee.jpg,candidates,0.0,0.0004306369357638889,0.0,3,108.44720003660768,2,1,0,1,0,1,1,ships
b22fbb23a.jpg,candidates,0.0,0.0028127034505208335,0.0,29,92.83009998034686,0,1,0,1,0,1,1,ships
b23d92ed7.jpg,candidates,0.0,0.06545850965711805,0.0,57,86.92729996982962,4,2,0,1,0,1,2,ships
b23dc8d66.jpg,candidates,0.0,0.004158867730034722,0.0,38,96.79350000806153,0,1,0,1,0,1,1,ships
b244ed1a2.jpg,candidates,0.0,4.916720920138889e-05,0.0,1,96.10439999960363,0,2,0,1,0,1,1,ships
b24c85d36.jpg,candidates,0.006183200412326389,0.05624358535750941,0.013251796099897366,25,86.59750001970679,1,1,0,1,0,1,1,ships
b25b7de54.jpg,land_coast,0.0,0.20314195421006945,0.0,4,107.84589999821037,0,0,0,0,0,0,0,coast
b25cf48fa.jpg,candidates,0.0,0.0005374484592013889,0.0,6,85.74869995936751,6,5,0,4,0,3,4,ships
b265c10ce.jpg,candidates,0.0,0.0016411675347222222,0.0,32,84.96410003863275,0,8,0,7,0,5,5,ships
b288b0a5a.jpg,candidates,0.0,0.00026618109809027775,0.0,2,97.99160005059093,0,4,0,1,0,1,2,ships
b288fa88d.jpg,candidates,0.0,0.012869940863715278,0.0,64,90.51439992617816,3,2,0,1,0,1,1,ships
b29477b25.jpg,candidates,0.0,0.004814995659722222,0.0,29,103.50589989684522,0,1,0,1,0,1,1,ships
b2a5edf70.jpg,candidates,0.0,0.0008154975043402778,0.0,2,86.37979999184608,0,1,0,1,0,1,1,ships
b2a9baf05.jpg,candidates,0.0,0.00013224283854166666,0.0,1,101.6548000043258,1,3,0,1,0,0,1,ships
b2b227032.jpg,candidates,0.0,0.001056247287326389,0.0,5,96.83749999385327,0,1,0,1,0,1,1,ships
b2b93510e.jpg,candidates,0.0,0.00177001953125,0.028649224175347224,62,79.46919999085367,3,0,1,0,1,0,0,empty
b2d821591.jpg,candidates,0.021233452690972224,0.005954072072857205,0.037476142751318144,72,79.73820006009191,1,4,0,4,0,4,4,ships
b2e52ebf8.jpg,candidates,0.0,0.002593994140625,0.0,6,80.79990011174232,0,1,0,1,0,1,1,ships
b2eb00597.jpg,candidates,0.0,0.0015953911675347222,0.0,3,86.65030007250607,1,1,1,1,0,0,1,ships
b2f1b1468.jpg,candidates,0.0,0.0008816189236111111,0.0,42,90.19930008798838,1,4,0,4,0,4,4,ships
b2f3df87d.jpg,land_coast,0.0,0.15722147623697916,0.0,26,100.44780001044273,0,3,0,2,0,0,1,coast
b2faefebd.jpg,candidates,0.0,6.273057725694444e-05,0.0,3,96.41629992984235,0,2,0,1,0,1,1,ships
b32a77006.jpg,candidates,0.0,0.04348415798611111,0.0,32,96.39600000809878,0,3,0,2,0,1,2,ships
b32ad3c7f.jpg,candidates,0.0,0.0,0.0,5,103.17479993682355,0,1,0,1,0,1,1,ships
b331172cd.jpg,candidates,0.0,0.005038791232638889,0.0,32,106.32049990817904,0,1,0,1,0,1,1,ships
b33474f7c.jpg,land_coast,0.0,0.14975484212239584,0.0,27,98.3548000222072,4,13,1,5,0,5,5,coast
b335b3837.jpg,candidates,0.0,0.011742485894097222,0.0,2,90.40899993851781,0,2,0,1,0,0,1,ships
b3544fed9.jpg,land_coast,0.0,0.19513108995225695,0.0,6,92.1473999042064,0,0,0,0,0,0,0,coast
b357916f7.jpg,candidates,0.0,0.0009104410807291666,0.0,7,89.62740004062653,6,3,2,1,0,1,1,ships
b35a8b343.jpg,land_coast,0.0,0.2206353081597222,0.0,9,91.7877999600023,0,0,0,0,0,0,0,coast
b35b7f716.jpg,candidates,0.059393988715277776,0.006493458632762115,0.0,43,90.26420000009239,0,1,0,1,0,1,1,ships
b35d57fb3.jpg,candidates,0.0,0.001990424262152778,0.0,17,84.44979996420443,0,5,0,4,0,3,4,ships
b35ef8271.jpg,candidates,0.0,0.0,0.0,8,83.08589993976057,0,0,0,0,0,0,0,empty
b36839a32.jpg,land_coast,0.0,0.22790357801649305,0.0,4,93.87330000754446,0,3,0,1,0,0,2,coast
b3726e876.jpg,candidates,0.0,0.00046624077690972225,0.0,2,87.03900000546128,0,1,0,1,0,1,1,ships
b37c9e2e2.jpg,land_coast,0.0,0.17183091905381945,0.06563313802083333,26,86.5105000557378,3,3,1,0,0,0,12,coast
b37e838d9.jpg,candidates,0.0,0.00017971462673611112,0.0,1,90.76729998923838,0,3,0,1,0,0,1,ships
b37f303d5.jpg,candidates,0.0,0.0001220703125,0.0,2,89.24839994870126,0,2,0,2,0,2,2,ships
b38a00945.jpg,candidates,0.0,0.00017462836371527778,0.0,28,108.09370002243668,0,0,0,0,0,0,0,empty
b39ae6b1d.jpg,empty_sea,0.0,0.0,0.0,0,111.6955999750644,0,0,0,0,0,0,0,empty
b39c32f97.jpg,land_coast,0.0,0.2996198866102431,0.0,3,97.76110004168004,0,1,0,1,0,1,1,coast
b39d8aa2f.jpg,candidates,0.0,0.0010155571831597222,0.0,14,95.57819995097816,0,1,0,1,0,1,1,ships
b3b0ed544.jpg,candidates,0.0,0.00044080946180555556,0.0,2,90.07039992138743,0,3,0,1,0,1,2,ships
b3c5e3cf1.jpg,candidates,0.0,0.00011189778645833333,0.0,2,91.97569999378175,0,1,0,1,0,1,1,ships
b3c614c19.jpg,candidates,0.0,0.0,0.0,29,89.57840001676232,0,0,0,0,0,0,0,empty
b3cfe4e66.jpg,candidates,0.0,0.0,0.0,20,90.64730000682175,0,0,0,0,0,0,0,empty
b3e3b5227.jpg,candidates,0.0,5.0862630208333336e-05,0.0,1,105.14599992893636,0,1,0,1,0,1,1,ships
b3e7f584b.jpg,candidates,0.0,0.015399509006076388,0.0,21,91.09930007252842,1,1,0,1,0,0,1,ships
b3f5d5b8b.jpg,empty_sea,0.0,0.0,0.0,0,89.03490006923676,0,0,0,0,0,0,0,empty
b3f63cb66.jpg,candidates,0.0,0.0,0.03718397352430555,17,87.63660001568496,0,0,0,0,0,0,0,empty
b41775758.jpg,land_coast,0.0,0.24588521321614584,0.0,8,100.4841000540182,0,1,0,1,0,1,1,coast
b41d64cce.jpg,candidates,0.0,0.0,0.0,3,82.426100037992,0,0,0,0,0,0,0,empty
b4270c27a.jpg,land_coast,0.0,0.125335693359375,0.0,10,79.27639991976321,0,19,0,8,0,5,8,coast
b44507e1c.jpg,candidates,0.0,0.00024583604600694444,0.0,3,86.73769992310554,0,1,0,1,0,1,1,ships
b474514be.jpg,candidates,0.0,0.0825839572482639,0.0,36,87.14459999464452,4,0,0,0,0,0,1,ships
b47c4bdb6.jpg,candidates,0.0,0.0017768012152777778,0.0,5,88.02389993797988,0,1,0,1,0,1,1,ships
b4a518c26.jpg,candidates,0.0,0.018373277452256944,0.0,20,97.21469995565712,0,0,0,0,0,0,1,ships
b4a7cb959.jpg,candidates,0.0,0.0005476209852430555,0.0,43,95.948800095357,0,0,0,0,0,0,0,empty
b4b0e7436.jpg,candidates,0.0,0.027291191948784724,0.0,15,92.51639991998672,1,7,0,4,0,2,3,ships
b4bc2cb6c.jpg,candidates,0.0,0.0010748969184027778,0.0,5,78.84220010600984,0,2,0,2,0,2,2,ships
b4cc00eb1.jpg,candidates,0.0,0.0,0.0,1,102.42619994096458,0,2,0,0,0,0,1,ships
b4d7fd3b0.jpg,candidates,0.0,0.00044420030381944444,0.07498847113715278,34,85.88430006057024,2,2,0,2,0,0,1,ships
b4e0bfdc7.jpg,land_coast,0.0,0.11467997233072917,0.1722073025173611,48,91.9075000565499,7,13,1,1,0,0,11,coast
b4e51b44b.jpg,land_coast,0.0,0.045064290364583336,0.1396569146050347,84,91.37030004058033,3,1,3,1,0,1,1,coast
b4f257315.jpg,candidates,0.0,0.00035942925347222225,0.0,12,94.70490005332977,5,1,1,1,1,1,2,ships
b4f8f2177.jpg,land_coast,0.0,0.04178195529513889,0.15770467122395834,58,104.7238000901416,5,7,2,4,2,4,3,coast
b52c4c1cd.jpg,candidates,0.0,0.016855875651041668,0.05781724717881945,78,101.90230002626777,3,3,0,3,0,2,2,ships
b54016b1b.jpg,candidates,0.0,0.0052032470703125,0.015155368381076388,7,86.08449995517731,0,1,0,1,0,1,1,ships
b554269c0.jpg,candidates,0.0,0.003155178493923611,0.0,1,99.00190006010234,0,0,0,0,0,0,0,empty
b55994abf.jpg,land_coast,0.0,0.2732628716362847,0.0,3,82.8584999544546,0,0,0,0,0,0,0,coast
b55c577d4.jpg,candidates,0.0,0.0007883707682291666,0.0,10,85.72600001934916,3,10,2,5,0,0,3,ships
b56fad4b6.jpg,candidates,0.0,0.025850084092881944,0.0,78,104.6961999963969,0,18,0,12,0,8,10,ships
b570616f3.jpg,empty_sea,0.011961195203993056,0.07664137885828823,0.0,0,87.88829995319247,0,0,0,0,0,0,0,empty
b5772bed0.jpg,candidates,0.0,0.0006120469835069445,0.0,9,97.34050009865314,0,1,0,1,0,1,1,ships
b578eb71e.jpg,candidates,0.0,0.004297892252604167,0.0,26,82.1880999719724,0,3,0,3,0,3,3,ships
b5810b7f3.jpg,candidates,0.0,0.00023396809895833334,0.0,8,106.23140004463494,0,0,0,0,0,0,0,empty
b58f61f6d.jpg,land_coast,0.0,0.10373942057291667,0.1869269476996528,31,84.00889998301864,1,0,0,0,0,0,0,coast
b5b3c16cf.jpg,candidates,0.09100511338975695,0.03688679828697763,0.0,6,99.0638000657782,0,3,0,1,0,0,1,ships
b5b975869.jpg,candidates,0.0,6.273057725694444e-05,0.0,3,97.6860000519082,0,2,0,1,0,1,1,ships
b5bba50f6.jpg,land_coast,0.0,0.3245493570963542,0.0,1,94.75330007262528,0,1,0,1,0,1,1,coast
b5dc6cd1b.jpg,candidates,0.0,0.0028822157118055555,0.0,12,92.68690005410463,0,1,0,1,0,1,1,ships
b5e45403d.jpg,candidates,0.0,6.273057725694444e-05,0.0,1,92.13710005860776,0,2,0,1,0,1,1,ships
b5e7467ad.jpg,land_coast,0.0,0.31829833984375,0.0,2,88.42200005892664,0,1,0,1,0,1,1,coast
b5f12d29b.jpg,candidates,0.0,0.0019310845269097222,0.0,14,86.32979996036738,0,10,0,6,0,4,5,ships
b5f597bc8.jpg,candidates,0.0,0.0019293891059027778,0.0,43,83.94450007472187,0,1,0,1,0,1,1,ships
b5f922d64.jpg,land_coast,0.0,0.046868218315972224,0.12398783365885417,43,89.601100073196,6,2,0,2,0,2,2,coast
b5fd6f0ed.jpg,candidates,0.0,0.005560980902777778,0.0,16,82.59299991186708,3,1,0,1,0,1,1,ships
b60e00b57.jpg,land_coast,0.0,0.2606794569227431,0.0,0,93.52730005048215,1,0,1,0,0,0,0,coast
b6104b6b8.jpg,candidates,0.0,0.0008358425564236111,0.0,2,95.9293000632897,4,1,2,1,2,1,2,ships
b6230d8d1.jpg,land_coast,0.0,0.0897030300564236,0.2584804958767361,65,101.93960007745773,2,3,0,2,0,2,3,coast
b64846832.jpg,candidates,0.0,6.103515625e-05,0.0,1,87.63359999284148,0,2,0,1,0,1,1,ships
b6671293d.jpg,candidates,0.0,0.0057220458984375,0.0,9,81.04259998071939,0,2,0,2,0,2,2,ships
b66d8a9d8.jpg,candidates,0.0,5.425347222222222e-05,0.0,1,98.1612999457866,1,0,0,0,0,0,0,empty
b679a4d70.jpg,candidates,0.0,0.0003916422526041667,0.0,4,87.56830007769167,0,1,0,1,0,1,1,ships
b69059e63.jpg,candidates,0.0,0.09901936848958333,0.0,2,100.30240006744862,0,0,0,0,0,0,0,empty
b6915e027.jpg,candidates,0.0,0.0095672607421875,0.0,26,94.76100001484156,1,3,1,1,0,0,1,ships
b6a2cef21.jpg,land_coast,0.0,0.2840203179253472,0.0,2,102.50519996043295,0,2,0,0,0,0,1,coast
b6b270d5c.jpg,candidates,0.0,0.0,0.0,1,104.86740001942962,0,3,0,2,0,0,1,ships
b6b739c7f.jpg,candidates,0.0,0.0,0.0,1,97.33359992969781,2,0,0,0,0,0,0,empty
b6cafa726.jpg,candidates,0.0,0.0026991102430555555,0.0,2,89.33640003670007,4,4,2,1,2,0,2,ships
b6d3decd9.jpg,candidates,0.0,0.00033399793836805556,0.0,15,96.67709993664175,0,0,0,0,0,0,0,empty
b6da569a1.jpg,candidates,0.0,0.0012139214409722222,0.010359022352430556,46,96.27890004776418,0,1,0,1,0,1,1,ships
b6def1fa0.jpg,candidates,0.0,0.009916517469618056,0.0,64,91.14350005984306,1,0,0,0,0,0,0,empty
b6f3cef73.jpg,candidates,0.0,0.0003323025173611111,0.0,2,93.77939999103546,0,2,0,1,0,1,1,ships
b6f6bb8e3.jpg,candidates,0.0,0.0,0.0,14,73.39779997710139,8,4,0,2,0,0,2,ships
b6f9fb684.jpg,candidates,0.0,0.00014241536458333334,0.012641059027777778,14,91.28050005529076,0,3,0,2,0,2,2,ships
b6ffd0b57.jpg,candidates,0.0,0.0059051513671875,0.022337171766493056,34,99.86770001705736,4,2,0,1,0,1,1,ships
b707973a8.jpg,candidates,0.0,0.021230061848958332,0.058661566840277776,68,84.19800002593547,0,0,0,0,0,0,0,empty
b71df4976.jpg,candidates,0.0,0.02398681640625,0.0,14,98.57219993136823,0,1,0,1,0,1,1,ships
b725e1195.jpg,candidates,0.0,0.00026787651909722225,0.0,1,91.7503999080509,0,1,0,1,0,1,1,ships
b72dd2631.jpg,candidates,0.0,0.005491468641493056,0.0,44,96.01710003335029,0,2,0,2,0,2,2,ships
b768bbb05.jpg,candidates,0.0,0.0038859049479166665,0.033698187934027776,27,118.05539997294545,0,0,0,0,0,0,0,empty
b770a34bc.jpg,candidates,0.0,0.0,0.02825927734375,20,86.70849993359298,0,0,0,0,0,0,0,empty
b7779f95f.jpg,land_coast,0.0,0.2035132514105903,0.0,11,99.96109991334379,0,0,0,0,0,0,0,coast
b77b94d20.jpg,candidates,0.0,0.00022549099392361112,0.0,3,104.71990006044507,0,1,0,1,0,1,1,ships
b79bd50c8.jpg,candidates,0.0,0.00023057725694444444,0.0,17,116.64000002201647,0,1,0,1,0,1,1,ships
b7a197680.jpg,candidates,0.0,0.0,0.012257893880208334,5,105.81770003773272,0,0,0,0,0,0,0,empty
b7b5f6dce.jpg,candidates,0.0,0.003192477756076389,0.014809502495659722,5,100.08939995896071,0,2,0,2,0,2,2,ships
b7b7bb05a.jpg,land_coast,0.0,0.2679680718315972,0.0,16,106.78020003251731,0,11,0,5,0,4,6,coast
b7c5ad4c6.jpg,candidates,0.0,0.0014970567491319445,0.015214708116319444,31,88.94470008090138,1,1,0,1,0,1,1,ships
b7cbe9065.jpg,candidates,0.0,0.001339382595486111,0.0,8,104.50619994662702,3,13,1,6,0,5,8,ships
b7e2c8d0c.jpg,land_coast,0.0,0.2687784830729167,0.0,6,102.65779995825142,0,1,0,1,0,1,1,coast
b7ecbbeaa.jpg,candidates,0.057105170355902776,0.0003774523058162134,0.0,65,77.60560000315309,7,1,1,1,1,1,1,ships
b80232332.jpg,candidates,0.0,6.103515625e-05,0.0,1,87.97039999626577,0,1,0,1,0,1,1,ships
b80d36574.jpg,empty_sea,0.0,0.0,0.0,0,108.82590000983328,0,0,0,0,0,0,0,empty
b80fc44ab.jpg,candidates,0.0,0.004643758138020833,0.0,33,90.39230004418641,0,5,0,5,0,5,5,ships
b8112853c.jpg,candidates,0.0,0.0042724609375,0.0,12,94.57840002141893,0,1,0,1,0,1,1,ships
b81ee75f4.jpg,land_coast,0.0,0.23018052842881945,0.3847435845269097,20,76.44480001181364,0,0,0,0,0,0,1,coast
b82c40bde.jpg,candidates,0.0,0.0003780788845486111,0.025922987196180556,35,91.18889993987978,0,0,0,0,0,0,0,empty
b82d750d8.jpg,candidates,0.3638712565104167,0.06912285129252246,0.0,18,103.80329994950444,8,0,1,0,1,0,2,ships
b849dc3ba.jpg,candidates,0.0,0.0004899766710069445,0.0125579833984375,49,95.69799993187189,0,2,0,2,0,2,2,ships
b84c8ae45.jpg,land_coast,0.0,0.2393459743923611,0.0,1,131.4810001058504,0,0,0,0,0,0,0,coast
b8514c8c5.jpg,land_coast,0.0,0.007846408420138888,0.0841640896267361,8,114.33339992072433,3,0,1,0,1,0,0,coast
b86c8d3fe.jpg,land_coast,0.0,0.19868977864583334,0.21539306640625,29,96.22920001856983,0,2,0,1,0,1,1,coast
b874f9944.jpg,candidates,0.0,0.0005171034071180555,0.0,2,84.44250002503395,0,2,0,2,0,2,2,ships
b884f1b97.jpg,candidates,0.0,0.04481845431857639,0.0,88,83.36639998015016,0,0,0,0,0,0,0,empty
b88b04651.jpg,candidates,0.07423570421006945,0.003935915179444576,0.027374448403747035,46,85.20500001031905,8,18,0,10,0,5,6,ships
b88fc2460.jpg,land_coast,0.0,0.3586714002821181,0.0,2,94.33370002079755,0,1,0,1,0,1,1,coast
b8b614d20.jpg,candidates,0.0,0.0019276936848958333,0.0,5,85.1199000608176,0,1,0,1,0,1,1,ships
b8bc1c59e.jpg,candidates,0.0,0.0014173719618055555,0.0,30,83.53910001460463,0,0,0,0,0,0,0,empty
b8cea4ad4.jpg,land_coast,0.0,0.3183458116319444,0.0,8,89.13360000588,1,3,0,3,0,3,3,coast
b8d61ced2.jpg,land_coast,0.0,0.03322177463107639,0.09402974446614583,55,84.66280007269233,2,22,0,14,0,12,13,coast
b8e6e815a.jpg,candidates,0.030492146809895832,0.0983382815615722,0.0,70,92.28370001073927,5,2,1,2,0,1,2,ships
b8e8c9ec0.jpg,candidates,0.0,0.013968573676215278,0.010582817925347222,64,94.57010007463396,14,5,0,3,0,2,3,ships
b8e8e8fa6.jpg,candidates,0.0,0.0013173421223958333,0.0,2,104.10550003871322,1,5,0,2,0,1,2,ships
b8f954f45.jpg,land_coast,0.0,0.0018530951605902778,0.1265716552734375,54,99.13240000605583,1,2,1,1,1,1,1,coast
b902aa0a0.jpg,candidates,0.0,0.012732611762152778,0.039693196614583336,58,111.2864000024274,0,1,0,1,0,1,1,ships
b90356332.jpg,land_coast,0.0,0.3096788194444444,0.0,0,146.11799991689622,4,2,0,2,0,2,2,coast
b9083aada.jpg,candidates,0.0,0.08162943522135417,0.0752410888671875,64,90.85800009779632,3,5,1,1,0,1,10,ships
b9090d5f5.jpg,land_coast,0.0,0.12725660536024305,0.0,11,91.41079999972135,0,0,0,0,0,0,0,coast
b91016081.jpg,candidates,0.0,0.014614529079861112,0.0,8,93.50149997044355,0,0,0,0,0,0,0,empty
b914c3c8a.jpg,candidates,0.0,0.004143608940972222,0.0,30,100.5432999227196,0,1,0,1,0,1,1,ships
b9270cae6.jpg,candidates,0.0,0.00011359320746527778,0.0,1,108.6986999725923,0,3,0,1,0,0,1,ships
b94ae3222.jpg,candidates,0.0,4.0690104166666664e-05,0.0,4,114.0342999715358,2,4,0,1,0,0,2,ships
b94d2bfd1.jpg,candidates,0.0,0.0006357828776041666,0.0,11,101.00649995729327,2,2,0,2,0,2,2,ships
b953d7546.jpg,land_coast,0.0,0.2459496392144097,0.0,2,101.70420003123581,0,3,0,2,0,1,1,coast
b95a85d36.jpg,candidates,0.0,0.09431966145833333,0.0,4,98.82980003021657,0,0,0,0,0,0,0,empty
b95e29029.jpg,land_coast,0.0,0.011054144965277778,0.3418324788411458,49,107.28100000414997,3,4,0,3,0,1,2,coast
b9613cf8c.jpg,candidates,0.0,0.0003916422526041667,0.0,1,76.6799000557512,1,1,1,1,1,1,1,ships
b9643a242.jpg,land_coast,0.0,0.1779598659939236,0.026275634765625,22,111.48640001192689,11,6,2,3,1,1,6,coast
b966c8c47.jpg,land_coast,0.08011033799913195,0.2637760049117789,0.0,6,113.40829997789115,0,2,0,1,0,1,1,coast
b96837cb6.jpg,candidates,0.008870442708333334,0.08083171804957276,0.06436870017872565,36,99.77179998531938,0,2,0,2,0,2,2,ships
b9720e40e.jpg,candidates,0.0,0.07618204752604167,0.03604295518663195,2,86.65920002385974,0,1,0,1,0,1,1,ships
b981fbaa9.jpg,land_coast,0.0,0.21432664659288195,0.0,10,97.12799999397248,1,0,1,0,0,0,0,coast
b98b44064.jpg,candidates,0.0,0.0008494059244791666,0.05430263943142361,19,78.7313999608159,0,6,0,6,0,6,6,ships
b99654137.jpg,candidates,0.0,0.003999498155381944,0.0,28,108.33840002305806,1,1,1,1,1,1,1,ships
b9ad06f8a.jpg,land_coast,0.0,0.022505018446180556,0.08255174424913195,93,100.40230001322925,0,4,0,2,0,2,2,coast
b9b1b9be8.jpg,candidates,0.004002888997395833,0.0,0.0,2,93.28260004986078,1,3,0,1,0,1,1,ships
b9be79b94.jpg,candidates,0.0,0.002068413628472222,0.0,3,97.28680003900081,0,1,0,1,0,1,1,ships
b9c2c1d0e.jpg,land_coast,0.0,0.2663862440321181,0.0,0,109.89879991393536,0,0,0,0,0,0,0,coast
b9d251c1e.jpg,land_coast,0.0,0.2284630669487847,0.0,10,102.63540002051741,0,1,0,1,0,1,1,coast
b9e5d1bd2.jpg,candidates,0.0,0.0018666585286458333,0.0,9,101.59540001768619,2,2,2,2,0,0,1,ships
b9e69a664.jpg,candidates,0.0,0.0016157362196180555,0.0,75,94.48680002242327,0,0,0,0,0,0,0,empty
b9f224552.jpg,candidates,0.0,0.002463446723090278,0.029713948567708332,33,103.62700000405312,3,6,0,1,0,0,3,ships
b9fa223c8.jpg,land_coast,0.0,0.2223849826388889,0.0,17,92.74310001637787,2,2,0,1,0,0,1,coast
ba02af274.jpg,land_coast,0.0,0.3328840467664931,0.0,6,91.82970004621893,0,7,0,4,0,1,3,coast
ba02cbe94.jpg,candidates,0.0,0.0009138319227430555,0.0,7,91.27969993278384,0,2,0,2,0,2,2,ships
ba20a371d.jpg,land_coast,0.0,0.2556677924262153,0.0,8,79.4836999848485,0,1,0,1,0,1,1,coast
ba2227633.jpg,candidates,0.0842742919921875,0.002303062810974432,0.04691834066950111,2,78.78430001437664,0,3,0,2,0,2,2,ships
ba3f97dc3.jpg,candidates,0.0,0.0021803114149305555,0.0,6,85.81860002595931,3,0,0,0,0,0,0,empty
ba556a187.jpg,candidates,0.18225606282552084,0.006894245807043089,0.0,32,85.53730009589344,0,1,0,1,0,1,1,ships
ba63044dd.jpg,candidates,0.0,0.030237833658854168,0.04090542263454861,26,99.7360999463126,2,1,0,0,0,0,1,ships
ba65be9ac.jpg,candidates,0.0,0.0005832248263888889,0.0,2,109.12549996282905,0,1,0,1,0,1,1,ships
ba92908f5.jpg,candidates,0.0,0.11013963487413195,0.0,23,90.37790005095303,0,0,0,0,0,0,0,empty
ba9b6cd4e.jpg,candidates,0.0,0.00022549099392361112,0.0,10,107.35409997869283,1,1,0,1,0,1,1,ships
baa66afec.jpg,candidates,0.0,0.00031365288628472225,0.0,2,82.09909999277443,4,3,1,1,0,1,2,ships
babef1a5f.jpg,land_coast,0.0,0.1670006646050347,0.0,25,94.37520010396838,0,0,0,0,0,0,0,coast
bacb8efe2.jpg,land_coast,0.0,0.12409125434027778,0.0,11,91.60470007918775,0,4,0,2,0,2,2,coast
bacddfd1e.jpg,land_coast,0.0,0.3434210883246528,0.0,1,97.26609999779612,0,1,0,1,0,1,1,coast
bada2b7f6.jpg,candidates,0.0,0.07351854112413195,0.0,48,93.97899999748915,0,0,0,0,0,0,0,empty
badcf0731.jpg,candidates,0.0,0.09897698296440972,0.0,68,92.64149994123727,0,1,0,1,0,1,2,ships
bae1ed628.jpg,candidates,0.0,0.002432929144965278,0.020931667751736112,35,88.21680000983179,0,1,0,1,0,1,1,ships
bae4a6a28.jpg,land_coast,0.0,0.2201199001736111,0.0,42,90.49910004250705,0,0,0,0,0,0,1,coast
bb0e0877d.jpg,candidates,0.0,0.0002627902560763889,0.0,5,109.44700008258224,3,2,1,1,1,0,1,ships
bb131ee45.jpg,candidates,0.0,0.03840976291232639,0.0,11,97.03629999421537,0,1,0,1,0,1,1,ships
bb1a2a7eb.jpg,candidates,0.0,0.0,0.0,16,91.14700008649379,0,2,0,2,0,2,2,ships
bb312942d.jpg,candidates,0.0,0.024342854817708332,0.0,73,100.70459998678416,5,1,1,1,0,1,1,ships
bb40cd9c5.jpg,candidates,0.0,0.11922200520833333,0.0,78,101.0016999207437,0,1,0,1,0,1,1,ships
bb64b45cd.jpg,land_coast,0.0,0.1903500027126736,0.06475999620225695,3,89.95410008355975,8,3,3,2,1,1,2,coast
bb711cfdd.jpg,land_coast,0.0,0.1003078884548611,0.3963233100043403,67,100.50519998185337,0,12,0,5,0,3,7,coast
bb72ac704.jpg,candidates,0.0,0.04111904568142361,0.0,75,91.25699999276549,0,0,0,0,0,0,0,empty
bb79f34a6.jpg,land_coast,0.0,0.2097964816623264,0.0,6,99.11559999454767,0,2,0,1,0,1,1,coast
bb7ca79bc.jpg,candidates,0.0,0.10764567057291667,0.021650526258680556,16,95.65839997958392,0,0,0,0,0,0,0,empty
bb7f24d8e.jpg,candidates,0.0,0.025324503580729168,0.0,6,84.58489994518459,0,2,0,1,0,1,1,ships
bb9606665.jpg,land_coast,0.026652018229166668,0.1379735633215278,0.08552773951092321,15,89.33370001614094,1,2,0,2,0,2,2,coast
bb982c78c.jpg,land_coast,0.0,0.3455352783203125,0.0,1,101.72749997582287,0,1,0,1,0,1,1,coast
bba94b7d2.jpg,candidates,0.0,0.008860270182291666,0.0,22,87.00259996112436,1,0,0,0,0,0,0,empty
bbbe346b9.jpg,candidates,0.0,0.006283230251736111,0.03228420681423611,28,93.271299963817,0,4,0,1,0,0,1,ships
bbc7b8ca2.jpg,candidates,0.0,0.0009646945529513889,0.0,4,100.31380003783852,0,1,0,1,0,1,1,ships
bbcee356b.jpg,candidates,0.0,0.006178114149305556,0.0,66,102.6368000311777,9,2,3,2,2,2,2,ships
bbfda95e0.jpg,candidates,0.005360921223958333,0.0,0.0,35,83.03909993264824,0,3,0,0,0,0,1,ships
bc074372c.jpg,land_coast,0.0,0.2121192084418403,0.0,16,89.09730007871985,0,0,0,0,0,0,0,coast
bc16de415.jpg,empty_sea,0.0,0.0,0.0,0,96.23460005968809,0,0,0,0,0,0,0,empty
bc27ab5b2.jpg,land_coast,0.0,0.0007917616102430555,0.13216654459635416,36,110.78840005211532,1,1,0,1,0,1,1,coast
bc2b319f5.jpg,candidates,0.0,0.0829349093967014,0.0675387912326389,38,109.59500004537404,6,5,0,1,0,0,5,ships
bc4023148.jpg,land_coast,0.0,0.2573377821180556,0.0,0,112.08719993010163,0,0,0,0,0,0,0,coast
bc4582aa5.jpg,candidates,0.0,0.005098130967881944,0.0,34,99.33729993645102,0,1,0,1,0,1,1,ships
bc478d3a2.jpg,candidates,0.0,0.002246432834201389,0.0,3,108.75090002082288,0,3,0,1,0,1,1,ships
bc6978326.jpg,candidates,0.0,0.001315646701388889,0.0,13,88.39399996213615,1,4,0,2,0,2,2,ships
bc75553d3.jpg,candidates,0.0,6.781684027777778e-05,0.0,3,105.50329997204244,0,5,0,2,0,1,2,ships
bc87fb9bb.jpg,candidates,0.0,5.425347222222222e-05,0.0,11,95.23869992699474,0,0,0,0,0,0,0,empty
bc8aa3f73.jpg,candidates,0.0,0.052941216362847224,0.0,30,89.45470000617206,1,1,0,1,0,1,1,ships
bc8e96524.jpg,candidates,0.0,0.005408393012152778,0.0,19,90.87720001116395,2,1,0,0,0,0,1,ships
bc9a537aa.jpg,candidates,0.0,0.0013868543836805555,0.0,81,84.34459997806698,1,12,0,5,0,2,7,ships
bc9bab774.jpg,candidates,0.0,0.0038401285807291665,0.0,2,86.71000006143004,0,1,0,1,0,1,1,ships
bca39c8db.jpg,land_coast,0.0,0.22191365559895834,0.0,0,86.45509998314083,0,0,0,0,0,0,0,coast
bcbbaf020.jpg,candidates,0.0,0.10010782877604167,0.0,35,89.49180005583912,0,1,0,1,0,1,1,ships
bcd22f864.jpg,candidates,0.0,0.009256998697916666,0.0,42,91.88910003285855,0,0,0,0,0,0,0,empty
bcdbf2386.jpg,candidates,0.0,0.0008697509765625,0.0,4,85.34380001947284,0,1,0,1,0,1,1,ships
bce1634b2.jpg,land_coast,0.0,0.12473890516493055,0.0,6,95.98930005449802,0,0,0,0,0,0,0,coast
bced434ac.jpg,land_coast,0.0,0.19082132975260416,0.0,0,115.97470007836819,0,0,0,0,0,0,0,coast
bcfc5624f.jpg,land_coast,0.0,0.1902194552951389,0.0,0,85.05630004219711,0,0,0,0,0,0,1,coast
bd2a67aed.jpg,candidates,0.0,0.0009392632378472222,0.0,9,101.29170003347099,0,1,0,1,0,1,1,ships
bd3347da7.jpg,land_coast,0.0,0.3296051025390625,0.0,1,98.59199996571988,0,1,0,1,0,1,1,coast
bd373a745.jpg,candidates,0.0,0.0020294189453125,0.0,1,109.96929998509586,2,3,1,1,0,0,1,ships
bd44bd7bc.jpg,candidates,0.0,0.0033128526475694445,0.0,27,108.5139000788331,0,2,0,2,0,2,2,ships
bd583e62d.jpg,candidates,0.0,0.0010274251302083333,0.0,16,83.39080004952848,0,1,0,1,0,1,1,ships
bd7cde303.jpg,candidates,0.0,0.001385158962673611,0.0,2,90.12109995819628,0,1,0,1,0,1,1,ships
bd7d72e89.jpg,candidates,0.0,0.0,0.0,10,92.7313999272883,0,0,0,0,0,0,0,empty
bd7f1beb0.jpg,candidates,0.0,0.00042724609375,0.0,10,90.74679994955659,2,2,0,1,0,1,1,ships
bd84abcb4.jpg,candidates,0.0,0.0019276936848958333,0.0,5,81.6560999955982,0,1,0,1,0,1,1,ships
bd85640e7.jpg,candidates,0.0,0.007902357313368056,0.0,42,85.81630000844598,0,1,0,1,0,1,1,ships
bd8599ecf.jpg,land_coast,0.0,0.16209920247395834,0.03921169704861111,23,103.74980000779033,0,1,0,0,0,0,1,coast
bd95f66a1.jpg,land_coast,0.006274753146701389,0.011105560991631484,0.1091208610744271,25,92.4272999400273,0,0,0,0,0,0,0,coast
bd99a44df.jpg,candidates,0.0,0.0008544921875,0.014285617404513888,59,89.47180001996458,0,1,0,0,0,0,1,ships
bd9edbd5a.jpg,land_coast,0.0,0.07132805718315972,0.1193881564670139,28,109.00259995833039,0,0,0,0,0,0,0,coast
bda8cec31.jpg,candidates,0.0,0.0,0.0,1,84.13520001340657,0,0,0,0,0,0,0,empty
bdad3667d.jpg,empty_sea,0.2913140190972222,0.0,0.0,0,80.71520004887134,0,0,0,0,0,0,0,empty
bdb89e7ee.jpg,candidates,0.0,0.05393812391493055,0.0,80,90.8898999914527,0,0,0,0,0,0,0,empty
bdb9a38f7.jpg,candidates,0.0,0.002585517035590278,0.0,5,89.71539989579469,1,3,1,2,0,2,2,ships
bdbce3d60.jpg,candidates,0.007298787434895833,0.11547787674357189,0.0,88,83.91819999087602,3,1,0,0,0,0,1,ships
bdc25fbd9.jpg,candidates,0.0,0.00042555067274305556,0.0,5,88.94159994088113,0,2,0,1,0,1,1,ships
bdc56a1e6.jpg,candidates,0.0,0.0004323323567708333,0.0,72,88.93990004435182,0,5,0,3,0,2,3,ships
bdca46ebe.jpg,candidates,0.0,0.019324408637152776,0.0,3,95.73470009490848,1,3,0,3,0,3,1,ships
bdd3266d4.jpg,candidates,0.0,0.0004933675130208334,0.0,3,85.19800007343292,4,1,2,1,2,1,1,ships
bdd3e46fd.jpg,land_coast,0.0,0.053476969401041664,0.22065565321180555,55,91.2244999781251,23,2,4,2,0,2,9,coast
bde74b103.jpg,land_coast,0.0,0.059743245442708336,0.08981153700086805,108,94.17299996130168,1,15,0,6,0,2,9,coast
be0cab659.jpg,candidates,0.0,0.00016954210069444444,0.0,3,87.71110000088811,0,1,0,1,0,1,1,ships
be147b91f.jpg,empty_sea,0.0,0.0,0.0,0,82.05530000850558,0,0,0,0,0,0,0,empty
be25085a2.jpg,candidates,0.0,0.00015767415364583334,0.0,12,75.81850001588464,0,0,0,0,0,0,0,empty
be257a533.jpg,land_coast,0.0,0.010986328125,0.12447611490885417,66,86.04500000365078,1,4,0,2,0,0,1,coast
be30e2101.jpg,candidates,0.0,0.0005645751953125,0.0,41,85.34730004612356,2,12,0,9,0,7,9,ships
be32de034.jpg,land_coast,0.0,0.007119072808159722,0.13542344835069445,44,96.6968999709934,2,1,0,1,0,1,1,coast
be7131a2a.jpg,land_coast,0.0,0.1837429470486111,0.0,3,95.43999994639307,0,0,0,0,0,0,0,coast
be71be18f.jpg,candidates,0.0,0.013190375434027778,0.0,57,99.67939998023212,1,4,0,4,0,4,5,ships
be754b1c5.jpg,candidates,0.0,0.0006883409288194445,0.0,15,88.08199991472065,0,1,0,1,0,1,1,ships
be820d62c.jpg,candidates,0.0,0.009741889105902778,0.0,102,91.90720005426556,0,0,0,0,0,0,0,empty
be894b12f.jpg,candidates,0.0,0.00046454535590277775,0.0,8,91.4113000035286,1,1,0,1,0,1,1,ships
be9f5ea4f.jpg,candidates,0.0,7.968478732638889e-05,0.0,3,74.81859996914864,0,3,0,2,0,2,2,ships
beac16043.jpg,candidates,0.0,0.0,0.0,3,95.38320009596646,0,0,0,0,0,0,0,empty
beaff72b9.jpg,land_coast,0.0,0.3787027994791667,0.0,5,100.16409994568676,2,4,0,0,0,0,1,coast
beb7ac2d7.jpg,candidates,0.19575330946180555,0.01331865470358342,0.0,25,79.44189989939332,0,0,0,0,0,0,0,empty
bebe4e6fa.jpg,empty_sea,0.0,0.0,0.0,0,81.41730003990233,0,0,0,0,0,0,0,empty
bec85b193.jpg,land_coast,0.0,0.2253350151909722,0.0,2,101.6484999563545,0,0,0,0,0,0,0,coast
bedb8e666.jpg,land_coast,0.0,0.05769517686631945,0.1914605034722222,49,93.88800000306219,2,18,0,13,0,7,11,coast
bedd236be.jpg,candidates,0.0,0.0,0.0,3,98.86719996575266,0,0,0,0,0,0,0,empty
beddd60c7.jpg,land_coast,0.0,0.20152791341145834,0.011203342013888888,36,91.84480004478246,4,2,0,1,0,1,1,coast
bedecab71.jpg,candidates,0.0,0.0,0.0,19,90.87149996776134,1,1,0,1,0,1,1,ships
beede0422.jpg,candidates,0.0,0.00021701388888888888,0.0,3,85.82840010058135,0,2,0,2,0,2,2,ships
beef2d965.jpg,candidates,0.0,7.459852430555556e-05,0.0,1,94.6440000552684,0,3,0,1,0,0,1,ships
bf0a8fa75.jpg,candidates,0.0,0.0029313829210069445,0.0,44,95.88030003942549,0,2,0,1,0,0,1,ships
bf0b77ff5.jpg,candidates,0.0,0.0014512803819444445,0.0,6,84.3604999827221,0,1,0,1,0,1,1,ships
bf1525d59.jpg,candidates,0.0,0.0,0.0,36,82.04209990799427,0,0,0,0,0,0,0,empty
bf2ed6e0f.jpg,candidates,0.0,0.00040520562065972225,0.0,1,76.9463999895379,0,1,0,1,0,1,1,ships
bf4a2d07a.jpg,candidates,0.0,0.012678358289930556,0.0,4,85.34609992057085,0,4,0,1,0,0,1,ships
bf563bde6.jpg,candidates,0.0,0.003604465060763889,0.012986924913194444,30,95.32449999824166,0,1,0,1,0,1,1,ships
bf6f52611.jpg,land_coast,0.0,0.1278160942925347,0.0,28,96.16890002507716,0,0,0,0,0,0,0,coast
bf861b8d7.jpg,candidates,0.0,0.0005035400390625,0.0,3,83.24119995813817,0,1,0,1,0,1,1,ships
bf861c7a9.jpg,candidates,0.0,0.0154571533203125,0.0,25,91.50260000023991,1,1,0,1,0,1,1,ships
bf890b991.jpg,candidates,0.013444688585069444,0.0009504060825989287,0.06467254190426819,72,78.50279996637255,3,0,0,0,0,0,0,empty
bf98e1846.jpg,candidates,0.0,0.0009121365017361111,0.0,3,93.17280002869666,2,4,2,1,1,0,1,ships
bf9c08c1e.jpg,candidates,0.0,0.00027296278211805556,0.0,6,86.25709998887032,0,1,0,1,0,1,1,ships
bfaaf78ac.jpg,candidates,0.0,0.006198459201388889,0.0,23,96.46939998492599,0,2,0,2,0,2,2,ships
bfb9f7dbe.jpg,land_coast,0.3817715115017361,0.0028157717592128444,0.2224201887684221,30,85.72049997746944,0,1,0,0,0,0,1,coast
bfbcc0477.jpg,candidates,0.0,0.002170138888888889,0.0,16,96.42720001284033,3,1,2,1,2,1,1,ships
bfc5da848.jpg,candidates,0.0,0.0007612440321180555,0.0,2,102.03070007264614,0,1,0,1,0,1,1,ships
bfd0ccdb0.jpg,candidates,0.0,0.013604058159722222,0.0,30,91.28679998684675,9,7,2,6,2,6,6,ships
bfd823419.jpg,land_coast,0.05460951063368055,0.18702496142956757,0.0,12,89.71329999621958,1,1,0,1,0,1,1,coast
bfe1fd01b.jpg,land_coast,0.0,0.21502685546875,0.0,1,89.20489996671677,0,0,0,0,0,0,0,coast
bff440d09.jpg,land_coast,0.0,0.21272447374131945,0.0,2,89.76269990671426,0,2,0,2,0,2,2,coast
bffb50d92.jpg,candidates,0.0,0.00018480088975694444,0.0682796902126736,52,91.09879995230585,0,2,0,1,0,1,1,ships
bfffcf834.jpg,candidates,0.0,0.00035773383246527775,0.0,2,102.1584999980405,0,2,0,2,0,2,2,ships
c0091b39b.jpg,candidates,0.0,0.0015309651692708333,0.0,71,97.56959998048842,0,0,0,0,0,0,0,empty
c00c0311d.jpg,candidates,0.0,0.09135267469618055,0.0,75,105.79049994703382,4,1,0,1,0,1,1,ships
c012b2df1.jpg,candidates,0.0,0.006717258029513889,0.036080254448784724,36,84.66880000196397,14,2,1,1,0,1,1,ships
c023cf80d.jpg,land_coast,0.3335283067491319,0.14730023565305495,0.0,0,100.4217000445351,1,3,0,0,0,0,1,coast
c02a1ee0a.jpg,land_coast,0.0,0.0962371826171875,0.2670203314887153,37,101.44090000540018,1,23,0,13,0,7,15,coast
c02be9269.jpg,candidates,0.0,0.005206637912326389,0.0,1,99.11179996561259,0,1,0,1,0,1,1,ships
c02deb8ea.jpg,candidates,0.05765109592013889,0.035588309628549766,0.0,11,95.49990005325526,0,0,0,0,0,0,0,empty
c037bb7f0.jpg,candidates,0.0,9.494357638888889e-05,0.0,12,98.91009994316846,0,0,0,0,0,0,0,empty
c04440f78.jpg,candidates,0.0,0.07532246907552083,0.07932027180989583,14,88.6121999938041,0,2,0,1,0,1,2,ships
c04dd2134.jpg,land_coast,0.0,0.3749304877387153,0.0,4,104.71019998658448,0,1,0,1,0,1,1,coast
c051468af.jpg,candidates,0.0,0.027265760633680556,0.0,71,80.93619998544455,0,1,0,1,0,1,1,ships
c05d43143.jpg,candidates,0.0,0.00026787651909722225,0.0,8,89.76649993564934,0,1,0,1,0,1,1,ships
c062957f2.jpg,candidates,0.0,0.0009290907118055555,0.0,2,90.07969999220222,0,1,0,1,0,1,1,ships
c06ab9e0f.jpg,candidates,0.0,0.015674167209201388,0.045493231879340276,54,105.62809999100864,10,10,3,7,2,3,5,ships
c079fb878.jpg,land_coast,0.0,0.1330295138888889,0.0,69,89.2691999906674,0,0,0,0,0,0,0,coast
c0a03e216.jpg,land_coast,0.0,0.1876593695746528,0.0,0,96.56169998925179,0,0,0,0,0,0,0,coast
c0a2aa92f.jpg,candidates,0.0,0.00012546115451388888,0.0,1,92.83089998643845,0,4,0,1,0,0,1,ships
c0bcdd3db.jpg,land_coast,0.4338904486762153,0.02136079207920792,0.11020673267326733,28,81.89360005781054,0,0,0,0,0,0,0,coast
c0bf7e6d5.jpg,land_coast,0.0,0.2259640163845486,0.0,11,86.61170001141727,0,0,0,0,0,0,0,coast
c0c5c40d0.jpg,land_coast,0.0,0.2876909044053819,0.0,4,95.67810001317412,1,3,0,2,0,2,2,coast
c0cae9708.jpg,candidates,0.0,0.00039503309461805556,0.0,5,85.11980006005615,0,1,0,1,0,1,1,ships
c0cffa57b.jpg,candidates,0.0,0.0012529161241319445,0.0,6,84.41520004998893,0,1,0,1,0,1,1,ships
c0e1bd8c6.jpg,candidates,0.0,0.0015360514322916667,0.0,3,82.38519995938987,1,1,0,1,0,1,1,ships
c0e3b3c03.jpg,candidates,0.0,5.5948893229166664e-05,0.0,1,98.91689999494702,0,1,0,1,0,1,1,ships
c0e45f5b0.jpg,candidates,0.0,0.009477403428819444,0.0,38,94.43300007842481,1,3,0,3,0,3,3,ships
c0f49631a.jpg,candidates,0.0,0.0015157063802083333,0.0,11,93.75350002665073,0,4,0,3,0,2,2,ships
c0f8f0e36.jpg,candidates,0.0,0.012030707465277778,0.0,4,96.977400011383,0,1,0,1,0,1,1,ships
c10c45e9e.jpg,candidates,0.0,0.005749172634548611,0.0,13,91.87060000840575,1,5,1,5,0,4,5,ships
c10cc5ed5.jpg,candidates,0.0,0.002694023980034722,0.0,3,100.30409996397793,0,5,0,2,0,2,2,ships
c1142e607.jpg,candidates,0.0,0.004208034939236111,0.0,27,86.80399996228516,1,1,1,1,1,1,1,ships
c136a2d52.jpg,candidates,0.0,0.0005781385633680555,0.0,5,91.51790000032634,3,3,0,2,0,1,2,ships
c14e001f4.jpg,candidates,0.0,9.494357638888889e-05,0.0,1,93.75400003045797,2,1,1,1,0,1,1,ships
c14faa0a5.jpg,land_coast,0.0,0.12846883138020834,0.046742757161458336,88,81.11320005264133,1,1,0,1,0,1,1,coast
c150a8bf0.jpg,candidates,0.0,0.0005713568793402778,0.0,30,85.49950004089624,1,1,0,1,0,1,1,ships
c151efb9c.jpg,candidates,0.0,0.0,0.0,8,91.23710007406771,6,3,0,2,0,2,1,ships
c153b3ca5.jpg,land_coast,0.0,0.3268517388237847,0.0,0,98.3426000457257,0,0,0,0,0,0,1,coast
c156586cf.jpg,land_coast,0.6372019449869791,0.2550108529157683,0.0,0,84.7696999553591,0,2,0,1,0,0,1,coast
c1697c4c9.jpg,land_coast,0.0,0.34930419921875,0.0,0,84.94319999590516,0,1,0,1,0,1,1,coast
c17a3e3fd.jpg,candidates,0.0,0.005842420789930556,0.010694715711805556,31,84.45610001217574,5,4,1,3,1,1,2,ships
c180b9bfe.jpg,candidates,0.17522684733072916,0.11738420954732232,0.0,47,95.98589991219342,2,6,0,1,0,0,7,ships
c18a9eef0.jpg,candidates,0.0,0.008154975043402778,0.0,6,97.53099991939962,0,1,0,1,0,1,1,ships
c18b525e8.jpg,land_coast,0.0,0.3596360948350694,0.0,7,86.75240003503859,0,1,0,1,0,1,1,coast
c193c16ff.jpg,candidates,0.0,0.0017344156901041667,0.0,19,89.73140001762658,3,16,0,7,0,7,8,ships
c1a49c499.jpg,candidates,0.0,0.035408867730034724,0.0,14,86.00179990753531,0,0,0,0,0,0,1,ships
c1a655aea.jpg,candidates,0.0,0.004048665364583333,0.0,28,83.70680001098663,0,1,0,1,0,1,1,ships
c1a8c04ce.jpg,land_coast,0.0,0.056435479058159724,0.0846523708767361,43,83.81049998570234,0,0,0,0,0,0,0,coast
c1cccd97e.jpg,candidates,0.0,0.0008154975043402778,0.0,59,88.07119994889945,0,0,0,0,0,0,0,empty
c1e7eef55.jpg,candidates,0.0,0.00028143988715277775,0.0,38,87.60670002084225,1,0,0,0,0,0,0,empty
c1f8e3a44.jpg,candidates,0.0,0.00015767415364583334,0.0,11,97.37250010948628,0,2,0,1,0,1,1,ships
c209465de.jpg,candidates,0.0,0.1162872314453125,0.0,66,89.41600006073713,2,1,0,1,0,1,1,ships
c218e58a6.jpg,candidates,0.0,0.00021192762586805556,0.0,1,98.83359994273633,0,1,0,1,0,1,1,ships
c21bb467e.jpg,candidates,0.0,0.019739786783854168,0.0,78,93.12509989831597,5,1,0,1,0,0,1,ships
c21e059bb.jpg,land_coast,0.0,0.14685228135850695,0.0,2,109.61599997244775,0,0,0,0,0,0,0,coast
c2212d548.jpg,land_coast,0.0,0.027301364474826388,0.15324571397569445,67,105.73740000836551,1,1,0,1,0,1,1,coast
c2582ad75.jpg,land_coast,0.0,0.2595536973741319,0.0,3,89.63089995086193,0,2,0,1,0,1,1,coast
c25b6a8d6.jpg,candidates,0.0,0.06442769368489583,0.0,33,97.51959994900972,4,8,2,4,1,3,14,ships
c26c45017.jpg,land_coast,0.0,0.1877627902560764,0.0,3,100.00410000793636,3,1,0,0,0,0,1,coast
c288efbff.jpg,candidates,0.0,0.023608737521701388,0.0,54,94.04670004732907,4,3,0,3,0,3,3,ships
c291b1efd.jpg,candidates,0.0,0.0013953314887152778,0.0,3,102.85279992967844,0,2,0,1,0,0,1,ships
c292ca881.jpg,land_coast,0.0,0.3162502712673611,0.0,2,84.69159994274378,0,2,0,2,0,2,2,coast
c299c4851.jpg,land_coast,0.0,0.3577338324652778,0.0,5,94.10680003929883,0,1,0,1,0,1,1,coast
c29c0c46b.jpg,candidates,0.0,0.0019158257378472222,0.0,7,79.67879995703697,0,1,0,1,0,1,1,ships
c29dd791a.jpg,candidates,0.0,0.007022433810763889,0.0,7,81.53580001089722,4,1,2,1,0,1,1,ships
c2a08140a.jpg,candidates,0.0,0.0005679660373263889,0.0,10,90.04589996766299,0,2,0,2,0,2,3,ships
c2a54c718.jpg,candidates,0.0,0.020558675130208332,0.0,20,100.17859993968159,0,0,0,0,0,0,0,empty
c2d1bbf6a.jpg,land_coast,0.0,0.2879299587673611,0.0,33,94.76590005215257,0,1,0,1,0,1,1,coast
c2dccbad8.jpg,candidates,0.0,0.007169935438368056,0.0,4,83.54749996215105,1,3,1,1,0,0,1,ships
c2e41934f.jpg,land_coast,0.0,0.3177812364366319,0.0,0,98.11550006270409,0,1,0,1,0,1,1,coast
c2eeeeac7.jpg,candidates,0.0,0.0023515489366319445,0.0123748779296875,8,83.74829997774214,7,2,0,1,0,1,1,ships
c30c54a2f.jpg,candidates,0.0,3.5603841145833336e-05,0.0,3,84.79480003006756,0,4,0,1,0,0,1,ships
c314fd217.jpg,candidates,0.0,0.0002797444661458333,0.0,3,89.2435999121517,0,1,0,1,0,1,1,ships
c323419df.jpg,empty_sea,0.0,0.0018480088975694445,0.0,0,94.83269997872412,0,0,0,0,0,0,0,empty
c329f5f9b.jpg,candidates,0.0,0.016262478298611112,0.04647996690538195,53,91.73489990644157,0,2,0,2,0,2,2,ships
c32e168e3.jpg,candidates,0.0,0.0013529459635416667,0.0,31,91.66450006887317,0,2,0,2,0,2,2,ships
c32f1acef.jpg,candidates,0.006000094943576389,0.0015305215059647588,0.01894768523585422,66,90.89460002724081,3,4,0,2,0,2,3,ships
c34201d92.jpg,land_coast,0.0,0.018402099609375,0.2831183539496528,51,86.01950004231185,9,15,3,10,1,8,10,coast
c34e7e406.jpg,candidates,0.0,0.0002933078342013889,0.0,1,90.10460006538779,0,2,0,1,0,0,1,ships
c350186a3.jpg,land_coast,0.0,0.2885623508029514,0.0,0,95.12890002224594,0,2,0,1,0,1,1,coast
c354e5fe8.jpg,land_coast,0.0,0.10799153645833333,0.09010484483506945,50,85.60709992889315,2,2,1,2,0,2,2,coast
c37dfbe27.jpg,candidates,0.0,0.0005459255642361111,0.0,5,89.22930003609508,0,2,0,2,0,2,2,ships
c382a8db2.jpg,candidates,0.0,0.004894680447048611,0.0,4,85.25640005245805,0,1,0,1,0,1,1,ships
c394d06d7.jpg,candidates,0.0,0.0005713568793402778,0.0,7,93.76550000160933,0,1,0,1,0,1,1,ships
c3bfdbd6e.jpg,candidates,0.0,0.0012529161241319445,0.0,13,97.22250001505017,0,1,0,1,0,1,1,ships
c3d6f7f42.jpg,candidates,0.0,0.0010138617621527778,0.0,2,79.87070002127439,0,7,0,7,0,6,6,ships
c3d82d7ff.jpg,land_coast,0.0,0.2243872748480903,0.0,0,73.72420001775026,0,0,0,0,0,0,0,coast
c3ea145f7.jpg,candidates,0.0,0.020234849717881944,0.07853020562065972,59,90.74890008196235,0,2,0,1,0,1,2,ships
c3ee08a52.jpg,candidates,0.0,0.11048041449652778,0.0,18,81.29699993878603,0,0,0,0,0,0,0,empty
c3f2fcbe9.jpg,candidates,0.0,0.0,0.0,5,93.20649993605912,0,0,0,0,0,0,0,empty
c3f7689f6.jpg,candidates,0.0,0.00023057725694444444,0.0,18,72.24160002078861,0,2,0,2,0,2,2,ships
c4029e9a8.jpg,candidates,0.0,5.255805121527778e-05,0.0,5,85.36789997015148,0,0,0,0,0,0,0,empty
c40ddbdbe.jpg,land_coast,0.0,0.3645189073350694,0.0,0,105.23469990585,0,1,0,1,0,1,1,coast
c4115103a.jpg,candidates,0.0,0.0028398301866319445,0.0434112548828125,5,87.15109992772341,0,4,0,1,0,0,1,ships
c45f70f40.jpg,candidates,0.0,0.0017751057942708333,0.010598076714409722,18,88.39920000173151,0,4,0,3,0,2,2,ships
c46fc340f.jpg,candidates,0.0,0.004662407769097222,0.013821072048611112,17,105.23859993554652,0,2,0,1,0,1,1,ships
c4776fa28.jpg,candidates,0.0,0.007464938693576389,0.0,18,83.19310005754232,1,1,0,1,0,1,1,ships
c48680529.jpg,candidates,0.0,0.00038825141059027775,0.0,3,86.65029995609075,0,2,0,2,0,2,2,ships
c489694a0.jpg,empty_sea,0.0,0.0,0.0,0,84.67749995179474,0,0,0,0,0,0,0,empty
c493087bc.jpg,land_coast,0.0,0.2759348551432292,0.0,0,105.93659989535809,0,2,0,2,0,2,2,coast
c4a3a677d.jpg,land_coast,0.0,0.3093634711371528,0.0,27,94.3771000020206,6,20,0,12,0,10,12,coast
c4a8edd30.jpg,candidates,0.0,0.00032721625434027775,0.0,1,85.36959998309612,0,1,0,1,0,1,1,ships
c4d1e6670.jpg,candidates,0.0,0.003792656792534722,0.0,14,105.37960007786751,1,1,0,1,0,1,1,ships
c4f963b2d.jpg,land_coast,0.0,0.1539459228515625,0.0,35,90.23769991472363,3,8,1,5,1,5,12,coast
c50cd8cef.jpg,candidates,0.0,0.07260640462239583,0.0,21,89.82730004936457,0,5,0,1,0,0,4,ships
c510ba6e3.jpg,land_coast,0.0,0.13556077745225695,0.0,40,75.89340000413358,4,1,0,1,0,1,2,coast
c514c104a.jpg,candidates,0.0,0.004141913519965278,0.015362209743923612,11,87.7194000640884,0,4,0,2,0,2,3,ships
c5258b331.jpg,candidates,0.0,7.968478732638889e-05,0.0,3,89.64199991896749,0,3,0,2,0,2,2,ships
c532610fd.jpg,empty_sea,0.0,0.0,0.0,0,86.34499995969236,0,0,0,0,0,0,0,empty
c53a2ee58.jpg,candidates,0.15718248155381945,0.07102295815767921,0.0658966018092287,40,88.37160002440214,0,0,0,0,0,0,0,empty
c543f74d8.jpg,candidates,0.0,0.10257466634114583,0.0,70,99.328099982813,4,6,1,1,0,1,3,ships
c54e1ab40.jpg,candidates,0.010843912760416666,0.0030385817195892058,0.0,84,94.47940008249134,0,2,0,2,0,2,2,ships
c553822a9.jpg,land_coast,0.5607503255208334,0.2634963705219077,0.0,0,91.84260002803057,0,2,0,1,0,0,1,coast
c5571ec67.jpg,candidates,0.0,0.0,0.0,2,93.15860003698617,0,1,0,1,0,1,1,ships
c559820e2.jpg,candidates,0.0,0.028876410590277776,0.0,1,77.77440000791103,0,0,0,0,0,0,0,empty
c55dbf5cc.jpg,land_coast,0.5172593858506944,0.21862124333494912,0.0,6,88.1828999845311,0,2,0,1,0,1,1,coast
c561e4293.jpg,land_coast,0.0,0.2006378173828125,0.0,4,109.75299996789545,1,5,0,1,0,0,3,coast
c56a3e864.jpg,candidates,0.0,5.5948893229166664e-05,0.0,2,86.47380000911653,0,5,0,1,0,0,2,ships
c586a33b5.jpg,candidates,0.0,0.05648464626736111,0.046591864691840276,61,76.47179998457432,2,3,0,3,0,3,3,ships
c58a63cdd.jpg,land_coast,0.0,0.041892157660590276,0.16884019639756945,67,73.42149992473423,1,3,0,3,0,2,3,coast
c58b2346b.jpg,candidates,0.0,0.004009670681423611,0.0,19,86.6845001000911,0,2,0,1,0,1,1,ships
c58db6710.jpg,candidates,0.0,0.0910983615451389,0.07836405436197917,59,82.80860004015267,4,3,0,2,0,1,2,ships
c592bdf7d.jpg,candidates,0.0,0.00024074978298611112,0.0,2,79.72899999003857,1,5,0,2,0,0,2,ships
c5c31d0ba.jpg,candidates,0.0,0.00017801920572916666,0.0,4,78.56240007095039,4,4,0,2,0,2,2,ships
c5c9bf314.jpg,candidates,0.0,0.0,0.0,24,93.150700093247,0,0,0,0,0,0,0,empty
c5d5af9b5.jpg,candidates,0.0,0.0012596978081597222,0.0,2,102.44689998216927,0,1,0,1,0,1,1,ships
c5e525fea.jpg,candidates,0.0,0.001956515842013889,0.0,8,92.1266000950709,0,3,0,1,0,0,1,ships
c5ee24d2a.jpg,candidates,0.0,0.0002492268880208333,0.0,17,96.80319996550679,1,1,0,1,0,1,1,ships
c6079250b.jpg,land_coast,0.4264933268229167,0.008380418709627208,0.3065639349365709,25,77.98579998780042,0,0,0,0,0,0,1,coast
c60851fb5.jpg,candidates,0.0,0.0017106797960069445,0.0,19,83.18449999205768,0,1,0,1,0,1,1,ships
c6105f8b3.jpg,candidates,0.0,0.0035264756944444445,0.0,11,88.79559999331832,0,2,0,2,0,2,2,ships
c611d621a.jpg,candidates,0.0,0.011871337890625,0.019802517361111112,16,109.58739998750389,5,2,1,1,0,0,1,ships
c61249dac.jpg,candidates,0.3239305284288194,0.06864114593005886,0.0,14,90.40079999249429,7,0,0,0,0,0,2,ships
c616d2345.jpg,candidates,0.0,0.003455268012152778,0.0,2,89.70919996500015,0,1,0,1,0,1,1,ships
c617284f0.jpg,candidates,0.0,0.0007951524522569445,0.0,38,95.35120008513331,0,0,0,0,0,0,0,empty
c61a04ef2.jpg,candidates,0.0,2.0345052083333332e-05,0.0679779052734375,34,85.17039997968823,0,0,0,0,0,0,0,empty
c61a0f936.jpg,empty_sea,0.0,0.003002590603298611,0.0,0,80.39429993368685,0,0,0,0,0,0,0,empty
c61bdb74d.jpg,candidates,0.04920620388454861,0.047205734429230366,0.0,21,83.66240002214909,2,2,0,0,0,0,2,ships
c6438fa0a.jpg,candidates,0.0,0.06474473741319445,0.032989501953125,67,87.41759997792542,4,2,1,2,0,2,2,ships
c647e33d7.jpg,candidates,0.0,0.00011189778645833333,0.0,4,96.33069997653365,6,3,0,1,0,0,1,ships
c66eb97bc.jpg,candidates,0.0,0.0006985134548611111,0.0,6,90.67840001080185,0,1,0,1,0,1,1,ships
c670f06d8.jpg,candidates,0.0,0.0035383436414930555,0.0,20,89.1683999216184,0,3,0,3,0,3,3,ships
c68573a6c.jpg,candidates,0.0,0.00010172526041666667,0.0,4,83.02319992799312,0,1,0,1,0,1,1,ships
c6985c3bc.jpg,candidates,0.0,0.0004781087239583333,0.0,1,79.14619997609407,0,1,0,1,0,1,1,ships
c6ad8f468.jpg,land_coast,0.0,0.004014756944444444,0.09214613172743055,48,87.37989992368966,1,5,1,4,0,3,3,coast
c6b52682a.jpg,candidates,0.0,5.255805121527778e-05,0.0,46,77.94840005226433,0,0,0,0,0,0,0,empty
c6c658e7c.jpg,candidates,0.0,0.11434427897135417,0.0,2,92.11680002044886,3,5,0,1,0,0,1,ships
c6d0782d3.jpg,land_coast,0.0,0.1664615207248264,0.0,7,85.38549998775125,0,0,0,0,0,0,0,coast
c6e0964d6.jpg,land_coast,0.0,0.2801242404513889,0.0,4,94.75529997143894,0,0,0,0,0,0,0,coast
c6ebf0bad.jpg,land_coast,0.0,0.2528822157118056,0.0,6,106.52000003028661,2,0,0,0,0,0,0,coast
c6edc6cdd.jpg,candidates,0.0,0.028596666124131944,0.015981038411458332,39,95.51920008379966,1,1,0,1,0,1,1,ships
c70cff811.jpg,candidates,0.0,0.0,0.0,21,74.33860003948212,1,5,0,3,0,1,1,ships
c71663c41.jpg,candidates,0.0,0.0005696614583333334,0.0,13,86.15570003166795,7,2,3,2,1,1,2,ships
c71732dda.jpg,candidates,0.0,0.0,0.0,3,95.9291000617668,0,0,0,0,0,0,0,empty
c724fb7f2.jpg,land_coast,0.0,0.2870127360026042,0.0,0,97.52880001906306,2,8,0,1,0,1,2,coast
c72500996.jpg,candidates,0.0,0.00011359320746527778,0.0,13,93.95909996237606,0,0,0,0,0,0,0,empty
c732b4219.jpg,candidates,0.0,0.0,0.012744479709201388,54,83.14120001159608,0,0,0,0,0,0,0,empty
c73e36916.jpg,candidates,0.0,0.008877224392361112,0.0,19,95.63490003347397,0,4,0,4,0,4,4,ships
c73f75ce3.jpg,candidates,0.0,0.0025804307725694445,0.0,10,102.2251999238506,0,1,0,1,0,1,1,ships
c74853df8.jpg,candidates,0.0,0.0017547607421875,0.0,20,80.71440004277974,0,5,0,4,0,3,3,ships
c748f46a2.jpg,candidates,0.0,0.015116373697916666,0.0,55,95.85000004153699,0,1,0,1,0,1,1,ships
c76da3b19.jpg,candidates,0.0,0.018917507595486112,0.049982706705729164,90,91.2001000251621,5,1,0,1,0,1,1,ships
c774ac4fc.jpg,candidates,0.0,0.0027669270833333335,0.0,17,98.91499998047948,0,6,0,6,0,5,5,ships
c77e904a7.jpg,candidates,0.0,0.002429538302951389,0.0,21,87.99450006335974,4,1,0,1,0,1,2,ships
c791d559e.jpg,candidates,0.0,5.764431423611111e-05,0.0,1,92.07849996164441,0,2,0,1,0,0,1,ships
c7986db8c.jpg,candidates,0.0,0.0025736490885416665,0.0,12,101.68179997708648,0,1,0,1,0,1,1,ships
c7aa3fcb0.jpg,candidates,0.0,0.00035942925347222225,0.0,2,81.84689993504435,0,2,0,1,0,0,1,ships
c7bcc1e3e.jpg,land_coast,0.0,0.1600799560546875,0.0,21,88.77999999094754,4,5,0,2,0,0,3,coast
c7d376304.jpg,land_coast,0.18326822916666666,0.16865835226318535,0.0,29,82.62130001094192,8,8,1,4,0,1,5,coast
c7e07fca0.jpg,candidates,0.0,0.002044677734375,0.0,5,88.24660000391304,2,3,2,2,1,1,2,ships
c7e435e40.jpg,candidates,0.0,0.0005035400390625,0.0,3,89.91099998820573,0,1,0,1,0,1,1,ships
c7f731da0.jpg,candidates,0.0,0.001553005642361111,0.0,10,79.63719998952001,0,3,0,2,0,2,2,ships
c808204d4.jpg,land_coast,0.0,0.182525634765625,0.0,11,93.50069996435195,0,3,0,3,0,3,3,coast
c811ba74f.jpg,candidates,0.0,0.08039177788628472,0.0,54,94.86400010064244,0,2,0,2,0,2,2,ships
c811f248e.jpg,candidates,0.0,0.0,0.0,2,110.04800000227988,3,1,2,0,0,0,1,ships
c8150e004.jpg,land_coast,0.0,0.3421630859375,0.0,1,91.85660001821816,0,1,0,1,0,1,1,coast
c8163f92f.jpg,candidates,0.0,0.0008307562934027778,0.0,9,87.87609997671098,0,3,0,3,0,3,3,ships
c82cf1162.jpg,candidates,0.0,0.0004119873046875,0.0,7,84.13789991755038,0,0,0,0,0,0,0,empty
c82ed649a.jpg,land_coast,0.0,0.3551601833767361,0.0,1,97.29090007022023,0,3,0,0,0,0,1,coast
c82ff8d19.jpg,land_coast,0.0,0.004311455620659722,0.0946316189236111,22,78.29460001084954,0,4,0,4,0,3,4,coast
c83bce795.jpg,land_coast,0.0,0.2735154893663194,0.0,4,84.03859997633845,1,1,0,1,0,1,1,coast
c84d74fb9.jpg,candidates,0.0,0.002994113498263889,0.0,26,89.80009995866567,0,1,0,1,0,1,1,ships
c8544a47e.jpg,candidates,0.0,0.0003204345703125,0.0,1,90.12489998713136,0,1,0,1,0,1,1,ships
c860aeb26.jpg,empty_sea,0.0,0.11513434516059028,0.0,0,83.38379999622703,0,1,0,0,0,0,1,ships
c8611efe9.jpg,land_coast,0.0,0.18513997395833334,0.0,1,96.07780002988875,0,0,0,0,0,0,0,coast
c861be6da.jpg,land_coast,0.0,0.2748277452256944,0.0,18,98.90240000095218,0,1,0,1,0,1,1,coast
c86564d5f.jpg,candidates,0.0,0.00250244140625,0.0137176513671875,32,75.89510001707822,0,13,0,11,0,10,11,ships
c866079b9.jpg,candidates,0.0,0.00035264756944444444,0.0,1,85.2882000617683,1,1,0,1,0,1,1,ships
c876fc5ea.jpg,candidates,0.0,0.0034467909071180555,0.0,4,85.87309997528791,0,7,0,4,0,2,3,ships
c88c2d44f.jpg,land_coast,0.8730824788411459,0.3135212957408518,0.0,1,78.54010001756251,3,3,0,1,0,0,2,coast
c89f7bcc3.jpg,candidates,0.0,0.0019887288411458335,0.0,14,85.44980001170188,1,1,0,1,0,1,1,ships
c8bad25f9.jpg,land_coast,0.0,0.24506123860677084,0.0,58,92.61629998218268,2,5,0,1,0,0,1,coast
c8befbde2.jpg,candidates,0.0,0.048029581705729164,0.0,7,92.7063999697566,1,8,0,3,0,2,3,ships
c8bfb3831.jpg,candidates,0.0,0.0677218967013889,0.0,43,88.15029996912926,2,3,0,3,0,1,4,ships
c8df0f169.jpg,candidates,0.0,0.0008748372395833334,0.0,21,82.32109993696213,1,0,0,0,0,0,0,empty
c8e65ad5e.jpg,candidates,0.0,0.041392008463541664,0.056128607855902776,66,103.90190000180155,0,2,0,2,0,2,2,ships
c8ee00067.jpg,candidates,0.0,0.0004391140407986111,0.0,12,92.17620000708848,1,15,0,10,0,5,6,ships
c8f82fad1.jpg,candidates,0.0,0.004262288411458333,0.0,7,99.02859991416335,3,2,0,1,0,1,1,ships
c8fedcb43.jpg,candidates,0.0,0.0013173421223958333,0.0,5,78.38369999080896,2,3,0,1,0,0,1,ships
c8fef9c11.jpg,land_coast,0.0,0.004308064778645833,0.17507765028211805,65,93.30720000434667,0,1,0,1,0,1,1,coast
c92858293.jpg,candidates,0.0,0.0587310791015625,0.0,85,89.41780007444322,0,0,0,0,0,0,0,empty
c94961614.jpg,candidates,0.0,0.0013563368055555555,0.0,12,89.97319999616593,0,0,0,0,0,0,0,empty
c95a8c12e.jpg,candidates,0.0,0.08178880479600695,0.0,52,83.55940005276352,0,1,0,1,0,1,1,ships
c95f41ee5.jpg,candidates,0.0,0.00115966796875,0.0,62,69.98090003617108,0,0,0,0,0,0,0,empty
c96240130.jpg,candidates,0.0,0.0004170735677083333,0.0,1,99.18169991578907,1,4,0,2,0,2,3,ships
c966e212b.jpg,land_coast,0.0,0.2332187228732639,0.0,4,92.67579996958375,0,1,0,1,0,1,1,coast
c968d16ee.jpg,candidates,0.0,0.00012715657552083334,0.0,62,85.55449999403208,0,0,0,0,0,0,0,empty
c96dba82f.jpg,empty_sea,0.0,0.0,0.0,0,91.60020004492253,0,0,0,0,0,0,0,empty
c973c7e9c.jpg,candidates,0.0,0.0003306070963541667,0.0,3,96.20899998117238,0,1,0,1,0,1,1,ships
c975acc83.jpg,candidates,0.0,0.00015936957465277778,0.0,3,81.2664000550285,0,4,0,4,0,3,3,ships
c99b28332.jpg,candidates,0.0,0.0010359022352430555,0.0,3,98.48069993313402,11,2,3,1,1,1,1,ships
c9a07bd76.jpg,candidates,0.0,0.001827663845486111,0.014005872938368056,41,101.12020000815392,1,3,0,3,0,3,3,ships
c9a4244fa.jpg,candidates,0.0,0.000457763671875,0.0,32,103.46100002061576,0,0,0,0,0,0,0,empty
c9ac54a6e.jpg,candidates,0.0,0.001556396484375,0.05339389377170139,5,92.01269992627203,0,2,0,2,0,2,2,ships
c9b5d67ae.jpg,land_coast,0.0,0.23665025499131945,0.0,11,105.81889993045479,0,1,0,1,0,1,1,coast
c9c00cecf.jpg,candidates,0.0,0.0021921793619791665,0.0,15,87.63610001187772,3,3,1,3,1,2,3,ships
c9c25b8a2.jpg,candidates,0.0,0.00021192762586805556,0.0,5,91.7560999514535,6,4,0,2,0,2,2,ships
c9d23a9ab.jpg,candidates,0.0,0.0008544921875,0.0,3,100.51739995833486,0,1,0,1,0,1,1,ships
c9d2b7692.jpg,candidates,0.0,0.0018327501085069445,0.0,12,83.64719990640879,0,7,0,6,0,4,7,ships
c9e1400d9.jpg,candidates,0.0,0.002678765190972222,0.0,6,99.08990003168583,0,2,0,2,0,2,2,ships
c9e936288.jpg,candidates,0.0,0.0,0.0,18,98.7294000806287,0,0,0,0,0,0,0,empty
c9ef774de.jpg,land_coast,0.0,0.2638329399956597,0.0,0,94.68630002811551,0,0,0,0,0,0,1,coast
c9ef9957c.jpg,candidates,0.0,0.0011918809678819445,0.0,3,92.82829996664077,0,2,0,2,0,1,1,ships
c9fe5d5ca.jpg,candidates,0.0,5.5948893229166664e-05,0.0,1,86.78080001845956,0,1,0,1,0,1,1,ships
ca204fe06.jpg,land_coast,0.0,0.2401394314236111,0.060568915473090276,1,113.75369993038476,2,0,0,0,0,0,1,coast
ca3aac5f6.jpg,candidates,0.0,0.0011800130208333333,0.012829250759548612,68,75.33650007098913,1,4,0,2,0,1,2,ships
ca3bc8ede.jpg,candidates,0.0,0.008802625868055556,0.0,125,80.3709999890998,1,1,0,1,0,1,1,ships
ca3d01277.jpg,land_coast,0.0,0.16701253255208334,0.0,101,76.49240002501756,0,1,0,1,0,0,1,coast
ca547ba18.jpg,land_coast,0.0,0.002926296657986111,0.1480322943793403,47,86.81070001330227,2,1,0,1,0,1,1,coast
ca5550623.jpg,candidates,0.0,0.018909030490451388,0.0,129,92.57760003674775,35,3,2,0,1,0,1,ships
ca5b58e6f.jpg,land_coast,0.117095947265625,0.0008073370164022021,0.09022673689588667,43,84.54619999974966,1,0,0,0,0,0,0,coast
ca621f70c.jpg,candidates,0.0,0.0013749864366319445,0.0,4,96.49550006724894,0,1,0,1,0,1,1,ships
ca734e1f7.jpg,candidates,0.0,0.00024074978298611112,0.0,34,93.18279998842627,0,2,0,1,0,0,1,ships
ca78eac88.jpg,land_coast,0.0,0.2412601047092014,0.06441413031684028,25,87.34269998967648,4,24,1,10,0,7,12,coast
ca803786e.jpg,candidates,0.0,0.00034417046440972225,0.0,3,86.59840002655983,1,4,0,3,0,2,3,ships
ca8043da1.jpg,candidates,0.0,0.019480387369791668,0.05433824327256945,50,88.40749994851649,0,4,0,2,0,1,2,ships
ca8f71cc3.jpg,land_coast,0.0,0.2933061387803819,0.0,31,91.82060009334236,0,2,0,2,0,2,2,coast
cabec17ac.jpg,candidates,0.0,0.0401611328125,0.0,4,91.23899997211993,0,2,0,0,0,0,1,ships
cac024e66.jpg,candidates,0.0,0.005474514431423611,0.0158233642578125,24,92.1919000102207,0,4,0,2,0,1,2,ships
cac7e5159.jpg,candidates,0.0,0.0013580322265625,0.0,3,101.23030003160238,2,8,0,5,0,3,4,ships
cb0069016.jpg,candidates,0.0,0.08098856608072917,0.0,18,91.47490002214909,0,1,0,1,0,1,1,ships
cb1dfe6c5.jpg,land_coast,0.0,0.1783209906684028,0.03222995334201389,18,86.07600000686944,5,0,0,0,0,0,1,coast
cb2f03a91.jpg,candidates,0.0,0.00023396809895833334,0.0,2,113.64389990922064,1,2,1,0,1,0,1,ships
cb2ff053a.jpg,candidates,0.0,0.0007595486111111111,0.028301662868923612,36,89.5487000234425,0,1,0,1,0,1,1,ships
cb53caede.jpg,candidates,0.0,0.0010138617621527778,0.06456671820746528,46,84.59620003122836,1,5,1,2,0,2,3,ships
cb59838db.jpg,candidates,0.0,0.001522488064236111,0.0,2,100.67089996300638,0,1,0,1,0,1,1,ships
cb5b36f4b.jpg,land_coast,0.0,0.1937900119357639,0.0,1,105.45419994741678,0,0,0,0,0,0,0,coast
cb859b033.jpg,land_coast,0.0,0.2777455647786458,0.0,1,90.52460000384599,0,0,0,0,0,0,0,coast
cb894ab1f.jpg,land_coast,0.0,0.3487396240234375,0.0,0,109.18500006664544,0,1,0,1,0,1,1,coast
cbaa3ac40.jpg,candidates,0.0,0.004611545138888889,0.0,37,98.55180000886321,0,0,0,0,0,0,0,empty
cbb7c75bf.jpg,candidates,0.0,0.003977457682291667,0.0,39,97.64970000833273,0,4,0,4,0,4,4,ships
cbbfbb22d.jpg,candidates,0.0,0.005393134223090278,0.03567165798611111,21,98.51989999879152,1,3,1,3,1,3,3,ships
cbce3034c.jpg,candidates,0.0,0.00016106499565972222,0.0,26,96.0785000352189,1,1,0,1,0,1,1,ships
cbce86d74.jpg,candidates,0.0,0.001232571072048611,0.0,10,106.34279996156693,0,1,0,1,0,1,1,ships
cbde9fff2.jpg,candidates,0.0,5.255805121527778e-05,0.0,1,91.1381000187248,0,3,0,1,0,1,1,ships
cc1074060.jpg,candidates,0.0,3.0517578125e-05,0.0,66,86.14989998750389,4,0,0,0,0,0,1,ships
cc1129cae.jpg,land_coast,0.0,0.19286600748697916,0.037345038519965276,5,91.82560001499951,0,0,0,0,0,0,0,coast
cc149b58c.jpg,candidates,0.0,0.00023905436197916666,0.0,74,101.85670002829283,0,0,0,0,0,0,0,empty
cc2341806.jpg,candidates,0.0,0.002841525607638889,0.07241312662760417,28,114.67829998582602,0,2,0,2,0,2,2,ships
cc286f825.jpg,land_coast,0.0,0.15553453233506945,0.0,9,125.24550000671297,0,2,0,2,0,2,2,coast
cc28b3bff.jpg,land_coast,0.0,0.35992431640625,0.0,12,97.19210001640022,0,1,0,1,0,1,1,coast
cc36cf02d.jpg,cloud,0.9745466444227431,0.0,0.0,0,58.87889990117401,0,0,0,0,0,0,1,cloud
cc3ec4d92.jpg,land_coast,0.09593031141493055,0.0015406117067422735,0.09458173726850307,66,89.2077999887988,0,1,0,1,0,1,1,coast
cc443832a.jpg,empty_sea,0.0,0.0,0.0,0,102.74490003939718,0,0,0,0,0,0,0,empty
cc46535db.jpg,land_coast,0.0,0.3507809109157986,0.0,7,104.96650007553399,0,1,0,1,0,1,1,coast
cc46f11d8.jpg,candidates,0.0,0.007937961154513888,0.0,15,77.80690002255142,0,2,0,2,0,2,2,ships
cc5ffaebd.jpg,land_coast,0.0,0.1230892605251736,0.0,69,104.62310002185404,2,1,0,1,0,1,1,coast
cc656380e.jpg,candidates,0.0,0.0,0.0,2,87.32659998349845,1,4,0,0,0,0,1,ships
cc65faeed.jpg,candidates,0.0,0.00015089246961805556,0.0,4,94.05090007930994,0,0,0,0,0,0,0,empty
cc6bf218a.jpg,land_coast,0.0,0.029875013563368056,0.08069356282552083,63,113.76069998368621,0,2,0,1,0,1,1,coast
cc6eb78ed.jpg,cloud,1.0,0.0,0.0,0,71.00370002444834,1,0,1,0,1,0,0,cloud
cc7877483.jpg,candidates,0.0,0.0,0.0,1,106.70359991490841,0,2,0,1,0,0,1,ships
cc79330c9.jpg,candidates,0.0,0.00011189778645833333,0.0,1,95.27450008317828,0,4,0,2,0,0,1,ships
cc7aa7f73.jpg,land_coast,0.0,0.2958560519748264,0.0,5,114.54909993335605,4,1,0,1,0,1,1,coast
cc855eb83.jpg,land_coast,0.0,0.12113274468315972,0.0,33,99.96050002519041,0,1,0,1,0,1,1,coast
cc8c92b9d.jpg,land_coast,0.029888576931423612,0.19699904905665713,0.0,74,96.20189992710948,1,2,0,1,0,0,1,coast
cc961a16d.jpg,candidates,0.0,0.00017632378472222222,0.0,19,120.77669997233897,0,2,0,1,0,1,1,ships
cc9d63066.jpg,candidates,0.0,0.005384657118055556,0.0,1,105.63120001461357,0,2,0,1,0,1,1,ships
ccc3ec007.jpg,empty_sea,0.0,0.08331976996527778,0.0,0,83.04870000574738,0,0,0,0,0,0,0,empty
ccd0b1840.jpg,candidates,0.0,0.0006900363498263889,0.0,2,95.43009998742491,0,6,0,4,0,2,2,ships
ccd0dbd49.jpg,candidates,0.0,0.00038825141059027775,0.0,7,89.25620000809431,0,7,0,2,0,0,1,ships
ccd6e5a7a.jpg,candidates,0.0,0.00012715657552083334,0.0,26,88.5613999562338,0,2,0,2,0,2,2,ships
cce4454eb.jpg,candidates,0.0,0.0009256998697916666,0.0,3,110.70630000904202,0,1,0,1,0,1,1,ships
ccf8b2830.jpg,candidates,0.0,0.002468532986111111,0.0,2,97.16630005277693,1,4,0,1,0,0,1,ships
ccfc98999.jpg,candidates,0.0,0.0866546630859375,0.0715908474392361,44,115.08839996531606,5,4,0,2,0,1,1,ships
cd2146349.jpg,land_coast,0.0,0.2573581271701389,0.0,0,82.93089992366731,0,0,0,0,0,0,0,coast
cd2c3036f.jpg,land_coast,0.0,0.3035481770833333,0.0,13,107.88689996115863,0,1,0,1,0,1,1,coast
cd2dc4f2b.jpg,candidates,0.0,0.00023057725694444444,0.0,1,86.70440001878887,0,1,0,1,0,1,1,ships
cd2e27eb6.jpg,land_coast,0.0,0.06063673231336805,0.1312594943576389,60,92.27010002359748,4,3,0,1,0,0,1,coast
cd3c5160b.jpg,land_coast,0.0,0.2464379204644097,0.0,0,95.58750002179295,0,0,0,0,0,0,0,coast
cd6417574.jpg,candidates,0.5656670464409722,0.0,0.0,25,105.26410001330078,0,1,0,1,0,1,1,ships
cda43b3b0.jpg,candidates,0.0,0.0021192762586805555,0.0,2,103.81100000813603,0,1,0,1,0,1,1,ships
cdc67e294.jpg,land_coast,0.20851304796006945,0.0017661542209345827,0.08616309520702285,46,78.0815000180155,0,2,0,1,0,1,1,coast
cdc696259.jpg,land_coast,0.0,0.2589619954427083,0.021270751953125,12,105.72290001437068,0,1,0,1,0,1,1,coast
cdc888bb9.jpg,candidates,0.0,0.0007866753472222222,0.0,3,90.11590003501624,0,1,0,1,0,1,1,ships
cdcd86f93.jpg,candidates,0.0,0.00020684136284722222,0.0,1,104.10180001053959,0,3,0,2,0,2,1,ships
cdd0d02c6.jpg,candidates,0.0,0.0031483968098958335,0.012963189019097222,15,97.32169995550066,1,6,0,3,0,2,3,ships
ce0f3a682.jpg,land_coast,0.0,0.21216837565104166,0.0,31,99.1910999873653,0,3,0,0,0,0,1,coast
ce1186235.jpg,candidates,0.0,0.003719753689236111,0.0,9,92.42520004045218,1,1,0,1,0,1,1,ships
ce4f8cffc.jpg,candidates,0.0,0.00019666883680555556,0.0,3,89.19079997576773,0,3,0,1,0,0,1,ships
ce536a86a.jpg,candidates,0.0,0.002899169921875,0.027932061089409724,26,81.30340010393411,0,2,0,1,0,0,1,ships
ce597fbd7.jpg,land_coast,0.0,0.2019382052951389,0.08076646592881945,24,86.61009999923408,11,9,3,5,1,4,7,coast
ce5f2ee8f.jpg,candidates,0.0,0.0730709499782986,0.0,7,86.4716999931261,2,6,2,3,1,0,2,ships
ce6610063.jpg,land_coast,0.0,0.2229529486762153,0.0,11,87.81689999159425,3,2,0,2,0,0,1,coast
ce671f28d.jpg,land_coast,0.0,0.3013543023003472,0.0,5,107.8656999161467,0,5,0,1,0,0,1,coast
ce7a0f083.jpg,candidates,0.0,0.0,0.0,1,99.69039994757622,0,3,0,1,0,1,1,ships
ce825caad.jpg,candidates,0.0,7.798936631944444e-05,0.0,3,105.81529990304261,0,2,0,2,0,0,1,ships
ce8db8532.jpg,candidates,0.0,0.0008680555555555555,0.0,22,101.85129998717457,1,1,0,1,0,1,1,ships
ce8e6fa68.jpg,land_coast,0.0,0.006261189778645833,0.08400472005208333,12,96.19509999174625,2,2,0,1,0,1,1,coast
ce9c8585d.jpg,candidates,0.0,0.000701904296875,0.0,2,84.7465000115335,8,1,0,1,0,1,1,ships
ced4bcc4b.jpg,candidates,0.0,3.0517578125e-05,0.0,37,82.33539992943406,0,0,0,0,0,0,0,empty
cee77050f.jpg,land_coast,0.0,0.17509629991319445,0.0,30,97.34970005229115,0,4,0,4,0,4,4,coast
ceef85c1e.jpg,candidates,0.0,0.0011088053385416667,0.0,48,96.24610003083944,0,0,0,0,0,0,0,empty
cef883979.jpg,candidates,0.0,0.042683919270833336,0.0,17,97.65380003955215,0,0,0,0,0,0,0,empty
cf342a5c9.jpg,candidates,0.0,0.053960164388020836,0.0104827880859375,47,89.65930005069822,23,5,2,2,2,1,3,ships
cf4526fbc.jpg,candidates,0.0,0.11100599500868055,0.03590562608506945,24,94.97689991258085,0,0,0,0,0,0,0,empty
cf493fcb5.jpg,candidates,0.0,0.006654527452256944,0.0,69,94.28890002891421,11,2,2,1,2,1,4,ships
cf5dee855.jpg,land_coast,0.0,0.2531907823350694,0.0,0,103.35939994547516,0,1,0,1,0,1,1,coast
cf7cec252.jpg,candidates,0.0,9.833441840277778e-05,0.0,4,99.99519994016737,3,2,0,2,0,2,1,ships
cf8ded8fb.jpg,candidates,0.0,0.0034925672743055555,0.0,31,91.22679999563843,0,2,0,2,0,2,2,ships
cf9fcd6b8.jpg,candidates,0.0,0.003078884548611111,0.0,2,86.86549996491522,1,6,0,3,0,0,2,ships
cfb6c473e.jpg,candidates,0.0,0.0028177897135416665,0.0,12,86.51619998272508,0,1,0,1,0,1,1,ships
cfbaa3622.jpg,candidates,0.0,5.9339735243055555e-05,0.0,2,101.13860003184527,1,2,0,2,0,2,2,ships
cfbde7b02.jpg,candidates,0.0,0.000732421875,0.0,5,109.74310000892729,5,5,4,3,1,1,2,ships
cfc01b72c.jpg,candidates,0.0,0.0005238850911458334,0.0,20,83.54260004125535,10,0,6,0,0,0,2,ships
cfc47dc7f.jpg,candidates,0.0,0.00021192762586805556,0.0,1,79.78579995688051,0,1,0,1,0,1,1,ships
cfc60a388.jpg,land_coast,0.0,0.0027601453993055555,0.12337239583333333,63,97.113800002262,0,1,0,0,0,0,1,coast
cfd05d1c9.jpg,candidates,0.0,0.0018751356336805555,0.0,12,78.54839996434748,1,1,0,1,0,1,1,ships
cfd639214.jpg,land_coast,0.0,0.22584703233506945,0.0,6,111.68179998639971,0,2,0,1,0,1,1,coast
cfd64576f.jpg,land_coast,0.0,0.3086276584201389,0.0,17,100.54659994784743,2,2,0,2,0,2,2,coast
cfddcbd4a.jpg,land_coast,0.0,0.2645840115017361,0.0,0,88.01940002012998,0,0,0,0,0,0,0,coast
cfef40c5a.jpg,land_coast,0.0,0.19743177625868055,0.08609517415364583,26,97.59300004225224,3,0,0,0,0,0,2,coast
d01488e58.jpg,empty_sea,0.0,0.09461296929253472,0.0,0,103.52120001334697,0,0,0,0,0,0,0,empty
d01a28f5b.jpg,empty_sea,0.0,0.0,0.0,0,90.02600004896522,0,0,0,0,0,0,0,empty
d01a36aa9.jpg,candidates,0.0,0.010414971245659722,0.012237548828125,44,109.53290003817528,1,1,0,1,0,1,1,ships
d035102d9.jpg,land_coast,0.0,0.022723727756076388,0.12352159288194445,72,124.25440002698451,1,7,1,5,1,4,5,coast
d049e596b.jpg,candidates,0.0,0.001544528537326389,0.015085856119791666,16,95.09270009584725,3,1,1,1,1,1,1,ships
d05bd6df2.jpg,candidates,0.0,0.0,0.0,7,104.0467000566423,0,0,0,0,0,0,0,empty
d06bd19ff.jpg,candidates,0.0,0.00014071994357638888,0.0627899169921875,52,108.67079999297857,0,1,0,1,0,1,1,ships
d0880713c.jpg,candidates,0.0,0.0009663899739583334,0.0,7,89.83740000985563,0,2,0,2,0,2,2,ships
d09408af3.jpg,land_coast,0.0,0.20440843370225695,0.04165818956163195,38,89.958900003694,3,3,1,0,0,0,12,coast
d0a3fabc4.jpg,candidates,0.0,0.0003085666232638889,0.0,5,95.94269993249327,0,2,0,2,0,1,1,ships
d0bc7505b.jpg,candidates,0.0,0.0006832546657986111,0.0,3,103.28919999301434,0,0,0,0,0,0,0,empty
d0d987446.jpg,candidates,0.0,0.0008663601345486111,0.0,3,89.13589990697801,0,1,0,1,0,1,1,ships
d0f378ac4.jpg,land_coast,0.008870442708333334,0.0856372230053034,0.1350279934827807,24,83.3054999820888,0,2,0,2,0,2,2,coast
d1096c791.jpg,candidates,0.0,0.0004323323567708333,0.044242011176215276,58,114.95830002240837,0,2,0,1,0,1,1,ships
d10d2aa3b.jpg,candidates,0.0,0.0,0.0,5,77.59460003580898,0,0,0,0,0,0,0,empty
d1165f6ca.jpg,candidates,0.0,0.007649739583333333,0.0,26,105.23720004130155,0,2,0,2,0,2,2,ships
d127ffe86.jpg,candidates,0.0,0.001369900173611111,0.0,4,93.57219992671162,1,15,0,13,0,9,12,ships
d14eb5f92.jpg,land_coast,0.0,0.14943949381510416,0.0,10,123.77159995958209,0,0,0,0,0,0,0,coast
d155d157d.jpg,candidates,0.0,0.07696363661024305,0.0,6,118.04199998732656,0,0,0,0,0,0,1,ships
d16380420.jpg,land_coast,0.0,0.2587907579210069,0.0,4,85.87969990912825,0,1,0,1,0,1,1,coast
d1688771a.jpg,candidates,0.0,0.0018751356336805555,0.0,7,92.61629998218268,5,5,3,4,2,4,5,ships
d16d73c39.jpg,candidates,0.0,0.10387335883246528,0.0,85,101.64429992437363,0,1,0,1,0,1,1,ships
d18d8c6e1.jpg,candidates,0.0,0.027299669053819444,0.06500752766927083,21,99.13670003879815,3,1,0,0,0,0,1,ships
d19239cbd.jpg,candidates,0.0,0.0038011338975694445,0.015887790256076388,28,87.98079995904118,0,2,0,2,0,2,2,ships
d198e2ff3.jpg,land_coast,0.0,0.14948527018229166,0.0,19,91.51459997519851,0,0,0,0,0,0,0,coast
d1b5ae2ac.jpg,land_coast,0.0,0.2228919135199653,0.0,3,82.4255000334233,0,0,0,0,0,0,0,coast
d1badb0bc.jpg,candidates,0.0,0.0013037787543402778,0.0,5,104.01820007245988,2,1,0,1,0,1,1,ships
d1cf8047a.jpg,land_coast,0.0,0.2947421603732639,0.0,5,97.94310003053397,0,4,0,4,0,4,4,coast
d1d44cf08.jpg,candidates,0.0,0.0018242730034722222,0.0,72,94.35379994101822,0,0,0,0,0,0,0,empty
d1e2feb78.jpg,candidates,0.0,0.00042724609375,0.0,6,100.81129998434335,1,3,0,2,0,0,2,ships
d1e7d5121.jpg,candidates,0.0,0.004448784722222222,0.019921196831597224,34,95.3184999525547,0,1,0,1,0,1,1,ships
d1f4649a8.jpg,land_coast,0.021460639105902776,0.3103789167209076,0.0,0,83.63240002654493,0,0,0,0,0,0,1,coast
d207a3b38.jpg,candidates,0.0,0.05511135525173611,0.05315992567274305,41,95.73290008120239,30,6,7,5,3,3,5,ships
d20b85754.jpg,candidates,0.0,0.002834743923611111,0.020216200086805556,14,95.2574999537319,1,1,0,1,0,1,1,ships
d21b2fcef.jpg,land_coast,0.0,0.3551856146918403,0.0,1,103.50379999727011,0,1,0,0,0,0,2,coast
d21d19455.jpg,candidates,0.0,0.003109402126736111,0.0151214599609375,5,84.28829989861697,0,1,0,1,0,1,1,ships
d233c8e26.jpg,land_coast,0.0,0.13416035970052084,0.051732381184895836,25,96.66929999366403,0,1,0,1,0,1,1,coast
d248d957d.jpg,candidates,0.0,0.04447597927517361,0.0,15,89.27089988719672,0,1,0,1,0,1,1,ships
d25bc545f.jpg,candidates,0.0,0.0013580322265625,0.0,7,83.7967999977991,0,4,0,3,0,2,3,ships
d25c0ae94.jpg,candidates,0.0,0.0,0.0,2,99.56310002598912,3,1,2,0,0,0,1,ships
d2606f085.jpg,candidates,0.0,0.018312242296006944,0.07724677191840278,70,122.28959996718913,0,1,0,1,0,1,1,ships
d268734c8.jpg,land_coast,0.0,0.2950117323133681,0.0,0,94.80670001357794,0,0,0,0,0,0,0,coast
d2918b312.jpg,candidates,0.0,0.014087253146701388,0.014595879448784722,57,91.87739994376898,0,2,0,1,0,0,1,ships
d297b2a96.jpg,land_coast,0.0,0.08591206868489583,0.2007107204861111,32,88.47529999911785,1,17,0,9,0,7,9,coast
d2a2e625e.jpg,candidates,0.0,0.0003085666232638889,0.0,4,91.38339990749955,0,4,0,4,0,3,3,ships
d2add8e1b.jpg,land_coast,0.0,0.21418253580729166,0.0,11,96.24970005825162,1,4,0,2,0,1,1,coast
d2ae3203b.jpg,candidates,0.0,0.002349853515625,0.0,8,97.96040004584938,0,1,0,1,0,1,1,ships
d2b0a6a9b.jpg,candidates,0.0,0.0013936360677083333,0.0,7,85.96539997961372,0,2,0,2,0,2,2,ships
d2c5b7ffc.jpg,candidates,0.0,0.002704196506076389,0.011015150282118056,19,102.58979990612715,0,1,0,1,0,1,1,ships
d2e7aeea7.jpg,candidates,0.0,0.0,0.0,1,109.3739999923855,0,0,0,0,0,0,0,empty
d2e871f1c.jpg,land_coast,0.0,0.2448577880859375,0.0,40,98.40780007652938,3,3,0,3,0,3,3,coast
d2fbffe43.jpg,land_coast,0.0,0.2943861219618056,0.0,2,111.04980006348342,0,0,0,0,0,0,0,coast
d30ba16f8.jpg,candidates,0.0,0.0,0.0,10,111.53859994374216,0,0,0,0,0,0,0,empty
d30f0e444.jpg,candidates,0.0,0.0003712972005208333,0.0,1,93.20710005704314,0,1,0,1,0,1,1,ships
d31493201.jpg,candidates,0.0,0.013407389322916666,0.0,55,85.71889996528625,1,6,0,3,0,1,2,ships
d31578c2e.jpg,candidates,0.0,0.00013224283854166666,0.0,1,93.9687000354752,1,3,0,1,0,0,1,ships
d315fb8ca.jpg,candidates,0.0,0.0,0.0,5,85.4479999979958,0,0,0,0,0,0,0,empty
d3200f957.jpg,candidates,0.0,0.042899237738715276,0.05158827039930555,95,96.67300002183765,0,10,0,7,0,7,7,ships
d320ac3c7.jpg,land_coast,0.0,0.21989949544270834,0.012320624457465278,14,88.68640009313822,0,1,0,1,0,1,1,coast
d3225b22d.jpg,candidates,0.0,0.0021379258897569445,0.0,48,99.47020001709461,0,0,0,0,0,0,0,empty
d327a89b1.jpg,candidates,0.0,0.010550604926215278,0.0,25,95.09920002892613,0,0,0,0,0,0,0,empty
d33046bfd.jpg,candidates,0.0,0.00018819173177083334,0.0,2,98.45980000682175,0,1,0,1,0,1,1,ships
d33e79d0b.jpg,candidates,0.0,0.0010138617621527778,0.0,4,89.38759996090084,0,2,0,1,0,1,1,ships
d3426de05.jpg,candidates,0.0,0.021740383572048612,0.018059624565972224,47,90.47819999977946,0,1,0,1,0,1,1,ships
d345a3a9d.jpg,land_coast,0.0,0.1775885687934028,0.0,41,84.55849997699261,1,1,0,0,0,0,1,coast
d3576e7ce.jpg,empty_sea,0.0,0.007988823784722222,0.0,0,104.1189000243321,0,0,0,0,0,0,0,empty
d35808bb6.jpg,candidates,0.0,0.0282745361328125,0.05817837185329861,65,89.85029999166727,0,4,0,3,0,2,3,ships
d3a2d2f2a.jpg,candidates,0.0,0.004094441731770833,0.0,38,112.59030003566295,9,11,1,5,0,5,7,ships
d3a671bb8.jpg,candidates,0.0,0.001202053493923611,0.0,10,102.99370007123798,2,1,0,1,0,1,1,ships
d3ace21ee.jpg,land_coast,0.0,0.1820712619357639,0.0,19,104.77050009649247,0,0,0,0,0,0,0,coast
d3cff70e3.jpg,candidates,0.0,0.005023532443576389,0.0,68,87.89209998212755,0,1,0,1,0,1,1,ships
d3d9b9eb1.jpg,cloud,0.9987928602430556,0.0,0.0,0,48.216599971055984,0,4,0,1,0,0,1,cloud
d3e1d8f8b.jpg,candidates,0.0,0.000762939453125,0.0,6,90.01329995226115,0,1,0,1,0,1,1,ships
d3f324fc3.jpg,empty_sea,0.0,0.0,0.0,0,77.03189994208515,0,0,0,0,0,0,0,empty
d3f3e2a6c.jpg,candidates,0.0,0.048209296332465276,0.0,1,81.31969999521971,0,1,0,1,0,1,1,ships
d3f5dcaa1.jpg,candidates,0.0,0.0016869439019097222,0.0,9,109.40659989137203,0,1,0,1,0,1,1,ships
d41a86c8c.jpg,candidates,0.0,0.0005204942491319445,0.0,2,88.30009994562715,2,2,0,1,0,0,1,ships
d42f72387.jpg,candidates,0.0,0.0029754638671875,0.0,7,87.89710002020001,0,7,0,4,0,1,3,ships
d439f2c12.jpg,land_coast,0.0,0.2941335042317708,0.0,3,108.7478999979794,0,1,0,1,0,1,2,coast
d4410c548.jpg,candidates,0.0,0.0038909912109375,0.03128221299913195,81,94.7747000027448,0,1,0,1,0,1,1,ships
d44808c7e.jpg,land_coast,0.0,0.27813720703125,0.0,0,103.59359998255968,0,0,0,0,0,0,0,coast
d458ed93a.jpg,candidates,0.0,0.029249403211805556,0.0,3,92.09010004997253,0,3,0,3,0,1,1,ships
d459530b9.jpg,candidates,0.0,0.032155354817708336,0.031575520833333336,82,92.86640002392232,0,1,0,1,0,1,1,ships
d45c69e55.jpg,candidates,0.0,0.0018937852647569445,0.0,23,115.02609995659441,0,2,0,2,0,2,2,ships
d46438d4b.jpg,land_coast,0.0,0.2539350721571181,0.0,2,97.75329998228699,1,0,0,0,0,0,0,coast
d482256a4.jpg,candidates,0.0,0.022096421983506944,0.0,7,90.12339997570962,0,0,0,0,0,0,0,empty
d49f98f25.jpg,candidates,0.0,0.0010019938151041667,0.0,4,101.04600002523512,0,1,0,1,0,1,1,ships
d4a67f6aa.jpg,candidates,0.0,0.001895480685763889,0.0,6,91.39750001486391,0,1,0,1,0,1,1,ships
d4aff732e.jpg,candidates,0.0,0.00022210015190972222,0.0,2,94.75500008556992,0,0,0,0,0,0,0,empty
d4b10112b.jpg,candidates,0.0,7.290310329861111e-05,0.0,1,82.19990006182343,1,0,1,0,0,0,1,ships
d4b2c7df1.jpg,candidates,0.0,0.0019989013671875,0.0,6,84.80409998446703,2,2,1,2,0,2,2,ships
d4c1a3972.jpg,empty_sea,0.0,0.007015652126736111,0.0,0,79.86960001289845,0,0,0,0,0,0,0,empty
d4c673a1a.jpg,candidates,0.0,0.000640869140625,0.0,19,82.33590004965663,0,6,0,3,0,2,2,ships
d4cbb37c1.jpg,land_coast,0.0,0.16438462999131945,0.020694308810763888,39,106.11809999682009,1,1,0,1,0,1,1,coast
d4d1cd099.jpg,candidates,0.0,0.0005442301432291666,0.0,3,93.10159995220602,0,1,0,1,0,1,1,ships
d4d26f700.jpg,candidates,0.0,0.0018937852647569445,0.0,6,81.84760005678982,0,1,0,1,0,1,1,ships
d4d776488.jpg,land_coast,0.0,0.2054901123046875,0.0,15,101.55919997487217,0,4,0,1,0,0,1,coast
d4dd3ccd5.jpg,candidates,0.0,0.0,0.0,11,92.51290000975132,0,0,0,0,0,0,0,empty
d4eb47fe4.jpg,candidates,0.0,0.011106703016493056,0.0,104,87.76909997686744,0,0,0,0,0,0,0,empty
d4efd2ff1.jpg,candidates,0.0,0.004408094618055556,0.0,29,93.12880004290491,0,1,0,1,0,1,1,ships
d4f5fc631.jpg,candidates,0.4311777750651042,0.0033947811284987524,0.02936340600034818,18,77.55030004773289,0,0,0,0,0,0,0,empty
d4fbc6c42.jpg,candidates,0.0,0.0,0.0,22,100.67020007409155,0,1,0,1,0,1,1,ships
d51353c8c.jpg,candidates,0.0,0.00033399793836805556,0.0,1,77.81200006138533,1,1,0,1,0,1,1,ships
d522fbcc1.jpg,candidates,0.0,0.040732489691840276,0.0,71,85.94070002436638,0,0,0,0,0,0,0,empty
d53802e85.jpg,candidates,0.0,0.022252400716145832,0.0,11,97.63760003261268,0,1,0,1,0,1,1,ships
d538c8b58.jpg,candidates,0.0,0.0016276041666666667,0.0,8,92.90269995108247,0,3,0,3,0,2,4,ships
d53b3b4f7.jpg,candidates,0.0,0.0004221598307291667,0.0,3,89.41469993442297,2,1,0,1,0,1,1,ships
d54485dae.jpg,land_coast,0.0,0.3346354166666667,0.0,1,90.11350001674145,1,1,1,1,1,1,1,coast
d547edd0b.jpg,land_coast,0.0,0.2614729139539931,0.0,0,96.42590000294149,0,0,0,0,0,0,0,coast
d54882ad6.jpg,land_coast,0.0,0.3620283338758681,0.0,0,106.42499988898635,0,1,0,1,0,1,1,coast
d55291fa8.jpg,candidates,0.0,0.003094143337673611,0.0,4,94.21399992424995,0,1,0,1,0,1,1,ships
d5544b1e8.jpg,candidates,0.0,0.005577935112847222,0.0,1,98.5021999804303,2,2,0,2,0,0,1,ships
d568197d7.jpg,land_coast,0.0,0.3253716362847222,0.0,0,101.69050004333258,0,1,0,1,0,1,1,coast
d56e15f1e.jpg,land_coast,0.0,0.2953982883029514,0.0,0,108.64169988781214,0,0,0,0,0,0,1,coast
d583d697e.jpg,candidates,0.0,0.0,0.0,4,89.66139995027333,0,0,0,0,0,0,0,empty
d584b67e8.jpg,land_coast,0.0,0.04810926649305555,0.3708377414279514,56,93.09770003892481,4,11,1,7,0,5,7,coast
d58aaa156.jpg,land_coast,0.7577887641059028,0.24784028126569563,0.0636279926335175,6,87.18120004050434,1,2,0,1,0,0,3,coast
d5a13f56d.jpg,land_coast,0.0,0.20898946126302084,0.0,17,104.300000006333,0,0,0,0,0,0,0,coast
d5a1b5d87.jpg,candidates,0.0,0.0024464925130208335,0.0,7,80.38890000898391,0,1,0,1,0,1,1,ships
d5b4ddf7e.jpg,candidates,0.0,8.816189236111111e-05,0.0,1,88.55049998965114,0,2,0,1,0,1,1,ships
d5cbb1ffa.jpg,candidates,0.0,3.5603841145833336e-05,0.0,1,86.73790004104376,0,2,0,1,0,1,1,ships
d5e62709e.jpg,land_coast,0.0,0.1381903754340278,0.0,53,96.62720002233982,0,6,0,1,0,0,7,coast
d601d1bd7.jpg,candidates,0.0,0.0013936360677083333,0.0,7,80.06279997061938,0,4,0,2,0,2,2,ships
d608ecaee.jpg,land_coast,0.0,0.23746744791666666,0.0,6,97.15249994769692,0,0,0,0,0,0,0,coast
d61c69b5d.jpg,candidates,0.0,0.008600870768229166,0.0,41,90.85079992655665,0,1,0,1,0,1,1,ships
d629473c8.jpg,candidates,0.0,0.03196546766493055,0.0,65,96.4665999636054,0,1,0,1,0,1,1,ships
d62e79403.jpg,candidates,0.0,0.0005933973524305555,0.0,1,89.85140000004321,0,1,0,1,0,1,1,ships
d63134c57.jpg,candidates,0.0,0.0,0.0,4,92.27739996276796,3,5,0,2,0,0,4,ships
d63d5a195.jpg,candidates,0.0,0.003055148654513889,0.0,7,92.37610001582652,0,2,0,2,0,2,2,ships
d658180e6.jpg,land_coast,0.0,0.1644778781467014,0.012235853407118056,35,94.3019000114873,0,1,0,1,0,1,1,coast
d65ebcc15.jpg,candidates,0.0,0.0010138617621527778,0.0,12,86.30710002034903,1,8,0,6,0,6,6,ships
d671e0676.jpg,candidates,0.0,0.008400811089409722,0.0,42,87.731400039047,2,4,0,4,0,4,4,ships
d673af73e.jpg,land_coast,0.0,0.368743896484375,0.019085354275173612,7,96.80389997083694,0,5,0,1,0,1,2,coast
d67d144f8.jpg,land_coast,0.0,0.17622884114583334,0.010791354709201388,13,98.17160002421588,0,0,0,0,0,0,1,coast
d6aba2316.jpg,land_coast,0.0,0.301239013671875,0.0,13,82.57149998098612,3,4,0,4,0,4,4,coast
d6b59d78d.jpg,land_coast,0.0,0.1326446533203125,0.2342749701605903,0,103.54069992899895,22,3,0,3,0,1,6,coast
d6c509605.jpg,land_coast,0.0,0.2708299424913194,0.0,7,82.83880003727973,2,7,0,5,0,4,8,coast
d6d014ce6.jpg,candidates,0.0,0.0017106797960069445,0.0,6,92.10520004853606,1,3,1,3,0,3,4,ships
d6d5b3a3a.jpg,candidates,0.0,0.0036112467447916665,0.0,12,81.04299998376518,0,2,0,2,0,2,2,ships
d6e39424d.jpg,candidates,0.0,0.0006239149305555555,0.0,3,92.51410001888871,0,1,0,1,0,1,1,ships
d6e747951.jpg,candidates,0.0,0.010006374782986112,0.012274848090277778,42,89.84050003346056,0,1,0,1,0,1,1,ships
d6f4a1e1c.jpg,candidates,0.0,0.0012885199652777778,0.0,5,108.24400000274181,0,2,0,2,0,2,2,ships
d6f904887.jpg,candidates,0.0,0.0003238254123263889,0.0,3,88.04060006514192,3,1,1,1,0,1,1,ships
d70582b99.jpg,candidates,0.0,0.005243937174479167,0.015497843424479166,11,87.00810000300407,3,5,0,2,0,2,3,ships
d70a782c8.jpg,candidates,0.0,0.03321499294704861,0.0,83,94.02790002059191,0,0,0,0,0,0,0,empty
d7148ea82.jpg,candidates,0.0,0.015992906358506944,0.052146063910590276,53,98.51899999193847,10,6,0,3,0,1,2,ships
d71ecae92.jpg,land_coast,0.0,0.03283521864149305,0.1396857367621528,17,79.00080003309995,6,4,2,3,1,3,1,coast
d74430258.jpg,land_coast,0.0,0.15655008951822916,0.0,0,78.15519999712706,0,3,0,0,0,0,1,coast
d74a679af.jpg,land_coast,0.0,0.2421603732638889,0.0,1,73.54260003194213,0,2,0,1,0,1,1,coast
d759a9908.jpg,candidates,0.0,0.007220798068576389,0.0,49,98.29640004318208,0,0,0,0,0,0,0,empty
d78ae1183.jpg,candidates,0.0,0.00024074978298611112,0.0,2,85.2358000120148,1,8,0,2,0,1,2,ships
d78dc391a.jpg,candidates,0.0,0.00014411078559027778,0.0,1,88.13499996904284,0,2,0,1,0,1,1,ships
d78f1b0fc.jpg,candidates,0.0,0.006293402777777778,0.053582085503472224,30,101.61999997217208,2,2,0,1,0,0,1,ships
d79768bd1.jpg,candidates,0.0,0.0,0.0,1,84.32819996960461,0,0,0,0,0,0,0,empty
d79f7224d.jpg,land_coast,0.0,0.2237938774956597,0.0,0,82.79539993964136,0,0,0,0,0,0,0,coast
d7a9c46b5.jpg,land_coast,0.0,0.3177608913845486,0.0,1,87.40029996261,1,1,1,1,0,1,1,coast
d7bc33409.jpg,land_coast,0.0,0.2600216335720486,0.0,23,98.73880003578961,0,2,0,2,0,2,2,coast
d7bed5c3c.jpg,land_coast,0.0,0.2813279893663194,0.041802300347222224,21,107.12709999643266,0,2,0,1,0,1,1,coast
d7d7a0d82.jpg,land_coast,0.0,0.0865936279296875,0.23702833387586805,16,74.49010002892464,12,4,3,3,1,2,2,coast
d7da8d2eb.jpg,candidates,0.0,0.00022718641493055556,0.0,42,83.44399998895824,2,2,0,0,0,0,1,ships
d7dab24b9.jpg,candidates,0.0,0.0005120171440972222,0.0,1,95.2253999421373,1,1,0,1,0,1,1,ships
d7f59157e.jpg,candidates,0.0,0.0025312635633680555,0.0,10,82.64689997304231,0,1,0,1,0,1,1,ships
d7fbb11c2.jpg,candidates,0.0,0.0005747477213541666,0.0,46,91.70560003258288,0,0,0,0,0,0,0,empty
d8014d408.jpg,candidates,0.0,0.001514010959201389,0.0,6,86.5522000240162,0,2,0,2,0,2,2,ships
d817f8a5e.jpg,candidates,0.0,0.00016954210069444444,0.0,2,82.57750002667308,3,3,1,2,0,1,2,ships
d818faec7.jpg,candidates,0.0,0.0016394721137152778,0.0,1,107.5132000260055,0,4,0,1,0,0,1,ships
d830995c0.jpg,candidates,0.0,0.0014699300130208333,0.012569851345486112,13,88.33659999072552,0,3,0,2,0,1,2,ships
d834cf90f.jpg,land_coast,0.042877197265625,0.16570611640901706,0.01155526732080826,1,102.90329996496439,0,0,0,0,0,0,0,coast
d838aeb0f.jpg,candidates,0.0,0.0,0.015146891276041666,36,95.04509996622801,0,0,0,0,0,0,0,empty
d84cfdb99.jpg,land_coast,0.0,0.2543741861979167,0.0,12,87.40970003418624,0,0,0,0,0,0,0,coast
d84dcbec7.jpg,candidates,0.0,0.0285797119140625,0.0,7,94.72950000781566,0,1,0,1,0,1,1,ships
d86011872.jpg,land_coast,0.0,0.14198133680555555,0.0,0,103.00550004467368,0,0,0,0,0,0,0,coast
d873b61c4.jpg,candidates,0.0,0.00019497341579861112,0.0,1,95.24269995745271,1,3,0,0,0,0,1,ships
d885a0cfa.jpg,candidates,0.0,0.006559583875868056,0.034859551323784724,3,87.3589999973774,0,1,0,1,0,1,2,ships
d8932f238.jpg,candidates,0.0,0.0005323621961805555,0.0,2,97.49419998843223,0,2,0,2,0,2,2,ships
d89781c4f.jpg,candidates,0.0,0.0003323025173611111,0.0,4,84.15260002948344,2,5,0,2,0,1,2,ships
d8aaa8906.jpg,candidates,0.0,0.000979953342013889,0.0,5,89.91450001485646,0,1,0,1,0,1,1,ships
d8bece921.jpg,candidates,0.0,0.00028143988715277775,0.0,2,94.98089994303882,0,1,0,1,0,1,1,ships
d8cd22a93.jpg,candidates,0.0,0.002953423394097222,0.0,21,80.27819998096675,0,3,0,3,0,3,3,ships
d8cf4003a.jpg,land_coast,0.0,0.1242794460720486,0.055272420247395836,19,90.5307000502944,0,0,0,0,0,0,0,coast
d8d932cc9.jpg,candidates,0.0,0.00013393825954861112,0.0,3,98.00600004382432,3,2,2,0,0,0,1,ships
d8e1291a9.jpg,land_coast,0.0,0.1452857123480903,0.0,45,88.04529998451471,0,0,0,0,0,0,1,coast
d8f2d724d.jpg,candidates,0.0,0.001712375217013889,0.0,10,105.37889995612204,5,1,2,1,1,1,1,ships
d904353a3.jpg,land_coast,0.0,0.2969394259982639,0.0,0,80.93189995270222,0,0,0,0,0,0,0,coast
d90ee92a7.jpg,candidates,0.0,0.007354736328125,0.0,45,103.56529999990016,3,4,1,3,1,3,4,ships
d90fea18e.jpg,land_coast,0.0,0.06089613172743055,0.3382703993055556,19,94.57409998867661,4,4,0,3,0,3,3,coast
d91bbf2a5.jpg,candidates,0.0,0.09193589952256945,0.01104736328125,34,84.87919997423887,3,1,1,1,1,1,1,ships
d91cd539d.jpg,candidates,0.0,0.07427978515625,0.0,22,93.66860007867217,13,5,2,4,0,3,4,ships
d93f8afa8.jpg,candidates,0.0,0.0009240044487847222,0.0,4,78.08400003705174,0,4,0,1,0,1,1,ships
d94a9fb03.jpg,candidates,0.0,0.017415364583333332,0.0,27,80.49880003090948,0,3,0,1,0,1,1,ships
d94e66a6c.jpg,empty_sea,0.0,0.0,0.0,0,76.61700004246086,0,0,0,0,0,0,0,empty
d9647123f.jpg,candidates,0.0,5.5948893229166664e-05,0.0,4,78.43939994927496,0,1,0,1,0,1,1,ships
d96fec217.jpg,empty_sea,0.0,0.0,0.0,0,84.73869995214045,0,0,0,0,0,0,0,empty
d9762ef5e.jpg,land_coast,0.0,0.028444078233506944,0.3011050754123264,52,82.59929995983839,2,14,0,7,0,4,12,coast
d97c3853b.jpg,candidates,0.0,0.004913330078125,0.0,15,101.60970001015812,1,1,1,1,0,1,1,ships
d98a5b9e7.jpg,empty_sea,0.0,0.0,0.0,0,97.57780004292727,0,0,0,0,0,0,0,empty
d993d97f0.jpg,land_coast,0.0,0.23216078016493055,0.0,5,78.96990003064275,0,2,0,2,0,2,2,coast
d999fb7eb.jpg,candidates,0.0,0.005006578233506944,0.0,141,85.78690001741052,0,1,0,1,0,1,1,ships
d9aeca52a.jpg,land_coast,0.0,0.2813245985243056,0.0,28,98.53860002476722,0,1,0,1,0,1,1,coast
d9b0b05ae.jpg,candidates,0.0,0.004852294921875,0.06606038411458333,22,92.3561000963673,0,1,0,1,0,1,1,ships
d9c413612.jpg,candidates,0.0,0.0012800428602430555,0.0,8,103.13060006592423,0,5,0,4,0,3,2,ships
d9ce70363.jpg,candidates,0.0,0.005686442057291667,0.0,81,81.62369998171926,0,0,0,0,0,0,0,empty
d9d2ed181.jpg,candidates,0.0,0.0,0.0,1,100.13410006649792,0,0,0,0,0,0,0,empty
d9eb952db.jpg,candidates,0.0,0.0034535725911458335,0.0,27,86.82750002481043,0,6,0,5,0,4,4,ships
da01be553.jpg,candidates,0.0,0.004092746310763889,0.0,20,84.33109999168664,5,3,0,2,0,2,2,ships
da05d9552.jpg,candidates,0.0,0.0003306070963541667,0.0,2,95.81120009534061,2,1,1,1,1,1,1,ships
da0eff198.jpg,land_coast,0.026909722222222224,0.0011012326077258405,0.1551104569676234,10,78.48829997237772,0,0,0,0,0,0,0,coast
da2ef65c1.jpg,candidates,0.0,0.09307861328125,0.0,52,90.99850000347942,0,0,0,0,0,0,0,empty
da3d9ff9a.jpg,candidates,0.0,0.0005103217230902778,0.0,3,95.37690004799515,0,1,0,1,0,1,1,ships
da3f2296d.jpg,candidates,0.0,0.002890692816840278,0.0,19,90.32770001795143,0,1,0,1,0,1,1,ships
da5b2b43e.jpg,land_coast,0.0,0.1778632269965278,0.026255289713541668,21,96.82780003640801,0,1,0,1,0,1,1,coast
da5e01c72.jpg,candidates,0.0,0.00039503309461805556,0.0,17,88.12349999789149,0,1,0,1,0,1,1,ships
da7127fce.jpg,candidates,0.0,0.023895263671875,0.0,57,96.62620001472533,1,1,0,1,0,1,1,ships
da8f9a623.jpg,candidates,0.0,0.062171088324652776,0.0,5,103.99249999318272,0,0,0,0,0,0,0,empty
dac3a1dc7.jpg,candidates,0.0,0.001068115234375,0.0,9,81.35370002128184,1,3,0,1,0,1,1,ships
dae1c1117.jpg,land_coast,0.0,0.3104756673177083,0.0,0,85.19000001251698,0,0,0,0,0,0,0,coast
daf6d488b.jpg,land_coast,0.0,0.2276950412326389,0.0,8,84.07250000163913,0,1,0,1,0,1,1,coast
db14ea67b.jpg,candidates,0.0,0.0,0.0,2,85.03309998195618,0,1,0,1,0,1,1,ships
db323e181.jpg,land_coast,0.0,0.028661092122395832,0.09811570909288195,40,91.04250010568649,2,1,0,1,0,1,1,coast
db332a9bf.jpg,candidates,0.0,0.0,0.0,1,96.2931999238208,1,3,0,2,0,2,2,ships
db51d5637.jpg,candidates,0.0,0.0006323920355902778,0.044547186957465276,58,98.85029995348305,8,1,0,1,0,1,1,ships
db5eb5b52.jpg,land_coast,0.0,0.2937266031901042,0.0,0,87.83800003584474,0,0,0,0,0,0,1,coast
db703d95b.jpg,land_coast,0.0,0.14699300130208334,0.0,96,82.4301999527961,2,1,0,1,0,1,1,coast
db80451ad.jpg,candidates,0.0,0.0005933973524305555,0.0,10,78.38749990332872,0,5,0,5,0,4,4,ships
db90af1ba.jpg,candidates,0.0,0.0016106499565972222,0.0,34,107.54160000942647,0,4,0,3,0,2,2,ships
db94b0c65.jpg,candidates,0.0,0.0003916422526041667,0.0,23,92.59659994859248,0,3,0,1,0,0,1,ships
dba4b574c.jpg,candidates,0.0,0.09061177571614583,0.0,58,78.93630000762641,4,5,0,1,0,1,5,ships
dbb68029a.jpg,candidates,0.0,0.0628543429904514,0.0,7,90.11730004567653,0,4,0,2,0,1,1,ships
dbc29fe5e.jpg,candidates,0.0,5.0862630208333336e-05,0.0,1,88.43740005977452,0,1,0,1,0,1,1,ships
dbc7efc5f.jpg,candidates,0.0,0.0014055040147569445,0.0,16,79.15710005909204,1,3,0,2,0,2,2,ships
dbd46b866.jpg,candidates,0.0,0.024249606662326388,0.0,40,89.24000000115484,0,0,0,0,0,0,0,empty
dbea9bce8.jpg,candidates,0.0,0.0009189181857638889,0.0,24,90.90830001514405,0,1,0,1,0,1,1,ships
dbf31d0bf.jpg,candidates,0.0,0.00011359320746527778,0.0,21,111.49390006903559,3,2,0,1,0,0,1,ships
dbf49f532.jpg,candidates,0.0,0.0,0.0,1,81.6048999549821,0,3,0,0,0,0,1,ships
dc0f4e884.jpg,candidates,0.0,0.0008985731336805555,0.0,5,103.66589995101094,0,2,0,2,0,2,2,ships
dc181b406.jpg,candidates,0.0,0.012122260199652778,0.0,30,84.39370000269264,2,2,1,2,0,1,1,ships
dc1cec72f.jpg,land_coast,0.0,0.3194715711805556,0.0,0,88.11410004273057,0,1,0,1,0,1,1,coast
dc1f0561b.jpg,candidates,0.0,0.00012376573350694444,0.0,3,80.06720000412315,1,7,1,2,0,0,2,ships
dc24140d7.jpg,land_coast,0.0,0.17978413899739584,0.0,89,91.97079995647073,1,1,0,1,0,1,1,coast
dc2e7650e.jpg,candidates,0.0,0.04168870713975695,0.0,13,85.61199996620417,0,1,0,1,0,1,1,ships
dc45a7d7d.jpg,land_coast,0.024707370334201388,0.05580842540828455,0.21754280934982612,40,90.50829999614507,2,5,0,2,0,2,2,coast
dc4ee69ba.jpg,land_coast,0.0,0.16320631239149305,0.0,2,96.75810008775443,0,1,0,1,0,1,1,coast
dc6adaf6b.jpg,candidates,0.0,0.003531561957465278,0.0,15,91.07769990805537,1,6,0,5,0,4,5,ships
dc70dac80.jpg,candidates,0.0,0.0007188585069444445,0.0,5,82.16279989574105,5,3,3,1,2,1,2,ships
dc74e1bd7.jpg,candidates,0.0,5.5948893229166664e-05,0.0,2,91.3363000145182,0,5,0,1,0,0,2,ships
dc7dd1d3d.jpg,candidates,0.0,0.002814398871527778,0.0,26,79.50940006412566,0,0,0,0,0,0,0,empty
dc88648bc.jpg,land_coast,0.0,0.3111606174045139,0.0,6,98.33219996653497,0,1,0,1,0,1,1,coast
dc9918631.jpg,candidates,0.0,0.017030504014756944,0.0,1,81.91499998793006,1,2,0,1,0,1,1,ships
dc9de6e70.jpg,candidates,0.0,0.059824625651041664,0.0,8,87.66449999529868,1,3,0,0,0,0,1,ships
dc9df3f49.jpg,empty_sea,0.0,0.0,0.0,0,81.8339999532327,0,0,0,0,0,0,0,empty
dcbc1dca0.jpg,candidates,0.0,0.0012274848090277778,0.0,38,97.45360002852976,1,0,0,0,0,0,0,empty
dcbd287ff.jpg,candidates,0.0,0.09049479166666667,0.0,17,81.66030002757907,0,9,0,6,0,5,8,ships
dcbf6f940.jpg,land_coast,0.5841861300998263,0.2974160021074311,0.0,0,77.73789996281266,0,0,0,0,0,0,0,coast
dcc648d23.jpg,candidates,0.0,0.0,0.0,3,78.15809990279377,2,1,0,1,0,1,1,ships
dcc9d356f.jpg,candidates,0.0,0.003806220160590278,0.0,13,93.00270001403987,1,5,1,5,0,4,6,ships
dcd29c585.jpg,land_coast,0.4610799153645833,0.0025165911689315986,0.24737591205597165,25,85.975700058043,0,0,0,0,0,0,0,coast
dce120eb0.jpg,land_coast,0.0,0.290252685546875,0.0,9,101.03649995289743,0,1,0,1,0,1,1,coast
dce184f9f.jpg,candidates,0.0,0.00023566351996527778,0.0,1,100.9947001002729,3,1,1,1,0,0,1,ships
dce4124de.jpg,candidates,0.0,0.03951687282986111,0.0,4,87.90939999744296,0,2,0,2,0,2,2,ships
dcecb5848.jpg,candidates,0.0,0.0,0.0,1,86.1285999417305,0,2,0,0,0,0,1,ships
dcee40e39.jpg,candidates,0.0,0.0017835828993055555,0.0,1,81.17730007506907,1,2,0,2,0,0,1,ships
dcef50f8e.jpg,candidates,0.0,0.0009273952907986111,0.0,57,94.9603000190109,0,0,0,0,0,0,0,empty
dd0c48486.jpg,candidates,0.0,0.004876030815972222,0.0,10,86.84730005916208,0,2,0,2,0,2,2,ships
dd11c75d4.jpg,land_coast,0.0,0.058837890625,0.2477908664279514,45,95.68589995615184,1,2,0,1,0,0,1,coast
dd3611765.jpg,candidates,0.0,0.009840223524305556,0.0486297607421875,36,80.39169991388917,9,0,3,0,3,0,2,ships
dd3a40a04.jpg,candidates,0.0,0.00035942925347222225,0.0,4,92.02390001155436,0,1,0,1,0,1,1,ships
dd3d81dcc.jpg,candidates,0.0,0.005671183268229167,0.0,16,89.74500000476837,0,5,0,2,0,1,2,ships
dd4786821.jpg,candidates,0.0,0.0024159749348958335,0.0,11,92.0804999768734,3,7,0,2,0,0,3,ships
dd4a6d82e.jpg,candidates,0.0,0.0007510715060763889,0.0,13,89.93589994497597,0,1,0,1,0,1,1,ships
dd5aefa8e.jpg,candidates,0.0,0.0005323621961805555,0.0,3,92.0689000049606,0,3,0,3,0,3,3,ships
dd602e79c.jpg,candidates,0.0,0.0011376274956597222,0.0,4,102.59979998227209,1,2,1,1,1,1,1,ships
dd751efd2.jpg,candidates,0.0,0.0018513997395833333,0.0,6,82.84399996045977,2,2,1,2,1,2,2,ships
dd7a0bae9.jpg,candidates,0.0,0.00017462836371527778,0.0,2,78.89010000508279,0,2,0,2,0,2,2,ships
dd87389b5.jpg,candidates,0.0,0.020599365234375,0.05433824327256945,42,105.15509999822825,3,7,0,2,0,0,3,ships
dd8a7ae86.jpg,land_coast,0.0,0.0354461669921875,0.1639522976345486,73,92.1807000413537,0,1,0,1,0,1,1,coast
dd9316d80.jpg,land_coast,0.0,0.3323838975694444,0.0,0,85.56219993624836,0,1,0,1,0,1,1,coast
dd95e4912.jpg,land_coast,0.0,0.15803019205729166,0.06530083550347222,57,85.78079997096211,0,1,0,1,0,1,1,coast
dd98989f9.jpg,candidates,0.0,0.00014919704861111112,0.0,1,85.23520000744611,0,1,0,1,0,1,1,ships
dd9c62eb1.jpg,candidates,0.0,0.0013987223307291667,0.0,8,89.81729997321963,0,9,0,8,0,7,9,ships
ddb836e4c.jpg,land_coast,0.0,0.08524237738715278,0.3669535319010417,47,87.76540006510913,10,1,5,1,3,1,1,coast
ddc31772a.jpg,candidates,0.011578030056423612,0.00393160657080937,0.050091835030889965,60,88.83939997758716,0,0,0,0,0,0,0,empty
ddc628dfc.jpg,candidates,0.0,0.0,0.0,8,76.70169998891652,0,0,0,0,0,0,0,empty
dddc57439.jpg,candidates,0.0,0.0015360514322916667,0.0,6,96.1090000346303,1,1,0,1,0,1,1,ships
ddde7074c.jpg,candidates,0.0,0.0,0.0,1,87.13090000674129,0,0,0,0,0,0,0,empty
dde8b4534.jpg,candidates,0.0,0.008416069878472222,0.0,53,112.40350001025945,0,0,0,0,0,0,0,empty
ddfd0f81f.jpg,empty_sea,0.0,0.0,0.0,0,95.90549999848008,0,0,0,0,0,0,0,empty
ddfd9a43f.jpg,candidates,0.0,0.01116943359375,0.030587090386284724,43,81.33949991315603,1,2,0,2,0,2,2,ships
de13169f6.jpg,candidates,0.0,2.5431315104166668e-05,0.0,1,93.08329992927611,1,2,0,0,0,0,1,ships
de2bc8558.jpg,candidates,0.0,0.004040188259548611,0.012729220920138888,8,84.13390000350773,0,1,0,1,0,1,1,ships
de2cd1e18.jpg,empty_sea,0.0,0.0,0.0,0,93.05759996641427,0,0,0,0,0,0,0,empty
de3552aaa.jpg,candidates,0.0,0.00014580620659722222,0.0,11,103.1698000151664,0,0,0,0,0,0,0,empty
de729d58d.jpg,candidates,0.0,0.114227294921875,0.0,65,122.92470003012568,4,4,0,0,0,0,3,ships
de83256f0.jpg,land_coast,0.0,0.3197445339626736,0.0,0,95.85699997842312,0,1,0,1,0,1,1,coast
de8e69dc2.jpg,candidates,0.0,0.0,0.0,2,90.8651000354439,0,0,0,0,0,0,0,empty
de9197d41.jpg,land_coast,0.0,0.1267615424262153,0.0,8,101.90409992355853,0,0,0,0,0,0,0,coast
de93b8c30.jpg,land_coast,0.0,0.024693806966145832,0.1467166476779514,34,100.1987000927329,0,4,0,3,0,3,3,coast
de954bc29.jpg,candidates,0.0,0.0013512505425347222,0.0,55,108.9151999913156,0,0,0,0,0,0,0,empty
dea844684.jpg,candidates,0.0,0.016226874457465276,0.0,4,89.08009994775057,0,6,0,2,0,0,1,ships
deaeaace1.jpg,candidates,0.0,0.0,0.0,2,87.3884999891743,0,0,0,0,0,0,0,empty
deb4f38c4.jpg,candidates,0.0,0.0016106499565972222,0.0,9,89.771099970676,0,4,0,4,0,3,4,ships
deb7cf470.jpg,candidates,0.0,0.012056138780381944,0.0,4,92.6470000995323,0,3,0,1,0,0,1,ships
dec41d40e.jpg,candidates,0.0,0.0018683539496527778,0.024641248914930556,35,91.06000000610948,1,6,1,4,1,4,3,ships
dec4b32bd.jpg,candidates,0.0,0.000518798828125,0.0,2,91.14659996703267,0,2,0,2,0,2,2,ships
decaf5477.jpg,candidates,0.019512600368923612,0.022005155053806312,0.0,2,92.80599991325289,0,0,0,0,0,0,0,empty
decd87781.jpg,candidates,0.0,0.0035230848524305555,0.013141208224826388,28,97.70949999801815,0,1,0,1,0,1,1,ships
decf64180.jpg,candidates,0.0,0.0023396809895833335,0.0,11,102.58609999436885,2,8,1,4,1,4,5,ships
dee1b7bcd.jpg,candidates,0.0,0.0014817979600694445,0.0,7,101.22349997982383,2,1,1,1,0,0,1,ships
def8e62ff.jpg,candidates,0.0,0.002829657660590278,0.052276611328125,60,109.38260005787015,0,1,0,1,0,1,1,ships
defc68332.jpg,candidates,0.0,0.001056247287326389,0.0,15,125.12409989722073,0,3,0,1,0,1,1,ships
df309259f.jpg,candidates,0.0,0.001132541232638889,0.0,47,102.4378000292927,0,1,0,1,0,1,1,ships
df57d6555.jpg,candidates,0.0,0.0023515489366319445,0.0,3,96.78449993953109,0,7,0,4,0,1,2,ships
df60ea333.jpg,candidates,0.0,0.011105007595486112,0.0,113,80.26600000448525,0,0,0,0,0,0,0,empty
df67b338e.jpg,candidates,0.0,0.003150092230902778,0.0,21,88.85639999061823,0,1,0,1,0,1,1,ships
df9631438.jpg,candidates,0.0,0.005710177951388889,0.010949028862847222,25,127.38329998683184,1,2,0,2,0,2,2,ships
dfa746e2c.jpg,candidates,0.0,0.07327100965711805,0.0,5,78.37439991999418,0,4,0,2,0,1,2,ships
dfb87866b.jpg,candidates,0.0,0.004645453559027778,0.0,4,84.97000008355826,0,1,0,1,0,1,1,ships
dfbe7e394.jpg,candidates,0.0,0.012176513671875,0.0,191,95.48780007753521,0,2,0,1,0,0,1,ships
dfc497a7c.jpg,candidates,0.0,0.00039503309461805556,0.0,5,73.4142999863252,2,1,0,1,0,1,1,ships
dfcd53bd6.jpg,candidates,0.0,0.0017852783203125,0.0,4,98.08530006557703,0,5,0,2,0,2,2,ships
dfcdddcc7.jpg,land_coast,0.0,0.2760043674045139,0.0,1,91.00410004612058,1,0,0,0,0,0,0,coast
dfcf9539e.jpg,candidates,0.0,0.016142103407118056,0.0,20,84.3800000147894,0,2,0,1,0,1,1,ships
dfd14645c.jpg,candidates,0.0,0.06676737467447917,0.0,34,90.65890009514987,3,1,1,0,0,0,1,ships
dfe9ee27b.jpg,candidates,0.0,0.0011681450737847222,0.0,4,113.63469995558262,0,1,0,1,0,1,1,ships
dfebd6a6d.jpg,land_coast,0.0,0.013995700412326388,0.09407212999131945,59,104.39339990261942,1,3,0,2,0,0,1,coast
dff287a9f.jpg,candidates,0.0,0.0,0.0,16,108.73179999180138,0,2,0,2,0,2,2,ships
dff90a71e.jpg,candidates,0.0,0.0029161241319444445,0.0,6,96.89459996297956,0,1,0,1,0,1,1,ships
e0031bf86.jpg,land_coast,0.0,0.2951795789930556,0.0,0,98.639199975878,0,0,0,0,0,0,1,coast
e00b26d45.jpg,candidates,0.0,0.00022210015190972222,0.0,4,92.17660001013428,0,3,0,2,0,1,3,ships
e019e8599.jpg,candidates,0.0,0.002265082465277778,0.0,35,79.07969993539155,7,3,0,1,0,0,2,ships
e01e15b11.jpg,candidates,0.0,0.0009850396050347222,0.0,4,87.50649995636195,0,1,0,1,0,1,1,ships
e01ed6240.jpg,land_coast,0.0,0.19008890787760416,0.0,9,81.19610010180622,0,2,0,2,0,2,2,coast
e03d17003.jpg,empty_sea,0.0,0.0,0.0,0,85.33749997150153,0,1,0,1,0,1,1,ships
e04022899.jpg,candidates,0.0,0.0005340576171875,0.0,5,107.8725999686867,0,1,0,1,0,1,1,ships
e04158da1.jpg,candidates,0.0,0.0009172227647569445,0.0,11,83.20049999747425,0,3,0,3,0,3,3,ships
e04d04a73.jpg,candidates,0.0,0.0,0.0,1,99.63009995408356,0,0,0,0,0,0,0,empty
e05d0385a.jpg,land_coast,0.0,0.3554229736328125,0.0,1,95.78770003281534,0,0,0,0,0,0,1,coast
e06ff97ef.jpg,land_coast,0.0,0.17193094889322916,0.0,51,103.34509995300323,0,1,0,1,0,1,1,coast
e08b6a633.jpg,candidates,0.0,0.00043572319878472225,0.0,1,90.37140000145882,1,1,0,1,0,1,1,ships
e0a7cfcae.jpg,land_coast,0.2216220431857639,0.25945220453429085,0.0,0,82.3834000620991,0,1,0,1,0,1,1,coast
e0adf0993.jpg,candidates,0.0,0.0004696316189236111,0.0,3,88.93770002759993,1,1,1,1,1,1,1,ships
e0b35ff5c.jpg,land_coast,0.1054653591579861,0.009651959010760346,0.10155422957573113,62,107.01709997374564,5,6,1,6,1,6,5,coast
e0c25beb6.jpg,candidates,0.0,0.0005052354600694445,0.0,27,107.12290008086711,2,10,0,3,0,2,4,ships
e0d71d52d.jpg,candidates,0.0,0.0007968478732638889,0.0,1,91.4230999769643,0,1,0,1,0,1,1,ships
e0da29077.jpg,empty_sea,0.0,0.09894476996527778,0.0,0,87.11889991536736,0,0,0,0,0,0,0,empty
e0dbc7433.jpg,land_coast,0.0,0.22101338704427084,0.0,0,97.4362000124529,0,0,0,0,0,0,0,coast
e0e5aee91.jpg,candidates,0.0,0.0005459255642361111,0.0,4,92.29690011125058,0,3,0,3,0,3,3,ships
e0ed8219d.jpg,candidates,0.0,0.029273139105902776,0.0,39,84.23570008017123,0,0,0,0,0,0,0,empty
e0ef84d33.jpg,land_coast,0.0,0.2870364718967014,0.0,66,93.99429999757558,0,1,0,1,0,1,1,coast
e0f916574.jpg,candidates,0.0,0.07192145453559028,0.0,32,84.39329999964684,12,11,2,3,0,2,7,ships
e10b4d0ae.jpg,candidates,0.0,0.004233466254340278,0.040152655707465276,39,94.4775000680238,9,1,5,1,3,1,1,ships
e114efe0c.jpg,candidates,0.0,0.013921101888020834,0.0,109,92.63640001881868,0,0,0,0,0,0,0,empty
e1184336e.jpg,candidates,0.0,0.002190483940972222,0.0,51,104.34370010625571,0,0,0,0,0,0,0,empty
e12065e8d.jpg,candidates,0.0,0.0018513997395833333,0.0,12,95.1092999894172,0,7,0,6,0,6,7,ships
e12ed31b2.jpg,candidates,0.0,0.00022549099392361112,0.0,3,94.51279998756945,0,1,0,1,0,1,1,ships
e13b506d5.jpg,land_coast,0.0,0.2308264838324653,0.0,3,110.20489991642535,0,0,0,0,0,0,0,coast
e13ddafbf.jpg,land_coast,0.0,0.276641845703125,0.0,21,120.15259999316186,0,9,0,3,0,2,4,coast
e14193d38.jpg,candidates,0.0,0.00044420030381944444,0.0,5,93.05799996946007,0,1,0,1,0,1,1,ships
e15bf18f6.jpg,candidates,0.0,3.390842013888889e-05,0.0,2,81.15560002624989,1,2,0,1,0,0,1,ships
e167ea928.jpg,land_coast,0.3149905734592014,0.0005052557010553073,0.11270848308695607,20,74.69360006507486,0,0,0,0,0,0,0,coast
e16c0aa88.jpg,candidates,0.0,0.002132839626736111,0.0,6,84.14549997542053,0,1,0,1,0,1,1,ships
e1713d2e4.jpg,land_coast,0.0,0.09571668836805555,0.408935546875,60,85.76109993737191,0,8,0,3,0,2,4,coast
e1719ebde.jpg,land_coast,0.0,0.1929745144314236,0.0,11,88.96560000721365,2,7,0,1,0,0,2,coast
e17305d6f.jpg,candidates,0.0,0.0037790934244791665,0.0,16,83.46600004006177,1,7,0,7,0,7,7,ships
e17990993.jpg,land_coast,0.0,0.0462188720703125,0.2628394232855903,91,87.52619998995215,0,1,0,1,0,1,1,coast
e1b21f71e.jpg,candidates,0.0,0.00031195746527777775,0.0,1,76.18710002861917,0,1,0,1,0,1,1,ships
e1bbb896e.jpg,land_coast,0.0,0.2889590793185764,0.0,0,100.9130000602454,0,0,0,0,0,0,0,coast
e1e970b82.jpg,candidates,0.0,0.0006985134548611111,0.0,2,94.24300002865493,0,3,0,2,0,1,2,ships
e1fb831df.jpg,land_coast,0.0,0.0891452365451389,0.3941752115885417,52,86.76849992480129,8,23,0,5,0,3,12,coast
e1ff8445b.jpg,candidates,0.0,0.05617947048611111,0.022211710611979168,48,94.11249996628612,3,3,0,0,0,0,2,ships
e2057c8cb.jpg,empty_sea,0.0,6.951226128472222e-05,0.0,0,95.76150006614625,0,0,0,0,0,0,0,empty
e2076b095.jpg,candidates,0.17966206868489584,0.0,0.0,17,107.87770000752062,0,0,0,0,0,0,0,empty
e210c8ab1.jpg,candidates,0.0,0.0013342963324652778,0.0,21,99.60570000112057,0,2,0,2,0,2,2,ships
e215185fc.jpg,candidates,0.0,0.004197862413194444,0.016766018337673612,24,99.3272999767214,14,1,3,1,0,1,1,ships
e215280c6.jpg,land_coast,0.0,0.2601826985677083,0.0,1,106.09289992135018,0,2,0,1,0,1,1,coast
e220af7e4.jpg,candidates,0.0,0.0005815294053819445,0.0,2,82.76829996611923,0,5,0,2,0,0,1,ships
e2435fd16.jpg,land_coast,0.0,0.016881306966145832,0.1397518581814236,19,102.0733000477776,0,0,0,0,0,0,0,coast
e24541346.jpg,candidates,0.0,0.012381659613715278,0.036353217230902776,85,95.07120004855096,1,9,0,3,0,2,4,ships
e26578776.jpg,land_coast,0.0,0.09626091851128472,0.3633626302083333,0,91.95279993582517,6,7,1,5,0,4,2,coast
e270f482d.jpg,candidates,0.0,0.0001373291015625,0.0,1,97.94809995219111,1,1,1,1,0,0,1,ships
e279290ac.jpg,land_coast,0.006778293185763889,0.14769893739186093,0.073461836640043,8,89.18010001070797,2,1,0,0,0,0,1,coast
e27a1043e.jpg,candidates,0.0,0.002068413628472222,0.0,12,86.89830009825528,1,1,0,1,0,1,1,ships
e27eda89e.jpg,candidates,0.0,0.003502739800347222,0.0,9,104.94669992476702,0,5,0,4,0,4,4,ships
e28a77c4e.jpg,candidates,0.0,0.029834323459201388,0.015124850802951388,17,93.27269997447729,0,5,0,2,0,0,1,ships
e28ea6c68.jpg,candidates,0.0,0.034981621636284724,0.026980929904513888,48,94.66139995492995,0,1,0,1,0,1,1,ships
e29b20a8c.jpg,land_coast,0.0404815673828125,0.0021827509091818433,0.10220347096691221,67,121.79080001078546,0,0,0,0,0,0,0,coast
e2a2ed1df.jpg,candidates,0.0,0.0006781684027777778,0.0,6,87.97720004804432,7,2,1,1,0,1,1,ships
e2b48de41.jpg,candidates,0.0,0.0017547607421875,0.0,5,89.68430000822991,0,3,0,2,0,2,2,ships
e2cb5c088.jpg,candidates,0.0,0.0005984836154513889,0.0,3,108.59389998950064,0,1,0,1,0,1,1,ships
e2d4ee02b.jpg,candidates,0.0,0.011338975694444444,0.0,30,90.64980002585799,0,0,0,0,0,0,0,empty
e2defb617.jpg,candidates,0.04231431749131945,0.0,0.06597395088891388,8,93.72150001581758,0,0,0,0,0,0,0,empty
e2e63e107.jpg,land_coast,0.0,0.2452358669704861,0.0,0,98.52020000107586,0,0,0,0,0,0,0,coast
e2eba6336.jpg,candidates,0.0,0.0,0.0,3,83.6016999091953,0,0,0,0,0,0,0,empty
e2ee21385.jpg,land_coast,0.037300957573784724,0.0005090827818269864,0.10816146615841166,46,80.50470007583499,0,0,0,0,0,0,0,coast
e2eff5126.jpg,candidates,0.0,0.09328715006510417,0.0,63,90.52849991712719,6,13,1,5,0,4,12,ships
e2f3712d4.jpg,candidates,0.0,0.1192203097873264,0.0,18,107.98339999746531,0,5,0,5,0,5,4,ships
e2fc09570.jpg,candidates,0.0,0.0021464029947916665,0.0,9,85.75099997688085,3,1,2,1,2,1,1,ships
e32634dff.jpg,candidates,0.0,0.0006069607204861111,0.0,21,89.32700008153915,0,1,0,1,0,1,1,ships
e3332d6b3.jpg,candidates,0.0,0.0014088948567708333,0.0,1,90.81769990734756,5,2,0,2,0,0,1,ships
e344ff87a.jpg,candidates,0.0,0.0028516981336805555,0.0,7,94.23389995936304,1,4,0,2,0,1,2,ships
e345aa0fa.jpg,candidates,0.0,0.002480400933159722,0.0,12,102.38399996887892,0,1,0,1,0,1,1,ships
e351b3a23.jpg,candidates,0.0,0.0006306966145833334,0.0,4,92.91229990776628,2,1,1,1,0,1,1,ships
e36bd03c3.jpg,land_coast,0.0,0.049080742730034724,0.2982465955946181,44,102.57749992888421,2,2,0,1,0,1,1,coast
e37025d1e.jpg,candidates,0.0,0.0013648139105902778,0.0,13,95.2963000163436,0,1,0,1,0,1,1,ships
e37b55da1.jpg,candidates,0.0,0.0003000895182291667,0.0,1,91.17520006839186,0,1,0,1,0,1,1,ships
e38061675.jpg,land_coast,0.12953016493055555,0.010408112866989377,0.1447619124104298,41,86.22719999402761,28,7,10,4,7,3,6,coast
e383c1034.jpg,candidates,0.0,0.027426825629340276,0.0,24,89.37139995396137,0,0,0,0,0,0,0,empty
e3971ee6f.jpg,candidates,0.0,0.004452175564236111,0.011216905381944444,30,81.25270006712526,0,6,0,4,0,4,4,ships
e3a216f2f.jpg,candidates,0.0,5.764431423611111e-05,0.0,12,96.67510003782809,1,2,0,1,0,0,1,ships
e3a6563ee.jpg,land_coast,0.0,0.2993977864583333,0.0,2,100.23199999704957,0,2,0,2,0,2,2,coast
e3a946e05.jpg,candidates,0.0,0.0023345947265625,0.0,10,82.7373000793159,0,1,0,1,0,1,1,ships
e3ad2690a.jpg,land_coast,0.0,0.3168436686197917,0.0,1,94.71929993014783,3,5,1,2,0,1,2,coast
e3b7fa739.jpg,candidates,0.0,0.008982340494791666,0.026467217339409724,30,93.98350003175437,5,3,1,2,0,1,2,ships
e3bd79aae.jpg,candidates,0.0,0.0014851888020833333,0.0,15,87.57219999097288,0,1,0,1,0,1,1,ships
e3c71ea14.jpg,candidates,0.0,0.0009104410807291666,0.0,3,99.9358999542892,0,1,0,1,0,1,1,ships
e3ce21827.jpg,land_coast,0.0,0.2992112901475694,0.0,0,96.5222999220714,0,0,0,0,0,0,0,coast
e3ced7d56.jpg,candidates,0.042443169487847224,0.000754703451737521,0.03999749029731014,43,88.47800001967698,3,1,0,1,0,1,1,ships
e3d173076.jpg,land_coast,0.0,0.039632161458333336,0.10484144422743055,30,99.3742001010105,1,3,0,2,0,1,3,coast
e3d76f3b3.jpg,land_coast,0.0,0.1849246554904514,0.0,8,92.82439993694425,6,10,0,8,0,7,15,coast
e3da47a57.jpg,candidates,0.0,0.0004679361979166667,0.0,1,88.7250000378117,1,1,0,1,0,1,1,ships
e3dc2e61c.jpg,land_coast,0.0,0.00013224283854166666,0.09200880262586805,56,88.04080006666481,0,0,0,0,0,0,0,coast
e3de6539e.jpg,candidates,0.0,2.8822157118055555e-05,0.0,12,82.96040003187954,0,0,0,0,0,0,0,empty
e3de772e1.jpg,candidates,0.0,0.009372287326388888,0.0,20,84.7881999798119,0,1,0,1,0,1,1,ships
e3eee0539.jpg,candidates,0.0,0.011176215277777778,0.0,64,93.16060005221516,0,15,0,8,0,6,7,ships
e3f296ecd.jpg,land_coast,0.0,0.009962293836805556,0.14406840006510416,12,86.31889999378473,4,2,2,2,1,2,2,coast
e3f6d0fba.jpg,candidates,0.0,0.002200656467013889,0.0,20,79.3289999710396,0,1,0,1,0,0,1,ships
e4052078a.jpg,land_coast,0.0,0.1701880560980903,0.0,6,99.93530006613582,0,0,0,0,0,0,0,coast
e40a67a1a.jpg,candidates,0.0,0.003204345703125,0.0,68,85.84690000861883,0,0,0,0,0,0,0,empty
e40e87799.jpg,candidates,0.0,0.013851589626736112,0.0,45,95.48879996873438,0,2,0,0,0,0,1,ships
e42e64450.jpg,candidates,0.0,0.001430935329861111,0.0,4,82.64469995629042,3,5,1,3,0,3,4,ships
e42fd47a9.jpg,candidates,0.14717610677083334,0.0,0.0,2,80.3897000150755,0,1,0,1,0,1,1,ships
e43b5d3c0.jpg,candidates,0.0,0.001064724392361111,0.0,18,88.2851000642404,2,1,1,1,0,1,1,ships
e43f3ec8b.jpg,land_coast,0.0,0.18197462293836805,0.0,6,88.89569994062185,3,5,0,1,0,0,2,coast
e44af9630.jpg,candidates,0.0,0.0003628200954861111,0.0,2,86.21139999013394,0,1,0,1,0,1,1,ships
e44bdcbc3.jpg,candidates,0.0,0.0,0.0,3,90.77600005548447,0,3,0,0,0,0,1,ships
e44ce8314.jpg,land_coast,0.0,0.317718505859375,0.0,3,89.53600004315376,2,3,0,3,0,3,2,coast
e45354f25.jpg,candidates,0.1662411159939236,0.014004354608489207,0.07876827972248175,35,101.16649989504367,0,0,0,0,0,0,0,empty
e45948d98.jpg,candidates,0.0,0.0012902153862847222,0.0,6,94.19730002991855,0,2,0,2,0,2,2,ships
e45b2bfa0.jpg,candidates,0.0,0.03283860948350695,0.0,32,94.52629997394979,1,9,0,3,0,2,4,ships
e46a2b722.jpg,candidates,0.0,0.027421739366319444,0.0221405029296875,34,83.40350002981722,15,10,5,5,2,4,8,ships
e47738640.jpg,candidates,0.0,0.0108489990234375,0.0,8,79.8073000041768,2,1,1,1,1,1,1,ships
e47c0edc0.jpg,land_coast,0.0,0.04005601671006945,0.1584811740451389,87,95.97889997530729,0,0,0,0,0,0,0,coast
e47c5350d.jpg,candidates,0.0,0.003197564019097222,0.0,36,94.90420005749911,1,1,1,1,1,1,1,ships
e47cdd72e.jpg,candidates,0.0,0.0003611246744791667,0.0,3,78.70249997358769,1,2,1,1,1,1,2,ships
e4906cfe5.jpg,candidates,0.0,0.002444797092013889,0.0,23,101.48109996225685,0,1,0,1,0,1,1,ships
e4b51fe24.jpg,candidates,0.0,0.041144476996527776,0.0,7,98.50660001393408,0,1,0,1,0,1,1,ships
e4b6b97cb.jpg,candidates,0.13413831922743055,0.023963546116603604,0.0,48,82.07539992872626,0,5,0,4,0,4,4,ships
e4cb8a992.jpg,candidates,0.0,0.020867241753472224,0.0,42,83.34289991762489,0,2,0,2,0,2,2,ships
e4d8cf115.jpg,candidates,0.0,0.0031602647569444445,0.017479790581597224,33,78.11529992613941,6,5,2,2,0,2,2,ships
e4f4bf1f0.jpg,candidates,0.0,0.001178317599826389,0.0,7,96.05180006474257,4,2,1,0,0,0,1,ships
e5030f4e2.jpg,candidates,0.0,0.001376681857638889,0.0,3,91.39439999125898,0,5,0,3,0,3,4,ships
e50a8c023.jpg,candidates,0.0,3.390842013888889e-05,0.0,3,80.92099998611957,0,0,0,0,0,0,0,empty
e517755c9.jpg,land_coast,0.0,0.07346428765190972,0.3352711995442708,34,80.49770002253354,6,2,3,1,2,0,1,coast
e519f021e.jpg,candidates,0.0,0.005983140733506944,0.0,3,90.36290005315095,0,0,0,0,0,0,0,empty
e5381cb2d.jpg,candidates,0.0,0.045189751519097224,0.0,57,82.92219997383654,0,0,0,0,0,0,0,empty
e53ae8ff9.jpg,candidates,0.0,0.00047471788194444444,0.0,3,97.9384999955073,0,3,0,2,0,2,2,ships
e56164a38.jpg,candidates,0.0,0.00026109483506944444,0.0,9,105.0104999449104,10,0,2,0,0,0,0,empty
e56645abe.jpg,candidates,0.0,0.00048658582899305556,0.0,4,83.20650004316121,0,1,0,1,0,1,1,ships
e56e1a2c9.jpg,candidates,0.0,0.016737196180555556,0.012059529622395834,28,113.70350001379848,0,0,0,0,0,0,0,empty
e5763adde.jpg,candidates,0.0,2.2040473090277777e-05,0.0,1,81.94689999800175,0,3,0,0,0,0,1,ships
e59ca3f9f.jpg,land_coast,0.0,0.2513936360677083,0.022660997178819444,11,89.21339991502464,0,1,0,1,0,1,1,coast
e59f8a8a8.jpg,land_coast,0.0,0.2869466145833333,0.0,4,103.28569996636361,0,1,0,1,0,1,1,coast
e5c25a6af.jpg,candidates,0.0,0.001675075954861111,0.0,6,98.53570000268519,0,1,0,1,0,1,1,ships
e5e24e96b.jpg,candidates,0.0,0.001156277126736111,0.0,4,89.19849991798401,0,2,0,1,0,0,1,ships
e5e4c25b5.jpg,candidates,0.0,0.002646552191840278,0.019556681315104168,30,77.50659994781017,0,1,0,1,0,1,1,ships
e6077373c.jpg,candidates,0.0,0.09889390733506945,0.025260077582465276,53,83.29700003378093,9,10,0,5,0,4,8,ships
e618483e9.jpg,candidates,0.0,0.0008714463975694445,0.0,7,80.13850008137524,2,2,0,2,0,2,2,ships
e623ad457.jpg,candidates,0.0,0.0019582112630208335,0.0,12,87.90179993957281,2,6,0,5,0,5,5,ships
e62d3b083.jpg,empty_sea,0.0,0.0,0.0,0,83.32410000730306,0,0,0,0,0,0,0,empty
e64587598.jpg,candidates,0.0,0.004274156358506944,0.0,19,88.99509999901056,1,11,0,9,0,9,9,ships
e6464a9d6.jpg,candidates,0.0,0.0145416259765625,0.010776095920138888,67,91.30169998388737,3,2,0,2,0,2,2,ships
e6613a7a4.jpg,land_coast,0.0,0.3644900851779514,0.0,7,99.53660005703568,1,1,0,1,0,1,1,coast
e671463c7.jpg,candidates,0.0,0.018871731228298612,0.012708875868055556,96,86.24370000325143,0,1,0,1,0,1,1,ships
e688d48dc.jpg,candidates,0.0,0.0,0.0,1,83.34870007820427,3,0,0,0,0,0,2,ships
e693eb3aa.jpg,candidates,0.0,0.00012715657552083334,0.022606743706597224,22,78.61560001038015,0,0,0,0,0,0,0,empty
e69e4a0c7.jpg,land_coast,0.0,0.3131561279296875,0.0,4,98.37540006265044,0,1,0,1,0,1,1,coast
e69e87d54.jpg,land_coast,0.0,0.2990230984157986,0.0,0,102.00490010902286,0,0,0,0,0,0,0,coast
e6bd8b093.jpg,land_coast,0.027959187825520832,0.003479243330570353,0.1862248713982264,30,96.38430003542453,0,0,0,0,0,0,0,coast
e6ccabbcf.jpg,candidates,0.0,0.005455864800347222,0.0,28,101.06320003978908,0,2,0,2,0,2,2,ships
e6d5d1871.jpg,candidates,0.0,0.0015716552734375,0.0,10,81.91800001077354,0,1,0,1,0,1,1,ships
e6ea08482.jpg,candidates,0.0,0.00011189778645833333,0.0,2,81.64809993468225,0,1,0,1,0,1,1,ships
e6ef70442.jpg,candidates,0.0,0.016208224826388888,0.010601467556423612,58,92.85619994625449,7,2,4,1,1,1,1,ships
e6f2e887b.jpg,candidates,0.0,0.0022752549913194445,0.017037285698784724,18,88.90049997717142,0,2,0,2,0,2,2,ships
e7029e400.jpg,candidates,0.0,4.238552517361111e-05,0.0,1,74.41959995776415,0,2,0,1,0,1,1,ships
e704a5e66.jpg,candidates,0.0,0.00022549099392361112,0.0,11,98.8152000354603,0,1,0,1,0,1,1,ships
e7124ece1.jpg,candidates,0.0,3.390842013888889e-05,0.0,12,99.14369997568429,2,0,0,0,0,0,0,empty
e71380836.jpg,candidates,0.0,0.003455268012152778,0.0,9,84.58420005626976,5,1,2,1,2,1,1,ships
e71399e25.jpg,candidates,0.0,0.0004781087239583333,0.0,1,94.6995000122115,0,1,0,1,0,1,1,ships
e716a6473.jpg,candidates,0.0,0.0,0.0,5,87.37359999213368,1,0,1,0,1,0,1,ships
e722c8808.jpg,candidates,0.0,0.0205535888671875,0.06028578016493055,79,104.94860005564988,0,1,0,0,0,0,1,ships
e72893fcb.jpg,candidates,0.0,0.003277248806423611,0.0,38,90.24859999772161,0,3,0,3,0,2,3,ships
e73573145.jpg,candidates,0.0,0.0003153483072916667,0.0,12,96.62630001548678,1,11,0,6,0,5,4,ships
e73ee308c.jpg,land_coast,0.0,0.23333740234375,0.0,14,90.91480006463826,0,1,0,1,0,1,1,coast
e73f6c491.jpg,land_coast,0.0,0.22239854600694445,0.0,46,94.011600012891,0,1,0,1,0,1,1,coast
e74673e50.jpg,candidates,0.0,0.0,0.0,4,90.74859996326268,0,0,0,0,0,0,0,empty
e74c35724.jpg,candidates,0.0,0.0036146375868055555,0.0,27,92.7803999511525,0,2,0,2,0,2,2,ships
e74ce7f9b.jpg,candidates,0.0,0.0013342963324652778,0.0,4,89.25600000657141,0,7,0,5,0,5,6,ships
e74dcde3b.jpg,candidates,0.0,0.0008680555555555555,0.0,8,80.21879999432713,5,6,1,3,1,3,4,ships
e751ac3b5.jpg,candidates,0.0,0.00038825141059027775,0.0,18,90.28869995381683,0,2,0,1,0,1,1,ships
e759ce27c.jpg,candidates,0.0,0.0007883707682291666,0.0,5,82.63489999808371,0,1,0,1,0,1,1,ships
e773aced7.jpg,land_coast,0.0,0.2994215223524306,0.0,34,98.51339994929731,0,2,0,2,0,2,2,coast
e7a5315de.jpg,land_coast,0.0,0.226318359375,0.0,16,98.5037999926135,1,3,0,1,0,1,1,coast
e7b0bc853.jpg,candidates,0.0,0.0,0.0,6,93.3105000294745,1,1,0,1,0,1,1,ships
e7d42ca13.jpg,candidates,0.0,0.028750949435763888,0.0,4,101.05029994156212,0,2,0,1,0,1,1,ships
e7d57adcb.jpg,land_coast,0.0,0.08055623372395833,0.2919599745008681,37,97.11780003271997,5,6,1,5,0,5,5,coast
e7d9696e6.jpg,candidates,0.0,0.014217800564236112,0.0,40,94.51959992293268,1,1,0,1,0,1,1,ships
e7e49cac5.jpg,land_coast,0.007149590386284722,0.2828350199062469,0.0,20,111.69079993851483,0,1,0,1,0,1,1,coast
e7f471180.jpg,candidates,0.0,0.003044976128472222,0.0,10,85.16619994770736,2,3,1,2,0,1,2,ships
e8088b41e.jpg,empty_sea,0.0,0.0,0.0,0,84.29729996714741,0,0,0,0,0,0,0,empty
e812bcdda.jpg,land_coast,0.0,0.2967325846354167,0.0,6,97.40970004349947,0,12,0,4,0,4,5,coast
e81415b91.jpg,candidates,0.0,0.0018751356336805555,0.0,19,83.22199992835522,0,1,0,1,0,1,1,ships
e84a7e3b1.jpg,candidates,0.0,0.0003560384114583333,0.0,1,88.84739992208779,0,1,0,1,0,1,1,ships
e8534d5b3.jpg,candidates,0.0,0.005989922417534722,0.0,3,81.95750007871538,0,3,0,2,0,1,1,ships
e85b5e7b1.jpg,candidates,0.0,0.0003390842013888889,0.0,1,82.16160000301898,1,1,0,1,0,0,1,ships
e85ceea43.jpg,candidates,0.0,0.00010002983940972222,0.0,15,84.17150005698204,0,1,0,1,0,1,1,ships
e86cd7f3a.jpg,land_coast,0.0,0.2994249131944444,0.0,2,99.65019999071956,0,4,0,3,0,3,3,coast
e87017c0e.jpg,land_coast,0.0,0.1756507025824653,0.0,5,91.5702999336645,2,3,1,2,0,1,2,coast
e884d68c8.jpg,candidates,0.0,0.001666598849826389,0.0,1,80.78980003483593,5,1,0,1,0,1,1,ships
e885a7798.jpg,candidates,0.0,0.0016615125868055555,0.0,9,101.62519989535213,2,0,0,0,0,0,0,empty
e885be5a0.jpg,candidates,0.0,0.008967081705729166,0.0,20,86.46699995733798,4,2,2,2,1,1,1,ships
e8883fe81.jpg,candidates,0.0,0.036780463324652776,0.014809502495659722,87,92.768199974671,5,1,2,1,1,1,1,ships
e88a1e65d.jpg,candidates,0.0,0.0013342963324652778,0.0,9,96.00420005153865,1,1,0,1,0,1,1,ships
e88a92edd.jpg,land_coast,0.0,0.2839558919270833,0.0,1,92.63400000054389,0,0,0,0,0,0,1,coast
e893d1988.jpg,candidates,0.0,0.00012546115451388888,0.0,1,85.38140007294714,6,2,0,1,0,1,1,ships
e89421250.jpg,land_coast,0.0,0.2529432508680556,0.0,1,95.16590007115155,0,1,0,1,0,1,1,coast
e899edc65.jpg,land_coast,0.0,0.2772454155815972,0.0,1,90.87289997842163,0,0,0,0,0,0,0,coast
e89f910c3.jpg,candidates,0.0,0.001071506076388889,0.0,5,88.63360004033893,0,1,0,1,0,1,1,ships
e8aa104eb.jpg,land_coast,0.0,0.29644775390625,0.0,15,95.06789990700781,0,6,0,2,0,1,2,coast
e8ae93dbe.jpg,land_coast,0.0,0.3198157416449653,0.0,7,97.14720002375543,0,2,0,2,0,2,2,coast
e8af973bd.jpg,candidates,0.0,0.0018310546875,0.0,12,81.0293999966234,3,6,0,3,0,2,3,ships
e8c3b2ec0.jpg,empty_sea,0.0,0.0,0.0,0,86.6613999241963,0,0,0,0,0,0,0,empty
e8dbb8d28.jpg,land_coast,0.0,0.1990593804253472,0.0,19,82.1699999505654,0,1,0,0,0,0,1,coast
e8dbd930d.jpg,land_coast,0.0,0.03518337673611111,0.15801493326822916,63,87.65729994047433,3,2,0,0,0,0,1,coast
e8f556fcb.jpg,land_coast,0.2797800699869792,0.0005014178850241592,0.1696399867568099,43,85.06820001639426,0,0,0,0,0,0,0,coast
e8fbf78e1.jpg,candidates,0.0,0.003424750434027778,0.0,21,108.2506999373436,0,3,0,2,0,2,2,ships
e9086d8a6.jpg,candidates,0.0,0.005393134223090278,0.047704060872395836,29,103.81559992674738,1,2,0,1,0,0,1,ships
e90fc0479.jpg,candidates,0.0,0.004079182942708333,0.0,35,86.42490010242909,48,3,14,1,4,0,1,ships
e914461d7.jpg,candidates,0.0,0.0014936659071180555,0.0,2,86.08530007768422,0,0,0,0,0,0,1,ships
e915fee0a.jpg,candidates,0.0,0.0010002983940972222,0.0,89,89.43880000151694,0,0,0,0,0,0,0,empty
e923c7e07.jpg,candidates,0.0,0.00039503309461805556,0.0,5,76.82600000407547,0,1,0,1,0,1,1,ships
e92cf3ae9.jpg,candidates,0.0,0.054100884331597224,0.0,44,83.4317000117153,0,2,0,2,0,2,1,ships
e92d47f98.jpg,candidates,0.0,0.006839328342013889,0.0,36,85.98840003833175,0,1,0,1,0,1,1,ships
e932110a0.jpg,candidates,0.0,0.0013902452256944445,0.0,8,98.65280007943511,0,1,0,1,0,1,1,ships
e93299972.jpg,land_coast,0.0,0.12655809190538195,0.4223141140407986,33,93.46280002500862,0,0,0,0,0,0,2,coast
e93679f6d.jpg,land_coast,0.0,0.24394056532118055,0.0,3,96.99099999852479,0,1,0,1,0,1,1,coast
e93929a2a.jpg,candidates,0.0,0.0006527370876736111,0.0,4,97.59730007499456,1,2,0,2,0,2,2,ships
e9439b864.jpg,land_coast,0.0,0.3044704861111111,0.0,3,74.86920000519603,0,0,0,0,0,0,0,coast
e97012b00.jpg,candidates,0.0,0.0069732666015625,0.059134589301215276,22,114.46730000898242,0,1,0,1,0,1,1,ships
e9728b600.jpg,land_coast,0.0,0.22319539388020834,0.0,2,106.23170004691929,0,1,0,1,0,1,1,coast
e97cf2ad3.jpg,land_coast,0.0,0.3819393581814236,0.0,7,103.68140006903559,2,4,0,0,0,0,1,coast
e97e8df40.jpg,candidates,0.0,0.004730224609375,0.0,30,84.02419998310506,1,3,1,1,0,0,1,ships
e97f8290b.jpg,candidates,0.0,0.0004628499348958333,0.0,5,79.26689996384084,0,7,0,6,0,3,4,ships
e9888d957.jpg,candidates,0.0,0.003841824001736111,0.0,34,98.17759995348752,3,11,0,6,0,5,7,ships
e98dcb68e.jpg,land_coast,0.1354437934027778,0.09075660517083001,0.0828494195057402,49,85.28590004425496,0,0,0,0,0,0,1,coast
e9a28af7f.jpg,candidates,0.0,0.09110005696614583,0.0,66,86.55110001564026,0,1,0,0,0,0,1,ships
e9a7dd8f0.jpg,land_coast,0.2766876220703125,0.15276665094351394,0.01635207882540562,0,90.14700003899634,0,1,0,1,0,1,1,coast
e9af2524d.jpg,candidates,0.0,0.004152086046006944,0.013144599066840278,28,106.60510009620339,6,9,0,5,0,5,6,ships
e9bd05aa2.jpg,candidates,0.0,0.001971774631076389,0.0,9,98.64760003983974,0,1,0,1,0,1,1,ships
e9bf915c3.jpg,empty_sea,0.0,0.0,0.0,0,91.32020000834018,0,0,0,0,0,0,0,empty
e9cfdbac8.jpg,land_coast,0.0,0.2573310004340278,0.0,0,91.97860001586378,0,0,0,0,0,0,0,coast
e9d60af48.jpg,candidates,0.0,0.0792049831814236,0.0,29,83.05249991826713,0,1,0,1,0,1,1,ships
e9e083cd3.jpg,candidates,0.0,0.0016954210069444445,0.0,48,98.54650008492172,1,0,0,0,0,0,0,empty
e9e2b766d.jpg,land_coast,0.0,0.2425910101996528,0.0,7,78.2729999627918,2,6,0,1,0,0,1,coast
e9eb477dd.jpg,candidates,0.0,2.8822157118055555e-05,0.010760837131076388,37,97.10480005014688,0,0,0,0,0,0,0,empty
e9ef44cd6.jpg,candidates,0.0,0.0,0.0,2,90.78550001140684,0,0,0,0,0,0,0,empty
ea237d575.jpg,candidates,0.0,0.00026618109809027775,0.0,1,92.71759993862361,0,2,0,1,0,1,1,ships
ea2b77c43.jpg,land_coast,0.0,0.20315043131510416,0.1436343722873264,10,88.23970006778836,2,2,1,1,0,1,1,coast
ea2da5047.jpg,empty_sea,0.0,0.0,0.0,0,94.34980002697557,0,0,0,0,0,0,0,empty
ea3c9946b.jpg,empty_sea,0.0,0.0,0.0,0,80.91839996632189,0,0,0,0,0,0,0,empty
ea69924b8.jpg,candidates,0.0,0.016247219509548612,0.049519856770833336,49,95.25020001456141,8,4,4,1,2,0,2,ships
ea79f40d7.jpg,candidates,0.0,0.00044080946180555556,0.0,6,92.03529998194426,3,4,0,2,0,2,2,ships
ea81c8a23.jpg,land_coast,0.0,0.3746829562717014,0.0,2,111.65909992996603,0,2,0,1,0,1,1,coast
ea8fa807d.jpg,candidates,0.0,0.0003848605685763889,0.0,1,86.43559995107353,0,3,0,1,0,1,1,ships
eabb995de.jpg,land_coast,0.0,0.07917277018229167,0.23492431640625,38,89.5623000105843,1,1,1,1,1,1,1,coast
eac759ca6.jpg,candidates,0.0,0.005954318576388889,0.0,39,106.69670009519905,3,5,1,5,1,5,6,ships
ead821828.jpg,candidates,0.0,3.0517578125e-05,0.0,1,74.51189996208996,0,3,0,1,0,1,1,ships
eaef6a679.jpg,land_coast,0.0,0.15097554524739584,0.2775014241536458,94,83.81709991954267,0,0,0,0,0,0,1,coast
eaf82362d.jpg,land_coast,0.7880486382378472,0.18307962590866533,0.0,1,82.31940004043281,2,0,0,0,0,0,1,coast
eb1d0f3cb.jpg,candidates,0.0,6.781684027777778e-05,0.0,19,94.62859993800521,0,1,0,1,0,1,1,ships
eb2dc181b.jpg,candidates,0.0,0.00037977430555555556,0.0,15,85.20810003392398,0,2,0,2,0,2,2,ships
eb3205ebe.jpg,land_coast,0.0,0.2796190049913194,0.0,1,85.01240005716681,0,3,0,2,0,1,1,coast
eb3d4e337.jpg,candidates,0.0,0.0,0.035649617513020836,33,78.53830000385642,0,0,0,0,0,0,0,empty
eb4c7dc26.jpg,candidates,0.0,0.08695136176215278,0.0,3,75.95720002427697,0,5,0,2,0,0,1,ships
eb5104479.jpg,candidates,0.0,0.0002899169921875,0.0,9,78.6902999971062,0,2,0,1,0,1,1,ships
eb5b94cdc.jpg,land_coast,0.0,0.2867974175347222,0.0,7,109.0408000163734,0,1,0,1,0,1,1,coast
eb6bf1449.jpg,candidates,0.0,0.103851318359375,0.0,22,96.87439992558211,2,7,1,5,1,3,3,ships
eb80feecb.jpg,candidates,0.0,0.0005001491970486111,0.07417127821180555,58,86.64660004433244,0,0,0,0,0,0,0,empty
eb817def7.jpg,candidates,0.0,0.0003696017795138889,0.0,48,79.1533999145031,2,0,0,0,0,0,0,empty
eb844377b.jpg,candidates,0.0,0.003058539496527778,0.021457248263888888,21,90.22080001886934,0,1,0,1,0,1,1,ships
eb9a7c348.jpg,candidates,0.0,0.003043280707465278,0.0,33,94.06339994166046,0,4,0,4,0,4,4,ships
ebb0d83e8.jpg,land_coast,0.022371080186631944,0.04200444469292483,0.09897478545271574,51,88.64279999397695,0,0,0,0,0,0,0,coast
ebbd71cb7.jpg,candidates,0.0,0.0008714463975694445,0.0,2,93.28010003082454,0,2,0,2,0,2,2,ships
ebd3b067b.jpg,candidates,0.0,0.015472412109375,0.0,13,93.92169991042465,0,1,0,1,0,1,1,ships
ebeea6ff8.jpg,empty_sea,0.0,0.0,0.0,0,80.2343999966979,0,0,0,0,0,0,0,empty
ebf7e53a1.jpg,land_coast,0.0,0.2976786295572917,0.0,6,87.71879994310439,1,1,0,1,0,1,1,coast
ec03e1e10.jpg,candidates,0.0,0.0009545220269097222,0.0,15,100.69420002400875,1,0,0,0,0,0,0,empty
ec170c50b.jpg,land_coast,0.0,0.13298543294270834,0.1426662868923611,30,82.51889992970973,2,5,0,0,0,0,8,coast
ec221fcdf.jpg,candidates,0.0,0.002719455295138889,0.0,9,93.83229992818087,0,5,0,5,0,4,4,ships
ec2932fc5.jpg,candidates,0.0,0.006793551974826389,0.0,58,83.54560006409883,0,1,0,1,0,1,1,ships
ec3980a48.jpg,candidates,0.0,0.004219902886284722,0.0731201171875,62,96.09749994706362,1,4,0,3,0,3,3,ships
ec3c323c3.jpg,land_coast,0.0,0.2770538330078125,0.0,0,85.9793999698013,0,0,0,0,0,0,0,coast
ec4167884.jpg,candidates,0.0,0.0018225775824652778,0.06661309136284722,11,91.01119998376817,0,5,0,4,0,3,5,ships
ec4a788af.jpg,candidates,0.0,0.001544528537326389,0.019188774956597224,45,82.92449999134988,0,2,0,2,0,2,2,ships
ec65ae9ac.jpg,land_coast,0.0,0.1500430636935764,0.0,28,97.15929999947548,0,0,0,0,0,0,0,coast
ec66aaac8.jpg,candidates,0.0,0.00013054741753472222,0.0,2,82.7487000497058,2,1,0,1,0,1,1,ships
ec699d2f2.jpg,candidates,0.0,0.0017106797960069445,0.0,9,79.91169998422265,5,1,2,1,1,1,1,ships
ec6d3d5a4.jpg,land_coast,0.0,0.010186089409722222,0.2857716878255208,15,100.59669998008758,2,7,0,3,0,1,3,coast
ec8c5f01c.jpg,candidates,0.0,0.0023396809895833335,0.0,46,94.33830005582422,0,1,0,1,0,1,1,ships
eca1c6704.jpg,candidates,0.0,0.040491739908854164,0.0,1,109.5343999331817,0,1,0,1,0,1,1,ships
eca4881ac.jpg,candidates,0.0,0.05247328016493055,0.0,5,93.62780000083148,1,0,0,0,0,0,0,empty
ecab4befe.jpg,candidates,0.0,0.00032721625434027775,0.0,1,89.98029993381351,1,2,0,1,0,0,1,ships
ecd50af3f.jpg,empty_sea,0.0,0.0,0.0,0,91.68549999594688,0,0,0,0,0,0,0,empty
ecd715f45.jpg,candidates,0.0,0.0010579427083333333,0.0,4,83.16939999349415,4,3,2,2,1,2,2,ships
ecd914a2b.jpg,candidates,0.0,0.00032891167534722225,0.0,5,74.37970000319183,0,1,0,1,0,1,1,ships
ecef4f3a3.jpg,candidates,0.0,0.0012444390190972222,0.0,59,90.42270004283637,0,0,0,0,0,0,0,empty
ecf81e6a3.jpg,land_coast,0.0,0.3336164686414931,0.0,2,88.77570007462054,0,1,0,1,0,1,1,coast
ecfddc632.jpg,candidates,0.0,0.0063018798828125,0.0,2,109.31530001107603,0,4,0,2,0,2,2,ships
ed0a57221.jpg,land_coast,0.0,0.003863864474826389,0.19396803114149305,63,84.92940000724047,10,2,4,1,3,1,1,coast
ed1e57c6d.jpg,candidates,0.0,0.005957709418402778,0.012656317816840278,40,86.16129995789379,0,5,0,3,0,3,5,ships
ed251c7a8.jpg,candidates,0.0,3.899468315972222e-05,0.0,1,81.374799949117,0,2,0,0,0,0,1,ships
ed414a4a5.jpg,candidates,0.051727294921875,0.0,0.0,1,95.2009999891743,0,3,0,0,0,0,1,ships
ed56586cf.jpg,candidates,0.0,0.00067138671875,0.0,1,115.58870004955679,4,3,1,1,0,0,1,ships
ed5cbc002.jpg,land_coast,0.0,0.2766960991753472,0.0,19,83.09420000296086,0,3,0,2,0,2,3,coast
ed5e572d5.jpg,candidates,0.054285685221354164,0.1147775372534144,0.0,2,89.39999993890524,0,1,0,1,0,1,1,ships
ed74b5bb5.jpg,candidates,0.0,0.0007069905598958334,0.0,23,91.1060000071302,0,4,0,4,0,4,4,ships
ed9256906.jpg,candidates,0.0,0.05209520128038195,0.0,22,80.24919999297708,0,0,0,0,0,0,1,ships
edb4bb3ac.jpg,land_coast,0.0,0.2817196316189236,0.0,13,108.7472999934107,0,1,0,1,0,1,1,coast
edb53d816.jpg,candidates,0.0,0.0004085964626736111,0.0,3,85.39440005552024,0,2,0,2,0,2,2,ships
edb9a96c6.jpg,land_coast,0.0,0.1328667534722222,0.010447184244791666,72,91.8587000342086,4,20,0,5,0,3,13,coast
edbe5cce9.jpg,candidates,0.0,0.0984836154513889,0.0,22,78.90810002572834,0,6,0,4,0,3,4,ships
edc072db1.jpg,land_coast,0.0,0.24770948621961805,0.0,4,90.92250000685453,0,0,0,0,0,0,0,coast
edc5bff58.jpg,candidates,0.0,0.000995212131076389,0.0,4,82.36770005896688,1,1,0,1,0,1,1,ships
edcdf9505.jpg,candidates,0.0,0.04914516872829861,0.0,78,85.19560005515814,0,0,0,0,0,0,0,empty
ede0b68ec.jpg,candidates,0.0,0.005126953125,0.019249810112847224,41,101.47330001927912,3,2,0,1,0,1,1,ships
ede296266.jpg,candidates,0.0,0.001247829861111111,0.0,1,91.95299993734807,0,4,0,2,0,0,1,ships
edf808cb9.jpg,candidates,0.0,0.0014699300130208333,0.0,9,115.37709995172918,0,1,0,1,0,1,1,ships
ee11856e2.jpg,candidates,0.04432339138454861,0.06854557607031717,0.05275224412646164,31,79.69240006059408,0,0,0,0,0,0,1,ships
ee12d6128.jpg,candidates,0.0,6.442599826388889e-05,0.0,1,98.64229999948293,0,1,0,1,0,1,1,ships
ee1deff3e.jpg,land_coast,0.0,0.2004123263888889,0.0,1,91.12689993344247,0,0,0,0,0,0,0,coast
ee2a1d025.jpg,candidates,0.0,0.0,0.0,9,85.0302999606356,0,0,0,0,0,0,0,empty
ee3e3eef6.jpg,land_coast,0.0,0.1321478949652778,0.0,53,97.79280005022883,0,9,0,0,0,0,12,coast
ee3e5c243.jpg,candidates,0.0,0.0,0.0,21,82.30450004339218,0,0,0,0,0,0,0,empty
ee6738a16.jpg,land_coast,0.8744252522786459,0.2559974871412305,0.0,2,79.0192000567913,0,2,0,0,0,0,1,coast
ee719a740.jpg,land_coast,0.0,0.1804656982421875,0.0,58,94.72460008691996,0,0,0,0,0,0,0,coast
ee7747434.jpg,candidates,0.0,0.020501030815972224,0.060358683268229164,53,82.62560004368424,8,1,2,0,2,0,4,ships
ee783cf9f.jpg,candidates,0.0,0.002704196506076389,0.035186767578125,30,105.4289999883622,2,1,1,1,1,1,1,ships
eea558c04.jpg,land_coast,0.0,0.2995452880859375,0.0,31,104.65540003497154,1,3,0,1,0,0,1,coast
eeb88dd05.jpg,candidates,0.0,0.002265082465277778,0.0,40,98.80889998748899,0,2,0,0,0,0,1,ships
eebca4888.jpg,land_coast,0.0,0.2410854763454861,0.0,0,86.80839999578893,0,0,0,0,0,0,0,coast
eec04e7a8.jpg,land_coast,0.0,0.027452256944444444,0.2247687445746528,63,85.75710002332926,1,2,0,0,0,0,15,coast
eeda07894.jpg,candidates,0.0,0.038781060112847224,0.013063218858506944,74,87.22559991292655,0,1,0,1,0,1,1,ships
eedd126c6.jpg,candidates,0.0,0.000213623046875,0.0,1,89.42370000295341,0,2,0,1,0,1,1,ships
eeeed778a.jpg,candidates,0.0,0.0011461046006944445,0.0,31,95.24119994603097,0,1,0,1,0,1,1,ships
eefabbd8e.jpg,land_coast,0.0,0.18547227647569445,0.0,10,81.34320005774498,0,3,0,0,0,0,1,coast
ef0212dba.jpg,candidates,0.0,0.0007680257161458334,0.0,3,94.38639995642006,0,2,0,1,0,0,1,ships
ef14c47a3.jpg,candidates,0.0,0.0,0.0,1,85.51010000519454,0,2,0,1,0,0,1,ships
ef1fa61c0.jpg,candidates,0.0,0.006390041775173611,0.0,44,91.99079999234527,0,3,0,3,0,3,3,ships
ef21411e6.jpg,candidates,0.0,0.0011376274956597222,0.0,13,83.05390004534274,11,4,0,1,0,1,2,ships
ef218b796.jpg,candidates,0.0,0.0,0.0,13,92.78800000902265,0,3,0,1,0,1,2,ships
ef2be8ce0.jpg,candidates,0.0,0.0,0.0,7,87.98319997731596,0,0,0,0,0,0,0,empty
ef4a4e497.jpg,candidates,0.0,0.0006679958767361111,0.0,7,93.57510006520897,1,3,0,2,0,0,1,ships
ef58ff258.jpg,candidates,0.0,0.0010579427083333333,0.0,6,76.88489998690784,0,1,0,1,0,1,1,ships
ef5ec28e5.jpg,candidates,0.0,0.008475409613715278,0.0,11,92.53240004181862,1,3,0,1,0,1,1,ships
ef636b5c2.jpg,land_coast,0.0,0.13770548502604166,0.043023003472222224,55,89.3671999219805,4,0,0,0,0,0,0,coast
ef63ebe79.jpg,candidates,0.0,0.002585517035590278,0.0,12,98.25240005739033,2,2,1,2,1,2,2,ships
ef78ecea4.jpg,land_coast,0.0,0.3329671223958333,0.0,1,97.92159998323768,0,1,0,1,0,1,1,coast
ef8928055.jpg,land_coast,0.0,0.05436537000868055,0.2589874267578125,42,90.76139994431287,26,2,11,1,8,1,1,coast
ef8959c1c.jpg,land_coast,0.0,0.2782575819227431,0.0,13,90.98039998207241,0,2,0,2,0,2,2,coast
ef89704a3.jpg,candidates,0.0,0.0036180284288194445,0.0,2,88.39520008768886,2,3,1,1,0,0,1,ships
ef9d3506d.jpg,candidates,0.0,0.0009494357638888889,0.0,11,89.61649995762855,0,1,0,1,0,1,1,ships
efb0bedf2.jpg,candidates,0.0,0.0018683539496527778,0.0,3,90.33200005069375,0,7,0,3,0,0,2,ships
efb3ab5f4.jpg,candidates,0.474578857421875,0.0,0.0,12,84.88039998337626,0,0,0,0,0,0,0,empty
efb8ee13a.jpg,candidates,0.0,0.003516303168402778,0.0,13,76.95780007634312,0,4,0,4,0,4,4,ships
efbe07ce5.jpg,candidates,0.0,0.0001068115234375,0.0,7,79.78879997972399,0,1,0,1,0,1,1,ships
efbe53883.jpg,candidates,0.0,0.0047149658203125,0.0,2,88.23050011415035,7,0,1,0,0,0,2,ships
efc95d7d2.jpg,candidates,0.0,0.0004391140407986111,0.0,99,72.56170001346618,0,0,0,0,0,0,0,empty
efdbad6db.jpg,candidates,0.0,2.8822157118055555e-05,0.0,24,82.65760005451739,0,1,0,1,0,1,1,ships
efdc877b9.jpg,candidates,0.0,0.014965481228298612,0.059834798177083336,68,126.11569999717176,6,14,0,9,0,6,11,ships
efdfeaeed.jpg,candidates,0.0,0.024280124240451388,0.056708441840277776,40,82.51810004003346,0,4,0,2,0,1,2,ships
eff2250b5.jpg,candidates,0.0,0.001312255859375,0.0,6,94.71039997879416,0,1,0,1,0,1,1,ships
eff5057b2.jpg,land_coast,0.0,0.22554185655381945,0.0,36,86.56550000887364,0,0,0,0,0,0,1,coast
effa2866c.jpg,land_coast,0.0,0.24752298990885416,0.0,2,98.92799996305257,0,3,0,1,0,0,1,coast
f016a2b97.jpg,candidates,0.0,0.0013105604383680555,0.0,10,85.4980000294745,0,1,0,1,0,1,1,ships
f02c2576f.jpg,candidates,0.0,0.0008409288194444445,0.0,5,103.56790001969784,0,1,0,1,0,1,1,ships
f02e405a0.jpg,land_coast,0.0,0.3068101671006944,0.0,11,95.99049994722009,1,8,0,7,0,7,7,coast
f033b1801.jpg,candidates,0.0,0.0005103217230902778,0.017159356011284724,13,110.44140008743852,1,5,1,5,0,5,5,ships
f03727949.jpg,land_coast,0.0,0.2999403211805556,0.0,4,94.2588000325486,0,1,0,1,0,1,1,coast
f03838973.jpg,land_coast,0.0,0.2030860053168403,0.0,37,92.45550003834069,0,0,0,0,0,0,0,coast
f03c1eac3.jpg,candidates,0.0,0.00047471788194444444,0.0,3,98.35380001459271,0,2,0,2,0,2,2,ships
f03c9cf9e.jpg,candidates,0.0,0.0,0.0,5,99.16560002602637,0,0,0,0,0,0,0,empty
f04563b65.jpg,candidates,0.0,0.002020941840277778,0.027387830946180556,44,84.16670002043247,9,1,2,1,1,1,1,ships
f04ce7a5e.jpg,candidates,0.0,0.0005679660373263889,0.0,3,82.71330001298338,0,1,0,1,0,1,1,ships
f06543ef1.jpg,land_coast,0.0,0.320648193359375,0.0,0,88.52430002298206,0,1,0,1,0,1,1,coast
f085311b6.jpg,candidates,0.0,0.00021192762586805556,0.029168023003472224,43,89.06180004123598,0,3,0,3,0,3,3,ships
f0896223e.jpg,candidates,0.0,0.014027913411458334,0.029518975151909724,83,87.09439996164292,7,2,2,0,2,0,1,ships
f08b6c0cc.jpg,candidates,0.0,0.006523980034722222,0.035481770833333336,32,94.20319995842874,1,4,0,2,0,0,1,ships
f0998e7a5.jpg,candidates,0.0,0.087615966796875,0.0,52,99.30990007705986,0,0,0,0,0,0,0,empty
f0a108e91.jpg,land_coast,0.0,0.144989013671875,0.0,79,100.14390002470464,4,7,0,2,0,1,2,coast
f0aa3211d.jpg,land_coast,0.0,0.22604539659288195,0.0,0,106.42670001834631,0,0,0,0,0,0,0,coast
f0c4a2ead.jpg,land_coast,0.2636973063151042,0.00453849400132634,0.14911918972689456,40,95.1818999601528,1,1,0,1,0,1,1,coast
f0d92784c.jpg,land_coast,0.0,0.2560967339409722,0.0,2,89.45029997266829,0,3,0,1,0,0,1,coast
f0f6a35e8.jpg,candidates,0.0,0.0027940538194444445,0.0,20,92.03409997280687,3,7,0,4,0,3,4,ships
f0fbc36af.jpg,candidates,0.0,5.0862630208333336e-05,0.0,17,79.64700006414205,0,0,0,0,0,0,0,empty
f1035543c.jpg,candidates,0.0,0.00177001953125,0.0,11,96.95309994276613,1,1,0,1,0,1,1,ships
f118b3e13.jpg,candidates,0.0,0.013142903645833334,0.0,43,81.68209996074438,0,0,0,0,0,0,1,ships
f12c7e332.jpg,candidates,0.0,0.003024631076388889,0.028101603190104168,34,101.79830004926771,0,5,0,4,0,4,4,ships
f13083b4d.jpg,land_coast,0.2738087972005208,0.006118770905800595,0.23539838761115767,31,102.21479996107519,1,1,0,1,0,1,1,coast
f131ec686.jpg,candidates,0.0,0.0,0.0,1,91.16770001128316,0,0,0,0,0,0,1,ships
f131f17ac.jpg,candidates,0.0,0.007475111219618056,0.019410875108506944,20,89.77390010841191,0,1,0,1,0,1,1,ships
f144fea2c.jpg,land_coast,0.0,0.3032565646701389,0.0,0,94.77119997609407,0,3,0,2,0,1,1,coast
f14ba7a05.jpg,land_coast,0.0,0.1657477484809028,0.0,5,113.12940006610006,0,0,0,0,0,0,0,coast
f160afd41.jpg,candidates,0.0,7.290310329861111e-05,0.0,36,85.89880005456507,0,0,0,0,0,0,0,empty
f162579a1.jpg,land_coast,0.0,0.12744310167100695,0.029144287109375,48,84.43440007977188,2,1,0,1,0,1,1,coast
f169a1d4d.jpg,land_coast,0.0,0.0010901557074652778,0.15148756239149305,42,89.97650002129376,0,8,0,4,0,4,5,coast
f16a69c37.jpg,candidates,0.0,0.003121270073784722,0.0,16,98.8816999597475,0,1,0,1,0,1,1,ships
f172269c5.jpg,candidates,0.0162811279296875,0.0,0.057592312705389705,47,79.4719000114128,0,0,0,0,0,0,0,empty
f1810210a.jpg,candidates,0.0,0.016096327039930556,0.012488471137152778,37,70.18529996275902,0,2,0,2,0,2,2,ships
f184c923b.jpg,candidates,0.0,0.09326002332899305,0.0280609130859375,42,101.45329998340458,1,1,1,1,0,1,1,ships
f18938933.jpg,candidates,0.01104736328125,0.009786608559754079,0.0,67,78.7096000276506,0,1,0,1,0,1,1,ships
f1a68c90d.jpg,candidates,0.0,0.0024159749348958335,0.011586507161458334,10,106.28219996578991,7,3,0,2,0,2,2,ships
f1a9b75bc.jpg,land_coast,0.0,0.0295562744140625,0.1527065700954861,50,102.72580001037568,6,5,2,3,1,3,4,coast
f1b306c90.jpg,candidates,0.0,0.10819329155815972,0.0,8,82.00479997321963,0,1,0,1,0,1,1,ships
f1bd73e43.jpg,candidates,0.0,0.0006849500868055555,0.0,5,88.18939991760999,1,2,0,2,0,0,1,ships
f1c2b1566.jpg,candidates,0.0,0.035090128580729164,0.0,74,103.61859994009137,0,0,0,0,0,0,0,empty
f1c401b9f.jpg,candidates,0.0,0.0012257893880208333,0.0,31,92.97350002452731,0,1,0,1,0,1,1,ships
f1c8386eb.jpg,candidates,0.0,0.0,0.0,8,92.03539998270571,0,0,0,0,0,0,0,empty
f1fe255e5.jpg,candidates,0.0,0.04768541124131945,0.0,64,83.95050000399351,2,2,0,1,0,1,1,ships
f21353998.jpg,candidates,0.0,0.003116183810763889,0.0,14,94.97299999929965,0,1,0,1,0,1,1,ships
f2157b46b.jpg,candidates,0.0,0.007254706488715278,0.07512919108072917,31,73.20649991743267,0,0,0,0,0,0,0,empty
f215de2ce.jpg,candidates,0.0,0.0008290608723958334,0.0,1,93.10609998647124,0,4,0,1,0,0,1,ships
f2176485a.jpg,candidates,0.0,0.007951524522569444,0.0,35,101.50569991674274,0,1,0,1,0,1,1,ships
f22f95a37.jpg,candidates,0.0,0.03161790635850695,0.021787855360243056,71,90.97030002158135,0,1,0,1,0,1,1,ships
f24510720.jpg,land_coast,0.0,0.15286763509114584,0.0925632052951389,15,94.37860001344234,4,1,0,0,0,0,1,coast
f2603bcd9.jpg,candidates,0.0,0.006061130099826389,0.0,1,79.7434999840334,0,1,0,1,0,1,1,ships
f2605578a.jpg,candidates,0.0,0.0005035400390625,0.0,3,75.64269995782524,0,1,0,1,0,1,1,ships
f264220f1.jpg,candidates,0.0,0.0013749864366319445,0.0,6,83.54599995072931,0,3,0,3,0,3,3,ships
f26e9f942.jpg,candidates,0.0,0.006401909722222222,0.0,17,103.85069996118546,1,5,1,2,0,0,2,ships
f2718cb42.jpg,candidates,0.0,0.0005018446180555555,0.0,3,78.03989993408322,0,0,0,0,0,0,0,empty
f2742b996.jpg,candidates,0.0,0.0007103814019097222,0.0,2,91.97760000824928,0,2,0,2,0,2,2,ships
f293f6238.jpg,land_coast,0.0,0.2709181043836806,0.0,27,110.36229995079339,0,1,0,1,0,1,1,coast
f2a11fc7e.jpg,land_coast,0.0,0.18875630696614584,0.14031812879774305,15,95.84480000194162,16,7,5,6,2,3,6,coast
f2b127ab8.jpg,land_coast,0.0,0.1632775200737847,0.03870815700954861,23,101.70269990339875,0,0,0,0,0,0,3,coast
f2b337746.jpg,candidates,0.0,0.0012647840711805555,0.0,55,105.86010001134127,7,9,0,3,0,0,2,ships
f2cdbb6ce.jpg,candidates,0.016844007703993056,0.0005500530966080638,0.014039367838031053,6,79.478400060907,0,0,0,0,0,0,0,empty
f2d4c7959.jpg,candidates,0.0,0.0003848605685763889,0.0,2,89.07960006035864,0,2,0,1,0,0,1,ships
f2daa33ea.jpg,land_coast,0.0,0.2575903998480903,0.0,14,78.88650009408593,0,0,0,0,0,0,0,coast
f2e554691.jpg,candidates,0.0,0.001895480685763889,0.0,6,95.48409993294626,0,1,0,1,0,1,1,ships
f2ec0fb5d.jpg,candidates,0.0,0.00013393825954861112,0.0,2,82.62180001474917,3,2,2,0,0,0,1,ships
f30c0d4d4.jpg,candidates,0.0,0.101104736328125,0.0,19,75.95050008967519,0,1,0,1,0,1,1,ships
f3106a8ee.jpg,candidates,0.0,0.0005103217230902778,0.0,63,91.76880004815757,0,0,0,0,0,0,0,empty
f31d20a4a.jpg,candidates,0.0,0.00017971462673611112,0.0,3,101.88660002313554,3,3,1,3,0,3,3,ships
f323a2d8b.jpg,candidates,0.0,0.00014750162760416666,0.0,1,92.97239989973605,0,2,0,1,0,1,1,ships
f33c62135.jpg,candidates,0.0,0.0004967583550347222,0.0,2,87.9029999487102,0,4,0,2,0,1,2,ships
f34aa9d4c.jpg,candidates,0.0,0.09366692437065972,0.0201263427734375,37,87.4527000123635,2,3,0,0,0,0,2,ships
f358948ed.jpg,land_coast,0.0,0.19322035047743055,0.0,0,105.73199996724725,0,0,0,0,0,0,0,coast
f3898331e.jpg,candidates,0.0,0.0007612440321180555,0.0,36,93.45209994353354,0,2,0,2,0,2,2,ships
f38d78c54.jpg,candidates,0.0,0.004764133029513889,0.0,32,85.12619999237359,0,2,0,2,0,2,2,ships
f39582e77.jpg,land_coast,0.010275946723090278,0.23652404376656458,0.0,48,96.29140002653003,1,2,0,2,0,2,2,coast
f3abe94fb.jpg,candidates,0.0,0.08339097764756945,0.0,21,94.88880005665123,2,5,2,5,2,5,5,ships
f3b1ec4d8.jpg,candidates,0.0,0.07156541612413195,0.0,33,82.96910009812564,7,2,0,1,0,1,1,ships
f3b582b14.jpg,candidates,0.0,0.0016649034288194445,0.0,6,86.90090000163764,0,1,0,1,0,1,1,ships
f41261dd5.jpg,land_coast,0.0,0.09621514214409722,0.11100260416666667,1,100.78139998950064,0,1,0,1,0,1,1,coast
f41baa3c4.jpg,candidates,0.0,0.008343166775173612,0.0,62,93.37030001915991,1,1,0,1,0,1,1,ships
f42a7d560.jpg,candidates,0.0,0.0007697211371527778,0.0,4,84.02150007896125,1,1,0,1,0,1,1,ships
f432c322a.jpg,candidates,0.0,0.01470947265625,0.0,68,98.27129996847361,1,2,0,2,0,2,2,ships
f44c8b922.jpg,candidates,0.0,0.0012800428602430555,0.010791354709201388,18,85.58159996755421,0,1,0,1,0,1,1,ships
f4653c538.jpg,land_coast,0.026970757378472224,0.30401144724936346,0.0,50,91.368000023067,3,0,0,0,0,0,1,coast
f4a02fd6d.jpg,candidates,0.0,0.00011020236545138889,0.0,4,99.05079996678978,0,1,0,1,0,1,1,ships
f4a070d01.jpg,candidates,0.0,0.0008222791883680555,0.0,18,88.7829998973757,0,1,0,1,0,1,1,ships
f4b36f4fc.jpg,land_coast,0.0,0.2696397569444444,0.0,5,102.07939997781068,6,0,0,0,0,0,1,coast
f4b4a0f8b.jpg,candidates,0.0,0.021419949001736112,0.0,93,75.56619995739311,0,0,0,0,0,0,0,empty
f4c8ccf27.jpg,candidates,0.0,0.0,0.0,16,75.32479998189956,0,0,0,0,0,0,0,empty
f4d9576b4.jpg,candidates,0.0,0.0013037787543402778,0.0,2,84.73300002515316,2,0,1,0,0,0,1,ships
f4e82c721.jpg,candidates,0.0,0.006383260091145833,0.0,3,86.16890001576394,0,2,0,1,0,1,1,ships
f5102a8c4.jpg,candidates,0.0,0.004991319444444444,0.0,2,95.71020002476871,1,4,0,2,0,1,2,ships
f51076a80.jpg,land_coast,0.0,0.08594258626302083,0.14881727430555555,99,86.09450003132224,0,2,0,2,0,2,2,coast
f52206a6d.jpg,land_coast,0.0,0.029905531141493056,0.0887790256076389,36,89.8153999587521,4,4,1,1,1,0,1,coast
f52a12445.jpg,candidates,0.0,0.028967963324652776,0.0,19,81.16189995780587,2,1,2,0,0,0,1,ships
f531391de.jpg,candidates,0.0,0.0036790635850694445,0.0,26,85.01020004041493,0,6,0,4,0,4,7,ships
f5424907d.jpg,land_coast,0.0,0.1590237087673611,0.0,52,105.92960007488728,0,4,0,4,0,4,4,coast
f54314324.jpg,land_coast,0.0,0.2909020317925347,0.0,9,91.15170000586659,0,6,0,6,0,6,7,coast
f55581dac.jpg,candidates,0.002734714084201389,0.0,0.0,2,84.52780009247363,2,3,1,1,0,0,1,ships
f55abea8a.jpg,candidates,0.0,0.0008544921875,0.0,3,80.58840001467615,0,1,0,1,0,1,1,ships
f55c497cd.jpg,empty_sea,0.0,0.0,0.0,0,87.47130003757775,0,0,0,0,0,0,0,empty
f56ca2cb2.jpg,land_coast,0.0,0.22382609049479166,0.0,14,86.09390002675354,1,5,0,2,0,2,2,coast
f58455a34.jpg,land_coast,0.0,0.287628173828125,0.0,27,98.4944999217987,0,1,0,1,0,1,1,coast
f5952e2a5.jpg,candidates,0.0,0.0006917317708333334,0.0,8,85.09880001656711,0,0,0,0,0,0,0,empty
f59f5e3d0.jpg,land_coast,0.0,0.029535929361979168,0.1356896294487847,75,100.09349999018013,0,3,0,1,0,1,1,coast
f5b7e4401.jpg,candidates,0.0,6.103515625e-05,0.0,11,89.46509996894747,0,4,0,1,0,0,1,ships
f5c040a29.jpg,candidates,0.0,0.0013970269097222222,0.0,8,86.60460007376969,0,1,0,1,0,1,1,ships
f5c61bbdd.jpg,candidates,0.0,0.0015886094835069445,0.0,10,85.35960002336651,0,5,0,3,0,0,2,ships
f5ddf68d0.jpg,candidates,0.0,7.798936631944444e-05,0.0,1,105.17650004476309,1,4,0,1,0,0,1,ships
f5e02d253.jpg,cloud,0.9270273844401041,0.0,0.0,0,55.93189992941916,0,0,0,0,0,0,0,cloud
f5ec071ad.jpg,land_coast,0.0,0.342041015625,0.0,0,96.61240002606064,0,1,0,1,0,1,1,coast
f5efdc5b2.jpg,candidates,0.0,0.0173492431640625,0.04828219943576389,62,90.20390000659972,0,1,0,1,0,0,1,ships
f5fb7e219.jpg,land_coast,0.0,0.009284125434027778,0.11557685004340278,60,90.52690002135932,3,4,0,0,0,0,10,coast
f61369798.jpg,candidates,0.0,0.014261881510416666,0.0,105,95.07889999076724,0,0,0,0,0,0,0,empty
f6136fd91.jpg,candidates,0.0,0.0009850396050347222,0.0,20,95.5872000195086,0,0,0,0,0,0,0,empty
f614ebab0.jpg,candidates,0.0,0.003894382052951389,0.0,4,87.02720003202558,0,1,0,1,0,1,1,ships
f623bce58.jpg,candidates,0.0,0.018495347764756944,0.0,4,92.71580004133284,0,1,0,1,0,1,1,ships
f635db786.jpg,candidates,0.0,0.0013580322265625,0.0,3,96.81300004012883,0,2,0,1,0,1,1,ships
f63de9cd1.jpg,candidates,0.0,0.002941555447048611,0.0683559841579861,5,90.18119995016605,0,1,0,1,0,1,1,ships
f656ef99a.jpg,candidates,0.0,4.57763671875e-05,0.0,8,98.7906000809744,0,0,0,0,0,0,0,empty
f6618af68.jpg,empty_sea,0.0,0.032658894856770836,0.0,0,85.12539998628199,0,1,0,1,0,1,1,ships
f66ec4d45.jpg,empty_sea,0.0,0.0,0.0,0,74.5941000059247,0,0,0,0,0,0,0,empty
f67ff2849.jpg,candidates,0.0,0.024524264865451388,0.0534515380859375,41,80.7923999382183,2,4,1,2,0,1,2,ships
f686df473.jpg,candidates,0.0,0.0005001491970486111,0.0,11,89.13610002491623,3,2,1,1,1,0,1,ships
f6891969e.jpg,candidates,0.0,0.007739596896701389,0.0,1,85.73319995775819,2,1,1,1,0,1,1,ships
f69a0cfc5.jpg,candidates,0.0,0.1016693115234375,0.0,15,88.71659997384995,0,1,0,1,0,0,1,ships
f6a08f68c.jpg,candidates,0.0,0.001385158962673611,0.0,2,78.03019997663796,0,1,0,1,0,1,1,ships
f6a5d4c6c.jpg,candidates,0.0,0.0005374484592013889,0.031794230143229164,2,79.67430003918707,0,1,0,1,0,1,1,ships
f6aeee43c.jpg,land_coast,0.0,0.2222323947482639,0.0,42,81.59149996936321,0,0,0,0,0,0,0,coast
f6ba6120d.jpg,empty_sea,0.1708645290798611,0.0,0.0,0,77.411700040102,0,0,0,0,0,0,0,empty
f6bfe1d4f.jpg,land_coast,0.0,0.15797593858506945,0.0,74,87.71770005114377,0,1,0,0,0,0,1,coast
f6cb7888e.jpg,candidates,0.0,0.013773600260416666,0.0,88,84.72649997565895,2,4,1,0,0,0,1,ships
f6cce5f49.jpg,candidates,0.0,0.0006391737196180555,0.0,10,91.33299998939037,1,2,0,2,0,0,1,ships
f6dc0e7fa.jpg,candidates,0.0,0.002524481879340278,0.0,27,88.68549996986985,0,1,0,1,0,1,1,ships
f6e008b23.jpg,land_coast,0.0,0.1423153347439236,0.19128587510850695,48,96.79069998674095,9,7,0,7,0,6,6,coast
f6e1b1630.jpg,candidates,0.0,0.0004458957248263889,0.0,3,83.25329993385822,11,3,1,2,1,1,2,ships
f6eaf713c.jpg,land_coast,0.0,0.143524169921875,0.083587646484375,49,85.14019998256117,1,0,0,0,0,0,2,coast
f6f9488e3.jpg,empty_sea,0.0,0.0,0.0,0,75.80120000056922,0,0,0,0,0,0,0,empty
f6f980e0f.jpg,candidates,0.0,0.026540120442708332,0.029486762152777776,37,83.97579996380955,13,15,3,8,1,7,12,ships
f70a76c38.jpg,candidates,0.0,0.002093844943576389,0.0,7,77.5726999854669,0,2,0,1,0,1,1,ships
f70c4fa65.jpg,candidates,0.0,0.001971774631076389,0.0,9,97.86610002629459,0,1,0,1,0,1,1,ships
f721c8317.jpg,candidates,0.0,0.0095977783203125,0.0,2,90.44950001407415,0,1,0,1,0,1,1,ships
f73877c8b.jpg,candidates,0.0,0.11526658799913195,0.0,24,117.1027000527829,0,1,0,1,0,1,1,ships
f7409c994.jpg,candidates,0.0,0.00035942925347222225,0.0,3,98.41890004463494,2,1,0,1,0,1,1,ships
f746d102d.jpg,candidates,0.0,0.09311082628038195,0.0,67,85.29039996210486,0,1,0,1,0,1,1,ships
f74e84709.jpg,land_coast,0.0,0.3427598741319444,0.0,0,97.64359996188432,0,1,0,1,0,1,1,coast
f7588f477.jpg,candidates,0.0,0.006986829969618056,0.0,4,83.46750005148351,1,6,0,1,0,0,2,ships
f7595ad5e.jpg,empty_sea,0.0,0.0,0.0,0,95.71279992815107,0,0,0,0,0,0,0,empty
f7657ae07.jpg,land_coast,0.0,0.0290679931640625,0.15696546766493055,51,91.17339993827045,2,14,0,8,0,3,11,coast
f77385f88.jpg,land_coast,0.0,0.3182932535807292,0.0,7,87.38769998308271,0,1,0,1,0,1,1,coast
f77788c23.jpg,land_coast,0.0,0.07513427734375,0.250396728515625,52,89.26390006672591,15,1,4,1,2,1,1,coast
f77a7d955.jpg,candidates,0.0,0.051688300238715276,0.012213812934027778,76,88.84749992284924,2,1,0,1,0,1,1,ships
f78746f21.jpg,candidates,0.0,0.0342864990234375,0.064605712890625,87,93.32260000519454,1,2,1,1,0,1,1,ships
f7a2f1a6f.jpg,land_coast,0.0,0.2831624348958333,0.0,37,104.82669994235039,0,7,0,2,0,1,3,coast
f7b04c1d8.jpg,candidates,0.0,0.0006222195095486111,0.0,5,85.4079999262467,0,1,0,1,0,1,1,ships
f7b3ef47a.jpg,candidates,0.0,0.0008748372395833334,0.012836032443576388,25,99.72340008243918,0,1,0,1,0,1,1,ships
f7befe274.jpg,candidates,0.0,0.05684238009982639,0.012334187825520834,34,98.72689994517714,9,9,1,5,0,1,9,ships
f7c020891.jpg,land_coast,0.0,0.11276075575086805,0.09883287217881945,39,116.3731999695301,3,2,0,1,0,0,1,coast
f7c15c838.jpg,land_coast,0.0,0.20001729329427084,0.0,25,88.32870004698634,0,0,0,0,0,0,0,coast
f7cae76b3.jpg,land_coast,0.0,0.12419297960069445,0.24824354383680555,0,87.4826000072062,3,2,0,2,0,2,1,coast
f7d12c543.jpg,candidates,0.0,0.0014716254340277778,0.0,3,85.91990009881556,0,1,0,1,0,1,1,ships
f7e3fcf8b.jpg,land_coast,0.0,0.335540771484375,0.0,0,87.4935999745503,0,1,0,1,0,1,1,coast
f80a8b091.jpg,land_coast,0.0,0.17471143934461805,0.0,11,94.79589993134141,0,0,0,0,0,0,1,coast
f81ff4bb4.jpg,candidates,0.0,0.11867607964409722,0.0,7,99.43549998570234,0,0,0,0,0,0,0,empty
f8213373d.jpg,candidates,0.0,0.0005544026692708334,0.0,1,104.21930009033531,3,1,0,1,0,1,1,ships
f8339e72f.jpg,land_coast,0.0,0.22503831651475695,0.043187459309895836,27,121.07660004403442,0,0,0,0,0,0,3,coast
f859c399c.jpg,land_coast,0.004208034939236111,0.15626972887197774,0.010712030986059686,2,84.3301999848336,0,0,0,0,0,0,0,coast
f86c72243.jpg,candidates,0.0,0.007447984483506944,0.0,29,85.1439000107348,3,4,0,2,0,2,4,ships
f87a3f556.jpg,land_coast,0.0,0.2853410508897569,0.0,31,83.02779996301979,0,3,0,2,0,2,3,coast
f8a66a228.jpg,candidates,0.0,0.10709126790364583,0.0,30,84.08639999106526,11,1,0,0,0,0,1,ships
f8aac5c96.jpg,land_coast,0.0,0.15562269422743055,0.04577975802951389,54,103.81010000128299,11,1,0,1,0,1,1,coast
f8cbed833.jpg,land_coast,0.0,0.1576080322265625,0.022910224066840276,38,80.72620001621544,7,4,3,4,2,3,4,coast
f8cf1e928.jpg,candidates,0.0,0.0,0.0,2,94.78059993125498,0,0,0,0,0,0,0,empty
f8db1174b.jpg,candidates,0.0,0.002856784396701389,0.0,16,93.27009995467961,1,2,0,1,0,1,1,ships
f8dcd83c2.jpg,candidates,0.3308614095052083,0.0006820119352088661,0.0,37,79.88590002059937,1,2,1,2,1,2,2,ships
f8e3d0384.jpg,candidates,0.0,0.002682156032986111,0.0,12,95.48000001814216,10,1,2,1,1,1,1,ships
f8e5b3ae7.jpg,candidates,0.0,0.0,0.0,1,114.3578999908641,0,0,0,0,0,0,0,empty
f8f9eb017.jpg,land_coast,0.0,0.2734103732638889,0.0,0,90.50980000756681,0,0,0,0,0,0,0,coast
f9090a6b2.jpg,candidates,0.0,0.0011308458116319445,0.0,3,80.45359991956502,0,1,0,1,0,1,1,ships
f90ad9340.jpg,candidates,0.0,0.0034044053819444445,0.0,118,100.02560005523264,1,0,0,0,0,0,0,empty
f9216fd85.jpg,candidates,0.0,0.0026906331380208335,0.0,2,89.96350003872067,0,3,0,1,0,0,1,ships
f92a0584e.jpg,candidates,0.0,0.0005069308810763889,0.0,12,92.01450005639344,0,1,0,1,0,1,1,ships
f943ad4bc.jpg,candidates,0.0,0.039403279622395836,0.0,72,93.62129995133728,0,3,0,0,0,0,1,ships
f94d2c284.jpg,candidates,0.0,0.006140814887152778,0.0,13,83.7392999092117,0,2,0,2,0,2,2,ships
f96a6a64e.jpg,candidates,0.0,0.0003102620442708333,0.0,1,93.52979995310307,0,1,0,1,0,1,1,ships
f96ff71b1.jpg,candidates,0.0,0.001675075954861111,0.0,6,85.1433000061661,0,1,0,1,0,1,1,ships
f972ad3a8.jpg,empty_sea,0.0,0.0,0.0,0,95.97710007801652,0,0,0,0,0,0,0,empty
f97e961f2.jpg,candidates,0.0,0.002449883355034722,0.0,15,79.56040010321885,0,1,0,1,0,1,1,ships
f9805d413.jpg,land_coast,0.0,0.22407362196180555,0.0,1,79.78690008167177,0,0,0,0,0,0,0,coast
f98ba09af.jpg,land_coast,0.017405192057291668,0.05914681248101376,0.08001215119559085,79,99.42349989432842,1,1,0,1,0,1,2,coast
f98d30216.jpg,candidates,0.0,0.0013054741753472222,0.0,23,76.76440000068396,2,0,1,0,0,0,1,ships
f98f65d64.jpg,candidates,0.0,4.57763671875e-05,0.0,1,91.3295999635011,0,1,0,1,0,1,1,ships
f99afa15f.jpg,candidates,0.0,0.006601969401041667,0.0,34,81.02240005973727,3,14,0,10,0,8,11,ships
f9b0fb2d0.jpg,candidates,0.0,0.00029161241319444444,0.0,24,93.63130002748221,0,0,0,0,0,0,0,empty
f9be636e1.jpg,land_coast,0.0,0.197784423828125,0.0,0,92.08199998829514,0,0,0,0,0,0,0,coast
f9c5ec37c.jpg,candidates,0.0,0.002956814236111111,0.0,25,89.83160008210689,0,3,0,3,0,3,3,ships
f9c96f26c.jpg,land_coast,0.0,0.24244859483506945,0.0,0,90.7516999868676,0,0,0,0,0,0,0,coast
f9e5eb506.jpg,candidates,0.0,6.103515625e-05,0.0,2,94.32959998957813,0,3,0,1,0,1,1,ships
f9f3807d2.jpg,candidates,0.0,0.0,0.0,1,109.24759996123612,0,0,0,0,0,0,0,empty
f9fb969b4.jpg,land_coast,0.0,0.12844679090711805,0.0,13,92.57390000857413,0,1,0,1,0,1,1,coast
f9fc053c9.jpg,candidates,0.0,0.0015699598524305555,0.0,5,100.77150003053248,0,1,0,1,0,1,1,ships
fa02f2102.jpg,candidates,0.0,7.62939453125e-05,0.0,4,80.06760000716895,3,8,3,2,0,0,3,ships
fa092f735.jpg,land_coast,0.0,0.14256456163194445,0.0,19,104.33830006513745,0,1,0,1,0,1,1,coast
fa0adedf4.jpg,candidates,0.0,0.0007510715060763889,0.0,3,87.46439998503774,0,3,0,3,0,3,3,ships
fa1633dcc.jpg,candidates,0.0,0.002170138888888889,0.011815388997395834,12,94.29569996427745,2,3,0,3,0,1,2,ships
fa2962f24.jpg,candidates,0.0,1.864963107638889e-05,0.0,12,80.88310004677624,0,0,0,0,0,0,0,empty
fa36defc8.jpg,land_coast,0.0,0.3035091824001736,0.0,2,85.71739995386451,0,0,0,0,0,0,1,coast
fa45b1ba3.jpg,candidates,0.0,0.00017123752170138888,0.0,1,78.90219998080283,3,0,3,0,2,0,1,ships
fa53811e2.jpg,candidates,0.0,0.00010002983940972222,0.0,1,95.09760001674294,1,4,0,2,0,1,1,ships
fa6e03182.jpg,land_coast,0.0,0.2739037407769097,0.0,0,77.12679996620864,0,0,0,0,0,0,0,coast
fa71c5596.jpg,empty_sea,0.0,0.0,0.0,0,88.78819993697107,0,0,0,0,0,0,0,empty
fa7ae82f8.jpg,candidates,0.0,0.002190483940972222,0.0,7,100.10919999331236,2,3,2,3,2,2,2,ships
fa90f25a1.jpg,candidates,0.0,0.00012546115451388888,0.0,1,98.84960006456822,0,2,0,1,0,1,1,ships
fa9d579c1.jpg,candidates,0.0,0.028291490342881944,0.0,71,105.3377001080662,0,1,0,1,0,1,1,ships
fac263d5d.jpg,candidates,0.0,0.0018141004774305555,0.0,8,75.86850004736334,0,2,0,2,0,1,2,ships
fac732b9a.jpg,candidates,0.0,0.002582126193576389,0.0,21,85.89800004847348,1,2,0,2,0,1,1,ships
facdf829f.jpg,candidates,0.0,0.0,0.0,4,78.77210003789514,0,1,0,1,0,1,1,ships
facf4bea1.jpg,land_coast,0.0,0.2863820393880208,0.0,14,103.20999997202307,0,1,0,1,0,1,1,coast
facf5a92c.jpg,candidates,0.0,0.1010860866970486,0.0,86,84.10829992499202,4,6,2,2,1,2,5,ships
fada39cd3.jpg,land_coast,0.0,0.3202955457899306,0.0,4,102.49489999841899,0,0,0,0,0,0,1,coast
fadc3eb1b.jpg,land_coast,0.0,0.11834886338975695,0.17398240831163195,48,95.2087000478059,6,1,1,1,0,1,1,coast
fade6c947.jpg,land_coast,0.0,0.3102637396918403,0.0,4,93.86290004476905,1,1,0,1,0,1,1,coast
fadf0862b.jpg,candidates,0.0961574978298611,0.0032828854394710864,0.0,65,106.84310004580766,0,0,0,0,0,0,0,empty
faf5ea5e1.jpg,land_coast,0.0,0.2514801025390625,0.0,19,88.73920002952218,0,3,0,2,0,2,2,coast
fb05dd5a8.jpg,land_coast,0.0,0.0030263264973958335,0.1080474853515625,25,95.16710008028895,0,2,0,1,0,1,1,coast
fb08c0cb8.jpg,candidates,0.0,0.039667765299479164,0.0,66,90.93800000846386,0,2,0,1,0,0,1,ships
fb098d758.jpg,candidates,0.0,0.0027262369791666665,0.0,9,76.99750002939254,0,4,0,3,0,2,2,ships
fb2b9197a.jpg,candidates,0.0,0.060551961263020836,0.0,23,102.04839997459203,0,2,0,1,0,0,1,ships
fb385591a.jpg,cloud,0.9987572564019097,0.0,0.0,0,52.32600006274879,0,4,0,1,0,0,1,cloud
fb5694ab5.jpg,candidates,0.0,0.00024583604600694444,0.0,21,107.55449999123812,0,2,0,1,0,1,1,ships
fb6b1796d.jpg,land_coast,0.0,0.2408209906684028,0.0,11,82.46420009527355,0,1,0,1,0,1,1,coast
fba7b297b.jpg,candidates,0.0,0.0015326605902777778,0.0,13,96.36159997899085,0,1,0,1,0,1,1,ships
fbab78677.jpg,candidates,0.0,0.003060234917534722,0.0,13,87.66419999301434,1,1,0,1,0,1,1,ships
fbb212db7.jpg,candidates,0.0,0.006264580620659722,0.0,3,87.34299999196082,1,3,0,2,0,2,2,ships
fbb6f5df0.jpg,candidates,0.0,0.004552205403645833,0.0,10,92.24770008586347,0,4,0,4,0,3,4,ships
fbc1c89af.jpg,candidates,0.0,0.00017293294270833334,0.0,1,78.53659999091178,0,1,0,1,0,1,1,ships
fbc64a8d1.jpg,candidates,0.0,4.57763671875e-05,0.0,5,82.42990006692708,0,2,0,2,0,1,1,ships
fbc7677e3.jpg,candidates,0.0,0.0016869439019097222,0.0,1,88.70730001945049,0,2,0,1,0,1,1,ships
fbccd3753.jpg,candidates,0.0,0.0,0.0,23,86.2479000352323,0,0,0,0,0,0,0,empty
fbd56ed37.jpg,candidates,0.0,0.0005662706163194445,0.0,32,79.73869994748384,0,1,0,1,0,1,1,ships
fbedd4a48.jpg,candidates,0.0,0.0673183865017361,0.0,5,83.97389994934201,0,1,0,1,0,1,1,ships
fbedeab76.jpg,land_coast,0.0,0.2637566460503472,0.0,1,80.91649995185435,0,2,0,1,0,1,1,coast
fc09b728c.jpg,candidates,0.0,0.008188883463541666,0.0,64,77.86089996807277,0,1,0,1,0,1,1,ships
fc18fcf4a.jpg,candidates,0.0,0.004906548394097222,0.015530056423611112,16,88.43440003693104,0,1,0,1,0,1,1,ships
fc22c2565.jpg,candidates,0.0,0.0,0.013831244574652778,7,85.42940008919686,0,0,0,0,0,0,0,empty
fc39cf8e9.jpg,empty_sea,0.0,0.0,0.0,0,93.32100010942668,0,0,0,0,0,0,0,empty
fc3b36e99.jpg,land_coast,0.0,0.1566043429904514,0.0361328125,41,100.16139992512763,0,3,0,1,0,0,1,coast
fc46f4ec0.jpg,land_coast,0.7931976318359375,0.10267933272477404,0.20196812085586174,7,82.44069991633296,0,3,0,1,0,0,2,coast
fc48265f4.jpg,land_coast,0.0,0.2070397271050347,0.0,0,115.74279994238168,0,0,0,0,0,0,0,coast
fc59d2387.jpg,empty_sea,0.0,0.0,0.0,0,72.51099997665733,0,0,0,0,0,0,0,empty
fc7edde4c.jpg,candidates,0.0,0.004316541883680556,0.0,40,74.73389990627766,0,5,0,2,0,1,2,ships
fc86ffbe7.jpg,candidates,0.0,0.002010769314236111,0.0,6,68.79000004846603,0,1,0,1,0,1,1,ships
fcc156915.jpg,land_coast,0.0,0.2636023627387153,0.0,16,75.26459998916835,0,4,0,1,0,0,2,coast
fcd2295a1.jpg,candidates,0.0,0.002602471245659722,0.013649834526909722,28,72.48520001303405,0,5,0,5,0,5,5,ships
fcdaba22e.jpg,candidates,0.0,0.0,0.0,7,67.45680002495646,0,0,0,0,0,0,0,empty
fd2d18300.jpg,empty_sea,0.0,3.0517578125e-05,0.0,0,62.36990005709231,0,0,0,0,0,0,0,empty
fd3011186.jpg,candidates,0.0,0.0022447374131944445,0.0,8,62.88199999835342,0,1,0,1,0,1,1,ships
fd31cc8d9.jpg,land_coast,0.0,0.1360660129123264,0.0,7,60.28620002325624,0,1,0,1,0,1,1,coast
fd475a3f7.jpg,land_coast,0.0,0.3443874782986111,0.0,2,61.163100064732134,3,1,1,0,0,0,1,coast
fd5606835.jpg,candidates,0.0,1.3563368055555555e-05,0.0,10,86.96580003015697,1,1,0,0,0,0,1,ships
fd56e5a5c.jpg,candidates,0.0,4.916720920138889e-05,0.0,3,97.32480009552091,0,3,0,1,0,0,1,ships
fd5a78090.jpg,land_coast,0.0,0.078521728515625,0.3028361002604167,64,90.7335999654606,3,1,2,0,0,0,1,coast
fd69a195a.jpg,candidates,0.0,0.00028143988715277775,0.0,2,70.27600007131696,2,2,1,2,0,0,1,ships
fd8993afe.jpg,candidates,0.0,0.0032636854383680555,0.022913614908854168,36,69.08330006990582,0,1,0,1,0,1,1,ships
fd8ec9c8f.jpg,land_coast,0.0,0.3403642442491319,0.0,0,70.68220002111048,0,0,0,0,0,0,0,coast
fd9876268.jpg,land_coast,0.0,0.2508392333984375,0.0,5,80.21789998747408,0,1,0,1,0,1,1,coast
fda6d2ae9.jpg,candidates,0.0,6.951226128472222e-05,0.0,4,67.40020005963743,0,2,0,1,0,1,1,ships
fda9e0b01.jpg,candidates,0.0,0.0004967583550347222,0.0,1,76.715899980627,0,4,0,1,0,0,1,ships
fdca29d51.jpg,candidates,0.0,0.0008205837673611111,0.0,1,62.65290000010282,2,1,0,1,0,1,1,ships
fdf72e203.jpg,candidates,0.0,0.0006595187717013889,0.0,94,61.78780004847795,15,4,3,1,1,1,9,ships
fe2420ce9.jpg,candidates,0.0,0.00021701388888888888,0.0,1,70.48120000399649,1,4,1,1,0,0,1,ships
fe309007d.jpg,empty_sea,0.0,0.0,0.0,0,67.19199998769909,0,0,0,0,0,0,0,empty
fe358c0cd.jpg,candidates,0.0,0.0003848605685763889,0.0,14,55.95460010226816,0,2,0,1,0,1,1,ships
fe3a13aae.jpg,candidates,0.0,0.007931179470486112,0.0,11,59.631999931298196,1,2,0,2,0,1,2,ships
fe49e9ca2.jpg,candidates,0.045723809136284724,0.00017013046320257165,0.060899542438596334,19,56.22269993182272,1,0,1,0,0,0,0,empty
fe662680f.jpg,candidates,0.0,0.00035264756944444444,0.0,4,79.53069999348372,0,8,0,2,0,0,2,ships
fe69a8f4f.jpg,candidates,0.0,0.06897481282552083,0.0,48,94.32310005649924,3,0,0,0,0,0,0,empty
fe86a8ad4.jpg,land_coast,0.0,0.04608154296875,0.1902533637152778,96,79.23859998118132,3,6,1,3,0,2,11,coast
fe87287d5.jpg,candidates,0.0,0.0004425048828125,0.0,4,67.08279997110367,0,1,0,1,0,1,1,ships
fe930020c.jpg,candidates,0.0,0.003928290473090278,0.0,5,64.76670003030449,0,1,0,1,0,1,1,ships
feb16c9ba.jpg,candidates,0.0,0.008146497938368056,0.0,56,78.16169993020594,0,0,0,0,0,0,0,empty
feb30b892.jpg,candidates,0.0,0.010548909505208334,0.0,4,70.90960000641644,0,1,0,1,0,1,1,ships
feb7e1083.jpg,land_coast,0.0,0.3086988661024306,0.013147989908854166,9,77.82529992982745,0,1,0,1,0,1,1,coast
fecfeb199.jpg,candidates,0.0,5.255805121527778e-05,0.0,1,64.17679996229708,3,1,1,1,0,0,1,ships
feee3f6fc.jpg,candidates,0.0,0.0006205240885416666,0.0,3,58.16030001733452,0,1,0,1,0,1,1,ships
fef62c4c6.jpg,candidates,0.0,0.0023362901475694445,0.0,5,64.45700000040233,0,7,0,5,0,2,4,ships
fefeb074d.jpg,candidates,0.0,0.0025685628255208335,0.0,1,74.9362000497058,2,4,0,1,0,0,1,ships
fefecd318.jpg,candidates,0.0,0.0,0.0,3,56.55289988499135,0,0,0,0,0,0,0,empty
ff13f7ab0.jpg,candidates,0.0,0.004665798611111111,0.0,10,59.46550006046891,0,3,0,3,0,1,1,ships
ff2ba78bb.jpg,candidates,0.0,0.0967441134982639,0.0,64,58.25369991362095,7,3,1,1,1,0,4,ships
ff2d21be9.jpg,candidates,0.0,0.007515801323784722,0.0,3,54.750600014813244,0,6,0,5,0,2,3,ships
ff3a0b066.jpg,candidates,0.0,0.003009372287326389,0.0,10,88.52360001765192,0,1,0,1,0,1,1,ships
ff3a3bbbc.jpg,candidates,0.0,0.000732421875,0.0,4,78.71169992722571,1,4,0,3,0,2,2,ships
ff3c302e3.jpg,land_coast,0.0,0.1892310248480903,0.0,7,94.92290008347481,0,0,0,0,0,0,0,coast
ff3f6dae7.jpg,candidates,0.0,0.03305223253038195,0.0152435302734375,62,83.42329994775355,4,4,0,3,0,3,3,ships
ff62869c7.jpg,empty_sea,0.0,0.0,0.0,0,70.50449994858354,0,0,0,0,0,0,0,empty
ff62ddad4.jpg,candidates,0.0,0.0010240342881944445,0.0,3,65.57059998158365,0,1,0,1,0,1,1,ships
ff6df12de.jpg,candidates,0.0,0.0020734998914930555,0.0,9,67.92269996367395,0,2,0,2,0,2,2,ships
ff7caf167.jpg,candidates,0.0,0.0013478597005208333,0.0,7,66.67379999998957,0,2,0,2,0,2,2,ships
ff82168c6.jpg,candidates,0.0664944118923611,0.05847801323176365,0.0,29,60.17100007738918,0,2,0,0,0,0,2,ships
ff8ace074.jpg,candidates,0.0,0.00024583604600694444,0.0,4,59.67320001218468,2,7,1,3,1,1,3,ships
ff9252791.jpg,candidates,0.0,0.0023328993055555555,0.0,5,59.21800003852695,2,2,1,1,1,0,2,ships
ffa9569bf.jpg,land_coast,0.0,0.17461988661024305,0.0,5,63.17119998857379,0,2,0,0,0,0,2,coast
ffae6c2e5.jpg,candidates,0.0,0.0005866156684027778,0.0,2,57.04530002549291,1,4,0,1,0,0,1,ships
ffb4c9f6a.jpg,candidates,0.0,0.014302571614583334,0.0,214,59.975999989546835,0,0,0,0,0,0,0,empty
ffb6af57c.jpg,candidates,0.0,0.0012969970703125,0.0,43,58.835199917666614,3,5,1,2,0,2,5,ships
ffc4a4a05.jpg,candidates,0.0,0.003033108181423611,0.0,7,58.56429995037615,2,5,1,3,1,2,4,ships
ffd1999b4.jpg,land_coast,0.0,0.072113037109375,0.17336866590711805,43,86.87509992159903,3,2,0,1,0,0,1,coast
ffd5c101e.jpg,land_coast,0.0,0.3027157253689236,0.0,8,96.60599997732788,0,2,0,2,0,2,2,coast
ffe89d4cb.jpg,candidates,0.0,0.004479302300347222,0.0103607177734375,40,85.41780000086874,0,3,0,3,0,3,3,ships
ffec95ea3.jpg,land_coast,0.0,0.08577813042534722,0.2550947401258681,50,71.28759997431189,0,1,0,1,0,1,1,coast
ffecdeb53.jpg,land_coast,0.0,0.2742902967664931,0.0,3,69.97720000799745,0,3,0,0,0,0,1,coast
fff529a0e.jpg,cloud,0.9960751003689237,0.0,0.0,0,40.09369993582368,1,2,0,0,0,0,1,cloud
fff67c31a.jpg,land_coast,0.0,0.15767415364583334,0.0,7,64.41399990580976,5,3,0,0,0,0,1,coast
fff909871.jpg,candidates,0.0,0.005057440863715278,0.0,32,76.0353000368923,0,1,0,1,0,1,1,ships
