product,quality,bytes,psnr,n_ships
thumbnail 48px,30,665,,
thumbnail 48px,60,675,,
thumbnail 48px,80,704,,
thumbnail 64px,30,693,,
thumbnail 64px,60,708,,
thumbnail 64px,80,760,,
thumbnail 96px,30,777,,
thumbnail 96px,60,804,,
thumbnail 96px,80,925,,
thumbnail 128px,30,897,,
thumbnail 128px,60,940,,
thumbnail 128px,80,1164,,
whole tile,30,11410,40.962845250467225,
whole tile,40,13821,39.650360795305645,
whole tile,50,16575,41.4165366049271,
whole tile,60,18057,42.35145906073051,
whole tile,80,49923,50.19788469948598,
ROI mosaic x1.5,60,701,,1.0
ROI mosaic x1.5,80,765,,1.0
thumbnail 48px,30,703,,
thumbnail 48px,60,785,,
thumbnail 48px,80,931,,
thumbnail 64px,30,789,,
thumbnail 64px,60,976,,
thumbnail 64px,80,1297,,
thumbnail 96px,30,1131,,
thumbnail 96px,60,1692,,
thumbnail 96px,80,2577,,
thumbnail 128px,30,1830,,
thumbnail 128px,60,2958,,
thumbnail 128px,80,4666,,
whole tile,30,106846,23.49269244334326,
whole tile,40,125357,24.242461112945215,
whole tile,50,150000,25.501584316356535,
whole tile,60,159367,26.268251096520316,
whole tile,80,263971,34.03516337259455,
ROI mosaic x1.5,60,1248,,1.0
ROI mosaic x1.5,80,1550,,1.0
thumbnail 48px,30,695,,
thumbnail 48px,60,750,,
thumbnail 48px,80,844,,
thumbnail 64px,30,753,,
thumbnail 64px,60,833,,
thumbnail 64px,80,988,,
thumbnail 96px,30,891,,
thumbnail 96px,60,1064,,
thumbnail 96px,80,1380,,
thumbnail 128px,30,1077,,
thumbnail 128px,60,1384,,
thumbnail 128px,80,1980,,
whole tile,30,25824,36.83652527668558,
whole tile,40,32034,38.20241843758652,
whole tile,50,39588,39.68082716324598,
whole tile,60,41793,40.25969178793268,
whole tile,80,74383,47.21700653961048,
ROI mosaic x1.5,60,12034,,5.0
ROI mosaic x1.5,80,17124,,5.0
thumbnail 48px,30,679,,
thumbnail 48px,60,726,,
thumbnail 48px,80,824,,
thumbnail 64px,30,719,,
thumbnail 64px,60,817,,
thumbnail 64px,80,1028,,
thumbnail 96px,30,883,,
thumbnail 96px,60,1241,,
thumbnail 96px,80,1874,,
thumbnail 128px,30,1201,,
thumbnail 128px,60,2076,,
thumbnail 128px,80,3411,,
whole tile,30,53531,34.052811522993366,
whole tile,40,60694,35.52112130242172,
whole tile,50,70672,36.93598909113602,
whole tile,60,75126,37.758493290634824,
whole tile,80,115664,44.6463811426959,
ROI mosaic x1.5,60,3138,,1.0
ROI mosaic x1.5,80,4200,,1.0
thumbnail 48px,30,663,,
thumbnail 48px,60,670,,
thumbnail 48px,80,707,,
thumbnail 64px,30,694,,
thumbnail 64px,60,715,,
thumbnail 64px,80,789,,
thumbnail 96px,30,782,,
thumbnail 96px,60,831,,
thumbnail 96px,80,1051,,
thumbnail 128px,30,908,,
thumbnail 128px,60,1041,,
thumbnail 128px,80,1634,,
whole tile,30,33667,36.64294795460507,
whole tile,40,39800,38.227623401437576,
whole tile,50,47677,39.20127846060118,
whole tile,60,50263,40.69217862567587,
whole tile,80,82333,47.11403313662166,
ROI mosaic x1.5,60,2833,,3.0
ROI mosaic x1.5,80,3265,,3.0
thumbnail 48px,30,690,,
thumbnail 48px,60,725,,
thumbnail 48px,80,786,,
thumbnail 64px,30,738,,
thumbnail 64px,60,782,,
thumbnail 64px,80,860,,
thumbnail 96px,30,848,,
thumbnail 96px,60,923,,
thumbnail 96px,80,1079,,
thumbnail 128px,30,995,,
thumbnail 128px,60,1120,,
thumbnail 128px,80,1365,,
whole tile,30,17602,38.79401392728047,
whole tile,40,22845,40.47943958914765,
whole tile,50,28307,41.41520312211961,
whole tile,60,29732,41.958254726933944,
whole tile,80,56059,49.26009719953776,
ROI mosaic x1.5,60,1879,,1.0
ROI mosaic x1.5,80,2524,,1.0
thumbnail 48px,30,685,,
thumbnail 48px,60,708,,
thumbnail 48px,80,760,,
thumbnail 64px,30,722,,
thumbnail 64px,60,754,,
thumbnail 64px,80,835,,
thumbnail 96px,30,819,,
thumbnail 96px,60,895,,
thumbnail 96px,80,1113,,
thumbnail 128px,30,958,,
thumbnail 128px,60,1110,,
thumbnail 128px,80,1615,,
whole tile,30,29258,36.3934131760419,
whole tile,40,35955,37.51750946834239,
whole tile,50,43797,39.028415928009316,
whole tile,60,46060,40.12842345231797,
whole tile,80,79728,46.90486099759816,
ROI mosaic x1.5,60,4394,,1.0
ROI mosaic x1.5,80,6201,,1.0
thumbnail 48px,30,727,,
thumbnail 48px,60,815,,
thumbnail 48px,80,984,,
thumbnail 64px,30,821,,
thumbnail 64px,60,1009,,
thumbnail 64px,80,1385,,
thumbnail 96px,30,1167,,
thumbnail 96px,60,1774,,
thumbnail 96px,80,2733,,
thumbnail 128px,30,1846,,
thumbnail 128px,60,3128,,
thumbnail 128px,80,5016,,
whole tile,30,59320,32.29335602127661,
whole tile,40,68711,33.39293334940931,
whole tile,50,79393,34.491862855592515,
whole tile,60,86271,35.40130299867783,
whole tile,80,133408,40.81682891315229,
ROI mosaic x1.5,60,2373,,1.0
ROI mosaic x1.5,80,3094,,1.0
thumbnail 48px,30,686,,
thumbnail 48px,60,710,,
thumbnail 48px,80,749,,
thumbnail 64px,30,729,,
thumbnail 64px,60,760,,
thumbnail 64px,80,820,,
thumbnail 96px,30,820,,
thumbnail 96px,60,873,,
thumbnail 96px,80,987,,
thumbnail 128px,30,963,,
thumbnail 128px,60,1050,,
thumbnail 128px,80,1266,,
whole tile,30,12844,37.539769019094685,
whole tile,40,16197,37.96418706611806,
whole tile,50,20347,38.7271436860001,
whole tile,60,22778,39.22474038200295,
whole tile,80,67585,47.13670951424794,
ROI mosaic x1.5,60,6633,,1.0
ROI mosaic x1.5,80,11591,,1.0
thumbnail 48px,30,736,,
thumbnail 48px,60,818,,
thumbnail 48px,80,931,,
thumbnail 64px,30,821,,
thumbnail 64px,60,954,,
thumbnail 64px,80,1178,,
thumbnail 96px,30,1045,,
thumbnail 96px,60,1391,,
thumbnail 96px,80,1990,,
thumbnail 128px,30,1387,,
thumbnail 128px,60,2134,,
thumbnail 128px,80,3581,,
whole tile,30,90142,24.753950919951766,
whole tile,40,107163,25.454143165421353,
whole tile,50,128291,26.611783822062694,
whole tile,60,136128,27.30942193833721,
whole tile,80,232732,35.303970304786574,
ROI mosaic x1.5,60,21867,,1.0
ROI mosaic x1.5,80,32750,,1.0
thumbnail 48px,30,675,,
thumbnail 48px,60,690,,
thumbnail 48px,80,725,,
thumbnail 64px,30,707,,
thumbnail 64px,60,727,,
thumbnail 64px,80,798,,
thumbnail 96px,30,805,,
thumbnail 96px,60,853,,
thumbnail 96px,80,1045,,
thumbnail 128px,30,933,,
thumbnail 128px,60,1047,,
thumbnail 128px,80,1514,,
whole tile,30,23657,36.14058170076751,
whole tile,40,29857,38.102357032378826,
whole tile,50,36816,40.37182168851888,
whole tile,60,38750,41.20060672149659,
whole tile,80,71191,47.66186975937708,
ROI mosaic x1.5,60,2861,,1.0
ROI mosaic x1.5,80,4023,,1.0
thumbnail 48px,30,697,,
thumbnail 48px,60,768,,
thumbnail 48px,80,900,,
thumbnail 64px,30,743,,
thumbnail 64px,60,899,,
thumbnail 64px,80,1116,,
thumbnail 96px,30,985,,
thumbnail 96px,60,1496,,
thumbnail 96px,80,2239,,
thumbnail 128px,30,1542,,
thumbnail 128px,60,2557,,
thumbnail 128px,80,3985,,
whole tile,30,57234,33.48806370665233,
whole tile,40,66135,34.66822668564286,
whole tile,50,76068,35.623313021527316,
whole tile,60,82235,36.67433526124736,
whole tile,80,126287,41.62850420431785,
ROI mosaic x1.5,60,18309,,2.0
ROI mosaic x1.5,80,25462,,2.0
thumbnail 48px,30,685,,
thumbnail 48px,60,702,,
thumbnail 48px,80,734,,
thumbnail 64px,30,713,,
thumbnail 64px,60,734,,
thumbnail 64px,80,766,,
thumbnail 96px,30,822,,
thumbnail 96px,60,856,,
thumbnail 96px,80,964,,
thumbnail 128px,30,950,,
thumbnail 128px,60,1001,,
thumbnail 128px,80,1208,,
whole tile,30,22268,37.22806025239555,
whole tile,40,28285,38.86712169676375,
whole tile,50,35366,40.59436584937673,
whole tile,60,37291,41.20303840514463,
whole tile,80,67010,48.24245998764457,
ROI mosaic x1.5,60,5320,,1.0
ROI mosaic x1.5,80,7784,,1.0
thumbnail 48px,30,751,,
thumbnail 48px,60,885,,
thumbnail 48px,80,1111,,
thumbnail 64px,30,893,,
thumbnail 64px,60,1166,,
thumbnail 64px,80,1619,,
thumbnail 96px,30,1482,,
thumbnail 96px,60,2193,,
thumbnail 96px,80,3387,,
thumbnail 128px,30,2490,,
thumbnail 128px,60,3898,,
thumbnail 128px,80,6008,,
whole tile,30,60629,32.99802626794677,
whole tile,40,70187,34.15198063255018,
whole tile,50,80689,35.272936806782795,
whole tile,60,87492,36.279348774288835,
whole tile,80,131821,40.48535228952165,
ROI mosaic x1.5,60,1262,,1.0
ROI mosaic x1.5,80,1540,,1.0
thumbnail 48px,30,807,,
thumbnail 48px,60,922,,
thumbnail 48px,80,1091,,
thumbnail 64px,30,926,,
thumbnail 64px,60,1145,,
thumbnail 64px,80,1407,,
thumbnail 96px,30,1225,,
thumbnail 96px,60,1650,,
thumbnail 96px,80,2212,,
thumbnail 128px,30,1623,,
thumbnail 128px,60,2292,,
thumbnail 128px,80,3287,,
whole tile,30,28577,36.87801121444491,
whole tile,40,34610,38.16399296760264,
whole tile,50,41800,39.450753297417045,
whole tile,60,44159,40.3684750702239,
whole tile,80,77308,46.2978055072343,
ROI mosaic x1.5,60,732,,1.0
ROI mosaic x1.5,80,787,,1.0
thumbnail 48px,30,842,,
thumbnail 48px,60,964,,
thumbnail 48px,80,1179,,
thumbnail 64px,30,985,,
thumbnail 64px,60,1219,,
thumbnail 64px,80,1549,,
thumbnail 96px,30,1391,,
thumbnail 96px,60,1925,,
thumbnail 96px,80,2683,,
thumbnail 128px,30,1969,,
thumbnail 128px,60,2911,,
thumbnail 128px,80,4465,,
whole tile,30,107388,22.746254277320133,
whole tile,40,124941,23.639253042357794,
whole tile,50,151353,25.145074360575276,
whole tile,60,160911,26.117548360550835,
whole tile,80,259979,33.46019002166475,
ROI mosaic x1.5,60,1383,,2.0
ROI mosaic x1.5,80,1438,,2.0
thumbnail 48px,30,673,,
thumbnail 48px,60,685,,
thumbnail 48px,80,716,,
thumbnail 64px,30,701,,
thumbnail 64px,60,726,,
thumbnail 64px,80,764,,
thumbnail 96px,30,799,,
thumbnail 96px,60,839,,
thumbnail 96px,80,932,,
thumbnail 128px,30,932,,
thumbnail 128px,60,1003,,
thumbnail 128px,80,1173,,
whole tile,30,16175,38.70342051852423,
whole tile,40,21779,39.4228760956613,
whole tile,50,28217,40.14584882943211,
whole tile,60,29940,41.58039158358719,
whole tile,80,60314,48.77455763377746,
ROI mosaic x1.5,60,7639,,2.0
ROI mosaic x1.5,80,11470,,2.0
thumbnail 48px,30,700,,
thumbnail 48px,60,755,,
thumbnail 48px,80,855,,
thumbnail 64px,30,754,,
thumbnail 64px,60,869,,
thumbnail 64px,80,1110,,
thumbnail 96px,30,947,,
thumbnail 96px,60,1323,,
thumbnail 96px,80,1888,,
thumbnail 128px,30,1327,,
thumbnail 128px,60,2122,,
thumbnail 128px,80,3475,,
whole tile,30,74721,27.578312278195757,
whole tile,40,87468,28.193940481760833,
whole tile,50,102197,29.08427333557338,
whole tile,60,108673,29.600984980616587,
whole tile,80,190948,38.080845632236745,
ROI mosaic x1.5,60,11980,,2.0
ROI mosaic x1.5,80,18005,,2.0
thumbnail 48px,30,674,,
thumbnail 48px,60,690,,
thumbnail 48px,80,727,,
thumbnail 64px,30,706,,
thumbnail 64px,60,730,,
thumbnail 64px,80,795,,
thumbnail 96px,30,798,,
thumbnail 96px,60,847,,
thumbnail 96px,80,1066,,
thumbnail 128px,30,917,,
thumbnail 128px,60,1038,,
thumbnail 128px,80,1781,,
whole tile,30,31181,36.907266890812146,
whole tile,40,37407,37.85502171677734,
whole tile,50,44765,39.44955008034411,
whole tile,60,47163,40.52190465275932,
whole tile,80,79769,47.17323272444097,
ROI mosaic x1.5,60,2325,,2.0
ROI mosaic x1.5,80,2862,,2.0
thumbnail 48px,30,724,,
thumbnail 48px,60,787,,
thumbnail 48px,80,887,,
thumbnail 64px,30,789,,
thumbnail 64px,60,890,,
thumbnail 64px,80,1074,,
thumbnail 96px,30,943,,
thumbnail 96px,60,1226,,
thumbnail 96px,80,1764,,
thumbnail 128px,30,1239,,
thumbnail 128px,60,1923,,
thumbnail 128px,80,3029,,
whole tile,30,41537,35.83888987984102,
whole tile,40,47647,37.16492225631585,
whole tile,50,54741,38.52586340260922,
whole tile,60,58906,39.51785391333901,
whole tile,80,89682,44.35941361418252,
ROI mosaic x1.5,60,1484,,2.0
ROI mosaic x1.5,80,1585,,2.0
thumbnail 48px,30,719,,
thumbnail 48px,60,809,,
thumbnail 48px,80,986,,
thumbnail 64px,30,807,,
thumbnail 64px,60,1046,,
thumbnail 64px,80,1547,,
thumbnail 96px,30,1233,,
thumbnail 96px,60,2209,,
thumbnail 96px,80,3337,,
thumbnail 128px,30,2427,,
thumbnail 128px,60,3939,,
thumbnail 128px,80,5837,,
whole tile,30,58901,33.34776556123771,
whole tile,40,67850,34.73940744751712,
whole tile,50,78464,36.01123974794997,
whole tile,60,84736,37.05973843870129,
whole tile,80,128888,41.99986477828733,
ROI mosaic x1.5,60,788,,1.0
ROI mosaic x1.5,80,856,,1.0
thumbnail 48px,30,665,,
thumbnail 48px,60,676,,
thumbnail 48px,80,707,,
thumbnail 64px,30,697,,
thumbnail 64px,60,711,,
thumbnail 64px,80,754,,
thumbnail 96px,30,782,,
thumbnail 96px,60,819,,
thumbnail 96px,80,966,,
thumbnail 128px,30,903,,
thumbnail 128px,60,994,,
thumbnail 128px,80,1425,,
whole tile,30,23459,37.63018074796061,
whole tile,40,29469,38.45166423614925,
whole tile,50,36599,40.44668549063556,
whole tile,60,38293,40.593807560935716,
whole tile,80,70496,48.247325535885906,
ROI mosaic x1.5,60,2506,,3.0
ROI mosaic x1.5,80,2887,,3.0
thumbnail 48px,30,792,,
thumbnail 48px,60,887,,
thumbnail 48px,80,1036,,
thumbnail 64px,30,914,,
thumbnail 64px,60,1083,,
thumbnail 64px,80,1330,,
thumbnail 96px,30,1231,,
thumbnail 96px,60,1554,,
thumbnail 96px,80,2065,,
thumbnail 128px,30,1645,,
thumbnail 128px,60,2245,,
thumbnail 128px,80,3130,,
whole tile,30,31996,32.176819250561984,
whole tile,40,37862,32.91517105496967,
whole tile,50,45342,33.86701172220605,
whole tile,60,50253,34.43058840648253,
whole tile,80,108248,41.97480978040585,
ROI mosaic x1.5,60,6052,,7.0
ROI mosaic x1.5,80,6942,,7.0
thumbnail 48px,30,708,,
thumbnail 48px,60,749,,
thumbnail 48px,80,800,,
thumbnail 64px,30,781,,
thumbnail 64px,60,848,,
thumbnail 64px,80,944,,
thumbnail 96px,30,873,,
thumbnail 96px,60,952,,
thumbnail 96px,80,1062,,
thumbnail 128px,30,1122,,
thumbnail 128px,60,1271,,
thumbnail 128px,80,1523,,
whole tile,30,12182,40.21112748620129,
whole tile,40,12775,40.42660858696178,
whole tile,50,13674,41.70796690110856,
whole tile,60,14488,42.18896198676781,
whole tile,80,24212,45.73766582953213,
ROI mosaic x1.5,60,8804,,5.0
ROI mosaic x1.5,80,12488,,5.0
thumbnail 48px,30,713,,
thumbnail 48px,60,766,,
thumbnail 48px,80,840,,
thumbnail 64px,30,752,,
thumbnail 64px,60,822,,
thumbnail 64px,80,932,,
thumbnail 96px,30,887,,
thumbnail 96px,60,995,,
thumbnail 96px,80,1174,,
thumbnail 128px,30,1031,,
thumbnail 128px,60,1169,,
thumbnail 128px,80,1434,,
whole tile,30,15119,39.682598238004076,
whole tile,40,19394,39.89504671061138,
whole tile,50,24660,41.62024204365501,
whole tile,60,26396,42.19513649319982,
whole tile,80,49916,48.65389142428572,
ROI mosaic x1.5,60,5329,,4.0
ROI mosaic x1.5,80,6893,,4.0
thumbnail 48px,30,856,,
thumbnail 48px,60,1003,,
thumbnail 48px,80,1221,,
thumbnail 64px,30,1013,,
thumbnail 64px,60,1285,,
thumbnail 64px,80,1721,,
thumbnail 96px,30,1547,,
thumbnail 96px,60,2299,,
thumbnail 96px,80,3415,,
thumbnail 128px,30,2445,,
thumbnail 128px,60,3981,,
thumbnail 128px,80,6002,,
whole tile,30,76147,31.931131572190075,
whole tile,40,86490,33.04612587846764,
whole tile,50,98593,34.228411089526894,
whole tile,60,106008,35.07002805495767,
whole tile,80,159941,41.32269496264356,
ROI mosaic x1.5,60,917,,1.0
ROI mosaic x1.5,80,1028,,1.0
thumbnail 48px,30,704,,
thumbnail 48px,60,748,,
thumbnail 48px,80,820,,
thumbnail 64px,30,765,,
thumbnail 64px,60,827,,
thumbnail 64px,80,926,,
thumbnail 96px,30,885,,
thumbnail 96px,60,980,,
thumbnail 96px,80,1232,,
thumbnail 128px,30,1068,,
thumbnail 128px,60,1244,,
thumbnail 128px,80,1731,,
whole tile,30,24902,36.90719059857569,
whole tile,40,31119,38.10368223367304,
whole tile,50,38220,39.864963874782006,
whole tile,60,40269,40.468553929562,
whole tile,80,72696,47.63501922823197,
ROI mosaic x1.5,60,12923,,7.0
ROI mosaic x1.5,80,17312,,7.0
thumbnail 48px,30,724,,
thumbnail 48px,60,766,,
thumbnail 48px,80,835,,
thumbnail 64px,30,777,,
thumbnail 64px,60,836,,
thumbnail 64px,80,929,,
thumbnail 96px,30,895,,
thumbnail 96px,60,990,,
thumbnail 96px,80,1161,,
thumbnail 128px,30,1066,,
thumbnail 128px,60,1204,,
thumbnail 128px,80,1467,,
whole tile,30,13106,37.433713167380304,
whole tile,40,13735,39.25462069882115,
whole tile,50,14860,40.877453833295846,
whole tile,60,15596,41.4252336278982,
whole tile,80,29375,48.36495629960549,
ROI mosaic x1.5,60,14343,,7.0
ROI mosaic x1.5,80,19753,,7.0
thumbnail 48px,30,665,,
thumbnail 48px,60,671,,
thumbnail 48px,80,686,,
thumbnail 64px,30,693,,
thumbnail 64px,60,700,,
thumbnail 64px,80,725,,
thumbnail 96px,30,777,,
thumbnail 96px,60,789,,
thumbnail 96px,80,839,,
thumbnail 128px,30,892,,
thumbnail 128px,60,907,,
thumbnail 128px,80,997,,
whole tile,30,10210,41.53101653429225,
whole tile,40,10485,42.784464865752916,
whole tile,50,10962,43.52753435633779,
whole tile,60,12987,43.60749253933673,
whole tile,80,27690,52.841103182806066,
ROI mosaic x1.5,60,1935,,3.0
ROI mosaic x1.5,80,1969,,3.0
thumbnail 48px,30,745,,
thumbnail 48px,60,835,,
thumbnail 48px,80,988,,
thumbnail 64px,30,836,,
thumbnail 64px,60,1036,,
thumbnail 64px,80,1393,,
thumbnail 96px,30,1193,,
thumbnail 96px,60,1892,,
thumbnail 96px,80,2981,,
thumbnail 128px,30,2034,,
thumbnail 128px,60,3629,,
thumbnail 128px,80,5636,,
whole tile,30,77905,32.080388323489785,
whole tile,40,88388,33.15236092147298,
whole tile,50,100629,34.35422285332158,
whole tile,60,108061,35.16766282921851,
whole tile,80,161542,41.462052191297836,
ROI mosaic x1.5,60,995,,1.0
ROI mosaic x1.5,80,1154,,1.0
thumbnail 48px,30,854,,
thumbnail 48px,60,1107,,
thumbnail 48px,80,1372,,
thumbnail 64px,30,1221,,
thumbnail 64px,60,1632,,
thumbnail 64px,80,2131,,
thumbnail 96px,30,2284,,
thumbnail 96px,60,3248,,
thumbnail 96px,80,4485,,
thumbnail 128px,30,3741,,
thumbnail 128px,60,5586,,
thumbnail 128px,80,7915,,
whole tile,30,89827,30.734678219916475,
whole tile,40,102001,31.880216766635282,
whole tile,50,116037,33.09098138907675,
whole tile,60,125399,33.98435371665892,
whole tile,80,184273,39.67068327997804,
ROI mosaic x1.5,60,1423,,1.0
ROI mosaic x1.5,80,1753,,1.0
thumbnail 48px,30,775,,
thumbnail 48px,60,858,,
thumbnail 48px,80,980,,
thumbnail 64px,30,859,,
thumbnail 64px,60,995,,
thumbnail 64px,80,1189,,
thumbnail 96px,30,1060,,
thumbnail 96px,60,1313,,
thumbnail 96px,80,1676,,
thumbnail 128px,30,1303,,
thumbnail 128px,60,1697,,
thumbnail 128px,80,2321,,
whole tile,30,20510,37.79533576894171,
whole tile,40,26066,39.12325780825143,
whole tile,50,32562,40.477016181878966,
whole tile,60,34288,41.08022350694714,
whole tile,80,66049,48.00492495810846,
ROI mosaic x1.5,60,1852,,1.0
ROI mosaic x1.5,80,2539,,1.0
thumbnail 48px,30,702,,
thumbnail 48px,60,751,,
thumbnail 48px,80,844,,
thumbnail 64px,30,748,,
thumbnail 64px,60,847,,
thumbnail 64px,80,1002,,
thumbnail 96px,30,883,,
thumbnail 96px,60,1104,,
thumbnail 96px,80,1483,,
thumbnail 128px,30,1083,,
thumbnail 128px,60,1530,,
thumbnail 128px,80,2294,,
whole tile,30,32188,34.09682764354489,
whole tile,40,40008,34.805152509278116,
whole tile,50,49890,35.88907179715636,
whole tile,60,52275,36.43572968570206,
whole tile,80,100118,44.42227095164617,
ROI mosaic x1.5,60,3333,,2.0
ROI mosaic x1.5,80,4426,,2.0
thumbnail 48px,30,865,,
thumbnail 48px,60,1022,,
thumbnail 48px,80,1254,,
thumbnail 64px,30,1027,,
thumbnail 64px,60,1300,,
thumbnail 64px,80,1711,,
thumbnail 96px,30,1540,,
thumbnail 96px,60,2194,,
thumbnail 96px,80,3187,,
thumbnail 128px,30,2324,,
thumbnail 128px,60,3640,,
thumbnail 128px,80,5664,,
whole tile,30,72724,32.39680790962676,
whole tile,40,83120,33.51836095407227,
whole tile,50,94351,34.77069153792987,
whole tile,60,101453,35.58444714211655,
whole tile,80,151824,42.07417486658397,
ROI mosaic x1.5,60,797,,1.0
ROI mosaic x1.5,80,862,,1.0
thumbnail 48px,30,928,,
thumbnail 48px,60,1121,,
thumbnail 48px,80,1361,,
thumbnail 64px,30,1144,,
thumbnail 64px,60,1454,,
thumbnail 64px,80,1861,,
thumbnail 96px,30,1697,,
thumbnail 96px,60,2319,,
thumbnail 96px,80,3154,,
thumbnail 128px,30,2378,,
thumbnail 128px,60,3402,,
thumbnail 128px,80,4846,,
whole tile,30,37689,35.04816234821404,
whole tile,40,45089,36.24985676997507,
whole tile,50,53697,37.44164096412788,
whole tile,60,57715,38.38272005294558,
whole tile,80,96104,44.12019517397254,
ROI mosaic x1.5,60,1751,,1.0
ROI mosaic x1.5,80,2366,,1.0
thumbnail 48px,30,916,,
thumbnail 48px,60,1115,,
thumbnail 48px,80,1339,,
thumbnail 64px,30,1120,,
thumbnail 64px,60,1414,,
thumbnail 64px,80,1828,,
thumbnail 96px,30,1617,,
thumbnail 96px,60,2235,,
thumbnail 96px,80,3201,,
thumbnail 128px,30,2311,,
thumbnail 128px,60,3495,,
thumbnail 128px,80,5338,,
whole tile,30,57503,33.91779913561848,
whole tile,40,65977,35.29037476387812,
whole tile,50,75527,36.600085927342604,
whole tile,60,80924,37.49943333359429,
whole tile,80,122802,43.948761911524706,
ROI mosaic x1.5,60,1765,,1.0
ROI mosaic x1.5,80,2230,,1.0
thumbnail 48px,30,689,,
thumbnail 48px,60,710,,
thumbnail 48px,80,747,,
thumbnail 64px,30,722,,
thumbnail 64px,60,753,,
thumbnail 64px,80,808,,
thumbnail 96px,30,838,,
thumbnail 96px,60,887,,
thumbnail 96px,80,996,,
thumbnail 128px,30,984,,
thumbnail 128px,60,1044,,
thumbnail 128px,80,1247,,
whole tile,30,15256,38.734746326435605,
whole tile,40,20728,39.59096589692213,
whole tile,50,27492,40.87812280484661,
whole tile,60,28885,41.632952051961965,
whole tile,80,61837,48.69360709265507,
ROI mosaic x1.5,60,6809,,1.0
ROI mosaic x1.5,80,10635,,1.0
thumbnail 48px,30,698,,
thumbnail 48px,60,734,,
thumbnail 48px,80,803,,
thumbnail 64px,30,737,,
thumbnail 64px,60,792,,
thumbnail 64px,80,891,,
thumbnail 96px,30,841,,
thumbnail 96px,60,934,,
thumbnail 96px,80,1144,,
thumbnail 128px,30,993,,
thumbnail 128px,60,1150,,
thumbnail 128px,80,1444,,
whole tile,30,13741,38.98266527736689,
whole tile,40,18120,39.997865542559985,
whole tile,50,23673,40.45978586667851,
whole tile,60,25098,41.78869584139727,
whole tile,80,55405,49.53516323471832,
ROI mosaic x1.5,60,11282,,4.0
ROI mosaic x1.5,80,17356,,4.0
thumbnail 48px,30,745,,
thumbnail 48px,60,808,,
thumbnail 48px,80,906,,
thumbnail 64px,30,814,,
thumbnail 64px,60,910,,
thumbnail 64px,80,1085,,
thumbnail 96px,30,1027,,
thumbnail 96px,60,1242,,
thumbnail 96px,80,1559,,
thumbnail 128px,30,1297,,
thumbnail 128px,60,1633,,
thumbnail 128px,80,2158,,
whole tile,30,19516,37.93913914852009,
whole tile,40,24736,38.9928825118406,
whole tile,50,30724,40.32770585306566,
whole tile,60,32524,41.027233829873595,
whole tile,80,62389,47.79388243505615,
ROI mosaic x1.5,60,2099,,2.0
ROI mosaic x1.5,80,2591,,2.0
thumbnail 48px,30,671,,
thumbnail 48px,60,679,,
thumbnail 48px,80,692,,
thumbnail 64px,30,706,,
thumbnail 64px,60,717,,
thumbnail 64px,80,745,,
thumbnail 96px,30,798,,
thumbnail 96px,60,808,,
thumbnail 96px,80,885,,
thumbnail 128px,30,929,,
thumbnail 128px,60,956,,
thumbnail 128px,80,1205,,
whole tile,30,27890,36.49274455096135,
whole tile,40,34078,37.81116536079239,
whole tile,50,41775,39.48456233750847,
whole tile,60,45637,40.33764845158587,
whole tile,80,77017,45.50083718399356,
ROI mosaic x1.5,60,2702,,1.0
ROI mosaic x1.5,80,3732,,1.0
thumbnail 48px,30,766,,
thumbnail 48px,60,862,,
thumbnail 48px,80,996,,
thumbnail 64px,30,853,,
thumbnail 64px,60,1016,,
thumbnail 64px,80,1245,,
thumbnail 96px,30,1102,,
thumbnail 96px,60,1468,,
thumbnail 96px,80,2115,,
thumbnail 128px,30,1504,,
thumbnail 128px,60,2328,,
thumbnail 128px,80,3586,,
whole tile,30,55557,33.92608479859598,
whole tile,40,64168,35.196885020529265,
whole tile,50,73706,36.49920424129052,
whole tile,60,79393,37.213537909345035,
whole tile,80,121598,43.76106421543138,
ROI mosaic x1.5,60,1417,,2.0
ROI mosaic x1.5,80,1481,,2.0
thumbnail 48px,30,686,,
thumbnail 48px,60,709,,
thumbnail 48px,80,761,,
thumbnail 64px,30,726,,
thumbnail 64px,60,765,,
thumbnail 64px,80,834,,
thumbnail 96px,30,830,,
thumbnail 96px,60,881,,
thumbnail 96px,80,1004,,
thumbnail 128px,30,959,,
thumbnail 128px,60,1044,,
thumbnail 128px,80,1250,,
whole tile,30,16502,37.96817050727246,
whole tile,40,22160,39.42011744694749,
whole tile,50,29072,40.81598439176972,
whole tile,60,30340,40.985044735476336,
whole tile,80,62410,48.75055098910327,
ROI mosaic x1.5,60,1196,,1.0
ROI mosaic x1.5,80,1511,,1.0
thumbnail 48px,30,683,,
thumbnail 48px,60,736,,
thumbnail 48px,80,850,,
thumbnail 64px,30,727,,
thumbnail 64px,60,868,,
thumbnail 64px,80,1106,,
thumbnail 96px,30,957,,
thumbnail 96px,60,1438,,
thumbnail 96px,80,2218,,
thumbnail 128px,30,1454,,
thumbnail 128px,60,2493,,
thumbnail 128px,80,4240,,
whole tile,30,66168,33.07866067390388,
whole tile,40,74970,34.35777048880494,
whole tile,50,85973,35.636602538904164,
whole tile,60,92027,36.427270075161914,
whole tile,80,139501,43.4746913120493,
ROI mosaic x1.5,60,977,,1.0
ROI mosaic x1.5,80,1115,,1.0
thumbnail 48px,30,713,,
thumbnail 48px,60,775,,
thumbnail 48px,80,874,,
thumbnail 64px,30,757,,
thumbnail 64px,60,862,,
thumbnail 64px,80,1048,,
thumbnail 96px,30,931,,
thumbnail 96px,60,1192,,
thumbnail 96px,80,1674,,
thumbnail 128px,30,1177,,
thumbnail 128px,60,1743,,
thumbnail 128px,80,2644,,
whole tile,30,39846,36.407531782696935,
whole tile,40,46588,37.67174786400269,
whole tile,50,54086,39.28093273011139,
whole tile,60,57057,39.861746653056336,
whole tile,80,89834,47.10318085805155,
ROI mosaic x1.5,60,12587,,1.0
ROI mosaic x1.5,80,17827,,1.0
thumbnail 48px,30,677,,
thumbnail 48px,60,688,,
thumbnail 48px,80,721,,
thumbnail 64px,30,712,,
thumbnail 64px,60,736,,
thumbnail 64px,80,770,,
thumbnail 96px,30,808,,
thumbnail 96px,60,846,,
thumbnail 96px,80,918,,
thumbnail 128px,30,929,,
thumbnail 128px,60,986,,
thumbnail 128px,80,1098,,
whole tile,30,16902,38.89556737974888,
whole tile,40,22155,39.34679395777464,
whole tile,50,29195,40.959182783271785,
whole tile,60,30606,42.34772836808253,
whole tile,80,60016,48.84052058250954,
ROI mosaic x1.5,60,2141,,3.0
ROI mosaic x1.5,80,2259,,3.0
thumbnail 48px,30,696,,
thumbnail 48px,60,746,,
thumbnail 48px,80,830,,
thumbnail 64px,30,743,,
thumbnail 64px,60,830,,
thumbnail 64px,80,994,,
thumbnail 96px,30,884,,
thumbnail 96px,60,1071,,
thumbnail 96px,80,1475,,
thumbnail 128px,30,1076,,
thumbnail 128px,60,1510,,
thumbnail 128px,80,2370,,
whole tile,30,35001,36.147007315607695,
whole tile,40,41366,37.463854419221946,
whole tile,50,48635,38.76705610425648,
whole tile,60,51464,39.80251652810976,
whole tile,80,85338,46.2646964801062,
ROI mosaic x1.5,60,4929,,4.0
ROI mosaic x1.5,80,6132,,4.0
thumbnail 48px,30,670,,
thumbnail 48px,60,687,,
thumbnail 48px,80,718,,
thumbnail 64px,30,706,,
thumbnail 64px,60,727,,
thumbnail 64px,80,788,,
thumbnail 96px,30,804,,
thumbnail 96px,60,847,,
thumbnail 96px,80,1005,,
thumbnail 128px,30,924,,
thumbnail 128px,60,996,,
thumbnail 128px,80,1354,,
whole tile,30,25978,37.435278121545835,
whole tile,40,32173,38.4015145628629,
whole tile,50,39392,39.654432750222945,
whole tile,60,41451,41.34546516978682,
whole tile,80,72533,47.97860639131014,
ROI mosaic x1.5,60,3864,,1.0
ROI mosaic x1.5,80,5544,,1.0
thumbnail 48px,30,687,,
thumbnail 48px,60,715,,
thumbnail 48px,80,764,,
thumbnail 64px,30,723,,
thumbnail 64px,60,765,,
thumbnail 64px,80,861,,
thumbnail 96px,30,828,,
thumbnail 96px,60,925,,
thumbnail 96px,80,1279,,
thumbnail 128px,30,981,,
thumbnail 128px,60,1320,,
thumbnail 128px,80,2160,,
whole tile,30,37905,35.865906353096605,
whole tile,40,44752,37.258973736488414,
whole tile,50,52091,38.867327577625325,
whole tile,60,55199,39.70474475580468,
whole tile,80,90038,46.11932678669814,
ROI mosaic x1.5,60,6277,,3.0
ROI mosaic x1.5,80,8351,,3.0
thumbnail 48px,30,675,,
thumbnail 48px,60,685,,
thumbnail 48px,80,711,,
thumbnail 64px,30,705,,
thumbnail 64px,60,714,,
thumbnail 64px,80,747,,
thumbnail 96px,30,797,,
thumbnail 96px,60,814,,
thumbnail 96px,80,887,,
thumbnail 128px,30,918,,
thumbnail 128px,60,937,,
thumbnail 128px,80,1087,,
whole tile,30,20634,37.24748827823292,
whole tile,40,27122,38.65357499271516,
whole tile,50,33238,40.6408157887229,
whole tile,60,35474,41.70739867361646,
whole tile,80,64597,48.427292402220026,
ROI mosaic x1.5,60,1744,,1.0
ROI mosaic x1.5,80,2317,,1.0
thumbnail 48px,30,694,,
thumbnail 48px,60,722,,
thumbnail 48px,80,779,,
thumbnail 64px,30,731,,
thumbnail 64px,60,769,,
thumbnail 64px,80,858,,
thumbnail 96px,30,838,,
thumbnail 96px,60,935,,
thumbnail 96px,80,1122,,
thumbnail 128px,30,988,,
thumbnail 128px,60,1124,,
thumbnail 128px,80,1483,,
whole tile,30,17107,37.623739780358136,
whole tile,40,22672,39.109476519590686,
whole tile,50,29780,40.74863669091984,
whole tile,60,31673,41.731122102148255,
whole tile,80,63852,48.23893832400127,
ROI mosaic x1.5,60,4918,,1.0
ROI mosaic x1.5,80,7579,,1.0
thumbnail 48px,30,925,,
thumbnail 48px,60,1124,,
thumbnail 48px,80,1380,,
thumbnail 64px,30,1139,,
thumbnail 64px,60,1449,,
thumbnail 64px,80,1858,,
thumbnail 96px,30,1678,,
thumbnail 96px,60,2294,,
thumbnail 96px,80,3190,,
thumbnail 128px,30,2389,,
thumbnail 128px,60,3414,,
thumbnail 128px,80,4950,,
whole tile,30,39802,35.27705891557019,
whole tile,40,46937,36.613471701407875,
whole tile,50,55449,38.021103377325716,
whole tile,60,59103,39.00535367621845,
whole tile,80,96107,44.982773556257044,
ROI mosaic x1.5,60,18085,,2.0
ROI mosaic x1.5,80,26159,,2.0
thumbnail 48px,30,681,,
thumbnail 48px,60,706,,
thumbnail 48px,80,756,,
thumbnail 64px,30,720,,
thumbnail 64px,60,762,,
thumbnail 64px,80,840,,
thumbnail 96px,30,818,,
thumbnail 96px,60,892,,
thumbnail 96px,80,1106,,
thumbnail 128px,30,962,,
thumbnail 128px,60,1109,,
thumbnail 128px,80,1651,,
whole tile,30,30091,36.11967925997652,
whole tile,40,36800,37.49084064533048,
whole tile,50,44932,39.15587404702698,
whole tile,60,47269,39.89334080730971,
whole tile,80,80974,46.81868306369182,
ROI mosaic x1.5,60,3989,,1.0
ROI mosaic x1.5,80,5610,,1.0
thumbnail 48px,30,765,,
thumbnail 48px,60,853,,
thumbnail 48px,80,1001,,
thumbnail 64px,30,863,,
thumbnail 64px,60,1013,,
thumbnail 64px,80,1255,,
thumbnail 96px,30,1107,,
thumbnail 96px,60,1429,,
thumbnail 96px,80,1940,,
thumbnail 128px,30,1475,,
thumbnail 128px,60,2032,,
thumbnail 128px,80,2887,,
whole tile,30,25113,37.79192240863436,
whole tile,40,30450,39.07357038445178,
whole tile,50,36586,40.29623269378611,
whole tile,60,38780,41.202016285021685,
whole tile,80,67975,47.19080754630581,
ROI mosaic x1.5,60,1413,,2.0
ROI mosaic x1.5,80,1482,,2.0
thumbnail 48px,30,746,,
thumbnail 48px,60,812,,
thumbnail 48px,80,920,,
thumbnail 64px,30,853,,
thumbnail 64px,60,998,,
thumbnail 64px,80,1172,,
thumbnail 96px,30,1038,,
thumbnail 96px,60,1247,,
thumbnail 96px,80,1592,,
thumbnail 128px,30,1402,,
thumbnail 128px,60,1807,,
thumbnail 128px,80,2446,,
whole tile,30,33857,32.22830324527103,
whole tile,40,40221,32.81779819547046,
whole tile,50,46692,33.723858155526614,
whole tile,60,50791,34.25825876078849,
whole tile,80,85006,38.644596345532406,
ROI mosaic x1.5,60,860,,1.0
ROI mosaic x1.5,80,999,,1.0
thumbnail 48px,30,727,,
thumbnail 48px,60,761,,
thumbnail 48px,80,800,,
thumbnail 64px,30,767,,
thumbnail 64px,60,812,,
thumbnail 64px,80,898,,
thumbnail 96px,30,881,,
thumbnail 96px,60,970,,
thumbnail 96px,80,1114,,
thumbnail 128px,30,1034,,
thumbnail 128px,60,1178,,
thumbnail 128px,80,1396,,
whole tile,30,13901,38.105339914145404,
whole tile,40,17326,38.656375506923204,
whole tile,50,22301,39.46759369789519,
whole tile,60,24376,40.039865572630795,
whole tile,80,56389,45.306398127692795,
ROI mosaic x1.5,60,1448,,2.0
ROI mosaic x1.5,80,1549,,2.0
thumbnail 48px,30,758,,
thumbnail 48px,60,851,,
thumbnail 48px,80,969,,
thumbnail 64px,30,855,,
thumbnail 64px,60,988,,
thumbnail 64px,80,1194,,
thumbnail 96px,30,1058,,
thumbnail 96px,60,1358,,
thumbnail 96px,80,1766,,
thumbnail 128px,30,1334,,
thumbnail 128px,60,1797,,
thumbnail 128px,80,2492,,
whole tile,30,22001,38.34370881497136,
whole tile,40,27021,39.563904104021546,
whole tile,50,33371,40.80779459004007,
whole tile,60,35200,41.689608190674164,
whole tile,80,63392,48.51397245615556,
ROI mosaic x1.5,60,4688,,1.0
ROI mosaic x1.5,80,7069,,1.0
thumbnail 48px,30,699,,
thumbnail 48px,60,746,,
thumbnail 48px,80,821,,
thumbnail 64px,30,754,,
thumbnail 64px,60,827,,
thumbnail 64px,80,948,,
thumbnail 96px,30,881,,
thumbnail 96px,60,1040,,
thumbnail 96px,80,1296,,
thumbnail 128px,30,1053,,
thumbnail 128px,60,1302,,
thumbnail 128px,80,1851,,
whole tile,30,27116,37.30011130604464,
whole tile,40,32937,38.3284114051711,
whole tile,50,39695,40.23631691745321,
whole tile,60,41885,40.66271257519855,
whole tile,80,73358,47.761002658136974,
ROI mosaic x1.5,60,683,,1.0
ROI mosaic x1.5,80,708,,1.0
thumbnail 48px,30,688,,
thumbnail 48px,60,719,,
thumbnail 48px,80,787,,
thumbnail 64px,30,732,,
thumbnail 64px,60,778,,
thumbnail 64px,80,890,,
thumbnail 96px,30,838,,
thumbnail 96px,60,928,,
thumbnail 96px,80,1194,,
thumbnail 128px,30,982,,
thumbnail 128px,60,1181,,
thumbnail 128px,80,1803,,
whole tile,30,28879,36.5323429624762,
whole tile,40,35107,37.93211134583324,
whole tile,50,42814,39.59251855854056,
whole tile,60,45702,40.73704781016077,
whole tile,80,78012,46.98881564559961,
ROI mosaic x1.5,60,710,,1.0
ROI mosaic x1.5,80,750,,1.0
thumbnail 48px,30,681,,
thumbnail 48px,60,709,,
thumbnail 48px,80,779,,
thumbnail 64px,30,719,,
thumbnail 64px,60,771,,
thumbnail 64px,80,890,,
thumbnail 96px,30,836,,
thumbnail 96px,60,967,,
thumbnail 96px,80,1311,,
thumbnail 128px,30,1005,,
thumbnail 128px,60,1295,,
thumbnail 128px,80,1922,,
whole tile,30,20063,35.59526901322861,
whole tile,40,25836,36.356333463326784,
whole tile,50,33742,37.53052397827615,
whole tile,60,38928,38.124683525242794,
whole tile,80,81019,43.47884505673453,
ROI mosaic x1.5,60,5404,,1.0
ROI mosaic x1.5,80,8493,,1.0
thumbnail 48px,30,663,,
thumbnail 48px,60,666,,
thumbnail 48px,80,672,,
thumbnail 64px,30,692,,
thumbnail 64px,60,699,,
thumbnail 64px,80,707,,
thumbnail 96px,30,774,,
thumbnail 96px,60,786,,
thumbnail 96px,80,813,,
thumbnail 128px,30,891,,
thumbnail 128px,60,905,,
thumbnail 128px,80,984,,
whole tile,30,11352,40.024643215316125,
whole tile,40,13853,40.98706252198404,
whole tile,50,18846,41.62680703637487,
whole tile,60,22874,42.725066378260465,
whole tile,80,50497,46.70717797494076,
ROI mosaic x1.5,60,872,,1.0
ROI mosaic x1.5,80,989,,1.0
thumbnail 48px,30,687,,
thumbnail 48px,60,726,,
thumbnail 48px,80,787,,
thumbnail 64px,30,733,,
thumbnail 64px,60,789,,
thumbnail 64px,80,907,,
thumbnail 96px,30,857,,
thumbnail 96px,60,975,,
thumbnail 96px,80,1308,,
thumbnail 128px,30,1006,,
thumbnail 128px,60,1254,,
thumbnail 128px,80,2007,,
whole tile,30,34244,36.366831492569396,
whole tile,40,40991,37.521435943171426,
whole tile,50,48909,39.00903255639653,
whole tile,60,51631,40.036715269733804,
whole tile,80,85643,46.61406777567288,
ROI mosaic x1.5,60,9987,,5.0
ROI mosaic x1.5,80,13292,,5.0
thumbnail 48px,30,692,,
thumbnail 48px,60,711,,
thumbnail 48px,80,761,,
thumbnail 64px,30,728,,
thumbnail 64px,60,757,,
thumbnail 64px,80,854,,
thumbnail 96px,30,830,,
thumbnail 96px,60,906,,
thumbnail 96px,80,1190,,
thumbnail 128px,30,1010,,
thumbnail 128px,60,1203,,
thumbnail 128px,80,1801,,
whole tile,30,27693,37.42386804949877,
whole tile,40,33040,38.90273204853801,
whole tile,50,39910,40.018637185928625,
whole tile,60,42225,41.529423056081356,
whole tile,80,70274,47.3794086803213,
ROI mosaic x1.5,60,15204,,1.0
ROI mosaic x1.5,80,22122,,1.0
thumbnail 48px,30,689,,
thumbnail 48px,60,712,,
thumbnail 48px,80,759,,
thumbnail 64px,30,733,,
thumbnail 64px,60,774,,
thumbnail 64px,80,847,,
thumbnail 96px,30,842,,
thumbnail 96px,60,921,,
thumbnail 96px,80,1070,,
thumbnail 128px,30,997,,
thumbnail 128px,60,1109,,
thumbnail 128px,80,1408,,
whole tile,30,20699,37.28366110491559,
whole tile,40,27401,38.51286973260119,
whole tile,50,33306,40.59986167855085,
whole tile,60,35692,41.767376970015995,
whole tile,80,64403,48.29643618204906,
ROI mosaic x1.5,60,4378,,4.0
ROI mosaic x1.5,80,5288,,4.0
thumbnail 48px,30,749,,
thumbnail 48px,60,833,,
thumbnail 48px,80,941,,
thumbnail 64px,30,830,,
thumbnail 64px,60,959,,
thumbnail 64px,80,1128,,
thumbnail 96px,30,1044,,
thumbnail 96px,60,1275,,
thumbnail 96px,80,1629,,
thumbnail 128px,30,1344,,
thumbnail 128px,60,1731,,
thumbnail 128px,80,2347,,
whole tile,30,19708,35.641676620067685,
whole tile,40,24449,36.8111301968776,
whole tile,50,29941,37.417068228523306,
whole tile,60,32779,38.06884983695811,
whole tile,80,76005,45.95764506811872,
ROI mosaic x1.5,60,1990,,3.0
ROI mosaic x1.5,80,2044,,3.0
thumbnail 48px,30,734,,
thumbnail 48px,60,795,,
thumbnail 48px,80,891,,
thumbnail 64px,30,796,,
thumbnail 64px,60,897,,
thumbnail 64px,80,1064,,
thumbnail 96px,30,964,,
thumbnail 96px,60,1167,,
thumbnail 96px,80,1513,,
thumbnail 128px,30,1183,,
thumbnail 128px,60,1514,,
thumbnail 128px,80,2113,,
whole tile,30,18899,37.912577578417455,
whole tile,40,24476,38.96653336883849,
whole tile,50,30764,40.03077084079949,
whole tile,60,36123,41.08994619090594,
whole tile,80,65330,45.48069096296342,
ROI mosaic x1.5,60,668,,1.0
ROI mosaic x1.5,80,683,,1.0
thumbnail 48px,30,684,,
thumbnail 48px,60,731,,
thumbnail 48px,80,844,,
thumbnail 64px,30,729,,
thumbnail 64px,60,857,,
thumbnail 64px,80,1163,,
thumbnail 96px,30,954,,
thumbnail 96px,60,1496,,
thumbnail 96px,80,2372,,
thumbnail 128px,30,1547,,
thumbnail 128px,60,2746,,
thumbnail 128px,80,4399,,
whole tile,30,63206,33.09940834699412,
whole tile,40,71452,34.43068964613189,
whole tile,50,82168,35.686787994933184,
whole tile,60,87906,36.40174373474996,
whole tile,80,135284,43.09257416695235,
ROI mosaic x1.5,60,11222,,4.0
ROI mosaic x1.5,80,14830,,4.0
thumbnail 48px,30,666,,
thumbnail 48px,60,684,,
thumbnail 48px,80,714,,
thumbnail 64px,30,701,,
thumbnail 64px,60,723,,
thumbnail 64px,80,768,,
thumbnail 96px,30,789,,
thumbnail 96px,60,831,,
thumbnail 96px,80,964,,
thumbnail 128px,30,916,,
thumbnail 128px,60,978,,
thumbnail 128px,80,1307,,
whole tile,30,24422,37.894744896884866,
whole tile,40,30633,39.03719021569732,
whole tile,50,37520,40.255700954550065,
whole tile,60,39456,41.713545740865676,
whole tile,80,69860,48.323114783948085,
ROI mosaic x1.5,60,2886,,2.0
ROI mosaic x1.5,80,3745,,2.0
thumbnail 48px,30,689,,
thumbnail 48px,60,713,,
thumbnail 48px,80,759,,
thumbnail 64px,30,732,,
thumbnail 64px,60,766,,
thumbnail 64px,80,827,,
thumbnail 96px,30,834,,
thumbnail 96px,60,885,,
thumbnail 96px,80,1000,,
thumbnail 128px,30,984,,
thumbnail 128px,60,1083,,
thumbnail 128px,80,1323,,
whole tile,30,18288,38.20701549651504,
whole tile,40,24345,38.86857063072946,
whole tile,50,31165,40.43570583949429,
whole tile,60,32880,41.10896494695642,
whole tile,80,65087,48.42740539835826,
ROI mosaic x1.5,60,1030,,1.0
ROI mosaic x1.5,80,1306,,1.0
thumbnail 48px,30,745,,
thumbnail 48px,60,811,,
thumbnail 48px,80,899,,
thumbnail 64px,30,800,,
thumbnail 64px,60,896,,
thumbnail 64px,80,1046,,
thumbnail 96px,30,964,,
thumbnail 96px,60,1130,,
thumbnail 96px,80,1415,,
thumbnail 128px,30,1152,,
thumbnail 128px,60,1411,,
thumbnail 128px,80,1847,,
whole tile,30,17672,38.52238235511066,
whole tile,40,23736,39.632445989417846,
whole tile,50,29148,41.1990817028514,
whole tile,60,31590,41.57986804310263,
whole tile,80,59476,48.74037190268147,
ROI mosaic x1.5,60,2515,,2.0
ROI mosaic x1.5,80,3122,,2.0
thumbnail 48px,30,682,,
thumbnail 48px,60,737,,
thumbnail 48px,80,841,,
thumbnail 64px,30,729,,
thumbnail 64px,60,857,,
thumbnail 64px,80,1111,,
thumbnail 96px,30,967,,
thumbnail 96px,60,1427,,
thumbnail 96px,80,2085,,
thumbnail 128px,30,1440,,
thumbnail 128px,60,2314,,
thumbnail 128px,80,3762,,
whole tile,30,55699,33.58539820567018,
whole tile,40,65230,34.8076034346719,
whole tile,50,75421,35.90625181230892,
whole tile,60,82950,36.69907976064133,
whole tile,80,128210,41.93028907022821,
ROI mosaic x1.5,60,1046,,1.0
ROI mosaic x1.5,80,1229,,1.0
thumbnail 48px,30,672,,
thumbnail 48px,60,681,,
thumbnail 48px,80,708,,
thumbnail 64px,30,703,,
thumbnail 64px,60,718,,
thumbnail 64px,80,778,,
thumbnail 96px,30,795,,
thumbnail 96px,60,820,,
thumbnail 96px,80,926,,
thumbnail 128px,30,917,,
thumbnail 128px,60,948,,
thumbnail 128px,80,1153,,
whole tile,30,15666,40.28071169252702,
whole tile,40,19078,40.31629256566155,
whole tile,50,22764,42.954511637104595,
whole tile,60,24047,43.65006639718171,
whole tile,80,44967,50.64553376968546,
ROI mosaic x1.5,60,1040,,1.0
ROI mosaic x1.5,80,1241,,1.0
thumbnail 48px,30,870,,
thumbnail 48px,60,994,,
thumbnail 48px,80,1201,,
thumbnail 64px,30,999,,
thumbnail 64px,60,1221,,
thumbnail 64px,80,1502,,
thumbnail 96px,30,1363,,
thumbnail 96px,60,1726,,
thumbnail 96px,80,2265,,
thumbnail 128px,30,1743,,
thumbnail 128px,60,2341,,
thumbnail 128px,80,3201,,
whole tile,30,20453,38.65048386917339,
whole tile,40,23483,40.22023024224723,
whole tile,50,27024,41.389295224074665,
whole tile,60,29129,42.13291808484456,
whole tile,80,54487,48.307447359829254,
ROI mosaic x1.5,60,660,,1.0
ROI mosaic x1.5,80,679,,1.0
thumbnail 48px,30,826,,
thumbnail 48px,60,954,,
thumbnail 48px,80,1173,,
thumbnail 64px,30,969,,
thumbnail 64px,60,1223,,
thumbnail 64px,80,1653,,
thumbnail 96px,30,1445,,
thumbnail 96px,60,2110,,
thumbnail 96px,80,3169,,
thumbnail 128px,30,2256,,
thumbnail 128px,60,3610,,
thumbnail 128px,80,5660,,
whole tile,30,67254,32.07900716590653,
whole tile,40,77241,33.162647920394036,
whole tile,50,88761,34.310802670388355,
whole tile,60,96095,35.185051642373615,
whole tile,80,146907,40.769963023407136,
ROI mosaic x1.5,60,2750,,1.0
ROI mosaic x1.5,80,3672,,1.0
thumbnail 48px,30,685,,
thumbnail 48px,60,711,,
thumbnail 48px,80,766,,
thumbnail 64px,30,723,,
thumbnail 64px,60,771,,
thumbnail 64px,80,875,,
thumbnail 96px,30,831,,
thumbnail 96px,60,932,,
thumbnail 96px,80,1214,,
thumbnail 128px,30,991,,
thumbnail 128px,60,1210,,
thumbnail 128px,80,1867,,
whole tile,30,30209,36.56039457744507,
whole tile,40,36541,37.86583402268421,
whole tile,50,44357,39.27860576672347,
whole tile,60,47077,40.36100607039424,
whole tile,80,80243,46.798174622755084,
ROI mosaic x1.5,60,5270,,2.0
ROI mosaic x1.5,80,7192,,2.0
thumbnail 48px,30,688,,
thumbnail 48px,60,725,,
thumbnail 48px,80,780,,
thumbnail 64px,30,728,,
thumbnail 64px,60,777,,
thumbnail 64px,80,861,,
thumbnail 96px,30,849,,
thumbnail 96px,60,948,,
thumbnail 96px,80,1168,,
thumbnail 128px,30,1013,,
thumbnail 128px,60,1162,,
thumbnail 128px,80,1615,,
whole tile,30,26943,36.57811138986237,
whole tile,40,34146,37.88681875319428,
whole tile,50,41583,39.28830396989473,
whole tile,60,43960,40.18542739485734,
whole tile,80,77636,47.21319594736844,
ROI mosaic x1.5,60,12633,,4.0
ROI mosaic x1.5,80,17975,,4.0
thumbnail 48px,30,672,,
thumbnail 48px,60,684,,
thumbnail 48px,80,700,,
thumbnail 64px,30,709,,
thumbnail 64px,60,729,,
thumbnail 64px,80,753,,
thumbnail 96px,30,798,,
thumbnail 96px,60,820,,
thumbnail 96px,80,873,,
thumbnail 128px,30,932,,
thumbnail 128px,60,980,,
thumbnail 128px,80,1087,,
whole tile,30,12102,40.277600698529135,
whole tile,40,15332,40.44897148049583,
whole tile,50,20770,41.45262983559017,
whole tile,60,25614,42.772951401850854,
whole tile,80,54037,47.13218659875578,
ROI mosaic x1.5,60,892,,1.0
ROI mosaic x1.5,80,1028,,1.0
thumbnail 48px,30,708,,
thumbnail 48px,60,775,,
thumbnail 48px,80,863,,
thumbnail 64px,30,763,,
thumbnail 64px,60,869,,
thumbnail 64px,80,1025,,
thumbnail 96px,30,913,,
thumbnail 96px,60,1116,,
thumbnail 96px,80,1468,,
thumbnail 128px,30,1112,,
thumbnail 128px,60,1459,,
thumbnail 128px,80,2134,,
whole tile,30,29255,36.12249373937209,
whole tile,40,35938,37.49281218691462,
whole tile,50,43994,38.738947320901744,
whole tile,60,46962,39.61189769712754,
whole tile,80,81311,46.04677849661485,
ROI mosaic x1.5,60,2141,,2.0
ROI mosaic x1.5,80,2574,,2.0
thumbnail 48px,30,709,,
thumbnail 48px,60,758,,
thumbnail 48px,80,843,,
thumbnail 64px,30,764,,
thumbnail 64px,60,845,,
thumbnail 64px,80,971,,
thumbnail 96px,30,926,,
thumbnail 96px,60,1063,,
thumbnail 96px,80,1359,,
thumbnail 128px,30,1134,,
thumbnail 128px,60,1401,,
thumbnail 128px,80,2069,,
whole tile,30,33557,36.272723850937034,
whole tile,40,39857,37.35897844488732,
whole tile,50,47607,39.05558347471211,
whole tile,60,50362,39.90925702397851,
whole tile,80,83545,46.72229747162547,
ROI mosaic x1.5,60,851,,1.0
ROI mosaic x1.5,80,937,,1.0
thumbnail 48px,30,695,,
thumbnail 48px,60,734,,
thumbnail 48px,80,805,,
thumbnail 64px,30,728,,
thumbnail 64px,60,791,,
thumbnail 64px,80,896,,
thumbnail 96px,30,844,,
thumbnail 96px,60,959,,
thumbnail 96px,80,1209,,
thumbnail 128px,30,987,,
thumbnail 128px,60,1182,,
thumbnail 128px,80,1629,,
whole tile,30,23306,34.34519031465914,
whole tile,40,30507,35.200244150007826,
whole tile,50,40068,35.8341231416959,
whole tile,60,41910,36.38071273151453,
whole tile,80,92839,44.89228613824576,
ROI mosaic x1.5,60,1559,,2.0
ROI mosaic x1.5,80,1707,,2.0
thumbnail 48px,30,688,,
thumbnail 48px,60,709,,
thumbnail 48px,80,761,,
thumbnail 64px,30,726,,
thumbnail 64px,60,768,,
thumbnail 64px,80,847,,
thumbnail 96px,30,847,,
thumbnail 96px,60,914,,
thumbnail 96px,80,1082,,
thumbnail 128px,30,987,,
thumbnail 128px,60,1099,,
thumbnail 128px,80,1370,,
whole tile,30,16640,38.54119786981096,
whole tile,40,22028,39.63842026611275,
whole tile,50,28654,40.73657328778704,
whole tile,60,30164,41.45845548335459,
whole tile,80,62113,48.29272018308166,
ROI mosaic x1.5,60,6954,,1.0
ROI mosaic x1.5,80,10825,,1.0
thumbnail 48px,30,731,,
thumbnail 48px,60,812,,
thumbnail 48px,80,933,,
thumbnail 64px,30,819,,
thumbnail 64px,60,950,,
thumbnail 64px,80,1139,,
thumbnail 96px,30,1017,,
thumbnail 96px,60,1267,,
thumbnail 96px,80,1654,,
thumbnail 128px,30,1260,,
thumbnail 128px,60,1687,,
thumbnail 128px,80,2321,,
whole tile,30,18622,38.35321465708493,
whole tile,40,23522,39.829719358683505,
whole tile,50,29410,40.87542075539666,
whole tile,60,31102,41.05272377805395,
whole tile,80,61809,48.19487407671957,
ROI mosaic x1.5,60,4225,,3.0
ROI mosaic x1.5,80,5638,,3.0
thumbnail 48px,30,698,,
thumbnail 48px,60,738,,
thumbnail 48px,80,812,,
thumbnail 64px,30,743,,
thumbnail 64px,60,805,,
thumbnail 64px,80,908,,
thumbnail 96px,30,871,,
thumbnail 96px,60,976,,
thumbnail 96px,80,1184,,
thumbnail 128px,30,1025,,
thumbnail 128px,60,1210,,
thumbnail 128px,80,1587,,
whole tile,30,21829,36.94665171311914,
whole tile,40,28389,38.56695594353508,
whole tile,50,35281,40.1880134316222,
whole tile,60,37243,41.05856206338096,
whole tile,80,68665,48.11783200208709,
ROI mosaic x1.5,60,2222,,2.0
ROI mosaic x1.5,80,2712,,2.0
thumbnail 48px,30,668,,
thumbnail 48px,60,683,,
thumbnail 48px,80,728,,
thumbnail 64px,30,696,,
thumbnail 64px,60,730,,
thumbnail 64px,80,803,,
thumbnail 96px,30,787,,
thumbnail 96px,60,843,,
thumbnail 96px,80,1033,,
thumbnail 128px,30,912,,
thumbnail 128px,60,1030,,
thumbnail 128px,80,1483,,
whole tile,30,19896,35.685275231756805,
whole tile,40,25133,36.66604889880027,
whole tile,50,32755,37.586798429709134,
whole tile,60,35881,38.17867891058044,
whole tile,80,78932,45.60531131223677,
ROI mosaic x1.5,60,787,,1.0
ROI mosaic x1.5,80,879,,1.0
thumbnail 48px,30,682,,
thumbnail 48px,60,709,,
thumbnail 48px,80,763,,
thumbnail 64px,30,718,,
thumbnail 64px,60,767,,
thumbnail 64px,80,848,,
thumbnail 96px,30,822,,
thumbnail 96px,60,901,,
thumbnail 96px,80,1096,,
thumbnail 128px,30,958,,
thumbnail 128px,60,1086,,
thumbnail 128px,80,1467,,
whole tile,30,24191,37.17580088886123,
whole tile,40,30827,38.31947612310663,
whole tile,50,37775,39.58388169000145,
whole tile,60,43022,40.55055954142159,
whole tile,80,73960,44.92592766829052,
ROI mosaic x1.5,60,694,,1.0
ROI mosaic x1.5,80,714,,1.0
thumbnail 48px,30,673,,
thumbnail 48px,60,679,,
thumbnail 48px,80,698,,
thumbnail 64px,30,711,,
thumbnail 64px,60,723,,
thumbnail 64px,80,757,,
thumbnail 96px,30,808,,
thumbnail 96px,60,825,,
thumbnail 96px,80,881,,
thumbnail 128px,30,924,,
thumbnail 128px,60,950,,
thumbnail 128px,80,1047,,
whole tile,30,11074,38.49404099117285,
whole tile,40,11668,39.43365193143811,
whole tile,50,13373,40.34369832736573,
whole tile,60,15029,40.86264967288325,
whole tile,80,54172,48.55713193579267,
ROI mosaic x1.5,60,2198,,1.0
ROI mosaic x1.5,80,3542,,1.0
thumbnail 48px,30,668,,
thumbnail 48px,60,681,,
thumbnail 48px,80,708,,
thumbnail 64px,30,699,,
thumbnail 64px,60,720,,
thumbnail 64px,80,759,,
thumbnail 96px,30,785,,
thumbnail 96px,60,815,,
thumbnail 96px,80,907,,
thumbnail 128px,30,907,,
thumbnail 128px,60,950,,
thumbnail 128px,80,1123,,
whole tile,30,14960,38.67561913079756,
whole tile,40,20910,39.82521255879649,
whole tile,50,26999,40.89914618772142,
whole tile,60,28692,41.58278905374167,
whole tile,80,60258,49.161472245578956,
ROI mosaic x1.5,60,1582,,1.0
ROI mosaic x1.5,80,2166,,1.0
thumbnail 48px,30,767,,
thumbnail 48px,60,853,,
thumbnail 48px,80,988,,
thumbnail 64px,30,870,,
thumbnail 64px,60,1041,,
thumbnail 64px,80,1280,,
thumbnail 96px,30,1141,,
thumbnail 96px,60,1526,,
thumbnail 96px,80,2108,,
thumbnail 128px,30,1560,,
thumbnail 128px,60,2296,,
thumbnail 128px,80,3427,,
whole tile,30,88281,24.601634501391448,
whole tile,40,103108,25.290578440321568,
whole tile,50,124108,26.425363963882617,
whole tile,60,131829,27.13089803996946,
whole tile,80,228223,35.117558421239906,
ROI mosaic x1.5,60,755,,1.0
ROI mosaic x1.5,80,820,,1.0
thumbnail 48px,30,690,,
thumbnail 48px,60,751,,
thumbnail 48px,80,861,,
thumbnail 64px,30,749,,
thumbnail 64px,60,858,,
thumbnail 64px,80,1057,,
thumbnail 96px,30,912,,
thumbnail 96px,60,1245,,
thumbnail 96px,80,1809,,
thumbnail 128px,30,1228,,
thumbnail 128px,60,1985,,
thumbnail 128px,80,2974,,
whole tile,30,36154,33.0985908698863,
whole tile,40,44898,33.820910955090525,
whole tile,50,55332,34.546001846150354,
whole tile,60,63011,35.221938356367744,
whole tile,80,113897,40.5841782177547,
ROI mosaic x1.5,60,2934,,1.0
ROI mosaic x1.5,80,4206,,1.0
thumbnail 48px,30,702,,
thumbnail 48px,60,756,,
thumbnail 48px,80,852,,
thumbnail 64px,30,752,,
thumbnail 64px,60,851,,
thumbnail 64px,80,1024,,
thumbnail 96px,30,892,,
thumbnail 96px,60,1106,,
thumbnail 96px,80,1481,,
thumbnail 128px,30,1086,,
thumbnail 128px,60,1501,,
thumbnail 128px,80,2259,,
whole tile,30,29963,36.68688631577738,
whole tile,40,36037,38.03660346121656,
whole tile,50,43371,39.497672712803585,
whole tile,60,45633,40.27228669589019,
whole tile,80,78526,47.17694337404402,
ROI mosaic x1.5,60,819,,1.0
ROI mosaic x1.5,80,900,,1.0
thumbnail 48px,30,680,,
thumbnail 48px,60,695,,
thumbnail 48px,80,733,,
thumbnail 64px,30,717,,
thumbnail 64px,60,742,,
thumbnail 64px,80,798,,
thumbnail 96px,30,819,,
thumbnail 96px,60,870,,
thumbnail 96px,80,990,,
thumbnail 128px,30,952,,
thumbnail 128px,60,1035,,
thumbnail 128px,80,1278,,
whole tile,30,18193,38.679658573640204,
whole tile,40,25201,38.80398492264737,
whole tile,50,30629,40.90481031500236,
whole tile,60,33159,41.493230002723216,
whole tile,80,64179,48.77723419815713,
ROI mosaic x1.5,60,3274,,2.0
ROI mosaic x1.5,80,4320,,2.0
thumbnail 48px,30,873,,
thumbnail 48px,60,1116,,
thumbnail 48px,80,1400,,
thumbnail 64px,30,1213,,
thumbnail 64px,60,1636,,
thumbnail 64px,80,2144,,
thumbnail 96px,30,2242,,
thumbnail 96px,60,3260,,
thumbnail 96px,80,4513,,
thumbnail 128px,30,3745,,
thumbnail 128px,60,5625,,
thumbnail 128px,80,7975,,
whole tile,30,89151,30.788229546027974,
whole tile,40,101470,31.92714705531696,
whole tile,50,115500,33.13777621377615,
whole tile,60,124768,34.045123640100655,
whole tile,80,183295,39.654043054311565,
ROI mosaic x1.5,60,984,,1.0
ROI mosaic x1.5,80,1117,,1.0
thumbnail 48px,30,858,,
thumbnail 48px,60,980,,
thumbnail 48px,80,1151,,
thumbnail 64px,30,986,,
thumbnail 64px,60,1172,,
thumbnail 64px,80,1436,,
thumbnail 96px,30,1282,,
thumbnail 96px,60,1652,,
thumbnail 96px,80,2150,,
thumbnail 128px,30,1650,,
thumbnail 128px,60,2212,,
thumbnail 128px,80,2998,,
whole tile,30,21860,38.26909006626711,
whole tile,40,26505,39.69223059141239,
whole tile,50,31722,40.8221029138057,
whole tile,60,33631,41.449955263144545,
whole tile,80,60808,48.026323828096466,
ROI mosaic x1.5,60,691,,1.0
ROI mosaic x1.5,80,719,,1.0
thumbnail 48px,30,674,,
thumbnail 48px,60,697,,
thumbnail 48px,80,768,,
thumbnail 64px,30,712,,
thumbnail 64px,60,763,,
thumbnail 64px,80,885,,
thumbnail 96px,30,822,,
thumbnail 96px,60,972,,
thumbnail 96px,80,1308,,
thumbnail 128px,30,981,,
thumbnail 128px,60,1324,,
thumbnail 128px,80,2019,,
whole tile,30,33408,36.184913559972365,
whole tile,40,39257,38.403296993118694,
whole tile,50,46236,39.63996462757728,
whole tile,60,48893,40.24230260466254,
whole tile,80,80613,46.99059155266867,
ROI mosaic x1.5,60,1888,,2.0
ROI mosaic x1.5,80,2174,,2.0
thumbnail 48px,30,677,,
thumbnail 48px,60,691,,
thumbnail 48px,80,722,,
thumbnail 64px,30,710,,
thumbnail 64px,60,741,,
thumbnail 64px,80,816,,
thumbnail 96px,30,812,,
thumbnail 96px,60,881,,
thumbnail 96px,80,1138,,
thumbnail 128px,30,958,,
thumbnail 128px,60,1145,,
thumbnail 128px,80,1644,,
whole tile,30,29211,36.3832541838851,
whole tile,40,35697,37.81368094408425,
whole tile,50,42905,39.468300292989746,
whole tile,60,45251,40.82254125859842,
whole tile,80,76477,47.45418465052773,
ROI mosaic x1.5,60,10183,,1.0
ROI mosaic x1.5,80,14842,,1.0
thumbnail 48px,30,723,,
thumbnail 48px,60,784,,
thumbnail 48px,80,899,,
thumbnail 64px,30,792,,
thumbnail 64px,60,924,,
thumbnail 64px,80,1115,,
thumbnail 96px,30,989,,
thumbnail 96px,60,1310,,
thumbnail 96px,80,1886,,
thumbnail 128px,30,1325,,
thumbnail 128px,60,2103,,
thumbnail 128px,80,3335,,
whole tile,30,66731,28.071108379305002,
whole tile,40,78794,28.64862543915086,
whole tile,50,92607,29.499849361213588,
whole tile,60,98142,29.979438349387742,
whole tile,80,178389,38.54050436824873,
ROI mosaic x1.5,60,6953,,2.0
ROI mosaic x1.5,80,10224,,2.0
thumbnail 48px,30,673,,
thumbnail 48px,60,683,,
thumbnail 48px,80,730,,
thumbnail 64px,30,704,,
thumbnail 64px,60,726,,
thumbnail 64px,80,782,,
thumbnail 96px,30,796,,
thumbnail 96px,60,835,,
thumbnail 96px,80,998,,
thumbnail 128px,30,923,,
thumbnail 128px,60,999,,
thumbnail 128px,80,1320,,
whole tile,30,21399,34.29417430104201,
whole tile,40,28994,34.65622119341201,
whole tile,50,39227,35.45356086776386,
whole tile,60,41019,35.92142264073026,
whole tile,80,95919,44.46146181584492,
ROI mosaic x1.5,60,1511,,2.0
ROI mosaic x1.5,80,1634,,2.0
thumbnail 48px,30,703,,
thumbnail 48px,60,747,,
thumbnail 48px,80,835,,
thumbnail 64px,30,762,,
thumbnail 64px,60,852,,
thumbnail 64px,80,1028,,
thumbnail 96px,30,927,,
thumbnail 96px,60,1239,,
thumbnail 96px,80,1745,,
thumbnail 128px,30,1229,,
thumbnail 128px,60,1944,,
thumbnail 128px,80,2901,,
whole tile,30,86167,24.420934555501603,
whole tile,40,98069,25.463811519750365,
whole tile,50,115139,26.9263755947475,
whole tile,60,123711,27.892026515195482,
whole tile,80,193124,34.69409963803712,
ROI mosaic x1.5,60,692,,1.0
ROI mosaic x1.5,80,722,,1.0
thumbnail 48px,30,678,,
thumbnail 48px,60,700,,
thumbnail 48px,80,751,,
thumbnail 64px,30,715,,
thumbnail 64px,60,754,,
thumbnail 64px,80,854,,
thumbnail 96px,30,821,,
thumbnail 96px,60,933,,
thumbnail 96px,80,1233,,
thumbnail 128px,30,957,,
thumbnail 128px,60,1216,,
thumbnail 128px,80,1953,,
whole tile,30,37562,35.83137363832719,
whole tile,40,44344,37.14874234540793,
whole tile,50,52104,38.83870944784955,
whole tile,60,54884,39.562032325239755,
whole tile,80,89517,46.20950658079341,
ROI mosaic x1.5,60,1326,,2.0
ROI mosaic x1.5,80,1358,,2.0
thumbnail 48px,30,766,,
thumbnail 48px,60,851,,
thumbnail 48px,80,975,,
thumbnail 64px,30,856,,
thumbnail 64px,60,995,,
thumbnail 64px,80,1211,,
thumbnail 96px,30,1096,,
thumbnail 96px,60,1391,,
thumbnail 96px,80,1840,,
thumbnail 128px,30,1391,,
thumbnail 128px,60,1909,,
thumbnail 128px,80,2704,,
whole tile,30,29687,33.95990373552549,
whole tile,40,34427,34.801397412112955,
whole tile,50,40084,35.73757317567449,
whole tile,60,42913,36.302175705538026,
whole tile,80,81793,44.02800615926385,
ROI mosaic x1.5,60,5497,,8.0
ROI mosaic x1.5,80,5748,,8.0
thumbnail 48px,30,676,,
thumbnail 48px,60,690,,
thumbnail 48px,80,722,,
thumbnail 64px,30,711,,
thumbnail 64px,60,733,,
thumbnail 64px,80,806,,
thumbnail 96px,30,805,,
thumbnail 96px,60,847,,
thumbnail 96px,80,1061,,
thumbnail 128px,30,949,,
thumbnail 128px,60,1070,,
thumbnail 128px,80,1547,,
whole tile,30,31397,36.75607444027935,
whole tile,40,38076,38.04995730495449,
whole tile,50,45446,39.50260723527415,
whole tile,60,48074,40.48952445015086,
whole tile,80,79622,47.40681362709856,
ROI mosaic x1.5,60,6440,,3.0
ROI mosaic x1.5,80,8578,,3.0
thumbnail 48px,30,673,,
thumbnail 48px,60,685,,
thumbnail 48px,80,703,,
thumbnail 64px,30,705,,
thumbnail 64px,60,723,,
thumbnail 64px,80,738,,
thumbnail 96px,30,797,,
thumbnail 96px,60,817,,
thumbnail 96px,80,853,,
thumbnail 128px,30,922,,
thumbnail 128px,60,959,,
thumbnail 128px,80,1009,,
whole tile,30,10372,40.81763395776498,
whole tile,40,10729,40.83573189220236,
whole tile,50,11894,42.62998506751628,
whole tile,60,13100,41.982794026777476,
whole tile,80,44374,50.29279318684172,
ROI mosaic x1.5,60,2072,,1.0
ROI mosaic x1.5,80,3468,,1.0
thumbnail 48px,30,681,,
thumbnail 48px,60,714,,
thumbnail 48px,80,763,,
thumbnail 64px,30,720,,
thumbnail 64px,60,760,,
thumbnail 64px,80,846,,
thumbnail 96px,30,825,,
thumbnail 96px,60,920,,
thumbnail 96px,80,1198,,
thumbnail 128px,30,976,,
thumbnail 128px,60,1249,,
thumbnail 128px,80,2025,,
whole tile,30,51358,28.159830313935,
whole tile,40,62460,28.687597075728593,
whole tile,50,77815,29.48638988263985,
whole tile,60,81476,29.9002831657447,
whole tile,80,162110,38.64355496568179,
ROI mosaic x1.5,60,1565,,1.0
ROI mosaic x1.5,80,2133,,1.0
thumbnail 48px,30,686,,
thumbnail 48px,60,714,,
thumbnail 48px,80,778,,
thumbnail 64px,30,717,,
thumbnail 64px,60,767,,
thumbnail 64px,80,875,,
thumbnail 96px,30,821,,
thumbnail 96px,60,920,,
thumbnail 96px,80,1120,,
thumbnail 128px,30,951,,
thumbnail 128px,60,1104,,
thumbnail 128px,80,1492,,
whole tile,30,21018,34.83464381006043,
whole tile,40,27546,35.6878245321048,
whole tile,50,37092,36.49852714777221,
whole tile,60,38735,36.91930524826799,
whole tile,80,87544,45.44288746030577,
ROI mosaic x1.5,60,723,,1.0
ROI mosaic x1.5,80,768,,1.0
thumbnail 48px,30,720,,
thumbnail 48px,60,786,,
thumbnail 48px,80,886,,
thumbnail 64px,30,792,,
thumbnail 64px,60,890,,
thumbnail 64px,80,1049,,
thumbnail 96px,30,965,,
thumbnail 96px,60,1214,,
thumbnail 96px,80,1690,,
thumbnail 128px,30,1206,,
thumbnail 128px,60,1778,,
thumbnail 128px,80,2949,,
whole tile,30,84411,24.94671683065973,
whole tile,40,100401,25.587464576163264,
whole tile,50,120818,26.692464580825465,
whole tile,60,128076,27.364770771348788,
whole tile,80,223895,35.46479762398818,
ROI mosaic x1.5,60,4849,,1.0
ROI mosaic x1.5,80,7140,,1.0
thumbnail 48px,30,683,,
thumbnail 48px,60,709,,
thumbnail 48px,80,757,,
thumbnail 64px,30,727,,
thumbnail 64px,60,764,,
thumbnail 64px,80,840,,
thumbnail 96px,30,829,,
thumbnail 96px,60,901,,
thumbnail 96px,80,1057,,
thumbnail 128px,30,979,,
thumbnail 128px,60,1087,,
thumbnail 128px,80,1355,,
whole tile,30,15660,38.277959753452265,
whole tile,40,20805,40.06624848189678,
whole tile,50,26904,40.9177490625158,
whole tile,60,28339,41.54697654936114,
whole tile,80,59381,49.26227508465452,
ROI mosaic x1.5,60,7259,,6.0
ROI mosaic x1.5,80,8932,,6.0
thumbnail 48px,30,689,,
thumbnail 48px,60,713,,
thumbnail 48px,80,762,,
thumbnail 64px,30,743,,
thumbnail 64px,60,785,,
thumbnail 64px,80,877,,
thumbnail 96px,30,831,,
thumbnail 96px,60,894,,
thumbnail 96px,80,1075,,
thumbnail 128px,30,989,,
thumbnail 128px,60,1103,,
thumbnail 128px,80,1422,,
whole tile,30,14633,37.370822725513776,
whole tile,40,18007,37.81804156103184,
whole tile,50,23633,39.021899785531154,
whole tile,60,27605,39.004745234548665,
whole tile,80,66431,44.73924591881926,
ROI mosaic x1.5,60,5643,,1.0
ROI mosaic x1.5,80,9629,,1.0
thumbnail 48px,30,718,,
thumbnail 48px,60,760,,
thumbnail 48px,80,847,,
thumbnail 64px,30,762,,
thumbnail 64px,60,858,,
thumbnail 64px,80,973,,
thumbnail 96px,30,915,,
thumbnail 96px,60,1063,,
thumbnail 96px,80,1289,,
thumbnail 128px,30,1100,,
thumbnail 128px,60,1336,,
thumbnail 128px,80,1729,,
whole tile,30,16700,38.59886779995739,
whole tile,40,21561,39.99413561410107,
whole tile,50,27352,41.19284241885646,
whole tile,60,28840,41.66903513446607,
whole tile,80,58387,48.90371636334124,
ROI mosaic x1.5,60,1480,,1.0
ROI mosaic x1.5,80,2031,,1.0
thumbnail 48px,30,669,,
thumbnail 48px,60,681,,
thumbnail 48px,80,710,,
thumbnail 64px,30,702,,
thumbnail 64px,60,718,,
thumbnail 64px,80,771,,
thumbnail 96px,30,792,,
thumbnail 96px,60,830,,
thumbnail 96px,80,920,,
thumbnail 128px,30,915,,
thumbnail 128px,60,966,,
thumbnail 128px,80,1183,,
whole tile,30,22374,38.27340724223815,
whole tile,40,28403,38.84098591294207,
whole tile,50,35192,39.964925741716975,
whole tile,60,36907,41.61263079081456,
whole tile,80,66298,48.240949274642695,
ROI mosaic x1.5,60,2266,,2.0
ROI mosaic x1.5,80,2816,,2.0
thumbnail 48px,30,677,,
thumbnail 48px,60,697,,
thumbnail 48px,80,736,,
thumbnail 64px,30,726,,
thumbnail 64px,60,760,,
thumbnail 64px,80,823,,
thumbnail 96px,30,823,,
thumbnail 96px,60,874,,
thumbnail 96px,80,1035,,
thumbnail 128px,30,975,,
thumbnail 128px,60,1080,,
thumbnail 128px,80,1463,,
whole tile,30,19683,38.15374425026837,
whole tile,40,25415,38.84729620482852,
whole tile,50,31529,39.90181909699748,
whole tile,60,36747,41.08052362305226,
whole tile,80,65749,44.794395312771805,
ROI mosaic x1.5,60,1756,,2.0
ROI mosaic x1.5,80,1980,,2.0
thumbnail 48px,30,693,,
thumbnail 48px,60,714,,
thumbnail 48px,80,757,,
thumbnail 64px,30,742,,
thumbnail 64px,60,778,,
thumbnail 64px,80,844,,
thumbnail 96px,30,850,,
thumbnail 96px,60,908,,
thumbnail 96px,80,1004,,
thumbnail 128px,30,1015,,
thumbnail 128px,60,1110,,
thumbnail 128px,80,1291,,
whole tile,30,12791,39.409207739047034,
whole tile,40,16215,40.19166913501863,
whole tile,50,21846,40.99502629337131,
whole tile,60,26773,42.44394228029978,
whole tile,80,55634,46.866858011699726,
ROI mosaic x1.5,60,6400,,1.0
ROI mosaic x1.5,80,10145,,1.0
thumbnail 48px,30,821,,
thumbnail 48px,60,953,,
thumbnail 48px,80,1137,,
thumbnail 64px,30,942,,
thumbnail 64px,60,1151,,
thumbnail 64px,80,1441,,
thumbnail 96px,30,1250,,
thumbnail 96px,60,1670,,
thumbnail 96px,80,2262,,
thumbnail 128px,30,1630,,
thumbnail 128px,60,2317,,
thumbnail 128px,80,3327,,
whole tile,30,34741,33.245175527629556,
whole tile,40,41109,34.123868886584184,
whole tile,50,48558,35.09252258160964,
whole tile,60,51986,35.651128824283575,
whole tile,80,96467,43.32470843752386,
ROI mosaic x1.5,60,668,,1.0
ROI mosaic x1.5,80,696,,1.0
thumbnail 48px,30,707,,
thumbnail 48px,60,744,,
thumbnail 48px,80,779,,
thumbnail 64px,30,751,,
thumbnail 64px,60,783,,
thumbnail 64px,80,834,,
thumbnail 96px,30,871,,
thumbnail 96px,60,941,,
thumbnail 96px,80,1032,,
thumbnail 128px,30,1031,,
thumbnail 128px,60,1115,,
thumbnail 128px,80,1265,,
whole tile,30,16732,39.58530213582932,
whole tile,40,20755,40.50631563511341,
whole tile,50,25317,42.08199291389883,
whole tile,60,26957,42.25794180929447,
whole tile,80,47130,49.10701681210138,
ROI mosaic x1.5,60,1234,,1.0
ROI mosaic x1.5,80,1573,,1.0
thumbnail 48px,30,811,,
thumbnail 48px,60,942,,
thumbnail 48px,80,1159,,
thumbnail 64px,30,955,,
thumbnail 64px,60,1201,,
thumbnail 64px,80,1598,,
thumbnail 96px,30,1406,,
thumbnail 96px,60,2101,,
thumbnail 96px,80,3163,,
thumbnail 128px,30,2155,,
thumbnail 128px,60,3585,,
thumbnail 128px,80,5477,,
whole tile,30,63360,32.98824239113171,
whole tile,40,71910,34.138370347938285,
whole tile,50,82817,35.3536306915402,
whole tile,60,88802,36.20920397951511,
whole tile,80,136474,42.17309739601869,
ROI mosaic x1.5,60,19197,,12.0
ROI mosaic x1.5,80,24159,,12.0
thumbnail 48px,30,699,,
thumbnail 48px,60,749,,
thumbnail 48px,80,855,,
thumbnail 64px,30,741,,
thumbnail 64px,60,839,,
thumbnail 64px,80,999,,
thumbnail 96px,30,877,,
thumbnail 96px,60,1095,,
thumbnail 96px,80,1509,,
thumbnail 128px,30,1070,,
thumbnail 128px,60,1555,,
thumbnail 128px,80,2363,,
whole tile,30,33852,36.646220946250125,
whole tile,40,40185,37.809285726037714,
whole tile,50,47496,39.15453325499902,
whole tile,60,50260,40.3054100879536,
whole tile,80,83483,46.62841448084159,
ROI mosaic x1.5,60,9056,,1.0
ROI mosaic x1.5,80,13013,,1.0
thumbnail 48px,30,705,,
thumbnail 48px,60,762,,
thumbnail 48px,80,861,,
thumbnail 64px,30,759,,
thumbnail 64px,60,863,,
thumbnail 64px,80,1030,,
thumbnail 96px,30,928,,
thumbnail 96px,60,1177,,
thumbnail 96px,80,1716,,
thumbnail 128px,30,1152,,
thumbnail 128px,60,1812,,
thumbnail 128px,80,3186,,
whole tile,30,89594,24.824308252448578,
whole tile,40,106716,25.53157613316555,
whole tile,50,127239,26.674303670150334,
whole tile,60,134948,27.36989724984644,
whole tile,80,231270,35.3803760171162,
ROI mosaic x1.5,60,6076,,1.0
ROI mosaic x1.5,80,8862,,1.0
thumbnail 48px,30,667,,
thumbnail 48px,60,676,,
thumbnail 48px,80,705,,
thumbnail 64px,30,698,,
thumbnail 64px,60,708,,
thumbnail 64px,80,761,,
thumbnail 96px,30,784,,
thumbnail 96px,60,815,,
thumbnail 96px,80,1004,,
thumbnail 128px,30,906,,
thumbnail 128px,60,1010,,
thumbnail 128px,80,1434,,
whole tile,30,18537,38.07212722423006,
whole tile,40,24214,38.80119015134205,
whole tile,50,30457,39.39156666330963,
whole tile,60,36202,40.519417026430546,
whole tile,80,67866,44.39278719089625,
ROI mosaic x1.5,60,749,,1.0
ROI mosaic x1.5,80,807,,1.0
thumbnail 48px,30,684,,
thumbnail 48px,60,703,,
thumbnail 48px,80,747,,
thumbnail 64px,30,720,,
thumbnail 64px,60,751,,
thumbnail 64px,80,847,,
thumbnail 96px,30,822,,
thumbnail 96px,60,897,,
thumbnail 96px,80,1197,,
thumbnail 128px,30,980,,
thumbnail 128px,60,1192,,
thumbnail 128px,80,1903,,
whole tile,30,37053,36.45080118867564,
whole tile,40,43389,37.330723897899105,
whole tile,50,51205,39.101129564405255,
whole tile,60,54280,40.048081649973795,
whole tile,80,87517,46.49950717241946,
ROI mosaic x1.5,60,5777,,1.0
ROI mosaic x1.5,80,8067,,1.0
thumbnail 48px,30,692,,
thumbnail 48px,60,723,,
thumbnail 48px,80,778,,
thumbnail 64px,30,731,,
thumbnail 64px,60,773,,
thumbnail 64px,80,857,,
thumbnail 96px,30,832,,
thumbnail 96px,60,918,,
thumbnail 96px,80,1075,,
thumbnail 128px,30,974,,
thumbnail 128px,60,1099,,
thumbnail 128px,80,1355,,
whole tile,30,15643,38.919506706145256,
whole tile,40,21098,39.50809400044151,
whole tile,50,27678,40.7386649746417,
whole tile,60,28998,41.732688968372535,
whole tile,80,60043,49.08504525214903,
ROI mosaic x1.5,60,1433,,2.0
ROI mosaic x1.5,80,1536,,2.0
thumbnail 48px,30,780,,
thumbnail 48px,60,880,,
thumbnail 48px,80,1037,,
thumbnail 64px,30,881,,
thumbnail 64px,60,1049,,
thumbnail 64px,80,1300,,
thumbnail 96px,30,1139,,
thumbnail 96px,60,1473,,
thumbnail 96px,80,1982,,
thumbnail 128px,30,1473,,
thumbnail 128px,60,2056,,
thumbnail 128px,80,2985,,
whole tile,30,48516,30.430925655267206,
whole tile,40,58346,31.089936536902073,
whole tile,50,68574,31.8999254565431,
whole tile,60,74395,32.42493200972736,
whole tile,80,131401,37.969330520254594,
ROI mosaic x1.5,60,860,,1.0
ROI mosaic x1.5,80,999,,1.0
thumbnail 48px,30,675,,
thumbnail 48px,60,688,,
thumbnail 48px,80,725,,
thumbnail 64px,30,711,,
thumbnail 64px,60,736,,
thumbnail 64px,80,803,,
thumbnail 96px,30,806,,
thumbnail 96px,60,850,,
thumbnail 96px,80,1060,,
thumbnail 128px,30,938,,
thumbnail 128px,60,1044,,
thumbnail 128px,80,1486,,
whole tile,30,25583,34.177979630632066,
whole tile,40,33301,34.766512613930104,
whole tile,50,43459,35.29813231395297,
whole tile,60,49316,36.127514885073154,
whole tile,80,98934,42.014431432853236,
ROI mosaic x1.5,60,3676,,1.0
ROI mosaic x1.5,80,5426,,1.0
thumbnail 48px,30,714,,
thumbnail 48px,60,756,,
thumbnail 48px,80,817,,
thumbnail 64px,30,766,,
thumbnail 64px,60,820,,
thumbnail 64px,80,911,,
thumbnail 96px,30,903,,
thumbnail 96px,60,997,,
thumbnail 96px,80,1183,,
thumbnail 128px,30,1055,,
thumbnail 128px,60,1188,,
thumbnail 128px,80,1474,,
whole tile,30,14829,38.58077253068708,
whole tile,40,18916,39.695299980776376,
whole tile,50,25318,40.64360245020601,
whole tile,60,28191,41.94710286964883,
whole tile,80,58382,47.85861137910746,
ROI mosaic x1.5,60,10262,,3.0
ROI mosaic x1.5,80,15440,,3.0
thumbnail 48px,30,664,,
thumbnail 48px,60,667,,
thumbnail 48px,80,683,,
thumbnail 64px,30,693,,
thumbnail 64px,60,695,,
thumbnail 64px,80,720,,
thumbnail 96px,30,775,,
thumbnail 96px,60,785,,
thumbnail 96px,80,815,,
thumbnail 128px,30,891,,
thumbnail 128px,60,908,,
thumbnail 128px,80,952,,
whole tile,30,10133,43.01753781949718,
whole tile,40,10674,41.244369044696654,
whole tile,50,11676,44.05938227213953,
whole tile,60,13112,42.819159195615704,
whole tile,80,38665,51.68072325121553,
ROI mosaic x1.5,60,1325,,2.0
ROI mosaic x1.5,80,1372,,2.0
thumbnail 48px,30,836,,
thumbnail 48px,60,960,,
thumbnail 48px,80,1129,,
thumbnail 64px,30,969,,
thumbnail 64px,60,1168,,
thumbnail 64px,80,1453,,
thumbnail 96px,30,1294,,
thumbnail 96px,60,1709,,
thumbnail 96px,80,2296,,
thumbnail 128px,30,1727,,
thumbnail 128px,60,2440,,
thumbnail 128px,80,3467,,
whole tile,30,34927,36.832696159760175,
whole tile,40,40854,38.27216463199895,
whole tile,50,47644,39.73404002792608,
whole tile,60,50356,40.354954990413304,
whole tile,80,81261,46.91307866787176,
ROI mosaic x1.5,60,18670,,1.0
ROI mosaic x1.5,80,26680,,1.0
thumbnail 48px,30,670,,
thumbnail 48px,60,679,,
thumbnail 48px,80,689,,
thumbnail 64px,30,701,,
thumbnail 64px,60,709,,
thumbnail 64px,80,727,,
thumbnail 96px,30,789,,
thumbnail 96px,60,804,,
thumbnail 96px,80,842,,
thumbnail 128px,30,914,,
thumbnail 128px,60,932,,
thumbnail 128px,80,993,,
whole tile,30,10550,40.88770529625749,
whole tile,40,11098,42.918654768562476,
whole tile,50,11315,45.02353593524688,
whole tile,60,11898,45.37771443779519,
whole tile,80,21891,52.077474319924015,
ROI mosaic x1.5,60,1621,,1.0
ROI mosaic x1.5,80,2198,,1.0
thumbnail 48px,30,677,,
thumbnail 48px,60,693,,
thumbnail 48px,80,742,,
thumbnail 64px,30,718,,
thumbnail 64px,60,748,,
thumbnail 64px,80,862,,
thumbnail 96px,30,812,,
thumbnail 96px,60,962,,
thumbnail 96px,80,1381,,
thumbnail 128px,30,995,,
thumbnail 128px,60,1494,,
thumbnail 128px,80,2234,,
whole tile,30,28096,37.44049829321854,
whole tile,40,33818,38.50147587310719,
whole tile,50,41191,39.75291137105114,
whole tile,60,44377,40.37011928490695,
whole tile,80,76729,46.48622974810521,
ROI mosaic x1.5,60,2588,,1.0
ROI mosaic x1.5,80,3508,,1.0
thumbnail 48px,30,754,,
thumbnail 48px,60,840,,
thumbnail 48px,80,974,,
thumbnail 64px,30,829,,
thumbnail 64px,60,1000,,
thumbnail 64px,80,1283,,
thumbnail 96px,30,1153,,
thumbnail 96px,60,1693,,
thumbnail 96px,80,2589,,
thumbnail 128px,30,1759,,
thumbnail 128px,60,2975,,
thumbnail 128px,80,4719,,
whole tile,30,63486,32.76086027801758,
whole tile,40,72181,33.95163671469435,
whole tile,50,82097,35.085955249402616,
whole tile,60,88904,35.82692499926917,
whole tile,80,133408,40.78962458260467,
ROI mosaic x1.5,60,16629,,1.0
ROI mosaic x1.5,80,23333,,1.0
thumbnail 48px,30,686,,
thumbnail 48px,60,720,,
thumbnail 48px,80,786,,
thumbnail 64px,30,723,,
thumbnail 64px,60,786,,
thumbnail 64px,80,903,,
thumbnail 96px,30,817,,
thumbnail 96px,60,958,,
thumbnail 96px,80,1208,,
thumbnail 128px,30,963,,
thumbnail 128px,60,1176,,
thumbnail 128px,80,1644,,
whole tile,30,15146,38.718139089488155,
whole tile,40,20273,39.609201270520195,
whole tile,50,26397,40.803371661818545,
whole tile,60,27841,41.42486941928481,
whole tile,80,59194,47.95384581937349,
ROI mosaic x1.5,60,876,,1.0
ROI mosaic x1.5,80,1029,,1.0
thumbnail 48px,30,878,,
thumbnail 48px,60,1038,,
thumbnail 48px,80,1266,,
thumbnail 64px,30,1051,,
thumbnail 64px,60,1321,,
thumbnail 64px,80,1727,,
thumbnail 96px,30,1544,,
thumbnail 96px,60,2117,,
thumbnail 96px,80,2943,,
thumbnail 128px,30,2192,,
thumbnail 128px,60,3177,,
thumbnail 128px,80,4605,,
whole tile,30,57627,28.751087947757583,
whole tile,40,68300,29.43001425685543,
whole tile,50,81958,30.37683036019361,
whole tile,60,86913,30.99379131743197,
whole tile,80,155328,38.996860617041406,
ROI mosaic x1.5,60,864,,1.0
ROI mosaic x1.5,80,984,,1.0
thumbnail 48px,30,752,,
thumbnail 48px,60,837,,
thumbnail 48px,80,947,,
thumbnail 64px,30,816,,
thumbnail 64px,60,926,,
thumbnail 64px,80,1106,,
thumbnail 96px,30,1001,,
thumbnail 96px,60,1207,,
thumbnail 96px,80,1551,,
thumbnail 128px,30,1229,,
thumbnail 128px,60,1544,,
thumbnail 128px,80,2152,,
whole tile,30,23749,37.34230295113373,
whole tile,40,30047,38.63402648075148,
whole tile,50,36896,40.112582426229544,
whole tile,60,38978,40.950971479035246,
whole tile,80,70784,47.627185387305175,
ROI mosaic x1.5,60,799,,1.0
ROI mosaic x1.5,80,887,,1.0
thumbnail 48px,30,771,,
thumbnail 48px,60,869,,
thumbnail 48px,80,1004,,
thumbnail 64px,30,871,,
thumbnail 64px,60,1042,,
thumbnail 64px,80,1294,,
thumbnail 96px,30,1150,,
thumbnail 96px,60,1545,,
thumbnail 96px,80,2187,,
thumbnail 128px,30,1572,,
thumbnail 128px,60,2343,,
thumbnail 128px,80,3527,,
whole tile,30,37658,36.883671046979096,
whole tile,40,43360,38.130409699630114,
whole tile,50,50353,39.65922489409921,
whole tile,60,53539,40.40530202138139,
whole tile,80,83527,46.772939324376814,
ROI mosaic x1.5,60,778,,1.0
ROI mosaic x1.5,80,845,,1.0
thumbnail 48px,30,684,,
thumbnail 48px,60,704,,
thumbnail 48px,80,748,,
thumbnail 64px,30,722,,
thumbnail 64px,60,761,,
thumbnail 64px,80,825,,
thumbnail 96px,30,838,,
thumbnail 96px,60,895,,
thumbnail 96px,80,1054,,
thumbnail 128px,30,983,,
thumbnail 128px,60,1082,,
thumbnail 128px,80,1403,,
whole tile,30,22469,37.58621207631877,
whole tile,40,28902,38.578888012476064,
whole tile,50,36276,39.52014776929901,
whole tile,60,38102,40.951369458545,
whole tile,80,69595,48.085650425640985,
ROI mosaic x1.5,60,12555,,2.0
ROI mosaic x1.5,80,18331,,2.0
thumbnail 48px,30,676,,
thumbnail 48px,60,704,,
thumbnail 48px,80,755,,
thumbnail 64px,30,713,,
thumbnail 64px,60,755,,
thumbnail 64px,80,838,,
thumbnail 96px,30,808,,
thumbnail 96px,60,876,,
thumbnail 96px,80,1039,,
thumbnail 128px,30,939,,
thumbnail 128px,60,1045,,
thumbnail 128px,80,1298,,
whole tile,30,10639,41.139644930811826,
whole tile,40,11269,41.189644974167365,
whole tile,50,12211,42.43368271082413,
whole tile,60,13722,42.67323978319248,
whole tile,80,45054,50.07227279002768,
ROI mosaic x1.5,60,1476,,1.0
ROI mosaic x1.5,80,2252,,1.0
thumbnail 48px,30,674,,
thumbnail 48px,60,692,,
thumbnail 48px,80,732,,
thumbnail 64px,30,702,,
thumbnail 64px,60,742,,
thumbnail 64px,80,802,,
thumbnail 96px,30,795,,
thumbnail 96px,60,846,,
thumbnail 96px,80,963,,
thumbnail 128px,30,917,,
thumbnail 128px,60,986,,
thumbnail 128px,80,1174,,
whole tile,30,11416,40.827180115333086,
whole tile,40,14717,39.94686713029235,
whole tile,50,19051,41.58604538658763,
whole tile,60,20474,42.01105656189913,
whole tile,80,49439,50.42423694707164,
ROI mosaic x1.5,60,1496,,1.0
ROI mosaic x1.5,80,2139,,1.0
thumbnail 48px,30,999,,
thumbnail 48px,60,1213,,
thumbnail 48px,80,1526,,
thumbnail 64px,30,1221,,
thumbnail 64px,60,1576,,
thumbnail 64px,80,2083,,
thumbnail 96px,30,1921,,
thumbnail 96px,60,2604,,
thumbnail 96px,80,3619,,
thumbnail 128px,30,2686,,
thumbnail 128px,60,3838,,
thumbnail 128px,80,5561,,
whole tile,30,50383,29.921506421751598,
whole tile,40,58828,30.709355486829697,
whole tile,50,69804,31.69727940367421,
whole tile,60,74734,32.325826639948495,
whole tile,80,136940,39.96255933714501,
ROI mosaic x1.5,60,35854,,7.0
ROI mosaic x1.5,80,53660,,7.0
thumbnail 48px,30,667,,
thumbnail 48px,60,672,,
thumbnail 48px,80,688,,
thumbnail 64px,30,697,,
thumbnail 64px,60,704,,
thumbnail 64px,80,734,,
thumbnail 96px,30,784,,
thumbnail 96px,60,797,,
thumbnail 96px,80,850,,
thumbnail 128px,30,904,,
thumbnail 128px,60,926,,
thumbnail 128px,80,1022,,
whole tile,30,11030,38.19867827475876,
whole tile,40,12369,39.00707470389138,
whole tile,50,14833,39.548746927503316,
whole tile,60,16791,40.01817587739684,
whole tile,80,60562,47.69717985116091,
ROI mosaic x1.5,60,1576,,2.0
ROI mosaic x1.5,80,1841,,2.0
thumbnail 48px,30,683,,
thumbnail 48px,60,697,,
thumbnail 48px,80,739,,
thumbnail 64px,30,730,,
thumbnail 64px,60,755,,
thumbnail 64px,80,815,,
thumbnail 96px,30,845,,
thumbnail 96px,60,886,,
thumbnail 96px,80,1030,,
thumbnail 128px,30,991,,
thumbnail 128px,60,1063,,
thumbnail 128px,80,1337,,
whole tile,30,13098,39.30805460984746,
whole tile,40,16012,39.841029786773866,
whole tile,50,21260,41.18017620270723,
whole tile,60,25260,42.721547370100026,
whole tile,80,53995,46.84051039888293,
ROI mosaic x1.5,60,6238,,1.0
ROI mosaic x1.5,80,11455,,1.0
thumbnail 48px,30,674,,
thumbnail 48px,60,699,,
thumbnail 48px,80,762,,
thumbnail 64px,30,714,,
thumbnail 64px,60,764,,
thumbnail 64px,80,886,,
thumbnail 96px,30,821,,
thumbnail 96px,60,981,,
thumbnail 96px,80,1360,,
thumbnail 128px,30,982,,
thumbnail 128px,60,1444,,
thumbnail 128px,80,2343,,
whole tile,30,38168,36.076088199026756,
whole tile,40,44490,37.47397552750393,
whole tile,50,51819,38.27564153812603,
whole tile,60,54899,39.50810984092034,
whole tile,80,89081,45.79090737898382,
ROI mosaic x1.5,60,706,,1.0
ROI mosaic x1.5,80,736,,1.0
thumbnail 48px,30,678,,
thumbnail 48px,60,700,,
thumbnail 48px,80,748,,
thumbnail 64px,30,711,,
thumbnail 64px,60,755,,
thumbnail 64px,80,824,,
thumbnail 96px,30,800,,
thumbnail 96px,60,870,,
thumbnail 96px,80,1030,,
thumbnail 128px,30,922,,
thumbnail 128px,60,1027,,
thumbnail 128px,80,1286,,
whole tile,30,10523,41.23758506308193,
whole tile,40,11274,41.655121184609314,
whole tile,50,12609,42.30293370846458,
whole tile,60,14166,42.789239657943185,
whole tile,80,46599,49.90561421270972,
ROI mosaic x1.5,60,657,,1.0
ROI mosaic x1.5,80,675,,1.0
thumbnail 48px,30,695,,
thumbnail 48px,60,718,,
thumbnail 48px,80,784,,
thumbnail 64px,30,741,,
thumbnail 64px,60,793,,
thumbnail 64px,80,892,,
thumbnail 96px,30,850,,
thumbnail 96px,60,938,,
thumbnail 96px,80,1149,,
thumbnail 128px,30,1017,,
thumbnail 128px,60,1183,,
thumbnail 128px,80,1632,,
whole tile,30,20446,37.51742464995062,
whole tile,40,26705,39.18987361569346,
whole tile,50,33360,40.47784279483291,
whole tile,60,35361,41.39285797332719,
whole tile,80,66068,48.114096958043916,
ROI mosaic x1.5,60,8844,,1.0
ROI mosaic x1.5,80,13127,,1.0
thumbnail 48px,30,686,,
thumbnail 48px,60,710,,
thumbnail 48px,80,791,,
thumbnail 64px,30,731,,
thumbnail 64px,60,787,,
thumbnail 64px,80,938,,
thumbnail 96px,30,865,,
thumbnail 96px,60,1041,,
thumbnail 96px,80,1511,,
thumbnail 128px,30,1051,,
thumbnail 128px,60,1508,,
thumbnail 128px,80,2503,,
whole tile,30,39321,36.25801810744947,
whole tile,40,45492,37.47072120186307,
whole tile,50,53728,38.93165589556,
whole tile,60,57011,39.89666961666337,
whole tile,80,90888,46.2811986010676,
ROI mosaic x1.5,60,16115,,2.0
ROI mosaic x1.5,80,22768,,2.0
thumbnail 48px,30,789,,
thumbnail 48px,60,930,,
thumbnail 48px,80,1123,,
thumbnail 64px,30,934,,
thumbnail 64px,60,1185,,
thumbnail 64px,80,1605,,
thumbnail 96px,30,1448,,
thumbnail 96px,60,2252,,
thumbnail 96px,80,3328,,
thumbnail 128px,30,2319,,
thumbnail 128px,60,3939,,
thumbnail 128px,80,5898,,
whole tile,30,73006,32.31486990955395,
whole tile,40,82760,33.49115856826694,
whole tile,50,94602,34.67378774471157,
whole tile,60,101511,35.4741007748074,
whole tile,80,153878,41.60911390351443,
ROI mosaic x1.5,60,17802,,1.0
ROI mosaic x1.5,80,24993,,1.0
thumbnail 48px,30,664,,
thumbnail 48px,60,668,,
thumbnail 48px,80,680,,
thumbnail 64px,30,693,,
thumbnail 64px,60,702,,
thumbnail 64px,80,719,,
thumbnail 96px,30,778,,
thumbnail 96px,60,787,,
thumbnail 96px,80,808,,
thumbnail 128px,30,892,,
thumbnail 128px,60,911,,
thumbnail 128px,80,937,,
whole tile,30,10063,42.5859216755278,
whole tile,40,10420,45.949154977046085,
whole tile,50,10473,45.24168457842397,
whole tile,60,11627,43.448126529488235,
whole tile,80,27317,53.00442011617176,
ROI mosaic x1.5,60,1085,,1.0
ROI mosaic x1.5,80,1426,,1.0
thumbnail 48px,30,782,,
thumbnail 48px,60,858,,
thumbnail 48px,80,991,,
thumbnail 64px,30,881,,
thumbnail 64px,60,1017,,
thumbnail 64px,80,1235,,
thumbnail 96px,30,1182,,
thumbnail 96px,60,1489,,
thumbnail 96px,80,1932,,
thumbnail 128px,30,1585,,
thumbnail 128px,60,2094,,
thumbnail 128px,80,2913,,
whole tile,30,30735,36.02846074590782,
whole tile,40,36973,37.33834078797875,
whole tile,50,44414,38.589708715595364,
whole tile,60,47304,39.76343452665184,
whole tile,80,78831,44.92360140204967,
ROI mosaic x1.5,60,4896,,6.0
ROI mosaic x1.5,80,5361,,6.0
thumbnail 48px,30,716,,
thumbnail 48px,60,758,,
thumbnail 48px,80,820,,
thumbnail 64px,30,782,,
thumbnail 64px,60,830,,
thumbnail 64px,80,936,,
thumbnail 96px,30,889,,
thumbnail 96px,60,979,,
thumbnail 96px,80,1120,,
thumbnail 128px,30,1074,,
thumbnail 128px,60,1183,,
thumbnail 128px,80,1416,,
whole tile,30,11980,40.29910069490869,
whole tile,40,12839,41.689567533058906,
whole tile,50,13346,43.11795791437931,
whole tile,60,14128,43.466031831034535,
whole tile,80,23988,47.50022459330893,
ROI mosaic x1.5,60,4230,,4.0
ROI mosaic x1.5,80,5197,,4.0
thumbnail 48px,30,690,,
thumbnail 48px,60,743,,
thumbnail 48px,80,831,,
thumbnail 64px,30,742,,
thumbnail 64px,60,812,,
thumbnail 64px,80,945,,
thumbnail 96px,30,885,,
thumbnail 96px,60,1018,,
thumbnail 96px,80,1312,,
thumbnail 128px,30,1053,,
thumbnail 128px,60,1279,,
thumbnail 128px,80,1861,,
whole tile,30,31285,36.009534665436966,
whole tile,40,37754,37.19990019748503,
whole tile,50,45754,39.20668492159071,
whole tile,60,48091,39.798974014474496,
whole tile,80,82087,46.64271116498085,
ROI mosaic x1.5,60,14439,,9.0
ROI mosaic x1.5,80,18715,,9.0
thumbnail 48px,30,664,,
thumbnail 48px,60,665,,
thumbnail 48px,80,674,,
thumbnail 64px,30,693,,
thumbnail 64px,60,693,,
thumbnail 64px,80,705,,
thumbnail 96px,30,775,,
thumbnail 96px,60,776,,
thumbnail 96px,80,789,,
thumbnail 128px,30,889,,
thumbnail 128px,60,891,,
thumbnail 128px,80,912,,
whole tile,30,10137,43.432602917529266,
whole tile,40,10570,42.2117583671872,
whole tile,50,10298,45.83500492448228,
whole tile,60,11428,45.30035413658713,
whole tile,80,27470,53.34130851914238,
ROI mosaic x1.5,60,642,,1.0
ROI mosaic x1.5,80,658,,1.0
thumbnail 48px,30,671,,
thumbnail 48px,60,680,,
thumbnail 48px,80,702,,
thumbnail 64px,30,699,,
thumbnail 64px,60,707,,
thumbnail 64px,80,735,,
thumbnail 96px,30,788,,
thumbnail 96px,60,801,,
thumbnail 96px,80,863,,
thumbnail 128px,30,911,,
thumbnail 128px,60,945,,
thumbnail 128px,80,1095,,
whole tile,30,22194,38.17325706784574,
whole tile,40,28297,38.49030165586455,
whole tile,50,34981,40.07310875331973,
whole tile,60,36790,41.22034937033236,
whole tile,80,65923,48.0105458994653,
ROI mosaic x1.5,60,1844,,1.0
ROI mosaic x1.5,80,2467,,1.0
thumbnail 48px,30,685,,
thumbnail 48px,60,705,,
thumbnail 48px,80,729,,
thumbnail 64px,30,722,,
thumbnail 64px,60,747,,
thumbnail 64px,80,788,,
thumbnail 96px,30,822,,
thumbnail 96px,60,855,,
thumbnail 96px,80,921,,
thumbnail 128px,30,984,,
thumbnail 128px,60,1043,,
thumbnail 128px,80,1164,,
whole tile,30,15433,39.27510120723758,
whole tile,40,20634,39.21250426542558,
whole tile,50,27473,40.46519624282958,
whole tile,60,28955,42.1115642448899,
whole tile,80,60377,48.7428268374873,
ROI mosaic x1.5,60,7057,,1.0
ROI mosaic x1.5,80,11125,,1.0
thumbnail 48px,30,681,,
thumbnail 48px,60,691,,
thumbnail 48px,80,728,,
thumbnail 64px,30,713,,
thumbnail 64px,60,725,,
thumbnail 64px,80,777,,
thumbnail 96px,30,810,,
thumbnail 96px,60,846,,
thumbnail 96px,80,948,,
thumbnail 128px,30,950,,
thumbnail 128px,60,1004,,
thumbnail 128px,80,1218,,
whole tile,30,17227,35.04315280211501,
whole tile,40,22937,36.42039676326633,
whole tile,50,31452,37.45572401389485,
whole tile,60,33358,37.89696120220809,
whole tile,80,79700,45.85118677992054,
ROI mosaic x1.5,60,1356,,1.0
ROI mosaic x1.5,80,1769,,1.0
thumbnail 48px,30,681,,
thumbnail 48px,60,740,,
thumbnail 48px,80,847,,
thumbnail 64px,30,727,,
thumbnail 64px,60,866,,
thumbnail 64px,80,1175,,
thumbnail 96px,30,958,,
thumbnail 96px,60,1499,,
thumbnail 96px,80,2470,,
thumbnail 128px,30,1617,,
thumbnail 128px,60,2792,,
thumbnail 128px,80,4606,,
whole tile,30,62865,33.23597542023751,
whole tile,40,71522,34.44863236223677,
whole tile,50,82214,35.739173323785224,
whole tile,60,87807,36.42459470471561,
whole tile,80,135360,43.0320333850587,
ROI mosaic x1.5,60,1135,,1.0
ROI mosaic x1.5,80,1340,,1.0
thumbnail 48px,30,705,,
thumbnail 48px,60,762,,
thumbnail 48px,80,864,,
thumbnail 64px,30,754,,
thumbnail 64px,60,836,,
thumbnail 64px,80,1008,,
thumbnail 96px,30,886,,
thumbnail 96px,60,1097,,
thumbnail 96px,80,1479,,
thumbnail 128px,30,1097,,
thumbnail 128px,60,1469,,
thumbnail 128px,80,2262,,
whole tile,30,28243,36.768707184335184,
whole tile,40,34431,38.234421234176274,
whole tile,50,41709,39.311904462442996,
whole tile,60,44137,40.237201807205324,
whole tile,80,77439,46.87014873125457,
ROI mosaic x1.5,60,16244,,3.0
ROI mosaic x1.5,80,23401,,3.0
thumbnail 48px,30,784,,
thumbnail 48px,60,890,,
thumbnail 48px,80,1062,,
thumbnail 64px,30,927,,
thumbnail 64px,60,1158,,
thumbnail 64px,80,1469,,
thumbnail 96px,30,1387,,
thumbnail 96px,60,1915,,
thumbnail 96px,80,2703,,
thumbnail 128px,30,2119,,
thumbnail 128px,60,3058,,
thumbnail 128px,80,4534,,
whole tile,30,44180,34.39998490251479,
whole tile,40,52217,35.50523043296248,
whole tile,50,61095,36.56295891028303,
whole tile,60,67796,37.56905929162222,
whole tile,80,106937,41.65850743187956,
ROI mosaic x1.5,60,2252,,1.0
ROI mosaic x1.5,80,3002,,1.0
thumbnail 48px,30,674,,
thumbnail 48px,60,685,,
thumbnail 48px,80,716,,
thumbnail 64px,30,704,,
thumbnail 64px,60,716,,
thumbnail 64px,80,760,,
thumbnail 96px,30,806,,
thumbnail 96px,60,844,,
thumbnail 96px,80,993,,
thumbnail 128px,30,926,,
thumbnail 128px,60,989,,
thumbnail 128px,80,1419,,
whole tile,30,28214,36.09448305494675,
whole tile,40,34675,37.68619727108892,
whole tile,50,42234,39.56371668501153,
whole tile,60,44384,40.132739486074875,
whole tile,80,77604,47.234366410095234,
ROI mosaic x1.5,60,721,,1.0
ROI mosaic x1.5,80,763,,1.0
thumbnail 48px,30,672,,
thumbnail 48px,60,689,,
thumbnail 48px,80,728,,
thumbnail 64px,30,706,,
thumbnail 64px,60,730,,
thumbnail 64px,80,790,,
thumbnail 96px,30,799,,
thumbnail 96px,60,845,,
thumbnail 96px,80,968,,
thumbnail 128px,30,939,,
thumbnail 128px,60,1018,,
thumbnail 128px,80,1243,,
whole tile,30,17041,38.36746109835689,
whole tile,40,22835,39.436467594789406,
whole tile,50,30397,40.80734954890539,
whole tile,60,32498,41.69735734871693,
whole tile,80,63971,47.97820116583165,
ROI mosaic x1.5,60,779,,1.0
ROI mosaic x1.5,80,848,,1.0
thumbnail 48px,30,701,,
thumbnail 48px,60,747,,
thumbnail 48px,80,820,,
thumbnail 64px,30,749,,
thumbnail 64px,60,818,,
thumbnail 64px,80,940,,
thumbnail 96px,30,879,,
thumbnail 96px,60,1009,,
thumbnail 96px,80,1293,,
thumbnail 128px,30,1069,,
thumbnail 128px,60,1295,,
thumbnail 128px,80,1818,,
whole tile,30,21635,37.767702982228485,
whole tile,40,27559,38.8362514082048,
whole tile,50,34423,39.878418167981145,
whole tile,60,36267,41.08546932745753,
whole tile,80,67520,47.76511370782969,
ROI mosaic x1.5,60,10004,,1.0
ROI mosaic x1.5,80,14691,,1.0
thumbnail 48px,30,676,,
thumbnail 48px,60,711,,
thumbnail 48px,80,838,,
thumbnail 64px,30,713,,
thumbnail 64px,60,837,,
thumbnail 64px,80,1157,,
thumbnail 96px,30,922,,
thumbnail 96px,60,1507,,
thumbnail 96px,80,2365,,
thumbnail 128px,30,1603,,
thumbnail 128px,60,2700,,
thumbnail 128px,80,4346,,
whole tile,30,63780,33.18073578190159,
whole tile,40,72231,34.403478471104606,
whole tile,50,82906,35.687216674358126,
whole tile,60,88696,36.35438663421665,
whole tile,80,136009,43.141970147885246,
ROI mosaic x1.5,60,9601,,1.0
ROI mosaic x1.5,80,13415,,1.0
thumbnail 48px,30,672,,
thumbnail 48px,60,736,,
thumbnail 48px,80,831,,
thumbnail 64px,30,725,,
thumbnail 64px,60,852,,
thumbnail 64px,80,1033,,
thumbnail 96px,30,898,,
thumbnail 96px,60,1222,,
thumbnail 96px,80,1730,,
thumbnail 128px,30,1178,,
thumbnail 128px,60,1929,,
thumbnail 128px,80,3019,,
whole tile,30,46253,35.358833322974824,
whole tile,40,53273,36.95177686262665,
whole tile,50,61290,38.36164918359982,
whole tile,60,65006,38.87240906423702,
whole tile,80,101600,45.766018613927244,
ROI mosaic x1.5,60,4687,,1.0
ROI mosaic x1.5,80,6480,,1.0
thumbnail 48px,30,703,,
thumbnail 48px,60,773,,
thumbnail 48px,80,876,,
thumbnail 64px,30,765,,
thumbnail 64px,60,864,,
thumbnail 64px,80,1047,,
thumbnail 96px,30,922,,
thumbnail 96px,60,1159,,
thumbnail 96px,80,1529,,
thumbnail 128px,30,1149,,
thumbnail 128px,60,1564,,
thumbnail 128px,80,2205,,
whole tile,30,22788,37.204583059484676,
whole tile,40,29132,38.325948018056174,
whole tile,50,36285,39.565445069982786,
whole tile,60,38451,40.50910938342743,
whole tile,80,71577,47.015037220318725,
ROI mosaic x1.5,60,674,,1.0
ROI mosaic x1.5,80,694,,1.0
thumbnail 48px,30,673,,
thumbnail 48px,60,696,,
thumbnail 48px,80,745,,
thumbnail 64px,30,706,,
thumbnail 64px,60,748,,
thumbnail 64px,80,864,,
thumbnail 96px,30,801,,
thumbnail 96px,60,934,,
thumbnail 96px,80,1274,,
thumbnail 128px,30,953,,
thumbnail 128px,60,1284,,
thumbnail 128px,80,2091,,
whole tile,30,34138,36.86397457999651,
whole tile,40,40419,37.784413834258196,
whole tile,50,48112,39.38275344179752,
whole tile,60,50725,40.46599287537309,
whole tile,80,84380,46.90841217611785,
ROI mosaic x1.5,60,1684,,1.0
ROI mosaic x1.5,80,2216,,1.0
thumbnail 48px,30,737,,
thumbnail 48px,60,811,,
thumbnail 48px,80,915,,
thumbnail 64px,30,810,,
thumbnail 64px,60,915,,
thumbnail 64px,80,1092,,
thumbnail 96px,30,956,,
thumbnail 96px,60,1172,,
thumbnail 96px,80,1499,,
thumbnail 128px,30,1160,,
thumbnail 128px,60,1485,,
thumbnail 128px,80,2026,,
whole tile,30,18110,36.59465182008137,
whole tile,40,23287,37.08444176596685,
whole tile,50,29796,38.04069477969768,
whole tile,60,32819,38.50282677772015,
whole tile,80,75073,45.71396430099492,
ROI mosaic x1.5,60,3530,,4.0
ROI mosaic x1.5,80,4115,,4.0
thumbnail 48px,30,759,,
thumbnail 48px,60,813,,
thumbnail 48px,80,911,,
thumbnail 64px,30,829,,
thumbnail 64px,60,929,,
thumbnail 64px,80,1062,,
thumbnail 96px,30,982,,
thumbnail 96px,60,1145,,
thumbnail 96px,80,1394,,
thumbnail 128px,30,1191,,
thumbnail 128px,60,1456,,
thumbnail 128px,80,1837,,
whole tile,30,13613,39.76111785816364,
whole tile,40,17325,40.59406246047555,
whole tile,50,22336,41.67866221151199,
whole tile,60,24832,42.11458634875248,
whole tile,80,50268,48.19586803980656,
ROI mosaic x1.5,60,2712,,1.0
ROI mosaic x1.5,80,4170,,1.0
thumbnail 48px,30,983,,
thumbnail 48px,60,1201,,
thumbnail 48px,80,1506,,
thumbnail 64px,30,1251,,
thumbnail 64px,60,1618,,
thumbnail 64px,80,2109,,
thumbnail 96px,30,2012,,
thumbnail 96px,60,2821,,
thumbnail 96px,80,3911,,
thumbnail 128px,30,3006,,
thumbnail 128px,60,4342,,
thumbnail 128px,80,6240,,
whole tile,30,61895,29.87526762072262,
whole tile,40,71239,30.750869879340694,
whole tile,50,83913,31.868083186397065,
whole tile,60,89688,32.59373739391202,
whole tile,80,148913,40.10769819805738,
ROI mosaic x1.5,60,1036,,1.0
ROI mosaic x1.5,80,1235,,1.0
thumbnail 48px,30,669,,
thumbnail 48px,60,681,,
thumbnail 48px,80,718,,
thumbnail 64px,30,699,,
thumbnail 64px,60,718,,
thumbnail 64px,80,779,,
thumbnail 96px,30,784,,
thumbnail 96px,60,822,,
thumbnail 96px,80,1003,,
thumbnail 128px,30,905,,
thumbnail 128px,60,986,,
thumbnail 128px,80,1325,,
whole tile,30,18052,35.94804436148387,
whole tile,40,24300,36.361667495283285,
whole tile,50,33660,37.528810443093754,
whole tile,60,38705,37.71496655920255,
whole tile,80,82857,43.96290164439292,
ROI mosaic x1.5,60,698,,1.0
ROI mosaic x1.5,80,729,,1.0
thumbnail 48px,30,699,,
thumbnail 48px,60,749,,
thumbnail 48px,80,819,,
thumbnail 64px,30,749,,
thumbnail 64px,60,815,,
thumbnail 64px,80,936,,
thumbnail 96px,30,873,,
thumbnail 96px,60,996,,
thumbnail 96px,80,1194,,
thumbnail 128px,30,1021,,
thumbnail 128px,60,1210,,
thumbnail 128px,80,1526,,
whole tile,30,12848,39.41857700043316,
whole tile,40,16504,40.43933730339213,
whole tile,50,21333,42.2116892755756,
whole tile,60,22730,42.448949819079346,
whole tile,80,52213,49.959800035848275,
ROI mosaic x1.5,60,797,,1.0
ROI mosaic x1.5,80,891,,1.0
thumbnail 48px,30,679,,
thumbnail 48px,60,694,,
thumbnail 48px,80,721,,
thumbnail 64px,30,723,,
thumbnail 64px,60,743,,
thumbnail 64px,80,789,,
thumbnail 96px,30,826,,
thumbnail 96px,60,863,,
thumbnail 96px,80,956,,
thumbnail 128px,30,956,,
thumbnail 128px,60,1012,,
thumbnail 128px,80,1155,,
whole tile,30,11124,37.559932739537,
whole tile,40,12172,38.72239829313423,
whole tile,50,14331,40.12532404743331,
whole tile,60,16313,40.3331545724283,
whole tile,80,57972,47.974678956053836,
ROI mosaic x1.5,60,5303,,5.0
ROI mosaic x1.5,80,7278,,5.0
thumbnail 48px,30,683,,
thumbnail 48px,60,734,,
thumbnail 48px,80,841,,
thumbnail 64px,30,730,,
thumbnail 64px,60,861,,
thumbnail 64px,80,1079,,
thumbnail 96px,30,926,,
thumbnail 96px,60,1343,,
thumbnail 96px,80,2057,,
thumbnail 128px,30,1301,,
thumbnail 128px,60,2339,,
thumbnail 128px,80,3906,,
whole tile,30,56477,34.299122489555614,
whole tile,40,64110,35.5967596434064,
whole tile,50,74026,36.93967272449383,
whole tile,60,78919,37.81019227182847,
whole tile,80,120777,44.375628971309425,
ROI mosaic x1.5,60,10016,,3.0
ROI mosaic x1.5,80,13354,,3.0
thumbnail 48px,30,705,,
thumbnail 48px,60,772,,
thumbnail 48px,80,853,,
thumbnail 64px,30,752,,
thumbnail 64px,60,835,,
thumbnail 64px,80,976,,
thumbnail 96px,30,892,,
thumbnail 96px,60,1075,,
thumbnail 96px,80,1435,,
thumbnail 128px,30,1093,,
thumbnail 128px,60,1460,,
thumbnail 128px,80,2247,,
whole tile,30,25273,37.1892497898827,
whole tile,40,30466,38.405183685796224,
whole tile,50,37221,39.604218634308424,
whole tile,60,41584,40.5928620965397,
whole tile,80,74631,45.557676986773316,
ROI mosaic x1.5,60,9351,,1.0
ROI mosaic x1.5,80,13907,,1.0
thumbnail 48px,30,670,,
thumbnail 48px,60,674,,
thumbnail 48px,80,694,,
thumbnail 64px,30,703,,
thumbnail 64px,60,712,,
thumbnail 64px,80,731,,
thumbnail 96px,30,791,,
thumbnail 96px,60,806,,
thumbnail 96px,80,848,,
thumbnail 128px,30,908,,
thumbnail 128px,60,936,,
thumbnail 128px,80,1052,,
whole tile,30,17356,38.81129248217359,
whole tile,40,22426,40.77219259870479,
whole tile,50,27442,41.708975464266516,
whole tile,60,29166,43.2874798016458,
whole tile,80,54306,49.83392639296001,
ROI mosaic x1.5,60,702,,1.0
ROI mosaic x1.5,80,733,,1.0
thumbnail 48px,30,693,,
thumbnail 48px,60,711,,
thumbnail 48px,80,747,,
thumbnail 64px,30,734,,
thumbnail 64px,60,763,,
thumbnail 64px,80,828,,
thumbnail 96px,30,850,,
thumbnail 96px,60,913,,
thumbnail 96px,80,1051,,
thumbnail 128px,30,1000,,
thumbnail 128px,60,1099,,
thumbnail 128px,80,1452,,
whole tile,30,30573,36.41460461572192,
whole tile,40,36942,37.842942418869455,
whole tile,50,44653,39.26158402912758,
whole tile,60,47545,39.96763809940647,
whole tile,80,79726,45.945446609635326,
ROI mosaic x1.5,60,8375,,1.0
ROI mosaic x1.5,80,11992,,1.0
thumbnail 48px,30,684,,
thumbnail 48px,60,695,,
thumbnail 48px,80,718,,
thumbnail 64px,30,724,,
thumbnail 64px,60,744,,
thumbnail 64px,80,774,,
thumbnail 96px,30,809,,
thumbnail 96px,60,832,,
thumbnail 96px,80,882,,
thumbnail 128px,30,950,,
thumbnail 128px,60,999,,
thumbnail 128px,80,1089,,
whole tile,30,11346,38.639210107288676,
whole tile,40,12491,38.85836161656159,
whole tile,50,15622,39.36276882775267,
whole tile,60,17686,39.688052800785265,
whole tile,80,63586,47.09592623015141,
ROI mosaic x1.5,60,3357,,1.0
ROI mosaic x1.5,80,6089,,1.0
thumbnail 48px,30,675,,
thumbnail 48px,60,698,,
thumbnail 48px,80,749,,
thumbnail 64px,30,709,,
thumbnail 64px,60,749,,
thumbnail 64px,80,832,,
thumbnail 96px,30,800,,
thumbnail 96px,60,890,,
thumbnail 96px,80,1102,,
thumbnail 128px,30,940,,
thumbnail 128px,60,1103,,
thumbnail 128px,80,1560,,
whole tile,30,23873,37.16624939279284,
whole tile,40,30395,38.421536905683695,
whole tile,50,36785,39.797193393994725,
whole tile,60,39411,40.969752387477534,
whole tile,80,71304,48.03664140840343,
ROI mosaic x1.5,60,1258,,1.0
ROI mosaic x1.5,80,1552,,1.0
thumbnail 48px,30,675,,
thumbnail 48px,60,704,,
thumbnail 48px,80,826,,
thumbnail 64px,30,714,,
thumbnail 64px,60,822,,
thumbnail 64px,80,1136,,
thumbnail 96px,30,918,,
thumbnail 96px,60,1483,,
thumbnail 96px,80,2371,,
thumbnail 128px,30,1573,,
thumbnail 128px,60,2673,,
thumbnail 128px,80,4346,,
whole tile,30,63102,33.28620083428892,
whole tile,40,71440,34.492364483293635,
whole tile,50,82023,35.789054302743764,
whole tile,60,87676,36.450590816058046,
whole tile,80,134566,43.21279097538274,
ROI mosaic x1.5,60,9601,,1.0
ROI mosaic x1.5,80,13414,,1.0
thumbnail 48px,30,701,,
thumbnail 48px,60,726,,
thumbnail 48px,80,787,,
thumbnail 64px,30,736,,
thumbnail 64px,60,773,,
thumbnail 64px,80,847,,
thumbnail 96px,30,849,,
thumbnail 96px,60,915,,
thumbnail 96px,80,1058,,
thumbnail 128px,30,994,,
thumbnail 128px,60,1080,,
thumbnail 128px,80,1313,,
whole tile,30,21139,37.46333220781874,
whole tile,40,27216,38.76668898258372,
whole tile,50,33798,40.276107375973815,
whole tile,60,35719,41.2833711518524,
whole tile,80,65067,48.222771340420785,
ROI mosaic x1.5,60,1514,,2.0
ROI mosaic x1.5,80,1622,,2.0
thumbnail 48px,30,689,,
thumbnail 48px,60,722,,
thumbnail 48px,80,781,,
thumbnail 64px,30,727,,
thumbnail 64px,60,769,,
thumbnail 64px,80,862,,
thumbnail 96px,30,840,,
thumbnail 96px,60,914,,
thumbnail 96px,80,1124,,
thumbnail 128px,30,972,,
thumbnail 128px,60,1106,,
thumbnail 128px,80,1584,,
whole tile,30,27365,36.43006505355612,
whole tile,40,34459,37.88063309270305,
whole tile,50,41556,39.508482614397956,
whole tile,60,43999,40.19937625786912,
whole tile,80,77044,47.34369873230287,
ROI mosaic x1.5,60,5518,,1.0
ROI mosaic x1.5,80,7967,,1.0
thumbnail 48px,30,666,,
thumbnail 48px,60,677,,
thumbnail 48px,80,728,,
thumbnail 64px,30,698,,
thumbnail 64px,60,722,,
thumbnail 64px,80,830,,
thumbnail 96px,30,789,,
thumbnail 96px,60,889,,
thumbnail 96px,80,1284,,
thumbnail 128px,30,929,,
thumbnail 128px,60,1276,,
thumbnail 128px,80,2206,,
whole tile,30,39568,35.90576375784837,
whole tile,40,46112,37.2396499018993,
whole tile,50,53992,38.78489686351728,
whole tile,60,57371,39.74068095635935,
whole tile,80,91276,46.086155529757306,
ROI mosaic x1.5,60,1366,,1.0
ROI mosaic x1.5,80,1715,,1.0
thumbnail 48px,30,674,,
thumbnail 48px,60,693,,
thumbnail 48px,80,737,,
thumbnail 64px,30,706,,
thumbnail 64px,60,730,,
thumbnail 64px,80,794,,
thumbnail 96px,30,807,,
thumbnail 96px,60,857,,
thumbnail 96px,80,1035,,
thumbnail 128px,30,927,,
thumbnail 128px,60,1006,,
thumbnail 128px,80,1412,,
whole tile,30,26943,37.2924908956425,
whole tile,40,33395,38.282699280404664,
whole tile,50,40695,39.603054475840146,
whole tile,60,42828,41.15075801192,
whole tile,80,74387,47.82313795529334,
ROI mosaic x1.5,60,3698,,1.0
ROI mosaic x1.5,80,5192,,1.0
thumbnail 48px,30,702,,
thumbnail 48px,60,762,,
thumbnail 48px,80,850,,
thumbnail 64px,30,758,,
thumbnail 64px,60,851,,
thumbnail 64px,80,1006,,
thumbnail 96px,30,895,,
thumbnail 96px,60,1081,,
thumbnail 96px,80,1446,,
thumbnail 128px,30,1087,,
thumbnail 128px,60,1436,,
thumbnail 128px,80,2165,,
whole tile,30,27144,37.02120004342725,
whole tile,40,33239,38.08466873981122,
whole tile,50,40491,39.372268289216564,
whole tile,60,42777,40.509772764904,
whole tile,80,76013,47.00003246142984,
ROI mosaic x1.5,60,9835,,4.0
ROI mosaic x1.5,80,13814,,4.0
thumbnail 48px,30,684,,
thumbnail 48px,60,745,,
thumbnail 48px,80,888,,
thumbnail 64px,30,741,,
thumbnail 64px,60,925,,
thumbnail 64px,80,1311,,
thumbnail 96px,30,1066,,
thumbnail 96px,60,1760,,
thumbnail 96px,80,2641,,
thumbnail 128px,30,1824,,
thumbnail 128px,60,3057,,
thumbnail 128px,80,4938,,
whole tile,30,71504,32.57238558433096,
whole tile,40,81156,33.80245512569328,
whole tile,50,92668,35.083672375854164,
whole tile,60,99349,35.801279606142096,
whole tile,80,150236,42.65162738522473,
ROI mosaic x1.5,60,3073,,1.0
ROI mosaic x1.5,80,4076,,1.0
thumbnail 48px,30,797,,
thumbnail 48px,60,944,,
thumbnail 48px,80,1150,,
thumbnail 64px,30,962,,
thumbnail 64px,60,1230,,
thumbnail 64px,80,1613,,
thumbnail 96px,30,1485,,
thumbnail 96px,60,2125,,
thumbnail 96px,80,3048,,
thumbnail 128px,30,2301,,
thumbnail 128px,60,3440,,
thumbnail 128px,80,5203,,
whole tile,30,53904,34.10541125334729,
whole tile,40,62632,35.21435986769937,
whole tile,50,72227,36.236443393319256,
whole tile,60,78273,37.241356232573786,
whole tile,80,121675,42.03999022018123,
ROI mosaic x1.5,60,27763,,1.0
ROI mosaic x1.5,80,42336,,1.0
thumbnail 48px,30,812,,
thumbnail 48px,60,952,,
thumbnail 48px,80,1121,,
thumbnail 64px,30,951,,
thumbnail 64px,60,1164,,
thumbnail 64px,80,1456,,
thumbnail 96px,30,1317,,
thumbnail 96px,60,1739,,
thumbnail 96px,80,2378,,
thumbnail 128px,30,1766,,
thumbnail 128px,60,2509,,
thumbnail 128px,80,3538,,
whole tile,30,31419,34.66934790676583,
whole tile,40,37286,35.63295134329807,
whole tile,50,45002,36.659890009804286,
whole tile,60,47746,37.32111128387795,
whole tile,80,90482,44.63808095783882,
ROI mosaic x1.5,60,653,,1.0
ROI mosaic x1.5,80,667,,1.0
thumbnail 48px,30,724,,
thumbnail 48px,60,792,,
thumbnail 48px,80,871,,
thumbnail 64px,30,797,,
thumbnail 64px,60,882,,
thumbnail 64px,80,1034,,
thumbnail 96px,30,978,,
thumbnail 96px,60,1189,,
thumbnail 96px,80,1468,,
thumbnail 128px,30,1221,,
thumbnail 128px,60,1546,,
thumbnail 128px,80,2066,,
whole tile,30,19393,35.59975299130942,
whole tile,40,23466,36.41790132003229,
whole tile,50,28750,37.341279022103535,
whole tile,60,31076,37.75431333059759,
whole tile,80,74238,45.79075129092231,
ROI mosaic x1.5,60,1353,,2.0
ROI mosaic x1.5,80,1402,,2.0
thumbnail 48px,30,894,,
thumbnail 48px,60,1066,,
thumbnail 48px,80,1333,,
thumbnail 64px,30,1081,,
thumbnail 64px,60,1420,,
thumbnail 64px,80,1905,,
thumbnail 96px,30,1699,,
thumbnail 96px,60,2402,,
thumbnail 96px,80,3444,,
thumbnail 128px,30,2524,,
thumbnail 128px,60,3766,,
thumbnail 128px,80,5610,,
whole tile,30,66462,29.06954220020242,
whole tile,40,78263,29.91673126126614,
whole tile,50,93112,30.916051760820782,
whole tile,60,100164,31.597162750884745,
whole tile,80,170223,39.158360657060534,
ROI mosaic x1.5,60,6220,,8.0
ROI mosaic x1.5,80,6769,,8.0
thumbnail 48px,30,686,,
thumbnail 48px,60,717,,
thumbnail 48px,80,824,,
thumbnail 64px,30,730,,
thumbnail 64px,60,808,,
thumbnail 64px,80,1040,,
thumbnail 96px,30,877,,
thumbnail 96px,60,1245,,
thumbnail 96px,80,1936,,
thumbnail 128px,30,1252,,
thumbnail 128px,60,2172,,
thumbnail 128px,80,3716,,
whole tile,30,57467,34.16812225798105,
whole tile,40,64944,35.43177349160225,
whole tile,50,75096,36.682621111020694,
whole tile,60,80096,37.62298465080808,
whole tile,80,121939,44.65417031710828,
ROI mosaic x1.5,60,9242,,1.0
ROI mosaic x1.5,80,12810,,1.0
thumbnail 48px,30,664,,
thumbnail 48px,60,670,,
thumbnail 48px,80,691,,
thumbnail 64px,30,693,,
thumbnail 64px,60,700,,
thumbnail 64px,80,742,,
thumbnail 96px,30,776,,
thumbnail 96px,60,792,,
thumbnail 96px,80,884,,
thumbnail 128px,30,894,,
thumbnail 128px,60,923,,
thumbnail 128px,80,1128,,
whole tile,30,20962,37.391405147759315,
whole tile,40,28582,39.573529325986094,
whole tile,50,33448,40.96238591875553,
whole tile,60,36980,41.85309968900889,
whole tile,80,64479,48.6869374342881,
ROI mosaic x1.5,60,878,,1.0
ROI mosaic x1.5,80,1012,,1.0
thumbnail 48px,30,682,,
thumbnail 48px,60,701,,
thumbnail 48px,80,756,,
thumbnail 64px,30,721,,
thumbnail 64px,60,760,,
thumbnail 64px,80,844,,
thumbnail 96px,30,825,,
thumbnail 96px,60,886,,
thumbnail 96px,80,1087,,
thumbnail 128px,30,956,,
thumbnail 128px,60,1072,,
thumbnail 128px,80,1444,,
whole tile,30,23771,33.857753474313775,
whole tile,40,31596,34.30284800841345,
whole tile,50,42127,35.07360437797187,
whole tile,60,44082,35.558985612538734,
whole tile,80,99604,44.11411133759138,
ROI mosaic x1.5,60,2218,,3.0
ROI mosaic x1.5,80,2376,,3.0
thumbnail 48px,30,684,,
thumbnail 48px,60,706,,
thumbnail 48px,80,754,,
thumbnail 64px,30,717,,
thumbnail 64px,60,748,,
thumbnail 64px,80,822,,
thumbnail 96px,30,820,,
thumbnail 96px,60,878,,
thumbnail 96px,80,1024,,
thumbnail 128px,30,948,,
thumbnail 128px,60,1040,,
thumbnail 128px,80,1277,,
whole tile,30,15803,38.704277210340784,
whole tile,40,21020,39.6875940405419,
whole tile,50,27507,40.49293821388627,
whole tile,60,28907,41.96294331105085,
whole tile,80,59180,49.06355544657139,
ROI mosaic x1.5,60,785,,1.0
ROI mosaic x1.5,80,873,,1.0
thumbnail 48px,30,680,,
thumbnail 48px,60,704,,
thumbnail 48px,80,750,,
thumbnail 64px,30,717,,
thumbnail 64px,60,754,,
thumbnail 64px,80,844,,
thumbnail 96px,30,811,,
thumbnail 96px,60,892,,
thumbnail 96px,80,1198,,
thumbnail 128px,30,954,,
thumbnail 128px,60,1202,,
thumbnail 128px,80,1890,,
whole tile,30,21313,37.446021788739145,
whole tile,40,27013,38.705322328708895,
whole tile,50,33264,39.62000844872513,
whole tile,60,38662,40.38042036316109,
whole tile,80,68866,44.66951968775178,
ROI mosaic x1.5,60,1386,,1.0
ROI mosaic x1.5,80,1762,,1.0
thumbnail 48px,30,679,,
thumbnail 48px,60,696,,
thumbnail 48px,80,749,,
thumbnail 64px,30,714,,
thumbnail 64px,60,740,,
thumbnail 64px,80,829,,
thumbnail 96px,30,816,,
thumbnail 96px,60,893,,
thumbnail 96px,80,1266,,
thumbnail 128px,30,952,,
thumbnail 128px,60,1243,,
thumbnail 128px,80,2019,,
whole tile,30,35634,36.339320671083456,
whole tile,40,42381,37.29746778186721,
whole tile,50,50190,38.836412808852934,
whole tile,60,53123,39.971364828537155,
whole tile,80,87728,46.43811738234254,
ROI mosaic x1.5,60,4105,,2.0
ROI mosaic x1.5,80,5421,,2.0
thumbnail 48px,30,687,,
thumbnail 48px,60,738,,
thumbnail 48px,80,849,,
thumbnail 64px,30,727,,
thumbnail 64px,60,843,,
thumbnail 64px,80,1028,,
thumbnail 96px,30,904,,
thumbnail 96px,60,1190,,
thumbnail 96px,80,1640,,
thumbnail 128px,30,1191,,
thumbnail 128px,60,1754,,
thumbnail 128px,80,2775,,
whole tile,30,39842,35.679095460513714,
whole tile,40,46690,36.89940269839978,
whole tile,50,54562,38.043379165113976,
whole tile,60,58148,39.24545384263559,
whole tile,80,94795,44.90447315698645,
ROI mosaic x1.5,60,5738,,1.0
ROI mosaic x1.5,80,8023,,1.0
thumbnail 48px,30,680,,
thumbnail 48px,60,709,,
thumbnail 48px,80,754,,
thumbnail 64px,30,724,,
thumbnail 64px,60,770,,
thumbnail 64px,80,860,,
thumbnail 96px,30,844,,
thumbnail 96px,60,929,,
thumbnail 96px,80,1169,,
thumbnail 128px,30,999,,
thumbnail 128px,60,1174,,
thumbnail 128px,80,1655,,
whole tile,30,34044,31.969103603629723,
whole tile,40,43067,32.84914851419778,
whole tile,50,54869,33.45399426295727,
whole tile,60,61589,33.93043360625637,
whole tile,80,117873,40.080138666092935,
ROI mosaic x1.5,60,1161,,1.0
ROI mosaic x1.5,80,1489,,1.0
thumbnail 48px,30,671,,
thumbnail 48px,60,677,,
thumbnail 48px,80,695,,
thumbnail 64px,30,704,,
thumbnail 64px,60,718,,
thumbnail 64px,80,743,,
thumbnail 96px,30,796,,
thumbnail 96px,60,819,,
thumbnail 96px,80,951,,
thumbnail 128px,30,925,,
thumbnail 128px,60,1006,,
thumbnail 128px,80,1374,,
whole tile,30,30311,36.696057556704005,
whole tile,40,36392,37.861519756542016,
whole tile,50,43942,39.15838180199246,
whole tile,60,46372,40.61537451857957,
whole tile,80,77694,47.557500951810795,
ROI mosaic x1.5,60,2393,,2.0
ROI mosaic x1.5,80,2951,,2.0
thumbnail 48px,30,886,,
thumbnail 48px,60,1041,,
thumbnail 48px,80,1259,,
thumbnail 64px,30,1043,,
thumbnail 64px,60,1290,,
thumbnail 64px,80,1658,,
thumbnail 96px,30,1508,,
thumbnail 96px,60,2017,,
thumbnail 96px,80,2810,,
thumbnail 128px,30,2043,,
thumbnail 128px,60,2910,,
thumbnail 128px,80,4166,,
whole tile,30,40296,31.523286542158715,
whole tile,40,47626,32.374010004400674,
whole tile,50,57118,33.379292100417224,
whole tile,60,60978,33.97303609375945,
whole tile,80,114638,41.88513867740241,
ROI mosaic x1.5,60,5033,,2.0
ROI mosaic x1.5,80,7366,,2.0
thumbnail 48px,30,672,,
thumbnail 48px,60,689,,
thumbnail 48px,80,716,,
thumbnail 64px,30,702,,
thumbnail 64px,60,728,,
thumbnail 64px,80,780,,
thumbnail 96px,30,787,,
thumbnail 96px,60,823,,
thumbnail 96px,80,924,,
thumbnail 128px,30,908,,
thumbnail 128px,60,962,,
thumbnail 128px,80,1141,,
whole tile,30,15521,37.24448651459006,
whole tile,40,21161,39.04896158386152,
whole tile,50,27772,41.04161183258799,
whole tile,60,28986,41.782620792650945,
whole tile,80,60272,48.98858448176946,
ROI mosaic x1.5,60,1995,,2.0
ROI mosaic x1.5,80,2440,,2.0
thumbnail 48px,30,851,,
thumbnail 48px,60,987,,
thumbnail 48px,80,1152,,
thumbnail 64px,30,978,,
thumbnail 64px,60,1174,,
thumbnail 64px,80,1470,,
thumbnail 96px,30,1249,,
thumbnail 96px,60,1647,,
thumbnail 96px,80,2212,,
thumbnail 128px,30,1632,,
thumbnail 128px,60,2253,,
thumbnail 128px,80,3178,,
whole tile,30,27626,36.52479867275154,
whole tile,40,33235,37.894433653764914,
whole tile,50,40914,39.15348204042398,
whole tile,60,44683,39.98278116398944,
whole tile,80,79449,45.61129649588431,
ROI mosaic x1.5,60,736,,1.0
ROI mosaic x1.5,80,790,,1.0
thumbnail 48px,30,665,,
thumbnail 48px,60,672,,
thumbnail 48px,80,701,,
thumbnail 64px,30,696,,
thumbnail 64px,60,707,,
thumbnail 64px,80,757,,
thumbnail 96px,30,781,,
thumbnail 96px,60,806,,
thumbnail 96px,80,978,,
thumbnail 128px,30,900,,
thumbnail 128px,60,973,,
thumbnail 128px,80,1506,,
whole tile,30,32255,35.85678989925198,
whole tile,40,39239,37.399793604830194,
whole tile,50,46814,39.00688010829771,
whole tile,60,49536,39.804362837600834,
whole tile,80,83204,46.861113948404174,
ROI mosaic x1.5,60,704,,1.0
ROI mosaic x1.5,80,739,,1.0
thumbnail 48px,30,694,,
thumbnail 48px,60,714,,
thumbnail 48px,80,756,,
thumbnail 64px,30,738,,
thumbnail 64px,60,772,,
thumbnail 64px,80,840,,
thumbnail 96px,30,834,,
thumbnail 96px,60,884,,
thumbnail 96px,80,1004,,
thumbnail 128px,30,975,,
thumbnail 128px,60,1054,,
thumbnail 128px,80,1236,,
whole tile,30,12446,39.236767584041175,
whole tile,40,16077,40.18858577522376,
whole tile,50,21591,40.850893903844536,
whole tile,60,26559,42.36740471570057,
whole tile,80,55840,46.90389131599238,
ROI mosaic x1.5,60,4389,,1.0
ROI mosaic x1.5,80,7846,,1.0
thumbnail 48px,30,776,,
thumbnail 48px,60,882,,
thumbnail 48px,80,1033,,
thumbnail 64px,30,880,,
thumbnail 64px,60,1041,,
thumbnail 64px,80,1285,,
thumbnail 96px,30,1153,,
thumbnail 96px,60,1480,,
thumbnail 96px,80,2030,,
thumbnail 128px,30,1485,,
thumbnail 128px,60,2085,,
thumbnail 128px,80,2998,,
whole tile,30,27382,34.28814986517539,
whole tile,40,33524,35.16502341835298,
whole tile,50,41566,36.04880446386066,
whole tile,60,44327,36.662244599468025,
whole tile,80,88639,44.39537742507664,
ROI mosaic x1.5,60,6708,,1.0
ROI mosaic x1.5,80,12461,,1.0
thumbnail 48px,30,838,,
thumbnail 48px,60,973,,
thumbnail 48px,80,1161,,
thumbnail 64px,30,980,,
thumbnail 64px,60,1214,,
thumbnail 64px,80,1513,,
thumbnail 96px,30,1355,,
thumbnail 96px,60,1829,,
thumbnail 96px,80,2520,,
thumbnail 128px,30,1893,,
thumbnail 128px,60,2690,,
thumbnail 128px,80,3915,,
whole tile,30,48146,31.738929250872978,
whole tile,40,57510,32.58772220031665,
whole tile,50,68089,33.50982467220008,
whole tile,60,72952,34.11801527303815,
whole tile,80,127772,41.64940935474026,
ROI mosaic x1.5,60,712,,1.0
ROI mosaic x1.5,80,750,,1.0
thumbnail 48px,30,694,,
thumbnail 48px,60,719,,
thumbnail 48px,80,769,,
thumbnail 64px,30,749,,
thumbnail 64px,60,792,,
thumbnail 64px,80,882,,
thumbnail 96px,30,844,,
thumbnail 96px,60,910,,
thumbnail 96px,80,1063,,
thumbnail 128px,30,1005,,
thumbnail 128px,60,1114,,
thumbnail 128px,80,1417,,
whole tile,30,21088,37.80470733660452,
whole tile,40,27203,39.06609324227469,
whole tile,50,34037,39.932741171773436,
whole tile,60,35838,41.75510983501092,
whole tile,80,65615,48.10557733505163,
ROI mosaic x1.5,60,7684,,4.0
ROI mosaic x1.5,80,10545,,4.0
thumbnail 48px,30,671,,
thumbnail 48px,60,675,,
thumbnail 48px,80,693,,
thumbnail 64px,30,705,,
thumbnail 64px,60,721,,
thumbnail 64px,80,744,,
thumbnail 96px,30,789,,
thumbnail 96px,60,810,,
thumbnail 96px,80,855,,
thumbnail 128px,30,914,,
thumbnail 128px,60,943,,
thumbnail 128px,80,1032,,
whole tile,30,17105,39.515303678876286,
whole tile,40,22277,39.992477388638314,
whole tile,50,27431,41.83287490994755,
whole tile,60,28985,41.82921770951614,
whole tile,80,54688,49.69275384523342,
ROI mosaic x1.5,60,2077,,2.0
ROI mosaic x1.5,80,2529,,2.0
thumbnail 48px,30,764,,
thumbnail 48px,60,866,,
thumbnail 48px,80,1092,,
thumbnail 64px,30,870,,
thumbnail 64px,60,1150,,
thumbnail 64px,80,1559,,
thumbnail 96px,30,1363,,
thumbnail 96px,60,2033,,
thumbnail 96px,80,2945,,
thumbnail 128px,30,2154,,
thumbnail 128px,60,3287,,
thumbnail 128px,80,4960,,
whole tile,30,60895,32.736896360335464,
whole tile,40,69602,33.96936308015993,
whole tile,50,80819,35.12788125689752,
whole tile,60,86710,36.018356050293704,
whole tile,80,135514,41.92057942705466,
ROI mosaic x1.5,60,1417,,2.0
ROI mosaic x1.5,80,1483,,2.0
thumbnail 48px,30,937,,
thumbnail 48px,60,1114,,
thumbnail 48px,80,1355,,
thumbnail 64px,30,1133,,
thumbnail 64px,60,1412,,
thumbnail 64px,80,1819,,
thumbnail 96px,30,1614,,
thumbnail 96px,60,2211,,
thumbnail 96px,80,3029,,
thumbnail 128px,30,2272,,
thumbnail 128px,60,3261,,
thumbnail 128px,80,4764,,
whole tile,30,85009,26.721663663790117,
whole tile,40,98793,27.55374430882197,
whole tile,50,114424,28.70291372442736,
whole tile,60,122166,29.461399285106403,
whole tile,80,200693,37.4324561764471,
ROI mosaic x1.5,60,758,,1.0
ROI mosaic x1.5,80,823,,1.0
thumbnail 48px,30,697,,
thumbnail 48px,60,761,,
thumbnail 48px,80,887,,
thumbnail 64px,30,752,,
thumbnail 64px,60,895,,
thumbnail 64px,80,1175,,
thumbnail 96px,30,982,,
thumbnail 96px,60,1467,,
thumbnail 96px,80,2251,,
thumbnail 128px,30,1497,,
thumbnail 128px,60,2548,,
thumbnail 128px,80,4164,,
whole tile,30,66386,32.89579090486335,
whole tile,40,75187,34.220325887003895,
whole tile,50,86300,35.53625598374616,
whole tile,60,92335,36.30909663594274,
whole tile,80,140076,43.4336471963886,
ROI mosaic x1.5,60,15662,,9.0
ROI mosaic x1.5,80,19754,,9.0
thumbnail 48px,30,695,,
thumbnail 48px,60,734,,
thumbnail 48px,80,814,,
thumbnail 64px,30,752,,
thumbnail 64px,60,831,,
thumbnail 64px,80,970,,
thumbnail 96px,30,880,,
thumbnail 96px,60,1005,,
thumbnail 96px,80,1289,,
thumbnail 128px,30,1040,,
thumbnail 128px,60,1267,,
thumbnail 128px,80,1807,,
whole tile,30,22222,37.60308118232898,
whole tile,40,28049,38.678896662874806,
whole tile,50,35085,39.751148463490566,
whole tile,60,37017,40.90133532957955,
whole tile,80,69516,47.67465591018816,
ROI mosaic x1.5,60,13037,,2.0
ROI mosaic x1.5,80,19651,,2.0
thumbnail 48px,30,784,,
thumbnail 48px,60,876,,
thumbnail 48px,80,1008,,
thumbnail 64px,30,878,,
thumbnail 64px,60,1033,,
thumbnail 64px,80,1246,,
thumbnail 96px,30,1110,,
thumbnail 96px,60,1419,,
thumbnail 96px,80,1891,,
thumbnail 128px,30,1415,,
thumbnail 128px,60,1951,,
thumbnail 128px,80,2732,,
whole tile,30,24774,37.8211278879072,
whole tile,40,30321,38.957773454339026,
whole tile,50,36293,40.325085343940955,
whole tile,60,38463,41.35855381685534,
whole tile,80,68521,47.718986245365265,
ROI mosaic x1.5,60,12077,,2.0
ROI mosaic x1.5,80,18016,,2.0
thumbnail 48px,30,684,,
thumbnail 48px,60,706,,
thumbnail 48px,80,763,,
thumbnail 64px,30,721,,
thumbnail 64px,60,770,,
thumbnail 64px,80,846,,
thumbnail 96px,30,818,,
thumbnail 96px,60,900,,
thumbnail 96px,80,1056,,
thumbnail 128px,30,950,,
thumbnail 128px,60,1072,,
thumbnail 128px,80,1327,,
whole tile,30,15709,38.531094382668684,
whole tile,40,21259,39.50285363736021,
whole tile,50,28083,40.64012202700921,
whole tile,60,29389,41.62660447473823,
whole tile,80,60906,48.91324850967301,
ROI mosaic x1.5,60,674,,1.0
ROI mosaic x1.5,80,690,,1.0
thumbnail 48px,30,721,,
thumbnail 48px,60,794,,
thumbnail 48px,80,887,,
thumbnail 64px,30,791,,
thumbnail 64px,60,888,,
thumbnail 64px,80,1046,,
thumbnail 96px,30,956,,
thumbnail 96px,60,1161,,
thumbnail 96px,80,1527,,
thumbnail 128px,30,1146,,
thumbnail 128px,60,1526,,
thumbnail 128px,80,2266,,
whole tile,30,32162,36.62630327920287,
whole tile,40,38237,37.84013804037418,
whole tile,50,45589,39.517566464317554,
whole tile,60,48156,40.56677507362862,
whole tile,80,80080,47.11760800555308,
ROI mosaic x1.5,60,1338,,1.0
ROI mosaic x1.5,80,1672,,1.0
thumbnail 48px,30,722,,
thumbnail 48px,60,788,,
thumbnail 48px,80,876,,
thumbnail 64px,30,777,,
thumbnail 64px,60,871,,
thumbnail 64px,80,1012,,
thumbnail 96px,30,932,,
thumbnail 96px,60,1104,,
thumbnail 96px,80,1450,,
thumbnail 128px,30,1116,,
thumbnail 128px,60,1421,,
thumbnail 128px,80,2083,,
whole tile,30,25307,37.4121226051312,
whole tile,40,31085,38.73600955558172,
whole tile,50,37779,39.935880148541784,
whole tile,60,39917,41.10019054908703,
whole tile,80,70926,47.55593756447378,
ROI mosaic x1.5,60,13084,,13.0
ROI mosaic x1.5,80,15650,,13.0
thumbnail 48px,30,871,,
thumbnail 48px,60,1021,,
thumbnail 48px,80,1216,,
thumbnail 64px,30,1038,,
thumbnail 64px,60,1297,,
thumbnail 64px,80,1648,,
thumbnail 96px,30,1494,,
thumbnail 96px,60,2078,,
thumbnail 96px,80,2934,,
thumbnail 128px,30,2140,,
thumbnail 128px,60,3283,,
thumbnail 128px,80,4897,,
whole tile,30,50294,34.832339617870105,
whole tile,40,57622,36.19158244922938,
whole tile,50,66813,37.612944395445616,
whole tile,60,71570,38.4457900754338,
whole tile,80,109639,44.541681118847514,
ROI mosaic x1.5,60,1442,,2.0
ROI mosaic x1.5,80,1530,,2.0
thumbnail 48px,30,721,,
thumbnail 48px,60,772,,
thumbnail 48px,80,857,,
thumbnail 64px,30,774,,
thumbnail 64px,60,855,,
thumbnail 64px,80,1001,,
thumbnail 96px,30,938,,
thumbnail 96px,60,1110,,
thumbnail 96px,80,1482,,
thumbnail 128px,30,1185,,
thumbnail 128px,60,1546,,
thumbnail 128px,80,2281,,
whole tile,30,24476,37.12349215477409,
whole tile,40,29577,38.151537992998996,
whole tile,50,36452,39.217171980390795,
whole tile,60,40604,40.117808776748156,
whole tile,80,73788,45.796394072048415,
ROI mosaic x1.5,60,13022,,1.0
ROI mosaic x1.5,80,19834,,1.0
thumbnail 48px,30,709,,
thumbnail 48px,60,743,,
thumbnail 48px,80,809,,
thumbnail 64px,30,751,,
thumbnail 64px,60,793,,
thumbnail 64px,80,879,,
thumbnail 96px,30,896,,
thumbnail 96px,60,980,,
thumbnail 96px,80,1131,,
thumbnail 128px,30,1033,,
thumbnail 128px,60,1144,,
thumbnail 128px,80,1392,,
whole tile,30,16216,38.29423270539462,
whole tile,40,21217,39.31710086124416,
whole tile,50,28318,40.07352295636318,
whole tile,60,30485,41.567720524835735,
whole tile,80,62030,48.061051425224775,
ROI mosaic x1.5,60,11379,,4.0
ROI mosaic x1.5,80,16395,,4.0
thumbnail 48px,30,795,,
thumbnail 48px,60,888,,
thumbnail 48px,80,1038,,
thumbnail 64px,30,846,,
thumbnail 64px,60,977,,
thumbnail 64px,80,1169,,
thumbnail 96px,30,1128,,
thumbnail 96px,60,1427,,
thumbnail 96px,80,1841,,
thumbnail 128px,30,1360,,
thumbnail 128px,60,1754,,
thumbnail 128px,80,2365,,
whole tile,30,20852,37.37966674230998,
whole tile,40,26648,38.576442678596834,
whole tile,50,33263,39.991396114473446,
whole tile,60,35275,40.94332579828571,
whole tile,80,65373,47.229148366999794,
ROI mosaic x1.5,60,8924,,2.0
ROI mosaic x1.5,80,12778,,2.0
thumbnail 48px,30,680,,
thumbnail 48px,60,702,,
thumbnail 48px,80,753,,
thumbnail 64px,30,714,,
thumbnail 64px,60,746,,
thumbnail 64px,80,836,,
thumbnail 96px,30,820,,
thumbnail 96px,60,906,,
thumbnail 96px,80,1151,,
thumbnail 128px,30,950,,
thumbnail 128px,60,1121,,
thumbnail 128px,80,1811,,
whole tile,30,35467,36.28904053861521,
whole tile,40,41751,37.47997066853487,
whole tile,50,49279,39.2998902876118,
whole tile,60,52160,40.26465460228914,
whole tile,80,84754,46.79910111418575,
ROI mosaic x1.5,60,877,,1.0
ROI mosaic x1.5,80,994,,1.0
thumbnail 48px,30,686,,
thumbnail 48px,60,718,,
thumbnail 48px,80,793,,
thumbnail 64px,30,723,,
thumbnail 64px,60,775,,
thumbnail 64px,80,916,,
thumbnail 96px,30,838,,
thumbnail 96px,60,998,,
thumbnail 96px,80,1364,,
thumbnail 128px,30,1004,,
thumbnail 128px,60,1369,,
thumbnail 128px,80,2099,,
whole tile,30,34437,35.72706110800537,
whole tile,40,40522,38.05891733544216,
whole tile,50,47409,39.40224098628883,
whole tile,60,50138,40.316405019660515,
whole tile,80,82210,46.87298445685102,
ROI mosaic x1.5,60,8492,,2.0
ROI mosaic x1.5,80,11815,,2.0
thumbnail 48px,30,682,,
thumbnail 48px,60,704,,
thumbnail 48px,80,743,,
thumbnail 64px,30,723,,
thumbnail 64px,60,756,,
thumbnail 64px,80,810,,
thumbnail 96px,30,813,,
thumbnail 96px,60,868,,
thumbnail 96px,80,987,,
thumbnail 128px,30,946,,
thumbnail 128px,60,1030,,
thumbnail 128px,80,1240,,
whole tile,30,12589,36.155211688380206,
whole tile,40,16184,37.76301146721384,
whole tile,50,21850,39.03057273815416,
whole tile,60,23740,39.422151409009416,
whole tile,80,68504,46.99852878135736,
ROI mosaic x1.5,60,1221,,1.0
ROI mosaic x1.5,80,1576,,1.0
thumbnail 48px,30,690,,
thumbnail 48px,60,719,,
thumbnail 48px,80,763,,
thumbnail 64px,30,743,,
thumbnail 64px,60,789,,
thumbnail 64px,80,879,,
thumbnail 96px,30,848,,
thumbnail 96px,60,917,,
thumbnail 96px,80,1056,,
thumbnail 128px,30,989,,
thumbnail 128px,60,1099,,
thumbnail 128px,80,1347,,
whole tile,30,17012,38.31606026523343,
whole tile,40,22531,38.84832072771382,
whole tile,50,29886,40.22886747845014,
whole tile,60,32070,41.68096559461026,
whole tile,80,63578,48.00024004006367,
ROI mosaic x1.5,60,4874,,1.0
ROI mosaic x1.5,80,7367,,1.0
thumbnail 48px,30,691,,
thumbnail 48px,60,721,,
thumbnail 48px,80,775,,
thumbnail 64px,30,725,,
thumbnail 64px,60,763,,
thumbnail 64px,80,859,,
thumbnail 96px,30,834,,
thumbnail 96px,60,913,,
thumbnail 96px,80,1083,,
thumbnail 128px,30,962,,
thumbnail 128px,60,1086,,
thumbnail 128px,80,1373,,
whole tile,30,13489,38.6116026936204,
whole tile,40,17818,39.99931825673123,
whole tile,50,23110,40.916114170094595,
whole tile,60,24486,43.042381318931234,
whole tile,80,54525,49.73576794444293,
ROI mosaic x1.5,60,4625,,1.0
ROI mosaic x1.5,80,7374,,1.0
thumbnail 48px,30,803,,
thumbnail 48px,60,924,,
thumbnail 48px,80,1084,,
thumbnail 64px,30,941,,
thumbnail 64px,60,1128,,
thumbnail 64px,80,1401,,
thumbnail 96px,30,1294,,
thumbnail 96px,60,1706,,
thumbnail 96px,80,2275,,
thumbnail 128px,30,1733,,
thumbnail 128px,60,2463,,
thumbnail 128px,80,3467,,
whole tile,30,67137,25.783765810288713,
whole tile,40,81029,26.29631296401062,
whole tile,50,99430,27.15538412057285,
whole tile,60,104908,27.62102910879903,
whole tile,80,200664,36.161294371628976,
ROI mosaic x1.5,60,679,,1.0
ROI mosaic x1.5,80,715,,1.0
thumbnail 48px,30,694,,
thumbnail 48px,60,734,,
thumbnail 48px,80,824,,
thumbnail 64px,30,735,,
thumbnail 64px,60,814,,
thumbnail 64px,80,1026,,
thumbnail 96px,30,894,,
thumbnail 96px,60,1269,,
thumbnail 96px,80,1870,,
thumbnail 128px,30,1208,,
thumbnail 128px,60,2079,,
thumbnail 128px,80,3503,,
whole tile,30,56877,34.21136334254577,
whole tile,40,64463,35.4843333446072,
whole tile,50,74395,36.78727115468882,
whole tile,60,79329,37.71823803197029,
whole tile,80,120539,44.822010887817044,
ROI mosaic x1.5,60,11714,,2.0
ROI mosaic x1.5,80,16034,,2.0
thumbnail 48px,30,667,,
thumbnail 48px,60,676,,
thumbnail 48px,80,703,,
thumbnail 64px,30,697,,
thumbnail 64px,60,709,,
thumbnail 64px,80,762,,
thumbnail 96px,30,782,,
thumbnail 96px,60,812,,
thumbnail 96px,80,926,,
thumbnail 128px,30,900,,
thumbnail 128px,60,950,,
thumbnail 128px,80,1208,,
whole tile,30,24810,36.78914635821706,
whole tile,40,31564,37.852938363856545,
whole tile,50,39495,39.20559680372732,
whole tile,60,41504,40.26028648126566,
whole tile,80,75406,47.021878370298566,
ROI mosaic x1.5,60,695,,1.0
ROI mosaic x1.5,80,726,,1.0
thumbnail 48px,30,739,,
thumbnail 48px,60,802,,
thumbnail 48px,80,906,,
thumbnail 64px,30,812,,
thumbnail 64px,60,905,,
thumbnail 64px,80,1057,,
thumbnail 96px,30,974,,
thumbnail 96px,60,1136,,
thumbnail 96px,80,1400,,
thumbnail 128px,30,1169,,
thumbnail 128px,60,1419,,
thumbnail 128px,80,1870,,
whole tile,30,16886,38.90443634160772,
whole tile,40,21986,39.469564169391205,
whole tile,50,28146,40.53972559604699,
whole tile,60,29769,41.87793666467832,
whole tile,80,60609,48.73288572151172,
ROI mosaic x1.5,60,732,,1.0
ROI mosaic x1.5,80,774,,1.0
thumbnail 48px,30,725,,
thumbnail 48px,60,782,,
thumbnail 48px,80,875,,
thumbnail 64px,30,778,,
thumbnail 64px,60,865,,
thumbnail 64px,80,1009,,
thumbnail 96px,30,917,,
thumbnail 96px,60,1080,,
thumbnail 96px,80,1346,,
thumbnail 128px,30,1091,,
thumbnail 128px,60,1325,,
thumbnail 128px,80,1732,,
whole tile,30,18823,37.89672607885031,
whole tile,40,24738,39.00658823125491,
whole tile,50,30898,41.04888864483205,
whole tile,60,32667,41.419428793140504,
whole tile,80,61815,48.42384349298578,
ROI mosaic x1.5,60,734,,1.0
ROI mosaic x1.5,80,778,,1.0
thumbnail 48px,30,665,,
thumbnail 48px,60,671,,
thumbnail 48px,80,684,,
thumbnail 64px,30,692,,
thumbnail 64px,60,699,,
thumbnail 64px,80,722,,
thumbnail 96px,30,777,,
thumbnail 96px,60,792,,
thumbnail 96px,80,829,,
thumbnail 128px,30,893,,
thumbnail 128px,60,909,,
thumbnail 128px,80,973,,
whole tile,30,10352,40.28118121182925,
whole tile,40,10805,41.4541674189674,
whole tile,50,10976,44.019865477315314,
whole tile,60,11843,44.63432246117528,
whole tile,80,35464,48.755626819786436,
ROI mosaic x1.5,60,1483,,2.0
ROI mosaic x1.5,80,1615,,2.0
thumbnail 48px,30,723,,
thumbnail 48px,60,781,,
thumbnail 48px,80,874,,
thumbnail 64px,30,785,,
thumbnail 64px,60,878,,
thumbnail 64px,80,1019,,
thumbnail 96px,30,933,,
thumbnail 96px,60,1087,,
thumbnail 96px,80,1346,,
thumbnail 128px,30,1111,,
thumbnail 128px,60,1344,,
thumbnail 128px,80,1763,,
whole tile,30,15513,38.78316524568596,
whole tile,40,21235,39.738182355076894,
whole tile,50,26693,41.197627836296874,
whole tile,60,29247,41.971202279753605,
whole tile,80,59010,48.889151830909874,
ROI mosaic x1.5,60,5717,,3.0
ROI mosaic x1.5,80,7916,,3.0
thumbnail 48px,30,670,,
thumbnail 48px,60,685,,
thumbnail 48px,80,710,,
thumbnail 64px,30,702,,
thumbnail 64px,60,721,,
thumbnail 64px,80,764,,
thumbnail 96px,30,793,,
thumbnail 96px,60,827,,
thumbnail 96px,80,911,,
thumbnail 128px,30,913,,
thumbnail 128px,60,956,,
thumbnail 128px,80,1123,,
whole tile,30,20011,37.76973409142724,
whole tile,40,25668,39.30098236911623,
whole tile,50,32289,40.289950329203364,
whole tile,60,33861,41.4439225692246,
whole tile,80,62741,48.97124236186131,
ROI mosaic x1.5,60,1837,,2.0
ROI mosaic x1.5,80,2132,,2.0
thumbnail 48px,30,664,,
thumbnail 48px,60,672,,
thumbnail 48px,80,685,,
thumbnail 64px,30,693,,
thumbnail 64px,60,704,,
thumbnail 64px,80,729,,
thumbnail 96px,30,776,,
thumbnail 96px,60,792,,
thumbnail 96px,80,849,,
thumbnail 128px,30,892,,
thumbnail 128px,60,919,,
thumbnail 128px,80,1038,,
whole tile,30,18625,38.00755367967141,
whole tile,40,24973,38.80674708096657,
whole tile,50,32125,40.42281591589937,
whole tile,60,33661,40.790335852556495,
whole tile,80,65441,48.258255710491504,
ROI mosaic x1.5,60,650,,1.0
ROI mosaic x1.5,80,660,,1.0
thumbnail 48px,30,757,,
thumbnail 48px,60,851,,
thumbnail 48px,80,1010,,
thumbnail 64px,30,864,,
thumbnail 64px,60,1055,,
thumbnail 64px,80,1304,,
thumbnail 96px,30,1187,,
thumbnail 96px,60,1607,,
thumbnail 96px,80,2207,,
thumbnail 128px,30,1663,,
thumbnail 128px,60,2449,,
thumbnail 128px,80,3617,,
whole tile,30,85153,24.203789211960263,
whole tile,40,98989,24.94277048351828,
whole tile,50,120623,26.228472035043954,
whole tile,60,127924,27.037661550703298,
whole tile,80,217000,34.7744490641598,
ROI mosaic x1.5,60,1057,,1.0
ROI mosaic x1.5,80,1297,,1.0
thumbnail 48px,30,811,,
thumbnail 48px,60,911,,
thumbnail 48px,80,1040,,
thumbnail 64px,30,897,,
thumbnail 64px,60,1058,,
thumbnail 64px,80,1284,,
thumbnail 96px,30,1144,,
thumbnail 96px,60,1453,,
thumbnail 96px,80,1853,,
thumbnail 128px,30,1454,,
thumbnail 128px,60,1891,,
thumbnail 128px,80,2558,,
whole tile,30,17816,39.00111496708416,
whole tile,40,22184,40.338319201230206,
whole tile,50,27046,41.53930151395823,
whole tile,60,28755,42.407183912160484,
whole tile,80,55501,48.96574769424517,
ROI mosaic x1.5,60,2502,,3.0
ROI mosaic x1.5,80,2875,,3.0
thumbnail 48px,30,681,,
thumbnail 48px,60,705,,
thumbnail 48px,80,746,,
thumbnail 64px,30,722,,
thumbnail 64px,60,754,,
thumbnail 64px,80,817,,
thumbnail 96px,30,826,,
thumbnail 96px,60,880,,
thumbnail 96px,80,1003,,
thumbnail 128px,30,955,,
thumbnail 128px,60,1040,,
thumbnail 128px,80,1255,,
whole tile,30,17844,38.446280693101535,
whole tile,40,23833,38.830124065653926,
whole tile,50,31065,40.1218766885227,
whole tile,60,32432,41.32345459181414,
whole tile,80,64171,48.63415518302518,
ROI mosaic x1.5,60,3634,,1.0
ROI mosaic x1.5,80,5306,,1.0
thumbnail 48px,30,709,,
thumbnail 48px,60,809,,
thumbnail 48px,80,1020,,
thumbnail 64px,30,807,,
thumbnail 64px,60,1088,,
thumbnail 64px,80,1533,,
thumbnail 96px,30,1471,,
thumbnail 96px,60,2237,,
thumbnail 96px,80,3216,,
thumbnail 128px,30,2532,,
thumbnail 128px,60,3863,,
thumbnail 128px,80,5767,,
whole tile,30,65291,33.46820691078742,
whole tile,40,74260,34.70710173337753,
whole tile,50,85021,36.04651026164718,
whole tile,60,91268,36.9160058449313,
whole tile,80,137474,42.80749443132397,
ROI mosaic x1.5,60,763,,1.0
ROI mosaic x1.5,80,814,,1.0
thumbnail 48px,30,687,,
thumbnail 48px,60,727,,
thumbnail 48px,80,786,,
thumbnail 64px,30,731,,
thumbnail 64px,60,790,,
thumbnail 64px,80,907,,
thumbnail 96px,30,846,,
thumbnail 96px,60,988,,
thumbnail 96px,80,1326,,
thumbnail 128px,30,995,,
thumbnail 128px,60,1342,,
thumbnail 128px,80,2125,,
whole tile,30,29371,36.7008213766146,
whole tile,40,35565,38.234744751172585,
whole tile,50,43286,39.415122971483875,
whole tile,60,47072,40.428983605877285,
whole tile,80,80435,45.974667735722036,
ROI mosaic x1.5,60,711,,1.0
ROI mosaic x1.5,80,747,,1.0
thumbnail 48px,30,712,,
thumbnail 48px,60,759,,
thumbnail 48px,80,832,,
thumbnail 64px,30,753,,
thumbnail 64px,60,821,,
thumbnail 64px,80,937,,
thumbnail 96px,30,873,,
thumbnail 96px,60,1001,,
thumbnail 96px,80,1214,,
thumbnail 128px,30,1033,,
thumbnail 128px,60,1228,,
thumbnail 128px,80,1612,,
whole tile,30,20020,37.54699857981228,
whole tile,40,26100,38.80756072600629,
whole tile,50,32788,40.467940114115336,
whole tile,60,34571,41.291336244423896,
whole tile,80,64412,48.05970150001436,
ROI mosaic x1.5,60,5046,,4.0
ROI mosaic x1.5,80,6339,,4.0
thumbnail 48px,30,675,,
thumbnail 48px,60,736,,
thumbnail 48px,80,895,,
thumbnail 64px,30,743,,
thumbnail 64px,60,914,,
thumbnail 64px,80,1232,,
thumbnail 96px,30,1056,,
thumbnail 96px,60,1510,,
thumbnail 96px,80,2181,,
thumbnail 128px,30,1559,,
thumbnail 128px,60,2351,,
thumbnail 128px,80,3701,,
whole tile,30,73011,26.046789372175915,
whole tile,40,87799,26.639288549220893,
whole tile,50,107824,27.444113885481826,
whole tile,60,118152,28.051767523370987,
whole tile,80,208920,34.78585480458822,
ROI mosaic x1.5,60,766,,1.0
ROI mosaic x1.5,80,838,,1.0
thumbnail 48px,30,734,,
thumbnail 48px,60,805,,
thumbnail 48px,80,904,,
thumbnail 64px,30,794,,
thumbnail 64px,60,904,,
thumbnail 64px,80,1066,,
thumbnail 96px,30,949,,
thumbnail 96px,60,1158,,
thumbnail 96px,80,1468,,
thumbnail 128px,30,1149,,
thumbnail 128px,60,1456,,
thumbnail 128px,80,1922,,
whole tile,30,14664,37.597113690142734,
whole tile,40,18720,38.16347387357041,
whole tile,50,24168,38.85182718303035,
whole tile,60,26672,39.394761313923865,
whole tile,80,66772,46.465564696406474,
ROI mosaic x1.5,60,3936,,3.0
ROI mosaic x1.5,80,5382,,3.0
thumbnail 48px,30,803,,
thumbnail 48px,60,940,,
thumbnail 48px,80,1137,,
thumbnail 64px,30,958,,
thumbnail 64px,60,1186,,
thumbnail 64px,80,1602,,
thumbnail 96px,30,1453,,
thumbnail 96px,60,2090,,
thumbnail 96px,80,3069,,
thumbnail 128px,30,2247,,
thumbnail 128px,60,3393,,
thumbnail 128px,80,5185,,
whole tile,30,52289,34.34036801173828,
whole tile,40,60239,35.57160234333609,
whole tile,50,69364,36.76569100066159,
whole tile,60,74502,37.736075065709954,
whole tile,80,116126,42.889583668620006,
ROI mosaic x1.5,60,832,,1.0
ROI mosaic x1.5,80,931,,1.0
thumbnail 48px,30,784,,
thumbnail 48px,60,899,,
thumbnail 48px,80,1072,,
thumbnail 64px,30,912,,
thumbnail 64px,60,1117,,
thumbnail 64px,80,1434,,
thumbnail 96px,30,1246,,
thumbnail 96px,60,1736,,
thumbnail 96px,80,2471,,
thumbnail 128px,30,1800,,
thumbnail 128px,60,2758,,
thumbnail 128px,80,4172,,
whole tile,30,58250,33.77922386435293,
whole tile,40,65972,35.183841622722014,
whole tile,50,75939,36.51725341615376,
whole tile,60,81054,37.279454472431944,
whole tile,80,123394,43.9839126568875,
ROI mosaic x1.5,60,31551,,3.0
ROI mosaic x1.5,80,44006,,3.0
thumbnail 48px,30,689,,
thumbnail 48px,60,766,,
thumbnail 48px,80,866,,
thumbnail 64px,30,755,,
thumbnail 64px,60,908,,
thumbnail 64px,80,1095,,
thumbnail 96px,30,953,,
thumbnail 96px,60,1319,,
thumbnail 96px,80,2027,,
thumbnail 128px,30,1300,,
thumbnail 128px,60,2146,,
thumbnail 128px,80,3823,,
whole tile,30,71649,28.061327330097235,
whole tile,40,84137,28.789903552358666,
whole tile,50,99504,29.62163736552084,
whole tile,60,107855,30.14510431613447,
whole tile,80,186102,37.604297885148625,
ROI mosaic x1.5,60,5639,,1.0
ROI mosaic x1.5,80,8308,,1.0
thumbnail 48px,30,678,,
thumbnail 48px,60,708,,
thumbnail 48px,80,752,,
thumbnail 64px,30,724,,
thumbnail 64px,60,761,,
thumbnail 64px,80,847,,
thumbnail 96px,30,836,,
thumbnail 96px,60,931,,
thumbnail 96px,80,1202,,
thumbnail 128px,30,997,,
thumbnail 128px,60,1261,,
thumbnail 128px,80,2075,,
whole tile,30,52674,27.379825778066646,
whole tile,40,64474,27.96687818834062,
whole tile,50,80955,28.86005331480198,
whole tile,60,84660,29.347478602223873,
whole tile,80,167686,37.87854575756683,
ROI mosaic x1.5,60,2675,,1.0
ROI mosaic x1.5,80,4032,,1.0
thumbnail 48px,30,669,,
thumbnail 48px,60,682,,
thumbnail 48px,80,734,,
thumbnail 64px,30,703,,
thumbnail 64px,60,730,,
thumbnail 64px,80,836,,
thumbnail 96px,30,799,,
thumbnail 96px,60,879,,
thumbnail 96px,80,1216,,
thumbnail 128px,30,930,,
thumbnail 128px,60,1161,,
thumbnail 128px,80,2063,,
whole tile,30,37596,35.41965665204236,
whole tile,40,44010,37.187186553763965,
whole tile,50,51900,38.8759160908215,
whole tile,60,55072,39.8634957857424,
whole tile,80,88804,46.367193681559826,
ROI mosaic x1.5,60,2461,,1.0
ROI mosaic x1.5,80,3310,,1.0
thumbnail 48px,30,666,,
thumbnail 48px,60,671,,
thumbnail 48px,80,691,,
thumbnail 64px,30,696,,
thumbnail 64px,60,705,,
thumbnail 64px,80,739,,
thumbnail 96px,30,784,,
thumbnail 96px,60,801,,
thumbnail 96px,80,880,,
thumbnail 128px,30,898,,
thumbnail 128px,60,932,,
thumbnail 128px,80,1158,,
whole tile,30,24678,36.883477669011945,
whole tile,40,30775,38.46481135193144,
whole tile,50,37694,40.46238146865902,
whole tile,60,39776,41.245198053735095,
whole tile,80,69117,47.74228497837164,
ROI mosaic x1.5,60,826,,1.0
ROI mosaic x1.5,80,935,,1.0
thumbnail 48px,30,692,,
thumbnail 48px,60,740,,
thumbnail 48px,80,834,,
thumbnail 64px,30,744,,
thumbnail 64px,60,833,,
thumbnail 64px,80,998,,
thumbnail 96px,30,894,,
thumbnail 96px,60,1154,,
thumbnail 96px,80,1634,,
thumbnail 128px,30,1118,,
thumbnail 128px,60,1699,,
thumbnail 128px,80,2945,,
whole tile,30,86268,24.873218835843364,
whole tile,40,103164,25.56799709413835,
whole tile,50,123988,26.724980117307492,
whole tile,60,131231,27.43138737244817,
whole tile,80,225903,35.43849579121063,
ROI mosaic x1.5,60,7788,,1.0
ROI mosaic x1.5,80,11406,,1.0
thumbnail 48px,30,674,,
thumbnail 48px,60,694,,
thumbnail 48px,80,731,,
thumbnail 64px,30,704,,
thumbnail 64px,60,730,,
thumbnail 64px,80,782,,
thumbnail 96px,30,797,,
thumbnail 96px,60,847,,
thumbnail 96px,80,984,,
thumbnail 128px,30,921,,
thumbnail 128px,60,993,,
thumbnail 128px,80,1391,,
whole tile,30,27110,37.18383262791822,
whole tile,40,33641,38.43495678364172,
whole tile,50,40504,39.30928074401466,
whole tile,60,42912,41.15628828989016,
whole tile,80,74612,48.02633101619882,
ROI mosaic x1.5,60,3486,,2.0
ROI mosaic x1.5,80,4628,,2.0
thumbnail 48px,30,666,,
thumbnail 48px,60,672,,
thumbnail 48px,80,681,,
thumbnail 64px,30,698,,
thumbnail 64px,60,706,,
thumbnail 64px,80,719,,
thumbnail 96px,30,783,,
thumbnail 96px,60,798,,
thumbnail 96px,80,820,,
thumbnail 128px,30,902,,
thumbnail 128px,60,916,,
thumbnail 128px,80,952,,
whole tile,30,10054,41.8449154646219,
whole tile,40,10633,40.654297883477284,
whole tile,50,11331,42.93645045568013,
whole tile,60,12394,42.07637950014971,
whole tile,80,43991,50.68712187563578,
ROI mosaic x1.5,60,1298,,1.0
ROI mosaic x1.5,80,1897,,1.0
thumbnail 48px,30,684,,
thumbnail 48px,60,717,,
thumbnail 48px,80,758,,
thumbnail 64px,30,730,,
thumbnail 64px,60,762,,
thumbnail 64px,80,827,,
thumbnail 96px,30,838,,
thumbnail 96px,60,902,,
thumbnail 96px,80,1016,,
thumbnail 128px,30,1004,,
thumbnail 128px,60,1095,,
thumbnail 128px,80,1299,,
whole tile,30,12711,36.9505609832192,
whole tile,40,14117,38.06411023194181,
whole tile,50,17316,38.7834176708645,
whole tile,60,20049,38.90464986523831,
whole tile,80,65304,45.1616008491999,
ROI mosaic x1.5,60,729,,1.0
ROI mosaic x1.5,80,770,,1.0
thumbnail 48px,30,745,,
thumbnail 48px,60,846,,
thumbnail 48px,80,987,,
thumbnail 64px,30,834,,
thumbnail 64px,60,1011,,
thumbnail 64px,80,1276,,
thumbnail 96px,30,1115,,
thumbnail 96px,60,1603,,
thumbnail 96px,80,2285,,
thumbnail 128px,30,1592,,
thumbnail 128px,60,2675,,
thumbnail 128px,80,4210,,
whole tile,30,54072,34.38827162877806,
whole tile,40,61197,35.7764305497426,
whole tile,50,70842,37.12928450247054,
whole tile,60,75525,38.04518170990407,
whole tile,80,115708,44.46766613231474,
ROI mosaic x1.5,60,662,,1.0
ROI mosaic x1.5,80,674,,1.0
thumbnail 48px,30,708,,
thumbnail 48px,60,737,,
thumbnail 48px,80,777,,
thumbnail 64px,30,762,,
thumbnail 64px,60,806,,
thumbnail 64px,80,875,,
thumbnail 96px,30,876,,
thumbnail 96px,60,941,,
thumbnail 96px,80,1068,,
thumbnail 128px,30,1048,,
thumbnail 128px,60,1139,,
thumbnail 128px,80,1395,,
whole tile,30,13226,39.73327394215869,
whole tile,40,16921,39.849018931139916,
whole tile,50,22433,41.024719376110454,
whole tile,60,27305,42.48982333046748,
whole tile,80,56248,46.863423127670806,
ROI mosaic x1.5,60,1823,,2.0
ROI mosaic x1.5,80,2083,,2.0
thumbnail 48px,30,667,,
thumbnail 48px,60,683,,
thumbnail 48px,80,715,,
thumbnail 64px,30,695,,
thumbnail 64px,60,711,,
thumbnail 64px,80,779,,
thumbnail 96px,30,782,,
thumbnail 96px,60,818,,
thumbnail 96px,80,972,,
thumbnail 128px,30,899,,
thumbnail 128px,60,968,,
thumbnail 128px,80,1253,,
whole tile,30,22799,34.44626297528259,
whole tile,40,31073,34.80811685442368,
whole tile,50,40768,35.785565770333925,
whole tile,60,42658,36.33608322080644,
whole tile,80,92955,45.16008970951121,
ROI mosaic x1.5,60,1379,,2.0
ROI mosaic x1.5,80,1433,,2.0
thumbnail 48px,30,676,,
thumbnail 48px,60,726,,
thumbnail 48px,80,873,,
thumbnail 64px,30,729,,
thumbnail 64px,60,863,,
thumbnail 64px,80,1172,,
thumbnail 96px,30,988,,
thumbnail 96px,60,1513,,
thumbnail 96px,80,2384,,
thumbnail 128px,30,1555,,
thumbnail 128px,60,2695,,
thumbnail 128px,80,4412,,
whole tile,30,63653,33.14919767903255,
whole tile,40,72026,34.348193698036276,
whole tile,50,82831,35.65337636591431,
whole tile,60,88357,36.30644613591104,
whole tile,80,135538,43.14885045452505,
ROI mosaic x1.5,60,3233,,1.0
ROI mosaic x1.5,80,4347,,1.0
thumbnail 48px,30,776,,
thumbnail 48px,60,868,,
thumbnail 48px,80,1027,,
thumbnail 64px,30,880,,
thumbnail 64px,60,1036,,
thumbnail 64px,80,1303,,
thumbnail 96px,30,1191,,
thumbnail 96px,60,1535,,
thumbnail 96px,80,2079,,
thumbnail 128px,30,1585,,
thumbnail 128px,60,2141,,
thumbnail 128px,80,3046,,
whole tile,30,28849,32.9282018391664,
whole tile,40,35281,33.77396324920586,
whole tile,50,42758,34.88167022439431,
whole tile,60,45681,35.42442610111818,
whole tile,80,94140,43.299981959373056,
ROI mosaic x1.5,60,6930,,1.0
ROI mosaic x1.5,80,10892,,1.0
thumbnail 48px,30,722,,
thumbnail 48px,60,804,,
thumbnail 48px,80,937,,
thumbnail 64px,30,798,,
thumbnail 64px,60,962,,
thumbnail 64px,80,1238,,
thumbnail 96px,30,1075,,
thumbnail 96px,60,1598,,
thumbnail 96px,80,2337,,
thumbnail 128px,30,1670,,
thumbnail 128px,60,2586,,
thumbnail 128px,80,3816,,
whole tile,30,57684,29.56199601715833,
whole tile,40,68643,30.328758937357975,
whole tile,50,81512,31.073410693107306,
whole tile,60,87377,31.557649723487184,
whole tile,80,159432,39.614335031248025,
ROI mosaic x1.5,60,4984,,1.0
ROI mosaic x1.5,80,7335,,1.0
thumbnail 48px,30,958,,
thumbnail 48px,60,1147,,
thumbnail 48px,80,1428,,
thumbnail 64px,30,1206,,
thumbnail 64px,60,1572,,
thumbnail 64px,80,2034,,
thumbnail 96px,30,2006,,
thumbnail 96px,60,2818,,
thumbnail 96px,80,3864,,
thumbnail 128px,30,3075,,
thumbnail 128px,60,4500,,
thumbnail 128px,80,6355,,
whole tile,30,58844,33.240305666807174,
whole tile,40,67600,34.412379523886614,
whole tile,50,77931,35.573164547302596,
whole tile,60,84012,36.55464773097886,
whole tile,80,128524,41.83152180114733,
ROI mosaic x1.5,60,23820,,1.0
ROI mosaic x1.5,80,34126,,1.0
thumbnail 48px,30,681,,
thumbnail 48px,60,697,,
thumbnail 48px,80,737,,
thumbnail 64px,30,713,,
thumbnail 64px,60,736,,
thumbnail 64px,80,797,,
thumbnail 96px,30,811,,
thumbnail 96px,60,854,,
thumbnail 96px,80,978,,
thumbnail 128px,30,939,,
thumbnail 128px,60,1009,,
thumbnail 128px,80,1276,,
whole tile,30,26625,36.934163072120825,
whole tile,40,33055,38.16910362980903,
whole tile,50,40906,39.278918109173844,
whole tile,60,43006,40.74011400020352,
whole tile,80,75205,47.022511545627374,
ROI mosaic x1.5,60,659,,1.0
ROI mosaic x1.5,80,674,,1.0
thumbnail 48px,30,666,,
thumbnail 48px,60,680,,
thumbnail 48px,80,712,,
thumbnail 64px,30,699,,
thumbnail 64px,60,723,,
thumbnail 64px,80,781,,
thumbnail 96px,30,796,,
thumbnail 96px,60,864,,
thumbnail 96px,80,1081,,
thumbnail 128px,30,941,,
thumbnail 128px,60,1077,,
thumbnail 128px,80,1654,,
whole tile,30,25131,37.59231723350781,
whole tile,40,31287,38.21656292443062,
whole tile,50,38289,40.204525773400235,
whole tile,60,40344,40.57185629532482,
whole tile,80,73014,47.84219895473381,
ROI mosaic x1.5,60,7460,,7.0
ROI mosaic x1.5,80,9060,,7.0
thumbnail 48px,30,668,,
thumbnail 48px,60,675,,
thumbnail 48px,80,693,,
thumbnail 64px,30,700,,
thumbnail 64px,60,709,,
thumbnail 64px,80,735,,
thumbnail 96px,30,786,,
thumbnail 96px,60,801,,
thumbnail 96px,80,882,,
thumbnail 128px,30,911,,
thumbnail 128px,60,939,,
thumbnail 128px,80,1150,,
whole tile,30,19925,36.723405824015096,
whole tile,40,25628,36.623044564423196,
whole tile,50,32686,38.13217361047772,
whole tile,60,34502,38.488616153658754,
whole tile,80,78640,47.00593494386473,
ROI mosaic x1.5,60,663,,1.0
ROI mosaic x1.5,80,683,,1.0
thumbnail 48px,30,685,,
thumbnail 48px,60,772,,
thumbnail 48px,80,914,,
thumbnail 64px,30,763,,
thumbnail 64px,60,946,,
thumbnail 64px,80,1368,,
thumbnail 96px,30,1166,,
thumbnail 96px,60,1937,,
thumbnail 96px,80,3010,,
thumbnail 128px,30,2135,,
thumbnail 128px,60,3729,,
thumbnail 128px,80,5603,,
whole tile,30,70835,32.162254710196095,
whole tile,40,80944,33.193714122509725,
whole tile,50,92754,34.259166451838055,
whole tile,60,100354,35.11986936558276,
whole tile,80,152608,40.17662954481602,
ROI mosaic x1.5,60,751,,1.0
ROI mosaic x1.5,80,801,,1.0
thumbnail 48px,30,687,,
thumbnail 48px,60,749,,
thumbnail 48px,80,926,,
thumbnail 64px,30,758,,
thumbnail 64px,60,933,,
thumbnail 64px,80,1250,,
thumbnail 96px,30,1082,,
thumbnail 96px,60,1542,,
thumbnail 96px,80,2234,,
thumbnail 128px,30,1588,,
thumbnail 128px,60,2458,,
thumbnail 128px,80,4007,,
whole tile,30,102873,23.20160626229004,
whole tile,40,121096,24.046932683377218,
whole tile,50,145782,25.39872983451547,
whole tile,60,154428,26.246046963501172,
whole tile,80,253609,33.83643804282886,
ROI mosaic x1.5,60,13670,,1.0
ROI mosaic x1.5,80,19772,,1.0
thumbnail 48px,30,682,,
thumbnail 48px,60,702,,
thumbnail 48px,80,738,,
thumbnail 64px,30,724,,
thumbnail 64px,60,753,,
thumbnail 64px,80,821,,
thumbnail 96px,30,812,,
thumbnail 96px,60,859,,
thumbnail 96px,80,976,,
thumbnail 128px,30,950,,
thumbnail 128px,60,1034,,
thumbnail 128px,80,1273,,
whole tile,30,20438,37.59436034061313,
whole tile,40,26028,38.773490600149294,
whole tile,50,33052,40.39297456148684,
whole tile,60,34611,42.11978631539854,
whole tile,80,63385,48.56696327043029,
ROI mosaic x1.5,60,4131,,1.0
ROI mosaic x1.5,80,5957,,1.0
thumbnail 48px,30,745,,
thumbnail 48px,60,821,,
thumbnail 48px,80,1012,,
thumbnail 64px,30,824,,
thumbnail 64px,60,1017,,
thumbnail 64px,80,1376,,
thumbnail 96px,30,1149,,
thumbnail 96px,60,1712,,
thumbnail 96px,80,2513,,
thumbnail 128px,30,1813,,
thumbnail 128px,60,2816,,
thumbnail 128px,80,4451,,
whole tile,30,56809,33.716293091066134,
whole tile,40,65591,34.87950313361567,
whole tile,50,75603,35.88703639975155,
whole tile,60,81783,36.814617305972334,
whole tile,80,126513,41.66156317925313,
ROI mosaic x1.5,60,13829,,1.0
ROI mosaic x1.5,80,19668,,1.0
thumbnail 48px,30,699,,
thumbnail 48px,60,729,,
thumbnail 48px,80,791,,
thumbnail 64px,30,758,,
thumbnail 64px,60,818,,
thumbnail 64px,80,932,,
thumbnail 96px,30,882,,
thumbnail 96px,60,981,,
thumbnail 96px,80,1167,,
thumbnail 128px,30,1085,,
thumbnail 128px,60,1244,,
thumbnail 128px,80,1577,,
whole tile,30,17455,38.07961858215155,
whole tile,40,23405,38.9878486246024,
whole tile,50,30392,40.32611870995459,
whole tile,60,32113,41.24769760138985,
whole tile,80,64901,48.14727419383286,
ROI mosaic x1.5,60,5448,,1.0
ROI mosaic x1.5,80,7999,,1.0
thumbnail 48px,30,673,,
thumbnail 48px,60,687,,
thumbnail 48px,80,735,,
thumbnail 64px,30,708,,
thumbnail 64px,60,736,,
thumbnail 64px,80,791,,
thumbnail 96px,30,793,,
thumbnail 96px,60,841,,
thumbnail 96px,80,961,,
thumbnail 128px,30,924,,
thumbnail 128px,60,991,,
thumbnail 128px,80,1204,,
whole tile,30,12839,39.88312127234434,
whole tile,40,17256,39.61765952350171,
whole tile,50,22790,40.587840955607405,
whole tile,60,24077,42.41051956976853,
whole tile,80,54128,49.79389890176464,
ROI mosaic x1.5,60,3870,,2.0
ROI mosaic x1.5,80,5554,,2.0
thumbnail 48px,30,677,,
thumbnail 48px,60,693,,
thumbnail 48px,80,718,,
thumbnail 64px,30,711,,
thumbnail 64px,60,735,,
thumbnail 64px,80,777,,
thumbnail 96px,30,812,,
thumbnail 96px,60,845,,
thumbnail 96px,80,939,,
thumbnail 128px,30,947,,
thumbnail 128px,60,1007,,
thumbnail 128px,80,1160,,
whole tile,30,16723,38.65942592059665,
whole tile,40,21547,40.430214528211934,
whole tile,50,26973,41.063842045574894,
whole tile,60,28260,42.89773881765556,
whole tile,80,53863,49.825738304582984,
ROI mosaic x1.5,60,2774,,1.0
ROI mosaic x1.5,80,3825,,1.0
thumbnail 48px,30,676,,
thumbnail 48px,60,684,,
thumbnail 48px,80,700,,
thumbnail 64px,30,705,,
thumbnail 64px,60,715,,
thumbnail 64px,80,731,,
thumbnail 96px,30,797,,
thumbnail 96px,60,822,,
thumbnail 96px,80,859,,
thumbnail 128px,30,912,,
thumbnail 128px,60,938,,
thumbnail 128px,80,981,,
whole tile,30,10401,42.0506335298623,
whole tile,40,11484,40.08431459153868,
whole tile,50,11381,43.280273685185804,
whole tile,60,12932,41.45974896199487,
whole tile,80,44835,50.7039074442098,
ROI mosaic x1.5,60,2627,,1.0
ROI mosaic x1.5,80,4556,,1.0
thumbnail 48px,30,672,,
thumbnail 48px,60,696,,
thumbnail 48px,80,741,,
thumbnail 64px,30,704,,
thumbnail 64px,60,741,,
thumbnail 64px,80,799,,
thumbnail 96px,30,794,,
thumbnail 96px,60,847,,
thumbnail 96px,80,973,,
thumbnail 128px,30,913,,
thumbnail 128px,60,994,,
thumbnail 128px,80,1190,,
whole tile,30,12238,38.21388944962406,
whole tile,40,16107,40.33468476640681,
whole tile,50,21207,41.650590420329614,
whole tile,60,22534,42.134212347020906,
whole tile,80,52326,50.03812773023998,
ROI mosaic x1.5,60,1468,,2.0
ROI mosaic x1.5,80,1610,,2.0
thumbnail 48px,30,704,,
thumbnail 48px,60,788,,
thumbnail 48px,80,902,,
thumbnail 64px,30,791,,
thumbnail 64px,60,948,,
thumbnail 64px,80,1275,,
thumbnail 96px,30,1079,,
thumbnail 96px,60,1588,,
thumbnail 96px,80,2534,,
thumbnail 128px,30,1759,,
thumbnail 128px,60,3000,,
thumbnail 128px,80,4562,,
whole tile,30,53428,34.47968368831126,
whole tile,40,61005,35.9831118007684,
whole tile,50,70229,37.38588840442634,
whole tile,60,74976,38.2712440617432,
whole tile,80,116066,44.248273007151326,
ROI mosaic x1.5,60,1062,,1.0
ROI mosaic x1.5,80,1246,,1.0
thumbnail 48px,30,816,,
thumbnail 48px,60,1012,,
thumbnail 48px,80,1295,,
thumbnail 64px,30,1062,,
thumbnail 64px,60,1447,,
thumbnail 64px,80,1926,,
thumbnail 96px,30,1835,,
thumbnail 96px,60,2743,,
thumbnail 96px,80,3886,,
thumbnail 128px,30,2954,,
thumbnail 128px,60,4606,,
thumbnail 128px,80,6650,,
whole tile,30,64105,33.125145406602925,
whole tile,40,73831,34.4334960858039,
whole tile,50,84954,35.63523356798623,
whole tile,60,92206,36.64124332256664,
whole tile,80,138718,41.536250454798,
ROI mosaic x1.5,60,1194,,1.0
ROI mosaic x1.5,80,1420,,1.0
thumbnail 48px,30,695,,
thumbnail 48px,60,764,,
thumbnail 48px,80,851,,
thumbnail 64px,30,749,,
thumbnail 64px,60,866,,
thumbnail 64px,80,1061,,
thumbnail 96px,30,918,,
thumbnail 96px,60,1250,,
thumbnail 96px,80,1689,,
thumbnail 128px,30,1220,,
thumbnail 128px,60,1828,,
thumbnail 128px,80,2652,,
whole tile,30,40851,35.38936305923412,
whole tile,40,48037,36.58515794702424,
whole tile,50,56393,37.85485242288053,
whole tile,60,59810,38.87235433035211,
whole tile,80,97438,44.814426273699524,
ROI mosaic x1.5,60,755,,1.0
ROI mosaic x1.5,80,805,,1.0
thumbnail 48px,30,698,,
thumbnail 48px,60,751,,
thumbnail 48px,80,841,,
thumbnail 64px,30,755,,
thumbnail 64px,60,834,,
thumbnail 64px,80,977,,
thumbnail 96px,30,887,,
thumbnail 96px,60,1048,,
thumbnail 96px,80,1339,,
thumbnail 128px,30,1085,,
thumbnail 128px,60,1358,,
thumbnail 128px,80,1922,,
whole tile,30,21242,37.851606941627566,
whole tile,40,27011,38.87461966684953,
whole tile,50,33911,39.88067746081135,
whole tile,60,35742,41.12168631139827,
whole tile,80,67197,47.79561113488122,
ROI mosaic x1.5,60,12211,,1.0
ROI mosaic x1.5,80,18566,,1.0
thumbnail 48px,30,683,,
thumbnail 48px,60,705,,
thumbnail 48px,80,748,,
thumbnail 64px,30,727,,
thumbnail 64px,60,760,,
thumbnail 64px,80,837,,
thumbnail 96px,30,822,,
thumbnail 96px,60,869,,
thumbnail 96px,80,996,,
thumbnail 128px,30,966,,
thumbnail 128px,60,1046,,
thumbnail 128px,80,1249,,
whole tile,30,10942,40.112309731011294,
whole tile,40,11477,42.27540218925533,
whole tile,50,11982,44.08378164456843,
whole tile,60,13152,44.75909581409421,
whole tile,80,29414,50.996619946891855,
ROI mosaic x1.5,60,3589,,3.0
ROI mosaic x1.5,80,4659,,3.0
thumbnail 48px,30,671,,
thumbnail 48px,60,707,,
thumbnail 48px,80,782,,
thumbnail 64px,30,709,,
thumbnail 64px,60,774,,
thumbnail 64px,80,966,,
thumbnail 96px,30,835,,
thumbnail 96px,60,1157,,
thumbnail 96px,80,1864,,
thumbnail 128px,30,1130,,
thumbnail 128px,60,1989,,
thumbnail 128px,80,3418,,
whole tile,30,54987,34.27711454671736,
whole tile,40,62694,35.87613802748748,
whole tile,50,72349,37.24030864124079,
whole tile,60,77107,38.13242797122375,
whole tile,80,117887,45.0626787279164,
ROI mosaic x1.5,60,1086,,1.0
ROI mosaic x1.5,80,1267,,1.0
thumbnail 48px,30,688,,
thumbnail 48px,60,707,,
thumbnail 48px,80,767,,
thumbnail 64px,30,728,,
thumbnail 64px,60,765,,
thumbnail 64px,80,863,,
thumbnail 96px,30,834,,
thumbnail 96px,60,932,,
thumbnail 96px,80,1287,,
thumbnail 128px,30,965,,
thumbnail 128px,60,1284,,
thumbnail 128px,80,2122,,
whole tile,30,28349,37.05922503759473,
whole tile,40,34787,37.858400221705764,
whole tile,50,41671,38.52540376058984,
whole tile,60,47171,39.921273449320736,
whole tile,80,80204,44.120059690038396,
ROI mosaic x1.5,60,1457,,1.0
ROI mosaic x1.5,80,1853,,1.0
thumbnail 48px,30,698,,
thumbnail 48px,60,748,,
thumbnail 48px,80,822,,
thumbnail 64px,30,753,,
thumbnail 64px,60,830,,
thumbnail 64px,80,958,,
thumbnail 96px,30,883,,
thumbnail 96px,60,1026,,
thumbnail 96px,80,1269,,
thumbnail 128px,30,1061,,
thumbnail 128px,60,1298,,
thumbnail 128px,80,1730,,
whole tile,30,13387,38.02346630204804,
whole tile,40,16469,38.491818447225114,
whole tile,50,20601,39.49838791819002,
whole tile,60,22472,39.85784536762644,
whole tile,80,63275,47.76744044122463,
ROI mosaic x1.5,60,3494,,5.0
ROI mosaic x1.5,80,3682,,5.0
thumbnail 48px,30,703,,
thumbnail 48px,60,749,,
thumbnail 48px,80,839,,
thumbnail 64px,30,749,,
thumbnail 64px,60,847,,
thumbnail 64px,80,1020,,
thumbnail 96px,30,883,,
thumbnail 96px,60,1121,,
thumbnail 96px,80,1554,,
thumbnail 128px,30,1092,,
thumbnail 128px,60,1596,,
thumbnail 128px,80,2404,,
whole tile,30,35986,36.26098434926377,
whole tile,40,42367,37.726118820678295,
whole tile,50,49540,38.72183019541041,
whole tile,60,52810,39.84454196160248,
whole tile,80,85618,46.09586418289589,
ROI mosaic x1.5,60,14249,,1.0
ROI mosaic x1.5,80,20498,,1.0
thumbnail 48px,30,765,,
thumbnail 48px,60,879,,
thumbnail 48px,80,1020,,
thumbnail 64px,30,905,,
thumbnail 64px,60,1097,,
thumbnail 64px,80,1407,,
thumbnail 96px,30,1336,,
thumbnail 96px,60,1832,,
thumbnail 96px,80,2624,,
thumbnail 128px,30,2014,,
thumbnail 128px,60,2957,,
thumbnail 128px,80,4777,,
whole tile,30,68303,32.85370277124316,
whole tile,40,77500,33.94771841385291,
whole tile,50,88684,35.166924495769436,
whole tile,60,94916,35.96263774925386,
whole tile,80,144392,42.86966704823804,
ROI mosaic x1.5,60,3720,,1.0
ROI mosaic x1.5,80,5027,,1.0
thumbnail 48px,30,683,,
thumbnail 48px,60,696,,
thumbnail 48px,80,714,,
thumbnail 64px,30,723,,
thumbnail 64px,60,738,,
thumbnail 64px,80,765,,
thumbnail 96px,30,825,,
thumbnail 96px,60,856,,
thumbnail 96px,80,909,,
thumbnail 128px,30,963,,
thumbnail 128px,60,1012,,
thumbnail 128px,80,1114,,
whole tile,30,16828,37.61484445047607,
whole tile,40,21982,39.08380408933661,
whole tile,50,29261,40.445878170569465,
whole tile,60,30618,41.81843436964512,
whole tile,80,63341,48.845789532874605,
ROI mosaic x1.5,60,6491,,1.0
ROI mosaic x1.5,80,9910,,1.0
thumbnail 48px,30,667,,
thumbnail 48px,60,677,,
thumbnail 48px,80,691,,
thumbnail 64px,30,696,,
thumbnail 64px,60,707,,
thumbnail 64px,80,733,,
thumbnail 96px,30,779,,
thumbnail 96px,60,798,,
thumbnail 96px,80,862,,
thumbnail 128px,30,896,,
thumbnail 128px,60,929,,
thumbnail 128px,80,1052,,
whole tile,30,10275,42.05332826405269,
whole tile,40,10958,40.46978686762439,
whole tile,50,11761,43.57703546413492,
whole tile,60,13126,42.38734196698814,
whole tile,80,42711,50.76231606789279,
ROI mosaic x1.5,60,1409,,1.0
ROI mosaic x1.5,80,2262,,1.0
thumbnail 48px,30,684,,
thumbnail 48px,60,712,,
thumbnail 48px,80,761,,
thumbnail 64px,30,723,,
thumbnail 64px,60,760,,
thumbnail 64px,80,845,,
thumbnail 96px,30,831,,
thumbnail 96px,60,901,,
thumbnail 96px,80,1097,,
thumbnail 128px,30,968,,
thumbnail 128px,60,1080,,
thumbnail 128px,80,1561,,
whole tile,30,31054,36.634055866266536,
whole tile,40,37319,37.683440239744755,
whole tile,50,45047,39.26559527635038,
whole tile,60,47428,40.217353918377015,
whole tile,80,79386,47.35226995241092,
ROI mosaic x1.5,60,1088,,1.0
ROI mosaic x1.5,80,1301,,1.0
thumbnail 48px,30,769,,
thumbnail 48px,60,845,,
thumbnail 48px,80,950,,
thumbnail 64px,30,866,,
thumbnail 64px,60,974,,
thumbnail 64px,80,1156,,
thumbnail 96px,30,1110,,
thumbnail 96px,60,1343,,
thumbnail 96px,80,1695,,
thumbnail 128px,30,1406,,
thumbnail 128px,60,1773,,
thumbnail 128px,80,2382,,
whole tile,30,23565,35.13729305156581,
whole tile,40,29567,35.981126115829404,
whole tile,50,37398,36.941362575566586,
whole tile,60,39833,37.57258975870859,
whole tile,80,85927,45.3603769777053,
ROI mosaic x1.5,60,6722,,1.0
ROI mosaic x1.5,80,10412,,1.0
thumbnail 48px,30,689,,
thumbnail 48px,60,724,,
thumbnail 48px,80,786,,
thumbnail 64px,30,721,,
thumbnail 64px,60,778,,
thumbnail 64px,80,851,,
thumbnail 96px,30,826,,
thumbnail 96px,60,916,,
thumbnail 96px,80,1087,,
thumbnail 128px,30,964,,
thumbnail 128px,60,1089,,
thumbnail 128px,80,1365,,
whole tile,30,15898,38.266910040643836,
whole tile,40,21496,39.26167159920445,
whole tile,50,28166,40.53457892441066,
whole tile,60,29589,41.28713941059176,
whole tile,80,61220,48.78473736605592,
ROI mosaic x1.5,60,1047,,1.0
ROI mosaic x1.5,80,1317,,1.0
thumbnail 48px,30,688,,
thumbnail 48px,60,711,,
thumbnail 48px,80,763,,
thumbnail 64px,30,723,,
thumbnail 64px,60,769,,
thumbnail 64px,80,844,,
thumbnail 96px,30,831,,
thumbnail 96px,60,900,,
thumbnail 96px,80,1070,,
thumbnail 128px,30,979,,
thumbnail 128px,60,1101,,
thumbnail 128px,80,1396,,
whole tile,30,21773,37.57405206226745,
whole tile,40,27640,39.105497174381945,
whole tile,50,34389,40.548440866218,
whole tile,60,36267,41.41728614970582,
whole tile,80,65390,48.280066841439904,
ROI mosaic x1.5,60,4285,,1.0
ROI mosaic x1.5,80,6162,,1.0
thumbnail 48px,30,985,,
thumbnail 48px,60,1219,,
thumbnail 48px,80,1527,,
thumbnail 64px,30,1261,,
thumbnail 64px,60,1720,,
thumbnail 64px,80,2238,,
thumbnail 96px,30,2128,,
thumbnail 96px,60,3054,,
thumbnail 96px,80,4235,,
thumbnail 128px,30,3287,,
thumbnail 128px,60,4853,,
thumbnail 128px,80,7028,,
whole tile,30,60464,33.21769388431901,
whole tile,40,69440,34.43683041517191,
whole tile,50,80003,35.7017197854661,
whole tile,60,86119,36.665872328827874,
whole tile,80,131311,42.420811499564614,
ROI mosaic x1.5,60,14279,,10.0
ROI mosaic x1.5,80,17790,,10.0
thumbnail 48px,30,849,,
thumbnail 48px,60,975,,
thumbnail 48px,80,1144,,
thumbnail 64px,30,969,,
thumbnail 64px,60,1154,,
thumbnail 64px,80,1404,,
thumbnail 96px,30,1289,,
thumbnail 96px,60,1611,,
thumbnail 96px,80,2098,,
thumbnail 128px,30,1632,,
thumbnail 128px,60,2161,,
thumbnail 128px,80,2877,,
whole tile,30,18612,40.044046402211805,
whole tile,40,20995,41.316231718889895,
whole tile,50,23783,42.254111057085,
whole tile,60,25410,42.916063383669055,
whole tile,80,43680,49.23746926849377,
ROI mosaic x1.5,60,1275,,2.0
ROI mosaic x1.5,80,1284,,2.0
thumbnail 48px,30,681,,
thumbnail 48px,60,697,,
thumbnail 48px,80,727,,
thumbnail 64px,30,715,,
thumbnail 64px,60,735,,
thumbnail 64px,80,797,,
thumbnail 96px,30,814,,
thumbnail 96px,60,857,,
thumbnail 96px,80,1094,,
thumbnail 128px,30,946,,
thumbnail 128px,60,1083,,
thumbnail 128px,80,1660,,
whole tile,30,23213,36.74169867727609,
whole tile,40,29064,37.84843471940067,
whole tile,50,35320,38.5614512412713,
whole tile,60,40902,39.34173351601582,
whole tile,80,73983,42.79363331611194,
ROI mosaic x1.5,60,1488,,1.0
ROI mosaic x1.5,80,1916,,1.0
thumbnail 48px,30,848,,
thumbnail 48px,60,1006,,
thumbnail 48px,80,1249,,
thumbnail 64px,30,1009,,
thumbnail 64px,60,1293,,
thumbnail 64px,80,1725,,
thumbnail 96px,30,1559,,
thumbnail 96px,60,2238,,
thumbnail 96px,80,3254,,
thumbnail 128px,30,2364,,
thumbnail 128px,60,3535,,
thumbnail 128px,80,5299,,
whole tile,30,47053,34.52140944497606,
whole tile,40,54565,35.742193706356886,
whole tile,50,63095,36.87206337764869,
whole tile,60,68018,37.9045894963137,
whole tile,80,107483,42.61608323733632,
ROI mosaic x1.5,60,1413,,2.0
ROI mosaic x1.5,80,1480,,2.0
thumbnail 48px,30,720,,
thumbnail 48px,60,806,,
thumbnail 48px,80,973,,
thumbnail 64px,30,822,,
thumbnail 64px,60,1001,,
thumbnail 64px,80,1339,,
thumbnail 96px,30,1156,,
thumbnail 96px,60,1696,,
thumbnail 96px,80,2468,,
thumbnail 128px,30,1752,,
thumbnail 128px,60,2829,,
thumbnail 128px,80,4393,,
whole tile,30,102325,23.56275966269941,
whole tile,40,119928,24.29412579520488,
whole tile,50,144359,25.552775202815333,
whole tile,60,153296,26.32801851482761,
whole tile,80,256241,34.09053604868443,
ROI mosaic x1.5,60,1220,,1.0
ROI mosaic x1.5,80,1493,,1.0
thumbnail 48px,30,716,,
thumbnail 48px,60,809,,
thumbnail 48px,80,985,,
thumbnail 64px,30,808,,
thumbnail 64px,60,1044,,
thumbnail 64px,80,1385,,
thumbnail 96px,30,1251,,
thumbnail 96px,60,1849,,
thumbnail 96px,80,2769,,
thumbnail 128px,30,2010,,
thumbnail 128px,60,3243,,
thumbnail 128px,80,5046,,
whole tile,30,69936,32.625173809861,
whole tile,40,79398,33.78933276028387,
whole tile,50,91255,35.06409335412718,
whole tile,60,97851,35.950542346077995,
whole tile,80,147808,42.37041872625863,
ROI mosaic x1.5,60,716,,1.0
ROI mosaic x1.5,80,750,,1.0
thumbnail 48px,30,678,,
thumbnail 48px,60,688,,
thumbnail 48px,80,703,,
thumbnail 64px,30,715,,
thumbnail 64px,60,733,,
thumbnail 64px,80,758,,
thumbnail 96px,30,822,,
thumbnail 96px,60,850,,
thumbnail 96px,80,903,,
thumbnail 128px,30,954,,
thumbnail 128px,60,997,,
thumbnail 128px,80,1088,,
whole tile,30,11307,39.482994844969525,
whole tile,40,11484,40.434052044043256,
whole tile,50,13140,40.599355979667834,
whole tile,60,14688,41.381960033133424,
whole tile,80,51774,47.02268078830157,
ROI mosaic x1.5,60,2490,,1.0
ROI mosaic x1.5,80,3777,,1.0
thumbnail 48px,30,694,,
thumbnail 48px,60,731,,
thumbnail 48px,80,800,,
thumbnail 64px,30,734,,
thumbnail 64px,60,795,,
thumbnail 64px,80,933,,
thumbnail 96px,30,853,,
thumbnail 96px,60,1060,,
thumbnail 96px,80,1563,,
thumbnail 128px,30,1059,,
thumbnail 128px,60,1586,,
thumbnail 128px,80,2717,,
whole tile,30,39212,35.43637018224953,
whole tile,40,45781,37.19766677599923,
whole tile,50,53421,38.83094296768208,
whole tile,60,56802,39.76207432129705,
whole tile,80,91074,46.10363814428516,
ROI mosaic x1.5,60,5018,,2.0
ROI mosaic x1.5,80,6705,,2.0
thumbnail 48px,30,698,,
thumbnail 48px,60,761,,
thumbnail 48px,80,860,,
thumbnail 64px,30,757,,
thumbnail 64px,60,863,,
thumbnail 64px,80,1028,,
thumbnail 96px,30,895,,
thumbnail 96px,60,1134,,
thumbnail 96px,80,1506,,
thumbnail 128px,30,1121,,
thumbnail 128px,60,1537,,
thumbnail 128px,80,2280,,
whole tile,30,61887,27.11184857267935,
whole tile,40,76893,27.987788026584166,
whole tile,50,93602,29.269022089972626,
whole tile,60,98434,30.030510836552956,
whole tile,80,174143,37.98589576589923,
ROI mosaic x1.5,60,768,,1.0
ROI mosaic x1.5,80,834,,1.0
thumbnail 48px,30,693,,
thumbnail 48px,60,718,,
thumbnail 48px,80,756,,
thumbnail 64px,30,735,,
thumbnail 64px,60,775,,
thumbnail 64px,80,855,,
thumbnail 96px,30,854,,
thumbnail 96px,60,946,,
thumbnail 96px,80,1234,,
thumbnail 128px,30,1021,,
thumbnail 128px,60,1286,,
thumbnail 128px,80,1964,,
whole tile,30,20635,37.50302232575981,
whole tile,40,26208,38.917699994022286,
whole tile,50,32549,39.419405108266105,
whole tile,60,38180,40.177183090593076,
whole tile,80,70355,44.69333936301232,
ROI mosaic x1.5,60,765,,1.0
ROI mosaic x1.5,80,822,,1.0
thumbnail 48px,30,749,,
thumbnail 48px,60,824,,
thumbnail 48px,80,918,,
thumbnail 64px,30,823,,
thumbnail 64px,60,934,,
thumbnail 64px,80,1119,,
thumbnail 96px,30,991,,
thumbnail 96px,60,1221,,
thumbnail 96px,80,1560,,
thumbnail 128px,30,1207,,
thumbnail 128px,60,1567,,
thumbnail 128px,80,2119,,
whole tile,30,14759,38.26240273889269,
whole tile,40,18611,38.79823546608326,
whole tile,50,23181,39.92873477288296,
whole tile,60,25389,40.37933733755288,
whole tile,80,61688,47.52585277728735,
ROI mosaic x1.5,60,3016,,1.0
ROI mosaic x1.5,80,4793,,1.0
thumbnail 48px,30,665,,
thumbnail 48px,60,729,,
thumbnail 48px,80,824,,
thumbnail 64px,30,711,,
thumbnail 64px,60,845,,
thumbnail 64px,80,1041,,
thumbnail 96px,30,905,,
thumbnail 96px,60,1221,,
thumbnail 96px,80,1701,,
thumbnail 128px,30,1205,,
thumbnail 128px,60,1844,,
thumbnail 128px,80,2779,,
whole tile,30,40006,35.71688920192236,
whole tile,40,46814,36.931559741768744,
whole tile,50,54775,38.073908797853576,
whole tile,60,58449,39.236974974457546,
whole tile,80,95324,44.930784816752364,
ROI mosaic x1.5,60,1434,,2.0
ROI mosaic x1.5,80,1516,,2.0
thumbnail 48px,30,750,,
thumbnail 48px,60,871,,
thumbnail 48px,80,1077,,
thumbnail 64px,30,881,,
thumbnail 64px,60,1151,,
thumbnail 64px,80,1656,,
thumbnail 96px,30,1441,,
thumbnail 96px,60,2349,,
thumbnail 96px,80,3485,,
thumbnail 128px,30,2590,,
thumbnail 128px,60,4410,,
thumbnail 128px,80,6567,,
whole tile,30,87859,30.225520488510984,
whole tile,40,99996,31.250643180222927,
whole tile,50,114412,32.392098025097646,
whole tile,60,123790,33.24807464673084,
whole tile,80,186564,38.92640766886194,
ROI mosaic x1.5,60,19130,,3.0
ROI mosaic x1.5,80,26441,,3.0
thumbnail 48px,30,666,,
thumbnail 48px,60,675,,
thumbnail 48px,80,699,,
thumbnail 64px,30,696,,
thumbnail 64px,60,706,,
thumbnail 64px,80,738,,
thumbnail 96px,30,782,,
thumbnail 96px,60,806,,
thumbnail 96px,80,898,,
thumbnail 128px,30,896,,
thumbnail 128px,60,934,,
thumbnail 128px,80,1128,,
whole tile,30,20788,38.48764534754866,
whole tile,40,26607,39.422167599957724,
whole tile,50,33690,40.65735404893115,
whole tile,60,35288,41.92654718140563,
whole tile,80,64321,48.51127377217777,
ROI mosaic x1.5,60,726,,1.0
ROI mosaic x1.5,80,771,,1.0
thumbnail 48px,30,857,,
thumbnail 48px,60,999,,
thumbnail 48px,80,1202,,
thumbnail 64px,30,1008,,
thumbnail 64px,60,1214,,
thumbnail 64px,80,1555,,
thumbnail 96px,30,1407,,
thumbnail 96px,60,1888,,
thumbnail 96px,80,2556,,
thumbnail 128px,30,1947,,
thumbnail 128px,60,2714,,
thumbnail 128px,80,3848,,
whole tile,30,30381,36.354137513515695,
whole tile,40,36249,37.681959678033685,
whole tile,50,43333,38.933218639836696,
whole tile,60,46171,39.88110162226021,
whole tile,80,79458,45.565441394569575,
ROI mosaic x1.5,60,3346,,3.0
ROI mosaic x1.5,80,4051,,3.0
thumbnail 48px,30,735,,
thumbnail 48px,60,790,,
thumbnail 48px,80,871,,
thumbnail 64px,30,797,,
thumbnail 64px,60,886,,
thumbnail 64px,80,1020,,
thumbnail 96px,30,946,,
thumbnail 96px,60,1131,,
thumbnail 96px,80,1375,,
thumbnail 128px,30,1155,,
thumbnail 128px,60,1433,,
thumbnail 128px,80,1943,,
whole tile,30,24615,38.437897934318244,
whole tile,40,29393,39.023964725567055,
whole tile,50,34777,40.61361697486214,
whole tile,60,37127,41.61871247908239,
whole tile,80,60958,48.072178316828214,
ROI mosaic x1.5,60,10530,,1.0
ROI mosaic x1.5,80,15592,,1.0
thumbnail 48px,30,725,,
thumbnail 48px,60,805,,
thumbnail 48px,80,933,,
thumbnail 64px,30,803,,
thumbnail 64px,60,946,,
thumbnail 64px,80,1180,,
thumbnail 96px,30,1020,,
thumbnail 96px,60,1349,,
thumbnail 96px,80,1892,,
thumbnail 128px,30,1335,,
thumbnail 128px,60,1993,,
thumbnail 128px,80,2963,,
whole tile,30,36853,36.3093130121559,
whole tile,40,42263,37.59113791283556,
whole tile,50,49178,38.93508439660474,
whole tile,60,52213,39.84259841105522,
whole tile,80,84411,44.89754409578158,
ROI mosaic x1.5,60,6106,,1.0
ROI mosaic x1.5,80,8598,,1.0
thumbnail 48px,30,730,,
thumbnail 48px,60,847,,
thumbnail 48px,80,1079,,
thumbnail 64px,30,888,,
thumbnail 64px,60,1239,,
thumbnail 64px,80,1715,,
thumbnail 96px,30,1678,,
thumbnail 96px,60,2522,,
thumbnail 96px,80,3580,,
thumbnail 128px,30,2882,,
thumbnail 128px,60,4394,,
thumbnail 128px,80,6389,,
whole tile,30,72537,32.66231882795784,
whole tile,40,82353,33.92289255170978,
whole tile,50,93819,35.17501480073413,
whole tile,60,101059,36.05089675216779,
whole tile,80,150481,41.799589438878506,
ROI mosaic x1.5,60,4366,,1.0
ROI mosaic x1.5,80,5915,,1.0
thumbnail 48px,30,712,,
thumbnail 48px,60,780,,
thumbnail 48px,80,890,,
thumbnail 64px,30,770,,
thumbnail 64px,60,915,,
thumbnail 64px,80,1153,,
thumbnail 96px,30,996,,
thumbnail 96px,60,1424,,
thumbnail 96px,80,2103,,
thumbnail 128px,30,1423,,
thumbnail 128px,60,2304,,
thumbnail 128px,80,3694,,
whole tile,30,54801,34.62364366077553,
whole tile,40,62079,35.880052953432866,
whole tile,50,71954,37.295100210053285,
whole tile,60,76648,38.25963264107618,
whole tile,80,116304,44.91443751068027,
ROI mosaic x1.5,60,662,,1.0
ROI mosaic x1.5,80,678,,1.0
thumbnail 48px,30,666,,
thumbnail 48px,60,685,,
thumbnail 48px,80,730,,
thumbnail 64px,30,697,,
thumbnail 64px,60,719,,
thumbnail 64px,80,820,,
thumbnail 96px,30,793,,
thumbnail 96px,60,878,,
thumbnail 96px,80,1211,,
thumbnail 128px,30,927,,
thumbnail 128px,60,1218,,
thumbnail 128px,80,2062,,
whole tile,30,36972,36.42878327328522,
whole tile,40,43613,37.27287183980532,
whole tile,50,51430,39.06538248563333,
whole tile,60,54527,40.02155893353209,
whole tile,80,87406,46.430821658950556,
ROI mosaic x1.5,60,2535,,1.0
ROI mosaic x1.5,80,3388,,1.0
thumbnail 48px,30,684,,
thumbnail 48px,60,714,,
thumbnail 48px,80,769,,
thumbnail 64px,30,720,,
thumbnail 64px,60,760,,
thumbnail 64px,80,850,,
thumbnail 96px,30,828,,
thumbnail 96px,60,895,,
thumbnail 96px,80,1071,,
thumbnail 128px,30,965,,
thumbnail 128px,60,1066,,
thumbnail 128px,80,1332,,
whole tile,30,18335,38.49172936642419,
whole tile,40,23700,39.85819241259294,
whole tile,50,29100,41.631282819628666,
whole tile,60,30620,42.36848100096404,
whole tile,80,56605,49.25838813365283,
ROI mosaic x1.5,60,5260,,1.0
ROI mosaic x1.5,80,7823,,1.0
thumbnail 48px,30,664,,
thumbnail 48px,60,671,,
thumbnail 48px,80,687,,
thumbnail 64px,30,694,,
thumbnail 64px,60,705,,
thumbnail 64px,80,734,,
thumbnail 96px,30,780,,
thumbnail 96px,60,796,,
thumbnail 96px,80,851,,
thumbnail 128px,30,898,,
thumbnail 128px,60,920,,
thumbnail 128px,80,1023,,
whole tile,30,10450,39.20526077157047,
whole tile,40,10933,41.780733217139314,
whole tile,50,12039,42.10257484446058,
whole tile,60,13398,42.29741508994324,
whole tile,80,42529,50.84420014276709,
ROI mosaic x1.5,60,663,,1.0
ROI mosaic x1.5,80,688,,1.0
thumbnail 48px,30,711,,
thumbnail 48px,60,798,,
thumbnail 48px,80,906,,
thumbnail 64px,30,799,,
thumbnail 64px,60,918,,
thumbnail 64px,80,1117,,
thumbnail 96px,30,986,,
thumbnail 96px,60,1338,,
thumbnail 96px,80,1956,,
thumbnail 128px,30,1313,,
thumbnail 128px,60,2081,,
thumbnail 128px,80,3473,,
whole tile,30,88138,24.757503847357782,
whole tile,40,104724,25.423571850812436,
whole tile,50,125689,26.551885179811126,
whole tile,60,133384,27.247175012086036,
whole tile,80,230674,35.27474216392523,
ROI mosaic x1.5,60,677,,1.0
ROI mosaic x1.5,80,698,,1.0
thumbnail 48px,30,699,,
thumbnail 48px,60,719,,
thumbnail 48px,80,768,,
thumbnail 64px,30,739,,
thumbnail 64px,60,777,,
thumbnail 64px,80,844,,
thumbnail 96px,30,874,,
thumbnail 96px,60,934,,
thumbnail 96px,80,1062,,
thumbnail 128px,30,1016,,
thumbnail 128px,60,1101,,
thumbnail 128px,80,1289,,
whole tile,30,16195,38.0933267340744,
whole tile,40,21838,39.32721847516182,
whole tile,50,28699,40.653387419807004,
whole tile,60,30104,40.898538494858236,
whole tile,80,62081,48.597138000970155,
ROI mosaic x1.5,60,9135,,1.0
ROI mosaic x1.5,80,14408,,1.0
thumbnail 48px,30,709,,
thumbnail 48px,60,752,,
thumbnail 48px,80,833,,
thumbnail 64px,30,766,,
thumbnail 64px,60,845,,
thumbnail 64px,80,960,,
thumbnail 96px,30,907,,
thumbnail 96px,60,1034,,
thumbnail 96px,80,1283,,
thumbnail 128px,30,1120,,
thumbnail 128px,60,1341,,
thumbnail 128px,80,1767,,
whole tile,30,15252,38.474020486985054,
whole tile,40,19145,39.796511532579565,
whole tile,50,25373,40.65588364286506,
whole tile,60,28556,41.597862604799055,
whole tile,80,59043,47.33994109455199,
ROI mosaic x1.5,60,1937,,2.0
ROI mosaic x1.5,80,2304,,2.0
thumbnail 48px,30,666,,
thumbnail 48px,60,674,,
thumbnail 48px,80,696,,
thumbnail 64px,30,695,,
thumbnail 64px,60,704,,
thumbnail 64px,80,761,,
thumbnail 96px,30,777,,
thumbnail 96px,60,812,,
thumbnail 96px,80,1086,,
thumbnail 128px,30,899,,
thumbnail 128px,60,1076,,
thumbnail 128px,80,1901,,
whole tile,30,36624,36.10610885919879,
whole tile,40,42956,37.5517486552165,
whole tile,50,50746,38.87637503024908,
whole tile,60,53862,39.84865548577493,
whole tile,80,86993,46.66722691632114,
ROI mosaic x1.5,60,667,,1.0
ROI mosaic x1.5,80,686,,1.0
thumbnail 48px,30,758,,
thumbnail 48px,60,874,,
thumbnail 48px,80,1033,,
thumbnail 64px,30,883,,
thumbnail 64px,60,1070,,
thumbnail 64px,80,1377,,
thumbnail 96px,30,1219,,
thumbnail 96px,60,1720,,
thumbnail 96px,80,2380,,
thumbnail 128px,30,1718,,
thumbnail 128px,60,2617,,
thumbnail 128px,80,3939,,
whole tile,30,43788,35.049084408045104,
whole tile,40,50650,36.40061117492814,
whole tile,50,58326,37.54225626608145,
whole tile,60,63196,38.436976849495295,
whole tile,80,99582,43.20236082993147,
ROI mosaic x1.5,60,7533,,1.0
ROI mosaic x1.5,80,10562,,1.0
thumbnail 48px,30,686,,
thumbnail 48px,60,748,,
thumbnail 48px,80,852,,
thumbnail 64px,30,736,,
thumbnail 64px,60,856,,
thumbnail 64px,80,1073,,
thumbnail 96px,30,933,,
thumbnail 96px,60,1278,,
thumbnail 96px,80,1944,,
thumbnail 128px,30,1245,,
thumbnail 128px,60,2143,,
thumbnail 128px,80,3511,,
whole tile,30,50752,34.876292458234616,
whole tile,40,57516,36.05883959399873,
whole tile,50,66959,37.37962896107668,
whole tile,60,71322,38.339968132180715,
whole tile,80,109749,45.040908336528034,
ROI mosaic x1.5,60,5719,,1.0
ROI mosaic x1.5,80,7906,,1.0
thumbnail 48px,30,875,,
thumbnail 48px,60,1023,,
thumbnail 48px,80,1226,,
thumbnail 64px,30,1041,,
thumbnail 64px,60,1327,,
thumbnail 64px,80,1683,,
thumbnail 96px,30,1535,,
thumbnail 96px,60,2044,,
thumbnail 96px,80,2805,,
thumbnail 128px,30,2174,,
thumbnail 128px,60,3045,,
thumbnail 128px,80,4390,,
whole tile,30,38822,35.518745717728684,
whole tile,40,45483,36.92224517407696,
whole tile,50,53799,38.374994040205536,
whole tile,60,57205,39.377400103883375,
whole tile,80,93181,45.37308286932864,
ROI mosaic x1.5,60,18024,,3.0
ROI mosaic x1.5,80,26033,,3.0
thumbnail 48px,30,771,,
thumbnail 48px,60,874,,
thumbnail 48px,80,1017,,
thumbnail 64px,30,874,,
thumbnail 64px,60,1040,,
thumbnail 64px,80,1301,,
thumbnail 96px,30,1157,,
thumbnail 96px,60,1522,,
thumbnail 96px,80,2059,,
thumbnail 128px,30,1556,,
thumbnail 128px,60,2194,,
thumbnail 128px,80,3169,,
whole tile,30,37442,32.784620739794875,
whole tile,40,43635,33.640128498051205,
whole tile,50,51285,34.59218615019823,
whole tile,60,54727,35.178460771441074,
whole tile,80,99167,42.99522723837707,
ROI mosaic x1.5,60,7252,,11.0
ROI mosaic x1.5,80,7444,,11.0
thumbnail 48px,30,666,,
thumbnail 48px,60,673,,
thumbnail 48px,80,688,,
thumbnail 64px,30,694,,
thumbnail 64px,60,705,,
thumbnail 64px,80,732,,
thumbnail 96px,30,777,,
thumbnail 96px,60,795,,
thumbnail 96px,80,841,,
thumbnail 128px,30,895,,
thumbnail 128px,60,917,,
thumbnail 128px,80,1004,,
whole tile,30,14433,39.025358384010836,
whole tile,40,19323,40.20363564871725,
whole tile,50,25528,41.46191107743498,
whole tile,60,29002,41.88439708470107,
whole tile,80,56773,47.38057317752827,
ROI mosaic x1.5,60,647,,1.0
ROI mosaic x1.5,80,658,,1.0
thumbnail 48px,30,679,,
thumbnail 48px,60,690,,
thumbnail 48px,80,721,,
thumbnail 64px,30,719,,
thumbnail 64px,60,746,,
thumbnail 64px,80,797,,
thumbnail 96px,30,817,,
thumbnail 96px,60,852,,
thumbnail 96px,80,959,,
thumbnail 128px,30,950,,
thumbnail 128px,60,1003,,
thumbnail 128px,80,1175,,
whole tile,30,15406,38.465974848602976,
whole tile,40,20901,39.091606990018064,
whole tile,50,27605,40.56824486681377,
whole tile,60,28921,41.35745058148969,
whole tile,80,60752,48.920066233107775,
ROI mosaic x1.5,60,3051,,1.0
ROI mosaic x1.5,80,4495,,1.0
thumbnail 48px,30,703,,
thumbnail 48px,60,750,,
thumbnail 48px,80,865,,
thumbnail 64px,30,745,,
thumbnail 64px,60,860,,
thumbnail 64px,80,1084,,
thumbnail 96px,30,943,,
thumbnail 96px,60,1330,,
thumbnail 96px,80,1900,,
thumbnail 128px,30,1313,,
thumbnail 128px,60,2133,,
thumbnail 128px,80,3286,,
whole tile,30,38854,36.13622064039776,
whole tile,40,45185,37.416655513676034,
whole tile,50,51900,38.60118001176909,
whole tile,60,55526,39.55365436973376,
whole tile,80,90414,45.037280692518394,
ROI mosaic x1.5,60,2278,,1.0
ROI mosaic x1.5,80,2996,,1.0
thumbnail 48px,30,671,,
thumbnail 48px,60,680,,
thumbnail 48px,80,699,,
thumbnail 64px,30,703,,
thumbnail 64px,60,716,,
thumbnail 64px,80,741,,
thumbnail 96px,30,790,,
thumbnail 96px,60,812,,
thumbnail 96px,80,875,,
thumbnail 128px,30,916,,
thumbnail 128px,60,951,,
thumbnail 128px,80,1058,,
whole tile,30,10587,40.45088095096397,
whole tile,40,11406,40.555862471720594,
whole tile,50,12989,41.528364103050286,
whole tile,60,14446,41.39737540539219,
whole tile,80,47257,50.25605206802744,
ROI mosaic x1.5,60,2855,,1.0
ROI mosaic x1.5,80,5098,,1.0
thumbnail 48px,30,691,,
thumbnail 48px,60,726,,
thumbnail 48px,80,798,,
thumbnail 64px,30,731,,
thumbnail 64px,60,791,,
thumbnail 64px,80,909,,
thumbnail 96px,30,858,,
thumbnail 96px,60,987,,
thumbnail 96px,80,1303,,
thumbnail 128px,30,1018,,
thumbnail 128px,60,1289,,
thumbnail 128px,80,2036,,
whole tile,30,33554,36.21547729261202,
whole tile,40,39963,37.52680306050089,
whole tile,50,48139,38.91801273094347,
whole tile,60,51477,39.86104873255984,
whole tile,80,85443,46.130622622433386,
ROI mosaic x1.5,60,5836,,1.0
ROI mosaic x1.5,80,8240,,1.0
thumbnail 48px,30,695,,
thumbnail 48px,60,714,,
thumbnail 48px,80,741,,
thumbnail 64px,30,722,,
thumbnail 64px,60,743,,
thumbnail 64px,80,776,,
thumbnail 96px,30,851,,
thumbnail 96px,60,898,,
thumbnail 96px,80,970,,
thumbnail 128px,30,956,,
thumbnail 128px,60,1013,,
thumbnail 128px,80,1112,,
whole tile,30,11717,37.053934999710606,
whole tile,40,12711,38.41971654594916,
whole tile,50,15462,39.14250671499321,
whole tile,60,17313,39.108259401964006,
whole tile,80,62032,47.39289176629513,
ROI mosaic x1.5,60,4343,,2.0
ROI mosaic x1.5,80,6987,,2.0
thumbnail 48px,30,706,,
thumbnail 48px,60,750,,
thumbnail 48px,80,819,,
thumbnail 64px,30,755,,
thumbnail 64px,60,814,,
thumbnail 64px,80,912,,
thumbnail 96px,30,884,,
thumbnail 96px,60,1000,,
thumbnail 96px,80,1189,,
thumbnail 128px,30,1041,,
thumbnail 128px,60,1215,,
thumbnail 128px,80,1542,,
whole tile,30,13287,39.36511720555595,
whole tile,40,17555,40.443791964223415,
whole tile,50,22866,41.255287030891466,
whole tile,60,24233,41.88503497497062,
whole tile,80,54161,49.600471289693225,
ROI mosaic x1.5,60,685,,1.0
ROI mosaic x1.5,80,721,,1.0
thumbnail 48px,30,895,,
thumbnail 48px,60,1094,,
thumbnail 48px,80,1390,,
thumbnail 64px,30,1153,,
thumbnail 64px,60,1510,,
thumbnail 64px,80,2082,,
thumbnail 96px,30,1880,,
thumbnail 96px,60,2731,,
thumbnail 96px,80,3944,,
thumbnail 128px,30,2945,,
thumbnail 128px,60,4501,,
thumbnail 128px,80,6669,,
whole tile,30,81172,27.726667771438525,
whole tile,40,94782,28.529531099115037,
whole tile,50,111084,29.57096418379901,
whole tile,60,119057,30.248792638506316,
whole tile,80,199804,37.898159110300945,
ROI mosaic x1.5,60,742,,1.0
ROI mosaic x1.5,80,793,,1.0
thumbnail 48px,30,670,,
thumbnail 48px,60,687,,
thumbnail 48px,80,709,,
thumbnail 64px,30,701,,
thumbnail 64px,60,715,,
thumbnail 64px,80,755,,
thumbnail 96px,30,794,,
thumbnail 96px,60,814,,
thumbnail 96px,80,913,,
thumbnail 128px,30,911,,
thumbnail 128px,60,937,,
thumbnail 128px,80,1054,,
whole tile,30,14385,39.062880695466895,
whole tile,40,19716,39.23011924310576,
whole tile,50,26183,40.4193225308896,
whole tile,60,27488,41.89988611368574,
whole tile,80,59565,49.07755475456973,
ROI mosaic x1.5,60,1686,,1.0
ROI mosaic x1.5,80,2349,,1.0
thumbnail 48px,30,693,,
thumbnail 48px,60,766,,
thumbnail 48px,80,904,,
thumbnail 64px,30,753,,
thumbnail 64px,60,943,,
thumbnail 64px,80,1226,,
thumbnail 96px,30,1061,,
thumbnail 96px,60,1542,,
thumbnail 96px,80,2331,,
thumbnail 128px,30,1602,,
thumbnail 128px,60,2556,,
thumbnail 128px,80,4226,,
whole tile,30,64960,33.296511349574885,
whole tile,40,73683,34.42484150949683,
whole tile,50,84489,35.68880228902389,
whole tile,60,90407,36.54233175633984,
whole tile,80,137205,43.613922640475344,
ROI mosaic x1.5,60,5218,,4.0
ROI mosaic x1.5,80,6367,,4.0
thumbnail 48px,30,674,,
thumbnail 48px,60,683,,
thumbnail 48px,80,709,,
thumbnail 64px,30,710,,
thumbnail 64px,60,724,,
thumbnail 64px,80,764,,
thumbnail 96px,30,793,,
thumbnail 96px,60,826,,
thumbnail 96px,80,881,,
thumbnail 128px,30,916,,
thumbnail 128px,60,958,,
thumbnail 128px,80,1056,,
whole tile,30,10521,41.876090933048445,
whole tile,40,10894,42.072193964131664,
whole tile,50,11065,44.6560158637061,
whole tile,60,12208,44.50196518275512,
whole tile,80,30605,52.329457757265246,
ROI mosaic x1.5,60,642,,1.0
ROI mosaic x1.5,80,653,,1.0
thumbnail 48px,30,696,,
thumbnail 48px,60,718,,
thumbnail 48px,80,760,,
thumbnail 64px,30,735,,
thumbnail 64px,60,771,,
thumbnail 64px,80,832,,
thumbnail 96px,30,842,,
thumbnail 96px,60,895,,
thumbnail 96px,80,997,,
thumbnail 128px,30,983,,
thumbnail 128px,60,1052,,
thumbnail 128px,80,1213,,
whole tile,30,11381,40.33438797913462,
whole tile,40,11557,42.381823540125865,
whole tile,50,12087,44.55096769304739,
whole tile,60,12933,46.11469416029738,
whole tile,80,25422,51.02704304365734,
ROI mosaic x1.5,60,4634,,2.0
ROI mosaic x1.5,80,7167,,2.0
thumbnail 48px,30,671,,
thumbnail 48px,60,697,,
thumbnail 48px,80,733,,
thumbnail 64px,30,706,,
thumbnail 64px,60,743,,
thumbnail 64px,80,819,,
thumbnail 96px,30,805,,
thumbnail 96px,60,873,,
thumbnail 96px,80,1050,,
thumbnail 128px,30,933,,
thumbnail 128px,60,1059,,
thumbnail 128px,80,1453,,
whole tile,30,23220,38.02220460695276,
whole tile,40,29408,38.91584492390643,
whole tile,50,35521,40.326061339489485,
whole tile,60,37698,41.53051233493102,
whole tile,80,67528,48.34129341543501,
ROI mosaic x1.5,60,725,,1.0
ROI mosaic x1.5,80,771,,1.0
thumbnail 48px,30,700,,
thumbnail 48px,60,750,,
thumbnail 48px,80,818,,
thumbnail 64px,30,766,,
thumbnail 64px,60,834,,
thumbnail 64px,80,941,,
thumbnail 96px,30,902,,
thumbnail 96px,60,1033,,
thumbnail 96px,80,1223,,
thumbnail 128px,30,1084,,
thumbnail 128px,60,1271,,
thumbnail 128px,80,1582,,
whole tile,30,12481,40.07037807508125,
whole tile,40,13385,42.08012300088854,
whole tile,50,14391,43.46147487567385,
whole tile,60,15791,43.88736483589938,
whole tile,80,34895,50.34785635161246,
ROI mosaic x1.5,60,789,,1.0
ROI mosaic x1.5,80,895,,1.0
thumbnail 48px,30,846,,
thumbnail 48px,60,987,,
thumbnail 48px,80,1212,,
thumbnail 64px,30,1017,,
thumbnail 64px,60,1277,,
thumbnail 64px,80,1708,,
thumbnail 96px,30,1526,,
thumbnail 96px,60,2173,,
thumbnail 96px,80,3174,,
thumbnail 128px,30,2314,,
thumbnail 128px,60,3531,,
thumbnail 128px,80,5288,,
whole tile,30,50783,33.74825410996579,
whole tile,40,59333,34.95356659859256,
whole tile,50,68737,36.11633500517351,
whole tile,60,75364,37.088414560653405,
whole tile,80,116034,41.539554386054334,
ROI mosaic x1.5,60,1133,,1.0
ROI mosaic x1.5,80,1337,,1.0
thumbnail 48px,30,688,,
thumbnail 48px,60,712,,
thumbnail 48px,80,764,,
thumbnail 64px,30,722,,
thumbnail 64px,60,766,,
thumbnail 64px,80,844,,
thumbnail 96px,30,834,,
thumbnail 96px,60,903,,
thumbnail 96px,80,1069,,
thumbnail 128px,30,974,,
thumbnail 128px,60,1102,,
thumbnail 128px,80,1402,,
whole tile,30,21528,37.60736191208875,
whole tile,40,27506,39.11720929022487,
whole tile,50,34302,40.650337989259064,
whole tile,60,36203,41.15697304947889,
whole tile,80,65230,48.31928361980622,
ROI mosaic x1.5,60,4317,,1.0
ROI mosaic x1.5,80,6186,,1.0
thumbnail 48px,30,677,,
thumbnail 48px,60,701,,
thumbnail 48px,80,748,,
thumbnail 64px,30,720,,
thumbnail 64px,60,758,,
thumbnail 64px,80,844,,
thumbnail 96px,30,839,,
thumbnail 96px,60,913,,
thumbnail 96px,80,1069,,
thumbnail 128px,30,993,,
thumbnail 128px,60,1116,,
thumbnail 128px,80,1401,,
whole tile,30,16579,38.19869722185333,
whole tile,40,21764,39.187459058000165,
whole tile,50,28387,40.53394119439422,
whole tile,60,29880,41.59844285748093,
whole tile,80,61025,48.483367113334154,
ROI mosaic x1.5,60,10011,,2.0
ROI mosaic x1.5,80,15386,,2.0
thumbnail 48px,30,800,,
thumbnail 48px,60,940,,
thumbnail 48px,80,1124,,
thumbnail 64px,30,945,,
thumbnail 64px,60,1152,,
thumbnail 64px,80,1521,,
thumbnail 96px,30,1355,,
thumbnail 96px,60,1824,,
thumbnail 96px,80,2655,,
thumbnail 128px,30,1924,,
thumbnail 128px,60,2796,,
thumbnail 128px,80,4192,,
whole tile,30,36738,36.10078940796916,
whole tile,40,42894,37.39646711703448,
whole tile,50,50767,38.69026065338912,
whole tile,60,53842,39.616426103225606,
whole tile,80,89051,45.726009803892175,
ROI mosaic x1.5,60,19520,,2.0
ROI mosaic x1.5,80,28173,,2.0
thumbnail 48px,30,697,,
thumbnail 48px,60,730,,
thumbnail 48px,80,785,,
thumbnail 64px,30,747,,
thumbnail 64px,60,792,,
thumbnail 64px,80,879,,
thumbnail 96px,30,870,,
thumbnail 96px,60,942,,
thumbnail 96px,80,1088,,
thumbnail 128px,30,1023,,
thumbnail 128px,60,1128,,
thumbnail 128px,80,1418,,
whole tile,30,16037,37.52272962573621,
whole tile,40,21645,38.914824046905785,
whole tile,50,28420,40.681398001033116,
whole tile,60,29963,41.41047856843707,
whole tile,80,61610,48.53711532971208,
ROI mosaic x1.5,60,13604,,2.0
ROI mosaic x1.5,80,21297,,2.0
thumbnail 48px,30,696,,
thumbnail 48px,60,762,,
thumbnail 48px,80,866,,
thumbnail 64px,30,746,,
thumbnail 64px,60,850,,
thumbnail 64px,80,1020,,
thumbnail 96px,30,903,,
thumbnail 96px,60,1135,,
thumbnail 96px,80,1520,,
thumbnail 128px,30,1093,,
thumbnail 128px,60,1497,,
thumbnail 128px,80,2206,,
whole tile,30,16743,38.023332693450804,
whole tile,40,21543,39.22086951465448,
whole tile,50,27499,40.04314167553324,
whole tile,60,32673,40.95310887371933,
whole tile,80,64293,45.37617437142141,
ROI mosaic x1.5,60,1581,,2.0
ROI mosaic x1.5,80,1739,,2.0
thumbnail 48px,30,684,,
thumbnail 48px,60,709,,
thumbnail 48px,80,776,,
thumbnail 64px,30,723,,
thumbnail 64px,60,775,,
thumbnail 64px,80,920,,
thumbnail 96px,30,842,,
thumbnail 96px,60,1015,,
thumbnail 96px,80,1484,,
thumbnail 128px,30,1044,,
thumbnail 128px,60,1541,,
thumbnail 128px,80,2486,,
whole tile,30,34381,35.79741866915433,
whole tile,40,40940,37.25551557889413,
whole tile,50,48955,38.51462205223454,
whole tile,60,51877,39.72995839895117,
whole tile,80,87002,45.86048834521555,
ROI mosaic x1.5,60,4983,,1.0
ROI mosaic x1.5,80,7049,,1.0
thumbnail 48px,30,764,,
thumbnail 48px,60,853,,
thumbnail 48px,80,971,,
thumbnail 64px,30,840,,
thumbnail 64px,60,967,,
thumbnail 64px,80,1157,,
thumbnail 96px,30,1029,,
thumbnail 96px,60,1259,,
thumbnail 96px,80,1622,,
thumbnail 128px,30,1268,,
thumbnail 128px,60,1637,,
thumbnail 128px,80,2266,,
whole tile,30,23145,37.502934391435126,
whole tile,40,29407,38.720655987360345,
whole tile,50,36126,40.148345783360035,
whole tile,60,38218,41.118341574454966,
whole tile,80,70124,47.69389157052586,
ROI mosaic x1.5,60,799,,1.0
ROI mosaic x1.5,80,887,,1.0
thumbnail 48px,30,663,,
thumbnail 48px,60,664,,
thumbnail 48px,80,664,,
thumbnail 64px,30,691,,
thumbnail 64px,60,693,,
thumbnail 64px,80,694,,
thumbnail 96px,30,771,,
thumbnail 96px,60,777,,
thumbnail 96px,80,779,,
thumbnail 128px,30,884,,
thumbnail 128px,60,895,,
thumbnail 128px,80,901,,
whole tile,30,10016,40.53247613603907,
whole tile,40,10489,43.32066459668111,
whole tile,50,11289,43.519140705762055,
whole tile,60,12417,41.976869325334235,
whole tile,80,42760,48.44999788628631,
ROI mosaic x1.5,60,663,,1.0
ROI mosaic x1.5,80,679,,1.0
thumbnail 48px,30,665,,
thumbnail 48px,60,673,,
thumbnail 48px,80,695,,
thumbnail 64px,30,695,,
thumbnail 64px,60,705,,
thumbnail 64px,80,739,,
thumbnail 96px,30,782,,
thumbnail 96px,60,797,,
thumbnail 96px,80,863,,
thumbnail 128px,30,899,,
thumbnail 128px,60,921,,
thumbnail 128px,80,1054,,
whole tile,30,12805,37.66360333606294,
whole tile,40,16502,41.05543498149452,
whole tile,50,22965,40.71548554975835,
whole tile,60,26597,42.97617007476661,
whole tile,80,55596,47.645287382182175,
ROI mosaic x1.5,60,739,,1.0
ROI mosaic x1.5,80,804,,1.0
thumbnail 48px,30,676,,
thumbnail 48px,60,690,,
thumbnail 48px,80,722,,
thumbnail 64px,30,720,,
thumbnail 64px,60,740,,
thumbnail 64px,80,800,,
thumbnail 96px,30,807,,
thumbnail 96px,60,840,,
thumbnail 96px,80,1025,,
thumbnail 128px,30,948,,
thumbnail 128px,60,1022,,
thumbnail 128px,80,1473,,
whole tile,30,25870,36.97629979079461,
whole tile,40,31831,39.18333665307058,
whole tile,50,38392,40.540919911169546,
whole tile,60,40800,41.57353570573835,
whole tile,80,70165,47.736092770702115,
ROI mosaic x1.5,60,5675,,1.0
ROI mosaic x1.5,80,8172,,1.0
thumbnail 48px,30,689,,
thumbnail 48px,60,710,,
thumbnail 48px,80,755,,
thumbnail 64px,30,732,,
thumbnail 64px,60,767,,
thumbnail 64px,80,829,,
thumbnail 96px,30,835,,
thumbnail 96px,60,896,,
thumbnail 96px,80,1007,,
thumbnail 128px,30,985,,
thumbnail 128px,60,1060,,
thumbnail 128px,80,1242,,
whole tile,30,11529,41.64379320415488,
whole tile,40,12016,42.14062086177685,
whole tile,50,12429,43.338727541209,
whole tile,60,13305,43.67370771323504,
whole tile,80,25169,50.92039220469339,
ROI mosaic x1.5,60,4629,,2.0
ROI mosaic x1.5,80,6361,,2.0
thumbnail 48px,30,715,,
thumbnail 48px,60,784,,
thumbnail 48px,80,880,,
thumbnail 64px,30,777,,
thumbnail 64px,60,883,,
thumbnail 64px,80,1044,,
thumbnail 96px,30,937,,
thumbnail 96px,60,1122,,
thumbnail 96px,80,1465,,
thumbnail 128px,30,1139,,
thumbnail 128px,60,1471,,
thumbnail 128px,80,2030,,
whole tile,30,22093,37.863249518044974,
whole tile,40,28112,39.0160021369054,
whole tile,50,34713,40.21785910205456,
whole tile,60,36645,41.43659706872199,
whole tile,80,68051,47.880504270146005,
ROI mosaic x1.5,60,2069,,2.0
ROI mosaic x1.5,80,2535,,2.0
thumbnail 48px,30,670,,
thumbnail 48px,60,678,,
thumbnail 48px,80,705,,
thumbnail 64px,30,702,,
thumbnail 64px,60,719,,
thumbnail 64px,80,757,,
thumbnail 96px,30,797,,
thumbnail 96px,60,823,,
thumbnail 96px,80,889,,
thumbnail 128px,30,924,,
thumbnail 128px,60,972,,
thumbnail 128px,80,1086,,
whole tile,30,13532,38.032597575473844,
whole tile,40,18344,39.30548854221494,
whole tile,50,24548,40.99343844354195,
whole tile,60,25947,42.429764504555926,
whole tile,80,57854,49.26359380904812,
ROI mosaic x1.5,60,3025,,2.0
ROI mosaic x1.5,80,4248,,2.0
thumbnail 48px,30,878,,
thumbnail 48px,60,1060,,
thumbnail 48px,80,1304,,
thumbnail 64px,30,1083,,
thumbnail 64px,60,1362,,
thumbnail 64px,80,1817,,
thumbnail 96px,30,1637,,
thumbnail 96px,60,2298,,
thumbnail 96px,80,3250,,
thumbnail 128px,30,2422,,
thumbnail 128px,60,3558,,
thumbnail 128px,80,5190,,
whole tile,30,44587,34.87721505515773,
whole tile,40,51984,36.16983112271689,
whole tile,50,60228,37.38312005462309,
whole tile,60,64756,38.350287168731604,
whole tile,80,103553,43.51558933537022,
ROI mosaic x1.5,60,2128,,2.0
ROI mosaic x1.5,80,2536,,2.0
thumbnail 48px,30,678,,
thumbnail 48px,60,683,,
thumbnail 48px,80,697,,
thumbnail 64px,30,723,,
thumbnail 64px,60,733,,
thumbnail 64px,80,769,,
thumbnail 96px,30,825,,
thumbnail 96px,60,841,,
thumbnail 96px,80,941,,
thumbnail 128px,30,967,,
thumbnail 128px,60,1008,,
thumbnail 128px,80,1280,,
whole tile,30,17979,38.01155228119239,
whole tile,40,22933,39.64803194762868,
whole tile,50,28225,40.604646848336145,
whole tile,60,33058,41.079537674284424,
whole tile,80,57957,45.03913990308129,
ROI mosaic x1.5,60,3169,,1.0
ROI mosaic x1.5,80,4454,,1.0
thumbnail 48px,30,670,,
thumbnail 48px,60,682,,
thumbnail 48px,80,714,,
thumbnail 64px,30,703,,
thumbnail 64px,60,713,,
thumbnail 64px,80,759,,
thumbnail 96px,30,789,,
thumbnail 96px,60,808,,
thumbnail 96px,80,895,,
thumbnail 128px,30,910,,
thumbnail 128px,60,938,,
thumbnail 128px,80,1110,,
whole tile,30,15074,38.29574626453529,
whole tile,40,20491,39.536611595878846,
whole tile,50,27240,40.38934035744859,
whole tile,60,28606,41.336918571932635,
whole tile,80,60104,48.97719134096991,
ROI mosaic x1.5,60,728,,1.0
ROI mosaic x1.5,80,764,,1.0
thumbnail 48px,30,673,,
thumbnail 48px,60,702,,
thumbnail 48px,80,778,,
thumbnail 64px,30,707,,
thumbnail 64px,60,782,,
thumbnail 64px,80,963,,
thumbnail 96px,30,834,,
thumbnail 96px,60,1158,,
thumbnail 96px,80,1978,,
thumbnail 128px,30,1109,,
thumbnail 128px,60,2013,,
thumbnail 128px,80,3798,,
whole tile,30,53482,34.54789803441197,
whole tile,40,60887,35.984158657634325,
whole tile,50,70455,37.230412892451355,
whole tile,60,75073,37.97185377883982,
whole tile,80,116490,44.038233407688125,
ROI mosaic x1.5,60,2118,,1.0
ROI mosaic x1.5,80,2761,,1.0
thumbnail 48px,30,675,,
thumbnail 48px,60,685,,
thumbnail 48px,80,713,,
thumbnail 64px,30,710,,
thumbnail 64px,60,730,,
thumbnail 64px,80,795,,
thumbnail 96px,30,796,,
thumbnail 96px,60,842,,
thumbnail 96px,80,1022,,
thumbnail 128px,30,933,,
thumbnail 128px,60,1041,,
thumbnail 128px,80,1439,,
whole tile,30,16442,35.81943806756516,
whole tile,40,21683,37.0989158444048,
whole tile,50,29156,37.85475338325229,
whole tile,60,35139,38.56471612136848,
whole tile,80,77229,43.40588423124394,
ROI mosaic x1.5,60,2188,,1.0
ROI mosaic x1.5,80,3287,,1.0
thumbnail 48px,30,676,,
thumbnail 48px,60,701,,
thumbnail 48px,80,761,,
thumbnail 64px,30,706,,
thumbnail 64px,60,760,,
thumbnail 64px,80,874,,
thumbnail 96px,30,806,,
thumbnail 96px,60,946,,
thumbnail 96px,80,1293,,
thumbnail 128px,30,959,,
thumbnail 128px,60,1309,,
thumbnail 128px,80,2025,,
whole tile,30,29950,34.296376048180825,
whole tile,40,37539,35.09473825891403,
whole tile,50,47479,36.052635950094285,
whole tile,60,49593,36.64253571550699,
whole tile,80,97621,44.73671979378929,
ROI mosaic x1.5,60,1705,,1.0
ROI mosaic x1.5,80,2321,,1.0
thumbnail 48px,30,663,,
thumbnail 48px,60,665,,
thumbnail 48px,80,683,,
thumbnail 64px,30,691,,
thumbnail 64px,60,700,,
thumbnail 64px,80,724,,
thumbnail 96px,30,777,,
thumbnail 96px,60,796,,
thumbnail 96px,80,847,,
thumbnail 128px,30,894,,
thumbnail 128px,60,922,,
thumbnail 128px,80,1053,,
whole tile,30,15438,38.98424081224496,
whole tile,40,20945,39.506351226609596,
whole tile,50,27416,40.188370546260174,
whole tile,60,29072,41.75250346520169,
whole tile,80,59349,48.90343192417024,
ROI mosaic x1.5,60,3068,,1.0
ROI mosaic x1.5,80,4594,,1.0
thumbnail 48px,30,697,,
thumbnail 48px,60,731,,
thumbnail 48px,80,799,,
thumbnail 64px,30,751,,
thumbnail 64px,60,795,,
thumbnail 64px,80,930,,
thumbnail 96px,30,875,,
thumbnail 96px,60,987,,
thumbnail 96px,80,1308,,
thumbnail 128px,30,1051,,
thumbnail 128px,60,1313,,
thumbnail 128px,80,1932,,
whole tile,30,27737,37.279706864459285,
whole tile,40,33076,38.93521199899868,
whole tile,50,40012,40.12823412115807,
whole tile,60,42319,41.095674458054596,
whole tile,80,70605,47.25903076326457,
ROI mosaic x1.5,60,23836,,1.0
ROI mosaic x1.5,80,35861,,1.0
thumbnail 48px,30,778,,
thumbnail 48px,60,869,,
thumbnail 48px,80,1004,,
thumbnail 64px,30,886,,
thumbnail 64px,60,1032,,
thumbnail 64px,80,1262,,
thumbnail 96px,30,1105,,
thumbnail 96px,60,1447,,
thumbnail 96px,80,1919,,
thumbnail 128px,30,1425,,
thumbnail 128px,60,1988,,
thumbnail 128px,80,2874,,
whole tile,30,30521,37.213603681993355,
whole tile,40,36273,38.59718664129761,
whole tile,50,43194,39.74547458684657,
whole tile,60,45653,40.91849608732343,
whole tile,80,76754,47.29011915845723,
ROI mosaic x1.5,60,6133,,1.0
ROI mosaic x1.5,80,8797,,1.0
thumbnail 48px,30,959,,
thumbnail 48px,60,1170,,
thumbnail 48px,80,1445,,
thumbnail 64px,30,1228,,
thumbnail 64px,60,1567,,
thumbnail 64px,80,2073,,
thumbnail 96px,30,1867,,
thumbnail 96px,60,2624,,
thumbnail 96px,80,3726,,
thumbnail 128px,30,2802,,
thumbnail 128px,60,4097,,
thumbnail 128px,80,5962,,
whole tile,30,49000,34.59761276557892,
whole tile,40,56261,35.84661061546784,
whole tile,50,65212,37.084072980429696,
whole tile,60,69827,38.07804973432549,
whole tile,80,109083,43.812959572743104,
ROI mosaic x1.5,60,1130,,1.0
ROI mosaic x1.5,80,1344,,1.0
thumbnail 48px,30,674,,
thumbnail 48px,60,686,,
thumbnail 48px,80,717,,
thumbnail 64px,30,707,,
thumbnail 64px,60,723,,
thumbnail 64px,80,770,,
thumbnail 96px,30,797,,
thumbnail 96px,60,829,,
thumbnail 96px,80,931,,
thumbnail 128px,30,927,,
thumbnail 128px,60,980,,
thumbnail 128px,80,1192,,
whole tile,30,16308,38.70002985666829,
whole tile,40,21764,39.4774944981804,
whole tile,50,28230,40.26492981189732,
whole tile,60,29808,41.598971914801695,
whole tile,80,60312,48.76435342895781,
ROI mosaic x1.5,60,5047,,1.0
ROI mosaic x1.5,80,7664,,1.0
thumbnail 48px,30,718,,
thumbnail 48px,60,795,,
thumbnail 48px,80,881,,
thumbnail 64px,30,789,,
thumbnail 64px,60,909,,
thumbnail 64px,80,1084,,
thumbnail 96px,30,972,,
thumbnail 96px,60,1266,,
thumbnail 96px,80,1773,,
thumbnail 128px,30,1231,,
thumbnail 128px,60,1882,,
thumbnail 128px,80,3199,,
whole tile,30,85386,25.095294740172342,
whole tile,40,101995,25.750976291734624,
whole tile,50,121975,26.886072044988385,
whole tile,60,129312,27.564740423760696,
whole tile,80,224297,35.63461644928344,
ROI mosaic x1.5,60,7328,,1.0
ROI mosaic x1.5,80,10803,,1.0
thumbnail 48px,30,663,,
thumbnail 48px,60,669,,
thumbnail 48px,80,688,,
thumbnail 64px,30,692,,
thumbnail 64px,60,704,,
thumbnail 64px,80,747,,
thumbnail 96px,30,778,,
thumbnail 96px,60,801,,
thumbnail 96px,80,977,,
thumbnail 128px,30,892,,
thumbnail 128px,60,945,,
thumbnail 128px,80,1298,,
whole tile,30,22202,34.754509291856415,
whole tile,40,29430,35.320688804993914,
whole tile,50,39123,35.82320567245209,
whole tile,60,44719,36.66624386981787,
whole tile,80,93100,42.5620338508817,
ROI mosaic x1.5,60,735,,1.0
ROI mosaic x1.5,80,784,,1.0
thumbnail 48px,30,770,,
thumbnail 48px,60,880,,
thumbnail 48px,80,1043,,
thumbnail 64px,30,914,,
thumbnail 64px,60,1122,,
thumbnail 64px,80,1448,,
thumbnail 96px,30,1362,,
thumbnail 96px,60,1866,,
thumbnail 96px,80,2659,,
thumbnail 128px,30,2055,,
thumbnail 128px,60,3013,,
thumbnail 128px,80,4572,,
whole tile,30,50223,34.813985752173295,
whole tile,40,57751,36.299347181846095,
whole tile,50,66397,37.415724446432556,
whole tile,60,70968,38.4274745113988,
whole tile,80,111184,44.3060512388826,
ROI mosaic x1.5,60,9133,,1.0
ROI mosaic x1.5,80,12796,,1.0
thumbnail 48px,30,666,,
thumbnail 48px,60,673,,
thumbnail 48px,80,690,,
thumbnail 64px,30,696,,
thumbnail 64px,60,704,,
thumbnail 64px,80,734,,
thumbnail 96px,30,784,,
thumbnail 96px,60,796,,
thumbnail 96px,80,872,,
thumbnail 128px,30,901,,
thumbnail 128px,60,923,,
thumbnail 128px,80,1078,,
whole tile,30,14587,37.96105076097513,
whole tile,40,19952,39.14680947181126,
whole tile,50,26607,40.826700665034394,
whole tile,60,28050,41.84956237348559,
whole tile,80,60067,49.039828837059105,
ROI mosaic x1.5,60,1361,,2.0
ROI mosaic x1.5,80,1405,,2.0
thumbnail 48px,30,667,,
thumbnail 48px,60,675,,
thumbnail 48px,80,694,,
thumbnail 64px,30,698,,
thumbnail 64px,60,705,,
thumbnail 64px,80,751,,
thumbnail 96px,30,782,,
thumbnail 96px,60,819,,
thumbnail 96px,80,1066,,
thumbnail 128px,30,904,,
thumbnail 128px,60,1076,,
thumbnail 128px,80,1698,,
whole tile,30,19845,37.5221574052785,
whole tile,40,25377,38.965355356399,
whole tile,50,31586,39.33955303513286,
whole tile,60,37425,40.130497693823244,
whole tile,80,69489,44.574810864060936,
ROI mosaic x1.5,60,765,,1.0
ROI mosaic x1.5,80,823,,1.0
thumbnail 48px,30,685,,
thumbnail 48px,60,697,,
thumbnail 48px,80,733,,
thumbnail 64px,30,712,,
thumbnail 64px,60,725,,
thumbnail 64px,80,760,,
thumbnail 96px,30,824,,
thumbnail 96px,60,855,,
thumbnail 96px,80,934,,
thumbnail 128px,30,952,,
thumbnail 128px,60,992,,
thumbnail 128px,80,1143,,
whole tile,30,20448,37.1308146555056,
whole tile,40,26064,38.97395415717395,
whole tile,50,33138,40.66334707219227,
whole tile,60,34952,41.86531541324706,
whole tile,80,64322,48.15854791889909,
ROI mosaic x1.5,60,2851,,2.0
ROI mosaic x1.5,80,3636,,2.0
thumbnail 48px,30,668,,
thumbnail 48px,60,686,,
thumbnail 48px,80,732,,
thumbnail 64px,30,700,,
thumbnail 64px,60,734,,
thumbnail 64px,80,815,,
thumbnail 96px,30,791,,
thumbnail 96px,60,874,,
thumbnail 96px,80,1115,,
thumbnail 128px,30,927,,
thumbnail 128px,60,1140,,
thumbnail 128px,80,1758,,
whole tile,30,30302,37.078816948305544,
whole tile,40,36917,37.84264313455984,
whole tile,50,44174,39.69320541332044,
whole tile,60,46588,40.61512053955226,
whole tile,80,78780,47.405203860803205,
ROI mosaic x1.5,60,2344,,2.0
ROI mosaic x1.5,80,2883,,2.0
thumbnail 48px,30,671,,
thumbnail 48px,60,694,,
thumbnail 48px,80,760,,
thumbnail 64px,30,706,,
thumbnail 64px,60,742,,
thumbnail 64px,80,845,,
thumbnail 96px,30,801,,
thumbnail 96px,60,880,,
thumbnail 96px,80,1141,,
thumbnail 128px,30,930,,
thumbnail 128px,60,1112,,
thumbnail 128px,80,1655,,
whole tile,30,24793,37.29448918508032,
whole tile,40,30769,38.603756996804506,
whole tile,50,37944,39.75401404219716,
whole tile,60,39883,40.8510490975512,
whole tile,80,71235,47.75699232923766,
ROI mosaic x1.5,60,1829,,2.0
ROI mosaic x1.5,80,2122,,2.0
thumbnail 48px,30,670,,
thumbnail 48px,60,681,,
thumbnail 48px,80,710,,
thumbnail 64px,30,705,,
thumbnail 64px,60,722,,
thumbnail 64px,80,775,,
thumbnail 96px,30,792,,
thumbnail 96px,60,829,,
thumbnail 96px,80,1039,,
thumbnail 128px,30,921,,
thumbnail 128px,60,1010,,
thumbnail 128px,80,1662,,
whole tile,30,28057,37.39756737087475,
whole tile,40,34245,38.35687110660584,
whole tile,50,41101,39.25738305872314,
whole tile,60,43416,40.471867087517396,
whole tile,80,75332,47.33344657821439,
ROI mosaic x1.5,60,3921,,2.0
ROI mosaic x1.5,80,5178,,2.0
thumbnail 48px,30,686,,
thumbnail 48px,60,728,,
thumbnail 48px,80,783,,
thumbnail 64px,30,725,,
thumbnail 64px,60,779,,
thumbnail 64px,80,879,,
thumbnail 96px,30,829,,
thumbnail 96px,60,928,,
thumbnail 96px,80,1149,,
thumbnail 128px,30,988,,
thumbnail 128px,60,1139,,
thumbnail 128px,80,1534,,
whole tile,30,19231,38.431145126595474,
whole tile,40,24315,40.0278998734587,
whole tile,50,30425,40.88192329856813,
whole tile,60,32414,42.23305634456069,
whole tile,80,58617,48.54094133415715,
ROI mosaic x1.5,60,736,,1.0
ROI mosaic x1.5,80,788,,1.0
thumbnail 48px,30,673,,
thumbnail 48px,60,693,,
thumbnail 48px,80,724,,
thumbnail 64px,30,705,,
thumbnail 64px,60,729,,
thumbnail 64px,80,781,,
thumbnail 96px,30,792,,
thumbnail 96px,60,831,,
thumbnail 96px,80,941,,
thumbnail 128px,30,916,,
thumbnail 128px,60,968,,
thumbnail 128px,80,1161,,
whole tile,30,11413,41.14137650020527,
whole tile,40,13877,40.17396227046471,
whole tile,50,16201,42.3622568218203,
whole tile,60,17778,41.85512486882509,
whole tile,80,47496,50.444171998121945,
ROI mosaic x1.5,60,2747,,2.0
ROI mosaic x1.5,80,4360,,2.0
thumbnail 48px,30,702,,
thumbnail 48px,60,761,,
thumbnail 48px,80,871,,
thumbnail 64px,30,755,,
thumbnail 64px,60,883,,
thumbnail 64px,80,1081,,
thumbnail 96px,30,956,,
thumbnail 96px,60,1290,,
thumbnail 96px,80,1801,,
thumbnail 128px,30,1271,,
thumbnail 128px,60,1973,,
thumbnail 128px,80,3039,,
whole tile,30,71659,26.20411402545124,
whole tile,40,85870,26.8028120043344,
whole tile,50,102984,27.739004587740517,
whole tile,60,108889,28.281959596990433,
whole tile,80,197969,36.72061409804294,
ROI mosaic x1.5,60,761,,1.0
ROI mosaic x1.5,80,825,,1.0
thumbnail 48px,30,688,,
thumbnail 48px,60,717,,
thumbnail 48px,80,786,,
thumbnail 64px,30,730,,
thumbnail 64px,60,784,,
thumbnail 64px,80,910,,
thumbnail 96px,30,850,,
thumbnail 96px,60,964,,
thumbnail 96px,80,1262,,
thumbnail 128px,30,994,,
thumbnail 128px,60,1206,,
thumbnail 128px,80,1825,,
whole tile,30,44765,31.29562304864777,
whole tile,40,54105,32.03424345815363,
whole tile,50,66317,32.826629137144245,
whole tile,60,71132,33.2940333257678,
whole tile,80,131007,41.247409853824905,
ROI mosaic x1.5,60,5080,,2.0
ROI mosaic x1.5,80,7109,,2.0
thumbnail 48px,30,698,,
thumbnail 48px,60,766,,
thumbnail 48px,80,884,,
thumbnail 64px,30,758,,
thumbnail 64px,60,905,,
thumbnail 64px,80,1141,,
thumbnail 96px,30,992,,
thumbnail 96px,60,1425,,
thumbnail 96px,80,2230,,
thumbnail 128px,30,1411,,
thumbnail 128px,60,2611,,
thumbnail 128px,80,4308,,
whole tile,30,61156,33.73363553495449,
whole tile,40,69264,35.0620643326356,
whole tile,50,79582,36.29548726544391,
whole tile,60,85013,37.08807342963989,
whole tile,80,129728,43.6414607293101,
ROI mosaic x1.5,60,3097,,1.0
ROI mosaic x1.5,80,4129,,1.0
thumbnail 48px,30,735,,
thumbnail 48px,60,804,,
thumbnail 48px,80,913,,
thumbnail 64px,30,817,,
thumbnail 64px,60,931,,
thumbnail 64px,80,1116,,
thumbnail 96px,30,981,,
thumbnail 96px,60,1214,,
thumbnail 96px,80,1577,,
thumbnail 128px,30,1216,,
thumbnail 128px,60,1581,,
thumbnail 128px,80,2234,,
whole tile,30,24245,36.65056189506881,
whole tile,40,30740,38.00342623544904,
whole tile,50,38409,39.23205505115801,
whole tile,60,40918,40.09198372640468,
whole tile,80,74730,46.401239880559444,
ROI mosaic x1.5,60,785,,1.0
ROI mosaic x1.5,80,862,,1.0
thumbnail 48px,30,849,,
thumbnail 48px,60,973,,
thumbnail 48px,80,1141,,
thumbnail 64px,30,993,,
thumbnail 64px,60,1169,,
thumbnail 64px,80,1405,,
thumbnail 96px,30,1286,,
thumbnail 96px,60,1566,,
thumbnail 96px,80,2007,,
thumbnail 128px,30,1650,,
thumbnail 128px,60,2104,,
thumbnail 128px,80,2780,,
whole tile,30,24499,32.992095999006324,
whole tile,40,27084,33.809980056171156,
whole tile,50,31352,34.83337203979293,
whole tile,60,34261,35.637918716499975,
whole tile,80,76829,42.479897197502645,
ROI mosaic x1.5,60,12712,,1.0
ROI mosaic x1.5,80,20157,,1.0
thumbnail 48px,30,707,,
thumbnail 48px,60,750,,
thumbnail 48px,80,811,,
thumbnail 64px,30,739,,
thumbnail 64px,60,805,,
thumbnail 64px,80,918,,
thumbnail 96px,30,880,,
thumbnail 96px,60,1038,,
thumbnail 96px,80,1315,,
thumbnail 128px,30,1040,,
thumbnail 128px,60,1310,,
thumbnail 128px,80,1887,,
whole tile,30,20658,38.14443595456106,
whole tile,40,24926,39.325886432562896,
whole tile,50,30987,40.068305885827655,
whole tile,60,35032,41.276623254231,
whole tile,80,66195,46.21837479109892,
ROI mosaic x1.5,60,5251,,1.0
ROI mosaic x1.5,80,7971,,1.0
thumbnail 48px,30,686,,
thumbnail 48px,60,707,,
thumbnail 48px,80,747,,
thumbnail 64px,30,725,,
thumbnail 64px,60,747,,
thumbnail 64px,80,815,,
thumbnail 96px,30,814,,
thumbnail 96px,60,859,,
thumbnail 96px,80,1059,,
thumbnail 128px,30,954,,
thumbnail 128px,60,1056,,
thumbnail 128px,80,1606,,
whole tile,30,39057,31.182739598551393,
whole tile,40,48758,31.92244305084624,
whole tile,50,61541,32.66259824344994,
whole tile,60,67964,33.11645350359918,
whole tile,80,127349,39.745405886079155,
ROI mosaic x1.5,60,758,,1.0
ROI mosaic x1.5,80,824,,1.0
thumbnail 48px,30,682,,
thumbnail 48px,60,712,,
thumbnail 48px,80,765,,
thumbnail 64px,30,719,,
thumbnail 64px,60,760,,
thumbnail 64px,80,842,,
thumbnail 96px,30,827,,
thumbnail 96px,60,909,,
thumbnail 96px,80,1130,,
thumbnail 128px,30,968,,
thumbnail 128px,60,1161,,
thumbnail 128px,80,1793,,
whole tile,30,50458,28.20149901072074,
whole tile,40,61544,28.73406287462629,
whole tile,50,76853,29.533933660139144,
whole tile,60,80353,29.944611124248265,
whole tile,80,160300,38.696134130892375,
ROI mosaic x1.5,60,1565,,1.0
ROI mosaic x1.5,80,2133,,1.0
thumbnail 48px,30,663,,
thumbnail 48px,60,670,,
thumbnail 48px,80,689,,
thumbnail 64px,30,692,,
thumbnail 64px,60,704,,
thumbnail 64px,80,740,,
thumbnail 96px,30,780,,
thumbnail 96px,60,808,,
thumbnail 96px,80,909,,
thumbnail 128px,30,897,,
thumbnail 128px,60,948,,
thumbnail 128px,80,1181,,
whole tile,30,16789,36.52876443955452,
whole tile,40,22132,37.12167975048465,
whole tile,50,29765,37.834216061149505,
whole tile,60,34293,38.298018357965155,
whole tile,80,77771,44.049744787234076,
ROI mosaic x1.5,60,724,,1.0
ROI mosaic x1.5,80,773,,1.0
thumbnail 48px,30,878,,
thumbnail 48px,60,1033,,
thumbnail 48px,80,1261,,
thumbnail 64px,30,1052,,
thumbnail 64px,60,1332,,
thumbnail 64px,80,1713,,
thumbnail 96px,30,1519,,
thumbnail 96px,60,2087,,
thumbnail 96px,80,2909,,
thumbnail 128px,30,2122,,
thumbnail 128px,60,3113,,
thumbnail 128px,80,4479,,
whole tile,30,35521,36.06089512163364,
whole tile,40,41728,37.35989208096255,
whole tile,50,48889,38.636014212535045,
whole tile,60,52309,39.58539716894982,
whole tile,80,86228,44.83883674052444,
ROI mosaic x1.5,60,728,,1.0
ROI mosaic x1.5,80,784,,1.0
thumbnail 48px,30,686,,
thumbnail 48px,60,713,,
thumbnail 48px,80,752,,
thumbnail 64px,30,723,,
thumbnail 64px,60,756,,
thumbnail 64px,80,816,,
thumbnail 96px,30,816,,
thumbnail 96px,60,875,,
thumbnail 96px,80,999,,
thumbnail 128px,30,949,,
thumbnail 128px,60,1019,,
thumbnail 128px,80,1240,,
whole tile,30,16448,38.40659362050747,
whole tile,40,21769,38.802029682975856,
whole tile,50,29361,40.29554457444222,
whole tile,60,32224,41.71675648550064,
whole tile,80,63217,47.63123945701295,
ROI mosaic x1.5,60,3090,,1.0
ROI mosaic x1.5,80,4406,,1.0
thumbnail 48px,30,845,,
thumbnail 48px,60,984,,
thumbnail 48px,80,1182,,
thumbnail 64px,30,1007,,
thumbnail 64px,60,1258,,
thumbnail 64px,80,1665,,
thumbnail 96px,30,1489,,
thumbnail 96px,60,2221,,
thumbnail 96px,80,3285,,
thumbnail 128px,30,2354,,
thumbnail 128px,60,3886,,
thumbnail 128px,80,5852,,
whole tile,30,75395,32.100057764002656,
whole tile,40,85547,33.235235978818196,
whole tile,50,97422,34.40645894029772,
whole tile,60,104656,35.23032357644262,
whole tile,80,158139,41.65949295762458,
ROI mosaic x1.5,60,917,,1.0
ROI mosaic x1.5,80,1028,,1.0
thumbnail 48px,30,682,,
thumbnail 48px,60,725,,
thumbnail 48px,80,802,,
thumbnail 64px,30,719,,
thumbnail 64px,60,793,,
thumbnail 64px,80,961,,
thumbnail 96px,30,848,,
thumbnail 96px,60,1088,,
thumbnail 96px,80,1557,,
thumbnail 128px,30,1075,,
thumbnail 128px,60,1596,,
thumbnail 128px,80,2451,,
whole tile,30,32489,37.30790127089742,
whole tile,40,38335,38.52430243046653,
whole tile,50,44821,39.73643180909398,
whole tile,60,47778,40.949982561547486,
whole tile,80,78288,46.46616188953328,
ROI mosaic x1.5,60,796,,1.0
ROI mosaic x1.5,80,864,,1.0
thumbnail 48px,30,687,,
thumbnail 48px,60,711,,
thumbnail 48px,80,772,,
thumbnail 64px,30,722,,
thumbnail 64px,60,771,,
thumbnail 64px,80,863,,
thumbnail 96px,30,829,,
thumbnail 96px,60,925,,
thumbnail 96px,80,1177,,
thumbnail 128px,30,980,,
thumbnail 128px,60,1179,,
thumbnail 128px,80,1786,,
whole tile,30,32286,36.753270042058645,
whole tile,40,38824,37.83811045462425,
whole tile,50,46469,39.41159257680259,
whole tile,60,49114,40.60451019234969,
whole tile,80,81414,47.04238648445682,
ROI mosaic x1.5,60,9737,,2.0
ROI mosaic x1.5,80,14892,,2.0
thumbnail 48px,30,761,,
thumbnail 48px,60,863,,
thumbnail 48px,80,1009,,
thumbnail 64px,30,858,,
thumbnail 64px,60,1029,,
thumbnail 64px,80,1284,,
thumbnail 96px,30,1188,,
thumbnail 96px,60,1559,,
thumbnail 96px,80,2140,,
thumbnail 128px,30,1640,,
thumbnail 128px,60,2305,,
thumbnail 128px,80,3314,,
whole tile,30,36025,32.93923561153134,
whole tile,40,41584,33.804055515091235,
whole tile,50,48688,34.7940573311502,
whole tile,60,52259,35.35977124986651,
whole tile,80,98366,43.406441592072376,
ROI mosaic x1.5,60,3116,,4.0
ROI mosaic x1.5,80,3564,,4.0
thumbnail 48px,30,699,,
thumbnail 48px,60,733,,
thumbnail 48px,80,796,,
thumbnail 64px,30,755,,
thumbnail 64px,60,813,,
thumbnail 64px,80,924,,
thumbnail 96px,30,873,,
thumbnail 96px,60,990,,
thumbnail 96px,80,1226,,
thumbnail 128px,30,1056,,
thumbnail 128px,60,1263,,
thumbnail 128px,80,1819,,
whole tile,30,29626,36.513346171766734,
whole tile,40,36393,37.68924116289479,
whole tile,50,43959,39.29257441935965,
whole tile,60,46398,40.38577230600115,
whole tile,80,79648,47.11079304052382,
ROI mosaic x1.5,60,1464,,2.0
ROI mosaic x1.5,80,1553,,2.0
thumbnail 48px,30,677,,
thumbnail 48px,60,701,,
thumbnail 48px,80,739,,
thumbnail 64px,30,715,,
thumbnail 64px,60,750,,
thumbnail 64px,80,814,,
thumbnail 96px,30,805,,
thumbnail 96px,60,860,,
thumbnail 96px,80,998,,
thumbnail 128px,30,924,,
thumbnail 128px,60,1025,,
thumbnail 128px,80,1269,,
whole tile,30,19709,38.008999892522155,
whole tile,40,26021,38.62960551781916,
whole tile,50,33530,39.8041019690094,
whole tile,60,35207,41.2734035298181,
whole tile,80,66810,48.049208619214276,
ROI mosaic x1.5,60,653,,1.0
ROI mosaic x1.5,80,664,,1.0
thumbnail 48px,30,680,,
thumbnail 48px,60,731,,
thumbnail 48px,80,836,,
thumbnail 64px,30,725,,
thumbnail 64px,60,843,,
thumbnail 64px,80,1036,,
thumbnail 96px,30,898,,
thumbnail 96px,60,1192,,
thumbnail 96px,80,1642,,
thumbnail 128px,30,1160,,
thumbnail 128px,60,1761,,
thumbnail 128px,80,2584,,
whole tile,30,56974,27.784176273147697,
whole tile,40,69266,28.33772871741523,
whole tile,50,85231,29.241040179197526,
whole tile,60,90061,29.729155512727377,
whole tile,80,173703,38.26716684480396,
ROI mosaic x1.5,60,9648,,1.0
ROI mosaic x1.5,80,15013,,1.0
thumbnail 48px,30,666,,
thumbnail 48px,60,675,,
thumbnail 48px,80,687,,
thumbnail 64px,30,699,,
thumbnail 64px,60,708,,
thumbnail 64px,80,734,,
thumbnail 96px,30,787,,
thumbnail 96px,60,802,,
thumbnail 96px,80,870,,
thumbnail 128px,30,912,,
thumbnail 128px,60,939,,
thumbnail 128px,80,1175,,
whole tile,30,22114,37.080124579220424,
whole tile,40,27901,38.638507674875385,
whole tile,50,34695,40.00884273211586,
whole tile,60,36395,41.563780968033974,
whole tile,80,68037,48.388868631182504,
ROI mosaic x1.5,60,1255,,1.0
ROI mosaic x1.5,80,1605,,1.0
thumbnail 48px,30,852,,
thumbnail 48px,60,994,,
thumbnail 48px,80,1177,,
thumbnail 64px,30,1013,,
thumbnail 64px,60,1232,,
thumbnail 64px,80,1564,,
thumbnail 96px,30,1378,,
thumbnail 96px,60,1856,,
thumbnail 96px,80,2509,,
thumbnail 128px,30,1856,,
thumbnail 128px,60,2632,,
thumbnail 128px,80,3728,,
whole tile,30,46598,29.685969273932322,
whole tile,40,57100,30.255484775650423,
whole tile,50,70192,30.983629528756794,
whole tile,60,74315,31.385178254058076,
whole tile,80,147519,39.92668897911989,
ROI mosaic x1.5,60,1306,,2.0
ROI mosaic x1.5,80,1339,,2.0
thumbnail 48px,30,682,,
thumbnail 48px,60,726,,
thumbnail 48px,80,781,,
thumbnail 64px,30,727,,
thumbnail 64px,60,778,,
thumbnail 64px,80,866,,
thumbnail 96px,30,828,,
thumbnail 96px,60,917,,
thumbnail 96px,80,1103,,
thumbnail 128px,30,954,,
thumbnail 128px,60,1102,,
thumbnail 128px,80,1397,,
whole tile,30,15775,38.14527683955572,
whole tile,40,21677,39.446860177242534,
whole tile,50,28288,40.731266732449846,
whole tile,60,29652,41.98568368676544,
whole tile,80,60971,48.96163570860188,
ROI mosaic x1.5,60,673,,1.0
ROI mosaic x1.5,80,694,,1.0
thumbnail 48px,30,717,,
thumbnail 48px,60,774,,
thumbnail 48px,80,891,,
thumbnail 64px,30,785,,
thumbnail 64px,60,909,,
thumbnail 64px,80,1143,,
thumbnail 96px,30,975,,
thumbnail 96px,60,1370,,
thumbnail 96px,80,1913,,
thumbnail 128px,30,1416,,
thumbnail 128px,60,2121,,
thumbnail 128px,80,3136,,
whole tile,30,41004,36.16136018368131,
whole tile,40,47256,37.75269277596939,
whole tile,50,54515,39.26046615322855,
whole tile,60,57861,40.10097202422929,
whole tile,80,90614,46.070430266614046,
ROI mosaic x1.5,60,781,,1.0
ROI mosaic x1.5,80,843,,1.0
thumbnail 48px,30,666,,
thumbnail 48px,60,675,,
thumbnail 48px,80,692,,
thumbnail 64px,30,698,,
thumbnail 64px,60,704,,
thumbnail 64px,80,723,,
thumbnail 96px,30,788,,
thumbnail 96px,60,798,,
thumbnail 96px,80,854,,
thumbnail 128px,30,902,,
thumbnail 128px,60,917,,
thumbnail 128px,80,1042,,
whole tile,30,20917,38.54092784689748,
whole tile,40,26341,39.64864633018824,
whole tile,50,33325,41.203496022501355,
whole tile,60,34963,41.84971608479252,
whole tile,80,64124,48.25035949780797,
ROI mosaic x1.5,60,797,,1.0
ROI mosaic x1.5,80,879,,1.0
thumbnail 48px,30,678,,
thumbnail 48px,60,697,,
thumbnail 48px,80,738,,
thumbnail 64px,30,714,,
thumbnail 64px,60,743,,
thumbnail 64px,80,797,,
thumbnail 96px,30,811,,
thumbnail 96px,60,858,,
thumbnail 96px,80,975,,
thumbnail 128px,30,946,,
thumbnail 128px,60,1010,,
thumbnail 128px,80,1219,,
whole tile,30,11990,36.33148529585651,
whole tile,40,14944,36.717669586158856,
whole tile,50,19478,37.39457445383437,
whole tile,60,22630,37.69823036089076,
whole tile,80,75342,45.34335776601094,
ROI mosaic x1.5,60,663,,1.0
ROI mosaic x1.5,80,683,,1.0
thumbnail 48px,30,728,,
thumbnail 48px,60,831,,
thumbnail 48px,80,961,,
thumbnail 64px,30,844,,
thumbnail 64px,60,1028,,
thumbnail 64px,80,1282,,
thumbnail 96px,30,1202,,
thumbnail 96px,60,1649,,
thumbnail 96px,80,2322,,
thumbnail 128px,30,1756,,
thumbnail 128px,60,2637,,
thumbnail 128px,80,4286,,
whole tile,30,61170,33.7156879432975,
whole tile,40,69563,34.926370773813474,
whole tile,50,79682,36.25223836310604,
whole tile,60,85122,37.11119767776475,
whole tile,80,129174,44.020269339186285,
ROI mosaic x1.5,60,4314,,1.0
ROI mosaic x1.5,80,5798,,1.0
thumbnail 48px,30,712,,
thumbnail 48px,60,771,,
thumbnail 48px,80,886,,
thumbnail 64px,30,774,,
thumbnail 64px,60,885,,
thumbnail 64px,80,1065,,
thumbnail 96px,30,932,,
thumbnail 96px,60,1179,,
thumbnail 96px,80,1566,,
thumbnail 128px,30,1154,,
thumbnail 128px,60,1581,,
thumbnail 128px,80,2263,,
whole tile,30,19320,37.838271295845175,
whole tile,40,25178,38.97587208659319,
whole tile,50,31616,40.255480372118,
whole tile,60,33454,40.96034660159377,
whole tile,80,65581,47.21728297238417,
ROI mosaic x1.5,60,2650,,1.0
ROI mosaic x1.5,80,3844,,1.0
thumbnail 48px,30,667,,
thumbnail 48px,60,672,,
thumbnail 48px,80,687,,
thumbnail 64px,30,697,,
thumbnail 64px,60,703,,
thumbnail 64px,80,723,,
thumbnail 96px,30,781,,
thumbnail 96px,60,791,,
thumbnail 96px,80,830,,
thumbnail 128px,30,902,,
thumbnail 128px,60,920,,
thumbnail 128px,80,993,,
whole tile,30,13967,39.04838186782293,
whole tile,40,18375,40.25993342236944,
whole tile,50,24383,41.517346572029965,
whole tile,60,28331,41.96121169798276,
whole tile,80,55657,47.25084584804989,
ROI mosaic x1.5,60,641,,1.0
ROI mosaic x1.5,80,646,,1.0
thumbnail 48px,30,694,,
thumbnail 48px,60,725,,
thumbnail 48px,80,787,,
thumbnail 64px,30,742,,
thumbnail 64px,60,798,,
thumbnail 64px,80,894,,
thumbnail 96px,30,869,,
thumbnail 96px,60,956,,
thumbnail 96px,80,1137,,
thumbnail 128px,30,1043,,
thumbnail 128px,60,1192,,
thumbnail 128px,80,1525,,
whole tile,30,14611,35.578711695750414,
whole tile,40,18012,36.095389370620644,
whole tile,50,22780,36.86712514054584,
whole tile,60,26793,37.210417138878725,
whole tile,80,78957,44.58648599143867,
ROI mosaic x1.5,60,7280,,7.0
ROI mosaic x1.5,80,9559,,7.0
thumbnail 48px,30,669,,
thumbnail 48px,60,680,,
thumbnail 48px,80,710,,
thumbnail 64px,30,705,,
thumbnail 64px,60,723,,
thumbnail 64px,80,756,,
thumbnail 96px,30,800,,
thumbnail 96px,60,838,,
thumbnail 96px,80,907,,
thumbnail 128px,30,919,,
thumbnail 128px,60,961,,
thumbnail 128px,80,1077,,
whole tile,30,11384,36.14052489444556,
whole tile,40,14113,37.913103948113054,
whole tile,50,18822,39.43430696698641,
whole tile,60,20478,39.7746110462796,
whole tile,80,64954,47.26546312684909,
ROI mosaic x1.5,60,1994,,1.0
ROI mosaic x1.5,80,3112,,1.0
thumbnail 48px,30,674,,
thumbnail 48px,60,684,,
thumbnail 48px,80,717,,
thumbnail 64px,30,711,,
thumbnail 64px,60,723,,
thumbnail 64px,80,776,,
thumbnail 96px,30,804,,
thumbnail 96px,60,836,,
thumbnail 96px,80,932,,
thumbnail 128px,30,938,,
thumbnail 128px,60,977,,
thumbnail 128px,80,1193,,
whole tile,30,18189,34.46572031512315,
whole tile,40,24795,35.21476292080082,
whole tile,50,33646,35.8136951782976,
whole tile,60,35378,36.200738905721664,
whole tile,80,90204,44.64386335986695,
ROI mosaic x1.5,60,3106,,2.0
ROI mosaic x1.5,80,4294,,2.0
thumbnail 48px,30,692,,
thumbnail 48px,60,763,,
thumbnail 48px,80,898,,
thumbnail 64px,30,766,,
thumbnail 64px,60,927,,
thumbnail 64px,80,1251,,
thumbnail 96px,30,1074,,
thumbnail 96px,60,1624,,
thumbnail 96px,80,2472,,
thumbnail 128px,30,1734,,
thumbnail 128px,60,2825,,
thumbnail 128px,80,4405,,
whole tile,30,105482,23.568242091700682,
whole tile,40,123899,24.295136007371884,
whole tile,50,148390,25.53487002557819,
whole tile,60,157729,26.290429737781565,
whole tile,80,262137,34.09696579796747,
ROI mosaic x1.5,60,1248,,1.0
ROI mosaic x1.5,80,1550,,1.0
thumbnail 48px,30,753,,
thumbnail 48px,60,893,,
thumbnail 48px,80,1096,,
thumbnail 64px,30,890,,
thumbnail 64px,60,1141,,
thumbnail 64px,80,1561,,
thumbnail 96px,30,1364,,
thumbnail 96px,60,2116,,
thumbnail 96px,80,3257,,
thumbnail 128px,30,2259,,
thumbnail 128px,60,3747,,
thumbnail 128px,80,5906,,
whole tile,30,71013,31.36662100352404,
whole tile,40,82100,32.45790942958231,
whole tile,50,94583,33.58206083823539,
whole tile,60,102686,34.456184049003284,
whole tile,80,157048,39.9590267285166,
ROI mosaic x1.5,60,12893,,1.0
ROI mosaic x1.5,80,18183,,1.0
thumbnail 48px,30,688,,
thumbnail 48px,60,741,,
thumbnail 48px,80,823,,
thumbnail 64px,30,739,,
thumbnail 64px,60,826,,
thumbnail 64px,80,977,,
thumbnail 96px,30,869,,
thumbnail 96px,60,1101,,
thumbnail 96px,80,1559,,
thumbnail 128px,30,1095,,
thumbnail 128px,60,1638,,
thumbnail 128px,80,2708,,
whole tile,30,81393,25.38282491225384,
whole tile,40,97430,26.0588645890508,
whole tile,50,117138,27.180865454104406,
whole tile,60,123919,27.850217509322363,
whole tile,80,215767,35.97386930945374,
ROI mosaic x1.5,60,7392,,1.0
ROI mosaic x1.5,80,10892,,1.0
thumbnail 48px,30,666,,
thumbnail 48px,60,668,,
thumbnail 48px,80,687,,
thumbnail 64px,30,695,,
thumbnail 64px,60,701,,
thumbnail 64px,80,740,,
thumbnail 96px,30,781,,
thumbnail 96px,60,836,,
thumbnail 96px,80,1106,,
thumbnail 128px,30,913,,
thumbnail 128px,60,1112,,
thumbnail 128px,80,1681,,
whole tile,30,19224,37.30953224653634,
whole tile,40,24620,38.7555539827245,
whole tile,50,30799,39.56717140990701,
whole tile,60,36505,40.1271927529573,
whole tile,80,68702,44.138595871042774,
ROI mosaic x1.5,60,676,,1.0
ROI mosaic x1.5,80,697,,1.0
thumbnail 48px,30,663,,
thumbnail 48px,60,664,,
thumbnail 48px,80,666,,
thumbnail 64px,30,691,,
thumbnail 64px,60,692,,
thumbnail 64px,80,698,,
thumbnail 96px,30,771,,
thumbnail 96px,60,776,,
thumbnail 96px,80,780,,
thumbnail 128px,30,883,,
thumbnail 128px,60,895,,
thumbnail 128px,80,903,,
whole tile,30,9977,39.529463352232064,
whole tile,40,10430,41.030827818633426,
whole tile,50,10116,45.15646016854263,
whole tile,60,11268,45.96831874162109,
whole tile,80,30933,52.42654602768596,
ROI mosaic x1.5,60,1351,,2.0
ROI mosaic x1.5,80,1415,,2.0
thumbnail 48px,30,664,,
thumbnail 48px,60,676,,
thumbnail 48px,80,691,,
thumbnail 64px,30,693,,
thumbnail 64px,60,706,,
thumbnail 64px,80,736,,
thumbnail 96px,30,776,,
thumbnail 96px,60,791,,
thumbnail 96px,80,845,,
thumbnail 128px,30,891,,
thumbnail 128px,60,913,,
thumbnail 128px,80,1018,,
whole tile,30,15385,38.42652568282935,
whole tile,40,21143,39.88205990222908,
whole tile,50,27790,40.590403987125555,
whole tile,60,29035,41.42352027942911,
whole tile,80,60099,48.999491929319596,
ROI mosaic x1.5,60,2778,,4.0
ROI mosaic x1.5,80,2934,,4.0
thumbnail 48px,30,670,,
thumbnail 48px,60,682,,
thumbnail 48px,80,698,,
thumbnail 64px,30,705,,
thumbnail 64px,60,719,,
thumbnail 64px,80,734,,
thumbnail 96px,30,793,,
thumbnail 96px,60,820,,
thumbnail 96px,80,868,,
thumbnail 128px,30,915,,
thumbnail 128px,60,943,,
thumbnail 128px,80,1018,,
whole tile,30,10719,43.677753493272675,
whole tile,40,10752,43.15686278004077,
whole tile,50,11080,45.57640663317499,
whole tile,60,11957,43.78722822581673,
whole tile,80,24502,51.46829062126671,
ROI mosaic x1.5,60,2725,,3.0
ROI mosaic x1.5,80,3194,,3.0
thumbnail 48px,30,668,,
thumbnail 48px,60,694,,
thumbnail 48px,80,762,,
thumbnail 64px,30,704,,
thumbnail 64px,60,757,,
thumbnail 64px,80,931,,
thumbnail 96px,30,804,,
thumbnail 96px,60,1070,,
thumbnail 96px,80,1650,,
thumbnail 128px,30,1087,,
thumbnail 128px,60,1821,,
thumbnail 128px,80,2904,,
whole tile,30,38054,36.821798747986264,
whole tile,40,43984,37.8957989656968,
whole tile,50,51128,39.1302449033764,
whole tile,60,54178,40.385710429513786,
whole tile,80,86346,46.48859341748552,
ROI mosaic x1.5,60,659,,1.0
ROI mosaic x1.5,80,675,,1.0
thumbnail 48px,30,720,,
thumbnail 48px,60,768,,
thumbnail 48px,80,852,,
thumbnail 64px,30,786,,
thumbnail 64px,60,873,,
thumbnail 64px,80,988,,
thumbnail 96px,30,924,,
thumbnail 96px,60,1036,,
thumbnail 96px,80,1240,,
thumbnail 128px,30,1103,,
thumbnail 128px,60,1318,,
thumbnail 128px,80,1672,,
whole tile,30,17245,38.292762983074425,
whole tile,40,22826,39.0463213490641,
whole tile,50,29086,40.59526705236918,
whole tile,60,31495,41.31933964695375,
whole tile,80,59205,46.91093197782381,
ROI mosaic x1.5,60,2352,,2.0
ROI mosaic x1.5,80,2957,,2.0
thumbnail 48px,30,680,,
thumbnail 48px,60,731,,
thumbnail 48px,80,840,,
thumbnail 64px,30,720,,
thumbnail 64px,60,859,,
thumbnail 64px,80,1095,,
thumbnail 96px,30,938,,
thumbnail 96px,60,1394,,
thumbnail 96px,80,2228,,
thumbnail 128px,30,1438,,
thumbnail 128px,60,2693,,
thumbnail 128px,80,4375,,
whole tile,30,62747,33.71090354953739,
whole tile,40,70965,34.861537614517566,
whole tile,50,81218,36.20448430039768,
whole tile,60,86803,36.95272791756174,
whole tile,80,132413,43.7734222753718,
ROI mosaic x1.5,60,866,,1.0
ROI mosaic x1.5,80,966,,1.0
thumbnail 48px,30,674,,
thumbnail 48px,60,694,,
thumbnail 48px,80,725,,
thumbnail 64px,30,704,,
thumbnail 64px,60,729,,
thumbnail 64px,80,775,,
thumbnail 96px,30,797,,
thumbnail 96px,60,838,,
thumbnail 96px,80,936,,
thumbnail 128px,30,922,,
thumbnail 128px,60,988,,
thumbnail 128px,80,1160,,
whole tile,30,13816,39.05917873152974,
whole tile,40,18382,39.83485215337321,
whole tile,50,24542,40.846256722455536,
whole tile,60,28078,42.080101064054,
whole tile,80,57682,47.24840539700337,
ROI mosaic x1.5,60,785,,1.0
ROI mosaic x1.5,80,855,,1.0
